site_id,year,igbp,data_hub,NEE_VUT,joint_VUT,NEE_CUT,joint_CUT,diff,abs_diff,diff_joint,smaller_than_joint,sign_vut,sign_cut,sign_differs
AR-CCa,2013,CRO,AmeriFlux,-418.03,6.3207700000000004,-414.669,7.13296,-3.36099999999999,3.36099999999999,9.530543098611957,TRUE,-1,-1,FALSE
AR-CCa,2017,CRO,AmeriFlux,-212.893,71.7028,-199.548,10.5954,-13.344999999999999,13.344999999999999,72.48140471182937,TRUE,-1,-1,FALSE
AR-CCa,2018,CRO,AmeriFlux,42.2718,106.87,56.0742,18.8752,-13.802399999999999,13.802399999999999,108.5240529792359,TRUE,1,1,FALSE
AR-CCa,2019,CRO,AmeriFlux,-363.861,48.949,-355.242,9.95595,-8.618999999999971,8.618999999999971,49.95123163048635,TRUE,-1,-1,FALSE
AR-CCa,2020,CRO,AmeriFlux,-211.327,10.3836,-207.62,13.7886,-3.7069999999999936,3.7069999999999936,17.261072936523963,TRUE,-1,-1,FALSE
AR-CCg,2019,GRA,AmeriFlux,-53.8944,11.4316,-67.9256,19.5906,14.031200000000005,14.031200000000005,22.681999182611747,TRUE,-1,-1,FALSE
AR-CCg,2020,GRA,AmeriFlux,-304.962,22.493,-287.383,24.798,-17.579000000000008,17.579000000000008,33.4794840611381,TRUE,-1,-1,FALSE
AR-CCg,2021,GRA,AmeriFlux,148.187,64.0816,136.938,56.6303,11.249000000000024,11.249000000000024,85.51866659770836,TRUE,1,1,FALSE
AR-TF1,2017,WET,AmeriFlux,-69.2258,4.14062,-69.2149,4.14324,-0.010900000000006571,0.010900000000006571,5.857573873371124,TRUE,-1,-1,FALSE
AR-TF2,2017,WET,AmeriFlux,-7.49191,12.4543,-8.38857,12.4525,0.8966599999999998,0.8966599999999998,17.611767223649082,TRUE,-1,-1,FALSE
AT-Mmg,2022,ENF,ICOS,-219.08,132.133,-213.985,113.296,-5.094999999999999,5.094999999999999,174.05491462466668,TRUE,-1,-1,FALSE
AT-Mmg,2023,ENF,ICOS,-236.586,101.973,-297.349,113.231,60.76299999999998,60.76299999999998,152.38028773433916,TRUE,-1,-1,FALSE
AT-Mmg,2024,ENF,ICOS,-115.008,84.3501,-215.316,118.826,100.308,100.308,145.72082090768635,TRUE,-1,-1,FALSE
AT-Neu,2002,GRA,ICOS,326.585,65.4136,387.113,51.9803,-60.52800000000002,60.52800000000002,83.55172441697418,TRUE,1,1,FALSE
AT-Neu,2003,GRA,ICOS,204.178,32.0122,209.438,42.8122,-5.259999999999991,5.259999999999991,53.4571362652359,TRUE,1,1,FALSE
AT-Neu,2004,GRA,ICOS,255.002,21.1309,268.9,40.9031,-13.897999999999968,13.897999999999968,46.038880573054776,TRUE,1,1,FALSE
AT-Neu,2005,GRA,ICOS,260.447,30.1056,283.735,29.3099,-23.28800000000001,23.28800000000001,42.016870294799446,TRUE,1,1,FALSE
AT-Neu,2006,GRA,ICOS,183.654,16.236,178.314,96.9446,5.340000000000003,5.340000000000003,98.29477689663881,TRUE,1,1,FALSE
AT-Neu,2007,GRA,ICOS,215.079,84.7387,232.299,93.9366,-17.22,17.22,126.50981028066558,TRUE,1,1,FALSE
AT-Neu,2008,GRA,ICOS,463.086,46.6409,422.936,41.0351,40.150000000000034,40.150000000000034,62.12288615977207,TRUE,1,1,FALSE
AT-Neu,2009,GRA,ICOS,582.776,44.5144,629.958,47.8466,-47.182000000000016,47.182000000000016,65.35157946767622,TRUE,1,1,FALSE
AT-Neu,2010,GRA,ICOS,358.625,15.9826,371.722,49.348,-13.09699999999998,13.09699999999998,51.8716551380424,TRUE,1,1,FALSE
AT-Neu,2011,GRA,ICOS,567.984,66.2589,624.949,72.7346,-56.96499999999992,56.96499999999992,98.38985652174719,TRUE,1,1,FALSE
AT-Neu,2012,GRA,ICOS,477.661,46.3166,524.458,51.4502,-46.79699999999997,46.79699999999997,69.22680489232478,TRUE,1,1,FALSE
AT-Neu,2013,GRA,ICOS,326.489,18.0596,328.617,28.503,-2.1280000000000427,2.1280000000000427,33.742705302924364,TRUE,1,1,FALSE
AT-Neu,2014,GRA,ICOS,433.926,34.4435,433.78,50.9576,0.146000000000015,0.146000000000015,61.50635487500458,TRUE,1,1,FALSE
AT-Neu,2015,GRA,ICOS,677.735,63.3735,664.747,78.42,12.988000000000056,12.988000000000056,100.82607253210848,TRUE,1,1,FALSE
AT-Neu,2016,GRA,ICOS,755.288,52.4406,737.768,71.9757,17.519999999999982,17.519999999999982,89.05345540095567,TRUE,1,1,FALSE
AT-Neu,2017,GRA,ICOS,647.039,32.0376,649.386,33.8111,-2.34699999999998,2.34699999999998,46.578946928521255,TRUE,1,1,FALSE
AT-Neu,2018,GRA,ICOS,883.203,58.0771,883.298,35.7039,-0.09500000000002728,0.09500000000002728,68.17417413962563,TRUE,1,1,FALSE
AT-Neu,2019,GRA,ICOS,1026.72,108.379,837.453,177.503,189.26700000000005,189.26700000000005,207.9743317094684,TRUE,1,1,FALSE
AT-Neu,2020,GRA,ICOS,696.599,95.2038,627.487,91.4538,69.11200000000008,69.11200000000008,132.0134882081373,TRUE,1,1,FALSE
AT-Nsd,2019,WET,ICOS,191.629,11.0121,196.097,9.54147,-4.468000000000018,4.468000000000018,14.570723941208275,TRUE,1,1,FALSE
AT-Nsd,2020,WET,ICOS,160.22,4.9821,157.743,5.1452,2.477000000000004,2.477000000000004,7.162011131658481,TRUE,1,1,FALSE
AT-Nsd,2021,WET,ICOS,32.0196,30.2819,21.4131,33.8212,10.606499999999997,10.606499999999997,45.39677342113644,TRUE,1,1,FALSE
AT-Nsd,2022,WET,ICOS,399.788,21.3959,392.464,25.4712,7.324000000000012,7.324000000000012,33.265095314007446,TRUE,1,1,FALSE
AT-PsM,2016,WET,ICOS,-38.2012,33.8895,-63.725,36.3459,25.5238,25.5238,49.694291996767596,TRUE,-1,-1,FALSE
AT-PsM,2017,WET,ICOS,-43.148,12.8251,-43.8252,13.1217,0.6771999999999991,0.6771999999999991,18.34835689918855,TRUE,-1,-1,FALSE
AT-PsM,2018,WET,ICOS,104.391,43.8639,116.807,43.0391,-12.415999999999997,12.415999999999997,61.45246823374957,TRUE,1,1,FALSE
AT-PsM,2019,WET,ICOS,210.275,11.1055,210.537,18.2833,-0.26200000000000045,0.26200000000000045,21.391848661113887,TRUE,1,1,FALSE
AT-Zoe,2022,MF,ICOS,-694.874,52.7104,-700.515,72.7444,5.640999999999963,5.640999999999963,89.83392454702177,TRUE,-1,-1,FALSE
AT-Zoe,2023,MF,ICOS,-553.235,56.9163,-553.369,49.0046,0.13400000000001455,0.13400000000001455,75.10603189391648,TRUE,-1,-1,FALSE
AU-APL,2018,WET,TERN,-350.184,8.89044,-356.539,10.5409,6.354999999999961,6.354999999999961,13.789506742577851,TRUE,-1,-1,FALSE
AU-APL,2019,WET,TERN,-339.282,22.0681,-323.081,28.7421,-16.200999999999965,16.200999999999965,36.236850718846966,TRUE,-1,-1,FALSE
AU-APL,2020,WET,TERN,-420.155,22.8704,-398.249,21.99,-21.90599999999995,21.90599999999995,31.72720120275345,TRUE,-1,-1,FALSE
AU-APL,2021,WET,TERN,-400.526,26.018,-404.327,22.8107,3.8009999999999877,3.8009999999999877,34.6015080378009,TRUE,-1,-1,FALSE
AU-ASM,2011,SAV,TERN,-167.566,4.50003,-165.418,4.52705,-2.147999999999996,2.147999999999996,6.3831380764793115,TRUE,-1,-1,FALSE
AU-ASM,2012,SAV,TERN,11.2421,2.45186,11.2624,2.61108,-0.020299999999998875,0.020299999999998875,3.581809071684307,TRUE,1,1,FALSE
AU-ASM,2013,SAV,TERN,-20.4599,2.74699,-22.4705,3.18772,2.0106,2.0106,4.208029569584795,TRUE,-1,-1,FALSE
AU-ASM,2014,SAV,TERN,-48.0011,3.64859,-48.3468,5.06894,0.3457000000000008,0.3457000000000008,6.245507322203697,TRUE,-1,-1,FALSE
AU-ASM,2015,SAV,TERN,-78.0134,5.2637,-78.0134,5.24294,0,0,7.429330894071148,TRUE,-1,-1,FALSE
AU-ASM,2016,SAV,TERN,-54.4633,5.26239,-54.445,6.81592,-0.01829999999999643,0.01829999999999643,8.611011204179217,TRUE,-1,-1,FALSE
AU-ASM,2017,SAV,TERN,-254.755,3.47932,-253.714,3.35079,-1.0409999999999968,1.0409999999999968,4.830472159789351,TRUE,-1,-1,FALSE
AU-ASM,2018,SAV,TERN,0.625349,2.26628,-0.0535714,4.68007,0.6789204000000001,0.6789204000000001,5.199911561103708,TRUE,1,-1,TRUE
AU-ASM,2019,SAV,TERN,-27.6447,1.41752,-28.6988,1.41446,1.0540999999999983,1.0540999999999983,2.0025134311659434,TRUE,-1,-1,FALSE
AU-ASM,2020,SAV,TERN,-43.211,2.96666,-41.9241,3.7627,-1.2868999999999957,1.2868999999999957,4.791553281097895,TRUE,-1,-1,FALSE
AU-ASM,2025,SAV,TERN,-314.394,4.86016,-311.867,3.41199,-2.526999999999987,2.526999999999987,5.938251509131286,TRUE,-1,-1,FALSE
AU-Ade,2008,WSA,TERN,-282.266,12.4925,-282.274,12.457,0.007999999999981355,0.007999999999981355,17.641978495905725,TRUE,-1,-1,FALSE
AU-Boy,2018,EBF,TERN,-157.016,6.02269,-159.674,6.58036,2.6580000000000155,2.6580000000000155,8.920422219026406,TRUE,-1,-1,FALSE
AU-Boy,2020,EBF,TERN,-298.532,6.09539,-298.07,6.72561,-0.4619999999999891,0.4619999999999891,9.076762039637263,TRUE,-1,-1,FALSE
AU-Boy,2021,EBF,TERN,-457.063,15.8939,-457.101,16.0876,0.038000000000010914,0.038000000000010914,22.614750296432636,TRUE,-1,-1,FALSE
AU-Boy,2022,EBF,TERN,-530.046,14.0975,-535.381,12.9885,5.334999999999923,5.334999999999923,19.168741181934717,TRUE,-1,-1,FALSE
AU-Boy,2023,EBF,TERN,-510.305,27.7167,-498.145,22.884,-12.160000000000025,12.160000000000025,35.94291188662933,TRUE,-1,-1,FALSE
AU-Boy,2024,EBF,TERN,-408.196,9.0687,-408.226,9.70196,0.029999999999972715,0.029999999999972715,13.280412174763251,TRUE,-1,-1,FALSE
AU-Cow,2010,EBF,TERN,-612.524,43.9463,-612.642,29.717,0.11800000000005184,0.11800000000005184,53.050705675702375,TRUE,-1,-1,FALSE
AU-Cow,2011,EBF,TERN,-285.769,63.0964,-293.106,68.0713,7.336999999999989,7.336999999999989,92.81625707089249,TRUE,-1,-1,FALSE
AU-Cow,2012,EBF,TERN,-577.086,32.3428,-570.971,49.2835,-6.115000000000009,6.115000000000009,58.94845277095913,TRUE,-1,-1,FALSE
AU-Cow,2013,EBF,TERN,-903.837,81.0216,-903.765,81.6482,-0.07200000000000273,0.07200000000000273,115.02577202435984,TRUE,-1,-1,FALSE
AU-Cow,2014,EBF,TERN,-408.574,29.3462,-413.226,29.9156,4.651999999999987,4.651999999999987,41.906354861762914,TRUE,-1,-1,FALSE
AU-Cow,2015,EBF,TERN,-312.567,98.0592,-289.862,92.8471,-22.704999999999984,22.704999999999984,135.04144061379824,TRUE,-1,-1,FALSE
AU-Cow,2016,EBF,TERN,-819.788,118.802,-818.537,117.783,-1.2509999999999764,1.2509999999999764,167.2924095498657,TRUE,-1,-1,FALSE
AU-Cow,2017,EBF,TERN,-1385.78,62.0112,-1390.33,60.1047,4.5499999999999545,4.5499999999999545,86.35950374758994,TRUE,-1,-1,FALSE
AU-Cow,2018,EBF,TERN,-1425.86,31.1433,-1429.52,32.4602,3.660000000000082,3.660000000000082,44.98410518094141,TRUE,-1,-1,FALSE
AU-Cow,2019,EBF,TERN,-932.97,138.749,-952.993,134.606,20.023000000000025,20.023000000000025,193.3133731457811,TRUE,-1,-1,FALSE
AU-Cow,2021,EBF,TERN,-868.816,53.53,-874.373,54.7912,5.557000000000016,5.557000000000016,76.59984658888033,TRUE,-1,-1,FALSE
AU-Cow,2022,EBF,TERN,-913.252,37.4374,-905.57,40.9635,-7.681999999999903,7.681999999999903,55.49384876731835,TRUE,-1,-1,FALSE
AU-Cow,2024,EBF,TERN,-383.504,97.27,-406.761,95.2388,23.257000000000005,23.257000000000005,136.13185492543616,TRUE,-1,-1,FALSE
AU-Cpr,2011,WSA,TERN,-250.838,4.02145,-252.918,3.8695,2.0800000000000125,2.0800000000000125,5.580778651093412,TRUE,-1,-1,FALSE
AU-Cpr,2012,WSA,TERN,-234.151,3.42065,-236.571,3.44574,2.4199999999999875,2.4199999999999875,4.855303344807614,TRUE,-1,-1,FALSE
AU-Cpr,2013,WSA,TERN,-111.191,3.76433,-111.301,2.89696,0.10999999999999943,0.10999999999999943,4.750006062154026,TRUE,-1,-1,FALSE
AU-Cpr,2015,WSA,TERN,-59.4968,2.37391,-59.3535,2.44706,-0.14330000000000354,0.14330000000000354,3.4093329746007504,TRUE,-1,-1,FALSE
AU-Cpr,2016,WSA,TERN,-70.8253,3.1982,-72.5048,3.16625,1.6795000000000044,1.6795000000000044,4.500402460058433,TRUE,-1,-1,FALSE
AU-Cpr,2017,WSA,TERN,-143.237,2.7023,-143.536,2.59056,0.2990000000000066,0.2990000000000066,3.7434511354631037,TRUE,-1,-1,FALSE
AU-Cpr,2018,WSA,TERN,-96.7418,2.63345,-98.0388,2.7517,1.296999999999997,1.296999999999997,3.80879400762236,TRUE,-1,-1,FALSE
AU-Cpr,2019,WSA,TERN,-85.7062,3.71503,-87.1755,3.5247,1.469300000000004,1.469300000000004,5.12103095000411,TRUE,-1,-1,FALSE
AU-Cpr,2020,WSA,TERN,-209.868,2.71056,-209.86,2.7864,-0.007999999999981355,0.007999999999981355,3.887307612422768,TRUE,-1,-1,FALSE
AU-Cpr,2021,WSA,TERN,-379.871,2.62459,-379.871,2.73002,0,0,3.787014902069967,TRUE,-1,-1,FALSE
AU-Cpr,2023,WSA,TERN,-365.146,3.89556,-365.159,3.5576,0.012999999999976808,0.012999999999976808,5.275595271966947,TRUE,-1,-1,FALSE
AU-Cpr,2024,WSA,TERN,-346.117,3.7313,-345.214,3.60923,-0.90300000000002,0.90300000000002,5.19125619507456,TRUE,-1,-1,FALSE
AU-Cpr,2025,WSA,TERN,-351.393,4.19033,-349.676,3.4725,-1.7169999999999845,1.7169999999999845,5.442161496951373,TRUE,-1,-1,FALSE
AU-Ctr,2010,EBF,TERN,95.8444,31.5584,124.79,38.3743,-28.945600000000013,28.945600000000013,49.68419780020605,TRUE,1,1,FALSE
AU-Ctr,2011,EBF,TERN,71.8804,81.344,3.65658,117.022,68.22381999999999,68.22381999999999,142.51664751880742,TRUE,1,1,FALSE
AU-Ctr,2012,EBF,TERN,273.536,192.285,92.531,182.794,181.005,181.005,265.30580027771725,TRUE,1,1,FALSE
AU-Ctr,2013,EBF,TERN,450.898,177.46,462.154,177.967,-11.255999999999972,11.255999999999972,251.32509761064455,TRUE,1,1,FALSE
AU-Ctr,2015,EBF,TERN,-38.0571,181.465,53.0442,212.442,-91.1013,91.1013,279.3942547530282,TRUE,-1,1,TRUE
AU-Ctr,2016,EBF,TERN,91.5962,122.555,227.731,159.325,-136.13479999999998,136.13479999999998,201.00791937135213,TRUE,1,1,FALSE
AU-Ctr,2017,EBF,TERN,-114.915,229.356,-114.573,267.883,-0.34200000000001296,0.34200000000001296,352.65489706652306,TRUE,-1,-1,FALSE
AU-Cum,2014,EBF,TERN,-121.456,17.5001,-121.408,17.6206,-0.04800000000000182,0.04800000000000182,24.834231302176438,TRUE,-1,-1,FALSE
AU-Cum,2015,EBF,TERN,-190.772,28.7977,-214.846,36.5916,24.074000000000012,24.074000000000012,46.56450059702133,TRUE,-1,-1,FALSE
AU-Cum,2016,EBF,TERN,-383.246,22.7236,-393.234,24.2974,9.988,9.988,33.26748628495997,TRUE,-1,-1,FALSE
AU-Cum,2017,EBF,TERN,-172.056,26.9404,-172.076,26.9169,0.01999999999998181,0.01999999999998181,38.08286567171646,TRUE,-1,-1,FALSE
AU-Cum,2018,EBF,TERN,-73.959,21.7789,-73.959,18.2987,0,0,28.44578891329963,TRUE,-1,-1,FALSE
AU-Cum,2019,EBF,TERN,-363.445,16.7966,-363.445,12.357,0,0,20.852367265133232,TRUE,-1,-1,FALSE
AU-Cum,2020,EBF,TERN,-329.047,24.1411,-329.047,25.6386,0,0,35.21548692223352,TRUE,-1,-1,FALSE
AU-Cum,2021,EBF,TERN,-392.224,25.0664,-392.224,24.9745,0,0,35.38431939729801,TRUE,-1,-1,FALSE
AU-Cum,2022,EBF,TERN,-563.757,19.7149,-563.757,19.7149,0,0,27.88107896082933,TRUE,-1,-1,FALSE
AU-Cum,2023,EBF,TERN,-602.364,11.7664,-602.364,11.7734,0,0,16.64515294372509,TRUE,-1,-1,FALSE
AU-Cum,2024,EBF,TERN,-490.665,14.8286,-490.555,14.7783,-0.11000000000001364,0.11000000000001364,20.935269973181622,TRUE,-1,-1,FALSE
AU-Cum,2025,EBF,TERN,-438.469,12.6813,-424.938,14.918,-13.531000000000006,13.531000000000006,19.579634666918583,TRUE,-1,-1,FALSE
AU-DaP,2008,GRA,TERN,-322.263,60.106,-357.017,53.8268,34.75400000000002,34.75400000000002,80.68491577884927,TRUE,-1,-1,FALSE
AU-DaP,2009,GRA,TERN,-117.423,67.7065,-179.983,65.4402,62.56,62.56,94.16257174849251,TRUE,-1,-1,FALSE
AU-DaP,2010,GRA,TERN,-84.31,62.8421,-106.183,77.1177,21.873000000000005,21.873000000000005,99.47999389676298,TRUE,-1,-1,FALSE
AU-DaP,2011,GRA,TERN,-402.128,29.7891,-384.308,26.1904,-17.819999999999993,17.819999999999993,39.665192940032455,TRUE,-1,-1,FALSE
AU-DaS,2008,WSA,TERN,-220.307,10.7143,-205.356,15.0679,-14.950999999999993,14.950999999999993,18.488857046880966,TRUE,-1,-1,FALSE
AU-DaS,2009,WSA,TERN,-151.48,23.5718,-153.936,32.0052,2.4560000000000173,2.4560000000000173,39.74874315346336,TRUE,-1,-1,FALSE
AU-DaS,2010,WSA,TERN,-240.124,54.6237,-214.629,50.7993,-25.495000000000005,25.495000000000005,74.59435288398177,TRUE,-1,-1,FALSE
AU-DaS,2012,WSA,TERN,-223.891,21.7163,-232.752,60.5523,8.861000000000018,8.861000000000018,64.3286772829972,TRUE,-1,-1,FALSE
AU-DaS,2013,WSA,TERN,-338.448,24.9355,-333.002,54.8526,-5.4459999999999695,5.4459999999999695,60.25435160227019,TRUE,-1,-1,FALSE
AU-DaS,2014,WSA,TERN,-415.405,23.9165,-388.982,31.8649,-26.422999999999945,26.422999999999945,39.84182255193655,TRUE,-1,-1,FALSE
AU-DaS,2015,WSA,TERN,-474.886,21.2473,-513.658,22.8207,38.77199999999999,38.77199999999999,31.180636712228953,FALSE,-1,-1,FALSE
AU-DaS,2016,WSA,TERN,-467.197,85.3373,-377.935,87.3997,-89.262,89.262,122.1522096868493,TRUE,-1,-1,FALSE
AU-DaS,2017,WSA,TERN,-520.397,42.9293,-472.54,80.7372,-47.85700000000003,47.85700000000003,91.44080195585558,TRUE,-1,-1,FALSE
AU-DaS,2018,WSA,TERN,-556.851,38.3463,-647.391,48.2676,90.53999999999996,90.53999999999996,61.64576168277913,FALSE,-1,-1,FALSE
AU-DaS,2019,WSA,TERN,-576.937,23.5685,-563.913,26.3984,-13.024000000000001,13.024000000000001,35.38855344330989,TRUE,-1,-1,FALSE
AU-DaS,2020,WSA,TERN,-466.288,44.2893,-424.565,56.2977,-41.72300000000001,41.72300000000001,71.63081124613905,TRUE,-1,-1,FALSE
AU-DaS,2021,WSA,TERN,-640.997,45.0565,-620.697,57.2252,-20.299999999999955,20.299999999999955,72.83413833697767,TRUE,-1,-1,FALSE
AU-DaS,2024,WSA,TERN,-265.042,13.8776,-119.87,118.931,-145.17199999999997,145.17199999999997,119.73792441311149,FALSE,-1,-1,FALSE
AU-DaS,2025,WSA,TERN,-491.323,16.0507,-437.4,63.4275,-53.923,53.923,65.4268501973005,TRUE,-1,-1,FALSE
AU-Dry,2010,WSA,TERN,-309.76,12.0141,-316.177,11.8229,6.41700000000003,6.41700000000003,16.85584655898362,TRUE,-1,-1,FALSE
AU-Dry,2012,WSA,TERN,-338.576,12.9928,-332.994,12.6019,-5.581999999999994,5.581999999999994,18.100296556962817,TRUE,-1,-1,FALSE
AU-Dry,2014,WSA,TERN,-290.669,39.9396,-312.318,39.2293,21.649,21.649,55.98311912219611,TRUE,-1,-1,FALSE
AU-Dry,2018,WSA,TERN,-295.798,10.0306,-287.811,13.1676,-7.987000000000023,7.987000000000023,16.552903857631748,TRUE,-1,-1,FALSE
AU-Dry,2019,WSA,TERN,-317.705,5.90607,-309.088,9.90949,-8.616999999999962,8.616999999999962,11.536015555858096,TRUE,-1,-1,FALSE
AU-Dry,2020,WSA,TERN,-402.096,13.4391,-395.186,16.7598,-6.910000000000025,6.910000000000025,21.482558154232937,TRUE,-1,-1,FALSE
AU-Dry,2022,WSA,TERN,-585.238,7.88024,-584.244,20.2395,-0.9940000000000282,0.9940000000000282,21.71947381286204,TRUE,-1,-1,FALSE
AU-Dry,2023,WSA,TERN,-543.279,26.2558,-535.747,14.1394,-7.532000000000039,7.532000000000039,29.820960179041855,TRUE,-1,-1,FALSE
AU-Dry,2024,WSA,TERN,-506.31,28.1314,-523.025,26.0302,16.714999999999975,16.714999999999975,38.32684409131542,TRUE,-1,-1,FALSE
AU-Emr,2012,GRA,TERN,23.3738,5.95256,23.4161,5.92582,-0.04230000000000089,0.04230000000000089,8.399304329883517,TRUE,1,1,FALSE
AU-Emr,2013,GRA,TERN,79.5418,4.03781,78.6913,4.02996,0.8504999999999967,0.8504999999999967,5.7047775765317965,TRUE,1,1,FALSE
AU-Fle,2023,WSA,TERN,-488.006,18.2345,-488.006,18.1793,0,0,25.748474493453006,TRUE,-1,-1,FALSE
AU-Fle,2024,WSA,TERN,-413.318,27.5673,-413.318,27.5442,0,0,38.969718794597426,TRUE,-1,-1,FALSE
AU-Fle,2025,WSA,TERN,-422.542,35.3148,-422.542,46.5293,0,0,58.41327638071674,TRUE,-1,-1,FALSE
AU-Fog,2007,GRA,TERN,-483.152,10.3235,-483.152,10.3093,0,0,14.58959625006806,TRUE,-1,-1,FALSE
AU-GWW,2013,EBF,TERN,-154.909,2.90596,-155.742,2.896,0.8329999999999984,0.8329999999999984,4.102611305205502,TRUE,-1,-1,FALSE
AU-GWW,2014,EBF,TERN,-170.041,4.09014,-170.587,5.09992,0.5459999999999923,0.5459999999999923,6.53746351622707,TRUE,-1,-1,FALSE
AU-GWW,2015,EBF,TERN,-45.2796,9.35766,-43.9172,10.0808,-1.362400000000001,1.362400000000001,13.754574850412498,TRUE,-1,-1,FALSE
AU-GWW,2016,EBF,TERN,-38.118,2.31197,-37.8852,2.94903,-0.23280000000000456,0.23280000000000456,3.7472634310653956,TRUE,-1,-1,FALSE
AU-GWW,2017,EBF,TERN,-27.9125,3.71098,-25.7813,4.18014,-2.1311999999999998,2.1311999999999998,5.589717611829778,TRUE,-1,-1,FALSE
AU-GWW,2018,EBF,TERN,-45.2948,5.1551,-45.1399,4.89906,-0.15490000000000492,0.15490000000000492,7.11166962770347,TRUE,-1,-1,FALSE
AU-GWW,2019,EBF,TERN,-207.496,20.4065,-207.506,21.3944,0.009999999999990905,0.009999999999990905,29.56595328430998,TRUE,-1,-1,FALSE
AU-GWW,2020,EBF,TERN,-426.328,6.60132,-424.594,7.07322,-1.7339999999999804,1.7339999999999804,9.675115860329528,TRUE,-1,-1,FALSE
AU-GWW,2021,EBF,TERN,-435.971,8.29125,-433.057,6.87122,-2.9139999999999873,2.9139999999999873,10.768402427978813,TRUE,-1,-1,FALSE
AU-GWW,2023,EBF,TERN,-521.88,7.79503,-520.935,5.30227,-0.94500000000005,0.94500000000005,9.427436547322925,TRUE,-1,-1,FALSE
AU-GWW,2024,EBF,TERN,-407.874,4.62918,-405.766,3.72808,-2.108000000000004,2.108000000000004,5.943726773565555,TRUE,-1,-1,FALSE
AU-Gin,2013,EBF,TERN,-262.004,8.60627,-261.803,9.49139,-0.20100000000002183,0.20100000000002183,12.812274093423072,TRUE,-1,-1,FALSE
AU-Gin,2014,EBF,TERN,-337.123,7.06252,-342.142,5.62355,5.0190000000000055,5.0190000000000055,9.027929073320193,TRUE,-1,-1,FALSE
AU-Gin,2015,EBF,TERN,-405.35,15.7571,-405.434,16.3674,0.08400000000000318,0.08400000000000318,22.71955068151657,TRUE,-1,-1,FALSE
AU-Gin,2016,EBF,TERN,-226.451,10.2593,-208.793,12.0898,-17.657999999999987,17.657999999999987,15.856118709507696,FALSE,-1,-1,FALSE
AU-Gin,2017,EBF,TERN,-435.031,17.3607,-456.214,17.3344,21.182999999999993,21.182999999999993,24.533147532471247,TRUE,-1,-1,FALSE
AU-Gin,2018,EBF,TERN,-534.423,12.4127,-539.1,19.5854,4.677000000000021,4.677000000000021,23.187561632263105,TRUE,-1,-1,FALSE
AU-Gin,2019,EBF,TERN,-412.189,8.15112,-412.528,11.592,0.33899999999999864,0.33899999999999864,14.17092873648019,TRUE,-1,-1,FALSE
AU-Gin,2020,EBF,TERN,-359.122,8.79242,-358.96,10.6826,-0.16200000000003456,0.16200000000003456,13.83562764085533,TRUE,-1,-1,FALSE
AU-Gin,2021,EBF,TERN,-512.359,15.7819,-512.21,18.0661,-0.1490000000000009,0.1490000000000009,23.98858763704108,TRUE,-1,-1,FALSE
AU-Gin,2022,EBF,TERN,-525.283,7.37248,-526.822,8.96693,1.5389999999999873,1.5389999999999873,11.608587122268585,TRUE,-1,-1,FALSE
AU-Gin,2023,EBF,TERN,-623.613,19.371,-634.178,30.2626,10.56499999999994,10.56499999999994,35.931331728172836,TRUE,-1,-1,FALSE
AU-Gin,2024,EBF,TERN,-457.901,6.99617,-453.152,10.8247,-4.749000000000024,4.749000000000024,12.888775145796439,TRUE,-1,-1,FALSE
AU-How,2002,WSA,TERN,-648.094,33.9557,-648.057,47.3908,-0.03700000000003456,0.03700000000003456,58.29989268540723,TRUE,-1,-1,FALSE
AU-How,2003,WSA,TERN,-787.193,34.229,-782.284,33.008,-4.908999999999992,4.908999999999992,47.55157731348141,TRUE,-1,-1,FALSE
AU-How,2004,WSA,TERN,-556.599,58.8053,-558.032,56.3336,1.4329999999999927,1.4329999999999927,81.43425444522715,TRUE,-1,-1,FALSE
AU-How,2005,WSA,TERN,-588.96,69.194,-577.67,69.6881,-11.290000000000077,11.290000000000077,98.20509618960719,TRUE,-1,-1,FALSE
AU-How,2008,WSA,TERN,-510.072,12.1329,-512.317,12.372,2.2450000000000045,2.2450000000000045,17.328405766544133,TRUE,-1,-1,FALSE
AU-How,2010,WSA,TERN,-970.892,25.7849,-966.973,22.3664,-3.9190000000000964,3.9190000000000964,34.13380900178004,TRUE,-1,-1,FALSE
AU-How,2011,WSA,TERN,-567.903,39.6617,-615.066,32.4601,47.16300000000001,47.16300000000001,51.25142474995208,TRUE,-1,-1,FALSE
AU-How,2012,WSA,TERN,-769.332,21.176,-762.467,14.0877,-6.865000000000009,6.865000000000009,25.433958938592315,TRUE,-1,-1,FALSE
AU-How,2013,WSA,TERN,-685.736,10.8502,-693.898,9.919,8.162000000000035,8.162000000000035,14.700795932193603,TRUE,-1,-1,FALSE
AU-How,2014,WSA,TERN,-727.647,25.5552,-729.134,28.6618,1.4869999999999663,1.4869999999999663,38.40009148791185,TRUE,-1,-1,FALSE
AU-How,2015,WSA,TERN,-658.016,22.0608,-655.371,33.012,-2.644999999999982,2.644999999999982,39.704798710483345,TRUE,-1,-1,FALSE
AU-How,2016,WSA,TERN,-893.446,12.3574,-896.194,11.589,2.7479999999999336,2.7479999999999336,16.94137703257914,TRUE,-1,-1,FALSE
AU-How,2017,WSA,TERN,-795.252,22.2768,-794.955,29.2039,-0.2969999999999118,0.2969999999999118,36.73041782297065,TRUE,-1,-1,FALSE
AU-How,2018,WSA,TERN,-647.045,56.6119,-645.458,55.5886,-1.586999999999989,1.586999999999989,79.34103397089049,TRUE,-1,-1,FALSE
AU-How,2019,WSA,TERN,-663.9,29.5069,-662.935,31.334,-0.9650000000000318,0.9650000000000318,43.04040780022885,TRUE,-1,-1,FALSE
AU-How,2020,WSA,TERN,-881.64,33.3613,-899.949,33.6064,18.30899999999997,18.30899999999997,47.35363194782423,TRUE,-1,-1,FALSE
AU-How,2021,WSA,TERN,-842.557,11.9748,-848.139,23.3304,5.581999999999994,5.581999999999994,26.22409958797442,TRUE,-1,-1,FALSE
AU-How,2022,WSA,TERN,-812.894,25.6858,-828.42,25.7812,15.525999999999954,15.525999999999954,36.39272722784045,TRUE,-1,-1,FALSE
AU-How,2023,WSA,TERN,-632.576,17.3188,-627.874,19.4432,-4.701999999999998,4.701999999999998,26.038027184869442,TRUE,-1,-1,FALSE
AU-How,2024,WSA,TERN,-716.131,26.2572,-728.717,27.7636,12.586000000000013,12.586000000000013,38.213322765758015,TRUE,-1,-1,FALSE
AU-Lit,2016,WSA,TERN,-405.938,34.1107,-374.227,36.0917,-31.711000000000013,31.711000000000013,49.6603530331793,TRUE,-1,-1,FALSE
AU-Lit,2017,WSA,TERN,-453.592,35.8889,-519.549,37.5858,65.957,65.957,51.96831250723848,FALSE,-1,-1,FALSE
AU-Lit,2018,WSA,TERN,-423.202,39.1969,-361.761,40.2121,-61.440999999999974,61.440999999999974,56.155230887424906,FALSE,-1,-1,FALSE
AU-Lit,2019,WSA,TERN,-148.768,14.2666,-179.989,25.8233,31.221000000000004,31.221000000000004,29.502181249019536,FALSE,-1,-1,FALSE
AU-Lit,2020,WSA,TERN,-580.736,31.2572,-670.624,65.6266,89.88800000000003,89.88800000000003,72.69018626609784,FALSE,-1,-1,FALSE
AU-Lit,2021,WSA,TERN,-458.614,77.1803,-586.459,90.7484,127.84499999999997,127.84499999999997,119.13047809292969,FALSE,-1,-1,FALSE
AU-Lon,2019,GRA,TERN,-12.7076,18.0306,-17.7621,17.3981,5.054500000000001,5.054500000000001,25.055865979247255,TRUE,-1,-1,FALSE
AU-Lon,2020,GRA,TERN,95.5919,20.2003,77.4302,23.4213,18.161699999999996,18.161699999999996,30.929103022557893,TRUE,1,1,FALSE
AU-Lon,2022,GRA,TERN,-488.032,32.267,-477.9,43.9205,-10.132000000000005,10.132000000000005,54.49926246519305,TRUE,-1,-1,FALSE
AU-Otw,2008,GRA,TERN,-326.965,47.3575,-296.923,43.4486,-30.041999999999973,30.041999999999973,64.26907225260062,TRUE,-1,-1,FALSE
AU-Otw,2009,GRA,TERN,-174.288,16.3726,-174.352,16.3663,0.06399999999999295,0.06399999999999295,23.14989862720785,TRUE,-1,-1,FALSE
AU-Otw,2010,GRA,TERN,-245.562,16.5708,-280.502,45.3064,34.94,34.94,48.24169662853909,TRUE,-1,-1,FALSE
AU-RDF,2012,WSA,TERN,287.393,48.8738,289.99,44.2513,-2.597000000000037,2.597000000000037,65.9304624443815,TRUE,1,1,FALSE
AU-Rgf,2016,CVM,TERN,-89.6155,25.2024,-89.6155,31.1964,0,0,40.10456755433226,TRUE,-1,-1,FALSE
AU-Rgf,2019,CVM,TERN,22.5869,8.54905,15.9034,9.78657,6.6835,6.6835,12.994737714451952,TRUE,1,1,FALSE
AU-Rgf,2020,CVM,TERN,27.0766,11.3166,15.4595,27.9419,11.617099999999999,11.617099999999999,30.146562178298208,TRUE,1,1,FALSE
AU-Rgf,2021,CVM,TERN,41.9912,7.07714,28.6022,8.32991,13.389,13.389,10.930384768511125,FALSE,1,1,FALSE
AU-Rgf,2023,CVM,TERN,-24.6967,27.1776,-48.0642,22.9686,23.3675,23.3675,35.58340241910546,TRUE,-1,-1,FALSE
AU-Rgf,2024,CVM,TERN,-116.539,19.9724,-114.317,13.2391,-2.2220000000000084,2.2220000000000084,23.961855741365273,TRUE,-1,-1,FALSE
AU-Rig,2011,GRA,TERN,-56.1588,5.76394,-61.2345,9.84378,5.075699999999998,5.075699999999998,11.407147277562432,TRUE,-1,-1,FALSE
AU-Rig,2012,GRA,TERN,-159.345,7.79947,-161.259,11.781,1.9139999999999873,1.9139999999999873,14.12882490799925,TRUE,-1,-1,FALSE
AU-Rig,2014,GRA,TERN,-220.997,9.50526,-224.837,6.48899,3.839999999999975,3.839999999999975,11.508994694920144,TRUE,-1,-1,FALSE
AU-Rig,2015,GRA,TERN,43.7358,11.8096,38.3383,14.2163,5.397500000000001,5.397500000000001,18.48160809697035,TRUE,1,1,FALSE
AU-Rig,2016,GRA,TERN,-271.22,6.77315,-271.227,6.23221,0.006999999999948159,0.006999999999948159,9.204129638732823,TRUE,-1,-1,FALSE
AU-Rob,2014,EBF,TERN,-875.135,40.3851,-857.646,40.3069,-17.489000000000033,17.489000000000033,57.0578871815282,TRUE,-1,-1,FALSE
AU-Rob,2015,EBF,TERN,-961.251,62.5095,-961.277,65.2379,0.026000000000067303,0.026000000000067303,90.35165292710477,TRUE,-1,-1,FALSE
AU-Rob,2016,EBF,TERN,-922.97,32.461,-922.881,34.4554,-0.08900000000005548,0.08900000000005548,47.33805139800327,TRUE,-1,-1,FALSE
AU-Rob,2017,EBF,TERN,-676.134,44.4021,-701.808,52.0926,25.673999999999978,25.673999999999978,68.44841458478055,TRUE,-1,-1,FALSE
AU-Rob,2018,EBF,TERN,-458.585,47.389,-478.555,67.8915,19.970000000000027,19.970000000000027,82.79476489036006,TRUE,-1,-1,FALSE
AU-Rob,2019,EBF,TERN,-715.114,25.3349,-719.396,26.6298,4.281999999999925,4.281999999999925,36.755998232261355,TRUE,-1,-1,FALSE
AU-Rob,2020,EBF,TERN,-754.813,33.5019,-751.836,28.3269,-2.9769999999999754,2.9769999999999754,43.87243516400702,TRUE,-1,-1,FALSE
AU-Rob,2021,EBF,TERN,-1288.27,26.8522,-1303.6,27.6259,15.329999999999927,15.329999999999927,38.525718626003595,TRUE,-1,-1,FALSE
AU-Rob,2022,EBF,TERN,-1112.1,55.8905,-1062.63,64.2208,-49.4699999999998,49.4699999999998,85.13553396138418,TRUE,-1,-1,FALSE
AU-Rob,2023,EBF,TERN,-1507.92,42.7548,-1546.69,67.994,38.76999999999998,38.76999999999998,80.31909461043495,TRUE,-1,-1,FALSE
AU-Rob,2024,EBF,TERN,-1791.97,65.7391,-1853.48,116.055,61.50999999999999,61.50999999999999,133.38062938001906,TRUE,-1,-1,FALSE
AU-Sam,2012,GRA,TERN,-270.505,24.4598,-269.863,24.5397,-0.6419999999999959,0.6419999999999959,34.647924788217836,TRUE,-1,-1,FALSE
AU-Sam,2013,GRA,TERN,-327.42,16.977,-339.2,17.0586,11.779999999999973,11.779999999999973,24.066872729127066,TRUE,-1,-1,FALSE
AU-Sam,2014,GRA,TERN,-77.9052,9.0302,-92.2584,8.94112,14.353200000000001,14.353200000000001,12.707798349611943,FALSE,-1,-1,FALSE
AU-Sam,2015,GRA,TERN,-155.231,24.9703,-136.334,26.5787,-18.89699999999999,18.89699999999999,36.46838597717207,TRUE,-1,-1,FALSE
AU-Sam,2016,GRA,TERN,-40.0566,17.2678,-32.0365,20.1791,-8.020100000000006,8.020100000000006,26.558859042699854,TRUE,-1,-1,FALSE
AU-Sam,2017,GRA,TERN,-8.88071,23.3476,-35.9339,22.9341,27.05319,27.05319,32.727410049834376,TRUE,-1,-1,FALSE
AU-Sil,2020,GRA,TERN,30.5582,9.31825,30.5582,11.0027,0,0,14.418362956747206,TRUE,1,1,FALSE
AU-Sil,2021,GRA,TERN,-77.5673,12.6361,-77.5606,12.1229,-0.006700000000009254,0.006700000000009254,17.51101732110388,TRUE,-1,-1,FALSE
AU-Sil,2022,GRA,TERN,-84.4672,8.58013,-84.4161,8.45964,-0.05110000000000525,0.05110000000000525,12.049238139670907,TRUE,-1,-1,FALSE
AU-Sil,2023,GRA,TERN,-33.1007,14.4763,-31.8782,14.0441,-1.2225000000000037,1.2225000000000037,20.16928373790205,TRUE,-1,-1,FALSE
AU-Sil,2024,GRA,TERN,106.419,9.4747,115.918,11.1141,-9.49900000000001,9.49900000000001,14.604559524340337,TRUE,1,1,FALSE
AU-Stp,2010,GRA,TERN,-1.06223,21.5814,-14.8205,16.2004,13.75827,13.75827,26.9853624418869,TRUE,-1,-1,FALSE
AU-Stp,2011,GRA,TERN,-259.059,33.3771,-264.686,19.4457,5.626999999999953,5.626999999999953,38.6285652451654,TRUE,-1,-1,FALSE
AU-Stp,2012,GRA,TERN,-107.422,30.4015,-73.8031,33.2474,-33.6189,33.6189,45.051535035001855,TRUE,-1,-1,FALSE
AU-Stp,2014,GRA,TERN,-29.685,11.4533,-26.6157,14.2681,-3.0692999999999984,3.0692999999999984,18.29635915967983,TRUE,-1,-1,FALSE
AU-Stp,2015,GRA,TERN,-130.098,13.0004,-123.374,18.5548,-6.724000000000018,6.724000000000018,22.65592644762072,TRUE,-1,-1,FALSE
AU-Stp,2016,GRA,TERN,-98.9165,7.89254,-81.1995,14.7088,-17.717,17.717,16.692542798854824,FALSE,-1,-1,FALSE
AU-Stp,2017,GRA,TERN,-332.028,16.6971,-335.404,17.4839,3.3759999999999764,3.3759999999999764,24.17601926744765,TRUE,-1,-1,FALSE
AU-Stp,2018,GRA,TERN,-58.6237,7.32698,-75.0629,12.569,16.4392,16.4392,14.548690556898928,FALSE,-1,-1,FALSE
AU-Stp,2019,GRA,TERN,-28.8015,2.68631,-23.9891,3.77026,-4.8124,4.8124,4.62937597130542,FALSE,-1,-1,FALSE
AU-Stp,2020,GRA,TERN,-56.7187,20.1835,-48.6231,16.6411,-8.095599999999997,8.095599999999997,26.15912616009946,TRUE,-1,-1,FALSE
AU-Stp,2021,GRA,TERN,6.28338,41.5401,-0.150733,30.8645,6.434113,6.434113,51.751302092411166,TRUE,1,-1,TRUE
AU-Stp,2022,GRA,TERN,3.32404,31.0399,-3.52531,17.508,6.84935,6.84935,35.637135911994946,TRUE,1,-1,TRUE
AU-Stp,2023,GRA,TERN,-110.598,34.0242,-111.398,15.1867,0.7999999999999972,0.7999999999999972,37.25965703720312,TRUE,-1,-1,FALSE
AU-Stp,2024,GRA,TERN,-98.6597,9.20535,-83.4417,15.57,-15.218000000000004,15.218000000000004,18.087657908709463,TRUE,-1,-1,FALSE
AU-Whr,2012,EBF,TERN,-368.602,8.71934,-367.923,12.0552,-0.6789999999999736,0.6789999999999736,14.877995062359714,TRUE,-1,-1,FALSE
AU-Whr,2013,EBF,TERN,-357.594,11.5724,-373.189,22.477,15.595000000000027,15.595000000000027,25.281138636540877,TRUE,-1,-1,FALSE
AU-Whr,2014,EBF,TERN,-499.383,7.19304,-502.497,8.45085,3.1140000000000327,3.1140000000000327,11.097598396234206,TRUE,-1,-1,FALSE
AU-Whr,2015,EBF,TERN,-442.903,16.8244,-428.557,24.4591,-14.346000000000004,14.346000000000004,29.6868322353531,TRUE,-1,-1,FALSE
AU-Whr,2016,EBF,TERN,-419.364,34.5657,-437.658,27.364,18.29400000000004,18.29400000000004,44.086008126048334,TRUE,-1,-1,FALSE
AU-Whr,2020,EBF,TERN,-107.015,8.73507,-127.25,10.6953,20.235,20.235,13.80908722526221,FALSE,-1,-1,FALSE
AU-Whr,2021,EBF,TERN,-318.43,23.8223,-328.497,21.7443,10.067000000000007,10.067000000000007,32.25393867080422,TRUE,-1,-1,FALSE
AU-Whr,2025,EBF,TERN,-507.301,17.2113,-510.953,32.063,3.651999999999987,3.651999999999987,36.39044952580279,TRUE,-1,-1,FALSE
AU-Wom,2011,EBF,TERN,-1378.11,24.5718,-1408.06,34.1245,29.950000000000045,29.950000000000045,42.05062253391738,TRUE,-1,-1,FALSE
AU-Wom,2014,EBF,TERN,-1269.92,32.1968,-1284.31,30.7512,14.389999999999873,14.389999999999873,44.522693445927104,TRUE,-1,-1,FALSE
AU-Wom,2018,EBF,TERN,-1395.04,34.2126,-1431.92,38.4985,36.88000000000011,36.88000000000011,51.50375230029361,TRUE,-1,-1,FALSE
AU-Wom,2025,EBF,TERN,-971.205,16.4495,-972.225,15.3292,1.0199999999999818,1.0199999999999818,22.484893215001044,TRUE,-1,-1,FALSE
AU-Wrr,2017,EBF,TERN,-409.419,44.5344,-450.947,79.2525,41.52800000000002,41.52800000000002,90.90803891631366,TRUE,-1,-1,FALSE
AU-Wrr,2020,EBF,TERN,-111.613,21.7877,-73.4246,36.0016,-38.1884,38.1884,42.081101148258945,TRUE,-1,-1,FALSE
AU-Ya1,2023,GRA,TERN,90.5492,18.1882,91.1367,14.2684,-0.5875000000000057,0.5875000000000057,23.117046909153423,TRUE,1,1,FALSE
AU-Ya1,2024,GRA,TERN,-173.817,19.5253,-167.493,19.9886,-6.324000000000012,6.324000000000012,27.94246714322127,TRUE,-1,-1,FALSE
AU-Ya2,2023,GRA,TERN,-21.5774,30.1353,-26.119,31.8793,4.541599999999999,4.541599999999999,43.868280962216886,TRUE,-1,-1,FALSE
AU-Ya2,2024,GRA,TERN,-174.177,21.7602,-174.032,21.6788,-0.1449999999999818,0.1449999999999818,30.716065397117518,TRUE,-1,-1,FALSE
AU-Ync,2013,GRA,TERN,-67.3808,5.0809,-67.5087,4.92668,0.127900000000011,0.127900000000011,7.077267879090066,TRUE,-1,-1,FALSE
AU-Ync,2014,GRA,TERN,-50.2008,11.7717,-50.2415,11.7924,0.04070000000000107,0.04070000000000107,16.662341331577625,TRUE,-1,-1,FALSE
AU-Ync,2015,GRA,TERN,-195.549,8.39062,-195.577,9.89421,0.027999999999991587,0.027999999999991587,12.97296787587559,TRUE,-1,-1,FALSE
AU-Ync,2017,GRA,TERN,12.2497,5.96065,12.0208,5.29236,0.2289000000000012,0.2289000000000012,7.971099221067318,TRUE,1,1,FALSE
AU-Ync,2018,GRA,TERN,50.7546,4.27832,46.9333,4.09804,3.821300000000001,3.821300000000001,5.924352611382952,TRUE,1,1,FALSE
AU-Ync,2019,GRA,TERN,-31.491,4.82339,-33.5385,7.71532,2.0474999999999994,2.0474999999999994,9.098969930409705,TRUE,-1,-1,FALSE
AU-Ync,2020,GRA,TERN,-374.159,11.687,-377.726,11.6668,3.5670000000000073,3.5670000000000073,16.51363652379451,TRUE,-1,-1,FALSE
AU-Ync,2021,GRA,TERN,-365.507,14.1779,-365.507,11.9524,0,0,18.543805277504397,TRUE,-1,-1,FALSE
AU-Ync,2022,GRA,TERN,-335.941,8.68591,-335.941,11.4187,0,0,14.346837359435701,TRUE,-1,-1,FALSE
AU-Ync,2024,GRA,TERN,-11.812,10.8958,-10.8326,10.5407,-0.9794,0.9794,15.159974080782591,TRUE,-1,-1,FALSE
BE-Bra,1999,ENF,ICOS,110.634,17.4267,96.3343,14.369,14.299700000000001,14.299700000000001,22.586678239395894,TRUE,1,1,FALSE
BE-Bra,2000,ENF,ICOS,159.109,7.22743,155.728,7.0625,3.3810000000000002,3.3810000000000002,10.105179397462472,TRUE,1,1,FALSE
BE-Bra,2002,ENF,ICOS,-96.9703,7.45465,-93.9286,7.28007,-3.0416999999999916,3.0416999999999916,10.419751716207061,TRUE,-1,-1,FALSE
BE-Bra,2005,ENF,ICOS,-316.912,65.4195,-321.072,67.6718,4.160000000000025,4.160000000000025,94.12323568327855,TRUE,-1,-1,FALSE
BE-Bra,2006,ENF,ICOS,-45.0454,19.539,-46.4617,22.5959,1.4162999999999997,1.4162999999999997,29.872181336655014,TRUE,-1,-1,FALSE
BE-Bra,2007,ENF,ICOS,-116.161,10.1219,-116.548,12.1276,0.38700000000000045,0.38700000000000045,15.796567392000075,TRUE,-1,-1,FALSE
BE-Bra,2009,ENF,ICOS,-251.587,13.8606,-254.293,18.6853,2.7060000000000173,2.7060000000000173,23.264923564241514,TRUE,-1,-1,FALSE
BE-Bra,2010,ENF,ICOS,-43.7839,15.3869,-42.0958,16.9384,-1.6881000000000057,1.6881000000000057,22.883751575517508,TRUE,-1,-1,FALSE
BE-Bra,2011,ENF,ICOS,37.8599,16.5634,41.5872,16.9985,-3.7272999999999996,3.7272999999999996,23.73384127801482,TRUE,1,1,FALSE
BE-Bra,2012,ENF,ICOS,-127.614,26.3334,-113.638,34.1951,-13.975999999999999,13.975999999999999,43.15962024357953,TRUE,-1,-1,FALSE
BE-Bra,2013,ENF,ICOS,-322.988,16.3969,-319.314,16.7644,-3.673999999999978,3.673999999999978,23.450019978029868,TRUE,-1,-1,FALSE
BE-Bra,2014,ENF,ICOS,-442.943,17.656,-440.488,18.303,-2.454999999999984,2.454999999999984,25.430968227733683,TRUE,-1,-1,FALSE
BE-Bra,2015,ENF,ICOS,-195.653,22.2608,-201.281,23.1723,5.628000000000014,5.628000000000014,32.13251785854946,TRUE,-1,-1,FALSE
BE-Bra,2016,ENF,ICOS,-430.72,61.2725,-448.082,75.8544,17.361999999999966,17.361999999999966,97.51004694701977,TRUE,-1,-1,FALSE
BE-Bra,2017,ENF,ICOS,-264.721,35.1433,-294.965,36.0866,30.24399999999997,30.24399999999997,50.3715617630623,TRUE,-1,-1,FALSE
BE-Bra,2018,ENF,ICOS,-265.427,42.7488,-265.073,56.5685,-0.35400000000004184,0.35400000000004184,70.90454917485901,TRUE,-1,-1,FALSE
BE-Bra,2019,ENF,ICOS,-41.0224,36.8738,-49.5449,38.9876,8.5225,8.5225,53.66293022375875,TRUE,-1,-1,FALSE
BE-Bra,2020,ENF,ICOS,-34.1007,38.3343,-32.7072,41.0094,-1.393500000000003,1.393500000000003,56.13634691400929,TRUE,-1,-1,FALSE
BE-Bra,2021,ENF,ICOS,-91.1186,38.7308,-92.6439,48.4053,1.5253000000000014,1.5253000000000014,61.99312814118997,TRUE,-1,-1,FALSE
BE-Bra,2022,ENF,ICOS,-152.468,45.7808,-149.766,48.7803,-2.701999999999998,2.701999999999998,66.89842536809068,TRUE,-1,-1,FALSE
BE-Bra,2023,ENF,ICOS,-150.529,22.8067,-140.687,24.2466,-9.841999999999985,9.841999999999985,33.28728250323237,TRUE,-1,-1,FALSE
BE-Bra,2024,ENF,ICOS,-133.871,36.0745,-114.89,37.097,-18.98100000000001,18.98100000000001,51.745115317776616,TRUE,-1,-1,FALSE
BE-Dor,2011,GRA,ICOS,-62.1857,7.94975,-53.8934,11.6365,-8.292299999999997,8.292299999999997,14.09278742167425,TRUE,-1,-1,FALSE
BE-Dor,2012,GRA,ICOS,-191.712,26.5249,-185.915,25.8328,-5.796999999999997,5.796999999999997,37.02571911320562,TRUE,-1,-1,FALSE
BE-Dor,2013,GRA,ICOS,-123.422,18.3521,-126.217,17.0612,2.7950000000000017,2.7950000000000017,25.05761600491954,TRUE,-1,-1,FALSE
BE-Dor,2014,GRA,ICOS,-213.652,11.1001,-211.78,10.62,-1.8719999999999857,1.8719999999999857,15.362181486039018,TRUE,-1,-1,FALSE
BE-Dor,2015,GRA,ICOS,-213.612,23.0905,-208.343,23.2857,-5.2690000000000055,5.2690000000000055,32.793215986542094,TRUE,-1,-1,FALSE
BE-Dor,2016,GRA,ICOS,-143.215,8.52599,-156.387,8.06821,13.171999999999997,13.171999999999997,11.738335405167122,FALSE,-1,-1,FALSE
BE-Dor,2017,GRA,ICOS,-93.5894,12.4224,-91.2748,14.3111,-2.3145999999999987,2.3145999999999987,18.950556851185137,TRUE,-1,-1,FALSE
BE-Dor,2018,GRA,ICOS,88.5935,22.1018,88.3338,21.8836,0.25970000000000937,0.25970000000000937,31.102757308637447,TRUE,1,1,FALSE
BE-Dor,2019,GRA,ICOS,47.8311,9.49519,54.9865,8.67424,-7.1554,7.1554,12.860834837354066,TRUE,1,1,FALSE
BE-Dor,2020,GRA,ICOS,-48.5532,6.2755,-49.9385,5.89794,1.3853000000000009,1.3853000000000009,8.612061106007086,TRUE,-1,-1,FALSE
BE-Dor,2021,GRA,ICOS,-131.035,7.91944,-133.584,8.21765,2.5490000000000066,2.5490000000000066,11.41259398366997,TRUE,-1,-1,FALSE
BE-Dor,2022,GRA,ICOS,78.2039,16.8015,80.7545,17.1537,-2.5505999999999887,2.5505999999999887,24.011243739964826,TRUE,1,1,FALSE
BE-Dor,2023,GRA,ICOS,12.1415,12.1685,6.16019,11.9617,5.981310000000001,5.981310000000001,17.06325464675482,TRUE,1,1,FALSE
BE-Dor,2024,GRA,ICOS,-49.7037,9.18858,-47.4155,10.5423,-2.2881999999999962,2.2881999999999962,13.984637703794832,TRUE,-1,-1,FALSE
BE-Lcr,2019,DBF,ICOS,-154.483,20.398,-148.816,21.2075,-5.667000000000002,5.667000000000002,29.425099154463354,TRUE,-1,-1,FALSE
BE-Lcr,2020,DBF,ICOS,-656.085,29.0849,-636.991,25.1391,-19.09400000000005,19.09400000000005,38.44353985808279,TRUE,-1,-1,FALSE
BE-Lcr,2021,DBF,ICOS,25.9508,13.308,29.5779,17.9241,-3.6270999999999987,3.6270999999999987,22.324341531386764,TRUE,1,1,FALSE
BE-Lcr,2022,DBF,ICOS,-426.878,16.624,-433.523,17.7196,6.645000000000039,6.645000000000039,24.296946313477335,TRUE,-1,-1,FALSE
BE-Lon,2005,CRO,ICOS,-511.686,14.6257,-510.321,15.6283,-1.3649999999999523,1.3649999999999523,21.40455235177788,TRUE,-1,-1,FALSE
BE-Lon,2006,CRO,ICOS,-94.6795,4.40654,-93.8458,5.85282,-0.8337000000000074,0.8337000000000074,7.326192512076106,TRUE,-1,-1,FALSE
BE-Lon,2007,CRO,ICOS,-476.757,12.3227,-476.428,12.6393,-0.32900000000000773,0.32900000000000773,17.652219117720016,TRUE,-1,-1,FALSE
BE-Lon,2008,CRO,ICOS,-796.187,12.6217,-795.331,14.7907,-0.8559999999999945,0.8559999999999945,19.44407666565836,TRUE,-1,-1,FALSE
BE-Lon,2009,CRO,ICOS,-361.336,40.3618,-372.677,26.284,11.341000000000008,11.341000000000008,48.165584759660085,TRUE,-1,-1,FALSE
BE-Lon,2010,CRO,ICOS,181.565,11.2206,177.234,12.2799,4.330999999999989,4.330999999999989,16.634236032051486,TRUE,1,1,FALSE
BE-Lon,2011,CRO,ICOS,-396.811,29.8914,-396.627,23.1809,-0.18399999999996908,0.18399999999996908,37.826576884116804,TRUE,-1,-1,FALSE
BE-Lon,2012,CRO,ICOS,-393.238,12.2119,-394.662,11.0468,1.4239999999999782,1.4239999999999782,16.46700615928712,TRUE,-1,-1,FALSE
BE-Lon,2013,CRO,ICOS,-409.997,4.49458,-413.612,4.4859,3.615000000000009,3.615000000000009,6.350161272471747,TRUE,-1,-1,FALSE
BE-Lon,2014,CRO,ICOS,85.9616,6.75551,83.2944,7.0023,2.6672000000000082,2.6672000000000082,9.729805786864402,TRUE,1,1,FALSE
BE-Lon,2015,CRO,ICOS,-537.062,6.98288,-534.789,8.12916,-2.2730000000000246,2.2730000000000246,10.716522542317541,TRUE,-1,-1,FALSE
BE-Lon,2016,CRO,ICOS,-485.702,12.3542,-485.79,8.59955,0.08800000000002228,0.08800000000002228,15.05252529785285,TRUE,-1,-1,FALSE
BE-Lon,2017,CRO,ICOS,-291.2,13.4142,-287.992,11.4068,-3.20799999999997,3.20799999999997,17.60840276345359,TRUE,-1,-1,FALSE
BE-Lon,2018,CRO,ICOS,66.0486,6.19727,68.3251,6.37412,-2.276500000000013,2.276500000000013,8.890194667570558,TRUE,1,1,FALSE
BE-Lon,2019,CRO,ICOS,-741.064,5.17304,-738.272,4.91674,-2.7919999999999163,2.7919999999999163,7.136853303046098,TRUE,-1,-1,FALSE
BE-Lon,2020,CRO,ICOS,-524.865,4.21125,-524.785,4.33476,-0.08000000000004093,0.08000000000004093,6.04357268675574,TRUE,-1,-1,FALSE
BE-Lon,2021,CRO,ICOS,185.238,45.4948,194.96,22.2798,-9.722000000000008,9.722000000000008,50.65734216359954,TRUE,1,1,FALSE
BE-Lon,2022,CRO,ICOS,-465.707,10.415,-459.082,15.8206,-6.625,6.625,18.941056183856276,TRUE,-1,-1,FALSE
BE-Lon,2024,CRO,ICOS,-368.841,7.39453,-362.098,13.3399,-6.742999999999995,6.742999999999995,15.252278712733386,TRUE,-1,-1,FALSE
BJ-Bfg,2009,DBF,ICOS,-629.077,67.5045,-703.624,79.3114,74.54700000000003,74.54700000000003,104.149679261196,TRUE,-1,-1,FALSE
BJ-Bfg,2013,DBF,ICOS,-562.664,27.1497,-534.99,29.6059,-27.673999999999978,27.673999999999978,40.16983351845013,TRUE,-1,-1,FALSE
BJ-Bfg,2014,DBF,ICOS,-787.671,17.2496,-773.234,30.0726,-14.437000000000012,14.437000000000012,34.668573246097104,TRUE,-1,-1,FALSE
BJ-Db1,2023,CRO,ICOS,-1124.58,19.8771,-1125.37,20.0519,0.7899999999999636,0.7899999999999636,28.23433721587953,TRUE,-1,-1,FALSE
BJ-Db1,2024,CRO,ICOS,-1203.37,11.5834,-1200.66,14.0969,-2.709999999999809,2.709999999999809,18.245485610692853,TRUE,-1,-1,FALSE
BJ-Nhu,2008,SAV,ICOS,-291.313,55.5775,-296.672,67.7354,5.359000000000037,5.359000000000037,87.61816546475964,TRUE,-1,-1,FALSE
BJ-Nhu,2009,SAV,ICOS,-169.975,19.6248,-180.893,22.2777,10.918000000000006,10.918000000000006,29.688864786818645,TRUE,-1,-1,FALSE
BJ-Nhu,2010,SAV,ICOS,-293.133,27.5984,-352.815,31.7063,59.682000000000016,59.682000000000016,42.03523691202418,FALSE,-1,-1,FALSE
BJ-Nhu,2013,SAV,ICOS,-103.169,66.3152,-97.6932,68.1283,-5.4757999999999925,5.4757999999999925,95.07455501831181,TRUE,-1,-1,FALSE
BJ-Nhu,2016,SAV,ICOS,57.0719,26.5918,45.5276,31.124,11.5443,11.5443,40.93686850798434,TRUE,1,1,FALSE
BJ-Nhu,2017,SAV,ICOS,-420.785,63.4563,-431.486,65.7629,10.700999999999965,10.700999999999965,91.38632844195023,TRUE,-1,-1,FALSE
BR-ITA,2021,EBF,AmeriFlux,316.596,46.0549,322.362,38.2109,-5.7660000000000196,5.7660000000000196,59.842515762791926,TRUE,1,1,FALSE
BR-ITA,2022,EBF,AmeriFlux,-326.932,55.0721,-318.992,55.278,-7.939999999999998,7.939999999999998,78.02943984426648,TRUE,-1,-1,FALSE
BR-ITA,2023,EBF,AmeriFlux,-575.702,17.3674,-590.995,54.2322,15.293000000000006,15.293000000000006,56.94522016464595,TRUE,-1,-1,FALSE
BR-Ji3,2005,EBF,AmeriFlux,-1386.68,72.8965,-1388.4,77.4779,1.7200000000000273,1.7200000000000273,106.38009541573085,TRUE,-1,-1,FALSE
BR-Ji3,2006,EBF,AmeriFlux,-1132.93,54.2917,-1037,72.3236,-95.93000000000006,95.93000000000006,90.43390849592868,FALSE,-1,-1,FALSE
BR-Ji3,2008,EBF,AmeriFlux,-1335.6,100.688,-1326.37,107.212,-9.230000000000018,9.230000000000018,147.0798636387728,TRUE,-1,-1,FALSE
BR-Ji3,2009,EBF,AmeriFlux,-1659.47,58.7709,-1850.67,124.942,191.20000000000005,191.20000000000005,138.07433523580696,FALSE,-1,-1,FALSE
BR-Ma2,2005,EBF,AmeriFlux,-73.2675,253.092,37.1479,340.852,-110.4154,110.4154,424.5416897879406,TRUE,-1,1,TRUE
BR-Ma2,2006,EBF,AmeriFlux,-180.537,317.15,43.4453,319.984,-223.9823,223.9823,450.5262287103826,TRUE,-1,1,TRUE
BR-Ma2,2007,EBF,AmeriFlux,-698.371,60.7373,-622.361,74.6233,-76.00999999999999,76.00999999999999,96.21671639678836,TRUE,-1,-1,FALSE
BR-Ma2,2009,EBF,AmeriFlux,-251.302,116.641,-219.102,199.481,-32.19999999999999,32.19999999999999,231.07962316483037,TRUE,-1,-1,FALSE
BR-Ma2,2010,EBF,AmeriFlux,-423.574,67.8902,-540.143,131.854,116.56900000000002,116.56900000000002,148.30561881479744,TRUE,-1,-1,FALSE
BR-Ma2,2011,EBF,AmeriFlux,-338.394,144.334,-368.158,222.657,29.76400000000001,29.76400000000001,265.3458935144842,TRUE,-1,-1,FALSE
BR-Ma2,2012,EBF,AmeriFlux,-52.7079,174.13,269.822,232.873,-322.5299,322.5299,290.7767030368836,FALSE,-1,1,TRUE
BR-Npw,2015,WSA,AmeriFlux,-411.846,23.1953,-411.846,23.1792,0,0,32.791725400320125,TRUE,-1,-1,FALSE
BR-Npw,2016,WSA,AmeriFlux,-634.931,37.0513,-634.931,36.882,0,0,52.27887485103328,TRUE,-1,-1,FALSE
BR-Sa1,2002,EBF,AmeriFlux,502.131,35.5221,472.069,98.056,30.061999999999955,30.061999999999955,104.29189193992983,TRUE,1,1,FALSE
BR-Sa1,2003,EBF,AmeriFlux,384.899,98.3645,387.713,130.716,-2.8140000000000214,2.8140000000000214,163.59170980294203,TRUE,1,1,FALSE
BR-Sa1,2004,EBF,AmeriFlux,128.227,73.8946,139.891,79.0481,-11.663999999999987,11.663999999999987,108.20819757656996,TRUE,1,1,FALSE
BR-Sa1,2005,EBF,AmeriFlux,207.894,51.9026,242.223,48.5604,-34.32900000000001,34.32900000000001,71.07736865500861,TRUE,1,1,FALSE
BR-Sa1,2009,EBF,AmeriFlux,395.124,51.0546,393.946,52.8857,1.1779999999999973,1.1779999999999973,73.50829508055537,TRUE,1,1,FALSE
BR-Sa1,2010,EBF,AmeriFlux,330.111,73.2818,353.858,74.4991,-23.747000000000014,23.747000000000014,104.50042158790556,TRUE,1,1,FALSE
BR-Sa1,2011,EBF,AmeriFlux,161.16,41.5504,184.79,40.5236,-23.629999999999995,23.629999999999995,58.039623509461194,TRUE,1,1,FALSE
BR-Sa3,2001,EBF,AmeriFlux,-78.2333,69.4235,-73.4603,51.6845,-4.772999999999996,4.772999999999996,86.55004270651749,TRUE,-1,-1,FALSE
BR-Sa3,2002,EBF,AmeriFlux,-38.137,31.6885,-48.8561,44.2169,10.719099999999997,10.719099999999997,54.39940512413716,TRUE,-1,-1,FALSE
BR-Sa3,2003,EBF,AmeriFlux,-180.741,45.4549,-186.756,42.0998,6.014999999999986,6.014999999999986,61.95596092427265,TRUE,-1,-1,FALSE
BR-Xpw,2019,GRA,AmeriFlux,465.999,58.1919,472.676,53.6319,-6.676999999999964,6.676999999999964,79.1370831103851,TRUE,1,1,FALSE
BR-Xpw,2020,GRA,AmeriFlux,238.111,19.4614,235.279,18.4973,2.8319999999999936,2.8319999999999936,26.8495101864075,TRUE,1,1,FALSE
BR-Xpw,2021,GRA,AmeriFlux,41.4372,13.5973,38.7855,14.9237,2.651699999999998,2.651699999999998,20.18918990400556,TRUE,1,1,FALSE
BW-Gum,2019,WET,ICOS,175.615,50.6991,169.842,50.6495,5.772999999999996,5.772999999999996,71.66429090600144,TRUE,1,1,FALSE
CA-ARB,2012,WET,AmeriFlux,-35.0968,1.41079,-35.4355,1.42253,0.3386999999999958,0.3386999999999958,2.003476983895747,TRUE,-1,-1,FALSE
CA-ARB,2013,WET,AmeriFlux,-76.6947,1.82356,-77.3858,1.84284,0.6911000000000058,0.6911000000000058,2.5925721473471093,TRUE,-1,-1,FALSE
CA-ARB,2014,WET,AmeriFlux,-51.3259,2.55648,-53.6902,2.53417,2.3643,2.3643,3.5996677040110243,TRUE,-1,-1,FALSE
CA-ARB,2015,WET,AmeriFlux,-142.833,3.11939,-145.125,3.27526,2.2920000000000016,2.2920000000000016,4.523043448796397,TRUE,-1,-1,FALSE
CA-ARB,2016,WET,AmeriFlux,-81.7304,1.9652,-82.4937,2.58534,0.763300000000001,0.763300000000001,3.247459615699632,TRUE,-1,-1,FALSE
CA-ARF,2013,WET,AmeriFlux,12.5833,3.42407,12.6796,1.8891,-0.09630000000000116,0.09630000000000116,3.910620689212903,TRUE,1,1,FALSE
CA-ARF,2014,WET,AmeriFlux,-88.8817,4.70344,-86.7513,2.56069,-2.1303999999999945,2.1303999999999945,5.3553226895958375,TRUE,-1,-1,FALSE
CA-ARF,2015,WET,AmeriFlux,-11.6334,1.91526,-11.1678,1.95155,-0.46560000000000024,0.46560000000000024,2.7343679836664267,TRUE,-1,-1,FALSE
CA-ARF,2016,WET,AmeriFlux,-111.087,2.15551,-110.841,2.19256,-0.24600000000000932,0.24600000000000932,3.0746613982193223,TRUE,-1,-1,FALSE
CA-ARF,2017,WET,AmeriFlux,-60.6579,4.69327,-62.2516,5.73713,1.5937000000000054,1.5937000000000054,7.412249586313186,TRUE,-1,-1,FALSE
CA-ARF,2018,WET,AmeriFlux,29.1769,1.82729,27.7915,1.8175,1.3854000000000006,1.3854000000000006,2.577265022092218,TRUE,1,1,FALSE
CA-CF3,2023,WET,AmeriFlux,-47.4465,1.62441,-47.2117,2.76297,-0.2347999999999999,0.2347999999999999,3.205107029258149,TRUE,-1,-1,FALSE
CA-CF3,2024,WET,AmeriFlux,-40.0194,3.17804,-40.7518,3.38388,0.7324000000000055,0.7324000000000055,4.64226045111646,TRUE,-1,-1,FALSE
CA-CF3,2025,WET,AmeriFlux,-34.4257,0.850177,-36.2867,0.95851,1.8610000000000042,1.8610000000000042,1.2812268930322217,FALSE,-1,-1,FALSE
CA-Ca1,1998,ENF,AmeriFlux,-358.846,18.3786,-353.321,29.6089,-5.524999999999977,5.524999999999977,34.849101812959255,TRUE,-1,-1,FALSE
CA-Ca1,1999,ENF,AmeriFlux,-385.697,26.6857,-391.166,29.4578,5.468999999999994,5.468999999999994,39.74781208230209,TRUE,-1,-1,FALSE
CA-Ca1,2000,ENF,AmeriFlux,-294.439,19.6891,-296.309,16.3172,1.8700000000000045,1.8700000000000045,25.5716967495315,TRUE,-1,-1,FALSE
CA-Ca1,2001,ENF,AmeriFlux,-321.887,19.5066,-325.536,19.5191,3.649000000000001,3.649000000000001,27.59533852609893,TRUE,-1,-1,FALSE
CA-Ca1,2002,ENF,AmeriFlux,-166.17,21.6523,-182.065,20.8889,15.89500000000001,15.89500000000001,30.08601400152569,TRUE,-1,-1,FALSE
CA-Ca1,2003,ENF,AmeriFlux,-220.602,95.795,-229.474,30.5262,8.871999999999986,8.871999999999986,100.5411901234514,TRUE,-1,-1,FALSE
CA-Ca1,2004,ENF,AmeriFlux,-197.263,84.5095,-206.177,37.5685,8.913999999999987,8.913999999999987,92.48377037350932,TRUE,-1,-1,FALSE
CA-Ca1,2005,ENF,AmeriFlux,-263.583,51.8797,-264.629,19.4868,1.0459999999999923,1.0459999999999923,55.418757170564554,TRUE,-1,-1,FALSE
CA-Ca1,2006,ENF,AmeriFlux,-260.254,26.6162,-263.598,27.5439,3.343999999999994,3.343999999999994,38.30259168320076,TRUE,-1,-1,FALSE
CA-Ca1,2007,ENF,AmeriFlux,-405.659,17.4377,-429.099,21.4063,23.439999999999998,23.439999999999998,27.609836308460796,TRUE,-1,-1,FALSE
CA-Ca1,2008,ENF,AmeriFlux,-503.957,12.3063,-501.919,13.5472,-2.038000000000011,2.038000000000011,18.302230670877254,TRUE,-1,-1,FALSE
CA-Ca1,2009,ENF,AmeriFlux,-447.861,18.8647,-471.789,30.0035,23.927999999999997,23.927999999999997,35.44131654354844,TRUE,-1,-1,FALSE
CA-Ca1,2010,ENF,AmeriFlux,-553.883,35.0788,-560.822,28.7347,6.9389999999999645,6.9389999999999645,45.34539881322029,TRUE,-1,-1,FALSE
CA-Ca2,2001,ENF,AmeriFlux,578.255,52.0036,646.225,55.2122,-67.97000000000003,67.97000000000003,75.8469606629033,TRUE,1,1,FALSE
CA-Ca2,2002,ENF,AmeriFlux,643.384,42.3364,657.736,30.6667,-14.351999999999975,14.351999999999975,52.27635463428948,TRUE,1,1,FALSE
CA-Ca2,2003,ENF,AmeriFlux,671.253,9.74749,670.151,11.4327,1.1020000000000891,1.1020000000000891,15.023987173520219,TRUE,1,1,FALSE
CA-Ca2,2004,ENF,AmeriFlux,723.18,13.2097,721.863,19.4313,1.3169999999998936,1.3169999999998936,23.496203816361483,TRUE,1,1,FALSE
CA-Ca2,2005,ENF,AmeriFlux,520.207,8.7778,524.287,23.1695,-4.080000000000041,4.080000000000041,24.776511116176142,TRUE,1,1,FALSE
CA-Ca2,2006,ENF,AmeriFlux,535.822,12.2902,533.152,17.136,2.669999999999959,2.669999999999959,21.087709976192293,TRUE,1,1,FALSE
CA-Ca2,2007,ENF,AmeriFlux,517.974,15.2073,517.604,20.8809,0.37000000000000455,0.37000000000000455,25.831646445784287,TRUE,1,1,FALSE
CA-Ca2,2008,ENF,AmeriFlux,535.531,14.6388,536.503,30.0082,-0.9720000000000937,0.9720000000000937,33.38841914017493,TRUE,1,1,FALSE
CA-Ca2,2009,ENF,AmeriFlux,420.4,12.01,397.969,37.7442,22.430999999999983,22.430999999999983,39.6088971525338,TRUE,1,1,FALSE
CA-Ca2,2010,ENF,AmeriFlux,483.29,9.88591,457.626,25.5944,25.664000000000044,25.664000000000044,27.437283536970277,TRUE,1,1,FALSE
CA-Cbo,1996,DBF,AmeriFlux,-61.859,9.59309,-66.0436,21.7962,4.184599999999996,4.184599999999996,23.81389741701471,TRUE,-1,-1,FALSE
CA-Cbo,1997,DBF,AmeriFlux,-321.553,27.8221,-292.278,32.8955,-29.274999999999977,29.274999999999977,43.08344425252002,TRUE,-1,-1,FALSE
CA-Cbo,1998,DBF,AmeriFlux,-192.94,30.4347,-169.63,35.1971,-23.310000000000002,23.310000000000002,46.53070827421392,TRUE,-1,-1,FALSE
CA-Cbo,1999,DBF,AmeriFlux,-39.9297,176.365,-58.2308,57.1374,18.301100000000005,18.301100000000005,185.38957819618665,TRUE,-1,-1,FALSE
CA-Cbo,2000,DBF,AmeriFlux,-120.781,38.0502,-146.268,20.702,25.486999999999995,25.486999999999995,43.31732360199554,TRUE,-1,-1,FALSE
CA-Cbo,2002,DBF,AmeriFlux,-97.4331,50.0936,-52.9312,74.579,-44.5019,44.5019,89.84094835852969,TRUE,-1,-1,FALSE
CA-Cbo,2006,DBF,AmeriFlux,-175.406,22.1266,-102.549,59.5664,-72.857,72.857,63.54323281451771,FALSE,-1,-1,FALSE
CA-Cbo,2009,DBF,AmeriFlux,-266.532,8.0765,-253.794,25.4425,-12.737999999999971,12.737999999999971,26.693644533858617,TRUE,-1,-1,FALSE
CA-Cbo,2010,DBF,AmeriFlux,-265.965,62.1813,-230.237,52.8522,-35.72799999999998,35.72799999999998,81.60802114087805,TRUE,-1,-1,FALSE
CA-Cbo,2011,DBF,AmeriFlux,-191.444,39.3791,-186.067,36.5514,-5.376999999999981,5.376999999999981,53.72818961001757,TRUE,-1,-1,FALSE
CA-Cbo,2012,DBF,AmeriFlux,-373.494,29.6633,-383.982,15.1824,10.488,10.488,33.3229145881629,TRUE,-1,-1,FALSE
CA-Cbo,2013,DBF,AmeriFlux,-412.494,11.8075,-413.798,12.7321,1.3039999999999736,1.3039999999999736,17.364429926144997,TRUE,-1,-1,FALSE
CA-Cbo,2014,DBF,AmeriFlux,-572.604,39.5849,-586.655,39.2731,14.05099999999993,14.05099999999993,55.761462423612954,TRUE,-1,-1,FALSE
CA-Cbo,2015,DBF,AmeriFlux,-368.232,65.3232,-366.261,56.3218,-1.9710000000000036,1.9710000000000036,86.25117746141208,TRUE,-1,-1,FALSE
CA-Cbo,2016,DBF,AmeriFlux,-97.8479,137.418,-99.1535,137.97,1.3055999999999983,1.3055999999999983,194.72911344737335,TRUE,-1,-1,FALSE
CA-Cbo,2017,DBF,AmeriFlux,-408.565,37.6353,-430.884,21.8614,22.319000000000017,22.319000000000017,43.52397748425574,TRUE,-1,-1,FALSE
CA-Cbo,2018,DBF,AmeriFlux,-525.02,15.0802,-525.736,14.2314,0.7160000000000082,0.7160000000000082,20.7351194353927,TRUE,-1,-1,FALSE
CA-Cbo,2019,DBF,AmeriFlux,-405.963,34.9319,-406.737,32.6868,0.7740000000000009,0.7740000000000009,47.83998883622361,TRUE,-1,-1,FALSE
CA-Cbo,2020,DBF,AmeriFlux,-398.185,33.7342,-398.203,31.9182,0.01799999999997226,0.01799999999997226,46.44101356430542,TRUE,-1,-1,FALSE
CA-Cbo,2021,DBF,AmeriFlux,-260.745,38.7238,-242.382,38.6081,-18.363,18.363,54.68197209364344,TRUE,-1,-1,FALSE
CA-Cbo,2022,DBF,AmeriFlux,-437.328,47.6907,-415.267,57.2094,-22.06099999999998,22.06099999999998,74.48032166183226,TRUE,-1,-1,FALSE
CA-Cbo,2023,DBF,AmeriFlux,-278.108,18.998,-271.567,24.1834,-6.540999999999997,6.540999999999997,30.753224864394305,TRUE,-1,-1,FALSE
CA-Cbo,2024,DBF,AmeriFlux,-273.759,21.3745,-260.691,21.2673,-13.06800000000004,13.06800000000004,30.152401223451506,TRUE,-1,-1,FALSE
CA-DB2,2020,WET,AmeriFlux,-130.146,9.54397,-139.146,27.2733,9,9,28.894986697538034,TRUE,-1,-1,FALSE
CA-DB2,2021,WET,AmeriFlux,-67.5487,11.6728,-64.587,17.3243,-2.9616999999999933,2.9616999999999933,20.889845148540473,TRUE,-1,-1,FALSE
CA-DB2,2022,WET,AmeriFlux,123.572,50.7986,134.543,69.8737,-10.971000000000004,10.971000000000004,86.3876826500746,TRUE,1,1,FALSE
CA-DB2,2023,WET,AmeriFlux,58.2534,30.8778,63.7406,22.3561,-5.487200000000001,5.487200000000001,38.12130296894376,TRUE,1,1,FALSE
CA-DB2,2024,WET,AmeriFlux,35.9919,20.5017,37.1072,20.2736,-1.1152999999999977,1.1152999999999977,28.832942268349928,TRUE,1,1,FALSE
CA-DBB,2016,WET,AmeriFlux,-349.625,13.2668,-350.868,13.7043,1.242999999999995,1.242999999999995,19.073956609209322,TRUE,-1,-1,FALSE
CA-DBB,2017,WET,AmeriFlux,-91.1294,18.0636,-89.6294,18.5771,-1.5,1.5,25.91143163489814,TRUE,-1,-1,FALSE
CA-DBB,2018,WET,AmeriFlux,-101.341,17.7224,-104.453,21.1331,3.112000000000009,3.112000000000009,27.580634100216045,TRUE,-1,-1,FALSE
CA-DBB,2019,WET,AmeriFlux,-47.3813,16.1801,-75.2925,19.67,27.9112,27.9112,25.469678757495156,FALSE,-1,-1,FALSE
CA-DBB,2020,WET,AmeriFlux,-64.1056,15.9165,-73.2249,15.5619,9.11930000000001,9.11930000000001,22.260002332883975,TRUE,-1,-1,FALSE
CA-DBB,2021,WET,AmeriFlux,-10.7323,17.0683,-20.3509,18.0029,9.618599999999999,9.618599999999999,24.807887320366483,TRUE,-1,-1,FALSE
CA-DBB,2023,WET,AmeriFlux,12.0139,10.1249,21.8487,9.46333,-9.834800000000001,9.834800000000001,13.858867727880947,TRUE,1,1,FALSE
CA-DBB,2024,WET,AmeriFlux,-7.83464,7.42682,-12.5898,8.16742,4.75516,4.75516,11.039221203001595,TRUE,-1,-1,FALSE
CA-DSM,2022,WET,AmeriFlux,-219.863,24.7185,-227.656,19.9237,7.793000000000006,7.793000000000006,31.74835529503851,TRUE,-1,-1,FALSE
CA-DSM,2023,WET,AmeriFlux,100.937,30.4639,99.1665,31.026,1.7704999999999984,1.7704999999999984,43.48174190634501,TRUE,1,1,FALSE
CA-DSM,2024,WET,AmeriFlux,-77.231,8.15478,-78.0148,10.5081,0.7837999999999994,0.7837999999999994,13.301150418606657,TRUE,-1,-1,FALSE
CA-EM1,2022,WET,AmeriFlux,23.664,8.11279,23.9702,8.00422,-0.3061999999999969,0.3061999999999969,11.396705637705136,TRUE,1,1,FALSE
CA-EM1,2023,WET,AmeriFlux,-47.9435,15.6608,-43.517,23.8805,-4.426499999999997,4.426499999999997,28.557642355243544,TRUE,-1,-1,FALSE
CA-EM2,2022,WET,AmeriFlux,-214.374,9.46051,-214.187,9.54536,-0.1869999999999834,0.1869999999999834,13.439313486547592,TRUE,-1,-1,FALSE
CA-EM2,2023,WET,AmeriFlux,-156.416,20.5779,-159.657,17.7426,3.241000000000014,3.241000000000014,27.17075308433684,TRUE,-1,-1,FALSE
CA-Gro,2004,MF,AmeriFlux,-149.505,14.1737,-149.505,20.0814,0,0,24.579593114004144,TRUE,-1,-1,FALSE
CA-Gro,2005,MF,AmeriFlux,-92.3497,9.63731,-91.208,17.5118,-1.1417000000000002,1.1417000000000002,19.988518786445884,TRUE,-1,-1,FALSE
CA-Gro,2006,MF,AmeriFlux,-54.1109,9.22602,-62.0138,10.2084,7.9029000000000025,7.9029000000000025,13.759755651914752,TRUE,-1,-1,FALSE
CA-Gro,2007,MF,AmeriFlux,-54.6375,7.92231,-55.275,11.5898,0.6374999999999957,0.6374999999999957,14.038748511747762,TRUE,-1,-1,FALSE
CA-Gro,2008,MF,AmeriFlux,-93.5361,12.4081,-92.6557,17.7677,-0.8804000000000087,0.8804000000000087,21.671458393472278,TRUE,-1,-1,FALSE
CA-Gro,2009,MF,AmeriFlux,-144.474,16.9682,-141.741,16.6463,-2.7329999999999757,2.7329999999999757,23.770130730183205,TRUE,-1,-1,FALSE
CA-Gro,2010,MF,AmeriFlux,-221.731,9.85226,-222.762,7.79497,1.031000000000006,1.031000000000006,12.562984693475512,TRUE,-1,-1,FALSE
CA-Gro,2011,MF,AmeriFlux,-153.263,29.3595,-145.539,21.154,-7.724000000000018,7.724000000000018,36.18662675975753,TRUE,-1,-1,FALSE
CA-Gro,2012,MF,AmeriFlux,-139.163,21.619,-130.471,16.7028,-8.692000000000007,8.692000000000007,27.31967585532449,TRUE,-1,-1,FALSE
CA-Gro,2013,MF,AmeriFlux,-106.416,21.389,-102.334,19.5091,-4.081999999999994,4.081999999999994,28.949858441968242,TRUE,-1,-1,FALSE
CA-KLP,2013,WET,AmeriFlux,3.68802,1.27187,3.39174,2.78361,0.2962799999999999,0.2962799999999999,3.06041466618496,TRUE,1,1,FALSE
CA-KLP,2014,WET,AmeriFlux,-39.3197,1.37259,-38.9936,1.4397200000000001,-0.3260999999999967,0.3260999999999967,1.9891699239883958,TRUE,-1,-1,FALSE
CA-KLP,2015,WET,AmeriFlux,-69.0616,1.77683,-70.3549,2.15997,1.2933000000000021,1.2933000000000021,2.7968902820454002,TRUE,-1,-1,FALSE
CA-KLP,2016,WET,AmeriFlux,-89.3363,4.34704,-93.48,6.69921,4.14370000000001,4.14370000000001,7.985998458909193,TRUE,-1,-1,FALSE
CA-KLP,2017,WET,AmeriFlux,-34.391,1.55338,-34.5579,1.97391,0.16689999999999827,0.16689999999999827,2.511834013723837,TRUE,-1,-1,FALSE
CA-LU1,2022,OSH,AmeriFlux,110.884,15.9385,111.251,11.4629,-0.36700000000000443,0.36700000000000443,19.632469499785298,TRUE,1,1,FALSE
CA-Man,1995,ENF,AmeriFlux,-11.5328,4.58927,-6.02409,4.65673,-5.50871,5.50871,6.538083314381975,TRUE,-1,-1,FALSE
CA-Man,1996,ENF,AmeriFlux,9.01506,4.83961,7.48743,6.17068,1.5276300000000003,1.5276300000000003,7.84213724787446,TRUE,1,1,FALSE
CA-Man,1998,ENF,AmeriFlux,-10.6483,4.36902,-13.2624,5.30947,2.6140999999999988,2.6140999999999988,6.8759586561656985,TRUE,-1,-1,FALSE
CA-Man,1999,ENF,AmeriFlux,-46.8462,3.29289,-46.9299,3.50037,0.08370000000000033,0.08370000000000033,4.805800109138956,TRUE,-1,-1,FALSE
CA-Man,2000,ENF,AmeriFlux,27.1643,6.26499,25.0849,7.37208,2.0793999999999997,2.0793999999999997,9.674588530087469,TRUE,1,1,FALSE
CA-Man,2001,ENF,AmeriFlux,-68.5423,3.14112,-69.1402,3.39411,0.5978999999999957,0.5978999999999957,4.624566741490494,TRUE,-1,-1,FALSE
CA-Man,2002,ENF,AmeriFlux,-47.1181,3.16742,-47.291,3.22888,0.1728999999999985,0.1728999999999985,4.52307589045331,TRUE,-1,-1,FALSE
CA-Man,2003,ENF,AmeriFlux,-73.9061,10.3927,-78.4018,8.4027,4.495699999999999,4.495699999999999,13.36463918630054,TRUE,-1,-1,FALSE
CA-Mer,1999,WET,AmeriFlux,-76.9313,8.27265,-85.4821,5.87319,8.55080000000001,8.55080000000001,10.145496478664807,TRUE,-1,-1,FALSE
CA-Mer,2000,WET,AmeriFlux,-109.406,4.39802,-109.863,5.40944,0.45699999999999363,0.45699999999999363,6.9717014446977,TRUE,-1,-1,FALSE
CA-Mer,2001,WET,AmeriFlux,-61.9721,8.14133,-57.9799,14.179,-3.992199999999997,3.992199999999997,16.35008547894781,TRUE,-1,-1,FALSE
CA-Mer,2002,WET,AmeriFlux,-80.8353,5.18074,-85.8358,8.23256,5.000500000000002,5.000500000000002,9.72702992188263,TRUE,-1,-1,FALSE
CA-Mer,2003,WET,AmeriFlux,-68.0008,6.52315,-75.2968,6.77634,7.2960000000000065,7.2960000000000065,9.40586358172922,TRUE,-1,-1,FALSE
CA-Mer,2004,WET,AmeriFlux,-130.113,10.8551,-130.28,10.1384,0.1670000000000016,0.1670000000000016,14.85329426659285,TRUE,-1,-1,FALSE
CA-Mer,2005,WET,AmeriFlux,-108.631,9.92071,-113.331,7.94539,4.700000000000003,4.700000000000003,12.710220657258471,TRUE,-1,-1,FALSE
CA-Mer,2006,WET,AmeriFlux,-133.079,5.02734,-138.933,5.26079,5.853999999999985,5.853999999999985,7.276679112046923,TRUE,-1,-1,FALSE
CA-Mer,2007,WET,AmeriFlux,-74.0538,11.5805,-88.4631,14.2458,14.409300000000002,14.409300000000002,18.358943267247167,TRUE,-1,-1,FALSE
CA-Mer,2008,WET,AmeriFlux,-142.388,4.56438,-134.666,5.10669,-7.722000000000008,7.722000000000008,6.849222404076247,FALSE,-1,-1,FALSE
CA-Mer,2009,WET,AmeriFlux,-119.839,3.19834,-122.303,3.23031,2.4639999999999986,2.4639999999999986,4.545798219421975,TRUE,-1,-1,FALSE
CA-Mer,2010,WET,AmeriFlux,-57.0449,4.82564,-56.8078,5.69635,-0.2370999999999981,0.2370999999999981,7.465601431371756,TRUE,-1,-1,FALSE
CA-Mer,2011,WET,AmeriFlux,-41.7932,7.62607,-56.1111,7.29978,14.317900000000002,14.317900000000002,10.556691323198761,FALSE,-1,-1,FALSE
CA-Mer,2012,WET,AmeriFlux,-78.7621,5.53532,-73.1486,6.07927,-5.613500000000002,5.613500000000002,8.221757186593386,TRUE,-1,-1,FALSE
CA-Mer,2013,WET,AmeriFlux,-86.1755,4.39599,-89.4324,4.5781,3.2569000000000017,3.2569000000000017,6.34694632796749,TRUE,-1,-1,FALSE
CA-Mer,2014,WET,AmeriFlux,-139.923,3.15698,-137.74,3.2249,-2.1829999999999927,2.1829999999999927,4.51292618268901,TRUE,-1,-1,FALSE
CA-Mer,2015,WET,AmeriFlux,-52.6931,8.28551,-59.1825,8.41257,6.489399999999996,6.489399999999996,11.807667422696154,TRUE,-1,-1,FALSE
CA-Mer,2016,WET,AmeriFlux,-10.2224,14.0791,-16.4087,13.0485,6.186299999999999,6.186299999999999,19.19594772497571,TRUE,-1,-1,FALSE
CA-Mer,2017,WET,AmeriFlux,-91.4175,11.7333,-102.809,11.8209,11.391499999999994,11.391499999999994,16.655449729743115,TRUE,-1,-1,FALSE
CA-Mer,2018,WET,AmeriFlux,-52.9439,10.1336,-50.2767,9.04795,-2.667200000000001,2.667200000000001,13.58511126794698,TRUE,-1,-1,FALSE
CA-Mer,2019,WET,AmeriFlux,-69.2184,5.0193,-62.4098,3.94506,-6.8086000000000055,6.8086000000000055,6.384110814639733,FALSE,-1,-1,FALSE
CA-Mer,2020,WET,AmeriFlux,-20.2012,10.7977,-26.9566,8.90529,6.755400000000002,6.755400000000002,13.996232181344379,TRUE,-1,-1,FALSE
CA-Na1,2004,ENF,AmeriFlux,-532.232,19.6124,-535.008,19.6689,2.7760000000000673,2.7760000000000673,27.776102335820987,TRUE,-1,-1,FALSE
CA-Na1,2005,ENF,AmeriFlux,-224.055,29.4025,-229.987,49.17,5.931999999999988,5.931999999999988,57.29045213864174,TRUE,-1,-1,FALSE
CA-PB2,2018,WET,AmeriFlux,51.3287,2.56474,51.6207,2.95816,-0.2920000000000016,0.2920000000000016,3.9151758393717135,TRUE,1,1,FALSE
CA-Qc2,2008,MF,AmeriFlux,-143.503,10.5588,-146.006,10.9875,2.5030000000000143,2.5030000000000143,15.238550248957413,TRUE,-1,-1,FALSE
CA-Qc2,2009,MF,AmeriFlux,-205.048,10.2591,-201.161,10.3733,-3.8870000000000005,3.8870000000000005,14.589533429825643,TRUE,-1,-1,FALSE
CA-Qfo,2004,ENF,AmeriFlux,-29.9058,14.2472,-27.782,14.825,-2.1237999999999992,2.1237999999999992,20.561209420654222,TRUE,-1,-1,FALSE
CA-Qfo,2005,ENF,AmeriFlux,17.298,13.8286,23.1944,17.6119,-5.896400000000003,5.896400000000003,22.392168264149856,TRUE,1,1,FALSE
CA-Qfo,2006,ENF,AmeriFlux,-6.97642,10.2211,-7.00712,12.012,0.030699999999999505,0.030699999999999505,15.772096538190477,TRUE,-1,-1,FALSE
CA-Qfo,2007,ENF,AmeriFlux,12.5391,19.4157,14.3333,20.4388,-1.7942,1.7942,28.190671363591186,TRUE,1,1,FALSE
CA-Qfo,2008,ENF,AmeriFlux,23.9646,16.624,17.177,16.3391,6.787600000000001,6.787600000000001,23.309302109029346,TRUE,1,1,FALSE
CA-Qfo,2009,ENF,AmeriFlux,3.20267,20.1742,2.19314,17.6772,1.0095299999999998,1.0095299999999998,26.823156888778023,TRUE,1,1,FALSE
CA-Qfo,2010,ENF,AmeriFlux,17.2401,13.1148,18.9027,13.2936,-1.6625999999999976,1.6625999999999976,18.67398671949833,TRUE,1,1,FALSE
CA-RBM,2023,WET,AmeriFlux,208.531,6.60192,208.676,6.59242,-0.1449999999999818,0.1449999999999818,9.329809705604932,TRUE,1,1,FALSE
CA-RBM,2024,WET,AmeriFlux,27.3845,10.0098,24.6487,10.6174,2.7357999999999976,2.7357999999999976,14.591959388649627,TRUE,1,1,FALSE
CA-SCB,2016,WET,AmeriFlux,8.91747,2.1875,8.33439,2.18329,0.5830799999999989,0.5830799999999989,3.0906166818452268,TRUE,1,1,FALSE
CA-SJ2,2004,ENF,AmeriFlux,165.86,2.53788,163.359,3.77238,2.5010000000000048,2.5010000000000048,4.546612558685862,TRUE,1,1,FALSE
CA-SJ2,2005,ENF,AmeriFlux,106.777,1.45,108.615,1.6342,-1.8379999999999939,1.8379999999999939,2.1847447539701292,TRUE,1,1,FALSE
CA-SJ2,2006,ENF,AmeriFlux,86.7869,5.21803,92.3481,5.81574,-5.5611999999999995,5.5611999999999995,7.813492741949658,TRUE,1,1,FALSE
CA-SJ2,2007,ENF,AmeriFlux,88.5723,33.5976,84.7667,24.108,3.8055999999999983,3.8055999999999983,41.352078421283736,TRUE,1,1,FALSE
CA-TP1,2009,ENF,AmeriFlux,-147.782,7.45223,-133.646,23.446,-14.136000000000024,14.136000000000024,24.601842369483226,TRUE,-1,-1,FALSE
CA-TP1,2010,ENF,AmeriFlux,-179.486,7.23017,-169.433,59.1491,-10.052999999999997,10.052999999999997,59.58935634019636,TRUE,-1,-1,FALSE
CA-TP1,2011,ENF,AmeriFlux,-227.41,10.9496,-197.489,38.1055,-29.920999999999992,29.920999999999992,39.64748252297994,TRUE,-1,-1,FALSE
CA-TP1,2012,ENF,AmeriFlux,-178.714,7.19006,-164.673,66.2545,-14.040999999999997,14.040999999999997,66.64349730509046,TRUE,-1,-1,FALSE
CA-TP1,2013,ENF,AmeriFlux,-126.173,8.21538,-82.7323,83.6752,-43.44070000000001,43.44070000000001,84.0775330488734,TRUE,-1,-1,FALSE
CA-TP1,2015,ENF,AmeriFlux,-169.54,41.06,-148.124,104.895,-21.415999999999997,21.415999999999997,112.6449493985416,TRUE,-1,-1,FALSE
CA-TP1,2016,ENF,AmeriFlux,357.22,41.071,305.356,194.562,51.86400000000003,51.86400000000003,198.8496891750148,TRUE,1,1,FALSE
CA-TP1,2017,ENF,AmeriFlux,650.941,25.416,628.37,253.279,22.571000000000026,22.571000000000026,254.55102611657256,TRUE,1,1,FALSE
CA-TP1,2018,ENF,AmeriFlux,1203.41,88.1471,1056.64,377.427,146.76999999999998,146.76999999999998,387.58360590640314,TRUE,1,1,FALSE
CA-TP1,2019,ENF,AmeriFlux,624.62,88.0612,547.666,339.492,76.95399999999995,76.95399999999995,350.72723448491996,TRUE,1,1,FALSE
CA-TP1,2020,ENF,AmeriFlux,909.956,77.9449,848.634,426.865,61.322,61.322,433.92296051374143,TRUE,1,1,FALSE
CA-TP1,2021,ENF,AmeriFlux,1210.86,165.97,1018.93,473.882,191.92999999999995,191.92999999999995,502.10575661308644,TRUE,1,1,FALSE
CA-TP1,2022,ENF,AmeriFlux,556.791,101.54,430.056,346.995,126.73500000000007,126.73500000000007,361.54654143692204,TRUE,1,1,FALSE
CA-TP1,2023,ENF,AmeriFlux,454.496,160.785,322.565,327.187,131.93099999999998,131.93099999999998,364.5588418815267,TRUE,1,1,FALSE
CA-TP2,2003,ENF,AmeriFlux,-755.646,87.4612,-760.132,90.882,4.48599999999999,4.48599999999999,126.13088214010081,TRUE,-1,-1,FALSE
CA-TP3,2008,ENF,AmeriFlux,-275.758,22.5205,-290.739,10.0531,14.980999999999995,14.980999999999995,24.66247635295369,TRUE,-1,-1,FALSE
CA-TP3,2009,ENF,AmeriFlux,-425.437,14.2783,-441.017,17.4199,15.579999999999984,15.579999999999984,22.523826648684718,TRUE,-1,-1,FALSE
CA-TP3,2010,ENF,AmeriFlux,-465.493,11.0062,-462.25,13.6393,-3.242999999999995,3.242999999999995,17.526178788600784,TRUE,-1,-1,FALSE
CA-TP3,2011,ENF,AmeriFlux,-374.38,6.85738,-379.51,11.1055,5.1299999999999955,5.1299999999999955,13.052041630120552,TRUE,-1,-1,FALSE
CA-TP3,2012,ENF,AmeriFlux,-403.915,16.9177,-403.682,20.9837,-0.2330000000000041,0.2330000000000041,26.95411358178933,TRUE,-1,-1,FALSE
CA-TP3,2013,ENF,AmeriFlux,-533.758,14.3098,-523.797,21.3988,-9.961000000000013,9.961000000000013,25.74255266052689,TRUE,-1,-1,FALSE
CA-TP3,2014,ENF,AmeriFlux,-656.446,7.31461,-658.087,11.2744,1.6409999999999627,1.6409999999999627,13.43933089153251,TRUE,-1,-1,FALSE
CA-TP3,2015,ENF,AmeriFlux,-747.768,12.2542,-753.263,12.3795,5.4950000000000045,5.4950000000000045,17.41888164865931,TRUE,-1,-1,FALSE
CA-TP3,2016,ENF,AmeriFlux,-545.943,8.58822,-540.365,9.04622,-5.5779999999999745,5.5779999999999745,12.473636961880844,TRUE,-1,-1,FALSE
CA-TP3,2017,ENF,AmeriFlux,-569.37,13.4045,-563.712,15.6838,-5.6580000000000155,5.6580000000000155,20.6315826511201,TRUE,-1,-1,FALSE
CA-TP3,2018,ENF,AmeriFlux,-491.923,8.02601,-497.316,8.41512,5.392999999999972,5.392999999999972,11.628889935608642,TRUE,-1,-1,FALSE
CA-TP3,2019,ENF,AmeriFlux,-648.086,8.48347,-651.983,10.9937,3.8969999999999345,3.8969999999999345,13.88634951781425,TRUE,-1,-1,FALSE
CA-TP3,2020,ENF,AmeriFlux,-757.648,18.0606,-766.258,18.001,8.610000000000014,8.610000000000014,25.4994367263279,TRUE,-1,-1,FALSE
CA-TP3,2021,ENF,AmeriFlux,-530.273,31.9999,-541.954,22.9408,11.680999999999926,11.680999999999926,39.373517808928376,TRUE,-1,-1,FALSE
CA-TP3,2022,ENF,AmeriFlux,-583.421,5.96142,-584.798,6.57908,1.3769999999999527,1.3769999999999527,8.87822178495221,TRUE,-1,-1,FALSE
CA-TP3,2023,ENF,AmeriFlux,-693.269,13.5535,-702.041,9.95402,8.772000000000048,8.772000000000048,16.81606007394122,TRUE,-1,-1,FALSE
CA-TP4,2004,ENF,AmeriFlux,-53.4491,10.912,-59.2836,11.6834,5.8344999999999985,5.8344999999999985,15.986668807478312,TRUE,-1,-1,FALSE
CA-TP4,2005,ENF,AmeriFlux,-74.032,16.9892,-64.9256,18.8102,-9.106399999999994,9.106399999999994,25.346726429264983,TRUE,-1,-1,FALSE
CA-TP4,2006,ENF,AmeriFlux,-132.597,14.6617,-124.673,9.69462,-7.924000000000007,7.924000000000007,17.57700497338497,TRUE,-1,-1,FALSE
CA-TP4,2007,ENF,AmeriFlux,-32.2637,35.5783,-12.4648,54.9069,-19.7989,19.7989,65.42616524373105,TRUE,-1,-1,FALSE
CA-TP4,2008,ENF,AmeriFlux,-78.2934,29.7526,-60.9553,26.8695,-17.338100000000004,17.338100000000004,40.089739797234905,TRUE,-1,-1,FALSE
CA-TP4,2009,ENF,AmeriFlux,-87.9145,24.079,-82.468,24.4852,-5.4465,5.4465,34.341276330969414,TRUE,-1,-1,FALSE
CA-TP4,2010,ENF,AmeriFlux,73.5546,50.2157,91.9392,59.1935,-18.384600000000006,18.384600000000006,77.62401025932633,TRUE,1,1,FALSE
CA-TP4,2011,ENF,AmeriFlux,-208.68,23.4893,-216.464,32.9082,7.783999999999992,7.783999999999992,40.43138436573747,TRUE,-1,-1,FALSE
CA-TP4,2012,ENF,AmeriFlux,-16.2581,13.5771,-17.9036,22.6622,1.645500000000002,1.645500000000002,26.418042191843057,TRUE,-1,-1,FALSE
CA-TP4,2013,ENF,AmeriFlux,-113.805,27.6767,-120.932,27.4335,7.126999999999995,7.126999999999995,38.96917557685818,TRUE,-1,-1,FALSE
CA-TP4,2014,ENF,AmeriFlux,-102.256,46.979,-148.004,47.7637,45.74799999999999,45.74799999999999,66.99550342142373,TRUE,-1,-1,FALSE
CA-TP4,2015,ENF,AmeriFlux,-317.22,12.2344,-325.093,43.318600000000004,7.8729999999999905,7.8729999999999905,45.01312752209071,TRUE,-1,-1,FALSE
CA-TP4,2016,ENF,AmeriFlux,-52.6781,45.4271,-104.314,60.9602,51.63589999999999,51.63589999999999,76.0247814758451,TRUE,-1,-1,FALSE
CA-TP4,2017,ENF,AmeriFlux,-170.443,48.357,-219.379,48.2541,48.93599999999998,48.93599999999998,68.31440269672275,TRUE,-1,-1,FALSE
CA-TP4,2018,ENF,AmeriFlux,30.6334,78.8684,0.42872,67.8256,30.204680000000003,30.204680000000003,104.02180797275155,TRUE,1,1,FALSE
CA-TP4,2019,ENF,AmeriFlux,-143.518,50.3623,-162.671,59.7173,19.15299999999999,19.15299999999999,78.11860969436157,TRUE,-1,-1,FALSE
CA-TP4,2020,ENF,AmeriFlux,-198.832,38.5913,-212.301,45.0597,13.468999999999994,13.468999999999994,59.32676461581231,TRUE,-1,-1,FALSE
CA-TP4,2021,ENF,AmeriFlux,-290.345,21.499,-290.209,22.4584,-0.1360000000000241,0.1360000000000241,31.089977992272686,TRUE,-1,-1,FALSE
CA-TP4,2022,ENF,AmeriFlux,-302.251,14.6454,-297.391,25.5942,-4.859999999999957,4.859999999999957,29.48814702215112,TRUE,-1,-1,FALSE
CA-TP4,2023,ENF,AmeriFlux,-380.025,7.21714,-377.595,7.67194,-2.42999999999995,2.42999999999995,10.533079945732872,TRUE,-1,-1,FALSE
CA-TPA,2021,CRO,AmeriFlux,-436.222,24.3297,-440.358,27.3502,4.136000000000024,4.136000000000024,36.60556982386697,TRUE,-1,-1,FALSE
CA-TPA,2022,CRO,AmeriFlux,12.3298,25.8939,18.2639,28.0838,-5.934099999999999,5.934099999999999,38.19939632572745,TRUE,1,1,FALSE
CA-TPA,2023,CRO,AmeriFlux,-29.0915,16.1556,-30.6983,16.274,1.6067999999999998,1.6067999999999998,22.931342903545794,TRUE,-1,-1,FALSE
CA-TPD,2012,DBF,AmeriFlux,-358.735,19.1392,-354.289,18.9831,-4.446000000000026,4.446000000000026,26.95676282957581,TRUE,-1,-1,FALSE
CA-TPD,2013,DBF,AmeriFlux,-192.565,35.5734,-193.473,41.0894,0.9080000000000155,0.9080000000000155,54.34892436764503,TRUE,-1,-1,FALSE
CA-TPD,2014,DBF,AmeriFlux,-366.606,21.6033,-370.525,21.086,3.9189999999999827,3.9189999999999827,30.188109693884446,TRUE,-1,-1,FALSE
CA-TPD,2015,DBF,AmeriFlux,-103.323,9.11706,-100.981,9.50818,-2.3419999999999987,2.3419999999999987,13.172937028468633,TRUE,-1,-1,FALSE
CA-TPD,2016,DBF,AmeriFlux,-185.332,11.3185,-186.286,11.2151,0.9540000000000077,0.9540000000000077,15.93382911481104,TRUE,-1,-1,FALSE
CA-TPD,2017,DBF,AmeriFlux,-317.329,11.2645,-317.335,13.2894,0.005999999999971806,0.005999999999971806,17.421168520222746,TRUE,-1,-1,FALSE
CA-TPD,2018,DBF,AmeriFlux,-192.259,20.5625,-195.547,15.9216,3.288000000000011,3.288000000000011,26.006033007938754,TRUE,-1,-1,FALSE
CA-TPD,2019,DBF,AmeriFlux,-420.868,58.0142,-424.772,56.103,3.9039999999999964,3.9039999999999964,80.70436178200036,TRUE,-1,-1,FALSE
CA-TPD,2020,DBF,AmeriFlux,-137.338,18.883,-117.605,19.3785,-19.73299999999999,19.73299999999999,27.05723473028979,TRUE,-1,-1,FALSE
CA-TPD,2021,DBF,AmeriFlux,383.657,27.1525,385.862,27.3359,-2.205000000000041,2.205000000000041,38.52933538305585,TRUE,1,1,FALSE
CA-TPD,2022,DBF,AmeriFlux,-269.732,13.6394,-259.04,19.2499,-10.692000000000007,10.692000000000007,23.592199608557063,TRUE,-1,-1,FALSE
CA-TPD,2023,DBF,AmeriFlux,-255.196,40.8541,-242.923,41.8998,-12.272999999999996,12.272999999999996,58.52051543561454,TRUE,-1,-1,FALSE
CH-Aws,2015,GRA,ICOS,-43.4265,63.5345,-87.1374,49.582,43.7109,43.7109,80.59160883274387,TRUE,-1,-1,FALSE
CH-Aws,2016,GRA,ICOS,-184.399,97.0295,-243.977,109.205,59.578,59.578,146.08372905717462,TRUE,-1,-1,FALSE
CH-Aws,2017,GRA,ICOS,-258.204,22.0951,-308.736,43.6092,50.53199999999998,50.53199999999998,48.887173866465226,FALSE,-1,-1,FALSE
CH-Aws,2018,GRA,ICOS,-391.184,82.5999,-404.119,82.8645,12.935000000000002,12.935000000000002,117.00114888435927,TRUE,-1,-1,FALSE
CH-Aws,2019,GRA,ICOS,-304.769,23.4693,-310.653,44.3552,5.8840000000000146,5.8840000000000146,50.18158835200417,TRUE,-1,-1,FALSE
CH-Aws,2020,GRA,ICOS,-404.753,98.4712,-411.4,76.7768,6.646999999999991,6.646999999999991,124.86494403026013,TRUE,-1,-1,FALSE
CH-Aws,2021,GRA,ICOS,-419.792,95.3759,-429.447,106.694,9.65500000000003,9.65500000000003,143.1089512812179,TRUE,-1,-1,FALSE
CH-Aws,2022,GRA,ICOS,-147.005,29.7215,-72.4965,44.3746,-74.5085,74.5085,53.40854507857334,FALSE,-1,-1,FALSE
CH-Aws,2023,GRA,ICOS,-382.267,37.943600000000004,-428.588,59.9979,46.321000000000026,46.321000000000026,70.98918780610185,TRUE,-1,-1,FALSE
CH-Aws,2024,GRA,ICOS,184.528,82.156,233.156,78.5888,-48.628000000000014,48.628000000000014,113.6917227481403,TRUE,1,1,FALSE
CH-Cha,2006,GRA,ICOS,159.858,34.2428,179.585,39.1838,-19.727000000000004,19.727000000000004,52.03786635018773,TRUE,1,1,FALSE
CH-Cha,2007,GRA,ICOS,242.891,75.6427,254.211,109.117,-11.320000000000022,11.320000000000022,132.7717505807994,TRUE,1,1,FALSE
CH-Cha,2008,GRA,ICOS,74.1089,52.9022,37.7064,170.562,36.4025,36.4025,178.57782227600381,TRUE,1,1,FALSE
CH-Cha,2010,GRA,ICOS,152.574,82.2823,118.794,75.827,33.780000000000015,33.780000000000015,111.89330106083206,TRUE,1,1,FALSE
CH-Cha,2011,GRA,ICOS,103.217,67.2528,124.613,53.3013,-21.396,21.396,85.81356355221475,TRUE,1,1,FALSE
CH-Cha,2012,GRA,ICOS,569.324,NA,594.462,NA,-25.138000000000034,25.138000000000034,NA,NA,1,1,FALSE
CH-Cha,2013,GRA,ICOS,-333.534,65.5885,-296.176,99.966,-37.358000000000004,37.358000000000004,119.56191905556719,TRUE,-1,-1,FALSE
CH-Cha,2014,GRA,ICOS,-189.757,115.512,-184.701,92.8633,-5.056000000000012,5.056000000000012,148.21138495706057,TRUE,-1,-1,FALSE
CH-Cha,2015,GRA,ICOS,-63.9035,57.0682,-92.5223,45.8203,28.6188,28.6188,73.18660631105939,TRUE,-1,-1,FALSE
CH-Cha,2016,GRA,ICOS,-96.4501,79.4089,-13.8193,75.9287,-82.63080000000001,82.63080000000001,109.86783370441051,TRUE,-1,-1,FALSE
CH-Cha,2017,GRA,ICOS,-275.62,124.353,-224.836,119.72,-50.78399999999999,50.78399999999999,172.61676340668654,TRUE,-1,-1,FALSE
CH-Cha,2018,GRA,ICOS,351.049,95.9784,364.436,117.085,-13.387,13.387,151.3960055336996,TRUE,1,1,FALSE
CH-Cha,2019,GRA,ICOS,74.211,100.739,102.213,102.346,-28.001999999999995,28.001999999999995,143.60727640687293,TRUE,1,1,FALSE
CH-Cha,2020,GRA,ICOS,-2.22881,33.7727,32.4684,40.2607,-34.697210000000005,34.697210000000005,52.550159179397355,TRUE,-1,1,TRUE
CH-Cha,2021,GRA,ICOS,72.1235,53.15,72.7638,45.6684,-0.6402999999999963,0.6402999999999963,70.07514008947823,TRUE,1,1,FALSE
CH-Cha,2022,GRA,ICOS,-314.048,38.5287,-354.207,34.5962,40.15899999999999,40.15899999999999,51.78182864799195,TRUE,-1,-1,FALSE
CH-Cha,2023,GRA,ICOS,-161.585,31.9002,-126.337,36.4723,-35.248000000000005,35.248000000000005,48.45463267150004,TRUE,-1,-1,FALSE
CH-Cha,2024,GRA,ICOS,4.19078,24.7191,-6.99178,53.5569,11.18256,11.18256,58.986230956215536,TRUE,1,-1,TRUE
CH-Fru,2006,GRA,ICOS,-451.173,74.1276,-453.969,80.2736,2.7959999999999923,2.7959999999999923,109.26459599852095,TRUE,-1,-1,FALSE
CH-Fru,2007,GRA,ICOS,-519.363,39.7893,-486.024,40.4076,-33.339000000000055,33.339000000000055,56.70945716765414,TRUE,-1,-1,FALSE
CH-Fru,2008,GRA,ICOS,-407.672,51.1043,-405.494,54.3173,-2.1779999999999973,2.1779999999999973,74.57894178506423,TRUE,-1,-1,FALSE
CH-Fru,2011,GRA,ICOS,-153.276,99.3021,-196.648,138.746,43.371999999999986,43.371999999999986,170.62051336345814,TRUE,-1,-1,FALSE
CH-Fru,2012,GRA,ICOS,-382.369,69.047,-393.9,97.7989,11.530999999999949,11.530999999999949,119.71680354156638,TRUE,-1,-1,FALSE
CH-Fru,2013,GRA,ICOS,-144.799,85.2151,-104.778,86.0899,-40.021,40.021,121.13250657862241,TRUE,-1,-1,FALSE
CH-Fru,2014,GRA,ICOS,-122.588,125.504,-146.591,121.055,24.003000000000014,24.003000000000014,174.3719215957661,TRUE,-1,-1,FALSE
CH-Fru,2015,GRA,ICOS,-199.116,72.3459,-149.525,68.4219,-49.59100000000001,49.59100000000001,99.57653160469086,TRUE,-1,-1,FALSE
CH-Fru,2016,GRA,ICOS,-362.428,71.015,-325.668,79.6918,-36.75999999999999,36.75999999999999,106.74227471925076,TRUE,-1,-1,FALSE
CH-Fru,2017,GRA,ICOS,-624.485,90.4474,-585.116,83.4483,-39.36900000000003,39.36900000000003,123.06238637231931,TRUE,-1,-1,FALSE
CH-Fru,2018,GRA,ICOS,-488.788,76.2728,-529.035,80.1041,40.24699999999996,40.24699999999996,110.6083489464064,TRUE,-1,-1,FALSE
CH-Fru,2019,GRA,ICOS,-553.877,107.863,-487.781,114.931,-66.09599999999995,66.09599999999995,157.61840479461782,TRUE,-1,-1,FALSE
CH-Fru,2020,GRA,ICOS,-707.418,154.557,-647.123,157.454,-60.29499999999996,60.29499999999996,220.63460373431906,TRUE,-1,-1,FALSE
CH-Fru,2021,GRA,ICOS,-619.448,76.1264,-646.13,71.6068,26.682000000000016,26.682000000000016,104.51202123775045,TRUE,-1,-1,FALSE
CH-Fru,2022,GRA,ICOS,-198.307,73.1176,-182.19,136.378,-16.11699999999999,16.11699999999999,154.74218013767285,TRUE,-1,-1,FALSE
CH-Fru,2023,GRA,ICOS,221.992,116.605,224.419,138.201,-2.427000000000021,2.427000000000021,180.82102318591166,TRUE,1,1,FALSE
CH-Fru,2024,GRA,ICOS,-8.33272,153.037,-8.77965,167.652,0.44693000000000005,0.44693000000000005,226.99673229586367,TRUE,-1,-1,FALSE
CH-Lae,2005,MF,ICOS,-158.238,265.234,59.948,221.735,-218.186,218.186,345.71011697808325,TRUE,-1,1,TRUE
CH-Lae,2006,MF,ICOS,-124.19,98.3797,-49.4554,110.025,-74.7346,74.7346,147.59426139620064,TRUE,-1,-1,FALSE
CH-Lae,2007,MF,ICOS,-352.357,96.2869,-250.64,163.494,-101.71700000000004,101.71700000000004,189.74049422200312,TRUE,-1,-1,FALSE
CH-Lae,2008,MF,ICOS,-200.769,41.725,-208.278,45.1889,7.508999999999986,7.508999999999986,61.50619731547383,TRUE,-1,-1,FALSE
CH-Lae,2009,MF,ICOS,-269.834,63.5418,-226.691,120.407,-43.143,43.143,136.1447979037025,TRUE,-1,-1,FALSE
CH-Lae,2010,MF,ICOS,-441.299,66.843,-447.535,83.4281,6.236000000000047,6.236000000000047,106.90292100129912,TRUE,-1,-1,FALSE
CH-Lae,2011,MF,ICOS,-516.544,45.9256,-493.066,140.548,-23.47800000000001,23.47800000000001,147.8610869680052,TRUE,-1,-1,FALSE
CH-Lae,2012,MF,ICOS,-679.688,43.8903,-492.316,149.747,-187.372,187.372,156.0465393499324,FALSE,-1,-1,FALSE
CH-Lae,2013,MF,ICOS,-544.612,76.9429,-521.375,75.2128,-23.236999999999966,23.236999999999966,107.59728223449697,TRUE,-1,-1,FALSE
CH-Lae,2014,MF,ICOS,-592.025,40.59,-540.861,90.9286,-51.16399999999999,51.16399999999999,99.57689690867053,TRUE,-1,-1,FALSE
CH-Lae,2015,MF,ICOS,-334.749,125.026,-252.251,179.442,-82.49800000000002,82.49800000000002,218.7028395791879,TRUE,-1,-1,FALSE
CH-Lae,2016,MF,ICOS,-81.3922,113.715,-69.6155,164.021,-11.776700000000005,11.776700000000005,199.584542652982,TRUE,-1,-1,FALSE
CH-Lae,2017,MF,ICOS,288.395,29.4382,286.661,55.1302,1.7339999999999804,1.7339999999999804,62.497572523098846,TRUE,1,1,FALSE
CH-Lae,2018,MF,ICOS,-51.6648,125.905,-179.213,143.977,127.5482,127.5482,191.26276572819918,TRUE,-1,-1,FALSE
CH-Lae,2019,MF,ICOS,-95.4482,45.346,-76.7338,118.432,-18.714399999999998,18.714399999999998,126.81639617967386,TRUE,-1,-1,FALSE
CH-Lae,2020,MF,ICOS,-319.921,67.6083,-414.116,50.3802,94.195,94.195,84.31516341044475,FALSE,-1,-1,FALSE
CH-Lae,2021,MF,ICOS,39.7708,58.4241,100.089,44.1692,-60.3182,60.3182,73.24133866505991,TRUE,1,1,FALSE
CH-Lae,2022,MF,ICOS,-11.3696,43.5727,-50.8787,51.8768,39.509100000000004,39.509100000000004,67.7479340166916,TRUE,-1,-1,FALSE
CH-Lae,2023,MF,ICOS,352.232,81.8652,200.669,177.465,151.56300000000002,151.56300000000002,195.43729735145234,TRUE,1,1,FALSE
CH-Lae,2024,MF,ICOS,105.366,46.0568,85.1175,123.78,20.248499999999993,20.248499999999993,132.0708795542757,TRUE,1,1,FALSE
CH-Oe1,2002,GRA,ICOS,-599.483,12.0418,-602.486,12.245,3.0030000000000427,3.0030000000000427,17.173962042580623,TRUE,-1,-1,FALSE
CH-Oe1,2003,GRA,ICOS,-126.694,30.1509,-120.979,28.602,-5.715000000000003,5.715000000000003,41.55900834728856,TRUE,-1,-1,FALSE
CH-Oe1,2004,GRA,ICOS,-521.109,11.1578,-516.94,10.4678,-4.168999999999983,4.168999999999983,15.299390108105618,TRUE,-1,-1,FALSE
CH-Oe1,2005,GRA,ICOS,-203.338,9.92778,-198.034,10.4337,-5.304000000000002,5.304000000000002,14.402184258590779,TRUE,-1,-1,FALSE
CH-Oe1,2006,GRA,ICOS,-302.966,9.9746,-288.151,10.3383,-14.814999999999998,14.814999999999998,14.365691492232457,FALSE,-1,-1,FALSE
CH-Oe1,2007,GRA,ICOS,-425.514,8.63036,-419.39,9.37665,-6.124000000000024,6.124000000000024,12.743809436432262,TRUE,-1,-1,FALSE
CH-Oe1,2008,GRA,ICOS,5.50027,9.59942,7.97106,9.69055,-2.470789999999999,2.470789999999999,13.640220806090348,TRUE,1,1,FALSE
CH-Oe1,2009,GRA,ICOS,-433.544,11.1918,-425.608,11.8243,-7.935999999999979,7.935999999999979,16.280984544246703,TRUE,-1,-1,FALSE
CH-Oe1,2010,GRA,ICOS,-299.773,11.1521,-287.629,15.521,-12.144000000000005,12.144000000000005,19.11205837710842,TRUE,-1,-1,FALSE
CH-Oe1,2011,GRA,ICOS,-229.185,27.5153,-215.907,26.2508,-13.277999999999992,13.277999999999992,38.02888684579132,TRUE,-1,-1,FALSE
CH-Oe2,2004,CRO,ICOS,-250.522,NA,-255.307,NA,4.784999999999997,4.784999999999997,NA,NA,-1,-1,FALSE
CH-Oe2,2005,CRO,ICOS,-167.096,NA,-167.274,NA,0.17799999999999727,0.17799999999999727,NA,NA,-1,-1,FALSE
CH-Oe2,2006,CRO,ICOS,367.488,NA,367.609,NA,-0.1209999999999809,0.1209999999999809,NA,NA,1,1,FALSE
CH-Oe2,2007,CRO,ICOS,68.5667,NA,68.9232,NA,-0.35649999999999693,0.35649999999999693,NA,NA,1,1,FALSE
CH-Oe2,2008,CRO,ICOS,35.6378,NA,37.3492,NA,-1.7114000000000047,1.7114000000000047,NA,NA,1,1,FALSE
CH-Oe2,2009,CRO,ICOS,-272.955,13.2093,-253.851,13.0265,-19.103999999999985,19.103999999999985,18.55196239592998,FALSE,-1,-1,FALSE
CH-Oe2,2010,CRO,ICOS,733.284,13.0578,753.571,13.4954,-20.287000000000035,20.287000000000035,18.778497330723777,FALSE,1,1,FALSE
CH-Oe2,2011,CRO,ICOS,-342.087,10.5605,-331.003,10.4065,-11.084000000000003,11.084000000000003,14.826307783801063,TRUE,-1,-1,FALSE
CH-Oe2,2012,CRO,ICOS,-229.119,21.4607,-229.381,21.9858,0.26200000000000045,0.26200000000000045,30.723558487421343,TRUE,-1,-1,FALSE
CH-Oe2,2013,CRO,ICOS,-23.596,20.3317,-27.1334,21.8559,3.5374000000000017,3.5374000000000017,29.850601161450665,TRUE,-1,-1,FALSE
CH-Oe2,2014,CRO,ICOS,-176.382,11.7465,-173.234,15.6459,-3.147999999999996,3.147999999999996,19.564622384804668,TRUE,-1,-1,FALSE
CH-Oe2,2015,CRO,ICOS,-233.371,43.5927,-236.657,42.7409,3.2860000000000014,3.2860000000000014,61.050045258787485,TRUE,-1,-1,FALSE
CH-Oe2,2016,CRO,ICOS,669.252,27.3486,691.219,34.8584,-21.967000000000098,21.967000000000098,44.30636492108104,TRUE,1,1,FALSE
CH-Oe2,2017,CRO,ICOS,-233.329,20.7867,-250.786,15.0598,17.456999999999994,17.456999999999994,25.66874505950768,TRUE,-1,-1,FALSE
CH-Oe2,2018,CRO,ICOS,388.038,17.6132,394.049,17.7834,-6.010999999999967,6.010999999999967,25.02946523200206,TRUE,1,1,FALSE
CH-Oe2,2019,CRO,ICOS,-93.1003,12.891,-85.5941,12.4485,-7.506200000000007,7.506200000000007,17.920464091367723,TRUE,-1,-1,FALSE
CH-Oe2,2020,CRO,ICOS,229.373,25.2717,226.801,26.7395,2.5720000000000027,2.5720000000000027,36.79211438800439,TRUE,1,1,FALSE
CH-Oe2,2021,CRO,ICOS,-420.367,15.1705,-415.613,21.2641,-4.754000000000019,4.754000000000019,26.120988095016617,TRUE,-1,-1,FALSE
CH-Oe2,2022,CRO,ICOS,-95.1505,30.3874,-139.429,31.063,44.27850000000001,44.27850000000001,43.4546205570823,FALSE,-1,-1,FALSE
CH-Oe2,2023,CRO,ICOS,-200.99,26.5632,-201.685,29.2896,0.6949999999999932,0.6949999999999932,39.54091883606146,TRUE,-1,-1,FALSE
CH-Oe2,2024,CRO,ICOS,66.3437,8.84401,66.069,9.1362,0.2746999999999957,0.2746999999999957,12.715607076349128,TRUE,1,1,FALSE
CH-Oe3,2003,GRA,ICOS,-81.5021,53.7766,-68.3846,48.1709,-13.117499999999993,13.117499999999993,72.19666414987607,TRUE,-1,-1,FALSE
CH-Oe3,2004,GRA,ICOS,-312.555,26.1599,-317.406,31.2906,4.850999999999999,4.850999999999999,40.78531618573037,TRUE,-1,-1,FALSE
CH-Oe3,2005,GRA,ICOS,-173.534,17.8238,-177.885,16.1029,4.350999999999999,4.350999999999999,24.020641849251238,TRUE,-1,-1,FALSE
CH-Oe3,2006,GRA,ICOS,-273.646,18.6996,-258.419,16.2486,-15.227000000000032,15.227000000000032,24.77280852305608,TRUE,-1,-1,FALSE
CH-Oe3,2007,GRA,ICOS,-426.276,8.46816,-420.774,8.461,-5.5020000000000095,5.5020000000000095,11.97072490643737,TRUE,-1,-1,FALSE
CH-Oe3,2008,GRA,ICOS,-189.954,9.1819,-190.807,10.2491,0.8529999999999802,0.8529999999999802,13.760499206787522,TRUE,-1,-1,FALSE
CH-Oe3,2009,GRA,ICOS,-312.986,32.5595,-313.327,32.1515,0.3410000000000082,0.3410000000000082,45.75849639684416,TRUE,-1,-1,FALSE
CH-Oe3,2010,GRA,ICOS,-75.8125,15.2068,-73.4218,16.2062,-2.3906999999999954,2.3906999999999954,22.223583974687788,TRUE,-1,-1,FALSE
CH-Oe3,2011,GRA,ICOS,-277.038,11.8863,-259.149,12.6122,-17.88900000000001,17.88900000000001,17.330658283227443,FALSE,-1,-1,FALSE
CH-Rh1,2019,GRA,ICOS,86.6919,75.6132,202.466,103.512,-115.7741,115.7741,128.18771453708035,TRUE,1,1,FALSE
CH-Rh1,2020,GRA,ICOS,59.8304,62.139,99.8787,60.8669,-40.0483,40.0483,86.98295716179119,TRUE,1,1,FALSE
CH-Rh1,2021,GRA,ICOS,-171.342,108.17,-60.8681,85.4973,-110.47390000000001,110.47390000000001,137.87870469107983,TRUE,-1,-1,FALSE
CH-Rh2,2019,GRA,ICOS,-975.974,172.049,-973.276,188.85,-2.6980000000000928,2.6980000000000928,255.47050886746203,TRUE,-1,-1,FALSE
CH-Rh2,2020,GRA,ICOS,-182.871,70.9664,-189.576,74.1251,6.704999999999984,6.704999999999984,102.6194931724475,TRUE,-1,-1,FALSE
CH-Rh2,2021,GRA,ICOS,-335.161,87.8248,-378.365,84.0972,43.20400000000001,43.20400000000001,121.59578340912977,TRUE,-1,-1,FALSE
CH-Rtb,2010,GRA,ICOS,-383.642,22.1958,-373.994,69.292,-9.647999999999968,9.647999999999968,72.76011820798534,TRUE,-1,-1,FALSE
CH-Rtb,2011,GRA,ICOS,-596.093,14.0323,-563.064,42.8363,-33.028999999999996,33.028999999999996,45.07609167818346,TRUE,-1,-1,FALSE
CH-Rtb,2012,GRA,ICOS,-366.13,14.3718,-334.508,112.216,-31.622000000000014,31.622000000000014,113.13257396187889,TRUE,-1,-1,FALSE
CH-Rtb,2013,GRA,ICOS,-402.38,11.8884,-370.192,78.5739,-32.18799999999999,32.18799999999999,79.46818115302501,TRUE,-1,-1,FALSE
CH-Rtb,2014,GRA,ICOS,-669.343,66.976,-645.03,85.3097,-24.312999999999988,24.312999999999988,108.45980587337412,TRUE,-1,-1,FALSE
CH-Rtb,2015,GRA,ICOS,-517.544,18.5214,-479.277,80.6374,-38.266999999999996,38.266999999999996,82.7371291302762,TRUE,-1,-1,FALSE
CH-Rtb,2016,GRA,ICOS,-459.975,64.0076,-564.822,57.0789,104.84699999999998,104.84699999999998,85.76114319999472,FALSE,-1,-1,FALSE
CH-Rtb,2017,GRA,ICOS,-590.05,73.0043,-593.588,34.4283,3.538000000000011,3.538000000000011,80.71515136193452,TRUE,-1,-1,FALSE
CH-Rtb,2018,GRA,ICOS,-251.756,143.632,-419.483,87.0063,167.727,167.727,167.92929364375354,TRUE,-1,-1,FALSE
CH-Rtb,2019,GRA,ICOS,-476.632,130.698,-622.892,116.694,146.26000000000005,146.26000000000005,175.2126046835672,TRUE,-1,-1,FALSE
CH-Rtb,2020,GRA,ICOS,-530.432,130.852,-640.361,55.5767,109.92899999999997,109.92899999999997,142.16545110148948,TRUE,-1,-1,FALSE
CH-Rtb,2021,GRA,ICOS,-301.126,114.119,-437.29,90.9165,136.16400000000004,136.16400000000004,145.90735462357614,TRUE,-1,-1,FALSE
CH-Rtb,2022,GRA,ICOS,-510.782,105.581,-521.691,105.515,10.909000000000049,10.909000000000049,149.26742037698648,TRUE,-1,-1,FALSE
CL-ACF,2019,ENF,AmeriFlux,201.391,97.8703,211.402,104.051,-10.010999999999996,10.010999999999996,142.84679283445604,TRUE,1,1,FALSE
CL-ACF,2020,ENF,AmeriFlux,265.496,68.9528,224.98,77.9158,40.51599999999999,40.51599999999999,104.0449927554421,TRUE,1,1,FALSE
CL-SDF,2014,EBF,AmeriFlux,-419.044,39.1819,-415.891,59.9348,-3.152999999999963,3.152999999999963,71.60587642540241,TRUE,-1,-1,FALSE
CL-SDF,2018,EBF,AmeriFlux,-172.478,57.955,-134.027,52.2079,-38.45100000000002,38.45100000000002,78.00286435388126,TRUE,-1,-1,FALSE
CL-SDF,2019,EBF,AmeriFlux,-191.817,62.4484,-177.443,38.678,-14.373999999999995,14.373999999999995,73.45604363536059,TRUE,-1,-1,FALSE
CL-SDF,2020,EBF,AmeriFlux,-19.2829,78.46,-32.2482,47.2018,12.965299999999996,12.965299999999996,91.56408424289515,TRUE,-1,-1,FALSE
CL-SDP,2015,WET,AmeriFlux,199.583,3.79425,198.351,3.68548,1.2319999999999993,1.2319999999999993,5.289527000866902,TRUE,1,1,FALSE
CL-SDP,2016,WET,AmeriFlux,115.612,6.03328,115.473,6.4431,0.1389999999999958,0.1389999999999958,8.826891025066526,TRUE,1,1,FALSE
CL-SDP,2017,WET,AmeriFlux,67.3135,7.80945,67.0463,8.71145,0.26720000000000255,0.26720000000000255,11.69943889274182,TRUE,1,1,FALSE
CL-SDP,2018,WET,AmeriFlux,97.8241,3.56663,97.4378,4.09676,0.38630000000000564,0.38630000000000564,5.43178534687261,TRUE,1,1,FALSE
CL-SDP,2019,WET,AmeriFlux,40.9867,7.67477,45.2596,5.68865,-4.2729,4.2729,9.553158293224287,TRUE,1,1,FALSE
CL-SDP,2020,WET,AmeriFlux,-2.80559,7.19805,-0.924856,7.09318,-1.880734,1.880734,10.105697715393035,TRUE,-1,-1,FALSE
CL-SDP,2021,WET,AmeriFlux,145.843,10.3236,149.413,8.19002,-3.5700000000000216,3.5700000000000216,13.177751878086035,TRUE,1,1,FALSE
CN-Aro,2014,GRA,ICOS,-108.342,58.5568,-131.068,46.3797,22.726000000000013,22.726000000000013,74.69923291661033,TRUE,-1,-1,FALSE
CN-Aro,2015,GRA,ICOS,-88.1789,47.2659,-87.6724,64.175,-0.5065000000000026,0.5065000000000026,79.70254655787355,TRUE,-1,-1,FALSE
CN-Aro,2016,GRA,ICOS,-215.801,25.574,-217.016,36.8728,1.2150000000000034,1.2150000000000034,44.873520653498986,TRUE,-1,-1,FALSE
CN-Aro,2017,GRA,ICOS,-208.778,37.0762,-198.437,50.0818,-10.34099999999998,10.34099999999998,62.3123687375147,TRUE,-1,-1,FALSE
CN-Aro,2018,GRA,ICOS,-221.777,22.0788,-186.778,27.2339,-34.998999999999995,34.998999999999995,35.05935992926853,TRUE,-1,-1,FALSE
CN-Aro,2019,GRA,ICOS,-485.953,9.73962,-471.843,23.072,-14.109999999999957,14.109999999999957,25.043509772881276,TRUE,-1,-1,FALSE
CN-Aro,2020,GRA,ICOS,-484.022,10.3996,-470.648,12.5827,-13.373999999999967,13.373999999999967,16.324093219839195,TRUE,-1,-1,FALSE
CN-Aro,2021,GRA,ICOS,-466.326,12.1969,-460.709,12.8478,-5.617000000000019,5.617000000000019,17.715257109339397,TRUE,-1,-1,FALSE
CN-Aro,2022,GRA,ICOS,-422.007,12.2727,-414.921,19.1917,-7.086000000000013,7.086000000000013,22.78026589353162,TRUE,-1,-1,FALSE
CN-Aro,2023,GRA,ICOS,-485.385,25.7504,-483.426,11.7244,-1.9590000000000032,1.9590000000000032,28.29389784953639,TRUE,-1,-1,FALSE
CN-Aro,2024,GRA,ICOS,-562.392,17.2816,-571.58,15.6235,9.187999999999988,9.187999999999988,23.29694080367635,TRUE,-1,-1,FALSE
CN-Ash,2009,EBF,ICOS,-1472.51,69.9622,-1541.9,90.9683,69.3900000000001,69.3900000000001,114.76036351340997,TRUE,-1,-1,FALSE
CN-Ash,2010,EBF,ICOS,-1712.03,73.9239,-1786.49,119.747,74.46000000000004,74.46000000000004,140.72699456824196,TRUE,-1,-1,FALSE
CN-Ash,2011,EBF,ICOS,-1863.35,75.3053,-1894.14,106.737,30.79000000000019,30.79000000000019,130.62800380121408,TRUE,-1,-1,FALSE
CN-Ash,2012,EBF,ICOS,-1390.52,58.1695,-1454.08,98.1176,63.559999999999945,63.559999999999945,114.06469287211533,TRUE,-1,-1,FALSE
CN-Ash,2013,EBF,ICOS,-1373.68,71.8156,-1377.01,92.2282,3.3299999999999272,3.3299999999999272,116.89106586305046,TRUE,-1,-1,FALSE
CN-Ash,2014,EBF,ICOS,-1337.8,64.1673,-1339.91,66.3517,2.1100000000001273,2.1100000000001273,92.30379451669361,TRUE,-1,-1,FALSE
CN-Ash,2015,EBF,ICOS,-947.498,50.6803,-968.61,53.9027,21.111999999999966,21.111999999999966,73.98644386223737,TRUE,-1,-1,FALSE
CN-Ash,2016,EBF,ICOS,-1199.93,106.189,-1205.59,110.045,5.6599999999998545,5.6599999999998545,152.9248369167023,TRUE,-1,-1,FALSE
CN-Ash,2017,EBF,ICOS,-1121.11,58.8362,-1117.1,65.9928,-4.009999999999991,4.009999999999991,88.41237516479241,TRUE,-1,-1,FALSE
CN-Ash,2018,EBF,ICOS,-1157.79,79.0316,-1124.41,71.4835,-33.37999999999988,33.37999999999988,106.56399284378378,TRUE,-1,-1,FALSE
CN-Ash,2019,EBF,ICOS,-1773.45,52.6357,-1697.73,56.128,-75.72000000000003,75.72000000000003,76.94718512388872,TRUE,-1,-1,FALSE
CN-BeO,2012,MF,ICOS,28.5312,11.7938,18.0699,11.4913,10.461299999999998,10.461299999999998,16.466441453149493,TRUE,1,1,FALSE
CN-BeO,2013,MF,ICOS,-28.2106,53.9072,32.2945,66.2389,-60.5051,60.5051,85.4024477696629,TRUE,-1,1,TRUE
CN-BeO,2014,MF,ICOS,7.16836,26.5403,15.1041,17.172,-7.935740000000001,7.935740000000001,31.611154804752072,TRUE,1,1,FALSE
CN-BeO,2015,MF,ICOS,-72.3744,12.7713,-72.7819,14.4508,0.40749999999999886,0.40749999999999886,19.285531476472197,TRUE,-1,-1,FALSE
CN-BeO,2016,MF,ICOS,22.6344,52.765,28.0127,60.4705,-5.378299999999999,5.378299999999999,80.25476057686548,TRUE,1,1,FALSE
CN-BeO,2017,MF,ICOS,-129.51,89.0411,-141.58,58.9433,12.070000000000022,12.070000000000022,106.78309840091737,TRUE,-1,-1,FALSE
CN-BeO,2018,MF,ICOS,4.18159,59.4486,-23.8029,58.1998,27.98449,27.98449,83.19466787000235,TRUE,1,-1,TRUE
CN-BeO,2019,MF,ICOS,-95.1065,40.5353,-100.592,43.7976,5.485500000000002,5.485500000000002,59.676966342551296,TRUE,-1,-1,FALSE
CN-BeO,2020,MF,ICOS,-239.879,22.8238,-227.718,24.2992,-12.161000000000001,12.161000000000001,33.337320934352235,TRUE,-1,-1,FALSE
CN-Dda,2011,GRA,ICOS,-130.437,2.7229,-129.889,2.60997,-0.5480000000000018,0.5480000000000018,3.7717539435785046,TRUE,-1,-1,FALSE
CN-Dda,2012,GRA,ICOS,-144.005,2.98688,-143.174,2.90608,-0.8309999999999889,0.8309999999999889,4.167343650432492,TRUE,-1,-1,FALSE
CN-Dda,2014,GRA,ICOS,-67.4646,2.00977,-68.0989,1.95324,0.6342999999999961,0.6342999999999961,2.8025563242332883,TRUE,-1,-1,FALSE
CN-Dmn,2013,CRO,ICOS,-566.032,46.8631,-595.363,63.4721,29.331000000000017,29.331000000000017,78.8977668886769,TRUE,-1,-1,FALSE
CN-Dmn,2014,CRO,ICOS,-719.642,30.5524,-710.372,44.2301,-9.270000000000095,9.270000000000095,53.75640326296021,TRUE,-1,-1,FALSE
CN-Dmn,2015,CRO,ICOS,-701.963,37.5384,-697.62,21.2603,-4.342999999999961,4.342999999999961,43.14083715750078,TRUE,-1,-1,FALSE
CN-Dmn,2016,CRO,ICOS,-556.123,34.1077,-556.395,51.2789,0.2719999999999345,0.2719999999999345,61.58620612198806,TRUE,-1,-1,FALSE
CN-Dmn,2017,CRO,ICOS,-649.824,42.3888,-651.23,60.0284,1.4060000000000628,1.4060000000000628,73.48618354493584,TRUE,-1,-1,FALSE
CN-Dmn,2018,CRO,ICOS,-807.275,10.3168,-807.754,20.511,0.47900000000004184,0.47900000000004184,22.959474803226662,TRUE,-1,-1,FALSE
CN-Dmn,2019,CRO,ICOS,-739.563,60.1528,-731.841,46.6365,-7.72199999999998,7.72199999999998,76.11387836715457,TRUE,-1,-1,FALSE
CN-Dmn,2020,CRO,ICOS,-622.75,69.5224,-610.284,63.7903,-12.466000000000008,12.466000000000008,94.35341263489096,TRUE,-1,-1,FALSE
CN-Dmn,2021,CRO,ICOS,-622.488,16.7414,-626.382,17.0988,3.8939999999998918,3.8939999999998918,23.929969398225314,TRUE,-1,-1,FALSE
CN-Dmn,2022,CRO,ICOS,-728.806,21.5703,-725.228,24.4377,-3.5780000000000882,3.5780000000000882,32.595690257762605,TRUE,-1,-1,FALSE
CN-Dmn,2023,CRO,ICOS,-496.321,24.2883,-529.198,22.8672,32.87699999999995,32.87699999999995,33.359111989529936,TRUE,-1,-1,FALSE
CN-Dmn,2024,CRO,ICOS,-572.978,23.226,-611.565,19.7369,38.5870000000001,38.5870000000001,30.479374954385136,FALSE,-1,-1,FALSE
CN-Dsh,2014,GRA,ICOS,-332.55,7.8377,-330.683,10.539,-1.8670000000000186,1.8670000000000186,13.133927907903255,TRUE,-1,-1,FALSE
CN-Dsh,2016,GRA,ICOS,-261.334,4.10228,-257.495,4.4572,-3.8389999999999986,3.8389999999999986,6.057667293471969,TRUE,-1,-1,FALSE
CN-Dsh,2018,GRA,ICOS,-277.618,13.9419,-273.455,12.7618,-4.163000000000011,4.163000000000011,18.90079667236278,TRUE,-1,-1,FALSE
CN-Dsh,2019,GRA,ICOS,-222.597,14.3924,-209.769,19.755,-12.828000000000003,12.828000000000003,24.441792134784222,TRUE,-1,-1,FALSE
CN-Dsh,2020,GRA,ICOS,-315.489,9.81205,-332.728,13.1409,17.239000000000033,17.239000000000033,16.399987134522394,FALSE,-1,-1,FALSE
CN-Dsh,2021,GRA,ICOS,-281.15,11.9216,-279.105,9.77472,-2.044999999999959,2.044999999999959,15.416539742704911,TRUE,-1,-1,FALSE
CN-Du2,2013,GRA,ICOS,-126.862,16.8292,-113.805,12.5064,-13.056999999999988,13.056999999999988,20.967403597012193,TRUE,-1,-1,FALSE
CN-Du2,2014,GRA,ICOS,-105.47,30.2062,-81.2858,25.7681,-24.184200000000004,24.184200000000004,39.70402367581905,TRUE,-1,-1,FALSE
CN-Du2,2015,GRA,ICOS,-46.4249,6.88377,-49.439,8.05509,3.014099999999999,3.014099999999999,10.59578993378974,TRUE,-1,-1,FALSE
CN-Du2,2016,GRA,ICOS,-118.824,10.2666,-117.277,13.2045,-1.546999999999997,1.546999999999997,16.726084294000195,TRUE,-1,-1,FALSE
CN-Du2,2018,GRA,ICOS,-47.0551,11.2673,-40.6629,12.0018,-6.3922000000000025,6.3922000000000025,16.461933438390524,TRUE,-1,-1,FALSE
CN-Du2,2019,GRA,ICOS,-130.541,8.8707,-130.307,10.9646,-0.23400000000000887,0.23400000000000887,14.103608462021342,TRUE,-1,-1,FALSE
CN-Dzo,2010,EBF,ICOS,-1296.5,23.9706,-1292.31,18.7306,-4.190000000000055,4.190000000000055,30.42079947535896,TRUE,-1,-1,FALSE
CN-Dzo,2013,EBF,ICOS,-834.411,36.5816,-844.944,50.6837,10.533000000000015,10.533000000000015,62.50640690561249,TRUE,-1,-1,FALSE
CN-Dzo,2014,EBF,ICOS,-669.878,43.8237,-680.165,44.6945,10.28699999999992,10.28699999999992,62.59484812618368,TRUE,-1,-1,FALSE
CN-Dzo,2015,EBF,ICOS,-825.024,41.5886,-802.389,34.6276,-22.63499999999999,22.63499999999999,54.11730159311345,TRUE,-1,-1,FALSE
CN-Dzo,2016,EBF,ICOS,-819.825,63.2214,-803.282,37.5421,-16.543000000000006,16.543000000000006,73.52791776169103,TRUE,-1,-1,FALSE
CN-Dzo,2018,EBF,ICOS,-783.149,38.8177,-777.172,37.4486,-5.9769999999999754,5.9769999999999754,53.93710666368748,TRUE,-1,-1,FALSE
CN-Dzo,2019,EBF,ICOS,-1110.01,31.9504,-1108.56,34.4228,-1.4500000000000455,1.4500000000000455,46.96548967060814,TRUE,-1,-1,FALSE
CN-Dzo,2020,EBF,ICOS,-1136.9,60.8739,-1134.24,59.4981,-2.660000000000082,2.660000000000082,85.12141683982945,TRUE,-1,-1,FALSE
CN-Erg,2018,GRA,ICOS,-65.2203,12.26,-66.736,10.6347,1.5157000000000096,1.5157000000000096,16.229739495444775,TRUE,-1,-1,FALSE
CN-Erg,2019,GRA,ICOS,-26.878,15.4459,-30.2682,14.6498,3.3902,3.3902,21.28831761436305,TRUE,-1,-1,FALSE
CN-GuT,2015,GRA,ICOS,-208.467,29.863,-202.977,30.1915,-5.490000000000009,5.490000000000009,42.46557948798062,TRUE,-1,-1,FALSE
CN-GuT,2016,GRA,ICOS,-149.824,9.8214,-149.287,9.34544,-0.5370000000000061,0.5370000000000061,13.557180634394454,TRUE,-1,-1,FALSE
CN-GuT,2017,GRA,ICOS,-167.734,15.549,-166.072,7.32258,-1.6620000000000061,1.6620000000000061,17.186959558234843,TRUE,-1,-1,FALSE
CN-Ha2,2011,OSH,ICOS,-299.174,9.27843,-373.662,11.6937,74.488,74.488,14.927554486750333,FALSE,-1,-1,FALSE
CN-Ha2,2012,OSH,ICOS,-286.01,8.59742,-449.117,13.6905,163.10700000000003,163.10700000000003,16.166181395320294,FALSE,-1,-1,FALSE
CN-Ha2,2013,OSH,ICOS,-248.277,11.2762,-236.84,15.2568,-11.436999999999983,11.436999999999983,18.971627043561657,TRUE,-1,-1,FALSE
CN-Ha2,2014,OSH,ICOS,-277.322,10.3516,-285.581,9.81624,8.259000000000015,8.259000000000015,14.265839978690355,TRUE,-1,-1,FALSE
CN-Ha2,2018,OSH,ICOS,-227.033,22.664,-193.674,13.5774,-33.35899999999998,33.35899999999998,26.419740474879767,FALSE,-1,-1,FALSE
CN-HaM,2002,GRA,ICOS,-14.8404,12.9361,-3.93935,20.2998,-10.901050000000001,10.901050000000001,24.071239337641092,TRUE,-1,-1,FALSE
CN-HaM,2003,GRA,ICOS,-83.8523,7.48751,-82.7443,8.5026,-1.108000000000004,1.108000000000004,11.329475396508878,TRUE,-1,-1,FALSE
CN-HaM,2004,GRA,ICOS,-178.273,7.16949,-169.781,7.5078,-8.49199999999999,8.49199999999999,10.381167935261427,TRUE,-1,-1,FALSE
CN-HaM,2005,GRA,ICOS,-566.736,6.98956,-565.155,7.09427,-1.5810000000000173,1.5810000000000173,9.959046933642798,TRUE,-1,-1,FALSE
CN-HaM,2006,GRA,ICOS,-575.626,10.211,-576.134,8.87201,0.5080000000000382,0.5080000000000382,13.526902174559407,TRUE,-1,-1,FALSE
CN-HaM,2008,GRA,ICOS,-104.917,11.6852,-93.4741,11.8076,-11.442899999999995,11.442899999999995,16.612143654567884,TRUE,-1,-1,FALSE
CN-HaM,2013,GRA,ICOS,-216.821,26.6383,-214.559,21.0578,-2.2620000000000005,2.2620000000000005,33.95629496470426,TRUE,-1,-1,FALSE
CN-HaW,2012,WET,ICOS,-378.08,29.8301,-362.803,35.3958,-15.276999999999987,15.276999999999987,46.28928087203343,TRUE,-1,-1,FALSE
CN-HeD,2020,BSV,ICOS,18.0627,3.92773,16.926,3.66861,1.1367000000000012,1.1367000000000012,5.374547635382908,TRUE,1,1,FALSE
CN-HeD,2022,BSV,ICOS,11.0659,2.62625,12.0836,3.27902,-1.0177000000000014,1.0177000000000014,4.201090480208681,TRUE,1,1,FALSE
CN-HeD,2023,BSV,ICOS,16.8924,3.83751,17.4338,3.78503,-0.541400000000003,0.541400000000003,5.390077467068539,TRUE,1,1,FALSE
CN-HeM,2014,DBF,ICOS,-366.959,17.5022,-363.248,20.1594,-3.7110000000000127,3.7110000000000127,26.69697385847317,TRUE,-1,-1,FALSE
CN-HeM,2015,DBF,ICOS,-314.222,45.5294,-326.297,39.1145,12.075000000000045,12.075000000000045,60.02391502234755,TRUE,-1,-1,FALSE
CN-HeM,2017,DBF,ICOS,-106.759,37.3242,-118.044,36.935,11.284999999999997,11.284999999999997,52.509905071710044,TRUE,-1,-1,FALSE
CN-HeM,2018,DBF,ICOS,-365.973,7.43185,-365.913,7.77119,-0.060000000000002274,0.060000000000002274,10.752850247194926,TRUE,-1,-1,FALSE
CN-HeM,2019,DBF,ICOS,-540.021,10.9305,-536.054,11.6172,-3.9669999999999845,3.9669999999999845,15.951023982490906,TRUE,-1,-1,FALSE
CN-HeM,2023,DBF,ICOS,-453.724,37.7117,-433.241,35.37,-20.483000000000004,20.483000000000004,51.70308711179633,TRUE,-1,-1,FALSE
CN-HeM,2024,DBF,ICOS,-348.805,12.1832,-343.531,12.083,-5.274000000000001,5.274000000000001,17.158940854260205,TRUE,-1,-1,FALSE
CN-Huz,2016,BSV,ICOS,-263.488,4.65591,-262.847,2.35406,-0.6410000000000196,0.6410000000000196,5.217192387836585,TRUE,-1,-1,FALSE
CN-Huz,2017,BSV,ICOS,-298.491,4.42775,-303.055,4.18889,4.564000000000021,4.564000000000021,6.095225138959183,TRUE,-1,-1,FALSE
CN-Huz,2018,BSV,ICOS,-175.918,8.84765,-172.936,7.64977,-2.9819999999999993,2.9819999999999993,11.696148578715988,TRUE,-1,-1,FALSE
CN-Huz,2019,BSV,ICOS,-212.23,2.73913,-207.996,3.52159,-4.2339999999999804,4.2339999999999804,4.461438028819856,TRUE,-1,-1,FALSE
CN-Huz,2020,BSV,ICOS,-216.531,2.51002,-217.481,2.96346,0.9499999999999886,0.9499999999999886,3.8835931264745023,TRUE,-1,-1,FALSE
CN-Huz,2021,BSV,ICOS,-239.795,4.62256,-235.609,4.87989,-4.185999999999979,4.185999999999979,6.721710151866115,TRUE,-1,-1,FALSE
CN-Huz,2022,BSV,ICOS,-166.609,4.41772,-160.96,5.5473,-5.649000000000001,5.649000000000001,7.0914587560247435,TRUE,-1,-1,FALSE
CN-Huz,2023,BSV,ICOS,-175.835,3.81601,-178.367,3.82502,2.5319999999999823,2.5319999999999823,5.403027884482922,TRUE,-1,-1,FALSE
CN-Jng,2021,GRA,ICOS,-64.5117,11.9721,-69.1444,10.7747,4.6327,4.6327,16.10668614271725,TRUE,-1,-1,FALSE
CN-Jng,2022,GRA,ICOS,-167.163,13.6782,-168.925,12.1977,1.7620000000000005,1.7620000000000005,18.326948478401963,TRUE,-1,-1,FALSE
CN-Jng,2023,GRA,ICOS,-237.111,7.34251,-244.139,9.58711,7.02800000000002,7.02800000000002,12.075807685293766,TRUE,-1,-1,FALSE
CN-Jng,2024,GRA,ICOS,330.205,19.6818,317.262,18.2981,12.942999999999984,12.942999999999984,26.87366210344247,TRUE,1,1,FALSE
CN-Jzh,2011,CRO,ICOS,-359.883,22.4801,-359.252,22.4769,-0.6309999999999718,0.6309999999999718,31.789399642333606,TRUE,-1,-1,FALSE
CN-Jzh,2012,CRO,ICOS,-578.833,40.5527,-578.066,38.7306,-0.7669999999999391,0.7669999999999391,56.076562427185216,TRUE,-1,-1,FALSE
CN-Jzh,2013,CRO,ICOS,-479.222,36.4786,-487.031,34.335,7.809000000000026,7.809000000000026,50.09571321939633,TRUE,-1,-1,FALSE
CN-Jzh,2014,CRO,ICOS,-434.206,41.8344,-451.873,38.8869,17.666999999999973,17.666999999999973,57.116617677957784,TRUE,-1,-1,FALSE
CN-Jzh,2016,CRO,ICOS,-862.977,19.8985,-862.363,42.8308,-0.613999999999919,0.613999999999919,47.22740444794738,TRUE,-1,-1,FALSE
CN-Lch,2011,CRO,ICOS,-711.284,33.386,-688.433,37.1188,-22.851,22.851,49.92424570727133,TRUE,-1,-1,FALSE
CN-Lch,2012,CRO,ICOS,-487.532,85.611,-479.943,81.3791,-7.588999999999999,7.588999999999999,118.11774311173575,TRUE,-1,-1,FALSE
CN-Lch,2013,CRO,ICOS,-604.607,18.4365,-600.621,20.0105,-3.98599999999999,3.98599999999999,27.208907410993188,TRUE,-1,-1,FALSE
CN-Lch,2015,CRO,ICOS,-769.399,38.0389,-786.893,33.5576,17.494000000000028,17.494000000000028,50.72544165376976,TRUE,-1,-1,FALSE
CN-Lch,2016,CRO,ICOS,-1026.88,123.996,-1004.68,96.0519,-22.20000000000016,22.20000000000016,156.84698119380556,TRUE,-1,-1,FALSE
CN-Lch,2017,CRO,ICOS,-586.267,58.4374,-565.408,59.2126,-20.859000000000037,20.859000000000037,83.19291867412755,TRUE,-1,-1,FALSE
CN-Lch,2019,CRO,ICOS,-721.979,101.006,-786.804,99.6653,64.82499999999993,64.82499999999993,141.8992038740528,TRUE,-1,-1,FALSE
CN-Lch,2020,CRO,ICOS,-706.67,132.305,-820.257,105.961,113.58699999999999,113.58699999999999,169.5061843886529,TRUE,-1,-1,FALSE
CN-Lsh,2003,DNF,ICOS,99.83,65.721,96.4614,18.6988,3.3686000000000007,3.3686000000000007,68.32931261501173,TRUE,1,1,FALSE
CN-Lsh,2004,DNF,ICOS,192.66,41.0576,226.007,44.4363,-33.34700000000001,33.34700000000001,60.50050640655829,TRUE,1,1,FALSE
CN-Lsh,2005,DNF,ICOS,234.542,20.9985,221.024,60.194,13.518,13.518,63.75150694885573,TRUE,1,1,FALSE
CN-Lsh,2006,DNF,ICOS,18.4125,42.6924,-8.05342,53.108,26.46592,26.46592,68.14030145046321,TRUE,1,-1,TRUE
CN-Mxn,2015,MF,ICOS,-1204.07,22.1994,-1199.56,21.9024,-4.509999999999991,4.509999999999991,31.185388984586996,TRUE,-1,-1,FALSE
CN-Nmn,2015,CRO,ICOS,-501.95,15.8339,-500.064,20.6055,-1.8859999999999673,1.8859999999999673,25.98651610855137,TRUE,-1,-1,FALSE
CN-Nmn,2016,CRO,ICOS,-400.646,20.625,-407.218,21.1204,6.572000000000003,6.572000000000003,29.520533890158557,TRUE,-1,-1,FALSE
CN-Nmn,2017,CRO,ICOS,-351.082,13.5307,-346.922,12.9223,-4.159999999999968,4.159999999999968,18.710042217483103,TRUE,-1,-1,FALSE
CN-Nmn,2018,CRO,ICOS,-359.646,25.5169,-359.213,18.8831,-0.4329999999999927,0.4329999999999927,31.744033316829796,TRUE,-1,-1,FALSE
CN-Nmn,2019,CRO,ICOS,-475.325,24.684,-481.865,17.3294,6.5400000000000205,6.5400000000000205,30.159707564232118,TRUE,-1,-1,FALSE
CN-Sb1,2021,DNF,ICOS,-1707.56,18.7866,-1706.1,17.9748,-1.4600000000000364,1.4600000000000364,26.00057258215672,TRUE,-1,-1,FALSE
CN-Sb1,2022,DNF,ICOS,-1902.76,13.5406,-1907.82,13.9084,5.059999999999945,5.059999999999945,19.411116374902296,TRUE,-1,-1,FALSE
CN-Sb1,2023,DNF,ICOS,-1830.12,16.8922,-1828.96,21.2916,-1.1599999999998545,1.1599999999998545,27.178643295793847,TRUE,-1,-1,FALSE
CN-Sb1,2024,DNF,ICOS,-1829.56,35.3358,-1835.96,80.7646,6.400000000000091,6.400000000000091,88.15633485348629,TRUE,-1,-1,FALSE
CN-Sb2,2021,ENF,ICOS,-1139.51,47.5313,-1142.68,59.2834,3.1700000000000728,3.1700000000000728,75.98516957439787,TRUE,-1,-1,FALSE
CN-Sb2,2022,ENF,ICOS,-1214.72,47.6086,-1222.55,52.6217,7.829999999999927,7.829999999999927,70.9621173926624,TRUE,-1,-1,FALSE
CN-Sb2,2023,ENF,ICOS,-1313.5,20.7042,-1316.53,19.5189,3.0299999999999727,3.0299999999999727,28.454373211336073,TRUE,-1,-1,FALSE
CN-Sb2,2024,ENF,ICOS,-1300.08,15.5623,-1300.39,14.9958,0.3100000000001728,0.3100000000001728,21.611552441460564,TRUE,-1,-1,FALSE
CN-Sdq,2014,OSH,ICOS,-124.398,18.4649,-127.141,8.27827,2.743000000000009,2.743000000000009,20.235668662114925,TRUE,-1,-1,FALSE
CN-Sdq,2015,OSH,ICOS,-185.696,25.5241,-185.967,10.8565,0.271000000000015,0.271000000000015,27.737037928733486,TRUE,-1,-1,FALSE
CN-Sdq,2017,OSH,ICOS,-229.41,9.51067,-230.226,9.70797,0.8160000000000025,0.8160000000000025,13.590346771506603,TRUE,-1,-1,FALSE
CN-Sdq,2018,OSH,ICOS,-66.9044,7.1447,-65.7537,9.79318,-1.1507000000000005,1.1507000000000005,12.122421895083505,TRUE,-1,-1,FALSE
CN-Sdq,2019,OSH,ICOS,-205.19,6.84396,-204.543,7.54304,-0.6469999999999914,0.6469999999999914,10.185148056027463,TRUE,-1,-1,FALSE
CN-Sdq,2020,OSH,ICOS,-561.297,11.4168,-561.079,13.4338,-0.21800000000007458,0.21800000000007458,17.62981295079446,TRUE,-1,-1,FALSE
CN-Sdq,2021,OSH,ICOS,-382.175,9.21027,-383.091,9.51623,0.9159999999999968,0.9159999999999968,13.243402390843526,TRUE,-1,-1,FALSE
CN-Sdq,2022,OSH,ICOS,-319.075,10.3574,-324.636,11.1681,5.5610000000000355,5.5610000000000355,15.231618179628848,TRUE,-1,-1,FALSE
CN-Sdq,2023,OSH,ICOS,-327.151,4.54498,-319.48,5.74193,-7.670999999999992,7.670999999999992,7.323018730366596,FALSE,-1,-1,FALSE
CN-Sdq,2024,OSH,ICOS,-334.854,5.65438,-342.023,7.29288,7.16900000000004,7.16900000000004,9.228115293969836,TRUE,-1,-1,FALSE
CN-Xi2,2013,GRA,ICOS,-235.182,10.7765,-282.208,21.7492,47.02600000000004,47.02600000000004,24.272631766868624,FALSE,-1,-1,FALSE
CN-Xi2,2020,GRA,ICOS,-62.0296,26.5796,-70.1645,29.1894,8.134900000000002,8.134900000000002,39.477793865919104,TRUE,-1,-1,FALSE
CN-YaS,2012,OSH,ICOS,-48.1258,4.7698,-53.0747,4.83893,4.948900000000002,4.948900000000002,6.794573981119052,TRUE,-1,-1,FALSE
CN-YaS,2013,OSH,ICOS,6.29395,3.72378,4.70284,3.70898,1.5911099999999996,1.5911099999999996,5.255765417976719,TRUE,1,1,FALSE
CN-YaS,2014,OSH,ICOS,54.356,3.13263,53.4984,3.31322,0.857600000000005,0.857600000000005,4.559692696366719,TRUE,1,1,FALSE
CN-YaS,2015,OSH,ICOS,-29.0111,4.04648,-28.8714,4.23423,-0.13969999999999771,0.13969999999999771,5.856851038168889,TRUE,-1,-1,FALSE
CN-YaS,2016,OSH,ICOS,-74.1045,2.39571,-74.0835,2.4789,-0.021000000000000796,0.021000000000000796,3.447371696539263,TRUE,-1,-1,FALSE
CN-YaS,2017,OSH,ICOS,-9.94448,4.34157,-9.19746,4.97612,-0.7470200000000009,0.7470200000000009,6.603862530315118,TRUE,-1,-1,FALSE
CN-YaS,2018,OSH,ICOS,24.5036,3.13763,24.2833,3.45888,0.22029999999999816,0.22029999999999816,4.669964975382578,TRUE,1,1,FALSE
CN-YaS,2019,OSH,ICOS,15.1562,5.1041,15.1899,3.70304,-0.03369999999999962,0.03369999999999962,6.305897402558973,TRUE,1,1,FALSE
CN-YaS,2020,OSH,ICOS,121.745,15.4505,129.273,5.64529,-7.527999999999992,7.527999999999992,16.449536450432273,TRUE,1,1,FALSE
CN-Yan,2016,OSH,ICOS,-252.992,6.81728,-253.184,6.73181,0.19200000000000728,0.19200000000000728,9.580844037687912,TRUE,-1,-1,FALSE
CN-You,2016,GRA,ICOS,-70.2682,7.22159,-70.549,9.763,0.2808000000000135,0.2808000000000135,12.143621005618547,TRUE,-1,-1,FALSE
CN-You,2017,GRA,ICOS,-174.651,7.83159,-178,7.89716,3.3489999999999895,3.3489999999999895,11.122002427337446,TRUE,-1,-1,FALSE
CN-You,2018,GRA,ICOS,-106.521,10.0611,-106.551,10.3841,0.030000000000001137,0.030000000000001137,14.45874358372815,TRUE,-1,-1,FALSE
CN-You,2019,GRA,ICOS,-137.033,5.22356,-140.941,6.61889,3.9080000000000155,3.9080000000000155,8.43180193705355,TRUE,-1,-1,FALSE
CN-You,2022,GRA,ICOS,-236.207,8.58245,-232.963,8.02552,-3.2439999999999998,3.2439999999999998,11.750209328897082,TRUE,-1,-1,FALSE
CN-You,2023,GRA,ICOS,-124.482,4.96884,-127.094,4.38351,2.6119999999999948,2.6119999999999948,6.62604941618307,TRUE,-1,-1,FALSE
CN-Yuc,2011,CRO,ICOS,-539.913,20.9261,-540.108,25.7819,0.19499999999993634,0.19499999999993634,33.20554214013077,TRUE,-1,-1,FALSE
CN-Yuc,2012,CRO,ICOS,-572.887,33.2399,-572.91,27.8658,0.023000000000024556,0.023000000000024556,43.37503615733363,TRUE,-1,-1,FALSE
CN-Yuc,2013,CRO,ICOS,-562.419,10.4281,-562.169,12.1272,-0.25,0.25,15.99419424197418,TRUE,-1,-1,FALSE
CN-Yuc,2017,CRO,ICOS,-438.715,31.6385,-449.336,29.331,10.621000000000038,10.621000000000038,43.14281218522965,TRUE,-1,-1,FALSE
CN-Yuc,2018,CRO,ICOS,-460.326,39.8759,-459.793,31.5918,-0.5330000000000155,0.5330000000000155,50.8736594717738,TRUE,-1,-1,FALSE
CN-Zha,2013,WET,ICOS,-545.067,5.96235,-544.229,16.0998,-0.8379999999999654,0.8379999999999654,17.168377254781536,TRUE,-1,-1,FALSE
CN-Zha,2014,WET,ICOS,-595.114,9.16303,-578.539,15.5851,-16.575000000000045,16.575000000000045,18.079172016187577,TRUE,-1,-1,FALSE
CN-Zha,2017,WET,ICOS,-449.11,104.249,-452.248,96.5739,3.137999999999977,3.137999999999977,142.10690399206507,TRUE,-1,-1,FALSE
CN-Zha,2018,WET,ICOS,-773.205,41.4352,-805.71,47.7444,32.504999999999995,32.504999999999995,63.21711422075513,TRUE,-1,-1,FALSE
CN-Zha,2019,WET,ICOS,-604.47,78.6081,-635.833,73.0018,31.362999999999943,31.362999999999943,107.27765931847134,TRUE,-1,-1,FALSE
CN-Zha,2020,WET,ICOS,-863.638,30.7736,-835.55,28.0867,-28.08800000000008,28.08800000000008,41.663859324959326,TRUE,-1,-1,FALSE
CN-Zha,2021,WET,ICOS,-821.183,14.8639,-812.334,16.6585,-8.849000000000046,8.849000000000046,22.32579551684553,TRUE,-1,-1,FALSE
CN-Zha,2022,WET,ICOS,-628.754,75.2189,-647.708,71.1138,18.95399999999995,18.95399999999995,103.51355209657332,TRUE,-1,-1,FALSE
CN-Zha,2023,WET,ICOS,-573.859,28.9399,-550.115,27.0591,-23.744000000000028,23.744000000000028,39.61960000832921,TRUE,-1,-1,FALSE
CN-Zha,2024,WET,ICOS,-544.52,71.1774,-591.803,63.2294,47.283000000000015,47.283000000000015,95.2059835048197,TRUE,-1,-1,FALSE
CR-AqC,2010,EBF,ICOS,-943.633,49.7823,-916.123,77.6459,-27.50999999999999,27.50999999999999,92.23428419031613,TRUE,-1,-1,FALSE
CR-AqC,2011,EBF,ICOS,-1017.63,56.4338,-947.19,100.094,-70.43999999999994,70.43999999999994,114.90684321849591,TRUE,-1,-1,FALSE
CR-AqC,2013,EBF,ICOS,-694.157,84.2098,-685.538,72.2587,-8.619000000000028,8.619000000000028,110.96220140989453,TRUE,-1,-1,FALSE
CR-AqC,2014,EBF,ICOS,-608.647,90.5681,-641.028,80.6257,32.38099999999997,32.38099999999997,121.25627504628369,TRUE,-1,-1,FALSE
CR-AqC,2016,EBF,ICOS,-826.82,40.3534,-807.172,42.0806,-19.648000000000025,19.648000000000025,58.302433807860886,TRUE,-1,-1,FALSE
CR-Fsc,2015,CRO,AmeriFlux,-1257.72,72.4764,-1331.14,88.961,73.42000000000007,73.42000000000007,114.7470613042443,TRUE,-1,-1,FALSE
CR-Fsc,2016,CRO,AmeriFlux,-658.722,207.364,-603.368,211.408,-55.35399999999993,55.35399999999993,296.130327659968,TRUE,-1,-1,FALSE
CR-Fsc,2017,CRO,AmeriFlux,-1194.08,103.11,-1217.25,101.763,23.170000000000073,23.170000000000073,144.87021870971273,TRUE,-1,-1,FALSE
CR-Fsc,2018,CRO,AmeriFlux,-1351.89,89.1099,-1244.54,92.5912,-107.35000000000014,107.35000000000014,128.50565977983226,TRUE,-1,-1,FALSE
CZ-BK2,2009,GRA,ICOS,-2.03788,5.72411,-8.37045,10.4057,6.3325700000000005,6.3325700000000005,11.876195846402164,TRUE,-1,-1,FALSE
CZ-BK2,2010,GRA,ICOS,84.2259,7.28157,76.7702,9.4924,7.455699999999993,7.455699999999993,11.963566333869679,TRUE,1,1,FALSE
CZ-BK2,2011,GRA,ICOS,-94.0128,23.4689,-112.24,30.1846,18.227199999999996,18.227199999999996,38.23479232806162,TRUE,-1,-1,FALSE
CZ-BK2,2012,GRA,ICOS,141.52,4.95231,146.086,5.09079,-4.5660000000000025,4.5660000000000025,7.102219171512521,TRUE,1,1,FALSE
CZ-KrP,2014,CRO,ICOS,0.171077,7.44731,-3.04918,7.61073,3.2202569999999997,3.2202569999999997,10.648269219408382,TRUE,1,-1,TRUE
CZ-KrP,2015,CRO,ICOS,-188.985,12.3804,-190.654,11.394,1.6689999999999827,1.6689999999999827,16.825502671837178,TRUE,-1,-1,FALSE
CZ-KrP,2016,CRO,ICOS,44.5946,6.38799,43.1209,8.18964,1.473700000000001,1.473700000000001,10.386367005344074,TRUE,1,1,FALSE
CZ-KrP,2017,CRO,ICOS,-8.58333,8.58171,-10.2456,11.7873,1.6622699999999995,1.6622699999999995,14.580335655056093,TRUE,-1,-1,FALSE
CZ-KrP,2018,CRO,ICOS,-112.457,4.31049,-109.625,6.13455,-2.8319999999999936,2.8319999999999936,7.497534777685263,TRUE,-1,-1,FALSE
CZ-KrP,2019,CRO,ICOS,-347.171,10.3735,-347.388,10.4372,0.21699999999998454,0.21699999999998454,14.715456027252435,TRUE,-1,-1,FALSE
CZ-KrP,2020,CRO,ICOS,-368.599,25.0025,-360.826,10.3314,-7.772999999999968,7.772999999999968,27.05296346447095,TRUE,-1,-1,FALSE
CZ-KrP,2021,CRO,ICOS,349.893,20.3721,343.346,13.9906,6.546999999999969,6.546999999999969,24.713545815402533,TRUE,1,1,FALSE
CZ-KrP,2022,CRO,ICOS,-115.294,6.02327,-117.564,5.35601,2.269999999999996,2.269999999999996,8.060187628895497,TRUE,-1,-1,FALSE
CZ-KrP,2023,CRO,ICOS,-192.078,7.1729,-193.518,7.47629,1.4399999999999977,1.4399999999999977,10.360762837460376,TRUE,-1,-1,FALSE
CZ-LnG,2020,GRA,ICOS,134.475,30.5543,142.496,20.3369,-8.021000000000015,8.021000000000015,36.70360677235958,TRUE,1,1,FALSE
CZ-LnG,2021,GRA,ICOS,-203.752,45.3865,-201.589,44.6414,-2.163000000000011,2.163000000000011,63.66151880225604,TRUE,-1,-1,FALSE
CZ-LnG,2022,GRA,ICOS,70.1683,21.5532,70.2274,24.2666,-0.05910000000000082,0.05910000000000082,32.4562521835162,TRUE,1,1,FALSE
CZ-LnG,2023,GRA,ICOS,74.895,44.3491,65.9339,57.862,8.961100000000002,8.961100000000002,72.90304324793307,TRUE,1,1,FALSE
CZ-LnG,2024,GRA,ICOS,-23.3905,12.7932,-22.2527,11.7465,-1.1377999999999986,1.1377999999999986,17.367965582934577,TRUE,-1,-1,FALSE
CZ-RAJ,2012,ENF,ICOS,-465.643,21.9468,-481.282,26.2262,15.63900000000001,15.63900000000001,34.19759635822377,TRUE,-1,-1,FALSE
CZ-RAJ,2013,ENF,ICOS,-475.777,8.10695,-473.431,8.88763,-2.3460000000000036,2.3460000000000036,12.029655245242898,TRUE,-1,-1,FALSE
CZ-RAJ,2014,ENF,ICOS,-492.217,34.9346,-508.151,37.2821,15.934000000000026,15.934000000000026,51.091890330756016,TRUE,-1,-1,FALSE
CZ-RAJ,2015,ENF,ICOS,-419.432,4.98545,-418.736,5.34946,-0.6960000000000264,0.6960000000000264,7.312416426469433,TRUE,-1,-1,FALSE
CZ-RAJ,2016,ENF,ICOS,-686.7,10.2066,-686.613,16.7876,-0.08699999999998909,0.08699999999998909,19.646836827336863,TRUE,-1,-1,FALSE
CZ-RAJ,2017,ENF,ICOS,-588.331,7.81735,-587.919,7.73928,-0.41200000000003456,0.41200000000003456,11.000337083057955,TRUE,-1,-1,FALSE
CZ-RAJ,2018,ENF,ICOS,-463.639,6.18985,-459.785,5.97004,-3.853999999999985,3.853999999999985,8.599745381352868,TRUE,-1,-1,FALSE
CZ-RAJ,2019,ENF,ICOS,-664.136,9.13701,-656.934,9.84559,-7.201999999999998,7.201999999999998,13.43207333914612,TRUE,-1,-1,FALSE
CZ-RAJ,2020,ENF,ICOS,-361.86,6.78556,-360.182,9.13983,-1.6779999999999973,1.6779999999999973,11.383335053599188,TRUE,-1,-1,FALSE
CZ-RAJ,2021,ENF,ICOS,-350.157,36.4826,-341.076,45.9194,-9.08099999999996,9.08099999999996,58.647859288468496,TRUE,-1,-1,FALSE
CZ-RAJ,2022,ENF,ICOS,701.008,8.96511,703.359,14.057,-2.350999999999999,2.350999999999999,16.672505699867074,TRUE,1,1,FALSE
CZ-RAJ,2023,ENF,ICOS,615.53,21.9759,603.567,23.9367,11.962999999999965,11.962999999999965,32.49470399465119,TRUE,1,1,FALSE
CZ-RAJ,2024,ENF,ICOS,1057.15,146.223,949.254,86.2465,107.89600000000007,107.89600000000007,169.7634368503713,TRUE,1,1,FALSE
CZ-Stn,2010,DBF,ICOS,-102.476,129.735,-60.1035,127.381,-42.3725,42.3725,181.81608670851983,TRUE,-1,-1,FALSE
CZ-Stn,2011,DBF,ICOS,-172.696,33.2046,-153.629,34.4761,-19.067000000000007,19.067000000000007,47.865926632313304,TRUE,-1,-1,FALSE
CZ-Stn,2012,DBF,ICOS,-247.86,42.2056,-248.969,39.6343,1.1089999999999804,1.1089999999999804,57.898103663677965,TRUE,-1,-1,FALSE
CZ-Stn,2013,DBF,ICOS,-89.7821,53.9671,-83.3983,33.6789,-6.383799999999994,6.383799999999994,63.61380500818985,TRUE,-1,-1,FALSE
CZ-Stn,2014,DBF,ICOS,-287.515,55.541,-269.339,55.5008,-18.175999999999988,18.175999999999988,78.5184149205777,TRUE,-1,-1,FALSE
CZ-Stn,2015,DBF,ICOS,-279.217,44.1353,-230.944,52.0017,-48.272999999999996,48.272999999999996,68.2063157558008,TRUE,-1,-1,FALSE
CZ-Stn,2016,DBF,ICOS,-280.281,63.6131,-242.242,86.339,-38.039000000000016,38.039000000000016,107.2429457475409,TRUE,-1,-1,FALSE
CZ-Stn,2017,DBF,ICOS,-338.121,32.4141,-329.299,34.5859,-8.822000000000003,8.822000000000003,47.40103751628228,TRUE,-1,-1,FALSE
CZ-Stn,2018,DBF,ICOS,-294.256,79.6889,-293.928,79.4673,-0.32799999999997453,0.32799999999997453,112.54053737431681,TRUE,-1,-1,FALSE
CZ-Stn,2019,DBF,ICOS,-351.761,31.0854,-350.82,58.268,-0.9410000000000309,0.9410000000000309,66.04136519757901,TRUE,-1,-1,FALSE
CZ-Stn,2020,DBF,ICOS,-233.543,21.8782,-226.458,21.7461,-7.085000000000008,7.085000000000008,30.847179781140444,TRUE,-1,-1,FALSE
CZ-Stn,2021,DBF,ICOS,-457.935,43.2747,-438.046,41.7258,-19.88900000000001,19.88900000000001,60.11440797121769,TRUE,-1,-1,FALSE
CZ-Stn,2022,DBF,ICOS,-384.881,21.0131,-374.223,22.5356,-10.657999999999959,10.657999999999959,30.812394242739398,TRUE,-1,-1,FALSE
CZ-Stn,2023,DBF,ICOS,-532.748,25.4542,-511.245,23.2731,-21.503000000000043,21.503000000000043,34.48990404814139,TRUE,-1,-1,FALSE
CZ-Stn,2024,DBF,ICOS,-584.511,56.8967,-542.165,52.6922,-42.346000000000004,42.346000000000004,77.54806517077006,TRUE,-1,-1,FALSE
DE-Akm,2013,WET,ICOS,-59.4566,19.0479,-168.591,40.5447,109.1344,109.1344,44.79615153671127,FALSE,-1,-1,FALSE
DE-Geb,2021,CRO,ICOS,-405.596,14.3498,-417.421,33.8999,11.824999999999989,11.824999999999989,36.81195430902848,TRUE,-1,-1,FALSE
DE-Geb,2022,CRO,ICOS,-255.725,10.7517,-255.98,12.513,0.25499999999999545,0.25499999999999545,16.49770353382555,TRUE,-1,-1,FALSE
DE-Geb,2024,CRO,ICOS,167.807,44.4841,123.405,38.0221,44.40199999999999,44.40199999999999,58.51935783328453,TRUE,1,1,FALSE
DE-Hdn,2021,CRO,ICOS,-386.698,9.93606,-386.848,9.55125,0.1500000000000341,0.1500000000000341,13.782295341709231,TRUE,-1,-1,FALSE
DE-Hdn,2022,CRO,ICOS,-311.586,6.13045,-311.58,6.2187,-0.006000000000028649,0.006000000000028649,8.732390674523215,TRUE,-1,-1,FALSE
DE-Lkb,2011,ENF,ICOS,225.475,10.0087,231.72,8.24695,-6.2450000000000045,6.2450000000000045,12.968664541597951,TRUE,1,1,FALSE
DE-Lkb,2012,ENF,ICOS,243.821,6.46945,219.606,6.40203,24.215000000000003,24.215000000000003,9.10163564549801,FALSE,1,1,FALSE
DE-Obe,2008,ENF,ICOS,-219.709,10.1871,-211.661,17.5927,-8.048000000000002,8.048000000000002,20.329291667443805,TRUE,-1,-1,FALSE
DE-Obe,2009,ENF,ICOS,-86.2521,13.4165,-76.1269,9.99925,-10.125199999999992,10.125199999999992,16.732826205172273,TRUE,-1,-1,FALSE
DE-Obe,2010,ENF,ICOS,-247.07,10.3335,-243.477,30.2211,-3.5929999999999893,3.5929999999999893,31.938943430551987,TRUE,-1,-1,FALSE
DE-Obe,2011,ENF,ICOS,-313.037,12.754,-318.304,14.3493,5.266999999999996,5.266999999999996,19.198096949697906,TRUE,-1,-1,FALSE
DE-Obe,2012,ENF,ICOS,-399.446,17.8843,-412.428,23.0353,12.981999999999971,12.981999999999971,29.16287421671602,TRUE,-1,-1,FALSE
DE-Obe,2013,ENF,ICOS,-282.821,31.9097,-291.332,34.2932,8.510999999999967,8.510999999999967,46.842849190991785,TRUE,-1,-1,FALSE
DE-Obe,2014,ENF,ICOS,-462.834,39.5984,-458.285,40.932,-4.548999999999978,4.548999999999978,56.95139951362038,TRUE,-1,-1,FALSE
DE-Obe,2015,ENF,ICOS,-333.967,12.7463,-334.651,20.0468,0.6840000000000259,0.6840000000000259,23.75589093109328,TRUE,-1,-1,FALSE
DE-Obe,2016,ENF,ICOS,-275.681,27.8688,-275.607,27.4227,-0.07399999999995543,0.07399999999995543,39.09826708090782,TRUE,-1,-1,FALSE
DE-Obe,2017,ENF,ICOS,-236.202,8.97815,-236.095,9.22347,-0.10699999999999932,0.10699999999999932,12.871657867710748,TRUE,-1,-1,FALSE
DE-Obe,2018,ENF,ICOS,-164.462,26.7417,-161.025,33.4245,-3.4369999999999834,3.4369999999999834,42.80555710582448,TRUE,-1,-1,FALSE
DE-Obe,2019,ENF,ICOS,-34.2846,28.3209,-23.2383,23.6452,-11.046299999999999,11.046299999999999,36.89402200695934,TRUE,-1,-1,FALSE
DE-Obe,2020,ENF,ICOS,-15.4239,15.4658,-19.6099,25.5253,4.186,4.186,29.845132094363397,TRUE,-1,-1,FALSE
DE-Obe,2021,ENF,ICOS,-197.111,14.6687,-194.907,20.9726,-2.2039999999999793,2.2039999999999793,25.593372393063014,TRUE,-1,-1,FALSE
DE-Obe,2022,ENF,ICOS,-149.311,18.9328,-125.43,14.6152,-23.881,23.881,23.91767101705348,TRUE,-1,-1,FALSE
DE-Obe,2023,ENF,ICOS,-215.088,16.064,-195.221,16.8926,-19.86699999999999,19.86699999999999,23.311199685129896,TRUE,-1,-1,FALSE
DE-Obe,2024,ENF,ICOS,-196.016,25.9987,-212.495,33.7827,16.479000000000013,16.479000000000013,42.628666657309374,TRUE,-1,-1,FALSE
DE-Rns,2022,CRO,ICOS,-403.752,27.552,-407.146,24.5131,3.3940000000000055,3.3940000000000055,36.878242577568685,TRUE,-1,-1,FALSE
DE-Rns,2023,CRO,ICOS,-615.153,31.6199,-616.936,31.5591,1.7830000000000155,1.7830000000000155,44.67432001519441,TRUE,-1,-1,FALSE
DE-Rns,2024,CRO,ICOS,-398.881,27.3814,-414.346,18.8775,15.465000000000032,15.465000000000032,33.25809784413414,TRUE,-1,-1,FALSE
DE-RuC,2014,OSH,ICOS,515.514,9.94633,500.097,20.279,15.41700000000003,15.41700000000003,22.58688383706128,TRUE,1,1,FALSE
DE-RuC,2015,OSH,ICOS,357.712,5.30771,353.7,9.47208,4.0120000000000005,4.0120000000000005,10.8578121631616,TRUE,1,1,FALSE
DE-RuC,2016,OSH,ICOS,259.924,10.9208,245.908,30.9182,14.015999999999991,14.015999999999991,32.79022665185466,TRUE,1,1,FALSE
DE-RuC,2017,OSH,ICOS,252.282,8.43281,243.128,13.4032,9.154000000000025,9.154000000000025,15.835341951978808,TRUE,1,1,FALSE
DE-RuC,2018,OSH,ICOS,88.7538,17.7884,68.6745,29.1211,20.079300000000003,20.079300000000003,34.12426760781834,TRUE,1,1,FALSE
DE-RuC,2019,OSH,ICOS,96.9801,6.34219,94.293,10.6898,2.6870999999999867,2.6870999999999867,12.429609729838665,TRUE,1,1,FALSE
DE-RuC,2020,OSH,ICOS,83.6909,3.75016,84.2626,12.9305,-0.571700000000007,0.571700000000007,13.463340234711445,TRUE,1,1,FALSE
DE-RuC,2021,OSH,ICOS,-57.1835,11.6617,-54.8293,10.784,-2.3541999999999987,2.3541999999999987,15.883636324532239,TRUE,-1,-1,FALSE
DE-RuC,2022,OSH,ICOS,-73.5275,14.715,-60.2955,16.4863,-13.232000000000006,13.232000000000006,22.098174419847446,TRUE,-1,-1,FALSE
DE-RuC,2023,OSH,ICOS,-97.7601,9.42527,-91.9703,6.23545,-5.7898,5.7898,11.301174774128572,TRUE,-1,-1,FALSE
DE-RuC,2024,OSH,ICOS,-23.1928,15.8069,-13.7153,9.96439,-9.4775,9.4775,18.68547980872046,TRUE,-1,-1,FALSE
DE-RuM,2012,CRO,ICOS,-478.195,9.123,-469.098,11.7847,-9.09699999999998,9.09699999999998,14.903297725335825,TRUE,-1,-1,FALSE
DE-RuM,2013,CRO,ICOS,-277.726,6.62825,-273.239,10.5725,-4.487000000000023,4.487000000000023,12.478439578428867,TRUE,-1,-1,FALSE
DE-RuM,2015,CRO,ICOS,-686.934,8.88216,-683.735,8.83883,-3.1989999999999554,3.1989999999999554,12.530669656267378,TRUE,-1,-1,FALSE
DE-RuM,2016,CRO,ICOS,-199.475,4.8587,-199.809,4.05562,0.3340000000000032,0.3340000000000032,6.328903481204307,TRUE,-1,-1,FALSE
DE-RuM,2017,CRO,ICOS,-597.497,6.2572,-597.254,6.42458,-0.24299999999993815,0.24299999999993815,8.968153657046694,TRUE,-1,-1,FALSE
DE-RuM,2018,CRO,ICOS,175.385,25.1331,159.778,26.8057,15.607,15.607,36.74531627432263,TRUE,1,1,FALSE
DE-Seh,2008,CRO,ICOS,-263.902,36.1764,-263.408,34.2634,-0.49399999999997135,0.49399999999997135,49.82682506963493,TRUE,-1,-1,FALSE
DE-Seh,2009,CRO,ICOS,-311.522,16.9787,-310.945,17.5727,-0.5769999999999982,0.5769999999999982,24.435139430336797,TRUE,-1,-1,FALSE
DE-SfS,2011,WET,ICOS,-348.438,15.3478,-349.922,15.7566,1.4840000000000373,1.4840000000000373,21.996031651186538,TRUE,-1,-1,FALSE
DE-SfS,2012,WET,ICOS,-532.573,15.6379,-526.653,14.7881,-5.919999999999959,5.919999999999959,21.522820865769432,TRUE,-1,-1,FALSE
DE-SfS,2013,WET,ICOS,-642.79,14.4982,-657.485,15.4977,14.69500000000005,14.69500000000005,21.222075971261624,TRUE,-1,-1,FALSE
DE-SfS,2014,WET,ICOS,-342.804,24.0313,-370.111,25.5419,27.307000000000016,27.307000000000016,35.069816584921,TRUE,-1,-1,FALSE
DE-SfS,2015,WET,ICOS,-358.118,17.1662,-355.739,15.8493,-2.379000000000019,2.379000000000019,23.364047871248683,TRUE,-1,-1,FALSE
DE-SfS,2016,WET,ICOS,-669.039,13.8413,-673.315,15.6329,4.276000000000067,4.276000000000067,20.87987423573236,TRUE,-1,-1,FALSE
DE-SfS,2017,WET,ICOS,-416.862,19.2215,-407.855,18.7267,-9.007000000000005,9.007000000000005,26.835710445971056,TRUE,-1,-1,FALSE
DE-SfS,2018,WET,ICOS,-495.422,25.0272,-459.069,27.9706,-36.35300000000001,36.35300000000001,37.532854996655935,TRUE,-1,-1,FALSE
DE-SfS,2019,WET,ICOS,-275.988,26.1775,-286.568,23.8826,10.579999999999984,10.579999999999984,35.43501219147525,TRUE,-1,-1,FALSE
DE-Spw,2011,WET,ICOS,-490.744,13.8151,-494.207,17.1278,3.4629999999999654,3.4629999999999654,22.00496582251379,TRUE,-1,-1,FALSE
DE-Spw,2012,WET,ICOS,-426.762,13.3426,-427.873,14.4265,1.11099999999999,1.11099999999999,19.65067115927596,TRUE,-1,-1,FALSE
DE-Spw,2014,WET,ICOS,-452.209,34.5599,-457.152,33.4991,4.942999999999984,4.942999999999984,48.13082576499181,TRUE,-1,-1,FALSE
DE-Zrk,2014,WET,ICOS,207.058,107.474,134.162,96.3373,72.89599999999999,72.89599999999999,144.33134118163665,TRUE,1,1,FALSE
DE-Zrk,2015,WET,ICOS,280.928,57.9992,258.108,62.2381,22.819999999999993,22.819999999999993,85.07342882622046,TRUE,1,1,FALSE
DE-Zrk,2016,WET,ICOS,162.831,53.9231,206.109,70.2563,-43.27800000000002,43.27800000000002,88.5643743460089,TRUE,1,1,FALSE
DE-Zrk,2017,WET,ICOS,88.8471,75.236,39.472,81.5553,49.375099999999996,49.375099999999996,110.95820228396818,TRUE,1,1,FALSE
DE-Zrk,2018,WET,ICOS,122.665,132.297,34.779,123.991,87.886,87.886,181.31813006426026,TRUE,1,1,FALSE
DE-Zrk,2019,WET,ICOS,82.7263,110.169,90.0425,101.118,-7.316200000000009,7.316200000000009,149.5394880458001,TRUE,1,1,FALSE
DE-Zrk,2020,WET,ICOS,-294.914,67.8864,-282.301,74.057,-12.613,12.613,100.46393658403,TRUE,-1,-1,FALSE
DE-Zrk,2021,WET,ICOS,-124.499,20.622,-123.944,44.4719,-0.5549999999999926,0.5549999999999926,49.02057500284957,TRUE,-1,-1,FALSE
DE-Zrk,2022,WET,ICOS,-121.816,13.38,-126.038,14.8485,4.221999999999994,4.221999999999994,19.987554934258466,TRUE,-1,-1,FALSE
DK-Gds,2021,ENF,ICOS,-973.05,39.4439,-972.76,39.3903,-0.2899999999999636,0.2899999999999636,55.74421029398479,TRUE,-1,-1,FALSE
DK-Skj,2021,WET,ICOS,-23.3753,26.4229,-23.3279,26.4734,-0.047399999999999665,0.047399999999999665,37.403349475280955,TRUE,-1,-1,FALSE
DK-Skj,2022,WET,ICOS,-190.224,7.82334,-187.375,9.07967,-2.8489999999999895,2.8489999999999895,11.985201544592398,TRUE,-1,-1,FALSE
DK-Sor,1997,DBF,ICOS,12.5074,12.3872,13.7171,12.4964,-1.2096999999999998,1.2096999999999998,17.595531728254194,TRUE,1,1,FALSE
DK-Sor,1998,DBF,ICOS,84.3751,12.9426,79.9002,11.3508,4.474900000000005,4.474900000000005,17.214864373558104,TRUE,1,1,FALSE
DK-Sor,1999,DBF,ICOS,32.5126,10.1863,27.1729,10.1275,5.339700000000001,5.339700000000001,14.364085906872042,TRUE,1,1,FALSE
DK-Sor,2000,DBF,ICOS,-75.4017,11.110900000000001,-74.7532,11.7966,-0.6484999999999985,0.6484999999999985,16.20530377283931,TRUE,-1,-1,FALSE
DK-Sor,2001,DBF,ICOS,-135.199,10.0346,-135.894,9.6765,0.6949999999999932,0.6949999999999932,13.940152417029019,TRUE,-1,-1,FALSE
DK-Sor,2002,DBF,ICOS,-145.087,7.90577,-145.715,7.30633,0.6280000000000143,0.6280000000000143,10.764927187946977,TRUE,-1,-1,FALSE
DK-Sor,2003,DBF,ICOS,-67.9863,11.3046,-72.1653,10.4049,4.179000000000002,4.179000000000002,15.364111597160443,TRUE,-1,-1,FALSE
DK-Sor,2004,DBF,ICOS,-196.491,8.68594,-200.369,11.2248,3.877999999999986,3.877999999999986,14.19301549085324,TRUE,-1,-1,FALSE
DK-Sor,2005,DBF,ICOS,-153.482,7.28143,-154.074,6.88583,0.592000000000013,0.592000000000013,10.021670401375212,TRUE,-1,-1,FALSE
DK-Sor,2006,DBF,ICOS,-90.7587,11.5585,-94.1678,11.3243,3.409099999999995,3.409099999999995,16.181430491152504,TRUE,-1,-1,FALSE
DK-Sor,2007,DBF,ICOS,-256.005,13.125,-257.925,14.3,1.920000000000016,1.920000000000016,19.410193842411775,TRUE,-1,-1,FALSE
DK-Sor,2008,DBF,ICOS,-303.089,13.6067,-303.283,13.1872,0.19400000000001683,0.19400000000001683,18.94847035330293,TRUE,-1,-1,FALSE
DK-Sor,2009,DBF,ICOS,-316.71,14.2726,-316.701,13.703,-0.008999999999957708,0.008999999999957708,19.785836342191853,TRUE,-1,-1,FALSE
DK-Sor,2010,DBF,ICOS,-228.862,7.23373,-226.436,7.22748,-2.4259999999999877,2.4259999999999877,10.225620610178142,TRUE,-1,-1,FALSE
DK-Sor,2011,DBF,ICOS,-284.532,11.2325,-283.557,10.6674,-0.9749999999999659,0.9749999999999659,15.490722352750371,TRUE,-1,-1,FALSE
DK-Sor,2012,DBF,ICOS,-318.66,8.34898,-319.555,8.23512,0.8949999999999818,0.8949999999999818,11.727005945884056,TRUE,-1,-1,FALSE
DK-Sor,2015,DBF,ICOS,-329.941,17.4831,-332.076,16.0466,2.1350000000000477,2.1350000000000477,23.730827148879577,TRUE,-1,-1,FALSE
DK-Sor,2016,DBF,ICOS,-407.026,17.5421,-411.827,22.1655,4.800999999999988,4.800999999999988,28.267201181935224,TRUE,-1,-1,FALSE
DK-Sor,2017,DBF,ICOS,-290.138,8.09269,-293.453,8.02278,3.3149999999999977,3.3149999999999977,11.395465342165716,TRUE,-1,-1,FALSE
DK-Sor,2018,DBF,ICOS,-348.986,19.2603,-348.352,23.3241,-0.6340000000000146,0.6340000000000146,30.248517267793474,TRUE,-1,-1,FALSE
DK-Sor,2019,DBF,ICOS,-220.799,18.0083,-222.953,19.7421,2.1539999999999964,2.1539999999999964,26.721702440151525,TRUE,-1,-1,FALSE
DK-Sor,2020,DBF,ICOS,-251.37,20.056,-260.783,20.5332,9.413000000000011,9.413000000000011,28.702882054595143,TRUE,-1,-1,FALSE
DK-Sor,2021,DBF,ICOS,-442.524,14.7714,-449.29,14.8656,6.7660000000000196,6.7660000000000196,20.956629531487167,TRUE,-1,-1,FALSE
DK-Sor,2022,DBF,ICOS,-383.529,16.4056,-388.597,17.4993,5.067999999999984,5.067999999999984,23.98685498038457,TRUE,-1,-1,FALSE
DK-Sor,2023,DBF,ICOS,-515.809,25.929,-520.857,26.4932,5.048000000000002,5.048000000000002,37.07023991344,TRUE,-1,-1,FALSE
DK-Sor,2024,DBF,ICOS,-463.05,15.713,-473.432,15.6538,10.382000000000005,10.382000000000005,22.1797164869166,TRUE,-1,-1,FALSE
DK-Vng,2021,CRO,ICOS,-56.9691,3.31513,-55.7995,3.3788299999999998,-1.1695999999999955,1.1695999999999955,4.733558818246584,TRUE,-1,-1,FALSE
DK-Vng,2022,CRO,ICOS,-189.896,6.70727,-190.104,6.75384,0.20800000000002683,0.20800000000002683,9.51849912530857,TRUE,-1,-1,FALSE
DK-Vng,2023,CRO,ICOS,-179.544,4.76725,-182.636,5.28177,3.0919999999999845,3.0919999999999845,7.11503808109275,TRUE,-1,-1,FALSE
EE-Pts,2023,WET,ICOS,15.735900000000001,12.5362,14.9274,12.513,0.8085000000000004,0.8085000000000004,17.71246678020879,TRUE,1,1,FALSE
EE-Pts,2024,WET,ICOS,-27.4245,11.7264,-26.4117,12.1899,-1.0127999999999986,1.0127999999999986,16.91455346646786,TRUE,-1,-1,FALSE
EE-Stg,2017,ENF,ICOS,-315.388,17.8262,-319.583,21.2316,4.19500000000005,4.19500000000005,27.722810914479794,TRUE,-1,-1,FALSE
EE-Stg,2018,ENF,ICOS,-231.863,23.6584,-234.584,24.226,2.7210000000000036,2.7210000000000036,33.861762602676194,TRUE,-1,-1,FALSE
EE-Stg,2019,ENF,ICOS,-76.2713,15.6233,-79.1239,18.3106,2.8526000000000096,2.8526000000000096,24.070014026792755,TRUE,-1,-1,FALSE
EE-Stg,2020,ENF,ICOS,-20.5643,16.6397,-21.3442,13.3392,0.7799000000000014,0.7799000000000014,21.326365670924808,TRUE,-1,-1,FALSE
EE-Stg,2021,ENF,ICOS,-52.8191,6.16485,-52.7283,6.11698,-0.09080000000000155,0.09080000000000155,8.684631243921643,TRUE,-1,-1,FALSE
EE-Stg,2022,ENF,ICOS,-128.478,18.069,-128.487,16.7271,0.00899999999998613,0.00899999999998613,24.62284783305944,TRUE,-1,-1,FALSE
EE-Stg,2023,ENF,ICOS,-256.032,22.8403,-262.397,23.795,6.365000000000009,6.365000000000009,32.98304608567862,TRUE,-1,-1,FALSE
EE-Stg,2024,ENF,ICOS,-167.863,29.5011,-179.659,27.9319,11.795999999999992,11.795999999999992,40.62641922222533,TRUE,-1,-1,FALSE
ES-Abr,2016,SAV,ICOS,-76.4155,4.69894,-76.4025,5.03651,-0.012999999999991019,0.012999999999991019,6.888139814470958,TRUE,-1,-1,FALSE
ES-Abr,2017,SAV,ICOS,70.3497,7.72456,67.4123,7.14962,2.9373999999999967,2.9373999999999967,10.525487795727093,TRUE,1,1,FALSE
ES-Abr,2018,SAV,ICOS,-61.8917,5.96989,-62.6648,5.73398,0.7730999999999995,0.7730999999999995,8.277566867896628,TRUE,-1,-1,FALSE
ES-Abr,2019,SAV,ICOS,92.5877,3.3397,90.3521,3.46516,2.235600000000005,2.235600000000005,4.812580380170289,TRUE,1,1,FALSE
ES-Abr,2020,SAV,ICOS,-34.988,7.05541,-40.404,7.43998,5.416000000000004,5.416000000000004,10.253395177622874,TRUE,-1,-1,FALSE
ES-Amo,2009,OSH,ICOS,166.874,3.7324,166.416,5.74088,0.4579999999999984,0.4579999999999984,6.847518742902424,TRUE,1,1,FALSE
ES-Amo,2010,OSH,ICOS,136.221,4.07541,135.713,7.98928,0.5080000000000098,0.5080000000000098,8.968698990739961,TRUE,1,1,FALSE
ES-Amo,2011,OSH,ICOS,196.473,3.12815,197.845,4.30562,-1.3719999999999857,1.3719999999999857,5.322000188547536,TRUE,1,1,FALSE
ES-Amo,2012,OSH,ICOS,223.213,3.3981,224.305,5.29217,-1.092000000000013,1.092000000000013,6.289208767317237,TRUE,1,1,FALSE
ES-Amo,2014,OSH,ICOS,136.575,6.05004,137.706,6.29857,-1.1310000000000002,1.1310000000000002,8.733554147453372,TRUE,1,1,FALSE
ES-Amo,2015,OSH,ICOS,76.5906,3.54717,74.9178,3.50902,1.6727999999999952,1.6727999999999952,4.98955272236901,TRUE,1,1,FALSE
ES-Amo,2019,OSH,ICOS,-202.025,4.46167,-204.807,3.85616,2.7819999999999823,2.7819999999999823,5.897157716603822,TRUE,-1,-1,FALSE
ES-Cnd,2015,WSA,ICOS,-11.503,21.4072,-6.83128,21.8934,-4.6717200000000005,4.6717200000000005,30.620077978346167,TRUE,-1,-1,FALSE
ES-Cnd,2016,WSA,ICOS,48.8858,27.5683,43.927,28.5816,4.958800000000004,4.958800000000004,39.71043972874136,TRUE,1,1,FALSE
ES-Cnd,2017,WSA,ICOS,-1.31605,17.3784,-2.1669,17.418,0.8508500000000001,0.8508500000000001,24.604786334369983,TRUE,-1,-1,FALSE
ES-Cnd,2018,WSA,ICOS,-157.067,19.6138,-156.758,15.9539,-0.3089999999999975,0.3089999999999975,25.282960183688935,TRUE,-1,-1,FALSE
ES-Cnd,2019,WSA,ICOS,-228.929,15.0294,-228.029,15.7856,-0.9000000000000057,0.9000000000000057,21.796055416519753,TRUE,-1,-1,FALSE
ES-Crg,2022,CSH,ICOS,-268.471,27.1793,-264.771,19.5993,-3.6999999999999886,3.6999999999999886,33.50890790491388,TRUE,-1,-1,FALSE
ES-Crg,2023,CSH,ICOS,-284.009,15.3581,-295.056,12.0006,11.046999999999969,11.046999999999969,19.490655093403095,TRUE,-1,-1,FALSE
ES-Crg,2024,CSH,ICOS,-208.667,32.2811,-206.982,17.6618,-1.6850000000000023,1.6850000000000023,36.79685579570624,TRUE,-1,-1,FALSE
ES-FtD,2021,WET,ICOS,-225.512,16.0198,-238.289,17.6394,12.776999999999987,12.776999999999987,23.828185503726463,TRUE,-1,-1,FALSE
ES-FtD,2022,WET,ICOS,-92.5561,25.5552,-82.5757,23.7355,-9.980400000000003,9.980400000000003,34.877531553852826,TRUE,-1,-1,FALSE
ES-FtD,2024,WET,ICOS,-152.373,29.8453,-162.146,35.1316,9.772999999999996,9.772999999999996,46.09741045492686,TRUE,-1,-1,FALSE
ES-Gdn,2015,SAV,ICOS,-175.479,25.1034,-169.415,25.612,-6.064000000000021,6.064000000000021,35.86300650475361,TRUE,-1,-1,FALSE
ES-Gdn,2016,SAV,ICOS,-186.404,13.5434,-187.366,17.4838,0.9620000000000175,0.9620000000000175,22.115762387944034,TRUE,-1,-1,FALSE
ES-Gdn,2017,SAV,ICOS,-281.257,16.9453,-281.328,14.7838,0.07099999999996953,0.07099999999996953,22.48786193772098,TRUE,-1,-1,FALSE
ES-Gdn,2018,SAV,ICOS,62.6048,16.8569,63.4423,15.6216,-0.8375000000000057,0.8375000000000057,22.98237290120409,TRUE,1,1,FALSE
ES-HeB,2019,ENF,ICOS,-211.897,34.4303,-213.712,35.8239,1.8149999999999977,1.8149999999999977,49.68699396522193,TRUE,-1,-1,FALSE
ES-HeB,2020,ENF,ICOS,-255.244,21.2057,-253.568,21.943,-1.6759999999999877,1.6759999999999877,30.51519230629229,TRUE,-1,-1,FALSE
ES-HeB,2021,ENF,ICOS,-238.301,14.2221,-242.128,13.523,3.826999999999998,3.826999999999998,19.624975348009993,TRUE,-1,-1,FALSE
ES-HeB,2022,ENF,ICOS,-72.4151,16.9019,-59.8402,16.0834,-12.574899999999992,12.574899999999992,23.331308989638796,TRUE,-1,-1,FALSE
ES-HeB,2023,ENF,ICOS,-171.382,9.78129,-168.263,9.74375,-3.1189999999999998,3.1189999999999998,13.806313705207485,TRUE,-1,-1,FALSE
ES-HeB,2024,ENF,ICOS,-187.718,7.49588,-180.141,6.37578,-7.576999999999998,7.576999999999998,9.840670077936766,TRUE,-1,-1,FALSE
ES-Hen,2019,ENF,ICOS,-157.113,37.518,-185.053,38.2332,27.939999999999998,27.939999999999998,53.56657452404438,TRUE,-1,-1,FALSE
ES-Hen,2020,ENF,ICOS,-387.445,64.6885,-397.444,61.2587,9.999000000000024,9.999000000000024,89.09113512544332,TRUE,-1,-1,FALSE
ES-Hen,2021,ENF,ICOS,-71.2683,38.0426,-70.6338,37.1345,-0.6345000000000027,0.6345000000000027,53.162115317300916,TRUE,-1,-1,FALSE
ES-Hen,2022,ENF,ICOS,-112.129,42.3942,-111.468,46.6139,-0.6610000000000014,0.6610000000000014,63.00891894684434,TRUE,-1,-1,FALSE
ES-Hen,2023,ENF,ICOS,-62.3562,41.0651,-59.2035,38.2193,-3.152700000000003,3.152700000000003,56.09863929276716,TRUE,-1,-1,FALSE
ES-Hen,2024,ENF,ICOS,-146.334,70.4212,-139.52,70.2182,-6.813999999999993,6.813999999999993,99.44717703725932,TRUE,-1,-1,FALSE
ES-LJu,2007,OSH,ICOS,5.5465,14.1163,79.4372,83.4507,-73.89070000000001,73.89070000000001,84.63621716605722,TRUE,1,1,FALSE
ES-LJu,2008,OSH,ICOS,-1.90185,13.9791,72.6936,74.9491,-74.59545,74.59545,76.24160824392413,TRUE,-1,1,TRUE
ES-LJu,2009,OSH,ICOS,8.59241,6.70258,65.0139,72.1772,-56.421490000000006,56.421490000000006,72.4877422637538,TRUE,1,1,FALSE
ES-LJu,2010,OSH,ICOS,20.4067,41.5212,63.0443,67.0947,-42.6376,42.6376,78.903161011014,TRUE,1,1,FALSE
ES-LJu,2011,OSH,ICOS,-67.1936,18.8894,-48.1156,43.8094,-19.078000000000003,19.078000000000003,47.70820642950225,TRUE,-1,-1,FALSE
ES-LJu,2012,OSH,ICOS,87.1932,38.2375,86.0835,59.5395,1.1097000000000037,1.1097000000000037,70.76057141162725,TRUE,1,1,FALSE
ES-LJu,2013,OSH,ICOS,49.8299,67.4315,23.8429,68.3264,25.987000000000002,25.987000000000002,95.9974173048942,TRUE,1,1,FALSE
ES-LJu,2014,OSH,ICOS,63.6702,42.7785,46.761,53.7396,16.9092,16.9092,68.68729628111738,TRUE,1,1,FALSE
ES-LJu,2016,OSH,ICOS,11.4445,35.1969,51.5607,79.5923,-40.1162,40.1162,87.0273289771667,TRUE,1,1,FALSE
ES-LJu,2020,OSH,ICOS,52.7077,76.0097,8.40999,69.6027,44.29771,44.29771,103.06313764571695,TRUE,1,1,FALSE
ES-LJu,2022,OSH,ICOS,23.0176,51.1452,-12.5082,38.1981,35.525800000000004,35.525800000000004,63.83514961719758,TRUE,1,-1,TRUE
ES-LJu,2024,OSH,ICOS,-265.774,59.1701,-318.51,47.1785,52.73599999999999,52.73599999999999,75.67636088145359,TRUE,-1,-1,FALSE
ES-LM1,2015,SAV,ICOS,82.7117,5.80124,82.5138,5.7511,0.19789999999998997,0.19789999999998997,8.168814892479816,TRUE,1,1,FALSE
ES-LM1,2016,SAV,ICOS,-45.4717,5.47983,-43.472,5.19885,-1.9996999999999971,1.9996999999999971,7.553580485531349,TRUE,-1,-1,FALSE
ES-LM1,2017,SAV,ICOS,70.1653,4.85981,67.6336,4.99558,2.5317000000000007,2.5317000000000007,6.969474354103041,TRUE,1,1,FALSE
ES-LM1,2018,SAV,ICOS,-86.7982,4.37787,-85.7626,4.37066,-1.035599999999988,1.035599999999988,6.186146989241364,TRUE,-1,-1,FALSE
ES-LM1,2019,SAV,ICOS,-24.973,6.82111,-24.5286,6.00418,-0.44439999999999813,0.44439999999999813,9.087228351070529,TRUE,-1,-1,FALSE
ES-LM1,2020,SAV,ICOS,-20.9788,4.68669,-17.405,4.76532,-3.5737999999999985,3.5737999999999985,6.683811626497263,TRUE,-1,-1,FALSE
ES-LM1,2021,SAV,ICOS,-79.945,9.82033,-80.1685,10.4084,0.22350000000000136,0.22350000000000136,14.309915159388613,TRUE,-1,-1,FALSE
ES-LM1,2022,SAV,ICOS,106.85,6.15698,106.656,6.77851,0.1939999999999884,0.1939999999999884,9.1573249664135,TRUE,1,1,FALSE
ES-LM1,2023,SAV,ICOS,33.3203,7.47923,33.0758,6.84586,0.24450000000000216,0.24450000000000216,10.139264299371035,TRUE,1,1,FALSE
ES-LM2,2015,SAV,ICOS,48.0938,6.13122,47.248,6.25361,0.8458000000000041,0.8458000000000041,8.757824885238344,TRUE,1,1,FALSE
ES-LM2,2016,SAV,ICOS,-55.0972,5.62951,-54.4622,5.96328,-0.634999999999998,0.634999999999998,8.200737235060028,TRUE,-1,-1,FALSE
ES-LM2,2017,SAV,ICOS,57.5692,7.94009,55.5401,9.463,2.0290999999999997,2.0290999999999997,12.352870039310702,TRUE,1,1,FALSE
ES-LM2,2018,SAV,ICOS,-11.1473,10.6665,-9.67176,10.5248,-1.4755399999999987,1.4755399999999987,14.984846922474716,TRUE,-1,-1,FALSE
ES-LM2,2019,SAV,ICOS,-9.87889,5.41601,-10.676,6.08529,0.79711,0.79711,8.146405262703299,TRUE,-1,-1,FALSE
ES-LM2,2020,SAV,ICOS,43.5759,5.33353,48.1243,5.1052,-4.548400000000001,4.548400000000001,7.383062325410777,TRUE,1,1,FALSE
ES-LM2,2021,SAV,ICOS,-71.1924,8.62913,-71.9849,8.18728,0.7924999999999898,0.7924999999999898,11.895101443674198,TRUE,-1,-1,FALSE
ES-LM2,2022,SAV,ICOS,97.1232,13.375,104.213,14.1498,-7.089799999999997,7.089799999999997,19.470682192465677,TRUE,1,1,FALSE
ES-LM2,2023,SAV,ICOS,75.6233,10.4566,79.4677,5.42028,-3.844399999999993,3.844399999999993,11.777942045977301,TRUE,1,1,FALSE
ES-LM2,2024,SAV,ICOS,-26.8971,18.0125,-25.6767,14.1759,-1.220399999999998,1.220399999999998,22.921742888794473,TRUE,-1,-1,FALSE
ES-Mcd,2019,EBF,ICOS,-155.992,8.58903,-139.6,9.98084,-16.391999999999996,16.391999999999996,13.16771063801525,FALSE,-1,-1,FALSE
ES-Mcd,2020,EBF,ICOS,-423.413,12.869,-419.556,13.8841,-3.8570000000000277,3.8570000000000277,18.930911066559897,TRUE,-1,-1,FALSE
ES-Mcd,2021,EBF,ICOS,-294.342,22.4528,-296.344,29.239,2.0020000000000095,2.0020000000000095,36.86525937573205,TRUE,-1,-1,FALSE
ES-Mcd,2022,EBF,ICOS,201.444,61.7493,168.675,89.5291,32.76899999999998,32.76899999999998,108.75861252011264,TRUE,1,1,FALSE
ES-Mcd,2023,EBF,ICOS,-94.2686,22.942,-107.043,50.9123,12.7744,12.7744,55.84261504702301,TRUE,-1,-1,FALSE
ES-Mcd,2024,EBF,ICOS,-296.98,17.0624,-302.486,38.7751,5.505999999999972,5.505999999999972,42.36311926393051,TRUE,-1,-1,FALSE
ES-MtB,2022,OSH,ICOS,-432.581,5.83046,-432.368,5.76815,-0.21300000000002228,0.21300000000002228,8.201574131476226,TRUE,-1,-1,FALSE
ES-MtB,2023,OSH,ICOS,-329.866,7.34372,-329.266,6.98086,-0.5999999999999659,0.5999999999999659,10.132256894591649,TRUE,-1,-1,FALSE
ES-MtB,2024,OSH,ICOS,-407.74,6.08994,-406.594,6.34128,-1.146000000000015,1.146000000000015,8.791996430959239,TRUE,-1,-1,FALSE
ES-Pzb,2021,GRA,ICOS,7.09192,7.37613,9.55628,7.60224,-2.464359999999999,2.464359999999999,10.592513714624117,TRUE,1,1,FALSE
ES-Pzb,2022,GRA,ICOS,63.3466,10.1435,64.3536,11.1053,-1.006999999999998,1.006999999999998,15.040554522357212,TRUE,1,1,FALSE
ES-Pzb,2023,GRA,ICOS,139.48,14.5462,140.129,13.8677,-0.6490000000000009,0.6490000000000009,20.097388828651347,TRUE,1,1,FALSE
ES-Pzb,2024,GRA,ICOS,-5.07286,13.8351,-4.75856,20.904,-0.31430000000000025,0.31430000000000025,25.067652622652965,TRUE,-1,-1,FALSE
ES-VDA,2023,GRA,ICOS,30.6545,45.99,3.81664,45.9782,26.83786,26.83786,65.03133840880103,TRUE,1,1,FALSE
ES-VDA,2024,GRA,ICOS,-209.05,51.1205,-186.949,53.1229,-22.101,22.101,73.72481281536088,TRUE,-1,-1,FALSE
ES-Yst,2021,ENF,ICOS,-326.012,27.2546,-322.762,13.0575,-3.25,3.25,30.22104444604786,TRUE,-1,-1,FALSE
ES-Yst,2022,ENF,ICOS,-274.905,4.98023,-276.953,14.2835,2.048000000000002,2.048000000000002,15.126832553542066,TRUE,-1,-1,FALSE
ES-Yst,2023,ENF,ICOS,-235.559,8.7258,-245.741,15.1843,10.182000000000016,10.182000000000016,17.51292528762685,TRUE,-1,-1,FALSE
ES-Yst,2024,ENF,ICOS,-261.09,6.19507,-259.982,7.74661,-1.1079999999999472,1.1079999999999472,9.919115827380988,TRUE,-1,-1,FALSE
FI-Jok,2001,CRO,ICOS,181.038,2.35959,180.248,3.51122,0.7900000000000205,0.7900000000000205,4.230405519155344,TRUE,1,1,FALSE
FI-Jok,2002,CRO,ICOS,63.9094,11.3659,61.0759,12.0552,2.833500000000001,2.833500000000001,16.56838947665101,TRUE,1,1,FALSE
FI-Nsv,2022,CVM,ICOS,145.222,2.07872,145.79,2.11401,-0.5679999999999836,0.5679999999999836,2.964812830264332,TRUE,1,1,FALSE
FI-Nsv,2023,CVM,ICOS,-35.9262,1.69482,-35.4769,1.50242,-0.4493000000000009,0.4493000000000009,2.2648798398149075,TRUE,-1,-1,FALSE
FI-Nsv,2024,CVM,ICOS,-15.4518,2.8149,-17.0408,2.84093,1.5890000000000004,1.5890000000000004,3.9993181012392602,TRUE,-1,-1,FALSE
FI-Qvd,2019,CRO,ICOS,241.86,65.7386,167.457,120.053,74.40300000000002,74.40300000000002,136.87324917221773,TRUE,1,1,FALSE
FI-Qvd,2020,CRO,ICOS,65.5755,33.607,75.0043,34.1495,-9.428799999999995,9.428799999999995,47.91261628475323,TRUE,1,1,FALSE
FI-Qvd,2021,CRO,ICOS,-73.3438,55.466,-70.5583,49.7227,-2.785499999999999,2.785499999999999,74.49042925967066,TRUE,-1,-1,FALSE
FI-Qvd,2022,CRO,ICOS,164.56,20.9591,145.899,36.2836,18.661,18.661,41.90207037569862,TRUE,1,1,FALSE
FI-Qvd,2023,CRO,ICOS,179.214,22.5461,191.896,22.1826,-12.681999999999988,12.681999999999988,31.6290114921412,TRUE,1,1,FALSE
FI-Rk2,2020,ENF,ICOS,378.4,15.2049,373.861,12.903,4.538999999999987,4.538999999999987,19.941825217617367,TRUE,1,1,FALSE
FI-Rk2,2021,ENF,ICOS,387.613,7.86127,385.43,9.08448,2.1829999999999927,2.1829999999999927,12.013631544345781,TRUE,1,1,FALSE
FI-Rk2,2022,ENF,ICOS,317.408,15.8264,311.629,19.2809,5.778999999999996,5.778999999999996,24.944499228687672,TRUE,1,1,FALSE
FI-Rk2,2023,ENF,ICOS,214.284,10.1891,219.751,10.8506,-5.467000000000013,5.467000000000013,14.884665907234869,TRUE,1,1,FALSE
FI-Ruk,2020,CRO,ICOS,85.4629,25.6065,49.8004,28.2227,35.6625,35.6625,38.10792092911919,TRUE,1,1,FALSE
FI-Ruk,2021,CRO,ICOS,288.735,53.019,297.15,48.4304,-8.414999999999964,8.414999999999964,71.80889920587838,TRUE,1,1,FALSE
FI-Ruk,2022,CRO,ICOS,670.711,24.1889,677.195,24.5236,-6.484000000000037,6.484000000000037,34.445752135350446,TRUE,1,1,FALSE
FI-Ruk,2023,CRO,ICOS,313.305,21.6674,316.495,16.1915,-3.1899999999999977,3.1899999999999977,27.04886125163128,TRUE,1,1,FALSE
FI-Sii,2019,WET,ICOS,-23.1566,10.0098,-23.1487,7.74792,-0.007899999999999352,0.007899999999999352,12.65805515734546,TRUE,-1,-1,FALSE
FI-Sii,2020,WET,ICOS,-8.71506,3.59734,-7.5073,5.26197,-1.2077599999999995,1.2077599999999995,6.3741025530265825,TRUE,-1,-1,FALSE
FI-Sii,2021,WET,ICOS,-39.0015,1.53681,-38.0263,1.32304,-0.975200000000001,0.975200000000001,2.0278608970291825,TRUE,-1,-1,FALSE
FI-Sii,2022,WET,ICOS,-59.0602,1.39763,-59.1145,1.87455,0.054299999999997794,0.054299999999997794,2.3382273883008042,TRUE,-1,-1,FALSE
FI-Sii,2023,WET,ICOS,-27.5675,1.51313,-27.559,2.2342,-0.008499999999997954,0.008499999999997954,2.6983721086796018,TRUE,-1,-1,FALSE
FI-Sii,2024,WET,ICOS,-51.0018,2.16121,-50.9704,3.79668,-0.03140000000000498,0.03140000000000498,4.368707782228058,TRUE,-1,-1,FALSE
FR-FBn,2008,ENF,ICOS,-724.171,12.7747,-752.259,24.4314,28.087999999999965,28.087999999999965,27.56966205904599,FALSE,-1,-1,FALSE
FR-FBn,2009,ENF,ICOS,-682.019,19.1953,-717.734,44.951,35.71500000000003,35.71500000000003,48.87792899755471,TRUE,-1,-1,FALSE
FR-FBn,2010,ENF,ICOS,-680.07,7.44952,-686.663,17.4542,6.592999999999961,6.592999999999961,18.97747206216887,TRUE,-1,-1,FALSE
FR-FBn,2011,ENF,ICOS,-687.744,34.4092,-688.023,47.4171,0.27899999999999636,0.27899999999999636,58.58646957318729,TRUE,-1,-1,FALSE
FR-FBn,2012,ENF,ICOS,-542.134,5.94959,-550.426,9.26153,8.29200000000003,8.29200000000003,11.00788622347633,TRUE,-1,-1,FALSE
FR-FBn,2013,ENF,ICOS,-581.181,23.8312,-593.064,18.7794,11.882999999999925,11.882999999999925,30.34125834239575,TRUE,-1,-1,FALSE
FR-FBn,2014,ENF,ICOS,-582.086,15.6597,-583.83,14.3548,1.7440000000000282,1.7440000000000282,21.243504586814296,TRUE,-1,-1,FALSE
FR-FBn,2015,ENF,ICOS,-420.539,18.4205,-439.677,11.5023,19.138000000000034,19.138000000000034,21.716761396211915,TRUE,-1,-1,FALSE
FR-FBn,2018,ENF,ICOS,-635.17,8.01519,-636.581,12.0183,1.4110000000000582,1.4110000000000582,14.445857732447042,TRUE,-1,-1,FALSE
FR-FBn,2019,ENF,ICOS,-465.492,28.579,-487.465,41.3255,21.972999999999956,21.972999999999956,50.24496184942327,TRUE,-1,-1,FALSE
FR-FBn,2020,ENF,ICOS,-658.973,13.7365,-667.789,19.557,8.816000000000031,8.816000000000031,23.89911465410382,TRUE,-1,-1,FALSE
FR-FBn,2021,ENF,ICOS,-559.447,20.6784,-578.58,35.0712,19.133000000000038,19.133000000000038,40.713453501269086,TRUE,-1,-1,FALSE
FR-FBn,2022,ENF,ICOS,-508.505,34.934,-548.38,41.6839,39.875,39.875,54.386872269050365,TRUE,-1,-1,FALSE
FR-FBn,2023,ENF,ICOS,-478.684,38.425,-526.846,42.9399,48.16199999999998,48.16199999999998,57.62218007859473,TRUE,-1,-1,FALSE
FR-FBn,2024,ENF,ICOS,-422.893,59.1839,-513.623,72.0819,90.73000000000008,90.73000000000008,93.26593336701242,TRUE,-1,-1,FALSE
FR-Fon,2020,DBF,ICOS,-471.907,18.9526,-458.214,19.0517,-13.692999999999984,13.692999999999984,26.873189606929806,TRUE,-1,-1,FALSE
FR-Fon,2021,DBF,ICOS,-399.907,15.8361,-397.645,16.8447,-2.2620000000000005,2.2620000000000005,23.119817933971714,TRUE,-1,-1,FALSE
FR-Fon,2022,DBF,ICOS,-613.463,18.2782,-617.036,21.2942,3.572999999999979,3.572999999999979,28.06306378284452,TRUE,-1,-1,FALSE
FR-Fon,2023,DBF,ICOS,-65.2003,21.1537,-67.3791,19.7949,2.1787999999999954,2.1787999999999954,28.970969774931593,TRUE,-1,-1,FALSE
FR-Fon,2024,DBF,ICOS,-283.577,29.7612,-298.758,31.9362,15.180999999999983,15.180999999999983,43.65375007808607,TRUE,-1,-1,FALSE
FR-LBr,2001,ENF,ICOS,-349.28,20.4943,-350.124,14.5263,0.8440000000000509,0.8440000000000509,25.120305017654545,TRUE,-1,-1,FALSE
FR-LBr,2002,ENF,ICOS,26.2666,6.68008,26.2666,6.39531,0,0,9.247889424214588,TRUE,1,1,FALSE
FR-LBr,2003,ENF,ICOS,-184.485,14.0576,-182.254,9.63874,-2.231000000000023,2.231000000000023,17.044689100936985,TRUE,-1,-1,FALSE
FR-LBr,2004,ENF,ICOS,-499.311,28.5533,-502.052,28.7994,2.7410000000000423,2.7410000000000423,40.55485644469722,TRUE,-1,-1,FALSE
FR-LBr,2005,ENF,ICOS,-126.765,14.4326,-135.201,17.5492,8.435999999999993,8.435999999999993,22.721671668255397,TRUE,-1,-1,FALSE
FR-LBr,2006,ENF,ICOS,-284.075,21.8981,-287.739,29.2339,3.6639999999999873,3.6639999999999873,36.52598654136531,TRUE,-1,-1,FALSE
FR-LBr,2007,ENF,ICOS,-781.233,34.4437,-796.51,49.0422,15.277000000000044,15.277000000000044,59.92917361794672,TRUE,-1,-1,FALSE
FR-LBr,2008,ENF,ICOS,-312.158,13.2204,-322.073,15.6305,9.914999999999964,9.914999999999964,20.471724558766415,TRUE,-1,-1,FALSE
FR-Lam,2021,CRO,ICOS,-239.025,9.43042,-237.859,9.04803,-1.1659999999999968,1.1659999999999968,13.069034710233959,TRUE,-1,-1,FALSE
FR-Lam,2022,CRO,ICOS,-63.4881,8.92231,-61.7861,9.9185,-1.7020000000000053,1.7020000000000053,13.341074094168729,TRUE,-1,-1,FALSE
FR-Lam,2023,CRO,ICOS,-115.253,7.73776,-120.634,6.59297,5.381,5.381,10.165637374926375,TRUE,-1,-1,FALSE
FR-Lqu,2023,GRA,ICOS,-160.545,13.645,-160.535,13.8741,-0.009999999999990905,0.009999999999990905,19.459616538102697,TRUE,-1,-1,FALSE
FR-Lqu,2024,GRA,ICOS,-57.1679,8.77598,-57.1679,8.77598,0,0,12.411109939115034,TRUE,-1,-1,FALSE
FR-Lus,2023,GRA,ICOS,-341.477,6.71339,-341.478,6.71324,0.0010000000000331966,0.0010000000000331966,9.49406112207521,TRUE,-1,-1,FALSE
FR-Lus,2024,GRA,ICOS,-219.668,7.77644,-219.668,7.77644,0,0,10.997546914980632,TRUE,-1,-1,FALSE
FR-Mau,2007,GRA,ICOS,-240.549,15.8798,-252.867,18.259,12.317999999999984,12.317999999999984,24.198329054709543,TRUE,-1,-1,FALSE
FR-Mau,2008,GRA,ICOS,-111.807,34.1243,-134.767,38.5302,22.959999999999994,22.959999999999994,51.46886595340916,TRUE,-1,-1,FALSE
FR-Mau,2009,GRA,ICOS,-262.871,33.6826,-275.653,38.8072,12.782000000000039,12.782000000000039,51.38595444866233,TRUE,-1,-1,FALSE
FR-Mau,2010,GRA,ICOS,-169.985,29.5509,-169.135,23.3487,-0.8500000000000227,0.8500000000000227,37.661883682312016,TRUE,-1,-1,FALSE
FR-Nzn,2016,GRA,ICOS,-11.3297,12.4887,-11.3682,26.9839,0.03849999999999909,0.03849999999999909,29.733793684963914,TRUE,-1,-1,FALSE
FR-Nzn,2017,GRA,ICOS,193.343,10.9245,199.169,14.4912,-5.826000000000022,5.826000000000022,18.147715495069896,TRUE,1,1,FALSE
FR-Nzn,2018,GRA,ICOS,140.869,13.2584,159.314,14.8847,-18.444999999999993,18.444999999999993,19.93337564613681,TRUE,1,1,FALSE
FR-Nzn,2019,GRA,ICOS,103.311,8.5291,101.383,9.1916,1.9280000000000115,1.9280000000000115,12.53918088911712,TRUE,1,1,FALSE
FR-Nzn,2020,GRA,ICOS,149.616,22.9861,149.616,19.7785,0,0,30.324080455308124,TRUE,1,1,FALSE
FR-Nzn,2021,GRA,ICOS,287.792,24.3197,268.248,19.9411,19.543999999999983,19.543999999999983,31.449885171491484,TRUE,1,1,FALSE
FR-Nzn,2022,GRA,ICOS,301.048,59.1551,296.896,45.1201,4.151999999999987,4.151999999999987,74.3985838576246,TRUE,1,1,FALSE
FR-Nzn,2024,GRA,ICOS,150.546,41.5141,150.989,35.4258,-0.44300000000001205,0.44300000000001205,54.57479092447355,TRUE,1,1,FALSE
GH-Ank,2014,EBF,ICOS,-528.386,51.6292,-613.608,73.3775,85.22199999999998,85.22199999999998,89.72085487159605,TRUE,-1,-1,FALSE
ID-JOP,2015,EBF,ICOS,-788.92,27.8621,-789.397,28.7812,0.47700000000008913,0.47700000000008913,40.05813387877673,TRUE,-1,-1,FALSE
ID-JOP,2018,EBF,ICOS,-1339.2,31.9497,-1340.92,43.4977,1.7200000000000273,1.7200000000000273,53.97067014017892,TRUE,-1,-1,FALSE
ID-JOP,2019,EBF,ICOS,-855.775,39.8533,-837.063,25.0522,-18.71199999999999,18.71199999999999,47.07332839018291,TRUE,-1,-1,FALSE
ID-JOP,2023,EBF,ICOS,-388.653,42.9188,-375.162,26.7538,-13.491000000000042,13.491000000000042,50.57459053595985,TRUE,-1,-1,FALSE
ID-PaB,2005,OSH,ICOS,205.505,118.841,114.618,78.6052,90.887,90.887,142.4849491982925,TRUE,1,1,FALSE
ID-PaB,2006,OSH,ICOS,20.835,142.04,120.197,131.545,-99.362,99.362,193.59609661612495,TRUE,1,1,FALSE
ID-PaB,2007,OSH,ICOS,347.774,23.8821,342.367,20.9807,5.406999999999982,5.406999999999982,31.78906215823298,TRUE,1,1,FALSE
ID-PaB,2008,OSH,ICOS,294.459,34.7389,202.814,46.2615,91.64500000000001,91.64500000000001,57.85255012062995,FALSE,1,1,FALSE
ID-PaB,2010,OSH,ICOS,-809.506,15.2137,-808.997,18.7669,-0.5090000000000146,0.5090000000000146,24.158915606872753,TRUE,-1,-1,FALSE
ID-PaB,2011,OSH,ICOS,-680.441,27.7452,-688.045,46.144,7.603999999999928,7.603999999999928,53.84296480544139,TRUE,-1,-1,FALSE
ID-PaB,2012,OSH,ICOS,-723.49,20.4187,-726.732,23.4971,3.241999999999962,3.241999999999962,31.129359423219746,TRUE,-1,-1,FALSE
ID-PaB,2013,OSH,ICOS,-628.362,28.7359,-632.76,39.9935,4.3980000000000246,4.3980000000000246,49.24664446497852,TRUE,-1,-1,FALSE
ID-PaB,2014,OSH,ICOS,-217.177,75.7146,-209.282,71.9604,-7.894999999999982,7.894999999999982,104.4557313952662,TRUE,-1,-1,FALSE
ID-PaB,2015,OSH,ICOS,22.9772,17.4075,23.9339,16.776,-0.9567000000000014,0.9567000000000014,24.175508934663608,TRUE,1,1,FALSE
ID-PaD,2002,EBF,ICOS,224.703,76.65,481.887,168.575,-257.18399999999997,257.18399999999997,185.18302601750517,FALSE,1,1,FALSE
ID-PaD,2003,EBF,ICOS,85.8756,158.735,283.486,209.139,-197.61039999999997,197.61039999999997,262.5565111476004,TRUE,1,1,FALSE
ID-PaD,2004,EBF,ICOS,62.5434,91.5656,178.053,172.057,-115.5096,115.5096,194.90477252330174,TRUE,1,1,FALSE
ID-PaD,2005,EBF,ICOS,133.2,131.756,343.091,201.881,-209.89100000000002,209.89100000000002,241.07173558300028,TRUE,1,1,FALSE
ID-PaD,2006,EBF,ICOS,186.788,228.819,827.603,231.84,-640.8149999999999,640.8149999999999,325.742107135384,FALSE,1,1,FALSE
ID-PaD,2010,EBF,ICOS,-525.102,46.965,-456.611,92.6147,-68.49099999999999,68.49099999999999,103.84215849591148,TRUE,-1,-1,FALSE
ID-PaD,2015,EBF,ICOS,-261.484,60.374,-235.883,62.4903,-25.60099999999997,25.60099999999997,86.89106668749095,TRUE,-1,-1,FALSE
ID-PaD,2016,EBF,ICOS,-468.015,86.4907,-586.476,57.4656,118.46100000000001,118.46100000000001,103.84091857187128,FALSE,-1,-1,FALSE
ID-Pag,2005,EBF,ICOS,-540.075,112.881,-505.607,106.657,-34.46800000000002,34.46800000000002,155.29918161407033,TRUE,-1,-1,FALSE
ID-Pag,2007,EBF,ICOS,-420.419,94.1966,-549.342,113.399,128.923,128.923,147.41890195141193,TRUE,-1,-1,FALSE
ID-Pag,2012,EBF,ICOS,-995.324,85.9986,-973.391,80.2496,-21.932999999999993,21.932999999999993,117.6254968198647,TRUE,-1,-1,FALSE
ID-Pag,2013,EBF,ICOS,-1143.86,47.467,-1145.33,36.2626,1.4700000000000273,1.4700000000000273,59.73351025814572,TRUE,-1,-1,FALSE
ID-Pag,2015,EBF,ICOS,337.498,200.71,156.036,114.942,181.462,181.462,231.2923852270109,TRUE,1,1,FALSE
ID-Pag,2016,EBF,ICOS,-833.316,52.9723,-852.553,19.8079,19.236999999999966,19.236999999999966,56.55455304128925,TRUE,-1,-1,FALSE
IE-CaC,2004,CRO,ICOS,-108.807,6.79623,-107.974,6.78628,-0.8329999999999984,0.8329999999999984,9.6042875035736,TRUE,-1,-1,FALSE
IE-CaC,2006,CRO,ICOS,-86.0921,7.35816,-91.7933,7.24865,5.7012,5.7012,10.328864671787503,TRUE,-1,-1,FALSE
IE-CaN,2004,CRO,ICOS,-71.8391,4.90496,-71.5474,4.83326,-0.29170000000000584,0.29170000000000584,6.8861480400293456,TRUE,-1,-1,FALSE
IE-CaN,2006,CRO,ICOS,-239.292,7.49834,-238.82,8.08911,-0.4720000000000084,0.4720000000000084,11.029904956421882,TRUE,-1,-1,FALSE
IL-Yat,2001,ENF,ICOS,-167.061,8.95416,-167.652,6.66578,0.5909999999999798,0.5909999999999798,11.16286720847292,TRUE,-1,-1,FALSE
IL-Yat,2002,ENF,ICOS,-140.991,21.1016,-149.545,13.774,8.553999999999974,8.553999999999974,25.199218213270033,TRUE,-1,-1,FALSE
IL-Yat,2004,ENF,ICOS,-214.906,4.17175,-220.375,7.96143,5.468999999999994,5.468999999999994,8.98820703518783,TRUE,-1,-1,FALSE
IL-Yat,2005,ENF,ICOS,-254.035,7.68075,-263.083,10.6065,9.04800000000003,9.04800000000003,13.095486352652198,TRUE,-1,-1,FALSE
IL-Yat,2006,ENF,ICOS,-109.105,5.16037,-114.383,6.78183,5.277999999999992,5.277999999999992,8.521891614295503,TRUE,-1,-1,FALSE
IL-Yat,2007,ENF,ICOS,-138.086,17.8089,-149.823,16.5297,11.736999999999995,11.736999999999995,24.297899112886284,TRUE,-1,-1,FALSE
IL-Yat,2008,ENF,ICOS,-113.241,4.45891,-117.239,4.0769,3.9980000000000047,3.9980000000000047,6.0417706012476176,TRUE,-1,-1,FALSE
IL-Yat,2009,ENF,ICOS,-90.1454,6.67458,-90.8321,4.28693,0.6867000000000019,0.6867000000000019,7.932703637556365,TRUE,-1,-1,FALSE
IL-Yat,2010,ENF,ICOS,-76.3165,9.48391,-73.929,8.14525,-2.387500000000003,2.387500000000003,12.501585757438933,TRUE,-1,-1,FALSE
IL-Yat,2012,ENF,ICOS,-71.7704,5.54218,-68.0052,5.06824,-3.765199999999993,3.765199999999993,7.510180813402564,TRUE,-1,-1,FALSE
IL-Yat,2013,ENF,ICOS,-77.7026,4.71481,-75.1356,3.5517,-2.5670000000000073,2.5670000000000073,5.902881180076387,TRUE,-1,-1,FALSE
IL-Yat,2014,ENF,ICOS,-116.631,11.0708,-113.504,7.35564,-3.1269999999999953,3.1269999999999953,13.291653488170688,TRUE,-1,-1,FALSE
IL-Yat,2015,ENF,ICOS,-177.421,4.59185,-169.25,4.58483,-8.170999999999992,8.170999999999992,6.488894555423135,FALSE,-1,-1,FALSE
IL-Yat,2016,ENF,ICOS,-109.239,15.237,-104.982,11.1974,-4.257000000000005,4.257000000000005,18.908937986042474,TRUE,-1,-1,FALSE
IL-Yat,2017,ENF,ICOS,-38.9397,9.98128,-38.9484,11.1854,0.008699999999997488,0.008699999999997488,14.991301597873347,TRUE,-1,-1,FALSE
IL-Yat,2018,ENF,ICOS,-60.2211,9.06661,-60.839,11.3113,0.6178999999999988,0.6178999999999988,14.496514221774143,TRUE,-1,-1,FALSE
IL-Yat,2019,ENF,ICOS,1.0478,7.83949,2.63433,7.37963,-1.5865299999999998,1.5865299999999998,10.76645449519014,TRUE,1,1,FALSE
IL-Yat,2020,ENF,ICOS,-98.3989,5.99379,-96.9732,7.74363,-1.425699999999992,1.425699999999992,9.792309438584955,TRUE,-1,-1,FALSE
IL-Yat,2021,ENF,ICOS,10.3669,4.79217,9.99893,4.8198,0.3679699999999997,0.3679699999999997,6.796717247973465,TRUE,1,1,FALSE
IL-Yat,2022,ENF,ICOS,52.0608,4.47632,52.1607,6.79246,-0.0998999999999981,0.0998999999999981,8.134798927693296,TRUE,1,1,FALSE
IL-Yat,2023,ENF,ICOS,-10.9386,5.15852,-10.9682,5.80467,0.029600000000000293,0.029600000000000293,7.765598650413244,TRUE,-1,-1,FALSE
IL-Yat,2024,ENF,ICOS,35.1261,6.6041,37.486,8.05679,-2.359899999999996,2.359899999999996,10.417581385048067,TRUE,1,1,FALSE
IT-Arz,2017,OSH,ICOS,-83.1729,10.5797,-85.7602,11.6571,2.587299999999999,2.587299999999999,15.742237213941353,TRUE,-1,-1,FALSE
IT-Arz,2018,OSH,ICOS,-41.7223,13.498,-38.9152,15.5777,-2.8070999999999984,2.8070999999999984,20.61215033153989,TRUE,-1,-1,FALSE
IT-Arz,2019,OSH,ICOS,-144.673,8.18185,-144.183,10.7014,-0.4900000000000091,0.4900000000000091,13.470806634441013,TRUE,-1,-1,FALSE
IT-Arz,2021,OSH,ICOS,-45.1379,14.6914,-44.7868,16.4587,-0.3511000000000024,0.3511000000000024,22.061868453283825,TRUE,-1,-1,FALSE
IT-Arz,2022,OSH,ICOS,48.5266,17.6038,47.0824,17.4521,1.4442000000000021,1.4442000000000021,24.78849670411661,TRUE,1,1,FALSE
IT-BsB,2022,DBF,ICOS,-663.487,387.226,-72.0019,408.571,-591.4851,591.4851,562.9158348430075,FALSE,-1,-1,FALSE
IT-BsB,2023,DBF,ICOS,-36.7337,460.642,93.4231,456.819,-130.1568,130.1568,648.7485267227972,TRUE,-1,1,TRUE
IT-BsB,2024,DBF,ICOS,-35.326,478.163,120.221,471.903,-155.547,155.547,671.8126941179364,TRUE,-1,1,TRUE
IT-CA1,2012,DBF,ICOS,-274.609,17.5637,-280.243,28.3296,5.6340000000000146,5.6340000000000146,33.33241356172697,TRUE,-1,-1,FALSE
IT-CA1,2014,DBF,ICOS,-343.329,15.3115,-338.443,11.5887,-4.886000000000024,4.886000000000024,19.20260398852197,TRUE,-1,-1,FALSE
IT-CA2,2012,CRO,ICOS,-19.4482,19.3779,-33.1844,55.9521,13.736199999999997,13.736199999999997,59.21267180950375,TRUE,-1,-1,FALSE
IT-CA2,2013,CRO,ICOS,-319.439,58.8933,-334.475,51.3502,15.036000000000001,15.036000000000001,78.13618767850144,TRUE,-1,-1,FALSE
IT-CA2,2014,CRO,ICOS,52.7763,94.549,105.979,88.3669,-53.2027,53.2027,129.41492346947473,TRUE,1,1,FALSE
IT-CA3,2012,DBF,ICOS,-339.731,9.4025,-339.522,9.66015,-0.20900000000000318,0.20900000000000318,13.480560235854442,TRUE,-1,-1,FALSE
IT-CA3,2013,DBF,ICOS,-512.058,46.4098,-510.034,46.3299,-2.024000000000001,2.024000000000001,65.576895093088993,TRUE,-1,-1,FALSE
IT-CA3,2014,DBF,ICOS,-1132.17,24.8691,-1135.2,22.5496,3.0299999999999727,3.0299999999999727,33.57017418736459,TRUE,-1,-1,FALSE
IT-Lav,2003,ENF,ICOS,-1616.64,11.6408,-1626.7,12.6397,10.059999999999945,10.059999999999945,17.183429248261245,TRUE,-1,-1,FALSE
IT-Lav,2004,ENF,ICOS,-1740.59,39.3758,-1776.98,40.4018,36.3900000000001,36.3900000000001,56.415946937723206,TRUE,-1,-1,FALSE
IT-Lav,2005,ENF,ICOS,-1732.58,15.6968,-1709.11,14.5004,-23.470000000000027,23.470000000000027,21.369397052794916,FALSE,-1,-1,FALSE
IT-Lav,2006,ENF,ICOS,-1657.05,10.54,-1655.39,10.4932,-1.6599999999998545,1.6599999999998545,14.872755166410828,TRUE,-1,-1,FALSE
IT-Lav,2007,ENF,ICOS,-1746.84,9.32138,-1757.61,11.6021,10.769999999999982,10.769999999999982,14.882770223127144,TRUE,-1,-1,FALSE
IT-Lav,2008,ENF,ICOS,-1906.44,20.2032,-1942.44,17.8978,36,36,26.990749064818484,FALSE,-1,-1,FALSE
IT-Lav,2009,ENF,ICOS,-2119.57,15.7043,-2143.07,15.8115,23.5,23.5,22.285164812942263,FALSE,-1,-1,FALSE
IT-Lav,2010,ENF,ICOS,-1810.28,18.7736,-1834.05,18.5314,23.769999999999982,23.769999999999982,26.379174416952477,TRUE,-1,-1,FALSE
IT-Lav,2011,ENF,ICOS,-1902.46,21.0547,-1897.54,17.67,-4.920000000000073,4.920000000000073,27.48689309634685,TRUE,-1,-1,FALSE
IT-Lav,2012,ENF,ICOS,-2058.4,11.4456,-2062.99,14.2067,4.589999999999691,4.589999999999691,18.243686147541563,TRUE,-1,-1,FALSE
IT-Lav,2013,ENF,ICOS,-1650.28,18.9822,-1650.29,23.5023,0.009999999999990905,0.009999999999990905,30.21062763548616,TRUE,-1,-1,FALSE
IT-Lav,2014,ENF,ICOS,-2017.68,40.7316,-2019.95,47.3801,2.269999999999982,2.269999999999982,62.48149417683607,TRUE,-1,-1,FALSE
IT-Lav,2015,ENF,ICOS,-2081.81,13.8581,-2086.34,44.8319,4.5300000000002,4.5300000000002,46.924899501437395,TRUE,-1,-1,FALSE
IT-Lav,2016,ENF,ICOS,-2176.57,16.4782,-2190.11,28.6577,13.539999999999964,13.539999999999964,33.05744764088722,TRUE,-1,-1,FALSE
IT-Lav,2017,ENF,ICOS,-2233.96,12.0995,-2244.06,14.6602,10.099999999999909,10.099999999999909,19.008402465488782,TRUE,-1,-1,FALSE
IT-Lav,2018,ENF,ICOS,-2336.08,38.7113,-2354.02,34.3398,17.940000000000055,17.940000000000055,51.747334344195934,TRUE,-1,-1,FALSE
IT-Lav,2019,ENF,ICOS,-2419.46,41.9813,-2419.76,43.3341,0.3000000000001819,0.3000000000001819,60.334681340834145,TRUE,-1,-1,FALSE
IT-Lav,2020,ENF,ICOS,-2327.53,21.1355,-2338.39,17.6598,10.859999999999673,10.859999999999673,27.54229286551866,TRUE,-1,-1,FALSE
IT-NiG,2021,GRA,ICOS,20.0576,47.2264,97.7389,70.2475,-77.6813,77.6813,84.64658358853002,TRUE,1,1,FALSE
IT-NiG,2022,GRA,ICOS,-94.3536,6.64422,-123.295,8.16474,28.9414,28.9414,10.526568228819876,FALSE,-1,-1,FALSE
IT-NiG,2024,GRA,ICOS,-71.1669,17.3174,-70.7408,15.9927,-0.42610000000000525,0.42610000000000525,23.57241599942611,TRUE,-1,-1,FALSE
IT-SRo,1999,ENF,ICOS,-369.485,NA,-361.637,NA,-7.848000000000013,7.848000000000013,NA,NA,-1,-1,FALSE
IT-SRo,2000,ENF,ICOS,-429.39,35.6071,-434.817,28.4058,5.427000000000021,5.427000000000021,45.54947907550645,TRUE,-1,-1,FALSE
IT-SRo,2001,ENF,ICOS,-354.096,44.6996,-374.514,21.0049,20.418000000000006,20.418000000000006,49.38886579149191,TRUE,-1,-1,FALSE
IT-SRo,2002,ENF,ICOS,-355.42,22.0415,-344.162,13.3125,-11.258000000000038,11.258000000000038,25.74976462999225,TRUE,-1,-1,FALSE
IT-SRo,2003,ENF,ICOS,-395.212,11.4424,-395.121,7.52206,-0.09100000000000819,0.09100000000000819,13.693425590537965,TRUE,-1,-1,FALSE
IT-SRo,2004,ENF,ICOS,-493.94,18.5809,-505.554,18.9239,11.613999999999976,11.613999999999976,26.521007447304864,TRUE,-1,-1,FALSE
IT-SRo,2006,ENF,ICOS,-567.334,8.0836,-572.281,8.18303,4.947000000000003,4.947000000000003,11.502459256215605,TRUE,-1,-1,FALSE
IT-SRo,2007,ENF,ICOS,-477.297,15.9674,-476.263,16.14,-1.0340000000000487,1.0340000000000487,22.703688307409436,TRUE,-1,-1,FALSE
IT-SRo,2009,ENF,ICOS,-661.543,17.6883,-668.966,23.32,7.423000000000002,7.423000000000002,29.269409917010627,TRUE,-1,-1,FALSE
IT-SRo,2010,ENF,ICOS,-631.645,58.1741,-650.914,77.2991,19.269000000000005,19.269000000000005,96.74387201068603,TRUE,-1,-1,FALSE
IT-SRo,2011,ENF,ICOS,-324.46,40.043,-339.536,36.8561,15.076000000000022,15.076000000000022,54.42255007081164,TRUE,-1,-1,FALSE
IT-SRo,2012,ENF,ICOS,67.6108,41.0498,79.6829,39.2204,-12.072100000000006,12.072100000000006,56.7743415303075,TRUE,1,1,FALSE
JP-BBY,2016,WET,ICOS,-251.257,3.30458,-250.124,3.28779,-1.1330000000000098,1.1330000000000098,4.661524649779298,TRUE,-1,-1,FALSE
JP-BBY,2019,WET,ICOS,-90.1565,6.85007,-89.3956,5.92886,-0.7608999999999924,0.7608999999999924,9.059516538121667,TRUE,-1,-1,FALSE
JP-BBY,2020,WET,ICOS,-73.7854,4.82408,-74.7029,4.67415,0.917500000000004,0.917500000000004,6.717099527988252,TRUE,-1,-1,FALSE
JP-Fhk,2006,DNF,ICOS,-412.257,48.6164,-374.884,26.4564,-37.37299999999999,37.37299999999999,55.348852290901206,TRUE,-1,-1,FALSE
JP-Fhk,2007,DNF,ICOS,-321.295,11.6377,-313.4,9.1828,-7.895000000000039,7.895000000000039,14.82430022395661,TRUE,-1,-1,FALSE
JP-Fhk,2008,DNF,ICOS,-352.794,45.4335,-319.663,20.9076,-33.13099999999997,33.13099999999997,50.01330482991501,TRUE,-1,-1,FALSE
JP-Fhk,2009,DNF,ICOS,-298.849,17.3927,-310.395,22.4379,11.545999999999992,11.545999999999992,28.389529226459533,TRUE,-1,-1,FALSE
JP-Fhk,2010,DNF,ICOS,-313.117,19.0675,-311.204,16.4836,-1.913000000000011,1.913000000000011,25.204734182490398,TRUE,-1,-1,FALSE
JP-Fhk,2011,DNF,ICOS,-247.641,8.94942,-244.284,10.0812,-3.3569999999999993,3.3569999999999993,13.480456660528976,TRUE,-1,-1,FALSE
JP-Fhk,2012,DNF,ICOS,-374.919,10.7391,-384.574,16.8033,9.65500000000003,9.65500000000003,19.941894586523116,TRUE,-1,-1,FALSE
JP-Fhk,2013,DNF,ICOS,0.208672,11.7398,0.140822,12.7178,0.06785,0.06785,17.307955999481855,TRUE,1,1,FALSE
JP-Fhk,2014,DNF,ICOS,-135.097,9.63895,-147.385,11.3464,12.287999999999982,12.287999999999982,14.887919601559513,TRUE,-1,-1,FALSE
JP-Fhk,2015,DNF,ICOS,-113.056,13.7272,-95.8691,19.7246,-17.186899999999994,17.186899999999994,24.03114364735894,TRUE,-1,-1,FALSE
JP-Fhk,2016,DNF,ICOS,-93.2016,10.0302,-112.892,20.2912,19.690399999999997,19.690399999999997,22.634878163577557,TRUE,-1,-1,FALSE
JP-Fhk,2017,DNF,ICOS,-151.166,20.4776,-162.753,14.4349,11.586999999999989,11.586999999999989,25.05391066819709,TRUE,-1,-1,FALSE
JP-Fhk,2018,DNF,ICOS,-59.3802,10.1252,-44.6257,28.0145,-14.7545,14.7545,29.788116511286848,TRUE,-1,-1,FALSE
JP-Fhk,2019,DNF,ICOS,-53.847,7.89034,-37.128,18.4759,-16.719,16.719,20.090205228558517,TRUE,-1,-1,FALSE
JP-Fhk,2020,DNF,ICOS,-14.7965,17.6229,12.5737,41.8565,-27.3702,27.3702,45.41512079318957,TRUE,-1,1,TRUE
JP-Fhk,2021,DNF,ICOS,-24.0298,11.497,-43.9834,15.7907,19.9536,19.9536,19.532721661099867,FALSE,-1,-1,FALSE
JP-Fhk,2022,DNF,ICOS,-27.5558,10.6517,-20.5703,16.5464,-6.985500000000002,6.985500000000002,19.678467060469927,TRUE,-1,-1,FALSE
JP-Fhk,2023,DNF,ICOS,-167.982,10.7483,-169.952,10.2322,1.9699999999999989,1.9699999999999989,14.839941702378754,TRUE,-1,-1,FALSE
JP-Fjy,2001,ENF,ICOS,-353.501,17.5371,-379.838,20.0737,26.337000000000046,26.337000000000046,26.65526792399581,TRUE,-1,-1,FALSE
JP-Fjy,2002,ENF,ICOS,-404.869,16.4589,-431.859,16.1818,26.989999999999952,26.989999999999952,23.0812920013157,FALSE,-1,-1,FALSE
JP-Fjy,2003,ENF,ICOS,-172.689,17.4426,-209.815,28.3714,37.126000000000005,37.126000000000005,33.30436356875777,FALSE,-1,-1,FALSE
JP-Fjy,2004,ENF,ICOS,-447.029,17.8845,-460.62,21.8479,13.591000000000008,13.591000000000008,28.234483785966408,TRUE,-1,-1,FALSE
JP-Fjy,2005,ENF,ICOS,-409.557,9.43338,-422.149,17.6092,12.591999999999985,12.591999999999985,19.97680111690558,TRUE,-1,-1,FALSE
JP-Fjy,2006,ENF,ICOS,-416.085,8.94585,-402.618,11.5473,-13.466999999999985,13.466999999999985,14.607134199167884,TRUE,-1,-1,FALSE
JP-Fjy,2007,ENF,ICOS,-434.843,14.1274,-477.126,29.4555,42.28299999999996,42.28299999999996,32.668178875015364,FALSE,-1,-1,FALSE
JP-Fjy,2008,ENF,ICOS,-305.818,17.803,-316.169,25.3955,10.350999999999999,10.350999999999999,31.014161753141096,TRUE,-1,-1,FALSE
JP-Fjy,2009,ENF,ICOS,-449.171,36.8925,-458.983,45.0841,9.812000000000012,9.812000000000012,58.2548936061169,TRUE,-1,-1,FALSE
JP-Fjy,2010,ENF,ICOS,-492.048,15.7779,-491.169,16.9833,-0.8790000000000191,0.8790000000000191,23.181341792484748,TRUE,-1,-1,FALSE
JP-Fjy,2011,ENF,ICOS,-430.928,19.152,-424.24,18.7879,-6.687999999999988,6.687999999999988,26.828795918005714,TRUE,-1,-1,FALSE
JP-Fjy,2012,ENF,ICOS,-437.295,14.1687,-424.895,11.8653,-12.400000000000034,12.400000000000034,18.480730607310957,TRUE,-1,-1,FALSE
JP-Fjy,2013,ENF,ICOS,-470.592,17.6559,-453.848,18.9833,-16.74399999999997,16.74399999999997,25.924823696603994,TRUE,-1,-1,FALSE
JP-Fjy,2014,ENF,ICOS,-456.622,10.478,-461.762,16.0612,5.139999999999986,5.139999999999986,19.176825322247684,TRUE,-1,-1,FALSE
JP-Fjy,2015,ENF,ICOS,-432.496,11.0241,-429.415,11.2693,-3.0809999999999604,3.0809999999999604,15.764767784525086,TRUE,-1,-1,FALSE
JP-Fjy,2016,ENF,ICOS,-382.661,15.2214,-377.053,12.1063,-5.608000000000004,5.608000000000004,19.44874077286239,TRUE,-1,-1,FALSE
JP-Fjy,2017,ENF,ICOS,-446.222,9.75187,-444.281,11.5278,-1.940999999999974,1.940999999999974,15.099309299994486,TRUE,-1,-1,FALSE
JP-Fjy,2018,ENF,ICOS,-391.376,11.3561,-386.082,8.83987,-5.293999999999983,5.293999999999983,14.391119095709685,TRUE,-1,-1,FALSE
JP-Fjy,2019,ENF,ICOS,-294.411,18.588,-288.848,18.4565,-5.562999999999988,5.562999999999988,26.194582192697787,TRUE,-1,-1,FALSE
JP-Fjy,2020,ENF,ICOS,-384.363,10.0148,-382.075,10.1671,-2.288000000000011,2.288000000000011,14.271164684425724,TRUE,-1,-1,FALSE
JP-Fmt,2014,MF,ICOS,492.566,42.7305,494.775,42.833,-2.209000000000003,2.209000000000003,60.50257448447958,TRUE,1,1,FALSE
JP-Fmt,2015,MF,ICOS,614.721,29.3059,509.454,99.1833,105.267,105.267,103.42225473127147,FALSE,1,1,FALSE
JP-Fmt,2018,MF,ICOS,-444.536,85.6919,-523.756,144.765,79.21999999999997,79.21999999999997,168.22605907114985,TRUE,-1,-1,FALSE
JP-Fmt,2020,MF,ICOS,-334.403,78.5908,-427.491,171.093,93.08799999999997,93.08799999999997,188.27992058007672,TRUE,-1,-1,FALSE
JP-Hc3,2007,CRO,ICOS,-688.663,15.3503,-689.749,17.6721,1.0860000000000127,1.0860000000000127,23.408007785798432,TRUE,-1,-1,FALSE
JP-Hc3,2008,CRO,ICOS,-624.416,19.0432,-624.416,19.543,0,0,27.2868524245652,TRUE,-1,-1,FALSE
JP-Kzw,2002,MF,ICOS,18.7603,47.8503,24.6276,49.2094,-5.8673,5.8673,68.63830022990079,TRUE,1,1,FALSE
JP-Kzw,2003,MF,ICOS,-138.809,46.968,-190.099,59.8723,51.28999999999999,51.28999999999999,76.09655268992151,TRUE,-1,-1,FALSE
JP-Kzw,2004,MF,ICOS,-181.225,103.938,-260.053,116.384,78.828,78.828,156.0395568437696,TRUE,-1,-1,FALSE
JP-Kzw,2005,MF,ICOS,-161.647,44.7035,-209.838,39.9455,48.191,48.191,59.950361821260095,TRUE,-1,-1,FALSE
JP-Kzw,2006,MF,ICOS,-125.975,119.544,-162.896,123.198,36.92099999999999,36.92099999999999,171.6639599333535,TRUE,-1,-1,FALSE
JP-Kzw,2007,MF,ICOS,-190.284,50.0428,-230.877,58.1754,40.59300000000002,40.59300000000002,76.7375983270261,TRUE,-1,-1,FALSE
JP-Kzw,2008,MF,ICOS,-152.883,48.2215,-195.467,61.5767,42.584,42.584,78.21127185476529,TRUE,-1,-1,FALSE
JP-MBF,2005,DBF,ICOS,-277.281,9.56237,-268.154,9.66449,-9.12700000000001,9.12700000000001,13.595634850090672,TRUE,-1,-1,FALSE
JP-MBF,2006,DBF,ICOS,-314.411,37.306,-325.143,38.5959,10.731999999999971,10.731999999999971,53.67849786283144,TRUE,-1,-1,FALSE
JP-MBF,2007,DBF,ICOS,-519.495,27.3056,-546.338,32.1114,26.84299999999996,26.84299999999996,42.15136772774995,TRUE,-1,-1,FALSE
JP-MBF,2008,DBF,ICOS,-593.178,21.8084,-585.686,21.0099,-7.491999999999962,7.491999999999962,30.282374553030017,TRUE,-1,-1,FALSE
JP-MBF,2009,DBF,ICOS,-471.078,30.5617,-480.002,30.389,8.924000000000035,8.924000000000035,43.098826293647484,TRUE,-1,-1,FALSE
JP-MMF,2005,MF,ICOS,-323.302,24.6969,-334.934,30.8335,11.632000000000005,11.632000000000005,39.504956548007996,TRUE,-1,-1,FALSE
JP-MMF,2006,MF,ICOS,-708.842,38.3614,-704.881,31.8946,-3.9610000000000127,3.9610000000000127,49.88850087064153,TRUE,-1,-1,FALSE
JP-MMF,2007,MF,ICOS,-868.492,14.8312,-887.217,37.5216,18.725000000000023,18.725000000000023,40.34643676955872,TRUE,-1,-1,FALSE
JP-MMF,2008,MF,ICOS,-775.985,17.4502,-784.703,21.9339,8.717999999999961,8.717999999999961,28.028654074892714,TRUE,-1,-1,FALSE
JP-MMF,2009,MF,ICOS,-637.114,22.7949,-623.344,21.9002,-13.769999999999982,13.769999999999982,31.610539793714374,TRUE,-1,-1,FALSE
JP-MMF,2010,MF,ICOS,-825.774,11.8099,-828.465,11.4837,2.691000000000031,2.691000000000031,16.47267749031711,TRUE,-1,-1,FALSE
JP-Mse,2002,CRO,ICOS,-139.238,5.05344,-136.208,5.57593,-3.030000000000001,3.030000000000001,7.525174496216017,TRUE,-1,-1,FALSE
JP-Mse,2003,CRO,ICOS,-142.225,12.7847,-147.392,7.9676,5.167000000000002,5.167000000000002,15.064235919886546,TRUE,-1,-1,FALSE
JP-Mse,2004,CRO,ICOS,-363.348,20.0707,-370.495,19.5477,7.146999999999991,7.146999999999991,28.016880157861973,TRUE,-1,-1,FALSE
JP-Mse,2005,CRO,ICOS,-254.546,17.1534,-261.21,12.283,6.663999999999987,6.663999999999987,21.097659125125706,TRUE,-1,-1,FALSE
JP-Mse,2006,CRO,ICOS,-135.049,4.29932,-138.075,6.55198,3.025999999999982,3.025999999999982,7.836618810609586,TRUE,-1,-1,FALSE
JP-Mse,2007,CRO,ICOS,-185.35,5.27261,-183.502,5.21333,-1.8479999999999848,1.8479999999999848,7.4147977653473465,TRUE,-1,-1,FALSE
JP-Mse,2008,CRO,ICOS,-207.78,6.71819,-209.541,6.98769,1.7609999999999957,1.7609999999999957,9.693394060503266,TRUE,-1,-1,FALSE
JP-Mse,2009,CRO,ICOS,-174.284,10.8789,-176.482,8.82478,2.1980000000000075,2.1980000000000075,14.008112194667774,TRUE,-1,-1,FALSE
JP-NsC,2005,GRA,ICOS,-445.922,11.7621,-446.205,11.8366,0.2829999999999586,0.2829999999999586,16.686883950276638,TRUE,-1,-1,FALSE
JP-NsC,2006,GRA,ICOS,-374.128,9.16663,-374.014,9.54071,-0.1139999999999759,0.1139999999999759,13.230731380426406,TRUE,-1,-1,FALSE
JP-NsC,2007,GRA,ICOS,-273.467,9.29627,-271.998,9.38245,-1.468999999999994,1.468999999999994,13.207990154274041,TRUE,-1,-1,FALSE
JP-NsC,2008,GRA,ICOS,-500.31,14.6371,-502.9,15.5501,2.589999999999975,2.589999999999975,21.355334378557504,TRUE,-1,-1,FALSE
JP-NsC,2009,GRA,ICOS,-411.837,8.75882,-419.109,9.01944,7.271999999999991,7.271999999999991,12.57247890059872,TRUE,-1,-1,FALSE
JP-NsC,2010,GRA,ICOS,-415.373,14.5959,-418.984,15.0728,3.61099999999999,3.61099999999999,20.9816490450584,TRUE,-1,-1,FALSE
JP-NsC,2011,GRA,ICOS,-509.124,20.4121,-509.801,16.3496,0.6769999999999641,0.6769999999999641,26.15269100054524,TRUE,-1,-1,FALSE
JP-NsC,2012,GRA,ICOS,-241.193,9.98581,-244.592,10.2562,3.399000000000001,3.399000000000001,14.314539454558082,TRUE,-1,-1,FALSE
JP-NsC,2013,GRA,ICOS,-519.325,19.6271,-510.094,21.5983,-9.231000000000051,9.231000000000051,29.18406444106098,TRUE,-1,-1,FALSE
JP-NsC,2014,GRA,ICOS,-322.318,8.73252,-321.043,9.33127,-1.2749999999999773,1.2749999999999773,12.780043245752339,TRUE,-1,-1,FALSE
JP-NsM,2005,GRA,ICOS,-366.123,8.8764,-358.455,8.90635,-7.668000000000006,7.668000000000006,12.574320947172456,TRUE,-1,-1,FALSE
JP-NsM,2006,GRA,ICOS,-371.85,11.3344,-361.81,11.97,-10.04000000000002,10.04000000000002,16.484827064910327,TRUE,-1,-1,FALSE
JP-NsM,2007,GRA,ICOS,-134.195,8.19935,-132.79,8.01091,-1.4050000000000011,1.4050000000000011,11.46315922643492,TRUE,-1,-1,FALSE
JP-NsM,2008,GRA,ICOS,-384.613,10.7922,-383.602,11.3392,-1.011000000000024,1.011000000000024,15.654042208963153,TRUE,-1,-1,FALSE
JP-NsM,2009,GRA,ICOS,-336.578,11.8569,-343.73,10.6293,7.152000000000044,7.152000000000044,15.923821654992246,TRUE,-1,-1,FALSE
JP-NsM,2010,GRA,ICOS,-311.94,12.8255,-304.172,12.977,-7.767999999999972,7.767999999999972,18.245437217288053,TRUE,-1,-1,FALSE
JP-NsM,2011,GRA,ICOS,-257.694,16.8208,-261.435,13.9101,3.7409999999999854,3.7409999999999854,21.827280972443635,TRUE,-1,-1,FALSE
JP-NsM,2012,GRA,ICOS,-56.7754,8.57914,-56.6839,9.13034,-0.09149999999999636,0.09149999999999636,12.528557445101173,TRUE,-1,-1,FALSE
JP-NsM,2013,GRA,ICOS,-314.346,9.95942,-316.123,8.9695,1.7769999999999868,1.7769999999999868,13.403058493731944,TRUE,-1,-1,FALSE
JP-NsM,2014,GRA,ICOS,-321.385,14.4406,-304.286,18.2305,-17.09899999999999,17.09899999999999,23.256871212826542,TRUE,-1,-1,FALSE
JP-SMF,2003,MF,ICOS,512.808,115.131,254.788,95.1611,258.02,258.02,149.36794205655374,FALSE,1,1,FALSE
JP-SMF,2005,MF,ICOS,968.09,244.477,538.083,244.477,430.00700000000006,430.00700000000006,345.74268908828714,FALSE,1,1,FALSE
JP-SMF,2006,MF,ICOS,428.225,120.444,333.2,92.5605,95.02500000000003,95.02500000000003,151.9019529046615,TRUE,1,1,FALSE
JP-SMF,2007,MF,ICOS,213.863,83.6431,199.845,88.4129,14.018,14.018,121.70870578565857,TRUE,1,1,FALSE
JP-SMF,2008,MF,ICOS,281.747,93.338,36.3782,134.73,245.36880000000002,245.36880000000002,163.90288326933117,FALSE,1,1,FALSE
JP-SMF,2009,MF,ICOS,150.905,103.853,52.9558,114.676,97.94919999999999,97.94919999999999,154.7127356910219,TRUE,1,1,FALSE
JP-SMF,2012,MF,ICOS,89.5034,77.2616,-80.5984,91.1966,170.1018,170.1018,119.52478691100018,FALSE,1,-1,TRUE
JP-SMF,2013,MF,ICOS,172.756,61.2905,66.6383,97.0406,106.1177,106.1177,114.77544789113219,TRUE,1,1,FALSE
JP-SMF,2014,MF,ICOS,213.258,52.9916,94.2349,80.1374,119.02310000000001,119.02310000000001,96.07347474365648,FALSE,1,1,FALSE
JP-Spp,2000,DBF,ICOS,-110.535,72.9035,-55.6471,53.9401,-54.887899999999995,54.887899999999995,90.68877935147214,TRUE,-1,-1,FALSE
JP-Spp,2001,DBF,ICOS,-204.442,74.1921,-177.87,52.076,-26.572000000000003,26.572000000000003,90.64423577045591,TRUE,-1,-1,FALSE
JP-Spp,2002,DBF,ICOS,-182.984,77.521,-162.32,68.8866,-20.664000000000016,20.664000000000016,103.70568499633953,TRUE,-1,-1,FALSE
JP-Spp,2003,DBF,ICOS,-190.021,103.963,-128.899,85.3644,-61.121999999999986,61.121999999999986,134.5190921630086,TRUE,-1,-1,FALSE
JP-Spp,2006,DBF,ICOS,263.902,62.1588,259.43,77.0116,4.47199999999998,4.47199999999998,98.96718118649233,TRUE,1,1,FALSE
JP-Spp,2007,DBF,ICOS,301.496,68.7231,287.116,85.6612,14.379999999999995,14.379999999999995,109.82124411538052,TRUE,1,1,FALSE
JP-Spp,2008,DBF,ICOS,378.663,57.6949,375.177,65.7417,3.48599999999999,3.48599999999999,87.46812336445774,TRUE,1,1,FALSE
JP-Spp,2009,DBF,ICOS,467.447,62.4616,452.848,69.2533,14.59899999999999,14.59899999999999,93.26023287259152,TRUE,1,1,FALSE
JP-Spp,2010,DBF,ICOS,433.271,44.5364,437.449,52.4362,-4.177999999999997,4.177999999999997,68.79713653488784,TRUE,1,1,FALSE
JP-Spp,2011,DBF,ICOS,451.447,61.2527,444.552,82.7615,6.894999999999982,6.894999999999982,102.96290176340214,TRUE,1,1,FALSE
JP-Spp,2012,DBF,ICOS,374.953,38.8753,369.027,63.3358,5.925999999999988,5.925999999999988,74.3149548323216,TRUE,1,1,FALSE
JP-Spp,2013,DBF,ICOS,413.142,27.75,405.812,57.6254,7.329999999999984,7.329999999999984,63.95896516642526,TRUE,1,1,FALSE
JP-Spp,2014,DBF,ICOS,423.003,31.636,410.986,47.6398,12.016999999999996,12.016999999999996,57.187297890702965,TRUE,1,1,FALSE
JP-Spp,2015,DBF,ICOS,399.195,39.3768,395.105,64.5049,4.089999999999975,4.089999999999975,75.57390093312638,TRUE,1,1,FALSE
JP-Spp,2016,DBF,ICOS,430.371,60.9067,416.195,78.1684,14.175999999999988,14.175999999999988,99.09553402373894,TRUE,1,1,FALSE
JP-Spp,2017,DBF,ICOS,426.657,70.6537,435.041,74.4113,-8.384000000000015,8.384000000000015,102.61085172329483,TRUE,1,1,FALSE
JP-Srk,2012,DBF,ICOS,-1698.21,20.7492,-1698.01,20.7025,-0.20000000000004547,0.20000000000004547,29.310796763138324,TRUE,-1,-1,FALSE
JP-Srk,2013,DBF,ICOS,-798.606,20.3709,-791.008,20.6478,-7.597999999999956,7.597999999999956,29.005261792474826,TRUE,-1,-1,FALSE
JP-Srk,2014,DBF,ICOS,-696.033,42.9528,-696.033,34.9327,0,0,55.36457854197031,TRUE,-1,-1,FALSE
JP-Ta2,2006,ENF,ICOS,-606.016,88.6381,-677.221,98.4102,71.20500000000004,71.20500000000004,132.4434982762461,TRUE,-1,-1,FALSE
JP-Ta2,2007,ENF,ICOS,-548.232,72.2714,-573.633,83.5015,25.401000000000067,25.401000000000067,110.43394297139807,TRUE,-1,-1,FALSE
JP-Ta2,2008,ENF,ICOS,-678.219,62.0552,-717.824,72.6518,39.604999999999905,39.604999999999905,95.54649072718475,TRUE,-1,-1,FALSE
JP-Ta2,2009,ENF,ICOS,-693.955,67.9098,-747.022,66.7168,53.06700000000001,53.06700000000001,95.19911941966691,TRUE,-1,-1,FALSE
JP-Ta2,2010,ENF,ICOS,-738.707,81.9956,-766.174,79.4389,27.466999999999985,27.466999999999985,114.16574465473433,TRUE,-1,-1,FALSE
JP-Ta2,2011,ENF,ICOS,-681.306,84.3926,-688.897,86.2023,7.591000000000008,7.591000000000008,120.6355978144511,TRUE,-1,-1,FALSE
JP-Ta2,2012,ENF,ICOS,-845.009,58.0615,-833.748,67.5758,-11.260999999999967,11.260999999999967,89.09335849483956,TRUE,-1,-1,FALSE
JP-Ta2,2013,ENF,ICOS,-812.645,48.1434,-822.803,62.4561,10.158000000000015,10.158000000000015,78.85779220070773,TRUE,-1,-1,FALSE
JP-Ta2,2014,ENF,ICOS,-784.01,93.5312,-783.681,122.769,-0.3289999999999509,0.3289999999999509,154.33830611497586,TRUE,-1,-1,FALSE
JP-Ta2,2015,ENF,ICOS,-798.172,61.4394,-776.569,83.8558,-21.603000000000065,21.603000000000065,103.95477413760274,TRUE,-1,-1,FALSE
JP-Tak,1999,DBF,ICOS,-139.135,35.302,-128.971,58.1571,-10.163999999999987,10.163999999999987,68.0329294122339,TRUE,-1,-1,FALSE
JP-Tak,2000,DBF,ICOS,-266.151,31.6876,-273.892,35.4516,7.7409999999999854,7.7409999999999854,47.5491318145768,TRUE,-1,-1,FALSE
JP-Tak,2001,DBF,ICOS,-184.042,62.9549,-233.578,51.9901,49.536,49.536,81.64735104104726,TRUE,-1,-1,FALSE
JP-Tak,2002,DBF,ICOS,-265.097,61.2744,-288.149,58.2697,23.05200000000002,23.05200000000002,84.55714064140295,TRUE,-1,-1,FALSE
JP-Tak,2003,DBF,ICOS,-202.116,31.962,-217.468,41.3769,15.351999999999975,15.351999999999975,52.28400613581557,TRUE,-1,-1,FALSE
JP-Tak,2004,DBF,ICOS,-260.118,10.9424,-259.423,11.8401,-0.6949999999999932,0.6949999999999932,16.122161324400647,TRUE,-1,-1,FALSE
JP-Tak,2005,DBF,ICOS,-321.028,37.7305,-312.155,52.3452,-8.873000000000047,8.873000000000047,64.52604585196586,TRUE,-1,-1,FALSE
JP-Tak,2006,DBF,ICOS,-332.901,42.3914,-320.343,46.7237,-12.557999999999993,12.557999999999993,63.08831061020734,TRUE,-1,-1,FALSE
JP-Tak,2007,DBF,ICOS,-294.724,37.6678,-289.038,38.4608,-5.685999999999979,5.685999999999979,53.83396969832338,TRUE,-1,-1,FALSE
JP-Tak,2008,DBF,ICOS,-285.161,63.4688,-310.901,42.4641,25.74000000000001,25.74000000000001,76.36418245650248,TRUE,-1,-1,FALSE
JP-Tak,2009,DBF,ICOS,-348.5,30.3952,-360.507,29.1954,12.007000000000005,12.007000000000005,42.14545721901709,TRUE,-1,-1,FALSE
JP-Tak,2010,DBF,ICOS,-359.331,92.1323,-451.957,50.2414,92.62599999999998,92.62599999999998,104.94074031209233,TRUE,-1,-1,FALSE
JP-Tak,2012,DBF,ICOS,-570.732,17.8473,-576.712,18.0856,5.980000000000018,5.980000000000018,25.408955992917143,TRUE,-1,-1,FALSE
JP-Tak,2013,DBF,ICOS,-523.098,34.8782,-527.519,35.6209,4.421000000000049,4.421000000000049,49.85315789446041,TRUE,-1,-1,FALSE
JP-Tak,2014,DBF,ICOS,-497.789,22.0204,-504.066,22.0173,6.276999999999987,6.276999999999987,31.13935637501199,TRUE,-1,-1,FALSE
JP-Tak,2015,DBF,ICOS,-478.065,26.9301,-463.705,39.766,-14.360000000000014,14.360000000000014,48.02671175512644,TRUE,-1,-1,FALSE
JP-Tak,2016,DBF,ICOS,-495.148,24.9954,-468.012,39.0806,-27.136000000000024,27.136000000000024,46.39033646698415,TRUE,-1,-1,FALSE
JP-Tak,2017,DBF,ICOS,-307.372,11.0712,-306.024,18.9674,-1.3480000000000132,1.3480000000000132,21.962097627503617,TRUE,-1,-1,FALSE
JP-Tak,2018,DBF,ICOS,-420.773,16.1813,-409.95,16.7881,-10.823000000000036,10.823000000000036,23.31683450428038,TRUE,-1,-1,FALSE
JP-Tak,2019,DBF,ICOS,-383.176,18.4744,-364.291,37.8851,-18.88499999999999,18.88499999999999,42.14954634832978,TRUE,-1,-1,FALSE
JP-Tak,2020,DBF,ICOS,-350.16,32.8431,-323.782,38.4134,-26.378000000000043,26.378000000000043,50.539672705410354,TRUE,-1,-1,FALSE
JP-Tak,2021,DBF,ICOS,-391.946,31.7673,-350.815,42.515,-41.13100000000003,41.13100000000003,53.07246531196756,TRUE,-1,-1,FALSE
JP-Tef,2002,DNF,ICOS,16.3858,9.82809,4.21065,7.68137,12.175149999999999,12.175149999999999,12.473764392716419,TRUE,1,1,FALSE
JP-Tef,2004,DNF,ICOS,635.644,7.28875,642.8,10.1039,-7.155999999999949,7.155999999999949,12.458518040782378,TRUE,1,1,FALSE
JP-Tef,2008,DNF,ICOS,188.946,5.93394,175.639,8.3128,13.306999999999988,13.306999999999988,10.213436628461547,FALSE,1,1,FALSE
JP-Tef,2009,DNF,ICOS,103.073,6.57957,106.399,8.01172,-3.3260000000000076,3.3260000000000076,10.367178919228703,TRUE,1,1,FALSE
JP-Tef,2010,DNF,ICOS,-32.7248,9.84778,-23.2292,19.6073,-9.495600000000003,9.495600000000003,21.941398866489802,TRUE,-1,-1,FALSE
JP-Tef,2011,DNF,ICOS,86.6876,4.94862,90.0354,10.5496,-3.3477999999999923,3.3477999999999923,11.652591989098392,TRUE,1,1,FALSE
JP-Tef,2012,DNF,ICOS,39.5307,4.1063,34.7269,4.58427,4.8038000000000025,4.8038000000000025,6.15444807622097,TRUE,1,1,FALSE
JP-Tef,2013,DNF,ICOS,-25.829,8.43447,-25.1175,7.99186,-0.7115000000000009,0.7115000000000009,11.619385114561785,TRUE,-1,-1,FALSE
JP-Tef,2014,DNF,ICOS,8.36788,7.37153,0.628825,11.7118,7.739055,7.739055,13.838558948853743,TRUE,1,1,FALSE
JP-Tef,2015,DNF,ICOS,94.7273,9.38879,89.7778,13.7748,4.9495000000000005,4.9495000000000005,16.670167746729486,TRUE,1,1,FALSE
JP-Tef,2016,DNF,ICOS,-91.631,19.675,-95.5446,20.5795,3.9136000000000024,3.9136000000000024,28.47141452843536,TRUE,-1,-1,FALSE
JP-Tef,2017,DNF,ICOS,-79.5882,13.3525,-79.2027,15.6213,-0.3855000000000075,0.3855000000000075,20.550286371240666,TRUE,-1,-1,FALSE
JP-Tef,2018,DNF,ICOS,-30.664,11.713,-26.5293,30.3856,-4.134700000000002,4.134700000000002,32.56499741071693,TRUE,-1,-1,FALSE
JP-Tef,2019,DNF,ICOS,-145.005,10.6501,-134.584,24.1949,-10.420999999999992,10.420999999999992,26.435162492786006,TRUE,-1,-1,FALSE
JP-Tef,2020,DNF,ICOS,-16.0435,20.7292,-15.1948,28.2956,-0.8487000000000009,0.8487000000000009,35.07621290846547,TRUE,-1,-1,FALSE
JP-Tef,2021,DNF,ICOS,-156.986,35.396,-166.938,29.2494,9.951999999999998,9.951999999999998,45.91736290729249,TRUE,-1,-1,FALSE
JP-Tef,2022,DNF,ICOS,-275.19,12.8676,-275.2,13.1799,0.009999999999990905,0.009999999999990905,18.419687667547457,TRUE,-1,-1,FALSE
JP-Tef,2023,DNF,ICOS,-681.445,97.1788,-655.405,72.8514,-26.040000000000077,26.040000000000077,121.45388281730642,TRUE,-1,-1,FALSE
JP-Tmd,2015,GRA,ICOS,162.765,8.39934,163.588,20.337,-0.8230000000000075,0.8230000000000075,22.0032379761616,TRUE,1,1,FALSE
JP-Tmd,2016,GRA,ICOS,160.251,16.2713,168.649,22.7886,-8.397999999999996,8.397999999999996,28.001348068441278,TRUE,1,1,FALSE
JP-Tmd,2017,GRA,ICOS,-4.00903,14.3206,-13.8582,20.3229,9.84917,9.84917,24.861613961486896,TRUE,-1,-1,FALSE
JP-Tmd,2020,GRA,ICOS,154.611,6.71923,156.661,13.955,-2.0500000000000114,2.0500000000000114,15.488385222252836,TRUE,1,1,FALSE
JP-Tmd,2023,GRA,ICOS,310.405,8.07537,293.644,31.3239,16.760999999999967,16.760999999999967,32.3480804971006,TRUE,1,1,FALSE
JP-Tmk,2001,DNF,ICOS,-203.945,11.8461,-201.156,11.3776,-2.7889999999999873,2.7889999999999873,16.424976924489116,TRUE,-1,-1,FALSE
JP-Tmk,2002,DNF,ICOS,-372.529,6.73862,-372.606,6.6885,0.07699999999999818,0.07699999999999818,9.494473748154766,TRUE,-1,-1,FALSE
JP-Tmk,2003,DNF,ICOS,-327.675,11.8043,-327.511,12.2626,-0.16399999999998727,0.16399999999998727,17.020953476524163,TRUE,-1,-1,FALSE
JP-Toc,2011,DBF,ICOS,-396.98,20.7244,-387.218,18.1034,-9.762,9.762,27.51788231168961,TRUE,-1,-1,FALSE
JP-Toc,2012,DBF,ICOS,-777.239,10.2018,-775.936,11.9354,-1.3029999999999973,1.3029999999999973,15.70128964130017,TRUE,-1,-1,FALSE
JP-Toc,2013,DBF,ICOS,-512.474,11.5609,-508.969,12.4787,-3.5050000000000523,3.5050000000000523,17.010948312777863,TRUE,-1,-1,FALSE
JP-Toc,2014,DBF,ICOS,-456.728,15.9673,-456.058,13.5496,-0.6700000000000159,0.6700000000000159,20.941497784303778,TRUE,-1,-1,FALSE
JP-Yms,2001,DBF,ICOS,-74.068,14.3381,-77.944,18.3395,3.8760000000000048,3.8760000000000048,23.279140273214562,TRUE,-1,-1,FALSE
JP-Yms,2002,DBF,ICOS,-202.253,19.1863,-196.027,23.3333,-6.225999999999999,6.225999999999999,30.208558333359772,TRUE,-1,-1,FALSE
JP-Yms,2003,DBF,ICOS,-301.76,17.5765,-303.353,19.3972,1.5930000000000177,1.5930000000000177,26.17603331465637,TRUE,-1,-1,FALSE
JP-Yms,2004,DBF,ICOS,-261.338,18.2784,-278.07,22.8401,16.73199999999997,16.73199999999997,29.253548068054926,TRUE,-1,-1,FALSE
JP-Yms,2005,DBF,ICOS,-311.79,9.37887,-312.359,9.67431,0.56899999999996,0.56899999999996,13.474252352282852,TRUE,-1,-1,FALSE
JP-Yms,2006,DBF,ICOS,-220.377,23.283,-206.13,23.5923,-14.247000000000014,14.247000000000014,33.14656404953612,TRUE,-1,-1,FALSE
JP-Yms,2007,DBF,ICOS,-248.383,15.1004,-232.428,15.6341,-15.955000000000013,15.955000000000013,21.735849718149968,TRUE,-1,-1,FALSE
JP-Yms,2008,DBF,ICOS,-306.044,39.8328,-359.396,42.6686,53.35200000000003,53.35200000000003,58.371751573856336,TRUE,-1,-1,FALSE
JP-Yms,2009,DBF,ICOS,-340.609,39.5325,-342.061,52.0908,1.4519999999999982,1.4519999999999982,65.39319537146048,TRUE,-1,-1,FALSE
JP-Yms,2010,DBF,ICOS,-243.046,22.281,-276.395,26.8919,33.34899999999999,33.34899999999999,34.92301886449681,TRUE,-1,-1,FALSE
JP-Yms,2011,DBF,ICOS,-234.085,32.2363,-222.05,29.3086,-12.034999999999997,12.034999999999997,43.56802808998819,TRUE,-1,-1,FALSE
JP-Yms,2012,DBF,ICOS,-263.764,12.655,-262.885,20.517,-0.8790000000000191,0.8790000000000191,24.10593939260613,TRUE,-1,-1,FALSE
JP-Yms,2013,DBF,ICOS,-255.175,28.6514,-249.302,29.5371,-5.873000000000019,5.873000000000019,41.15024906814052,TRUE,-1,-1,FALSE
JP-Yms,2014,DBF,ICOS,-168.919,17.5286,-163.149,21.6137,-5.77000000000001,5.77000000000001,27.828112506061206,TRUE,-1,-1,FALSE
JP-Yms,2015,DBF,ICOS,-36.0645,16.5042,-52.4641,25.6122,16.3996,16.3996,30.46922064116508,TRUE,-1,-1,FALSE
JP-Yms,2016,DBF,ICOS,-239.448,30.0287,-217.748,39.0542,-21.700000000000017,21.700000000000017,49.26411839594818,TRUE,-1,-1,FALSE
JP-Yms,2017,DBF,ICOS,-400.382,24.4839,-394.47,18.0768,-5.911999999999978,5.911999999999978,30.434060811038673,TRUE,-1,-1,FALSE
JP-Yms,2019,DBF,ICOS,-171.108,12.8715,-183.384,11.4683,12.275999999999982,12.275999999999982,17.239414640294488,TRUE,-1,-1,FALSE
JP-Yms,2020,DBF,ICOS,-173.361,29.266,-150.075,30.8402,-23.286,23.286,42.51607568955536,TRUE,-1,-1,FALSE
JP-Yms,2021,DBF,ICOS,-89.9135,46.01,-109.851,41.2054,19.9375,19.9375,61.76410842196299,TRUE,-1,-1,FALSE
JP-Yms,2022,DBF,ICOS,-282.375,21.947,-292.39,42.6145,10.014999999999986,10.014999999999986,47.93397979773847,TRUE,-1,-1,FALSE
JP-Yms,2023,DBF,ICOS,-283.327,41.9323,-343.484,62.6637,60.15699999999998,60.15699999999998,75.39931751004116,TRUE,-1,-1,FALSE
JP-Ynf,2014,EBF,ICOS,-213.371,23.334,-213.163,14.8054,-0.2079999999999984,0.2079999999999984,27.634677945653717,TRUE,-1,-1,FALSE
JP-Ynf,2015,EBF,ICOS,-225.627,25.1408,-216.716,27.074,-8.911000000000001,8.911000000000001,36.94673599440146,TRUE,-1,-1,FALSE
JP-Ynf,2016,EBF,ICOS,-434.827,42.9432,-424.772,44.7313,-10.055000000000007,10.055000000000007,62.00812548311713,TRUE,-1,-1,FALSE
JP-Ynf,2017,EBF,ICOS,-372.962,30.9025,-362.404,30.4177,-10.557999999999993,10.557999999999993,43.361284339142905,TRUE,-1,-1,FALSE
JP-Ynf,2020,EBF,ICOS,-627.802,9.75092,-635.991,9.96528,8.188999999999965,8.188999999999965,13.942282679848375,TRUE,-1,-1,FALSE
JP-Ynf,2022,EBF,ICOS,-497.684,10.5673,-495.859,12.6862,-1.8250000000000455,1.8250000000000455,16.51082977109267,TRUE,-1,-1,FALSE
KE-Kpt,2019,GRA,ICOS,-176.513,9.70097,-174.098,10.0494,-2.414999999999992,2.414999999999992,13.967793644699222,TRUE,-1,-1,FALSE
KE-Mkt,2019,CRO,ICOS,-403.892,6.41436,-404.057,6.54633,0.16500000000002046,0.16500000000002046,9.16506686710468,TRUE,-1,-1,FALSE
KR-AdC,2016,ENF,ICOS,-460.282,21.0849,-460.881,21.0372,0.5989999999999895,0.5989999999999895,29.784841645541782,TRUE,-1,-1,FALSE
KR-AdC,2017,ENF,ICOS,-535.561,19.3875,-534.098,24.3982,-1.4630000000000791,1.4630000000000791,31.163236665821476,TRUE,-1,-1,FALSE
KR-CRK,2016,CRO,ICOS,-60.1679,9.35361,-63.3036,8.94724,3.1357,3.1357,12.943845010262601,TRUE,-1,-1,FALSE
KR-CRK,2017,CRO,ICOS,103.108,21.1346,95.141,13.544,7.966999999999999,7.966999999999999,25.102016914184404,TRUE,1,1,FALSE
KR-CRK,2018,CRO,ICOS,40.4051,13.3425,44.4368,15.673400000000001,-4.031700000000001,4.031700000000001,20.58343445127659,TRUE,1,1,FALSE
KR-CRK,2019,CRO,ICOS,115.191,12.7491,108.816,13.5862,6.375,6.375,18.631274278749697,TRUE,1,1,FALSE
KR-CRK,2020,CRO,ICOS,68.8741,13.8203,70.9342,14.1816,-2.0601000000000056,2.0601000000000056,19.801981482922358,TRUE,1,1,FALSE
KR-CRK,2021,CRO,ICOS,-53.9614,30.756,-55.5211,30.2572,1.5596999999999994,1.5596999999999994,43.14428916832447,TRUE,-1,-1,FALSE
KR-CmF,2012,CRO,ICOS,-222.476,20.5662,-214.393,15.18,-8.082999999999998,8.082999999999998,25.56170930200091,TRUE,-1,-1,FALSE
KR-CmF,2013,CRO,ICOS,-116.922,16.6781,-116.798,16.6572,-0.12399999999999523,0.12399999999999523,23.571621315683824,TRUE,-1,-1,FALSE
KR-CmF,2014,CRO,ICOS,-273.137,16.4281,-265.615,17.4635,-7.521999999999991,7.521999999999991,23.97616111599186,TRUE,-1,-1,FALSE
KR-CmF,2015,CRO,ICOS,-206.838,12.8714,-207.308,12.3306,0.46999999999999886,0.46999999999999886,17.824607550237957,TRUE,-1,-1,FALSE
KR-CmF,2016,CRO,ICOS,-399.793,18.1747,-402.521,17.6153,2.7280000000000086,2.7280000000000086,25.310442789093994,TRUE,-1,-1,FALSE
KR-CmF,2017,CRO,ICOS,-51.7313,18.709,-54.8918,20.1632,3.160500000000006,3.160500000000006,27.506023253825695,TRUE,-1,-1,FALSE
KR-GmP,2012,CRO,ICOS,-626.388,29.0771,-626.246,29.2833,-0.14200000000005275,0.14200000000005275,41.267292173099996,TRUE,-1,-1,FALSE
KR-GmR,2018,CRO,ICOS,-852.306,24.4125,-849.454,24.3994,-2.852000000000089,2.852000000000089,34.515226735601786,TRUE,-1,-1,FALSE
KR-GmR,2019,CRO,ICOS,-722.08,20.8712,-718.443,22.1541,-3.6370000000000573,3.6370000000000573,30.437002747478275,TRUE,-1,-1,FALSE
KR-GmS,2017,CRO,ICOS,-465.879,12.0945,-460.355,11.4487,-5.524000000000001,5.524000000000001,16.653818239070585,TRUE,-1,-1,FALSE
KR-GmS,2018,CRO,ICOS,-533.025,11.7538,-544.445,11.7091,11.420000000000073,11.420000000000073,16.590805804722084,TRUE,-1,-1,FALSE
KR-GmS,2019,CRO,ICOS,-459.092,19.9808,-458.092,25.8424,-1,1,32.665915055298846,TRUE,-1,-1,FALSE
KR-HPK,2017,CRO,ICOS,-698.317,14.4983,-698.313,14.5056,-0.004000000000019099,0.004000000000019099,20.508855020453968,TRUE,-1,-1,FALSE
KR-HcM,2016,MF,ICOS,-359.228,57.5032,-362.2,55.2329,2.97199999999998,2.97199999999998,79.7326235154093,TRUE,-1,-1,FALSE
KR-HcM,2017,MF,ICOS,-342.085,34.5408,-335.952,30.2058,-6.132999999999981,6.132999999999981,45.88526144940224,TRUE,-1,-1,FALSE
KR-HcM,2018,MF,ICOS,-735.658,32.518,-741.277,33.2653,5.619000000000028,5.619000000000028,46.51881885957553,TRUE,-1,-1,FALSE
KR-Hnm,2016,CRO,ICOS,-61.3327,88.0668,-6.2714,81.6842,-55.0613,55.0613,120.11690052561296,TRUE,-1,-1,FALSE
KR-Hnm,2017,CRO,ICOS,-42.2848,52.4719,-49.6955,53.0446,7.410700000000006,7.410700000000006,74.61253164696933,TRUE,-1,-1,FALSE
KR-Hnm,2018,CRO,ICOS,281.976,70.2147,297.084,66.3806,-15.108000000000004,15.108000000000004,96.62550466853975,TRUE,1,1,FALSE
KR-JjM,2015,MF,ICOS,-616.99,13.6916,-617.489,14.1561,0.49900000000002365,0.49900000000002365,19.694036604261708,TRUE,-1,-1,FALSE
KR-JjM,2016,MF,ICOS,-487.885,10.5092,-489.766,10.6281,1.8810000000000286,1.8810000000000286,14.946564630375772,TRUE,-1,-1,FALSE
KR-JjM,2017,MF,ICOS,-806.756,22.8222,-807.386,23.3156,0.6299999999999955,0.6299999999999955,32.626216700684125,TRUE,-1,-1,FALSE
KR-JjM,2018,MF,ICOS,-592.214,10.6358,-590.639,10.2398,-1.5750000000000455,1.5750000000000455,14.763933950001267,TRUE,-1,-1,FALSE
KR-Kw1,2016,ENF,ICOS,-1200.74,37.4084,-1194.51,48.4484,-6.230000000000018,6.230000000000018,61.209769262103904,TRUE,-1,-1,FALSE
KR-Kw1,2017,ENF,ICOS,-408.616,49.5505,-370.309,53.755,-38.30699999999996,38.30699999999996,73.10849523311228,TRUE,-1,-1,FALSE
KR-Kw1,2018,ENF,ICOS,-227.877,236.946,-142,238.986,-85.87700000000001,85.87700000000001,336.5378360779067,TRUE,-1,-1,FALSE
KR-Kw1,2019,ENF,ICOS,-18.3703,260.335,-48.432,279.091,30.061700000000002,30.061700000000002,381.66228331602275,TRUE,-1,-1,FALSE
KR-Kw1,2020,ENF,ICOS,-223.923,195.686,-268.827,212.927,44.903999999999996,44.903999999999996,289.1901068933721,TRUE,-1,-1,FALSE
KR-Kw2,2017,DBF,ICOS,130.989,32.1918,142.883,34.5562,-11.894000000000005,11.894000000000005,47.227565527772015,TRUE,1,1,FALSE
KR-Kw2,2018,DBF,ICOS,2.38794,42.0223,2.31047,41.1102,0.07746999999999993,0.07746999999999993,58.78709247215753,TRUE,1,1,FALSE
KR-Kw2,2019,DBF,ICOS,291.394,30.4679,280.737,43.5347,10.656999999999982,10.656999999999982,53.13720950990934,TRUE,1,1,FALSE
KR-Kw2,2020,DBF,ICOS,215.704,34.4511,213.783,36.2447,1.9210000000000207,1.9210000000000207,50.00556538326509,TRUE,1,1,FALSE
KR-PcD,2015,DBF,ICOS,-778.455,52.8614,-766.857,77.5182,-11.59800000000007,11.59800000000007,93.82642986493731,TRUE,-1,-1,FALSE
KR-PcD,2016,DBF,ICOS,-247.892,158.413,-287.84,157.691,39.94799999999998,39.94799999999998,223.51986500085403,TRUE,-1,-1,FALSE
KR-PcD,2017,DBF,ICOS,98.223,265.494,201.972,258.451,-103.74900000000001,103.74900000000001,370.51853318963686,TRUE,1,1,FALSE
KR-PcD,2018,DBF,ICOS,264.53,179.178,262.471,174.56,2.058999999999969,2.058999999999969,250.15185244966708,TRUE,1,1,FALSE
KR-ScC,2015,ENF,ICOS,-335.369,64.5104,-343.694,84.9322,8.324999999999989,8.324999999999989,106.65397463292214,TRUE,-1,-1,FALSE
KR-ScC,2016,ENF,ICOS,67.2601,95.8321,97.3268,95.7323,-30.06670000000001,30.06670000000001,135.45650465629177,TRUE,1,1,FALSE
KR-ScC,2017,ENF,ICOS,-212.009,114.078,-191.525,116.714,-20.48399999999998,20.48399999999998,163.20523239161176,TRUE,-1,-1,FALSE
KR-ScC,2018,ENF,ICOS,-218.66,90.2071,-217.65,67.8454,-1.009999999999991,1.009999999999991,112.87302242595437,TRUE,-1,-1,FALSE
KR-SmM,2015,MF,ICOS,-551.75,16.7507,-553.403,19.4283,1.65300000000002,1.65300000000002,25.652383736799198,TRUE,-1,-1,FALSE
KR-SmM,2016,MF,ICOS,-446.8,12.7229,-438.001,17.573,-8.799000000000035,8.799000000000035,21.69521867624293,TRUE,-1,-1,FALSE
KR-SmM,2017,MF,ICOS,-281.899,17.2597,-284.399,17.7139,2.5,2.5,24.732155128496178,TRUE,-1,-1,FALSE
KR-SmM,2018,MF,ICOS,-433.594,35.5983,-454.118,25.9343,20.524,20.524,44.0434657966423,TRUE,-1,-1,FALSE
KR-UAO,2018,CRO,ICOS,-135.778,13.0786,-136.885,12.9751,1.1069999999999993,1.1069999999999993,18.422893311583824,TRUE,-1,-1,FALSE
KR-UAO,2019,CRO,ICOS,159.872,27.8538,153.17,28.7179,6.702000000000027,6.702000000000027,40.00689884069996,TRUE,1,1,FALSE
KR-WdE,2015,EBF,ICOS,-277.748,49.1579,-282.09,38.4974,4.3419999999999845,4.3419999999999845,62.43836111854634,TRUE,-1,-1,FALSE
KR-WdE,2018,EBF,ICOS,-765.5,28.6633,-764.717,34.756,-0.7830000000000155,0.7830000000000155,45.050685931403976,TRUE,-1,-1,FALSE
ML-Kem,2008,WSA,ICOS,-578.232,9.67211,-578.233,9.64574,9.999999999763531e-4,9.999999999763531e-4,13.659795459658245,TRUE,-1,-1,FALSE
MN-Hst,2016,GRA,ICOS,66.8792,7.18301,67.2106,7.17489,-0.33140000000000214,0.33140000000000214,10.152570077187352,TRUE,1,1,FALSE
MN-Hst,2017,GRA,ICOS,63.4314,2.98028,63.5311,3.00618,-0.09970000000000567,0.09970000000000567,4.233106078377909,TRUE,1,1,FALSE
MN-Hst,2018,GRA,ICOS,28.8113,7.80532,29.1409,8.03614,-0.3295999999999992,0.3295999999999992,11.202792794745424,TRUE,1,1,FALSE
MN-Hst,2019,GRA,ICOS,80.8673,3.19362,81.2608,3.21251,-0.39350000000000307,0.39350000000000307,4.5298376576318935,TRUE,1,1,FALSE
MN-Kbu,2004,GRA,ICOS,-526.214,28.2374,-531.065,38.4035,4.850999999999999,4.850999999999999,47.66738477208499,TRUE,-1,-1,FALSE
MN-Kbu,2005,GRA,ICOS,-503.412,13.6396,-492.912,14.37,-10.5,10.5,19.81251089993391,TRUE,-1,-1,FALSE
MN-Kbu,2006,GRA,ICOS,-496.708,34.4532,-511.318,32.4717,14.609999999999957,14.609999999999957,47.34378830564787,TRUE,-1,-1,FALSE
MN-Kbu,2007,GRA,ICOS,-430.354,26.1438,-438.593,24.1295,8.239000000000033,8.239000000000033,35.57711411413242,TRUE,-1,-1,FALSE
MN-Kbu,2008,GRA,ICOS,-501.727,6.92334,-496.361,6.62686,-5.3659999999999854,5.3659999999999854,9.583731539186601,TRUE,-1,-1,FALSE
MN-Nkh,2016,GRA,ICOS,-48.0687,1.75816,-47.2581,1.74305,-0.8106000000000009,0.8106000000000009,2.475752388285226,TRUE,-1,-1,FALSE
MN-Nkh,2017,GRA,ICOS,-79.6624,4.00192,-79.2705,4.04657,-0.3919000000000068,0.3919000000000068,5.691229432319523,TRUE,-1,-1,FALSE
MN-Nkh,2018,GRA,ICOS,-67.5828,2.83251,-67.6159,2.88963,0.03309999999999036,0.03309999999999036,4.046365583705951,TRUE,-1,-1,FALSE
MN-Nkh,2019,GRA,ICOS,-87.7708,2.9541,-87.6698,3.06162,-0.10099999999999909,0.10099999999999909,4.254435783320744,TRUE,-1,-1,FALSE
MX-Aog,2017,DBF,AmeriFlux,95.8542,25.4876,94.3567,25.3721,1.4975000000000023,1.4975000000000023,35.96333149431515,TRUE,1,1,FALSE
MX-Aog,2018,DBF,AmeriFlux,-203.878,55.0973,-230.45,108.535,26.572000000000003,26.572000000000003,121.71917964022761,TRUE,-1,-1,FALSE
MX-Tes,2005,DBF,AmeriFlux,-106.935,15.2093,-103.356,15.9067,-3.5790000000000077,3.5790000000000077,22.007860218112985,TRUE,-1,-1,FALSE
MX-Tes,2006,DBF,AmeriFlux,-46.1121,9.2971,-15.4304,27.8651,-30.6817,30.6817,29.375157300344796,FALSE,-1,-1,FALSE
MX-Tes,2007,DBF,AmeriFlux,-76.6025,33.4923,-82.5537,20.6152,5.9512,5.9512,39.32836928134702,TRUE,-1,-1,FALSE
MX-Tes,2008,DBF,AmeriFlux,-74.6607,7.7785,-74.5698,7.67143,-0.09090000000000487,0.09090000000000487,10.925012608454967,TRUE,-1,-1,FALSE
MY-LHP,2012,EBF,ICOS,-390.968,227.826,-473.16,342.988,82.19200000000001,82.19200000000001,411.75897612559703,TRUE,-1,-1,FALSE
MY-LHP,2013,EBF,ICOS,-423.663,150.575,-516.317,374.88,92.654,92.654,403.9899070830854,TRUE,-1,-1,FALSE
MY-LHP,2014,EBF,ICOS,18.2642,161.902,88.0239,408.618,-69.7597,69.7597,439.5235232931225,TRUE,1,1,FALSE
MY-LHP,2015,EBF,ICOS,85.0306,253.093,216.903,343.244,-131.87239999999997,131.87239999999997,426.4651336100057,TRUE,1,1,FALSE
MY-LHP,2016,EBF,ICOS,-521.697,413.62,-365.999,427.918,-155.69799999999998,155.69799999999998,595.1431081042609,TRUE,-1,-1,FALSE
NL-Hrw,2002,GRA,ICOS,217.886,24.0243,225.066,21.6287,-7.180000000000007,7.180000000000007,32.32595944716877,TRUE,1,1,FALSE
NL-Hrw,2005,GRA,ICOS,-96.5513,24.729,-92.6833,24.4924,-3.867999999999995,3.867999999999995,34.80518781388774,TRUE,-1,-1,FALSE
NL-Hrw,2006,GRA,ICOS,-3.20029,14.6267,12.392,15.987,-15.592289999999998,15.592289999999998,21.668514528919605,TRUE,-1,1,TRUE
NL-Hrw,2007,GRA,ICOS,12.5408,33.2661,-1.55634,29.6654,14.097140000000001,14.097140000000001,44.57206935256653,TRUE,1,-1,TRUE
NL-Hrw,2008,GRA,ICOS,-124.555,15.9235,-118.942,15.3338,-5.613000000000014,5.613000000000014,22.10618182070346,TRUE,-1,-1,FALSE
NL-Hrw,2010,GRA,ICOS,137.708,24.9571,137.762,46.1782,-0.054000000000002046,0.054000000000002046,52.49078962684787,TRUE,1,1,FALSE
NO-And,2009,WET,ICOS,13.1338,2.45279,11.7853,3.71172,1.3485000000000014,1.3485000000000014,4.448937417237963,TRUE,1,1,FALSE
NO-And,2010,WET,ICOS,1.19848,5.23497,2.73059,3.18965,-1.5321099999999999,1.5321099999999999,6.130153181071416,TRUE,1,1,FALSE
NO-And,2011,WET,ICOS,-40.3193,3.40261,-40.578,3.27404,0.2587000000000046,0.2587000000000046,4.721979747277618,TRUE,-1,-1,FALSE
NO-And,2012,WET,ICOS,-44.3753,5.93773,-43.7076,3.85219,-0.6677000000000035,0.6677000000000035,7.077853159609911,TRUE,-1,-1,FALSE
NO-And,2013,WET,ICOS,-15.5128,2.34994,-15.7013,2.36268,0.18849999999999945,0.18849999999999945,3.3323377358845248,TRUE,-1,-1,FALSE
NO-And,2014,WET,ICOS,-13.7356,2.29413,-13.3633,2.23892,-0.3722999999999992,0.3722999999999992,3.2055881244008875,TRUE,-1,-1,FALSE
NO-Fns,2020,SNO,ICOS,30.5956,3.50957,31.5307,3.64998,-0.9350999999999985,0.9350999999999985,5.063539827561347,TRUE,1,1,FALSE
NO-Fns,2021,SNO,ICOS,-40.8429,7.94063,-41.7043,7.94076,0.8614000000000033,0.8614000000000033,11.229838564044455,TRUE,-1,-1,FALSE
NO-Fns,2022,SNO,ICOS,-5.90925,3.91411,-6.01371,3.56999,0.10445999999999955,0.10445999999999955,5.297649072201744,TRUE,-1,-1,FALSE
NO-Ikr,2020,WET,ICOS,-4.00243,1.95619,-4.00243,1.95619,0,0,2.766470428578625,TRUE,-1,-1,FALSE
NZ-ADd,2016,GRA,TERN,-190.904,16.974,-203.443,10.2903,12.539000000000016,12.539000000000016,19.849608310745076,TRUE,-1,-1,FALSE
NZ-ADd,2017,GRA,TERN,-99.7499,19.9012,-105.819,20.1096,6.069100000000006,6.069100000000006,28.292291770021034,TRUE,-1,-1,FALSE
NZ-ADd,2018,GRA,TERN,-294.365,13.8309,-293.57,13.5047,-0.7950000000000159,0.7950000000000159,19.3305643192329,TRUE,-1,-1,FALSE
NZ-ADd,2019,GRA,TERN,18.0337,9.29763,17.6683,9.33091,0.36540000000000106,0.36540000000000106,13.172387978077476,TRUE,1,1,FALSE
NZ-ADw,2016,GRA,TERN,-624.537,7.51115,-624.982,11.0789,0.44499999999993634,0.44499999999993634,13.385043874881397,TRUE,-1,-1,FALSE
NZ-ADw,2017,GRA,TERN,-185.891,8.09863,-183.99,8.62026,-1.900999999999982,1.900999999999982,11.827793130778877,TRUE,-1,-1,FALSE
NZ-ADw,2018,GRA,TERN,-50.7739,22.0131,-67.1922,20.7971,16.418300000000002,16.418300000000002,30.28359192731272,TRUE,-1,-1,FALSE
NZ-ADw,2019,GRA,TERN,-231.881,10.4223,-241.901,19.7413,10.02000000000001,10.02000000000001,22.323603270529603,TRUE,-1,-1,FALSE
NZ-ADw,2020,GRA,TERN,39.1973,16.3465,16.578,47.5286,22.6193,22.6193,50.261077189113244,TRUE,1,1,FALSE
NZ-ADw,2021,GRA,TERN,-135.391,57.4837,-150.801,63.3807,15.409999999999997,15.409999999999997,85.56569930865989,TRUE,-1,-1,FALSE
NZ-BFm,2013,GRA,TERN,-352.151,20.7952,-352.151,20.7961,0,0,29.40949027524959,TRUE,-1,-1,FALSE
NZ-BFm,2014,GRA,TERN,-479.979,16.5229,-479.979,19.926,0,0,25.88535687237091,TRUE,-1,-1,FALSE
NZ-BFu,2013,GRA,TERN,187.882,16.0769,187.872,16.1278,0.009999999999990905,0.009999999999990905,22.772190198792913,TRUE,1,1,FALSE
NZ-Cla,2023,GRA,TERN,-192.638,37.6527,-192.182,37.1433,-0.4560000000000173,0.4560000000000173,52.88998536755329,TRUE,-1,-1,FALSE
NZ-Cla,2024,GRA,TERN,-253.982,36.6383,-249.64,35.6969,-4.342000000000013,4.342000000000013,51.15304190857079,TRUE,-1,-1,FALSE
NZ-Kop,2012,WET,TERN,-281.849,4.27579,-277.481,4.93673,-4.367999999999995,4.367999999999995,6.530978733467136,TRUE,-1,-1,FALSE
NZ-Kop,2013,WET,TERN,-176.865,21.5213,-176.845,21.5691,-0.020000000000010232,0.020000000000010232,30.469532790970064,TRUE,-1,-1,FALSE
NZ-Kop,2014,WET,TERN,-238.868,10.8213,-238.868,10.8213,0,0,15.303629222507976,TRUE,-1,-1,FALSE
NZ-Kop,2015,WET,TERN,-260.579,4.83861,-260.579,5.13837,0,0,7.0579737169388785,TRUE,-1,-1,FALSE
NZ-Lau,2020,GRA,TERN,50.5437,25.5714,49.3475,31.8239,1.1962000000000046,1.1962000000000046,40.82471199126823,TRUE,1,1,FALSE
NZ-Lau,2021,GRA,TERN,-100.271,15.7286,-100.162,20.6204,-0.10899999999999466,0.10899999999999466,25.934335428539516,TRUE,-1,-1,FALSE
NZ-Lau,2022,GRA,TERN,73.1347,37.9501,73.0907,44.95,0.04399999999999693,0.04399999999999693,58.827821564375476,TRUE,1,1,FALSE
NZ-Lau,2023,GRA,TERN,-31.9105,19.4412,-31.9105,19.2777,0,0,27.378640848844196,TRUE,-1,-1,FALSE
NZ-Lau,2024,GRA,TERN,-50.485,65.0952,-50.4465,51.115,-0.03849999999999909,0.03849999999999909,82.76550179899836,TRUE,-1,-1,FALSE
NZ-Lau,2025,GRA,TERN,-175.926,69.9322,-189.693,34.8896,13.767000000000024,13.767000000000024,78.15239462102232,TRUE,-1,-1,FALSE
NZ-Oxf,2006,GRA,TERN,-173.848,15.6147,-173.848,20.0898,0,0,25.444428076299925,TRUE,-1,-1,FALSE
NZ-Oxf,2007,GRA,TERN,-52.0007,10.9889,-52.0932,10.9845,0.09250000000000114,0.09250000000000114,15.537540457228099,TRUE,-1,-1,FALSE
NZ-Oxf,2008,GRA,TERN,-177.904,10.1013,-176.701,9.92048,-1.203000000000003,1.203000000000003,14.158113755737379,TRUE,-1,-1,FALSE
NZ-Oxf,2009,GRA,TERN,-168.14,17.2622,-175.595,17.2015,7.4550000000000125,7.4550000000000125,24.36955377289457,TRUE,-1,-1,FALSE
NZ-Oxf,2010,GRA,TERN,-135.664,17.4146,-143.891,17.3538,8.227000000000004,8.227000000000004,24.585009001421984,TRUE,-1,-1,FALSE
NZ-ScF,2008,GRA,TERN,-220.202,15.4158,-227.797,20.486,7.594999999999999,7.594999999999999,25.638312846987418,TRUE,-1,-1,FALSE
NZ-ScF,2009,GRA,TERN,-279.493,21.5136,-294.806,31.8877,15.312999999999988,15.312999999999988,38.46635408054681,TRUE,-1,-1,FALSE
NZ-ScF,2010,GRA,TERN,-219.144,13.9174,-219.073,14.0371,-0.07099999999999795,0.07099999999999795,19.76699772777849,TRUE,-1,-1,FALSE
NZ-ScF,2011,GRA,TERN,-502.542,55.3884,-502.542,37.0315,0,0,66.62737310452813,TRUE,-1,-1,FALSE
PA-SPn,2008,DBF,ICOS,-523.457,79.5965,-523.472,78.8812,0.014999999999986358,0.014999999999986358,112.06179779786687,TRUE,-1,-1,FALSE
PA-SPs,2008,GRA,ICOS,411.105,76.2257,411.07,76.1937,0.03500000000002501,0.03500000000002501,107.77679369966431,TRUE,1,1,FALSE
PA-SPs,2009,GRA,ICOS,595.287,96.9377,576.129,98.9588,19.158000000000015,19.158000000000015,138.52711568039666,TRUE,1,1,FALSE
PE-QFR,2018,WET,AmeriFlux,-557.685,67.9683,-543.638,57.8127,-14.046999999999912,14.046999999999912,89.23002906073717,TRUE,-1,-1,FALSE
PE-QFR,2019,WET,AmeriFlux,-514.652,94.4785,-484.16,84.1005,-30.49200000000002,30.49200000000002,126.48747393516877,TRUE,-1,-1,FALSE
PE-QFR,2022,WET,AmeriFlux,-47.6155,102.819,-96.4605,118.323,48.845,48.845,156.75483753300884,TRUE,-1,-1,FALSE
PR-xGU,2022,EBF,AmeriFlux,-236.126,37.6019,-245.121,38.883,8.995000000000005,8.995000000000005,54.09057748453052,TRUE,-1,-1,FALSE
PR-xGU,2023,EBF,AmeriFlux,-337.722,21.4636,-355.667,33.1526,17.944999999999993,17.944999999999993,39.49406299331584,TRUE,-1,-1,FALSE
PR-xGU,2024,EBF,AmeriFlux,-87.8943,18.2676,-118.472,39.747,30.577699999999993,30.577699999999993,43.74390493268748,TRUE,-1,-1,FALSE
PR-xLA,2023,GRA,AmeriFlux,419.238,74.7717,392.197,69.7792,27.040999999999997,27.040999999999997,102.27386701171517,TRUE,1,1,FALSE
PR-xLA,2024,GRA,AmeriFlux,35.6097,30.5332,22.4708,39.4597,13.138899999999996,13.138899999999996,49.89332847515788,TRUE,1,1,FALSE
RU-Ch2,2015,WET,ICOS,-55.8523,6.13833,-76.4122,7.90477,20.5599,20.5599,10.008220817997573,FALSE,-1,-1,FALSE
RU-Ch2,2020,WET,ICOS,-80.9445,8.60676,-92.871,8.92881,11.92649999999999,11.92649999999999,12.401611416009613,TRUE,-1,-1,FALSE
RU-Che,2015,WET,ICOS,-6.63253,6.80865,-11.3924,5.55547,4.75987,4.75987,8.787545831652885,TRUE,-1,-1,FALSE
RU-Che,2016,WET,ICOS,-13.7663,5.33403,-12.8032,5.44989,-0.963099999999999,0.963099999999999,7.625823041023179,TRUE,-1,-1,FALSE
RU-Che,2020,WET,ICOS,-58.4743,7.15091,-54.8827,6.52612,-3.5915999999999997,3.5915999999999997,9.681206334052591,TRUE,-1,-1,FALSE
RU-Fy2,2016,ENF,ICOS,162.542,18.1851,187.159,21.1716,-24.61699999999999,24.61699999999999,27.909398212251013,TRUE,1,1,FALSE
RU-Fy2,2017,ENF,ICOS,19.5475,11.5878,18.3318,12.279,1.2156999999999982,1.2156999999999982,16.883451952725782,TRUE,1,1,FALSE
RU-Fy2,2018,ENF,ICOS,-128.187,25.6902,-127.995,29.0395,-0.19200000000000728,0.19200000000000728,38.77214123942603,TRUE,-1,-1,FALSE
RU-Fy2,2019,ENF,ICOS,79.362,18.423,72.8822,25.089,6.479799999999997,6.479799999999997,31.126593935090295,TRUE,1,1,FALSE
RU-Fy2,2020,ENF,ICOS,57.852,8.88869,64.8867,8.64042,-7.034700000000008,7.034700000000008,12.396195694345101,TRUE,1,1,FALSE
RU-Fy2,2021,ENF,ICOS,76.7749,34.3824,62.6413,22.3752,14.133600000000001,14.133600000000001,41.021933216268586,TRUE,1,1,FALSE
RU-Fy2,2022,ENF,ICOS,-40.4644,12.8795,-38.3743,13.4725,-2.0900999999999996,2.0900999999999996,18.638395223301817,TRUE,-1,-1,FALSE
RU-Fy2,2024,ENF,ICOS,146.238,17.9662,156.861,17.6512,-10.62299999999999,10.62299999999999,25.18628999833044,TRUE,1,1,FALSE
RU-Fy4,2019,WET,ICOS,-121.772,23.3638,-120.099,17.322,-1.6730000000000018,1.6730000000000018,29.084683846313336,TRUE,-1,-1,FALSE
RU-Fy4,2020,WET,ICOS,-182.428,12.3475,-178.408,11.8318,-4.02000000000001,4.02000000000001,17.101235262108993,TRUE,-1,-1,FALSE
RU-Fyo,1999,ENF,ICOS,356.86,29.2361,338.821,29.7333,18.038999999999987,18.038999999999987,41.699144740629876,TRUE,1,1,FALSE
RU-Fyo,2000,ENF,ICOS,322.467,19.0313,318.19,17.2663,4.276999999999987,4.276999999999987,25.69660474420697,TRUE,1,1,FALSE
RU-Fyo,2001,ENF,ICOS,359.723,11.3055,360.812,8.06417,-1.0889999999999986,1.0889999999999986,13.88687034716246,TRUE,1,1,FALSE
RU-Fyo,2002,ENF,ICOS,34.2796,13.2323,50.2067,12.9837,-15.927099999999996,15.927099999999996,18.53834482848995,TRUE,1,1,FALSE
RU-Fyo,2003,ENF,ICOS,194.081,14.933,204.229,13.0828,-10.148000000000025,10.148000000000025,19.85331571400606,TRUE,1,1,FALSE
RU-Fyo,2004,ENF,ICOS,155.461,33.6914,157.333,17.5328,-1.8719999999999857,1.8719999999999857,37.98038322344839,TRUE,1,1,FALSE
RU-Fyo,2005,ENF,ICOS,93.3552,7.99263,83.428,8.01312,9.9272,9.9272,11.317783636883151,TRUE,1,1,FALSE
RU-Fyo,2006,ENF,ICOS,119.581,19.1985,135.327,16.2688,-15.745999999999995,15.745999999999995,25.164583360151227,TRUE,1,1,FALSE
RU-Fyo,2007,ENF,ICOS,-43.5756,16.4918,-43.1003,17.4518,-0.4753000000000043,0.4753000000000043,24.011347119226777,TRUE,-1,-1,FALSE
RU-Fyo,2008,ENF,ICOS,98.1095,12.557,107.233,12.5664,-9.123500000000007,9.123500000000007,17.764927749923444,TRUE,1,1,FALSE
RU-Fyo,2009,ENF,ICOS,52.5752,11.4969,51.2879,12.3208,1.2873000000000019,1.2873000000000019,16.851730541698085,TRUE,1,1,FALSE
RU-Fyo,2012,ENF,ICOS,32.6944,24.9133,32.6135,26.5215,0.08089999999999975,0.08089999999999975,36.38766932822161,TRUE,1,1,FALSE
RU-Fyo,2013,ENF,ICOS,121.477,24.7271,119.472,27.1875,2.0050000000000097,2.0050000000000097,36.750369122772085,TRUE,1,1,FALSE
RU-Fyo,2014,ENF,ICOS,-61.8835,26.5623,-66.4011,22.9528,4.517600000000002,4.517600000000002,35.105367241064435,TRUE,-1,-1,FALSE
RU-Fyo,2015,ENF,ICOS,-5.81141,14.6223,-16.1972,14.6617,10.385789999999998,10.385789999999998,20.70693372230664,TRUE,-1,-1,FALSE
RU-Fyo,2016,ENF,ICOS,49.7866,13.9251,49.9578,16.3896,-0.1711999999999989,0.1711999999999989,21.506450152686753,TRUE,1,1,FALSE
RU-Fyo,2017,ENF,ICOS,13.8466,11.427,-0.934078,14.7769,14.780678,14.780678,18.67975113886692,TRUE,1,-1,TRUE
RU-Fyo,2018,ENF,ICOS,-92.1456,15.5239,-100.765,10.8677,8.619399999999999,8.619399999999999,18.94989114744462,TRUE,-1,-1,FALSE
RU-Fyo,2019,ENF,ICOS,23.2865,10.7379,19.6667,10.2529,3.6198000000000015,3.6198000000000015,14.846698448476685,TRUE,1,1,FALSE
RU-Fyo,2020,ENF,ICOS,-89.0205,11.6464,-94.2408,17.438,5.220299999999995,5.220299999999995,20.96956072405905,TRUE,-1,-1,FALSE
RU-Fyo,2021,ENF,ICOS,-114.081,15.3346,-126.916,17.2757,12.834999999999994,12.834999999999994,23.099778519501005,TRUE,-1,-1,FALSE
RU-Fyo,2022,ENF,ICOS,-17.8614,9.91429,-25.7222,13.0591,7.860800000000001,7.860800000000001,16.39613488033384,TRUE,-1,-1,FALSE
RU-Fyo,2023,ENF,ICOS,49.7103,30.6909,22.0681,45.5749,27.642199999999995,27.642199999999995,54.94545343174447,TRUE,1,1,FALSE
RU-Fyo,2024,ENF,ICOS,97.6825,17.4985,66.574,27.8517,31.108500000000006,31.108500000000006,32.89247170919206,TRUE,1,1,FALSE
SD-Dem,2008,SAV,ICOS,-215.418,30.8867,-213.458,31.3411,-1.960000000000008,1.960000000000008,44.002872475555506,TRUE,-1,-1,FALSE
SD-Dem,2009,SAV,ICOS,-44.8153,15.0177,-44.8175,14.357,0.002200000000001978,0.002200000000001978,20.776302902345257,TRUE,-1,-1,FALSE
SE-Deg,2020,WET,ICOS,-18.8701,1.1891,-18.4394,1.08878,-0.43070000000000164,0.43070000000000164,1.612265703412437,TRUE,-1,-1,FALSE
SE-Deg,2021,WET,ICOS,-58.4473,1.50961,-59.1219,1.55126,0.6745999999999981,0.6745999999999981,2.164562297486492,TRUE,-1,-1,FALSE
SE-Deg,2022,WET,ICOS,-75.0257,0.915116,-74.9273,0.924598,-0.09839999999999804,0.09839999999999804,1.3008915231717055,TRUE,-1,-1,FALSE
SE-Deg,2023,WET,ICOS,-32.4137,1.06399,-32.6655,0.985268,0.2518000000000029,0.2518000000000029,1.450113013500672,TRUE,-1,-1,FALSE
SE-Deg,2024,WET,ICOS,-68.9902,1.79429,-69.1773,1.66698,0.18710000000000093,0.18710000000000093,2.4491424875862164,TRUE,-1,-1,FALSE
SE-HfM,2021,WET,ICOS,-15.3568,13.6617,-12.0379,13.4272,-3.3188999999999993,3.3188999999999993,19.155462581989504,TRUE,-1,-1,FALSE
SE-HfM,2022,WET,ICOS,-42.8015,11.0997,-39.0602,10.8055,-3.7412999999999954,3.7412999999999954,15.490712389686925,TRUE,-1,-1,FALSE
SE-HfM,2023,WET,ICOS,13.6653,18.1428,17.693,17.7359,-4.027700000000001,4.027700000000001,25.371703542529424,TRUE,1,1,FALSE
SE-Hmr,2021,WET,ICOS,-29.2098,7.07182,-28.6753,7.16614,-0.5345000000000013,0.5345000000000013,10.067978973557702,TRUE,-1,-1,FALSE
SE-Hmr,2022,WET,ICOS,-52.7536,10.9575,-51.5015,10.9424,-1.2520999999999987,1.2520999999999987,15.485571478314903,TRUE,-1,-1,FALSE
SE-Hmr,2023,WET,ICOS,-18.3157,21.8045,-13.9486,19.1515,-4.367099999999999,4.367099999999999,29.020960916206754,TRUE,-1,-1,FALSE
SE-Htm,2019,ENF,ICOS,-171.113,15.9765,-165.343,14.624,-5.77000000000001,5.77000000000001,21.658945686482525,TRUE,-1,-1,FALSE
SE-Htm,2020,ENF,ICOS,-253.904,13.8371,-252.625,22.3944,-1.2789999999999964,1.2789999999999964,26.324408592976976,TRUE,-1,-1,FALSE
SE-Htm,2021,ENF,ICOS,-283.357,12.6405,-277.112,13.8865,-6.2450000000000045,6.2450000000000045,18.77810220709217,TRUE,-1,-1,FALSE
SE-Htm,2022,ENF,ICOS,-134.214,21.4652,-147.318,21.7427,13.104000000000013,13.104000000000013,30.55322919643683,TRUE,-1,-1,FALSE
SE-Htm,2023,ENF,ICOS,127.926,17.1868,109.173,48.7067,18.753,18.753,51.650060204514766,TRUE,1,1,FALSE
SE-Htm,2024,ENF,ICOS,155.857,23.362,88.5673,65.2249,67.2897,67.2897,69.28254198577012,TRUE,1,1,FALSE
SE-Nor,2019,ENF,ICOS,269.017,59.0322,214.044,67.8991,54.972999999999985,54.972999999999985,89.9727092937075,TRUE,1,1,FALSE
SE-Nor,2020,ENF,ICOS,214.905,15.4886,201.35,24.3056,13.555000000000007,13.555000000000007,28.821154059475134,TRUE,1,1,FALSE
SE-Nor,2021,ENF,ICOS,165.107,26.7632,161.57,31.0396,3.537000000000006,3.537000000000006,40.98445610716336,TRUE,1,1,FALSE
SE-Nor,2022,ENF,ICOS,50.2285,8.88951,48.1728,10.5293,2.0556999999999945,2.0556999999999945,13.780041601174503,TRUE,1,1,FALSE
SE-Nor,2023,ENF,ICOS,667.558,34.5367,643.767,40.8024,23.79099999999994,23.79099999999994,53.45670671347048,TRUE,1,1,FALSE
SE-Nor,2024,ENF,ICOS,666.566,54.5736,603.059,55.3536,63.50700000000006,63.50700000000006,77.73222529890676,TRUE,1,1,FALSE
SE-Ros,2015,ENF,ICOS,-341.022,41.0293,-334.698,30.6976,-6.324000000000012,6.324000000000012,51.242034544405044,TRUE,-1,-1,FALSE
SE-Ros,2016,ENF,ICOS,-329.766,12.6555,-331.377,10.9333,1.61099999999999,1.61099999999999,16.72419591908681,TRUE,-1,-1,FALSE
SE-Ros,2017,ENF,ICOS,-212.277,12.3436,-211.159,16.9358,-1.117999999999995,1.117999999999995,20.956759830660847,TRUE,-1,-1,FALSE
SE-Ros,2018,ENF,ICOS,-239.009,6.65114,-241.601,7.3301,2.592000000000013,2.592000000000013,9.897880041180535,TRUE,-1,-1,FALSE
SE-Ros,2019,ENF,ICOS,-371.698,12.2416,-369.154,12.0895,-2.5439999999999827,2.5439999999999827,17.205021964821782,TRUE,-1,-1,FALSE
SE-Ros,2020,ENF,ICOS,-141.495,31.7647,-138.613,28.4382,-2.882000000000005,2.882000000000005,42.6348142405945,TRUE,-1,-1,FALSE
SE-Srj,2021,WET,ICOS,10.6979,5.55783,11.165,5.63289,-0.4670999999999985,0.4670999999999985,7.9132119939377334,TRUE,1,1,FALSE
SE-St1,2013,WET,ICOS,83.4415,45.5975,92.9406,8.06364,-9.499099999999999,9.499099999999999,46.30501372745288,TRUE,1,1,FALSE
SE-St1,2016,WET,ICOS,-167.213,8.6163,-171.574,13.1076,4.361000000000018,4.361000000000018,15.685974737006305,TRUE,-1,-1,FALSE
SE-St1,2017,WET,ICOS,-118.855,12.5355,-132.034,15.2787,13.178999999999988,13.178999999999988,19.763032002706467,TRUE,-1,-1,FALSE
SE-St1,2018,WET,ICOS,-182.366,6.80966,-174.181,9.4726,-8.185000000000002,8.185000000000002,11.666259900910832,TRUE,-1,-1,FALSE
SE-Sto,2023,WET,ICOS,-35.1755,1.10477,-35.1954,1.11848,0.019899999999999807,0.019899999999999807,1.5721050420693903,TRUE,-1,-1,FALSE
SE-Sto,2024,WET,ICOS,-47.8968,1.29331,-48.0379,1.28084,0.14110000000000156,0.14110000000000156,1.8202202783454533,TRUE,-1,-1,FALSE
SE-Trb,2021,WET,ICOS,100.048,27.7362,100.829,28.5885,-0.7809999999999917,0.7809999999999917,39.83213680798458,TRUE,1,1,FALSE
SE-Trb,2022,WET,ICOS,88.8162,34.2859,84.1953,34.2731,4.620899999999992,4.620899999999992,48.47853465627854,TRUE,1,1,FALSE
SN-Dhr,2012,GRA,ICOS,-217.208,14.0717,-215.722,7.73847,-1.48599999999999,1.48599999999999,16.059161211934452,TRUE,-1,-1,FALSE
SN-Dhr,2017,GRA,ICOS,-144.353,5.6911,-144.477,5.53208,0.12399999999999523,0.12399999999999523,7.93678324867197,TRUE,-1,-1,FALSE
SN-Dhr,2022,GRA,ICOS,-89.4017,5.63929,-88.8487,5.74091,-0.5530000000000115,0.5530000000000115,8.047337406384798,TRUE,-1,-1,FALSE
SN-Nkr,2019,CRO,ICOS,-264.765,12.4407,-285.582,12.6956,20.817000000000007,20.817000000000007,17.77496204918593,FALSE,-1,-1,FALSE
SN-Nkr,2020,CRO,ICOS,-295.527,6.71883,-296.512,6.04593,0.9850000000000136,0.9850000000000136,9.03858098009859,TRUE,-1,-1,FALSE
SN-Nkr,2021,CRO,ICOS,-265.954,19.6614,-289.394,26.6844,23.439999999999998,23.439999999999998,33.145555559079106,TRUE,-1,-1,FALSE
SN-Nkr,2022,CRO,ICOS,-336.194,9.46013,-339.249,11.9275,3.055000000000007,3.055000000000007,15.223643317777121,TRUE,-1,-1,FALSE
SN-Nkr,2023,CRO,ICOS,-341.408,19.7809,-353.271,23.2697,11.863,11.863,30.541168001567982,TRUE,-1,-1,FALSE
SN-Nkr,2024,CRO,ICOS,-305.924,7.11181,-306.022,9.19207,0.09800000000001319,0.09800000000001319,11.622047683648523,TRUE,-1,-1,FALSE
TH-Mae,2006,DBF,ICOS,-705.803,41.8035,-674.381,39.3173,-31.422000000000025,31.422000000000025,57.38800128546036,TRUE,-1,-1,FALSE
TH-Mae,2008,DBF,ICOS,-372.582,19.495,-380.158,16.6385,7.576000000000022,7.576000000000022,25.629957222945183,TRUE,-1,-1,FALSE
TH-Mae,2010,DBF,ICOS,-415.968,14.5734,-417.787,24.7639,1.81899999999996,1.81899999999996,28.733860352726712,TRUE,-1,-1,FALSE
TH-Mae,2011,DBF,ICOS,-884.846,17.679,-900.871,22.7499,16.024999999999977,16.024999999999977,28.811542669735683,TRUE,-1,-1,FALSE
TH-Mae,2012,DBF,ICOS,-742.531,29.3759,-778.713,36.1442,36.182000000000016,36.182000000000016,46.57624603217825,TRUE,-1,-1,FALSE
TH-Mae,2014,DBF,ICOS,-1231.09,36.9538,-1232.86,36.451,1.7699999999999818,1.7699999999999818,51.90624948346779,TRUE,-1,-1,FALSE
TH-Mae,2015,DBF,ICOS,-959.591,27.2222,-969.164,34.9025,9.572999999999979,9.572999999999979,44.26322038769886,TRUE,-1,-1,FALSE
UK-AMo,2003,WET,ICOS,62.5005,NA,60.1884,NA,2.312100000000001,2.312100000000001,NA,NA,1,1,FALSE
UK-AMo,2004,WET,ICOS,-3.66419,NA,-3.03877,NA,-0.6254200000000001,0.6254200000000001,NA,NA,-1,-1,FALSE
UK-AMo,2005,WET,ICOS,20.5002,NA,18.7301,NA,1.7700999999999993,1.7700999999999993,NA,NA,1,1,FALSE
UK-AMo,2006,WET,ICOS,-51.717,7.26219,-48.4302,10.0926,-3.2867999999999995,3.2867999999999995,12.433823963531895,TRUE,-1,-1,FALSE
UK-AMo,2007,WET,ICOS,-130.735,2.91165,-130.22,3.02022,-0.5150000000000148,0.5150000000000148,4.1951680027026335,TRUE,-1,-1,FALSE
UK-AMo,2008,WET,ICOS,-18.6811,4.46295,-16.7351,4.5312,-1.9460000000000015,1.9460000000000015,6.36000755836815,TRUE,-1,-1,FALSE
UK-AMo,2009,WET,ICOS,-35.1073,10.507,-38.748,7.8215,3.6406999999999954,3.6406999999999954,13.098584322360947,TRUE,-1,-1,FALSE
UK-AMo,2010,WET,ICOS,-40.3929,8.78647,-41.7256,9.62233,1.3327000000000027,1.3327000000000027,13.030398677316056,TRUE,-1,-1,FALSE
UK-AMo,2011,WET,ICOS,76.8972,8.69149,75.5623,5.468,1.3349000000000046,1.3349000000000046,10.268447907064632,TRUE,1,1,FALSE
UK-AMo,2012,WET,ICOS,-17.6774,7.36955,-16.1459,7.5281,-1.5314999999999976,1.5314999999999976,10.534825903283831,TRUE,-1,-1,FALSE
UK-AMo,2013,WET,ICOS,30.7702,6.45042,29.2494,6.24697,1.5207999999999977,1.5207999999999977,8.97956303821628,TRUE,1,1,FALSE
UK-AMo,2014,WET,ICOS,77.8217,4.92997,76.0921,4.96101,1.729600000000005,1.729600000000005,6.994013470175761,TRUE,1,1,FALSE
UK-AMo,2015,WET,ICOS,-72.4085,3.38606,-74.4616,4.03165,2.0531000000000006,2.0531000000000006,5.264941029688747,TRUE,-1,-1,FALSE
UK-AMo,2016,WET,ICOS,-23.6194,5.17464,-20.1007,6.37026,-3.518699999999999,3.518699999999999,8.20713784441324,TRUE,-1,-1,FALSE
UK-AMo,2017,WET,ICOS,-57.9589,8.37904,-59.4823,7.44458,1.5234000000000023,1.5234000000000023,11.208482622460544,TRUE,-1,-1,FALSE
UK-AMo,2018,WET,ICOS,-22.7609,6.94925,-22.3951,4.20681,-0.3658000000000001,0.3658000000000001,8.123381435005992,TRUE,-1,-1,FALSE
UK-AMo,2019,WET,ICOS,-126.068,14.0039,-129.845,14.7204,3.777000000000001,3.777000000000001,20.31746518072567,TRUE,-1,-1,FALSE
UK-AMo,2020,WET,ICOS,-17.0861,8.04857,-17.9171,7.67602,0.8310000000000031,0.8310000000000031,11.122084430775555,TRUE,-1,-1,FALSE
UK-AMo,2021,WET,ICOS,13.0262,3.38467,14.6163,3.55526,-1.5901000000000014,1.5901000000000014,4.908753882249547,TRUE,1,1,FALSE
UK-AMo,2023,WET,ICOS,13.3885,7.7126,6.93731,7.24463,6.45119,6.45119,10.581534037978615,TRUE,1,1,FALSE
UK-AMo,2024,WET,ICOS,12.6654,6.84887,10.7159,6.3469,1.9495000000000005,1.9495000000000005,9.33756712890997,TRUE,1,1,FALSE
UK-BnB,2022,GRA,ICOS,-100.628,3.08747,-102.097,2.86764,1.468999999999994,1.468999999999994,4.213766743722297,TRUE,-1,-1,FALSE
UK-BnB,2023,GRA,ICOS,-134.09,3.27542,-133.488,3.53543,-0.6020000000000039,0.6020000000000039,4.8195063503744855,TRUE,-1,-1,FALSE
UK-BnB,2024,GRA,ICOS,-140.175,4.64769,-137.94,4.47491,-2.2350000000000136,2.2350000000000136,6.451809191552397,TRUE,-1,-1,FALSE
UK-CCr,2023,GRA,ICOS,-69.754,6.98738,-69.8436,6.96046,0.08959999999999013,0.08959999999999013,9.86263061642278,TRUE,-1,-1,FALSE
UK-CCr,2024,GRA,ICOS,-136.841,2.15414,-137.584,2.33908,0.742999999999995,0.742999999999995,3.1798764733869773,TRUE,-1,-1,FALSE
UK-GaB,2023,GRA,ICOS,-60.1609,6.94453,-60.0874,6.93603,-0.07349999999999568,0.07349999999999568,9.815039942954893,TRUE,-1,-1,FALSE
UK-GaB,2024,GRA,ICOS,-94.8222,2.84436,-94.1088,2.77801,-0.7133999999999929,0.7133999999999929,3.975892776433992,TRUE,-1,-1,FALSE
UK-Gnn,2023,GRA,ICOS,-40.9845,20.3182,-40.9913,20.3256,0.006800000000005468,0.006800000000005468,28.739507069537574,TRUE,-1,-1,FALSE
UK-Gnn,2024,GRA,ICOS,-148.679,15.262,-146.167,15.5562,-2.5120000000000005,2.5120000000000005,21.792751144359908,TRUE,-1,-1,FALSE
UK-Gwr,2023,GRA,ICOS,-137.611,8.57188,-139.272,8.55912,1.6610000000000014,1.6610000000000014,12.113449628772145,TRUE,-1,-1,FALSE
UK-Gwr,2024,GRA,ICOS,-142.94,6.99182,-141.385,5.53686,-1.5550000000000068,1.5550000000000068,8.918652676946222,TRUE,-1,-1,FALSE
US-A03,2017,BSV,AmeriFlux,806.319,223.497,1266.98,158.076,-460.66100000000006,460.66100000000006,273.7497594245518,FALSE,1,1,FALSE
US-A03,2018,BSV,AmeriFlux,-207.287,17.684,-209.527,14.0401,2.2399999999999807,2.2399999999999807,22.579819840069586,TRUE,-1,-1,FALSE
US-A03,2019,BSV,AmeriFlux,-53.6137,29.95,-35.1104,35.3428,-18.503300000000003,18.503300000000003,46.3261914238587,TRUE,-1,-1,FALSE
US-A03,2020,BSV,AmeriFlux,-101.306,26.7455,-62.9341,33.1734,-38.3719,38.3719,42.61216067990451,TRUE,-1,-1,FALSE
US-A32,2016,GRA,AmeriFlux,-321.108,7.92485,-321.105,7.92716,-0.002999999999985903,0.002999999999985903,11.209063885450025,TRUE,-1,-1,FALSE
US-ABa,2014,GRA,AmeriFlux,-396.676,21.787,-396.676,21.7861,0,0,30.810834493891917,TRUE,-1,-1,FALSE
US-ABa,2015,GRA,AmeriFlux,-335.544,17.6218,-339.619,17.8253,4.0750000000000455,4.0750000000000455,25.065297830466726,TRUE,-1,-1,FALSE
US-ABb,2014,GRA,AmeriFlux,-200.966,24.3442,-193.712,24.2414,-7.254000000000019,7.254000000000019,34.35528412922822,TRUE,-1,-1,FALSE
US-ABb,2015,GRA,AmeriFlux,-81.4193,12.5993,-81.572,11.7329,0.15269999999999584,0.15269999999999584,17.21636729684866,TRUE,-1,-1,FALSE
US-ABc,2014,GRA,AmeriFlux,-300.578,39.7792,-300.59,39.751,0.012000000000000455,0.012000000000000455,56.236347264380534,TRUE,-1,-1,FALSE
US-ABd,2014,GRA,AmeriFlux,-233.785,15.4471,-236.244,15.4101,2.459000000000003,2.459000000000003,21.819351054052913,TRUE,-1,-1,FALSE
US-ABe,2014,WET,AmeriFlux,-87.5632,28.9064,-87.2908,29.0895,-0.2723999999999904,0.2723999999999904,41.009498548628954,TRUE,-1,-1,FALSE
US-ABe,2015,WET,AmeriFlux,-350.939,40.1426,-368.805,56.2114,17.865999999999985,17.865999999999985,69.07351029678453,TRUE,-1,-1,FALSE
US-ADR,2012,BSV,AmeriFlux,-7.98931,3.21194,-8.08475,3.22515,0.09543999999999997,0.09543999999999997,4.551719574633306,TRUE,-1,-1,FALSE
US-AR1,2010,GRA,AmeriFlux,-100.941,24.7333,-97.512200000000007,23.0375,-3.4287999999999954,3.4287999999999954,33.800333358415266,TRUE,-1,-1,FALSE
US-AR1,2011,GRA,AmeriFlux,190.771,23.6719,172.437,23.5793,18.333999999999975,18.333999999999975,33.41170809910801,TRUE,1,1,FALSE
US-AR2,2010,GRA,AmeriFlux,-109.853,7.14588,-108.123,7.84539,-1.7299999999999898,1.7299999999999898,10.611962364544082,TRUE,-1,-1,FALSE
US-AR2,2011,GRA,AmeriFlux,21.5943,15.9216,21.3876,12.2871,0.20670000000000144,0.20670000000000144,20.11144383106295,TRUE,1,1,FALSE
US-ARM,2003,CRO,AmeriFlux,-256.561,15.7378,-249.622,13.0676,-6.9389999999999645,6.9389999999999645,20.455818697866874,TRUE,-1,-1,FALSE
US-ARM,2004,CRO,AmeriFlux,-108.481,10.0534,-99.8087,8.94533,-8.672299999999993,8.672299999999993,13.456960294542746,TRUE,-1,-1,FALSE
US-ARM,2005,CRO,AmeriFlux,-216.067,18.8715,-185.923,16.7077,-30.144000000000005,30.144000000000005,25.204776363618066,FALSE,-1,-1,FALSE
US-ARM,2006,CRO,AmeriFlux,-47.7831,13.9162,-36.3419,9.02651,-11.441199999999995,11.441199999999995,16.587299515596264,TRUE,-1,-1,FALSE
US-ARM,2007,CRO,AmeriFlux,-241.983,8.64473,-235.031,11.6122,-6.951999999999998,6.951999999999998,14.476689732563171,TRUE,-1,-1,FALSE
US-ARM,2008,CRO,AmeriFlux,-86.2517,12.6532,-80.5288,11.6818,-5.722899999999996,5.722899999999996,17.22114750764304,TRUE,-1,-1,FALSE
US-ARM,2009,CRO,AmeriFlux,0.597446,23.061,-10.6034,9.53007,11.200846,11.200846,24.952594157820545,TRUE,1,-1,TRUE
US-ARM,2010,CRO,AmeriFlux,-43.1168,13.8642,-56.868,8.98202,13.751200000000004,13.751200000000004,16.51946503130171,TRUE,-1,-1,FALSE
US-ARM,2011,CRO,AmeriFlux,-13.0317,14.4515,-15.7651,14.1478,2.7333999999999996,2.7333999999999996,20.223899156443597,TRUE,-1,-1,FALSE
US-ARM,2012,CRO,AmeriFlux,-203.868,22.773,-203.126,17.4431,-0.7419999999999902,0.7419999999999902,28.685732805874075,TRUE,-1,-1,FALSE
US-ARM,2013,CRO,AmeriFlux,-165.082,8.47935,-160.171,8.54307,-4.911000000000001,4.911000000000001,12.036752944519547,TRUE,-1,-1,FALSE
US-ARM,2014,CRO,AmeriFlux,-114.452,15.6328,-114.224,8.1624,-0.22799999999999443,0.22799999999999443,17.635453200867847,TRUE,-1,-1,FALSE
US-ARM,2016,CRO,AmeriFlux,-406.597,9.27555,-406.396,11.2989,-0.20099999999996498,0.20099999999996498,14.618514596651057,TRUE,-1,-1,FALSE
US-ARM,2017,CRO,AmeriFlux,-411.507,8.70524,-409.086,9.90267,-2.4209999999999923,2.4209999999999923,13.184994371879725,TRUE,-1,-1,FALSE
US-ARM,2018,CRO,AmeriFlux,-150.097,6.05082,-149.642,13.9653,-0.4550000000000125,0.4550000000000125,15.219790628073698,TRUE,-1,-1,FALSE
US-ARM,2019,CRO,AmeriFlux,-263.907,7.12455,-261.811,22.948,-2.0960000000000036,2.0960000000000036,24.02852298212481,TRUE,-1,-1,FALSE
US-ARM,2020,CRO,AmeriFlux,-203.599,8.39202,-208.662,14.5676,5.063000000000017,5.063000000000017,16.81192937887856,TRUE,-1,-1,FALSE
US-ARM,2021,CRO,AmeriFlux,-183.68,8.18674,-172.375,9.00271,-11.305000000000007,11.305000000000007,12.168463303626304,TRUE,-1,-1,FALSE
US-ARM,2022,CRO,AmeriFlux,-147.786,7.77023,-137.201,12.9813,-10.585000000000008,10.585000000000008,15.129131632149281,TRUE,-1,-1,FALSE
US-ARM,2023,CRO,AmeriFlux,-314.998,9.44594,-301.55,17.7195,-13.447999999999979,13.447999999999979,20.080001562091574,TRUE,-1,-1,FALSE
US-ARM,2024,CRO,AmeriFlux,-185.295,7.37607,-195.62,12.4172,10.325000000000017,10.325000000000017,14.442758202119844,TRUE,-1,-1,FALSE
US-ARM,2025,CRO,AmeriFlux,-308.059,8.05416,-300.455,12.0192,-7.604000000000042,7.604000000000042,14.468263957558971,TRUE,-1,-1,FALSE
US-Aud,2003,GRA,AmeriFlux,694.378,32.6771,679.301,15.0252,15.076999999999998,15.076999999999998,35.96594916653807,TRUE,1,1,FALSE
US-Aud,2004,GRA,AmeriFlux,347.167,15.9757,331.252,8.97808,15.914999999999964,15.914999999999964,18.325635349869867,TRUE,1,1,FALSE
US-Aud,2005,GRA,AmeriFlux,62.1953,41.5794,57.5027,39.9019,4.692600000000006,4.692600000000006,57.62818865772201,TRUE,1,1,FALSE
US-Aud,2006,GRA,AmeriFlux,-56.1795,26.0249,-33.9836,31.9156,-22.195899999999995,22.195899999999995,41.18131789258328,TRUE,-1,-1,FALSE
US-Aud,2007,GRA,AmeriFlux,137.931,18.4721,193.374,37.374,-55.442999999999984,55.442999999999984,41.68973919815282,FALSE,1,1,FALSE
US-Aud,2008,GRA,AmeriFlux,159.331,4.63969,173.636,7.53223,-14.305000000000007,14.305000000000007,8.8465367273866,FALSE,1,1,FALSE
US-Aud,2009,GRA,AmeriFlux,350.279,3.05517,362.119,5.46403,-11.840000000000032,11.840000000000032,6.2601667365813825,FALSE,1,1,FALSE
US-Aud,2012,GRA,AmeriFlux,194.714,55.1951,194.688,26.8413,0.02600000000001046,0.02600000000001046,61.375519954620344,TRUE,1,1,FALSE
US-Aud,2013,GRA,AmeriFlux,213.951,5.96011,213.974,4.83735,-0.022999999999996135,0.022999999999996135,7.676123125289224,TRUE,1,1,FALSE
US-Aud,2016,GRA,AmeriFlux,77.8222,11.6465,69.8402,22.2052,7.981999999999999,7.981999999999999,25.074127488110133,TRUE,1,1,FALSE
US-Aud,2017,GRA,AmeriFlux,49.9699,6.40868,42.6523,15.8516,7.317600000000006,7.317600000000006,17.098081819385474,TRUE,1,1,FALSE
US-Aud,2018,GRA,AmeriFlux,74.8937,12.7903,54.7455,23.7576,20.148199999999996,20.148199999999996,26.98175924305159,TRUE,1,1,FALSE
US-Aud,2019,GRA,AmeriFlux,-45.1592,4.12461,-47.4882,14.2738,2.3290000000000006,2.3290000000000006,14.857784965872268,TRUE,-1,-1,FALSE
US-Aud,2020,GRA,AmeriFlux,0.0529538,2.65773,-3.87541,15.4469,3.9283638,3.9283638,15.673871518004095,TRUE,1,-1,TRUE
US-Aud,2021,GRA,AmeriFlux,-69.8291,6.73527,-81.4564,19.8653,11.627300000000005,11.627300000000005,20.97603408804677,TRUE,-1,-1,FALSE
US-Aud,2022,GRA,AmeriFlux,-41.6978,3.85716,-44.872,8.40165,3.174199999999999,3.174199999999999,9.244750185272721,TRUE,-1,-1,FALSE
US-Aud,2024,GRA,AmeriFlux,93.0237,7.45679,87.0108,13.1475,6.012900000000002,6.012900000000002,15.11490897604415,TRUE,1,1,FALSE
US-BRG,2018,GRA,AmeriFlux,-129.52,62.4243,-79.0157,69.7389,-50.504300000000015,50.504300000000015,93.59651384373245,TRUE,-1,-1,FALSE
US-BRG,2019,GRA,AmeriFlux,-14.7556,88.5168,-183.895,89.6721,169.13940000000002,169.13940000000002,126.00122777437528,FALSE,-1,-1,FALSE
US-BZB,2014,WET,AmeriFlux,23.5919,7.1188,-0.221605,14.7615,23.813505,23.813505,16.388386000152668,FALSE,1,-1,TRUE
US-BZB,2015,WET,AmeriFlux,21.73,9.40574,13.9746,10.2635,7.7554,7.7554,13.92147180428851,TRUE,1,1,FALSE
US-BZB,2016,WET,AmeriFlux,13.4016,11.1877,11.629,11.5936,1.7726000000000006,1.7726000000000006,16.11136841643192,TRUE,1,1,FALSE
US-BZB,2017,WET,AmeriFlux,-27.3049,14.684,-23.9844,13.9019,-3.320499999999999,3.320499999999999,20.22084764815758,TRUE,-1,-1,FALSE
US-BZB,2018,WET,AmeriFlux,-3.51163,6.43798,-11.3466,5.93023,7.83497,7.83497,8.753011729302091,TRUE,-1,-1,FALSE
US-BZB,2019,WET,AmeriFlux,-33.1554,13.9727,-0.645047,16.6717,-32.510353,32.510353,21.752745256173988,FALSE,-1,-1,FALSE
US-BZB,2020,WET,AmeriFlux,-48.4832,12.9972,-43.8985,8.34269,-4.584699999999998,4.584699999999998,15.444341497004656,TRUE,-1,-1,FALSE
US-BZB,2021,WET,AmeriFlux,12.0486,9.83654,-0.282355,9.5194,12.330955000000001,12.330955000000001,13.688553449199809,TRUE,1,-1,TRUE
US-BZB,2022,WET,AmeriFlux,47.7594,29.0701,56.6026,32.2784,-8.843200000000003,8.843200000000003,43.43921984301743,TRUE,1,1,FALSE
US-BZB,2023,WET,AmeriFlux,40.2469,6.08122,37.4217,28.2841,2.8251999999999953,2.8251999999999953,28.930460582202972,TRUE,1,1,FALSE
US-BZB,2024,WET,AmeriFlux,41.0584,8.51225,34.3095,20.1124,6.748899999999999,6.748899999999999,21.839574946012572,TRUE,1,1,FALSE
US-BZF,2014,WET,AmeriFlux,135.516,27.1053,141.372,25.947,-5.856000000000023,5.856000000000023,37.52258116241472,TRUE,1,1,FALSE
US-BZF,2015,WET,AmeriFlux,6.7158,10.1465,-1.48094,9.38708,8.19674,8.19674,13.822761416460894,TRUE,1,-1,TRUE
US-BZF,2016,WET,AmeriFlux,48.3316,11.2735,48.1136,21.202,0.21800000000000352,0.21800000000000352,24.01284252748933,TRUE,1,1,FALSE
US-BZF,2017,WET,AmeriFlux,-10.7314,11.6298,-12.7769,6.92922,2.0454999999999988,2.0454999999999988,13.537589809430628,TRUE,-1,-1,FALSE
US-BZF,2018,WET,AmeriFlux,78.4333,18.9546,74.9679,17.2367,3.4654000000000025,3.4654000000000025,25.61992755746979,TRUE,1,1,FALSE
US-BZF,2019,WET,AmeriFlux,64.7257,19.7953,42.4732,18.2799,22.252500000000005,22.252500000000005,26.9445476135711,TRUE,1,1,FALSE
US-BZF,2020,WET,AmeriFlux,-115.816,16.3261,-116.556,15.8713,0.7399999999999949,0.7399999999999949,22.7692710665054,TRUE,-1,-1,FALSE
US-BZF,2021,WET,AmeriFlux,37.539,5.17863,37.0806,6.26147,0.4584000000000046,0.4584000000000046,8.125528612822677,TRUE,1,1,FALSE
US-BZF,2022,WET,AmeriFlux,205.741,8.59794,213.219,12.0263,-7.47799999999998,7.47799999999998,14.783655296766089,TRUE,1,1,FALSE
US-BZF,2023,WET,AmeriFlux,106.448,6.69805,107.547,11.8533,-1.0990000000000038,1.0990000000000038,13.614866679204024,TRUE,1,1,FALSE
US-BZF,2024,WET,AmeriFlux,116.601,10.6152,130.327,17.5428,-13.725999999999999,13.725999999999999,20.50444592960268,TRUE,1,1,FALSE
US-BZo,2019,WET,AmeriFlux,-69.012,14.7546,-49.0373,18.7383,-19.9747,19.9747,23.84999178301745,TRUE,-1,-1,FALSE
US-BZo,2020,WET,AmeriFlux,-27.5768,7.51079,-32.3794,8.82469,4.802599999999998,4.802599999999998,11.588231962650731,TRUE,-1,-1,FALSE
US-BZo,2021,WET,AmeriFlux,6.74379,14.7238,19.6471,15.3985,-12.903309999999998,12.903309999999998,21.30502496337425,TRUE,1,1,FALSE
US-BZo,2022,WET,AmeriFlux,-38.1685,10.6307,-44.8326,11.5899,6.664099999999998,6.664099999999998,15.726969336143565,TRUE,-1,-1,FALSE
US-BZo,2023,WET,AmeriFlux,-68.2995,16.2292,-67.3207,14.5636,-0.9787999999999926,0.9787999999999926,21.805627200335234,TRUE,-1,-1,FALSE
US-BZo,2024,WET,AmeriFlux,-50.7153,18.9011,-49.233,19.085,-1.4823000000000022,1.4823000000000022,26.86054366929307,TRUE,-1,-1,FALSE
US-Bar,2005,DBF,AmeriFlux,-120.569,93.1208,-117.709,69.1772,-2.8599999999999994,2.8599999999999994,116.00417403042013,TRUE,-1,-1,FALSE
US-Bar,2006,DBF,AmeriFlux,-188.408,46.3513,-233.809,36.6736,45.40100000000001,45.40100000000001,59.104957056494,TRUE,-1,-1,FALSE
US-Bar,2007,DBF,AmeriFlux,-403.616,74.8734,-396.152,62.7358,-7.463999999999999,7.463999999999999,97.68217150125196,TRUE,-1,-1,FALSE
US-Bar,2008,DBF,AmeriFlux,-380.17,35.3378,-378.029,84.5268,-2.1410000000000196,2.1410000000000196,91.61626507929692,TRUE,-1,-1,FALSE
US-Bar,2009,DBF,AmeriFlux,-266.587,60.8046,-263.21,63.7624,-3.3770000000000095,3.3770000000000095,88.10699765012993,TRUE,-1,-1,FALSE
US-Bar,2010,DBF,AmeriFlux,-280.255,90.0633,-261.683,94.9026,-18.572000000000003,18.572000000000003,130.8353984732343,TRUE,-1,-1,FALSE
US-Bar,2011,DBF,AmeriFlux,-299.332,64.7233,-273.954,83.5842,-25.377999999999986,25.377999999999986,105.71387823994539,TRUE,-1,-1,FALSE
US-Bar,2012,DBF,AmeriFlux,-247.191,62.7481,-335.022,69.3028,87.83099999999999,87.83099999999999,93.48904824336378,TRUE,-1,-1,FALSE
US-Bar,2013,DBF,AmeriFlux,-205.99,30.761,-233.914,42.9606,27.923999999999978,27.923999999999978,52.83798135205394,TRUE,-1,-1,FALSE
US-Bar,2014,DBF,AmeriFlux,-203.927,34.0729,-252.008,41.7303,48.08100000000002,48.08100000000002,53.87374548423378,TRUE,-1,-1,FALSE
US-Bar,2015,DBF,AmeriFlux,-102.478,74.4982,-163.253,61.9058,60.77499999999999,60.77499999999999,96.86232434171708,TRUE,-1,-1,FALSE
US-Bar,2016,DBF,AmeriFlux,-220.192,42.3871,-264.474,22.928,44.28199999999998,44.28199999999998,48.19086459496239,TRUE,-1,-1,FALSE
US-Bar,2017,DBF,AmeriFlux,-56.9066,39.423,-83.7793,58.9792,26.87270000000001,26.87270000000001,70.94165885881158,TRUE,-1,-1,FALSE
US-Bar,2019,DBF,AmeriFlux,-178.691,24.8719,-196.077,66.9511,17.385999999999996,17.385999999999996,71.42171379083534,TRUE,-1,-1,FALSE
US-Bar,2020,DBF,AmeriFlux,-123.064,91.8824,-60.9994,57.0824,-62.06459999999999,62.06459999999999,108.17012443147138,TRUE,-1,-1,FALSE
US-Bi1,2017,CRO,AmeriFlux,-1.44364,49.865,35.6153,46.9634,-37.05894,37.05894,68.49875301463524,TRUE,-1,1,TRUE
US-Bi1,2018,CRO,AmeriFlux,-78.7629,34.9054,-95.2232,36.8661,16.460300000000004,16.460300000000004,50.769048428840975,TRUE,-1,-1,FALSE
US-Bi1,2019,CRO,AmeriFlux,-295.372,17.8977,-297.624,19.6104,2.2520000000000095,2.2520000000000095,26.549867296278524,TRUE,-1,-1,FALSE
US-Bi1,2020,CRO,AmeriFlux,-233.469,41.0522,-231.694,34.2839,-1.7750000000000057,1.7750000000000057,53.48522154810617,TRUE,-1,-1,FALSE
US-Bi1,2021,CRO,AmeriFlux,-170.249,90.197,-176.957,87.2475,6.707999999999998,6.707999999999998,125.48954165686479,TRUE,-1,-1,FALSE
US-Bi1,2022,CRO,AmeriFlux,307.553,73.8349,300.7,55.4409,6.853000000000009,6.853000000000009,92.33247451909864,TRUE,1,1,FALSE
US-Bi1,2023,CRO,AmeriFlux,-5.1889,17.9295,-12.9303,18.5547,7.7414000000000005,7.7414000000000005,25.802012757535024,TRUE,-1,-1,FALSE
US-Bi1,2024,CRO,AmeriFlux,385.637,14.2344,410.703,18.1605,-25.065999999999974,25.065999999999974,23.07426929742305,FALSE,1,1,FALSE
US-Bi2,2018,CRO,AmeriFlux,1214.34,44.2431,1193.33,56.2559,21.00999999999999,21.00999999999999,71.56939417390647,TRUE,1,1,FALSE
US-Bi2,2019,CRO,AmeriFlux,1694.61,169.912,1668.11,175.387,26.5,26.5,244.193954701995,TRUE,1,1,FALSE
US-Bi2,2020,CRO,AmeriFlux,1067.34,67.515,1117.04,89.7073,-49.700000000000045,49.700000000000045,112.27499676370515,TRUE,1,1,FALSE
US-Bi2,2021,CRO,AmeriFlux,992.347,36.0017,1011.21,40.7832,-18.863000000000056,18.863000000000056,54.40029232577707,TRUE,1,1,FALSE
US-Bi2,2022,CRO,AmeriFlux,1677.81,58.026,1700.85,67.721,-23.039999999999964,23.039999999999964,89.18043797268547,TRUE,1,1,FALSE
US-Bi2,2023,CRO,AmeriFlux,2267.34,152.447,2243.73,136.175,23.610000000000127,23.610000000000127,204.41066125327222,TRUE,1,1,FALSE
US-Bi2,2024,CRO,AmeriFlux,2316.51,254.712,2300.03,105.152,16.480000000000018,16.480000000000018,275.56332493276386,TRUE,1,1,FALSE
US-CF1,2018,CRO,AmeriFlux,-88.8852,9.26029,-85.3867,9.47991,-3.498499999999993,3.498499999999993,13.252232434280648,TRUE,-1,-1,FALSE
US-CF1,2019,CRO,AmeriFlux,-331.603,15.3213,-329.487,14.4356,-2.1159999999999854,2.1159999999999854,21.05062424371306,TRUE,-1,-1,FALSE
US-CF1,2020,CRO,AmeriFlux,-205.988,7.78267,-206.585,12.7653,0.5970000000000084,0.5970000000000084,14.950680132318396,TRUE,-1,-1,FALSE
US-CF2,2018,CRO,AmeriFlux,-80.1764,10.1167,-72.5267,9.99061,-7.649699999999996,7.649699999999996,14.218294801490789,TRUE,-1,-1,FALSE
US-CF2,2019,CRO,AmeriFlux,-210.489,9.94199,-209.12,9.94673,-1.3689999999999998,1.3689999999999998,14.063449180517559,TRUE,-1,-1,FALSE
US-CF2,2020,CRO,AmeriFlux,-150.764,5.80543,-157.09,5.4989,6.325999999999993,6.325999999999993,7.996306565840257,TRUE,-1,-1,FALSE
US-CF3,2020,CRO,AmeriFlux,-220.684,8.15788,-215.675,8.29433,-5.008999999999986,5.008999999999986,11.63386935818432,TRUE,-1,-1,FALSE
US-CF4,2019,CRO,AmeriFlux,-370.089,7.24103,-369.079,8.11208,-1.009999999999991,1.009999999999991,10.873746244386064,TRUE,-1,-1,FALSE
US-CGG,2020,GRA,AmeriFlux,-53.2483,12.267,-70.8375,18.673,17.589200000000005,17.589200000000005,22.341893787232987,TRUE,-1,-1,FALSE
US-CGG,2021,GRA,AmeriFlux,-148.986,33.4762,-139.745,34.1097,-9.240999999999985,9.240999999999985,47.792547541745456,TRUE,-1,-1,FALSE
US-CGG,2022,GRA,AmeriFlux,192.104,79.0355,163.272,100.258,28.832000000000022,28.832000000000022,127.66470469260483,TRUE,1,1,FALSE
US-CMW,2003,DBF,AmeriFlux,-209.78,121.544,-183.811,119.334,-25.968999999999994,25.968999999999994,170.3336358209969,TRUE,-1,-1,FALSE
US-CMW,2004,DBF,AmeriFlux,-356.402,124.199,-345.907,118.176,-10.495000000000005,10.495000000000005,171.43791464259007,TRUE,-1,-1,FALSE
US-CMW,2005,DBF,AmeriFlux,-234.634,138.886,-278.147,135.547,43.513000000000005,43.513000000000005,194.06779795988822,TRUE,-1,-1,FALSE
US-CMW,2006,DBF,AmeriFlux,-287.339,93.9032,-311.862,93.9025,24.523000000000025,24.523000000000025,132.79868401640883,TRUE,-1,-1,FALSE
US-CMW,2007,DBF,AmeriFlux,-273.878,108.042,-304.526,117.394,30.648000000000025,30.648000000000025,159.54442954863703,TRUE,-1,-1,FALSE
US-CMW,2008,DBF,AmeriFlux,-194.05,129.067,-199.153,124.928,5.10299999999998,5.10299999999998,179.62543158751214,TRUE,-1,-1,FALSE
US-CMW,2009,DBF,AmeriFlux,-363.211,130.168,-361.038,121.817,-2.173000000000002,2.173000000000002,178.27812460590897,TRUE,-1,-1,FALSE
US-CMW,2010,DBF,AmeriFlux,-227.873,142.548,-230.03,145.684,2.1570000000000107,2.1570000000000107,203.82286466439433,TRUE,-1,-1,FALSE
US-CMW,2011,DBF,AmeriFlux,-317.369,130.611,-281.365,128.003,-36.00400000000002,36.00400000000002,182.8770114858617,TRUE,-1,-1,FALSE
US-CMW,2012,DBF,AmeriFlux,-302.586,159.442,-293.286,167.069,-9.300000000000011,9.300000000000011,230.94112263735101,TRUE,-1,-1,FALSE
US-CMW,2013,DBF,AmeriFlux,-341.754,141.609,-256.929,129.175,-84.82500000000005,84.82500000000005,191.67495795225835,TRUE,-1,-1,FALSE
US-CMW,2014,DBF,AmeriFlux,-132.588,129.374,-130.262,128.413,-2.3259999999999934,2.3259999999999934,182.28420240108576,TRUE,-1,-1,FALSE
US-CMW,2015,DBF,AmeriFlux,-58.808,121.114,-55.0054,121.023,-3.802599999999998,3.802599999999998,171.2167267675679,TRUE,-1,-1,FALSE
US-CMW,2016,DBF,AmeriFlux,-325.712,123.162,-295.052,132.085,-30.659999999999968,30.659999999999968,180.59713582723288,TRUE,-1,-1,FALSE
US-CMW,2017,DBF,AmeriFlux,-372.539,149.523,-318.806,144.541,-53.733000000000004,53.733000000000004,207.9644878579033,TRUE,-1,-1,FALSE
US-CMW,2018,DBF,AmeriFlux,-209.116,152.394,-228.913,155.556,19.796999999999997,19.796999999999997,217.7650118177849,TRUE,-1,-1,FALSE
US-CMW,2019,DBF,AmeriFlux,-403.611,50.8776,-417.202,52.0504,13.591000000000008,13.591000000000008,72.78581126785632,TRUE,-1,-1,FALSE
US-CMW,2020,DBF,AmeriFlux,-221.385,161.733,-262.341,177.979,40.95600000000002,40.95600000000002,240.48718828661123,TRUE,-1,-1,FALSE
US-CMW,2021,DBF,AmeriFlux,-318.692,113.511,-284.844,125.566,-33.84800000000001,33.84800000000001,169.26773903198446,TRUE,-1,-1,FALSE
US-CRK,2022,ENF,AmeriFlux,-34.6035,11.3179,-42.8705,12.1902,8.267000000000003,8.267000000000003,16.634176759010348,TRUE,-1,-1,FALSE
US-CRK,2024,ENF,AmeriFlux,-120.51,31.5521,-111.269,28.2499,-9.241,9.241,42.3508189344669,TRUE,-1,-1,FALSE
US-CRT,2011,CRO,AmeriFlux,-15.3094,7.46689,-10.1308,8.16678,-5.178599999999999,5.178599999999999,11.065746330026728,TRUE,-1,-1,FALSE
US-CRT,2012,CRO,AmeriFlux,-141.626,23.0971,-142.595,23.1032,0.9689999999999941,0.9689999999999941,32.66854570760688,TRUE,-1,-1,FALSE
US-CRT,2013,CRO,AmeriFlux,-95.7867,20.6711,-108.262,24.5403,12.475300000000004,12.475300000000004,32.086144974116166,TRUE,-1,-1,FALSE
US-CS2,2020,ENF,AmeriFlux,-672.029,8.43396,-663.484,9.28257,-8.544999999999959,8.544999999999959,12.541841455165187,TRUE,-1,-1,FALSE
US-CdM,2020,WSA,AmeriFlux,-141.917,1.28022,-141.004,2.25111,-0.9130000000000109,0.9130000000000109,2.589683278028416,TRUE,-1,-1,FALSE
US-CdM,2021,WSA,AmeriFlux,-145.122,9.06924,-138.539,6.43992,-6.583000000000027,6.583000000000027,11.12311484180578,TRUE,-1,-1,FALSE
US-CdM,2022,WSA,AmeriFlux,-209.571,8.63428,-207.526,9.64305,-2.0449999999999875,2.0449999999999875,12.943693615846291,TRUE,-1,-1,FALSE
US-CdM,2023,WSA,AmeriFlux,-165.621,10.1737,-166.256,10.0698,0.6349999999999909,0.6349999999999909,14.314504662404495,TRUE,-1,-1,FALSE
US-CdM,2024,WSA,AmeriFlux,-6.18372,3.20524,-17.971800000000002,12.8992,11.78808,11.78808,13.291460570516696,TRUE,-1,-1,FALSE
US-Ced,2006,CSH,AmeriFlux,-120.15,6.23167,-120.524,6.10718,0.3739999999999952,0.3739999999999952,8.72532856351553,TRUE,-1,-1,FALSE
US-Ced,2007,CSH,AmeriFlux,-17.0331,13.7653,-14.2531,14.8361,-2.780000000000001,2.780000000000001,20.238412667499396,TRUE,-1,-1,FALSE
US-Ced,2008,CSH,AmeriFlux,-7.10282,16.6589,-6.64855,16.3771,-0.4542700000000002,0.4542700000000002,23.360829472002912,TRUE,-1,-1,FALSE
US-Ced,2009,CSH,AmeriFlux,-139.437,14.8648,-139.437,14.1062,0,0,20.49261226588743,TRUE,-1,-1,FALSE
US-Ced,2010,CSH,AmeriFlux,-141.311,17.0564,-147.065,16.3933,5.753999999999991,5.753999999999991,23.65715675752266,TRUE,-1,-1,FALSE
US-Ced,2011,CSH,AmeriFlux,-60.5151,13.1588,-66.8732,12.8784,6.3581,6.3581,18.412148272268503,TRUE,-1,-1,FALSE
US-Ced,2012,CSH,AmeriFlux,-175.811,8.29534,-179.619,8.73577,3.8079999999999927,3.8079999999999927,12.046839552700119,TRUE,-1,-1,FALSE
US-Ced,2013,CSH,AmeriFlux,1.05702,14.1367,-7.03865,13.9419,8.09567,8.09567,19.85504627292518,TRUE,1,-1,TRUE
US-Ced,2014,CSH,AmeriFlux,-130.714,8.28107,-129.371,7.76489,-1.3429999999999893,1.3429999999999893,11.352076332416022,TRUE,-1,-1,FALSE
US-ChR,2006,DBF,AmeriFlux,-378.675,100.284,-410.524,69.1523,31.84899999999999,31.84899999999999,121.8151109316492,TRUE,-1,-1,FALSE
US-ChR,2007,DBF,AmeriFlux,-287.297,51.6434,-283.153,41.6924,-4.1440000000000055,4.1440000000000055,66.37241129656206,TRUE,-1,-1,FALSE
US-ChR,2008,DBF,AmeriFlux,-546.392,61.4776,-508,58.7725,-38.39200000000005,38.39200000000005,85.05117317244954,TRUE,-1,-1,FALSE
US-ChR,2009,DBF,AmeriFlux,-722.644,122.364,-634.393,94.0357,-88.25099999999998,88.25099999999998,154.32323665116022,TRUE,-1,-1,FALSE
US-ChR,2010,DBF,AmeriFlux,-557.333,40.8753,-570.005,38.4971,12.672000000000025,12.672000000000025,56.149949764002464,TRUE,-1,-1,FALSE
US-ChR,2011,DBF,AmeriFlux,-778.247,170.257,-788.393,175.781,10.146000000000072,10.146000000000072,244.7169916658833,TRUE,-1,-1,FALSE
US-ChR,2012,DBF,AmeriFlux,-865.105,58.6801,-841.801,52.533,-23.303999999999974,23.303999999999974,78.75957227543837,TRUE,-1,-1,FALSE
US-ChR,2013,DBF,AmeriFlux,-1181.84,173.34,-1216.93,177.032,35.090000000000146,35.090000000000146,247.76417138884307,TRUE,-1,-1,FALSE
US-ChR,2014,DBF,AmeriFlux,-870.433,23.9312,-825.578,30.1559,-44.85500000000002,44.85500000000002,38.497800433920894,FALSE,-1,-1,FALSE
US-ChR,2015,DBF,AmeriFlux,-891.251,56.9468,-960.732,67.3986,69.481,69.481,88.2355331609664,TRUE,-1,-1,FALSE
US-ChR,2016,DBF,AmeriFlux,-833.335,141.945,-971.233,143.914,137.8979999999999,137.8979999999999,202.13763237210432,TRUE,-1,-1,FALSE
US-ChR,2019,DBF,AmeriFlux,-922.487,137.303,-1039.17,145.558,116.6830000000001,116.6830000000001,200.09808887892956,TRUE,-1,-1,FALSE
US-Cms,2003,WET,AmeriFlux,-147.48,11.6558,-147.509,11.3054,0.028999999999996362,0.028999999999996362,16.237910666092482,TRUE,-1,-1,FALSE
US-Cop,2002,GRA,AmeriFlux,-16.0816,2.20543,-16.8167,2.39922,0.7350999999999992,0.7350999999999992,3.2588614719407754,TRUE,-1,-1,FALSE
US-Cop,2003,GRA,AmeriFlux,-25.4108,6.69497,-31.2036,6.45664,5.792800000000003,5.792800000000003,9.30111946974664,TRUE,-1,-1,FALSE
US-Cop,2006,GRA,AmeriFlux,-14.5204,0.740369,-11.3458,2.56677,-3.1746,3.1746,2.671414323735837,FALSE,-1,-1,FALSE
US-Cst,2016,ENF,AmeriFlux,-599.274,35.0252,-588.121,35.6924,-11.15300000000002,11.15300000000002,50.007120021053,TRUE,-1,-1,FALSE
US-Cst,2017,ENF,AmeriFlux,-502.609,11.6593,-506.45,11.6174,3.841000000000008,3.841000000000008,16.459139079854694,TRUE,-1,-1,FALSE
US-DFC,2019,CRO,AmeriFlux,-729.156,46.5865,-802.91,76.0641,73.75400000000002,73.75400000000002,89.19668878977515,TRUE,-1,-1,FALSE
US-DFC,2020,CRO,AmeriFlux,-407.997,17.2995,-406.626,24.5268,-1.3710000000000377,1.3710000000000377,30.01394040258626,TRUE,-1,-1,FALSE
US-DFC,2021,CRO,AmeriFlux,-380.899,22.1614,-397.197,32.5868,16.298000000000002,16.298000000000002,39.40846589503327,TRUE,-1,-1,FALSE
US-DFC,2022,CRO,AmeriFlux,-608.32,23.7718,-598.037,24.2057,-10.283000000000015,10.283000000000015,33.926602950044966,TRUE,-1,-1,FALSE
US-DFK,2020,CRO,AmeriFlux,-688.193,44.2524,-688.193,44.2524,0,0,62.582344247559156,TRUE,-1,-1,FALSE
US-DPW,2014,WET,AmeriFlux,-100.651,86.0124,-129.045,85.9425,28.39399999999999,28.39399999999999,121.5904858942919,TRUE,-1,-1,FALSE
US-DPW,2015,WET,AmeriFlux,-233.078,72.2955,-176.392,75.4451,-56.68600000000001,56.68600000000001,104.49211661297707,TRUE,-1,-1,FALSE
US-DPW,2016,WET,AmeriFlux,-406.609,69.3215,-286.395,69.356,-120.214,120.214,98.05980368249774,FALSE,-1,-1,FALSE
US-DS2,2021,CRO,AmeriFlux,931.61,163.574,852.686,140.293,78.92399999999998,78.92399999999998,215.4961236890353,TRUE,1,1,FALSE
US-DS2,2022,CRO,AmeriFlux,784.381,105.164,730.624,143.258,53.75699999999995,53.75699999999995,177.71415661111524,TRUE,1,1,FALSE
US-DS3,2022,CRO,AmeriFlux,145.208,43.7562,189.066,52.0368,-43.858000000000004,43.858000000000004,67.98848132353008,TRUE,1,1,FALSE
US-DS3,2023,CRO,AmeriFlux,60.4463,8.17585,64.8311,14.0678,-4.384800000000006,4.384800000000006,16.271063888464703,TRUE,1,1,FALSE
US-DS3,2024,CRO,AmeriFlux,323.818,15.8219,348.571,15.9325,-24.753000000000043,24.753000000000043,22.453887767155155,FALSE,1,1,FALSE
US-Dix,2005,MF,AmeriFlux,-36.7568,31.199,-59.7819,30.7487,23.025100000000002,23.025100000000002,43.80479600100884,TRUE,-1,-1,FALSE
US-Dix,2006,MF,AmeriFlux,46.2801,26.4809,38.4264,26.9337,7.853699999999996,7.853699999999996,37.77118293752527,TRUE,1,1,FALSE
US-Dix,2007,MF,AmeriFlux,86.5206,19.6641,73.2489,15.5096,13.271699999999996,13.271699999999996,25.04445090174668,TRUE,1,1,FALSE
US-Dk1,2002,GRA,AmeriFlux,167.607,24.6105,145.854,24.1438,21.752999999999986,21.752999999999986,34.476075598739484,TRUE,1,1,FALSE
US-Dk1,2003,GRA,AmeriFlux,-86.6377,15.8219,-339.771,52.5257,253.13330000000002,253.13330000000002,54.856920074863844,FALSE,-1,-1,FALSE
US-Dk1,2004,GRA,AmeriFlux,63.1184,13.1585,24.1762,22.8164,38.9422,38.9422,26.3388350389686,FALSE,1,1,FALSE
US-Dk1,2005,GRA,AmeriFlux,225.617,38.7134,210.543,32.6873,15.073999999999984,15.073999999999984,50.66741478356677,TRUE,1,1,FALSE
US-Dk1,2006,GRA,AmeriFlux,22.9824,161.982,194.825,75.7445,-171.8426,171.8426,178.81665919105524,TRUE,1,1,FALSE
US-Dk1,2007,GRA,AmeriFlux,57.5398,59.4561,27.5932,26.3837,29.9466,29.9466,65.0471171759364,TRUE,1,1,FALSE
US-Dk2,2002,DBF,AmeriFlux,-1005.43,82.4129,-942.719,87.7988,-62.7109999999999,62.7109999999999,120.41808571742867,TRUE,-1,-1,FALSE
US-Dk2,2003,DBF,AmeriFlux,-812.008,59.6559,-814.316,100.439,2.3079999999999927,2.3079999999999927,116.81960077748083,TRUE,-1,-1,FALSE
US-Dk2,2004,DBF,AmeriFlux,-847.932,42.2255,-833.708,97.2416,-14.224000000000046,14.224000000000046,106.01378033449237,TRUE,-1,-1,FALSE
US-Dk2,2005,DBF,AmeriFlux,-948.503,56.3658,-881.8,68.4488,-66.70300000000009,66.70300000000009,88.6698462335421,TRUE,-1,-1,FALSE
US-Dk2,2006,DBF,AmeriFlux,-900.837,33.0247,-882.343,37.7099,-18.494000000000028,18.494000000000028,50.12651362402935,TRUE,-1,-1,FALSE
US-Dk2,2007,DBF,AmeriFlux,-987.069,39.7817,-898.72,33.9106,-88.34899999999993,88.34899999999993,52.27343921390671,FALSE,-1,-1,FALSE
US-Dk2,2008,DBF,AmeriFlux,-1132.3,47.7221,-1073.7,31.1026,-58.59999999999991,58.59999999999991,56.9628875248613,FALSE,-1,-1,FALSE
US-Dk3,2002,ENF,AmeriFlux,-300.355,45.687,-301.83,43.3008,1.474999999999966,1.474999999999966,62.946495133883346,TRUE,-1,-1,FALSE
US-Dk3,2003,ENF,AmeriFlux,-687.585,56.469,-682.819,57.1586,-4.766000000000076,4.766000000000076,80.34832614908665,TRUE,-1,-1,FALSE
US-Dk3,2004,ENF,AmeriFlux,-897.54,76.0427,-908.606,69.8671,11.066000000000031,11.066000000000031,103.26617977682722,TRUE,-1,-1,FALSE
US-Dk3,2005,ENF,AmeriFlux,-1279.97,45.8113,-1273.93,39.3079,-6.039999999999964,6.039999999999964,60.363782271325576,TRUE,-1,-1,FALSE
US-Dk3,2006,ENF,AmeriFlux,-1364.9,37.9652,-1364.9,39.1181,0,0,54.5122202689452,TRUE,-1,-1,FALSE
US-Dk3,2007,ENF,AmeriFlux,-1249.56,29.3933,-1247.23,26.8044,-2.3299999999999272,2.3299999999999272,39.779918856754854,TRUE,-1,-1,FALSE
US-Dmg,2022,WET,AmeriFlux,-806.064,27.5925,-803.516,21.7194,-2.548000000000002,2.548000000000002,35.11521596986127,TRUE,-1,-1,FALSE
US-Dmg,2023,WET,AmeriFlux,-734.231,9.82154,-731.521,7.69021,-2.7100000000000364,2.7100000000000364,12.474052181055683,TRUE,-1,-1,FALSE
US-Dmg,2024,WET,AmeriFlux,-699.423,7.51655,-698.237,7.64551,-1.1860000000000355,1.1860000000000355,10.721583234886534,TRUE,-1,-1,FALSE
US-Dmg,2025,WET,AmeriFlux,-586.22,17.291,-600.754,24.4792,14.533999999999992,14.533999999999992,29.970150377333777,TRUE,-1,-1,FALSE
US-EDN,2019,WET,AmeriFlux,-500.676,4.96677,-487.895,8.47259,-12.781000000000006,12.781000000000006,9.821078634294707,FALSE,-1,-1,FALSE
US-EDN,2021,WET,AmeriFlux,-485.516,9.11195,-470.503,37.9907,-15.013000000000034,15.013000000000034,39.06815735727115,TRUE,-1,-1,FALSE
US-EDN,2022,WET,AmeriFlux,-417.825,35.366,-418.075,50.4083,0.25,0.25,61.57719273310533,TRUE,-1,-1,FALSE
US-EDN,2024,WET,AmeriFlux,-465.797,26.5132,-505.8,32.3035,40.002999999999986,40.002999999999986,41.79073924316247,TRUE,-1,-1,FALSE
US-EKH,2023,WET,AmeriFlux,-211.117,11.923,-209.163,11.8701,-1.9539999999999793,1.9539999999999793,16.824303938350614,TRUE,-1,-1,FALSE
US-EKH,2024,WET,AmeriFlux,-162.487,NA,-159.572,NA,-2.914999999999992,2.914999999999992,NA,NA,-1,-1,FALSE
US-EKP,2024,WET,AmeriFlux,-109.061,22.9018,-124,29.0529,14.938999999999993,14.938999999999993,36.99410009244718,TRUE,-1,-1,FALSE
US-EML,2011,OSH,AmeriFlux,-84.6295,6.37006,-73.829,8.25373,-10.8005,10.8005,10.426011860558187,FALSE,-1,-1,FALSE
US-EML,2012,OSH,AmeriFlux,-56.6147,5.16137,-51.7211,14.3153,-4.893599999999999,4.893599999999999,15.217343867012405,TRUE,-1,-1,FALSE
US-EML,2013,OSH,AmeriFlux,-87.6118,7.7387,-87.4193,8.48158,-0.19249999999999545,0.19249999999999545,11.481492803046127,TRUE,-1,-1,FALSE
US-EML,2014,OSH,AmeriFlux,75.6826,8.71922,77.4144,6.99566,-1.731800000000007,1.731800000000007,11.178732318290836,TRUE,1,1,FALSE
US-EML,2017,OSH,AmeriFlux,36.1902,18.7027,24.1685,32.4178,12.021699999999996,12.021699999999996,37.42599022243767,TRUE,1,1,FALSE
US-EML,2018,OSH,AmeriFlux,39.6036,22.6042,24.7828,34.1945,14.820799999999998,14.820799999999998,40.990409706295935,TRUE,1,1,FALSE
US-EML,2019,OSH,AmeriFlux,-6.11266,24.2263,-15.0768,32.6394,8.96414,8.96414,40.64780491059757,TRUE,-1,-1,FALSE
US-EML,2021,OSH,AmeriFlux,7.29397,14.489,2.05399,21.9721,5.239979999999999,5.239979999999999,26.319276194644868,TRUE,1,1,FALSE
US-Elm,2009,WET,AmeriFlux,93.2543,54.6058,98.2839,46.0207,-5.029600000000002,5.029600000000002,71.41217138646606,TRUE,1,1,FALSE
US-Elm,2010,WET,AmeriFlux,-89.5463,12.3987,-93.4051,9.27913,3.8588000000000022,3.8588000000000022,15.486446178736426,TRUE,-1,-1,FALSE
US-Elm,2011,WET,AmeriFlux,-13.0015,88.8616,0.525524,44.7667,-13.527024,13.527024,99.50096172123162,TRUE,-1,1,TRUE
US-Elm,2012,WET,AmeriFlux,35.4569,18.8929,12.7441,15.9284,22.712799999999998,22.712799999999998,24.71144667901902,TRUE,1,1,FALSE
US-Elm,2013,WET,AmeriFlux,-103.155,14.7707,-105.995,13.8404,2.8400000000000034,2.8400000000000034,20.241794649931613,TRUE,-1,-1,FALSE
US-Elm,2015,WET,AmeriFlux,-305.512,128.803,-234.319,106.03,-71.19300000000001,71.19300000000001,166.83097347015632,TRUE,-1,-1,FALSE
US-Elm,2016,WET,AmeriFlux,-139.48,17.6175,-143.728,17.3436,4.248000000000019,4.248000000000019,24.721989547971255,TRUE,-1,-1,FALSE
US-Elm,2017,WET,AmeriFlux,-51.1109,42.2781,-34.1053,37.882,-17.0056,17.0056,56.766924028081704,TRUE,-1,-1,FALSE
US-Elm,2018,WET,AmeriFlux,-144.416,30.0149,-153.005,33.3964,8.588999999999999,8.588999999999999,44.90226892897507,TRUE,-1,-1,FALSE
US-Elm,2019,WET,AmeriFlux,-11.424,16.6384,-12.2172,18.0173,0.7932000000000006,0.7932000000000006,24.52467031072997,TRUE,-1,-1,FALSE
US-Elm,2021,WET,AmeriFlux,-7.86769,21.1625,-24.4044,39.8993,16.53671,16.53671,45.164206477475055,TRUE,-1,-1,FALSE
US-Elm,2022,WET,AmeriFlux,165.855,6.73052,164.987,7.28959,0.867999999999995,0.867999999999995,9.921593714645848,TRUE,1,1,FALSE
US-Esm,2008,WET,AmeriFlux,-66.8453,12.775,-63.3415,32.5692,-3.503799999999991,3.503799999999991,34.985045571500976,TRUE,-1,-1,FALSE
US-Esm,2009,WET,AmeriFlux,-21.1287,14.9985,-20.9306,36.7653,-0.19810000000000016,0.19810000000000016,39.70695513811151,TRUE,-1,-1,FALSE
US-Esm,2010,WET,AmeriFlux,-50.0464,5.13283,-49.0892,9.42168,-0.9572000000000003,0.9572000000000003,10.7291191544926,TRUE,-1,-1,FALSE
US-Esm,2011,WET,AmeriFlux,-140.97,11.9014,-102.213,14.8355,-38.757000000000005,38.757000000000005,19.019342318019305,FALSE,-1,-1,FALSE
US-Esm,2012,WET,AmeriFlux,-67.8802,26.8663,-82.2795,18.9981,14.399299999999997,14.399299999999997,32.90480024707641,TRUE,-1,-1,FALSE
US-Esm,2013,WET,AmeriFlux,-190.81,12.7435,-310.746,73.006,119.93599999999998,119.93599999999998,74.10986997863374,FALSE,-1,-1,FALSE
US-Esm,2016,WET,AmeriFlux,-178.19,25.4422,-185.362,23.5484,7.171999999999997,7.171999999999997,34.66745856563472,TRUE,-1,-1,FALSE
US-Esm,2017,WET,AmeriFlux,-146.474,36.5216,-131.947,34.3292,-14.526999999999987,14.526999999999987,50.12306095202088,TRUE,-1,-1,FALSE
US-Esm,2018,WET,AmeriFlux,-229.229,56.5836,-266.737,47.643,37.50800000000001,37.50800000000001,73.9699887654446,TRUE,-1,-1,FALSE
US-Esm,2019,WET,AmeriFlux,-234.663,47.7068,-251.791,44.5317,17.127999999999986,17.127999999999986,65.26109921791083,TRUE,-1,-1,FALSE
US-Esm,2020,WET,AmeriFlux,-39.0426,43.3053,-52.7578,38.746,13.715200000000003,13.715200000000003,58.10853228304773,TRUE,-1,-1,FALSE
US-Esm,2021,WET,AmeriFlux,-55.4896,15.3734,-71.2212,13.817,15.731599999999993,15.731599999999993,20.670048779816657,TRUE,-1,-1,FALSE
US-Esm,2022,WET,AmeriFlux,-140.247,36.4512,-144.006,23.4118,3.758999999999986,3.758999999999986,43.322077058700685,TRUE,-1,-1,FALSE
US-Esm,2023,WET,AmeriFlux,-89.0146,189.653,-131.876,94.5695,42.8614,42.8614,211.92369084000492,TRUE,-1,-1,FALSE
US-Esm,2024,WET,AmeriFlux,-455.203,258.661,-150.949,112.241,-304.25399999999996,304.25399999999996,281.96374767334896,FALSE,-1,-1,FALSE
US-EvM,2021,WET,AmeriFlux,-43.8667,3.9291,-43.3357,4.04771,-0.5309999999999988,0.5309999999999988,5.641079954592029,TRUE,-1,-1,FALSE
US-EvM,2022,WET,AmeriFlux,-115.598,11.9758,-118.547,11.6362,2.948999999999998,2.948999999999998,16.697932089932575,TRUE,-1,-1,FALSE
US-Fcr,2013,OSH,AmeriFlux,78.6753,6.7678,78.6753,6.7678,0,0,9.571114547428634,TRUE,1,1,FALSE
US-Fmf,2006,ENF,AmeriFlux,30.6105,30.7227,29.7987,20.6542,0.8117999999999981,0.8117999999999981,37.01999828376549,TRUE,1,1,FALSE
US-Fmf,2007,ENF,AmeriFlux,225.035,33.1125,211.645,36.703,13.389999999999986,13.389999999999986,49.43225531219469,TRUE,1,1,FALSE
US-Fmf,2008,ENF,AmeriFlux,10.1019,16.0607,3.12511,17.8786,6.976790000000001,6.976790000000001,24.03311096071418,TRUE,1,1,FALSE
US-Fmf,2009,ENF,AmeriFlux,-14.4986,20.2711,-18.0018,24.9497,3.5031999999999996,3.5031999999999996,32.14661763389735,TRUE,-1,-1,FALSE
US-Fmf,2010,ENF,AmeriFlux,-91.8131,21.4215,-92.0313,22.7194,0.21819999999999595,0.21819999999999595,31.225819422554792,TRUE,-1,-1,FALSE
US-Fuf,2006,ENF,AmeriFlux,-225.916,84.5019,-76.6793,32.0445,-149.23669999999998,149.23669999999998,90.37378537972171,FALSE,-1,-1,FALSE
US-Fuf,2007,ENF,AmeriFlux,-3.55147,72.5868,83.1642,51.8352,-86.71566999999999,86.71566999999999,89.19490732816533,TRUE,-1,1,TRUE
US-Fuf,2008,ENF,AmeriFlux,-72.9697,25.9508,-30.3348,30.9343,-42.6349,42.6349,40.37790159394121,FALSE,-1,-1,FALSE
US-Fuf,2010,ENF,AmeriFlux,-90.4239,56.9343,-57.2018,39.2381,-33.222100000000005,33.222100000000005,69.14580976530682,TRUE,-1,-1,FALSE
US-Fwf,2006,GRA,AmeriFlux,95.2224,5.10878,95.2227,5.43496,-3.0000000000995897e-4,3.0000000000995897e-4,7.459116790210487,TRUE,1,1,FALSE
US-Fwf,2007,GRA,AmeriFlux,63.7674,2.36118,65.4175,2.2929,-1.650100000000002,1.650100000000002,3.291285676206184,TRUE,1,1,FALSE
US-Fwf,2008,GRA,AmeriFlux,82.2662,2.32983,81.8653,3.42192,0.40089999999999293,0.40089999999999293,4.139763799457645,TRUE,1,1,FALSE
US-Fwf,2009,GRA,AmeriFlux,40.9989,2.89497,40.4175,2.98816,0.5814000000000021,0.5814000000000021,4.160522982330466,TRUE,1,1,FALSE
US-Fwf,2010,GRA,AmeriFlux,64.9559,5.38603,64.8439,5.39869,0.11199999999999477,0.11199999999999477,7.625953899480379,TRUE,1,1,FALSE
US-GLE,2006,ENF,AmeriFlux,-87.6669,106.504,47.4562,128.155,-135.1231,135.1231,166.63374820545806,TRUE,-1,1,TRUE
US-GLE,2007,ENF,AmeriFlux,174.616,189.171,177.446,112.698,-2.829999999999984,2.829999999999984,220.19651778581783,TRUE,1,1,FALSE
US-GLE,2008,ENF,AmeriFlux,175.415,127.243,129.869,68.1369,45.54599999999999,45.54599999999999,144.33786125133625,TRUE,1,1,FALSE
US-GLE,2009,ENF,AmeriFlux,306.253,110.954,293.529,114.441,12.72399999999999,12.72399999999999,159.39740461186938,TRUE,1,1,FALSE
US-GLE,2010,ENF,AmeriFlux,341.714,56.661,380.798,67.8426,-39.084,39.084,88.39166983239993,TRUE,1,1,FALSE
US-GLE,2011,ENF,AmeriFlux,120.142,8.57161,113.746,9.3659,6.396000000000001,6.396000000000001,12.696164019187055,TRUE,1,1,FALSE
US-GLE,2012,ENF,AmeriFlux,-24.0644,5.83187,-19.7975,6.92264,-4.2669,4.2669,9.051720956066864,TRUE,-1,-1,FALSE
US-GLE,2013,ENF,AmeriFlux,-9.75326,16.6053,-34.0558,20.2634,24.30254,24.30254,26.19811763562413,TRUE,-1,-1,FALSE
US-GLE,2014,ENF,AmeriFlux,12.2168,9.62004,41.2709,21.6227,-29.0541,29.0541,23.666143008348445,FALSE,1,1,FALSE
US-GLE,2015,ENF,AmeriFlux,-125.314,12.9506,-103.95,24.3443,-21.36399999999999,21.36399999999999,27.5746801042188,TRUE,-1,-1,FALSE
US-GLE,2016,ENF,AmeriFlux,-186.42,16.6524,-168.683,16.4776,-17.736999999999995,17.736999999999995,23.42677373263335,TRUE,-1,-1,FALSE
US-GLE,2017,ENF,AmeriFlux,-280.409,13.9917,-255.543,14.0576,-24.865999999999985,24.865999999999985,19.833904977336157,FALSE,-1,-1,FALSE
US-GLE,2018,ENF,AmeriFlux,-57.193,44.3604,-62.1053,31.5218,4.912300000000002,4.912300000000002,54.41938040257349,TRUE,-1,-1,FALSE
US-GLE,2019,ENF,AmeriFlux,5.45763,27.6168,-7.06779,28.2372,12.52542,12.52542,39.49717845720122,TRUE,1,-1,TRUE
US-HB1,2018,WET,AmeriFlux,-372.193,139.715,-352.076,135.866,-20.116999999999962,20.116999999999962,194.88419941339524,TRUE,-1,-1,FALSE
US-HB1,2020,WET,AmeriFlux,-524.172,117.923,-504.695,119.831,-19.477000000000032,19.477000000000032,168.12287913903927,TRUE,-1,-1,FALSE
US-HB1,2021,WET,AmeriFlux,-444.759,141.257,-451.955,148.626,7.1959999999999695,7.1959999999999695,205.04445353386177,TRUE,-1,-1,FALSE
US-HB1,2022,WET,AmeriFlux,-349.637,102.307,-345.579,110.91,-4.057999999999993,4.057999999999993,150.8898616508081,TRUE,-1,-1,FALSE
US-HB1,2023,WET,AmeriFlux,-269.786,129.904,-260.402,115.347,-9.384000000000015,9.384000000000015,173.72386026392576,TRUE,-1,-1,FALSE
US-HB1,2024,WET,AmeriFlux,-346.931,104.972,-364.959,74.3135,18.02800000000002,18.02800000000002,128.61421797861232,TRUE,-1,-1,FALSE
US-HB2,2019,ENF,AmeriFlux,-713.727,27.6138,-811.831,162.825,98.10400000000004,98.10400000000004,165.14993967737317,TRUE,-1,-1,FALSE
US-HB2,2020,ENF,AmeriFlux,-800.203,24.8131,-867.557,53.9287,67.35400000000004,67.35400000000004,59.36324296481788,FALSE,-1,-1,FALSE
US-HB2,2021,ENF,AmeriFlux,-851.458,39.5412,-897.48,102.968,46.02200000000005,46.02200000000005,110.29920906987503,TRUE,-1,-1,FALSE
US-HB2,2022,ENF,AmeriFlux,-469.833,41.4907,-509.184,49.0934,39.351,39.351,64.27783529374648,TRUE,-1,-1,FALSE
US-HB2,2023,ENF,AmeriFlux,-320.239,32.2966,-308.08,37.2522,-12.158999999999992,12.158999999999992,49.303111224343645,TRUE,-1,-1,FALSE
US-HB2,2024,ENF,AmeriFlux,-268.821,24.169,-282.556,30.7741,13.734999999999957,13.734999999999957,39.130369175488234,TRUE,-1,-1,FALSE
US-HB3,2019,ENF,AmeriFlux,227.658,30.3207,220.098,33.6398,7.559999999999974,7.559999999999974,45.2877576451959,TRUE,1,1,FALSE
US-HB3,2020,ENF,AmeriFlux,69.3466,35.7014,59.7508,38.085,9.595799999999997,9.595799999999997,52.202080293413594,TRUE,1,1,FALSE
US-HB3,2021,ENF,AmeriFlux,76.2321,17.9335,60.6018,23.276,15.630300000000005,15.630300000000005,29.38337281950457,TRUE,1,1,FALSE
US-HB3,2022,ENF,AmeriFlux,52.8713,22.8707,49.0843,25.0256,3.786999999999999,3.786999999999999,33.902058548855116,TRUE,1,1,FALSE
US-HB3,2023,ENF,AmeriFlux,-113.993,24.0646,-111.251,20.5898,-2.7419999999999902,2.7419999999999902,31.670883113673987,TRUE,-1,-1,FALSE
US-HB3,2024,ENF,AmeriFlux,-324.071,13.1415,-312.829,17.485,-11.242000000000019,11.242000000000019,21.87291126599292,TRUE,-1,-1,FALSE
US-HB4,2021,WET,AmeriFlux,-311.276,91.5287,-313.028,88.9727,1.7520000000000095,1.7520000000000095,127.64655995748574,TRUE,-1,-1,FALSE
US-HB4,2022,WET,AmeriFlux,-77.3561,43.7326,-79.1275,42.4692,1.7713999999999999,1.7713999999999999,60.96042364846228,TRUE,-1,-1,FALSE
US-HB4,2023,WET,AmeriFlux,-201.79,52.8988,-204.3,55.6144,2.5100000000000193,2.5100000000000193,76.75444305576062,TRUE,-1,-1,FALSE
US-HB4,2024,WET,AmeriFlux,-150.141,57.7916,-148.865,59.8123,-1.275999999999982,1.275999999999982,83.17078971519989,TRUE,-1,-1,FALSE
US-HBK,2018,DBF,AmeriFlux,-536.849,33.8023,-520.895,34.7912,-15.954000000000065,15.954000000000065,48.50796927031681,TRUE,-1,-1,FALSE
US-HBK,2019,DBF,AmeriFlux,-632.801,13.9899,-634.933,13.9136,2.131999999999948,2.131999999999948,19.730827832860943,TRUE,-1,-1,FALSE
US-HBK,2022,DBF,AmeriFlux,-543.024,18.7247,-539.894,17.91,-3.1299999999999955,3.1299999999999955,25.91104957522948,TRUE,-1,-1,FALSE
US-HRA,2018,CRO,AmeriFlux,-578.056,15.1222,-577.31,12.1124,-0.7460000000000946,0.7460000000000946,19.37501397676915,TRUE,-1,-1,FALSE
US-HRA,2022,CRO,AmeriFlux,-434.316,32.1632,-456.401,31.8248,22.085000000000036,22.085000000000036,45.246981438323594,TRUE,-1,-1,FALSE
US-HRA,2023,CRO,AmeriFlux,-522.134,73.1528,-520.94,59.8388,-1.19399999999996,1.19399999999996,94.50933357758905,TRUE,-1,-1,FALSE
US-HRC,2022,CRO,AmeriFlux,-321.756,36.0835,-324.91,53.3274,3.154000000000053,3.154000000000053,64.38812439425456,TRUE,-1,-1,FALSE
US-HWB,2016,CVM,AmeriFlux,-208.646,203.634,-166.972,215.984,-41.67399999999998,41.67399999999998,296.8432148660299,TRUE,-1,-1,FALSE
US-HWB,2017,CVM,AmeriFlux,349.462,218.397,333.169,205.688,16.293000000000006,16.293000000000006,300.0080048148715,TRUE,1,1,FALSE
US-Ha1,1992,DBF,AmeriFlux,-140.026,22.7838,-105.877,28.5737,-34.149000000000015,34.149000000000015,36.5452852517257,TRUE,-1,-1,FALSE
US-Ha1,1993,DBF,AmeriFlux,-125.035,69.9637,-63.1015,114.936,-61.933499999999995,61.933499999999995,134.55557741576527,TRUE,-1,-1,FALSE
US-Ha1,1994,DBF,AmeriFlux,-145.197,50.2343,-150.059,48.69,4.861999999999995,4.861999999999995,69.95856628383689,TRUE,-1,-1,FALSE
US-Ha1,1995,DBF,AmeriFlux,-175.873,69.8929,-198.18,53.793,22.307000000000016,22.307000000000016,88.196963209682,TRUE,-1,-1,FALSE
US-Ha1,1996,DBF,AmeriFlux,21.7991,107.2,-44.2033,85.599,66.0024,66.0024,137.18246535545276,TRUE,1,-1,TRUE
US-Ha1,1997,DBF,AmeriFlux,-34.5589,92.2186,-46.2573,82.9852,11.6984,11.6984,124.05971789827672,TRUE,-1,-1,FALSE
US-Ha1,1998,DBF,AmeriFlux,-70.1662,43.0715,-50.8125,49.9812,-19.353700000000003,19.353700000000003,65.97934878194843,TRUE,-1,-1,FALSE
US-Ha1,1999,DBF,AmeriFlux,-158.511,36.4997,-115.726,61.4229,-42.785,42.785,71.44928792157413,TRUE,-1,-1,FALSE
US-Ha1,2000,DBF,AmeriFlux,-219.004,35.4695,-205.957,45.4574,-13.046999999999997,13.046999999999997,57.65813598279084,TRUE,-1,-1,FALSE
US-Ha1,2001,DBF,AmeriFlux,-347.901,15.6433,-358.588,18.0844,10.687000000000012,10.687000000000012,23.911469177990714,TRUE,-1,-1,FALSE
US-Ha1,2002,DBF,AmeriFlux,-193.651,51.6339,-195.676,65.7287,2.0249999999999773,2.0249999999999773,83.58421880295347,TRUE,-1,-1,FALSE
US-Ha1,2003,DBF,AmeriFlux,-134.161,52.7864,-112.904,42.9391,-21.257000000000005,21.257000000000005,68.0453549757072,TRUE,-1,-1,FALSE
US-Ha1,2004,DBF,AmeriFlux,-449.926,30.3647,-441.947,39.1541,-7.978999999999985,7.978999999999985,49.54854743481387,TRUE,-1,-1,FALSE
US-Ha1,2005,DBF,AmeriFlux,-444.796,25.1186,-437.492,31.4274,-7.303999999999974,7.303999999999974,40.23214556446126,TRUE,-1,-1,FALSE
US-Ha1,2006,DBF,AmeriFlux,-401.708,29.7834,-401.708,32.4532,0,0,44.04839504227141,TRUE,-1,-1,FALSE
US-Ha1,2007,DBF,AmeriFlux,-482.661,29.3298,-477.073,43.8198,-5.588000000000022,5.588000000000022,52.729612553858196,TRUE,-1,-1,FALSE
US-Ha1,2008,DBF,AmeriFlux,-603.236,23.9552,-598.86,33.4093,-4.375999999999976,4.375999999999976,41.110010137799776,TRUE,-1,-1,FALSE
US-Ha1,2009,DBF,AmeriFlux,34.6545,198.032,-161.588,154.983,196.2425,196.2425,251.46849367863163,TRUE,1,-1,TRUE
US-Ha1,2010,DBF,AmeriFlux,454.403,237.236,346.602,183.874,107.80100000000004,107.80100000000004,300.15090799796025,TRUE,1,1,FALSE
US-Ha1,2011,DBF,AmeriFlux,178.946,135.578,71.5696,63.903,107.3764,107.3764,149.8832462051713,TRUE,1,1,FALSE
US-Ha1,2012,DBF,AmeriFlux,-127.325,118.907,-209.31,114.698,81.985,81.985,165.21048953683297,TRUE,-1,-1,FALSE
US-Ha1,2013,DBF,AmeriFlux,-153.797,32.3506,-175.048,32.6029,21.251000000000005,21.251000000000005,45.9294067974974,TRUE,-1,-1,FALSE
US-Ha1,2014,DBF,AmeriFlux,-357.47,38.1809,-365.783,39.8526,8.312999999999988,8.312999999999988,55.19067721608424,TRUE,-1,-1,FALSE
US-Ha1,2015,DBF,AmeriFlux,-126.47,48.5225,-129.67,78.1863,3.1999999999999886,3.1999999999999886,92.01918557529186,TRUE,-1,-1,FALSE
US-Ha1,2016,DBF,AmeriFlux,-462.622,48.1871,-473.766,50.1583,11.144000000000005,11.144000000000005,69.55466673991042,TRUE,-1,-1,FALSE
US-Ha1,2017,DBF,AmeriFlux,-311.524,22.0723,-309.425,24.1887,-2.0989999999999895,2.0989999999999895,32.74568116530789,TRUE,-1,-1,FALSE
US-Ha1,2018,DBF,AmeriFlux,-484.824,17.343,-476.202,16.1089,-8.622000000000014,8.622000000000014,23.670156488920814,TRUE,-1,-1,FALSE
US-Ha1,2019,DBF,AmeriFlux,-558.052,20.8226,-543.826,20.8398,-14.225999999999999,14.225999999999999,29.459768071049034,TRUE,-1,-1,FALSE
US-Ha1,2020,DBF,AmeriFlux,-275.729,44.9339,-278.644,46.0421,2.9150000000000205,2.9150000000000205,64.33451905175012,TRUE,-1,-1,FALSE
US-Ha1,2021,DBF,AmeriFlux,-316.517,12.4795,-324.161,12.3296,7.6440000000000055,7.6440000000000055,17.543003061334737,TRUE,-1,-1,FALSE
US-Ha1,2022,DBF,AmeriFlux,-454.027,11.1728,-455.022,23.7053,0.9950000000000045,0.9950000000000045,26.20634861879846,TRUE,-1,-1,FALSE
US-Ha1,2023,DBF,AmeriFlux,-562.662,16.1777,-579.921,18.9464,17.259000000000015,17.259000000000015,24.91353146886246,TRUE,-1,-1,FALSE
US-Ha1,2024,DBF,AmeriFlux,-576.974,12.333,-577.216,11.7738,0.2419999999999618,0.2419999999999618,17.0506673018976,TRUE,-1,-1,FALSE
US-Hsm,2022,WET,AmeriFlux,479.148,58.6907,357.952,60.3768,121.19600000000003,121.19600000000003,84.20187791688497,FALSE,1,1,FALSE
US-Hsm,2023,WET,AmeriFlux,340.767,45.9342,278.875,108.781,61.891999999999996,61.891999999999996,118.08156795469817,TRUE,1,1,FALSE
US-Hsm,2024,WET,AmeriFlux,320.014,22.3962,272.741,63.2431,47.273000000000025,47.273000000000025,67.09157526880703,TRUE,1,1,FALSE
US-Hsm,2025,WET,AmeriFlux,278.47,33.6098,234.836,94.2372,43.634000000000015,43.634000000000015,100.05132942585021,TRUE,1,1,FALSE
US-IAB,2020,CRO,AmeriFlux,-45.5391,17.9735,-44.7665,11.9305,-0.7725999999999971,0.7725999999999971,21.572749766777534,TRUE,-1,-1,FALSE
US-IAB,2022,CRO,AmeriFlux,-577.648,19.5113,-580.729,19.909,3.0810000000000173,3.0810000000000173,27.875779965590198,TRUE,-1,-1,FALSE
US-IAB,2023,CRO,AmeriFlux,-102.282,16.1799,-113.04,21.0075,10.75800000000001,10.75800000000001,26.51611246506546,TRUE,-1,-1,FALSE
US-IAC,2020,CRO,AmeriFlux,-448.357,9.72435,-448.747,9.50226,0.38999999999998636,0.38999999999998636,13.596173286263307,TRUE,-1,-1,FALSE
US-IAC,2021,CRO,AmeriFlux,-86.6082,16.6597,-95.0281,11.5027,8.419899999999998,8.419899999999998,20.24494285939084,TRUE,-1,-1,FALSE
US-IAC,2022,CRO,AmeriFlux,-268.662,13.2239,-270.642,13.0744,1.9800000000000182,1.9800000000000182,18.596006737200327,TRUE,-1,-1,FALSE
US-IAC,2023,CRO,AmeriFlux,-740.403,20.0096,-740.075,18.6566,-0.32799999999997453,0.32799999999997453,27.35786570111053,TRUE,-1,-1,FALSE
US-IAM,2020,CRO,AmeriFlux,-704.007,24.7684,-691.11,23.7731,-12.896999999999935,12.896999999999935,34.33123828483325,TRUE,-1,-1,FALSE
US-IAM,2021,CRO,AmeriFlux,-26.6309,33.3451,-60.0425,76.1863,33.41159999999999,33.41159999999999,83.16398259883903,TRUE,-1,-1,FALSE
US-IAM,2022,CRO,AmeriFlux,-867.988,12.9479,-858.542,11.961,-9.446000000000026,9.446000000000026,17.62707109561881,TRUE,-1,-1,FALSE
US-ICh,2010,OSH,AmeriFlux,-42.5739,5.8323,-36.844,5.44222,-5.729900000000001,5.729900000000001,7.977059722629636,TRUE,-1,-1,FALSE
US-ICh,2011,OSH,AmeriFlux,-39.1539,6.4252,-41.0243,5.07634,1.8703999999999965,1.8703999999999965,8.188554380084435,TRUE,-1,-1,FALSE
US-ICh,2012,OSH,AmeriFlux,-39.4338,6.6953,-35.5792,8.62403,-3.854599999999998,3.854599999999998,10.91791809508113,TRUE,-1,-1,FALSE
US-ICh,2013,OSH,AmeriFlux,-9.23563,3.192,-9.05477,3.53513,-0.1808600000000009,0.1808600000000009,4.762983111128991,TRUE,-1,-1,FALSE
US-ICh,2014,OSH,AmeriFlux,62.6723,10.491,61.9995,10.8619,0.6728000000000023,0.6728000000000023,15.101057996378929,TRUE,1,1,FALSE
US-ICh,2015,OSH,AmeriFlux,29.2903,3.40745,31.0854,3.2314600000000002,-1.7951000000000015,1.7951000000000015,4.696067422226815,TRUE,1,1,FALSE
US-ICh,2016,OSH,AmeriFlux,32.8381,5.68626,31.2216,9.86171,1.6164999999999985,1.6164999999999985,11.383623189112507,TRUE,1,1,FALSE
US-ICh,2017,OSH,AmeriFlux,13.7577,1.73117,14.628,5.33199,-0.8703000000000003,0.8703000000000003,5.605984920511292,TRUE,1,1,FALSE
US-ICh,2018,OSH,AmeriFlux,19.6885,2.76333,22.1214,5.05631,-2.4329,2.4329,5.762140531521251,TRUE,1,1,FALSE
US-ICh,2019,OSH,AmeriFlux,-7.66924,2.92855,-10.2889,4.45074,2.6196599999999997,2.6196599999999997,5.327803642224439,TRUE,-1,-1,FALSE
US-ICh,2020,OSH,AmeriFlux,-5.20179,1.77523,-5.2513,4.16389,0.04950999999999972,0.04950999999999972,4.526524216769419,TRUE,-1,-1,FALSE
US-ICh,2021,OSH,AmeriFlux,52.9907,10.2302,51.975,11.4428,1.0156999999999954,1.0156999999999954,15.349093259212415,TRUE,1,1,FALSE
US-ICh,2022,OSH,AmeriFlux,41.7629,18.4648,55.7026,45.72,-13.939699999999995,13.939699999999995,49.30788211878503,TRUE,1,1,FALSE
US-ICh,2023,OSH,AmeriFlux,-52.2166,14.3613,-54.4906,5.97827,2.274000000000001,2.274000000000001,15.555920091171078,TRUE,-1,-1,FALSE
US-ICh,2024,OSH,AmeriFlux,149.458,73.6569,138.215,49.6291,11.242999999999995,11.242999999999995,88.816589015904,TRUE,1,1,FALSE
US-ICh,2025,OSH,AmeriFlux,160.771,59.8059,127.938,45.2578,32.832999999999984,32.832999999999984,75.00009423760747,TRUE,1,1,FALSE
US-ICs,2010,WET,AmeriFlux,9.4786,3.79886,19.8669,6.87695,-10.388300000000001,10.388300000000001,7.856448217999021,FALSE,1,1,FALSE
US-ICs,2011,WET,AmeriFlux,20.3693,5.80175,28.0244,10.5616,-7.655100000000001,7.655100000000001,12.050215667053433,TRUE,1,1,FALSE
US-ICs,2012,WET,AmeriFlux,-1.17829,8.40659,-7.58255,13.0878,6.404260000000001,6.404260000000001,15.555104122701975,TRUE,-1,-1,FALSE
US-ICs,2014,WET,AmeriFlux,167.622,28.6954,168.019,23.9174,-0.39699999999999136,0.39699999999999136,37.35596343182705,TRUE,1,1,FALSE
US-ICs,2015,WET,AmeriFlux,192.463,27.1636,195.39,36.3127,-2.9269999999999925,2.9269999999999925,45.348355496643975,TRUE,1,1,FALSE
US-ICs,2016,WET,AmeriFlux,124.049,7.74024,124.084,11.0935,-0.03499999999999659,0.03499999999999659,13.526901252969951,TRUE,1,1,FALSE
US-ICs,2017,WET,AmeriFlux,40.5924,2.1635,39.1884,4.27643,1.4039999999999964,1.4039999999999964,4.7925552469324755,TRUE,1,1,FALSE
US-ICs,2018,WET,AmeriFlux,41.5842,1.85749,42.1554,2.02705,-0.5711999999999975,0.5711999999999975,2.749400080490288,TRUE,1,1,FALSE
US-ICs,2019,WET,AmeriFlux,32.3761,2.02887,32.3533,2.72999,0.022800000000003706,0.022800000000003706,3.4013466269993713,TRUE,1,1,FALSE
US-ICs,2020,WET,AmeriFlux,19.2575,2.4621,19.0157,2.13368,0.24180000000000135,0.24180000000000135,3.257994283665949,TRUE,1,1,FALSE
US-ICs,2021,WET,AmeriFlux,26.4087,5.584,31.9062,4.08207,-5.497499999999999,5.497499999999999,6.91696114525013,TRUE,1,1,FALSE
US-ICs,2022,WET,AmeriFlux,189.372,35.6279,180.848,31.9029,8.524000000000001,8.524000000000001,47.824076434574245,TRUE,1,1,FALSE
US-ICs,2023,WET,AmeriFlux,182.328,38.6645,157.843,32.3512,24.485000000000014,24.485000000000014,50.41372533040977,TRUE,1,1,FALSE
US-ICs,2024,WET,AmeriFlux,105.266,15.1493,94.5998,18.8428,10.666200000000003,10.666200000000003,24.177518531271982,TRUE,1,1,FALSE
US-ICs,2025,WET,AmeriFlux,117.755,26.3297,94.3624,23.83,23.3926,23.3926,35.51227959579616,TRUE,1,1,FALSE
US-ICt,2013,OSH,AmeriFlux,-49.7095,3.78666,-45.6289,6.3958,-4.080599999999997,4.080599999999997,7.432701500504376,TRUE,-1,-1,FALSE
US-ICt,2016,OSH,AmeriFlux,18.4947,7.81411,20.3967,13.2068,-1.9019999999999975,1.9019999999999975,15.345353737600838,TRUE,1,1,FALSE
US-ICt,2017,OSH,AmeriFlux,-24.6315,3.48596,-24.0348,4.84923,-0.5966999999999985,0.5966999999999985,5.972181235905355,TRUE,-1,-1,FALSE
US-ICt,2018,OSH,AmeriFlux,15.5001,8.92046,8.90971,13.9587,6.590389999999999,6.590389999999999,16.5656244162905,TRUE,1,1,FALSE
US-ICt,2019,OSH,AmeriFlux,-24.0325,3.54297,-26.7892,6.55398,2.756700000000002,2.756700000000002,7.450321487110473,TRUE,-1,-1,FALSE
US-ICt,2020,OSH,AmeriFlux,-43.2996,5.49483,-43.0163,5.8219,-0.283299999999997,0.283299999999997,8.005477895722404,TRUE,-1,-1,FALSE
US-ICt,2021,OSH,AmeriFlux,27.1689,6.08656,19.3023,9.77359,7.866600000000002,7.866600000000002,11.513873115581047,TRUE,1,1,FALSE
US-ICt,2022,OSH,AmeriFlux,120.583,28.1068,135.254,41.8166,-14.670999999999992,14.670999999999992,50.38472230547669,TRUE,1,1,FALSE
US-ICt,2024,OSH,AmeriFlux,82.8143,39.1805,58.4523,42.364,24.362000000000002,24.362000000000002,57.70459319889535,TRUE,1,1,FALSE
US-ICt,2025,OSH,AmeriFlux,182.835,75.7515,134.312,84.4115,48.522999999999996,48.522999999999996,113.41777234851688,TRUE,1,1,FALSE
US-Jo1,2010,OSH,AmeriFlux,-114.233,NA,-98.5696,NA,-15.66340000000001,15.66340000000001,NA,NA,-1,-1,FALSE
US-Jo1,2011,OSH,AmeriFlux,-79.7817,14.158,-70.9018,15.7157,-8.879900000000006,8.879900000000006,21.152592996840838,TRUE,-1,-1,FALSE
US-Jo1,2012,OSH,AmeriFlux,-153.096,5.97958,-149.501,5.01436,-3.594999999999999,3.594999999999999,7.803792871802788,TRUE,-1,-1,FALSE
US-Jo1,2013,OSH,AmeriFlux,-180.062,6.5904,-182.119,6.67973,2.056999999999988,2.056999999999988,9.383611513319378,TRUE,-1,-1,FALSE
US-Jo1,2014,OSH,AmeriFlux,-151.524,13.7836,-153.834,13.4682,2.3100000000000023,2.3100000000000023,19.271223111157216,TRUE,-1,-1,FALSE
US-Jo1,2015,OSH,AmeriFlux,-95.3458,27.3846,-104.307,25.1102,8.961200000000005,8.961200000000005,37.154252262695316,TRUE,-1,-1,FALSE
US-Jo1,2016,OSH,AmeriFlux,-143.939,6.98199,-138.994,7.95301,-4.944999999999993,4.944999999999993,10.582936852320342,TRUE,-1,-1,FALSE
US-Jo1,2018,OSH,AmeriFlux,-160.998,5.26653,-156.27,15.4792,-4.72799999999998,4.72799999999998,16.350595428940807,TRUE,-1,-1,FALSE
US-Jo1,2019,OSH,AmeriFlux,-212.386,5.37567,-212.236,7.32572,-0.15000000000000568,0.15000000000000568,9.086473544081885,TRUE,-1,-1,FALSE
US-Jo1,2020,OSH,AmeriFlux,-158.565,12.1066,-157.64,12.597,-0.9250000000000114,0.9250000000000114,17.47152462036442,TRUE,-1,-1,FALSE
US-Jo1,2021,OSH,AmeriFlux,-47.3797,6.51242,-44.5272,6.39261,-2.852499999999999,2.852499999999999,9.125627478069658,TRUE,-1,-1,FALSE
US-KFS,2008,GRA,AmeriFlux,-101.308,9.25777,-98.3664,14.3879,-2.941600000000008,2.941600000000008,17.1090026530742,TRUE,-1,-1,FALSE
US-KFS,2009,GRA,AmeriFlux,-232.71,21.9753,-228.657,26.8205,-4.052999999999997,4.052999999999997,34.673520593386534,TRUE,-1,-1,FALSE
US-KFS,2011,GRA,AmeriFlux,-31.292,10.495,-32.8539,11.7852,1.5619000000000014,1.5619000000000014,15.780873361129288,TRUE,-1,-1,FALSE
US-KFS,2012,GRA,AmeriFlux,-115.537,7.76621,-122.491,12.257,6.9539999999999935,6.9539999999999935,14.510274524077758,TRUE,-1,-1,FALSE
US-KFS,2013,GRA,AmeriFlux,-311.483,11.0884,-312.118,9.32104,0.6349999999999909,0.6349999999999909,14.485661919346317,TRUE,-1,-1,FALSE
US-KFS,2014,GRA,AmeriFlux,-216.153,9.84484,-216.922,10.5389,0.7690000000000055,0.7690000000000055,14.421833719593359,TRUE,-1,-1,FALSE
US-KFS,2015,GRA,AmeriFlux,-52.6715,16.0279,-53.4754,15.2595,0.8038999999999987,0.8038999999999987,22.130203764538635,TRUE,-1,-1,FALSE
US-KFS,2016,GRA,AmeriFlux,-63.0111,13.537,-67.3535,10.2212,4.342399999999998,4.342399999999998,16.962408391499128,TRUE,-1,-1,FALSE
US-KFS,2017,GRA,AmeriFlux,-192.109,21.5729,-186.983,15.6996,-5.126000000000005,5.126000000000005,26.680844337651685,TRUE,-1,-1,FALSE
US-KFS,2018,GRA,AmeriFlux,57.8338,36.6911,76.1452,16.9336,-18.311400000000006,18.311400000000006,40.41019213230741,TRUE,1,1,FALSE
US-KFS,2019,GRA,AmeriFlux,111.215,NA,112.155,NA,-0.9399999999999977,0.9399999999999977,NA,NA,1,1,FALSE
US-KPL,2022,WET,AmeriFlux,20.8034,10.5015,25.2358,10.2471,-4.432400000000001,4.432400000000001,14.672578527988868,TRUE,1,1,FALSE
US-KPL,2023,WET,AmeriFlux,-31.0224,7.04545,-30.5625,7.65311,-0.4599000000000011,0.4599000000000011,10.402329468662295,TRUE,-1,-1,FALSE
US-KPL,2024,WET,AmeriFlux,-64.0952,6.36106,-61.37,6.40208,-2.725200000000008,2.725200000000008,9.024949454152084,TRUE,-1,-1,FALSE
US-KS2,2004,CSH,AmeriFlux,-208.501,23.79,-208.145,23.9535,-0.35599999999999454,0.35599999999999454,33.75995056646262,TRUE,-1,-1,FALSE
US-KS2,2005,CSH,AmeriFlux,-452.432,31.9909,-462.779,26.1826,10.34699999999998,10.34699999999998,41.339402820674614,TRUE,-1,-1,FALSE
US-KS2,2006,CSH,AmeriFlux,-344.168,41.783,-342.419,37.5912,-1.7490000000000236,1.7490000000000236,56.20424722776741,TRUE,-1,-1,FALSE
US-Kon,2004,GRA,AmeriFlux,-194.059,10.714,-188.445,9.44705,-5.614000000000004,5.614000000000004,14.284136295292761,TRUE,-1,-1,FALSE
US-Kon,2005,GRA,AmeriFlux,159.028,12.5165,141.241,15.447,17.786999999999978,17.786999999999978,19.881463257265548,TRUE,1,1,FALSE
US-Kon,2007,GRA,AmeriFlux,12.6264,19.3472,10.8691,19.7566,1.7573000000000008,1.7573000000000008,27.65207752412104,TRUE,1,1,FALSE
US-Kon,2008,GRA,AmeriFlux,-166.659,24.5758,-157.299,27.0417,-9.359999999999985,9.359999999999985,36.540709962040964,TRUE,-1,-1,FALSE
US-Kon,2009,GRA,AmeriFlux,-168.506,43.4794,-155.308,40.7117,-13.198000000000008,13.198000000000008,59.56425724585172,TRUE,-1,-1,FALSE
US-Kon,2010,GRA,AmeriFlux,-188.418,23.9056,-184.416,21.4177,-4.0020000000000095,4.0020000000000095,32.09666002327968,TRUE,-1,-1,FALSE
US-Kon,2011,GRA,AmeriFlux,-258.742,18.544,-245.365,19.0887,-13.37700000000001,13.37700000000001,26.613124651006316,TRUE,-1,-1,FALSE
US-Kon,2012,GRA,AmeriFlux,10.0573,10.1623,10.922,10.135,-0.8647000000000009,0.8647000000000009,14.352371451784546,TRUE,1,1,FALSE
US-Kon,2013,GRA,AmeriFlux,-406.396,12.4207,-403.559,14.5729,-2.836999999999989,2.836999999999989,19.147929467699633,TRUE,-1,-1,FALSE
US-Kon,2014,GRA,AmeriFlux,-139.23,44.089,-153.777,44.4011,14.546999999999997,14.546999999999997,62.57233895428554,TRUE,-1,-1,FALSE
US-Kon,2015,GRA,AmeriFlux,-409.288,8.97685,-410.011,10.5711,0.7230000000000132,0.7230000000000132,13.868380984545384,TRUE,-1,-1,FALSE
US-Kon,2016,GRA,AmeriFlux,37.0924,7.6485,37.0924,7.66925,0,0,10.8312948354525,TRUE,1,1,FALSE
US-Kon,2017,GRA,AmeriFlux,-129.229,10.8717,-129.031,11.0797,-0.1980000000000075,0.1980000000000075,15.52268059904603,TRUE,-1,-1,FALSE
US-Kon,2018,GRA,AmeriFlux,21.7877,13.2919,25.2316,14.5664,-3.4438999999999993,3.4438999999999993,19.719396911924054,TRUE,1,1,FALSE
US-LA3,2022,WET,AmeriFlux,-516.143,25.1697,-515.808,28.9847,-0.3350000000000364,0.3350000000000364,38.38784484937908,TRUE,-1,-1,FALSE
US-LA3,2023,WET,AmeriFlux,-656.212,16.7957,-656.699,17.6355,0.48699999999996635,0.48699999999996635,24.353775862071164,TRUE,-1,-1,FALSE
US-LS1,2004,GRA,AmeriFlux,-78.1072,9.3346,-87.6632,7.74923,9.555999999999997,9.555999999999997,12.131995827270137,TRUE,-1,-1,FALSE
US-LS1,2005,GRA,AmeriFlux,-178.692,29.361,-180.673,29.2933,1.9809999999999945,1.9809999999999945,41.474880902662036,TRUE,-1,-1,FALSE
US-LS1,2006,GRA,AmeriFlux,-50.0796,22.5187,-57.8793,23.7085,7.799700000000001,7.799700000000001,32.698391733233606,TRUE,-1,-1,FALSE
US-LS1,2007,GRA,AmeriFlux,-161.047,20.7964,-163.227,21.2097,2.180000000000007,2.180000000000007,29.70423584356278,TRUE,-1,-1,FALSE
US-MBP,2009,WET,AmeriFlux,-231.426,6.12545,-231.353,3.44923,-0.07299999999997908,0.07299999999997908,7.029816874954852,TRUE,-1,-1,FALSE
US-MBP,2010,WET,AmeriFlux,-199.296,17.5715,-198.382,15.344,-0.9139999999999873,0.9139999999999873,23.328007807140327,TRUE,-1,-1,FALSE
US-MBP,2011,WET,AmeriFlux,-353.784,7.42524,-354.011,7.81755,0.2270000000000323,0.2270000000000323,10.781849426703195,TRUE,-1,-1,FALSE
US-MBP,2012,WET,AmeriFlux,-195.352,8.09129,-194.435,14.0219,-0.9170000000000016,0.9170000000000016,16.188967029248655,TRUE,-1,-1,FALSE
US-MBP,2013,WET,AmeriFlux,-256.859,7.41512,-247.298,7.86688,-9.560999999999979,9.560999999999979,10.810726411707957,TRUE,-1,-1,FALSE
US-MBP,2014,WET,AmeriFlux,-285.814,6.68797,-287.595,11.0652,1.781000000000006,1.781000000000006,12.92933075456344,TRUE,-1,-1,FALSE
US-MBP,2015,WET,AmeriFlux,-211.305,2.33857,-211.295,2.44993,-0.010000000000019327,0.010000000000019327,3.386896315182973,TRUE,-1,-1,FALSE
US-MBP,2016,WET,AmeriFlux,-199.408,6.02401,-201.792,6.84729,2.3840000000000146,2.3840000000000146,9.119982282011298,TRUE,-1,-1,FALSE
US-MBP,2017,WET,AmeriFlux,-223.679,7.52872,-224.219,7.40316,0.539999999999992,0.539999999999992,10.558806884492205,TRUE,-1,-1,FALSE
US-MBP,2018,WET,AmeriFlux,-217.076,6.21304,-216.764,5.43935,-0.3119999999999834,0.3119999999999834,8.257626442513612,TRUE,-1,-1,FALSE
US-MBP,2019,WET,AmeriFlux,-264.004,11.2639,-272.054,10.6574,8.049999999999955,8.049999999999955,15.506631419170315,TRUE,-1,-1,FALSE
US-MBP,2020,WET,AmeriFlux,-248.591,8.23941,-248.859,7.4498,0.2680000000000007,0.2680000000000007,11.107987990095236,TRUE,-1,-1,FALSE
US-MBP,2021,WET,AmeriFlux,-175.368,2.29207,-173.05,2.46062,-2.3179999999999836,2.3179999999999836,3.3627720216065793,TRUE,-1,-1,FALSE
US-MBP,2022,WET,AmeriFlux,-342.619,5.73707,-345.386,8.84434,2.766999999999996,2.766999999999996,10.542121333986818,TRUE,-1,-1,FALSE
US-MBP,2023,WET,AmeriFlux,-209.787,5.0334,-215.755,7.61763,5.967999999999989,5.967999999999989,9.130356092557397,TRUE,-1,-1,FALSE
US-MBP,2024,WET,AmeriFlux,-222.787,6.2104799999999996,-227.097,5.84238,4.310000000000002,4.310000000000002,8.526632740701336,TRUE,-1,-1,FALSE
US-MMS,1999,DBF,AmeriFlux,-391.54,23.3315,-359.609,21.7368,-31.93100000000004,31.93100000000004,31.8880442562726,FALSE,-1,-1,FALSE
US-MMS,2000,DBF,AmeriFlux,-362.976,15.4413,-347.139,16.2127,-15.836999999999989,15.836999999999989,22.389403452973017,TRUE,-1,-1,FALSE
US-MMS,2001,DBF,AmeriFlux,-386.007,15.0266,-373.139,15.3036,-12.867999999999995,12.867999999999995,21.447584491499267,TRUE,-1,-1,FALSE
US-MMS,2002,DBF,AmeriFlux,-480.626,14.5377,-470.446,23.358,-10.17999999999995,10.17999999999995,27.51255868308144,TRUE,-1,-1,FALSE
US-MMS,2003,DBF,AmeriFlux,-436.049,15.5838,-426.454,49.3229,-9.59499999999997,9.59499999999997,51.72623402926217,TRUE,-1,-1,FALSE
US-MMS,2004,DBF,AmeriFlux,-530.013,14.9027,-559.136,32.5589,29.122999999999934,29.122999999999934,35.80743549180812,TRUE,-1,-1,FALSE
US-MMS,2005,DBF,AmeriFlux,-522.848,17.1535,-544.134,21.7802,21.286000000000058,21.286000000000058,27.723990951701023,TRUE,-1,-1,FALSE
US-MMS,2006,DBF,AmeriFlux,-485.197,22.0534,-518.514,28.8526,33.31700000000001,33.31700000000001,36.31562994524534,TRUE,-1,-1,FALSE
US-MMS,2007,DBF,AmeriFlux,-522.4,27.4142,-526.269,26.4493,3.869000000000028,3.869000000000028,38.093356797872254,TRUE,-1,-1,FALSE
US-MMS,2008,DBF,AmeriFlux,-433.493,12.7098,-433.422,12.3819,-0.07099999999996953,0.07099999999996953,17.744026139802656,TRUE,-1,-1,FALSE
US-MMS,2009,DBF,AmeriFlux,-319.042,40.0142,-316.89,14.1848,-2.151999999999987,2.151999999999987,42.45403105336406,TRUE,-1,-1,FALSE
US-MMS,2010,DBF,AmeriFlux,-476.199,11.6638,-494.806,12.798,18.60699999999997,18.60699999999997,17.31568752432314,FALSE,-1,-1,FALSE
US-MMS,2011,DBF,AmeriFlux,-295.209,10.134,-299.388,10.9029,4.178999999999974,4.178999999999974,14.885267361052001,TRUE,-1,-1,FALSE
US-MMS,2012,DBF,AmeriFlux,-353.145,8.82093,-348.06,8.71614,-5.0849999999999795,5.0849999999999795,12.40080249679431,TRUE,-1,-1,FALSE
US-MMS,2013,DBF,AmeriFlux,-405.961,12.4907,-419.819,14.2333,13.858000000000004,13.858000000000004,18.936853365329732,TRUE,-1,-1,FALSE
US-MMS,2014,DBF,AmeriFlux,-416.256,10.1551,-414.443,9.0584,-1.8129999999999882,1.8129999999999882,13.608110323259435,TRUE,-1,-1,FALSE
US-MMS,2015,DBF,AmeriFlux,-348.826,21.5506,-351.933,17.4241,3.106999999999971,3.106999999999971,27.713311263181815,TRUE,-1,-1,FALSE
US-MMS,2016,DBF,AmeriFlux,-321.924,52.0348,-310.75,49.0673,-11.173999999999978,11.173999999999978,71.52076859437403,TRUE,-1,-1,FALSE
US-MMS,2017,DBF,AmeriFlux,-345.441,14.9394,-342.597,14.5893,-2.843999999999994,2.843999999999994,20.881411514789896,TRUE,-1,-1,FALSE
US-MMS,2018,DBF,AmeriFlux,-441.222,12.2742,-442.542,13.608,1.3199999999999932,1.3199999999999932,18.325764639981603,TRUE,-1,-1,FALSE
US-MMS,2019,DBF,AmeriFlux,-448.232,16.9024,-447.776,29.6162,-0.4560000000000173,0.4560000000000173,34.1000062785918,TRUE,-1,-1,FALSE
US-MMS,2020,DBF,AmeriFlux,-417.058,23.6311,-443.256,32.1358,26.19799999999998,26.19799999999998,39.889077813983114,TRUE,-1,-1,FALSE
US-MMS,2021,DBF,AmeriFlux,-427.362,23.6097,-440.955,24.0528,13.592999999999961,13.592999999999961,33.70393333025094,TRUE,-1,-1,FALSE
US-MMS,2022,DBF,AmeriFlux,-459.143,16.0238,-443.958,19.4921,-15.184999999999945,15.184999999999945,25.232996826576112,TRUE,-1,-1,FALSE
US-MMS,2023,DBF,AmeriFlux,-631.055,12.3599,-630.405,12.1168,-0.6499999999999773,0.6499999999999773,17.308494164715775,TRUE,-1,-1,FALSE
US-MN1,2018,CRO,AmeriFlux,-748.471,13.9566,-751.428,13.0337,2.9569999999999936,2.9569999999999936,19.09617813202422,TRUE,-1,-1,FALSE
US-MN1,2019,CRO,AmeriFlux,-52.8072,18.798,-50.2916,17.0395,-2.515599999999999,2.515599999999999,25.37142810820865,TRUE,-1,-1,FALSE
US-MN1,2020,CRO,AmeriFlux,-601.063,12.058,-601.21,12.1337,0.1470000000000482,0.1470000000000482,17.106198867369688,TRUE,-1,-1,FALSE
US-MN1,2021,CRO,AmeriFlux,-71.8097,7.31489,-65.5929,6.25121,-6.216800000000006,6.216800000000006,9.622122540073994,TRUE,-1,-1,FALSE
US-MN1,2022,CRO,AmeriFlux,76.4822,19.6144,67.5283,13.7728,8.953900000000004,8.953900000000004,23.96695031079257,TRUE,1,1,FALSE
US-MN1,2023,CRO,AmeriFlux,-385.06,11.6731,-382.228,8.70538,-2.8319999999999936,2.8319999999999936,14.56176172564295,TRUE,-1,-1,FALSE
US-MN1,2024,CRO,AmeriFlux,-207.021,7.03683,-209.335,7.79753,2.3140000000000214,2.3140000000000214,10.503259044210992,TRUE,-1,-1,FALSE
US-MN2,2018,CRO,AmeriFlux,-59.5408,8.08671,-62.8956,8.13246,3.3548000000000044,3.3548000000000044,11.46873071772548,TRUE,-1,-1,FALSE
US-MN2,2019,CRO,AmeriFlux,-1.89803,11.5185,1.16152,12.3641,-3.05955,3.05955,16.89813040131955,TRUE,-1,1,TRUE
US-MN2,2020,CRO,AmeriFlux,-457.221,10.3832,-465.607,12.511,8.386000000000024,8.386000000000024,16.258412076214576,TRUE,-1,-1,FALSE
US-MN2,2021,CRO,AmeriFlux,-92.9644,4.90251,-92.9399,5.79475,-0.024500000000003297,0.024500000000003297,7.590370996374288,TRUE,-1,-1,FALSE
US-MN2,2022,CRO,AmeriFlux,145.31,9.31592,144.024,10.597,1.2860000000000014,1.2860000000000014,14.10966953710823,TRUE,1,1,FALSE
US-MN2,2023,CRO,AmeriFlux,-161.455,14.5934,-160.167,14.7742,-1.288000000000011,1.288000000000011,20.766422638480613,TRUE,-1,-1,FALSE
US-MN2,2024,CRO,AmeriFlux,-43.4987,14.3533,-43.3936,10.8857,-0.1051000000000002,0.1051000000000002,18.014318898587312,TRUE,-1,-1,FALSE
US-MN3,2021,CRO,AmeriFlux,-61.9426,10.4682,-60.9901,10.986,-0.9525000000000006,0.9525000000000006,15.174828079421525,TRUE,-1,-1,FALSE
US-MN3,2022,CRO,AmeriFlux,-517.459,8.43557,-509.423,9.62858,-8.035999999999945,8.035999999999945,12.801109094187893,TRUE,-1,-1,FALSE
US-MN3,2023,CRO,AmeriFlux,-49.0623,13.4385,-50.0409,13.8228,0.9786000000000001,0.9786000000000001,19.27856535352151,TRUE,-1,-1,FALSE
US-MN3,2024,CRO,AmeriFlux,-627.484,9.20224,-628.255,7.97363,0.7709999999999582,0.7709999999999582,12.176206157687211,TRUE,-1,-1,FALSE
US-MOz,2005,DBF,AmeriFlux,-486.669,13.8917,-496.705,11.0476,10.036000000000001,10.036000000000001,17.74905052812685,TRUE,-1,-1,FALSE
US-MOz,2007,DBF,AmeriFlux,-458.58,13.4317,-466.982,21.9459,8.402000000000044,8.402000000000044,25.730003725223206,TRUE,-1,-1,FALSE
US-MOz,2008,DBF,AmeriFlux,-529.66,22.3464,-533.022,22.8283,3.36200000000008,3.36200000000008,31.94515415286018,TRUE,-1,-1,FALSE
US-MOz,2009,DBF,AmeriFlux,-481.386,11.1843,-491.717,18.5224,10.33099999999996,10.33099999999996,21.637187161227775,TRUE,-1,-1,FALSE
US-MOz,2010,DBF,AmeriFlux,-360.44,17.7267,-364.279,14.7921,3.8389999999999986,3.8389999999999986,23.08770485128394,TRUE,-1,-1,FALSE
US-MOz,2011,DBF,AmeriFlux,-344.625,5.97808,-342.55,7.32399,-2.0749999999999886,2.0749999999999886,9.454008145040918,TRUE,-1,-1,FALSE
US-MOz,2012,DBF,AmeriFlux,-131.443,16.112,-130.499,10.4931,-0.9440000000000168,0.9440000000000168,19.22762834074967,TRUE,-1,-1,FALSE
US-MOz,2013,DBF,AmeriFlux,-357.257,13.8802,-356.762,14.6464,-0.49500000000000455,0.49500000000000455,20.17862693544831,TRUE,-1,-1,FALSE
US-MOz,2014,DBF,AmeriFlux,-285.061,15.6979,-293.283,15.7424,8.222000000000037,8.222000000000037,22.23167160089407,TRUE,-1,-1,FALSE
US-MOz,2015,DBF,AmeriFlux,-205.968,18.4488,-189.692,16.6042,-16.275999999999982,16.275999999999982,24.82050924296276,TRUE,-1,-1,FALSE
US-MOz,2016,DBF,AmeriFlux,-374.06,16.128,-375.725,10.4662,1.6650000000000205,1.6650000000000205,19.226381002154305,TRUE,-1,-1,FALSE
US-MOz,2017,DBF,AmeriFlux,-435.311,14.5842,-430.724,14.4015,-4.586999999999989,4.586999999999989,20.496392167647457,TRUE,-1,-1,FALSE
US-MOz,2018,DBF,AmeriFlux,-311.994,14.8631,-316.687,11.1228,4.692999999999984,4.692999999999984,18.56417036794265,TRUE,-1,-1,FALSE
US-MOz,2019,DBF,AmeriFlux,-418.598,20.1003,-415.819,19.7423,-2.7789999999999964,2.7789999999999964,28.174109912825998,TRUE,-1,-1,FALSE
US-MOz,2020,DBF,AmeriFlux,-347.84,14.3403,-343.744,14.4588,-4.095999999999947,4.095999999999947,20.364211291626297,TRUE,-1,-1,FALSE
US-MOz,2021,DBF,AmeriFlux,-327.209,17.4932,-323.475,18.4307,-3.7339999999999804,3.7339999999999804,25.410681784045074,TRUE,-1,-1,FALSE
US-Me3,2004,ENF,AmeriFlux,-13.8546,9.37543,-17.3399,7.23188,3.4853000000000005,3.4853000000000005,11.84055640666012,TRUE,-1,-1,FALSE
US-Me3,2005,ENF,AmeriFlux,47.148,6.38949,44.3736,5.75985,2.7744,2.7744,8.60240980671114,TRUE,1,1,FALSE
US-Me3,2008,ENF,AmeriFlux,-91.491,13.5783,-90.8507,13.693,-0.6402999999999963,0.6402999999999963,19.283891720552674,TRUE,-1,-1,FALSE
US-Me5,2001,ENF,AmeriFlux,-126.872,6.00715,-130.687,5.98389,3.815000000000012,3.815000000000012,8.478961649553558,TRUE,-1,-1,FALSE
US-Me5,2002,ENF,AmeriFlux,-165.491,4.3601,-168.051,6.99129,2.559999999999974,2.559999999999974,8.239454343225649,TRUE,-1,-1,FALSE
US-Me6,2011,ENF,AmeriFlux,-286.364,11.4777,-378.57,136.54,92.20600000000002,92.20600000000002,137.02156471625187,TRUE,-1,-1,FALSE
US-Me6,2012,ENF,AmeriFlux,-221.409,104.933,-264.626,115.845,43.216999999999985,43.216999999999985,156.30418584925997,TRUE,-1,-1,FALSE
US-Me6,2013,ENF,AmeriFlux,-273.878,117.279,-183.267,105.224,-90.61099999999999,90.61099999999999,157.56412668180533,TRUE,-1,-1,FALSE
US-Me6,2014,ENF,AmeriFlux,-213.568,106.475,-135.479,95.6095,-78.089,78.089,143.1017194699281,TRUE,-1,-1,FALSE
US-Me6,2015,ENF,AmeriFlux,-29.7946,65.01,-0.239965,57.0841,-29.554634999999998,29.554634999999998,86.51528519753028,TRUE,-1,-1,FALSE
US-Me6,2016,ENF,AmeriFlux,-28.4943,38.8841,-15.9231,39.5251,-12.5712,12.5712,55.4455296919418,TRUE,-1,-1,FALSE
US-Me6,2017,ENF,AmeriFlux,45.9303,40.3627,49.6425,40.7121,-3.7121999999999957,3.7121999999999957,57.32907323252312,TRUE,1,1,FALSE
US-Me6,2018,ENF,AmeriFlux,111.6,22.7008,118.904,24.115,-7.304000000000002,7.304000000000002,33.118869933015525,TRUE,1,1,FALSE
US-Me6,2021,ENF,AmeriFlux,-35.834,20.4189,-42.6999,20.3993,6.865899999999996,6.865899999999996,28.86282934329204,TRUE,-1,-1,FALSE
US-Me6,2022,ENF,AmeriFlux,8.92762,14.4713,-3.38638,16.0984,12.314,12.314,21.646639606414663,TRUE,1,-1,TRUE
US-Me6,2023,ENF,AmeriFlux,88.1519,5.86429,98.2873,7.22548,-10.135400000000004,10.135400000000004,9.305775541807357,FALSE,1,1,FALSE
US-Me6,2024,ENF,AmeriFlux,30.7927,22.5274,58.5648,26.2086,-27.7721,27.7721,34.55972315745599,TRUE,1,1,FALSE
US-Me6,2025,ENF,AmeriFlux,-44.6959,66.0619,-76.4541,62.0683,31.758199999999995,31.758199999999995,90.64573071303468,TRUE,-1,-1,FALSE
US-Mo1,2016,CRO,AmeriFlux,-371.175,5.27197,-374.172,5.45204,2.997000000000014,2.997000000000014,7.584089124113719,TRUE,-1,-1,FALSE
US-Mo1,2018,CRO,AmeriFlux,-277.617,15.9867,-277.407,16.876,-0.21000000000003638,0.21000000000003638,23.245944869804713,TRUE,-1,-1,FALSE
US-Mo1,2019,CRO,AmeriFlux,-22.1856,26.5385,-23.6648,30.3243,1.4791999999999987,1.4791999999999987,40.297086156941916,TRUE,-1,-1,FALSE
US-Mo1,2020,CRO,AmeriFlux,-527.772,5.63321,-529.215,5.84036,1.4429999999999836,1.4429999999999836,8.114361332458643,TRUE,-1,-1,FALSE
US-Mo1,2021,CRO,AmeriFlux,-371.284,9.9039,-374.942,9.17921,3.6580000000000155,3.6580000000000155,13.503522926780995,TRUE,-1,-1,FALSE
US-Mo1,2022,CRO,AmeriFlux,-704.114,7.38231,-704.877,7.27429,0.76299999999992,0.76299999999992,10.364062714022914,TRUE,-1,-1,FALSE
US-Mo1,2023,CRO,AmeriFlux,-167.571,22.0478,-183.161,13.9298,15.590000000000003,15.590000000000003,26.079586133219212,TRUE,-1,-1,FALSE
US-Mo1,2024,CRO,AmeriFlux,-427.035,9.15005,-432.413,8.31495,5.377999999999986,5.377999999999986,12.363729554830938,TRUE,-1,-1,FALSE
US-Mo2,2018,GRA,AmeriFlux,68.6128,4.9266,70.8306,7.81947,-2.217800000000011,2.217800000000011,9.242050564723177,TRUE,1,1,FALSE
US-Mo2,2019,GRA,AmeriFlux,14.0707,6.59628,13.5923,5.07662,0.4784000000000006,0.4784000000000006,8.323639856625226,TRUE,1,1,FALSE
US-Mo2,2020,GRA,AmeriFlux,-88.6922,16.1822,-85.2128,17.3054,-3.4793999999999983,3.4793999999999983,23.692624717409426,TRUE,-1,-1,FALSE
US-Mo2,2021,GRA,AmeriFlux,88.145,13.3891,90.0947,13.2039,-1.949700000000007,1.949700000000007,18.804546631599496,TRUE,1,1,FALSE
US-Mo2,2022,GRA,AmeriFlux,-54.0544,15.4339,-59.0703,13.8963,5.015900000000002,5.015900000000002,20.768062569724698,TRUE,-1,-1,FALSE
US-Mo2,2024,GRA,AmeriFlux,-100.292,34.7703,-115.511,17.2357,15.218999999999994,15.218999999999994,38.80777134260611,TRUE,-1,-1,FALSE
US-Mo3,2017,CRO,AmeriFlux,-412.82,11.3399,-414.415,10.7099,1.5950000000000273,1.5950000000000273,15.597925824288305,TRUE,-1,-1,FALSE
US-Mo3,2018,CRO,AmeriFlux,-177.03,52.605,-200.202,45.8215,23.171999999999997,23.171999999999997,69.76314132297942,TRUE,-1,-1,FALSE
US-Mo3,2019,CRO,AmeriFlux,-192.799,10.8344,-192.97,9.39587,0.17099999999999227,0.17099999999999227,14.341080726950114,TRUE,-1,-1,FALSE
US-Mo3,2020,CRO,AmeriFlux,-496.38,6.09757,-492.873,6.07988,-3.507000000000005,3.507000000000005,8.610766558170068,TRUE,-1,-1,FALSE
US-Mo3,2021,CRO,AmeriFlux,-65.096,4.17581,-62.1732,4.39431,-2.9228000000000023,2.9228000000000023,6.061959215649673,TRUE,-1,-1,FALSE
US-Mo3,2022,CRO,AmeriFlux,-243.935,11.5579,-243.788,14.6031,-0.14699999999999136,0.14699999999999136,18.623522277485534,TRUE,-1,-1,FALSE
US-Mo3,2023,CRO,AmeriFlux,-560.265,7.29625,-560.396,7.71272,0.1309999999999718,0.1309999999999718,10.617029427335124,TRUE,-1,-1,FALSE
US-Mpj,2008,WSA,AmeriFlux,-129.112,11.6444,-136.87,5.60627,7.75800000000001,7.75800000000001,12.923711335096431,TRUE,-1,-1,FALSE
US-Mpj,2009,WSA,AmeriFlux,-123.143,9.22907,-124.255,4.04538,1.1119999999999948,1.1119999999999948,10.076747114485904,TRUE,-1,-1,FALSE
US-Mpj,2010,WSA,AmeriFlux,-199.018,12.3021,-204.129,8.62341,5.11099999999999,5.11099999999999,15.023477108782108,TRUE,-1,-1,FALSE
US-Mpj,2011,WSA,AmeriFlux,-96.9514,15.937,-99.7141,13.989,2.7626999999999953,2.7626999999999953,21.205661743977714,TRUE,-1,-1,FALSE
US-Mpj,2013,WSA,AmeriFlux,-67.9309,5.6896,-69.0928,6.78616,1.1619000000000028,1.1619000000000028,8.855705263026769,TRUE,-1,-1,FALSE
US-Mpj,2014,WSA,AmeriFlux,-9.55676,14.3757,-11.7263,14.9662,2.1695399999999996,2.1695399999999996,20.752057558950632,TRUE,-1,-1,FALSE
US-Mpj,2015,WSA,AmeriFlux,-100.759,2.2129,-102.129,3.52549,1.3700000000000045,1.3700000000000045,4.162451939674499,TRUE,-1,-1,FALSE
US-Mpj,2016,WSA,AmeriFlux,-137.596,3.86423,-136.673,3.93566,-0.9230000000000018,0.9230000000000018,5.515586381201912,TRUE,-1,-1,FALSE
US-Mpj,2017,WSA,AmeriFlux,-142.116,13.2145,-139.614,15.5758,-2.5020000000000095,2.5020000000000095,20.42617330510049,TRUE,-1,-1,FALSE
US-Mpj,2018,WSA,AmeriFlux,-108.015,3.00499,-108.871,2.94676,0.8559999999999945,0.8559999999999945,4.208724200716887,TRUE,-1,-1,FALSE
US-Mpj,2019,WSA,AmeriFlux,-35.3698,6.01567,-33.6158,6.11852,-1.7539999999999978,1.7539999999999978,8.580476241986805,TRUE,-1,-1,FALSE
US-Mpj,2020,WSA,AmeriFlux,-36.2238,4.92191,-33.9628,6.06399,-2.2609999999999957,2.2609999999999957,7.810068678840155,TRUE,-1,-1,FALSE
US-Mpj,2021,WSA,AmeriFlux,-135.474,6.86069,-126.326,13.6939,-9.147999999999996,9.147999999999996,15.316395283685388,TRUE,-1,-1,FALSE
US-Mpj,2022,WSA,AmeriFlux,13.4715,11.9671,21.7515,12.94,-8.28,8.28,17.625410134518855,TRUE,1,1,FALSE
US-Mpj,2023,WSA,AmeriFlux,-4.92828,10.2931,4.89585,16.4874,-9.82413,9.82413,19.436621783890327,TRUE,-1,1,TRUE
US-Mpj,2024,WSA,AmeriFlux,-91.6305,10.3411,-77.6248,15.5267,-14.005700000000004,14.005700000000004,18.65520737220576,TRUE,-1,-1,FALSE
US-Mpj,2025,WSA,AmeriFlux,-102.175,3.35289,-96.8627,7.45955,-5.312299999999993,5.312299999999993,8.178432463167988,TRUE,-1,-1,FALSE
US-MtB,2010,ENF,AmeriFlux,-442.439,31.6216,-439.184,80.9195,-3.2549999999999955,3.2549999999999955,86.87859959052057,TRUE,-1,-1,FALSE
US-MtB,2015,ENF,AmeriFlux,-363.678,23.9682,-378.154,27.0447,14.475999999999999,14.475999999999999,36.13710571324162,TRUE,-1,-1,FALSE
US-MtB,2016,ENF,AmeriFlux,-342.818,93.2127,-335.861,88.2129,-6.956999999999994,6.956999999999994,128.33597768240986,TRUE,-1,-1,FALSE
US-MtB,2017,ENF,AmeriFlux,-558.938,86.2189,-478.931,60.5864,-80.007,80.007,105.3774671463022,TRUE,-1,-1,FALSE
US-MtB,2018,ENF,AmeriFlux,-640.89,141.731,-405.931,95.0745,-234.959,234.959,170.66586334487047,FALSE,-1,-1,FALSE
US-MtB,2019,ENF,AmeriFlux,-471.413,141.646,-465.798,69.0397,-5.615000000000009,5.615000000000009,157.5755992915464,TRUE,-1,-1,FALSE
US-MtB,2020,ENF,AmeriFlux,-240.996,18.1762,-239.047,25.0938,-1.9490000000000123,1.9490000000000123,30.985045503920116,TRUE,-1,-1,FALSE
US-MtB,2021,ENF,AmeriFlux,-287.258,41.3747,-298.345,53.6056,11.087000000000046,11.087000000000046,67.71577476076014,TRUE,-1,-1,FALSE
US-MtB,2022,ENF,AmeriFlux,-466.914,15.7659,-470.567,16.7347,3.65300000000002,3.65300000000002,22.991602530054315,TRUE,-1,-1,FALSE
US-MtB,2023,ENF,AmeriFlux,-495.544,24.2864,-480.494,25.8825,-15.049999999999955,15.049999999999955,35.49271800257061,TRUE,-1,-1,FALSE
US-MtB,2024,ENF,AmeriFlux,-460.71,22.2891,-434.545,21.4274,-26.164999999999964,26.164999999999964,30.918238138192805,TRUE,-1,-1,FALSE
US-Myb,2011,WET,AmeriFlux,230.968,35.3914,186.725,140.922,44.242999999999995,44.242999999999995,145.2981805734676,TRUE,1,1,FALSE
US-Myb,2012,WET,AmeriFlux,-304.568,15.0773,-332.013,26.103,27.444999999999993,27.444999999999993,30.1445116777499,TRUE,-1,-1,FALSE
US-Myb,2013,WET,AmeriFlux,69.7693,5.93661,64.1555,13.7656,5.613799999999998,5.613799999999998,14.991166787548591,TRUE,1,1,FALSE
US-Myb,2014,WET,AmeriFlux,-240.806,9.2501,-252.554,11.5724,11.74799999999999,11.74799999999999,14.815019128236047,TRUE,-1,-1,FALSE
US-Myb,2015,WET,AmeriFlux,-386.154,22.5046,-396.351,29.7671,10.197000000000003,10.197000000000003,37.31671560534233,TRUE,-1,-1,FALSE
US-Myb,2016,WET,AmeriFlux,36.2877,21.2268,35.171,34.1635,1.1167000000000016,1.1167000000000016,40.22091210415298,TRUE,1,1,FALSE
US-Myb,2017,WET,AmeriFlux,-554.095,48.7335,-560.056,31.9827,5.961000000000013,5.961000000000013,58.29105524469428,TRUE,-1,-1,FALSE
US-Myb,2018,WET,AmeriFlux,-770.777,62.6737,-747.931,49.3664,-22.846000000000004,22.846000000000004,79.7811639464479,TRUE,-1,-1,FALSE
US-Myb,2019,WET,AmeriFlux,-436.315,36.3068,-419.4,37.387,-16.91500000000002,16.91500000000002,52.11498340439149,TRUE,-1,-1,FALSE
US-Myb,2020,WET,AmeriFlux,-467.88,13.1561,-460.223,23.7881,-7.656999999999982,7.656999999999982,27.183757444841948,TRUE,-1,-1,FALSE
US-Myb,2021,WET,AmeriFlux,-662.558,48.7,-658.249,84.082,-4.308999999999969,4.308999999999969,97.16724100230488,TRUE,-1,-1,FALSE
US-Myb,2022,WET,AmeriFlux,-484.526,16.6318,-490.638,13.5633,6.111999999999966,6.111999999999966,21.461124810456695,TRUE,-1,-1,FALSE
US-Myb,2023,WET,AmeriFlux,-365.001,20.2755,-364.353,25.5722,-0.6479999999999677,0.6479999999999677,32.63484813952717,TRUE,-1,-1,FALSE
US-Myb,2024,WET,AmeriFlux,-466.869,7.76592,-472.039,9.14465,5.169999999999959,5.169999999999959,11.997255397335676,TRUE,-1,-1,FALSE
US-NC1,2005,ENF,AmeriFlux,658.561,36.0717,710.873,34.9924,-52.31200000000001,52.31200000000001,50.25570215060178,FALSE,1,1,FALSE
US-NC1,2006,ENF,AmeriFlux,254.501,31.3137,307.739,40.4298,-53.23799999999997,53.23799999999997,51.13821013420395,FALSE,1,1,FALSE
US-NC1,2007,ENF,AmeriFlux,223.141,14.8906,223.466,35.3682,-0.32500000000001705,0.32500000000001705,38.37498585797785,TRUE,1,1,FALSE
US-NC1,2009,ENF,AmeriFlux,-283.443,13.6209,-285.515,22.4201,2.0720000000000027,2.0720000000000027,26.233371891924225,TRUE,-1,-1,FALSE
US-NC1,2010,ENF,AmeriFlux,-415.16,22.0177,-446.836,53.8573,31.675999999999988,31.675999999999988,58.18408611106649,TRUE,-1,-1,FALSE
US-NC1,2011,ENF,AmeriFlux,-154.786,41.7387,-238.406,73.1644,83.62,83.62,84.23270448614363,TRUE,-1,-1,FALSE
US-NC1,2012,ENF,AmeriFlux,428.071,33.1686,417.55,128.87,10.521000000000015,10.521000000000015,133.07003015690648,TRUE,1,1,FALSE
US-NC2,2005,ENF,AmeriFlux,-596.361,15.4104,-582.358,53.6469,-14.003000000000043,14.003000000000043,55.81639819775189,TRUE,-1,-1,FALSE
US-NC2,2006,ENF,AmeriFlux,-1166.47,26.1389,-1166.46,30.1409,-0.009999999999990905,0.009999999999990905,39.89631494286158,TRUE,-1,-1,FALSE
US-NC2,2007,ENF,AmeriFlux,-829.7,34.433,-834.485,34.2425,4.784999999999968,4.784999999999968,48.56109857952145,TRUE,-1,-1,FALSE
US-NC2,2008,ENF,AmeriFlux,-750.172,23.8435,-770.727,23.2259,20.55499999999995,20.55499999999995,33.28595684459138,TRUE,-1,-1,FALSE
US-NC2,2009,ENF,AmeriFlux,-1010.49,20.6617,-1028.28,40.1211,17.789999999999964,17.789999999999964,45.12879914311924,TRUE,-1,-1,FALSE
US-NC2,2010,ENF,AmeriFlux,-569.134,31.995,-577.488,29.4984,8.354000000000042,8.354000000000042,43.518221787660394,TRUE,-1,-1,FALSE
US-NC2,2013,ENF,AmeriFlux,-734.335,47.0947,-754.146,25.672,19.810999999999922,19.810999999999922,53.63732237994362,TRUE,-1,-1,FALSE
US-NC2,2014,ENF,AmeriFlux,-626.36,29.028,-648.342,24.035,21.98199999999997,21.98199999999997,37.686947461952926,TRUE,-1,-1,FALSE
US-NC2,2015,ENF,AmeriFlux,-1077.94,159.854,-1070.45,139.861,-7.490000000000009,7.490000000000009,212.40150808551243,TRUE,-1,-1,FALSE
US-NC2,2016,ENF,AmeriFlux,-789.82,29.968,-784.965,30.1472,-4.855000000000018,4.855000000000018,42.508054434895044,TRUE,-1,-1,FALSE
US-NC2,2017,ENF,AmeriFlux,-806.436,25.6053,-827.923,29.1163,21.486999999999966,21.486999999999966,38.77357752103873,TRUE,-1,-1,FALSE
US-NC2,2018,ENF,AmeriFlux,-701.867,15.1543,-696.188,31.9954,-5.678999999999974,5.678999999999974,35.40280256773466,TRUE,-1,-1,FALSE
US-NC2,2019,ENF,AmeriFlux,-361.79,13.7824,-347.152,24.0048,-14.638000000000034,14.638000000000034,27.680046473949425,TRUE,-1,-1,FALSE
US-NC2,2020,ENF,AmeriFlux,743.518,102.373,789.227,74.5282,-45.708999999999946,45.708999999999946,126.6281316463289,TRUE,1,1,FALSE
US-NC2,2021,ENF,AmeriFlux,478.55,41.0619,460.621,39.3367,17.92900000000003,17.92900000000003,56.86348211726046,TRUE,1,1,FALSE
US-NC2,2022,ENF,AmeriFlux,19.9184,12.3955,11.6621,31.0172,8.256299999999998,8.256299999999998,33.40232201644071,TRUE,1,1,FALSE
US-NC2,2023,ENF,AmeriFlux,-218.689,26.094,-114.709,137.102,-103.97999999999999,103.97999999999999,139.5630869535351,TRUE,-1,-1,FALSE
US-NC3,2014,ENF,AmeriFlux,838.234,63.5559,875.86,49.4885,-37.625999999999976,37.625999999999976,80.55100283087728,TRUE,1,1,FALSE
US-NC3,2015,ENF,AmeriFlux,587.975,177.152,626.086,29.8658,-38.11099999999999,38.11099999999999,179.65187756781168,TRUE,1,1,FALSE
US-NC3,2016,ENF,AmeriFlux,179.187,53.1567,109.011,62.0759,70.17600000000002,70.17600000000002,81.72546797479963,TRUE,1,1,FALSE
US-NC3,2017,ENF,AmeriFlux,36.9433,11.8392,29.5962,15.0881,7.347100000000001,7.347100000000001,19.178566637003925,TRUE,1,1,FALSE
US-NC3,2018,ENF,AmeriFlux,-233.865,24.3123,-229.089,31.436,-4.7760000000000105,4.7760000000000105,39.74053380731064,TRUE,-1,-1,FALSE
US-NC3,2019,ENF,AmeriFlux,-208.412,55.9137,-236.485,56.6986,28.073000000000008,28.073000000000008,79.63085513574495,TRUE,-1,-1,FALSE
US-Ne1,2002,CRO,AmeriFlux,-439.515,47.2789,-457.598,32.668,18.083000000000027,18.083000000000027,57.46731774852556,TRUE,-1,-1,FALSE
US-Ne1,2003,CRO,AmeriFlux,-325.709,58.92,-340.885,38.9391,15.175999999999988,15.175999999999988,70.62449935263258,TRUE,-1,-1,FALSE
US-Ne1,2004,CRO,AmeriFlux,-320.818,35.1012,-336.661,31.9621,15.843000000000018,15.843000000000018,47.472835157066406,TRUE,-1,-1,FALSE
US-Ne1,2005,CRO,AmeriFlux,-329.489,36.8763,-328.955,41.7691,-0.5339999999999918,0.5339999999999918,55.7182126104203,TRUE,-1,-1,FALSE
US-Ne1,2006,CRO,AmeriFlux,-148.542,29.2913,-130.94,33.6274,-17.602000000000004,17.602000000000004,44.59576534212638,TRUE,-1,-1,FALSE
US-Ne1,2007,CRO,AmeriFlux,-429.531,19.2793,-423.973,26.2772,-5.557999999999993,5.557999999999993,32.59114371006332,TRUE,-1,-1,FALSE
US-Ne1,2008,CRO,AmeriFlux,-471.612,9.34298,-469.452,11.1035,-2.160000000000025,2.160000000000025,14.51133996329767,TRUE,-1,-1,FALSE
US-Ne1,2009,CRO,AmeriFlux,-548.171,12.1023,-550.866,14.3365,2.6949999999999363,2.6949999999999363,18.76168695879984,TRUE,-1,-1,FALSE
US-Ne1,2010,CRO,AmeriFlux,-210.836,24.8247,-214.008,28.9931,3.171999999999997,3.171999999999997,38.168908521203484,TRUE,-1,-1,FALSE
US-Ne1,2011,CRO,AmeriFlux,-88.1056,9.48352,-82.649,11.6285,-5.456599999999995,5.456599999999995,15.00530452341438,TRUE,-1,-1,FALSE
US-Ne1,2012,CRO,AmeriFlux,-296.515,39.3239,-307.435,46.0352,10.920000000000016,10.920000000000016,60.54427099445496,TRUE,-1,-1,FALSE
US-Ne1,2013,CRO,AmeriFlux,-377.433,25.4926,-378.996,29.7144,1.5629999999999882,1.5629999999999882,39.15122248563894,TRUE,-1,-1,FALSE
US-Ne1,2014,CRO,AmeriFlux,-313.278,21.9094,-305.626,21.0786,-7.652000000000044,7.652000000000044,30.4027825423924,TRUE,-1,-1,FALSE
US-Ne1,2015,CRO,AmeriFlux,-478.13,15.1489,-459.654,20.7508,-18.476,18.476,25.692116920370733,TRUE,-1,-1,FALSE
US-Ne1,2016,CRO,AmeriFlux,-366.981,13.3311,-367.438,12.9055,0.45699999999999363,0.45699999999999363,18.554518518678947,TRUE,-1,-1,FALSE
US-Ne1,2017,CRO,AmeriFlux,-570.919,16.3146,-557.271,17.3662,-13.648000000000025,13.648000000000025,23.827527685431402,TRUE,-1,-1,FALSE
US-Ne1,2018,CRO,AmeriFlux,-239.63,12.8861,-245.672,12.8272,6.042000000000002,6.042000000000002,18.182096497653948,TRUE,-1,-1,FALSE
US-Ne1,2019,CRO,AmeriFlux,-51.8802,7.66682,-53.4623,7.85309,1.582099999999997,1.582099999999997,10.975023984506821,TRUE,-1,-1,FALSE
US-Ne1,2020,CRO,AmeriFlux,-427.936,21.5298,-416.869,22.2936,-11.06699999999995,11.06699999999995,30.99252956762323,TRUE,-1,-1,FALSE
US-Ne1,2021,CRO,AmeriFlux,-635.572,38.5194,-624.657,48.0434,-10.914999999999964,10.914999999999964,61.5785064768544,TRUE,-1,-1,FALSE
US-Ne1,2022,CRO,AmeriFlux,-32.8853,30.4165,-23.2449,42.0154,-9.6404,9.6404,51.869618365763984,TRUE,-1,-1,FALSE
US-Ne1,2023,CRO,AmeriFlux,-627.512,23.5599,-606.924,21.9511,-20.587999999999965,20.587999999999965,32.20123723119968,TRUE,-1,-1,FALSE
US-Ne1,2024,CRO,AmeriFlux,50.4152,12.573,58.9694,13.9074,-8.554200000000002,8.554200000000002,18.74822934999463,TRUE,1,1,FALSE
US-Ne2,2003,CRO,AmeriFlux,-606.519,53.9472,-602.81,35.3264,-3.70900000000006,3.70900000000006,64.48453244616107,TRUE,-1,-1,FALSE
US-Ne2,2005,CRO,AmeriFlux,-505.176,38.9431,-511.384,52.0837,6.208000000000027,6.208000000000027,65.03289047320594,TRUE,-1,-1,FALSE
US-Ne2,2006,CRO,AmeriFlux,69.2092,18.9561,65.6924,23.8688,3.5167999999999893,3.5167999999999893,30.480376320675568,TRUE,1,1,FALSE
US-Ne2,2007,CRO,AmeriFlux,-568.017,25.0297,-572.126,24.5562,4.108999999999924,4.108999999999924,35.064124693623825,TRUE,-1,-1,FALSE
US-Ne2,2008,CRO,AmeriFlux,69.5557,27.1185,71.0481,27.1652,-1.4924000000000035,1.4924000000000035,38.38438658217687,TRUE,1,1,FALSE
US-Ne2,2009,CRO,AmeriFlux,-802.114,10.9715,-803.334,11.7439,1.2199999999999136,1.2199999999999136,16.071496490992992,TRUE,-1,-1,FALSE
US-Ne2,2010,CRO,AmeriFlux,-240.595,38.8908,-262.536,30.953,21.941000000000003,21.941000000000003,49.7049548198165,TRUE,-1,-1,FALSE
US-Ne2,2011,CRO,AmeriFlux,-287.072,22.7027,-294.295,23.0099,7.223000000000013,7.223000000000013,32.32441933430514,TRUE,-1,-1,FALSE
US-Ne2,2012,CRO,AmeriFlux,-437.83,50.99,-435.489,36.9705,-2.341000000000008,2.341000000000008,62.982521148728246,TRUE,-1,-1,FALSE
US-Ne2,2013,CRO,AmeriFlux,-614.519,10.1106,-614.837,9.79298,0.31799999999998363,0.31799999999998363,14.075748279945902,TRUE,-1,-1,FALSE
US-Ne2,2014,CRO,AmeriFlux,79.0738,33.3706,83.3611,32.8516,-4.287299999999988,4.287299999999988,46.82760475317951,TRUE,1,1,FALSE
US-Ne2,2015,CRO,AmeriFlux,-670.989,13.9351,-665.992,12.9487,-4.997000000000071,4.997000000000071,19.022508869757427,TRUE,-1,-1,FALSE
US-Ne2,2016,CRO,AmeriFlux,-148.298,14.528,-140.348,18.1936,-7.949999999999989,7.949999999999989,23.282393883791247,TRUE,-1,-1,FALSE
US-Ne2,2017,CRO,AmeriFlux,-803.84,13.8822,-806.433,14.5796,2.592999999999961,2.592999999999961,20.131572541657047,TRUE,-1,-1,FALSE
US-Ne2,2018,CRO,AmeriFlux,127.68,28.298,120.391,34.5033,7.2890000000000015,7.2890000000000015,44.62347493069091,TRUE,1,1,FALSE
US-Ne2,2019,CRO,AmeriFlux,-615.352,30.737,-622.938,41.8411,7.586000000000013,7.586000000000013,51.91763494430384,TRUE,-1,-1,FALSE
US-Ne2,2020,CRO,AmeriFlux,-73.9704,28.7397,-72.6742,29.2533,-1.296199999999999,1.296199999999999,41.008851690580165,TRUE,-1,-1,FALSE
US-Ne2,2021,CRO,AmeriFlux,-969.398,48.2436,-968.979,38.734,-0.4189999999999827,0.4189999999999827,61.86895584184366,TRUE,-1,-1,FALSE
US-Ne2,2022,CRO,AmeriFlux,26.1356,24.6929,22.2686,20.5362,3.867000000000001,3.867000000000001,32.1165817117887,TRUE,1,1,FALSE
US-Ne2,2023,CRO,AmeriFlux,-663.283,37.4456,-662.051,38.0135,-1.231999999999971,1.231999999999971,53.35915236967319,TRUE,-1,-1,FALSE
US-Ne2,2024,CRO,AmeriFlux,30.5525,27.0604,56.9101,33.4425,-26.3576,26.3576,43.0193683636801,TRUE,1,1,FALSE
US-Ne3,2002,CRO,AmeriFlux,66.9172,58.46,63.6005,41.5145,3.3166999999999973,3.3166999999999973,71.70094357991393,TRUE,1,1,FALSE
US-Ne3,2003,CRO,AmeriFlux,-335.909,57.7717,-347.319,44.6626,11.410000000000025,11.410000000000025,73.02271673698534,TRUE,-1,-1,FALSE
US-Ne3,2004,CRO,AmeriFlux,59.5069,43.7289,58.4041,28.1393,1.102800000000002,1.102800000000002,52.00035480359726,TRUE,1,1,FALSE
US-Ne3,2005,CRO,AmeriFlux,-485.763,30.9907,-487.931,30.6634,2.1680000000000064,2.1680000000000064,43.596646500046305,TRUE,-1,-1,FALSE
US-Ne3,2006,CRO,AmeriFlux,-13.1084,12.4847,-14.0145,16.4622,0.9061000000000003,0.9061000000000003,20.66087517338024,TRUE,-1,-1,FALSE
US-Ne3,2007,CRO,AmeriFlux,-404.391,25.7463,-404.405,30.0721,0.013999999999953161,0.013999999999953161,39.58791686992383,TRUE,-1,-1,FALSE
US-Ne3,2008,CRO,AmeriFlux,2.25353,21.3022,2.57402,21.4031,-0.32048999999999994,0.32048999999999994,30.197291508511153,TRUE,1,1,FALSE
US-Ne3,2009,CRO,AmeriFlux,-645.214,12.199,-649.612,10.9532,4.397999999999911,4.397999999999911,16.39476109127547,TRUE,-1,-1,FALSE
US-Ne3,2010,CRO,AmeriFlux,-41.889,33.1507,-65.7664,33.4732,23.8774,23.8774,47.110763406359695,TRUE,-1,-1,FALSE
US-Ne3,2011,CRO,AmeriFlux,-415.219,14.8659,-415.764,13.177,0.5450000000000159,0.5450000000000159,19.86525388234442,TRUE,-1,-1,FALSE
US-Ne3,2012,CRO,AmeriFlux,46.8077,48.6349,52.716,46.8038,-5.908300000000004,5.908300000000004,67.49777175914772,TRUE,1,1,FALSE
US-Ne3,2013,CRO,AmeriFlux,-516.45,26.608,-515.612,23.1111,-0.8380000000000791,0.8380000000000791,35.24356121634135,TRUE,-1,-1,FALSE
US-Ne3,2014,CRO,AmeriFlux,85.9383,70.4167,88.2654,35.1546,-2.3271000000000015,2.3271000000000015,78.70424092798304,TRUE,1,1,FALSE
US-Ne3,2016,CRO,AmeriFlux,-58.4483,57.0694,-51.4488,14.0477,-6.999500000000005,6.999500000000005,58.7729044003272,TRUE,-1,-1,FALSE
US-Ne3,2017,CRO,AmeriFlux,-635.998,18.5186,-636.004,21.7259,0.005999999999971806,0.005999999999971806,28.54738651382995,TRUE,-1,-1,FALSE
US-Ne3,2018,CRO,AmeriFlux,-30.1138,25.3427,-35.129,33.5189,5.0151999999999965,5.0151999999999965,42.02105544248026,TRUE,-1,-1,FALSE
US-Ne3,2019,CRO,AmeriFlux,-504.634,9.64084,-509.534,11.6832,4.899999999999977,4.899999999999977,15.147374628812743,TRUE,-1,-1,FALSE
US-Ne3,2020,CRO,AmeriFlux,-78.2791,26.2465,-78.8986,27.0213,0.6195000000000022,0.6195000000000022,37.67000684815441,TRUE,-1,-1,FALSE
US-Ne3,2021,CRO,AmeriFlux,-619.893,22.8573,-619.103,22.6391,-0.7900000000000773,0.7900000000000773,32.17118294530059,TRUE,-1,-1,FALSE
US-Ne3,2022,CRO,AmeriFlux,76.0294,34.9953,85.4242,30.7188,-9.394800000000004,9.394800000000004,46.565176854920246,TRUE,1,1,FALSE
US-Ne3,2023,CRO,AmeriFlux,-451.582,11.4629,-451.34,14.958,-0.24200000000001864,0.24200000000001864,18.845154295202786,TRUE,-1,-1,FALSE
US-Ne3,2024,CRO,AmeriFlux,46.9996,29.5935,27.575,34.797,19.4246,19.4246,45.67938759714276,TRUE,1,1,FALSE
US-ONA,2017,GRA,AmeriFlux,-379.592,36.8075,-379.805,33.8043,0.21300000000002228,0.21300000000002228,49.975221407613596,TRUE,-1,-1,FALSE
US-ONA,2018,GRA,AmeriFlux,-434.998,12.3733,-434.029,10.3893,-0.9689999999999941,0.9689999999999941,16.156611878113555,TRUE,-1,-1,FALSE
US-ONA,2019,GRA,AmeriFlux,-199.147,13.4746,-197.154,11.7706,-1.992999999999995,1.992999999999995,17.891670394907237,TRUE,-1,-1,FALSE
US-ONA,2020,GRA,AmeriFlux,-306.817,19.4112,-303.849,19.8162,-2.9680000000000177,2.9680000000000177,27.73943885301215,TRUE,-1,-1,FALSE
US-ONA,2021,GRA,AmeriFlux,-267.276,35.6025,-267.377,28.6515,0.10099999999999909,0.10099999999999909,45.69952361349076,TRUE,-1,-1,FALSE
US-ONA,2022,GRA,AmeriFlux,-300.169,8.74317,-303.629,15.7303,3.4600000000000364,3.4600000000000364,17.996815266565914,TRUE,-1,-1,FALSE
US-Oho,2004,DBF,AmeriFlux,-1050.7,84.402,-1049.76,34.0353,-0.9400000000000546,0.9400000000000546,91.0060396352352,TRUE,-1,-1,FALSE
US-Oho,2005,DBF,AmeriFlux,-881.826,26.5851,-883.201,31.1528,1.375,1.375,40.9544196619852,TRUE,-1,-1,FALSE
US-Oho,2006,DBF,AmeriFlux,-806.321,12.3872,-805.986,13.0731,-0.3350000000000364,0.3350000000000364,18.00968260270014,TRUE,-1,-1,FALSE
US-Oho,2007,DBF,AmeriFlux,-916.239,32.8568,-939.031,31.8217,22.791999999999916,22.791999999999916,45.740462362442294,TRUE,-1,-1,FALSE
US-Oho,2008,DBF,AmeriFlux,-867.272,12.2225,-875.223,24.4379,7.950999999999908,7.950999999999908,27.323990606424967,TRUE,-1,-1,FALSE
US-Oho,2009,DBF,AmeriFlux,-875.235,15.4196,-878.905,17.3753,3.669999999999959,3.669999999999959,23.230693365674647,TRUE,-1,-1,FALSE
US-Oho,2010,DBF,AmeriFlux,-612.461,13.7297,-619.647,11.5813,7.1860000000000355,7.1860000000000355,17.96193674913705,TRUE,-1,-1,FALSE
US-Oho,2011,DBF,AmeriFlux,-775.889,61.774,-730.986,37.1631,-44.90300000000002,44.90300000000002,72.09107488177715,TRUE,-1,-1,FALSE
US-Oho,2012,DBF,AmeriFlux,-811.794,79.9818,-811.984,30.2879,0.19000000000005457,0.19000000000005457,85.52452991773764,TRUE,-1,-1,FALSE
US-Oho,2013,DBF,AmeriFlux,-906.995,11.2703,-910.874,24.6822,3.879000000000019,3.879000000000019,27.133570699965016,TRUE,-1,-1,FALSE
US-Prr,2011,ENF,AmeriFlux,-57.1788,6.18365,-62.0898,8.45545,4.910999999999994,4.910999999999994,10.475312025185694,TRUE,-1,-1,FALSE
US-Prr,2012,ENF,AmeriFlux,-75.0067,10.1922,-74.9073,15.7955,-0.09939999999998861,0.09939999999998861,18.79837123502991,TRUE,-1,-1,FALSE
US-Prr,2013,ENF,AmeriFlux,5.38042,3.45177,7.43735,4.10496,-2.0569300000000004,2.0569300000000004,5.363339699711366,TRUE,1,1,FALSE
US-Prr,2014,ENF,AmeriFlux,-21.7209,2.61324,-22.6908,5.05057,0.9698999999999991,0.9698999999999991,5.686587783768048,TRUE,-1,-1,FALSE
US-Prr,2015,ENF,AmeriFlux,-19.715,3.95686,-28.6437,14.9716,8.9287,8.9287,15.48565618950647,TRUE,-1,-1,FALSE
US-Prr,2016,ENF,AmeriFlux,-49.5353,15.1043,-66.3029,26.1021,16.767599999999995,16.767599999999995,30.157246275149195,TRUE,-1,-1,FALSE
US-RC1,2012,CRO,AmeriFlux,-385.898,10.2318,-384.945,9.95727,-0.9530000000000314,0.9530000000000314,14.277148072808519,TRUE,-1,-1,FALSE
US-RC1,2013,CRO,AmeriFlux,-46.0094,8.26386,-39.9043,6.9642,-6.1051,6.1051,10.807009935204093,TRUE,-1,-1,FALSE
US-RC1,2014,CRO,AmeriFlux,-436.487,8.39234,-437.407,9.56306,0.9199999999999591,0.9199999999999591,12.723344184576632,TRUE,-1,-1,FALSE
US-RC1,2015,CRO,AmeriFlux,-165.686,5.63988,-166.88,6.98306,1.1939999999999884,1.1939999999999884,8.976155824070792,TRUE,-1,-1,FALSE
US-RC2,2013,CRO,AmeriFlux,106.046,26.3605,111.073,23.0728,-5.026999999999987,5.026999999999987,35.031843515436066,TRUE,1,1,FALSE
US-RC2,2014,CRO,AmeriFlux,-549.959,19.3514,-551.959,20.1165,2,2,27.91326305199734,TRUE,-1,-1,FALSE
US-RC2,2015,CRO,AmeriFlux,-159.97,10.6508,-157.122,11.0163,-2.8479999999999848,2.8479999999999848,15.32313304549693,TRUE,-1,-1,FALSE
US-RC3,2012,CRO,AmeriFlux,-43.0764,31.7135,-39.7717,34.7683,-3.304699999999997,3.304699999999997,47.05933241281691,TRUE,-1,-1,FALSE
US-RC3,2013,CRO,AmeriFlux,-407.151,29.8083,-419.209,37.1418,12.057999999999993,12.057999999999993,47.62402813843029,TRUE,-1,-1,FALSE
US-RC3,2014,CRO,AmeriFlux,-55.6443,14.4595,-64.3666,21.159300000000002,8.722300000000004,8.722300000000004,25.62797527585822,TRUE,-1,-1,FALSE
US-RC3,2015,CRO,AmeriFlux,-271.533,56.5745,-269.395,52.3144,-2.1380000000000337,2.1380000000000337,77.0549836000891,TRUE,-1,-1,FALSE
US-RC4,2013,CRO,AmeriFlux,-204.829,67.2723,-224.06,66.8308,19.230999999999995,19.230999999999995,94.82572528554685,TRUE,-1,-1,FALSE
US-RC4,2014,CRO,AmeriFlux,-256.152,77.9464,-286.25,55.9343,30.098000000000013,30.098000000000013,95.93897638316766,TRUE,-1,-1,FALSE
US-RC4,2015,CRO,AmeriFlux,-637.111,54.6146,-682.324,54.4113,45.212999999999965,45.212999999999965,77.09308724425297,TRUE,-1,-1,FALSE
US-RGA,2022,CRO,AmeriFlux,-474.739,12.2961,-478.176,11.9774,3.437000000000012,3.437000000000012,17.16543579318626,TRUE,-1,-1,FALSE
US-RGA,2024,CRO,AmeriFlux,3.07537,7.8683,4.7506,7.74567,-1.6752300000000004,1.6752300000000004,11.041084577110167,TRUE,1,1,FALSE
US-RGB,2022,CRO,AmeriFlux,36.6169,12.4677,36.9594,12.5596,-0.34250000000000114,0.34250000000000114,17.69709285306488,TRUE,1,1,FALSE
US-RGB,2023,CRO,AmeriFlux,-203.074,18.4263,-199.213,18.9289,-3.8610000000000184,3.8610000000000184,26.416505955557408,TRUE,-1,-1,FALSE
US-RGW,2023,CRO,AmeriFlux,-377.28,9.15568,-378.13,8.98033,0.8500000000000227,0.8500000000000227,12.824695051785833,TRUE,-1,-1,FALSE
US-RGW,2024,CRO,AmeriFlux,-217.608,7.30839,-217.573,7.26465,-0.03499999999999659,0.03499999999999659,10.304741821831346,TRUE,-1,-1,FALSE
US-RGo,2022,CRO,AmeriFlux,-203.635,49.5084,-199.048,48.0651,-4.586999999999989,4.586999999999989,69.0024311786911,TRUE,-1,-1,FALSE
US-RGo,2023,CRO,AmeriFlux,57.7274,6.66963,57.016,6.81928,0.7114000000000047,0.7114000000000047,9.53868670495577,TRUE,1,1,FALSE
US-RGo,2024,CRO,AmeriFlux,-226.049,15.9311,-226.465,17.8019,0.4159999999999968,0.4159999999999968,23.889487035514176,TRUE,-1,-1,FALSE
US-RRC,2023,WET,AmeriFlux,367.193,20.0896,367.212,21.492,-0.019000000000005457,0.019000000000005457,29.419348941810387,TRUE,1,1,FALSE
US-Rls,2016,CSH,AmeriFlux,56.4223,57.4516,-8.2218,42.0282,64.6441,64.6441,71.18325602134254,TRUE,1,-1,TRUE
US-Rls,2017,CSH,AmeriFlux,113.84,57.8776,68.3616,55.087,45.47840000000001,45.47840000000001,79.90240391102135,TRUE,1,1,FALSE
US-Rls,2018,CSH,AmeriFlux,113.66,64.1043,45.1787,52.937,68.4813,68.4813,83.13655782800969,TRUE,1,1,FALSE
US-Rls,2019,CSH,AmeriFlux,-13.8063,46.1448,-37.5673,44.5456,23.761000000000003,23.761000000000003,64.13776614756706,TRUE,-1,-1,FALSE
US-Rls,2020,CSH,AmeriFlux,-73.561,33.2701,-77.5262,30.2676,3.965199999999996,3.965199999999996,44.97807425590829,TRUE,-1,-1,FALSE
US-Rls,2021,CSH,AmeriFlux,25.6168,44.643,-38.3441,45.7321,63.960899999999995,63.960899999999995,63.90948614572019,FALSE,1,-1,TRUE
US-Rls,2022,CSH,AmeriFlux,32.7209,74.0483,-31.4451,72.7562,64.166,64.166,103.81047813843264,TRUE,1,-1,TRUE
US-Rms,2016,CSH,AmeriFlux,-50.6184,13.1368,-45.5299,13.9464,-5.088500000000003,5.088500000000003,19.15926896308938,TRUE,-1,-1,FALSE
US-Rms,2017,CSH,AmeriFlux,37.1685,19.6016,36.5965,29.7727,0.5720000000000027,0.5720000000000027,35.64598698100531,TRUE,1,1,FALSE
US-Rms,2018,CSH,AmeriFlux,-110.229,9.40326,-110.595,12.0392,0.36599999999999966,0.36599999999999966,15.276244147944219,TRUE,-1,-1,FALSE
US-Rms,2019,CSH,AmeriFlux,-52.2879,17.4177,-49.9814,19.4734,-2.3064999999999998,2.3064999999999998,26.126415384625577,TRUE,-1,-1,FALSE
US-Rms,2020,CSH,AmeriFlux,66.6971,15.1404,74.9212,26.2996,-8.224099999999993,8.224099999999993,30.346345287694863,TRUE,1,1,FALSE
US-Rms,2021,CSH,AmeriFlux,58.9615,20.5912,59.9044,29.1854,-0.9429000000000016,0.9429000000000016,35.718133918221426,TRUE,1,1,FALSE
US-Rms,2022,CSH,AmeriFlux,-17.385,31.2223,-4.36156,25.9549,-13.02344,13.02344,40.60158680766061,TRUE,-1,-1,FALSE
US-Ro1,2004,CRO,AmeriFlux,59.8874,10.1524,54.1742,13.8197,5.7132000000000005,5.7132000000000005,17.148041691400216,TRUE,1,1,FALSE
US-Ro1,2005,CRO,AmeriFlux,-373.164,10.919,-376.1,14.2471,2.9360000000000355,2.9360000000000355,17.950053465379984,TRUE,-1,-1,FALSE
US-Ro1,2006,CRO,AmeriFlux,107.36,9.41693,104.27,8.8927600000000009,3.0900000000000034,3.0900000000000034,12.95221027633894,TRUE,1,1,FALSE
US-Ro1,2007,CRO,AmeriFlux,-141.649,12.5647,-141.956,12.7467,0.30699999999998795,0.30699999999998795,17.89832525629144,TRUE,-1,-1,FALSE
US-Ro1,2008,CRO,AmeriFlux,71.6774,3.79298,72.969,3.7479,-1.2915999999999883,1.2915999999999883,5.332302663052801,TRUE,1,1,FALSE
US-Ro1,2009,CRO,AmeriFlux,-549.24,6.15959,-551.332,6.71777,2.0919999999999845,2.0919999999999845,9.114218712594074,TRUE,-1,-1,FALSE
US-Ro1,2010,CRO,AmeriFlux,4.8052,5.3858,6.02887,5.21053,-1.2236700000000003,1.2236700000000003,7.493761706973341,TRUE,1,1,FALSE
US-Ro1,2011,CRO,AmeriFlux,-375.439,9.04561,-378.231,6.65765,2.791999999999973,2.791999999999973,11.231534347300906,TRUE,-1,-1,FALSE
US-Ro1,2012,CRO,AmeriFlux,-58.8655,5.48014,-60.0339,4.81169,1.1684000000000054,1.1684000000000054,7.292756342817165,TRUE,-1,-1,FALSE
US-Ro1,2013,CRO,AmeriFlux,-292.223,13.1012,-295.379,12.9782,3.156000000000006,3.156000000000006,18.4411256890679,TRUE,-1,-1,FALSE
US-Ro1,2014,CRO,AmeriFlux,55.2326,8.26183,52.5072,8.52887,2.7254000000000005,2.7254000000000005,11.874319282628372,TRUE,1,1,FALSE
US-Ro1,2015,CRO,AmeriFlux,-323.974,11.1145,-331.625,11.6539,7.6510000000000105,7.6510000000000105,16.104207383786388,TRUE,-1,-1,FALSE
US-Ro1,2016,CRO,AmeriFlux,-17.7317,5.04044,-18.4806,4.7438,0.748899999999999,0.748899999999999,6.921681431097506,TRUE,-1,-1,FALSE
US-Ro2,2008,CRO,AmeriFlux,-566.226,13.0839,-567.655,12.8954,1.4289999999999736,1.4289999999999736,18.370622754005918,TRUE,-1,-1,FALSE
US-Ro2,2012,CRO,AmeriFlux,-50.6045,19.463,-49.3535,17.5136,-1.2510000000000048,1.2510000000000048,26.182714793542704,TRUE,-1,-1,FALSE
US-Ro2,2016,CRO,AmeriFlux,-167.74,15.8864,-186.009,25.5024,18.268999999999977,18.268999999999977,30.045800217667693,TRUE,-1,-1,FALSE
US-Ro3,2005,CRO,AmeriFlux,-407.957,5.43156,-405.885,5.59644,-2.0720000000000027,2.0720000000000027,7.7988450880370745,TRUE,-1,-1,FALSE
US-Ro3,2006,CRO,AmeriFlux,21.2982,5.40784,19.9355,5.29846,1.3627000000000002,1.3627000000000002,7.570892406922714,TRUE,1,1,FALSE
US-Ro3,2007,CRO,AmeriFlux,-391.998,22.4858,-393.215,18.8699,1.2169999999999845,1.2169999999999845,29.354460098083905,TRUE,-1,-1,FALSE
US-Ro4,2015,GRA,AmeriFlux,-292.842,5.36401,-299.903,5.70885,7.0610000000000355,7.0610000000000355,7.833490384407196,TRUE,-1,-1,FALSE
US-Ro4,2016,GRA,AmeriFlux,-216.092,4.87832,-218.963,6.27462,2.870999999999981,2.870999999999981,7.947884131440266,TRUE,-1,-1,FALSE
US-Ro4,2017,GRA,AmeriFlux,-231.739,4.51522,-224.539,4.67526,-7.200000000000017,7.200000000000017,6.499635967960052,FALSE,-1,-1,FALSE
US-Ro4,2018,GRA,AmeriFlux,-382.886,30.3842,-379.769,10.1473,-3.1170000000000186,3.1170000000000186,32.03384627124879,TRUE,-1,-1,FALSE
US-Ro4,2019,GRA,AmeriFlux,-276.381,6.52274,-281.103,6.43602,4.722000000000037,4.722000000000037,9.16343224714408,TRUE,-1,-1,FALSE
US-Ro4,2020,GRA,AmeriFlux,-292.48,10.4897,-299.095,9.92678,6.615000000000009,6.615000000000009,14.44211782455745,TRUE,-1,-1,FALSE
US-Ro4,2021,GRA,AmeriFlux,-212.808,15.5212,-218.016,13.6581,5.207999999999998,5.207999999999998,20.674896494299553,TRUE,-1,-1,FALSE
US-Ro4,2022,GRA,AmeriFlux,-231.144,6.09682,-241.11,7.4845,9.966000000000008,9.966000000000008,9.653442617139234,FALSE,-1,-1,FALSE
US-Ro4,2023,GRA,AmeriFlux,-152.366,7.63369,-147.87,7.91005,-4.496000000000009,4.496000000000009,10.992821021857855,TRUE,-1,-1,FALSE
US-Ro4,2024,GRA,AmeriFlux,-426.232,20.4482,-457.995,23.6627,31.762999999999977,31.762999999999977,31.27382698887362,FALSE,-1,-1,FALSE
US-Ro4,2025,GRA,AmeriFlux,-365.405,9.3845,-357.854,7.46974,-7.550999999999988,7.550999999999988,11.99440936093145,TRUE,-1,-1,FALSE
US-Ro5,2017,CRO,AmeriFlux,-13.4703,4.50577,-13.4703,6.70224,0,0,8.076012896875538,TRUE,-1,-1,FALSE
US-Ro5,2018,CRO,AmeriFlux,-491.093,6.17986,-494.478,6.43643,3.384999999999991,3.384999999999991,8.92290876141295,TRUE,-1,-1,FALSE
US-Ro5,2019,CRO,AmeriFlux,12.1722,3.74532,14.2118,3.82118,-2.0396,2.0396,5.350592349899214,TRUE,1,1,FALSE
US-Ro5,2020,CRO,AmeriFlux,-428.959,12.3651,-429.527,14.3249,0.5679999999999836,0.5679999999999836,18.923489583583677,TRUE,-1,-1,FALSE
US-Ro5,2021,CRO,AmeriFlux,-45.6135,6.59418,-48.5914,6.46703,2.977899999999998,2.977899999999998,9.236107778350142,TRUE,-1,-1,FALSE
US-Ro5,2022,CRO,AmeriFlux,-293.726,7.79414,-295.102,7.96368,1.3759999999999764,1.3759999999999764,11.143106276169137,TRUE,-1,-1,FALSE
US-Ro5,2023,CRO,AmeriFlux,113.443,9.92848,101.097,12.5092,12.346000000000004,12.346000000000004,15.970435177239223,TRUE,1,1,FALSE
US-Ro5,2024,CRO,AmeriFlux,-547.986,7.0706,-552.466,11.1809,4.480000000000018,4.480000000000018,13.22897989907007,TRUE,-1,-1,FALSE
US-Ro6,2017,CRO,AmeriFlux,-87.1654,4.37282,-86.0996,4.88693,-1.06580000000001,1.06580000000001,6.5577160335973685,TRUE,-1,-1,FALSE
US-Ro6,2018,CRO,AmeriFlux,-40.5934,5.51657,-43.7913,5.96112,3.197899999999997,3.197899999999997,8.122037688862322,TRUE,-1,-1,FALSE
US-Ro6,2019,CRO,AmeriFlux,-347.166,6.1759,-345.6,6.01731,-1.565999999999974,1.565999999999974,8.622630714932654,TRUE,-1,-1,FALSE
US-Ro6,2020,CRO,AmeriFlux,-508.461,6.2705,-508.632,6.61858,0.17099999999999227,0.17099999999999227,9.117278731419809,TRUE,-1,-1,FALSE
US-Ro6,2021,CRO,AmeriFlux,-95.5794,15.4037,-101.84,14.5438,6.260599999999997,6.260599999999997,21.18480805034589,TRUE,-1,-1,FALSE
US-Ro6,2022,CRO,AmeriFlux,-227.695,6.56038,-230.194,6.01233,2.4989999999999952,2.4989999999999952,8.898690789846562,TRUE,-1,-1,FALSE
US-Ro6,2023,CRO,AmeriFlux,-174.505,14.2996,-177.483,13.8336,2.9780000000000086,2.9780000000000086,19.895905335520673,TRUE,-1,-1,FALSE
US-Ro6,2024,CRO,AmeriFlux,-308.134,13.4776,-308.818,14.2924,0.6839999999999691,0.6839999999999691,19.644805917086583,TRUE,-1,-1,FALSE
US-Rpf,2010,DBF,AmeriFlux,-103.238,4.94025,-109.681,19.5581,6.442999999999998,6.442999999999998,20.17239067816455,TRUE,-1,-1,FALSE
US-Rpf,2011,DBF,AmeriFlux,-124.172,5.55577,-142.464,11.7836,18.292,18.292,13.027655554738159,FALSE,-1,-1,FALSE
US-Rpf,2013,DBF,AmeriFlux,-16.903,8.0234,-13.4963,8.83877,-3.406699999999999,3.406699999999999,11.937286235694444,TRUE,-1,-1,FALSE
US-Rpf,2014,DBF,AmeriFlux,180.966,18.8624,186.653,36.1424,-5.686999999999983,5.686999999999983,40.76840947989019,TRUE,1,1,FALSE
US-Rpf,2015,DBF,AmeriFlux,75.8057,15.993,69.7203,27.6343,6.085400000000007,6.085400000000007,31.92852307091576,TRUE,1,1,FALSE
US-Rpf,2016,DBF,AmeriFlux,121.972,25.0349,110.572,34.3541,11.399999999999991,11.399999999999991,42.50823925805443,TRUE,1,1,FALSE
US-Rpf,2017,DBF,AmeriFlux,74.4104,20.5129,54.3303,30.8866,20.080099999999995,20.080099999999995,37.07777131881041,TRUE,1,1,FALSE
US-Rpf,2018,DBF,AmeriFlux,34.0527,25.1629,2.13611,30.5897,31.916590000000003,31.916590000000003,39.609358521692826,TRUE,1,1,FALSE
US-Rpf,2019,DBF,AmeriFlux,-20.4468,32.8175,-35.2643,34.5279,14.817499999999999,14.817499999999999,47.63574482108998,TRUE,-1,-1,FALSE
US-Rpf,2022,DBF,AmeriFlux,-77.1935,31.576,-105.155,52.0912,27.9615,27.9615,60.914176457044874,TRUE,-1,-1,FALSE
US-Rpf,2023,DBF,AmeriFlux,-54.8795,36.461,-96.6845,60.3357,41.805,41.805,70.4968170592829,TRUE,-1,-1,FALSE
US-Rpf,2024,DBF,AmeriFlux,-29.1982,80.8782,-97.4697,64.6181,68.2715,68.2715,103.52189180482551,TRUE,-1,-1,FALSE
US-Rwe,2004,CSH,AmeriFlux,-88.267,7.70343,-86.0006,7.90765,-2.26639999999999,2.26639999999999,11.039645025425411,TRUE,-1,-1,FALSE
US-Rwe,2005,CSH,AmeriFlux,-156.25,14.6898,-157.444,15.8496,1.1939999999999884,1.1939999999999884,21.610183807640325,TRUE,-1,-1,FALSE
US-Rwe,2006,CSH,AmeriFlux,-26.9961,6.2969,-31.8212,6.50297,4.825100000000003,4.825100000000003,9.052047747935271,TRUE,-1,-1,FALSE
US-Rwf,2015,CSH,AmeriFlux,-59.6255,8.46109,-65.6623,6.6189,6.0367999999999995,6.0367999999999995,10.742433672036332,TRUE,-1,-1,FALSE
US-Rwf,2016,CSH,AmeriFlux,-61.4461,9.86121,-71.7238,10.816,10.277699999999996,10.277699999999996,14.63657469027846,TRUE,-1,-1,FALSE
US-Rwf,2017,CSH,AmeriFlux,-15.0156,11.5983,-14.4004,11.25,-0.6151999999999997,0.6151999999999997,16.158064948811166,TRUE,-1,-1,FALSE
US-Rwf,2018,CSH,AmeriFlux,-85.9185,7.63142,-84.2805,8.25104,-1.637999999999991,1.637999999999991,11.239138414398143,TRUE,-1,-1,FALSE
US-Rwf,2019,CSH,AmeriFlux,-18.7999,12.463,-20.2244,11.9988,1.4244999999999983,1.4244999999999983,17.300218797460335,TRUE,-1,-1,FALSE
US-Rwf,2020,CSH,AmeriFlux,8.63198,20.7027,12.9477,20.8672,-4.315719999999999,4.315719999999999,29.39458833067747,TRUE,1,1,FALSE
US-Rwf,2021,CSH,AmeriFlux,-18.5307,12.8538,-18.4394,15.3616,-0.09130000000000038,0.09130000000000038,20.029950798741368,TRUE,-1,-1,FALSE
US-Rwf,2022,CSH,AmeriFlux,-108.789,9.67599,-103.091,10.4316,-5.6980000000000075,5.6980000000000075,14.228248698982599,TRUE,-1,-1,FALSE
US-Rws,2015,OSH,AmeriFlux,49.1819,1.75537,50.5755,1.68129,-1.3935999999999993,1.3935999999999993,2.430650098430459,TRUE,1,1,FALSE
US-Rws,2016,OSH,AmeriFlux,-66.3335,2.21888,-65.5949,2.46277,-0.7386000000000053,0.7386000000000053,3.3149154630699105,TRUE,-1,-1,FALSE
US-Rws,2017,OSH,AmeriFlux,-88.1346,7.88565,-88.4188,9.34521,0.28419999999999845,0.28419999999999845,12.227690945824563,TRUE,-1,-1,FALSE
US-Rws,2018,OSH,AmeriFlux,-42.5987,6.78683,-44.5959,6.71606,1.9971999999999994,1.9971999999999994,9.548116221145404,TRUE,-1,-1,FALSE
US-Rws,2019,OSH,AmeriFlux,-31.7372,4.53734,-32.2353,5.38995,0.4981000000000009,0.4981000000000009,7.045496098792476,TRUE,-1,-1,FALSE
US-Rws,2020,OSH,AmeriFlux,-114.504,5.0553,-114.969,5.2206,0.4649999999999892,0.4649999999999892,7.26709862668727,TRUE,-1,-1,FALSE
US-Rws,2021,OSH,AmeriFlux,-79.6927,7.0834,-80.1331,7.65155,0.4403999999999968,0.4403999999999968,10.426925383951877,TRUE,-1,-1,FALSE
US-Rws,2022,OSH,AmeriFlux,-69.3582,4.14614,-68.0085,10.5764,-1.3496999999999986,1.3496999999999986,11.360049025404775,TRUE,-1,-1,FALSE
US-SD1,2024,CRO,AmeriFlux,253.115,10.4409,253.174,10.4513,-0.0589999999999975,0.0589999999999975,14.773018124269663,TRUE,1,1,FALSE
US-SD2,2024,CRO,AmeriFlux,46.9349,19.1748,46.9349,19.2002,0,0,27.135228671968108,TRUE,1,1,FALSE
US-SHC,2018,ENF,AmeriFlux,-94.1316,122.839,-62.342,111.335,-31.789600000000007,31.789600000000007,165.7857115254508,TRUE,-1,-1,FALSE
US-SHC,2019,ENF,AmeriFlux,-18.3893,65.4197,-11.522,66.7777,-6.867299999999998,6.867299999999998,93.4826099623882,TRUE,-1,-1,FALSE
US-SP1,2001,ENF,AmeriFlux,-30.531,58.0432,-48.6308,50.2384,18.099800000000002,18.099800000000002,76.76529099013433,TRUE,-1,-1,FALSE
US-SP1,2003,ENF,AmeriFlux,-290.392,75.0534,-462.938,148.022,172.546,172.546,165.96242145606337,FALSE,-1,-1,FALSE
US-SP1,2004,ENF,AmeriFlux,-269.284,47.467,-357.135,79.5995,87.851,87.851,92.67791802392844,TRUE,-1,-1,FALSE
US-SP1,2005,ENF,AmeriFlux,-259.162,36.2974,-308.561,70.4858,49.399,49.399,79.28271721125607,TRUE,-1,-1,FALSE
US-SP1,2006,ENF,AmeriFlux,-98.36,41.8444,-155.749,97.6797,57.388999999999996,57.388999999999996,106.26512882150004,TRUE,-1,-1,FALSE
US-SP1,2007,ENF,AmeriFlux,-333.005,26.6506,-332.513,34.8388,-0.49200000000001864,0.49200000000001864,43.86338411249182,TRUE,-1,-1,FALSE
US-SP1,2008,ENF,AmeriFlux,-345.885,81.4387,-344.529,90.7619,-1.3559999999999945,1.3559999999999945,121.94254527973409,TRUE,-1,-1,FALSE
US-SP1,2009,ENF,AmeriFlux,-490.877,108.612,-442.285,112.826,-48.591999999999985,48.591999999999985,156.60866138244077,TRUE,-1,-1,FALSE
US-SP1,2010,ENF,AmeriFlux,-490.965,38.3762,-464.376,31.4397,-26.589,26.589,49.61035640398081,TRUE,-1,-1,FALSE
US-SP1,2011,ENF,AmeriFlux,-24.6057,37.3897,-11.8614,36.9163,-12.744299999999999,12.744299999999999,52.54334279221298,TRUE,-1,-1,FALSE
US-SP1,2012,ENF,AmeriFlux,-78.3276,32.2776,-94.1354,26.9557,15.8078,15.8078,42.05298115770153,TRUE,-1,-1,FALSE
US-SP1,2013,ENF,AmeriFlux,-950.091,92.2468,-951.638,91.4926,1.5470000000000255,1.5470000000000255,129.92447023174657,TRUE,-1,-1,FALSE
US-SP1,2015,ENF,AmeriFlux,-454.295,84.9835,-497.435,121.829,43.139999999999986,43.139999999999986,148.54124179247324,TRUE,-1,-1,FALSE
US-SP1,2016,ENF,AmeriFlux,-371.611,65.8297,-389.277,65.938,17.665999999999997,17.665999999999997,93.17386568179943,TRUE,-1,-1,FALSE
US-SP1,2017,ENF,AmeriFlux,-364.224,88.4338,-361.049,26.1378,-3.1750000000000114,3.1750000000000114,92.21562541825546,TRUE,-1,-1,FALSE
US-SP1,2018,ENF,AmeriFlux,-485.013,39.4677,-400.246,69.1332,-84.767,84.767,79.60589604752904,FALSE,-1,-1,FALSE
US-SP1,2019,ENF,AmeriFlux,-610.951,29.7149,-569.768,27.7811,-41.18299999999999,41.18299999999999,40.67880036603833,FALSE,-1,-1,FALSE
US-SRC,2009,OSH,AmeriFlux,11.0788,41.339,10.6296,36.5931,0.4491999999999994,0.4491999999999994,55.208404148372196,TRUE,1,1,FALSE
US-SRC,2010,OSH,AmeriFlux,-127.388,17.7031,-122.295,17.6868,-5.0930000000000035,5.0930000000000035,25.02444092981899,TRUE,-1,-1,FALSE
US-SRG,2009,GRA,AmeriFlux,56.8514,27.4386,65.2867,37.855,-8.435299999999998,8.435299999999998,46.75337201700001,TRUE,1,1,FALSE
US-SRG,2010,GRA,AmeriFlux,-83.7129,14.3096,-71.3228,14.8361,-12.390100000000004,12.390100000000004,20.61248445408753,TRUE,-1,-1,FALSE
US-SRG,2011,GRA,AmeriFlux,87.7576,27.655,99.5623,30.5075,-11.804699999999997,11.804699999999997,41.17652949496837,TRUE,1,1,FALSE
US-SRG,2012,GRA,AmeriFlux,-96.7954,8.85452,-68.4927,55.1531,-28.3027,28.3027,55.85934983546085,TRUE,-1,-1,FALSE
US-SRG,2013,GRA,AmeriFlux,18.1415,3.21786,26.7491,12.5102,-8.607599999999998,8.607599999999998,12.917419518603552,TRUE,1,1,FALSE
US-SRG,2014,GRA,AmeriFlux,-12.4634,50.1307,13.7006,55.1784,-26.164,26.164,74.55027101929275,TRUE,-1,1,TRUE
US-SRG,2015,GRA,AmeriFlux,-37.9742,52.8268,-20.5235,55.3117,-17.450700000000005,17.450700000000005,76.48565195597145,TRUE,-1,-1,FALSE
US-SRG,2016,GRA,AmeriFlux,-100.841,66.6108,-104.486,65.6169,3.6450000000000102,3.6450000000000102,93.50174459468658,TRUE,-1,-1,FALSE
US-SRG,2017,GRA,AmeriFlux,24.2124,34.9011,43.1008,33.437,-18.8884,18.8884,48.333422703239215,TRUE,1,1,FALSE
US-SRG,2018,GRA,AmeriFlux,-130.721,61.3289,-92.3771,60.7538,-38.343900000000005,38.343900000000005,86.3264628584422,TRUE,-1,-1,FALSE
US-SRG,2019,GRA,AmeriFlux,-132.818,48.9985,-106.952,64.8091,-25.866000000000014,25.866000000000014,81.24698422132356,TRUE,-1,-1,FALSE
US-SRG,2020,GRA,AmeriFlux,14.229,36.9293,34.1273,36.8753,-19.8983,19.8983,52.187747111558664,TRUE,1,1,FALSE
US-SRG,2021,GRA,AmeriFlux,-39.1412,35.6179,-19.8372,21.6106,-19.304,19.304,41.66116696361253,TRUE,-1,-1,FALSE
US-SRG,2022,GRA,AmeriFlux,-29.3261,42.35,-39.7768,38.3609,10.450700000000001,10.450700000000001,57.14088858960805,TRUE,-1,-1,FALSE
US-SRG,2023,GRA,AmeriFlux,36.8267,38.854,-2.79937,39.1097,39.626070000000006,39.626070000000006,55.12895745513423,TRUE,1,-1,TRUE
US-SRG,2024,GRA,AmeriFlux,133.748,52.2659,80.0176,54.8155,53.73039999999999,53.73039999999999,75.7394437731094,TRUE,1,1,FALSE
US-SRG,2025,GRA,AmeriFlux,83.017,18.487,71.9871,18.6404,11.029899999999998,11.029899999999998,26.253260391044762,TRUE,1,1,FALSE
US-SRM,2004,WSA,AmeriFlux,72.4751,23.1155,74.3313,28.6279,-1.8562000000000012,1.8562000000000012,36.79514911859986,TRUE,1,1,FALSE
US-SRM,2005,WSA,AmeriFlux,19.1034,26.3688,16.8782,29.687,2.225200000000001,2.225200000000001,39.70682035167258,TRUE,1,1,FALSE
US-SRM,2006,WSA,AmeriFlux,145.633,35.9195,137.752,31.8711,7.881,7.881,48.02059449298811,TRUE,1,1,FALSE
US-SRM,2007,WSA,AmeriFlux,90.3955,44.6831,64.8736,43.6418,25.521900000000002,25.521900000000002,62.459475925194894,TRUE,1,1,FALSE
US-SRM,2008,WSA,AmeriFlux,-42.9813,21.3031,-46.5739,17.8909,3.5926000000000045,3.5926000000000045,27.819172748663824,TRUE,-1,-1,FALSE
US-SRM,2009,WSA,AmeriFlux,102.014,30.5677,102.074,28.49,-0.060000000000002274,0.060000000000002274,41.78593523292257,TRUE,1,1,FALSE
US-SRM,2010,WSA,AmeriFlux,-50.0225,38.8174,-6.56461,52.6696,-43.45789,43.45789,65.42841360540541,TRUE,-1,-1,FALSE
US-SRM,2011,WSA,AmeriFlux,-15.0264,39.2971,47.7594,41.7235,-62.7858,62.7858,57.31590111531005,FALSE,-1,1,TRUE
US-SRM,2012,WSA,AmeriFlux,4.22412,79.9831,43.7928,73.0728,-39.56868,39.56868,108.33711453352447,TRUE,1,1,FALSE
US-SRM,2013,WSA,AmeriFlux,95.3337,66.0002,96.1811,61.5388,-0.8474000000000075,0.8474000000000075,90.23885141933047,TRUE,1,1,FALSE
US-SRM,2014,WSA,AmeriFlux,34.7449,71.7777,41.0046,70.3399,-6.259700000000002,6.259700000000002,100.49746140724152,TRUE,1,1,FALSE
US-SRM,2015,WSA,AmeriFlux,25.3879,52.9703,29.6398,60.0407,-4.251900000000003,4.251900000000003,80.06708648739506,TRUE,1,1,FALSE
US-SRM,2016,WSA,AmeriFlux,-47.9422,46.5607,-26.6455,74.4732,-21.2967,21.2967,87.83026985458943,TRUE,-1,-1,FALSE
US-SRM,2017,WSA,AmeriFlux,169.139,50.4143,173.206,56.2807,-4.066999999999979,4.066999999999979,75.55871119189369,TRUE,1,1,FALSE
US-SRM,2018,WSA,AmeriFlux,-31.0096,55.6802,-29.8418,64.2481,-1.1677999999999997,1.1677999999999997,85.01825113262446,TRUE,-1,-1,FALSE
US-SRM,2019,WSA,AmeriFlux,36.9983,56.0223,11.6581,59.2455,25.340200000000003,25.340200000000003,81.53850236262622,TRUE,1,1,FALSE
US-SRM,2020,WSA,AmeriFlux,69.0169,19.8605,63.023,24.8403,5.993900000000004,5.993900000000004,31.803772800408442,TRUE,1,1,FALSE
US-SRM,2021,WSA,AmeriFlux,-30.6331,23.4618,-37.7401,26.0142,7.106999999999999,7.106999999999999,35.031338268470414,TRUE,-1,-1,FALSE
US-SRM,2022,WSA,AmeriFlux,-25.5864,44.5193,-31.2551,51.2751,5.668699999999998,5.668699999999998,67.9051099144976,TRUE,-1,-1,FALSE
US-SRM,2023,WSA,AmeriFlux,98.2205,33.905,107.298,41.4406,-9.0775,9.0775,53.54318213703777,TRUE,1,1,FALSE
US-SRM,2024,WSA,AmeriFlux,14.9725,28.8384,28.9202,48.4498,-13.947700000000001,13.947700000000001,56.38294453644649,TRUE,1,1,FALSE
US-SRM,2025,WSA,AmeriFlux,125.318,20.8692,154.574,30.3184,-29.256000000000014,29.256000000000014,36.80664188974593,TRUE,1,1,FALSE
US-SRS,2012,WSA,AmeriFlux,-102.994,57.6347,-118.737,55.3375,15.742999999999995,15.742999999999995,79.89992209220232,TRUE,-1,-1,FALSE
US-SRS,2013,WSA,AmeriFlux,-236.779,29.9302,-178.619,29.407,-58.16,58.16,41.95936750047598,FALSE,-1,-1,FALSE
US-SRS,2014,WSA,AmeriFlux,-69.7437,86.4431,-17.5556,83.9558,-52.188100000000006,52.188100000000006,120.50305345197688,TRUE,-1,-1,FALSE
US-SRS,2015,WSA,AmeriFlux,-177.791,54.6727,-158.777,58.4834,-19.01400000000001,19.01400000000001,80.05880464289983,TRUE,-1,-1,FALSE
US-SRS,2016,WSA,AmeriFlux,-168.854,41.9437,-211.606,41.8491,42.75199999999998,42.75199999999998,59.25049485447358,TRUE,-1,-1,FALSE
US-SRS,2017,WSA,AmeriFlux,-149.54,36.9315,-119.915,39.9791,-29.624999999999986,29.624999999999986,54.42668581734516,TRUE,-1,-1,FALSE
US-SRS,2018,WSA,AmeriFlux,-356.938,19.6256,-410.11,22.6139,53.172000000000025,53.172000000000025,29.942489017615085,FALSE,-1,-1,FALSE
US-SSH,2016,DBF,AmeriFlux,-535.338,30.6806,-533.936,51.5119,-1.40199999999993,1.40199999999993,59.956443006319176,TRUE,-1,-1,FALSE
US-SSH,2019,DBF,AmeriFlux,-366.474,38.7216,-365.943,32.5954,-0.5310000000000059,0.5310000000000059,50.61444860630213,TRUE,-1,-1,FALSE
US-SSH,2020,DBF,AmeriFlux,-344.667,26.2202,-341.277,25.4792,-3.3899999999999864,3.3899999999999864,36.56075109567635,TRUE,-1,-1,FALSE
US-Seg,2007,GRA,AmeriFlux,-36.1688,1.9017,-35.5593,4.85966,-0.609499999999997,0.609499999999997,5.218501528753249,TRUE,-1,-1,FALSE
US-Seg,2008,GRA,AmeriFlux,-28.2631,6.32557,-27.3729,6.03821,-0.8902000000000001,0.8902000000000001,8.744873688567491,TRUE,-1,-1,FALSE
US-Seg,2009,GRA,AmeriFlux,14.2793,3.47504,16.5697,2.793,-2.2904000000000018,2.2904000000000018,4.45833511544388,TRUE,1,1,FALSE
US-Seg,2010,GRA,AmeriFlux,-59.7608,4.15619,-59.3136,4.35659,-0.44720000000000226,0.44720000000000226,6.0211121683788615,TRUE,-1,-1,FALSE
US-Seg,2011,GRA,AmeriFlux,38.231,3.04048,40.0804,2.96319,-1.8493999999999957,1.8493999999999957,4.245587545499445,TRUE,1,1,FALSE
US-Seg,2012,GRA,AmeriFlux,-13.1179,2.59365,-11.8546,2.70208,-1.263300000000001,1.263300000000001,3.7454314369508888,TRUE,-1,-1,FALSE
US-Seg,2013,GRA,AmeriFlux,-66.2638,4.47711,-62.9933,4.30919,-3.2705000000000055,3.2705000000000055,6.213986836822234,TRUE,-1,-1,FALSE
US-Seg,2014,GRA,AmeriFlux,-18.6816,5.07129,-19.8622,6.09538,1.1806000000000019,1.1806000000000019,7.929163865660742,TRUE,-1,-1,FALSE
US-Seg,2015,GRA,AmeriFlux,11.8146,11.7297,4.67308,12.1257,7.141520000000001,7.141520000000001,16.870639068511895,TRUE,1,1,FALSE
US-Seg,2016,GRA,AmeriFlux,-32.843,20.4282,-40.3488,17.2179,7.505799999999994,7.505799999999994,26.71642632632591,TRUE,-1,-1,FALSE
US-Seg,2017,GRA,AmeriFlux,-38.7208,7.70883,-43.8978,8.24614,5.177,5.177,11.288263146671413,TRUE,-1,-1,FALSE
US-Seg,2018,GRA,AmeriFlux,-31.9276,7.18647,-31.7997,7.82224,-0.12790000000000035,0.12790000000000035,10.622277989136792,TRUE,-1,-1,FALSE
US-Seg,2019,GRA,AmeriFlux,-5.81919,8.79695,-3.90566,11.586,-1.9135299999999997,1.9135299999999997,14.547223972376997,TRUE,-1,-1,FALSE
US-Seg,2020,GRA,AmeriFlux,30.2159,14.3447,31.7205,17.8471,-1.5046,1.5046,22.897366584391317,TRUE,1,1,FALSE
US-Seg,2021,GRA,AmeriFlux,-10.8037,11.3157,-9.5274,11.2505,-1.276299999999999,1.276299999999999,15.956779648162094,TRUE,-1,-1,FALSE
US-Seg,2022,GRA,AmeriFlux,40.4492,1.61015,41.0964,5.1885,-0.6472000000000051,0.6472000000000051,5.432597470133417,TRUE,1,1,FALSE
US-Seg,2023,GRA,AmeriFlux,-9.25892,4.96745,-4.11075,5.14382,-5.1481699999999995,5.1481699999999995,7.15083517464219,TRUE,-1,-1,FALSE
US-Seg,2024,GRA,AmeriFlux,38.5531,16.4362,44.0844,15.6415,-5.531300000000002,5.531300000000002,22.689318911990284,TRUE,1,1,FALSE
US-Seg,2025,GRA,AmeriFlux,-33.9381,7.51595,-33.2372,6.86032,-0.7008999999999972,0.7008999999999972,10.176123766194081,TRUE,-1,-1,FALSE
US-Ses,2007,OSH,AmeriFlux,-26.1092,2.75672,-26.5295,4.62932,0.42029999999999745,0.42029999999999745,5.387959615735812,TRUE,-1,-1,FALSE
US-Ses,2008,OSH,AmeriFlux,-40.4238,2.73565,-44.5114,4.0321,4.087600000000002,4.087600000000002,4.872536437267555,TRUE,-1,-1,FALSE
US-Ses,2009,OSH,AmeriFlux,-49.8388,4.97027,-54.3952,9.71883,4.556400000000004,4.556400000000004,10.916008448228684,TRUE,-1,-1,FALSE
US-Ses,2010,OSH,AmeriFlux,-52.3768,3.48515,-54.0576,4.35146,1.6807999999999979,1.6807999999999979,5.575076201640655,TRUE,-1,-1,FALSE
US-Ses,2011,OSH,AmeriFlux,29.2993,4.48247,30.5496,4.67432,-1.2503000000000029,1.2503000000000029,6.476249282053618,TRUE,1,1,FALSE
US-Ses,2012,OSH,AmeriFlux,-28.455,3.06104,-29.6353,3.7125,1.1803000000000026,1.1803000000000026,4.811717170782173,TRUE,-1,-1,FALSE
US-Ses,2013,OSH,AmeriFlux,-47.9529,2.79894,-49.0987,3.10695,1.1458000000000013,1.1458000000000013,4.181770369843375,TRUE,-1,-1,FALSE
US-Ses,2014,OSH,AmeriFlux,-16.6754,2.26481,-20.9858,4.25208,4.310400000000001,4.310400000000001,4.817628946120696,TRUE,-1,-1,FALSE
US-Ses,2015,OSH,AmeriFlux,-6.91737,2.6795,-6.71192,3.5938,-0.2054499999999999,0.2054499999999999,4.482757933460159,TRUE,-1,-1,FALSE
US-Ses,2016,OSH,AmeriFlux,-70.2445,1.59044,-72.9106,2.96704,2.6661,2.6661,3.366426258690364,TRUE,-1,-1,FALSE
US-Ses,2017,OSH,AmeriFlux,-31.4895,2.39533,-33.4122,3.68293,1.922699999999999,1.922699999999999,4.393356256189566,TRUE,-1,-1,FALSE
US-Ses,2018,OSH,AmeriFlux,9.62786,12.7031,2.23124,11.2311,7.39662,7.39662,16.95601240917215,TRUE,1,1,FALSE
US-Ses,2019,OSH,AmeriFlux,12.4741,7.0873,5.16736,7.35371,7.30674,7.30674,10.213073585072225,TRUE,1,1,FALSE
US-Ses,2020,OSH,AmeriFlux,42.7478,20.7031,31.7709,21.9892,10.976899999999997,10.976899999999997,30.201709657732952,TRUE,1,1,FALSE
US-Ses,2021,OSH,AmeriFlux,105.548,28.2983,94.1651,26.4855,11.382900000000006,11.382900000000006,38.75919881963506,TRUE,1,1,FALSE
US-Ses,2023,OSH,AmeriFlux,98.0771,36.5244,93.2901,27.9104,4.787000000000006,4.787000000000006,45.967621469029694,TRUE,1,1,FALSE
US-Ses,2024,OSH,AmeriFlux,-22.5973,11.0232,-21.0184,9.78457,-1.5789000000000009,1.5789000000000009,14.739360512752919,TRUE,-1,-1,FALSE
US-Ses,2025,OSH,AmeriFlux,115.624,46.2713,112.297,34.4308,3.326999999999998,3.326999999999998,57.67593252241354,TRUE,1,1,FALSE
US-Slt,2005,DBF,AmeriFlux,-168.994,23.3461,-168.994,24.2062,0,0,33.630053577863954,TRUE,-1,-1,FALSE
US-Slt,2006,DBF,AmeriFlux,-149.524,30.6103,-143.141,17.4685,-6.38300000000001,6.38300000000001,35.24399180484526,TRUE,-1,-1,FALSE
US-Slt,2007,DBF,AmeriFlux,259.594,11.3436,258.574,12.5576,1.0199999999999818,1.0199999999999818,16.922487367996467,TRUE,1,1,FALSE
US-Slt,2008,DBF,AmeriFlux,39.5759,9.7947,34.712,9.47747,4.863899999999994,4.863899999999994,13.629328145249861,TRUE,1,1,FALSE
US-Slt,2009,DBF,AmeriFlux,28.4119,23.6943,30.1269,26.1299,-1.7149999999999999,1.7149999999999999,35.273099190459575,TRUE,1,1,FALSE
US-Slt,2010,DBF,AmeriFlux,-16.506,9.17402,-26.2475,9.31199,9.741499999999998,9.741499999999998,13.071947089875326,TRUE,-1,-1,FALSE
US-Slt,2011,DBF,AmeriFlux,-27.8536,16.7995,-26.3517,23.3666,-1.5018999999999991,1.5018999999999991,28.778832426107908,TRUE,-1,-1,FALSE
US-Slt,2012,DBF,AmeriFlux,-2.02007,8.20132,8.94044,11.2246,-10.960510000000001,10.960510000000001,13.901557283354984,TRUE,-1,1,TRUE
US-Slt,2013,DBF,AmeriFlux,-27.9797,25.94,-38.0889,24.7538,10.109200000000001,10.109200000000001,35.855741722072914,TRUE,-1,-1,FALSE
US-Slt,2014,DBF,AmeriFlux,-15.7367,17.812,-16.2743,18.1339,0.5375999999999994,0.5375999999999994,25.418608797689934,TRUE,-1,-1,FALSE
US-Slt,2015,DBF,AmeriFlux,-186.98,37.2943,-184.528,40.3767,-2.451999999999998,2.451999999999998,54.96492259050312,TRUE,-1,-1,FALSE
US-Slt,2016,DBF,AmeriFlux,-247.287,27.905,-237.392,29.3452,-9.89500000000001,9.89500000000001,40.49481186571929,TRUE,-1,-1,FALSE
US-Slt,2017,DBF,AmeriFlux,-375.548,48.9084,-361.872,74.783,-13.675999999999988,13.675999999999988,89.35618993421777,TRUE,-1,-1,FALSE
US-Slt,2018,DBF,AmeriFlux,-173.756,32.6819,-175.979,42.4665,2.223000000000013,2.223000000000013,53.58647413163139,TRUE,-1,-1,FALSE
US-Slt,2019,DBF,AmeriFlux,-212.046,17.8788,-214.474,17.2509,2.4279999999999973,2.4279999999999973,24.844416681620842,TRUE,-1,-1,FALSE
US-Slt,2020,DBF,AmeriFlux,-213.044,15.0727,-217.355,13.4556,4.310999999999979,4.310999999999979,20.204936442612237,TRUE,-1,-1,FALSE
US-Slt,2021,DBF,AmeriFlux,-210.029,21.2653,-209.681,20.5489,-0.34799999999998477,0.34799999999998477,29.571443578222556,TRUE,-1,-1,FALSE
US-Sne,2017,GRA,AmeriFlux,247.8,358.311,254.903,214.565,-7.10299999999998,7.10299999999998,417.64208593722924,TRUE,1,1,FALSE
US-Sne,2018,GRA,AmeriFlux,74.67,12.8551,92.8058,19.4362,-18.135800000000003,18.135800000000003,23.302778084382986,TRUE,1,1,FALSE
US-Sne,2019,GRA,AmeriFlux,-91.287,23.8178,-83.4806,109.885,-7.806400000000011,7.806400000000011,112.43665248414327,TRUE,-1,-1,FALSE
US-Sne,2020,GRA,AmeriFlux,179.009,8.18815,179.101,37.2622,-0.09200000000001296,0.09200000000001296,38.15124308934769,TRUE,1,1,FALSE
US-Snf,2019,GRA,AmeriFlux,417.23,52.6397,417.182,52.42,0.04800000000000182,0.04800000000000182,74.2885887340041,TRUE,1,1,FALSE
US-Srr,2015,WET,AmeriFlux,-225.135,5.47112,-224.969,5.21662,-0.16599999999999682,0.16599999999999682,7.5595157436703575,TRUE,-1,-1,FALSE
US-Srr,2016,WET,AmeriFlux,-197.109,16.1813,-203.736,15.9344,6.626999999999981,6.626999999999981,22.709900331133117,TRUE,-1,-1,FALSE
US-StJ,2015,WET,AmeriFlux,46.0201,21.8452,49.2042,21.0502,-3.184100000000001,3.184100000000001,30.336837064532617,TRUE,1,1,FALSE
US-StJ,2017,WET,AmeriFlux,50.1559,29.5108,56.7483,24.0413,-6.592399999999998,6.592399999999998,38.064043693885175,TRUE,1,1,FALSE
US-StJ,2018,WET,AmeriFlux,-13.7886,44.5697,-7.90554,49.4549,-5.88306,5.88306,66.5751101546216,TRUE,-1,-1,FALSE
US-StJ,2019,WET,AmeriFlux,-37.1937,23.7991,-35.5722,28.9066,-1.6214999999999975,1.6214999999999975,37.44313934981948,TRUE,-1,-1,FALSE
US-StJ,2020,WET,AmeriFlux,78.0024,34.1986,89.0208,39.0263,-11.0184,11.0184,51.89023350930308,TRUE,1,1,FALSE
US-Sta,2008,OSH,AmeriFlux,-317.509,3.12484,-319.303,3.30886,1.7939999999999827,1.7939999999999827,4.551173422887772,TRUE,-1,-1,FALSE
US-TKs,2019,CSH,AmeriFlux,57.8895,18.7785,40.6727,12.9839,17.2168,17.2168,22.83010559458716,TRUE,1,1,FALSE
US-TKs,2020,CSH,AmeriFlux,7.4134,20.6045,-17.2976,21.3346,24.711,24.711,29.659915330459054,TRUE,1,-1,TRUE
US-TKs,2021,CSH,AmeriFlux,23.6006,16.5505,5.61468,17.2327,17.98592,17.98592,23.893199859792745,TRUE,1,1,FALSE
US-TKs,2022,CSH,AmeriFlux,10.2421,10.6059,5.36832,18.2565,4.873780000000001,4.873780000000001,21.113618994857323,TRUE,1,1,FALSE
US-TKs,2023,CSH,AmeriFlux,34.2983,5.4692,28.9421,6.93207,5.356199999999998,5.356199999999998,8.829821239691096,TRUE,1,1,FALSE
US-TaS,2017,WET,AmeriFlux,-434.207,41.0153,-439.933,35.0989,5.725999999999999,5.725999999999999,53.98321605184338,TRUE,-1,-1,FALSE
US-TaS,2018,WET,AmeriFlux,-395.032,20.5349,-393.199,16.8638,-1.83299999999997,1.83299999999997,26.571975245547705,TRUE,-1,-1,FALSE
US-TaS,2019,WET,AmeriFlux,-292.159,7.29361,-297.005,8.13373,4.846000000000004,4.846000000000004,10.9249398417108,TRUE,-1,-1,FALSE
US-TaS,2020,WET,AmeriFlux,-216.64,23.3154,-214.216,29.0008,-2.423999999999978,2.423999999999978,37.210942984557654,TRUE,-1,-1,FALSE
US-TaS,2021,WET,AmeriFlux,-532.917,47.1639,-522.197,48.1121,-10.720000000000027,10.720000000000027,67.37364195009796,TRUE,-1,-1,FALSE
US-TaS,2022,WET,AmeriFlux,-821.084,64.4042,-811.899,68.0388,-9.184999999999945,9.184999999999945,93.68660140639109,TRUE,-1,-1,FALSE
US-Ton,2002,WSA,AmeriFlux,-145.363,37.2482,-97.6728,41.5016,-47.690200000000004,47.690200000000004,55.765681254692836,TRUE,-1,-1,FALSE
US-Ton,2003,WSA,AmeriFlux,-65.1637,20.6761,-66.7878,18.7457,1.6240999999999985,1.6240999999999985,27.908822614005057,TRUE,-1,-1,FALSE
US-Ton,2004,WSA,AmeriFlux,-96.0025,7.5934,-93.762200000000007,11.3945,-2.2402999999999906,2.2402999999999906,13.692857766368569,TRUE,-1,-1,FALSE
US-Ton,2005,WSA,AmeriFlux,-3.98614,32.5346,33.8597,53.179,-37.845839999999995,37.845839999999995,62.3418498134279,TRUE,-1,1,TRUE
US-Ton,2006,WSA,AmeriFlux,14.9315,21.3239,51.9096,49.8706,-36.9781,36.9781,54.23822872817659,TRUE,1,1,FALSE
US-Ton,2007,WSA,AmeriFlux,11.0199,26.2655,44.3162,29.1337,-33.2963,33.2963,39.22561619579736,TRUE,1,1,FALSE
US-Ton,2008,WSA,AmeriFlux,69.7687,21.6933,84.703,20.3777,-14.934300000000007,14.934300000000007,29.763231044024774,TRUE,1,1,FALSE
US-Ton,2009,WSA,AmeriFlux,3.13616,31.841,23.5302,33.3881,-20.39404,20.39404,46.13691041465608,TRUE,1,1,FALSE
US-Ton,2010,WSA,AmeriFlux,-84.7803,9.34755,-80.2476,11.1505,-4.532699999999991,4.532699999999991,14.55026945635372,TRUE,-1,-1,FALSE
US-Ton,2011,WSA,AmeriFlux,-7.73932,38.1799,-3.66666,39.034,-4.072660000000001,4.072660000000001,54.6018124242227,TRUE,-1,-1,FALSE
US-Ton,2012,WSA,AmeriFlux,92.8253,40.3406,100.497,36.9296,-7.671700000000001,7.671700000000001,54.69149261557962,TRUE,1,1,FALSE
US-Ton,2013,WSA,AmeriFlux,6.00438,34.3755,4.09501,30.6863,1.90937,1.90937,46.079540014414206,TRUE,1,1,FALSE
US-Ton,2014,WSA,AmeriFlux,25.6825,34.1802,34.3988,33.3835,-8.7163,8.7163,47.778071793344694,TRUE,1,1,FALSE
US-Ton,2015,WSA,AmeriFlux,-40.3763,15.3059,-40.5723,17.1812,0.19599999999999795,0.19599999999999795,23.010089270795973,TRUE,-1,-1,FALSE
US-Ton,2016,WSA,AmeriFlux,165.758,27.705,167.241,45.1774,-1.483000000000004,1.483000000000004,52.99589131017611,TRUE,1,1,FALSE
US-Ton,2017,WSA,AmeriFlux,1.69675,12.5968,1.69675,13.8512,0,0,18.722582932918204,TRUE,1,1,FALSE
US-Ton,2018,WSA,AmeriFlux,-15.2447,12.7114,-15.9103,23.7263,0.6655999999999995,0.6655999999999995,26.916853487174162,TRUE,-1,-1,FALSE
US-Ton,2019,WSA,AmeriFlux,-58.0583,19.2503,-58.8539,20.3088,0.7956000000000003,0.7956000000000003,27.982519678006124,TRUE,-1,-1,FALSE
US-Ton,2020,WSA,AmeriFlux,-3.92695,8.454,-3.83259,11.2739,-0.09436,0.09436,14.091520046112839,TRUE,-1,-1,FALSE
US-Ton,2021,WSA,AmeriFlux,33.8972,11.3469,36.7219,11.0623,-2.8247,2.8247,15.846975134075272,TRUE,1,1,FALSE
US-Ton,2022,WSA,AmeriFlux,-62.4612,10.5512,-59.2304,11.7797,-3.230799999999995,3.230799999999995,15.814207331700187,TRUE,-1,-1,FALSE
US-Ton,2023,WSA,AmeriFlux,-165.863,7.65894,-158.433,10.1617,-7.430000000000007,7.430000000000007,12.724759676064613,TRUE,-1,-1,FALSE
US-Ton,2024,WSA,AmeriFlux,-27.3273,6.34451,-28.9684,6.4443,1.641099999999998,1.641099999999998,9.043329565491904,TRUE,-1,-1,FALSE
US-Ton,2025,WSA,AmeriFlux,-93.3002,18.547,-98.5798,17.728,5.279600000000002,5.279600000000002,25.656835210134552,TRUE,-1,-1,FALSE
US-Tw1,2013,WET,AmeriFlux,-563.805,7.35076,-567.479,13.1386,3.674000000000092,3.674000000000092,15.05511482977131,TRUE,-1,-1,FALSE
US-Tw1,2014,WET,AmeriFlux,-181.682,24.233,-171.513,15.412,-10.168999999999983,10.168999999999983,28.71877492164316,TRUE,-1,-1,FALSE
US-Tw1,2015,WET,AmeriFlux,-28.4227,19.8807,-22.4429,27.7826,-5.979799999999997,5.979799999999997,34.16306624484986,TRUE,-1,-1,FALSE
US-Tw1,2016,WET,AmeriFlux,-320.331,9.94513,-334.438,11.9349,14.106999999999971,14.106999999999971,15.535361235803306,TRUE,-1,-1,FALSE
US-Tw1,2017,WET,AmeriFlux,-776.461,20.293,-787.006,28.0205,10.544999999999959,10.544999999999959,34.59702688454602,TRUE,-1,-1,FALSE
US-Tw1,2018,WET,AmeriFlux,-556.107,9.99487,-572.954,24.6648,16.84699999999998,16.84699999999998,26.612962731663306,TRUE,-1,-1,FALSE
US-Tw1,2019,WET,AmeriFlux,316.324,9.13268,325.302,9.69578,-8.978000000000009,8.978000000000009,13.319684447868875,TRUE,1,1,FALSE
US-Tw1,2020,WET,AmeriFlux,94.8811,14.0222,108.966,11.1625,-14.08489999999999,14.08489999999999,17.922709033234902,TRUE,1,1,FALSE
US-Tw1,2021,WET,AmeriFlux,-32.6406,18.2403,-28.6669,19.5375,-3.973700000000001,3.973700000000001,26.72868216616749,TRUE,-1,-1,FALSE
US-Tw1,2022,WET,AmeriFlux,-363.719,29.0844,-346.235,29.4889,-17.48399999999998,17.48399999999998,41.41856524036051,TRUE,-1,-1,FALSE
US-Tw3,2014,CRO,AmeriFlux,-275.167,67.5847,-273.947,54.6101,-1.2199999999999704,1.2199999999999704,86.89047528987282,TRUE,-1,-1,FALSE
US-Tw3,2015,CRO,AmeriFlux,-250.026,47.8156,-237.212,48.9075,-12.814000000000021,12.814000000000021,68.39791780171382,TRUE,-1,-1,FALSE
US-Tw3,2016,CRO,AmeriFlux,-121.28,54.8132,-180.806,55.1477,59.52600000000001,59.52600000000001,77.75445781130495,TRUE,-1,-1,FALSE
US-Tw3,2017,CRO,AmeriFlux,80.1478,20.6639,85.8551,19.7512,-5.707299999999989,5.707299999999989,28.585077656882447,TRUE,1,1,FALSE
US-Tw4,2014,WET,AmeriFlux,259.835,15.8769,315.78,58.3971,-55.94499999999999,55.94499999999999,60.51691699037551,TRUE,1,1,FALSE
US-Tw4,2015,WET,AmeriFlux,-547.565,24.3352,-505.052,36.7983,-42.513000000000034,42.513000000000034,44.11708106765451,TRUE,-1,-1,FALSE
US-Tw4,2016,WET,AmeriFlux,-615.569,6.22479,-664.022,53.816,48.45300000000009,48.45300000000009,54.17480841262016,TRUE,-1,-1,FALSE
US-Tw4,2017,WET,AmeriFlux,-564.789,16.751,-575.638,27.6097,10.849000000000046,10.849000000000046,32.293831223470534,TRUE,-1,-1,FALSE
US-Tw4,2018,WET,AmeriFlux,-585.348,12.8343,-575.319,13.4838,-10.028999999999996,10.028999999999996,18.615373188040042,TRUE,-1,-1,FALSE
US-Tw4,2019,WET,AmeriFlux,-381.412,15.0389,-383.636,13.2211,2.2240000000000464,2.2240000000000464,20.02413539756461,TRUE,-1,-1,FALSE
US-Tw4,2020,WET,AmeriFlux,-23.8037,12.9729,-21.7558,12.6905,-2.0478999999999985,2.0478999999999985,18.147862812463618,TRUE,-1,-1,FALSE
US-Tw4,2021,WET,AmeriFlux,-465.719,7.73414,-462.987,11.5068,-2.731999999999971,2.731999999999971,13.864464208169027,TRUE,-1,-1,FALSE
US-Tw4,2022,WET,AmeriFlux,-445.958,5.71265,-445.839,5.81115,-0.1190000000000282,0.1190000000000282,8.148854787330547,TRUE,-1,-1,FALSE
US-Tw4,2023,WET,AmeriFlux,-464.712,8.78815,-467.841,8.98454,3.129000000000019,3.129000000000019,12.567956852014571,TRUE,-1,-1,FALSE
US-Tw4,2024,WET,AmeriFlux,-592.692,6.0419,-593.075,5.09965,0.3830000000000382,0.3830000000000382,7.906388918621445,TRUE,-1,-1,FALSE
US-Twt,2010,CRO,AmeriFlux,-126.188,33.4784,-98.4361,135.822,-27.751900000000006,27.751900000000006,139.88716506727843,TRUE,-1,-1,FALSE
US-Twt,2011,CRO,AmeriFlux,212.78,71.8624,247.651,81.7787,-34.87100000000001,34.87100000000001,108.86670890336494,TRUE,1,1,FALSE
US-Twt,2012,CRO,AmeriFlux,90.021,27.4859,90.7617,28.2656,-0.7407000000000039,0.7407000000000039,39.42611878146263,TRUE,1,1,FALSE
US-Twt,2013,CRO,AmeriFlux,202.87,36.4777,191.293,41.7618,11.576999999999998,11.576999999999998,55.44971178040513,TRUE,1,1,FALSE
US-Twt,2014,CRO,AmeriFlux,500.519,84.7423,444.336,72.8955,56.18299999999999,56.18299999999999,111.78108663606737,TRUE,1,1,FALSE
US-Twt,2015,CRO,AmeriFlux,819.75,81.0398,797.952,68.8376,21.798000000000002,21.798000000000002,106.32997864102107,TRUE,1,1,FALSE
US-Twt,2016,CRO,AmeriFlux,669.492,183.898,672.731,115.897,-3.2390000000000327,3.2390000000000327,217.3720060472369,TRUE,1,1,FALSE
US-UC1,2020,CVM,AmeriFlux,-539.369,230.338,-537.543,170.595,-1.8260000000000218,1.8260000000000218,286.63260154595116,TRUE,-1,-1,FALSE
US-UC1,2021,CVM,AmeriFlux,-1090.78,353.441,-1098.69,196.571,7.910000000000082,7.910000000000082,404.42638207960664,TRUE,-1,-1,FALSE
US-UC1,2022,CVM,AmeriFlux,-983.45,243.281,-970.321,220.761,-13.129000000000019,13.129000000000019,328.5134153759934,TRUE,-1,-1,FALSE
US-UC1,2023,CVM,AmeriFlux,-679.706,37.0734,-683.356,114.52,3.6499999999999773,3.6499999999999773,120.37137279087582,TRUE,-1,-1,FALSE
US-UC1,2024,CVM,AmeriFlux,-599.402,58.3824,-591.841,64.052,-7.5610000000000355,7.5610000000000355,86.66696795065582,TRUE,-1,-1,FALSE
US-UC2,2020,CVM,AmeriFlux,-233.062,73.2846,-233.051,24.6424,-0.011000000000024102,0.011000000000024102,77.31675416699798,TRUE,-1,-1,FALSE
US-UC2,2021,CVM,AmeriFlux,-651.878,76.6472,-648.087,25.5307,-3.7910000000000537,3.7910000000000537,80.78743658719466,TRUE,-1,-1,FALSE
US-UC2,2022,CVM,AmeriFlux,-571.279,48.8519,-512.222,51.5441,-59.057000000000016,59.057000000000016,71.01621208160853,TRUE,-1,-1,FALSE
US-UC2,2023,CVM,AmeriFlux,-349.269,76.6346,-366.807,175.247,17.53800000000001,17.53800000000001,191.27041832484187,TRUE,-1,-1,FALSE
US-UC2,2024,CVM,AmeriFlux,-473.761,27.4862,-462.925,60.7993,-10.836000000000013,10.836000000000013,66.72365450820271,TRUE,-1,-1,FALSE
US-UMd,2008,DBF,AmeriFlux,-365.019,7.48792,-365.993,9.40801,0.9739999999999895,0.9739999999999895,12.02412566827626,TRUE,-1,-1,FALSE
US-UMd,2009,DBF,AmeriFlux,-314.92,9.01102,-314.919,10.4448,-0.0010000000000331966,0.0010000000000331966,13.79464854501194,TRUE,-1,-1,FALSE
US-UMd,2010,DBF,AmeriFlux,-245.399,6.88636,-244.195,6.79968,-1.2040000000000077,1.2040000000000077,9.677685784938463,TRUE,-1,-1,FALSE
US-UMd,2011,DBF,AmeriFlux,-331.909,8.74913,-324.961,8.67376,-6.947999999999979,6.947999999999979,12.319958940455118,TRUE,-1,-1,FALSE
US-UMd,2012,DBF,AmeriFlux,-372.931,7.62742,-371.75,7.99438,-1.1809999999999832,1.1809999999999832,11.049327918059088,TRUE,-1,-1,FALSE
US-UMd,2013,DBF,AmeriFlux,-270.451,11.6306,-276.626,8.26942,6.1749999999999545,6.1749999999999545,14.27074502247167,TRUE,-1,-1,FALSE
US-UMd,2015,DBF,AmeriFlux,-341.499,19.6438,-330.408,20.2934,-11.091000000000008,11.091000000000008,28.24360037247376,TRUE,-1,-1,FALSE
US-UMd,2016,DBF,AmeriFlux,-367.949,9.33253,-376.384,10.6595,8.435000000000002,8.435000000000002,14.167605882819439,TRUE,-1,-1,FALSE
US-UMd,2017,DBF,AmeriFlux,-492.729,10.7561,-497.22,7.52533,4.491000000000042,4.491000000000042,13.127234241031124,TRUE,-1,-1,FALSE
US-UMd,2018,DBF,AmeriFlux,-430.662,7.57328,-431.752,7.39733,1.0900000000000318,1.0900000000000318,10.586550953322805,TRUE,-1,-1,FALSE
US-UMd,2019,DBF,AmeriFlux,-447.928,11.5689,-449.12,10.7902,1.1920000000000073,1.1920000000000073,15.819856612814164,TRUE,-1,-1,FALSE
US-UMd,2020,DBF,AmeriFlux,-512.662,45.38,-505.119,38.9204,-7.543000000000006,7.543000000000006,59.78412779459111,TRUE,-1,-1,FALSE
US-UMd,2021,DBF,AmeriFlux,-536.088,8.85822,-535.617,12.1736,-0.47100000000000364,0.47100000000000364,15.055384369998661,TRUE,-1,-1,FALSE
US-UMd,2022,DBF,AmeriFlux,-643.898,11.0876,-651.267,13.4146,7.369000000000028,7.369000000000028,17.403630854508492,TRUE,-1,-1,FALSE
US-UMd,2023,DBF,AmeriFlux,-559.576,7.39372,-557.148,7.09722,-2.4279999999999973,2.4279999999999973,10.248786619244251,TRUE,-1,-1,FALSE
US-UMd,2024,DBF,AmeriFlux,-435.218,7.59019,-426.182,8.71678,-9.036000000000001,9.036000000000001,11.558254098457086,TRUE,-1,-1,FALSE
US-UTB,2022,BSV,AmeriFlux,-80.5143,5.43605,-80.5415,5.42787,0.02719999999999345,0.02719999999999345,7.681953679852541,TRUE,-1,-1,FALSE
US-UTV,2024,CRO,AmeriFlux,-488.528,28.0317,-488.612,28.044,0.08400000000000318,0.08400000000000318,39.65150868365541,TRUE,-1,-1,FALSE
US-UTW,2022,CRO,AmeriFlux,-569.101,10.846,-569.257,13.6365,0.15599999999994907,0.15599999999994907,17.423829896150846,TRUE,-1,-1,FALSE
US-UTW,2023,CRO,AmeriFlux,-860.629,95.0036,-877.71,81.7864,17.081000000000017,17.081000000000017,125.35828348346192,TRUE,-1,-1,FALSE
US-UiE,2019,CRO,AmeriFlux,-48.5529,31.2428,-52.3556,22.6404,3.8027000000000015,3.8027000000000015,38.58367872559588,TRUE,-1,-1,FALSE
US-UiE,2020,CRO,AmeriFlux,-217.742,23.8984,-226.7,23.2828,8.957999999999998,8.957999999999998,33.36498611418863,TRUE,-1,-1,FALSE
US-UiE,2021,CRO,AmeriFlux,-320.886,47.0844,-345.014,42.949,24.127999999999986,24.127999999999986,63.73034853474442,TRUE,-1,-1,FALSE
US-UiE,2022,CRO,AmeriFlux,-169.797,8.70483,-176.085,9.95911,6.288000000000011,6.288000000000011,13.227166639949766,TRUE,-1,-1,FALSE
US-UiE,2023,CRO,AmeriFlux,-448.39,18.175,-447.607,21.8151,-0.7829999999999586,0.7829999999999586,28.394175688158303,TRUE,-1,-1,FALSE
US-UiE,2024,CRO,AmeriFlux,-652.441,13.887,-649.457,14.2198,-2.9840000000000373,2.9840000000000373,19.875902018273283,TRUE,-1,-1,FALSE
US-UiF,2019,CRO,AmeriFlux,-946.233,101.499,-943.143,40.2986,-3.089999999999918,3.089999999999918,109.20633755858677,TRUE,-1,-1,FALSE
US-UiF,2020,CRO,AmeriFlux,-973.768,180.874,-968.795,121.767,-4.97300000000007,4.97300000000007,218.04267051428258,TRUE,-1,-1,FALSE
US-UiF,2021,CRO,AmeriFlux,-482.449,52.7186,-485.517,49.6841,3.0679999999999836,3.0679999999999836,72.44142860801406,TRUE,-1,-1,FALSE
US-UiF,2023,CRO,AmeriFlux,-726.011,17.1787,-745.852,27.7043,19.841000000000008,19.841000000000008,32.598097677318535,TRUE,-1,-1,FALSE
US-UiG,2019,CRO,AmeriFlux,-89.2136,24.5235,-89.3309,22.3056,0.11730000000000018,0.11730000000000018,33.15029175753963,TRUE,-1,-1,FALSE
US-UiG,2020,CRO,AmeriFlux,-447.465,19.6828,-417.862,18.1329,-29.602999999999952,29.602999999999952,26.762187471318555,FALSE,-1,-1,FALSE
US-UiG,2021,CRO,AmeriFlux,-175.696,42.1074,-164.527,23.9247,-11.169000000000011,11.169000000000011,48.42958191900897,TRUE,-1,-1,FALSE
US-UiG,2022,CRO,AmeriFlux,-59.6614,12.0933,-61.0725,15.552,1.4110999999999976,1.4110999999999976,19.7005738213383,TRUE,-1,-1,FALSE
US-UiG,2023,CRO,AmeriFlux,-389.434,43.9418,-415.966,37.7687,26.531999999999982,26.531999999999982,57.94270003141035,TRUE,-1,-1,FALSE
US-VT1,2024,CRO,AmeriFlux,-26.9308,25.5053,-26.9313,25.5482,4.999999999988347e-4,4.999999999988347e-4,36.1002887984293,TRUE,-1,-1,FALSE
US-VT2,2024,CRO,AmeriFlux,-46.2741,22.734,-46.2741,22.7592,0,0,32.16855515313052,TRUE,-1,-1,FALSE
US-Var,2001,GRA,AmeriFlux,-86.6211,14.4242,-88.379,10.5801,1.7579000000000065,1.7579000000000065,17.888433739430628,TRUE,-1,-1,FALSE
US-Var,2002,GRA,AmeriFlux,-7.04658,6.09241,-25.0949,20.9018,18.04832,18.04832,21.77160312995118,TRUE,-1,-1,FALSE
US-Var,2003,GRA,AmeriFlux,35.8839,9.85347,46.2464,16.898,-10.362500000000004,10.362500000000004,19.561014161870546,TRUE,1,1,FALSE
US-Var,2004,GRA,AmeriFlux,17.0706,5.98661,55.1025,21.3935,-38.0319,38.0319,22.21534023016753,FALSE,1,1,FALSE
US-Var,2005,GRA,AmeriFlux,-49.4421,14.7898,-81.0885,15.183,31.646399999999993,31.646399999999993,21.19579375819646,FALSE,-1,-1,FALSE
US-Var,2006,GRA,AmeriFlux,56.3159,18.0503,25.2754,40.573,31.040499999999998,31.040499999999998,44.40700011360821,TRUE,1,1,FALSE
US-Var,2007,GRA,AmeriFlux,-106.591,11.5105,-123.511,12.3905,16.92,16.92,16.912010539850073,FALSE,-1,-1,FALSE
US-Var,2008,GRA,AmeriFlux,105.434,18.2222,111.936,16.8583,-6.5020000000000095,6.5020000000000095,24.824400329715925,TRUE,1,1,FALSE
US-Var,2009,GRA,AmeriFlux,-34.9702,27.8041,-29.8582,25.14,-5.111999999999998,5.111999999999998,37.48449781989883,TRUE,-1,-1,FALSE
US-Var,2010,GRA,AmeriFlux,98.1088,24.7263,90.3623,24.8812,7.7464999999999975,7.7464999999999975,35.0779706529611,TRUE,1,1,FALSE
US-Var,2011,GRA,AmeriFlux,145.856,32.5281,161.029,39.6509,-15.173000000000002,15.173000000000002,51.28616928978026,TRUE,1,1,FALSE
US-Var,2012,GRA,AmeriFlux,82.3272,14.9601,64.434,16.4984,17.893200000000007,17.893200000000007,22.271097740569502,TRUE,1,1,FALSE
US-Var,2013,GRA,AmeriFlux,27.8042,24.0769,36.8361,25.5799,-9.0319,9.0319,35.12874033636845,TRUE,1,1,FALSE
US-Var,2014,GRA,AmeriFlux,59.1541,11.1289,46.0486,16.2566,13.1055,13.1055,19.701001466169174,TRUE,1,1,FALSE
US-Var,2015,GRA,AmeriFlux,94.2522,27.9611,88.0925,29.1096,6.159700000000001,6.159700000000001,40.363249687927755,TRUE,1,1,FALSE
US-Var,2016,GRA,AmeriFlux,-49.9058,115.026,58.2791,29.1808,-108.1849,108.1849,118.6697087071507,TRUE,-1,1,TRUE
US-Var,2017,GRA,AmeriFlux,142.769,33.6433,130.317,31.7376,12.451999999999998,12.451999999999998,46.250912300731976,TRUE,1,1,FALSE
US-Var,2018,GRA,AmeriFlux,168.078,69.706,136.586,48.4957,31.49199999999999,31.49199999999999,84.91619017884635,TRUE,1,1,FALSE
US-Var,2019,GRA,AmeriFlux,96.5262,10.7669,96.3205,10.4088,0.20570000000000732,0.20570000000000732,14.975621958703417,TRUE,1,1,FALSE
US-Var,2020,GRA,AmeriFlux,-64.2143,18.6742,-63.3415,20.4199,-0.8727999999999909,0.8727999999999909,27.671249730541625,TRUE,-1,-1,FALSE
US-Var,2021,GRA,AmeriFlux,97.9263,30.3291,99.6761,26.6953,-1.7498000000000076,1.7498000000000076,40.40412539456831,TRUE,1,1,FALSE
US-Var,2022,GRA,AmeriFlux,-23.1524,13.9381,-27.6,24.7314,4.447600000000001,4.447600000000001,28.388602952065114,TRUE,-1,-1,FALSE
US-Var,2023,GRA,AmeriFlux,45.0109,10.2453,47.3108,12.8485,-2.299900000000001,2.299900000000001,16.433201889467554,TRUE,1,1,FALSE
US-Var,2024,GRA,AmeriFlux,96.0195,9.14,95.2232,23.355,0.796299999999988,0.796299999999988,25.079785186480365,TRUE,1,1,FALSE
US-Var,2025,GRA,AmeriFlux,136.301,9.41988,137.129,29.487,-0.828000000000003,0.828000000000003,30.95508533689416,TRUE,1,1,FALSE
US-Vcm,2008,ENF,AmeriFlux,-507.104,6.78465,-510.612,14.5772,3.508000000000038,3.508000000000038,16.07875105418639,TRUE,-1,-1,FALSE
US-Vcm,2009,ENF,AmeriFlux,-427.799,11.0186,-427.586,7.2285,-0.21299999999996544,0.21299999999996544,13.178040757639202,TRUE,-1,-1,FALSE
US-Vcm,2011,ENF,AmeriFlux,-352.893,17.2079,-361.281,18.3222,8.388000000000034,8.388000000000034,25.135927181029146,TRUE,-1,-1,FALSE
US-Vcm,2012,ENF,AmeriFlux,-444.416,11.0979,-437.099,12.7811,-7.317000000000007,7.317000000000007,16.92689875966652,TRUE,-1,-1,FALSE
US-Vcm,2014,ENF,AmeriFlux,61.1976,30.4943,46.6307,26.8138,14.566900000000004,14.566900000000004,40.60643056130396,TRUE,1,1,FALSE
US-Vcm,2015,ENF,AmeriFlux,-25.5938,35.066,-34.6476,38.1963,9.053799999999995,9.053799999999995,51.85153507554044,TRUE,-1,-1,FALSE
US-Vcm,2016,ENF,AmeriFlux,-88.1623,19.149,-86.5682,23.371,-1.5940999999999974,1.5940999999999974,30.21403385845723,TRUE,-1,-1,FALSE
US-Vcm,2017,ENF,AmeriFlux,-18.0659,20.671,-23.4369,36.4474,5.371000000000002,5.371000000000002,41.901112249676615,TRUE,-1,-1,FALSE
US-Vcm,2018,ENF,AmeriFlux,25.6737,20.4381,43.7664,25.6967,-18.092699999999997,18.092699999999997,32.83346345574892,TRUE,1,1,FALSE
US-Vcm,2019,ENF,AmeriFlux,-47.3115,4.08224,-57.5481,10.2826,10.236599999999996,10.236599999999996,11.06329725613481,TRUE,-1,-1,FALSE
US-Vcm,2020,ENF,AmeriFlux,54.196,9.41701,60.3799,13.7822,-6.183900000000001,6.183900000000001,16.6921872197774,TRUE,1,1,FALSE
US-Vcm,2021,ENF,AmeriFlux,5.73363,18.5263,12.3689,45.2237,-6.63527,6.63527,48.87132935965626,TRUE,1,1,FALSE
US-Vcm,2022,ENF,AmeriFlux,37.8403,38.5157,43.3984,38.4312,-5.558100000000003,5.558100000000003,54.409707589087446,TRUE,1,1,FALSE
US-Vcm,2023,ENF,AmeriFlux,317.656,81.3606,428.936,108.941,-111.27999999999997,111.27999999999997,135.96944036569394,TRUE,1,1,FALSE
US-Vcm,2024,ENF,AmeriFlux,380.651,86.866,512.524,94.705,-131.873,131.873,128.5096843860415,FALSE,1,1,FALSE
US-Vcm,2025,ENF,AmeriFlux,321.424,64.1839,400.153,113.628,-78.72900000000004,78.72900000000004,130.50247278580585,TRUE,1,1,FALSE
US-Vcp,2007,ENF,AmeriFlux,-336.458,10.2331,-330.637,10.6008,-5.821000000000026,5.821000000000026,14.734086203426394,TRUE,-1,-1,FALSE
US-Vcp,2008,ENF,AmeriFlux,-327.997,19.1576,-348.447,16.4347,20.44999999999999,20.44999999999999,25.241097477130424,TRUE,-1,-1,FALSE
US-Vcp,2009,ENF,AmeriFlux,-293.806,22.3353,-290.259,24.8896,-3.5469999999999686,3.5469999999999686,33.441857218910556,TRUE,-1,-1,FALSE
US-Vcp,2010,ENF,AmeriFlux,-342.186,12.1993,-347.249,10.5314,5.063000000000045,5.063000000000045,16.116243558906646,TRUE,-1,-1,FALSE
US-Vcp,2011,ENF,AmeriFlux,-130.884,13.7941,-114.438,11.939,-16.445999999999984,16.445999999999984,18.24327042528285,TRUE,-1,-1,FALSE
US-Vcp,2012,ENF,AmeriFlux,5.72547,23.3225,14.1582,17.8424,-8.432730000000001,8.432730000000001,29.364778970903224,TRUE,1,1,FALSE
US-Vcp,2014,ENF,AmeriFlux,-152.044,15.3237,-146.816,17.4315,-5.228000000000009,5.228000000000009,23.20932945907744,TRUE,-1,-1,FALSE
US-Vcp,2016,ENF,AmeriFlux,-295.229,12.1615,-297.238,15.8541,2.0090000000000146,2.0090000000000146,19.981355536099144,TRUE,-1,-1,FALSE
US-Vcp,2017,ENF,AmeriFlux,-424.061,32.4656,-387.442,25.6474,-36.61899999999997,36.61899999999997,41.37395690673059,TRUE,-1,-1,FALSE
US-Vcp,2018,ENF,AmeriFlux,-160.064,29.1606,-180.531,17.0605,20.467000000000013,20.467000000000013,33.78463041991136,TRUE,-1,-1,FALSE
US-Vcp,2019,ENF,AmeriFlux,-281.726,12.6418,-294.051,10.5994,12.324999999999989,12.324999999999989,16.497344865159363,TRUE,-1,-1,FALSE
US-Vcp,2020,ENF,AmeriFlux,-260.792,9.42085,-280.929,17.3149,20.137,20.137,19.71187907665071,FALSE,-1,-1,FALSE
US-Vcp,2021,ENF,AmeriFlux,-207.855,9.02854,-215.548,11.0205,7.693000000000012,7.693000000000012,14.246612045732135,TRUE,-1,-1,FALSE
US-Vcp,2022,ENF,AmeriFlux,-445.797,35.7894,-443.406,33.1037,-2.3910000000000196,2.3910000000000196,48.75178054235558,TRUE,-1,-1,FALSE
US-Vcp,2023,ENF,AmeriFlux,-499.39,10.109,-512.442,12.0427,13.052000000000021,13.052000000000021,15.723183656308287,TRUE,-1,-1,FALSE
US-Vcp,2024,ENF,AmeriFlux,-550.019,12.4736,-552.98,12.4121,2.9610000000000127,2.9610000000000127,17.596900959259845,TRUE,-1,-1,FALSE
US-Vcp,2025,ENF,AmeriFlux,-348.513,25.6132,-344.038,12.8239,-4.474999999999966,4.474999999999966,28.644169135270793,TRUE,-1,-1,FALSE
US-WPT,2011,WET,AmeriFlux,99.7588,11.0009,96.5219,11.0647,3.2368999999999915,3.2368999999999915,15.602800610787796,TRUE,1,1,FALSE
US-WPT,2012,WET,AmeriFlux,189.398,21.6306,184.589,21.6215,4.8089999999999975,4.8089999999999975,30.58385388746814,TRUE,1,1,FALSE
US-WPT,2013,WET,AmeriFlux,308.216,28.3123,315.47,30.7124,-7.254000000000019,7.254000000000019,41.771256206271794,TRUE,1,1,FALSE
US-Wjs,2008,SAV,AmeriFlux,-109.346,10.1312,-109.707,9.11816,0.36099999999999,0.36099999999999,13.630189111879556,TRUE,-1,-1,FALSE
US-Wjs,2010,SAV,AmeriFlux,-152.733,3.78807,-152.424,3.90898,-0.3089999999999975,0.3089999999999975,5.443307722818911,TRUE,-1,-1,FALSE
US-Wjs,2011,SAV,AmeriFlux,-76.3391,4.95227,-80.7658,6.02997,4.426699999999997,4.426699999999997,7.8029171694821935,TRUE,-1,-1,FALSE
US-Wjs,2012,SAV,AmeriFlux,-101.737,7.72474,-103.368,8.40152,1.6310000000000002,1.6310000000000002,11.413025294723568,TRUE,-1,-1,FALSE
US-Wjs,2013,SAV,AmeriFlux,-56.8286,5.02452,-57.2483,6.28356,0.41969999999999885,0.41969999999999885,8.045428981974794,TRUE,-1,-1,FALSE
US-Wjs,2014,SAV,AmeriFlux,-105.645,9.15306,-104.305,10.2757,-1.3399999999999892,1.3399999999999892,13.761123422657032,TRUE,-1,-1,FALSE
US-Wjs,2015,SAV,AmeriFlux,-182.561,8.14253,-181.706,12.1274,-0.8550000000000182,0.8550000000000182,14.607348341191155,TRUE,-1,-1,FALSE
US-Wjs,2016,SAV,AmeriFlux,-174.703,3.79088,-174.376,5.56114,-0.3269999999999982,0.3269999999999982,6.730308259953626,TRUE,-1,-1,FALSE
US-Wjs,2017,SAV,AmeriFlux,-204.854,3.53255,-205.975,6.72681,1.120999999999981,1.120999999999981,7.597952505682041,TRUE,-1,-1,FALSE
US-Wjs,2018,SAV,AmeriFlux,-117.238,3.43739,-118.538,3.94906,1.2999999999999972,1.2999999999999972,5.235525274096191,TRUE,-1,-1,FALSE
US-Wjs,2019,SAV,AmeriFlux,-90.2604,6.09284,-92.6085,7.01548,2.3481000000000023,2.3481000000000023,9.291913629387652,TRUE,-1,-1,FALSE
US-Wjs,2020,SAV,AmeriFlux,-162.168,4.93131,-163.528,6.22525,1.3599999999999852,1.3599999999999852,7.941760250637134,TRUE,-1,-1,FALSE
US-Wjs,2021,SAV,AmeriFlux,-163.891,2.77322,-163.452,3.01124,-0.43899999999999295,0.43899999999999295,4.09369216062957,TRUE,-1,-1,FALSE
US-Wjs,2022,SAV,AmeriFlux,35.1495,4.2326,35.251,5.70908,-0.10149999999999437,0.10149999999999437,7.10693303798481,TRUE,1,1,FALSE
US-Wjs,2023,SAV,AmeriFlux,-138.765,4.58325,-133.206,4.42773,-5.5589999999999975,5.5589999999999975,6.372673969018029,TRUE,-1,-1,FALSE
US-Wjs,2024,SAV,AmeriFlux,-189.102,2.89016,-190.041,3.33563,0.938999999999993,0.938999999999993,4.413553253615504,TRUE,-1,-1,FALSE
US-Wkg,2005,GRA,AmeriFlux,46.3437,6.41727,50.885,6.02309,-4.5413,4.5413,8.80107762725679,TRUE,1,1,FALSE
US-Wkg,2006,GRA,AmeriFlux,-28.0015,4.01152,-22.2261,3.2845,-5.775400000000001,5.775400000000001,5.184615025283941,FALSE,-1,-1,FALSE
US-Wkg,2007,GRA,AmeriFlux,-49.278,7.02367,-48.641,5.00284,-0.6370000000000005,0.6370000000000005,8.62324465236259,TRUE,-1,-1,FALSE
US-Wkg,2008,GRA,AmeriFlux,-51.9939,14.9542,-48.0107,11.8807,-3.9831999999999965,3.9831999999999965,19.09919187112376,TRUE,-1,-1,FALSE
US-Wkg,2009,GRA,AmeriFlux,-6.63822,5.87047,-5.11544,5.83612,-1.5227799999999991,1.5227799999999991,8.277844808602056,TRUE,-1,-1,FALSE
US-Wkg,2010,GRA,AmeriFlux,-91.2848,17.4283,-86.6283,16.4062,-4.656500000000008,4.656500000000008,23.935518363511576,TRUE,-1,-1,FALSE
US-Wkg,2011,GRA,AmeriFlux,65.209,14.9872,67.8378,15.2658,-2.6287999999999982,2.6287999999999982,21.393008518672637,TRUE,1,1,FALSE
US-Wkg,2012,GRA,AmeriFlux,0.30852,18.67,1.82126,16.4494,-1.51274,1.51274,24.882758294851477,TRUE,1,1,FALSE
US-Wkg,2013,GRA,AmeriFlux,63.6395,14.6229,64.1724,13.9063,-0.5328999999999979,0.5328999999999979,20.179553614983657,TRUE,1,1,FALSE
US-Wkg,2014,GRA,AmeriFlux,-24.861,20.6347,-29.9958,19.735,5.1347999999999985,5.1347999999999985,28.552776906808905,TRUE,-1,-1,FALSE
US-Wkg,2015,GRA,AmeriFlux,-81.9873,24.6064,-85.87,30.9948,3.8827,3.8827,39.574645266887735,TRUE,-1,-1,FALSE
US-Wkg,2016,GRA,AmeriFlux,-30.726,29.8269,-30.2935,30.1225,-0.43249999999999744,0.43249999999999744,42.39114258733775,TRUE,-1,-1,FALSE
US-Wkg,2017,GRA,AmeriFlux,-65.8552,18.0796,-65.9372,17.5349,0.08200000000000784,0.08200000000000784,25.18619967700566,TRUE,-1,-1,FALSE
US-Wkg,2018,GRA,AmeriFlux,24.5079,24.5603,24.6368,23.9099,-0.12890000000000157,0.12890000000000157,34.27669257819372,TRUE,1,1,FALSE
US-Wkg,2019,GRA,AmeriFlux,-34.7142,14.4294,-41.6005,23.0703,6.8862999999999985,6.8862999999999985,27.211143424156212,TRUE,-1,-1,FALSE
US-Wkg,2020,GRA,AmeriFlux,55.854,17.2587,51.7915,20.1072,4.0625,4.0625,26.498343675218646,TRUE,1,1,FALSE
US-Wkg,2021,GRA,AmeriFlux,14.4199,12.8586,13.9496,13.6919,0.47029999999999994,0.47029999999999994,18.783282981683474,TRUE,1,1,FALSE
US-Wkg,2022,GRA,AmeriFlux,-83.0945,10.0246,-83.2424,11.0541,0.14790000000000703,0.14790000000000703,14.922658341260782,TRUE,-1,-1,FALSE
US-Wkg,2023,GRA,AmeriFlux,-29.0297,8.31982,-28.3007,11.1501,-0.7289999999999992,0.7289999999999992,13.91201404694518,TRUE,-1,-1,FALSE
US-Wkg,2024,GRA,AmeriFlux,19.4382,4.36413,22.0582,5.76231,-2.620000000000001,2.620000000000001,7.228405577511545,TRUE,1,1,FALSE
US-Wkg,2025,GRA,AmeriFlux,51.4695,5.47835,55.0039,9.33538,-3.534400000000005,3.534400000000005,10.824122988348757,TRUE,1,1,FALSE
US-YK2,2020,WET,AmeriFlux,-66.8674,5.10006,-67.3509,5.79647,0.48349999999999227,0.48349999999999227,7.720730306421796,TRUE,-1,-1,FALSE
US-YK2,2022,WET,AmeriFlux,-82.8301,3.77928,-83.0071,3.09217,0.1769999999999925,0.1769999999999925,4.883080239695023,TRUE,-1,-1,FALSE
US-xAB,2021,ENF,AmeriFlux,-82.941,56.6181,-104.073,82.6,21.13199999999999,21.13199999999999,100.14174577872107,TRUE,-1,-1,FALSE
US-xAB,2022,ENF,AmeriFlux,-100.685,64.9383,-177.234,115.636,76.549,76.549,132.62227302715786,TRUE,-1,-1,FALSE
US-xAB,2023,ENF,AmeriFlux,-259.152,149.918,-280.229,174.277,21.076999999999998,21.076999999999998,229.88666654027588,TRUE,-1,-1,FALSE
US-xAE,2019,GRA,AmeriFlux,0.682397,4.18651,-0.128523,4.96691,0.8109200000000001,0.8109200000000001,6.495926487284166,TRUE,1,-1,TRUE
US-xAE,2020,GRA,AmeriFlux,-27.1097,3.56241,-26.8232,3.79337,-0.2865000000000002,0.2865000000000002,5.203885179843998,TRUE,-1,-1,FALSE
US-xAE,2021,GRA,AmeriFlux,-37.9745,2.88132,-39.5884,2.82618,1.613900000000001,1.613900000000001,4.036000289246769,TRUE,-1,-1,FALSE
US-xAE,2022,GRA,AmeriFlux,74.689,2.54051,74.3212,2.45568,0.36779999999998836,0.36779999999998836,3.5333490235893765,TRUE,1,1,FALSE
US-xAE,2023,GRA,AmeriFlux,-27.976,5.25568,-28.9709,4.457,0.9949000000000012,0.9949000000000012,6.891082735129509,TRUE,-1,-1,FALSE
US-xAE,2024,GRA,AmeriFlux,66.0504,6.23939,65.9622,5.95699,0.0882000000000005,0.0882000000000005,8.626454511107099,TRUE,1,1,FALSE
US-xBA,2020,WET,AmeriFlux,136.345,17.5588,131.274,16.0915,5.070999999999998,5.070999999999998,23.816965165402582,TRUE,1,1,FALSE
US-xBA,2023,WET,AmeriFlux,-40.5774,2.48968,-47.0617,6.26089,6.484300000000005,6.484300000000005,6.7377481471556955,TRUE,-1,-1,FALSE
US-xBL,2021,DBF,AmeriFlux,-143.208,54.7678,-147.204,73.8207,3.9960000000000093,3.9960000000000093,91.91848380674041,TRUE,-1,-1,FALSE
US-xBL,2022,DBF,AmeriFlux,-388.78,32.0089,-404.366,33.6616,15.586000000000013,15.586000000000013,46.45075880725739,TRUE,-1,-1,FALSE
US-xBL,2023,DBF,AmeriFlux,-333.428,45.857,-340.811,55.9093,7.382999999999981,7.382999999999981,72.3098490904939,TRUE,-1,-1,FALSE
US-xBL,2024,DBF,AmeriFlux,-106.959,97.4567,-106.821,102.453,-0.13800000000000523,0.13800000000000523,141.40164632666057,TRUE,-1,-1,FALSE
US-xBN,2019,ENF,AmeriFlux,6.80385,15.9881,6.4486,6.60647,0.35524999999999984,0.35524999999999984,17.299271298840885,TRUE,1,1,FALSE
US-xBN,2021,ENF,AmeriFlux,-22.6036,7.33092,-20.6294,10.3532,-1.9741999999999997,1.9741999999999997,12.685863718580615,TRUE,-1,-1,FALSE
US-xBN,2022,ENF,AmeriFlux,53.6589,10.4414,55.2906,13.0332,-1.631699999999995,1.631699999999995,16.69991425726492,TRUE,1,1,FALSE
US-xBN,2023,ENF,AmeriFlux,5.63089,18.0335,14.8118,16.0107,-9.18091,9.18091,24.115340278337356,TRUE,1,1,FALSE
US-xBN,2024,ENF,AmeriFlux,68.2599,6.95984,69.2758,5.84125,-1.015900000000002,1.015900000000002,9.08622993260131,TRUE,1,1,FALSE
US-xBR,2019,DBF,AmeriFlux,-231.207,93.2985,-235.182,84.9932,3.9749999999999943,3.9749999999999943,126.20797973381082,TRUE,-1,-1,FALSE
US-xBR,2021,DBF,AmeriFlux,-178.986,61.4292,-210.154,66.8187,31.168000000000006,31.168000000000006,90.76500031581558,TRUE,-1,-1,FALSE
US-xBR,2022,DBF,AmeriFlux,-176.533,59.1657,-205.576,61.0938,29.043000000000006,29.043000000000006,85.0472366096042,TRUE,-1,-1,FALSE
US-xBR,2023,DBF,AmeriFlux,-231.301,53.8491,-227.08,41.5338,-4.220999999999975,4.220999999999975,68.00575058956412,TRUE,-1,-1,FALSE
US-xBR,2024,DBF,AmeriFlux,-470.102,66.0312,-446.983,67.5847,-23.11899999999997,23.11899999999997,94.48709460836436,TRUE,-1,-1,FALSE
US-xCL,2020,GRA,AmeriFlux,-317.588,24.7097,-313.995,40.9754,-3.5930000000000177,3.5930000000000177,47.84927041502305,TRUE,-1,-1,FALSE
US-xCL,2021,GRA,AmeriFlux,-150.759,12.6005,-149.704,17.6719,-1.0549999999999784,1.0549999999999784,21.704115965871544,TRUE,-1,-1,FALSE
US-xCL,2022,GRA,AmeriFlux,-66.8988,11.7465,-63.0422,16.56,-3.856599999999993,3.856599999999993,20.30305056512444,TRUE,-1,-1,FALSE
US-xCL,2023,GRA,AmeriFlux,-48.1858,15.732,-48.1862,16.2505,3.9999999999906777e-4,3.9999999999906777e-4,22.61801437460857,TRUE,-1,-1,FALSE
US-xCL,2024,GRA,AmeriFlux,-245.051,16.3984,-241.554,18.2408,-3.4969999999999857,3.4969999999999857,24.52823489776629,TRUE,-1,-1,FALSE
US-xCP,2022,GRA,AmeriFlux,99.792,1.89509,100.454,2.99817,-0.6619999999999919,0.6619999999999919,3.5468844718992467,TRUE,1,1,FALSE
US-xCP,2023,GRA,AmeriFlux,-61.7591,2.85334,-62.5221,4.00208,0.7630000000000052,0.7630000000000052,4.915098522105127,TRUE,-1,-1,FALSE
US-xCP,2024,GRA,AmeriFlux,112.626,2.04644,107.948,5.32444,4.6780000000000115,4.6780000000000115,5.70417198085752,TRUE,1,1,FALSE
US-xDC,2019,GRA,AmeriFlux,57.1157,6.20748,52.5983,9.28584,4.517399999999995,4.517399999999995,11.169585151472727,TRUE,1,1,FALSE
US-xDC,2020,GRA,AmeriFlux,53.3798,6.21009,53.1366,7.19372,0.24320000000000164,0.24320000000000164,9.503411242627564,TRUE,1,1,FALSE
US-xDC,2021,GRA,AmeriFlux,189.921,3.76897,188.585,3.51028,1.3359999999999843,1.3359999999999843,5.150456342820507,TRUE,1,1,FALSE
US-xDC,2022,GRA,AmeriFlux,-10.627,4.69184,-14.4496,5.26201,3.8225999999999996,3.8225999999999996,7.049972469854049,TRUE,-1,-1,FALSE
US-xDC,2023,GRA,AmeriFlux,3.89289,13.5706,-0.0537276,15.474,3.9466176,3.9466176,20.581687500299875,TRUE,1,-1,TRUE
US-xDC,2024,GRA,AmeriFlux,61.2428,5.15011,60.4466,5.35658,0.796200000000006,0.796200000000006,7.430786116454974,TRUE,1,1,FALSE
US-xDJ,2020,ENF,AmeriFlux,116.618,36.7068,111.358,22.8848,5.259999999999991,5.259999999999991,43.25625084632278,TRUE,1,1,FALSE
US-xDJ,2021,ENF,AmeriFlux,-21.8165,7.72615,-23.0456,7.76855,1.229099999999999,1.229099999999999,10.95644846311979,TRUE,-1,-1,FALSE
US-xDJ,2022,ENF,AmeriFlux,-17.8801,4.35787,-19.8426,4.14443,1.9625000000000021,1.9625000000000021,6.0139280808636215,TRUE,-1,-1,FALSE
US-xDJ,2023,ENF,AmeriFlux,-8.71894,4.18012,-9.12864,3.94776,0.40970000000000084,0.40970000000000084,5.749627138519506,TRUE,-1,-1,FALSE
US-xDJ,2024,ENF,AmeriFlux,9.38421,15.1477,9.38444,16.3037,-2.300000000001745e-4,2.300000000001745e-4,22.254515249270202,TRUE,1,1,FALSE
US-xDL,2021,MF,AmeriFlux,-670.193,30.995,-672.991,39.8425,2.798000000000002,2.798000000000002,50.47885528862555,TRUE,-1,-1,FALSE
US-xDL,2022,MF,AmeriFlux,-424.041,18.2438,-420.453,19.3341,-3.5880000000000223,3.5880000000000223,26.58277000709294,TRUE,-1,-1,FALSE
US-xDL,2023,MF,AmeriFlux,-495.633,20.7243,-495.354,19.773,-0.27899999999999636,0.27899999999999636,28.643815030299297,TRUE,-1,-1,FALSE
US-xDL,2024,MF,AmeriFlux,-380.316,13.7104,-383.642,13.7542,3.326000000000022,3.326000000000022,19.42042959874987,TRUE,-1,-1,FALSE
US-xDS,2020,CVM,AmeriFlux,-175.803,19.2214,-178.078,18.848,2.2750000000000057,2.2750000000000057,26.920425738832584,TRUE,-1,-1,FALSE
US-xDS,2021,CVM,AmeriFlux,-49.1555,21.9034,-57.3044,21.415,8.148899999999998,8.148899999999998,30.632681184643307,TRUE,-1,-1,FALSE
US-xDS,2023,CVM,AmeriFlux,-75.1917,21.3869,-85.9717,28.371,10.780000000000001,10.780000000000001,35.52904632283281,TRUE,-1,-1,FALSE
US-xDS,2024,CVM,AmeriFlux,-101.586,8.01416,-107.096,12.0416,5.510000000000005,5.510000000000005,14.464677357812032,TRUE,-1,-1,FALSE
US-xGR,2022,DBF,AmeriFlux,339.196,45.7115,323.07,55.5079,16.126000000000033,16.126000000000033,71.90735841803675,TRUE,1,1,FALSE
US-xGR,2023,DBF,AmeriFlux,176.176,28.0507,169.565,49.795,6.61099999999999,6.61099999999999,57.15228600406112,TRUE,1,1,FALSE
US-xGR,2024,DBF,AmeriFlux,534.505,43.5487,537.875,63.4075,-3.3700000000000045,3.3700000000000045,76.9220405861675,TRUE,1,1,FALSE
US-xHE,2021,OSH,AmeriFlux,27.6426,9.02871,28.2892,9.35085,-0.6465999999999994,0.6465999999999994,12.998307581627694,TRUE,1,1,FALSE
US-xHE,2022,OSH,AmeriFlux,98.2492,21.2028,98.4503,33.3479,-0.20109999999999673,0.20109999999999673,39.51760572517014,TRUE,1,1,FALSE
US-xHE,2023,OSH,AmeriFlux,-4.91238,5.68537,-5.88645,9.31502,0.9740700000000002,0.9740700000000002,10.912975288036714,TRUE,-1,-1,FALSE
US-xHE,2024,OSH,AmeriFlux,6.64101,3.22288,6.11345,9.79772,0.5275599999999994,0.5275599999999994,10.314178236427757,TRUE,1,1,FALSE
US-xJE,2020,ENF,AmeriFlux,-15.1811,19.3597,-37.8904,20.2276,22.7093,22.7093,27.999174735159606,TRUE,-1,-1,FALSE
US-xJE,2021,ENF,AmeriFlux,-41.5367,27.0611,-44.7518,22.3762,3.2150999999999996,3.2150999999999996,35.114063559348985,TRUE,-1,-1,FALSE
US-xJE,2022,ENF,AmeriFlux,-168.206,27.3066,-177.424,24.6284,9.218000000000018,9.218000000000018,36.772387604288085,TRUE,-1,-1,FALSE
US-xJE,2023,ENF,AmeriFlux,-242.71,23.0784,-248.052,36.0876,5.3419999999999845,5.3419999999999845,42.83605280975361,TRUE,-1,-1,FALSE
US-xJE,2024,ENF,AmeriFlux,-157.232,11.3092,-149.758,14.6065,-7.4739999999999895,7.4739999999999895,18.47289492445621,TRUE,-1,-1,FALSE
US-xJR,2019,OSH,AmeriFlux,4.785,12.013,8.19558,13.4765,-3.4105799999999995,3.4105799999999995,18.053482247200954,TRUE,1,1,FALSE
US-xJR,2020,OSH,AmeriFlux,-13.2232,7.03235,-13.1974,8.97786,-0.025800000000000267,0.025800000000000267,11.404206096967032,TRUE,-1,-1,FALSE
US-xJR,2021,OSH,AmeriFlux,-3.66251,8.65054,-2.76015,8.11733,-0.9023600000000003,0.9023600000000003,11.862667854260273,TRUE,-1,-1,FALSE
US-xJR,2022,OSH,AmeriFlux,39.4599,3.11681,39.4652,4.29096,-0.0053000000000054115,0.0053000000000054115,5.303474549547683,TRUE,1,1,FALSE
US-xJR,2023,OSH,AmeriFlux,48.2762,5.73398,44.9424,5.76226,3.3338000000000036,3.3338000000000036,8.12909385774331,TRUE,1,1,FALSE
US-xJR,2024,OSH,AmeriFlux,58.3318,3.34356,55.9514,4.8401,2.3804000000000016,2.3804000000000016,5.882683187423916,TRUE,1,1,FALSE
US-xKZ,2019,GRA,AmeriFlux,-128.073,10.1108,-125.656,12.0131,-2.4170000000000016,2.4170000000000016,15.701682975082639,TRUE,-1,-1,FALSE
US-xKZ,2020,GRA,AmeriFlux,-213,8.84152,-210.387,9.64687,-2.6129999999999995,2.6129999999999995,13.085663021310765,TRUE,-1,-1,FALSE
US-xKZ,2021,GRA,AmeriFlux,-40.0565,10.5422,-41.2036,10.6113,1.1471000000000018,1.1471000000000018,14.957863100389707,TRUE,-1,-1,FALSE
US-xKZ,2022,GRA,AmeriFlux,-195.99,22.7794,-197.646,19.1734,1.6559999999999775,1.6559999999999775,29.774491295738372,TRUE,-1,-1,FALSE
US-xKZ,2023,GRA,AmeriFlux,-47.7971,23.1042,-52.2891,20.5482,4.491999999999997,4.491999999999997,30.919776533474494,TRUE,-1,-1,FALSE
US-xKZ,2024,GRA,AmeriFlux,-290.179,14.5663,-288.376,13.3995,-1.8029999999999973,1.8029999999999973,19.79201091198163,TRUE,-1,-1,FALSE
US-xMB,2021,OSH,AmeriFlux,39.6095,10.2198,39.2046,10.8509,0.4048999999999978,0.4048999999999978,14.90591637068986,TRUE,1,1,FALSE
US-xMB,2022,OSH,AmeriFlux,59.648,4.16072,60.7118,4.64,-1.0637999999999934,1.0637999999999934,6.2322701255962905,TRUE,1,1,FALSE
US-xMB,2023,OSH,AmeriFlux,-16.6699,10.1247,-16.1866,7.58961,-0.48329999999999984,0.48329999999999984,12.653526387616221,TRUE,-1,-1,FALSE
US-xMB,2024,OSH,AmeriFlux,22.5955,4.92338,20.6519,6.90999,1.9436,1.9436,8.484552576565248,TRUE,1,1,FALSE
US-xML,2020,DBF,AmeriFlux,144.145,16.439,212.529,47.5455,-68.38399999999999,68.38399999999999,50.30720913795557,FALSE,1,1,FALSE
US-xML,2022,DBF,AmeriFlux,208.793,65.902,143.187,71.1516,65.606,65.606,96.98259527647217,TRUE,1,1,FALSE
US-xML,2023,DBF,AmeriFlux,91.3531,36.1053,74.8473,41.8531,16.505799999999994,16.505799999999994,55.274539054613555,TRUE,1,1,FALSE
US-xML,2024,DBF,AmeriFlux,-98.1791,13.6112,-98.6072,12.327,0.4281000000000006,0.4281000000000006,18.36354253514283,TRUE,-1,-1,FALSE
US-xNG,2019,GRA,AmeriFlux,-21.4144,9.87806,-22.6603,6.47267,1.245899999999999,1.245899999999999,11.809806361346489,TRUE,-1,-1,FALSE
US-xNG,2022,GRA,AmeriFlux,-71.9563,3.38284,-75.279,3.61783,3.3226999999999975,3.3226999999999975,4.953009224148487,TRUE,-1,-1,FALSE
US-xNG,2023,GRA,AmeriFlux,39.0989,4.07383,37.4636,4.19659,1.6353000000000009,1.6353000000000009,5.848714260160091,TRUE,1,1,FALSE
US-xNG,2024,GRA,AmeriFlux,-111.862,9.37232,-107.42,10.2013,-4.441999999999993,4.441999999999993,13.853046736093832,TRUE,-1,-1,FALSE
US-xNQ,2019,OSH,AmeriFlux,-19.5514,2.93543,-15.1868,24.13,-4.364600000000001,4.364600000000001,24.30789273641177,TRUE,-1,-1,FALSE
US-xNQ,2021,OSH,AmeriFlux,58.9833,5.57467,53.4391,11.8569,5.5441999999999965,5.5441999999999965,13.102023630680108,TRUE,1,1,FALSE
US-xNQ,2023,OSH,AmeriFlux,22.8845,26.7914,-9.60008,27.3304,32.48458,32.48458,38.271789586064564,TRUE,1,-1,TRUE
US-xNQ,2024,OSH,AmeriFlux,-11.8305,9.05868,-3.19312,8.21455,-8.63738,8.63738,12.22859415652102,TRUE,-1,-1,FALSE
US-xNW,2022,ENF,AmeriFlux,73.951,12.6397,169.178,18.0471,-95.227,95.227,22.03315307667062,FALSE,1,1,FALSE
US-xNW,2023,ENF,AmeriFlux,69.483,11.9815,93.2319,17.6203,-23.748899999999992,23.748899999999992,21.308010567389907,FALSE,1,1,FALSE
US-xPU,2020,EBF,AmeriFlux,-437.5,25.0496,-425.378,21.7398,-12.122000000000014,12.122000000000014,33.167775991163474,TRUE,-1,-1,FALSE
US-xPU,2024,EBF,AmeriFlux,-498.436,7.07414,-503.599,15.7622,5.163000000000011,5.163000000000011,17.276874878854684,TRUE,-1,-1,FALSE
US-xRM,2019,ENF,AmeriFlux,98.3249,6.27547,100.867,6.26417,-2.542100000000005,2.542100000000005,8.866868077838985,TRUE,1,1,FALSE
US-xRM,2022,ENF,AmeriFlux,115.612,15.5155,115.153,14.9015,0.458999999999989,0.458999999999989,21.512448547294657,TRUE,1,1,FALSE
US-xRM,2023,ENF,AmeriFlux,7.85038,10.7187,15.1985,10.8383,-7.348119999999999,7.348119999999999,15.24333548079291,TRUE,1,1,FALSE
US-xRM,2024,ENF,AmeriFlux,50.3469,11.4352,49.693600000000004,11.3391,0.6532999999999944,0.6532999999999944,16.104005335630017,TRUE,1,1,FALSE
US-xRN,2020,DBF,AmeriFlux,-41.9902,27.0385,-47.5038,30.9288,5.513599999999997,5.513599999999997,41.08127495209953,TRUE,-1,-1,FALSE
US-xRN,2021,DBF,AmeriFlux,-73.1854,95.7668,-101.715,92.2591,28.529600000000002,28.529600000000002,132.97752259329394,TRUE,-1,-1,FALSE
US-xRN,2022,DBF,AmeriFlux,-347.743,28.9876,-349.833,21.0922,2.090000000000032,2.090000000000032,35.8491541685435,TRUE,-1,-1,FALSE
US-xRN,2023,DBF,AmeriFlux,-288.171,39.4018,-287.886,34.3496,-0.28499999999996817,0.28499999999996817,52.272333632620615,TRUE,-1,-1,FALSE
US-xRN,2024,DBF,AmeriFlux,-50.0154,52.607,-25.8025,55.8156,-24.2129,24.2129,76.6999195068678,TRUE,-1,-1,FALSE
US-xSB,2020,ENF,AmeriFlux,-61.8348,7.62882,-62.4165,8.30572,0.5816999999999979,0.5816999999999979,11.277583043844103,TRUE,-1,-1,FALSE
US-xSB,2021,ENF,AmeriFlux,-81.9654,15.2811,-77.45,15.4532,-4.5154,4.5154,21.732772659051122,TRUE,-1,-1,FALSE
US-xSB,2023,ENF,AmeriFlux,-91.0224,11.0932,-92.9594,14.8082,1.9369999999999976,1.9369999999999976,18.50248290041096,TRUE,-1,-1,FALSE
US-xSB,2024,ENF,AmeriFlux,-5.99984,7.74511,-9.93587,9.97946,3.9360299999999997,3.9360299999999997,12.632353335926762,TRUE,-1,-1,FALSE
US-xSC,2021,DBF,AmeriFlux,-217.987,48.121,-219.923,48.792,1.936000000000007,1.936000000000007,68.52948201321823,TRUE,-1,-1,FALSE
US-xSC,2022,DBF,AmeriFlux,286.223,29.4435,287.119,36.291,-0.896000000000015,0.896000000000015,46.73281901672528,TRUE,1,1,FALSE
US-xSC,2023,DBF,AmeriFlux,-143.955,42.8794,-159.659,62.6601,15.70399999999998,15.70399999999998,75.92714321222681,TRUE,-1,-1,FALSE
US-xSC,2024,DBF,AmeriFlux,63.5893,34.711,42.2444,65.0213,21.344900000000003,21.344900000000003,73.70632927157612,TRUE,1,1,FALSE
US-xSE,2020,DBF,AmeriFlux,-549.036,26.9937,-557.968,36.4125,8.932000000000016,8.932000000000016,45.326923521677486,TRUE,-1,-1,FALSE
US-xSE,2021,DBF,AmeriFlux,-420.915,17.5677,-423.824,18.0787,2.908999999999992,2.908999999999992,25.20840092072482,TRUE,-1,-1,FALSE
US-xSE,2022,DBF,AmeriFlux,-171.197,14.1035,-169.455,13.0572,-1.7419999999999902,1.7419999999999902,19.219760250585853,TRUE,-1,-1,FALSE
US-xSE,2023,DBF,AmeriFlux,-450.341,32.1411,-453.585,23.9882,3.2439999999999714,3.2439999999999714,40.105910392983226,TRUE,-1,-1,FALSE
US-xSE,2024,DBF,AmeriFlux,-448.924,15.2516,-446.101,12.1496,-2.822999999999979,2.822999999999979,19.499335443034973,TRUE,-1,-1,FALSE
US-xSJ,2021,SAV,AmeriFlux,261.702,21.3684,244.944,23.6507,16.75800000000001,16.75800000000001,31.87419221015648,TRUE,1,1,FALSE
US-xSJ,2022,SAV,AmeriFlux,207.285,23.8293,219.717,22.7407,-12.432000000000016,12.432000000000016,32.938958316558825,TRUE,1,1,FALSE
US-xSJ,2023,SAV,AmeriFlux,69.9691,12.2297,63.882,14.6333,6.0870999999999995,6.0870999999999995,19.07089486573716,TRUE,1,1,FALSE
US-xSJ,2024,SAV,AmeriFlux,222.201,12.6709,208.18,14.4623,14.020999999999987,14.020999999999987,19.22783992288265,TRUE,1,1,FALSE
US-xSL,2019,CRO,AmeriFlux,127.423,4.90831,124.376,4.50249,3.046999999999997,3.046999999999997,6.660624839772917,TRUE,1,1,FALSE
US-xSL,2021,CRO,AmeriFlux,-31.5184,7.29116,-32.6117,7.29347,1.0932999999999993,1.0932999999999993,10.312890903451853,TRUE,-1,-1,FALSE
US-xSL,2022,CRO,AmeriFlux,70.2401,3.62485,71.3333,2.72451,-1.093199999999996,1.093199999999996,4.534588433650843,TRUE,1,1,FALSE
US-xSL,2023,CRO,AmeriFlux,205.673,5.70542,206.576,6.08267,-0.9029999999999916,0.9029999999999916,8.339705732536371,TRUE,1,1,FALSE
US-xSL,2024,CRO,AmeriFlux,-93.744,4.2337,-94.2048,3.99641,0.4608000000000061,0.4608000000000061,5.821984934547666,TRUE,-1,-1,FALSE
US-xSP,2019,ENF,AmeriFlux,-53.1623,17.1252,-41.0922,23.0484,-12.070100000000004,12.070100000000004,28.71412923283588,TRUE,-1,-1,FALSE
US-xSP,2020,ENF,AmeriFlux,-74.2915,9.74883,-76.5324,10.1151,2.2408999999999963,2.2408999999999963,14.048307171289357,TRUE,-1,-1,FALSE
US-xSP,2021,ENF,AmeriFlux,192.433,17.0653,194.544,18.9691,-2.1110000000000184,2.1110000000000184,25.515705338085407,TRUE,1,1,FALSE
US-xSP,2022,ENF,AmeriFlux,88.6131,17.2975,93.7597,22.0018,-5.146599999999992,5.146599999999992,27.987188309832053,TRUE,1,1,FALSE
US-xSP,2023,ENF,AmeriFlux,22.295,29.1712,24.8011,22.7503,-2.5061,2.5061,36.99371648712792,TRUE,1,1,FALSE
US-xSP,2024,ENF,AmeriFlux,-123.494,26.1813,-123.185,21.499,-0.3089999999999975,0.3089999999999975,33.87724119065778,TRUE,-1,-1,FALSE
US-xSR,2022,OSH,AmeriFlux,43.9752,9.439,45.7658,10.1544,-1.7905999999999977,1.7905999999999977,13.863858061881622,TRUE,1,1,FALSE
US-xSR,2023,OSH,AmeriFlux,72.4281,12.6249,68.6275,13.0362,3.800600000000003,3.800600000000003,18.14746843088589,TRUE,1,1,FALSE
US-xSR,2024,OSH,AmeriFlux,28.7436,15.3441,16.589,14.6442,12.154600000000002,12.154600000000002,21.210704807950158,TRUE,1,1,FALSE
US-xST,2019,DBF,AmeriFlux,-236.274,6.14725,-236.271,6.40408,-0.0030000000000143245,0.0030000000000143245,8.876988408739757,TRUE,-1,-1,FALSE
US-xST,2020,DBF,AmeriFlux,-261.117,5.98553,-259.636,6.00344,-1.4809999999999945,1.4809999999999945,8.477491445852364,TRUE,-1,-1,FALSE
US-xST,2022,DBF,AmeriFlux,-367.484,4.60205,-368.185,5.37217,0.7010000000000218,0.7010000000000218,7.07383027159968,TRUE,-1,-1,FALSE
US-xST,2023,DBF,AmeriFlux,-483.693,9.13377,-483.821,9.79745,0.12800000000004275,0.12800000000004275,13.394617609898386,TRUE,-1,-1,FALSE
US-xST,2024,DBF,AmeriFlux,-384.697,13.4647,-389.275,12.2347,4.5779999999999745,4.5779999999999745,18.19302146923375,TRUE,-1,-1,FALSE
US-xTE,2020,ENF,AmeriFlux,-164.355,39.1972,-147.229,76.1968,-17.125999999999976,17.125999999999976,85.68764682309813,TRUE,-1,-1,FALSE
US-xTE,2021,ENF,AmeriFlux,-107.699,35.3099,-86.9178,56.8769,-20.7812,20.7812,66.94602894586056,TRUE,-1,-1,FALSE
US-xTE,2022,ENF,AmeriFlux,-197.09,47.8111,-162.14,62.6174,-34.95000000000002,34.95000000000002,78.78350122944525,TRUE,-1,-1,FALSE
US-xTE,2024,ENF,AmeriFlux,-263.17,79.6349,-240.521,50.7842,-22.64900000000003,22.64900000000003,94.44973407929744,TRUE,-1,-1,FALSE
US-xTL,2021,WET,AmeriFlux,-46.8476,4.60941,-44.7379,7.7196,-2.1096999999999966,2.1096999999999966,8.991044695034052,TRUE,-1,-1,FALSE
US-xTL,2022,WET,AmeriFlux,-31.061,4.54536,-29.2108,6.5513,-1.850200000000001,1.850200000000001,7.973696082720986,TRUE,-1,-1,FALSE
US-xTL,2023,WET,AmeriFlux,-31.4751,23.1818,-28.2532,21.1882,-3.2219000000000015,3.2219000000000015,31.40598144430452,TRUE,-1,-1,FALSE
US-xTL,2024,WET,AmeriFlux,12.4989,12.0326,5.98506,10.5158,6.513840000000001,6.513840000000001,15.98015996165245,TRUE,1,1,FALSE
US-xTR,2019,DBF,AmeriFlux,-237.901,20.9779,-233.098,22.347,-4.802999999999997,4.802999999999997,30.650623116178245,TRUE,-1,-1,FALSE
US-xTR,2020,DBF,AmeriFlux,-222.251,11.8896,-226.893,10.9724,4.641999999999996,4.641999999999996,16.17887974861053,TRUE,-1,-1,FALSE
US-xTR,2021,DBF,AmeriFlux,-133.298,20.2081,-134.764,28.3266,1.4660000000000082,1.4660000000000082,34.79602812347984,TRUE,-1,-1,FALSE
US-xTR,2022,DBF,AmeriFlux,-235.173,21.7895,-227.081,21.8552,-8.092000000000013,8.092000000000013,30.86149829949933,TRUE,-1,-1,FALSE
US-xTR,2023,DBF,AmeriFlux,-354.234,40.5272,-361.218,39.0611,6.984000000000037,6.984000000000037,56.28697427513759,TRUE,-1,-1,FALSE
US-xUK,2020,DBF,AmeriFlux,-210.005,31.3826,-209.8,26.6807,-0.20499999999998408,0.20499999999998408,41.19135024795861,TRUE,-1,-1,FALSE
US-xUK,2021,DBF,AmeriFlux,-28.8287,30.5246,-36.318600000000004,31.0266,7.489900000000002,7.489900000000002,43.52471841057676,TRUE,-1,-1,FALSE
US-xUK,2022,DBF,AmeriFlux,37.1621,13.5953,38.2761,13.2225,-1.1139999999999972,1.1139999999999972,18.96488039350631,TRUE,1,1,FALSE
US-xUK,2023,DBF,AmeriFlux,-62.0863,9.03634,-61.6163,12.5169,-0.46999999999999886,0.46999999999999886,15.43788282782325,TRUE,-1,-1,FALSE
US-xUK,2024,DBF,AmeriFlux,-106.078,9.78259,-106.759,12.5835,0.6809999999999974,0.6809999999999974,15.938743343127777,TRUE,-1,-1,FALSE
US-xUN,2019,MF,AmeriFlux,-281.172,6.75675,-284.029,5.71325,2.856999999999971,2.856999999999971,8.848440321604707,TRUE,-1,-1,FALSE
US-xUN,2020,MF,AmeriFlux,-301.639,7.62418,-294.428,7.36787,-7.211000000000013,7.211000000000013,10.602529368471469,TRUE,-1,-1,FALSE
US-xUN,2021,MF,AmeriFlux,-235.181,19.4986,-225.096,20.6292,-10.085000000000008,10.085000000000008,28.385899573555882,TRUE,-1,-1,FALSE
US-xUN,2022,MF,AmeriFlux,-251.334,6.08586,-253.277,7.15825,1.9429999999999836,1.9429999999999836,9.395649791371536,TRUE,-1,-1,FALSE
US-xUN,2023,MF,AmeriFlux,-429.908,9.28256,-425.27,8.10175,-4.638000000000034,4.638000000000034,12.320887679712854,TRUE,-1,-1,FALSE
US-xUN,2024,MF,AmeriFlux,-357.861,6.50636,-353.685,6.56499,-4.175999999999988,4.175999999999988,9.242933200542996,TRUE,-1,-1,FALSE
US-xWD,2020,GRA,AmeriFlux,23.6165,6.71011,22.8408,6.49603,0.775699999999997,0.775699999999997,9.33937802923728,TRUE,1,1,FALSE
US-xWD,2021,GRA,AmeriFlux,133.241,4.17201,130.836,3.9223,2.405000000000001,2.405000000000001,5.7262644656093205,TRUE,1,1,FALSE
US-xWD,2022,GRA,AmeriFlux,-18.1678,3.09782,-18.2233,3.41954,0.05549999999999855,0.05549999999999855,4.614080901328021,TRUE,-1,-1,FALSE
US-xWD,2023,GRA,AmeriFlux,26.6073,4.75249,25.4138,5.30359,1.1935000000000002,1.1935000000000002,7.121392285796366,TRUE,1,1,FALSE
US-xWD,2024,GRA,AmeriFlux,111.279,7.20571,112.957,8.49328,-1.6779999999999973,1.6779999999999973,11.13813547064768,TRUE,1,1,FALSE
US-xWR,2019,ENF,AmeriFlux,-129.689,29.4376,-126.996,30.8565,-2.692999999999998,2.692999999999998,42.64617082470594,TRUE,-1,-1,FALSE
US-xWR,2020,ENF,AmeriFlux,26.5814,20.4016,30.9761,21.2126,-4.3947,4.3947,29.43127046731078,TRUE,1,1,FALSE
US-xWR,2021,ENF,AmeriFlux,40.5366,25.9922,23.6171,32.3994,16.9195,16.9195,41.53691829204473,TRUE,1,1,FALSE
US-xWR,2022,ENF,AmeriFlux,-42.4483,33.7295,-44.8796,31.0716,2.4313000000000002,2.4313000000000002,45.85982443064954,TRUE,-1,-1,FALSE
US-xWR,2023,ENF,AmeriFlux,55.6504,51.1536,35.7138,48.0002,19.9366,19.9366,70.14777254482141,TRUE,1,1,FALSE
US-xWR,2024,ENF,AmeriFlux,-3.66793,37.8984,0.827587,35.8061,-4.495517,4.495517,52.13794702296975,TRUE,-1,1,TRUE
US-xYE,2019,ENF,AmeriFlux,123.685,10.3927,126.649,7.05279,-2.9639999999999986,2.9639999999999986,12.559859078592403,TRUE,1,1,FALSE
US-xYE,2022,ENF,AmeriFlux,86.9218,5.69172,88.5216,5.83039,-1.5998000000000019,1.5998000000000019,8.14795214213363,TRUE,1,1,FALSE
US-xYE,2024,ENF,AmeriFlux,95.3035,10.8931,109.618,9.5872,-14.314499999999995,14.314499999999995,14.511169196518935,TRUE,1,1,FALSE
VU-Coc,2002,EBF,ICOS,-200.778,53.946,-194.691,52.4112,-6.086999999999989,6.086999999999989,75.21372748002854,TRUE,-1,-1,FALSE
VU-Coc,2003,EBF,ICOS,-638.404,42.7805,-647.475,51.8337,9.071000000000026,9.071000000000026,67.20791349193932,TRUE,-1,-1,FALSE
ZA-BfK,2021,OSH,ICOS,-82.2679,8.54303,-82.402,8.3348,0.13410000000000366,0.13410000000000366,11.935336301122812,TRUE,-1,-1,FALSE
ZA-BfK,2022,OSH,ICOS,-189.137,16.7902,-180.049,28.0123,-9.087999999999994,9.087999999999994,32.658839038306304,TRUE,-1,-1,FALSE
ZA-BfK,2023,OSH,ICOS,58.6522,5.58155,54.2857,4.56825,4.366500000000002,4.366500000000002,7.2126699955702955,TRUE,1,1,FALSE
ZA-BfK,2024,OSH,ICOS,-1.23288,6.78623,0.319305,7.47612,-1.552185,1.552185,10.096795920850337,TRUE,-1,1,TRUE
ZA-BfS,2021,OSH,ICOS,-305.158,10.8514,-306.462,8.50934,1.3039999999999736,1.3039999999999736,13.789914763899015,TRUE,-1,-1,FALSE
ZA-BfS,2022,OSH,ICOS,-236.231,17.158,-242.203,17.4202,5.972000000000008,5.972000000000008,24.451182630703162,TRUE,-1,-1,FALSE
DE-Hai,2000,DBF,ICOS,-582.4,33.853,-581.158,34.7008,-1.2419999999999618,1.2419999999999618,48.47856360949652,TRUE,-1,-1,FALSE
DE-Hai,2001,DBF,ICOS,-637.841,16.1124,-638.298,21.0317,0.45699999999999363,0.45699999999999363,26.49418499690074,TRUE,-1,-1,FALSE
DE-Hai,2002,DBF,ICOS,-622.72,27.9355,-624.959,29.0939,2.238999999999919,2.238999999999919,40.33419365079709,TRUE,-1,-1,FALSE
DE-Hai,2003,DBF,ICOS,-497.478,12.3945,-491.673,13.8465,-5.805000000000007,5.805000000000007,18.583573189782424,TRUE,-1,-1,FALSE
DE-Hai,2004,DBF,ICOS,-400.509,9.39584,-397.722,12.0821,-2.7870000000000346,2.7870000000000346,15.305520236685847,TRUE,-1,-1,FALSE
DE-Hai,2005,DBF,ICOS,-631.751,21.3761,-621.235,20.379,-10.515999999999963,10.515999999999963,29.533731430518564,TRUE,-1,-1,FALSE
DE-Hai,2006,DBF,ICOS,-550.447,32.769,-541.722,29.1989,-8.725000000000023,8.725000000000023,43.89058124711952,TRUE,-1,-1,FALSE
DE-Hai,2007,DBF,ICOS,-539.738,20.0689,-548.557,14.0665,8.81899999999996,8.81899999999996,24.507696127135247,TRUE,-1,-1,FALSE
DE-Hai,2008,DBF,ICOS,-535.572,23.7641,-531.934,16.9123,-3.6380000000000337,3.6380000000000337,29.167762000194667,TRUE,-1,-1,FALSE
DE-Hai,2009,DBF,ICOS,-579.023,34.4762,-565.482,28.971800000000002,-13.541000000000054,13.541000000000054,45.03302745408085,TRUE,-1,-1,FALSE
DE-Hai,2010,DBF,ICOS,-469.006,11.1026,-469.732,13.4671,0.7260000000000559,0.7260000000000559,17.453667499124645,TRUE,-1,-1,FALSE
DE-Hai,2011,DBF,ICOS,-427.08,16.4274,-427.466,28.7097,0.3860000000000241,0.3860000000000241,33.0772783773091,TRUE,-1,-1,FALSE
DE-Hai,2012,DBF,ICOS,-522.737,21.3769,-525.689,27.0925,2.951999999999998,2.951999999999998,34.510511585022904,TRUE,-1,-1,FALSE
DE-Hai,2013,DBF,ICOS,-527.407,40.0102,-542.377,42.1744,14.969999999999914,14.969999999999914,58.13343374857535,TRUE,-1,-1,FALSE
DE-Hai,2014,DBF,ICOS,-485.555,32.2871,-486.492,32.712,0.9370000000000118,0.9370000000000118,45.962286392323875,TRUE,-1,-1,FALSE
DE-Hai,2015,DBF,ICOS,-473.474,6.73261,-475.296,6.77546,1.8220000000000027,1.8220000000000027,9.55169595536311,TRUE,-1,-1,FALSE
DE-Hai,2016,DBF,ICOS,-516.516,25.0565,-530.683,40.39,14.16700000000003,14.16700000000003,47.530835173074756,TRUE,-1,-1,FALSE
DE-Hai,2017,DBF,ICOS,-677.435,15.3367,-696.321,20.6989,18.88600000000008,18.88600000000008,25.761576584130093,TRUE,-1,-1,FALSE
DE-Hai,2018,DBF,ICOS,-436.652,9.41829,-449.596,18.6272,12.944000000000017,12.944000000000017,20.87287154092843,TRUE,-1,-1,FALSE
DE-Hai,2019,DBF,ICOS,-359.925,26.8358,-371.391,35.8917,11.466000000000008,11.466000000000008,44.814889161192845,TRUE,-1,-1,FALSE
DE-Hai,2020,DBF,ICOS,-380.117,22.5824,-379.353,24.5165,-0.76400000000001,0.76400000000001,33.3320200709468,TRUE,-1,-1,FALSE
DE-Hai,2024,DBF,ICOS,-709.769,48.628,-690.187,40.0947,-19.581999999999994,19.581999999999994,63.02592603119768,TRUE,-1,-1,FALSE
DE-RuW,2012,ENF,ICOS,-796.39,24.331,-876.45,63.9189,80.06000000000006,80.06000000000006,68.39315271436169,FALSE,-1,-1,FALSE
DE-RuW,2013,ENF,ICOS,-724.937,26.8553,-795.686,54.6178,70.74900000000002,70.74900000000002,60.863052954399194,FALSE,-1,-1,FALSE
DE-RuW,2015,ENF,ICOS,-851.219,19.7593,-853.266,26.876,2.046999999999912,2.046999999999912,33.35789730318744,TRUE,-1,-1,FALSE
DE-RuW,2016,ENF,ICOS,-616.19,26.9334,-617.298,39.6506,1.1079999999999472,1.1079999999999472,47.933058695643446,TRUE,-1,-1,FALSE
DE-RuW,2019,ENF,ICOS,-605.468,30.3618,-563.953,33.2045,-41.514999999999986,41.514999999999986,44.99308524084562,TRUE,-1,-1,FALSE
DE-RuW,2020,ENF,ICOS,-405.999,14.8545,-402.181,42.7335,-3.8180000000000405,3.8180000000000405,45.24166434272727,TRUE,-1,-1,FALSE
DE-RuW,2021,ENF,ICOS,-475.771,31.1861,-425.364,51.2348,-50.40700000000004,50.40700000000004,59.97980963832747,TRUE,-1,-1,FALSE
DE-RuW,2023,ENF,ICOS,95.989,161.278,-184.873,149.486,280.86199999999997,280.86199999999997,219.90147220971485,FALSE,1,-1,TRUE
DE-RuW,2024,ENF,ICOS,46.3517,65.6521,-129.671,38.0817,176.0227,176.0227,75.89739197956673,FALSE,1,-1,TRUE
FI-Let,2010,ENF,ICOS,-209.375,25.9701,-209.361,25.7836,-0.014000000000010004,0.014000000000010004,36.595629834312184,TRUE,-1,-1,FALSE
FI-Let,2011,ENF,ICOS,-175.136,9.18017,-183.281,14.0939,8.14500000000001,8.14500000000001,16.82003384178819,TRUE,-1,-1,FALSE
FI-Let,2012,ENF,ICOS,-117.58,31.6749,-111.242,28.8925,-6.337999999999994,6.337999999999994,42.87278677972777,TRUE,-1,-1,FALSE
FI-Let,2013,ENF,ICOS,-73.6922,44.455,-114.072,38.6199,40.3798,40.3798,58.88755132462209,TRUE,-1,-1,FALSE
FI-Let,2014,ENF,ICOS,-170.237,22.8889,-179.524,19.5736,9.287000000000006,9.287000000000006,30.116898249487775,TRUE,-1,-1,FALSE
FI-Let,2015,ENF,ICOS,-135.45,22.1268,-134.327,21.6456,-1.1229999999999905,1.1229999999999905,30.95363108909842,TRUE,-1,-1,FALSE
FI-Let,2016,ENF,ICOS,253.019,5.11753,254.422,7.89773,-1.4029999999999916,1.4029999999999916,9.410805090628537,TRUE,1,1,FALSE
FI-Let,2017,ENF,ICOS,-10.5949,11.9296,-16.7306,18.679,6.135699999999998,6.135699999999998,22.163492440497727,TRUE,-1,-1,FALSE
FI-Let,2018,ENF,ICOS,155.815,10.2079,155.449,13.0152,0.36599999999998545,0.36599999999998545,16.540757342092895,TRUE,1,1,FALSE
FI-Let,2020,ENF,ICOS,-99.6439,19.7869,-100.666,20.5139,1.0220999999999947,1.0220999999999947,28.50160530250884,TRUE,-1,-1,FALSE
FI-Let,2021,ENF,ICOS,-84.3812,41.9617,-106.074,50.1062,21.69279999999999,21.69279999999999,65.35606739492516,TRUE,-1,-1,FALSE
FI-Let,2022,ENF,ICOS,17.647,36.1419,-5.06939,22.5983,22.716389999999997,22.716389999999997,42.62534572880318,TRUE,1,-1,TRUE
FI-Let,2023,ENF,ICOS,-43.7627,16.5136,-34.8692,15.2203,-8.893500000000003,8.893500000000003,22.45788318274899,TRUE,-1,-1,FALSE
FR-CLt,2020,GRA,ICOS,-26.0438,5.79963,-25.2333,6.02633,-0.8105000000000011,0.8105000000000011,8.363752830267044,TRUE,-1,-1,FALSE
FR-CLt,2021,GRA,ICOS,65.2858,8.65214,68.0486,8.22327,-2.7627999999999986,2.7627999999999986,11.93656969453536,TRUE,1,1,FALSE
FR-CLt,2023,GRA,ICOS,186.514,26.1311,185.529,22.0128,0.9850000000000136,0.9850000000000136,34.16720285668699,TRUE,1,1,FALSE
FR-CLt,2024,GRA,ICOS,226.271,10.4142,225.012,14.3845,1.2589999999999861,1.2589999999999861,17.758643019386362,TRUE,1,1,FALSE
FR-EM2,2017,CRO,ICOS,-647.776,14.1728,-661.897,15.8944,14.121000000000095,14.121000000000095,21.295544397831204,TRUE,-1,-1,FALSE
FR-EM2,2018,CRO,ICOS,-195.415,24.8706,-191.547,24.461,-3.867999999999995,3.867999999999995,34.88391126809034,TRUE,-1,-1,FALSE
FR-EM2,2019,CRO,ICOS,-119.819,42.7131,-138.961,43.4584,19.14200000000001,19.14200000000001,60.93473100104734,TRUE,-1,-1,FALSE
FR-EM2,2020,CRO,ICOS,-119.02,26.803,-122.116,26.5123,3.0960000000000036,3.0960000000000036,37.70017056048951,TRUE,-1,-1,FALSE
FR-EM2,2021,CRO,ICOS,-489.932,22.5982,-491.139,22.2349,1.2069999999999936,1.2069999999999936,31.702829861859332,TRUE,-1,-1,FALSE
FR-EM2,2022,CRO,ICOS,41.7043,30.8657,61.7623,50.9283,-20.058,20.058,59.55151700317969,TRUE,1,1,FALSE
FR-EM2,2023,CRO,ICOS,-275.853,43.9299,-283.754,40.1573,7.9010000000000105,7.9010000000000105,59.51844132115692,TRUE,-1,-1,FALSE
FR-EM2,2024,CRO,ICOS,-54.5604,18.8513,-55.8991,16.6954,1.3386999999999958,1.3386999999999958,25.18149901912116,TRUE,-1,-1,FALSE
US-xHA,2024,DBF,AmeriFlux,-314.683,10.6209,-312.594,12.4882,-2.0889999999999986,2.0889999999999986,16.39386031567916,TRUE,-1,-1,FALSE
US-xHA,2019,DBF,AmeriFlux,-429.284,27.1339,-421.262,23.1152,-8.021999999999991,8.021999999999991,35.644929516692834,TRUE,-1,-1,FALSE
IT-Ro1,2003,DBF,ICOS,-38.386,44.4003,-67.3393,51.5667,28.95329999999999,28.95329999999999,68.04785954738033,TRUE,-1,-1,FALSE
IT-Cpz,2007,EBF,ICOS,-370.616,12.5829,-372.512,12.5687,1.896000000000015,1.896000000000015,17.784869752123573,TRUE,-1,-1,FALSE
US-KLS,2013,GRA,AmeriFlux,-716.08,38.3394,-666.902,115.339,-49.178,49.178,121.54420806175834,TRUE,-1,-1,FALSE
US-LS2,2007,SAV,AmeriFlux,-386.605,41.8668,-361.791,37.1463,-24.81400000000002,24.81400000000002,55.97031843691797,TRUE,-1,-1,FALSE
IT-MtM,2016,GRA,ICOS,-415.674,8.26253,-401.604,12.0716,-14.069999999999993,14.069999999999993,14.628497139518467,TRUE,-1,-1,FALSE
IT-Ro2,2003,DBF,ICOS,-542.144,28.3686,-556.733,28.6783,14.588999999999942,14.588999999999942,40.33884426765348,TRUE,-1,-1,FALSE
JP-Tgf,2004,GRA,ICOS,-1150.06,31.633,-1146.72,39.8651,-3.339999999999918,3.339999999999918,50.8907937353113,TRUE,-1,-1,FALSE
ES-Pdu,2014,WET,ICOS,-231.957,6.517,-226.092,6.23341,-5.864999999999981,5.864999999999981,9.01813113832905,TRUE,-1,-1,FALSE
ES-Pdu,2016,WET,ICOS,12.109,NA,23.6147,NA,-11.5057,11.5057,NA,NA,1,1,FALSE
US-LS2,2006,SAV,AmeriFlux,-366.944,35.6666,-369.733,34.3355,2.7889999999999873,2.7889999999999873,49.50790760888608,TRUE,-1,-1,FALSE
US-LS2,2004,SAV,AmeriFlux,-263.879,8.06132,-258.157,7.2731,-5.722000000000037,5.722000000000037,10.857387519675255,TRUE,-1,-1,FALSE
IT-Ro1,2005,DBF,ICOS,-458.567,10.7092,-454.217,18.2019,-4.350000000000023,4.350000000000023,21.118620415405925,TRUE,-1,-1,FALSE
US-KLS,2017,GRA,AmeriFlux,29.0233,68.1291,27.6911,137.991,1.3322000000000003,1.3322000000000003,153.89311338656452,TRUE,1,1,FALSE
IT-Cpz,2008,EBF,ICOS,-751.868,24.4861,-748.341,23.9263,-3.5270000000000437,3.5270000000000437,34.2350248269225,TRUE,-1,-1,FALSE
US-xKA,2022,GRA,AmeriFlux,-233.645,12.0512,-230.381,12.5472,-3.26400000000001,3.26400000000001,17.397231080835823,TRUE,-1,-1,FALSE
IT-Ro2,2004,DBF,ICOS,-655.824,14.8816,-648.861,15.6927,-6.962999999999965,6.962999999999965,21.626901115277704,TRUE,-1,-1,FALSE
US-xTA,2021,ENF,AmeriFlux,-46.1572,26.2498,-46.4606,27.017,0.30339999999999634,0.30339999999999634,37.66922203921923,TRUE,-1,-1,FALSE
IT-MtM,2015,GRA,ICOS,-573.423,9.06922,-580.633,9.97479,7.210000000000036,7.210000000000036,13.481364432152258,TRUE,-1,-1,FALSE
IT-MtM,2018,GRA,ICOS,-386.689,155.52,-355.411,49.7864,-31.27800000000002,31.27800000000002,163.29469074333068,TRUE,-1,-1,FALSE
ES-Pdu,2015,WET,ICOS,-169.642,12.6132,-158.538,12.0789,-11.103999999999985,11.103999999999985,17.46403846336809,TRUE,-1,-1,FALSE
US-xKA,2019,GRA,AmeriFlux,52.7244,13.1655,44.2306,11.2128,8.4938,8.4938,17.293272509562787,TRUE,1,1,FALSE
IT-MtP,2016,GRA,ICOS,133.194,121.211,164.583,39.4346,-31.38900000000001,31.38900000000001,127.46448210446704,TRUE,1,1,FALSE
US-xHA,2022,DBF,AmeriFlux,-454.393,10.0661,-465.966,11.5039,11.573000000000036,11.573000000000036,15.286140272155034,TRUE,-1,-1,FALSE
IT-Ro2,2002,DBF,ICOS,-516.041,13.6355,-529.918,13.0341,13.876999999999953,13.876999999999953,18.86304914535293,TRUE,-1,-1,FALSE
US-KLS,2019,GRA,AmeriFlux,10.1957,84.7541,24.1942,51.7399,-13.998499999999998,13.998499999999998,99.2989160002263,TRUE,1,1,FALSE
US-xTA,2019,ENF,AmeriFlux,-17.8959,24.0414,-20.7117,20.5356,2.8157999999999994,2.8157999999999994,31.618029371230584,TRUE,-1,-1,FALSE
IT-Cpz,2003,EBF,ICOS,-437.611,11.4183,-438.331,11.0055,0.7200000000000273,0.7200000000000273,15.858707549482082,TRUE,-1,-1,FALSE
JP-Tgf,2003,GRA,ICOS,198.628,90.0773,196.579,91.4452,2.048999999999978,2.048999999999978,128.3594350966457,TRUE,1,1,FALSE
US-KLS,2018,GRA,AmeriFlux,74.5262,16.0572,81.8783,29.421,-7.352099999999993,7.352099999999993,33.51759109542331,TRUE,1,1,FALSE
IT-Ro2,2007,DBF,ICOS,-852.343,17.7231,-870.153,43.8585,17.81000000000006,17.81000000000006,47.3040832895005,TRUE,-1,-1,FALSE
US-xHA,2023,DBF,AmeriFlux,-376.564,13.2392,-369.317,19.6592,-7.247000000000014,7.247000000000014,23.701488587850342,TRUE,-1,-1,FALSE
IT-MtM,2014,GRA,ICOS,-394.495,6.53765,-378.632,15.9333,-15.863,15.863,17.222395780276912,TRUE,-1,-1,FALSE
IT-MtP,2015,GRA,ICOS,121.929,12.1418,128.205,42.1198,-6.2760000000000105,6.2760000000000105,43.834927389925035,TRUE,1,1,FALSE
IT-PT1,2003,DBF,ICOS,-458.418,39.2521,-458.418,39.7315,0,0,55.85086791322047,TRUE,-1,-1,FALSE
US-xKA,2023,GRA,AmeriFlux,-2.17663,9.36527,-5.63309,9.6015,3.4564600000000003,3.4564600000000003,13.412571879505437,TRUE,-1,-1,FALSE
ES-LgS,2008,OSH,ICOS,-79.9278,8.04611,-79.5431,8.31944,-0.38470000000000937,0.38470000000000937,11.57380525348945,TRUE,-1,-1,FALSE
IT-Ro2,2012,DBF,ICOS,-78.4518,66.5958,-81.5926,51.8112,3.1407999999999987,3.1407999999999987,84.37654308562303,TRUE,-1,-1,FALSE
IT-Ro2,2010,DBF,ICOS,-808.423,112.644,-808.423,103.31,0,0,152.8451073341898,TRUE,-1,-1,FALSE
US-xKA,2021,GRA,AmeriFlux,-125.049,6.86656,-124.309,6.59293,-0.7400000000000091,0.7400000000000091,9.519263218259068,TRUE,-1,-1,FALSE
IT-MtM,2019,GRA,ICOS,-210.257,69.7355,-281.894,34.6413,71.637,71.637,77.86565113026411,TRUE,-1,-1,FALSE
IT-Cpz,2005,EBF,ICOS,-564.445,17.9192,-586.526,21.3231,22.080999999999904,22.080999999999904,27.852689677120953,TRUE,-1,-1,FALSE
IT-Ro1,2001,DBF,ICOS,-121.139,28.1961,-138.248,46.7992,17.108999999999995,17.108999999999995,54.63684815076726,TRUE,-1,-1,FALSE
IT-Cpz,2006,EBF,ICOS,-432.237,18.3144,-432.327,16.0387,0.08999999999997499,0.08999999999997499,24.344550623291447,TRUE,-1,-1,FALSE
US-KLS,2014,GRA,AmeriFlux,-442.21,172.494,-297.75,164.848,-144.45999999999998,144.45999999999998,238.59807865948966,TRUE,-1,-1,FALSE
DK-Eng,2007,GRA,ICOS,-165.004,3.55649,-164.455,3.49493,-0.5489999999999782,0.5489999999999782,4.986296905018794,TRUE,-1,-1,FALSE
IT-MtM,2017,GRA,ICOS,-309.654,5.08469,-321.142,6.46487,11.488,11.488,8.224877902619589,FALSE,-1,-1,FALSE
US-LS2,2005,SAV,AmeriFlux,-286.144,33.3037,-296.164,38.4131,10.019999999999982,10.019999999999982,50.83997133457099,TRUE,-1,-1,FALSE
IT-Ro1,2004,DBF,ICOS,-275.971,82.2942,-284.639,57.1701,8.668000000000006,8.668000000000006,100.20357123201748,TRUE,-1,-1,FALSE
IT-Cpz,2004,EBF,ICOS,-606.896,20.6609,-604.285,24.3935,-2.61099999999999,2.61099999999999,31.967415145113,TRUE,-1,-1,FALSE
US-xKA,2024,GRA,AmeriFlux,-37.5577,9.04016,-33.3425,9.15017,-4.215199999999996,4.215199999999996,12.862740915314278,TRUE,-1,-1,FALSE
US-xTA,2023,ENF,AmeriFlux,-219.701,33.5408,-232.43,29.0982,12.729000000000013,12.729000000000013,44.403721779598605,TRUE,-1,-1,FALSE
DK-Eng,2006,GRA,ICOS,-25.5073,3.02921,-24.6877,2.85827,-0.8196000000000012,0.8196000000000012,4.16483140319029,TRUE,-1,-1,FALSE
US-xTA,2024,ENF,AmeriFlux,-223.042,48.9666,-217.671,50.1591,-5.371000000000009,5.371000000000009,70.09752654958662,TRUE,-1,-1,FALSE
IT-Ro1,2006,DBF,ICOS,-413.916,40.9656,-373.031,55.5452,-40.88499999999999,40.88499999999999,69.01774863323202,TRUE,-1,-1,FALSE
IT-Ro1,2002,DBF,ICOS,74.7124,36.1356,35.6091,41.1714,39.103300000000004,39.103300000000004,54.78015850031834,TRUE,1,1,FALSE
IT-Ro2,2011,DBF,ICOS,-674.128,45.0325,-694.861,34.9014,20.732999999999947,20.732999999999947,56.97397456918378,TRUE,-1,-1,FALSE
IT-Ro2,2005,DBF,ICOS,-921.53,16.512,-942.674,17.868,21.144000000000005,21.144000000000005,24.329232786917057,TRUE,-1,-1,FALSE
US-xTA,2020,ENF,AmeriFlux,33.756100000000004,26.6884,40.5626,25.6757,-6.8065,6.8065,37.033933966701404,TRUE,1,1,FALSE
IT-Ro2,2006,DBF,ICOS,-931.739,9.78948,-977.399,29.6682,45.65999999999997,45.65999999999997,31.241575022882568,FALSE,-1,-1,FALSE
US-xHA,2021,DBF,AmeriFlux,-382.511,13.2197,-380.658,15.3051,-1.8530000000000086,1.8530000000000086,20.22391045520129,TRUE,-1,-1,FALSE
ES-LgS,2007,OSH,ICOS,-119.891,2.54888,-120.986,5.11046,1.0949999999999989,1.0949999999999989,5.7108309960985535,TRUE,-1,-1,FALSE
IT-Cpz,2001,EBF,ICOS,-537.62,29.2505,-534.357,9.68654,-3.2630000000000337,3.2630000000000337,30.812672837999624,TRUE,-1,-1,FALSE
IT-MtP,2017,GRA,ICOS,-112.444,172.571,225.724,49.5415,-338.168,338.168,179.5413887192867,FALSE,-1,1,TRUE
BE-Vie,2013,MF,ICOS,-277.871,18.6192,-276.379,14.6173,-1.4919999999999618,1.4919999999999618,23.671503288342294,TRUE,-1,-1,FALSE
BE-Vie,2016,MF,ICOS,-416.545,15.9034,-410.509,15.5329,-6.036000000000001,6.036000000000001,22.230364683693338,TRUE,-1,-1,FALSE
BE-Vie,2025,MF,ICOS,-535.135,14.0378,-513.047,16.8418,-22.087999999999965,22.087999999999965,21.925009830784568,FALSE,-1,-1,FALSE
CH-Dav,2013,ENF,ICOS,-423.091,55.8551,-453.895,66.2502,30.803999999999974,30.803999999999974,86.65380081710208,TRUE,-1,-1,FALSE
CZ-BK1,2015,ENF,ICOS,-957.026,18.7733,-978.376,18.3465,21.350000000000023,21.350000000000023,26.249397233841385,TRUE,-1,-1,FALSE
CZ-BK1,2021,ENF,ICOS,-465.888,31.5116,-468.972,37.6219,3.084000000000003,3.084000000000003,49.0753328482854,TRUE,-1,-1,FALSE
CZ-Lnz,2019,DBF,ICOS,-401.262,12.9837,-397.502,12.752,-3.759999999999991,3.759999999999991,18.198625489030757,TRUE,-1,-1,FALSE
CZ-wet,2009,WET,ICOS,-161.752,5.98812,-160.31,6.559,-1.4420000000000073,1.4420000000000073,8.881332227453267,TRUE,-1,-1,FALSE
CZ-wet,2025,WET,ICOS,125.633,5.81083,122.138,9.31023,3.4949999999999903,3.4949999999999903,10.974795120720932,TRUE,1,1,FALSE
DE-Gri,2019,GRA,ICOS,-82.8506,13.5037,-82.8506,13.5037,0,0,19.097115682217563,TRUE,-1,-1,FALSE
DE-HoH,2015,DBF,ICOS,-333.548,9.01477,-333.171,9.68947,-0.37700000000000955,0.37700000000000955,13.234496856087882,TRUE,-1,-1,FALSE
DE-HoH,2019,DBF,ICOS,-76.6914,18.6115,-74.0249,20.9238,-2.666499999999999,2.666499999999999,28.00345226378348,TRUE,-1,-1,FALSE
DE-HoH,2024,DBF,ICOS,-275.074,15.4947,-281.204,14.2507,6.1299999999999955,6.1299999999999955,21.051560003477178,TRUE,-1,-1,FALSE
DE-Hte,2017,WET,ICOS,-255.754,17.1765,-254.324,17.6068,-1.4299999999999784,1.4299999999999784,24.597389261667587,TRUE,-1,-1,FALSE
DE-Kli,2014,CRO,ICOS,-268.135,15.6523,-260.207,15.6455,-7.927999999999997,7.927999999999997,22.13088713856722,TRUE,-1,-1,FALSE
DE-Kli,2018,CRO,ICOS,-105.758,4.70038,-106.392,14.4595,0.6340000000000003,0.6340000000000003,15.204299141834852,TRUE,-1,-1,FALSE
DE-RuR,2023,GRA,ICOS,-100.828,7.06729,-94.9381,7.61379,-5.889899999999997,5.889899999999997,10.388281191236594,TRUE,-1,-1,FALSE
DE-Tha,1997,ENF,ICOS,-411.614,8.55522,-390.038,7.83874,-21.575999999999965,21.575999999999965,11.603345812135395,FALSE,-1,-1,FALSE
DE-Tha,2002,ENF,ICOS,-494.904,28.954,-494.995,25.3379,0.09100000000000819,0.09100000000000819,38.475229595286365,TRUE,-1,-1,FALSE
DE-Tha,2013,ENF,ICOS,-434.757,7.51832,-430.414,9.5123,-4.343000000000018,4.343000000000018,12.124726261338852,TRUE,-1,-1,FALSE
DE-Tha,2018,ENF,ICOS,-315.528,8.7732,-315.545,9.69087,0.016999999999995907,0.016999999999995907,13.072184193810154,TRUE,-1,-1,FALSE
DE-Tha,2021,ENF,ICOS,-657.547,40.6129,-639.944,30.5489,-17.603000000000065,17.603000000000065,50.819710129240214,TRUE,-1,-1,FALSE
DE-Tha,2025,ENF,ICOS,-724.885,20.3922,-731.49,28.2641,6.605000000000018,6.605000000000018,34.852563315343104,TRUE,-1,-1,FALSE
FI-Hyy,2012,ENF,ICOS,-245.023,3.95691,-246.341,4.14796,1.318000000000012,1.318000000000012,5.732600536379628,TRUE,-1,-1,FALSE
FI-Var,2019,ENF,ICOS,-5.18254,7.72094,-0.755618,7.52559,-4.426922,4.426922,10.78180965013295,TRUE,-1,-1,FALSE
FR-Bil,2015,ENF,ICOS,-473.932,14.0063,-469.177,8.91292,-4.7549999999999955,4.7549999999999955,16.601704208195013,TRUE,-1,-1,FALSE
FR-Gri,2013,CRO,ICOS,-235.068,32.4345,-201.487,56.3644,-33.58100000000002,33.58100000000002,65.03031891056663,TRUE,-1,-1,FALSE
FR-Gri,2020,CRO,ICOS,-329.799,21.782,-329.439,21.9393,-0.3599999999999568,0.3599999999999568,30.915827798879977,TRUE,-1,-1,FALSE
FR-Mej,2021,GRA,ICOS,-193.498,8.41064,-191.39,8.75602,-2.108000000000004,2.108000000000004,12.141118212504152,TRUE,-1,-1,FALSE
FR-Pue,2008,EBF,ICOS,-270.247,26.8405,-265.933,27.8072,-4.314000000000021,4.314000000000021,38.6478047512404,TRUE,-1,-1,FALSE
GF-Guy,2007,EBF,ICOS,-225.952,39.4434,-226.284,29.6986,0.33199999999999363,0.33199999999999363,49.37396728560507,TRUE,-1,-1,FALSE
GL-Dsk,2025,OSH,ICOS,-122.606,5.03799,-119.651,5.31915,-2.9549999999999983,2.9549999999999983,7.326301929527611,TRUE,-1,-1,FALSE
IT-BCi,2015,CRO,ICOS,326.406,32.6993,326.658,55.5265,-0.25200000000000955,0.25200000000000955,64.43940116683271,TRUE,1,1,FALSE
IT-BCi,2018,CRO,ICOS,303.904,22.9929,307.245,22.5901,-3.341000000000008,3.341000000000008,32.23330681794842,TRUE,1,1,FALSE
IT-Ren,2008,ENF,ICOS,-945.081,51.2358,-883.294,55.9866,-61.787000000000035,61.787000000000035,75.8920719258606,TRUE,-1,-1,FALSE
IT-Tor,2017,GRA,ICOS,-97.048,23.5667,-104.039,27.6996,6.991,6.991,36.36835422520519,TRUE,-1,-1,FALSE
IT-Tor,2023,GRA,ICOS,-138.809,30.1936,-108.614,47.5076,-30.194999999999993,30.194999999999993,56.2905457312327,TRUE,-1,-1,FALSE
IT-TrF,2014,DNF,ICOS,-770.409,9.18669,-772.684,8.73939,2.2749999999999773,2.2749999999999773,12.679598208468596,TRUE,-1,-1,FALSE
JP-Api,2017,DBF,ICOS,-313.242,40.8157,-360.713,46.1781,47.471000000000004,47.471000000000004,61.6306602763592,TRUE,-1,-1,FALSE
NL-Loo,2003,ENF,ICOS,-492.32,10.9197,-494.206,12.949,1.886000000000024,1.886000000000024,16.938608239462887,TRUE,-1,-1,FALSE
NL-Loo,2025,ENF,ICOS,-268.708,7.50752,-271.378,9.43146,2.669999999999959,2.669999999999959,12.054679352102237,TRUE,-1,-1,FALSE
BE-Maa,2024,CSH,ICOS,-24.4428,3.38978,-25.1776,3.5593,0.7348000000000035,0.7348000000000035,4.915203448322358,TRUE,-1,-1,FALSE
BE-Vie,2018,MF,ICOS,-463.518,15.8695,-449.282,17.0586,-14.23599999999999,14.23599999999999,23.29885971909355,TRUE,-1,-1,FALSE
BE-Vie,2022,MF,ICOS,-752.255,37.2391,-776.463,37.4503,24.20799999999997,24.20799999999997,52.81359236882111,TRUE,-1,-1,FALSE
CH-Dav,2006,ENF,ICOS,-568.053,91.8875,-467.453,86.0723,-100.60000000000002,100.60000000000002,125.90374690032064,TRUE,-1,-1,FALSE
CZ-BK1,2007,ENF,ICOS,-724.501,17.7143,-709.261,28.6618,-15.240000000000009,15.240000000000009,33.69414197943019,TRUE,-1,-1,FALSE
CZ-wet,2016,WET,ICOS,-3.6592,8.47257,-3.97868,6.45969,0.31948000000000043,0.31948000000000043,10.654202799881368,TRUE,-1,-1,FALSE
DE-Fen,2024,GRA,ICOS,-245.625,18.8639,-267.778,21.9818,22.15300000000002,22.15300000000002,28.96629514539269,TRUE,-1,-1,FALSE
DE-Gri,2024,GRA,ICOS,-24.9785,21.3918,-19.666,12.0234,-5.3125,5.3125,24.53917795689171,TRUE,-1,-1,FALSE
DE-Kli,2021,CRO,ICOS,-349.867,13.7536,-363.32,26.2371,13.452999999999975,13.452999999999975,29.62341859694792,TRUE,-1,-1,FALSE
DE-Tha,1999,ENF,ICOS,-548.35,9.49657,-550.569,12.4165,2.2189999999999372,2.2189999999999372,15.631836552846245,TRUE,-1,-1,FALSE
FI-Hyy,2014,ENF,ICOS,-264.942,4.05437,-268.17,4.59859,3.2280000000000086,3.2280000000000086,6.130656252392561,TRUE,-1,-1,FALSE
FI-Hyy,2024,ENF,ICOS,-291.221,5.71104,-286.554,10.1928,-4.66700000000003,4.66700000000003,11.683713010922514,TRUE,-1,-1,FALSE
FR-Aur,2013,CRO,ICOS,-219.26,5.36324,-225.829,5.23775,6.569000000000017,6.569000000000017,7.496557100436173,TRUE,-1,-1,FALSE
FR-Mej,2022,GRA,ICOS,357.737,11.7366,358.213,12.1221,-0.4759999999999991,0.4759999999999991,16.8728506177824,TRUE,1,1,FALSE
FR-Tou,2018,GRA,ICOS,141.698,25.006,133.393,26.8556,8.305000000000007,8.305000000000007,36.69500357487379,TRUE,1,1,FALSE
FR-Tou,2024,GRA,ICOS,43.5655,33.6608,33.2185,40.1534,10.347000000000001,10.347000000000001,52.396039814092816,TRUE,1,1,FALSE
GF-Guy,2012,EBF,ICOS,-263.444,37.1918,-287.823,45.0745,24.378999999999962,24.378999999999962,58.437492566758884,TRUE,-1,-1,FALSE
IE-Cra,2024,WET,ICOS,-15.0653,4.39261,-15.0853,4.53987,0.019999999999999574,0.019999999999999574,6.317075449050771,TRUE,-1,-1,FALSE
IT-BCi,2009,CRO,ICOS,8.8822,50.6032,5.23874,39.3041,3.6434599999999993,3.6434599999999993,64.07414554287868,TRUE,1,1,FALSE
IT-SR2,2018,ENF,ICOS,-242.249,20.8098,-226.811,20.8792,-15.437999999999988,15.437999999999988,29.478615447133876,TRUE,-1,-1,FALSE
IT-Tor,2022,GRA,ICOS,-115.369,32.0178,-115.057,31.1173,-0.3119999999999976,0.3119999999999976,44.64779811065715,TRUE,-1,-1,FALSE
IT-TrF,2022,DNF,ICOS,-887.571,24.2579,-902.24,26.2732,14.668999999999983,14.668999999999983,35.75928901208747,TRUE,-1,-1,FALSE
JP-Api,2008,DBF,ICOS,-235.488,26.2952,-201.239,35.8219,-34.248999999999995,34.248999999999995,44.43698980185314,TRUE,-1,-1,FALSE
BE-Vie,2007,MF,ICOS,-602.037,12.253,-611.33,15.4485,9.293000000000006,9.293000000000006,19.717813297878646,TRUE,-1,-1,FALSE
CH-Dav,2011,ENF,ICOS,-523.128,84.8447,-530.458,76.6623,7.329999999999927,7.329999999999927,114.34916422685389,TRUE,-1,-1,FALSE
CH-Dav,2012,ENF,ICOS,-775.875,77.7557,-918.007,106.658,142.13199999999995,142.13199999999995,131.99196129495917,FALSE,-1,-1,FALSE
CZ-Lnz,2015,DBF,ICOS,-511.963,13.9694,-507.622,16.2594,-4.341000000000008,4.341000000000008,21.436236253596384,TRUE,-1,-1,FALSE
CZ-wet,2017,WET,ICOS,198.484,6.54034,205.645,6.71165,-7.161000000000001,7.161000000000001,9.371354920079593,TRUE,1,1,FALSE
CZ-wet,2022,WET,ICOS,153.424,20.867,160.354,26.8636,-6.930000000000007,6.930000000000007,34.01594764165773,TRUE,1,1,FALSE
CZ-wet,2024,WET,ICOS,285.112,10.1504,282.442,10.6799,2.670000000000016,2.670000000000016,14.734004349463182,TRUE,1,1,FALSE
DE-Brs,2025,CRO,ICOS,-238.847,9.28997,-238.292,8.6352,-0.5550000000000068,0.5550000000000068,12.683462525702513,TRUE,-1,-1,FALSE
DE-Gri,2017,GRA,ICOS,-73.1921,13.7904,-81.5342,13.6783,8.342100000000002,8.342100000000002,19.423465783685465,TRUE,-1,-1,FALSE
DE-GsB,2019,GRA,ICOS,203.469,23.7101,202.391,26.2088,1.078000000000003,1.078000000000003,35.34218498409514,TRUE,1,1,FALSE
DE-HoH,2016,DBF,ICOS,-426.726,10.5898,-418.214,11.6544,-8.512,8.512,15.74702839903453,TRUE,-1,-1,FALSE
DE-Msr,2023,ENF,ICOS,-213.928,36.3403,-222.441,58.1317,8.513000000000005,8.513000000000005,68.55590382293855,TRUE,-1,-1,FALSE
DE-RuS,2013,CRO,ICOS,-582.333,7.52422,-582.891,7.36385,0.5579999999999927,0.5579999999999927,10.528065987202968,TRUE,-1,-1,FALSE
DE-RuS,2016,CRO,ICOS,-276.46,11.0841,-287.333,10.2749,10.873000000000047,10.873000000000047,15.113928768523424,TRUE,-1,-1,FALSE
DE-Tha,2003,ENF,ICOS,-299.946,6.11281,-301.016,5.48958,1.0699999999999932,1.0699999999999932,8.215956102152688,TRUE,-1,-1,FALSE
DE-Tha,2004,ENF,ICOS,-339.913,5.34051,-339.9,5.58282,-0.013000000000033651,0.013000000000033651,7.725860871935243,TRUE,-1,-1,FALSE
DE-Tha,2014,ENF,ICOS,-527.319,8.75539,-531.364,9.28794,4.045000000000073,4.045000000000073,12.764117027656086,TRUE,-1,-1,FALSE
FI-Hyy,2007,ENF,ICOS,-238.475,4.96244,-236.399,5.27053,-2.0759999999999934,2.0759999999999934,7.2390812424298705,TRUE,-1,-1,FALSE
FI-Ken,2020,ENF,ICOS,132.212,4.68002,132.095,4.81653,0.11699999999999022,0.11699999999999022,6.715768641138555,TRUE,1,1,FALSE
FI-Ken,2021,ENF,ICOS,24.6546,3.4316,28.6298,4.79295,-3.975200000000001,3.975200000000001,5.8947644789677565,TRUE,1,1,FALSE
FI-Ken,2022,ENF,ICOS,61.0943,9.4675,63.9524,23.1878,-2.8581000000000003,2.8581000000000003,25.04610997919637,TRUE,1,1,FALSE
FR-Aur,2008,CRO,ICOS,-578.687,28.8688,-472.388,332.415,-106.29900000000004,106.29900000000004,333.66621021380035,TRUE,-1,-1,FALSE
FR-Aur,2015,CRO,ICOS,-147.618,14.5079,-147.983,13.8296,0.3650000000000091,0.3650000000000091,20.04337792314459,TRUE,-1,-1,FALSE
FR-Aur,2019,CRO,ICOS,-150.703,9.98691,-150.704,9.95164,0.0010000000000047748,0.0010000000000047748,14.098705970325787,TRUE,-1,-1,FALSE
FR-Bil,2023,ENF,ICOS,-487.704,9.35312,-483.689,10.0577,-4.014999999999986,4.014999999999986,13.734561624762547,TRUE,-1,-1,FALSE
FR-Gri,2021,CRO,ICOS,116.817,46.68,101.269,46.3911,15.547999999999988,15.547999999999988,65.81152299719251,TRUE,1,1,FALSE
FR-Gri,2023,CRO,ICOS,-254.395,22.5884,-275.212,39.8694,20.81699999999998,20.81699999999998,45.82362786729134,TRUE,-1,-1,FALSE
FR-Pue,2012,EBF,ICOS,-274.147,20.4616,-266.851,21.2026,-7.295999999999992,7.295999999999992,29.465697366938393,TRUE,-1,-1,FALSE
FR-Pue,2019,EBF,ICOS,-338.441,16.9677,-334.607,20.5505,-3.8339999999999463,3.8339999999999463,26.650063668591862,TRUE,-1,-1,FALSE
FR-Pue,2020,EBF,ICOS,-286.304,57.7916,-292.701,38.8537,6.397000000000048,6.397000000000048,69.63820096936738,TRUE,-1,-1,FALSE
FR-Tou,2025,GRA,ICOS,216.883,57.2868,198.266,56.2044,18.61700000000002,18.61700000000002,80.25404683628109,TRUE,1,1,FALSE
GF-Guy,2004,EBF,ICOS,-128.329,22.8887,-131.874,25.7224,3.5449999999999875,3.5449999999999875,34.43159086435014,TRUE,-1,-1,FALSE
GF-Guy,2022,EBF,ICOS,20.4871,26.2592,6.15916,24.7429,14.327940000000002,14.327940000000002,36.079865369066994,TRUE,1,1,FALSE
GF-Guy,2025,EBF,ICOS,157.816,17.957,161.693,19.9642,-3.8770000000000095,3.8770000000000095,26.851873875765172,TRUE,1,1,FALSE
IT-MBo,2016,GRA,ICOS,-77.4257,10.2315,-85.0187,16.4454,7.592999999999989,7.592999999999989,19.36839625291676,TRUE,-1,-1,FALSE
IT-Ren,2003,ENF,ICOS,-764.492,38.6171,-787.351,40.0294,22.859000000000037,22.859000000000037,55.620439379512284,TRUE,-1,-1,FALSE
IT-Ren,2005,ENF,ICOS,-671.209,24.7679,-678.655,24.5537,7.446000000000026,7.446000000000026,34.87596671204972,TRUE,-1,-1,FALSE
IT-TrF,2020,DNF,ICOS,-773.665,13.3052,-767.386,24.7398,-6.278999999999996,6.278999999999996,28.090675518399337,TRUE,-1,-1,FALSE
JP-Api,2001,DBF,ICOS,-212.415,24.1143,-198.823,22.0427,-13.591999999999985,13.591999999999985,32.67078339709656,TRUE,-1,-1,FALSE
NL-Loo,2000,ENF,ICOS,-228.496,10.5462,-232.005,9.44088,3.508999999999986,3.508999999999986,14.154594646771063,TRUE,-1,-1,FALSE
NL-Loo,2004,ENF,ICOS,-579.628,15.8501,-582.565,17.6151,2.937000000000012,2.937000000000012,23.6963587502384,TRUE,-1,-1,FALSE
NL-Loo,2008,ENF,ICOS,-535.289,56.804,-529.837,36.6112,-5.451999999999998,5.451999999999998,67.58013303804603,TRUE,-1,-1,FALSE
NL-Loo,2014,ENF,ICOS,-544.068,12.5099,-548.421,23.9083,4.3530000000000655,4.3530000000000655,26.983409845681106,TRUE,-1,-1,FALSE
NL-Loo,2017,ENF,ICOS,-1031.25,54.9192,-995.555,30.218,-35.69500000000005,35.69500000000005,62.683698460125974,TRUE,-1,-1,FALSE
CZ-BK1,2018,ENF,ICOS,-825.721,22.6037,-822.244,29.4393,-3.4769999999999754,3.4769999999999754,37.11602939674447,TRUE,-1,-1,FALSE
CZ-Lnz,2024,DBF,ICOS,-515.026,9.27769,-513.324,11.6334,-1.7019999999999982,1.7019999999999982,14.879903470657998,TRUE,-1,-1,FALSE
CZ-wet,2010,WET,ICOS,-188.88,5.12461,-193.35,17.784,4.469999999999999,4.469999999999999,18.507627715406965,TRUE,-1,-1,FALSE
DE-Gri,2015,GRA,ICOS,-87.1856,9.24967,-87.1856,19.1792,0,0,21.29314696678018,TRUE,-1,-1,FALSE
DE-Hte,2016,WET,ICOS,-86.9642,11.1446,-91.5028,10.8314,4.538599999999988,4.538599999999988,15.540956698993792,TRUE,-1,-1,FALSE
DE-Kli,2023,CRO,ICOS,-244.745,35.6046,-235.226,25.2696,-9.519000000000005,9.519000000000005,43.66051105197922,TRUE,-1,-1,FALSE
DE-RuR,2015,GRA,ICOS,-87.448,11.31,-75.1765,13.962,-12.271499999999989,12.271499999999989,17.968125778722722,TRUE,-1,-1,FALSE
DE-Tha,2006,ENF,ICOS,-303.845,10.7512,-303.814,10.7525,-0.03100000000000591,0.03100000000000591,15.20541211838732,TRUE,-1,-1,FALSE
DE-Tha,2022,ENF,ICOS,-513.791,26.739,-485.065,22.4988,-28.726000000000056,28.726000000000056,34.94524463271076,TRUE,-1,-1,FALSE
FI-Hyy,2004,ENF,ICOS,-214.746,4.54581,-218.747,4.30094,4.001000000000005,4.001000000000005,6.257992764433337,TRUE,-1,-1,FALSE
FI-Hyy,2010,ENF,ICOS,-191.046,6.50664,-191.632,7.0404,0.5860000000000127,0.5860000000000127,9.586636336567691,TRUE,-1,-1,FALSE
FI-Hyy,2011,ENF,ICOS,-267.837,8.38492,-271.309,14.6519,3.472000000000037,3.472000000000037,16.881500437354493,TRUE,-1,-1,FALSE
FI-Hyy,2013,ENF,ICOS,-250.127,7.65615,-244.086,9.33707,-6.040999999999997,6.040999999999997,12.074663929377083,TRUE,-1,-1,FALSE
FI-Hyy,2015,ENF,ICOS,-275.108,11.2952,-267.966,12.7917,-7.141999999999996,7.141999999999996,17.064850773739572,TRUE,-1,-1,FALSE
FI-Ken,2025,ENF,ICOS,21.6395,14.8214,10.8292,11.8848,10.810300000000002,10.810300000000002,18.997956969105914,TRUE,1,1,FALSE
FR-Aur,2025,CRO,ICOS,-239.017,NA,-240.86,NA,1.8430000000000177,1.8430000000000177,NA,NA,-1,-1,FALSE
FR-Bil,2025,ENF,ICOS,-464.528,13.0973,-460.853,13.9547,-3.6750000000000114,3.6750000000000114,19.13825800275459,TRUE,-1,-1,FALSE
FR-Pue,2002,EBF,ICOS,-262.915,29.0346,-261.029,30.4559,-1.886000000000024,1.886000000000024,42.078139716128135,TRUE,-1,-1,FALSE
IT-MBo,2003,GRA,ICOS,-14.4366,18.9547,-6.4233,21.0178,-8.013300000000001,8.013300000000001,28.302448108423416,TRUE,-1,-1,FALSE
IT-MBo,2005,GRA,ICOS,11.1945,7.70295,5.22326,8.31599,5.97124,5.97124,11.335392731731883,TRUE,1,1,FALSE
IT-MBo,2011,GRA,ICOS,-161.647,15.4382,-176.996,32.5001,15.349000000000018,15.349000000000018,35.98047413876032,TRUE,-1,-1,FALSE
IT-MBo,2018,GRA,ICOS,89.0194,13.212,82.3801,17.2434,6.639300000000006,6.639300000000006,21.723070399002072,TRUE,1,1,FALSE
IT-Ren,1999,ENF,ICOS,-317.84,51.6611,-275.589,27.2355,-42.250999999999976,42.250999999999976,58.400699597350716,TRUE,-1,-1,FALSE
IT-Ren,2024,ENF,ICOS,-987.369,18.4583,-1011.77,29.9402,24.400999999999954,24.400999999999954,35.172779459832284,TRUE,-1,-1,FALSE
IT-Tor,2024,GRA,ICOS,-90.7626,8.03577,-21.8609,58.9138,-68.9017,68.9017,59.459309026702456,FALSE,-1,-1,FALSE
JP-Api,2020,DBF,ICOS,-526.921,91.0666,-532.872,62.4887,5.950999999999908,5.950999999999908,110.44438991297837,TRUE,-1,-1,FALSE
NL-Loo,2024,ENF,ICOS,-151.595,6.86951,-151.655,7.1811,0.060000000000002274,0.060000000000002274,9.937724329548491,TRUE,-1,-1,FALSE
NL-Vkp,2017,GRA,ICOS,-74.0895,15.0155,-76.354,16.4283,2.264499999999998,2.264499999999998,22.256555913707764,TRUE,-1,-1,FALSE
SE-Svb,2016,ENF,ICOS,-146.499,7.01149,-145.572,5.6596,-0.9269999999999925,0.9269999999999925,9.010663914501528,TRUE,-1,-1,FALSE
BE-Vie,2008,MF,ICOS,-700.544,7.26508,-701.401,6.96238,0.8569999999999709,0.8569999999999709,10.06261013210787,TRUE,-1,-1,FALSE
CH-Dav,2004,ENF,ICOS,65.545,29.4154,63.3683,62.8164,2.176700000000004,2.176700000000004,69.36256819149648,TRUE,1,1,FALSE
CH-Dav,2010,ENF,ICOS,-813.489,69.5442,-808.97,68.196,-4.5190000000000055,4.5190000000000055,97.40169490126955,TRUE,-1,-1,FALSE
CH-Dav,2025,ENF,ICOS,-154.861,28.6006,-170.25,66.6178,15.38900000000001,15.38900000000001,72.49776270478972,TRUE,-1,-1,FALSE
CZ-BK1,2006,ENF,ICOS,-654.515,18.6479,-639.483,13.0075,-15.032000000000039,15.032000000000039,22.736297646274778,TRUE,-1,-1,FALSE
CZ-BK1,2017,ENF,ICOS,-840.045,16.2669,-842.736,19.9007,2.691000000000031,2.691000000000031,25.703110630816653,TRUE,-1,-1,FALSE
CZ-BK1,2023,ENF,ICOS,-503.609,13.5016,-498.027,14.125,-5.581999999999994,5.581999999999994,19.539929057189536,TRUE,-1,-1,FALSE
CZ-Lnz,2017,DBF,ICOS,-484.693,7.88672,-483.359,10.0038,-1.3340000000000032,1.3340000000000032,12.738774148182392,TRUE,-1,-1,FALSE
CZ-Lnz,2018,DBF,ICOS,-667.63,14.5521,-661.313,18.7651,-6.317000000000007,6.317000000000007,23.746422728908033,TRUE,-1,-1,FALSE
CZ-Lnz,2023,DBF,ICOS,-511.074,16.7505,-515.924,12.9624,4.849999999999966,4.849999999999966,21.180251745671015,TRUE,-1,-1,FALSE
DE-Amv,2024,WET,ICOS,-22.5169,8.32784,-20.3892,8.32715,-2.127700000000001,2.127700000000001,11.776856379700824,TRUE,-1,-1,FALSE
DE-Hzd,2025,DBF,ICOS,-220.172,12.6143,-272.834,45.376,52.662000000000006,52.662000000000006,47.09672961565378,FALSE,-1,-1,FALSE
DE-Kli,2019,CRO,ICOS,15.8364,5.67635,20.4149,6.25006,-4.5785,4.5785,8.442997058278536,TRUE,1,1,FALSE
DE-RuR,2013,GRA,ICOS,-86.2767,11.5159,-99.3632,10.7013,13.086500000000001,13.086500000000001,15.72048900320852,TRUE,-1,-1,FALSE
DE-RuS,2019,CRO,ICOS,-257.471,10.6996,-260.42,11.4923,2.9490000000000123,2.9490000000000123,15.702050803955514,TRUE,-1,-1,FALSE
ES-LMa,2021,SAV,ICOS,8.66442,12.9392,5.86826,12.4554,2.7961599999999995,2.7961599999999995,17.959952277219447,TRUE,1,1,FALSE
FI-Hyy,2001,ENF,ICOS,-186,4.62971,-186.896,5.07159,0.8959999999999866,0.8959999999999866,6.86696729366028,TRUE,-1,-1,FALSE
FI-Hyy,2019,ENF,ICOS,-223.039,6.88452,-222.368,6.17488,-0.6709999999999923,0.6709999999999923,9.248013767550304,TRUE,-1,-1,FALSE
FR-Aur,2017,CRO,ICOS,-264.656,6.00541,-265.621,8.79303,0.964999999999975,0.964999999999975,10.648113722580165,TRUE,-1,-1,FALSE
FR-Aur,2021,CRO,ICOS,-236.267,13.9283,-238.573,18.2238,2.3060000000000116,2.3060000000000116,22.936966393357253,TRUE,-1,-1,FALSE
FR-Bil,2019,ENF,ICOS,-199.713,10.1164,-200.961,10.7017,1.2480000000000189,1.2480000000000189,14.726436495296479,TRUE,-1,-1,FALSE
FR-Bil,2020,ENF,ICOS,-418.233,17.3822,-417.415,16.086,-0.8179999999999836,0.8179999999999836,23.683333229087495,TRUE,-1,-1,FALSE
FR-Gri,2012,CRO,ICOS,-318.097,35.8347,-274.905,41.6448,-43.19200000000001,43.19200000000001,54.94010457880472,TRUE,-1,-1,FALSE
FR-Gri,2017,CRO,ICOS,-46.2626,27.0198,-47.2901,34.6959,1.0275000000000034,1.0275000000000034,43.97584642562324,TRUE,-1,-1,FALSE
FR-Pue,2013,EBF,ICOS,-202.099,4.61084,-191.687,6.85119,-10.411999999999978,10.411999999999978,8.25824738801763,FALSE,-1,-1,FALSE
FR-Pue,2018,EBF,ICOS,-236.11,21.2213,-227.934,24.2101,-8.176000000000016,8.176000000000016,32.19429321634504,TRUE,-1,-1,FALSE
FR-Tou,2020,GRA,ICOS,74.5651,45.3816,80.9164,38.1759,-6.351299999999995,6.351299999999995,59.303363811591666,TRUE,1,1,FALSE
FR-Tou,2022,GRA,ICOS,210.374,31.5571,210.236,36.3592,0.13800000000000523,0.13800000000000523,48.14397142997241,TRUE,1,1,FALSE
IT-BCi,2013,CRO,ICOS,-73.3483,21.9634,-69.572,37.1109,-3.776299999999992,3.776299999999992,43.12319374037595,TRUE,-1,-1,FALSE
IT-BCi,2017,CRO,ICOS,242.584,43.5664,245.017,41.9079,-2.4329999999999927,2.4329999999999927,60.45083366976836,TRUE,1,1,FALSE
IT-Lsn,2019,OSH,ICOS,135.553,4.7998,134.094,4.92257,1.4590000000000032,1.4590000000000032,6.875301843912019,TRUE,1,1,FALSE
IT-MBo,2009,GRA,ICOS,29.7666,10.1807,23.0256,18.0414,6.741,6.741,20.715664760031235,TRUE,1,1,FALSE
IT-Ren,2013,ENF,ICOS,-579.784,85.2257,-569.418,101.107,-10.365999999999985,10.365999999999985,132.23481156446664,TRUE,-1,-1,FALSE
IT-Ren,2025,ENF,ICOS,-953.768,15.0799,-952.111,43.7794,-1.657000000000039,1.657000000000039,46.30377142706629,TRUE,-1,-1,FALSE
IT-SR2,2022,ENF,ICOS,-163.006,14.8038,-168.559,25.9705,5.552999999999997,5.552999999999997,29.893466923225887,TRUE,-1,-1,FALSE
IT-Tor,2016,GRA,ICOS,-52.4022,14.7526,-52.4959,34.5035,0.09369999999999834,0.09369999999999834,37.52506787482203,TRUE,-1,-1,FALSE
IT-Tor,2020,GRA,ICOS,-233.678,73.6148,-257.71,82.8085,24.031999999999982,24.031999999999982,110.79885582121324,TRUE,-1,-1,FALSE
IT-TrF,2018,DNF,ICOS,-890.741,33.1791,-884.976,28.5152,-5.764999999999986,5.764999999999986,43.74893493389296,TRUE,-1,-1,FALSE
JP-Api,2006,DBF,ICOS,-245.838,33.9769,-240.116,33.7879,-5.72199999999998,5.72199999999998,47.91713597472203,TRUE,-1,-1,FALSE
JP-Api,2013,DBF,ICOS,-278.94,18.5747,-278.435,40.0234,-0.5049999999999955,0.5049999999999955,44.12359944122873,TRUE,-1,-1,FALSE
JP-Api,2016,DBF,ICOS,-387.69,43.3576,-403.714,46.4151,16.024,16.024,63.51569086273092,TRUE,-1,-1,FALSE
NL-Loo,1997,ENF,ICOS,-304.5,7.87687,-300.157,8.27559,-4.343000000000018,4.343000000000018,11.42499325360851,TRUE,-1,-1,FALSE
NL-Loo,2007,ENF,ICOS,-423.318,28.0678,-407.391,21.0491,-15.926999999999964,15.926999999999964,35.0837000279332,TRUE,-1,-1,FALSE
NL-Loo,2009,ENF,ICOS,-657.493,56.5389,-635.074,25.0612,-22.419000000000096,22.419000000000096,61.844247579301985,TRUE,-1,-1,FALSE
ZM-Mon,2008,DBF,ICOS,53.7136,15.5861,53.8959,15.6459,-0.1822999999999979,0.1822999999999979,22.084399471572688,TRUE,1,1,FALSE
BE-Maa,2022,CSH,ICOS,32.789,3.36787,30.7727,4.00916,2.016300000000001,2.016300000000001,5.236020649548663,TRUE,1,1,FALSE
BE-Vie,2010,MF,ICOS,-368.463,11.9563,-364.137,12.0594,-4.326000000000022,4.326000000000022,16.981820810796467,TRUE,-1,-1,FALSE
BE-Vie,2015,MF,ICOS,-444.065,14.5687,-447.085,9.12562,3.019999999999982,3.019999999999982,17.190810337921828,TRUE,-1,-1,FALSE
CH-Dav,2005,ENF,ICOS,-293.742,36.8249,-256.27,46.311,-37.47200000000004,37.47200000000004,59.16740640766671,TRUE,-1,-1,FALSE
CH-Dav,2021,ENF,ICOS,-140.37,32.8004,-143.932,44.3757,3.5619999999999834,3.5619999999999834,55.182143766348915,TRUE,-1,-1,FALSE
CH-Dav,2023,ENF,ICOS,-94.8219,40.5008,-60.21,92.3321,-34.6119,34.6119,100.82426042897612,TRUE,-1,-1,FALSE
CZ-BK1,2013,ENF,ICOS,-845.23,9.9409,-839.783,16.2157,-5.447000000000003,5.447000000000003,19.020263386714706,TRUE,-1,-1,FALSE
DE-Amv,2023,WET,ICOS,102.207,4.76253,101.103,3.8599,1.1039999999999992,1.1039999999999992,6.13029526294615,TRUE,1,1,FALSE
DE-Gri,2014,GRA,ICOS,-52.2993,14.888,-52.2993,20.6056,0,0,25.421315767678113,TRUE,-1,-1,FALSE
DE-Har,2020,ENF,ICOS,-161.152,16.1302,-161.86,16.3556,0.7080000000000268,0.7080000000000268,22.971482394482074,TRUE,-1,-1,FALSE
DE-Kli,2005,CRO,ICOS,-38.1071,7.02742,-28.298,8.71408,-9.809100000000004,9.809100000000004,11.194633629681679,TRUE,-1,-1,FALSE
DE-Tha,2011,ENF,ICOS,-469.996,11.2071,-469.996,9.27927,0,0,14.55004955809086,TRUE,-1,-1,FALSE
DE-Tha,2015,ENF,ICOS,-492.532,6.23708,-492.532,8.67159,0,0,10.681649687875932,TRUE,-1,-1,FALSE
DE-Tha,2023,ENF,ICOS,-635.651,14.2451,-630.721,13.5874,-4.92999999999995,4.92999999999995,19.686043603781844,TRUE,-1,-1,FALSE
DK-RCW,2025,DBF,ICOS,-212.739,16.762,-215.464,15.3629,2.7249999999999943,2.7249999999999943,22.737267654887646,TRUE,-1,-1,FALSE
ES-LMa,2025,SAV,ICOS,7.92968,21.7137,9.25114,21.9866,-1.3214599999999992,1.3214599999999992,30.901380992602903,TRUE,1,1,FALSE
FI-Ken,2023,ENF,ICOS,-69.6639,17.6636,-61.8561,11.1822,-7.8078,7.8078,20.905605989781783,TRUE,-1,-1,FALSE
FI-Var,2016,ENF,ICOS,26.145,NA,29.5843,NA,-3.4392999999999994,3.4392999999999994,NA,NA,1,1,FALSE
FI-Var,2017,ENF,ICOS,38.5449,8.56066,42.8228,9.89204,-4.2779000000000025,4.2779000000000025,13.081947675984644,TRUE,1,1,FALSE
FI-Var,2021,ENF,ICOS,-10.6173,14.5686,-9.61138,8.79805,-1.0059199999999997,1.0059199999999997,17.019100733073415,TRUE,-1,-1,FALSE
FR-Aur,2009,CRO,ICOS,-125.687,29.6632,-246.511,238.531,120.824,120.824,240.36834940407607,TRUE,-1,-1,FALSE
FR-Aur,2020,CRO,ICOS,-3.79318,9.82051,-6.24131,11.6555,2.4481300000000004,2.4481300000000004,15.241164552293897,TRUE,-1,-1,FALSE
FR-Bil,2016,ENF,ICOS,-375.385,6.91153,-373.368,7.56459,-2.016999999999996,2.016999999999996,10.246573515522153,TRUE,-1,-1,FALSE
FR-Gri,2024,CRO,ICOS,-373.34,15.671,-381.599,26.6339,8.259000000000015,8.259000000000015,30.902182288796368,TRUE,-1,-1,FALSE
FR-Gri,2025,CRO,ICOS,-82.1598,32.5809,-118.041,50.1641,35.88119999999999,35.88119999999999,59.81598426524469,TRUE,-1,-1,FALSE
FR-Mej,2019,GRA,ICOS,-50.9257,15.203,-48.7727,15.3678,-2.1529999999999987,2.1529999999999987,21.617134080168906,TRUE,-1,-1,FALSE
FR-Mej,2020,GRA,ICOS,-37.8649,9.14153,-38.6946,8.9192,0.8297000000000025,0.8297000000000025,12.771832264044967,TRUE,-1,-1,FALSE
FR-Pue,2006,EBF,ICOS,-120.122,24.4757,-122.305,22.7909,2.183000000000007,2.183000000000007,33.44375895888499,TRUE,-1,-1,FALSE
GF-Guy,2008,EBF,ICOS,-249.761,33.3867,-247.031,20.8578,-2.7299999999999898,2.7299999999999898,39.36647758855242,TRUE,-1,-1,FALSE
GF-Guy,2017,EBF,ICOS,-254.576,46.5671,-234.862,40.7725,-19.714,19.714,61.89419648610038,TRUE,-1,-1,FALSE
GF-Guy,2021,EBF,ICOS,-7.7329,25.3116,-7.24702,25.7099,-0.48587999999999987,0.48587999999999987,36.078747935176466,TRUE,-1,-1,FALSE
IT-Lsn,2025,OSH,ICOS,-42.3894,15.8332,-37.1032,16.9941,-5.286200000000001,5.286200000000001,23.226916649654555,TRUE,-1,-1,FALSE
IT-Ren,2006,ENF,ICOS,-569.49,163.589,-567.756,128.139,-1.7340000000000373,1.7340000000000373,207.800298945887,TRUE,-1,-1,FALSE
IT-Ren,2007,ENF,ICOS,-629.985,114.417,-527.569,107.841,-102.41600000000005,102.41600000000005,157.22891327615287,TRUE,-1,-1,FALSE
IT-Ren,2014,ENF,ICOS,-691.169,40.2472,-708.642,56.1967,17.47300000000007,17.47300000000007,69.12240012275326,TRUE,-1,-1,FALSE
IT-SR2,2014,ENF,ICOS,-61.4359,23.9807,-81.4947,56.931,20.058799999999998,20.058799999999998,61.775502697185715,TRUE,-1,-1,FALSE
IT-SR2,2015,ENF,ICOS,-300.36,46.6766,-302.316,48.5066,1.9559999999999604,1.9559999999999604,67.31712435272321,TRUE,-1,-1,FALSE
IT-Tor,2010,GRA,ICOS,44.9953,56.4907,45.0211,52.1811,-0.025799999999996714,0.025799999999996714,76.9029673270154,TRUE,1,1,FALSE
IT-Tor,2013,GRA,ICOS,-18.8366,71.224,-41.4411,76.5673,22.604499999999998,22.604499999999998,104.57250884094731,TRUE,-1,-1,FALSE
IT-TrF,2015,DNF,ICOS,-955.939,14.3248,-966.149,13.7521,10.210000000000036,10.210000000000036,19.85749605186918,TRUE,-1,-1,FALSE
IT-TrF,2017,DNF,ICOS,-930.337,20.311,-931.144,7.35001,0.8070000000000164,0.8070000000000164,21.59998537036773,TRUE,-1,-1,FALSE
JP-Api,2015,DBF,ICOS,-262.848,28.7553,-262.848,34.5151,0,0,44.92392910354124,TRUE,-1,-1,FALSE
SE-Svb,2015,ENF,ICOS,-169.417,7.14257,-167.112,6.97366,-2.305000000000007,2.305000000000007,9.98239650587473,TRUE,-1,-1,FALSE
SE-Svb,2023,ENF,ICOS,-58.231,6.36286,-59.975,6.33999,1.7439999999999998,1.7439999999999998,8.982285932862524,TRUE,-1,-1,FALSE
BE-Vie,1999,MF,ICOS,-588.818,16.255,-581.886,21.7853,-6.932000000000016,6.932000000000016,27.18132301949263,TRUE,-1,-1,FALSE
BE-Vie,2005,MF,ICOS,-444.51,9.23146,-451.384,10.6553,6.874000000000024,6.874000000000024,14.098059150876052,TRUE,-1,-1,FALSE
CH-Dav,2016,ENF,ICOS,-312.036,50.163,-298.567,50.8882,-13.468999999999994,13.468999999999994,71.45582879121898,TRUE,-1,-1,FALSE
CH-Dav,2017,ENF,ICOS,-313.144,54.5937,-285.285,67.1622,-27.85899999999998,27.85899999999998,86.55191036903807,TRUE,-1,-1,FALSE
CH-Dav,2022,ENF,ICOS,2.31085,33.5119,29.2388,63.1327,-26.927950000000003,26.927950000000003,71.47576687871211,TRUE,1,1,FALSE
CZ-BK1,2016,ENF,ICOS,-923.918,26.085,-916.127,27.7747,-7.791000000000054,7.791000000000054,38.10329624966848,TRUE,-1,-1,FALSE
CZ-wet,2021,WET,ICOS,-12.6656,10.3893,-7.11468,12.0803,-5.55092,5.55092,15.933336203695696,TRUE,-1,-1,FALSE
DE-Gri,2011,GRA,ICOS,-159.925,5.84278,-159.925,5.84278,0,0,8.262938717962273,TRUE,-1,-1,FALSE
DE-Gwg,2024,GRA,ICOS,318.373,30.3331,318.13,29.7134,0.242999999999995,0.242999999999995,42.46154843113944,TRUE,1,1,FALSE
DE-HoH,2022,DBF,ICOS,-202.652,10.2117,-204.963,10.393,2.311000000000007,2.311000000000007,14.570287090170874,TRUE,-1,-1,FALSE
DE-Hte,2012,WET,ICOS,-237.461,10.4313,-238.844,11.4109,1.3829999999999814,1.3829999999999814,15.460292962942196,TRUE,-1,-1,FALSE
DE-RuS,2017,CRO,ICOS,-572.793,7.54206,-569.126,9.62346,-3.66700000000003,3.66700000000003,12.226759644942726,TRUE,-1,-1,FALSE
DE-RuS,2021,CRO,ICOS,-594.098,15.658,-593.458,16.4901,-0.6399999999999864,0.6399999999999864,22.73975290125203,TRUE,-1,-1,FALSE
DE-RuS,2025,CRO,ICOS,-440.701,7.17973,-440.739,7.19473,0.03799999999995407,0.03799999999995407,10.16428367598032,TRUE,-1,-1,FALSE
DE-Tha,1998,ENF,ICOS,-464.706,12.2625,-464.713,12.5571,0.007000000000005002,0.007000000000005002,17.55134372804544,TRUE,-1,-1,FALSE
DE-Tha,2012,ENF,ICOS,-499.307,6.68736,-499.316,7.88278,0.008999999999957708,0.008999999999957708,10.337262901658253,TRUE,-1,-1,FALSE
FI-Var,2022,ENF,ICOS,12.4929,26.3253,28.4606,27.0734,-15.967699999999999,15.967699999999999,37.76228816756209,TRUE,1,1,FALSE
FI-Var,2023,ENF,ICOS,-76.3221,25.8466,-71.3997,15.7066,-4.92240000000001,4.92240000000001,30.244735328979154,TRUE,-1,-1,FALSE
FR-Aur,2014,CRO,ICOS,-254.201,9.15654,-256.08,6.1808,1.8789999999999907,1.8789999999999907,11.047375860882076,TRUE,-1,-1,FALSE
FR-Gri,2014,CRO,ICOS,-323.51,27.0682,-330.651,27.25,7.1410000000000196,7.1410000000000196,38.40898268946992,TRUE,-1,-1,FALSE
GF-Guy,2019,EBF,ICOS,-519.788,32.6843,-503.528,32.3463,-16.25999999999999,16.25999999999999,45.98419935347358,TRUE,-1,-1,FALSE
GL-Dsk,2022,OSH,ICOS,67.0838,8.0108,71.2859,6.7921,-4.2021000000000015,4.2021000000000015,10.502644383677856,TRUE,1,1,FALSE
IT-BCi,2005,CRO,ICOS,-348.806,18.3354,-348.268,13.6478,-0.5380000000000109,0.5380000000000109,22.857150697320083,TRUE,-1,-1,FALSE
IT-Cp2,2013,MF,ICOS,-614.139,27.9067,-609.906,27.9383,-4.233000000000061,4.233000000000061,39.48838451722228,TRUE,-1,-1,FALSE
IT-Lsn,2017,OSH,ICOS,-1.23774,10.8389,-2.24754,8.19425,1.0097999999999998,1.0097999999999998,13.58776973136136,TRUE,-1,-1,FALSE
IT-MBo,2008,GRA,ICOS,-83.7511,10.4682,-84.5315,10.1941,0.7804000000000002,0.7804000000000002,14.611737954466607,TRUE,-1,-1,FALSE
IT-MBo,2025,GRA,ICOS,-27.4929,4.19338,-27.0244,5.7824,-0.4684999999999988,0.4684999999999988,7.1428695623257745,TRUE,-1,-1,FALSE
IT-Ren,2011,ENF,ICOS,-922.23,69.3694,-949.06,72.0541,26.829999999999927,26.829999999999927,100.01953300815796,TRUE,-1,-1,FALSE
IT-Ren,2012,ENF,ICOS,-689.236,46.518,-679.698,64.8135,-9.538000000000011,9.538000000000011,79.7791583450841,TRUE,-1,-1,FALSE
IT-Ren,2023,ENF,ICOS,-1333.72,315.281,-1199.88,458.6,-133.83999999999992,133.83999999999992,556.5214002722627,TRUE,-1,-1,FALSE
IT-Tor,2009,GRA,ICOS,117.647,48.7359,117.491,40.7911,0.1560000000000059,0.1560000000000059,63.55392818717031,TRUE,1,1,FALSE
IT-Tor,2012,GRA,ICOS,129.793,31.2309,116.628,30.5137,13.165000000000006,13.165000000000006,43.662970610117675,TRUE,1,1,FALSE
IT-Tor,2014,GRA,ICOS,-54.1874,49.3596,-53.1444,53.0672,-1.0429999999999993,1.0429999999999993,72.4741183319949,TRUE,-1,-1,FALSE
IT-Tor,2021,GRA,ICOS,-186.089,39.1605,-200.691,48.7835,14.602000000000004,14.602000000000004,62.55697109435526,TRUE,-1,-1,FALSE
IT-TrF,2024,DNF,ICOS,-1005.06,11.3304,-1012.21,11.0971,7.150000000000091,7.150000000000091,15.85949534411483,TRUE,-1,-1,FALSE
JP-Api,2003,DBF,ICOS,-368.462,17.531,-353.441,17.1031,-15.021000000000015,15.021000000000015,24.49187601246585,TRUE,-1,-1,FALSE
JP-Api,2009,DBF,ICOS,-203.806,21.7152,-220.853,34.2463,17.046999999999997,17.046999999999997,40.55069635320705,TRUE,-1,-1,FALSE
NL-Loo,2002,ENF,ICOS,-446.664,14.5464,-435.589,17.1988,-11.074999999999989,11.074999999999989,22.525462801016985,TRUE,-1,-1,FALSE
NL-Vkp,2025,GRA,ICOS,-35.7074,32.9249,-30.3478,32.1925,-5.3596,5.3596,46.047867445300874,TRUE,-1,-1,FALSE
BE-Maa,2020,CSH,ICOS,7.43279,4.24564,8.20787,4.20174,-0.77508,0.77508,5.973280341420449,TRUE,1,1,FALSE
BE-Vie,2024,MF,ICOS,-271.575,16.4244,-255.828,16.581,-15.746999999999986,15.746999999999986,23.338604850333276,TRUE,-1,-1,FALSE
CH-Dav,2001,ENF,ICOS,-169.153,92.088,-147.068,114.292,-22.08499999999998,22.08499999999998,146.7748650416685,TRUE,-1,-1,FALSE
CH-Dav,2014,ENF,ICOS,-985.785,96.023,-986.087,89.5894,0.3020000000000209,0.3020000000000209,131.3266047735949,TRUE,-1,-1,FALSE
CZ-BK1,2014,ENF,ICOS,-1082.15,22.5654,-1097.81,37.321,15.659999999999854,15.659999999999854,43.61254771461992,TRUE,-1,-1,FALSE
CZ-Lnz,2016,DBF,ICOS,-507.837,13.4295,-506.812,12.5,-1.0249999999999773,1.0249999999999773,18.346701890258096,TRUE,-1,-1,FALSE
CZ-wet,2008,WET,ICOS,-75.1989,4.22572,-79.9642,6.3501,4.7653000000000105,4.7653000000000105,7.627612963988144,TRUE,-1,-1,FALSE
CZ-wet,2013,WET,ICOS,33.8881,46.6697,66.1302,28.0409,-32.2421,32.2421,54.445871936263444,TRUE,1,1,FALSE
CZ-wet,2014,WET,ICOS,77.0948,18.3584,93.0089,11.8385,-15.91409999999999,15.91409999999999,21.844471447256396,TRUE,1,1,FALSE
CZ-wet,2019,WET,ICOS,184.663,11.3103,180.412,25.0525,4.251000000000005,4.251000000000005,27.48728146507035,TRUE,1,1,FALSE
CZ-wet,2023,WET,ICOS,475.509,25.0318,468.637,25.3865,6.872000000000014,6.872000000000014,35.65200405994031,TRUE,1,1,FALSE
DE-Gri,2007,GRA,ICOS,-98.5627,4.22066,-98.2501,5.16676,-0.3126000000000033,0.3126000000000033,6.67153503574702,TRUE,-1,-1,FALSE
DE-Gri,2022,GRA,ICOS,-110.806,16.8555,-105.224,15.5839,-5.581999999999994,5.581999999999994,22.95573609057222,TRUE,-1,-1,FALSE
DE-Hzd,2024,DBF,ICOS,-177.85,34.536,-231.46,105.795,53.610000000000014,53.610000000000014,111.28934055425074,TRUE,-1,-1,FALSE
DE-Kli,2007,CRO,ICOS,-51.1327,29.0969,-24.088,23.8476,-27.0447,27.0447,37.62097307845718,TRUE,-1,-1,FALSE
DE-Kli,2011,CRO,ICOS,-294.653,5.32897,-296.485,6.05523,1.8319999999999936,1.8319999999999936,8.06620924683956,TRUE,-1,-1,FALSE
DE-RuR,2014,GRA,ICOS,-64.9551,18.3296,-64.1921,16.0907,-0.7630000000000052,0.7630000000000052,24.390261635538064,TRUE,-1,-1,FALSE
DE-RuR,2017,GRA,ICOS,-176.844,8.827,-177.596,9.20729,0.7520000000000095,0.7520000000000095,12.755003651277407,TRUE,-1,-1,FALSE
FI-Hyy,2008,ENF,ICOS,-215.313,5.04954,-215.181,6.08853,-0.13199999999997658,0.13199999999997658,7.9099969514848745,TRUE,-1,-1,FALSE
FI-Hyy,2025,ENF,ICOS,-291.547,6.58106,-292.62,4.63832,1.072999999999979,1.072999999999979,8.051357844860703,TRUE,-1,-1,FALSE
FR-Aur,2010,CRO,ICOS,-382.744,40.7026,-417.98,48.834,35.23599999999999,35.23599999999999,63.57248778174408,TRUE,-1,-1,FALSE
FR-Aur,2018,CRO,ICOS,5.13538,4.52637,2.9564,5.3146,2.1789799999999997,2.1789799999999997,6.980902415655157,TRUE,1,1,FALSE
FR-Aur,2024,CRO,ICOS,-153.149,NA,-144.043,NA,-9.105999999999995,9.105999999999995,NA,NA,-1,-1,FALSE
FR-Bil,2018,ENF,ICOS,-351.974,20.5972,-354.256,19.3397,2.2819999999999823,2.2819999999999823,28.253648329552064,TRUE,-1,-1,FALSE
FR-Gri,2005,CRO,ICOS,-271.021,9.20081,-257.717,14.4163,-13.30400000000003,13.30400000000003,17.102181449923282,TRUE,-1,-1,FALSE
FR-LGt,2025,WET,ICOS,242.579,15.2669,244.339,14.9603,-1.759999999999991,1.759999999999991,21.374957583583647,TRUE,1,1,FALSE
FR-Tou,2019,GRA,ICOS,146.137,29.2687,141.623,28.9423,4.51400000000001,4.51400000000001,41.16203990304659,TRUE,1,1,FALSE
GF-Guy,2015,EBF,ICOS,-439.998,67.4898,-419.834,57.574,-20.163999999999987,20.163999999999987,88.71098342392558,TRUE,-1,-1,FALSE
GL-Dsk,2020,OSH,ICOS,-5.21761,6.62689,0.803074,10.9592,-6.020683999999999,6.020683999999999,12.8070190017857,TRUE,-1,1,TRUE
IT-Lsn,2024,OSH,ICOS,-87.3437,13.3061,-85.9824,13.8344,-1.3613,1.3613,19.194867037049253,TRUE,-1,-1,FALSE
IT-Noe,2023,CSH,ICOS,-78.3241,103.123,-94.8081,103.044,16.483999999999995,16.483999999999995,145.78209445950486,TRUE,-1,-1,FALSE
IT-Noe,2024,CSH,ICOS,213.829,26.5074,218.714,54.3279,-4.884999999999991,4.884999999999991,60.44967306090249,TRUE,1,1,FALSE
IT-Ren,2002,ENF,ICOS,-665.466,16.3989,-662.086,15.3709,-3.3799999999999955,3.3799999999999955,22.476398466391366,TRUE,-1,-1,FALSE
IT-Ren,2020,ENF,ICOS,-602.295,49.3602,-633.617,78.0577,31.322000000000003,31.322000000000003,92.35493421214699,TRUE,-1,-1,FALSE
IT-SR2,2019,ENF,ICOS,-225.631,23.2224,-223.889,24.9146,-1.7419999999999902,1.7419999999999902,34.0590245738189,TRUE,-1,-1,FALSE
IT-Tor,2015,GRA,ICOS,-86.1456,25.3149,-81.2883,42.145,-4.857299999999995,4.857299999999995,49.16345377422136,TRUE,-1,-1,FALSE
JP-Api,2014,DBF,ICOS,-305.482,28.1465,-294.566,31.3091,-10.916000000000054,10.916000000000054,42.10089316225963,TRUE,-1,-1,FALSE
NL-Loo,1999,ENF,ICOS,-303.879,8.08557,-298.282,9.03889,-5.597000000000037,5.597000000000037,12.12757084732965,TRUE,-1,-1,FALSE
NL-Loo,2020,ENF,ICOS,-945.291,33.3937,-945.8,33.1205,0.5089999999999009,0.5089999999999009,47.03303859990337,TRUE,-1,-1,FALSE
NL-Vkp,2021,GRA,ICOS,-250.496,28.1423,-250.165,22.0512,-0.3310000000000173,0.3310000000000173,35.7525449545903,TRUE,-1,-1,FALSE
BE-Vie,2000,MF,ICOS,-302.365,12.4519,-289.503,18.4604,-12.862000000000023,12.862000000000023,22.26737931975831,TRUE,-1,-1,FALSE
CH-Dav,1998,ENF,ICOS,173.09,91.122,173.492,104.424,-0.4019999999999868,0.4019999999999868,138.591452333829,TRUE,1,1,FALSE
CZ-BK1,2019,ENF,ICOS,-160.115,47.7377,-230.594,92.0728,70.478999999999985,70.478999999999985,103.71252817827747,TRUE,-1,-1,FALSE
CZ-Lnz,2025,DBF,ICOS,-488.069,9.78071,-495.814,11.9227,7.7450000000000045,7.7450000000000045,15.42118878018488,TRUE,-1,-1,FALSE
CZ-wet,2015,WET,ICOS,232.538,5.82674,236.382,4.9258,-3.843999999999994,3.843999999999994,7.629836477120595,TRUE,1,1,FALSE
CZ-wet,2018,WET,ICOS,219.117,8.66963,213.082,9.45338,6.034999999999997,6.034999999999997,12.826881061321961,TRUE,1,1,FALSE
DE-Gri,2009,GRA,ICOS,-120.575,3.71452,-117.301,4.51257,-3.274000000000001,3.274000000000001,5.844736678012107,TRUE,-1,-1,FALSE
DE-GsB,2020,GRA,ICOS,189.65,9.99841,186.006,10.1204,3.6440000000000055,3.6440000000000055,14.226408495755349,TRUE,1,1,FALSE
DE-GsB,2023,GRA,ICOS,410.824,29.8251,398.509,19.5346,12.314999999999998,12.314999999999998,35.65301091310522,TRUE,1,1,FALSE
DE-HoH,2020,DBF,ICOS,-207.604,30.4515,-203.072,32.7202,-4.532000000000011,4.532000000000011,44.697934407419766,TRUE,-1,-1,FALSE
DE-Hte,2015,WET,ICOS,-235.139,10.1844,-236.467,10.2266,1.328000000000003,1.328000000000003,14.432787357956881,TRUE,-1,-1,FALSE
DE-Hzd,2020,DBF,ICOS,-41.6623,10.4937,-58.1247,43.7693,16.462399999999995,16.462399999999995,45.009658543250474,TRUE,-1,-1,FALSE
DE-Kli,2015,CRO,ICOS,-60.6842,5.05196,-60.6843,6.26293,1.0000000000331966e-4,1.0000000000331966e-4,8.046526705759447,TRUE,-1,-1,FALSE
DE-Msr,2025,ENF,ICOS,-749.071,44.129,-761.093,47.772,12.021999999999935,12.021999999999935,65.03485699991967,TRUE,-1,-1,FALSE
DE-RuR,2012,GRA,ICOS,-269.073,18.0667,-265.653,5.73338,-3.419999999999959,3.419999999999959,18.954611447201973,TRUE,-1,-1,FALSE
DE-RuR,2018,GRA,ICOS,-201.026,6.63133,-200.997,7.16477,-0.028999999999996362,0.028999999999996362,9.762605529355367,TRUE,-1,-1,FALSE
DE-RuR,2020,GRA,ICOS,-222.542,7.13795,-218.819,8.79324,-3.723000000000013,3.723000000000013,11.325696442166372,TRUE,-1,-1,FALSE
DE-RuR,2024,GRA,ICOS,-203.679,10.9016,-233.744,25.4304,30.064999999999998,30.064999999999998,27.668576521389745,FALSE,-1,-1,FALSE
DE-Tha,2008,ENF,ICOS,-480.433,9.58243,-482.843,9.78655,2.410000000000025,2.410000000000025,13.696697616849105,TRUE,-1,-1,FALSE
DE-Tha,2016,ENF,ICOS,-468.772,6.78188,-468.772,7.57713,0,0,10.16891318535565,TRUE,-1,-1,FALSE
DE-Tha,2019,ENF,ICOS,-469.737,7.28597,-470.113,7.15559,0.37599999999997635,0.37599999999997635,10.212141160843792,TRUE,-1,-1,FALSE
FR-Gri,2006,CRO,ICOS,-277.66,14.3556,-265.365,20.8101,-12.295000000000016,12.295000000000016,25.281287810750463,TRUE,-1,-1,FALSE
FR-Gri,2009,CRO,ICOS,-512.764,21.8349,-480.207,56.151,-32.557000000000016,32.557000000000016,60.24697219786236,TRUE,-1,-1,FALSE
FR-Gri,2016,CRO,ICOS,-237.693,37.3374,-221.696,40.3571,-15.997000000000014,15.997000000000014,54.979786823613644,TRUE,-1,-1,FALSE
FR-Gri,2019,CRO,ICOS,-241.223,44.4988,-258.421,39.3977,17.19799999999998,17.19799999999998,59.43334053147274,TRUE,-1,-1,FALSE
FR-Pue,2004,EBF,ICOS,-355.928,21.8234,-355.852,25.7373,-0.07600000000002183,0.07600000000002183,33.744175776717384,TRUE,-1,-1,FALSE
FR-Pue,2011,EBF,ICOS,-259.356,24.9325,-258.706,23.747,-0.6499999999999773,0.6499999999999773,34.43181036846596,TRUE,-1,-1,FALSE
FR-Pue,2017,EBF,ICOS,-144.131,40.2783,-149.042,34.6738,4.911000000000001,4.911000000000001,53.147096414856,TRUE,-1,-1,FALSE
GF-Guy,2005,EBF,ICOS,-119.303,46.7105,-117.874,37.9667,-1.429000000000002,1.429000000000002,60.194195061816394,TRUE,-1,-1,FALSE
GF-Guy,2023,EBF,ICOS,-8.37182,18.2613,-9.63346,16.7195,1.2616399999999999,1.2616399999999999,24.759175227377828,TRUE,-1,-1,FALSE
GL-Dsk,2024,OSH,ICOS,-135.649,9.06024,-139.591,9.6063,3.9420000000000073,3.9420000000000073,13.204883511322619,TRUE,-1,-1,FALSE
IT-BFt,2024,DBF,ICOS,72.3208,56.1096,47.9129,71.3946,24.407900000000005,24.407900000000005,90.80460407556436,TRUE,1,1,FALSE
IT-MBo,2013,GRA,ICOS,92.3434,7.73058,93.6911,15.5211,-1.3477000000000032,1.3477000000000032,17.339735071401755,TRUE,1,1,FALSE
IT-Ren,2019,ENF,ICOS,-523.223,134.886,-629.534,151.782,106.31100000000004,106.31100000000004,203.0566633233197,TRUE,-1,-1,FALSE
IT-SR2,2016,ENF,ICOS,-138.796,22.1443,-141.65,19.6036,2.8540000000000134,2.8540000000000134,29.574839905737445,TRUE,-1,-1,FALSE
IT-Tor,2018,GRA,ICOS,-9.45175,33.1006,-44.1677,45.4638,34.71595000000001,34.71595000000001,56.23705922965744,TRUE,-1,-1,FALSE
JP-Api,2007,DBF,ICOS,-35.0009,22.7615,-18.689,23.3887,-16.3119,16.3119,32.63613288887028,TRUE,-1,-1,FALSE
JP-Api,2019,DBF,ICOS,-408.515,28.8224,-418.168,18.9758,9.65300000000002,9.65300000000002,34.50814001652363,TRUE,-1,-1,FALSE
NL-Loo,2018,ENF,ICOS,-507.931,82.6179,-473.431,23.1038,-34.5,34.5,85.78754556956389,TRUE,-1,-1,FALSE
NL-Loo,2019,ENF,ICOS,-630.736,68.0141,-592.747,18.0846,-37.98900000000003,37.98900000000003,70.3773440531113,TRUE,-1,-1,FALSE
NL-Vkp,2023,GRA,ICOS,-121.224,34.3703,-121.311,30.884,0.0870000000000033,0.0870000000000033,46.207564078730655,TRUE,-1,-1,FALSE
BE-Maa,2025,CSH,ICOS,6.63406,2.55003,3.56955,3.30798,3.06451,3.06451,4.176767252469307,TRUE,1,1,FALSE
BE-Vie,2001,MF,ICOS,-509.645,11.5042,-516.486,11.999,6.841000000000008,6.841000000000008,16.62295457011178,TRUE,-1,-1,FALSE
BE-Vie,2003,MF,ICOS,-675.017,14.2525,-675.41,14.7714,0.3929999999999154,0.3929999999999154,20.526276189557617,TRUE,-1,-1,FALSE
BE-Vie,2006,MF,ICOS,-543.798,9.79761,-539.347,10.2147,-4.451000000000022,4.451000000000022,14.153913162164732,TRUE,-1,-1,FALSE
BE-Vie,2012,MF,ICOS,-137.959,28.775,-170.684,38.0479,32.724999999999994,32.724999999999994,47.70370341399082,TRUE,-1,-1,FALSE
CH-Dav,2008,ENF,ICOS,-785.812,73.5424,-762.743,98.0667,-23.06899999999996,23.06899999999996,122.57880015177992,TRUE,-1,-1,FALSE
CH-Dav,2019,ENF,ICOS,-176.746,101.659,-132.648,102.176,-44.09800000000001,44.09800000000001,144.1335743572607,TRUE,-1,-1,FALSE
CH-Dav,2020,ENF,ICOS,31.9447,86.4181,15.9996,92.0695,15.945100000000002,15.945100000000002,126.27304081972525,TRUE,1,1,FALSE
CZ-BK1,2025,ENF,ICOS,-455.483,32.1464,-474.296,28.184,18.812999999999988,18.812999999999988,42.75194602541503,TRUE,-1,-1,FALSE
CZ-wet,2011,WET,ICOS,-28.192,13.5717,-33.4975,13.724,5.305500000000002,5.305500000000002,19.30127500684864,TRUE,-1,-1,FALSE
DE-Brs,2024,CRO,ICOS,-351.297,31.3043,-351.297,31.3173,0,0,44.280158962903464,TRUE,-1,-1,FALSE
DE-Gri,2005,GRA,ICOS,-76.391,8.77547,-83.0603,8.23026,6.669299999999993,6.669299999999993,12.031045398821334,TRUE,-1,-1,FALSE
DE-Gri,2012,GRA,ICOS,-101.139,5.76885,-101.139,7.2415,0,0,9.258453033444626,TRUE,-1,-1,FALSE
DE-Gri,2016,GRA,ICOS,-138.4,9.37878,-138.4,9.47915,0,0,13.334759053350009,TRUE,-1,-1,FALSE
DE-Gri,2018,GRA,ICOS,-16.6629,19.3058,-16.6629,20.7326,0,0,28.329394917646937,TRUE,-1,-1,FALSE
DE-Gri,2023,GRA,ICOS,-177.214,17.4642,-177.203,17.4567,-0.01099999999999568,0.01099999999999568,24.692805764635175,TRUE,-1,-1,FALSE
DE-Kli,2012,CRO,ICOS,171.514,12.8244,177.776,12.5798,-6.2620000000000005,6.2620000000000005,17.964314721135345,TRUE,1,1,FALSE
DE-Kli,2020,CRO,ICOS,-88.5328,6.30907,-94.3158,16.2518,5.783000000000001,5.783000000000001,17.433455409209614,TRUE,-1,-1,FALSE
DE-RuR,2021,GRA,ICOS,-166.657,11.0463,-160.625,9.50999,-6.032000000000011,6.032000000000011,14.576030100480034,TRUE,-1,-1,FALSE
DE-RuS,2015,CRO,ICOS,-502.285,9.81908,-509.667,6.97413,7.381999999999948,7.381999999999948,12.043787664323046,TRUE,-1,-1,FALSE
DE-RuS,2022,CRO,ICOS,-247.043,7.97073,-246.089,8.81346,-0.9540000000000077,0.9540000000000077,11.88316514673174,TRUE,-1,-1,FALSE
ES-LMa,2022,SAV,ICOS,140.155,9.22294,138.868,9.32442,1.2870000000000061,1.2870000000000061,13.115160333751167,TRUE,1,1,FALSE
ES-LMa,2024,SAV,ICOS,-0.100156,7.23854,-0.147698,7.86223,0.047542,0.047542,10.686960367873551,TRUE,-1,-1,FALSE
FI-Hyy,2016,ENF,ICOS,-262.711,5.77263,-261.281,6.06325,-1.4300000000000068,1.4300000000000068,8.37175356059888,TRUE,-1,-1,FALSE
FR-Aur,2006,CRO,ICOS,-272.384,10.1443,-267.136,20.0387,-5.2479999999999905,5.2479999999999905,22.46010507945143,TRUE,-1,-1,FALSE
FR-Aur,2016,CRO,ICOS,16.9867,7.31938,15.3396,7.09727,1.6470999999999982,1.6470999999999982,10.195320742247397,TRUE,1,1,FALSE
FR-Bil,2017,ENF,ICOS,-439.726,11.1959,-442.644,10.3781,2.9180000000000064,2.9180000000000064,15.266077964559202,TRUE,-1,-1,FALSE
FR-Bil,2021,ENF,ICOS,-578.788,7.03366,-578.297,7.11303,-0.49099999999998545,0.49099999999998545,10.003377868325279,TRUE,-1,-1,FALSE
FR-Bil,2024,ENF,ICOS,-707.517,7.92759,-702.804,15.4907,-4.713000000000079,4.713000000000079,17.401392751676518,TRUE,-1,-1,FALSE
FR-Mej,2024,GRA,ICOS,118.465,8.34845,117.265,9.88059,1.2000000000000028,1.2000000000000028,12.935326673516984,TRUE,1,1,FALSE
FR-Pue,2009,EBF,ICOS,-296.991,7.43931,-296.638,15.1769,-0.35300000000000864,0.35300000000000864,16.902119005796283,TRUE,-1,-1,FALSE
GF-Guy,2010,EBF,ICOS,-173.558,40.3708,-187.364,40.645,13.806000000000012,13.806000000000012,57.28714967285421,TRUE,-1,-1,FALSE
GF-Guy,2014,EBF,ICOS,-57.5716,29.7625,-66.7881,29.2345,9.216500000000003,9.216500000000003,41.718849414862824,TRUE,-1,-1,FALSE
IT-BCi,2008,CRO,ICOS,-550.139,37.0861,-552.312,33.3659,2.173000000000002,2.173000000000002,49.88649211981135,TRUE,-1,-1,FALSE
IT-BCi,2019,CRO,ICOS,686.456,27.8839,685.936,41.6547,0.5199999999999818,0.5199999999999818,50.12610010064617,TRUE,1,1,FALSE
IT-Lsn,2016,OSH,ICOS,-11.3198,8.70021,-13.6112,8.36023,2.2913999999999994,2.2913999999999994,12.065947940257326,TRUE,-1,-1,FALSE
IT-MBo,2006,GRA,ICOS,-90.0328,5.81557,-90.6903,6.60757,0.6574999999999989,0.6574999999999989,8.80231990612702,TRUE,-1,-1,FALSE
IT-MBo,2017,GRA,ICOS,-30.8409,6.27606,-21.0949,6.76014,-9.746000000000002,9.746000000000002,9.22433856399471,FALSE,-1,-1,FALSE
IT-Ren,2004,ENF,ICOS,-818.116,63.6739,-848.426,70.9241,30.31000000000006,30.31000000000006,95.31313394291472,TRUE,-1,-1,FALSE
IT-Ren,2009,ENF,ICOS,-769.433,84.9674,-750.885,82.8404,-18.548000000000002,18.548000000000002,118.66756479729413,TRUE,-1,-1,FALSE
IT-Ren,2017,ENF,ICOS,-646.761,23.6807,-664.718,48.2622,17.956999999999994,17.956999999999994,53.758864397697245,TRUE,-1,-1,FALSE
IT-SR2,2021,ENF,ICOS,-412.216,10.9232,-436.87,27.9799,24.653999999999996,24.653999999999996,30.036496171324647,TRUE,-1,-1,FALSE
IT-Tor,2019,GRA,ICOS,-49.1868,47.4084,-96.5216,69.5407,47.33480000000001,47.33480000000001,84.16332542770634,TRUE,-1,-1,FALSE
IT-Tor,2025,GRA,ICOS,-62.0841,5.57117,-12.3405,28.078,-49.7436,49.7436,28.6253736948341,FALSE,-1,-1,FALSE
JP-Api,2004,DBF,ICOS,-190.577,52.1963,-145.928,48,-44.649,44.649,70.91159096854336,TRUE,-1,-1,FALSE
JP-Api,2012,DBF,ICOS,-297.959,17.8089,-302.565,20.3001,4.6059999999999945,4.6059999999999945,27.004647363370626,TRUE,-1,-1,FALSE
JP-Api,2021,DBF,ICOS,-171.797,43.2891,-163.768,18.9116,-8.028999999999996,8.028999999999996,47.2397586082952,TRUE,-1,-1,FALSE
NL-Loo,2016,ENF,ICOS,-519.605,23.2562,-481.808,28.9734,-37.797000000000025,37.797000000000025,37.15250659107674,FALSE,-1,-1,FALSE
NL-Loo,2021,ENF,ICOS,-610.454,24.2605,-608.556,33.5564,-1.8979999999999109,1.8979999999999109,41.40777512991974,TRUE,-1,-1,FALSE
NL-Vkp,2024,GRA,ICOS,-142.738,35.2426,-142.954,35.2783,0.21600000000000819,0.21600000000000819,49.86581299497683,TRUE,-1,-1,FALSE
SE-Svb,2025,ENF,ICOS,-124.922,3.79994,-124.541,3.83831,-0.3810000000000002,0.3810000000000002,5.401126517653516,TRUE,-1,-1,FALSE
BE-Maa,2021,CSH,ICOS,9.68889,2.86892,8.2399,2.78323,1.4489900000000002,1.4489900000000002,3.997132872359887,TRUE,1,1,FALSE
BE-Vie,2021,MF,ICOS,-771.682,21.172,-770.449,22.3043,-1.233000000000061,1.233000000000061,30.75281096891795,TRUE,-1,-1,FALSE
CD-Ygb,2024,MF,ICOS,132.725,131.032,133.385,128.592,-0.6599999999999966,0.6599999999999966,183.58999833324256,TRUE,1,1,FALSE
CH-Dav,1997,ENF,ICOS,228.471,114.969,229.251,101.728,-0.7800000000000011,0.7800000000000011,153.51370279229147,TRUE,1,1,FALSE
CH-Dav,2000,ENF,ICOS,-232.65,34.5566,-228.975,67.4831,-3.6750000000000114,3.6750000000000114,75.8164058048784,TRUE,-1,-1,FALSE
CZ-BK1,2011,ENF,ICOS,-1043.74,27.5777,-1014.58,54.1406,-29.159999999999968,29.159999999999968,60.75964207967325,TRUE,-1,-1,FALSE
CZ-Lnz,2020,DBF,ICOS,-592.031,28.2534,-593.344,27.5987,1.3130000000001019,1.3130000000001019,39.49611187509475,TRUE,-1,-1,FALSE
CZ-wet,2020,WET,ICOS,26.5982,8.54191,22.2873,8.5294,4.3109,4.3109,12.071242305914499,TRUE,1,1,FALSE
DE-Gri,2025,GRA,ICOS,-245.215,45.8251,-245.215,47.0304,0,0,65.66428492087613,TRUE,-1,-1,FALSE
DE-Gwg,2025,GRA,ICOS,210.431,22.0306,210.431,22.0306,0,0,31.15597330721671,TRUE,1,1,FALSE
DE-HoH,2023,DBF,ICOS,-126.177,11.9488,-123.696,11.7836,-2.4810000000000088,2.4810000000000088,16.78174753713093,TRUE,-1,-1,FALSE
DE-Hte,2013,WET,ICOS,-137.743,8.94943,-137.394,12.13,-0.34899999999998954,0.34899999999998954,15.07412343471089,TRUE,-1,-1,FALSE
DE-Kli,2016,CRO,ICOS,-334.379,7.63984,-332.008,10.2717,-2.3710000000000377,2.3710000000000377,12.801366181607337,TRUE,-1,-1,FALSE
DE-Kli,2022,CRO,ICOS,101.378,52.4557,104.974,24.1373,-3.5960000000000036,3.5960000000000036,57.74261609747172,TRUE,1,1,FALSE
DE-RuR,2016,GRA,ICOS,-242.679,17.7819,-257.279,25.456,14.599999999999994,14.599999999999994,31.051632865438815,TRUE,-1,-1,FALSE
DE-Tha,2009,ENF,ICOS,-456.22,6.13834,-456.184,6.07516,-0.036000000000001364,0.036000000000001364,8.636364222356535,TRUE,-1,-1,FALSE
DE-Tha,2010,ENF,ICOS,-483.332,6.58071,-479.695,6.71912,-3.6370000000000005,3.6370000000000005,9.404909232868757,TRUE,-1,-1,FALSE
FI-Hyy,2003,ENF,ICOS,-122.037,4.18457,-119.004,4.72239,-3.0330000000000013,3.0330000000000013,6.309642889815556,TRUE,-1,-1,FALSE
FI-Hyy,2022,ENF,ICOS,-193.139,8.91155,-187.649,6.78238,-5.490000000000009,5.490000000000009,11.198946462364217,TRUE,-1,-1,FALSE
FI-Ken,2024,ENF,ICOS,14.4248,40.6448,-8.22384,22.2221,22.64864,22.64864,46.32301259039615,TRUE,1,-1,TRUE
FR-Aur,2007,CRO,ICOS,-71.6461,4.85873,-67.5621,5.10504,-4.084000000000003,4.084000000000003,7.047601763330559,TRUE,-1,-1,FALSE
FR-Mej,2023,GRA,ICOS,210.326,17.6434,210.122,13.8303,0.2039999999999793,0.2039999999999793,22.41800083972699,TRUE,1,1,FALSE
FR-Pue,2001,EBF,ICOS,-216.496,31.3516,-217.045,30.342,0.5489999999999782,0.5489999999999782,43.629803879458365,TRUE,-1,-1,FALSE
FR-Pue,2010,EBF,ICOS,-177.223,14.0111,-172.379,15.8557,-4.8440000000000225,4.8440000000000225,21.15925673789134,TRUE,-1,-1,FALSE
FR-Pue,2015,EBF,ICOS,-328.19,29.025,-302.817,27.5941,-25.37299999999999,25.37299999999999,40.04853280471084,TRUE,-1,-1,FALSE
IT-BCi,2012,CRO,ICOS,-150.295,10.8809,-142.661,33.0816,-7.633999999999986,7.633999999999986,34.82508066566394,TRUE,-1,-1,FALSE
IT-BFt,2020,DBF,ICOS,-313.984,145.546,-278.386,107.516,-35.597999999999956,35.597999999999956,180.95117676323633,TRUE,-1,-1,FALSE
IT-BFt,2021,DBF,ICOS,-366.004,72.4685,-407.107,102.099,41.10300000000001,41.10300000000001,125.20339170026506,TRUE,-1,-1,FALSE
IT-Cp2,2019,MF,ICOS,-485.446,34.7782,-502.496,50.6847,17.049999999999955,17.049999999999955,61.469195613168715,TRUE,-1,-1,FALSE
IT-MBo,2019,GRA,ICOS,10.6101,7.82514,10.1354,9.32378,0.47469999999999857,0.47469999999999857,12.1723329525609,TRUE,1,1,FALSE
IT-SR2,2020,ENF,ICOS,-488.105,27.6272,-517.126,33.1593,29.020999999999958,29.020999999999958,43.16018253355748,TRUE,-1,-1,FALSE
IT-SR2,2023,ENF,ICOS,-146.659,37.0162,-160.473,34.6398,13.814000000000021,13.814000000000021,50.69629973163722,TRUE,-1,-1,FALSE
IT-TrF,2019,DNF,ICOS,-708.844,10.4573,-689.304,18.6544,-19.540000000000077,19.540000000000077,21.385550323758327,TRUE,-1,-1,FALSE
IT-TrF,2025,DNF,ICOS,-1048.36,7.48957,-1049.31,7.8874,0.9500000000000455,0.9500000000000455,10.876798129270396,TRUE,-1,-1,FALSE
JP-Om2,2023,GRA,ICOS,431.789,20.7769,433.05,15.909,-1.261000000000024,1.261000000000024,26.168222228687988,TRUE,1,1,FALSE
NL-Loo,2001,ENF,ICOS,-269.733,17.3714,-250.883,15.4612,-18.849999999999994,18.849999999999994,23.255413206391324,TRUE,-1,-1,FALSE
NL-Loo,2012,ENF,ICOS,-562.444,13.2254,-566.276,23.0392,3.8319999999999936,3.8319999999999936,26.56531463770004,TRUE,-1,-1,FALSE
NL-Loo,2013,ENF,ICOS,-505.936,12.0439,-521.738,23.3543,15.802000000000078,15.802000000000078,26.276964354734737,TRUE,-1,-1,FALSE
NL-Loo,2022,ENF,ICOS,-400.303,20.3652,-398.184,26.1007,-2.1189999999999714,2.1189999999999714,33.10570814119523,TRUE,-1,-1,FALSE
NL-Vkp,2015,GRA,ICOS,-39.7725,17.2387,-39.5845,21.1025,-0.1880000000000024,0.1880000000000024,27.248638203403853,TRUE,-1,-1,FALSE
SE-Svb,2018,ENF,ICOS,-91.6537,21.7439,-89.5064,20.3396,-2.1473000000000013,2.1473000000000013,29.77409134415356,TRUE,-1,-1,FALSE
SE-Svb,2024,ENF,ICOS,-108.375,6.40027,-108.93,5.47655,0.5550000000000068,0.5550000000000068,8.423541771452197,TRUE,-1,-1,FALSE
BE-Vie,2017,MF,ICOS,-356.121,13.1847,-365.774,13.3599,9.65300000000002,9.65300000000002,18.77027549344974,TRUE,-1,-1,FALSE
CD-Ygb,2022,MF,ICOS,309.487,NA,228.674,NA,80.81300000000002,80.81300000000002,NA,NA,1,1,FALSE
CH-Dav,1999,ENF,ICOS,23.2983,43.6421,26.0019,59.162,-2.703599999999998,2.703599999999998,73.51717579185153,TRUE,1,1,FALSE
CH-Dav,2002,ENF,ICOS,-173.276,38.2905,-182.658,58.3859,9.381999999999977,9.381999999999977,69.82174238057942,TRUE,-1,-1,FALSE
CH-Dav,2007,ENF,ICOS,-368.437,41.1573,-412.802,37.4117,44.36500000000001,44.36500000000001,55.61976842975886,TRUE,-1,-1,FALSE
CH-Dav,2015,ENF,ICOS,-683.962,81.7881,-661.853,66.919,-22.109000000000037,22.109000000000037,105.67613667526837,TRUE,-1,-1,FALSE
CH-Dav,2018,ENF,ICOS,16.9488,155.877,-3.08677,153.119,20.03557,20.03557,218.501870220829,TRUE,1,-1,TRUE
CZ-Lnz,2021,DBF,ICOS,-541.352,17.5632,-566.657,16.525,25.305000000000064,25.305000000000064,24.115174045401368,FALSE,-1,-1,FALSE
DE-GsB,2017,GRA,ICOS,78.4296,10.0233,77.6181,9.4445,0.8114999999999952,0.8114999999999952,13.771896134519748,TRUE,1,1,FALSE
DE-Har,2023,ENF,ICOS,-148.935,26.6125,-162.532,24.1189,13.597000000000008,13.597000000000008,35.915825111780464,TRUE,-1,-1,FALSE
DE-Har,2025,ENF,ICOS,-314.405,14.815,-313.698,15.6045,-0.7069999999999936,0.7069999999999936,21.517077990517205,TRUE,-1,-1,FALSE
DE-HoH,2017,DBF,ICOS,-411.464,10.1925,-418.05,9.61804,6.586000000000013,6.586000000000013,14.014055433442527,TRUE,-1,-1,FALSE
DE-HoH,2018,DBF,ICOS,-417.698,9.566,-407.423,8.54033,-10.274999999999977,10.274999999999977,12.823634138141186,TRUE,-1,-1,FALSE
DE-HoH,2021,DBF,ICOS,-144.003,12.387,-139.847,10.564,-4.1559999999999775,4.1559999999999775,16.279922143548475,TRUE,-1,-1,FALSE
DE-RuR,2019,GRA,ICOS,-113.277,6.64861,-113.137,11.606,-0.14000000000000057,0.14000000000000057,13.375471989133692,TRUE,-1,-1,FALSE
DE-RuS,2023,CRO,ICOS,-595.761,7.77753,-601.689,7.21965,5.927999999999997,5.927999999999997,10.611942283267469,TRUE,-1,-1,FALSE
DE-Tha,2024,ENF,ICOS,-703.367,13.2257,-702.221,13.6214,-1.1459999999999582,1.1459999999999582,18.98582835827818,TRUE,-1,-1,FALSE
DK-RCW,2024,DBF,ICOS,-300.135,18.0579,-301.195,18.0741,1.0600000000000023,1.0600000000000023,25.54918478582047,TRUE,-1,-1,FALSE
FI-Hyy,1998,ENF,ICOS,-295.089,8.27448,-301.919,9.85489,6.829999999999984,6.829999999999984,12.868017570026083,TRUE,-1,-1,FALSE
FR-Aur,2023,CRO,ICOS,-25.2722,17.3085,-27.1756,17.0777,1.9033999999999978,1.9033999999999978,24.3152628926771,TRUE,-1,-1,FALSE
FR-Gri,2011,CRO,ICOS,-637.416,14.4734,-618.277,110.321,-19.13900000000001,19.13900000000001,111.26635766735603,TRUE,-1,-1,FALSE
FR-Tou,2023,GRA,ICOS,54.9821,25.8806,47.4573,32.3493,7.524800000000006,7.524800000000006,41.42804203495502,TRUE,1,1,FALSE
GF-Guy,2018,EBF,ICOS,-303.336,45.0813,-285.378,38.1868,-17.958000000000027,17.958000000000027,59.080921657756825,TRUE,-1,-1,FALSE
IT-BCi,2010,CRO,ICOS,-343.392,16.2473,-342.318,20.4162,-1.0740000000000123,1.0740000000000123,26.092067371712805,TRUE,-1,-1,FALSE
IT-BFt,2022,DBF,ICOS,-31.4314,83.6536,-103.226,103.073,71.7946,71.7946,132.74776126910766,TRUE,-1,-1,FALSE
IT-BFt,2023,DBF,ICOS,105.065,24.1614,100.351,43.0728,4.713999999999999,4.713999999999999,49.38663128620943,TRUE,1,1,FALSE
IT-TrF,2016,DNF,ICOS,-991.366,13.1289,-996.072,11.4063,4.706000000000017,4.706000000000017,17.391713397477545,TRUE,-1,-1,FALSE
IT-TrF,2021,DNF,ICOS,-750.734,20.3512,-724.367,21.2857,-26.367000000000075,26.367000000000075,29.449148815033684,TRUE,-1,-1,FALSE
NL-Loo,2006,ENF,ICOS,-350.29,15.9444,-353.083,15.8468,2.7930000000000064,2.7930000000000064,22.47987903882047,TRUE,-1,-1,FALSE
NL-Loo,2015,ENF,ICOS,-508.811,9.96181,-516.433,16.213,7.622000000000014,7.622000000000014,19.028899796785414,TRUE,-1,-1,FALSE
BE-Maa,2017,CSH,ICOS,-19.8002,2.47933,-20.0359,3.45235,0.23570000000000135,0.23570000000000135,4.250387955398895,TRUE,-1,-1,FALSE
BE-Vie,2011,MF,ICOS,-184.887,9.45676,-179.663,17.9457,-5.2239999999999895,5.2239999999999895,20.28493180140372,TRUE,-1,-1,FALSE
BE-Vie,2020,MF,ICOS,-451.689,9.20966,-442.669,10.4886,-9.020000000000039,9.020000000000039,13.958100417879217,TRUE,-1,-1,FALSE
CZ-BK1,2009,ENF,ICOS,-758.965,27.2932,-751.64,33.1235,-7.3250000000000455,7.3250000000000455,42.9195179200559,TRUE,-1,-1,FALSE
CZ-wet,2007,WET,ICOS,-215.824,8.73177,-216.647,19.5684,0.8229999999999791,0.8229999999999791,21.428161047857092,TRUE,-1,-1,FALSE
DE-Gri,2010,GRA,ICOS,-74.7003,5.03014,-71.2857,7.41644,-3.414599999999993,3.414599999999993,8.96135540491504,TRUE,-1,-1,FALSE
DE-GsB,2018,GRA,ICOS,247.292,11.2257,251.821,11.9942,-4.528999999999996,4.528999999999996,16.42793882780186,TRUE,1,1,FALSE
DE-GsB,2021,GRA,ICOS,217.681,8.77612,219.236,11.5024,-1.5549999999999784,1.5549999999999784,14.468085153689138,TRUE,1,1,FALSE
DE-Hzd,2019,DBF,ICOS,-104.377,16.1574,-121.263,17.8438,16.88600000000001,16.88600000000001,24.072033009282787,TRUE,-1,-1,FALSE
DE-Hzd,2021,DBF,ICOS,-165.412,29.5915,-117.981,35.9786,-47.43100000000001,47.43100000000001,46.584509552103256,FALSE,-1,-1,FALSE
DE-Kli,2006,CRO,ICOS,59.2795,7.27301,53.0866,12.3576,6.192900000000002,6.192900000000002,14.33900108864282,TRUE,1,1,FALSE
DE-Kli,2017,CRO,ICOS,-54.4366,9.57061,-56.4414,10.1108,2.004800000000003,2.004800000000003,13.922099425449453,TRUE,-1,-1,FALSE
DE-Tha,2001,ENF,ICOS,-460.145,24.1062,-460.145,19.3267,0,0,30.89709066125806,TRUE,-1,-1,FALSE
DE-Tha,2005,ENF,ICOS,-385.875,7.76292,-387.656,7.9527,1.781000000000006,1.781000000000006,11.113431702961961,TRUE,-1,-1,FALSE
ES-LMa,2020,SAV,ICOS,51.3496,6.41268,53.5018,6.52937,-2.1522000000000006,2.1522000000000006,9.151783289572585,TRUE,1,1,FALSE
FI-Hyy,2009,ENF,ICOS,-283.842,10.2675,-280.29,13.3407,-3.551999999999964,3.551999999999964,16.83436463725317,TRUE,-1,-1,FALSE
FI-Hyy,2023,ENF,ICOS,-261.802,5.69748,-253.985,5.92549,-7.817000000000007,7.817000000000007,8.220262166774244,TRUE,-1,-1,FALSE
FI-Ken,2018,ENF,ICOS,-18.651,4.89464,-16.0295,5.2106,-2.621500000000001,2.621500000000001,7.148975667156799,TRUE,-1,-1,FALSE
FR-Pue,2022,EBF,ICOS,44.6862,31.9529,30.3523,27.5312,14.3339,14.3339,42.17765749600136,TRUE,1,1,FALSE
GF-Guy,2006,EBF,ICOS,-116.054,30.5139,-116.462,32.4987,0.40800000000000125,0.40800000000000125,44.57873478352655,TRUE,-1,-1,FALSE
GF-Guy,2020,EBF,ICOS,-760.899,33.0477,-746.419,32.891,-14.480000000000018,14.480000000000018,46.625833572066036,TRUE,-1,-1,FALSE
IT-BFt,2025,DBF,ICOS,186.202,34.4686,164.604,43.7263,21.597999999999985,21.597999999999985,55.678305448801154,TRUE,1,1,FALSE
IT-Lsn,2018,OSH,ICOS,-45.9041,10.2872,-47.3535,10.8895,1.4493999999999971,1.4493999999999971,14.98024345896955,TRUE,-1,-1,FALSE
IT-Ren,2001,ENF,ICOS,-392.364,35.8002,-394.878,50.0318,2.51400000000001,2.51400000000001,61.521015362882295,TRUE,-1,-1,FALSE
IT-Ren,2016,ENF,ICOS,-671.164,28.3063,-692.437,39.3354,21.273000000000025,21.273000000000025,48.46153436334842,TRUE,-1,-1,FALSE
IT-SR2,2013,ENF,ICOS,-414.41,15.8671,-393.475,16.6659,-20.935000000000002,20.935000000000002,23.011238237435204,TRUE,-1,-1,FALSE
IT-Tor,2011,GRA,ICOS,-47.7807,83.7089,-51.4825,82.2653,3.7017999999999986,3.7017999999999986,117.36592147339874,TRUE,-1,-1,FALSE
JP-Api,2002,DBF,ICOS,-224.651,22.1883,-223.087,24.7956,-1.5640000000000214,1.5640000000000214,33.27374995773696,TRUE,-1,-1,FALSE
JP-Om2,2024,GRA,ICOS,283.158,13.3016,286.262,13.1309,-3.103999999999985,3.103999999999985,18.690989737571417,TRUE,1,1,FALSE
NL-Loo,1998,ENF,ICOS,-270.54,8.93927,-268.75,10.5296,-1.7900000000000205,1.7900000000000205,13.81242282486675,TRUE,-1,-1,FALSE
NL-Vkp,2016,GRA,ICOS,-73.9504,32.1358,-62.4167,36.7741,-11.533700000000003,11.533700000000003,48.836913011061625,TRUE,-1,-1,FALSE
NL-Vkp,2019,GRA,ICOS,119.412,30.6162,104.664,27.0982,14.748000000000005,14.748000000000005,40.88598960132921,TRUE,1,1,FALSE
NL-Vkp,2020,GRA,ICOS,12.9014,38.7666,14.3017,30.1911,-1.4002999999999997,1.4002999999999997,49.13605391939812,TRUE,1,1,FALSE
BE-Maa,2016,CSH,ICOS,-75.0595,4.0951,-75.5205,4.06402,0.4609999999999985,0.4609999999999985,5.769410937903453,TRUE,-1,-1,FALSE
BE-Maa,2023,CSH,ICOS,18.547,4.00061,16.1937,3.56231,2.353300000000001,2.353300000000001,5.356765153355148,TRUE,1,1,FALSE
BE-Vie,2004,MF,ICOS,-525.552,9.83827,-527.215,11.5081,1.663000000000011,1.663000000000011,15.140274839080696,TRUE,-1,-1,FALSE
BE-Vie,2014,MF,ICOS,-369.987,13.5649,-361.738,13.6077,-8.249000000000024,8.249000000000024,19.213953557245837,TRUE,-1,-1,FALSE
CH-Dav,2009,ENF,ICOS,-296.295,103.902,-300.873,83.4379,4.5779999999999745,4.5779999999999745,133.25730284081996,TRUE,-1,-1,FALSE
CH-Dav,2024,ENF,ICOS,-98.6841,34.6747,-54.2397,95.6742,-44.4444,44.4444,101.76388045731157,TRUE,-1,-1,FALSE
CZ-BK1,2010,ENF,ICOS,-800.434,9.69253,-793.476,11.6772,-6.95799999999997,6.95799999999997,15.175708801927506,TRUE,-1,-1,FALSE
CZ-BK1,2022,ENF,ICOS,-359.933,16.8105,-357.019,23.6877,-2.9139999999999873,2.9139999999999873,29.046515135898833,TRUE,-1,-1,FALSE
CZ-BK1,2024,ENF,ICOS,-527.606,16.9041,-553.811,21.2336,26.20500000000004,26.20500000000004,27.140640481941467,TRUE,-1,-1,FALSE
DE-Gri,2008,GRA,ICOS,-88.0222,3.90826,-87.6798,4.14335,-0.3423999999999978,0.3423999999999978,5.695774350349564,TRUE,-1,-1,FALSE
DE-GsB,2024,GRA,ICOS,25.0484,14.818,27.2166,14.1622,-2.168199999999999,2.168199999999999,20.497342092085987,TRUE,1,1,FALSE
DE-Har,2022,ENF,ICOS,73.9041,10.7591,71.1856,10.5447,2.718500000000006,2.718500000000006,15.064824290379228,TRUE,1,1,FALSE
DE-Hzd,2023,DBF,ICOS,-244.527,55.2483,-300.57,69.0682,56.043000000000006,56.043000000000006,88.44654263525511,TRUE,-1,-1,FALSE
DE-Msr,2024,ENF,ICOS,-713.513,29.5392,-709.98,40.9318,-3.5330000000000155,3.5330000000000155,50.47748595047103,TRUE,-1,-1,FALSE
DE-RuS,2018,CRO,ICOS,-293.414,5.58132,-297.199,5.5367,3.785000000000025,3.785000000000025,7.861690647208143,TRUE,-1,-1,FALSE
DE-Tha,2000,ENF,ICOS,-472.623,12.0892,-485.405,17.366,12.781999999999982,12.781999999999982,21.15955369661657,TRUE,-1,-1,FALSE
DE-Tha,2007,ENF,ICOS,-394.149,9.20097,-392.966,8.93396,-1.1829999999999927,1.1829999999999927,12.824721838016606,TRUE,-1,-1,FALSE
FI-Hyy,1997,ENF,ICOS,-238.544,8.97787,-237.183,16.4649,-1.3610000000000184,1.3610000000000184,18.753535179984066,TRUE,-1,-1,FALSE
FI-Hyy,2002,ENF,ICOS,-236.095,4.19813,-237.261,6.4397,1.1659999999999968,1.1659999999999968,7.687264245939514,TRUE,-1,-1,FALSE
FI-Hyy,2017,ENF,ICOS,-256.076,5.44087,-252.242,7.46692,-3.8340000000000316,3.8340000000000316,9.238937203125692,TRUE,-1,-1,FALSE
FR-Aur,2011,CRO,ICOS,32.5207,9.50392,31.8224,5.18453,0.6982999999999997,0.6982999999999997,10.82607254212256,TRUE,1,1,FALSE
FR-Aur,2012,CRO,ICOS,-258.305,10.9014,-263.805,10.3422,5.5,5.5,15.026697002335544,TRUE,-1,-1,FALSE
FR-Aur,2022,CRO,ICOS,195.234,11.2105,196.301,15.9792,-1.0669999999999789,1.0669999999999789,19.519481112211974,TRUE,1,1,FALSE
FR-Gri,2022,CRO,ICOS,-139.934,38.6284,-161.333,46.9706,21.399,21.399,60.81439427405324,TRUE,-1,-1,FALSE
FR-LGt,2018,WET,ICOS,-4.31847,16.7451,6.67692,37.8399,-10.99539,10.99539,41.379420078343294,TRUE,-1,1,TRUE
FR-LGt,2020,WET,ICOS,260.498,23.5926,279.068,17.4914,-18.569999999999993,18.569999999999993,29.36936922577671,TRUE,1,1,FALSE
FR-Pue,2016,EBF,ICOS,-200.711,65.5702,-232.566,35.4823,31.85499999999999,31.85499999999999,74.55497797820077,TRUE,-1,-1,FALSE
FR-Pue,2021,EBF,ICOS,-211.394,39.5089,-213.625,31.7204,2.2309999999999945,2.2309999999999945,50.66692170805327,TRUE,-1,-1,FALSE
FR-Pue,2024,EBF,ICOS,-250.859,20.3071,-242.952,23.5211,-7.907000000000011,7.907000000000011,31.074434115845133,TRUE,-1,-1,FALSE
GF-Guy,2016,EBF,ICOS,-315.557,29.8959,-288.815,30.6847,-26.74200000000002,26.74200000000002,42.84058415684828,TRUE,-1,-1,FALSE
GL-Dsk,2023,OSH,ICOS,49.6827,2.63509,48.2174,3.03448,1.4652999999999992,1.4652999999999992,4.018926246959503,TRUE,1,1,FALSE
IE-Cra,2025,WET,ICOS,-22.1891,5.56508,-22.5953,5.55414,0.4062000000000019,0.4062000000000019,7.862479669035718,TRUE,-1,-1,FALSE
IT-BCi,2020,CRO,ICOS,-36.7203,19.0466,-33.0859,32.5826,-3.6343999999999994,3.6343999999999994,37.74120817250025,TRUE,-1,-1,FALSE
IT-Cp2,2023,MF,ICOS,-684.547,28.5283,-658.511,21.833,-26.036000000000058,26.036000000000058,35.9241393757735,TRUE,-1,-1,FALSE
IT-Lsn,2022,OSH,ICOS,-77.9774,13.976,-71.8649,12.3116,-6.112499999999997,6.112499999999997,18.62536095113327,TRUE,-1,-1,FALSE
IT-Lsn,2023,OSH,ICOS,-132.381,6.76981,-134.923,6.85493,2.5420000000000016,2.5420000000000016,9.634334057992799,TRUE,-1,-1,FALSE
IT-MBo,2004,GRA,ICOS,-1.29467,7.24032,1.32594,6.98849,-2.62061,2.62061,10.062863716780626,TRUE,-1,1,TRUE
IT-Ren,2018,ENF,ICOS,-492.27,23.5566,-500.435,40.7974,8.16500000000002,8.16500000000002,47.109884847237744,TRUE,-1,-1,FALSE
IT-SR2,2017,ENF,ICOS,-173.052,18.364,-167.126,25.7758,-5.925999999999988,5.925999999999988,31.648512787175324,TRUE,-1,-1,FALSE
IT-TrF,2023,DNF,ICOS,-892.386,14.131,-892.849,18.9379,0.4630000000000791,0.4630000000000791,23.628991036648177,TRUE,-1,-1,FALSE
JP-Api,2005,DBF,ICOS,-258.712,25.3606,-229.421,25.6903,-29.290999999999997,29.290999999999997,36.0991903849657,TRUE,-1,-1,FALSE
JP-Api,2010,DBF,ICOS,-142.67,15.6033,-136.105,15.2347,-6.564999999999998,6.564999999999998,21.8073165469757,TRUE,-1,-1,FALSE
JP-Om2,2025,GRA,ICOS,317.729,18.3963,320.652,17.9605,-2.923000000000002,2.923000000000002,25.70998665771727,TRUE,1,1,FALSE
NL-Vkp,2018,GRA,ICOS,93.156,49.1107,90.0836,51.7643,3.072400000000002,3.072400000000002,71.35407212612326,TRUE,1,1,FALSE
BE-Vie,1997,MF,ICOS,-441.092,24.0397,-416.966,26.2651,-24.125999999999976,24.125999999999976,35.60565480510083,TRUE,-1,-1,FALSE
BE-Vie,2002,MF,ICOS,-609.887,12.9743,-620.9,17.9871,11.013000000000034,11.013000000000034,22.178102418827454,TRUE,-1,-1,FALSE
BE-Vie,2019,MF,ICOS,-572.296,42.789,-602.376,46.0733,30.079999999999927,30.079999999999927,62.87803665740527,TRUE,-1,-1,FALSE
CD-Ygb,2025,MF,ICOS,-90.2927,113.01,-53.1164,126.292,-37.1763,37.1763,169.47250326822933,TRUE,-1,-1,FALSE
CH-Dav,2003,ENF,ICOS,249.112,114.962,249.541,157.382,-0.42900000000000205,0.42900000000000205,194.89832058794144,TRUE,1,1,FALSE
DE-Amv,2025,WET,ICOS,47.2416,5.39016,47.8137,6.71757,-0.5720999999999989,0.5720999999999989,8.612756325967895,TRUE,1,1,FALSE
DE-Fen,2025,GRA,ICOS,-141.946,45.5745,-112.61,62.8092,-29.336,29.336,77.60174389077864,TRUE,-1,-1,FALSE
DE-Gri,2006,GRA,ICOS,-60.2952,4.89722,-61.0935,4.62488,0.7982999999999976,0.7982999999999976,6.735894798970661,TRUE,-1,-1,FALSE
DE-Gri,2013,GRA,ICOS,-77.8726,11.4845,-77.8726,12.9319,0,0,17.29531086335253,TRUE,-1,-1,FALSE
DE-Gri,2021,GRA,ICOS,-121.377,16.5201,-133.365,18.1715,11.988000000000014,11.988000000000014,24.558442871240842,TRUE,-1,-1,FALSE
DE-GsB,2016,GRA,ICOS,191.131,13.347,189.181,12.8712,1.9499999999999886,1.9499999999999886,18.542119577869194,TRUE,1,1,FALSE
DE-Hzd,2014,DBF,ICOS,608.319,16.2733,523.425,115.499,84.894,84.894,116.63978435289563,TRUE,1,1,FALSE
DE-Hzd,2022,DBF,ICOS,-96.6599,39.1963,-208.362,100.707,111.7021,111.7021,108.0659510793756,FALSE,-1,-1,FALSE
DE-RuR,2025,GRA,ICOS,-178.677,7.65699,-192.464,9.79568,13.787000000000006,13.787000000000006,12.433215293016527,FALSE,-1,-1,FALSE
DE-RuS,2020,CRO,ICOS,-633.332,22.5124,-636.297,23.7273,2.965000000000032,2.965000000000032,32.707688989746735,TRUE,-1,-1,FALSE
DE-Tha,2017,ENF,ICOS,-585.449,9.48118,-582.573,11.9121,-2.8759999999999764,2.8759999999999764,15.224680640407536,TRUE,-1,-1,FALSE
DE-Tha,2020,ENF,ICOS,-328.257,23.3336,-314.39,16.2034,-13.867000000000019,13.867000000000019,28.407869693449385,TRUE,-1,-1,FALSE
DK-RCW,2023,DBF,ICOS,-447.431,5.21603,-445.943,6.709,-1.4879999999999995,1.4879999999999995,8.498096843464422,TRUE,-1,-1,FALSE
ES-LMa,2023,SAV,ICOS,108.24,4.57731,108.096,4.51873,0.14399999999999125,0.14399999999999125,6.432004947837027,TRUE,1,1,FALSE
FI-Hyy,2006,ENF,ICOS,-175.843,13.202,-176.77,14.5901,0.9270000000000209,0.9270000000000209,19.676478902740705,TRUE,-1,-1,FALSE
FI-Hyy,2020,ENF,ICOS,100.938,9.501,105.759,10.0423,-4.820999999999998,4.820999999999998,13.824499639769968,TRUE,1,1,FALSE
FI-Ken,2019,ENF,ICOS,41.406,13.5736,43.2396,14.3937,-1.8336000000000041,1.8336000000000041,19.784367987125595,TRUE,1,1,FALSE
FI-Var,2018,ENF,ICOS,16.9595,8.62172,19.5911,10.6938,-2.6316000000000024,2.6316000000000024,13.736499342933044,TRUE,1,1,FALSE
FI-Var,2020,ENF,ICOS,34.8112,9.93399,34.3668,10.6948,0.4444000000000017,0.4444000000000017,14.596674428105192,TRUE,1,1,FALSE
FR-Gri,2008,CRO,ICOS,-551.629,14.2671,-620.161,39.5789,68.53199999999993,68.53199999999993,42.071836988893175,FALSE,-1,-1,FALSE
FR-LGt,2019,WET,ICOS,222.896,22.3206,242.931,16.7834,-20.035000000000025,20.035000000000025,27.926541137777875,TRUE,1,1,FALSE
FR-Pue,2003,EBF,ICOS,-138.799,22.1245,-143.104,28.2928,4.305000000000007,4.305000000000007,35.916236329688,TRUE,-1,-1,FALSE
FR-Pue,2007,EBF,ICOS,-371.43,28.7997,-365.886,27.7503,-5.543999999999983,5.543999999999983,39.993772892539155,TRUE,-1,-1,FALSE
FR-Pue,2014,EBF,ICOS,-171.385,4.77564,-169.314,3.90293,-2.070999999999998,2.070999999999998,6.1676251502908315,TRUE,-1,-1,FALSE
GF-Guy,2011,EBF,ICOS,-252.338,34.2454,-250.036,34.673,-2.3019999999999925,2.3019999999999925,48.7336059630313,TRUE,-1,-1,FALSE
IT-BCi,2014,CRO,ICOS,95.7333,24.1129,95.6086,26.7361,0.12470000000000425,0.12470000000000425,36.00348579818348,TRUE,1,1,FALSE
IT-BCi,2016,CRO,ICOS,261.389,77.8675,254.44,74.2896,6.949000000000012,6.949000000000012,107.62105846166911,TRUE,1,1,FALSE
IT-Cp2,2024,MF,ICOS,-900.799,41.4024,-877.028,46.4692,-23.770999999999958,23.770999999999958,62.237812255894724,TRUE,-1,-1,FALSE
IT-MBo,2007,GRA,ICOS,-166.881,17.7067,-157.498,17.233,-9.38300000000001,9.38300000000001,24.708369308596634,TRUE,-1,-1,FALSE
IT-MBo,2010,GRA,ICOS,-29.2969,16.2758,-47.7805,22.7834,18.483600000000003,18.483600000000003,27.999731805858428,TRUE,-1,-1,FALSE
IT-MBo,2012,GRA,ICOS,22.9743,15.3893,14.5104,25.2577,8.463899999999999,8.463899999999999,29.57671320109792,TRUE,1,1,FALSE
IT-MBo,2015,GRA,ICOS,31.7159,12.6182,2.55909,25.6323,29.15681,29.15681,28.56980529387626,FALSE,1,1,FALSE
JP-Api,2011,DBF,ICOS,-287.632,33.2494,-283.222,49.183,-4.410000000000025,4.410000000000025,59.367416057632155,TRUE,-1,-1,FALSE
NL-Loo,2010,ENF,ICOS,-579.838,36.6847,-575.153,29.4353,-4.684999999999945,4.684999999999945,47.034073820795065,TRUE,-1,-1,FALSE
NL-Loo,2023,ENF,ICOS,-244.458,17.2467,-246.878,31.5824,2.4199999999999875,2.4199999999999875,35.98467244049888,TRUE,-1,-1,FALSE
SE-Svb,2022,ENF,ICOS,-57.5772,NA,-58.0285,NA,0.45130000000000337,0.45130000000000337,NA,NA,-1,-1,FALSE
BE-Vie,1998,MF,ICOS,-436.309,20.2058,-457.366,22.685,21.05699999999996,21.05699999999996,30.378998973633085,TRUE,-1,-1,FALSE
CD-Ygb,2023,MF,ICOS,417.052,NA,437.284,NA,-20.23199999999997,20.23199999999997,NA,NA,1,1,FALSE
CZ-BK1,2005,ENF,ICOS,-713.319,19.5582,-683.374,29.8279,-29.944999999999936,29.944999999999936,35.66828851585116,TRUE,-1,-1,FALSE
CZ-BK1,2008,ENF,ICOS,-795.568,11.515,-788.387,15.9042,-7.18100000000004,7.18100000000004,19.635142032590444,TRUE,-1,-1,FALSE
CZ-BK1,2012,ENF,ICOS,-884.981,8.40488,-887.969,8.72823,2.9880000000000564,2.9880000000000564,12.117095639933689,TRUE,-1,-1,FALSE
CZ-BK1,2020,ENF,ICOS,-177.959,32.5796,-204.002,32.7548,26.043000000000006,26.043000000000006,46.19856338891936,TRUE,-1,-1,FALSE
CZ-wet,2012,WET,ICOS,137.485,74.4701,138.746,64.9959,-1.2609999999999957,1.2609999999999957,98.8446397677689,TRUE,1,1,FALSE
DE-GsB,2015,GRA,ICOS,27.025,19.3395,40.5869,21.0733,-13.561900000000001,13.561900000000001,28.602451523252338,TRUE,1,1,FALSE
DE-Har,2021,ENF,ICOS,-257.302,11.6036,-259.283,12.2218,1.9809999999999945,1.9809999999999945,16.852772122116885,TRUE,-1,-1,FALSE
DE-Har,2024,ENF,ICOS,-289.287,19.3863,-285.143,16.0919,-4.1440000000000055,4.1440000000000055,25.19479853660275,TRUE,-1,-1,FALSE
DE-Hte,2018,WET,ICOS,-95.6993,9.45537,-95.8398,8.70067,0.14050000000000296,0.14050000000000296,12.849345519745354,TRUE,-1,-1,FALSE
DE-Kli,2010,CRO,ICOS,-48.319,4.87023,-50.914,4.93921,2.594999999999999,2.594999999999999,6.936493038776872,TRUE,-1,-1,FALSE
DE-Kli,2024,CRO,ICOS,93.1598,14.2376,69.8143,13.2113,23.3455,23.3455,19.422865428406798,FALSE,1,1,FALSE
DE-Kli,2025,CRO,ICOS,-242.972,6.33023,-242.983,8.86541,0.01099999999999568,0.01099999999999568,10.893452451863,TRUE,-1,-1,FALSE
DE-RuR,2022,GRA,ICOS,-289.199,10.7174,-300.568,11.4359,11.368999999999971,11.368999999999971,15.672985407062688,TRUE,-1,-1,FALSE
DE-RuS,2024,CRO,ICOS,-272.057,5.89295,-274.36,6.76934,2.3029999999999973,2.3029999999999973,8.975011071753617,TRUE,-1,-1,FALSE
FI-Hyy,2021,ENF,ICOS,-173.967,8.76575,-171.138,10.7623,-2.8290000000000077,2.8290000000000077,13.880398926273697,TRUE,-1,-1,FALSE
FI-Var,2024,ENF,ICOS,8.33072,22.0717,8.347,18.854,-0.016280000000000072,0.016280000000000072,29.028145943032598,TRUE,1,1,FALSE
FR-Bil,2022,ENF,ICOS,-164.513,7.90193,-165.47,8.37136,0.9569999999999936,0.9569999999999936,11.5117403538518,TRUE,-1,-1,FALSE
FR-Gri,2007,CRO,ICOS,-402.672,19.8521,-381.905,35.9348,-20.767000000000053,20.767000000000053,41.053814992641065,TRUE,-1,-1,FALSE
FR-Gri,2010,CRO,ICOS,-599.444,24.6814,-655.605,33.4918,56.16100000000006,56.16100000000006,41.60375191253789,FALSE,-1,-1,FALSE
FR-Mej,2025,GRA,ICOS,304.227,27.8214,297.419,28.8324,6.807999999999993,6.807999999999993,40.06666429489732,TRUE,1,1,FALSE
FR-Pue,2005,EBF,ICOS,-61.9716,28.1793,-61.9045,31.0025,-0.06710000000000349,0.06710000000000349,41.895440739297634,TRUE,-1,-1,FALSE
FR-Pue,2023,EBF,ICOS,63.9193,30.2678,83.0944,33.1169,-19.175099999999993,19.175099999999993,44.86500621252604,TRUE,1,1,FALSE
FR-Tou,2021,GRA,ICOS,28.9902,33.9911,31.3647,27.7296,-2.3744999999999976,2.3744999999999976,43.86713570966311,TRUE,1,1,FALSE
GF-Guy,2009,EBF,ICOS,-397.922,30.7021,-411.126,26.0161,13.203999999999951,13.203999999999951,40.24247014809106,TRUE,-1,-1,FALSE
GF-Guy,2013,EBF,ICOS,-247.682,23.0246,-247.577,25.9511,-0.10499999999998977,0.10499999999998977,34.692820530622754,TRUE,-1,-1,FALSE
GF-Guy,2024,EBF,ICOS,25.7742,28.7728,9.33315,29.113,16.44105,16.44105,40.932148597893075,TRUE,1,1,FALSE
GL-Dsk,2021,OSH,ICOS,6.13085,3.71586,8.99103,3.29779,-2.8601800000000006,2.8601800000000006,4.968202333208663,TRUE,1,1,FALSE
IE-Cra,2020,WET,ICOS,-38.4836,6.49371,-41.1196,7.7236,2.6359999999999957,2.6359999999999957,10.090701983712531,TRUE,-1,-1,FALSE
IT-BCi,2006,CRO,ICOS,-307.117,18.0513,-313.679,12.3412,6.561999999999955,6.561999999999955,21.86674756633917,TRUE,-1,-1,FALSE
IT-BCi,2007,CRO,ICOS,-374.834,8.72516,-375.613,8.30352,0.7789999999999964,0.7789999999999964,12.044785652555218,TRUE,-1,-1,FALSE
IT-BCi,2024,CRO,ICOS,-18.562,21.9002,-13.7446,24.0774,-4.817400000000001,4.817400000000001,32.54750298870868,TRUE,-1,-1,FALSE
IT-BCi,2025,CRO,ICOS,-166.509,39.2257,-166.947,51.2101,0.4380000000000166,0.4380000000000166,64.50682043396652,TRUE,-1,-1,FALSE
IT-BFt,2019,DBF,ICOS,1.26545,50.0818,37.7181,38.9483,-36.45265,36.45265,63.444123164639926,TRUE,1,1,FALSE
IT-Ren,2010,ENF,ICOS,-911.438,46.9977,-956.932,47.6122,45.49400000000003,45.49400000000003,66.90071295681385,TRUE,-1,-1,FALSE
IT-Ren,2022,ENF,ICOS,-712.552,18.9449,-714.483,102.217,1.9309999999999263,1.9309999999999263,103.95780069340636,TRUE,-1,-1,FALSE
IT-TrF,2013,DNF,ICOS,-689.912,31.0943,-692.667,27.3101,2.7549999999999955,2.7549999999999955,41.38474422417033,TRUE,-1,-1,FALSE
JP-Api,2018,DBF,ICOS,-287.616,25.1053,-305.945,20.8743,18.329000000000008,18.329000000000008,32.64984668539808,TRUE,-1,-1,FALSE
JP-Api,2022,DBF,ICOS,-313.803,15.545,-299.758,15.3353,-14.045000000000016,14.045000000000016,21.83617299551366,TRUE,-1,-1,FALSE
NL-Loo,2005,ENF,ICOS,-568.664,28.7185,-565.6,27.0907,-3.0639999999999645,3.0639999999999645,39.47984636165647,TRUE,-1,-1,FALSE
NL-Loo,2011,ENF,ICOS,-549.528,42.808,-546.733,22.2254,-2.7950000000000728,2.7950000000000728,48.233735799334475,TRUE,-1,-1,FALSE
NL-Vkp,2022,GRA,ICOS,-52.8517,45.1286,-38.2062,26.2924,-14.645499999999998,14.645499999999998,52.22911865731606,TRUE,-1,-1,FALSE
SE-Svb,2019,ENF,ICOS,-127.625,6.23846,-127.622,6.30041,-0.0030000000000001137,0.0030000000000001137,8.866428217704128,TRUE,-1,-1,FALSE
SE-Svb,2020,ENF,ICOS,-33.4655,8.59339,-33.3635,8.94197,-0.10199999999999676,0.10199999999999676,12.401821607046282,TRUE,-1,-1,FALSE
