site_id,year,igbp,data_hub,NEE_VUT_REF,NEE_VUT_REF_QC,NEE_VUT_REF_RANDUNC,ustar_term_VUT,NEE_VUT_REF_JOINTUNC,qualifies_VUT,NEE_CUT_REF,NEE_CUT_REF_QC,NEE_CUT_REF_RANDUNC,ustar_term_CUT,NEE_CUT_REF_JOINTUNC,qualifies_CUT,VUT_minus_CUT,category,neither_reason
AR-Bal,2012,CRO,AmeriFlux,NA,NA,NA,NA,NA,FALSE,NA,NA,NA,NA,NA,FALSE,NA,neither,no_value
AR-Bal,2013,CRO,AmeriFlux,NA,NA,NA,NA,NA,FALSE,NA,NA,NA,NA,NA,FALSE,NA,neither,no_value
AR-CCa,2012,CRO,AmeriFlux,NA,NA,NA,NA,NA,FALSE,NA,NA,NA,NA,NA,FALSE,NA,neither,no_value
AR-CCa,2013,CRO,AmeriFlux,-418.03,0.956792,5.795,2.5235000000000127,6.3207700000000004,TRUE,-414.669,0.963128,5.81314,4.1340000000000146,7.13296,TRUE,-3.36099999999999,both,NA
AR-CCa,2014,CRO,AmeriFlux,NA,NA,NA,NA,NA,FALSE,NA,NA,NA,NA,NA,FALSE,NA,neither,no_value
AR-CCa,2015,CRO,AmeriFlux,NA,NA,NA,NA,NA,FALSE,NA,NA,NA,NA,NA,FALSE,NA,neither,no_value
AR-CCa,2016,CRO,AmeriFlux,NA,NA,NA,NA,NA,FALSE,NA,NA,NA,NA,NA,FALSE,NA,neither,no_value
AR-CCa,2017,CRO,AmeriFlux,-212.893,0.995548,5.52157,71.4895,71.7028,TRUE,-199.548,0.996632,5.64063,8.969000000000008,10.5954,TRUE,-13.344999999999999,both,NA
AR-CCa,2018,CRO,AmeriFlux,42.2718,0.888756,5.6975,106.7184,106.87,TRUE,56.0742,0.889555,5.75531,17.9763,18.8752,TRUE,-13.802399999999999,both,NA
AR-CCa,2019,CRO,AmeriFlux,-363.861,0.94766,6.21435,48.553,48.949,TRUE,-355.242,0.951427,6.33101,7.6839999999999975,9.95595,TRUE,-8.618999999999971,both,NA
AR-CCa,2020,CRO,AmeriFlux,-211.327,0.992031,6.42748,8.155000000000001,10.3836,TRUE,-207.62,0.992657,6.48146,12.170000000000002,13.7886,TRUE,-3.7069999999999936,both,NA
AR-CCg,2018,GRA,AmeriFlux,NA,NA,NA,NA,NA,FALSE,NA,NA,NA,NA,NA,FALSE,NA,neither,no_value
AR-CCg,2019,GRA,AmeriFlux,-53.8944,0.884189,7.50272,8.625049999999998,11.4316,TRUE,-67.9256,0.893493,8.44737,17.6758,19.5906,TRUE,14.031200000000005,both,NA
AR-CCg,2020,GRA,AmeriFlux,-304.962,0.98816,7.61252,21.16549999999998,22.493,TRUE,-287.383,0.9926,8.47605,23.304000000000002,24.798,TRUE,-17.579000000000008,both,NA
AR-CCg,2021,GRA,AmeriFlux,148.187,0.902397,41.1441,49.12854999999999,64.0816,TRUE,136.938,0.903139,39.1575,40.910650000000004,56.6303,TRUE,11.249000000000024,both,NA
AR-CCg,2022,GRA,AmeriFlux,NA,NA,NA,NA,NA,FALSE,NA,NA,NA,NA,NA,FALSE,NA,neither,no_value
AR-CCg,2023,GRA,AmeriFlux,NA,NA,NA,NA,NA,FALSE,NA,NA,NA,NA,NA,FALSE,NA,neither,no_value
AR-CCg,2024,GRA,AmeriFlux,NA,NA,NA,NA,NA,FALSE,NA,NA,NA,NA,NA,FALSE,NA,neither,no_value
AR-TF1,2016,WET,AmeriFlux,NA,NA,NA,NA,NA,FALSE,NA,NA,NA,NA,NA,FALSE,NA,neither,no_value
AR-TF1,2017,WET,AmeriFlux,-69.2258,0.98105,1.56657,3.832799999999999,4.14062,TRUE,-69.2149,0.98105,1.56565,3.83605,4.14324,TRUE,-0.010900000000006571,both,NA
AR-TF1,2018,WET,AmeriFlux,NA,NA,NA,NA,NA,FALSE,NA,NA,NA,NA,NA,FALSE,NA,neither,no_value
AR-TF2,2016,WET,AmeriFlux,NA,NA,NA,NA,NA,FALSE,NA,NA,NA,NA,NA,FALSE,NA,neither,no_value
AR-TF2,2017,WET,AmeriFlux,-7.49191,0.950057,0.970684,12.416405000000001,12.4543,TRUE,-8.38857,0.948573,0.947576,12.416405000000001,12.4525,TRUE,0.8966599999999998,both,NA
AR-TF2,2018,WET,AmeriFlux,NA,NA,NA,NA,NA,FALSE,NA,NA,NA,NA,NA,FALSE,NA,neither,no_value
AT-Mmg,2021,ENF,ICOS,NA,NA,NA,NA,NA,FALSE,NA,NA,NA,NA,NA,FALSE,NA,neither,no_value
AT-Mmg,2022,ENF,ICOS,-219.08,0.979224,4.99474,132.03855000000001,132.133,TRUE,-213.985,0.979966,5.01185,113.18520000000001,113.296,TRUE,-5.094999999999999,both,NA
AT-Mmg,2023,ENF,ICOS,-236.586,0.95411,4.45088,101.87650000000002,101.973,TRUE,-297.349,0.979909,4.88443,113.125,113.231,TRUE,60.76299999999998,both,NA
AT-Mmg,2024,ENF,ICOS,-115.008,0.928051,4.51544,84.22900000000001,84.3501,TRUE,-215.316,0.980248,5.12488,118.716,118.826,TRUE,100.308,both,NA
AT-Neu,2002,GRA,ICOS,326.585,0.944463,8.49729,64.8595,65.4136,TRUE,387.113,0.92403,8.19674,51.33000000000001,51.9803,TRUE,-60.52800000000002,both,NA
AT-Neu,2003,GRA,ICOS,204.178,0.911016,9.18454,30.6665,32.0122,TRUE,209.438,0.860559,10.1145,41.599999999999994,42.8122,TRUE,-5.259999999999991,both,NA
AT-Neu,2004,GRA,ICOS,255.002,0.902095,10.2607,18.47250000000001,21.1309,TRUE,268.9,0.836919,10.4585,39.543499999999995,40.9031,TRUE,-13.897999999999968,both,NA
AT-Neu,2005,GRA,ICOS,260.447,0.894178,6.43064,29.411,30.1056,TRUE,283.735,0.849543,6.44839,28.591499999999996,29.3099,TRUE,-23.28800000000001,both,NA
AT-Neu,2006,GRA,ICOS,183.654,0.876484,9.57813,13.110000000000014,16.236,TRUE,178.314,0.859247,9.45039,96.48279550000001,96.9446,TRUE,5.340000000000003,both,NA
AT-Neu,2007,GRA,ICOS,215.079,0.923916,11.829,83.909,84.7387,TRUE,232.299,0.922489,11.6517,93.211,93.9366,TRUE,-17.22,both,NA
AT-Neu,2008,GRA,ICOS,463.086,0.962773,14.3643,44.37350000000001,46.6409,TRUE,422.936,0.95526,13.8392,38.631,41.0351,TRUE,40.150000000000034,both,NA
AT-Neu,2009,GRA,ICOS,582.776,0.954167,14.938,41.93299999999999,44.5144,TRUE,629.958,0.947032,16.2712,44.995000000000005,47.8466,TRUE,-47.182000000000016,both,NA
AT-Neu,2010,GRA,ICOS,358.625,0.958847,11.7567,10.826999999999998,15.9826,TRUE,371.722,0.95097,10.3713,48.24600000000001,49.348,TRUE,-13.09699999999998,both,NA
AT-Neu,2011,GRA,ICOS,567.984,0.954395,14.5631,64.63850000000002,66.2589,TRUE,624.949,0.931792,15.1745,71.13400000000001,72.7346,TRUE,-56.96499999999992,both,NA
AT-Neu,2012,GRA,ICOS,477.661,0.942509,12.1905,44.68349999999998,46.3166,TRUE,524.458,0.929076,12.2523,49.97000000000003,51.4502,TRUE,-46.79699999999997,both,NA
AT-Neu,2013,GRA,ICOS,326.489,0.960502,12.6222,12.915999999999997,18.0596,TRUE,328.617,0.955594,12.0684,25.822000000000003,28.503,TRUE,-2.1280000000000427,both,NA
AT-Neu,2014,GRA,ICOS,433.926,0.939897,14.1575,31.399,34.4435,TRUE,433.78,0.93984,14.1585,48.95150000000001,50.9576,TRUE,0.146000000000015,both,NA
AT-Neu,2015,GRA,ICOS,677.735,0.939669,16.0788,61.29950000000002,63.3735,TRUE,664.747,0.948059,15.407,76.892,78.42,TRUE,12.988000000000056,both,NA
AT-Neu,2016,GRA,ICOS,755.288,0.930442,15.7379,50.02350000000001,52.4406,TRUE,737.768,0.934995,15.362,70.3175,71.9757,TRUE,17.519999999999982,both,NA
AT-Neu,2017,GRA,ICOS,647.039,0.948916,15.0005,28.30899999999997,32.0376,TRUE,649.386,0.952169,15.2554,30.173999999999978,33.8111,TRUE,-2.34699999999998,both,NA
AT-Neu,2018,GRA,ICOS,883.203,0.913642,17.8624,55.262,58.0771,TRUE,883.298,0.958733,18.6197,30.464500000000044,35.7039,TRUE,-0.09500000000002728,both,NA
AT-Neu,2019,GRA,ICOS,1026.72,0.918322,20.3677,106.4495,108.379,TRUE,837.453,0.968151,18.6024,176.52299999999997,177.503,TRUE,189.26700000000005,both,NA
AT-Neu,2020,GRA,ICOS,696.599,0.847848,20.0687,93.06450000000001,95.2038,TRUE,627.487,0.920651,19.3524,89.38299999999998,91.4538,TRUE,69.11200000000008,both,NA
AT-Nsd,2018,WET,ICOS,NA,NA,NA,NA,NA,FALSE,NA,NA,NA,NA,NA,FALSE,NA,neither,no_value
AT-Nsd,2019,WET,ICOS,191.629,0.983048,2.56651,10.709000000000003,11.0121,TRUE,196.097,0.978767,2.51044,9.204999999999998,9.54147,TRUE,-4.468000000000018,both,NA
AT-Nsd,2020,WET,ICOS,160.22,0.839709,2.68314,4.197999999999993,4.9821,TRUE,157.743,0.840847,2.71578,4.3700000000000045,5.1452,TRUE,2.477000000000004,both,NA
AT-Nsd,2021,WET,ICOS,32.0196,0.969578,3.25267,30.1067,30.2819,TRUE,21.4131,0.971747,3.38741,33.65115,33.8212,TRUE,10.606499999999997,both,NA
AT-Nsd,2022,WET,ICOS,399.788,0.93847,4.2056,20.978499999999997,21.3959,TRUE,392.464,0.947032,4.46461,25.076999999999998,25.4712,TRUE,7.324000000000012,both,NA
AT-PsM,2015,WET,ICOS,NA,NA,NA,NA,NA,FALSE,NA,NA,NA,NA,NA,FALSE,NA,neither,no_value
AT-PsM,2016,WET,ICOS,-38.2012,0.819729,5.68299,33.40965,33.8895,TRUE,-63.725,0.817851,5.26364,35.96275,36.3459,TRUE,25.5238,both,NA
AT-PsM,2017,WET,ICOS,-43.148,0.854737,6.2484,11.200099999999999,12.8251,TRUE,-43.8252,0.854623,6.24147,11.54225,13.1217,TRUE,0.6771999999999991,both,NA
AT-PsM,2018,WET,ICOS,104.391,0.929281,6.2437,43.417500000000004,43.8639,TRUE,116.807,0.935559,6.71475,42.512299999999996,43.0391,TRUE,-12.415999999999997,both,NA
AT-PsM,2019,WET,ICOS,210.275,0.917009,5.87998,9.421000000000006,11.1055,TRUE,210.537,0.92911,6.74203,16.99499999999999,18.2833,TRUE,-0.26200000000000045,both,NA
AT-Zoe,2014,MF,ICOS,NA,NA,NA,NA,NA,FALSE,NA,NA,NA,NA,NA,FALSE,NA,neither,no_value
AT-Zoe,2015,MF,ICOS,NA,NA,NA,NA,NA,FALSE,NA,NA,NA,NA,NA,FALSE,NA,neither,no_value
AT-Zoe,2016,MF,ICOS,NA,NA,NA,NA,NA,FALSE,NA,NA,NA,NA,NA,FALSE,NA,neither,no_value
AT-Zoe,2017,MF,ICOS,NA,NA,NA,NA,NA,FALSE,NA,NA,NA,NA,NA,FALSE,NA,neither,no_value
AT-Zoe,2018,MF,ICOS,NA,NA,NA,NA,NA,FALSE,NA,NA,NA,NA,NA,FALSE,NA,neither,no_value
AT-Zoe,2019,MF,ICOS,NA,NA,NA,NA,NA,FALSE,NA,NA,NA,NA,NA,FALSE,NA,neither,no_value
AT-Zoe,2020,MF,ICOS,NA,NA,NA,NA,NA,FALSE,NA,NA,NA,NA,NA,FALSE,NA,neither,no_value
AT-Zoe,2021,MF,ICOS,NA,NA,NA,NA,NA,FALSE,NA,NA,NA,NA,NA,FALSE,NA,neither,no_value
AT-Zoe,2022,MF,ICOS,-694.874,0.673288,14.2889,50.736500000000035,52.7104,TRUE,-700.515,0.66524,14.4976,71.285000000000025,72.7444,TRUE,5.640999999999963,both,NA
AT-Zoe,2023,MF,ICOS,-553.235,0.747888,7.39662,56.43350000000001,56.9163,TRUE,-553.369,0.747888,7.39626,48.4435,49.0046,TRUE,0.13400000000001455,both,NA
AT-Zoe,2024,MF,ICOS,NA,NA,NA,NA,NA,FALSE,NA,NA,NA,NA,NA,FALSE,NA,neither,no_value
AU-APL,2017,WET,TERN,NA,NA,NA,NA,NA,FALSE,NA,NA,NA,NA,NA,FALSE,NA,neither,no_value
AU-APL,2018,WET,TERN,-350.184,0.82129,3.36258,8.22999999999999,8.89044,TRUE,-356.539,0.826541,3.43415,9.966000000000008,10.5409,TRUE,6.354999999999961,both,NA
AU-APL,2019,WET,TERN,-339.282,0.839269,3.13795,21.843999999999994,22.0681,TRUE,-323.081,0.863071,3.15166,28.5685,28.7421,TRUE,-16.200999999999965,both,NA
AU-APL,2020,WET,TERN,-420.155,0.803222,4.34803,22.45350000000002,22.8704,TRUE,-398.249,0.8236,4.03274,21.61700000000002,21.99,TRUE,-21.90599999999995,both,NA
AU-APL,2021,WET,TERN,-400.526,0.858105,4.23376,25.67100000000002,26.018,TRUE,-404.327,0.840297,4.33283,22.39500000000001,22.8107,TRUE,3.8009999999999877,both,NA
AU-APL,2022,WET,TERN,NA,NA,NA,NA,NA,FALSE,NA,NA,NA,NA,NA,FALSE,NA,neither,no_value
AU-ASM,2010,SAV,TERN,NA,NA,NA,NA,NA,FALSE,NA,NA,NA,NA,NA,FALSE,NA,neither,no_value
AU-ASM,2011,SAV,TERN,-167.566,0.954737,3.819,2.3799999999999955,4.50003,TRUE,-165.418,0.949943,3.78764,2.4795000000000016,4.52705,TRUE,-2.147999999999996,both,NA
AU-ASM,2012,SAV,TERN,11.2421,0.977117,2.14811,1.1820499999999994,2.45186,TRUE,11.2624,0.977061,2.14853,1.4837499999999997,2.61108,TRUE,-0.020299999999998875,both,NA
AU-ASM,2013,SAV,TERN,-20.4599,0.991153,2.28553,1.5238999999999994,2.74699,TRUE,-22.4705,0.989612,2.28902,2.2185499999999987,3.18772,TRUE,2.0106,both,NA
AU-ASM,2014,SAV,TERN,-48.0011,0.972888,2.28801,2.8420500000000004,3.64859,TRUE,-48.3468,0.971975,2.25418,4.540150000000001,5.06894,TRUE,0.3457000000000008,both,NA
AU-ASM,2015,SAV,TERN,-78.0134,0.98984,2.61358,4.568950000000001,5.2637,TRUE,-78.0134,0.98984,2.61478,4.5443500000000014,5.24294,TRUE,0,both,NA
AU-ASM,2016,SAV,TERN,-54.4633,0.984973,2.84474,4.427200000000003,5.26239,TRUE,-54.445,0.984973,2.84623,6.193199999999997,6.81592,TRUE,-0.01829999999999643,both,NA
AU-ASM,2017,SAV,TERN,-254.755,0.980194,2.60724,2.304000000000002,3.47932,TRUE,-253.714,0.98339,2.73017,1.9424999999999955,3.35079,TRUE,-1.0409999999999968,both,NA
AU-ASM,2018,SAV,TERN,0.625349,0.940011,1.91222,1.216333,2.26628,TRUE,-0.0535714,0.948116,1.95334,4.252945,4.68007,TRUE,0.6789204000000001,both,NA
AU-ASM,2019,SAV,TERN,-27.6447,0.985388,1.13884,0.8440499999999993,1.41752,TRUE,-28.6988,0.990126,1.1105,0.8760499999999993,1.41446,TRUE,1.0540999999999983,both,NA
AU-ASM,2020,SAV,TERN,-43.211,0.987079,2.0633,2.131599999999999,2.96666,TRUE,-41.9241,0.988502,2.09391,3.126249999999999,3.7627,TRUE,-1.2868999999999957,both,NA
AU-ASM,2021,SAV,TERN,NA,NA,NA,NA,NA,FALSE,NA,NA,NA,NA,NA,FALSE,NA,neither,no_value
AU-ASM,2022,SAV,TERN,NA,NA,NA,NA,NA,FALSE,NA,NA,NA,NA,NA,FALSE,NA,neither,no_value
AU-ASM,2023,SAV,TERN,NA,NA,NA,NA,NA,FALSE,NA,NA,NA,NA,NA,FALSE,NA,neither,no_value
AU-ASM,2024,SAV,TERN,NA,NA,NA,NA,NA,FALSE,NA,NA,NA,NA,NA,FALSE,NA,neither,no_value
AU-ASM,2025,SAV,TERN,-314.394,0.972089,2.30224,4.280500000000018,4.86016,TRUE,-311.867,0.977797,2.31716,2.504499999999979,3.41199,TRUE,-2.526999999999987,both,NA
AU-Ade,2007,WSA,TERN,NA,NA,NA,NA,NA,FALSE,NA,NA,NA,NA,NA,FALSE,NA,neither,no_value
AU-Ade,2008,WSA,TERN,-282.266,0.957536,8.44306,9.207499999999982,12.4925,TRUE,-282.274,0.957536,8.44492,9.157999999999987,12.457,TRUE,0.007999999999981355,both,NA
AU-Ade,2009,WSA,TERN,NA,NA,NA,NA,NA,FALSE,NA,NA,NA,NA,NA,FALSE,NA,neither,no_value
AU-Boy,2017,EBF,TERN,NA,NA,NA,NA,NA,FALSE,NA,NA,NA,NA,NA,FALSE,NA,neither,no_value
AU-Boy,2018,EBF,TERN,-157.016,0.891724,4.92221,3.4710000000000036,6.02269,TRUE,-159.674,0.876655,4.84554,4.452500000000001,6.58036,TRUE,2.6580000000000155,both,NA
AU-Boy,2019,EBF,TERN,NA,NA,NA,NA,NA,FALSE,NA,NA,NA,NA,NA,FALSE,NA,neither,no_value
AU-Boy,2020,EBF,TERN,-298.532,0.97393,4.65589,3.9339999999999975,6.09539,TRUE,-298.07,0.971653,4.60193,4.9044999999999845,6.72561,TRUE,-0.4619999999999891,both,NA
AU-Boy,2021,EBF,TERN,-457.063,0.944463,5.61796,14.868000000000023,15.8939,TRUE,-457.101,0.944463,5.61814,15.074999999999989,16.0876,TRUE,0.038000000000010914,both,NA
AU-Boy,2022,EBF,TERN,-530.046,0.947774,4.38922,13.396999999999991,14.0975,TRUE,-535.381,0.95234,4.4252,12.210999999999956,12.9885,TRUE,5.334999999999923,both,NA
AU-Boy,2023,EBF,TERN,-510.305,0.964269,4.6849,27.317499999999967,27.7167,TRUE,-498.145,0.973116,4.63953,22.408999999999992,22.884,TRUE,-12.160000000000025,both,NA
AU-Boy,2024,EBF,TERN,-408.196,0.894752,4.88158,7.643000000000001,9.0687,TRUE,-408.226,0.894752,4.88137,8.384500000000003,9.70196,TRUE,0.029999999999972715,both,NA
AU-Boy,2025,EBF,TERN,NA,NA,NA,NA,NA,FALSE,NA,NA,NA,NA,NA,FALSE,NA,neither,no_value
AU-Col,2017,EBF,TERN,NA,NA,NA,NA,NA,FALSE,NA,NA,NA,NA,NA,FALSE,NA,neither,no_value
AU-Col,2018,EBF,TERN,NA,NA,NA,NA,NA,FALSE,NA,NA,NA,NA,NA,FALSE,NA,neither,no_value
AU-Col,2019,EBF,TERN,NA,NA,NA,NA,NA,FALSE,NA,NA,NA,NA,NA,FALSE,NA,neither,no_value
AU-Cow,2009,EBF,TERN,NA,NA,NA,NA,NA,FALSE,NA,NA,NA,NA,NA,FALSE,NA,neither,no_value
AU-Cow,2010,EBF,TERN,-612.524,0.882078,20.775,38.726,43.9463,TRUE,-612.642,0.882078,20.7754,21.24799999999999,29.717,TRUE,0.11800000000005184,both,NA
AU-Cow,2011,EBF,TERN,-285.769,0.886301,17.534300000000002,60.61100000000002,63.0964,TRUE,-293.106,0.886358,17.5172,65.77850000000001,68.0713,TRUE,7.336999999999989,both,NA
AU-Cow,2012,EBF,TERN,-577.086,0.969433,16.7581,27.66300000000001,32.3428,TRUE,-570.971,0.966018,16.6612,46.382000000000005,49.2835,TRUE,-6.115000000000009,both,NA
AU-Cow,2013,EBF,TERN,-903.837,0.991952,21.1279,78.21800000000002,81.0216,TRUE,-903.765,0.991952,21.1336,78.8655,81.6482,TRUE,-0.07200000000000273,both,NA
AU-Cow,2014,EBF,TERN,-408.574,0.918151,22.8698,18.389499999999998,29.3462,TRUE,-413.226,0.918094,22.5547,19.652500000000003,29.9156,TRUE,4.651999999999987,both,NA
AU-Cow,2015,EBF,TERN,-312.567,0.995034,21.152,95.75099999999999,98.0592,TRUE,-289.862,0.995719,21.441,90.3375,92.8471,TRUE,-22.704999999999984,both,NA
AU-Cow,2016,EBF,TERN,-819.788,0.979337,23.7625,116.4015,118.802,TRUE,-818.537,0.979337,23.7459,115.36450000000002,117.783,TRUE,-1.2509999999999764,both,NA
AU-Cow,2017,EBF,TERN,-1385.78,0.94532,21.304,58.24000000000001,62.0112,TRUE,-1390.33,0.946518,21.777,56.01999999999998,60.1047,TRUE,4.5499999999999545,both,NA
AU-Cow,2018,EBF,TERN,-1425.86,0.99355,19.0113,24.670000000000073,31.1433,TRUE,-1429.52,0.993893,19.7292,25.774999999999977,32.4602,TRUE,3.660000000000082,both,NA
AU-Cow,2019,EBF,TERN,-932.97,0.987043,20.376,137.24450000000007,138.749,TRUE,-952.993,0.988527,21.2174,132.92250000000007,134.606,TRUE,20.023000000000025,both,NA
AU-Cow,2020,EBF,TERN,NA,NA,NA,NA,NA,FALSE,NA,NA,NA,NA,NA,FALSE,NA,neither,no_value
AU-Cow,2021,EBF,TERN,-868.816,0.986815,15.815,51.140499999999975,53.53,TRUE,-874.373,0.987842,15.8235,52.456999999999994,54.7912,TRUE,5.557000000000016,both,NA
AU-Cow,2022,EBF,TERN,-913.252,0.817066,15.1248,34.24600000000004,37.4374,TRUE,-905.57,0.817808,15.2462,38.02049999999997,40.9635,TRUE,-7.681999999999903,both,NA
AU-Cow,2023,EBF,TERN,NA,NA,NA,NA,NA,FALSE,NA,NA,NA,NA,NA,FALSE,NA,neither,no_value
AU-Cow,2024,EBF,TERN,-383.504,0.992999,17.3117,95.7175,97.27,TRUE,-406.761,0.992088,16.927,93.722500000000025,95.2388,TRUE,23.257000000000005,both,NA
AU-Cow,2025,EBF,TERN,NA,NA,NA,NA,NA,FALSE,NA,NA,NA,NA,NA,FALSE,NA,neither,no_value
AU-Cpr,2010,WSA,TERN,NA,NA,NA,NA,NA,FALSE,NA,NA,NA,NA,NA,FALSE,NA,neither,no_value
AU-Cpr,2011,WSA,TERN,-250.838,0.95,2.89453,2.791499999999999,4.02145,TRUE,-252.918,0.942808,2.74101,2.7309999999999945,3.8695,TRUE,2.0800000000000125,both,NA
AU-Cpr,2012,WSA,TERN,-234.151,0.960553,2.68051,2.125,3.42065,TRUE,-236.571,0.957195,2.6111,2.248499999999993,3.44574,TRUE,2.4199999999999875,both,NA
AU-Cpr,2013,WSA,TERN,-111.191,0.90137,2.36464,2.928999999999995,3.76433,TRUE,-111.301,0.90605,2.42429,1.5859999999999985,2.89696,TRUE,0.10999999999999943,both,NA
AU-Cpr,2014,WSA,TERN,NA,NA,NA,NA,NA,FALSE,NA,NA,NA,NA,NA,FALSE,NA,neither,no_value
AU-Cpr,2015,WSA,TERN,-59.4968,0.949886,1.90063,1.4223,2.37391,TRUE,-59.3535,0.952568,1.91076,1.5287499999999987,2.44706,TRUE,-0.14330000000000354,both,NA
AU-Cpr,2016,WSA,TERN,-70.8253,0.955203,2.27967,2.24315,3.1982,TRUE,-72.5048,0.951901,2.23415,2.2436000000000007,3.16625,TRUE,1.6795000000000044,both,NA
AU-Cpr,2017,WSA,TERN,-143.237,0.949372,2.21105,1.5534999999999997,2.7023,TRUE,-143.536,0.945776,2.19274,1.3795000000000073,2.59056,TRUE,0.2990000000000066,both,NA
AU-Cpr,2018,WSA,TERN,-96.7418,0.957021,1.94592,1.7744,2.63345,TRUE,-98.0388,0.951598,1.88861,2.0014499999999984,2.7517,TRUE,1.296999999999997,both,NA
AU-Cpr,2019,WSA,TERN,-85.7062,0.95274,2.10758,3.059350000000002,3.71503,TRUE,-87.1755,0.949772,2.10199,2.8293000000000035,3.5247,TRUE,1.469300000000004,both,NA
AU-Cpr,2020,WSA,TERN,-209.868,0.906819,2.24467,1.5194999999999936,2.71056,TRUE,-209.86,0.906819,2.24461,1.6509999999999962,2.7864,TRUE,-0.007999999999981355,both,NA
AU-Cpr,2021,WSA,TERN,-379.871,0.944349,2.17857,1.4635000000000105,2.62459,TRUE,-379.871,0.944349,2.17857,1.6450000000000102,2.73002,TRUE,0,both,NA
AU-Cpr,2022,WSA,TERN,NA,NA,NA,NA,NA,FALSE,NA,NA,NA,NA,NA,FALSE,NA,neither,no_value
AU-Cpr,2023,WSA,TERN,-365.146,0.812842,2.42263,3.0504999999999995,3.89556,TRUE,-365.159,0.812842,2.42277,2.6055000000000064,3.5576,TRUE,0.012999999999976808,both,NA
AU-Cpr,2024,WSA,TERN,-346.117,0.932491,2.0832,3.095999999999975,3.7313,TRUE,-345.214,0.9375,2.11898,2.921999999999997,3.60923,TRUE,-0.90300000000002,both,NA
AU-Cpr,2025,WSA,TERN,-351.393,0.936986,2.04067,3.6599999999999966,4.19033,TRUE,-349.676,0.944292,2.08843,2.774000000000001,3.4725,TRUE,-1.7169999999999845,both,NA
AU-Ctr,2010,EBF,TERN,95.8444,0.926712,19.7039,24.651449999999997,31.5584,TRUE,124.79,0.944977,20.6253,32.36025,38.3743,TRUE,-28.945600000000013,both,NA
AU-Ctr,2011,EBF,TERN,71.8804,0.975742,18.6785,79.1705,81.344,TRUE,3.65658,0.987785,18.8722,115.49,117.022,TRUE,68.22381999999999,both,NA
AU-Ctr,2012,EBF,TERN,273.536,0.919513,21.4773,191.08214999999998,192.285,TRUE,92.531,0.926343,21.9497,181.47095000000002,182.794,TRUE,181.005,both,NA
AU-Ctr,2013,EBF,TERN,450.898,0.949372,26.9172,175.4065,177.46,TRUE,462.154,0.947888,26.9486,175.91499999999996,177.967,TRUE,-11.255999999999972,both,NA
AU-Ctr,2014,EBF,TERN,NA,NA,NA,NA,NA,FALSE,NA,NA,NA,NA,NA,FALSE,NA,neither,no_value
AU-Ctr,2015,EBF,TERN,-38.0571,0.994806,24.9274,179.745,181.465,TRUE,53.0442,0.992352,24.4522,211.03050000000002,212.442,TRUE,-91.1013,both,NA
AU-Ctr,2016,EBF,TERN,91.5962,0.9375,20.9132,120.75735,122.555,TRUE,227.731,0.932036,20.5943,157.98842000000002,159.325,TRUE,-136.13479999999998,both,NA
AU-Ctr,2017,EBF,TERN,-114.915,0.765582,23.8242,228.1153,229.356,TRUE,-114.573,0.760217,23.3917,266.86,267.883,TRUE,-0.34200000000001296,both,NA
AU-Ctr,2018,EBF,TERN,NA,NA,NA,NA,NA,FALSE,NA,NA,NA,NA,NA,FALSE,NA,neither,no_value
AU-Cum,2014,EBF,TERN,-121.456,0.968436,10.7817,13.783999999999999,17.5001,TRUE,-121.408,0.968436,10.7782,13.940000000000005,17.6206,TRUE,-0.04800000000000182,both,NA
AU-Cum,2015,EBF,TERN,-190.772,0.982991,13.3693,25.506,28.7977,TRUE,-214.846,0.979281,12.7746,34.28950000000002,36.5916,TRUE,24.074000000000012,both,NA
AU-Cum,2016,EBF,TERN,-383.246,0.984688,12.1778,19.185000000000002,22.7236,TRUE,-393.234,0.982127,11.6878,21.301500000000004,24.2974,TRUE,9.988,both,NA
AU-Cum,2017,EBF,TERN,-172.056,0.983562,12.0133,24.114000000000004,26.9404,TRUE,-172.076,0.983562,11.9986,24.095,26.9169,TRUE,0.01999999999998181,both,NA
AU-Cum,2018,EBF,TERN,-73.959,0.878425,9.57744,19.560200000000002,21.7789,TRUE,-73.959,0.878425,9.57744,15.59215,18.2987,TRUE,0,both,NA
AU-Cum,2019,EBF,TERN,-363.445,0.968037,9.68196,13.725500000000011,16.7966,TRUE,-363.445,0.968037,9.68196,7.678500000000014,12.357,TRUE,0,both,NA
AU-Cum,2020,EBF,TERN,-329.047,0.955829,11.3252,21.319999999999993,24.1411,TRUE,-329.047,0.955829,11.3252,23.001499999999993,25.6386,TRUE,0,both,NA
AU-Cum,2021,EBF,TERN,-392.224,0.966667,11.6305,22.204499999999996,25.0664,TRUE,-392.224,0.966667,11.6305,22.101,24.9745,TRUE,0,both,NA
AU-Cum,2022,EBF,TERN,-563.757,0.972831,11.99,15.649499999999989,19.7149,TRUE,-563.757,0.972831,11.99,15.649499999999989,19.7149,TRUE,0,both,NA
AU-Cum,2023,EBF,TERN,-602.364,0.954509,11.1785,3.6725000000000136,11.7664,TRUE,-602.364,0.954509,11.1785,3.695500000000038,11.7734,TRUE,0,both,NA
AU-Cum,2024,EBF,TERN,-490.665,0.97097,11.6093,9.225499999999982,14.8286,TRUE,-490.555,0.971027,11.6095,9.144000000000005,14.7783,TRUE,-0.11000000000001364,both,NA
AU-Cum,2025,EBF,TERN,-438.469,0.960331,10.367,7.303500000000014,12.6813,TRUE,-424.938,0.963984,10.8632,10.224500000000006,14.918,TRUE,-13.531000000000006,both,NA
AU-DaP,2008,GRA,TERN,-322.263,0.907616,5.54383,59.849999999999994,60.106,TRUE,-357.017,0.949055,5.96333,53.49549999999999,53.8268,TRUE,34.75400000000002,both,NA
AU-DaP,2009,GRA,TERN,-117.423,0.881735,4.62274,67.54835,67.7065,TRUE,-179.983,0.899429,4.94734,65.25285,65.4402,TRUE,62.56,both,NA
AU-DaP,2010,GRA,TERN,-84.31,0.980422,7.15149,62.4341,62.8421,TRUE,-106.183,0.984989,7.45608,76.7566,77.1177,TRUE,21.873000000000005,both,NA
AU-DaP,2011,GRA,TERN,-402.128,0.873916,7.33534,28.871499999999997,29.7891,TRUE,-384.308,0.867409,7.08662,25.213499999999982,26.1904,TRUE,-17.819999999999993,both,NA
AU-DaP,2012,GRA,TERN,NA,NA,NA,NA,NA,FALSE,NA,NA,NA,NA,NA,FALSE,NA,neither,no_value
AU-DaP,2013,GRA,TERN,NA,NA,NA,NA,NA,FALSE,NA,NA,NA,NA,NA,FALSE,NA,neither,no_value
AU-DaS,2007,WSA,TERN,NA,NA,NA,NA,NA,FALSE,NA,NA,NA,NA,NA,FALSE,NA,neither,no_value
AU-DaS,2008,WSA,TERN,-220.307,0.940403,6.07059,8.828500000000005,10.7143,TRUE,-205.356,0.92492,5.93465,13.850000000000009,15.0679,TRUE,-14.950999999999993,both,NA
AU-DaS,2009,WSA,TERN,-151.48,0.937614,8.5397,21.971000000000004,23.5718,TRUE,-153.936,0.924715,8.47286,30.863,32.0052,TRUE,2.4560000000000173,both,NA
AU-DaS,2010,WSA,TERN,-240.124,0.921575,7.14542,54.153999999999996,54.6237,TRUE,-214.629,0.925514,7.15058,50.29350000000001,50.7993,TRUE,-25.495000000000005,both,NA
AU-DaS,2011,WSA,TERN,NA,NA,NA,NA,NA,FALSE,NA,NA,NA,NA,NA,FALSE,NA,neither,no_value
AU-DaS,2012,WSA,TERN,-223.891,0.938069,8.18377,20.11500000000001,21.7163,TRUE,-232.752,0.94877,8.2722,59.98450000000001,60.5523,TRUE,8.861000000000018,both,NA
AU-DaS,2013,WSA,TERN,-338.448,0.964155,7.50028,23.780500000000018,24.9355,TRUE,-333.002,0.952169,7.41542,54.34900000000002,54.8526,TRUE,-5.4459999999999695,both,NA
AU-DaS,2014,WSA,TERN,-415.405,0.878139,7.47706,22.7175,23.9165,TRUE,-388.982,0.856906,7.30006,31.017499999999984,31.8649,TRUE,-26.422999999999945,both,NA
AU-DaS,2015,WSA,TERN,-474.886,0.873973,7.48989,19.883499999999998,21.2473,TRUE,-513.658,0.846062,6.70737,21.813000000000017,22.8207,TRUE,38.77199999999999,both,NA
AU-DaS,2016,WSA,TERN,-467.197,0.937728,9.25697,84.834,85.3373,TRUE,-377.935,0.893898,7.84833,87.04650000000001,87.3997,TRUE,-89.262,both,NA
AU-DaS,2017,WSA,TERN,-520.397,0.795548,11.2631,41.4255,42.9293,TRUE,-472.54,0.759589,10.5781,80.041499999999985,80.7372,TRUE,-47.85700000000003,both,NA
AU-DaS,2018,WSA,TERN,-556.851,0.884304,8.54118,37.38299999999998,38.3463,TRUE,-647.391,0.860046,8.46684,47.519000000000005,48.2676,TRUE,90.53999999999996,both,NA
AU-DaS,2019,WSA,TERN,-576.937,0.721575,6.24543,22.726,23.5685,TRUE,-563.913,0.703767,5.58137,25.801499999999976,26.3984,TRUE,-13.024000000000001,both,NA
AU-DaS,2020,WSA,TERN,-466.288,0.915301,7.15854,43.70649999999998,44.2893,TRUE,-424.565,0.898736,7.51026,55.7945,56.2977,TRUE,-41.72300000000001,both,NA
AU-DaS,2021,WSA,TERN,-640.997,0.9629,8.44987,44.257000000000005,45.0565,TRUE,-620.697,0.9375,8.15491,56.64100000000002,57.2252,TRUE,-20.299999999999955,both,NA
AU-DaS,2022,WSA,TERN,NA,NA,NA,NA,NA,FALSE,NA,NA,NA,NA,NA,FALSE,NA,neither,no_value
AU-DaS,2023,WSA,TERN,-205.929,0.633048,9.75546,12.283000000000001,15.6858,TRUE,-202.796,0.494749,8.30725,37.1495,38.067,FALSE,-3.1330000000000098,VUT_only,NA
AU-DaS,2024,WSA,TERN,-265.042,0.990949,10.8102,8.701999999999998,13.8776,TRUE,-119.87,0.848474,11.769,118.3477,118.931,TRUE,-145.17199999999997,both,NA
AU-DaS,2025,WSA,TERN,-491.323,0.993893,10.6521,12.006499999999988,16.0507,TRUE,-437.4,0.826826,6.52614,63.09100000000001,63.4275,TRUE,-53.923,both,NA
AU-Dry,2009,WSA,TERN,NA,NA,NA,NA,NA,FALSE,NA,NA,NA,NA,NA,FALSE,NA,neither,no_value
AU-Dry,2010,WSA,TERN,-309.76,0.752854,5.10235,10.87700000000001,12.0141,TRUE,-316.177,0.743379,4.35292,10.992500000000007,11.8229,TRUE,6.41700000000003,both,NA
AU-Dry,2011,WSA,TERN,NA,NA,NA,NA,NA,FALSE,NA,NA,NA,NA,NA,FALSE,NA,neither,no_value
AU-Dry,2012,WSA,TERN,-338.576,0.88536,4.28753,12.264999999999986,12.9928,TRUE,-332.994,0.864754,4.0635,11.929000000000002,12.6019,TRUE,-5.581999999999994,both,NA
AU-Dry,2013,WSA,TERN,NA,NA,NA,NA,NA,FALSE,NA,NA,NA,NA,NA,FALSE,NA,neither,no_value
AU-Dry,2014,WSA,TERN,-290.669,0.939897,4.8337,39.64599999999999,39.9396,TRUE,-312.318,0.929795,4.41585,38.97999999999999,39.2293,TRUE,21.649,both,NA
AU-Dry,2015,WSA,TERN,NA,NA,NA,NA,NA,FALSE,NA,NA,NA,NA,NA,FALSE,NA,neither,no_value
AU-Dry,2016,WSA,TERN,NA,NA,NA,NA,NA,FALSE,NA,NA,NA,NA,NA,FALSE,NA,neither,no_value
AU-Dry,2017,WSA,TERN,NA,NA,NA,NA,NA,FALSE,NA,NA,NA,NA,NA,FALSE,NA,neither,no_value
AU-Dry,2018,WSA,TERN,-295.798,0.974144,4.77394,8.821499999999986,10.0306,TRUE,-287.811,0.966039,4.30246,12.444999999999993,13.1676,TRUE,-7.987000000000023,both,NA
AU-Dry,2019,WSA,TERN,-317.705,0.776826,3.29856,4.899499999999989,5.90607,TRUE,-309.088,0.772546,3.2246,9.370500000000021,9.90949,TRUE,-8.616999999999962,both,NA
AU-Dry,2020,WSA,TERN,-402.096,0.962546,4.76209,12.566999999999979,13.4391,TRUE,-395.186,0.959301,4.70294,16.0865,16.7598,TRUE,-6.910000000000025,both,NA
AU-Dry,2021,WSA,TERN,NA,NA,NA,NA,NA,FALSE,NA,NA,NA,NA,NA,FALSE,NA,neither,no_value
AU-Dry,2022,WSA,TERN,-585.238,0.941267,4.92654,6.150499999999965,7.88024,TRUE,-584.244,0.960559,5.46477,19.48750000000001,20.2395,TRUE,-0.9940000000000282,both,NA
AU-Dry,2023,WSA,TERN,-543.279,0.954852,5.4183,25.690499999999986,26.2558,TRUE,-535.747,0.963413,5.60017,12.983000000000004,14.1394,TRUE,-7.532000000000039,both,NA
AU-Dry,2024,WSA,TERN,-506.31,0.92418,5.86638,27.513000000000005,28.1314,TRUE,-523.025,0.920139,5.66781,25.40549999999999,26.0302,TRUE,16.714999999999975,both,NA
AU-Dry,2025,WSA,TERN,NA,NA,NA,NA,NA,FALSE,NA,NA,NA,NA,NA,FALSE,NA,neither,no_value
AU-Emr,2011,GRA,TERN,NA,NA,NA,NA,NA,FALSE,NA,NA,NA,NA,NA,FALSE,NA,neither,no_value
AU-Emr,2012,GRA,TERN,23.3738,0.910747,5.19098,2.9132,5.95256,TRUE,23.4161,0.910747,5.19101,2.8581000000000003,5.92582,TRUE,-0.04230000000000089,both,NA
AU-Emr,2013,GRA,TERN,79.5418,0.891438,3.84276,1.2398000000000025,4.03781,TRUE,78.6913,0.880251,3.83452,1.2398000000000025,4.02996,TRUE,0.8504999999999967,both,NA
AU-Fle,2022,WSA,TERN,NA,NA,NA,NA,NA,FALSE,NA,NA,NA,NA,NA,FALSE,NA,neither,no_value
AU-Fle,2023,WSA,TERN,-488.006,0.973059,7.082,16.802999999999997,18.2345,TRUE,-488.006,0.973059,7.082,16.742999999999995,18.1793,TRUE,0,both,NA
AU-Fle,2024,WSA,TERN,-413.318,0.971027,6.78344,26.71950000000001,27.5673,TRUE,-413.318,0.971027,6.78344,26.69550000000001,27.5442,TRUE,0,both,NA
AU-Fle,2025,WSA,TERN,-422.542,0.966381,7.3355,34.5445,35.3148,TRUE,-422.542,0.966381,7.3355,45.94749999999999,46.5293,TRUE,0,both,NA
AU-Fog,2006,GRA,TERN,NA,NA,NA,NA,NA,FALSE,NA,NA,NA,NA,NA,FALSE,NA,neither,no_value
AU-Fog,2007,GRA,TERN,-483.152,0.934075,5.54514,8.70750000000001,10.3235,TRUE,-483.152,0.934075,5.54514,8.69149999999999,10.3093,TRUE,0,both,NA
AU-Fog,2008,GRA,TERN,NA,NA,NA,NA,NA,FALSE,NA,NA,NA,NA,NA,FALSE,NA,neither,no_value
AU-GWW,2013,EBF,TERN,-154.909,0.898288,2.04322,2.0660000000000025,2.90596,TRUE,-155.742,0.893493,2.00784,2.086500000000001,2.896,TRUE,0.8329999999999984,both,NA
AU-GWW,2014,EBF,TERN,-170.041,0.860616,2.37809,3.328000000000003,4.09014,TRUE,-170.587,0.855137,2.35213,4.525000000000006,5.09992,TRUE,0.5459999999999923,both,NA
AU-GWW,2015,EBF,TERN,-45.2796,0.937215,1.67084,9.207250000000002,9.35766,TRUE,-43.9172,0.934475,1.6432,9.94595,10.0808,TRUE,-1.362400000000001,both,NA
AU-GWW,2016,EBF,TERN,-38.118,0.938183,1.80409,1.44585,2.31197,TRUE,-37.8852,0.932719,1.80794,2.329849999999997,2.94903,TRUE,-0.23280000000000456,both,NA
AU-GWW,2017,EBF,TERN,-27.9125,0.906336,1.76956,3.2619000000000007,3.71098,TRUE,-25.7813,0.89903,1.78336,3.7805999999999997,4.18014,TRUE,-2.1311999999999998,both,NA
AU-GWW,2018,EBF,TERN,-45.2948,0.912671,2.1582,4.681549999999998,5.1551,TRUE,-45.1399,0.909703,2.13943,4.407250000000001,4.89906,TRUE,-0.15490000000000492,both,NA
AU-GWW,2019,EBF,TERN,-207.496,0.926313,2.13093,20.295,20.4065,TRUE,-207.506,0.926313,2.13107,21.287999999999997,21.3944,TRUE,0.009999999999990905,both,NA
AU-GWW,2020,EBF,TERN,-426.328,0.926742,2.89433,5.932999999999993,6.60132,TRUE,-424.594,0.930612,2.91704,6.4435,7.07322,TRUE,-1.7339999999999804,both,NA
AU-GWW,2021,EBF,TERN,-435.971,0.912329,3.25109,7.627499999999998,8.29125,TRUE,-433.057,0.917066,3.27393,6.040999999999997,6.87122,TRUE,-2.9139999999999873,both,NA
AU-GWW,2022,EBF,TERN,NA,NA,NA,NA,NA,FALSE,NA,NA,NA,NA,NA,FALSE,NA,neither,no_value
AU-GWW,2023,EBF,TERN,-521.88,0.78105,2.74266,7.296500000000009,7.79503,TRUE,-520.935,0.785845,3.59531,3.8974999999999795,5.30227,TRUE,-0.94500000000005,both,NA
AU-GWW,2024,EBF,TERN,-407.874,0.903176,3.11364,3.4254999999999995,4.62918,TRUE,-405.766,0.906705,3.10861,2.058000000000021,3.72808,TRUE,-2.108000000000004,both,NA
AU-GWW,2025,EBF,TERN,NA,NA,NA,NA,NA,FALSE,NA,NA,NA,NA,NA,FALSE,NA,neither,no_value
AU-Gin,2011,EBF,TERN,NA,NA,NA,NA,NA,FALSE,NA,NA,NA,NA,NA,FALSE,NA,neither,no_value
AU-Gin,2012,EBF,TERN,NA,NA,NA,NA,NA,FALSE,NA,NA,NA,NA,NA,FALSE,NA,neither,no_value
AU-Gin,2013,EBF,TERN,-262.004,0.880537,3.66465,7.787000000000006,8.60627,TRUE,-261.803,0.870605,3.70315,8.739000000000004,9.49139,TRUE,-0.20100000000002183,both,NA
AU-Gin,2014,EBF,TERN,-337.123,0.935274,3.75258,5.983000000000004,7.06252,TRUE,-342.142,0.935388,3.68351,4.248999999999995,5.62355,TRUE,5.0190000000000055,both,NA
AU-Gin,2015,EBF,TERN,-405.35,0.941153,3.3786,15.390500000000003,15.7571,TRUE,-405.434,0.940639,3.32086,16.026999999999987,16.3674,TRUE,0.08400000000000318,both,NA
AU-Gin,2016,EBF,TERN,-226.451,0.956967,4.2142,9.353500000000011,10.2593,TRUE,-208.793,0.952983,4.23442,11.323999999999998,12.0898,TRUE,-17.657999999999987,both,NA
AU-Gin,2017,EBF,TERN,-435.031,0.937842,4.14276,16.859499999999997,17.3607,TRUE,-456.214,0.933162,4.00408,16.865499999999997,17.3344,TRUE,21.182999999999993,both,NA
AU-Gin,2018,EBF,TERN,-534.423,0.918893,4.17166,11.690999999999974,12.4127,TRUE,-539.1,0.919635,4.16845,19.137,19.5854,TRUE,4.677000000000021,both,NA
AU-Gin,2019,EBF,TERN,-412.189,0.868322,3.10331,7.537000000000006,8.15112,TRUE,-412.528,0.868379,3.10456,11.168500000000023,11.592,TRUE,0.33899999999999864,both,NA
AU-Gin,2020,EBF,TERN,-359.122,0.947575,3.28018,8.157499999999999,8.79242,TRUE,-358.96,0.950478,3.28123,10.166500000000013,10.6826,TRUE,-0.16200000000003456,both,NA
AU-Gin,2021,EBF,TERN,-512.359,0.861872,6.15137,14.533500000000004,15.7819,TRUE,-512.21,0.861758,6.1514,16.986500000000035,18.0661,TRUE,-0.1490000000000009,both,NA
AU-Gin,2022,EBF,TERN,-525.283,0.867922,3.93114,6.236499999999978,7.37248,TRUE,-526.822,0.865354,3.96784,8.041499999999985,8.96693,TRUE,1.5389999999999873,both,NA
AU-Gin,2023,EBF,TERN,-623.613,0.675571,5.07143,18.695500000000038,19.371,TRUE,-634.178,0.665925,5.06677,29.83499999999998,30.2626,TRUE,10.56499999999994,both,NA
AU-Gin,2024,EBF,TERN,-457.901,0.907047,3.93005,5.788000000000011,6.99617,TRUE,-453.152,0.895549,3.67886,10.180499999999995,10.8247,TRUE,-4.749000000000024,both,NA
AU-Gin,2025,EBF,TERN,NA,NA,NA,NA,NA,FALSE,NA,NA,NA,NA,NA,FALSE,NA,neither,no_value
AU-How,2002,WSA,TERN,-648.094,0.675799,12.5941,31.533500000000004,33.9557,TRUE,-648.057,0.675799,12.5975,45.68549999999999,47.3908,TRUE,-0.03700000000003456,both,NA
AU-How,2003,WSA,TERN,-787.193,0.872203,15.271,30.633999999999958,34.229,TRUE,-782.284,0.874829,15.4669,29.160000000000025,33.008,TRUE,-4.908999999999992,both,NA
AU-How,2004,WSA,TERN,-556.599,0.768386,7.73683,58.29449999999997,58.8053,TRUE,-558.032,0.768329,7.72452,55.80150000000003,56.3336,TRUE,1.4329999999999927,both,NA
AU-How,2005,WSA,TERN,-588.96,0.853995,7.1963,68.81849999999997,69.194,TRUE,-577.67,0.852397,7.04779,69.33100000000002,69.6881,TRUE,-11.290000000000077,both,NA
AU-How,2006,WSA,TERN,NA,NA,NA,NA,NA,FALSE,NA,NA,NA,NA,NA,FALSE,NA,neither,no_value
AU-How,2007,WSA,TERN,NA,NA,NA,NA,NA,FALSE,NA,NA,NA,NA,NA,FALSE,NA,neither,no_value
AU-How,2008,WSA,TERN,-510.072,0.950592,6.79984,10.048500000000018,12.1329,TRUE,-512.317,0.948031,6.55741,10.491500000000002,12.372,TRUE,2.2450000000000045,both,NA
AU-How,2009,WSA,TERN,NA,NA,NA,NA,NA,FALSE,NA,NA,NA,NA,NA,FALSE,NA,neither,no_value
AU-How,2010,WSA,TERN,-970.892,0.971804,7.098,24.788999999999987,25.7849,TRUE,-966.973,0.983219,7.17707,21.183500000000038,22.3664,TRUE,-3.9190000000000964,both,NA
AU-How,2011,WSA,TERN,-567.903,0.963927,6.61627,39.10549999999995,39.6617,TRUE,-615.066,0.98379,6.92625,31.712499999999977,32.4601,TRUE,47.16300000000001,both,NA
AU-How,2012,WSA,TERN,-769.332,0.95378,7.05645,19.966000000000008,21.176,TRUE,-762.467,0.975922,7.29795,12.050000000000011,14.0877,TRUE,-6.865000000000009,both,NA
AU-How,2013,WSA,TERN,-685.736,0.960388,7.01631,8.27600000000001,10.8502,TRUE,-693.898,0.963584,7.13459,6.8910000000000196,9.919,TRUE,8.162000000000035,both,NA
AU-How,2014,WSA,TERN,-727.647,0.973402,7.94131,24.29000000000002,25.5552,TRUE,-729.134,0.974829,8.03299,27.513500000000022,28.6618,TRUE,1.4869999999999663,both,NA
AU-How,2015,WSA,TERN,-658.016,0.957306,8.06661,20.533000000000015,22.0608,TRUE,-655.371,0.949087,8.0234,32.02199999999999,33.012,TRUE,-2.644999999999982,both,NA
AU-How,2016,WSA,TERN,-893.446,0.97837,8.62164,8.853000000000009,12.3574,TRUE,-896.194,0.974727,8.44249,7.939000000000021,11.589,TRUE,2.7479999999999336,both,NA
AU-How,2017,WSA,TERN,-795.252,0.981279,8.57159,20.562000000000012,22.2768,TRUE,-794.955,0.976084,8.32161,27.992999999999995,29.2039,TRUE,-0.2969999999999118,both,NA
AU-How,2018,WSA,TERN,-647.045,0.924258,8.28149,56.002999999999986,56.6119,TRUE,-645.458,0.925685,8.2848,54.96800000000002,55.5886,TRUE,-1.586999999999989,both,NA
AU-How,2019,WSA,TERN,-663.9,0.955708,7.55275,28.524,29.5069,TRUE,-662.935,0.962272,7.57102,30.405500000000018,31.334,TRUE,-0.9650000000000318,both,NA
AU-How,2020,WSA,TERN,-881.64,0.890369,7.7013,32.45999999999998,33.3613,TRUE,-899.949,0.885531,7.55592,32.74600000000004,33.6064,TRUE,18.30899999999997,both,NA
AU-How,2021,WSA,TERN,-842.557,0.885731,7.78388,9.099999999999966,11.9748,TRUE,-848.139,0.88282,7.52772,22.082499999999982,23.3304,TRUE,5.581999999999994,both,NA
AU-How,2022,WSA,TERN,-812.894,0.966495,7.6774,24.511500000000012,25.6858,TRUE,-828.42,0.964384,7.58469,24.639999999999986,25.7812,TRUE,15.525999999999954,both,NA
AU-How,2023,WSA,TERN,-632.576,0.97089,6.62369,16.00200000000001,17.3188,TRUE,-627.874,0.975114,6.66533,18.264999999999986,19.4432,TRUE,-4.701999999999998,both,NA
AU-How,2024,WSA,TERN,-716.131,0.956284,6.7696,25.369500000000016,26.2572,TRUE,-728.717,0.974784,6.9051,26.891500000000008,27.7636,TRUE,12.586000000000013,both,NA
AU-How,2025,WSA,TERN,NA,NA,NA,NA,NA,FALSE,NA,NA,NA,NA,NA,FALSE,NA,neither,no_value
AU-Lit,2015,WSA,TERN,NA,NA,NA,NA,NA,FALSE,NA,NA,NA,NA,NA,FALSE,NA,neither,no_value
AU-Lit,2016,WSA,TERN,-405.938,0.900842,6.95343,33.394499999999994,34.1107,TRUE,-374.227,0.669342,7.895,35.2175,36.0917,TRUE,-31.711000000000013,both,NA
AU-Lit,2017,WSA,TERN,-453.592,0.9754,8.15091,34.95099999999999,35.8889,TRUE,-519.549,0.859989,13.6662,35.013499999999965,37.5858,TRUE,65.957,both,NA
AU-Lit,2018,WSA,TERN,-423.202,0.941324,8.92638,38.16650000000001,39.1969,TRUE,-361.761,0.8129,7.71376,39.46549999999999,40.2121,TRUE,-61.440999999999974,both,NA
AU-Lit,2019,WSA,TERN,-148.768,0.949829,6.90173,12.486000000000004,14.2666,TRUE,-179.989,0.857648,5.93065,25.13300000000001,25.8233,TRUE,31.221000000000004,both,NA
AU-Lit,2020,WSA,TERN,-580.736,0.870674,8.31113,30.132000000000005,31.2572,TRUE,-670.624,0.794,7.98049,65.1395,65.6266,TRUE,89.88800000000003,both,NA
AU-Lit,2021,WSA,TERN,-458.614,0.775057,11.1028,76.37799999999999,77.1803,TRUE,-586.459,0.664384,10.587,90.12899999999999,90.7484,TRUE,127.84499999999997,both,NA
AU-Lit,2022,WSA,TERN,NA,NA,NA,NA,NA,FALSE,NA,NA,NA,NA,NA,FALSE,NA,neither,no_value
AU-Lit,2023,WSA,TERN,NA,NA,NA,NA,NA,FALSE,NA,NA,NA,NA,NA,FALSE,NA,neither,no_value
AU-Lit,2024,WSA,TERN,NA,NA,NA,NA,NA,FALSE,NA,NA,NA,NA,NA,FALSE,NA,neither,no_value
AU-Lit,2025,WSA,TERN,NA,NA,NA,NA,NA,FALSE,NA,NA,NA,NA,NA,FALSE,NA,neither,no_value
AU-Lon,2018,GRA,TERN,NA,NA,NA,NA,NA,FALSE,NA,NA,NA,NA,NA,FALSE,NA,neither,no_value
AU-Lon,2019,GRA,TERN,-12.7076,0.975457,2.07756,17.910485,18.0306,TRUE,-17.7621,0.986016,2.0585,17.275935,17.3981,TRUE,5.054500000000001,both,NA
AU-Lon,2020,GRA,TERN,95.5919,0.958903,2.65971,20.024449999999995,20.2003,TRUE,77.4302,0.978541,2.5817,23.278750000000002,23.4213,TRUE,18.161699999999996,both,NA
AU-Lon,2021,GRA,TERN,NA,NA,NA,NA,NA,FALSE,NA,NA,NA,NA,NA,FALSE,NA,neither,no_value
AU-Lon,2022,GRA,TERN,-488.032,0.966553,3.72732,32.05099999999999,32.267,TRUE,-477.9,0.962329,3.69242,43.764999999999986,43.9205,TRUE,-10.132000000000005,both,NA
AU-Lon,2023,GRA,TERN,NA,NA,NA,NA,NA,FALSE,NA,NA,NA,NA,NA,FALSE,NA,neither,no_value
AU-Lon,2024,GRA,TERN,NA,NA,NA,NA,NA,FALSE,NA,NA,NA,NA,NA,FALSE,NA,neither,no_value
AU-Lox,2008,DBF,TERN,NA,NA,NA,NA,NA,FALSE,NA,NA,NA,NA,NA,FALSE,NA,neither,no_value
AU-Lox,2009,DBF,TERN,NA,NA,NA,NA,NA,FALSE,NA,NA,NA,NA,NA,FALSE,NA,neither,no_value
AU-MvA,2023,CRO,TERN,NA,NA,NA,NA,NA,FALSE,NA,NA,NA,NA,NA,FALSE,NA,neither,no_value
AU-MvA,2024,CRO,TERN,147.123,0.96875,5.25534,14.8281,15.732,TRUE,NA,NA,NA,NA,NA,FALSE,NA,VUT_only,NA
AU-MvB,2024,CRO,TERN,-946.365,0.892646,6.88711,64.67149999999998,65.0347,TRUE,NA,NA,NA,NA,NA,FALSE,NA,VUT_only,NA
AU-Otw,2007,GRA,TERN,NA,NA,NA,NA,NA,FALSE,NA,NA,NA,NA,NA,FALSE,NA,neither,no_value
AU-Otw,2008,GRA,TERN,-326.965,0.75296,7.99836,46.67750000000001,47.3575,TRUE,-296.923,0.728939,7.84588,42.7345,43.4486,TRUE,-30.041999999999973,both,NA
AU-Otw,2009,GRA,TERN,-174.288,0.885274,7.55291,14.526500000000013,16.3726,TRUE,-174.352,0.885274,7.55384,14.518500000000003,16.3663,TRUE,0.06399999999999295,both,NA
AU-Otw,2010,GRA,TERN,-245.562,0.819521,8.45578,14.251499999999993,16.5708,TRUE,-280.502,0.84532,8.4851,44.50500000000001,45.3064,TRUE,34.94,both,NA
AU-RDF,2011,WSA,TERN,NA,NA,NA,NA,NA,FALSE,NA,NA,NA,NA,NA,FALSE,NA,neither,no_value
AU-RDF,2012,WSA,TERN,287.393,0.893158,7.61116,48.2775,48.8738,TRUE,289.99,0.893158,7.65389,43.58449999999999,44.2513,TRUE,-2.597000000000037,both,NA
AU-RDF,2013,WSA,TERN,NA,NA,NA,NA,NA,FALSE,NA,NA,NA,NA,NA,FALSE,NA,neither,no_value
AU-Rgf,2015,CVM,TERN,NA,NA,NA,NA,NA,FALSE,NA,NA,NA,NA,NA,FALSE,NA,neither,no_value
AU-Rgf,2016,CVM,TERN,-89.6155,0.901924,6.7925,24.269849999999998,25.2024,TRUE,-89.6155,0.901924,6.7925,30.4479,31.1964,TRUE,0,both,NA
AU-Rgf,2017,CVM,TERN,NA,NA,NA,NA,NA,FALSE,NA,NA,NA,NA,NA,FALSE,NA,neither,no_value
AU-Rgf,2018,CVM,TERN,NA,NA,NA,NA,NA,FALSE,NA,NA,NA,NA,NA,FALSE,NA,neither,no_value
AU-Rgf,2019,CVM,TERN,22.5869,0.982078,2.80607,8.075425,8.54905,TRUE,15.9034,0.976142,2.71294,9.403005,9.78657,TRUE,6.6835,both,NA
AU-Rgf,2020,CVM,TERN,27.0766,0.724385,4.05297,10.5659,11.3166,TRUE,15.4595,0.714253,3.746,27.68965,27.9419,TRUE,11.617099999999999,both,NA
AU-Rgf,2021,CVM,TERN,41.9912,0.856336,3.17866,6.32315,7.07714,TRUE,28.6022,0.846804,2.9952,7.7728,8.32991,TRUE,13.389,both,NA
AU-Rgf,2022,CVM,TERN,NA,NA,NA,NA,NA,FALSE,NA,NA,NA,NA,NA,FALSE,NA,neither,no_value
AU-Rgf,2023,CVM,TERN,-24.6967,0.851598,4.51855,26.799384999999997,27.1776,TRUE,-48.0642,0.845662,4.13624,22.59315,22.9686,TRUE,23.3675,both,NA
AU-Rgf,2024,CVM,TERN,-116.539,0.871983,3.89433,19.589000000000006,19.9724,TRUE,-114.317,0.874203,3.95102,12.635999999999996,13.2391,TRUE,-2.2220000000000084,both,NA
AU-Rgf,2025,CVM,TERN,NA,NA,NA,NA,NA,FALSE,NA,NA,NA,NA,NA,FALSE,NA,neither,no_value
AU-Rig,2011,GRA,TERN,-56.1588,0.923916,3.10002,4.8592999999999975,5.76394,TRUE,-61.2345,0.930137,3.11352,9.3384,9.84378,TRUE,5.075699999999998,both,NA
AU-Rig,2012,GRA,TERN,-159.345,0.953893,3.14436,7.137500000000003,7.79947,TRUE,-161.259,0.955544,3.15934,11.349499999999992,11.781,TRUE,1.9139999999999873,both,NA
AU-Rig,2013,GRA,TERN,NA,NA,NA,NA,NA,FALSE,NA,NA,NA,NA,NA,FALSE,NA,neither,no_value
AU-Rig,2014,GRA,TERN,-220.997,0.866039,4.11982,8.5660000000000025,9.50526,TRUE,-224.837,0.871404,4.1327,5.002500000000012,6.48899,TRUE,3.839999999999975,both,NA
AU-Rig,2015,GRA,TERN,43.7358,0.957306,3.10567,11.393900000000002,11.8096,TRUE,38.3383,0.958276,3.10361,13.87335,14.2163,TRUE,5.397500000000001,both,NA
AU-Rig,2016,GRA,TERN,-271.22,0.829121,4.30253,5.2309999999999945,6.77315,TRUE,-271.227,0.829121,4.2974,4.513499999999993,6.23221,TRUE,0.006999999999948159,both,NA
AU-Rig,2017,GRA,TERN,NA,NA,NA,NA,NA,FALSE,NA,NA,NA,NA,NA,FALSE,NA,neither,no_value
AU-Rob,2013,EBF,TERN,NA,NA,NA,NA,NA,FALSE,NA,NA,NA,NA,NA,FALSE,NA,neither,no_value
AU-Rob,2014,EBF,TERN,-875.135,0.99532,19.9489,35.11450000000002,40.3851,TRUE,-857.646,0.994578,19.7849,35.11700000000002,40.3069,TRUE,-17.489000000000033,both,NA
AU-Rob,2015,EBF,TERN,-961.251,0.98984,19.124,59.51350000000002,62.5095,TRUE,-961.277,0.98984,19.1229,62.37049999999999,65.2379,TRUE,0.026000000000067303,both,NA
AU-Rob,2016,EBF,TERN,-922.97,0.993511,21.6907,24.150000000000034,32.461,TRUE,-922.881,0.993511,21.6917,26.770500000000027,34.4554,TRUE,-0.08900000000005548,both,NA
AU-Rob,2017,EBF,TERN,-676.134,0.991324,14.3528,42.01850000000002,44.4021,TRUE,-701.808,0.992637,14.6261,49.997000000000014,52.0926,TRUE,25.673999999999978,both,NA
AU-Rob,2018,EBF,TERN,-458.585,0.977169,14.7461,45.03650000000002,47.389,TRUE,-478.555,0.99024,15.5001,66.09800000000001,67.8915,TRUE,19.970000000000027,both,NA
AU-Rob,2019,EBF,TERN,-715.114,0.963642,18.1823,17.64250000000004,25.3349,TRUE,-719.396,0.972317,18.5403,19.115499999999997,26.6298,TRUE,4.281999999999925,both,NA
AU-Rob,2020,EBF,TERN,-754.813,0.984916,18.6473,27.833000000000027,33.5019,TRUE,-751.836,0.986396,18.7612,21.223000000000013,28.3269,TRUE,-2.9769999999999754,both,NA
AU-Rob,2021,EBF,TERN,-1288.27,0.915811,24.8837,10.090000000000032,26.8522,TRUE,-1303.6,0.912215,24.7528,12.264999999999986,27.6259,TRUE,15.329999999999927,both,NA
AU-Rob,2022,EBF,TERN,-1112.1,0.86016,22.5874,51.120000000000005,55.8905,TRUE,-1062.63,0.857192,22.1927,60.259999999999934,64.2208,TRUE,-49.4699999999998,both,NA
AU-Rob,2023,EBF,TERN,-1507.92,0.991952,27.46,32.76999999999998,42.7548,TRUE,-1546.69,0.990183,27.3753,62.24000000000001,67.994,TRUE,38.76999999999998,both,NA
AU-Rob,2024,EBF,TERN,-1791.97,0.980077,24.5307,60.995000000000005,65.7391,TRUE,-1853.48,0.979451,24.6263,113.40999999999997,116.055,TRUE,61.50999999999999,both,NA
AU-Rob,2025,EBF,TERN,NA,NA,NA,NA,NA,FALSE,NA,NA,NA,NA,NA,FALSE,NA,neither,no_value
AU-Sam,2010,GRA,TERN,NA,NA,NA,NA,NA,FALSE,NA,NA,NA,NA,NA,FALSE,NA,neither,no_value
AU-Sam,2011,GRA,TERN,NA,NA,NA,NA,NA,FALSE,NA,NA,NA,NA,NA,FALSE,NA,neither,no_value
AU-Sam,2012,GRA,TERN,-270.505,0.86982,7.68489,23.221000000000018,24.4598,TRUE,-269.863,0.86982,7.69072,23.303499999999985,24.5397,TRUE,-0.6419999999999959,both,NA
AU-Sam,2013,GRA,TERN,-327.42,0.824715,7.0083,15.462999999999994,16.977,TRUE,-339.2,0.828482,7.20362,15.462999999999994,17.0586,TRUE,11.779999999999973,both,NA
AU-Sam,2014,GRA,TERN,-77.9052,0.937957,5.20465,7.379450000000006,9.0302,TRUE,-92.2584,0.941324,5.33294,7.1766000000000005,8.94112,TRUE,14.353200000000001,both,NA
AU-Sam,2015,GRA,TERN,-155.231,0.915696,6.49674,24.110500000000002,24.9703,TRUE,-136.334,0.917979,6.69491,25.721999999999994,26.5787,TRUE,-18.89699999999999,both,NA
AU-Sam,2016,GRA,TERN,-40.0566,0.848474,5.60932,16.3314,17.2678,TRUE,-32.0365,0.848474,5.81211,19.32395,20.1791,TRUE,-8.020100000000006,both,NA
AU-Sam,2017,GRA,TERN,-8.88071,0.884703,6.20466,22.508065000000002,23.3476,TRUE,-35.9339,0.891724,6.72104,21.92717,22.9341,TRUE,27.05319,both,NA
AU-Sil,2019,GRA,TERN,NA,NA,NA,NA,NA,FALSE,NA,NA,NA,NA,NA,FALSE,NA,neither,no_value
AU-Sil,2020,GRA,TERN,30.5582,0.95526,3.51736,8.6289,9.31825,TRUE,30.5582,0.95526,3.51736,10.425299999999998,11.0027,TRUE,0,both,NA
AU-Sil,2021,GRA,TERN,-77.5673,0.976826,4.93883,11.630949999999999,12.6361,TRUE,-77.5606,0.976826,4.93873,11.071350000000002,12.1229,TRUE,-0.006700000000009254,both,NA
AU-Sil,2022,GRA,TERN,-84.4672,0.944863,5.44774,6.628750000000004,8.58013,TRUE,-84.4161,0.944863,5.4425,6.47645,8.45964,TRUE,-0.05110000000000525,both,NA
AU-Sil,2023,GRA,TERN,-33.1007,0.900571,4.5526,13.74185,14.4763,TRUE,-31.8782,0.906735,4.64758,13.252749999999999,14.0441,TRUE,-1.2225000000000037,both,NA
AU-Sil,2024,GRA,TERN,106.419,0.862876,4.41428,8.383499999999998,9.4747,TRUE,115.918,0.874943,4.47359,10.174000000000007,11.1141,TRUE,-9.49900000000001,both,NA
AU-Sno,2024,EBF,TERN,-351.886,0.821323,4.75311,15.385500000000008,16.1029,TRUE,NA,NA,NA,NA,NA,FALSE,NA,VUT_only,NA
AU-Sno,2025,EBF,TERN,NA,NA,NA,NA,NA,FALSE,NA,NA,NA,NA,NA,FALSE,NA,neither,no_value
AU-Stp,2008,GRA,TERN,NA,NA,NA,NA,NA,FALSE,NA,NA,NA,NA,NA,FALSE,NA,neither,no_value
AU-Stp,2009,GRA,TERN,NA,NA,NA,NA,NA,FALSE,NA,NA,NA,NA,NA,FALSE,NA,neither,no_value
AU-Stp,2010,GRA,TERN,-1.06223,0.952397,2.33498,21.4547,21.5814,TRUE,-14.8205,0.958276,2.53652,16.000600000000002,16.2004,TRUE,13.75827,both,NA
AU-Stp,2011,GRA,TERN,-259.059,0.899886,3.92706,33.144999999999996,33.3771,TRUE,-264.686,0.905365,3.93519,19.042999999999992,19.4457,TRUE,5.626999999999953,both,NA
AU-Stp,2012,GRA,TERN,-107.422,0.924123,2.48847,30.299500000000002,30.4015,TRUE,-73.8031,0.906592,2.46106,33.15615,33.2474,TRUE,-33.6189,both,NA
AU-Stp,2013,GRA,TERN,NA,NA,NA,NA,NA,FALSE,NA,NA,NA,NA,NA,FALSE,NA,neither,no_value
AU-Stp,2014,GRA,TERN,-29.685,0.934018,3.3821,10.94255,11.4533,TRUE,-26.6157,0.927283,3.29202,13.8832,14.2681,TRUE,-3.0692999999999984,both,NA
AU-Stp,2015,GRA,TERN,-130.098,0.982021,2.77679,12.700000000000003,13.0004,TRUE,-123.374,0.973345,2.5499,18.378999999999998,18.5548,TRUE,-6.724000000000018,both,NA
AU-Stp,2016,GRA,TERN,-98.9165,0.963741,3.29491,7.171750000000003,7.89254,TRUE,-81.1995,0.943306,2.91583,14.416800000000002,14.7088,TRUE,-17.717,both,NA
AU-Stp,2017,GRA,TERN,-332.028,0.582135,5.97289,15.591999999999985,16.6971,TRUE,-335.404,0.574772,5.83747,16.480500000000006,17.4839,TRUE,3.3759999999999764,both,NA
AU-Stp,2018,GRA,TERN,-58.6237,0.793265,4.57032,5.726850000000002,7.32698,TRUE,-75.0629,0.774486,4.08065,11.888199999999998,12.569,TRUE,16.4392,both,NA
AU-Stp,2019,GRA,TERN,-28.8015,0.783904,1.10789,2.4472000000000005,2.68631,TRUE,-23.9891,0.779966,1.11863,3.6005000000000003,3.77026,TRUE,-4.8124,both,NA
AU-Stp,2020,GRA,TERN,-56.7187,0.941485,2.23259,20.0596,20.1835,TRUE,-48.6231,0.934825,2.15557,16.500849999999996,16.6411,TRUE,-8.095599999999997,both,NA
AU-Stp,2021,GRA,TERN,6.28338,0.917295,2.16914,41.483450000000005,41.5401,TRUE,-0.150733,0.922774,2.20504,30.785649999999997,30.8645,TRUE,6.434113,both,NA
AU-Stp,2022,GRA,TERN,3.32404,0.893436,1.93279,30.9797,31.0399,TRUE,-3.52531,0.898744,1.90269,17.4043,17.508,TRUE,6.84935,both,NA
AU-Stp,2023,GRA,TERN,-110.598,0.823345,3.14757,33.87845,34.0242,TRUE,-111.398,0.817237,3.1053,14.865949999999998,15.1867,TRUE,0.7999999999999972,both,NA
AU-Stp,2024,GRA,TERN,-98.6597,0.946437,2.69847,8.80115,9.20535,TRUE,-83.4417,0.933743,2.57911,15.3549,15.57,TRUE,-15.218000000000004,both,NA
AU-Stp,2025,GRA,TERN,NA,NA,NA,NA,NA,FALSE,NA,NA,NA,NA,NA,FALSE,NA,neither,no_value
AU-TTE,2012,SAV,TERN,NA,NA,NA,NA,NA,FALSE,NA,NA,NA,NA,NA,FALSE,NA,neither,no_value
AU-TTE,2013,SAV,TERN,NA,NA,NA,NA,NA,FALSE,79.0624,0.989669,1.85811,1.8913500000000028,2.65136,TRUE,NA,CUT_only,NA
AU-TTE,2014,SAV,TERN,NA,NA,NA,NA,NA,FALSE,16.3669,0.98282,2.93132,2.31105,3.73278,TRUE,NA,CUT_only,NA
AU-TTE,2015,SAV,TERN,NA,NA,NA,NA,NA,FALSE,-3.91131,0.9879,2.50062,3.2518000000000002,4.10211,TRUE,NA,CUT_only,NA
AU-TTE,2016,SAV,TERN,NA,NA,NA,NA,NA,FALSE,-46.6489,0.988103,3.45313,3.105550000000001,4.6442,TRUE,NA,CUT_only,NA
AU-TTE,2017,SAV,TERN,NA,NA,NA,NA,NA,FALSE,-108.137,0.986701,3.19384,1.1285000000000025,3.38732,TRUE,NA,CUT_only,NA
AU-TTE,2018,SAV,TERN,NA,NA,NA,NA,NA,FALSE,158.086,0.994007,1.69557,0.42149999999999466,1.74721,TRUE,NA,CUT_only,NA
AU-TTE,2019,SAV,TERN,NA,NA,NA,NA,NA,FALSE,130.066,0.994064,1.41431,0.3469999999999942,1.45628,TRUE,NA,CUT_only,NA
AU-TTE,2020,SAV,TERN,NA,NA,NA,NA,NA,FALSE,NA,NA,NA,NA,NA,FALSE,NA,neither,no_value
AU-TTE,2021,SAV,TERN,NA,NA,NA,NA,NA,FALSE,-74.3643,0.956393,2.69879,5.991250000000001,6.571,TRUE,NA,CUT_only,NA
AU-TTE,2022,SAV,TERN,NA,NA,NA,NA,NA,FALSE,NA,NA,NA,NA,NA,FALSE,NA,neither,no_value
AU-TTE,2023,SAV,TERN,NA,NA,NA,NA,NA,FALSE,NA,NA,NA,NA,NA,FALSE,NA,neither,no_value
AU-TTE,2024,SAV,TERN,NA,NA,NA,NA,NA,FALSE,NA,NA,NA,NA,NA,FALSE,NA,neither,no_value
AU-TTE,2025,SAV,TERN,NA,NA,NA,NA,NA,FALSE,NA,NA,NA,NA,NA,FALSE,NA,neither,no_value
AU-Tum,2002,EBF,TERN,NA,NA,NA,NA,NA,FALSE,-456.601,0.667237,65.8837,42.845500000000015,78.5902,TRUE,NA,CUT_only,NA
AU-Tum,2003,EBF,TERN,NA,NA,NA,NA,NA,FALSE,-126.945,0.782991,67.6704,100.93515,121.52,TRUE,NA,CUT_only,NA
AU-Tum,2004,EBF,TERN,NA,NA,NA,NA,NA,FALSE,NA,NA,NA,NA,NA,FALSE,NA,neither,no_value
AU-Tum,2005,EBF,TERN,NA,NA,NA,NA,NA,FALSE,-486.289,0.665297,48.4953,28.267499999999984,56.1324,TRUE,NA,CUT_only,NA
AU-Tum,2006,EBF,TERN,NA,NA,NA,NA,NA,FALSE,-826.639,0.747146,17.7507,21.093500000000006,27.5687,TRUE,NA,CUT_only,NA
AU-Tum,2007,EBF,TERN,NA,NA,NA,NA,NA,FALSE,-470.956,0.806735,17.12,32.817499999999995,37.0149,TRUE,NA,CUT_only,NA
AU-Tum,2008,EBF,TERN,NA,NA,NA,NA,NA,FALSE,-754.532,0.76776,23.8806,26.351,35.562,TRUE,NA,CUT_only,NA
AU-Tum,2009,EBF,TERN,NA,NA,NA,NA,NA,FALSE,-828.504,0.772831,25.5719,23.060000000000002,34.4339,TRUE,NA,CUT_only,NA
AU-Tum,2010,EBF,TERN,NA,NA,NA,NA,NA,FALSE,-812.416,0.634703,42.542,39.17900000000003,57.8343,TRUE,NA,CUT_only,NA
AU-Tum,2011,EBF,TERN,NA,NA,NA,NA,NA,FALSE,-743.672,0.671347,27.063,27.537000000000035,38.6094,TRUE,NA,CUT_only,NA
AU-Tum,2012,EBF,TERN,NA,NA,NA,NA,NA,FALSE,-1024.74,0.525273,35.4302,219.83249999999998,222.668,TRUE,NA,CUT_only,NA
AU-Tum,2013,EBF,TERN,NA,NA,NA,NA,NA,FALSE,-936.941,0.803653,25.9117,15.560000000000002,30.2247,TRUE,NA,CUT_only,NA
AU-Tum,2014,EBF,TERN,NA,NA,NA,NA,NA,FALSE,-613.722,0.807534,25.1199,89.52049999999997,92.9783,TRUE,NA,CUT_only,NA
AU-Tum,2015,EBF,TERN,NA,NA,NA,NA,NA,FALSE,-528.616,0.76621,25.3611,76.9805,81.0506,TRUE,NA,CUT_only,NA
AU-Tum,2016,EBF,TERN,NA,NA,NA,NA,NA,FALSE,-743.524,0.735997,27.7894,45.216999999999985,53.0737,TRUE,NA,CUT_only,NA
AU-Tum,2017,EBF,TERN,NA,NA,NA,NA,NA,FALSE,-937.118,0.784817,34.873,39.21700000000004,52.4795,TRUE,NA,CUT_only,NA
AU-Tum,2018,EBF,TERN,NA,NA,NA,NA,NA,FALSE,-1215.44,0.683447,32.6119,14.575000000000045,35.7198,TRUE,NA,CUT_only,NA
AU-Tum,2019,EBF,TERN,NA,NA,NA,NA,NA,FALSE,-1104.55,0.6621,38.3518,35.59000000000003,52.3229,TRUE,NA,CUT_only,NA
AU-Tum,2020,EBF,TERN,NA,NA,NA,NA,NA,FALSE,NA,NA,NA,NA,NA,FALSE,NA,neither,no_value
AU-Tum,2021,EBF,TERN,NA,NA,NA,NA,NA,FALSE,-460.992,0.719292,26.8205,16.272999999999996,31.3712,TRUE,NA,CUT_only,NA
AU-Tum,2022,EBF,TERN,NA,NA,NA,NA,NA,FALSE,NA,NA,NA,NA,NA,FALSE,NA,neither,no_value
AU-Wac,2005,EBF,TERN,NA,NA,NA,NA,NA,FALSE,NA,NA,NA,NA,NA,FALSE,NA,neither,no_value
AU-Wac,2006,EBF,TERN,NA,NA,NA,NA,NA,FALSE,NA,NA,NA,NA,NA,FALSE,NA,neither,no_value
AU-Wac,2007,EBF,TERN,NA,NA,NA,NA,NA,FALSE,NA,NA,NA,NA,NA,FALSE,NA,neither,no_value
AU-Wac,2008,EBF,TERN,NA,NA,NA,NA,NA,FALSE,NA,NA,NA,NA,NA,FALSE,NA,neither,no_value
AU-Wel,2024,GRA,TERN,-485.593,0.859631,5.50552,55.13299999999998,55.4068,TRUE,NA,NA,NA,NA,NA,FALSE,NA,VUT_only,NA
AU-Wel,2025,GRA,TERN,-198.101,0.916952,5.693,53.2,53.5036,TRUE,NA,NA,NA,NA,NA,FALSE,NA,VUT_only,NA
AU-Wgt,2024,GRA,TERN,NA,NA,NA,NA,NA,FALSE,NA,NA,NA,NA,NA,FALSE,NA,neither,no_value
AU-Wgt,2025,GRA,TERN,NA,NA,NA,NA,NA,FALSE,NA,NA,NA,NA,NA,FALSE,NA,neither,no_value
AU-Whr,2011,EBF,TERN,NA,NA,NA,NA,NA,FALSE,NA,NA,NA,NA,NA,FALSE,NA,neither,no_value
AU-Whr,2012,EBF,TERN,-368.602,0.903119,4.52963,7.450499999999977,8.71934,TRUE,-367.923,0.893158,4.22064,11.292000000000002,12.0552,TRUE,-0.6789999999999736,both,NA
AU-Whr,2013,EBF,TERN,-357.594,0.933105,4.58586,10.625,11.5724,TRUE,-373.189,0.919578,4.40676,22.041000000000025,22.477,TRUE,15.595000000000027,both,NA
AU-Whr,2014,EBF,TERN,-499.383,0.896632,4.40381,5.687000000000012,7.19304,TRUE,-502.497,0.87871,4.36411,7.236499999999978,8.45085,TRUE,3.1140000000000327,both,NA
AU-Whr,2015,EBF,TERN,-442.903,0.662329,4.50889,16.209000000000003,16.8244,TRUE,-428.557,0.65274,4.27998,24.081999999999994,24.4591,TRUE,-14.346000000000004,both,NA
AU-Whr,2016,EBF,TERN,-419.364,0.790016,6.80352,33.8895,34.5657,TRUE,-437.658,0.744251,6.16668,26.659999999999997,27.364,TRUE,18.29400000000004,both,NA
AU-Whr,2017,EBF,TERN,NA,NA,NA,NA,NA,FALSE,NA,NA,NA,NA,NA,FALSE,NA,neither,no_value
AU-Whr,2018,EBF,TERN,NA,NA,NA,NA,NA,FALSE,NA,NA,NA,NA,NA,FALSE,NA,neither,no_value
AU-Whr,2019,EBF,TERN,NA,NA,NA,NA,NA,FALSE,NA,NA,NA,NA,NA,FALSE,NA,neither,no_value
AU-Whr,2020,EBF,TERN,-107.015,0.888434,4.65046,7.394500000000001,8.73507,TRUE,-127.25,0.872439,4.76437,9.575500000000005,10.6953,TRUE,20.235,both,NA
AU-Whr,2021,EBF,TERN,-318.43,0.896632,5.37208,23.209000000000003,23.8223,TRUE,-328.497,0.883219,5.1503,21.125499999999988,21.7443,TRUE,10.067000000000007,both,NA
AU-Whr,2022,EBF,TERN,NA,NA,NA,NA,NA,FALSE,NA,NA,NA,NA,NA,FALSE,NA,neither,no_value
AU-Whr,2023,EBF,TERN,NA,NA,NA,NA,NA,FALSE,NA,NA,NA,NA,NA,FALSE,NA,neither,no_value
AU-Whr,2024,EBF,TERN,NA,NA,NA,NA,NA,FALSE,NA,NA,NA,NA,NA,FALSE,NA,neither,no_value
AU-Whr,2025,EBF,TERN,-507.301,0.934932,4.81611,16.523499999999984,17.2113,TRUE,-510.953,0.86387,3.92179,31.822000000000003,32.063,TRUE,3.651999999999987,both,NA
AU-Wom,2010,EBF,TERN,NA,NA,NA,NA,NA,FALSE,NA,NA,NA,NA,NA,FALSE,NA,neither,no_value
AU-Wom,2011,EBF,TERN,-1378.11,0.966438,12.4449,21.190000000000055,24.5718,TRUE,-1408.06,0.94589,12.8434,31.614999999999895,34.1245,TRUE,29.950000000000045,both,NA
AU-Wom,2012,EBF,TERN,NA,NA,NA,NA,NA,FALSE,NA,NA,NA,NA,NA,FALSE,NA,neither,no_value
AU-Wom,2013,EBF,TERN,NA,NA,NA,NA,NA,FALSE,NA,NA,NA,NA,NA,FALSE,NA,neither,no_value
AU-Wom,2014,EBF,TERN,-1269.92,0.879623,8.47269,31.065000000000055,32.1968,TRUE,-1284.31,0.861358,8.45999,29.56499999999994,30.7512,TRUE,14.389999999999873,both,NA
AU-Wom,2015,EBF,TERN,NA,NA,NA,NA,NA,FALSE,NA,NA,NA,NA,NA,FALSE,NA,neither,no_value
AU-Wom,2016,EBF,TERN,NA,NA,NA,NA,NA,FALSE,NA,NA,NA,NA,NA,FALSE,NA,neither,no_value
AU-Wom,2017,EBF,TERN,NA,NA,NA,NA,NA,FALSE,NA,NA,NA,NA,NA,FALSE,NA,neither,no_value
AU-Wom,2018,EBF,TERN,-1395.04,0.917123,8.56553,33.125,34.2126,TRUE,-1431.92,0.897888,8.5943,37.52500000000009,38.4985,TRUE,36.88000000000011,both,NA
AU-Wom,2019,EBF,TERN,NA,NA,NA,NA,NA,FALSE,NA,NA,NA,NA,NA,FALSE,NA,neither,no_value
AU-Wom,2020,EBF,TERN,NA,NA,NA,NA,NA,FALSE,NA,NA,NA,NA,NA,FALSE,NA,neither,no_value
AU-Wom,2021,EBF,TERN,NA,NA,NA,NA,NA,FALSE,NA,NA,NA,NA,NA,FALSE,NA,neither,no_value
AU-Wom,2022,EBF,TERN,NA,NA,NA,NA,NA,FALSE,NA,NA,NA,NA,NA,FALSE,NA,neither,no_value
AU-Wom,2023,EBF,TERN,NA,NA,NA,NA,NA,FALSE,NA,NA,NA,NA,NA,FALSE,NA,neither,no_value
AU-Wom,2024,EBF,TERN,NA,NA,NA,NA,NA,FALSE,NA,NA,NA,NA,NA,FALSE,NA,neither,no_value
AU-Wom,2025,EBF,TERN,-971.205,0.889897,9.69545,13.288499999999999,16.4495,TRUE,-972.225,0.874144,10.2663,11.38349999999997,15.3292,TRUE,1.0199999999999818,both,NA
AU-Wrr,2013,EBF,TERN,NA,NA,NA,NA,NA,FALSE,NA,NA,NA,NA,NA,FALSE,NA,neither,no_value
AU-Wrr,2014,EBF,TERN,NA,NA,NA,NA,NA,FALSE,NA,NA,NA,NA,NA,FALSE,NA,neither,no_value
AU-Wrr,2015,EBF,TERN,NA,NA,NA,NA,NA,FALSE,NA,NA,NA,NA,NA,FALSE,NA,neither,no_value
AU-Wrr,2016,EBF,TERN,NA,NA,NA,NA,NA,FALSE,NA,NA,NA,NA,NA,FALSE,NA,neither,no_value
AU-Wrr,2017,EBF,TERN,-409.419,0.723288,13.9788,42.283499999999975,44.5344,TRUE,-450.947,0.720491,13.6097,78.07500000000002,79.2525,TRUE,41.52800000000002,both,NA
AU-Wrr,2018,EBF,TERN,NA,NA,NA,NA,NA,FALSE,NA,NA,NA,NA,NA,FALSE,NA,neither,no_value
AU-Wrr,2019,EBF,TERN,NA,NA,NA,NA,NA,FALSE,NA,NA,NA,NA,NA,FALSE,NA,neither,no_value
AU-Wrr,2020,EBF,TERN,-111.613,0.960496,17.2552,13.302500000000002,21.7877,TRUE,-73.4246,0.937443,13.6559,33.3111,36.0016,TRUE,-38.1884,both,NA
AU-Wrr,2021,EBF,TERN,NA,NA,NA,NA,NA,FALSE,NA,NA,NA,NA,NA,FALSE,NA,neither,no_value
AU-Ya1,2023,GRA,TERN,90.5492,0.924144,5.0386,17.4762,18.1882,TRUE,91.1367,0.940068,5.50362,13.164200000000001,14.2684,TRUE,-0.5875000000000057,both,NA
AU-Ya1,2024,GRA,TERN,-173.817,0.939606,6.49247,18.414500000000004,19.5253,TRUE,-167.493,0.960098,7.66889,18.459000000000003,19.9886,TRUE,-6.324000000000012,both,NA
AU-Ya1,2025,GRA,TERN,NA,NA,NA,NA,NA,FALSE,NA,NA,NA,NA,NA,FALSE,NA,neither,no_value
AU-Ya2,2023,GRA,TERN,-21.5774,0.821689,6.60646,29.402209999999997,30.1353,TRUE,-26.119,0.82774,7.13736,31.070050000000002,31.8793,TRUE,4.541599999999999,both,NA
AU-Ya2,2024,GRA,TERN,-174.177,0.951389,7.15336,20.5505,21.7602,TRUE,-174.032,0.951389,7.15569,20.463499999999996,21.6788,TRUE,-0.1449999999999818,both,NA
AU-Ya2,2025,GRA,TERN,NA,NA,NA,NA,NA,FALSE,NA,NA,NA,NA,NA,FALSE,NA,neither,no_value
AU-Ync,2012,GRA,TERN,NA,NA,NA,NA,NA,FALSE,NA,NA,NA,NA,NA,FALSE,NA,neither,no_value
AU-Ync,2013,GRA,TERN,-67.3808,0.962614,4.19179,2.8713499999999996,5.0809,TRUE,-67.5087,0.956507,3.90544,3.003299999999996,4.92668,TRUE,0.127900000000011,both,NA
AU-Ync,2014,GRA,TERN,-50.2008,0.946233,5.25146,10.535400000000003,11.7717,TRUE,-50.2415,0.946233,5.25008,10.559249999999999,11.7924,TRUE,0.04070000000000107,both,NA
AU-Ync,2015,GRA,TERN,-195.549,0.898516,5.78425,6.078000000000003,8.39062,TRUE,-195.577,0.898516,5.78451,8.027000000000001,9.89421,TRUE,0.027999999999991587,both,NA
AU-Ync,2016,GRA,TERN,NA,NA,NA,NA,NA,FALSE,NA,NA,NA,NA,NA,FALSE,NA,neither,no_value
AU-Ync,2017,GRA,TERN,12.2497,0.950799,3.18745,5.036835,5.96065,TRUE,12.0208,0.950799,3.18433,4.22719,5.29236,TRUE,0.2289000000000012,both,NA
AU-Ync,2018,GRA,TERN,50.7546,0.961301,3.05127,2.9989500000000007,4.27832,TRUE,46.9333,0.953196,2.92431,2.8709500000000006,4.09804,TRUE,3.821300000000001,both,NA
AU-Ync,2019,GRA,TERN,-31.491,0.968151,2.85826,3.885299999999999,4.82339,TRUE,-33.5385,0.962671,2.71872,7.220449999999998,7.71532,TRUE,2.0474999999999994,both,NA
AU-Ync,2020,GRA,TERN,-374.159,0.963627,4.65092,10.721499999999992,11.687,TRUE,-377.726,0.959301,4.58892,10.726500000000016,11.6668,TRUE,3.5670000000000073,both,NA
AU-Ync,2021,GRA,TERN,-365.507,0.923345,6.7749,12.454499999999996,14.1779,TRUE,-365.507,0.923345,6.7749,9.846499999999992,11.9524,TRUE,0,both,NA
AU-Ync,2022,GRA,TERN,-335.941,0.728938,6.4157,5.855500000000006,8.68591,TRUE,-335.941,0.728938,6.4157,9.445999999999998,11.4187,TRUE,0,both,NA
AU-Ync,2023,GRA,TERN,NA,NA,NA,NA,NA,FALSE,NA,NA,NA,NA,NA,FALSE,NA,neither,no_value
AU-Ync,2024,GRA,TERN,-11.812,0.947006,5.06026,9.649415,10.8958,TRUE,-10.8326,0.936077,4.59288,9.487515,10.5407,TRUE,-0.9794,both,NA
AU-Ync,2025,GRA,TERN,NA,NA,NA,NA,NA,FALSE,NA,NA,NA,NA,NA,FALSE,NA,neither,no_value
BE-Bra,1999,ENF,ICOS,110.634,0.80097,6.20033,16.286099999999998,17.4267,TRUE,96.3343,0.805936,6.34557,12.892049999999998,14.369,TRUE,14.299700000000001,both,NA
BE-Bra,2000,ENF,ICOS,159.109,0.947006,5.07301,5.147999999999996,7.22743,TRUE,155.728,0.949966,5.09043,4.895499999999998,7.0625,TRUE,3.3810000000000002,both,NA
BE-Bra,2001,ENF,ICOS,NA,NA,NA,NA,NA,FALSE,NA,NA,NA,NA,NA,FALSE,NA,neither,no_value
BE-Bra,2002,ENF,ICOS,-96.9703,0.928767,4.73199,5.7601999999999975,7.45465,TRUE,-93.9286,0.932135,4.88724,5.395799999999994,7.28007,TRUE,-3.0416999999999916,both,NA
BE-Bra,2003,ENF,ICOS,NA,NA,NA,NA,NA,FALSE,NA,NA,NA,NA,NA,FALSE,NA,neither,no_value
BE-Bra,2004,ENF,ICOS,NA,NA,NA,NA,NA,FALSE,NA,NA,NA,NA,NA,FALSE,NA,neither,no_value
BE-Bra,2005,ENF,ICOS,-316.912,0.908105,25.558,60.220500000000015,65.4195,TRUE,-321.072,0.907135,25.5777,62.65199999999999,67.6718,TRUE,4.160000000000025,both,NA
BE-Bra,2006,ENF,ICOS,-45.0454,0.946005,9.18201,17.24705,19.539,TRUE,-46.4617,0.945947,9.17497,20.649300000000004,22.5959,TRUE,1.4162999999999997,both,NA
BE-Bra,2007,ENF,ICOS,-116.161,0.950628,6.60197,7.672499999999999,10.1219,TRUE,-116.548,0.950457,6.56439,10.197499999999998,12.1276,TRUE,0.38700000000000045,both,NA
BE-Bra,2008,ENF,ICOS,NA,NA,NA,NA,NA,FALSE,NA,NA,NA,NA,NA,FALSE,NA,neither,no_value
BE-Bra,2009,ENF,ICOS,-251.587,0.947774,7.63814,11.565999999999988,13.8606,TRUE,-254.293,0.947374,7.61627,17.062499999999986,18.6853,TRUE,2.7060000000000173,both,NA
BE-Bra,2010,ENF,ICOS,-43.7839,0.976484,11.4951,10.228349999999999,15.3869,TRUE,-42.0958,0.976541,11.5009,12.435400000000001,16.9384,TRUE,-1.6881000000000057,both,NA
BE-Bra,2011,ENF,ICOS,37.8599,0.984247,10.0876,13.13725,16.5634,TRUE,41.5872,0.98476,10.2954,13.52605,16.9985,TRUE,-3.7272999999999996,both,NA
BE-Bra,2012,ENF,ICOS,-127.614,0.982867,10.8059,24.014000000000003,26.3334,TRUE,-113.638,0.984403,10.904,32.410250000000005,34.1951,TRUE,-13.975999999999999,both,NA
BE-Bra,2013,ENF,ICOS,-322.988,0.867523,9.9806,13.009500000000003,16.3969,TRUE,-319.314,0.868493,9.96648,13.480499999999978,16.7644,TRUE,-3.673999999999978,both,NA
BE-Bra,2014,ENF,ICOS,-442.943,0.970776,8.93957,15.225499999999982,17.656,TRUE,-440.488,0.971233,8.9915,15.942000000000007,18.303,TRUE,-2.454999999999984,both,NA
BE-Bra,2015,ENF,ICOS,-195.653,0.994406,11.7727,18.893,22.2608,TRUE,-201.281,0.994292,11.6673,20.020999999999987,23.1723,TRUE,5.628000000000014,both,NA
BE-Bra,2016,ENF,ICOS,-430.72,0.955146,13.6787,59.726,61.2725,TRUE,-448.082,0.95247,13.6538,74.6155,75.8544,TRUE,17.361999999999966,both,NA
BE-Bra,2017,ENF,ICOS,-264.721,0.913014,14.9149,31.821499999999986,35.1433,TRUE,-294.965,0.911929,14.1481,33.19749999999999,36.0866,TRUE,30.24399999999997,both,NA
BE-Bra,2018,ENF,ICOS,-265.427,0.902797,26.5344,33.51700000000001,42.7488,TRUE,-265.073,0.902511,26.9694,49.726,56.5685,TRUE,-0.35400000000004184,both,NA
BE-Bra,2019,ENF,ICOS,-41.0224,0.912043,8.32177,35.922529999999995,36.8738,TRUE,-49.5449,0.911644,8.2946,38.09505,38.9876,TRUE,8.5225,both,NA
BE-Bra,2020,ENF,ICOS,-34.1007,0.908641,8.24637,37.43687,38.3343,TRUE,-32.7072,0.908755,8.24801,40.171375000000005,41.0094,TRUE,-1.393500000000003,both,NA
BE-Bra,2021,ENF,ICOS,-91.1186,0.994064,8.60942,37.761849999999995,38.7308,TRUE,-92.6439,0.994007,8.6090699999999991,47.6334,48.4053,TRUE,1.5253000000000014,both,NA
BE-Bra,2022,ENF,ICOS,-152.468,0.907705,8.04819,45.067499999999995,45.7808,TRUE,-149.766,0.907877,8.06105,48.109500000000004,48.7803,TRUE,-2.701999999999998,both,NA
BE-Bra,2023,ENF,ICOS,-150.529,0.996918,9.20989,20.8645,22.8067,TRUE,-140.687,0.997374,9.27419,22.40299999999999,24.2466,TRUE,-9.841999999999985,both,NA
BE-Bra,2024,ENF,ICOS,-133.871,0.930669,9.08842,34.91085,36.0745,TRUE,-114.89,0.932036,9.16794,35.94615,37.097,TRUE,-18.98100000000001,both,NA
BE-Dor,2011,GRA,ICOS,-62.1857,0.963242,5.84189,5.391750000000002,7.94975,TRUE,-53.8934,0.969349,6.01794,9.959550000000004,11.6365,TRUE,-8.292299999999997,both,NA
BE-Dor,2012,GRA,ICOS,-191.712,0.921903,5.82919,25.87599999999999,26.5249,TRUE,-185.915,0.924977,5.91624,25.145999999999987,25.8328,TRUE,-5.796999999999997,both,NA
BE-Dor,2013,GRA,ICOS,-123.422,0.97637,5.27593,17.5775,18.3521,TRUE,-126.217,0.980137,6.07065,15.944999999999993,17.0612,TRUE,2.7950000000000017,both,NA
BE-Dor,2014,GRA,ICOS,-213.652,0.981564,6.31743,9.126999999999995,11.1001,TRUE,-211.78,0.981507,6.31786,8.53649999999999,10.62,TRUE,-1.8719999999999857,both,NA
BE-Dor,2015,GRA,ICOS,-213.612,0.942751,5.48377,22.429999999999993,23.0905,TRUE,-208.343,0.944692,5.55024,22.614500000000007,23.2857,TRUE,-5.2690000000000055,both,NA
BE-Dor,2016,GRA,ICOS,-143.215,0.938069,5.47859,6.533000000000001,8.52599,TRUE,-156.387,0.939151,5.55865,5.847999999999999,8.06821,TRUE,13.171999999999997,both,NA
BE-Dor,2017,GRA,ICOS,-93.5894,0.863927,6.80147,10.395000000000003,12.4224,TRUE,-91.2748,0.863984,6.80543,12.589350000000003,14.3111,TRUE,-2.3145999999999987,both,NA
BE-Dor,2018,GRA,ICOS,88.5935,0.926199,6.07959,21.249200000000002,22.1018,TRUE,88.3338,0.926199,6.07975,21.0219,21.8836,TRUE,0.25970000000000937,both,NA
BE-Dor,2019,GRA,ICOS,47.8311,0.772203,5.90863,7.432850000000002,9.49519,TRUE,54.9865,0.77734,6.07738,6.189350000000001,8.67424,TRUE,-7.1554,both,NA
BE-Dor,2020,GRA,ICOS,-48.5532,0.968352,5.47738,3.0626999999999995,6.2755,TRUE,-49.9385,0.972564,5.54988,1.9960999999999984,5.89794,TRUE,1.3853000000000009,both,NA
BE-Dor,2021,GRA,ICOS,-131.035,0.975571,6.03656,5.125999999999998,7.91944,TRUE,-133.584,0.976541,6.02634,5.587000000000003,8.21765,TRUE,2.5490000000000066,both,NA
BE-Dor,2022,GRA,ICOS,78.2039,0.966781,5.29346,15.945799999999998,16.8015,TRUE,80.7545,0.966895,5.37638,16.28935,17.1537,TRUE,-2.5505999999999887,both,NA
BE-Dor,2023,GRA,ICOS,12.1415,0.985331,5.99624,10.5885405,12.1685,TRUE,6.16019,0.983562,5.90603,10.40199,11.9617,TRUE,5.981310000000001,both,NA
BE-Dor,2024,GRA,ICOS,-49.7037,0.987306,5.79366,7.131900000000002,9.18858,TRUE,-47.4155,0.986851,5.65922,8.8946,10.5423,TRUE,-2.2881999999999962,both,NA
BE-Lcr,2019,DBF,ICOS,-154.483,0.819977,7.07858,19.13000000000001,20.398,TRUE,-148.816,0.832534,7.23869,19.933999999999997,21.2075,TRUE,-5.667000000000002,both,NA
BE-Lcr,2020,DBF,ICOS,-656.085,0.919228,8.23889,27.893500000000017,29.0849,TRUE,-636.991,0.926343,8.3078,23.726499999999987,25.1391,TRUE,-19.09400000000005,both,NA
BE-Lcr,2021,DBF,ICOS,25.9508,0.941952,7.2517,11.15865,13.308,TRUE,29.5779,0.940468,7.28858,16.3753,17.9241,TRUE,-3.6270999999999987,both,NA
BE-Lcr,2022,DBF,ICOS,-426.878,0.953995,8.24565,14.435000000000002,16.624,TRUE,-433.523,0.949658,8.28128,15.665500000000009,17.7196,TRUE,6.645000000000039,both,NA
BE-Lon,2004,CRO,ICOS,NA,NA,NA,NA,NA,FALSE,NA,NA,NA,NA,NA,FALSE,NA,neither,no_value
BE-Lon,2005,CRO,ICOS,-511.686,0.96347,4.44841,13.932499999999976,14.6257,TRUE,-510.321,0.958333,4.47173,14.975000000000023,15.6283,TRUE,-1.3649999999999523,both,NA
BE-Lon,2006,CRO,ICOS,-94.6795,0.934646,3.18363,3.0467000000000013,4.40654,TRUE,-93.8458,0.934532,3.18363,4.911100000000005,5.85282,TRUE,-0.8337000000000074,both,NA
BE-Lon,2007,CRO,ICOS,-476.757,0.975799,5.15726,11.19149999999999,12.3227,TRUE,-476.428,0.969406,5.15188,11.541500000000013,12.6393,TRUE,-0.32900000000000773,both,NA
BE-Lon,2008,CRO,ICOS,-796.187,0.965676,4.23924,11.888499999999965,12.6217,TRUE,-795.331,0.965392,4.23462,14.17149999999998,14.7907,TRUE,-0.8559999999999945,both,NA
BE-Lon,2009,CRO,ICOS,-361.336,0.9375,5.02665,40.047499999999985,40.3618,TRUE,-372.677,0.947945,4.99741,25.80450000000002,26.284,TRUE,11.341000000000008,both,NA
BE-Lon,2010,CRO,ICOS,181.565,0.931393,3.04356,10.799999999999997,11.2206,TRUE,177.234,0.940126,3.16844,11.86399999999999,12.2799,TRUE,4.330999999999989,both,NA
BE-Lon,2011,CRO,ICOS,-396.811,0.958105,4.28051,29.583500000000015,29.8914,TRUE,-396.627,0.957534,4.27272,22.783500000000004,23.1809,TRUE,-0.18399999999996908,both,NA
BE-Lon,2012,CRO,ICOS,-393.238,0.941314,5.19136,11.053499999999985,12.2119,TRUE,-394.662,0.937215,5.19921,9.7464999999999975,11.0468,TRUE,1.4239999999999782,both,NA
BE-Lon,2013,CRO,ICOS,-409.997,0.93379,3.97793,2.092500000000001,4.49458,TRUE,-413.612,0.920148,3.92785,2.1670000000000016,4.4859,TRUE,3.615000000000009,both,NA
BE-Lon,2014,CRO,ICOS,85.9616,0.966952,2.44306,6.298249999999996,6.75551,TRUE,83.2944,0.961301,2.40688,6.575699999999998,7.0023,TRUE,2.6672000000000082,both,NA
BE-Lon,2015,CRO,ICOS,-537.062,0.986073,4.19489,5.582499999999982,6.98288,TRUE,-534.789,0.985331,4.18544,6.968500000000006,8.12916,TRUE,-2.2730000000000246,both,NA
BE-Lon,2016,CRO,ICOS,-485.702,0.984062,3.48661,11.852000000000004,12.3542,TRUE,-485.79,0.9815,3.4764,7.865499999999997,8.59955,TRUE,0.08800000000002228,both,NA
BE-Lon,2017,CRO,ICOS,-291.2,0.977055,3.34377,12.990999999999985,13.4142,TRUE,-287.992,0.965468,3.35092,10.903500000000008,11.4068,TRUE,-3.20799999999997,both,NA
BE-Lon,2018,CRO,ICOS,66.0486,0.907078,2.74707,5.555200000000003,6.19727,TRUE,68.3251,0.883733,2.72266,5.763349999999999,6.37412,TRUE,-2.276500000000013,both,NA
BE-Lon,2019,CRO,ICOS,-741.064,0.914269,4.11476,3.134999999999991,5.17304,TRUE,-738.272,0.920434,4.15029,2.6359999999999673,4.91674,TRUE,-2.7919999999999163,both,NA
BE-Lon,2020,CRO,ICOS,-524.865,0.974158,3.5098,2.326999999999998,4.21125,TRUE,-524.785,0.974158,3.51166,2.540999999999997,4.33476,TRUE,-0.08000000000004093,both,NA
BE-Lon,2021,CRO,ICOS,185.238,0.970205,4.02663,45.3165,45.4948,TRUE,194.96,0.965297,3.89929,21.935500000000005,22.2798,TRUE,-9.722000000000008,both,NA
BE-Lon,2022,CRO,ICOS,-465.707,0.96524,5.12811,9.064999999999998,10.415,TRUE,-459.082,0.958276,5.08479,14.981000000000023,15.8206,TRUE,-6.625,both,NA
BE-Lon,2023,CRO,ICOS,NA,NA,NA,NA,NA,FALSE,NA,NA,NA,NA,NA,FALSE,NA,neither,no_value
BE-Lon,2024,CRO,ICOS,-368.841,0.860371,4.21742,6.073999999999984,7.39453,TRUE,-362.098,0.857696,4.20289,12.660499999999985,13.3399,TRUE,-6.742999999999995,both,NA
BJ-Bfg,2008,DBF,ICOS,NA,NA,NA,NA,NA,FALSE,NA,NA,NA,NA,NA,FALSE,NA,neither,no_value
BJ-Bfg,2009,DBF,ICOS,-629.077,0.776655,10.3315,66.709,67.5045,TRUE,-703.624,0.743151,10.3109,78.63849999999996,79.3114,TRUE,74.54700000000003,both,NA
BJ-Bfg,2010,DBF,ICOS,NA,NA,NA,NA,NA,FALSE,NA,NA,NA,NA,NA,FALSE,NA,neither,no_value
BJ-Bfg,2011,DBF,ICOS,NA,NA,NA,NA,NA,FALSE,NA,NA,NA,NA,NA,FALSE,NA,neither,no_value
BJ-Bfg,2012,DBF,ICOS,NA,NA,NA,NA,NA,FALSE,NA,NA,NA,NA,NA,FALSE,NA,neither,no_value
BJ-Bfg,2013,DBF,ICOS,-562.664,0.941438,15.1485,22.531000000000006,27.1497,TRUE,-534.99,0.940925,14.061,26.05400000000003,29.6059,TRUE,-27.673999999999978,both,NA
BJ-Bfg,2014,DBF,ICOS,-787.671,0.929452,8.04854,15.257000000000005,17.2496,TRUE,-773.234,0.933847,8.26528,28.914500000000032,30.0726,TRUE,-14.437000000000012,both,NA
BJ-Bfg,2015,DBF,ICOS,NA,NA,NA,NA,NA,FALSE,NA,NA,NA,NA,NA,FALSE,NA,neither,no_value
BJ-Bfg,2016,DBF,ICOS,NA,NA,NA,NA,NA,FALSE,NA,NA,NA,NA,NA,FALSE,NA,neither,no_value
BJ-Bfg,2017,DBF,ICOS,NA,NA,NA,NA,NA,FALSE,NA,NA,NA,NA,NA,FALSE,NA,neither,no_value
BJ-Db1,2022,CRO,ICOS,NA,NA,NA,NA,NA,FALSE,NA,NA,NA,NA,NA,FALSE,NA,neither,no_value
BJ-Db1,2023,CRO,ICOS,-1124.58,0.97363,8.71756,17.86500000000001,19.8771,TRUE,-1125.37,0.977283,9.11605,17.860000000000014,20.0519,TRUE,0.7899999999999636,both,NA
BJ-Db1,2024,CRO,ICOS,-1203.37,0.962546,8.31383,8.06499999999994,11.5834,TRUE,-1200.66,0.964652,8.89413,10.934999999999945,14.0969,TRUE,-2.709999999999809,both,NA
BJ-Nhu,2008,SAV,ICOS,-291.313,0.975182,8.77221,54.881,55.5775,TRUE,-296.672,0.975068,8.81341,67.1595,67.7354,TRUE,5.359000000000037,both,NA
BJ-Nhu,2009,SAV,ICOS,-169.975,0.950342,9.24672,17.310000000000002,19.6248,TRUE,-180.893,0.949429,9.21116,20.284499999999994,22.2777,TRUE,10.918000000000006,both,NA
BJ-Nhu,2010,SAV,ICOS,-293.133,0.675628,7.19184,26.644499999999994,27.5984,TRUE,-352.815,0.674429,6.77517,30.97399999999999,31.7063,TRUE,59.682000000000016,both,NA
BJ-Nhu,2011,SAV,ICOS,NA,NA,NA,NA,NA,FALSE,NA,NA,NA,NA,NA,FALSE,NA,neither,no_value
BJ-Nhu,2012,SAV,ICOS,NA,NA,NA,NA,NA,FALSE,NA,NA,NA,NA,NA,FALSE,NA,neither,no_value
BJ-Nhu,2013,SAV,ICOS,-103.169,0.768151,11.1124,65.3774,66.3152,TRUE,-97.6932,0.767922,11.3318,67.1793,68.1283,TRUE,-5.4757999999999925,both,NA
BJ-Nhu,2014,SAV,ICOS,NA,NA,NA,NA,NA,FALSE,NA,NA,NA,NA,NA,FALSE,NA,neither,no_value
BJ-Nhu,2015,SAV,ICOS,NA,NA,NA,NA,NA,FALSE,NA,NA,NA,NA,NA,FALSE,NA,neither,no_value
BJ-Nhu,2016,SAV,ICOS,57.0719,0.865551,10.2382,24.541845000000002,26.5918,TRUE,45.5276,0.858151,9.78737,29.545084999999997,31.124,TRUE,11.5443,both,NA
BJ-Nhu,2017,SAV,ICOS,-420.785,0.558162,7.05387,63.06299999999999,63.4563,TRUE,-431.486,0.558048,7.37214,65.3485,65.7629,TRUE,10.700999999999965,both,NA
BR-CST,2014,DNF,AmeriFlux,NA,NA,NA,NA,NA,FALSE,NA,NA,NA,NA,NA,FALSE,NA,neither,no_value
BR-CST,2015,DNF,AmeriFlux,NA,NA,NA,NA,NA,FALSE,NA,NA,NA,NA,NA,FALSE,NA,neither,no_value
BR-ITA,2020,EBF,AmeriFlux,NA,NA,NA,NA,NA,FALSE,NA,NA,NA,NA,NA,FALSE,NA,neither,no_value
BR-ITA,2021,EBF,AmeriFlux,316.596,0.779338,5.95339,45.66850000000002,46.0549,TRUE,322.362,0.779795,6.05208,37.7285,38.2109,TRUE,-5.7660000000000196,both,NA
BR-ITA,2022,EBF,AmeriFlux,-326.932,0.826484,5.41145,54.805499999999995,55.0721,TRUE,-318.992,0.829281,5.45954,55.00749999999999,55.278,TRUE,-7.939999999999998,both,NA
BR-ITA,2023,EBF,AmeriFlux,-575.702,0.661587,6.245,16.206000000000017,17.3674,TRUE,-590.995,0.65782,5.87873,53.91250000000002,54.2322,TRUE,15.293000000000006,both,NA
BR-ITA,2024,EBF,AmeriFlux,NA,NA,NA,NA,NA,FALSE,NA,NA,NA,NA,NA,FALSE,NA,neither,no_value
BR-Ji3,2004,EBF,AmeriFlux,NA,NA,NA,NA,NA,FALSE,NA,NA,NA,NA,NA,FALSE,NA,neither,no_value
BR-Ji3,2005,EBF,AmeriFlux,-1386.68,0.911872,51.5345,51.559999999999945,72.8965,TRUE,-1388.4,0.907249,50.8915,58.42000000000007,77.4779,TRUE,1.7200000000000273,both,NA
BR-Ji3,2006,EBF,AmeriFlux,-1132.93,0.746347,44.0838,31.690000000000055,54.2917,TRUE,-1037,0.743436,43.3214,57.91500000000008,72.3236,TRUE,-95.93000000000006,both,NA
BR-Ji3,2007,EBF,AmeriFlux,NA,NA,NA,NA,NA,FALSE,NA,NA,NA,NA,NA,FALSE,NA,neither,no_value
BR-Ji3,2008,EBF,AmeriFlux,-1335.6,0.683003,34.2041,94.70000000000005,100.688,TRUE,-1326.37,0.669171,33.9884,101.68500000000006,107.212,TRUE,-9.230000000000018,both,NA
BR-Ji3,2009,EBF,AmeriFlux,-1659.47,0.926769,39.6455,43.38499999999999,58.7709,TRUE,-1850.67,0.915126,37.7588,119.10000000000002,124.942,TRUE,191.20000000000005,both,NA
BR-Ji3,2010,EBF,AmeriFlux,NA,NA,NA,NA,NA,FALSE,NA,NA,NA,NA,NA,FALSE,NA,neither,no_value
BR-Ma2,1999,EBF,AmeriFlux,NA,NA,NA,NA,NA,FALSE,NA,NA,NA,NA,NA,FALSE,NA,neither,no_value
BR-Ma2,2000,EBF,AmeriFlux,NA,NA,NA,NA,NA,FALSE,NA,NA,NA,NA,NA,FALSE,NA,neither,no_value
BR-Ma2,2001,EBF,AmeriFlux,NA,NA,NA,NA,NA,FALSE,NA,NA,NA,NA,NA,FALSE,NA,neither,no_value
BR-Ma2,2002,EBF,AmeriFlux,NA,NA,NA,NA,NA,FALSE,NA,NA,NA,NA,NA,FALSE,NA,neither,no_value
BR-Ma2,2003,EBF,AmeriFlux,NA,NA,NA,NA,NA,FALSE,NA,NA,NA,NA,NA,FALSE,NA,neither,no_value
BR-Ma2,2004,EBF,AmeriFlux,NA,NA,NA,NA,NA,FALSE,NA,NA,NA,NA,NA,FALSE,NA,neither,no_value
BR-Ma2,2005,EBF,AmeriFlux,-73.2675,0.878995,27.0098,251.64659999999998,253.092,TRUE,37.1479,0.853082,26.9399,339.786,340.852,TRUE,-110.4154,both,NA
BR-Ma2,2006,EBF,AmeriFlux,-180.537,0.777397,25.8691,316.09319999999997,317.15,TRUE,43.4453,0.756735,26.0326,318.9235,319.984,TRUE,-223.9823,both,NA
BR-Ma2,2007,EBF,AmeriFlux,-698.371,0.933048,18.1411,57.964999999999975,60.7373,TRUE,-622.361,0.90879,19.7056,71.97450000000003,74.6233,TRUE,-76.00999999999999,both,NA
BR-Ma2,2008,EBF,AmeriFlux,NA,NA,NA,NA,NA,FALSE,NA,NA,NA,NA,NA,FALSE,NA,neither,no_value
BR-Ma2,2009,EBF,AmeriFlux,-251.302,0.939384,19.4279,115.01150000000001,116.641,TRUE,-219.102,0.907306,23.8025,198.0555,199.481,TRUE,-32.19999999999999,both,NA
BR-Ma2,2010,EBF,AmeriFlux,-423.574,0.800228,20.4195,64.74650000000003,67.8902,TRUE,-540.143,0.756906,24.6959,129.5205,131.854,TRUE,116.56900000000002,both,NA
BR-Ma2,2011,EBF,AmeriFlux,-338.394,0.863071,23.4556,142.41500000000002,144.334,TRUE,-368.158,0.803025,29.1795,220.737,222.657,TRUE,29.76400000000001,both,NA
BR-Ma2,2012,EBF,AmeriFlux,-52.7079,0.700194,25.9966,172.1788,174.13,TRUE,269.822,0.626765,33.2545,230.4865,232.873,TRUE,-322.5299,both,NA
BR-Ma2,2013,EBF,AmeriFlux,NA,NA,NA,NA,NA,FALSE,NA,NA,NA,NA,NA,FALSE,NA,neither,no_value
BR-Ma2,2014,EBF,AmeriFlux,NA,NA,NA,NA,NA,FALSE,NA,NA,NA,NA,NA,FALSE,NA,neither,no_value
BR-Ma2,2015,EBF,AmeriFlux,NA,NA,NA,NA,NA,FALSE,NA,NA,NA,NA,NA,FALSE,NA,neither,no_value
BR-Ma2,2016,EBF,AmeriFlux,NA,NA,NA,NA,NA,FALSE,NA,NA,NA,NA,NA,FALSE,NA,neither,no_value
BR-Ma3,2008,CVM,AmeriFlux,NA,NA,NA,NA,NA,FALSE,NA,NA,NA,NA,NA,FALSE,NA,neither,no_value
BR-Ma3,2009,CVM,AmeriFlux,NA,NA,NA,NA,NA,FALSE,NA,NA,NA,NA,NA,FALSE,NA,neither,no_value
BR-Ma3,2010,CVM,AmeriFlux,NA,NA,NA,NA,NA,FALSE,NA,NA,NA,NA,NA,FALSE,NA,neither,no_value
BR-Ma3,2011,CVM,AmeriFlux,NA,NA,NA,NA,NA,FALSE,NA,NA,NA,NA,NA,FALSE,NA,neither,no_value
BR-Ma3,2012,CVM,AmeriFlux,NA,NA,NA,NA,NA,FALSE,NA,NA,NA,NA,NA,FALSE,NA,neither,no_value
BR-Ma3,2013,CVM,AmeriFlux,NA,NA,NA,NA,NA,FALSE,NA,NA,NA,NA,NA,FALSE,NA,neither,no_value
BR-Ma3,2014,CVM,AmeriFlux,NA,NA,NA,NA,NA,FALSE,NA,NA,NA,NA,NA,FALSE,NA,neither,no_value
BR-Ma3,2015,CVM,AmeriFlux,NA,NA,NA,NA,NA,FALSE,NA,NA,NA,NA,NA,FALSE,NA,neither,no_value
BR-Ma3,2016,CVM,AmeriFlux,NA,NA,NA,NA,NA,FALSE,NA,NA,NA,NA,NA,FALSE,NA,neither,no_value
BR-Ma3,2017,CVM,AmeriFlux,NA,NA,NA,NA,NA,FALSE,NA,NA,NA,NA,NA,FALSE,NA,neither,no_value
BR-Ma3,2018,CVM,AmeriFlux,NA,NA,NA,NA,NA,FALSE,NA,NA,NA,NA,NA,FALSE,NA,neither,no_value
BR-Npw,2013,WSA,AmeriFlux,NA,NA,NA,NA,NA,FALSE,NA,NA,NA,NA,NA,FALSE,NA,neither,no_value
BR-Npw,2014,WSA,AmeriFlux,NA,NA,NA,NA,NA,FALSE,NA,NA,NA,NA,NA,FALSE,NA,neither,no_value
BR-Npw,2015,WSA,AmeriFlux,-411.846,0.818208,13.8801,18.584000000000003,23.1953,TRUE,-411.846,0.818208,13.8801,18.563999999999993,23.1792,TRUE,0,both,NA
BR-Npw,2016,WSA,AmeriFlux,-634.931,0.917122,16.4824,33.18349999999998,37.0513,TRUE,-634.931,0.917122,16.4824,32.99400000000003,36.882,TRUE,0,both,NA
BR-Npw,2017,WSA,AmeriFlux,NA,NA,NA,NA,NA,FALSE,NA,NA,NA,NA,NA,FALSE,NA,neither,no_value
BR-SM1,2015,CRO,AmeriFlux,NA,NA,NA,NA,NA,FALSE,NA,NA,NA,NA,NA,FALSE,NA,neither,no_value
BR-SM1,2016,CRO,AmeriFlux,NA,NA,NA,NA,NA,FALSE,NA,NA,NA,NA,NA,FALSE,NA,neither,no_value
BR-Sa1,2002,EBF,AmeriFlux,502.131,0.901313,13.3128,32.93350000000001,35.5221,TRUE,472.069,0.904224,13.1381,97.172,98.056,TRUE,30.061999999999955,both,NA
BR-Sa1,2003,EBF,AmeriFlux,384.899,0.891096,13.7985,97.39150000000001,98.3645,TRUE,387.713,0.896062,13.6554,130.00150000000002,130.716,TRUE,-2.8140000000000214,both,NA
BR-Sa1,2004,EBF,AmeriFlux,128.227,0.922757,13.3785,72.67325,73.8946,TRUE,139.891,0.919342,13.5306,77.88145,79.0481,TRUE,-11.663999999999987,both,NA
BR-Sa1,2005,EBF,AmeriFlux,207.894,0.77089,15.9749,49.38300000000001,51.9026,TRUE,242.223,0.754737,16.0306,45.838499999999996,48.5604,TRUE,-34.32900000000001,both,NA
BR-Sa1,2006,EBF,AmeriFlux,NA,NA,NA,NA,NA,FALSE,NA,NA,NA,NA,NA,FALSE,NA,neither,no_value
BR-Sa1,2007,EBF,AmeriFlux,NA,NA,NA,NA,NA,FALSE,NA,NA,NA,NA,NA,FALSE,NA,neither,no_value
BR-Sa1,2008,EBF,AmeriFlux,NA,NA,NA,NA,NA,FALSE,NA,NA,NA,NA,NA,FALSE,NA,neither,no_value
BR-Sa1,2009,EBF,AmeriFlux,395.124,0.837043,11.9102,49.6455,51.0546,TRUE,393.946,0.835902,11.9268,51.522999999999996,52.8857,TRUE,1.1779999999999973,both,NA
BR-Sa1,2010,EBF,AmeriFlux,330.111,0.799258,14.1205,71.90800000000002,73.2818,TRUE,353.858,0.792466,15.118,72.94900000000001,74.4991,TRUE,-23.747000000000014,both,NA
BR-Sa1,2011,EBF,AmeriFlux,161.16,0.830708,11.1837,40.016999999999996,41.5504,TRUE,184.79,0.819178,12.202,38.642999999999994,40.5236,TRUE,-23.629999999999995,both,NA
BR-Sa3,2000,EBF,AmeriFlux,NA,NA,NA,NA,NA,FALSE,NA,NA,NA,NA,NA,FALSE,NA,neither,no_value
BR-Sa3,2001,EBF,AmeriFlux,-78.2333,0.920434,17.7617,67.1131,69.4235,TRUE,-73.4603,0.921347,17.968,48.46059999999999,51.6845,TRUE,-4.772999999999996,both,NA
BR-Sa3,2002,EBF,AmeriFlux,-38.137,0.855594,18.2761,25.887249999999998,31.6885,TRUE,-48.8561,0.857192,18.5342,40.144949999999994,44.2169,TRUE,10.719099999999997,both,NA
BR-Sa3,2003,EBF,AmeriFlux,-180.741,0.920148,20.3994,40.62050000000001,45.4549,TRUE,-186.756,0.921005,20.5178,36.7615,42.0998,TRUE,6.014999999999986,both,NA
BR-Sa3,2004,EBF,AmeriFlux,NA,NA,NA,NA,NA,FALSE,NA,NA,NA,NA,NA,FALSE,NA,neither,no_value
BR-Xpw,2017,GRA,AmeriFlux,NA,NA,NA,NA,NA,FALSE,NA,NA,NA,NA,NA,FALSE,NA,neither,no_value
BR-Xpw,2018,GRA,AmeriFlux,NA,NA,NA,NA,NA,FALSE,NA,NA,NA,NA,NA,FALSE,NA,neither,no_value
BR-Xpw,2019,GRA,AmeriFlux,465.999,0.985731,14.6442,56.31900000000002,58.1919,TRUE,472.676,0.982249,13.949,51.78649999999999,53.6319,TRUE,-6.676999999999964,both,NA
BR-Xpw,2020,GRA,AmeriFlux,238.111,0.948657,12.1682,15.187999999999988,19.4614,TRUE,235.279,0.946892,11.8509,14.201999999999998,18.4973,TRUE,2.8319999999999936,both,NA
BR-Xpw,2021,GRA,AmeriFlux,41.4372,0.935902,11.5716,7.1403,13.5973,TRUE,38.7855,0.935445,11.6943,9.271550000000001,14.9237,TRUE,2.651699999999998,both,NA
BR-Xpw,2022,GRA,AmeriFlux,NA,NA,NA,NA,NA,FALSE,NA,NA,NA,NA,NA,FALSE,NA,neither,no_value
BW-Gum,2018,WET,ICOS,NA,NA,NA,NA,NA,FALSE,NA,NA,NA,NA,NA,FALSE,NA,neither,no_value
BW-Gum,2019,WET,ICOS,175.615,0.85371,11.6708,49.337300000000006,50.6991,TRUE,169.842,0.853196,11.7516,49.2673,50.6495,TRUE,5.772999999999996,both,NA
BW-Gum,2020,WET,ICOS,NA,NA,NA,NA,NA,FALSE,NA,NA,NA,NA,NA,FALSE,NA,neither,no_value
BW-Nxr,2019,GRA,ICOS,NA,NA,NA,NA,NA,FALSE,NA,NA,NA,NA,NA,FALSE,NA,neither,no_value
BW-Nxr,2020,GRA,ICOS,NA,NA,NA,NA,NA,FALSE,NA,NA,NA,NA,NA,FALSE,NA,neither,no_value
CA-ARB,2011,WET,AmeriFlux,NA,NA,NA,NA,NA,FALSE,NA,NA,NA,NA,NA,FALSE,NA,neither,no_value
CA-ARB,2012,WET,AmeriFlux,-35.0968,0.889287,1.2584,0.6378000000000021,1.41079,TRUE,-35.4355,0.887295,1.25167,0.6759500000000003,1.42253,TRUE,0.3386999999999958,both,NA
CA-ARB,2013,WET,AmeriFlux,-76.6947,0.845263,1.66256,0.7491500000000002,1.82356,TRUE,-77.3858,0.844521,1.64184,0.8369,1.84284,TRUE,0.6911000000000058,both,NA
CA-ARB,2014,WET,AmeriFlux,-51.3259,0.738984,1.46147,2.097550000000002,2.55648,TRUE,-53.6902,0.735674,1.45509,2.0747999999999998,2.53417,TRUE,2.3643,both,NA
CA-ARB,2015,WET,AmeriFlux,-142.833,0.961815,1.83445,2.522999999999996,3.11939,TRUE,-145.125,0.952454,1.83145,2.7154999999999916,3.27526,TRUE,2.2920000000000016,both,NA
CA-ARB,2016,WET,AmeriFlux,-81.7304,0.843864,1.50292,1.2661999999999978,1.9652,TRUE,-82.4937,0.837147,1.48514,2.116199999999999,2.58534,TRUE,0.763300000000001,both,NA
CA-ARB,2017,WET,AmeriFlux,NA,NA,NA,NA,NA,FALSE,NA,NA,NA,NA,NA,FALSE,NA,neither,no_value
CA-ARB,2018,WET,AmeriFlux,NA,NA,NA,NA,NA,FALSE,NA,NA,NA,NA,NA,FALSE,NA,neither,no_value
CA-ARB,2019,WET,AmeriFlux,NA,NA,NA,NA,NA,FALSE,NA,NA,NA,NA,NA,FALSE,NA,neither,no_value
CA-ARB,2020,WET,AmeriFlux,NA,NA,NA,NA,NA,FALSE,NA,NA,NA,NA,NA,FALSE,NA,neither,no_value
CA-ARB,2021,WET,AmeriFlux,NA,NA,NA,NA,NA,FALSE,NA,NA,NA,NA,NA,FALSE,NA,neither,no_value
CA-ARB,2022,WET,AmeriFlux,NA,NA,NA,NA,NA,FALSE,NA,NA,NA,NA,NA,FALSE,NA,neither,no_value
CA-ARB,2023,WET,AmeriFlux,NA,NA,NA,NA,NA,FALSE,NA,NA,NA,NA,NA,FALSE,NA,neither,no_value
CA-ARB,2024,WET,AmeriFlux,NA,NA,NA,NA,NA,FALSE,NA,NA,NA,NA,NA,FALSE,NA,neither,no_value
CA-ARF,2011,WET,AmeriFlux,NA,NA,NA,NA,NA,FALSE,NA,NA,NA,NA,NA,FALSE,NA,neither,no_value
CA-ARF,2012,WET,AmeriFlux,NA,NA,NA,NA,NA,FALSE,NA,NA,NA,NA,NA,FALSE,NA,neither,no_value
CA-ARF,2013,WET,AmeriFlux,12.5833,0.710046,1.4611,3.096695,3.42407,TRUE,12.6796,0.714212,1.46713,1.1900500000000003,1.8891,TRUE,-0.09630000000000116,both,NA
CA-ARF,2014,WET,AmeriFlux,-88.8817,0.986701,1.7438,4.368249999999996,4.70344,TRUE,-86.7513,0.99161,1.77179,1.8487500000000026,2.56069,TRUE,-2.1303999999999945,both,NA
CA-ARF,2015,WET,AmeriFlux,-11.6334,0.886701,1.69383,0.8939500000000002,1.91526,TRUE,-11.1678,0.887957,1.71296,0.9350500000000004,1.95155,TRUE,-0.46560000000000024,both,NA
CA-ARF,2016,WET,AmeriFlux,-111.087,0.82952,2.05914,0.6374999999999957,2.15551,TRUE,-110.841,0.82952,2.05707,0.758499999999998,2.19256,TRUE,-0.24600000000000932,both,NA
CA-ARF,2017,WET,AmeriFlux,-60.6579,0.822888,1.49164,4.449899999999996,4.69327,TRUE,-62.2516,0.820833,1.47709,5.543750000000003,5.73713,TRUE,1.5937000000000054,both,NA
CA-ARF,2018,WET,AmeriFlux,29.1769,0.835445,1.58137,0.9155499999999996,1.82729,TRUE,27.7915,0.831279,1.56927,0.9168999999999983,1.8175,TRUE,1.3854000000000006,both,NA
CA-ARF,2019,WET,AmeriFlux,NA,NA,NA,NA,NA,FALSE,NA,NA,NA,NA,NA,FALSE,NA,neither,no_value
CA-ARF,2020,WET,AmeriFlux,NA,NA,NA,NA,NA,FALSE,NA,NA,NA,NA,NA,FALSE,NA,neither,no_value
CA-ARF,2021,WET,AmeriFlux,NA,NA,NA,NA,NA,FALSE,NA,NA,NA,NA,NA,FALSE,NA,neither,no_value
CA-ARF,2022,WET,AmeriFlux,NA,NA,NA,NA,NA,FALSE,NA,NA,NA,NA,NA,FALSE,NA,neither,no_value
CA-ARF,2023,WET,AmeriFlux,NA,NA,NA,NA,NA,FALSE,NA,NA,NA,NA,NA,FALSE,NA,neither,no_value
CA-ARF,2024,WET,AmeriFlux,NA,NA,NA,NA,NA,FALSE,NA,NA,NA,NA,NA,FALSE,NA,neither,no_value
CA-BOU,2018,WET,AmeriFlux,NA,NA,NA,NA,NA,FALSE,NA,NA,NA,NA,NA,FALSE,NA,neither,no_value
CA-BOU,2019,WET,AmeriFlux,NA,NA,NA,NA,NA,FALSE,NA,NA,NA,NA,NA,FALSE,NA,neither,no_value
CA-BOU,2020,WET,AmeriFlux,NA,NA,NA,NA,NA,FALSE,NA,NA,NA,NA,NA,FALSE,NA,neither,no_value
CA-CF1,2007,WET,AmeriFlux,NA,NA,NA,NA,NA,FALSE,NA,NA,NA,NA,NA,FALSE,NA,neither,no_value
CA-CF1,2008,WET,AmeriFlux,NA,NA,NA,NA,NA,FALSE,NA,NA,NA,NA,NA,FALSE,NA,neither,no_value
CA-CF2,2008,WET,AmeriFlux,NA,NA,NA,NA,NA,FALSE,NA,NA,NA,NA,NA,FALSE,NA,neither,no_value
CA-CF2,2009,WET,AmeriFlux,NA,NA,NA,NA,NA,FALSE,NA,NA,NA,NA,NA,FALSE,NA,neither,no_value
CA-CF2,2010,WET,AmeriFlux,NA,NA,NA,NA,NA,FALSE,NA,NA,NA,NA,NA,FALSE,NA,neither,no_value
CA-CF2,2011,WET,AmeriFlux,NA,NA,NA,NA,NA,FALSE,NA,NA,NA,NA,NA,FALSE,NA,neither,no_value
CA-CF3,2022,WET,AmeriFlux,NA,NA,NA,NA,NA,FALSE,NA,NA,NA,NA,NA,FALSE,NA,neither,no_value
CA-CF3,2023,WET,AmeriFlux,-47.4465,0.886301,0.607092,1.5067000000000021,1.62441,TRUE,-47.2117,0.889441,0.609628,2.6948500000000024,2.76297,TRUE,-0.2347999999999999,both,NA
CA-CF3,2024,WET,AmeriFlux,-40.0194,0.799465,0.605045,3.1199499999999993,3.17804,TRUE,-40.7518,0.871926,0.681302,3.3145500000000006,3.38388,TRUE,0.7324000000000055,both,NA
CA-CF3,2025,WET,AmeriFlux,-34.4257,0.833333,0.68626,0.501850000000001,0.850177,TRUE,-36.2867,0.935559,0.703118,0.6514500000000005,0.95851,TRUE,1.8610000000000042,both,NA
CA-Ca1,1997,ENF,AmeriFlux,NA,NA,NA,NA,NA,FALSE,NA,NA,NA,NA,NA,FALSE,NA,neither,no_value
CA-Ca1,1998,ENF,AmeriFlux,-358.846,0.965868,8.55981,16.263499999999993,18.3786,TRUE,-353.321,0.961587,8.58361,28.337500000000006,29.6089,TRUE,-5.524999999999977,both,NA
CA-Ca1,1999,ENF,AmeriFlux,-385.697,0.977797,11.8505,23.909999999999997,26.6857,TRUE,-391.166,0.981621,11.9218,26.9375,29.4578,TRUE,5.468999999999994,both,NA
CA-Ca1,2000,ENF,AmeriFlux,-294.439,0.970116,9.28929,17.360000000000014,19.6891,TRUE,-296.309,0.97393,9.37977,13.352000000000004,16.3172,TRUE,1.8700000000000045,both,NA
CA-Ca1,2001,ENF,AmeriFlux,-321.887,0.975,10.6594,16.3365,19.5066,TRUE,-325.536,0.979281,11.0584,16.08450000000002,19.5191,TRUE,3.649000000000001,both,NA
CA-Ca1,2002,ENF,AmeriFlux,-166.17,0.953824,9.89544,19.259,21.6523,TRUE,-182.065,0.971404,9.27296,18.7175,20.8889,TRUE,15.89500000000001,both,NA
CA-Ca1,2003,ENF,AmeriFlux,-220.602,0.973687,10.1757,95.253,95.795,TRUE,-229.474,0.975856,10.1487,28.78949999999999,30.5262,TRUE,8.871999999999986,both,NA
CA-Ca1,2004,ENF,AmeriFlux,-197.263,0.985257,25.1563,80.6785,84.5095,TRUE,-206.177,0.987477,24.51,28.47200000000001,37.5685,TRUE,8.913999999999987,both,NA
CA-Ca1,2005,ENF,AmeriFlux,-263.583,0.961929,11.0823,50.682000000000016,51.8797,TRUE,-264.629,0.962671,11.0417,16.056499999999986,19.4868,TRUE,1.0459999999999923,both,NA
CA-Ca1,2006,ENF,AmeriFlux,-260.254,0.976427,10.058,24.643,26.6162,TRUE,-263.598,0.981906,10.1178,25.61800000000001,27.5439,TRUE,3.343999999999994,both,NA
CA-Ca1,2007,ENF,AmeriFlux,-405.659,0.964726,10.7555,13.725499999999982,17.4377,TRUE,-429.099,0.97363,11.0983,18.305000000000007,21.4063,TRUE,23.439999999999998,both,NA
CA-Ca1,2008,ENF,AmeriFlux,-503.957,0.959187,8.66544,8.738000000000028,12.3063,TRUE,-501.919,0.969433,8.84402,10.262,13.5472,TRUE,-2.038000000000011,both,NA
CA-Ca1,2009,ENF,AmeriFlux,-447.861,0.944977,8.70238,16.73750000000001,18.8647,TRUE,-471.789,0.951598,8.28652,28.8365,30.0035,TRUE,23.927999999999997,both,NA
CA-Ca1,2010,ENF,AmeriFlux,-553.883,0.995662,34.5875,5.850500000000011,35.0788,TRUE,-560.822,0.997203,27.151,9.407999999999959,28.7347,TRUE,6.9389999999999645,both,NA
CA-Ca2,2000,ENF,AmeriFlux,NA,NA,NA,NA,NA,FALSE,NA,NA,NA,NA,NA,FALSE,NA,neither,no_value
CA-Ca2,2001,ENF,AmeriFlux,578.255,0.978368,3.29072,51.899,52.0036,TRUE,646.225,0.932877,2.98386,55.13150000000002,55.2122,TRUE,-67.97000000000003,both,NA
CA-Ca2,2002,ENF,AmeriFlux,643.384,0.94121,3.20984,42.21449999999999,42.3364,TRUE,657.736,0.934132,3.03077,30.516500000000008,30.6667,TRUE,-14.351999999999975,both,NA
CA-Ca2,2003,ENF,AmeriFlux,671.253,0.952397,3.34091,9.156999999999982,9.74749,TRUE,670.151,0.953082,3.34714,10.931499999999971,11.4327,TRUE,1.1020000000000891,both,NA
CA-Ca2,2004,ENF,AmeriFlux,723.18,0.968921,4.26516,12.502499999999998,13.2097,TRUE,721.863,0.971425,4.26669,18.956999999999994,19.4313,TRUE,1.3169999999998936,both,NA
CA-Ca2,2005,ENF,AmeriFlux,520.207,0.963413,3.70837,7.956000000000017,8.7778,TRUE,524.287,0.968836,3.75024,22.863999999999976,23.1695,TRUE,-4.080000000000041,both,NA
CA-Ca2,2006,ENF,AmeriFlux,535.822,0.974772,4.08965,11.589500000000044,12.2902,TRUE,533.152,0.974886,3.65924,16.741000000000042,17.136,TRUE,2.669999999999959,both,NA
CA-Ca2,2007,ENF,AmeriFlux,517.974,0.977454,3.80631,14.723500000000001,15.2073,TRUE,517.604,0.984132,3.97983,20.49800000000002,20.8809,TRUE,0.37000000000000455,both,NA
CA-Ca2,2008,ENF,AmeriFlux,535.531,0.977459,5.84046,13.423000000000002,14.6388,TRUE,536.503,0.983891,6.90422,29.20349999999999,30.0082,TRUE,-0.9720000000000937,both,NA
CA-Ca2,2009,ENF,AmeriFlux,420.4,0.941096,4.58129,11.102000000000004,12.01,TRUE,397.969,0.959018,5.01311,37.41,37.7442,TRUE,22.430999999999983,both,NA
CA-Ca2,2010,ENF,AmeriFlux,483.29,0.981221,4.82557,8.628000000000014,9.88591,TRUE,457.626,0.990811,5.19184,25.061999999999983,25.5944,TRUE,25.664000000000044,both,NA
CA-Ca3,2001,ENF,AmeriFlux,NA,NA,NA,NA,NA,FALSE,NA,NA,NA,NA,NA,FALSE,NA,neither,no_value
CA-Ca3,2002,ENF,AmeriFlux,NA,NA,NA,NA,NA,FALSE,NA,NA,NA,NA,NA,FALSE,NA,neither,no_value
CA-Ca3,2003,ENF,AmeriFlux,NA,NA,NA,NA,NA,FALSE,NA,NA,NA,NA,NA,FALSE,NA,neither,no_value
CA-Ca3,2004,ENF,AmeriFlux,NA,NA,NA,NA,NA,FALSE,NA,NA,NA,NA,NA,FALSE,NA,neither,no_value
CA-Ca3,2005,ENF,AmeriFlux,NA,NA,NA,NA,NA,FALSE,NA,NA,NA,NA,NA,FALSE,NA,neither,no_value
CA-Ca3,2006,ENF,AmeriFlux,NA,NA,NA,NA,NA,FALSE,NA,NA,NA,NA,NA,FALSE,NA,neither,no_value
CA-Ca3,2007,ENF,AmeriFlux,NA,NA,NA,NA,NA,FALSE,NA,NA,NA,NA,NA,FALSE,NA,neither,no_value
CA-Ca3,2008,ENF,AmeriFlux,NA,NA,NA,NA,NA,FALSE,NA,NA,NA,NA,NA,FALSE,NA,neither,no_value
CA-Ca3,2009,ENF,AmeriFlux,NA,NA,NA,NA,NA,FALSE,NA,NA,NA,NA,NA,FALSE,NA,neither,no_value
CA-Ca3,2010,ENF,AmeriFlux,NA,NA,NA,NA,NA,FALSE,-204.64,0.282021,NA,28.312999999999988,NA,FALSE,NA,neither,fails_qc
CA-Ca3,2011,ENF,AmeriFlux,NA,NA,NA,NA,NA,FALSE,-386.127,0.985845,NA,16.3365,NA,TRUE,NA,CUT_only,NA
CA-Ca3,2012,ENF,AmeriFlux,NA,NA,NA,NA,NA,FALSE,-356.091,0.889572,NA,9.42100000000002,NA,TRUE,NA,CUT_only,NA
CA-Ca3,2013,ENF,AmeriFlux,NA,NA,NA,NA,NA,FALSE,-411.388,0.913699,NA,28.158500000000004,NA,TRUE,NA,CUT_only,NA
CA-Ca3,2014,ENF,AmeriFlux,NA,NA,NA,NA,NA,FALSE,-262.248,0.980137,NA,37.9315,NA,TRUE,NA,CUT_only,NA
CA-Ca3,2015,ENF,AmeriFlux,NA,NA,NA,NA,NA,FALSE,-237.658,0.959703,NA,33.23450000000001,NA,TRUE,NA,CUT_only,NA
CA-Ca3,2016,ENF,AmeriFlux,NA,NA,NA,NA,NA,FALSE,-429.557,0.964879,7.02824,47.76750000000001,48.282,TRUE,NA,CUT_only,NA
CA-Ca3,2017,ENF,AmeriFlux,NA,NA,NA,NA,NA,FALSE,-480.698,0.878767,6.75746,28.061499999999995,28.8639,TRUE,NA,CUT_only,NA
CA-Ca3,2018,ENF,AmeriFlux,NA,NA,NA,NA,NA,FALSE,-579.826,0.851941,7.33918,40.980999999999995,41.6331,TRUE,NA,CUT_only,NA
CA-Ca3,2019,ENF,AmeriFlux,NA,NA,NA,NA,NA,FALSE,-503.308,0.894692,6.92948,32.39399999999998,33.1271,TRUE,NA,CUT_only,NA
CA-Ca3,2020,ENF,AmeriFlux,NA,NA,NA,NA,NA,FALSE,-546.137,0.940005,6.18974,19.690999999999974,20.6407,TRUE,NA,CUT_only,NA
CA-Ca3,2021,ENF,AmeriFlux,NA,NA,NA,NA,NA,FALSE,-424.786,0.958505,5.24825,18.047500000000014,18.7949,TRUE,NA,CUT_only,NA
CA-Ca3,2022,ENF,AmeriFlux,NA,NA,NA,NA,NA,FALSE,-571.808,0.933562,5.60225,14.859000000000037,15.88,TRUE,NA,CUT_only,NA
CA-Ca3,2023,ENF,AmeriFlux,NA,NA,NA,NA,NA,FALSE,-538.809,0.895833,5.65526,14.253499999999974,15.3343,TRUE,NA,CUT_only,NA
CA-Ca3,2024,ENF,AmeriFlux,NA,NA,NA,NA,NA,FALSE,-603.683,0.954349,6.29808,27.99649999999997,28.6962,TRUE,NA,CUT_only,NA
CA-Cbo,1996,DBF,AmeriFlux,-61.859,0.721311,7.74054,5.666699999999999,9.59309,TRUE,-66.0436,0.674693,7.16522,20.5848,21.7962,TRUE,4.184599999999996,both,NA
CA-Cbo,1997,DBF,AmeriFlux,-321.553,0.751484,6.60648,27.0265,27.8221,TRUE,-292.278,0.735959,6.64726,32.216999999999985,32.8955,TRUE,-29.274999999999977,both,NA
CA-Cbo,1998,DBF,AmeriFlux,-192.94,0.841667,5.90599,29.856499999999997,30.4347,TRUE,-169.63,0.819235,6.64698,34.56399999999999,35.1971,TRUE,-23.310000000000002,both,NA
CA-Cbo,1999,DBF,AmeriFlux,-39.9297,0.767865,7.89531,176.18849999999998,176.365,TRUE,-58.2308,0.781164,7.58139,56.6322,57.1374,TRUE,18.301100000000005,both,NA
CA-Cbo,2000,DBF,AmeriFlux,-120.781,0.877163,15.59,34.70974999999999,38.0502,TRUE,-146.268,0.881432,15.2585,13.991,20.702,TRUE,25.486999999999995,both,NA
CA-Cbo,2001,DBF,AmeriFlux,NA,NA,NA,NA,NA,FALSE,NA,NA,NA,NA,NA,FALSE,NA,neither,no_value
CA-Cbo,2002,DBF,AmeriFlux,-97.4331,0.899258,5.61676,49.77775,50.0936,TRUE,-52.9312,0.886758,5.97009,74.339865,74.579,TRUE,-44.5019,both,NA
CA-Cbo,2003,DBF,AmeriFlux,NA,NA,NA,NA,NA,FALSE,NA,NA,NA,NA,NA,FALSE,NA,neither,no_value
CA-Cbo,2004,DBF,AmeriFlux,NA,NA,NA,NA,NA,FALSE,NA,NA,NA,NA,NA,FALSE,NA,neither,no_value
CA-Cbo,2005,DBF,AmeriFlux,NA,NA,NA,NA,NA,FALSE,NA,NA,NA,NA,NA,FALSE,NA,neither,no_value
CA-Cbo,2006,DBF,AmeriFlux,-175.406,0.761358,6.86964,21.032999999999987,22.1266,TRUE,-102.549,0.736244,7.08821,59.142900000000004,59.5664,TRUE,-72.857,both,NA
CA-Cbo,2007,DBF,AmeriFlux,NA,NA,NA,NA,NA,FALSE,NA,NA,NA,NA,NA,FALSE,NA,neither,no_value
CA-Cbo,2008,DBF,AmeriFlux,NA,NA,NA,NA,NA,FALSE,NA,NA,NA,NA,NA,FALSE,NA,neither,no_value
CA-Cbo,2009,DBF,AmeriFlux,-266.532,0.944349,7.193,3.673000000000002,8.0765,TRUE,-253.794,0.921747,6.49519,24.599500000000006,25.4425,TRUE,-12.737999999999971,both,NA
CA-Cbo,2010,DBF,AmeriFlux,-265.965,0.908105,8.49224,61.59849999999999,62.1813,TRUE,-230.237,0.896176,8.67315,52.13550000000001,52.8522,TRUE,-35.72799999999998,both,NA
CA-Cbo,2011,DBF,AmeriFlux,-191.444,0.902511,7.27999,38.700500000000005,39.3791,TRUE,-186.067,0.879338,7.15584,35.843999999999994,36.5514,TRUE,-5.376999999999981,both,NA
CA-Cbo,2012,DBF,AmeriFlux,-373.494,0.838286,5.9219,29.066000000000003,29.6633,TRUE,-383.982,0.844376,6.43757,13.75,15.1824,TRUE,10.488,both,NA
CA-Cbo,2013,DBF,AmeriFlux,-412.494,0.8996,6.59058,9.796999999999997,11.8075,TRUE,-413.798,0.903824,7.45331,10.322499999999991,12.7321,TRUE,1.3039999999999736,both,NA
CA-Cbo,2014,DBF,AmeriFlux,-572.604,0.905479,8.44878,38.673,39.5849,TRUE,-586.655,0.914098,8.64863,38.30899999999997,39.2731,TRUE,14.05099999999993,both,NA
CA-Cbo,2015,DBF,AmeriFlux,-368.232,0.768893,9.08065,64.689,65.3232,TRUE,-366.261,0.771062,9.02747,55.593500000000006,56.3218,TRUE,-1.9710000000000036,both,NA
CA-Cbo,2016,DBF,AmeriFlux,-97.8479,0.811646,14.6535,136.63495,137.418,TRUE,-99.1535,0.807776,14.6617,137.1885,137.97,TRUE,1.3055999999999983,both,NA
CA-Cbo,2017,DBF,AmeriFlux,-408.565,0.923516,7.95368,36.785,37.6353,TRUE,-430.884,0.931621,7.69244,20.462999999999994,21.8614,TRUE,22.319000000000017,both,NA
CA-Cbo,2018,DBF,AmeriFlux,-525.02,0.904795,7.59388,13.028500000000008,15.0802,TRUE,-525.736,0.906792,7.66725,11.988999999999976,14.2314,TRUE,0.7160000000000082,both,NA
CA-Cbo,2019,DBF,AmeriFlux,-405.963,0.895091,8.78057,33.81049999999999,34.9319,TRUE,-406.737,0.899886,8.67246,31.515000000000015,32.6868,TRUE,0.7740000000000009,both,NA
CA-Cbo,2020,DBF,AmeriFlux,-398.185,0.916951,7.7928,32.821500000000015,33.7342,TRUE,-398.203,0.916951,7.79293,30.952499999999986,31.9182,TRUE,0.01799999999997226,both,NA
CA-Cbo,2021,DBF,AmeriFlux,-260.745,0.920776,7.99627,37.88900000000001,38.7238,TRUE,-242.382,0.917808,7.85595,37.8005,38.6081,TRUE,-18.363,both,NA
CA-Cbo,2022,DBF,AmeriFlux,-437.328,0.9246,6.69106,47.218999999999994,47.6907,TRUE,-415.267,0.91153,6.13934,56.87899999999999,57.2094,TRUE,-22.06099999999998,both,NA
CA-Cbo,2023,DBF,AmeriFlux,-278.108,0.891267,8.98409,16.739499999999992,18.998,TRUE,-271.567,0.880194,8.57391,22.612499999999983,24.1834,TRUE,-6.540999999999997,both,NA
CA-Cbo,2024,DBF,AmeriFlux,-273.759,0.889629,6.26032,20.437000000000012,21.3745,TRUE,-260.691,0.885929,6.21692,20.33850000000001,21.2673,TRUE,-13.06800000000004,both,NA
CA-DB2,2019,WET,AmeriFlux,NA,NA,NA,NA,NA,FALSE,NA,NA,NA,NA,NA,FALSE,NA,neither,no_value
CA-DB2,2020,WET,AmeriFlux,-130.146,0.992657,6.68095,6.815500000000007,9.54397,TRUE,-139.146,0.992088,6.57114,26.469849999999994,27.2733,TRUE,9,both,NA
CA-DB2,2021,WET,AmeriFlux,-67.5487,0.992637,5.44364,10.325799999999997,11.6728,TRUE,-64.587,0.991553,5.27838,16.50065,17.3243,TRUE,-2.9616999999999933,both,NA
CA-DB2,2022,WET,AmeriFlux,123.572,0.982877,3.0277,50.70805,50.7986,TRUE,134.543,0.98145,2.98698,69.80964999999999,69.8737,TRUE,-10.971000000000004,both,NA
CA-DB2,2023,WET,AmeriFlux,58.2534,0.975742,2.74863,30.75515,30.8778,TRUE,63.7406,0.976712,2.87488,22.1705,22.3561,TRUE,-5.487200000000001,both,NA
CA-DB2,2024,WET,AmeriFlux,35.9919,0.973361,2.76797,20.31399,20.5017,TRUE,37.1072,0.98002,2.92138,20.061945,20.2736,TRUE,-1.1152999999999977,both,NA
CA-DBB,2015,WET,AmeriFlux,NA,NA,NA,NA,NA,FALSE,NA,NA,NA,NA,NA,FALSE,NA,neither,no_value
CA-DBB,2016,WET,AmeriFlux,-349.625,0.737363,6.65113,11.479500000000002,13.2668,TRUE,-350.868,0.737136,6.69031,11.960000000000008,13.7043,TRUE,1.242999999999995,both,NA
CA-DBB,2017,WET,AmeriFlux,-91.1294,0.778767,4.39882,17.519599999999997,18.0636,TRUE,-89.6294,0.779909,4.84571,17.933999999999997,18.5771,TRUE,-1.5,both,NA
CA-DBB,2018,WET,AmeriFlux,-101.341,0.767922,6.97788,16.291150000000002,17.7224,TRUE,-104.453,0.771861,7.32934,19.82125,21.1331,TRUE,3.112000000000009,both,NA
CA-DBB,2019,WET,AmeriFlux,-47.3813,0.938642,4.80416,15.450450000000004,16.1801,TRUE,-75.2925,0.943151,5.47421,18.892949999999995,19.67,TRUE,27.9112,both,NA
CA-DBB,2020,WET,AmeriFlux,-64.1056,0.898679,4.15468,15.364700000000003,15.9165,TRUE,-73.2249,0.902265,4.48426,14.90185,15.5619,TRUE,9.11930000000001,both,NA
CA-DBB,2021,WET,AmeriFlux,-10.7323,0.942922,3.49945,16.705745,17.0683,TRUE,-20.3509,0.948231,4.16894,17.513595,18.0029,TRUE,9.618599999999999,both,NA
CA-DBB,2022,WET,AmeriFlux,NA,NA,NA,NA,NA,FALSE,NA,NA,NA,NA,NA,FALSE,NA,neither,no_value
CA-DBB,2023,WET,AmeriFlux,12.0139,0.959304,3.02865,9.66128,10.1249,TRUE,21.8487,0.965582,3.19193,8.908760000000001,9.46333,TRUE,-9.834800000000001,both,NA
CA-DBB,2024,WET,AmeriFlux,-7.83464,0.987193,2.04741,7.13903,7.42682,TRUE,-12.5898,0.989697,2.26237,7.847850000000001,8.16742,TRUE,4.75516,both,NA
CA-DSM,2021,WET,AmeriFlux,NA,NA,NA,NA,NA,FALSE,NA,NA,NA,NA,NA,FALSE,NA,neither,no_value
CA-DSM,2022,WET,AmeriFlux,-219.863,0.979281,4.75538,24.257000000000005,24.7185,TRUE,-227.656,0.980765,4.82725,19.33,19.9237,TRUE,7.793000000000006,both,NA
CA-DSM,2023,WET,AmeriFlux,100.937,0.988242,3.51383,30.260550000000002,30.4639,TRUE,99.1665,0.991952,3.58407,30.81805,31.026,TRUE,1.7704999999999984,both,NA
CA-DSM,2024,WET,AmeriFlux,-77.231,0.983777,4.2099,6.984050000000003,8.15478,TRUE,-78.0148,0.984176,4.25065,9.61,10.5081,TRUE,0.7837999999999994,both,NA
CA-EM1,2021,WET,AmeriFlux,NA,NA,NA,NA,NA,FALSE,NA,NA,NA,NA,NA,FALSE,NA,neither,no_value
CA-EM1,2022,WET,AmeriFlux,23.664,0.962728,7.59352,2.8557999999999986,8.11279,TRUE,23.9702,0.964098,7.48996,2.822749999999999,8.00422,TRUE,-0.3061999999999969,both,NA
CA-EM1,2023,WET,AmeriFlux,-47.9435,0.944635,5.73625,14.57245,15.6608,TRUE,-43.517,0.94863,5.77636,23.1714,23.8805,TRUE,-4.426499999999997,both,NA
CA-EM2,2021,WET,AmeriFlux,NA,NA,NA,NA,NA,FALSE,NA,NA,NA,NA,NA,FALSE,NA,neither,no_value
CA-EM2,2022,WET,AmeriFlux,-214.374,0.957991,5.69779,7.552499999999995,9.46051,TRUE,-214.187,0.95411,5.83336,7.555499999999995,9.54536,TRUE,-0.1869999999999834,both,NA
CA-EM2,2023,WET,AmeriFlux,-156.416,0.948059,3.38669,20.2975,20.5779,TRUE,-159.657,0.948687,3.38779,17.415999999999997,17.7426,TRUE,3.241000000000014,both,NA
CA-Gro,2003,MF,AmeriFlux,NA,NA,NA,NA,NA,FALSE,NA,NA,NA,NA,NA,FALSE,NA,neither,no_value
CA-Gro,2004,MF,AmeriFlux,-149.505,0.802083,5.94552,12.866500000000002,14.1737,TRUE,-149.505,0.802083,5.94552,19.180999999999997,20.0814,TRUE,0,both,NA
CA-Gro,2005,MF,AmeriFlux,-92.3497,0.817694,7.70909,5.7836,9.63731,TRUE,-91.208,0.820548,7.63361,15.760399999999997,17.5118,TRUE,-1.1417000000000002,both,NA
CA-Gro,2006,MF,AmeriFlux,-54.1109,0.94395,4.48302,8.063650000000003,9.22602,TRUE,-62.0138,0.947032,4.59406,9.116300000000003,10.2084,TRUE,7.9029000000000025,both,NA
CA-Gro,2007,MF,AmeriFlux,-54.6375,0.946062,4.50521,6.5166,7.92231,TRUE,-55.275,0.948459,4.56179,10.654249999999998,11.5898,TRUE,0.6374999999999957,both,NA
CA-Gro,2008,MF,AmeriFlux,-93.5361,0.92048,4.81026,11.437599999999996,12.4081,TRUE,-92.6557,0.920367,4.78626,17.1107,17.7677,TRUE,-0.8804000000000087,both,NA
CA-Gro,2009,MF,AmeriFlux,-144.474,0.980537,4.67314,16.312000000000005,16.9682,TRUE,-141.741,0.97911,4.61972,15.992000000000004,16.6463,TRUE,-2.7329999999999757,both,NA
CA-Gro,2010,MF,AmeriFlux,-221.731,0.974258,5.16949,8.387,9.85226,TRUE,-222.762,0.96484,5.05408,5.9345,7.79497,TRUE,1.031000000000006,both,NA
CA-Gro,2011,MF,AmeriFlux,-153.263,0.910388,4.39603,29.0285,29.3595,TRUE,-145.539,0.902911,4.22809,20.727499999999992,21.154,TRUE,-7.724000000000018,both,NA
CA-Gro,2012,MF,AmeriFlux,-139.163,0.957878,4.51609,21.141999999999996,21.619,TRUE,-130.471,0.952926,4.41239,16.109499999999997,16.7028,TRUE,-8.692000000000007,both,NA
CA-Gro,2013,MF,AmeriFlux,-106.416,0.862557,4.74817,20.855449999999998,21.389,TRUE,-102.334,0.857363,4.59614,18.959900000000005,19.5091,TRUE,-4.081999999999994,both,NA
CA-Gro,2014,MF,AmeriFlux,NA,NA,NA,NA,NA,FALSE,NA,NA,NA,NA,NA,FALSE,NA,neither,no_value
CA-HPC,2018,ENF,AmeriFlux,NA,NA,NA,NA,NA,FALSE,NA,NA,NA,NA,NA,FALSE,NA,neither,no_value
CA-KLP,2011,WET,AmeriFlux,NA,NA,NA,NA,NA,FALSE,NA,NA,NA,NA,NA,FALSE,NA,neither,no_value
CA-KLP,2012,WET,AmeriFlux,NA,NA,NA,NA,NA,FALSE,NA,NA,NA,NA,NA,FALSE,NA,neither,no_value
CA-KLP,2013,WET,AmeriFlux,3.68802,0.605023,0.807757,0.982435,1.27187,TRUE,3.39174,0.607534,0.806115,2.6643369999999997,2.78361,TRUE,0.2962799999999999,both,NA
CA-KLP,2014,WET,AmeriFlux,-39.3197,0.898858,1.01319,0.9259500000000003,1.37259,TRUE,-38.9936,0.896233,1.01382,1.0222500000000032,1.4397200000000001,TRUE,-0.3260999999999967,both,NA
CA-KLP,2015,WET,AmeriFlux,-69.0616,0.731107,1.5523,0.8645500000000013,1.77683,TRUE,-70.3549,0.70976,1.54629,1.5081500000000005,2.15997,TRUE,1.2933000000000021,both,NA
CA-KLP,2016,WET,AmeriFlux,-89.3363,0.709529,1.51916,4.072950000000006,4.34704,TRUE,-93.48,0.694501,1.52725,6.522799999999997,6.69921,TRUE,4.14370000000001,both,NA
CA-KLP,2017,WET,AmeriFlux,-34.391,0.719406,1.30699,0.839500000000001,1.55338,TRUE,-34.5579,0.70976,1.30436,NA,1.97391,TRUE,0.16689999999999827,both,NA
CA-KLP,2018,WET,AmeriFlux,NA,NA,NA,NA,NA,FALSE,NA,NA,NA,NA,NA,FALSE,NA,neither,no_value
CA-KLP,2019,WET,AmeriFlux,NA,NA,NA,NA,NA,FALSE,NA,NA,NA,NA,NA,FALSE,NA,neither,no_value
CA-KLP,2020,WET,AmeriFlux,NA,NA,NA,NA,NA,FALSE,NA,NA,NA,NA,NA,FALSE,NA,neither,no_value
CA-LP1,2007,ENF,AmeriFlux,NA,NA,NA,NA,NA,FALSE,NA,NA,NA,NA,NA,FALSE,NA,neither,no_value
CA-LP1,2008,ENF,AmeriFlux,NA,NA,NA,NA,NA,FALSE,-44.4145,0.908299,2.71196,19.769699999999997,19.9548,TRUE,NA,CUT_only,NA
CA-LP1,2009,ENF,AmeriFlux,NA,NA,NA,NA,NA,FALSE,-157.061,0.844235,3.17561,21.179000000000002,21.4158,TRUE,NA,CUT_only,NA
CA-LP1,2010,ENF,AmeriFlux,NA,NA,NA,NA,NA,FALSE,-162.195,0.830479,2.7583,28.458,28.5913,TRUE,NA,CUT_only,NA
CA-LP1,2011,ENF,AmeriFlux,NA,NA,NA,NA,NA,FALSE,-125.187,0.757192,3.10939,11.1725,11.5971,TRUE,NA,CUT_only,NA
CA-LP1,2012,ENF,AmeriFlux,NA,NA,NA,NA,NA,FALSE,NA,NA,NA,NA,NA,FALSE,NA,neither,no_value
CA-LP1,2013,ENF,AmeriFlux,NA,NA,NA,NA,NA,FALSE,-145.833,0.724943,3.61654,10.420500000000004,11.0305,TRUE,NA,CUT_only,NA
CA-LP1,2014,ENF,AmeriFlux,NA,NA,NA,NA,NA,FALSE,-224.996,0.563014,4.25805,11.664999999999992,12.418,TRUE,NA,CUT_only,NA
CA-LP1,2015,ENF,AmeriFlux,NA,NA,NA,NA,NA,FALSE,-163.981,0.901598,3.21211,20.528999999999996,20.779,TRUE,NA,CUT_only,NA
CA-LP1,2016,ENF,AmeriFlux,NA,NA,NA,NA,NA,FALSE,-254.447,0.817509,7.8003,14.046499999999995,16.0671,TRUE,NA,CUT_only,NA
CA-LP1,2017,ENF,AmeriFlux,NA,NA,NA,NA,NA,FALSE,NA,NA,NA,NA,NA,FALSE,NA,neither,no_value
CA-LP1,2018,ENF,AmeriFlux,NA,NA,NA,NA,NA,FALSE,NA,NA,NA,NA,NA,FALSE,NA,neither,no_value
CA-LP1,2019,ENF,AmeriFlux,NA,NA,NA,NA,NA,FALSE,NA,NA,NA,NA,NA,FALSE,NA,neither,no_value
CA-LP1,2020,ENF,AmeriFlux,NA,NA,NA,NA,NA,FALSE,-188.025,0.932889,4.51987,26.499500000000012,26.8825,TRUE,NA,CUT_only,NA
CA-LP1,2021,ENF,AmeriFlux,NA,NA,NA,NA,NA,FALSE,NA,NA,NA,NA,NA,FALSE,NA,neither,no_value
CA-LP1,2022,ENF,AmeriFlux,NA,NA,NA,NA,NA,FALSE,-177.683,0.971518,3.43301,17.991,18.3158,TRUE,NA,CUT_only,NA
CA-LP1,2023,ENF,AmeriFlux,NA,NA,NA,NA,NA,FALSE,-140.666,0.985217,3.84784,33.987,34.2045,TRUE,NA,CUT_only,NA
CA-LP1,2024,ENF,AmeriFlux,NA,NA,NA,NA,NA,FALSE,-184.198,0.948087,4.64338,18.4735,19.0479,TRUE,NA,CUT_only,NA
CA-LU1,2020,OSH,AmeriFlux,NA,NA,NA,NA,NA,FALSE,NA,NA,NA,NA,NA,FALSE,NA,neither,no_value
CA-LU1,2021,OSH,AmeriFlux,NA,NA,NA,NA,NA,FALSE,NA,NA,NA,NA,NA,FALSE,NA,neither,no_value
CA-LU1,2022,OSH,AmeriFlux,110.884,0.932591,2.83122,15.685000000000002,15.9385,TRUE,111.251,0.934247,3.00171,11.062900000000006,11.4629,TRUE,-0.36700000000000443,both,NA
CA-LU1,2023,OSH,AmeriFlux,NA,NA,NA,NA,NA,FALSE,NA,NA,NA,NA,NA,FALSE,NA,neither,no_value
CA-LU2,2020,OSH,AmeriFlux,NA,NA,NA,NA,NA,FALSE,NA,NA,NA,NA,NA,FALSE,NA,neither,no_value
CA-LU2,2021,OSH,AmeriFlux,NA,NA,NA,NA,NA,FALSE,NA,NA,NA,NA,NA,FALSE,NA,neither,no_value
CA-LU2,2022,OSH,AmeriFlux,NA,NA,NA,NA,NA,FALSE,NA,NA,NA,NA,NA,FALSE,NA,neither,no_value
CA-LU2,2023,OSH,AmeriFlux,NA,NA,NA,NA,NA,FALSE,NA,NA,NA,NA,NA,FALSE,NA,neither,no_value
CA-MA1,2009,CRO,AmeriFlux,NA,NA,NA,NA,NA,FALSE,NA,NA,NA,NA,NA,FALSE,NA,neither,no_value
CA-MA1,2010,CRO,AmeriFlux,NA,NA,NA,NA,NA,FALSE,NA,NA,NA,NA,NA,FALSE,NA,neither,no_value
CA-MA1,2011,CRO,AmeriFlux,NA,NA,NA,NA,NA,FALSE,NA,NA,NA,NA,NA,FALSE,NA,neither,no_value
CA-MA2,2009,CRO,AmeriFlux,NA,NA,NA,NA,NA,FALSE,NA,NA,NA,NA,NA,FALSE,NA,neither,no_value
CA-MA2,2010,CRO,AmeriFlux,NA,NA,NA,NA,NA,FALSE,NA,NA,NA,NA,NA,FALSE,NA,neither,no_value
CA-MA2,2011,CRO,AmeriFlux,NA,NA,NA,NA,NA,FALSE,NA,NA,NA,NA,NA,FALSE,NA,neither,no_value
CA-MA3,2009,GRA,AmeriFlux,NA,NA,NA,NA,NA,FALSE,NA,NA,NA,NA,NA,FALSE,NA,neither,no_value
CA-MA3,2010,GRA,AmeriFlux,NA,NA,NA,NA,NA,FALSE,NA,NA,NA,NA,NA,FALSE,NA,neither,no_value
CA-MA3,2011,GRA,AmeriFlux,NA,NA,NA,NA,NA,FALSE,NA,NA,NA,NA,NA,FALSE,NA,neither,no_value
CA-Man,1994,ENF,AmeriFlux,NA,NA,NA,NA,NA,FALSE,NA,NA,NA,NA,NA,FALSE,NA,neither,no_value
CA-Man,1995,ENF,AmeriFlux,-11.5328,0.815411,2.53298,3.8269599999999997,4.58927,TRUE,-6.02409,0.823345,2.64275,3.8341749999999997,4.65673,TRUE,-5.50871,both,NA
CA-Man,1996,ENF,AmeriFlux,9.01506,0.786942,3.77784,3.024845,4.83961,TRUE,7.48743,0.792464,3.89508,4.785985,6.17068,TRUE,1.5276300000000003,both,NA
CA-Man,1997,ENF,AmeriFlux,NA,NA,NA,NA,NA,FALSE,NA,NA,NA,NA,NA,FALSE,NA,neither,no_value
CA-Man,1998,ENF,AmeriFlux,-10.6483,0.814612,2.71331,3.4243499999999996,4.36902,TRUE,-13.2624,0.815868,2.70752,4.5672999999999995,5.30947,TRUE,2.6140999999999988,both,NA
CA-Man,1999,ENF,AmeriFlux,-46.8462,0.707192,2.95,1.4630500000000026,3.29289,TRUE,-46.9299,0.708733,3.00856,1.7891499999999994,3.50037,TRUE,0.08370000000000033,both,NA
CA-Man,2000,ENF,AmeriFlux,27.1643,0.805499,2.83762,5.585500000000001,6.26499,TRUE,25.0849,0.808345,2.8199,6.811450000000001,7.37208,TRUE,2.0793999999999997,both,NA
CA-Man,2001,ENF,AmeriFlux,-68.5423,0.935274,2.91685,1.1656499999999994,3.14112,TRUE,-69.1402,0.9371,2.93301,1.70805,3.39411,TRUE,0.5978999999999957,both,NA
CA-Man,2002,ENF,AmeriFlux,-47.1181,0.894578,2.43854,2.0214,3.16742,TRUE,-47.291,0.905422,2.49256,2.05255,3.22888,TRUE,0.1728999999999985,both,NA
CA-Man,2003,ENF,AmeriFlux,-73.9061,0.869349,2.90301,9.97905,10.3927,TRUE,-78.4018,0.87129,2.94991,7.867850000000004,8.4027,TRUE,4.495699999999999,both,NA
CA-Man,2004,ENF,AmeriFlux,NA,NA,NA,NA,NA,FALSE,NA,NA,NA,NA,NA,FALSE,NA,neither,no_value
CA-Man,2005,ENF,AmeriFlux,NA,NA,NA,NA,NA,FALSE,NA,NA,NA,NA,NA,FALSE,NA,neither,no_value
CA-Man,2006,ENF,AmeriFlux,NA,NA,NA,NA,NA,FALSE,NA,NA,NA,NA,NA,FALSE,NA,neither,no_value
CA-Man,2007,ENF,AmeriFlux,-32.6139,0.517352,4.44326,13.197049999999999,13.925,TRUE,-13.4125,0.484075,4.29764,11.52591,12.3011,FALSE,-19.2014,VUT_only,NA
CA-Man,2008,ENF,AmeriFlux,NA,NA,NA,NA,NA,FALSE,NA,NA,NA,NA,NA,FALSE,NA,neither,no_value
CA-Mer,1998,WET,AmeriFlux,NA,NA,NA,NA,NA,FALSE,NA,NA,NA,NA,NA,FALSE,NA,neither,no_value
CA-Mer,1999,WET,AmeriFlux,-76.9313,0.869292,2.17003,7.982950000000002,8.27265,TRUE,-85.4821,0.874715,2.29786,5.405000000000001,5.87319,TRUE,8.55080000000001,both,NA
CA-Mer,2000,WET,AmeriFlux,-109.406,0.931182,2.43604,3.661999999999999,4.39802,TRUE,-109.863,0.935166,2.61235,4.737000000000002,5.40944,TRUE,0.45699999999999363,both,NA
CA-Mer,2001,WET,AmeriFlux,-61.9721,0.855479,2.2405,7.827000000000002,8.14133,TRUE,-57.9799,0.86347,2.2992,13.991400000000002,14.179,TRUE,-3.992199999999997,both,NA
CA-Mer,2002,WET,AmeriFlux,-80.8353,0.965525,2.27193,4.655999999999999,5.18074,TRUE,-85.8358,0.969749,2.31317,7.9009,8.23256,TRUE,5.000500000000002,both,NA
CA-Mer,2003,WET,AmeriFlux,-68.0008,0.951998,2.22289,6.1327500000000015,6.52315,TRUE,-75.2968,0.958847,2.3256,6.3648000000000025,6.77634,TRUE,7.2960000000000065,both,NA
CA-Mer,2004,WET,AmeriFlux,-130.113,0.94934,2.18116,10.633500000000005,10.8551,TRUE,-130.28,0.95526,2.30773,9.872,10.1384,TRUE,0.1670000000000016,both,NA
CA-Mer,2005,WET,AmeriFlux,-108.631,0.883961,2.20849,9.671500000000002,9.92071,TRUE,-113.331,0.9,2.43401,7.563500000000005,7.94539,TRUE,4.700000000000003,both,NA
CA-Mer,2006,WET,AmeriFlux,-133.079,0.924372,2.28127,4.480000000000004,5.02734,TRUE,-138.933,0.941495,2.37702,4.692999999999998,5.26079,TRUE,5.853999999999985,both,NA
CA-Mer,2007,WET,AmeriFlux,-74.0538,0.919863,1.70584,11.454099999999997,11.5805,TRUE,-88.4631,0.941096,1.95223,14.111599999999996,14.2458,TRUE,14.409300000000002,both,NA
CA-Mer,2008,WET,AmeriFlux,-142.388,0.938297,2.66382,3.7065000000000055,4.56438,TRUE,-134.666,0.953552,2.68838,4.341999999999999,5.10669,TRUE,-7.722000000000008,both,NA
CA-Mer,2009,WET,AmeriFlux,-119.839,0.93516,2.07964,2.430000000000007,3.19834,TRUE,-122.303,0.943436,2.24687,2.320999999999998,3.23031,TRUE,2.4639999999999986,both,NA
CA-Mer,2010,WET,AmeriFlux,-57.0449,0.951884,1.81447,4.4715000000000025,4.82564,TRUE,-56.8078,0.968721,2.07142,5.306349999999998,5.69635,TRUE,-0.2370999999999981,both,NA
CA-Mer,2011,WET,AmeriFlux,-41.7932,0.940811,2.00739,7.357099999999999,7.62607,TRUE,-56.1111,0.958162,2.19561,6.9617499999999986,7.29978,TRUE,14.317900000000002,both,NA
CA-Mer,2012,WET,AmeriFlux,-78.7621,0.930157,2.09491,5.1235499999999945,5.53532,TRUE,-73.1486,0.940745,2.29566,5.629150000000003,6.07927,TRUE,-5.613500000000002,both,NA
CA-Mer,2013,WET,AmeriFlux,-86.1755,0.942123,2.12467,3.8484499999999997,4.39599,TRUE,-89.4324,0.968721,2.39926,3.8990499999999955,4.5781,TRUE,3.2569000000000017,both,NA
CA-Mer,2014,WET,AmeriFlux,-139.923,0.95234,2.17672,2.2864999999999895,3.15698,TRUE,-137.74,0.964155,2.37155,2.1855000000000047,3.2249,TRUE,-2.1829999999999927,both,NA
CA-Mer,2015,WET,AmeriFlux,-52.6931,0.940354,1.9320600000000001,8.057099999999998,8.28551,TRUE,-59.1825,0.949943,2.20378,8.118750000000002,8.41257,TRUE,6.489399999999996,both,NA
CA-Mer,2016,WET,AmeriFlux,-10.2224,0.899932,1.89872,13.950425,14.0791,TRUE,-16.4087,0.912568,2.2004,12.861645,13.0485,TRUE,6.186299999999999,both,NA
CA-Mer,2017,WET,AmeriFlux,-91.4175,0.945148,2.25463,11.514650000000003,11.7333,TRUE,-102.809,0.965068,2.46641,11.56055,11.8209,TRUE,11.391499999999994,both,NA
CA-Mer,2018,WET,AmeriFlux,-52.9439,0.934189,1.96216,9.941849999999999,10.1336,TRUE,-50.2767,0.965525,2.28719,8.754099999999998,9.04795,TRUE,-2.667200000000001,both,NA
CA-Mer,2019,WET,AmeriFlux,-69.2184,0.897774,1.99769,4.6046499999999995,5.0193,TRUE,-62.4098,0.924658,2.12595,3.3232500000000016,3.94506,TRUE,-6.8086000000000055,both,NA
CA-Mer,2020,WET,AmeriFlux,-20.2012,0.920651,2.13814,10.5839,10.7977,TRUE,-26.9566,0.939549,2.2712,8.6108,8.90529,TRUE,6.755400000000002,both,NA
CA-Mtk,2024,GRA,AmeriFlux,NA,NA,NA,NA,NA,FALSE,NA,NA,NA,NA,NA,FALSE,NA,neither,no_value
CA-Na1,2003,ENF,AmeriFlux,NA,NA,NA,NA,NA,FALSE,NA,NA,NA,NA,NA,FALSE,NA,neither,no_value
CA-Na1,2004,ENF,AmeriFlux,-532.232,0.794,5.83083,18.725499999999954,19.6124,TRUE,-535.008,0.792464,5.91785,18.757499999999993,19.6689,TRUE,2.7760000000000673,both,NA
CA-Na1,2005,ENF,AmeriFlux,-224.055,0.852797,4.45198,29.063500000000005,29.4025,TRUE,-229.987,0.858162,4.48971,48.9645,49.17,TRUE,5.931999999999988,both,NA
CA-Ojp,1999,ENF,AmeriFlux,NA,NA,NA,NA,NA,FALSE,NA,NA,NA,NA,NA,FALSE,NA,neither,no_value
CA-Ojp,2000,ENF,AmeriFlux,NA,NA,NA,NA,NA,FALSE,NA,NA,NA,NA,NA,FALSE,NA,neither,no_value
CA-Ojp,2001,ENF,AmeriFlux,NA,NA,NA,NA,NA,FALSE,NA,NA,NA,NA,NA,FALSE,NA,neither,no_value
CA-Ojp,2002,ENF,AmeriFlux,NA,NA,NA,NA,NA,FALSE,NA,NA,NA,NA,NA,FALSE,NA,neither,no_value
CA-Ojp,2003,ENF,AmeriFlux,NA,NA,NA,NA,NA,FALSE,NA,NA,NA,NA,NA,FALSE,NA,neither,no_value
CA-Ojp,2004,ENF,AmeriFlux,NA,NA,NA,NA,NA,FALSE,-9.81282,0.916439,2.52858,9.390885,9.72535,TRUE,NA,CUT_only,NA
CA-Ojp,2005,ENF,AmeriFlux,NA,NA,NA,NA,NA,FALSE,-37.2595,0.9879,2.7211,2.1198999999999977,3.4494,TRUE,NA,CUT_only,NA
CA-Ojp,2006,ENF,AmeriFlux,NA,NA,NA,NA,NA,FALSE,-55.1167,0.942295,2.53904,3.9739499999999985,4.71585,TRUE,NA,CUT_only,NA
CA-Ojp,2007,ENF,AmeriFlux,NA,NA,NA,NA,NA,FALSE,-62.6941,0.962957,2.56896,5.256899999999998,5.85101,TRUE,NA,CUT_only,NA
CA-Ojp,2008,ENF,AmeriFlux,NA,NA,NA,NA,NA,FALSE,-56.2292,0.981102,2.81315,3.160050000000002,4.23084,TRUE,NA,CUT_only,NA
CA-Ojp,2009,ENF,AmeriFlux,NA,NA,NA,NA,NA,FALSE,3.07184,0.96016,2.63989,6.17769,6.7181,TRUE,NA,CUT_only,NA
CA-Ojp,2010,ENF,AmeriFlux,NA,NA,NA,NA,NA,FALSE,-71.7289,0.98653,2.93413,7.719900000000003,8.25871,TRUE,NA,CUT_only,NA
CA-PB1,2016,WET,AmeriFlux,NA,NA,NA,NA,NA,FALSE,NA,NA,NA,NA,NA,FALSE,NA,neither,no_value
CA-PB1,2017,WET,AmeriFlux,NA,NA,NA,NA,NA,FALSE,NA,NA,NA,NA,NA,FALSE,NA,neither,no_value
CA-PB1,2018,WET,AmeriFlux,NA,NA,NA,NA,NA,FALSE,NA,NA,NA,NA,NA,FALSE,NA,neither,no_value
CA-PB1,2019,WET,AmeriFlux,NA,NA,NA,NA,NA,FALSE,NA,NA,NA,NA,NA,FALSE,NA,neither,no_value
CA-PB1,2020,WET,AmeriFlux,NA,NA,NA,NA,NA,FALSE,NA,NA,NA,NA,NA,FALSE,NA,neither,no_value
CA-PB1,2021,WET,AmeriFlux,NA,NA,NA,NA,NA,FALSE,NA,NA,NA,NA,NA,FALSE,NA,neither,no_value
CA-PB1,2022,WET,AmeriFlux,NA,NA,NA,NA,NA,FALSE,NA,NA,NA,NA,NA,FALSE,NA,neither,no_value
CA-PB1,2023,WET,AmeriFlux,NA,NA,NA,NA,NA,FALSE,NA,NA,NA,NA,NA,FALSE,NA,neither,no_value
CA-PB1,2024,WET,AmeriFlux,NA,NA,NA,NA,NA,FALSE,NA,NA,NA,NA,NA,FALSE,NA,neither,no_value
CA-PB2,2017,WET,AmeriFlux,NA,NA,NA,NA,NA,FALSE,NA,NA,NA,NA,NA,FALSE,NA,neither,no_value
CA-PB2,2018,WET,AmeriFlux,51.3287,0.836301,1.22597,2.252749999999999,2.56474,TRUE,51.6207,0.836016,1.22199,2.693950000000001,2.95816,TRUE,-0.2920000000000016,both,NA
CA-PB2,2019,WET,AmeriFlux,NA,NA,NA,NA,NA,FALSE,NA,NA,NA,NA,NA,FALSE,NA,neither,no_value
CA-PB2,2020,WET,AmeriFlux,NA,NA,NA,NA,NA,FALSE,NA,NA,NA,NA,NA,FALSE,NA,neither,no_value
CA-PB2,2021,WET,AmeriFlux,NA,NA,NA,NA,NA,FALSE,NA,NA,NA,NA,NA,FALSE,NA,neither,no_value
CA-PB2,2022,WET,AmeriFlux,NA,NA,NA,NA,NA,FALSE,NA,NA,NA,NA,NA,FALSE,NA,neither,no_value
CA-PB2,2023,WET,AmeriFlux,NA,NA,NA,NA,NA,FALSE,NA,NA,NA,NA,NA,FALSE,NA,neither,no_value
CA-PB2,2024,WET,AmeriFlux,NA,NA,NA,NA,NA,FALSE,NA,NA,NA,NA,NA,FALSE,NA,neither,no_value
CA-Qc2,2007,MF,AmeriFlux,NA,NA,NA,NA,NA,FALSE,NA,NA,NA,NA,NA,FALSE,NA,neither,no_value
CA-Qc2,2008,MF,AmeriFlux,-143.503,0.792236,4.87845,9.36399999999999,10.5588,TRUE,-146.006,0.795196,4.87533,9.846499999999992,10.9875,TRUE,2.5030000000000143,both,NA
CA-Qc2,2009,MF,AmeriFlux,-205.048,0.895662,4.7075,9.115499999999997,10.2591,TRUE,-201.161,0.894635,4.70628,9.244,10.3733,TRUE,-3.8870000000000005,both,NA
CA-Qc2,2010,MF,AmeriFlux,NA,NA,NA,NA,NA,FALSE,NA,NA,NA,NA,NA,FALSE,NA,neither,no_value
CA-Qfo,2003,ENF,AmeriFlux,NA,NA,NA,NA,NA,FALSE,NA,NA,NA,NA,NA,FALSE,NA,neither,no_value
CA-Qfo,2004,ENF,AmeriFlux,-29.9058,0.843807,2.6962,13.989749999999999,14.2472,TRUE,-27.782,0.837887,2.56028,14.60225,14.825,TRUE,-2.1237999999999992,both,NA
CA-Qfo,2005,ENF,AmeriFlux,17.298,0.977454,2.66383,13.569569999999999,13.8286,TRUE,23.1944,0.971975,2.57126,17.423199999999998,17.6119,TRUE,-5.896400000000003,both,NA
CA-Qfo,2006,ENF,AmeriFlux,-6.97642,0.967694,2.50922,9.908331,10.2211,TRUE,-7.00712,0.965126,2.47294,11.754705000000001,12.012,TRUE,0.030699999999999505,both,NA
CA-Qfo,2007,ENF,AmeriFlux,12.5391,0.982078,2.46442,19.25865,19.4157,TRUE,14.3333,0.980479,2.44782,20.29165,20.4388,TRUE,-1.7942,both,NA
CA-Qfo,2008,ENF,AmeriFlux,23.9646,0.967555,2.48681,16.4369515,16.624,TRUE,17.177,0.971539,2.54328,16.13992,16.3391,TRUE,6.787600000000001,both,NA
CA-Qfo,2009,ENF,AmeriFlux,3.20267,0.97226,2.49135,20.0198,20.1742,TRUE,2.19314,0.974429,2.51592,17.49727,17.6772,TRUE,1.0095299999999998,both,NA
CA-Qfo,2010,ENF,AmeriFlux,17.2401,0.835845,2.26196,12.91829,13.1148,TRUE,18.9027,0.840696,2.29805,13.093435,13.2936,TRUE,-1.6625999999999976,both,NA
CA-RBM,2022,WET,AmeriFlux,NA,NA,NA,NA,NA,FALSE,NA,NA,NA,NA,NA,FALSE,NA,neither,no_value
CA-RBM,2023,WET,AmeriFlux,208.531,0.995662,3.11605,5.820499999999996,6.60192,TRUE,208.676,0.995548,3.10838,5.813500000000005,6.59242,TRUE,-0.1449999999999818,both,NA
CA-RBM,2024,WET,AmeriFlux,27.3845,0.98668,3.60975,9.3362,10.0098,TRUE,24.6487,0.984688,3.57404,9.997799999999998,10.6174,TRUE,2.7357999999999976,both,NA
CA-SCB,2014,WET,AmeriFlux,NA,NA,NA,NA,NA,FALSE,NA,NA,NA,NA,NA,FALSE,NA,neither,no_value
CA-SCB,2015,WET,AmeriFlux,NA,NA,NA,NA,NA,FALSE,NA,NA,NA,NA,NA,FALSE,NA,neither,no_value
CA-SCB,2016,WET,AmeriFlux,8.91747,0.91826,1.37703,1.6997049999999998,2.1875,TRUE,8.33439,0.91826,1.37176,1.698525,2.18329,TRUE,0.5830799999999989,both,NA
CA-SCB,2017,WET,AmeriFlux,NA,NA,NA,NA,NA,FALSE,NA,NA,NA,NA,NA,FALSE,NA,neither,no_value
CA-SCB,2018,WET,AmeriFlux,NA,NA,NA,NA,NA,FALSE,NA,NA,NA,NA,NA,FALSE,NA,neither,no_value
CA-SCB,2019,WET,AmeriFlux,NA,NA,NA,NA,NA,FALSE,NA,NA,NA,NA,NA,FALSE,NA,neither,no_value
CA-SCC,2013,ENF,AmeriFlux,NA,NA,NA,NA,NA,FALSE,NA,NA,NA,NA,NA,FALSE,NA,neither,no_value
CA-SCC,2014,ENF,AmeriFlux,NA,NA,NA,NA,NA,FALSE,-8.47495,0.910674,2.84858,2.8254,4.01216,TRUE,NA,CUT_only,NA
CA-SCC,2015,ENF,AmeriFlux,NA,NA,NA,NA,NA,FALSE,-25.7324,0.881678,2.17231,3.32015,3.96769,TRUE,NA,CUT_only,NA
CA-SCC,2016,ENF,AmeriFlux,NA,NA,NA,NA,NA,FALSE,-37.9286,0.894866,2.43108,2.4700500000000005,3.46572,TRUE,NA,CUT_only,NA
CA-SCC,2017,ENF,AmeriFlux,NA,NA,NA,NA,NA,FALSE,-20.5678,0.898687,1.82283,1.7058999999999997,2.49654,TRUE,NA,CUT_only,NA
CA-SCC,2018,ENF,AmeriFlux,NA,NA,NA,NA,NA,FALSE,-41.0741,0.901655,1.73207,0.8867499999999993,1.94587,TRUE,NA,CUT_only,NA
CA-SCC,2019,ENF,AmeriFlux,NA,NA,NA,NA,NA,FALSE,NA,NA,NA,NA,NA,FALSE,NA,neither,no_value
CA-SCC,2020,ENF,AmeriFlux,NA,NA,NA,NA,NA,FALSE,NA,NA,NA,NA,NA,FALSE,NA,neither,no_value
CA-SCC,2021,ENF,AmeriFlux,NA,NA,NA,NA,NA,FALSE,NA,NA,NA,NA,NA,FALSE,NA,neither,no_value
CA-SCC,2022,ENF,AmeriFlux,NA,NA,NA,NA,NA,FALSE,NA,NA,NA,NA,NA,FALSE,NA,neither,no_value
CA-SCC,2023,ENF,AmeriFlux,NA,NA,NA,NA,NA,FALSE,NA,NA,NA,NA,NA,FALSE,NA,neither,no_value
CA-SCC,2024,ENF,AmeriFlux,NA,NA,NA,NA,NA,FALSE,NA,NA,NA,NA,NA,FALSE,NA,neither,no_value
CA-SF1,2003,ENF,AmeriFlux,NA,NA,NA,NA,NA,FALSE,NA,NA,NA,NA,NA,FALSE,NA,neither,no_value
CA-SF1,2004,ENF,AmeriFlux,NA,NA,NA,NA,NA,FALSE,NA,NA,NA,NA,NA,FALSE,NA,neither,no_value
CA-SF1,2005,ENF,AmeriFlux,NA,NA,NA,NA,NA,FALSE,NA,NA,NA,NA,NA,FALSE,NA,neither,no_value
CA-SF1,2006,ENF,AmeriFlux,NA,NA,NA,NA,NA,FALSE,NA,NA,NA,NA,NA,FALSE,NA,neither,no_value
CA-SF2,2001,ENF,AmeriFlux,NA,NA,NA,NA,NA,FALSE,NA,NA,NA,NA,NA,FALSE,NA,neither,no_value
CA-SF2,2002,ENF,AmeriFlux,NA,NA,NA,NA,NA,FALSE,NA,NA,NA,NA,NA,FALSE,NA,neither,no_value
CA-SF2,2003,ENF,AmeriFlux,NA,NA,NA,NA,NA,FALSE,NA,NA,NA,NA,NA,FALSE,NA,neither,no_value
CA-SF2,2004,ENF,AmeriFlux,NA,NA,NA,NA,NA,FALSE,NA,NA,NA,NA,NA,FALSE,NA,neither,no_value
CA-SF2,2005,ENF,AmeriFlux,NA,NA,NA,NA,NA,FALSE,NA,NA,NA,NA,NA,FALSE,NA,neither,no_value
CA-SF3,2001,OSH,AmeriFlux,NA,NA,NA,NA,NA,FALSE,NA,NA,NA,NA,NA,FALSE,NA,neither,no_value
CA-SF3,2002,OSH,AmeriFlux,NA,NA,NA,NA,NA,FALSE,NA,NA,NA,NA,NA,FALSE,NA,neither,no_value
CA-SF3,2003,OSH,AmeriFlux,NA,NA,NA,NA,NA,FALSE,NA,NA,NA,NA,NA,FALSE,NA,neither,no_value
CA-SF3,2004,OSH,AmeriFlux,NA,NA,NA,NA,NA,FALSE,NA,NA,NA,NA,NA,FALSE,NA,neither,no_value
CA-SF3,2005,OSH,AmeriFlux,NA,NA,NA,NA,NA,FALSE,NA,NA,NA,NA,NA,FALSE,NA,neither,no_value
CA-SF3,2006,OSH,AmeriFlux,NA,NA,NA,NA,NA,FALSE,NA,NA,NA,NA,NA,FALSE,NA,neither,no_value
CA-SJ2,2003,ENF,AmeriFlux,NA,NA,NA,NA,NA,FALSE,NA,NA,NA,NA,NA,FALSE,NA,neither,no_value
CA-SJ2,2004,ENF,AmeriFlux,165.86,0.961236,0.764148,2.4200000000000017,2.53788,TRUE,163.359,0.967099,0.773608,3.6924999999999955,3.77238,TRUE,2.5010000000000048,both,NA
CA-SJ2,2005,ENF,AmeriFlux,106.777,0.93653,0.934686,1.1084999999999994,1.45,TRUE,108.615,0.941553,0.986555,1.3029999999999973,1.6342,TRUE,-1.8379999999999939,both,NA
CA-SJ2,2006,ENF,AmeriFlux,86.7869,0.96895,1.10342,5.100050000000003,5.21803,TRUE,92.3481,0.972089,1.22993,5.684200000000004,5.81574,TRUE,-5.5611999999999995,both,NA
CA-SJ2,2007,ENF,AmeriFlux,88.5723,0.967066,3.76752,33.38584999999999,33.5976,TRUE,84.7667,0.966838,3.44077,23.86135,24.108,TRUE,3.8055999999999983,both,NA
CA-SJ2,2008,ENF,AmeriFlux,NA,NA,NA,NA,NA,FALSE,NA,NA,NA,NA,NA,FALSE,NA,neither,no_value
CA-SMC,2018,ENF,AmeriFlux,NA,NA,NA,NA,NA,FALSE,NA,NA,NA,NA,NA,FALSE,NA,neither,no_value
CA-TP1,2002,ENF,AmeriFlux,NA,NA,NA,NA,NA,FALSE,NA,NA,NA,NA,NA,FALSE,NA,neither,no_value
CA-TP1,2003,ENF,AmeriFlux,NA,NA,NA,NA,NA,FALSE,NA,NA,NA,NA,NA,FALSE,NA,neither,no_value
CA-TP1,2004,ENF,AmeriFlux,NA,NA,NA,NA,NA,FALSE,NA,NA,NA,NA,NA,FALSE,NA,neither,no_value
CA-TP1,2005,ENF,AmeriFlux,NA,NA,NA,NA,NA,FALSE,NA,NA,NA,NA,NA,FALSE,NA,neither,no_value
CA-TP1,2006,ENF,AmeriFlux,NA,NA,NA,NA,NA,FALSE,NA,NA,NA,NA,NA,FALSE,NA,neither,no_value
CA-TP1,2007,ENF,AmeriFlux,NA,NA,NA,NA,NA,FALSE,NA,NA,NA,NA,NA,FALSE,NA,neither,no_value
CA-TP1,2008,ENF,AmeriFlux,NA,NA,NA,NA,NA,FALSE,NA,NA,NA,NA,NA,FALSE,NA,neither,no_value
CA-TP1,2009,ENF,AmeriFlux,-147.782,0.853253,2.68132,6.953500000000005,7.45223,TRUE,-133.646,0.734475,2.51032,23.311499999999995,23.446,TRUE,-14.136000000000024,both,NA
CA-TP1,2010,ENF,AmeriFlux,-179.486,0.956849,2.96042,6.596499999999992,7.23017,TRUE,-169.433,0.859532,3.11536,59.06700000000001,59.1491,TRUE,-10.052999999999997,both,NA
CA-TP1,2011,ENF,AmeriFlux,-227.41,0.960103,3.12452,10.494500000000002,10.9496,TRUE,-197.489,0.837728,3.28624,37.963499999999996,38.1055,TRUE,-29.920999999999992,both,NA
CA-TP1,2012,ENF,AmeriFlux,-178.714,0.888775,4.165,5.860500000000002,7.19006,TRUE,-164.673,0.800319,3.84132,66.1435,66.2545,TRUE,-14.040999999999997,both,NA
CA-TP1,2013,ENF,AmeriFlux,-126.173,0.86758,4.6309,6.785500000000006,8.21538,TRUE,-82.7323,0.78847,4.31004,83.5641,83.6752,TRUE,-43.44070000000001,both,NA
CA-TP1,2014,ENF,AmeriFlux,NA,NA,NA,NA,NA,FALSE,NA,NA,NA,NA,NA,FALSE,NA,neither,no_value
CA-TP1,2015,ENF,AmeriFlux,-169.54,0.884189,6.03217,40.61450000000001,41.06,TRUE,-148.124,0.898801,5.93104,104.72699999999999,104.895,TRUE,-21.415999999999997,both,NA
CA-TP1,2016,ENF,AmeriFlux,357.22,0.841416,7.17391,40.440000000000026,41.071,TRUE,305.356,0.898736,7.05952,194.43405,194.562,TRUE,51.86400000000003,both,NA
CA-TP1,2017,ENF,AmeriFlux,650.941,0.87403,7.70724,24.21950000000004,25.416,TRUE,628.37,0.910902,8.62292,253.132,253.279,TRUE,22.571000000000026,both,NA
CA-TP1,2018,ENF,AmeriFlux,1203.41,0.84024,8.43313,87.745,88.1471,TRUE,1056.64,0.916895,9.38479,377.30999999999995,377.427,TRUE,146.76999999999998,both,NA
CA-TP1,2019,ENF,AmeriFlux,624.62,0.744178,12.7638,87.13100000000003,88.0612,TRUE,547.666,0.776655,12.2558,339.270845,339.492,TRUE,76.95399999999995,both,NA
CA-TP1,2020,ENF,AmeriFlux,909.956,0.742259,12.1238,76.99600000000004,77.9449,TRUE,848.634,0.775842,11.6859,426.7052,426.865,TRUE,61.322,both,NA
CA-TP1,2021,ENF,AmeriFlux,1210.86,0.775913,15.2152,165.27000000000004,165.97,TRUE,1018.93,0.810731,16.4412,473.59700000000004,473.882,TRUE,191.92999999999995,both,NA
CA-TP1,2022,ENF,AmeriFlux,556.791,0.876142,9.79467,101.06650000000002,101.54,TRUE,430.056,0.907192,8.9353,346.8795,346.995,TRUE,126.73500000000007,both,NA
CA-TP1,2023,ENF,AmeriFlux,454.496,0.896861,11.577,160.36749999999998,160.785,TRUE,322.565,0.935674,12.2618,326.9565,327.187,TRUE,131.93099999999998,both,NA
CA-TP2,2002,ENF,AmeriFlux,NA,NA,NA,NA,NA,FALSE,NA,NA,NA,NA,NA,FALSE,NA,neither,no_value
CA-TP2,2003,ENF,AmeriFlux,-755.646,0.556621,11.1018,86.75400000000002,87.4612,TRUE,-760.132,0.556849,11.1736,90.1925,90.882,TRUE,4.48599999999999,both,NA
CA-TP2,2004,ENF,AmeriFlux,-977.549,0.448258,16.8107,16.503499999999974,23.5578,FALSE,-980.985,0.448315,16.8629,16.372000000000014,23.5033,FALSE,3.4360000000000355,neither,fails_qc
CA-TP2,2005,ENF,AmeriFlux,-575.281,0.453425,12.7109,55.84300000000002,57.2717,FALSE,-531.291,0.451084,12.3266,75.63850000000002,76.6363,FALSE,-43.989999999999895,neither,fails_qc
CA-TP2,2006,ENF,AmeriFlux,NA,NA,NA,NA,NA,FALSE,NA,NA,NA,NA,NA,FALSE,NA,neither,no_value
CA-TP2,2007,ENF,AmeriFlux,NA,NA,NA,NA,NA,FALSE,NA,NA,NA,NA,NA,FALSE,NA,neither,no_value
CA-TP3,2002,ENF,AmeriFlux,NA,NA,NA,NA,NA,FALSE,NA,NA,NA,NA,NA,FALSE,NA,neither,no_value
CA-TP3,2003,ENF,AmeriFlux,-530.595,0.511872,7.05802,11.399000000000001,13.4075,TRUE,-604.458,0.481849,6.90671,49.04000000000002,49.5241,FALSE,73.86299999999994,VUT_only,NA
CA-TP3,2004,ENF,AmeriFlux,-339.975,0.411031,9.58136,13.07650000000001,16.2108,FALSE,-445.85,0.389458,11.0839,60.065999999999974,61.0798,FALSE,105.875,neither,fails_qc
CA-TP3,2005,ENF,AmeriFlux,-465.745,0.440582,9.84251,22.810000000000002,24.8431,FALSE,-514.005,0.409132,9.45209,85.7225,86.2423,FALSE,48.25999999999999,neither,fails_qc
CA-TP3,2006,ENF,AmeriFlux,NA,NA,NA,NA,NA,FALSE,NA,NA,NA,NA,NA,FALSE,NA,neither,no_value
CA-TP3,2007,ENF,AmeriFlux,NA,NA,NA,NA,NA,FALSE,NA,NA,NA,NA,NA,FALSE,NA,neither,no_value
CA-TP3,2008,ENF,AmeriFlux,-275.758,0.97541,6.40841,21.589499999999987,22.5205,TRUE,-290.739,0.968465,6.32409,7.814999999999998,10.0531,TRUE,14.980999999999995,both,NA
CA-TP3,2009,ENF,AmeriFlux,-425.437,0.975457,4.90063,13.411000000000001,14.2783,TRUE,-441.017,0.969977,4.85495,16.72999999999999,17.4199,TRUE,15.579999999999984,both,NA
CA-TP3,2010,ENF,AmeriFlux,-465.493,0.933505,5.1684,9.716999999999985,11.0062,TRUE,-462.25,0.936244,5.19399,12.611500000000007,13.6393,TRUE,-3.242999999999995,both,NA
CA-TP3,2011,ENF,AmeriFlux,-374.38,0.931963,5.06201,4.626000000000005,6.85738,TRUE,-379.51,0.933562,5.08805,9.870999999999981,11.1055,TRUE,5.1299999999999955,both,NA
CA-TP3,2012,ENF,AmeriFlux,-403.915,0.978939,5.43684,16.0205,16.9177,TRUE,-403.682,0.983891,5.42502,20.2705,20.9837,TRUE,-0.2330000000000041,both,NA
CA-TP3,2013,ENF,AmeriFlux,-533.758,0.963756,5.0834,13.376500000000021,14.3098,TRUE,-523.797,0.968836,5.25484,20.743499999999983,21.3988,TRUE,-9.961000000000013,both,NA
CA-TP3,2014,ENF,AmeriFlux,-656.446,0.978938,6.12055,4.005499999999984,7.31461,TRUE,-658.087,0.983219,6.11508,9.47199999999998,11.2744,TRUE,1.6409999999999627,both,NA
CA-TP3,2015,ENF,AmeriFlux,-747.768,0.971747,6.21472,10.561500000000024,12.2542,TRUE,-753.263,0.991724,6.30319,10.654499999999985,12.3795,TRUE,5.4950000000000045,both,NA
CA-TP3,2016,ENF,AmeriFlux,-545.943,0.959358,5.64511,6.472499999999968,8.58822,TRUE,-540.365,0.965904,5.68458,7.036999999999978,9.04622,TRUE,-5.5779999999999745,both,NA
CA-TP3,2017,ENF,AmeriFlux,-569.37,0.966781,5.73011,12.117999999999995,13.4045,TRUE,-563.712,0.982306,5.71524,14.605500000000006,15.6838,TRUE,-5.6580000000000155,both,NA
CA-TP3,2018,ENF,AmeriFlux,-491.923,0.854566,6.64771,4.497500000000002,8.02601,TRUE,-497.316,0.868607,6.6686,5.132500000000022,8.41512,TRUE,5.392999999999972,both,NA
CA-TP3,2019,ENF,AmeriFlux,-648.086,0.92089,6.1959,5.794500000000028,8.48347,TRUE,-651.983,0.928425,6.27541,9.026499999999999,10.9937,TRUE,3.8969999999999345,both,NA
CA-TP3,2020,ENF,AmeriFlux,-757.648,0.973133,6.13092,16.988499999999988,18.0606,TRUE,-766.258,0.976662,6.16807,16.91149999999999,18.001,TRUE,8.610000000000014,both,NA
CA-TP3,2021,ENF,AmeriFlux,-530.273,0.954509,5.34987,31.549499999999966,31.9999,TRUE,-541.954,0.959989,5.31518,22.316499999999962,22.9408,TRUE,11.680999999999926,both,NA
CA-TP3,2022,ENF,AmeriFlux,-583.421,0.973288,4.97057,3.290999999999997,5.96142,TRUE,-584.798,0.982078,5.07645,4.185000000000002,6.57908,TRUE,1.3769999999999527,both,NA
CA-TP3,2023,ENF,AmeriFlux,-693.269,0.981507,4.9292299999999996,12.625,13.5535,TRUE,-702.041,0.989441,5.03265,8.587999999999965,9.95402,TRUE,8.772000000000048,both,NA
CA-TP4,2002,ENF,AmeriFlux,NA,NA,NA,NA,NA,FALSE,NA,NA,NA,NA,NA,FALSE,NA,neither,no_value
CA-TP4,2003,ENF,AmeriFlux,NA,NA,NA,NA,NA,FALSE,NA,NA,NA,NA,NA,FALSE,NA,neither,no_value
CA-TP4,2004,ENF,AmeriFlux,-53.4491,0.963172,5.22627,9.579049999999999,10.912,TRUE,-59.2836,0.943932,5.31365,10.405149999999999,11.6834,TRUE,5.8344999999999985,both,NA
CA-TP4,2005,ENF,AmeriFlux,-74.032,0.982763,7.73544,15.125999999999998,16.9892,TRUE,-64.9256,0.968721,7.64024,17.188600000000005,18.8102,TRUE,-9.106399999999994,both,NA
CA-TP4,2006,ENF,AmeriFlux,-132.597,0.981279,5.75209,13.485999999999997,14.6617,TRUE,-124.673,0.973059,5.58127,7.9269999999999925,9.69462,TRUE,-7.924000000000007,both,NA
CA-TP4,2007,ENF,AmeriFlux,-32.2637,0.943322,5.20226,35.1959215,35.5783,TRUE,-12.4648,0.930993,5.12423,54.667249999999996,54.9069,TRUE,-19.7989,both,NA
CA-TP4,2008,ENF,AmeriFlux,-78.2934,0.973873,6.64633,29.000999999999998,29.7526,TRUE,-60.9553,0.968067,6.5088800000000004,26.06905,26.8695,TRUE,-17.338100000000004,both,NA
CA-TP4,2009,ENF,AmeriFlux,-87.9145,0.957021,5.99085,23.32195,24.079,TRUE,-82.468,0.956792,5.9431,23.753,24.4852,TRUE,-5.4465,both,NA
CA-TP4,2010,ENF,AmeriFlux,73.5546,0.96484,7.65845,49.62829,50.2157,TRUE,91.9392,0.963699,7.61593,58.701499999999996,59.1935,TRUE,-18.384600000000006,both,NA
CA-TP4,2011,ENF,AmeriFlux,-208.68,0.971975,6.4351,22.590500000000006,23.4893,TRUE,-216.464,0.975799,6.41827,32.275999999999996,32.9082,TRUE,7.783999999999992,both,NA
CA-TP4,2012,ENF,AmeriFlux,-16.2581,0.956284,6.30865,12.02243,13.5771,TRUE,-17.9036,0.969035,6.2992,21.7691,22.6622,TRUE,1.645500000000002,both,NA
CA-TP4,2013,ENF,AmeriFlux,-113.805,0.865582,7.12646,26.743500000000004,27.6767,TRUE,-120.932,0.881393,6.86645,26.560500000000005,27.4335,TRUE,7.126999999999995,both,NA
CA-TP4,2014,ENF,AmeriFlux,-102.256,0.943721,7.37415,46.3968,46.979,TRUE,-148.004,0.973116,7.35906,47.19350000000001,47.7637,TRUE,45.74799999999999,both,NA
CA-TP4,2015,ENF,AmeriFlux,-317.22,0.919178,8.72141,8.580000000000013,12.2344,TRUE,-325.093,0.953938,7.85105,42.601,43.318600000000004,TRUE,7.8729999999999905,both,NA
CA-TP4,2016,ENF,AmeriFlux,-52.6781,0.953837,6.62714,44.941100000000006,45.4271,TRUE,-104.314,0.974158,6.94849,60.56269999999999,60.9602,TRUE,51.63589999999999,both,NA
CA-TP4,2017,ENF,AmeriFlux,-170.443,0.936587,7.50329,47.7715,48.357,TRUE,-219.379,0.964441,7.21873,47.711500000000015,48.2541,TRUE,48.93599999999998,both,NA
CA-TP4,2018,ENF,AmeriFlux,30.6334,0.957021,6.91936,78.56425,78.8684,TRUE,0.42872,0.968322,7.15208,67.44745,67.8256,TRUE,30.204680000000003,both,NA
CA-TP4,2019,ENF,AmeriFlux,-143.518,0.837785,7.68159,49.77290000000001,50.3623,TRUE,-162.671,0.853253,7.36781,59.261,59.7173,TRUE,19.15299999999999,both,NA
CA-TP4,2020,ENF,AmeriFlux,-198.832,0.963513,6.51598,38.03699999999999,38.5913,TRUE,-212.301,0.967213,6.66961,44.56349999999999,45.0597,TRUE,13.468999999999994,both,NA
CA-TP4,2021,ENF,AmeriFlux,-290.345,0.933961,7.75155,20.052999999999997,21.499,TRUE,-290.209,0.934075,7.75649,21.07649999999998,22.4584,TRUE,-0.1360000000000241,both,NA
CA-TP4,2022,ENF,AmeriFlux,-302.251,0.973973,7.15097,12.781000000000006,14.6454,TRUE,-297.391,0.963356,7.12101,24.583500000000015,25.5942,TRUE,-4.859999999999957,both,NA
CA-TP4,2023,ENF,AmeriFlux,-380.025,0.970605,6.31687,3.4904999999999973,7.21714,TRUE,-377.595,0.958904,6.43877,4.171500000000009,7.67194,TRUE,-2.42999999999995,both,NA
CA-TPA,2020,CRO,AmeriFlux,NA,NA,NA,NA,NA,FALSE,NA,NA,NA,NA,NA,FALSE,NA,neither,no_value
CA-TPA,2021,CRO,AmeriFlux,-436.222,0.929167,14.0637,19.85300000000001,24.3297,TRUE,-440.358,0.927055,14.3498,23.283500000000004,27.3502,TRUE,4.136000000000024,both,NA
CA-TPA,2022,CRO,AmeriFlux,12.3298,0.989555,8.28808,24.5317,25.8939,TRUE,18.2639,0.989954,8.38279,26.8035,28.0838,TRUE,-5.934099999999999,both,NA
CA-TPA,2023,CRO,AmeriFlux,-29.0915,0.988642,4.20791,15.597949999999999,16.1556,TRUE,-30.6983,0.98847,4.21156,15.719599999999998,16.274,TRUE,1.6067999999999998,both,NA
CA-TPD,2012,DBF,AmeriFlux,-358.735,0.939492,8.82581,16.982499999999987,19.1392,TRUE,-354.289,0.936475,9.31705,16.539500000000004,18.9831,TRUE,-4.446000000000026,both,NA
CA-TPD,2013,DBF,AmeriFlux,-192.565,0.889326,6.65979,34.944500000000005,35.5734,TRUE,-193.473,0.883961,6.67812,40.54299999999999,41.0894,TRUE,0.9080000000000155,both,NA
CA-TPD,2014,DBF,AmeriFlux,-366.606,0.963984,6.94665,20.45599999999999,21.6033,TRUE,-370.525,0.960331,6.89171,19.92750000000001,21.086,TRUE,3.9189999999999827,both,NA
CA-TPD,2015,DBF,AmeriFlux,-103.323,0.941153,7.21954,5.567750000000004,9.11706,TRUE,-100.981,0.935616,7.01976,6.4131,9.50818,TRUE,-2.3419999999999987,both,NA
CA-TPD,2016,DBF,AmeriFlux,-185.332,0.952413,7.16086,8.765,11.3185,TRUE,-186.286,0.951446,7.15547,8.635999999999996,11.2151,TRUE,0.9540000000000077,both,NA
CA-TPD,2017,DBF,AmeriFlux,-317.329,0.951655,6.74073,9.025000000000006,11.2645,TRUE,-317.335,0.951655,6.74073,11.453000000000003,13.2894,TRUE,0.005999999999971806,both,NA
CA-TPD,2018,DBF,AmeriFlux,-192.259,0.913413,6.72547,19.4315,20.5625,TRUE,-195.547,0.910731,6.76717,14.411500000000004,15.9216,TRUE,3.288000000000011,both,NA
CA-TPD,2019,DBF,AmeriFlux,-420.868,0.850285,9.12339,57.292,58.0142,TRUE,-424.772,0.848231,9.15757,55.35049999999998,56.103,TRUE,3.9039999999999964,both,NA
CA-TPD,2020,DBF,AmeriFlux,-137.338,0.944957,9.93526,16.057999999999993,18.883,TRUE,-117.605,0.930328,9.7072,16.77199999999999,19.3785,TRUE,-19.73299999999999,both,NA
CA-TPD,2021,DBF,AmeriFlux,383.657,0.966039,9.85525,25.3005,27.1525,TRUE,385.862,0.965011,9.83166,25.506500000000017,27.3359,TRUE,-2.205000000000041,both,NA
CA-TPD,2022,DBF,AmeriFlux,-269.732,0.944292,7.83578,11.163999999999987,13.6394,TRUE,-259.04,0.935559,7.69723,17.644499999999994,19.2499,TRUE,-10.692000000000007,both,NA
CA-TPD,2023,DBF,AmeriFlux,-255.196,0.510845,39.6259,9.942499999999995,40.8541,TRUE,-242.923,0.522317,41.0139,8.571000000000012,41.8998,TRUE,-12.272999999999996,both,NA
CA-TVC,2017,OSH,AmeriFlux,NA,NA,NA,NA,NA,FALSE,NA,NA,NA,NA,NA,FALSE,NA,neither,no_value
CG-Tch,2006,SAV,ICOS,NA,NA,NA,NA,NA,FALSE,NA,NA,NA,NA,NA,FALSE,NA,neither,no_value
CG-Tch,2007,SAV,ICOS,NA,NA,NA,NA,NA,FALSE,NA,NA,NA,NA,NA,FALSE,NA,neither,no_value
CG-Tch,2008,SAV,ICOS,NA,NA,NA,NA,NA,FALSE,NA,NA,NA,NA,NA,FALSE,NA,neither,no_value
CG-Tch,2009,SAV,ICOS,NA,NA,NA,NA,NA,FALSE,NA,NA,NA,NA,NA,FALSE,NA,neither,no_value
CH-Aws,2006,GRA,ICOS,NA,NA,NA,NA,NA,FALSE,NA,NA,NA,NA,NA,FALSE,NA,neither,no_value
CH-Aws,2007,GRA,ICOS,NA,NA,NA,NA,NA,FALSE,NA,NA,NA,NA,NA,FALSE,NA,neither,no_value
CH-Aws,2008,GRA,ICOS,NA,NA,NA,NA,NA,FALSE,NA,NA,NA,NA,NA,FALSE,NA,neither,no_value
CH-Aws,2009,GRA,ICOS,NA,NA,NA,NA,NA,FALSE,NA,NA,NA,NA,NA,FALSE,NA,neither,no_value
CH-Aws,2010,GRA,ICOS,NA,NA,NA,NA,NA,FALSE,NA,NA,NA,NA,NA,FALSE,NA,neither,no_value
CH-Aws,2011,GRA,ICOS,NA,NA,NA,NA,NA,FALSE,NA,NA,NA,NA,NA,FALSE,NA,neither,no_value
CH-Aws,2012,GRA,ICOS,NA,NA,NA,NA,NA,FALSE,NA,NA,NA,NA,NA,FALSE,NA,neither,no_value
CH-Aws,2013,GRA,ICOS,NA,NA,NA,NA,NA,FALSE,NA,NA,NA,NA,NA,FALSE,NA,neither,no_value
CH-Aws,2014,GRA,ICOS,NA,NA,NA,NA,NA,FALSE,NA,NA,NA,NA,NA,FALSE,NA,neither,no_value
CH-Aws,2015,GRA,ICOS,-43.4265,0.783447,10.6466,62.6362,63.5345,TRUE,-87.1374,0.798231,10.54,48.449,49.582,TRUE,43.7109,both,NA
CH-Aws,2016,GRA,ICOS,-184.399,0.695583,4.40239,96.92945,97.0295,TRUE,-243.977,0.778005,4.49106,109.1123,109.205,TRUE,59.578,both,NA
CH-Aws,2017,GRA,ICOS,-258.204,0.759817,4.54319,21.62299999999999,22.0951,TRUE,-308.736,0.83008,6.14702,43.17400000000001,43.6092,TRUE,50.53199999999998,both,NA
CH-Aws,2018,GRA,ICOS,-391.184,0.638813,5.80785,82.3955,82.5999,TRUE,-404.119,0.752568,7.54701,82.52,82.8645,TRUE,12.935000000000002,both,NA
CH-Aws,2019,GRA,ICOS,-304.769,0.76347,5.20609,22.884500000000003,23.4693,TRUE,-310.653,0.806336,5.2866,44.039000000000016,44.3552,TRUE,5.8840000000000146,both,NA
CH-Aws,2020,GRA,ICOS,-404.753,0.726434,4.86256,98.351,98.4712,TRUE,-411.4,0.772996,5.02533,76.61200000000001,76.7768,TRUE,6.646999999999991,both,NA
CH-Aws,2021,GRA,ICOS,-419.792,0.850285,5.17664,95.2355,95.3759,TRUE,-429.447,0.737158,4.21021,106.611,106.694,TRUE,9.65500000000003,both,NA
CH-Aws,2022,GRA,ICOS,-147.005,0.878082,8.70083,28.4195,29.7215,TRUE,-72.4965,0.777397,6.53293,43.8915,44.3746,TRUE,-74.5085,both,NA
CH-Aws,2023,GRA,ICOS,-382.267,0.795377,5.26645,37.57599999999999,37.943600000000004,TRUE,-428.588,0.746689,4.85554,59.801,59.9979,TRUE,46.321000000000026,both,NA
CH-Aws,2024,GRA,ICOS,184.528,0.753074,6.89954,81.8657,82.156,TRUE,233.156,0.747325,6.86218,78.28865,78.5888,TRUE,-48.628000000000014,both,NA
CH-Cha,2005,GRA,ICOS,NA,NA,NA,NA,NA,FALSE,NA,NA,NA,NA,NA,FALSE,NA,neither,no_value
CH-Cha,2006,GRA,ICOS,159.858,0.941267,11.9349,32.096,34.2428,TRUE,179.585,0.950514,11.9404,37.3205,39.1838,TRUE,-19.727000000000004,both,NA
CH-Cha,2007,GRA,ICOS,242.891,0.945377,16.8674,73.73804999999999,75.6427,TRUE,254.211,0.941438,17.165,107.75885000000001,109.117,TRUE,-11.320000000000022,both,NA
CH-Cha,2008,GRA,ICOS,74.1089,0.932776,27.5474,45.1638,52.9022,TRUE,37.7064,0.922473,27.0949,168.3955,170.562,TRUE,36.4025,both,NA
CH-Cha,2009,GRA,ICOS,NA,NA,NA,NA,NA,FALSE,NA,NA,NA,NA,NA,FALSE,NA,neither,no_value
CH-Cha,2010,GRA,ICOS,152.574,0.925856,13.6849,81.1365,82.2823,TRUE,118.794,0.940696,11.9168,74.88495,75.827,TRUE,33.780000000000015,both,NA
CH-Cha,2011,GRA,ICOS,103.217,0.972317,13.1621,65.95233999999999,67.2528,TRUE,124.613,0.972888,13.736,51.500750000000004,53.3013,TRUE,-21.396,both,NA
CH-Cha,2012,GRA,ICOS,569.324,0.988502,NA,80.47649999999999,NA,TRUE,594.462,0.986908,NA,81.88099999999997,NA,TRUE,-25.138000000000034,both,NA
CH-Cha,2013,GRA,ICOS,-333.534,0.970148,15.565,63.715,65.5885,TRUE,-296.176,0.957591,15.2835,98.79050000000001,99.966,TRUE,-37.358000000000004,both,NA
CH-Cha,2014,GRA,ICOS,-189.757,0.975571,17.2056,114.2235,115.512,TRUE,-184.701,0.974543,16.9737,91.29899999999999,92.8633,TRUE,-5.056000000000012,both,NA
CH-Cha,2015,GRA,ICOS,-63.9035,0.96153,16.2531,54.70490000000001,57.0682,TRUE,-92.5223,0.958619,15.7264,43.0369,45.8203,TRUE,28.6188,both,NA
CH-Cha,2016,GRA,ICOS,-96.4501,0.807776,17.5819,77.4382,79.4089,TRUE,-13.8193,0.812443,16.5684,74.0991,75.9287,TRUE,-82.63080000000001,both,NA
CH-Cha,2017,GRA,ICOS,-275.62,0.9125,16.1472,123.29999999999998,124.353,TRUE,-224.836,0.920434,15.728,118.68245000000002,119.72,TRUE,-50.78399999999999,both,NA
CH-Cha,2018,GRA,ICOS,351.049,0.910217,11.4331,95.29499999999999,95.9784,TRUE,364.436,0.917808,11.1959,116.549,117.085,TRUE,-13.387,both,NA
CH-Cha,2019,GRA,ICOS,74.211,0.938699,16.0292,99.4556,100.739,TRUE,102.213,0.945263,15.9539,101.09514999999999,102.346,TRUE,-28.001999999999995,both,NA
CH-Cha,2020,GRA,ICOS,-2.22881,0.94046,14.9701,30.27365,33.7727,TRUE,32.4684,0.94194,15.6923,37.0766,40.2607,TRUE,-34.697210000000005,both,NA
CH-Cha,2021,GRA,ICOS,72.1235,0.943436,12.3603,51.692800000000005,53.15,TRUE,72.7638,0.941952,12.375,43.95975,45.6684,TRUE,-0.6402999999999963,both,NA
CH-Cha,2022,GRA,ICOS,-314.048,0.872489,14.0277,35.8845,38.5287,TRUE,-354.207,0.853653,14.1277,31.5805,34.5962,TRUE,40.15899999999999,both,NA
CH-Cha,2023,GRA,ICOS,-161.585,0.891381,11.5634,29.7305,31.9002,TRUE,-126.337,0.873687,11.9933,34.4445,36.4723,TRUE,-35.248000000000005,both,NA
CH-Cha,2024,GRA,ICOS,4.19078,0.955544,12.4547,21.3521,24.7191,TRUE,-6.99178,0.946607,12.9944,51.95656,53.5569,TRUE,11.18256,both,NA
CH-Crs,2015,GRA,ICOS,90.8563,0.92774,10.0003,36.14684999999999,37.5047,TRUE,NA,NA,NA,NA,NA,FALSE,NA,VUT_only,NA
CH-Crs,2016,GRA,ICOS,-267.517,0.992259,14.4197,74.187,75.5751,TRUE,NA,NA,NA,NA,NA,FALSE,NA,VUT_only,NA
CH-For,2024,CRO,ICOS,NA,NA,NA,NA,NA,FALSE,NA,NA,NA,NA,NA,FALSE,NA,neither,no_value
CH-Frk,2013,GRA,ICOS,NA,NA,NA,NA,NA,FALSE,NA,NA,NA,NA,NA,FALSE,NA,neither,no_value
CH-Frk,2014,GRA,ICOS,NA,NA,NA,NA,NA,FALSE,NA,NA,NA,NA,NA,FALSE,NA,neither,no_value
CH-Fru,2005,GRA,ICOS,NA,NA,NA,NA,NA,FALSE,NA,NA,NA,NA,NA,FALSE,NA,neither,no_value
CH-Fru,2006,GRA,ICOS,-451.173,0.870719,14.6447,72.66650000000001,74.1276,TRUE,-453.969,0.868037,14.6651,78.92250000000001,80.2736,TRUE,2.7959999999999923,both,NA
CH-Fru,2007,GRA,ICOS,-519.363,0.807648,18.6749,35.1345,39.7893,TRUE,-486.024,0.825685,17.3294,36.503000000000014,40.4076,TRUE,-33.339000000000055,both,NA
CH-Fru,2008,GRA,ICOS,-407.672,0.902835,13.3489,49.33000000000001,51.1043,TRUE,-405.494,0.912113,12.9689,52.74600000000001,54.3173,TRUE,-2.1779999999999973,both,NA
CH-Fru,2009,GRA,ICOS,NA,NA,NA,NA,NA,FALSE,NA,NA,NA,NA,NA,FALSE,NA,neither,no_value
CH-Fru,2010,GRA,ICOS,NA,NA,NA,NA,NA,FALSE,NA,NA,NA,NA,NA,FALSE,NA,neither,no_value
CH-Fru,2011,GRA,ICOS,-153.276,0.901256,15.8794,98.024,99.3021,TRUE,-196.648,0.888242,16.4642,137.766,138.746,TRUE,43.371999999999986,both,NA
CH-Fru,2012,GRA,ICOS,-382.369,0.856842,15.3259,67.3245,69.047,TRUE,-393.9,0.84819,15.6198,96.5435,97.7989,TRUE,11.530999999999949,both,NA
CH-Fru,2013,GRA,ICOS,-144.799,0.865868,10.2828,84.59245000000001,85.2151,TRUE,-104.778,0.876427,10.3598,85.46445,86.0899,TRUE,-40.021,both,NA
CH-Fru,2014,GRA,ICOS,-122.588,0.91524,10.5084,125.06350000000002,125.504,TRUE,-146.591,0.921689,10.5543,120.5945,121.055,TRUE,24.003000000000014,both,NA
CH-Fru,2015,GRA,ICOS,-199.116,0.893721,15.3184,70.70550000000001,72.3459,TRUE,-149.525,0.9246,11.6091,67.42999999999999,68.4219,TRUE,-49.59100000000001,both,NA
CH-Fru,2016,GRA,ICOS,-362.428,0.886384,12.5077,69.905,71.015,TRUE,-325.668,0.898793,11.523,78.8545,79.6918,TRUE,-36.75999999999999,both,NA
CH-Fru,2017,GRA,ICOS,-624.485,0.867865,19.1858,88.38900000000001,90.4474,TRUE,-585.116,0.876541,17.8618,81.5145,83.4483,TRUE,-39.36900000000003,both,NA
CH-Fru,2018,GRA,ICOS,-488.788,0.855708,15.2539,74.73200000000003,76.2728,TRUE,-529.035,0.877626,14.2299,78.83000000000001,80.1041,TRUE,40.24699999999996,both,NA
CH-Fru,2019,GRA,ICOS,-553.877,0.875228,21.9987,105.59549999999999,107.863,TRUE,-487.781,0.885788,21.371,112.9265,114.931,TRUE,-66.09599999999995,both,NA
CH-Fru,2020,GRA,ICOS,-707.418,0.812955,17.2258,153.594,154.557,TRUE,-647.123,0.843807,15.4979,156.68900000000002,157.454,TRUE,-60.29499999999996,both,NA
CH-Fru,2021,GRA,ICOS,-619.448,0.857534,14.5057,74.73149999999998,76.1264,TRUE,-646.13,0.863984,14.9552,70.02750000000003,71.6068,TRUE,26.682000000000016,both,NA
CH-Fru,2022,GRA,ICOS,-198.307,0.885902,12.7126,72.004,73.1176,TRUE,-182.19,0.888356,12.6042,135.79450000000003,136.378,TRUE,-16.11699999999999,both,NA
CH-Fru,2023,GRA,ICOS,221.992,0.907135,14.4863,115.70219999999999,116.605,TRUE,224.419,0.90137,14.6418,137.42374999999998,138.201,TRUE,-2.427000000000021,both,NA
CH-Fru,2024,GRA,ICOS,-8.33272,0.85041,18.855,151.87135,153.037,TRUE,-8.77965,0.848474,18.7547,166.59945,167.652,TRUE,0.44693000000000005,both,NA
CH-Lae,2004,MF,ICOS,NA,NA,NA,NA,NA,FALSE,NA,NA,NA,NA,NA,FALSE,NA,neither,no_value
CH-Lae,2005,MF,ICOS,-158.238,0.973516,17.6938,264.643,265.234,TRUE,59.948,0.923573,18.7548,220.941,221.735,TRUE,-218.186,both,NA
CH-Lae,2006,MF,ICOS,-124.19,0.960445,16.7264,96.94715000000001,98.3797,TRUE,-49.4554,0.919007,16.4982,108.78145,110.025,TRUE,-74.7346,both,NA
CH-Lae,2007,MF,ICOS,-352.357,0.973516,18.8473,94.42399999999998,96.2869,TRUE,-250.64,0.941495,19.7698,162.29399999999998,163.494,TRUE,-101.71700000000004,both,NA
CH-Lae,2008,MF,ICOS,-200.769,0.981444,18.7112,37.2945,41.725,TRUE,-208.278,0.956455,20.5454,40.24799999999999,45.1889,TRUE,7.508999999999986,both,NA
CH-Lae,2009,MF,ICOS,-269.834,0.970776,19.3355,60.52850000000001,63.5418,TRUE,-226.691,0.921975,19.2069,118.86564999999999,120.407,TRUE,-43.143,both,NA
CH-Lae,2010,MF,ICOS,-441.299,0.971347,20.3826,63.65950000000001,66.843,TRUE,-447.535,0.908562,19.7839,81.04850000000002,83.4281,TRUE,6.236000000000047,both,NA
CH-Lae,2011,MF,ICOS,-516.544,0.963356,20.8588,40.91550000000001,45.9256,TRUE,-493.066,0.905936,24.1373,138.4595,140.548,TRUE,-23.47800000000001,both,NA
CH-Lae,2012,MF,ICOS,-679.688,0.952243,23.0808,37.331500000000005,43.8903,TRUE,-492.316,0.882969,23.7481,147.852,149.747,TRUE,-187.372,both,NA
CH-Lae,2013,MF,ICOS,-544.612,0.957648,28.1953,71.59050000000002,76.9429,TRUE,-521.375,0.922317,28.4665,69.6175,75.2128,TRUE,-23.236999999999966,both,NA
CH-Lae,2014,MF,ICOS,-592.025,0.982591,26.3383,30.884000000000015,40.59,TRUE,-540.861,0.939612,27.6812,86.613,90.9286,TRUE,-51.16399999999999,both,NA
CH-Lae,2015,MF,ICOS,-334.749,0.953824,24.4843,122.6055,125.026,TRUE,-252.251,0.921404,24.3619,177.7804,179.442,TRUE,-82.49800000000002,both,NA
CH-Lae,2016,MF,ICOS,-81.3922,0.926628,19.6579,112.00355,113.715,TRUE,-69.6155,0.933914,18.8202,162.93745,164.021,TRUE,-11.776700000000005,both,NA
CH-Lae,2017,MF,ICOS,288.395,0.878311,11.6276,27.0445,29.4382,TRUE,286.661,0.905822,12.1953,53.76450000000001,55.1302,TRUE,1.7339999999999804,both,NA
CH-Lae,2018,MF,ICOS,-51.6648,0.875856,13.3539,125.19420000000001,125.905,TRUE,-179.213,0.912842,13.583,143.33425,143.977,TRUE,127.5482,both,NA
CH-Lae,2019,MF,ICOS,-95.4482,0.86992,15.5405,42.5999,45.346,TRUE,-76.7338,0.925057,14.225,117.5749,118.432,TRUE,-18.714399999999998,both,NA
CH-Lae,2020,MF,ICOS,-319.921,0.856785,12.0663,66.52250000000001,67.6083,TRUE,-414.116,0.924693,11.5216,49.04499999999999,50.3802,TRUE,94.195,both,NA
CH-Lae,2021,MF,ICOS,39.7708,0.787842,11.7876,57.2225,58.4241,TRUE,100.089,0.87871,13.0487,42.1976,44.1692,TRUE,-60.3182,both,NA
CH-Lae,2022,MF,ICOS,-11.3696,0.809132,12.2804,41.8064,43.5727,TRUE,-50.8787,0.867808,12.366,50.381415,51.8768,TRUE,39.509100000000004,both,NA
CH-Lae,2023,MF,ICOS,352.232,0.892808,13.4235,80.757,81.8652,TRUE,200.669,0.959589,12.8061,177.00199999999998,177.465,TRUE,151.56300000000002,both,NA
CH-Lae,2024,MF,ICOS,105.366,0.87796,13.8845,43.9141,46.0568,TRUE,85.1175,0.933174,12.6898,123.1274,123.78,TRUE,20.248499999999993,both,NA
CH-Oe1,2002,GRA,ICOS,-599.483,0.775285,7.42121,9.483499999999992,12.0418,TRUE,-602.486,0.758961,7.91224,9.345499999999959,12.245,TRUE,3.0030000000000427,both,NA
CH-Oe1,2003,GRA,ICOS,-126.694,0.857192,5.36398,29.669500000000006,30.1509,TRUE,-120.979,0.848858,5.50502,28.066999999999993,28.602,TRUE,-5.715000000000003,both,NA
CH-Oe1,2004,GRA,ICOS,-521.109,0.811418,6.35861,9.168499999999995,11.1578,TRUE,-516.94,0.792464,6.65951,8.07650000000001,10.4678,TRUE,-4.168999999999983,both,NA
CH-Oe1,2005,GRA,ICOS,-203.338,0.928653,5.68572,8.138499999999993,9.92778,TRUE,-198.034,0.906564,5.60433,8.8005,10.4337,TRUE,-5.304000000000002,both,NA
CH-Oe1,2006,GRA,ICOS,-302.966,0.940297,5.33889,8.4255,9.9746,TRUE,-288.151,0.921176,5.714,8.615499999999997,10.3383,TRUE,-14.814999999999998,both,NA
CH-Oe1,2007,GRA,ICOS,-425.514,0.938699,7.35076,4.52200000000002,8.63036,TRUE,-419.39,0.929737,7.82082,5.172499999999985,9.37665,TRUE,-6.124000000000024,both,NA
CH-Oe1,2008,GRA,ICOS,5.50027,0.938126,6.93291,6.639555,9.59942,TRUE,7.97106,0.91752,8.149,5.244105,9.69055,TRUE,-2.470789999999999,both,NA
CH-Oe1,2009,GRA,ICOS,-433.544,0.933105,6.9815,8.747000000000014,11.1918,TRUE,-425.608,0.890011,7.63629,9.027999999999992,11.8243,TRUE,-7.935999999999979,both,NA
CH-Oe1,2010,GRA,ICOS,-299.773,0.855594,6.71853,8.900999999999982,11.1521,TRUE,-287.629,0.8379,7.2794,13.707999999999998,15.521,TRUE,-12.144000000000005,both,NA
CH-Oe1,2011,GRA,ICOS,-229.185,0.919578,7.56639,26.454499999999996,27.5153,TRUE,-215.907,0.895491,8.50631,24.834500000000006,26.2508,TRUE,-13.277999999999992,both,NA
CH-Oe2,2004,CRO,ICOS,-250.522,0.931409,NA,20.189000000000007,NA,TRUE,-255.307,0.934142,NA,14.126999999999981,NA,TRUE,4.784999999999997,both,NA
CH-Oe2,2005,CRO,ICOS,-167.096,0.997717,NA,17.983999999999995,NA,TRUE,-167.274,0.997717,NA,13.816000000000003,NA,TRUE,0.17799999999999727,both,NA
CH-Oe2,2006,CRO,ICOS,367.488,0.941781,NA,29.58499999999998,NA,TRUE,367.609,0.941952,NA,23.412499999999994,NA,TRUE,-0.1209999999999809,both,NA
CH-Oe2,2007,CRO,ICOS,68.5667,0.992751,NA,19.14995,NA,TRUE,68.9232,0.992751,NA,9.899999999999999,NA,TRUE,-0.35649999999999693,both,NA
CH-Oe2,2008,CRO,ICOS,35.6378,0.984973,NA,33.30245,NA,TRUE,37.3492,0.985143,NA,27.244699999999998,NA,TRUE,-1.7114000000000047,both,NA
CH-Oe2,2009,CRO,ICOS,-272.955,0.976998,7.67207,10.752499999999998,13.2093,TRUE,-253.851,0.976199,7.42143,10.705500000000015,13.0265,TRUE,-19.103999999999985,both,NA
CH-Oe2,2010,CRO,ICOS,733.284,0.892637,6.28015,11.448499999999967,13.0578,TRUE,753.571,0.890696,6.29737,11.935999999999979,13.4954,TRUE,-20.287000000000035,both,NA
CH-Oe2,2011,CRO,ICOS,-342.087,0.978368,7.6344,7.296500000000009,10.5605,TRUE,-331.003,0.977911,7.56201,7.149499999999989,10.4065,TRUE,-11.084000000000003,both,NA
CH-Oe2,2012,CRO,ICOS,-229.119,0.970458,6.91753,20.314999999999998,21.4607,TRUE,-229.381,0.972108,7.05947,20.8215,21.9858,TRUE,0.26200000000000045,both,NA
CH-Oe2,2013,CRO,ICOS,-23.596,0.936872,6.53721,19.25213,20.3317,TRUE,-27.1334,0.936986,6.61465,20.830914999999997,21.8559,TRUE,3.5374000000000017,both,NA
CH-Oe2,2014,CRO,ICOS,-176.382,0.914326,8.95831,7.597999999999999,11.7465,TRUE,-173.234,0.914612,9.17499,12.67349999999999,15.6459,TRUE,-3.147999999999996,both,NA
CH-Oe2,2015,CRO,ICOS,-233.371,0.971119,8.17453,42.81949999999999,43.5927,TRUE,-236.657,0.971176,8.23852,41.93900000000001,42.7409,TRUE,3.2860000000000014,both,NA
CH-Oe2,2016,CRO,ICOS,669.252,0.989356,12.6343,24.255499999999984,27.3486,TRUE,691.219,0.989925,12.9518,32.36250000000001,34.8584,TRUE,-21.967000000000098,both,NA
CH-Oe2,2017,CRO,ICOS,-233.329,0.978425,8.19899,19.1015,20.7867,TRUE,-250.786,0.983333,9.05817,12.031500000000008,15.0598,TRUE,17.456999999999994,both,NA
CH-Oe2,2018,CRO,ICOS,388.038,0.984189,9.16291,15.042000000000002,17.6132,TRUE,394.049,0.985445,9.42352,15.081500000000005,17.7834,TRUE,-6.010999999999967,both,NA
CH-Oe2,2019,CRO,ICOS,-93.1003,0.968436,9.74901,8.434150000000002,12.891,TRUE,-85.5941,0.968721,9.81273,7.659950000000002,12.4485,TRUE,-7.506200000000007,both,NA
CH-Oe2,2020,CRO,ICOS,229.373,0.96209,7.14457,24.240999999999985,25.2717,TRUE,226.801,0.96209,7.17008,25.760000000000005,26.7395,TRUE,2.5720000000000027,both,NA
CH-Oe2,2021,CRO,ICOS,-420.367,0.984361,11.3821,10.029500000000013,15.1705,TRUE,-415.613,0.98653,11.5117,17.878500000000003,21.2641,TRUE,-4.754000000000019,both,NA
CH-Oe2,2022,CRO,ICOS,-95.1505,0.961301,12.0991,27.874699999999997,30.3874,TRUE,-139.429,0.971404,12.7053,28.346000000000004,31.063,TRUE,44.27850000000001,both,NA
CH-Oe2,2023,CRO,ICOS,-200.99,0.96484,15.7183,21.4135,26.5632,TRUE,-201.685,0.971461,16.5747,24.148500000000013,29.2896,TRUE,0.6949999999999932,both,NA
CH-Oe2,2024,CRO,ICOS,66.3437,0.986282,7.44583,4.772400000000001,8.84401,TRUE,66.069,0.98964,8.04197,4.335550000000001,9.1362,TRUE,0.2746999999999957,both,NA
CH-Oe3,2002,GRA,ICOS,NA,NA,NA,NA,NA,FALSE,NA,NA,NA,NA,NA,FALSE,NA,neither,no_value
CH-Oe3,2003,GRA,ICOS,-81.5021,0.916724,7.20044,53.29225000000001,53.7766,TRUE,-68.3846,0.901484,7.3825,47.60184999999999,48.1709,TRUE,-13.117499999999993,both,NA
CH-Oe3,2004,GRA,ICOS,-312.555,0.939265,8.39235,24.777000000000015,26.1599,TRUE,-317.406,0.944046,8.12356,30.2175,31.2906,TRUE,4.850999999999999,both,NA
CH-Oe3,2005,GRA,ICOS,-173.534,0.945548,9.28003,15.217500000000001,17.8238,TRUE,-177.885,0.953425,9.19496,13.219499999999996,16.1029,TRUE,4.350999999999999,both,NA
CH-Oe3,2006,GRA,ICOS,-273.646,0.933619,9.23603,16.259500000000003,18.6996,TRUE,-258.419,0.94121,8.7459,13.693999999999988,16.2486,TRUE,-15.227000000000032,both,NA
CH-Oe3,2007,GRA,ICOS,-426.276,0.935616,5.8143,6.156499999999994,8.46816,TRUE,-420.774,0.933676,5.8596,6.103499999999997,8.461,TRUE,-5.5020000000000095,both,NA
CH-Oe3,2008,GRA,ICOS,-189.954,0.929588,6.13851,6.828000000000003,9.1819,TRUE,-190.807,0.928506,6.12761,8.215500000000006,10.2491,TRUE,0.8529999999999802,both,NA
CH-Oe3,2009,GRA,ICOS,-312.986,0.892637,8.00955,31.558999999999997,32.5595,TRUE,-313.327,0.893037,7.99654,31.141500000000008,32.1515,TRUE,0.3410000000000082,both,NA
CH-Oe3,2010,GRA,ICOS,-75.8125,0.702568,6.81146,13.596050000000002,15.2068,TRUE,-73.4218,0.70234,6.82345,14.699700000000004,16.2062,TRUE,-2.3906999999999954,both,NA
CH-Oe3,2011,GRA,ICOS,-277.038,0.764441,6.20815,10.136499999999984,11.8863,TRUE,-259.149,0.762272,6.21482,10.974499999999992,12.6122,TRUE,-17.88900000000001,both,NA
CH-Rh1,2018,GRA,ICOS,NA,NA,NA,NA,NA,FALSE,NA,NA,NA,NA,NA,FALSE,NA,neither,no_value
CH-Rh1,2019,GRA,ICOS,86.6919,0.827968,12.3509,74.59745,75.6132,TRUE,202.466,0.865297,13.6283,102.611435,103.512,TRUE,-115.7741,both,NA
CH-Rh1,2020,GRA,ICOS,59.8304,0.913536,11.4658,61.07194,62.139,TRUE,99.8787,0.98816,15.7933,58.782450000000004,60.8669,TRUE,-40.0483,both,NA
CH-Rh1,2021,GRA,ICOS,-171.342,0.94395,11.1202,107.597155,108.17,TRUE,-60.8681,0.986587,14.4236,84.27161500000001,85.4973,TRUE,-110.47390000000001,both,NA
CH-Rh2,2018,GRA,ICOS,NA,NA,NA,NA,NA,FALSE,NA,NA,NA,NA,NA,FALSE,NA,neither,no_value
CH-Rh2,2019,GRA,ICOS,-975.974,0.844121,20.3263,170.8415,172.049,TRUE,-973.276,0.845263,20.384,187.74450000000002,188.85,TRUE,-2.6980000000000928,both,NA
CH-Rh2,2020,GRA,ICOS,-182.871,0.935565,12.8204,69.799,70.9664,TRUE,-189.576,0.958106,13.2779,72.92599999999999,74.1251,TRUE,6.704999999999984,both,NA
CH-Rh2,2021,GRA,ICOS,-335.161,0.934703,10.4762,87.19749999999999,87.8248,TRUE,-378.365,0.965411,10.6864,83.41550000000001,84.0972,TRUE,43.20400000000001,both,NA
CH-Rtb,2009,GRA,ICOS,NA,NA,NA,NA,NA,FALSE,NA,NA,NA,NA,NA,FALSE,NA,neither,no_value
CH-Rtb,2010,GRA,ICOS,-383.642,0.986187,6.76862,21.138499999999993,22.1958,TRUE,-373.994,0.977397,6.27108,69.0075,69.292,TRUE,-9.647999999999968,both,NA
CH-Rtb,2011,GRA,ICOS,-596.093,0.972945,8.49189,11.170999999999992,14.0323,TRUE,-563.064,0.946518,8.67215,41.94949999999997,42.8363,TRUE,-33.028999999999996,both,NA
CH-Rtb,2012,GRA,ICOS,-366.13,0.986168,8.8148,11.350999999999999,14.3718,TRUE,-334.508,0.972678,9.09889,111.8465,112.216,TRUE,-31.622000000000014,both,NA
CH-Rtb,2013,GRA,ICOS,-402.38,0.9879,7.20456,9.456499999999977,11.8884,TRUE,-370.192,0.97129,7.35639,78.22850000000001,78.5739,TRUE,-32.18799999999999,both,NA
CH-Rtb,2014,GRA,ICOS,-669.343,0.97266,7.78169,66.52250000000004,66.976,TRUE,-645.03,0.955936,7.28279,84.9985,85.3097,TRUE,-24.312999999999988,both,NA
CH-Rtb,2015,GRA,ICOS,-517.544,0.959361,6.5787,17.313500000000005,18.5214,TRUE,-479.277,0.942295,6.40628,80.3825,80.6374,TRUE,-38.266999999999996,both,NA
CH-Rtb,2016,GRA,ICOS,-459.975,0.934028,9.07215,63.36150000000001,64.0076,TRUE,-564.822,0.963115,8.99497,56.365999999999985,57.0789,TRUE,104.84699999999998,both,NA
CH-Rtb,2017,GRA,ICOS,-590.05,0.950571,9.36453,72.40100000000001,73.0043,TRUE,-593.588,0.965183,9.5554,33.07549999999998,34.4283,TRUE,3.538000000000011,both,NA
CH-Rtb,2018,GRA,ICOS,-251.756,0.919406,8.78796,143.363,143.632,TRUE,-419.483,0.966495,8.82789,86.557,87.0063,TRUE,167.727,both,NA
CH-Rtb,2019,GRA,ICOS,-476.632,0.926199,7.86026,130.46100000000004,130.698,TRUE,-622.892,0.957934,8.0545,116.41550000000004,116.694,TRUE,146.26000000000005,both,NA
CH-Rtb,2020,GRA,ICOS,-530.432,0.816598,9.08562,130.5365,130.852,TRUE,-640.361,0.88092,8.66703,54.8965,55.5767,TRUE,109.92899999999997,both,NA
CH-Rtb,2021,GRA,ICOS,-301.126,0.882477,6.97805,113.90600000000002,114.119,TRUE,-437.29,0.916381,6.84209,90.65899999999999,90.9165,TRUE,136.16400000000004,both,NA
CH-Rtb,2022,GRA,ICOS,-510.782,0.952568,8.42381,105.24450000000002,105.581,TRUE,-521.691,0.965126,8.11973,105.20200000000003,105.515,TRUE,10.909000000000049,both,NA
CH-Tnk,2024,CRO,ICOS,-267.377,0.960838,5.21119,9.926500000000004,11.2114,TRUE,NA,NA,NA,NA,NA,FALSE,NA,VUT_only,NA
CL-ACF,2018,ENF,AmeriFlux,NA,NA,NA,NA,NA,FALSE,NA,NA,NA,NA,NA,FALSE,NA,neither,no_value
CL-ACF,2019,ENF,AmeriFlux,201.391,0.626084,12.0013,97.13155,97.8703,TRUE,211.402,0.626826,11.982,103.3591,104.051,TRUE,-10.010999999999996,both,NA
CL-ACF,2020,ENF,AmeriFlux,265.496,0.571892,9.96438,68.22909999999999,68.9528,TRUE,224.98,0.589253,9.90288,77.2841,77.9158,TRUE,40.51599999999999,both,NA
CL-SDF,2014,EBF,AmeriFlux,-419.044,0.521119,10.9834,37.61099999999999,39.1819,TRUE,-415.891,0.517523,10.9439,58.92749999999998,59.9348,TRUE,-3.152999999999963,both,NA
CL-SDF,2015,EBF,AmeriFlux,NA,NA,NA,NA,NA,FALSE,NA,NA,NA,NA,NA,FALSE,NA,neither,no_value
CL-SDF,2016,EBF,AmeriFlux,NA,NA,NA,NA,NA,FALSE,NA,NA,NA,NA,NA,FALSE,NA,neither,no_value
CL-SDF,2017,EBF,AmeriFlux,NA,NA,NA,NA,NA,FALSE,NA,NA,NA,NA,NA,FALSE,NA,neither,no_value
CL-SDF,2018,EBF,AmeriFlux,-172.478,0.936758,6.02764,57.640499999999996,57.955,TRUE,-134.027,0.930651,5.99545,51.862500000000004,52.2079,TRUE,-38.45100000000002,both,NA
CL-SDF,2019,EBF,AmeriFlux,-191.817,0.923744,5.74543,62.18349999999998,62.4484,TRUE,-177.443,0.916895,5.62823,38.26649999999999,38.678,TRUE,-14.373999999999995,both,NA
CL-SDF,2020,EBF,AmeriFlux,-19.2829,0.76497,7.48001,78.1026,78.46,TRUE,-32.2482,0.764003,8.41201,46.44615,47.2018,TRUE,12.965299999999996,both,NA
CL-SDF,2021,EBF,AmeriFlux,NA,NA,NA,NA,NA,FALSE,NA,NA,NA,NA,NA,FALSE,NA,neither,no_value
CL-SDP,2014,WET,AmeriFlux,NA,NA,NA,NA,NA,FALSE,NA,NA,NA,NA,NA,FALSE,NA,neither,no_value
CL-SDP,2015,WET,AmeriFlux,199.583,0.691381,2.53792,2.8205000000000098,3.79425,TRUE,198.351,0.692237,2.54037,2.6700000000000017,3.68548,TRUE,1.2319999999999993,both,NA
CL-SDP,2016,WET,AmeriFlux,115.612,0.80436,2.72354,5.383499999999998,6.03328,TRUE,115.473,0.822291,2.70269,5.848500000000001,6.4431,TRUE,0.1389999999999958,both,NA
CL-SDP,2017,WET,AmeriFlux,67.3135,0.793208,2.5911,7.3670500000000025,7.80945,TRUE,67.0463,0.793322,2.59458,8.316100000000002,8.71145,TRUE,0.26720000000000255,both,NA
CL-SDP,2018,WET,AmeriFlux,97.8241,0.918151,2.38976,2.647599999999997,3.56663,TRUE,97.4378,0.918094,2.38826,3.3285999999999945,4.09676,TRUE,0.38630000000000564,both,NA
CL-SDP,2019,WET,AmeriFlux,40.9867,0.752454,2.36862,7.300100000000002,7.67477,TRUE,45.2596,0.749658,2.38822,5.163050000000002,5.68865,TRUE,-4.2729,both,NA
CL-SDP,2020,WET,AmeriFlux,-2.80559,0.836179,2.429,6.775825,7.19805,TRUE,-0.924856,0.834358,2.43335,6.662735,7.09318,TRUE,-1.880734,both,NA
CL-SDP,2021,WET,AmeriFlux,145.843,0.699429,2.52988,10.009,10.3236,TRUE,149.413,0.695491,2.57343,7.775000000000006,8.19002,TRUE,-3.5700000000000216,both,NA
CN-Aro,2013,GRA,ICOS,NA,NA,NA,NA,NA,FALSE,NA,NA,NA,NA,NA,FALSE,NA,neither,no_value
CN-Aro,2014,GRA,ICOS,-108.342,0.8754,6.83663,58.1564,58.5568,TRUE,-131.068,0.892979,6.8144,45.8765,46.3797,TRUE,22.726000000000013,both,NA
CN-Aro,2015,GRA,ICOS,-88.1789,0.856849,9.39165,46.323550000000004,47.2659,TRUE,-87.6724,0.856279,9.42548,63.479150000000004,64.175,TRUE,-0.5065000000000026,both,NA
CN-Aro,2016,GRA,ICOS,-215.801,0.940175,9.59634,23.7055,25.574,TRUE,-217.016,0.943192,9.85135,35.532499999999985,36.8728,TRUE,1.2150000000000034,both,NA
CN-Aro,2017,GRA,ICOS,-208.778,0.958904,7.73538,36.260000000000005,37.0762,TRUE,-198.437,0.955822,7.67485,49.489999999999995,50.0818,TRUE,-10.34099999999998,both,NA
CN-Aro,2018,GRA,ICOS,-221.777,0.883733,11.2903,18.974000000000004,22.0788,TRUE,-186.778,0.865811,10.6092,25.082499999999996,27.2339,TRUE,-34.998999999999995,both,NA
CN-Aro,2019,GRA,ICOS,-485.953,0.947374,7.70568,5.956999999999994,9.73962,TRUE,-471.843,0.902169,7.5261,21.810000000000002,23.072,TRUE,-14.109999999999957,both,NA
CN-Aro,2020,GRA,ICOS,-484.022,0.868852,8.27178,6.302999999999997,10.3996,TRUE,-470.648,0.821778,7.52421,10.085499999999996,12.5827,TRUE,-13.373999999999967,both,NA
CN-Aro,2021,GRA,ICOS,-466.326,0.989098,10.0861,6.858000000000004,12.1969,TRUE,-460.709,0.963413,9.20243,8.96550000000002,12.8478,TRUE,-5.617000000000019,both,NA
CN-Aro,2022,GRA,ICOS,-422.007,0.969121,10.9394,5.562999999999988,12.2727,TRUE,-414.921,0.910502,9.87214,16.45750000000001,19.1917,TRUE,-7.086000000000013,both,NA
CN-Aro,2023,GRA,ICOS,-485.385,0.888927,9.38555,23.979000000000013,25.7504,TRUE,-483.426,0.834018,8.9099,7.620499999999993,11.7244,TRUE,-1.9590000000000032,both,NA
CN-Aro,2024,GRA,ICOS,-562.392,0.980476,12.778,11.634999999999991,17.2816,TRUE,-571.58,0.963798,12.9393,8.755999999999972,15.6235,TRUE,9.187999999999988,both,NA
CN-Ash,2009,EBF,ICOS,-1472.51,0.996062,19.8305,67.09500000000003,69.9622,TRUE,-1541.9,0.99532,19.215,88.91499999999996,90.9683,TRUE,69.3900000000001,both,NA
CN-Ash,2010,EBF,ICOS,-1712.03,0.998573,22.7669,70.33000000000004,73.9239,TRUE,-1786.49,0.997945,20.9821,117.8900000000001,119.747,TRUE,74.46000000000004,both,NA
CN-Ash,2011,EBF,ICOS,-1863.35,0.997603,21.7221,72.1049999999999,75.3053,TRUE,-1894.14,0.996461,20.3464,104.78000000000009,106.737,TRUE,30.79000000000019,both,NA
CN-Ash,2012,EBF,ICOS,-1390.52,0.998918,18.0648,55.289999999999964,58.1695,TRUE,-1454.08,0.998406,17.2892,96.58000000000004,98.1176,TRUE,63.559999999999945,both,NA
CN-Ash,2013,EBF,ICOS,-1373.68,0.916381,18.1471,69.48500000000001,71.8156,TRUE,-1377.01,0.915297,18.1419,90.43000000000006,92.2282,TRUE,3.3299999999999272,both,NA
CN-Ash,2014,EBF,ICOS,-1337.8,0.994749,16.2793,62.069999999999936,64.1673,TRUE,-1339.91,0.994578,16.262,64.32499999999993,66.3517,TRUE,2.1100000000001273,both,NA
CN-Ash,2015,EBF,ICOS,-947.498,0.95782,16.368,47.962500000000034,50.6803,TRUE,-968.61,0.958333,17.4264,51.0095,53.9027,TRUE,21.111999999999966,both,NA
CN-Ash,2016,EBF,ICOS,-1199.93,0.996015,16.8326,104.85000000000002,106.189,TRUE,-1205.59,0.995674,16.3275,108.82499999999993,110.045,TRUE,5.6599999999998545,both,NA
CN-Ash,2017,EBF,ICOS,-1121.11,0.932192,17.1691,56.27499999999998,58.8362,TRUE,-1117.1,0.932192,16.758,63.82999999999993,65.9928,TRUE,-4.009999999999991,both,NA
CN-Ash,2018,EBF,ICOS,-1157.79,0.929281,14.8375,77.625,79.0316,TRUE,-1124.41,0.932934,14.9179,69.90999999999997,71.4835,TRUE,-33.37999999999988,both,NA
CN-Ash,2019,EBF,ICOS,-1773.45,0.915068,16.6436,49.93500000000006,52.6357,TRUE,-1697.73,0.923744,17.4744,53.33999999999992,56.128,TRUE,-75.72000000000003,both,NA
CN-BeO,2012,MF,ICOS,28.5312,0.904884,7.71593,8.9195,11.7938,TRUE,18.0699,0.893386,7.5534,8.66,11.4913,TRUE,10.461299999999998,both,NA
CN-BeO,2013,MF,ICOS,-28.2106,0.938642,7.26622,53.41525,53.9072,TRUE,32.2945,0.925171,6.91389,65.8771,66.2389,TRUE,-60.5051,both,NA
CN-BeO,2014,MF,ICOS,7.16836,0.887614,6.62032,25.7014,26.5403,TRUE,15.1041,0.87363,6.50031,15.89415,17.172,TRUE,-7.935740000000001,both,NA
CN-BeO,2015,MF,ICOS,-72.3744,0.897774,6.63637,10.911700000000003,12.7713,TRUE,-72.7819,0.88516,6.57508,12.868400000000001,14.4508,TRUE,0.40749999999999886,both,NA
CN-BeO,2016,MF,ICOS,22.6344,0.899249,7.36855,52.248000000000005,52.765,TRUE,28.0127,0.897598,7.42349,60.013149999999996,60.4705,TRUE,-5.378299999999999,both,NA
CN-BeO,2017,MF,ICOS,-129.51,0.895034,7.24649,88.745875,89.0411,TRUE,-141.58,0.899543,7.36688,58.4811,58.9433,TRUE,12.070000000000022,both,NA
CN-BeO,2018,MF,ICOS,4.18159,0.906849,7.10395,59.02285,59.4486,TRUE,-23.8029,0.913699,7.12286,57.762049999999995,58.1998,TRUE,27.98449,both,NA
CN-BeO,2019,MF,ICOS,-95.1065,0.929452,7.47423,39.84045,40.5353,TRUE,-100.592,0.929224,7.48857,43.15239999999999,43.7976,TRUE,5.485500000000002,both,NA
CN-BeO,2020,MF,ICOS,-239.879,0.832252,7.76484,21.462500000000006,22.8238,TRUE,-227.718,0.827641,7.37983,23.1515,24.2992,TRUE,-12.161000000000001,both,NA
CN-DaW,2011,WET,ICOS,NA,NA,NA,NA,NA,FALSE,-242.141,0.972945,7.17358,7.881500000000003,10.6573,TRUE,NA,CUT_only,NA
CN-DaW,2012,WET,ICOS,NA,NA,NA,NA,NA,FALSE,NA,NA,NA,NA,NA,FALSE,NA,neither,no_value
CN-DaW,2013,WET,ICOS,NA,NA,NA,NA,NA,FALSE,NA,NA,NA,NA,NA,FALSE,NA,neither,no_value
CN-DaW,2014,WET,ICOS,NA,NA,NA,NA,NA,FALSE,NA,NA,NA,NA,NA,FALSE,NA,neither,no_value
CN-DaW,2015,WET,ICOS,NA,NA,NA,NA,NA,FALSE,NA,NA,NA,NA,NA,FALSE,NA,neither,no_value
CN-DaW,2016,WET,ICOS,NA,NA,NA,NA,NA,FALSE,-100.005,0.590278,4.56792,16.786250000000003,17.3967,TRUE,NA,CUT_only,NA
CN-DaW,2017,WET,ICOS,NA,NA,NA,NA,NA,FALSE,-108.228,0.711416,7.0337,14.496499999999997,16.1126,TRUE,NA,CUT_only,NA
CN-DaW,2018,WET,ICOS,NA,NA,NA,NA,NA,FALSE,-72.8592,0.924201,7.26756,17.490899999999996,18.9407,TRUE,NA,CUT_only,NA
CN-DaW,2019,WET,ICOS,NA,NA,NA,NA,NA,FALSE,NA,NA,NA,NA,NA,FALSE,NA,neither,no_value
CN-Dan,2011,GRA,ICOS,NA,NA,NA,NA,NA,FALSE,70.8566,0.848345,8.40262,36.9691,37.912,TRUE,NA,CUT_only,NA
CN-Dan,2012,GRA,ICOS,NA,NA,NA,NA,NA,FALSE,NA,NA,NA,NA,NA,FALSE,NA,neither,no_value
CN-Dan,2013,GRA,ICOS,NA,NA,NA,NA,NA,FALSE,NA,NA,NA,NA,NA,FALSE,NA,neither,no_value
CN-Dan,2014,GRA,ICOS,NA,NA,NA,NA,NA,FALSE,NA,NA,NA,NA,NA,FALSE,NA,neither,no_value
CN-Dan,2015,GRA,ICOS,NA,NA,NA,NA,NA,FALSE,NA,NA,NA,NA,NA,FALSE,NA,neither,no_value
CN-Dan,2016,GRA,ICOS,NA,NA,NA,NA,NA,FALSE,-204.421,0.923953,4.33004,29.251500000000007,29.5699,TRUE,NA,CUT_only,NA
CN-Dan,2017,GRA,ICOS,NA,NA,NA,NA,NA,FALSE,-201.119,0.94492,6.71758,61.31649999999999,61.6831,TRUE,NA,CUT_only,NA
CN-Dan,2018,GRA,ICOS,NA,NA,NA,NA,NA,FALSE,-186.313,0.684247,8.34212,38.11999999999999,39.022,TRUE,NA,CUT_only,NA
CN-Dan,2019,GRA,ICOS,NA,NA,NA,NA,NA,FALSE,-300.34,0.896861,7.09782,39.59899999999999,40.2303,TRUE,NA,CUT_only,NA
CN-Dan,2020,GRA,ICOS,NA,NA,NA,NA,NA,FALSE,-299.941,0.906535,7.78697,37.879999999999995,38.6723,TRUE,NA,CUT_only,NA
CN-Dda,2011,GRA,ICOS,-130.437,0.903253,1.57949,2.2179999999999964,2.7229,TRUE,-129.889,0.890297,1.55285,2.0975000000000037,2.60997,TRUE,-0.5480000000000018,both,NA
CN-Dda,2012,GRA,ICOS,-144.005,0.777038,2.17943,2.0420000000000016,2.98688,TRUE,-143.174,0.775102,2.0989,2.010000000000005,2.90608,TRUE,-0.8309999999999889,both,NA
CN-Dda,2013,GRA,ICOS,NA,NA,NA,NA,NA,FALSE,NA,NA,NA,NA,NA,FALSE,NA,neither,no_value
CN-Dda,2014,GRA,ICOS,-67.4646,0.994635,1.75395,0.9812500000000028,2.00977,TRUE,-68.0989,0.991381,1.69138,0.9769500000000022,1.95324,TRUE,0.6342999999999961,both,NA
CN-Din,2010,EBF,ICOS,NA,NA,NA,NA,NA,FALSE,-548.492,0.971404,13.5548,44.66300000000001,46.6747,TRUE,NA,CUT_only,NA
CN-Din,2011,EBF,ICOS,NA,NA,NA,NA,NA,FALSE,-684.461,0.984532,11.9473,77.83550000000002,78.7472,TRUE,NA,CUT_only,NA
CN-Din,2012,EBF,ICOS,NA,NA,NA,NA,NA,FALSE,-633.15,0.829292,12.539,28.903500000000008,31.5061,TRUE,NA,CUT_only,NA
CN-Din,2013,EBF,ICOS,NA,NA,NA,NA,NA,FALSE,122.245,0.848288,10.971,28.00925000000001,30.0813,TRUE,NA,CUT_only,NA
CN-Din,2014,EBF,ICOS,NA,NA,NA,NA,NA,FALSE,-314.368,0.75274,11.5869,131.16899999999998,131.68,TRUE,NA,CUT_only,NA
CN-Din,2015,EBF,ICOS,NA,NA,NA,NA,NA,FALSE,-716.792,0.7129,13.0957,81.87299999999999,82.9137,TRUE,NA,CUT_only,NA
CN-Din,2016,EBF,ICOS,NA,NA,NA,NA,NA,FALSE,NA,NA,NA,NA,NA,FALSE,NA,neither,no_value
CN-Din,2017,EBF,ICOS,NA,NA,NA,NA,NA,FALSE,NA,NA,NA,NA,NA,FALSE,NA,neither,no_value
CN-Din,2018,EBF,ICOS,NA,NA,NA,NA,NA,FALSE,NA,NA,NA,NA,NA,FALSE,NA,neither,no_value
CN-Din,2019,EBF,ICOS,NA,NA,NA,NA,NA,FALSE,-1083.22,0.964783,12.7673,51.604999999999905,53.1618,TRUE,NA,CUT_only,NA
CN-Din,2020,EBF,ICOS,NA,NA,NA,NA,NA,FALSE,-1198.66,0.910064,11.845,116.13399999999996,116.738,TRUE,NA,CUT_only,NA
CN-Dmn,2012,CRO,ICOS,NA,NA,NA,NA,NA,FALSE,NA,NA,NA,NA,NA,FALSE,NA,neither,no_value
CN-Dmn,2013,CRO,ICOS,-566.032,0.935616,6.07034,46.46800000000002,46.8631,TRUE,-595.363,0.940753,6.1634,63.172000000000025,63.4721,TRUE,29.331000000000017,both,NA
CN-Dmn,2014,CRO,ICOS,-719.642,0.8996,5.8152,29.994000000000028,30.5524,TRUE,-710.372,0.918721,5.89398,43.835500000000025,44.2301,TRUE,-9.270000000000095,both,NA
CN-Dmn,2015,CRO,ICOS,-701.963,0.935902,7.01036,36.877999999999986,37.5384,TRUE,-697.62,0.951199,6.74544,20.16149999999999,21.2603,TRUE,-4.342999999999961,both,NA
CN-Dmn,2016,CRO,ICOS,-556.123,0.868283,6.78409,33.42650000000003,34.1077,TRUE,-556.395,0.871414,6.74312,50.83349999999996,51.2789,TRUE,0.2719999999999345,both,NA
CN-Dmn,2017,CRO,ICOS,-649.824,0.921176,7.03866,41.80000000000001,42.3888,TRUE,-651.23,0.919292,6.97057,59.6225,60.0284,TRUE,1.4060000000000628,both,NA
CN-Dmn,2018,CRO,ICOS,-807.275,0.907763,8.80696,5.373499999999979,10.3168,TRUE,-807.754,0.88516,7.71952,19.002999999999986,20.511,TRUE,0.47900000000004184,both,NA
CN-Dmn,2019,CRO,ICOS,-739.563,0.928938,7.10778,59.730999999999995,60.1528,TRUE,-731.841,0.921918,6.92077,46.11999999999995,46.6365,TRUE,-7.72199999999998,both,NA
CN-Dmn,2020,CRO,ICOS,-622.75,0.961578,8.17881,69.03999999999996,69.5224,TRUE,-610.284,0.953267,7.71693,63.322,63.7903,TRUE,-12.466000000000008,both,NA
CN-Dmn,2021,CRO,ICOS,-622.488,0.851769,9.26807,13.942000000000007,16.7414,TRUE,-626.382,0.845091,9.10637,14.472499999999968,17.0988,TRUE,3.8939999999998918,both,NA
CN-Dmn,2022,CRO,ICOS,-728.806,0.864441,11.9533,17.95550000000003,21.5703,TRUE,-725.228,0.836701,10.881,21.882000000000005,24.4377,TRUE,-3.5780000000000882,both,NA
CN-Dmn,2023,CRO,ICOS,-496.321,0.834532,9.40366,22.394000000000005,24.2883,TRUE,-529.198,0.841381,9.40344,20.843999999999994,22.8672,TRUE,32.87699999999995,both,NA
CN-Dmn,2024,CRO,ICOS,-572.978,0.893158,6.94453,22.1635,23.226,TRUE,-611.565,0.956341,8.73104,17.700500000000034,19.7369,TRUE,38.5870000000001,both,NA
CN-Dsh,2013,GRA,ICOS,NA,NA,NA,NA,NA,FALSE,NA,NA,NA,NA,NA,FALSE,NA,neither,no_value
CN-Dsh,2014,GRA,ICOS,-332.55,0.857192,4.61088,6.337999999999994,7.8377,TRUE,-330.683,0.854623,4.60414,9.480000000000018,10.539,TRUE,-1.8670000000000186,both,NA
CN-Dsh,2015,GRA,ICOS,NA,NA,NA,NA,NA,FALSE,NA,NA,NA,NA,NA,FALSE,NA,neither,no_value
CN-Dsh,2016,GRA,ICOS,-261.334,0.822006,2.54374,3.2184999999999775,4.10228,TRUE,-257.495,0.83191,2.55745,3.650500000000008,4.4572,TRUE,-3.8389999999999986,both,NA
CN-Dsh,2017,GRA,ICOS,NA,NA,NA,NA,NA,FALSE,NA,NA,NA,NA,NA,FALSE,NA,neither,no_value
CN-Dsh,2018,GRA,ICOS,-277.618,0.790639,6.82437,12.157499999999999,13.9419,TRUE,-273.455,0.790183,6.80835,10.794000000000011,12.7618,TRUE,-4.163000000000011,both,NA
CN-Dsh,2019,GRA,ICOS,-222.597,0.626199,4.93075,13.521499999999989,14.3924,TRUE,-209.769,0.624372,5.41245,18.998999999999995,19.755,TRUE,-12.828000000000003,both,NA
CN-Dsh,2020,GRA,ICOS,-315.489,0.788878,5.31438,8.24799999999999,9.81205,TRUE,-332.728,0.776241,5.06126,12.12700000000001,13.1409,TRUE,17.239000000000033,both,NA
CN-Dsh,2021,GRA,ICOS,-281.15,0.864441,3.82128,11.292500000000018,11.9216,TRUE,-279.105,0.852511,2.9543,9.318000000000012,9.77472,TRUE,-2.044999999999959,both,NA
CN-Dsh,2022,GRA,ICOS,NA,NA,NA,NA,NA,FALSE,NA,NA,NA,NA,NA,FALSE,NA,neither,no_value
CN-Dsh,2023,GRA,ICOS,NA,NA,NA,NA,NA,FALSE,NA,NA,NA,NA,NA,FALSE,NA,neither,no_value
CN-Dsh,2024,GRA,ICOS,NA,NA,NA,NA,NA,FALSE,NA,NA,NA,NA,NA,FALSE,NA,neither,no_value
CN-Du2,2011,GRA,ICOS,NA,NA,NA,NA,NA,FALSE,NA,NA,NA,NA,NA,FALSE,NA,neither,no_value
CN-Du2,2012,GRA,ICOS,NA,NA,NA,NA,NA,FALSE,NA,NA,NA,NA,NA,FALSE,NA,neither,no_value
CN-Du2,2013,GRA,ICOS,-126.862,0.844007,3.63006,16.4328,16.8292,TRUE,-113.805,0.863756,4.59185,11.6325,12.5064,TRUE,-13.056999999999988,both,NA
CN-Du2,2014,GRA,ICOS,-105.47,0.867523,3.25506,30.030199999999994,30.2062,TRUE,-81.2858,0.889897,4.06178,25.445749999999997,25.7681,TRUE,-24.184200000000004,both,NA
CN-Du2,2015,GRA,ICOS,-46.4249,0.971518,4.54354,5.17135,6.88377,TRUE,-49.439,0.98145,4.88384,6.405649999999998,8.05509,TRUE,3.014099999999999,both,NA
CN-Du2,2016,GRA,ICOS,-118.824,0.987876,5.2947,8.796,10.2666,TRUE,-117.277,0.990779,5.50406,12.0028,13.2045,TRUE,-1.546999999999997,both,NA
CN-Du2,2017,GRA,ICOS,NA,NA,NA,NA,NA,FALSE,NA,NA,NA,NA,NA,FALSE,NA,neither,no_value
CN-Du2,2018,GRA,ICOS,-47.0551,0.961473,4.21346,10.449850000000001,11.2673,TRUE,-40.6629,0.96484,4.40547,11.16405,12.0018,TRUE,-6.3922000000000025,both,NA
CN-Du2,2019,GRA,ICOS,-130.541,0.836416,4.32988,7.742000000000004,8.8707,TRUE,-130.307,0.840183,4.80081,9.857500000000002,10.9646,TRUE,-0.23400000000000887,both,NA
CN-Dzo,2010,EBF,ICOS,-1296.5,0.988299,14.5378,19.059999999999945,23.9706,TRUE,-1292.31,0.987215,14.2029,12.210000000000036,18.7306,TRUE,-4.190000000000055,both,NA
CN-Dzo,2011,EBF,ICOS,NA,NA,NA,NA,NA,FALSE,NA,NA,NA,NA,NA,FALSE,NA,neither,no_value
CN-Dzo,2012,EBF,ICOS,NA,NA,NA,NA,NA,FALSE,NA,NA,NA,NA,NA,FALSE,NA,neither,no_value
CN-Dzo,2013,EBF,ICOS,-834.411,0.929737,12.0897,34.52600000000001,36.5816,TRUE,-844.944,0.928767,12.1385,49.208500000000015,50.6837,TRUE,10.533000000000015,both,NA
CN-Dzo,2014,EBF,ICOS,-669.878,0.964098,10.4936,42.54849999999999,43.8237,TRUE,-680.165,0.965011,10.7071,43.39300000000003,44.6945,TRUE,10.28699999999992,both,NA
CN-Dzo,2015,EBF,ICOS,-825.024,0.933733,16.4594,38.192999999999984,41.5886,TRUE,-802.389,0.934817,16.1922,30.608499999999992,34.6276,TRUE,-22.63499999999999,both,NA
CN-Dzo,2016,EBF,ICOS,-819.825,0.897769,10.7244,62.30499999999995,63.2214,TRUE,-803.282,0.906819,10.638,36.00350000000003,37.5421,TRUE,-16.543000000000006,both,NA
CN-Dzo,2017,EBF,ICOS,NA,NA,NA,NA,NA,FALSE,NA,NA,NA,NA,NA,FALSE,NA,neither,no_value
CN-Dzo,2018,EBF,ICOS,-783.149,0.794178,14.5617,35.98299999999995,38.8177,TRUE,-777.172,0.794064,14.586,34.490999999999985,37.4486,TRUE,-5.9769999999999754,both,NA
CN-Dzo,2019,EBF,ICOS,-1110.01,0.873687,19.4097,25.379999999999995,31.9504,TRUE,-1108.56,0.870034,19.7006,28.225000000000023,34.4228,TRUE,-1.4500000000000455,both,NA
CN-Dzo,2020,EBF,ICOS,-1136.9,0.981216,16.3062,58.65000000000009,60.8739,TRUE,-1134.24,0.981671,16.2365,57.239999999999895,59.4981,TRUE,-2.660000000000082,both,NA
CN-Erg,2016,GRA,ICOS,NA,NA,NA,NA,NA,FALSE,NA,NA,NA,NA,NA,FALSE,NA,neither,no_value
CN-Erg,2017,GRA,ICOS,NA,NA,NA,NA,NA,FALSE,NA,NA,NA,NA,NA,FALSE,NA,neither,no_value
CN-Erg,2018,GRA,ICOS,-65.2203,0.96387,7.67566,9.559849999999997,12.26,TRUE,-66.736,0.959418,7.54796,7.4916500000000035,10.6347,TRUE,1.5157000000000096,both,NA
CN-Erg,2019,GRA,ICOS,-26.878,0.966153,6.84341,13.84715,15.4459,TRUE,-30.2682,0.963927,6.77764,12.98765,14.6498,TRUE,3.3902,both,NA
CN-GuT,2015,GRA,ICOS,-208.467,0.591438,4.20641,29.564999999999998,29.863,TRUE,-202.977,0.583333,4.14102,29.90599999999999,30.1915,TRUE,-5.490000000000009,both,NA
CN-GuT,2016,GRA,ICOS,-149.824,0.959586,7.60354,6.216999999999999,9.8214,TRUE,-149.287,0.955487,6.99281,6.200000000000003,9.34544,TRUE,-0.5370000000000061,both,NA
CN-GuT,2017,GRA,ICOS,-167.734,0.801027,5.76154,14.442000000000007,15.549,TRUE,-166.072,0.797831,5.2976,5.055500000000009,7.32258,TRUE,-1.6620000000000061,both,NA
CN-Ha2,2011,OSH,ICOS,-299.174,0.940411,7.36807,5.638999999999982,9.27843,TRUE,-373.662,0.865525,7.18004,9.230000000000018,11.6937,TRUE,74.488,both,NA
CN-Ha2,2012,OSH,ICOS,-286.01,0.971311,7.24711,4.625500000000017,8.59742,TRUE,-449.117,0.896516,4.85008,12.802999999999997,13.6905,TRUE,163.10700000000003,both,NA
CN-Ha2,2013,OSH,ICOS,-248.277,0.682877,5.76813,9.689499999999995,11.2762,TRUE,-236.84,0.60879,5.8663,14.084000000000003,15.2568,TRUE,-11.436999999999983,both,NA
CN-Ha2,2014,OSH,ICOS,-277.322,0.79024,4.57207,9.287000000000006,10.3516,TRUE,-285.581,0.721975,3.49756,9.171999999999997,9.81624,TRUE,8.259000000000015,both,NA
CN-Ha2,2015,OSH,ICOS,NA,NA,NA,NA,NA,FALSE,NA,NA,NA,NA,NA,FALSE,NA,neither,no_value
CN-Ha2,2016,OSH,ICOS,-273.4,0.464026,7.12399,21.100499999999982,22.2705,FALSE,-371.773,0.396744,3.73687,34.71000000000001,34.9108,FALSE,98.37300000000005,neither,fails_qc
CN-Ha2,2017,OSH,ICOS,NA,NA,NA,NA,NA,FALSE,NA,NA,NA,NA,NA,FALSE,NA,neither,no_value
CN-Ha2,2018,OSH,ICOS,-227.033,0.77637,11.1079,19.754999999999995,22.664,TRUE,-193.674,0.725514,10.4542,8.663499999999999,13.5774,TRUE,-33.35899999999998,both,NA
CN-Ha2,2019,OSH,ICOS,-316.903,0.421176,14.7226,20.43100000000001,25.1833,FALSE,-312.813,0.341895,15.0682,16.398500000000013,22.2702,FALSE,-4.090000000000032,neither,fails_qc
CN-HaM,2001,GRA,ICOS,NA,NA,NA,NA,NA,FALSE,NA,NA,NA,NA,NA,FALSE,NA,neither,no_value
CN-HaM,2002,GRA,ICOS,-14.8404,0.950742,4.3724,12.174775,12.9361,TRUE,-3.93935,0.944749,4.24372,19.8513,20.2998,TRUE,-10.901050000000001,both,NA
CN-HaM,2003,GRA,ICOS,-83.8523,0.978311,4.57908,5.924100000000003,7.48751,TRUE,-82.7443,0.969521,4.57123,7.169250000000005,8.5026,TRUE,-1.108000000000004,both,NA
CN-HaM,2004,GRA,ICOS,-178.273,0.977174,4.79031,5.334500000000006,7.16949,TRUE,-169.781,0.969775,4.60238,5.9315,7.5078,TRUE,-8.49199999999999,both,NA
CN-HaM,2005,GRA,ICOS,-566.736,0.982306,6.26467,3.0994999999999777,6.98956,TRUE,-565.155,0.981221,6.24191,3.371500000000026,7.09427,TRUE,-1.5810000000000173,both,NA
CN-HaM,2006,GRA,ICOS,-575.626,0.724715,7.71214,6.692000000000007,10.211,TRUE,-576.134,0.724715,7.71459,4.381500000000017,8.87201,TRUE,0.5080000000000382,both,NA
CN-HaM,2007,GRA,ICOS,NA,NA,NA,NA,NA,FALSE,NA,NA,NA,NA,NA,FALSE,NA,neither,no_value
CN-HaM,2008,GRA,ICOS,-104.917,0.845059,5.40627,10.35935,11.6852,TRUE,-93.4741,0.843124,5.32384,10.539500000000004,11.8076,TRUE,-11.442899999999995,both,NA
CN-HaM,2009,GRA,ICOS,NA,NA,NA,NA,NA,FALSE,NA,NA,NA,NA,NA,FALSE,NA,neither,no_value
CN-HaM,2010,GRA,ICOS,NA,NA,NA,NA,NA,FALSE,NA,NA,NA,NA,NA,FALSE,NA,neither,no_value
CN-HaM,2011,GRA,ICOS,NA,NA,NA,NA,NA,FALSE,NA,NA,NA,NA,NA,FALSE,NA,neither,no_value
CN-HaM,2012,GRA,ICOS,-178.211,0.491633,7.37196,20.396500000000003,21.688,FALSE,-165.203,0.486339,7.03764,15.329499999999996,16.8677,FALSE,-13.00800000000001,neither,fails_qc
CN-HaM,2013,GRA,ICOS,-216.821,0.571518,6.44249,25.84750000000001,26.6383,TRUE,-214.559,0.570263,6.00657,20.183000000000007,21.0578,TRUE,-2.2620000000000005,both,NA
CN-HaM,2014,GRA,ICOS,NA,NA,NA,NA,NA,FALSE,NA,NA,NA,NA,NA,FALSE,NA,neither,no_value
CN-HaW,2011,WET,ICOS,NA,NA,NA,NA,NA,FALSE,NA,NA,NA,NA,NA,FALSE,NA,neither,no_value
CN-HaW,2012,WET,ICOS,-378.08,0.923042,14.3688,26.14100000000002,29.8301,TRUE,-362.803,0.925034,14.219,32.414000000000016,35.3958,TRUE,-15.276999999999987,both,NA
CN-HaW,2013,WET,ICOS,NA,NA,NA,NA,NA,FALSE,NA,NA,NA,NA,NA,FALSE,NA,neither,no_value
CN-HaW,2014,WET,ICOS,NA,NA,NA,NA,NA,FALSE,NA,NA,NA,NA,NA,FALSE,NA,neither,no_value
CN-HaW,2015,WET,ICOS,NA,NA,NA,NA,NA,FALSE,NA,NA,NA,NA,NA,FALSE,NA,neither,no_value
CN-HaW,2016,WET,ICOS,NA,NA,NA,NA,NA,FALSE,NA,NA,NA,NA,NA,FALSE,NA,neither,no_value
CN-HaW,2017,WET,ICOS,NA,NA,NA,NA,NA,FALSE,NA,NA,NA,NA,NA,FALSE,NA,neither,no_value
CN-HaW,2018,WET,ICOS,NA,NA,NA,NA,NA,FALSE,NA,NA,NA,NA,NA,FALSE,NA,neither,no_value
CN-HeD,2019,BSV,ICOS,NA,NA,NA,NA,NA,FALSE,NA,NA,NA,NA,NA,FALSE,NA,neither,no_value
CN-HeD,2020,BSV,ICOS,18.0627,0.988957,0.639689,3.8752999999999993,3.92773,TRUE,16.926,0.987022,0.591049,3.6207000000000003,3.66861,TRUE,1.1367000000000012,both,NA
CN-HeD,2021,BSV,ICOS,NA,NA,NA,NA,NA,FALSE,NA,NA,NA,NA,NA,FALSE,NA,neither,no_value
CN-HeD,2022,BSV,ICOS,11.0659,0.895034,0.780336,2.5076350000000005,2.62625,TRUE,12.0836,0.896918,0.834135,3.171145,3.27902,TRUE,-1.0177000000000014,both,NA
CN-HeD,2023,BSV,ICOS,16.8924,0.994749,0.903833,3.7295499999999997,3.83751,TRUE,17.4338,0.99492,0.912154,3.6734500000000008,3.78503,TRUE,-0.541400000000003,both,NA
CN-HeD,2024,BSV,ICOS,NA,NA,NA,NA,NA,FALSE,NA,NA,NA,NA,NA,FALSE,NA,neither,no_value
CN-HeM,2013,DBF,ICOS,NA,NA,NA,NA,NA,FALSE,NA,NA,NA,NA,NA,FALSE,NA,neither,no_value
CN-HeM,2014,DBF,ICOS,-366.959,0.875514,3.51966,17.14500000000001,17.5022,TRUE,-363.248,0.865183,3.43781,19.864000000000004,20.1594,TRUE,-3.7110000000000127,both,NA
CN-HeM,2015,DBF,ICOS,-314.222,0.844349,3.93127,45.3595,45.5294,TRUE,-326.297,0.85411,3.83163,38.926500000000004,39.1145,TRUE,12.075000000000045,both,NA
CN-HeM,2016,DBF,ICOS,NA,NA,NA,NA,NA,FALSE,NA,NA,NA,NA,NA,FALSE,NA,neither,no_value
CN-HeM,2017,DBF,ICOS,-106.759,0.655308,3.39147,37.169650000000004,37.3242,TRUE,-118.044,0.663128,3.6045,36.758500000000005,36.935,TRUE,11.284999999999997,both,NA
CN-HeM,2018,DBF,ICOS,-365.973,0.866381,5.41085,5.094499999999982,7.43185,TRUE,-365.913,0.866381,5.40876,5.579999999999984,7.77119,TRUE,-0.060000000000002274,both,NA
CN-HeM,2019,DBF,ICOS,-540.021,0.871861,4.62226,9.90500000000003,10.9305,TRUE,-536.054,0.841153,4.8188,10.570499999999981,11.6172,TRUE,-3.9669999999999845,both,NA
CN-HeM,2020,DBF,ICOS,NA,NA,NA,NA,NA,FALSE,NA,NA,NA,NA,NA,FALSE,NA,neither,no_value
CN-HeM,2021,DBF,ICOS,NA,NA,NA,NA,NA,FALSE,NA,NA,NA,NA,NA,FALSE,NA,neither,no_value
CN-HeM,2022,DBF,ICOS,NA,NA,NA,NA,NA,FALSE,NA,NA,NA,NA,NA,FALSE,NA,neither,no_value
CN-HeM,2023,DBF,ICOS,-453.724,0.768436,4.09453,37.48849999999999,37.7117,TRUE,-433.241,0.747546,3.89381,35.155,35.37,TRUE,-20.483000000000004,both,NA
CN-HeM,2024,DBF,ICOS,-348.805,0.850353,4.67355,11.251000000000005,12.1832,TRUE,-343.531,0.853484,4.08174,11.372500000000002,12.083,TRUE,-5.274000000000001,both,NA
CN-Huz,2015,BSV,ICOS,NA,NA,NA,NA,NA,FALSE,NA,NA,NA,NA,NA,FALSE,NA,neither,no_value
CN-Huz,2016,BSV,ICOS,-263.488,0.900842,1.90199,4.25,4.65591,TRUE,-262.847,0.923896,1.862,1.4399999999999977,2.35406,TRUE,-0.6410000000000196,both,NA
CN-Huz,2017,BSV,ICOS,-298.491,0.912785,2.7751,3.4505000000000052,4.42775,TRUE,-303.055,0.930879,2.80256,3.113500000000016,4.18889,TRUE,4.564000000000021,both,NA
CN-Huz,2018,BSV,ICOS,-175.918,0.730194,1.55267,8.710499999999996,8.84765,TRUE,-172.936,0.720947,1.55431,7.489999999999995,7.64977,TRUE,-2.9819999999999993,both,NA
CN-Huz,2019,BSV,ICOS,-212.23,0.921518,2.0381,1.8299999999999983,2.73913,TRUE,-207.996,0.896404,2.03939,2.870999999999995,3.52159,TRUE,-4.2339999999999804,both,NA
CN-Huz,2020,BSV,ICOS,-216.531,0.917464,2.30843,0.9855000000000018,2.51002,TRUE,-217.481,0.898452,2.32452,1.8384999999999962,2.96346,TRUE,0.9499999999999886,both,NA
CN-Huz,2021,BSV,ICOS,-239.795,0.858276,2.8994,3.5999999999999943,4.62256,TRUE,-235.609,0.842295,2.94356,3.891999999999996,4.87989,TRUE,-4.185999999999979,both,NA
CN-Huz,2022,BSV,ICOS,-166.609,0.775571,2.98501,3.2565000000000026,4.41772,TRUE,-160.96,0.768322,3.01006,4.659499999999994,5.5473,TRUE,-5.649000000000001,both,NA
CN-Huz,2023,BSV,ICOS,-175.835,0.928196,3.01654,2.3375000000000057,3.81601,TRUE,-178.367,0.933676,3.00204,2.370500000000007,3.82502,TRUE,2.5319999999999823,both,NA
CN-Huz,2024,BSV,ICOS,NA,NA,NA,NA,NA,FALSE,NA,NA,NA,NA,NA,FALSE,NA,neither,no_value
CN-Jng,2018,GRA,ICOS,NA,NA,NA,NA,NA,FALSE,NA,NA,NA,NA,NA,FALSE,NA,neither,no_value
CN-Jng,2019,GRA,ICOS,NA,NA,NA,NA,NA,FALSE,NA,NA,NA,NA,NA,FALSE,NA,neither,no_value
CN-Jng,2020,GRA,ICOS,NA,NA,NA,NA,NA,FALSE,NA,NA,NA,NA,NA,FALSE,NA,neither,no_value
CN-Jng,2021,GRA,ICOS,-64.5117,0.810845,9.72874,6.9773,11.9721,TRUE,-69.1444,0.828025,9.54593,4.996950000000002,10.7747,TRUE,4.6327,both,NA
CN-Jng,2022,GRA,ICOS,-167.163,0.901826,4.46805,12.928000000000011,13.6782,TRUE,-168.925,0.918893,4.70327,11.254500000000007,12.1977,TRUE,1.7620000000000005,both,NA
CN-Jng,2023,GRA,ICOS,-237.111,0.886758,3.88137,6.233000000000004,7.34251,TRUE,-244.139,0.913927,3.84743,8.781499999999994,9.58711,TRUE,7.02800000000002,both,NA
CN-Jng,2024,GRA,ICOS,330.205,0.698486,6.89767,18.43349999999998,19.6818,TRUE,317.262,0.711635,6.56362,17.080000000000013,18.2981,TRUE,12.942999999999984,both,NA
CN-Jzh,2011,CRO,ICOS,-359.883,0.944521,10.0076,20.129500000000007,22.4801,TRUE,-359.252,0.948002,10.008,20.125499999999988,22.4769,TRUE,-0.6309999999999718,both,NA
CN-Jzh,2012,CRO,ICOS,-578.833,0.93232,11.4909,38.890499999999975,40.5527,TRUE,-578.066,0.934312,11.5864,36.956999999999994,38.7306,TRUE,-0.7669999999999391,both,NA
CN-Jzh,2013,CRO,ICOS,-479.222,0.960845,9.80655,35.13550000000001,36.4786,TRUE,-487.031,0.955479,9.77977,32.91300000000001,34.335,TRUE,7.809000000000026,both,NA
CN-Jzh,2014,CRO,ICOS,-434.206,0.903311,6.395,41.34300000000002,41.8344,TRUE,-451.873,0.907363,6.48624,38.3425,38.8869,TRUE,17.666999999999973,both,NA
CN-Jzh,2015,CRO,ICOS,NA,NA,NA,NA,NA,FALSE,NA,NA,NA,NA,NA,FALSE,NA,neither,no_value
CN-Jzh,2016,CRO,ICOS,-862.977,0.810451,8.15689,18.14949999999999,19.8985,TRUE,-862.363,0.807263,8.07175,42.063499999999976,42.8308,TRUE,-0.613999999999919,both,NA
CN-Lch,2008,CRO,ICOS,NA,NA,NA,NA,NA,FALSE,NA,NA,NA,NA,NA,FALSE,NA,neither,no_value
CN-Lch,2009,CRO,ICOS,NA,NA,NA,NA,NA,FALSE,NA,NA,NA,NA,NA,FALSE,NA,neither,no_value
CN-Lch,2010,CRO,ICOS,NA,NA,NA,NA,NA,FALSE,NA,NA,NA,NA,NA,FALSE,NA,neither,no_value
CN-Lch,2011,CRO,ICOS,-711.284,0.932135,9.03221,32.14100000000002,33.386,TRUE,-688.433,0.936073,9.03686,36.00200000000001,37.1188,TRUE,-22.851,both,NA
CN-Lch,2012,CRO,ICOS,-487.532,0.866803,8.81604,85.15599999999998,85.611,TRUE,-479.943,0.871755,8.91184,80.88949999999997,81.3791,TRUE,-7.588999999999999,both,NA
CN-Lch,2013,CRO,ICOS,-604.607,0.784874,9.7681,15.636500000000012,18.4365,TRUE,-600.621,0.790753,9.78896,17.452499999999986,20.0105,TRUE,-3.98599999999999,both,NA
CN-Lch,2014,CRO,ICOS,NA,NA,NA,NA,NA,FALSE,NA,NA,NA,NA,NA,FALSE,NA,neither,no_value
CN-Lch,2015,CRO,ICOS,-769.399,0.724258,23.8323,29.648000000000025,38.0389,TRUE,-786.893,0.726256,23.6422,23.815499999999986,33.5576,TRUE,17.494000000000028,both,NA
CN-Lch,2016,CRO,ICOS,-1026.88,0.922643,12.5956,123.35500000000002,123.996,TRUE,-1004.68,0.935792,14.5011,94.94999999999999,96.0519,TRUE,-22.20000000000016,both,NA
CN-Lch,2017,CRO,ICOS,-586.267,0.958162,10.861,57.41950000000003,58.4374,TRUE,-565.408,0.953082,10.3096,58.30799999999999,59.2126,TRUE,-20.859000000000037,both,NA
CN-Lch,2018,CRO,ICOS,NA,NA,NA,NA,NA,FALSE,NA,NA,NA,NA,NA,FALSE,NA,neither,no_value
CN-Lch,2019,CRO,ICOS,-721.979,0.901884,9.0305,100.60149999999999,101.006,TRUE,-786.804,0.913014,9.37318,99.2235,99.6653,TRUE,64.82499999999993,both,NA
CN-Lch,2020,CRO,ICOS,-706.67,0.903176,11.2561,131.82549999999998,132.305,TRUE,-820.257,0.923554,10.8775,105.40099999999995,105.961,TRUE,113.58699999999999,both,NA
CN-Lsh,2002,DNF,ICOS,NA,NA,NA,NA,NA,FALSE,NA,NA,NA,NA,NA,FALSE,NA,neither,no_value
CN-Lsh,2003,DNF,ICOS,99.83,0.701313,6.78522,65.3697,65.721,TRUE,96.4614,0.676655,6.86492,17.392899999999997,18.6988,TRUE,3.3686000000000007,both,NA
CN-Lsh,2004,DNF,ICOS,192.66,0.84893,7.62107,40.34400000000001,41.0576,TRUE,226.007,0.835439,8.43733,43.628,44.4363,TRUE,-33.34700000000001,both,NA
CN-Lsh,2005,DNF,ICOS,234.542,0.881107,6.12275,20.086,20.9985,TRUE,221.024,0.876941,5.97787,59.895999999999994,60.194,TRUE,13.518,both,NA
CN-Lsh,2006,DNF,ICOS,18.4125,0.887386,5.69794,42.3105,42.6924,TRUE,-8.05342,0.881963,5.3944,52.833349999999996,53.108,TRUE,26.46592,both,NA
CN-Mxn,2015,MF,ICOS,-1204.07,0.865868,20.316,8.94500000000005,22.1994,TRUE,-1199.56,0.866039,20.2855,8.260000000000105,21.9024,TRUE,-4.509999999999991,both,NA
CN-Mxn,2016,MF,ICOS,NA,NA,NA,NA,NA,FALSE,NA,NA,NA,NA,NA,FALSE,NA,neither,no_value
CN-Mxn,2017,MF,ICOS,NA,NA,NA,NA,NA,FALSE,NA,NA,NA,NA,NA,FALSE,NA,neither,no_value
CN-Mxn,2018,MF,ICOS,NA,NA,NA,NA,NA,FALSE,NA,NA,NA,NA,NA,FALSE,NA,neither,no_value
CN-Mxn,2019,MF,ICOS,NA,NA,NA,NA,NA,FALSE,NA,NA,NA,NA,NA,FALSE,NA,neither,no_value
CN-Nmn,2015,CRO,ICOS,-501.95,0.961758,5.26081,14.934499999999986,15.8339,TRUE,-500.064,0.960388,5.18289,19.942999999999984,20.6055,TRUE,-1.8859999999999673,both,NA
CN-Nmn,2016,CRO,ICOS,-400.646,0.818021,6.32441,19.63149999999999,20.625,TRUE,-407.218,0.814037,6.24135,20.17750000000001,21.1204,TRUE,6.572000000000003,both,NA
CN-Nmn,2017,CRO,ICOS,-351.082,0.785559,8.80206,10.275999999999982,13.5307,TRUE,-346.922,0.775457,8.76781,9.492500000000007,12.9223,TRUE,-4.159999999999968,both,NA
CN-Nmn,2018,CRO,ICOS,-359.646,0.888299,6.67684,24.628000000000014,25.5169,TRUE,-359.213,0.888071,6.66371,17.668000000000006,18.8831,TRUE,-0.4329999999999927,both,NA
CN-Nmn,2019,CRO,ICOS,-475.325,0.964783,6.76639,23.738499999999988,24.684,TRUE,-481.865,0.966267,6.77659,15.9495,17.3294,TRUE,6.5400000000000205,both,NA
CN-Qng,2022,DNF,ICOS,NA,NA,NA,NA,NA,FALSE,NA,NA,NA,NA,NA,FALSE,NA,neither,no_value
CN-Qng,2023,DNF,ICOS,NA,NA,NA,NA,NA,FALSE,NA,NA,NA,NA,NA,FALSE,NA,neither,no_value
CN-Qng,2024,DNF,ICOS,NA,NA,NA,NA,NA,FALSE,NA,NA,NA,NA,NA,FALSE,NA,neither,no_value
CN-Sb1,2020,DNF,ICOS,NA,NA,NA,NA,NA,FALSE,NA,NA,NA,NA,NA,FALSE,NA,neither,no_value
CN-Sb1,2021,DNF,ICOS,-1707.56,0.915753,10.9967,15.235000000000014,18.7866,TRUE,-1706.1,0.926199,10.8131,14.360000000000014,17.9748,TRUE,-1.4600000000000364,both,NA
CN-Sb1,2022,DNF,ICOS,-1902.76,0.917922,10.1378,8.975000000000023,13.5406,TRUE,-1907.82,0.926256,10.2181,9.434999999999945,13.9084,TRUE,5.059999999999945,both,NA
CN-Sb1,2023,DNF,ICOS,-1830.12,0.934646,9.18449,14.180000000000064,16.8922,TRUE,-1828.96,0.935845,9.19546,19.204999999999927,21.2916,TRUE,-1.1599999999998545,both,NA
CN-Sb1,2024,DNF,ICOS,-1829.56,0.917577,10.7774,33.65000000000009,35.3358,TRUE,-1835.96,0.917179,10.7396,80.04500000000007,80.7646,TRUE,6.400000000000091,both,NA
CN-Sb2,2020,ENF,ICOS,NA,NA,NA,NA,NA,FALSE,NA,NA,NA,NA,NA,FALSE,NA,neither,no_value
CN-Sb2,2021,ENF,ICOS,-1139.51,0.925,8.10845,46.835000000000036,47.5313,TRUE,-1142.68,0.922317,8.15293,58.72000000000003,59.2834,TRUE,3.1700000000000728,both,NA
CN-Sb2,2022,ENF,ICOS,-1214.72,0.933219,8.82835,46.78499999999997,47.6086,TRUE,-1222.55,0.93105,8.80653,51.875,52.6217,TRUE,7.829999999999927,both,NA
CN-Sb2,2023,ENF,ICOS,-1313.5,0.925514,8.32609,18.95500000000004,20.7042,TRUE,-1316.53,0.926712,8.23684,17.69500000000005,19.5189,TRUE,3.0299999999999727,both,NA
CN-Sb2,2024,ENF,ICOS,-1300.08,0.867942,10.0453,11.884999999999991,15.5623,TRUE,-1300.39,0.867942,10.0449,11.135000000000105,14.9958,TRUE,0.3100000000001728,both,NA
CN-Sdq,2013,OSH,ICOS,NA,NA,NA,NA,NA,FALSE,NA,NA,NA,NA,NA,FALSE,NA,neither,no_value
CN-Sdq,2014,OSH,ICOS,-124.398,0.892808,2.14649,18.339500000000008,18.4649,TRUE,-127.141,0.894463,2.14633,7.995499999999993,8.27827,TRUE,2.743000000000009,both,NA
CN-Sdq,2015,OSH,ICOS,-185.696,0.907363,2.17151,25.4315,25.5241,TRUE,-185.967,0.906792,2.16747,10.638000000000005,10.8565,TRUE,0.271000000000015,both,NA
CN-Sdq,2016,OSH,ICOS,NA,NA,NA,NA,NA,FALSE,NA,NA,NA,NA,NA,FALSE,NA,neither,no_value
CN-Sdq,2017,OSH,ICOS,-229.41,0.881963,2.6366,9.138000000000005,9.51067,TRUE,-230.226,0.87637,2.64432,9.340999999999994,9.70797,TRUE,0.8160000000000025,both,NA
CN-Sdq,2018,OSH,ICOS,-66.9044,0.834703,3.27696,6.348849999999999,7.1447,TRUE,-65.7537,0.836473,3.32707,9.2107,9.79318,TRUE,-1.1507000000000005,both,NA
CN-Sdq,2019,OSH,ICOS,-205.19,0.601084,2.14811,6.4979999999999905,6.84396,TRUE,-204.543,0.603881,2.14832,7.230499999999992,7.54304,TRUE,-0.6469999999999914,both,NA
CN-Sdq,2020,OSH,ICOS,-561.297,0.535804,4.2072,10.613499999999988,11.4168,TRUE,-561.079,0.535974,4.188,12.764499999999998,13.4338,TRUE,-0.21800000000007458,both,NA
CN-Sdq,2021,OSH,ICOS,-382.175,0.929737,1.98146,8.994500000000016,9.21027,TRUE,-383.091,0.925799,1.96934,9.310000000000002,9.51623,TRUE,0.9159999999999968,both,NA
CN-Sdq,2022,OSH,ICOS,-319.075,0.909247,2.21753,10.117500000000007,10.3574,TRUE,-324.636,0.903368,2.20141,10.948999999999984,11.1681,TRUE,5.5610000000000355,both,NA
CN-Sdq,2023,OSH,ICOS,-327.151,0.75468,2.40975,3.853499999999997,4.54498,TRUE,-319.48,0.745091,2.34048,5.243000000000023,5.74193,TRUE,-7.670999999999992,both,NA
CN-Sdq,2024,OSH,ICOS,-334.854,0.932206,2.84662,4.885499999999979,5.65438,TRUE,-342.023,0.922928,2.88057,6.699999999999989,7.29288,TRUE,7.16900000000004,both,NA
CN-SnB,2021,WET,ICOS,NA,NA,NA,NA,NA,FALSE,NA,NA,NA,NA,NA,FALSE,NA,neither,no_value
CN-Wnb,2021,BSV,ICOS,13.7206,0.918721,1.29038,5.544995,5.69315,TRUE,NA,NA,NA,NA,NA,FALSE,NA,VUT_only,NA
CN-Xi2,2011,GRA,ICOS,NA,NA,NA,NA,NA,FALSE,NA,NA,NA,NA,NA,FALSE,NA,neither,no_value
CN-Xi2,2012,GRA,ICOS,NA,NA,NA,NA,NA,FALSE,NA,NA,NA,NA,NA,FALSE,NA,neither,no_value
CN-Xi2,2013,GRA,ICOS,-235.182,0.8496,4.95812,9.5685,10.7765,TRUE,-282.208,0.835502,5.70785,20.98699999999998,21.7492,TRUE,47.02600000000004,both,NA
CN-Xi2,2014,GRA,ICOS,NA,NA,NA,NA,NA,FALSE,NA,NA,NA,NA,NA,FALSE,NA,neither,no_value
CN-Xi2,2015,GRA,ICOS,NA,NA,NA,NA,NA,FALSE,NA,NA,NA,NA,NA,FALSE,NA,neither,no_value
CN-Xi2,2016,GRA,ICOS,NA,NA,NA,NA,NA,FALSE,NA,NA,NA,NA,NA,FALSE,NA,neither,no_value
CN-Xi2,2017,GRA,ICOS,NA,NA,NA,NA,NA,FALSE,NA,NA,NA,NA,NA,FALSE,NA,neither,no_value
CN-Xi2,2018,GRA,ICOS,NA,NA,NA,NA,NA,FALSE,NA,NA,NA,NA,NA,FALSE,NA,neither,no_value
CN-Xi2,2019,GRA,ICOS,NA,NA,NA,NA,NA,FALSE,NA,NA,NA,NA,NA,FALSE,NA,neither,no_value
CN-Xi2,2020,GRA,ICOS,-62.0296,0.967156,15.5521,21.554799999999997,26.5796,TRUE,-70.1645,0.97763,22.4933,18.60315,29.1894,TRUE,8.134900000000002,both,NA
CN-YaS,2011,OSH,ICOS,NA,NA,NA,NA,NA,FALSE,NA,NA,NA,NA,NA,FALSE,NA,neither,no_value
CN-YaS,2012,OSH,ICOS,-48.1258,0.972735,3.38965,3.3557999999999986,4.7698,TRUE,-53.0747,0.975751,3.39912,3.443999999999999,4.83893,TRUE,4.948900000000002,both,NA
CN-YaS,2013,OSH,ICOS,6.29395,0.953596,2.77268,2.4857200000000006,3.72378,TRUE,4.70284,0.957306,2.82627,2.401825,3.70898,TRUE,1.5911099999999996,both,NA
CN-YaS,2014,OSH,ICOS,54.356,0.971233,2.34339,2.078949999999999,3.13263,TRUE,53.4984,0.973858,2.3524,2.33315,3.31322,TRUE,0.857600000000005,both,NA
CN-YaS,2015,OSH,ICOS,-29.0111,0.945148,3.14716,2.5435,4.04648,TRUE,-28.8714,0.946461,3.16486,2.812899999999999,4.23423,TRUE,-0.13969999999999771,both,NA
CN-YaS,2016,OSH,ICOS,-74.1045,0.896459,2.06038,1.2224000000000004,2.39571,TRUE,-74.0835,0.896573,2.05808,1.3817999999999984,2.4789,TRUE,-0.021000000000000796,both,NA
CN-YaS,2017,OSH,ICOS,-9.94448,0.968493,2.71686,3.3864300000000003,4.34157,TRUE,-9.19746,0.968094,2.70988,4.17352,4.97612,TRUE,-0.7470200000000009,both,NA
CN-YaS,2018,OSH,ICOS,24.5036,0.971575,2.57327,1.795300000000001,3.13763,TRUE,24.2833,0.972317,2.60373,2.276950000000001,3.45888,TRUE,0.22029999999999816,both,NA
CN-YaS,2019,OSH,ICOS,15.1562,0.961187,2.23955,4.586525,5.1041,TRUE,15.1899,0.960217,2.22804,2.95775,3.70304,TRUE,-0.03369999999999962,both,NA
CN-YaS,2020,OSH,ICOS,121.745,0.716758,2.92921,15.170000000000002,15.4505,TRUE,129.273,0.701446,2.97768,4.795999999999992,5.64529,TRUE,-7.527999999999992,both,NA
CN-Yan,2016,OSH,ICOS,-252.992,0.849898,3.44975,5.8799999999999955,6.81728,TRUE,-253.184,0.84967,3.44848,5.78149999999998,6.73181,TRUE,0.19200000000000728,both,NA
CN-Yan,2017,OSH,ICOS,NA,NA,NA,NA,NA,FALSE,NA,NA,NA,NA,NA,FALSE,NA,neither,no_value
CN-Yan,2018,OSH,ICOS,NA,NA,NA,NA,NA,FALSE,NA,NA,NA,NA,NA,FALSE,NA,neither,no_value
CN-You,2015,GRA,ICOS,NA,NA,NA,NA,NA,FALSE,NA,NA,NA,NA,NA,FALSE,NA,neither,no_value
CN-You,2016,GRA,ICOS,-70.2682,0.896687,6.63648,2.8475499999999982,7.22159,TRUE,-70.549,0.885474,7.05008,6.75365,9.763,TRUE,0.2808000000000135,both,NA
CN-You,2017,GRA,ICOS,-174.651,0.858447,7.40054,2.5619999999999976,7.83159,TRUE,-178,0.845091,7.50691,2.451999999999998,7.89716,TRUE,3.3489999999999895,both,NA
CN-You,2018,GRA,ICOS,-106.521,0.832534,3.9649200000000002,9.247150000000005,10.0611,TRUE,-106.551,0.809532,4.37518,9.417549999999999,10.3841,TRUE,0.030000000000001137,both,NA
CN-You,2019,GRA,ICOS,-137.033,0.826769,3.82577,3.557000000000002,5.22356,TRUE,-140.941,0.786473,2.73794,6.025999999999996,6.61889,TRUE,3.9080000000000155,both,NA
CN-You,2020,GRA,ICOS,NA,NA,NA,NA,NA,FALSE,NA,NA,NA,NA,NA,FALSE,NA,neither,no_value
CN-You,2021,GRA,ICOS,NA,NA,NA,NA,NA,FALSE,NA,NA,NA,NA,NA,FALSE,NA,neither,no_value
CN-You,2022,GRA,ICOS,-236.207,0.903653,4.3607,7.391999999999996,8.58245,TRUE,-232.963,0.887842,3.60614,7.169499999999999,8.02552,TRUE,-3.2439999999999998,both,NA
CN-You,2023,GRA,ICOS,-124.482,0.767466,2.57942,4.247,4.96884,TRUE,-127.094,0.754053,2.91771,3.271499999999996,4.38351,TRUE,2.6119999999999948,both,NA
CN-You,2024,GRA,ICOS,NA,NA,NA,NA,NA,FALSE,NA,NA,NA,NA,NA,FALSE,NA,neither,no_value
CN-Yuc,2011,CRO,ICOS,-539.913,0.896404,9.91043,18.430499999999995,20.9261,TRUE,-540.108,0.896461,9.91038,23.800999999999988,25.7819,TRUE,0.19499999999993634,both,NA
CN-Yuc,2012,CRO,ICOS,-572.887,0.944331,9.97167,31.709000000000003,33.2399,TRUE,-572.91,0.945298,9.69224,26.126000000000033,27.8658,TRUE,0.023000000000024556,both,NA
CN-Yuc,2013,CRO,ICOS,-562.419,0.886701,7.33521,7.411999999999978,10.4281,TRUE,-562.169,0.875799,6.87532,9.990000000000009,12.1272,TRUE,-0.25,both,NA
CN-Yuc,2014,CRO,ICOS,NA,NA,NA,NA,NA,FALSE,NA,NA,NA,NA,NA,FALSE,NA,neither,no_value
CN-Yuc,2015,CRO,ICOS,NA,NA,NA,NA,NA,FALSE,NA,NA,NA,NA,NA,FALSE,NA,neither,no_value
CN-Yuc,2016,CRO,ICOS,NA,NA,NA,NA,NA,FALSE,NA,NA,NA,NA,NA,FALSE,NA,neither,no_value
CN-Yuc,2017,CRO,ICOS,-438.715,0.851313,8.21462,30.553500000000014,31.6385,TRUE,-449.336,0.849543,8.22719,28.153999999999996,29.331,TRUE,10.621000000000038,both,NA
CN-Yuc,2018,CRO,ICOS,-460.326,0.792409,8.49813,38.95949999999999,39.8759,TRUE,-459.793,0.792865,8.49797,30.42750000000001,31.5918,TRUE,-0.5330000000000155,both,NA
CN-Yuc,2019,CRO,ICOS,NA,NA,NA,NA,NA,FALSE,NA,NA,NA,NA,NA,FALSE,NA,neither,no_value
CN-Yuc,2020,CRO,ICOS,NA,NA,NA,NA,NA,FALSE,NA,NA,NA,NA,NA,FALSE,NA,neither,no_value
CN-Zha,2012,WET,ICOS,NA,NA,NA,NA,NA,FALSE,NA,NA,NA,NA,NA,FALSE,NA,neither,no_value
CN-Zha,2013,WET,ICOS,-545.067,0.871518,4.09291,4.335499999999968,5.96235,TRUE,-544.229,0.843607,3.70178,15.668499999999995,16.0998,TRUE,-0.8379999999999654,both,NA
CN-Zha,2014,WET,ICOS,-595.114,0.955194,4.16628,8.16149999999999,9.16303,TRUE,-578.539,0.946119,3.87756,15.09499999999997,15.5851,TRUE,-16.575000000000045,both,NA
CN-Zha,2015,WET,ICOS,NA,NA,NA,NA,NA,FALSE,NA,NA,NA,NA,NA,FALSE,NA,neither,no_value
CN-Zha,2016,WET,ICOS,NA,NA,NA,NA,NA,FALSE,NA,NA,NA,NA,NA,FALSE,NA,neither,no_value
CN-Zha,2017,WET,ICOS,-449.11,0.955594,4.54786,104.15,104.249,TRUE,-452.248,0.959874,4.53547,96.46749999999997,96.5739,TRUE,3.137999999999977,both,NA
CN-Zha,2018,WET,ICOS,-773.205,0.815925,6.36209,40.94399999999996,41.4352,TRUE,-805.71,0.871804,6.29634,47.327499999999986,47.7444,TRUE,32.504999999999995,both,NA
CN-Zha,2019,WET,ICOS,-604.47,0.875514,5.26503,78.43200000000002,78.6081,TRUE,-635.833,0.898002,5.69174,72.77999999999997,73.0018,TRUE,31.362999999999943,both,NA
CN-Zha,2020,WET,ICOS,-863.638,0.982354,6.95591,29.977000000000032,30.7736,TRUE,-835.55,0.969148,6.1637,27.401999999999987,28.0867,TRUE,-28.08800000000008,both,NA
CN-Zha,2021,WET,ICOS,-821.183,0.984817,5.77508,13.69599999999997,14.8639,TRUE,-812.334,0.961758,5.07854,15.865499999999997,16.6585,TRUE,-8.849000000000046,both,NA
CN-Zha,2022,WET,ICOS,-628.754,0.96758,6.3552,74.9495,75.2189,TRUE,-647.708,0.975799,6.31622,70.83250000000004,71.1138,TRUE,18.95399999999995,both,NA
CN-Zha,2023,WET,ICOS,-573.859,0.888813,5.37115,28.437000000000012,28.9399,TRUE,-550.115,0.955708,5.85583,26.418000000000006,27.0591,TRUE,-23.744000000000028,both,NA
CN-Zha,2024,WET,ICOS,-544.52,0.902379,6.73011,70.85849999999999,71.1774,TRUE,-591.803,0.95025,6.55269,62.88900000000001,63.2294,TRUE,47.283000000000015,both,NA
CR-AqC,2009,EBF,ICOS,NA,NA,NA,NA,NA,FALSE,NA,NA,NA,NA,NA,FALSE,NA,neither,no_value
CR-AqC,2010,EBF,ICOS,-943.633,0.988299,10.8522,48.58499999999998,49.7823,TRUE,-916.123,0.985788,10.5636,76.92399999999998,77.6459,TRUE,-27.50999999999999,both,NA
CR-AqC,2011,EBF,ICOS,-1017.63,0.920434,9.43402,55.63900000000007,56.4338,TRUE,-947.19,0.919692,8.8572,99.70300000000003,100.094,TRUE,-70.43999999999994,both,NA
CR-AqC,2012,EBF,ICOS,NA,NA,NA,NA,NA,FALSE,NA,NA,NA,NA,NA,FALSE,NA,neither,no_value
CR-AqC,2013,EBF,ICOS,-694.157,0.987329,8.26741,83.80249999999995,84.2098,TRUE,-685.538,0.987272,8.12109,71.80099999999999,72.2587,TRUE,-8.619000000000028,both,NA
CR-AqC,2014,EBF,ICOS,-608.647,0.923402,9.00902,90.11899999999997,90.5681,TRUE,-641.028,0.923858,9.22321,80.09649999999999,80.6257,TRUE,32.38099999999997,both,NA
CR-AqC,2015,EBF,ICOS,NA,NA,NA,NA,NA,FALSE,NA,NA,NA,NA,NA,FALSE,NA,neither,no_value
CR-AqC,2016,EBF,ICOS,-826.82,0.956341,8.64533,39.41650000000004,40.3534,TRUE,-807.172,0.955544,8.7075,41.170000000000016,42.0806,TRUE,-19.648000000000025,both,NA
CR-Fsc,2015,CRO,AmeriFlux,-1257.72,0.867523,8.97225,71.91999999999996,72.4764,TRUE,-1331.14,0.922717,11.2595,88.245,88.961,TRUE,73.42000000000007,both,NA
CR-Fsc,2016,CRO,AmeriFlux,-658.722,0.820298,12.1934,207.00500000000002,207.364,TRUE,-603.368,0.916268,11.9652,211.0695,211.408,TRUE,-55.35399999999993,both,NA
CR-Fsc,2017,CRO,AmeriFlux,-1194.08,0.688699,13.2347,102.25999999999999,103.11,TRUE,-1217.25,0.793037,13.9983,100.79499999999996,101.763,TRUE,23.170000000000073,both,NA
CR-Fsc,2018,CRO,AmeriFlux,-1351.89,0.782877,12.9154,88.16999999999996,89.1099,TRUE,-1244.54,0.837728,13.308,91.63,92.5912,TRUE,-107.35000000000014,both,NA
CZ-BK2,2006,GRA,ICOS,NA,NA,NA,NA,NA,FALSE,NA,NA,NA,NA,NA,FALSE,NA,neither,no_value
CZ-BK2,2007,GRA,ICOS,NA,NA,NA,NA,NA,FALSE,NA,NA,NA,NA,NA,FALSE,NA,neither,no_value
CZ-BK2,2008,GRA,ICOS,NA,NA,NA,NA,NA,FALSE,NA,NA,NA,NA,NA,FALSE,NA,neither,no_value
CZ-BK2,2009,GRA,ICOS,-2.03788,0.933505,3.38558,4.61555,5.72411,TRUE,-8.37045,0.958105,3.50002,9.79943,10.4057,TRUE,6.3325700000000005,both,NA
CZ-BK2,2010,GRA,ICOS,84.2259,0.897203,2.80555,6.7194,7.28157,TRUE,76.7702,0.927169,2.97798,9.013149999999996,9.4924,TRUE,7.455699999999993,both,NA
CZ-BK2,2011,GRA,ICOS,-94.0128,0.882306,3.89356,23.14345,23.4689,TRUE,-112.24,0.941724,4.13414,29.90005,30.1846,TRUE,18.227199999999996,both,NA
CZ-BK2,2012,GRA,ICOS,141.52,0.894183,2.61652,4.204499999999996,4.95231,TRUE,146.086,0.920594,2.82137,4.237500000000011,5.09079,TRUE,-4.5660000000000025,both,NA
CZ-KrP,2014,CRO,ICOS,0.171077,0.967066,3.32404,6.6643300000000005,7.44731,TRUE,-3.04918,0.971005,3.35185,6.832885,7.61073,TRUE,3.2202569999999997,both,NA
CZ-KrP,2015,CRO,ICOS,-188.985,0.966381,3.05199,11.998499999999993,12.3804,TRUE,-190.654,0.96621,3.0133,10.988,11.394,TRUE,1.6689999999999827,both,NA
CZ-KrP,2016,CRO,ICOS,44.5946,0.982354,4.80671,4.207350000000002,6.38799,TRUE,43.1209,0.977174,4.80856,6.629300000000001,8.18964,TRUE,1.473700000000001,both,NA
CZ-KrP,2017,CRO,ICOS,-8.58333,0.972432,4.00899,7.58774,8.58171,TRUE,-10.2456,0.96855,3.94771,11.106575,11.7873,TRUE,1.6622699999999995,both,NA
CZ-KrP,2018,CRO,ICOS,-112.457,0.967751,3.64339,2.3034999999999997,4.31049,TRUE,-109.625,0.969463,3.66516,4.919499999999999,6.13455,TRUE,-2.8319999999999936,both,NA
CZ-KrP,2019,CRO,ICOS,-347.171,0.953824,8.30269,6.218999999999994,10.3735,TRUE,-347.388,0.9621,8.07286,6.615499999999997,10.4372,TRUE,0.21699999999998454,both,NA
CZ-KrP,2020,CRO,ICOS,-368.599,0.95748,6.52772,24.13549999999998,25.0025,TRUE,-360.826,0.979281,6.39658,8.113,10.3314,TRUE,-7.772999999999968,both,NA
CZ-KrP,2021,CRO,ICOS,349.893,0.955651,5.23629,19.6875,20.3721,TRUE,343.346,0.975285,5.342,12.930999999999983,13.9906,TRUE,6.546999999999969,both,NA
CZ-KrP,2022,CRO,ICOS,-115.294,0.960902,3.25495,5.068000000000005,6.02327,TRUE,-117.564,0.967922,3.24936,4.257999999999996,5.35601,TRUE,2.269999999999996,both,NA
CZ-KrP,2023,CRO,ICOS,-192.078,0.947146,3.77359,6.099999999999994,7.1729,TRUE,-193.518,0.948973,3.77768,6.45150000000001,7.47629,TRUE,1.4399999999999977,both,NA
CZ-LnG,2019,GRA,ICOS,NA,NA,NA,NA,NA,FALSE,NA,NA,NA,NA,NA,FALSE,NA,neither,no_value
CZ-LnG,2020,GRA,ICOS,134.475,0.978256,3.28113,30.377500000000005,30.5543,TRUE,142.496,0.975239,3.1363,20.093500000000006,20.3369,TRUE,-8.021000000000015,both,NA
CZ-LnG,2021,GRA,ICOS,-203.752,0.97089,5.35987,45.069,45.3865,TRUE,-201.589,0.97089,5.31537,44.323499999999996,44.6414,TRUE,-2.163000000000011,both,NA
CZ-LnG,2022,GRA,ICOS,70.1683,0.955308,3.34051,21.2928,21.5532,TRUE,70.2274,0.957705,3.39005,24.02855,24.2666,TRUE,-0.05910000000000082,both,NA
CZ-LnG,2023,GRA,ICOS,74.895,0.952626,5.76599,43.972950000000004,44.3491,TRUE,65.9339,0.952854,5.81429,57.56914999999999,57.862,TRUE,8.961100000000002,both,NA
CZ-LnG,2024,GRA,ICOS,-23.3905,0.980874,3.504,12.3040065,12.7932,TRUE,-22.2527,0.980988,3.51659,11.207719999999998,11.7465,TRUE,-1.1377999999999986,both,NA
CZ-RAJ,2012,ENF,ICOS,-465.643,0.878188,4.91229,21.389999999999986,21.9468,TRUE,-481.282,0.943818,4.87449,25.768999999999977,26.2262,TRUE,15.63900000000001,both,NA
CZ-RAJ,2013,ENF,ICOS,-475.777,0.891381,4.67081,6.626000000000005,8.10695,TRUE,-473.431,0.915411,5.30391,7.132000000000005,8.88763,TRUE,-2.3460000000000036,both,NA
CZ-RAJ,2014,ENF,ICOS,-492.217,0.832363,5.49322,34.5,34.9346,TRUE,-508.151,0.857135,5.60697,36.857999999999976,37.2821,TRUE,15.934000000000026,both,NA
CZ-RAJ,2015,ENF,ICOS,-419.432,0.927568,4.5459,2.0464999999999804,4.98545,TRUE,-418.736,0.922546,4.51915,2.862499999999983,5.34946,TRUE,-0.6960000000000264,both,NA
CZ-RAJ,2016,ENF,ICOS,-686.7,0.913593,5.14842,8.812999999999988,10.2066,TRUE,-686.613,0.900216,5.24975,15.945499999999981,16.7876,TRUE,-0.08699999999998909,both,NA
CZ-RAJ,2017,ENF,ICOS,-588.331,0.917237,4.85476,6.127499999999998,7.81735,TRUE,-587.919,0.929623,4.86855,6.0160000000000196,7.73928,TRUE,-0.41200000000003456,both,NA
CZ-RAJ,2018,ENF,ICOS,-463.639,0.930194,3.7187,4.948500000000024,6.18985,TRUE,-459.785,0.940011,3.90263,4.518000000000001,5.97004,TRUE,-3.853999999999985,both,NA
CZ-RAJ,2019,ENF,ICOS,-664.136,0.927454,4.90134,7.710999999999956,9.13701,TRUE,-656.934,0.939954,4.91763,8.529500000000041,9.84559,TRUE,-7.201999999999998,both,NA
CZ-RAJ,2020,ENF,ICOS,-361.86,0.933231,4.92835,4.663999999999987,6.78556,TRUE,-360.182,0.930897,4.92139,7.701999999999998,9.13983,TRUE,-1.6779999999999973,both,NA
CZ-RAJ,2021,ENF,ICOS,-350.157,0.907705,4.9644,36.14349999999999,36.4826,TRUE,-341.076,0.919121,4.92252,45.655,45.9194,TRUE,-9.08099999999996,both,NA
CZ-RAJ,2022,ENF,ICOS,701.008,0.916553,5.07311,7.391500000000008,8.96511,TRUE,703.359,0.936301,5.15599,13.076999999999998,14.057,TRUE,-2.350999999999999,both,NA
CZ-RAJ,2023,ENF,ICOS,615.53,0.88476,5.28123,21.331999999999994,21.9759,TRUE,603.567,0.933676,5.19991,23.36500000000001,23.9367,TRUE,11.962999999999965,both,NA
CZ-RAJ,2024,ENF,ICOS,1057.15,0.872609,5.7477,146.10799999999995,146.223,TRUE,949.254,0.929417,5.74489,86.055,86.2465,TRUE,107.89600000000007,both,NA
CZ-Stn,2010,DBF,ICOS,-102.476,0.927169,6.71544,129.5611,129.735,TRUE,-60.1035,0.92089,6.81461,127.19810000000001,127.381,TRUE,-42.3725,both,NA
CZ-Stn,2011,DBF,ICOS,-172.696,0.878482,9.57292,31.7945,33.2046,TRUE,-153.629,0.884361,9.60777,33.1105,34.4761,TRUE,-19.067000000000007,both,NA
CZ-Stn,2012,DBF,ICOS,-247.86,0.892873,5.35052,41.86500000000001,42.2056,TRUE,-248.969,0.911658,5.51684,39.24850000000001,39.6343,TRUE,1.1089999999999804,both,NA
CZ-Stn,2013,DBF,ICOS,-89.7821,0.864155,6.37816,53.58895,53.9671,TRUE,-83.3983,0.869178,6.19937,33.10365,33.6789,TRUE,-6.383799999999994,both,NA
CZ-Stn,2014,DBF,ICOS,-287.515,0.911187,6.35469,55.176500000000004,55.541,TRUE,-269.339,0.894121,6.4332,55.12649999999999,55.5008,TRUE,-18.175999999999988,both,NA
CZ-Stn,2015,DBF,ICOS,-279.217,0.938984,7.40018,43.51049999999999,44.1353,TRUE,-230.944,0.917237,7.091,51.516000000000005,52.0017,TRUE,-48.272999999999996,both,NA
CZ-Stn,2016,DBF,ICOS,-280.281,0.933629,6.16032,63.31399999999999,63.6131,TRUE,-242.242,0.915528,5.94202,86.13450000000002,86.339,TRUE,-38.039000000000016,both,NA
CZ-Stn,2017,DBF,ICOS,-338.121,0.927911,6.47536,31.760999999999996,32.4141,TRUE,-329.299,0.910388,6.60564,33.94900000000001,34.5859,TRUE,-8.822000000000003,both,NA
CZ-Stn,2018,DBF,ICOS,-294.256,0.916096,8.23425,79.26249999999999,79.6889,TRUE,-293.928,0.916096,8.23963,79.039,79.4673,TRUE,-0.32799999999997453,both,NA
CZ-Stn,2019,DBF,ICOS,-351.761,0.943322,6.99114,30.289000000000016,31.0854,TRUE,-350.82,0.943322,6.98269,57.84800000000001,58.268,TRUE,-0.9410000000000309,both,NA
CZ-Stn,2020,DBF,ICOS,-233.543,0.914902,7.91623,20.396,21.8782,TRUE,-226.458,0.906819,7.74652,20.31950000000002,21.7461,TRUE,-7.085000000000008,both,NA
CZ-Stn,2021,DBF,ICOS,-457.935,0.91621,6.33541,42.80850000000001,43.2747,TRUE,-438.046,0.904909,6.25299,41.25450000000001,41.7258,TRUE,-19.88900000000001,both,NA
CZ-Stn,2022,DBF,ICOS,-384.881,0.922146,6.27564,20.054000000000002,21.0131,TRUE,-374.223,0.901884,6.78854,21.488500000000016,22.5356,TRUE,-10.657999999999959,both,NA
CZ-Stn,2023,DBF,ICOS,-532.748,0.885445,6.71757,24.551999999999992,25.4542,TRUE,-511.245,0.866267,6.61746,22.3125,23.2731,TRUE,-21.503000000000043,both,NA
CZ-Stn,2024,DBF,ICOS,-584.511,0.930043,7.42125,56.410499999999985,56.8967,TRUE,-542.165,0.891337,7.15508,52.20400000000001,52.6922,TRUE,-42.346000000000004,both,NA
DE-Akm,2009,WET,ICOS,NA,NA,NA,NA,NA,FALSE,NA,NA,NA,NA,NA,FALSE,NA,neither,no_value
DE-Akm,2010,WET,ICOS,NA,NA,NA,NA,NA,FALSE,NA,NA,NA,NA,NA,FALSE,NA,neither,no_value
DE-Akm,2011,WET,ICOS,NA,NA,NA,NA,NA,FALSE,NA,NA,NA,NA,NA,FALSE,NA,neither,no_value
DE-Akm,2012,WET,ICOS,NA,NA,NA,NA,NA,FALSE,NA,NA,NA,NA,NA,FALSE,NA,neither,no_value
DE-Akm,2013,WET,ICOS,-59.4566,0.986758,6.89959,17.754345,19.0479,TRUE,-168.591,0.993265,7.77287,39.792699999999996,40.5447,TRUE,109.1344,both,NA
DE-Akm,2014,WET,ICOS,NA,NA,NA,NA,NA,FALSE,NA,NA,NA,NA,NA,FALSE,NA,neither,no_value
DE-Akm,2015,WET,ICOS,NA,NA,NA,NA,NA,FALSE,NA,NA,NA,NA,NA,FALSE,NA,neither,no_value
DE-Akm,2016,WET,ICOS,NA,NA,NA,NA,NA,FALSE,NA,NA,NA,NA,NA,FALSE,NA,neither,no_value
DE-Akm,2017,WET,ICOS,NA,NA,NA,NA,NA,FALSE,NA,NA,NA,NA,NA,FALSE,NA,neither,no_value
DE-Akm,2018,WET,ICOS,NA,NA,NA,NA,NA,FALSE,NA,NA,NA,NA,NA,FALSE,NA,neither,no_value
DE-Akm,2019,WET,ICOS,NA,NA,NA,NA,NA,FALSE,NA,NA,NA,NA,NA,FALSE,NA,neither,no_value
DE-Akm,2020,WET,ICOS,NA,NA,NA,NA,NA,FALSE,NA,NA,NA,NA,NA,FALSE,NA,neither,no_value
DE-Akm,2021,WET,ICOS,NA,NA,NA,NA,NA,FALSE,NA,NA,NA,NA,NA,FALSE,NA,neither,no_value
DE-Akm,2022,WET,ICOS,NA,NA,NA,NA,NA,FALSE,NA,NA,NA,NA,NA,FALSE,NA,neither,no_value
DE-Akm,2023,WET,ICOS,NA,NA,NA,NA,NA,FALSE,NA,NA,NA,NA,NA,FALSE,NA,neither,no_value
DE-Akm,2024,WET,ICOS,NA,NA,NA,NA,NA,FALSE,NA,NA,NA,NA,NA,FALSE,NA,neither,no_value
DE-Etn,2024,DBF,ICOS,NA,NA,NA,NA,NA,FALSE,NA,NA,NA,NA,NA,FALSE,NA,neither,no_value
DE-Geb,2020,CRO,ICOS,NA,NA,NA,NA,NA,FALSE,NA,NA,NA,NA,NA,FALSE,NA,neither,no_value
DE-Geb,2021,CRO,ICOS,-405.596,0.926941,4.61973,13.586000000000013,14.3498,TRUE,-417.421,0.911929,4.73198,33.56800000000001,33.8999,TRUE,11.824999999999989,both,NA
DE-Geb,2022,CRO,ICOS,-255.725,0.876884,4.26555,9.869500000000002,10.7517,TRUE,-255.98,0.871861,4.27307,11.760999999999996,12.513,TRUE,0.25499999999999545,both,NA
DE-Geb,2023,CRO,ICOS,NA,NA,NA,NA,NA,FALSE,NA,NA,NA,NA,NA,FALSE,NA,neither,no_value
DE-Geb,2024,CRO,ICOS,167.807,0.777607,4.6662,44.239,44.4841,TRUE,123.405,0.799806,4.65868,37.73535,38.0221,TRUE,44.40199999999999,both,NA
DE-Hdn,2020,CRO,ICOS,NA,NA,NA,NA,NA,FALSE,NA,NA,NA,NA,NA,FALSE,NA,neither,no_value
DE-Hdn,2021,CRO,ICOS,-386.698,0.979623,6.12368,7.8245000000000005,9.93606,TRUE,-386.848,0.979623,6.12565,7.328000000000003,9.55125,TRUE,0.1500000000000341,both,NA
DE-Hdn,2022,CRO,ICOS,-311.586,0.980422,5.29968,3.0815000000000055,6.13045,TRUE,-311.58,0.980422,5.30014,3.252999999999986,6.2187,TRUE,-0.006000000000028649,both,NA
DE-Hdn,2023,CRO,ICOS,NA,NA,NA,NA,NA,FALSE,NA,NA,NA,NA,NA,FALSE,NA,neither,no_value
DE-Lkb,2009,ENF,ICOS,NA,NA,NA,NA,NA,FALSE,NA,NA,NA,NA,NA,FALSE,NA,neither,no_value
DE-Lkb,2010,ENF,ICOS,NA,NA,NA,NA,NA,FALSE,NA,NA,NA,NA,NA,FALSE,NA,neither,no_value
DE-Lkb,2011,ENF,ICOS,225.475,0.924772,2.42399,9.710499999999982,10.0087,TRUE,231.72,0.923402,2.39981,7.890000000000001,8.24695,TRUE,-6.2450000000000045,both,NA
DE-Lkb,2012,ENF,ICOS,243.821,0.801514,2.24581,6.066999999999993,6.46945,TRUE,219.606,0.826047,2.36515,5.9495000000000005,6.40203,TRUE,24.215000000000003,both,NA
DE-Lkb,2013,ENF,ICOS,NA,NA,NA,NA,NA,FALSE,NA,NA,NA,NA,NA,FALSE,NA,neither,no_value
DE-Lnf,2002,DBF,ICOS,NA,NA,NA,NA,NA,FALSE,NA,NA,NA,NA,NA,FALSE,NA,neither,no_value
DE-Lnf,2003,DBF,ICOS,NA,NA,NA,NA,NA,FALSE,-558.359,0.945605,5.17391,27.084000000000003,27.5739,TRUE,NA,CUT_only,NA
DE-Lnf,2004,DBF,ICOS,NA,NA,NA,NA,NA,FALSE,-197.581,0.965107,4.63644,18.459000000000003,19.0321,TRUE,NA,CUT_only,NA
DE-Lnf,2005,DBF,ICOS,NA,NA,NA,NA,NA,FALSE,-545.27,0.954795,4.76419,31.34899999999999,31.7089,TRUE,NA,CUT_only,NA
DE-Lnf,2006,DBF,ICOS,NA,NA,NA,NA,NA,FALSE,-488.61,0.960845,5.09775,13.841500000000025,14.7503,TRUE,NA,CUT_only,NA
DE-Lnf,2007,DBF,ICOS,NA,NA,NA,NA,NA,FALSE,NA,NA,NA,NA,NA,FALSE,NA,neither,no_value
DE-Lnf,2008,DBF,ICOS,NA,NA,NA,NA,NA,FALSE,NA,NA,NA,NA,NA,FALSE,NA,neither,no_value
DE-Lnf,2009,DBF,ICOS,NA,NA,NA,NA,NA,FALSE,NA,NA,NA,NA,NA,FALSE,NA,neither,no_value
DE-Lnf,2010,DBF,ICOS,NA,NA,NA,NA,NA,FALSE,-584.034,0.956678,5.97777,41.57299999999998,42.0003,TRUE,NA,CUT_only,NA
DE-Lnf,2011,DBF,ICOS,NA,NA,NA,NA,NA,FALSE,-368.254,0.835959,4.76159,8.469499999999982,9.71652,TRUE,NA,CUT_only,NA
DE-Lnf,2012,DBF,ICOS,NA,NA,NA,NA,NA,FALSE,-675.003,0.961122,5.72068,25.605500000000006,26.237,TRUE,NA,CUT_only,NA
DE-Lnf,2013,DBF,ICOS,NA,NA,NA,NA,NA,FALSE,-700.705,0.962386,5.64966,13.613500000000045,14.7392,TRUE,NA,CUT_only,NA
DE-Lnf,2014,DBF,ICOS,NA,NA,NA,NA,NA,FALSE,-612.181,0.945491,5.11073,20.041500000000042,20.6828,TRUE,NA,CUT_only,NA
DE-Lnf,2015,DBF,ICOS,NA,NA,NA,NA,NA,FALSE,-740.322,0.961187,5.08042,12.35250000000002,13.3566,TRUE,NA,CUT_only,NA
DE-Lnf,2016,DBF,ICOS,NA,NA,NA,NA,NA,FALSE,-527.726,0.952755,5.36484,4.047499999999957,6.72034,TRUE,NA,CUT_only,NA
DE-Lnf,2017,DBF,ICOS,NA,NA,NA,NA,NA,FALSE,-828.544,0.646233,6.31821,20.950500000000034,21.8827,TRUE,NA,CUT_only,NA
DE-Lnf,2018,DBF,ICOS,NA,NA,NA,NA,NA,FALSE,-682.106,0.579852,7.12224,57.12450000000001,57.5669,TRUE,NA,CUT_only,NA
DE-Lnf,2019,DBF,ICOS,NA,NA,NA,NA,NA,FALSE,-685.122,0.98476,NA,18.204499999999996,NA,TRUE,NA,CUT_only,NA
DE-Lnf,2020,DBF,ICOS,NA,NA,NA,NA,NA,FALSE,-887.978,0.966132,9.2251,21.353499999999997,23.2607,TRUE,NA,CUT_only,NA
DE-Lnf,2021,DBF,ICOS,NA,NA,NA,NA,NA,FALSE,-868.101,0.924829,5.81355,20.94500000000005,21.7365,TRUE,NA,CUT_only,NA
DE-Lnf,2022,DBF,ICOS,NA,NA,NA,NA,NA,FALSE,NA,NA,NA,NA,NA,FALSE,NA,neither,no_value
DE-Lnf,2023,DBF,ICOS,NA,NA,NA,NA,NA,FALSE,NA,NA,NA,NA,NA,FALSE,NA,neither,no_value
DE-Lnf,2024,DBF,ICOS,NA,NA,NA,NA,NA,FALSE,-930.37,0.966872,5.7512,17.140499999999975,18.0796,TRUE,NA,CUT_only,NA
DE-Obe,2008,ENF,ICOS,-219.709,0.863103,5.81616,8.363500000000002,10.1871,TRUE,-211.661,0.840449,6.34859,16.4075,17.5927,TRUE,-8.048000000000002,both,NA
DE-Obe,2009,ENF,ICOS,-86.2521,0.901655,7.87261,10.863850000000006,13.4165,TRUE,-76.1269,0.87911,7.76436,6.300800000000002,9.99925,TRUE,-10.125199999999992,both,NA
DE-Obe,2010,ENF,ICOS,-247.07,0.905365,5.61733,8.673000000000002,10.3335,TRUE,-243.477,0.868094,5.47494,29.721000000000018,30.2211,TRUE,-3.5929999999999893,both,NA
DE-Obe,2011,ENF,ICOS,-313.037,0.874543,6.49281,10.97750000000002,12.754,TRUE,-318.304,0.858904,6.27779,12.903500000000008,14.3493,TRUE,5.266999999999996,both,NA
DE-Obe,2012,ENF,ICOS,-399.446,0.882855,5.75098,16.934499999999986,17.8843,TRUE,-412.428,0.876992,5.56649,22.35300000000001,23.0353,TRUE,12.981999999999971,both,NA
DE-Obe,2013,ENF,ICOS,-282.821,0.878082,5.71171,31.394499999999994,31.9097,TRUE,-291.332,0.855879,6.01623,33.761499999999984,34.2932,TRUE,8.510999999999967,both,NA
DE-Obe,2014,ENF,ICOS,-462.834,0.911815,5.44445,39.2225,39.5984,TRUE,-458.285,0.886986,5.48845,40.5625,40.932,TRUE,-4.548999999999978,both,NA
DE-Obe,2015,ENF,ICOS,-333.967,0.943436,5.46614,11.514499999999998,12.7463,TRUE,-334.651,0.923231,5.58133,19.254500000000007,20.0468,TRUE,0.6840000000000259,both,NA
DE-Obe,2016,ENF,ICOS,-275.681,0.908015,5.35089,27.349999999999994,27.8688,TRUE,-275.607,0.891906,5.29814,26.906000000000006,27.4227,TRUE,-0.07399999999995543,both,NA
DE-Obe,2017,ENF,ICOS,-236.202,0.944806,5.92753,6.743499999999997,8.97815,TRUE,-236.095,0.944806,5.92746,7.066500000000005,9.22347,TRUE,-0.10699999999999932,both,NA
DE-Obe,2018,ENF,ICOS,-164.462,0.80976,5.88156,26.087000000000003,26.7417,TRUE,-161.025,0.830765,5.50565,32.968,33.4245,TRUE,-3.4369999999999834,both,NA
DE-Obe,2019,ENF,ICOS,-34.2846,0.840982,5.83288,27.7138,28.3209,TRUE,-23.2383,0.869749,5.87437,22.9039,23.6452,TRUE,-11.046299999999999,both,NA
DE-Obe,2020,ENF,ICOS,-15.4239,0.857525,5.26899,14.540590000000002,15.4658,TRUE,-19.6099,0.903347,5.46814,24.9327,25.5253,TRUE,4.186,both,NA
DE-Obe,2021,ENF,ICOS,-197.111,0.836929,4.36451,14.004500000000007,14.6687,TRUE,-194.907,0.851712,4.62888,20.4555,20.9726,TRUE,-2.2039999999999793,both,NA
DE-Obe,2022,ENF,ICOS,-149.311,0.89629,6.08278,17.928999999999995,18.9328,TRUE,-125.43,0.927112,6.06823,13.296,14.6152,TRUE,-23.881,both,NA
DE-Obe,2023,ENF,ICOS,-215.088,0.926541,6.88012,14.516500000000008,16.064,TRUE,-195.221,0.938642,6.76851,15.477500000000006,16.8926,TRUE,-19.86699999999999,both,NA
DE-Obe,2024,ENF,ICOS,-196.016,0.923953,6.24806,25.236499999999992,25.9987,TRUE,-212.495,0.945412,6.27961,33.194,33.7827,TRUE,16.479000000000013,both,NA
DE-Rns,2021,CRO,ICOS,NA,NA,NA,NA,NA,FALSE,NA,NA,NA,NA,NA,FALSE,NA,neither,no_value
DE-Rns,2022,CRO,ICOS,-403.752,0.843436,7.13342,26.61250000000001,27.552,TRUE,-407.146,0.833904,6.99929,23.492500000000007,24.5131,TRUE,3.3940000000000055,both,NA
DE-Rns,2023,CRO,ICOS,-615.153,0.955879,7.31889,30.761500000000012,31.6199,TRUE,-616.936,0.954281,7.27284,30.70949999999999,31.5591,TRUE,1.7830000000000155,both,NA
DE-Rns,2024,CRO,ICOS,-398.881,0.965278,6.41358,26.620000000000005,27.3814,TRUE,-414.346,0.969148,6.46466,17.73599999999999,18.8775,TRUE,15.465000000000032,both,NA
DE-RuC,2013,OSH,ICOS,NA,NA,NA,NA,NA,FALSE,NA,NA,NA,NA,NA,FALSE,NA,neither,no_value
DE-RuC,2014,OSH,ICOS,515.514,0.97911,2.44585,9.640999999999991,9.94633,TRUE,500.097,0.954167,2.14773,20.16500000000002,20.279,TRUE,15.41700000000003,both,NA
DE-RuC,2015,OSH,ICOS,357.712,0.979623,2.46596,4.699999999999989,5.30771,TRUE,353.7,0.952911,2.4627,9.146500000000003,9.47208,TRUE,4.0120000000000005,both,NA
DE-RuC,2016,OSH,ICOS,259.924,0.971368,2.68153,10.586500000000001,10.9208,TRUE,245.908,0.945469,2.96035,30.7765,30.9182,TRUE,14.015999999999991,both,NA
DE-RuC,2017,OSH,ICOS,252.282,0.918779,2.49289,8.055999999999997,8.43281,TRUE,243.128,0.903253,2.34172,13.197000000000017,13.4032,TRUE,9.154000000000025,both,NA
DE-RuC,2018,OSH,ICOS,88.7538,0.89589,2.63717,17.5918,17.7884,TRUE,68.6745,0.885502,2.61316,29.0036,29.1211,TRUE,20.079300000000003,both,NA
DE-RuC,2019,OSH,ICOS,96.9801,0.873687,2.67605,5.749749999999999,6.34219,TRUE,94.293,0.86895,2.69578,10.344499999999996,10.6898,TRUE,2.6870999999999867,both,NA
DE-RuC,2020,OSH,ICOS,83.6909,0.901639,3.27386,1.829100000000004,3.75016,TRUE,84.2626,0.89515,3.26276,12.512049999999995,12.9305,TRUE,-0.571700000000007,both,NA
DE-RuC,2021,OSH,ICOS,-57.1835,0.974829,3.57567,11.100000000000005,11.6617,TRUE,-54.8293,0.980651,3.60217,10.1646,10.784,TRUE,-2.3541999999999987,both,NA
DE-RuC,2022,OSH,ICOS,-73.5275,0.93008,3.28752,14.3431,14.715,TRUE,-60.2955,0.945377,3.39596,16.132699999999996,16.4863,TRUE,-13.232000000000006,both,NA
DE-RuC,2023,OSH,ICOS,-97.7601,0.899886,3.71748,8.661200000000001,9.42527,TRUE,-91.9703,0.915582,3.79734,4.945799999999998,6.23545,TRUE,-5.7898,both,NA
DE-RuC,2024,OSH,ICOS,-23.1928,0.922587,4.33106,15.202,15.8069,TRUE,-13.7153,0.934369,4.31402,8.982115,9.96439,TRUE,-9.4775,both,NA
DE-RuM,2011,CRO,ICOS,NA,NA,NA,NA,NA,FALSE,NA,NA,NA,NA,NA,FALSE,NA,neither,no_value
DE-RuM,2012,CRO,ICOS,-478.195,0.84523,4.53426,7.916499999999985,9.123,TRUE,-469.098,0.832309,4.49116,10.895499999999998,11.7847,TRUE,-9.09699999999998,both,NA
DE-RuM,2013,CRO,ICOS,-277.726,0.928995,3.71729,5.487500000000011,6.62825,TRUE,-273.239,0.922831,3.65748,9.920000000000016,10.5725,TRUE,-4.487000000000023,both,NA
DE-RuM,2014,CRO,ICOS,NA,NA,NA,NA,NA,FALSE,NA,NA,NA,NA,NA,FALSE,NA,neither,no_value
DE-RuM,2015,CRO,ICOS,-686.934,0.950571,5.54202,6.940999999999974,8.88216,TRUE,-683.735,0.946233,5.5461,6.88250000000005,8.83883,TRUE,-3.1989999999999554,both,NA
DE-RuM,2016,CRO,ICOS,-199.475,0.937614,3.08932,3.75,4.8587,TRUE,-199.809,0.94638,3.16067,2.541499999999999,4.05562,TRUE,0.3340000000000032,both,NA
DE-RuM,2017,CRO,ICOS,-597.497,0.87968,5.36949,3.2124999999999773,6.2572,TRUE,-597.254,0.882534,5.35011,3.5570000000000164,6.42458,TRUE,-0.24299999999993815,both,NA
DE-RuM,2018,CRO,ICOS,175.385,0.807991,5.7882,24.457499999999996,25.1331,TRUE,159.778,0.811758,5.86772,26.155500000000004,26.8057,TRUE,15.607,both,NA
DE-RuM,2019,CRO,ICOS,NA,NA,NA,NA,NA,FALSE,NA,NA,NA,NA,NA,FALSE,NA,neither,no_value
DE-SbM,2023,WET,ICOS,NA,NA,NA,NA,NA,FALSE,NA,NA,NA,NA,NA,FALSE,NA,neither,no_value
DE-SbM,2024,WET,ICOS,-326.229,0.910576,4.64686,21.119499999999988,21.6246,TRUE,NA,NA,NA,NA,NA,FALSE,NA,VUT_only,NA
DE-Seh,2007,CRO,ICOS,NA,NA,NA,NA,NA,FALSE,NA,NA,NA,NA,NA,FALSE,NA,neither,no_value
DE-Seh,2008,CRO,ICOS,-263.902,0.90107,4.06525,35.94749999999999,36.1764,TRUE,-263.408,0.900956,4.08311,34.019000000000005,34.2634,TRUE,-0.49399999999997135,both,NA
DE-Seh,2009,CRO,ICOS,-311.522,0.92032,4.04078,16.490999999999985,16.9787,TRUE,-310.945,0.920719,4.0559,17.098000000000013,17.5727,TRUE,-0.5769999999999982,both,NA
DE-Seh,2010,CRO,ICOS,NA,NA,NA,NA,NA,FALSE,NA,NA,NA,NA,NA,FALSE,NA,neither,no_value
DE-SfS,2010,WET,ICOS,NA,NA,NA,NA,NA,FALSE,NA,NA,NA,NA,NA,FALSE,NA,neither,no_value
DE-SfS,2011,WET,ICOS,-348.438,0.994578,11.5132,10.149000000000001,15.3478,TRUE,-349.922,0.994521,11.5189,10.751000000000005,15.7566,TRUE,1.4840000000000373,both,NA
DE-SfS,2012,WET,ICOS,-532.573,0.995276,13.7518,7.445499999999981,15.6379,TRUE,-526.653,0.994706,13.0644,6.928999999999974,14.7881,TRUE,-5.919999999999959,both,NA
DE-SfS,2013,WET,ICOS,-642.79,0.995833,13.2399,5.907999999999959,14.4982,TRUE,-657.485,0.994007,12.5031,9.156999999999982,15.4977,TRUE,14.69500000000005,both,NA
DE-SfS,2014,WET,ICOS,-342.804,0.991495,11.0123,21.359499999999997,24.0313,TRUE,-370.111,0.986358,10.6938,23.19549999999998,25.5419,TRUE,27.307000000000016,both,NA
DE-SfS,2015,WET,ICOS,-358.118,0.994806,11.5248,12.722499999999997,17.1662,TRUE,-355.739,0.994806,11.5596,10.84299999999999,15.8493,TRUE,-2.379000000000019,both,NA
DE-SfS,2016,WET,ICOS,-669.039,0.996072,12.2304,6.480500000000006,13.8413,TRUE,-673.315,0.996129,12.6574,9.175000000000011,15.6329,TRUE,4.276000000000067,both,NA
DE-SfS,2017,WET,ICOS,-416.862,0.986473,11.1809,15.635500000000008,19.2215,TRUE,-407.855,0.9871,11.5181,14.76600000000002,18.7267,TRUE,-9.007000000000005,both,NA
DE-SfS,2018,WET,ICOS,-495.422,0.994863,12.1594,21.875,25.0272,TRUE,-459.069,0.995548,12.9059,24.815000000000026,27.9706,TRUE,-36.35300000000001,both,NA
DE-SfS,2019,WET,ICOS,-275.988,0.994121,11.7194,23.4075,26.1775,TRUE,-286.568,0.994463,11.8911,20.712000000000003,23.8826,TRUE,10.579999999999984,both,NA
DE-SfS,2020,WET,ICOS,NA,NA,NA,NA,NA,FALSE,NA,NA,NA,NA,NA,FALSE,NA,neither,no_value
DE-Spw,2010,WET,ICOS,NA,NA,NA,NA,NA,FALSE,NA,NA,NA,NA,NA,FALSE,NA,neither,no_value
DE-Spw,2011,WET,ICOS,-490.744,0.923345,6.67143,12.097499999999997,13.8151,TRUE,-494.207,0.921062,6.60447,15.803000000000026,17.1278,TRUE,3.4629999999999654,both,NA
DE-Spw,2012,WET,ICOS,-426.762,0.957309,7.30542,11.164500000000004,13.3426,TRUE,-427.873,0.955658,7.17694,12.514499999999998,14.4265,TRUE,1.11099999999999,both,NA
DE-Spw,2013,WET,ICOS,NA,NA,NA,NA,NA,FALSE,NA,NA,NA,NA,NA,FALSE,NA,neither,no_value
DE-Spw,2014,WET,ICOS,-452.209,0.853139,7.33479,33.772999999999996,34.5599,TRUE,-457.152,0.851655,7.15184,32.727000000000004,33.4991,TRUE,4.942999999999984,both,NA
DE-Spw,2015,WET,ICOS,NA,NA,NA,NA,NA,FALSE,NA,NA,NA,NA,NA,FALSE,NA,neither,no_value
DE-Zrk,2013,WET,ICOS,NA,NA,NA,NA,NA,FALSE,NA,NA,NA,NA,NA,FALSE,NA,neither,no_value
DE-Zrk,2014,WET,ICOS,207.058,0.947945,6.17803,107.29660000000001,107.474,TRUE,134.162,0.944977,7.55975,96.0403,96.3373,TRUE,72.89599999999999,both,NA
DE-Zrk,2015,WET,ICOS,280.928,0.889897,4.42759,57.83000000000001,57.9992,TRUE,258.108,0.889212,3.95122,62.1125,62.2381,TRUE,22.819999999999993,both,NA
DE-Zrk,2016,WET,ICOS,162.831,0.949283,3.84207,53.785999999999994,53.9231,TRUE,206.109,0.949909,4.07065,70.138,70.2563,TRUE,-43.27800000000002,both,NA
DE-Zrk,2017,WET,ICOS,88.8471,0.955023,4.93853,75.07385000000001,75.236,TRUE,39.472,0.952683,3.86823,81.46375,81.5553,TRUE,49.375099999999996,both,NA
DE-Zrk,2018,WET,ICOS,122.665,0.95879,6.91089,132.11659500000002,132.297,TRUE,34.779,0.957877,7.04654,123.79095000000001,123.991,TRUE,87.886,both,NA
DE-Zrk,2019,WET,ICOS,82.7263,0.962785,2.29797,110.14455000000001,110.169,TRUE,90.0425,0.963128,2.29759,101.0922,101.118,TRUE,-7.316200000000009,both,NA
DE-Zrk,2020,WET,ICOS,-294.914,0.96579,1.57081,67.86800000000001,67.8864,TRUE,-282.301,0.966985,1.84314,74.034,74.057,TRUE,-12.613,both,NA
DE-Zrk,2021,WET,ICOS,-124.499,0.952511,2.02472,20.522100000000002,20.622,TRUE,-123.944,0.956963,2.3915,44.40775000000001,44.4719,TRUE,-0.5549999999999926,both,NA
DE-Zrk,2022,WET,ICOS,-121.816,0.961701,2.72496,13.099500000000006,13.38,TRUE,-126.038,0.961872,2.66569,14.607499999999995,14.8485,TRUE,4.221999999999994,both,NA
DK-Gds,2020,ENF,ICOS,NA,NA,NA,NA,NA,FALSE,NA,NA,NA,NA,NA,FALSE,NA,neither,no_value
DK-Gds,2021,ENF,ICOS,-973.05,0.916895,10.643,37.982500000000016,39.4439,TRUE,-972.76,0.91661,10.4542,37.978999999999985,39.3903,TRUE,-0.2899999999999636,both,NA
DK-Gds,2022,ENF,ICOS,NA,NA,NA,NA,NA,FALSE,NA,NA,NA,NA,NA,FALSE,NA,neither,no_value
DK-Skj,2020,WET,ICOS,NA,NA,NA,NA,NA,FALSE,NA,NA,NA,NA,NA,FALSE,NA,neither,no_value
DK-Skj,2021,WET,ICOS,-23.3753,0.826541,7.27746,25.400915,26.4229,TRUE,-23.3279,0.826541,7.27767,25.453405,26.4734,TRUE,-0.047399999999999665,both,NA
DK-Skj,2022,WET,ICOS,-190.224,0.927683,5.79729,5.253499999999988,7.82334,TRUE,-187.375,0.926199,5.81151,6.975999999999999,9.07967,TRUE,-2.8489999999999895,both,NA
DK-Sor,1996,DBF,ICOS,NA,NA,NA,NA,NA,FALSE,NA,NA,NA,NA,NA,FALSE,NA,neither,no_value
DK-Sor,1997,DBF,ICOS,12.5074,0.893151,5.91432,10.88403,12.3872,TRUE,13.7171,0.894292,5.94466,10.991835,12.4964,TRUE,-1.2096999999999998,both,NA
DK-Sor,1998,DBF,ICOS,84.3751,0.958733,6.12855,11.399700000000003,12.9426,TRUE,79.9002,0.959475,6.16421,9.531200000000005,11.3508,TRUE,4.474900000000005,both,NA
DK-Sor,1999,DBF,ICOS,32.5126,0.943779,6.60973,7.750699999999998,10.1863,TRUE,27.1729,0.944235,6.69688,7.597250000000001,10.1275,TRUE,5.339700000000001,both,NA
DK-Sor,2000,DBF,ICOS,-75.4017,0.941769,6.33563,9.127550000000006,11.110900000000001,TRUE,-74.7532,0.941428,6.30653,9.9694,11.7966,TRUE,-0.6484999999999985,both,NA
DK-Sor,2001,DBF,ICOS,-135.199,0.990126,6.39914,7.729500000000002,10.0346,TRUE,-135.894,0.989783,6.33483,7.314999999999998,9.6765,TRUE,0.6949999999999932,both,NA
DK-Sor,2002,DBF,ICOS,-145.087,0.976941,5.58561,5.594999999999999,7.90577,TRUE,-145.715,0.976998,5.61466,4.674999999999997,7.30633,TRUE,0.6280000000000143,both,NA
DK-Sor,2003,DBF,ICOS,-67.9863,0.908219,6.45891,9.2777,11.3046,TRUE,-72.1653,0.908733,6.57851,8.061300000000003,10.4049,TRUE,4.179000000000002,both,NA
DK-Sor,2004,DBF,ICOS,-196.491,0.863843,6.76993,5.441499999999991,8.68594,TRUE,-200.369,0.865209,6.93255,8.828000000000003,11.2248,TRUE,3.877999999999986,both,NA
DK-Sor,2005,DBF,ICOS,-153.482,0.901826,6.50209,3.277499999999989,7.28143,TRUE,-154.074,0.902683,6.63208,1.8519999999999897,6.88583,TRUE,0.592000000000013,both,NA
DK-Sor,2006,DBF,ICOS,-90.7587,0.996975,6.70308,9.416350000000001,11.5585,TRUE,-94.1678,0.997089,6.72698,9.109700000000004,11.3243,TRUE,3.409099999999995,both,NA
DK-Sor,2007,DBF,ICOS,-256.005,0.997203,7.0483,11.071500000000015,13.125,TRUE,-257.925,0.997032,7.01191,12.462999999999994,14.3,TRUE,1.920000000000016,both,NA
DK-Sor,2008,DBF,ICOS,-303.089,0.997495,6.39763,12.008499999999998,13.6067,TRUE,-303.283,0.997495,6.39799,11.531000000000006,13.1872,TRUE,0.19400000000001683,both,NA
DK-Sor,2009,DBF,ICOS,-316.71,0.998973,6.49298,12.710000000000008,14.2726,TRUE,-316.701,0.998973,6.49285,12.066999999999979,13.703,TRUE,-0.008999999999957708,both,NA
DK-Sor,2010,DBF,ICOS,-228.862,0.991781,6.21453,3.7025000000000006,7.23373,TRUE,-226.436,0.991952,6.31964,3.506999999999991,7.22748,TRUE,-2.4259999999999877,both,NA
DK-Sor,2011,DBF,ICOS,-284.532,0.921689,6.9189,8.848500000000001,11.2325,TRUE,-283.557,0.921689,6.98386,8.063500000000005,10.6674,TRUE,-0.9749999999999659,both,NA
DK-Sor,2012,DBF,ICOS,-318.66,0.935792,6.79804,4.847000000000008,8.34898,TRUE,-319.555,0.935792,6.81813,4.618500000000012,8.23512,TRUE,0.8949999999999818,both,NA
DK-Sor,2013,DBF,ICOS,NA,NA,NA,NA,NA,FALSE,NA,NA,NA,NA,NA,FALSE,NA,neither,no_value
DK-Sor,2014,DBF,ICOS,NA,NA,NA,NA,NA,FALSE,NA,NA,NA,NA,NA,FALSE,NA,neither,no_value
DK-Sor,2015,DBF,ICOS,-329.941,0.89629,7.91164,15.590499999999992,17.4831,TRUE,-332.076,0.896233,7.85224,13.994,16.0466,TRUE,2.1350000000000477,both,NA
DK-Sor,2016,DBF,ICOS,-407.026,0.818932,6.79451,16.173000000000002,17.5421,TRUE,-411.827,0.818932,6.7813,21.102499999999992,22.1655,TRUE,4.800999999999988,both,NA
DK-Sor,2017,DBF,ICOS,-290.138,0.997374,7.31521,3.4610000000000127,8.09269,TRUE,-293.453,0.997374,7.27445,3.383499999999998,8.02278,TRUE,3.3149999999999977,both,NA
DK-Sor,2018,DBF,ICOS,-348.986,0.986244,6.47473,18.139499999999998,19.2603,TRUE,-348.352,0.986187,6.46008,22.411500000000018,23.3241,TRUE,-0.6340000000000146,both,NA
DK-Sor,2019,DBF,ICOS,-220.799,0.962386,7.33385,16.44699999999999,18.0083,TRUE,-222.953,0.962386,7.30882,18.3395,19.7421,TRUE,2.1539999999999964,both,NA
DK-Sor,2020,DBF,ICOS,-251.37,0.997837,7.50483,18.599000000000004,20.056,TRUE,-260.783,0.997609,7.33817,19.176999999999992,20.5332,TRUE,9.413000000000011,both,NA
DK-Sor,2021,DBF,ICOS,-442.524,0.901769,6.94694,13.036000000000001,14.7714,TRUE,-449.29,0.901199,6.88461,13.175000000000011,14.8656,TRUE,6.7660000000000196,both,NA
DK-Sor,2022,DBF,ICOS,-383.529,0.989041,7.51731,14.581999999999994,16.4056,TRUE,-388.597,0.988356,7.43655,15.840499999999992,17.4993,TRUE,5.067999999999984,both,NA
DK-Sor,2023,DBF,ICOS,-515.809,0.997203,7.67654,24.766500000000008,25.929,TRUE,-520.857,0.996975,7.61113,25.37650000000002,26.4932,TRUE,5.048000000000002,both,NA
DK-Sor,2024,DBF,ICOS,-463.05,0.978427,7.68081,13.70750000000001,15.713,TRUE,-473.432,0.978142,7.5536,13.710499999999996,15.6538,TRUE,10.382000000000005,both,NA
DK-Vng,2020,CRO,ICOS,NA,NA,NA,NA,NA,FALSE,NA,NA,NA,NA,NA,FALSE,NA,neither,no_value
DK-Vng,2021,CRO,ICOS,-56.9691,0.954281,3.17776,0.9444499999999998,3.31513,TRUE,-55.7995,0.95645,3.16888,1.1724999999999994,3.3788299999999998,TRUE,-1.1695999999999955,both,NA
DK-Vng,2022,CRO,ICOS,-189.896,0.966267,3.42894,5.764500000000012,6.70727,TRUE,-190.104,0.969121,3.45339,5.804000000000002,6.75384,TRUE,0.20800000000002683,both,NA
DK-Vng,2023,CRO,ICOS,-179.544,0.926142,3.8915,2.7534999999999883,4.76725,TRUE,-182.636,0.932534,3.92307,3.5365000000000038,5.28177,TRUE,3.0919999999999845,both,NA
EE-Pts,2022,WET,ICOS,NA,NA,NA,NA,NA,FALSE,NA,NA,NA,NA,NA,FALSE,NA,neither,no_value
EE-Pts,2023,WET,ICOS,15.735900000000001,0.966096,7.34123,10.161785,12.5362,TRUE,14.9274,0.963813,7.30153,10.161785,12.513,TRUE,0.8085000000000004,both,NA
EE-Pts,2024,WET,ICOS,-27.4245,0.952641,9.83555,6.385199999999999,11.7264,TRUE,-26.4117,0.951958,9.73649,7.33455,12.1899,TRUE,-1.0127999999999986,both,NA
EE-Rng,2023,WET,ICOS,NA,NA,NA,NA,NA,FALSE,NA,NA,NA,NA,NA,FALSE,NA,neither,no_value
EE-Rng,2024,WET,ICOS,281.253,0.944444,9.22809,21.229499999999987,23.1481,TRUE,NA,NA,NA,NA,NA,FALSE,NA,VUT_only,NA
EE-Stg,2016,ENF,ICOS,NA,NA,NA,NA,NA,FALSE,NA,NA,NA,NA,NA,FALSE,NA,neither,no_value
EE-Stg,2017,ENF,ICOS,-315.388,0.982078,4.78,17.17350000000002,17.8262,TRUE,-319.583,0.982021,4.74903,20.694000000000017,21.2316,TRUE,4.19500000000005,both,NA
EE-Stg,2018,ENF,ICOS,-231.863,0.962329,5.14465,23.0925,23.6584,TRUE,-234.584,0.9621,5.09138,23.685000000000002,24.226,TRUE,2.7210000000000036,both,NA
EE-Stg,2019,ENF,ICOS,-76.2713,0.948858,4.85662,14.8493,15.6233,TRUE,-79.1239,0.948402,4.80762,17.66815,18.3106,TRUE,2.8526000000000096,both,NA
EE-Stg,2020,ENF,ICOS,-20.5643,0.970401,5.21889,15.800065,16.6397,TRUE,-21.3442,0.970799,5.26245,12.25724,13.3392,TRUE,0.7799000000000014,both,NA
EE-Stg,2021,ENF,ICOS,-52.8191,0.986016,5.44618,2.8887,6.16485,TRUE,-52.7283,0.986187,5.44178,2.7936499999999995,6.11698,TRUE,-0.09080000000000155,both,NA
EE-Stg,2022,ENF,ICOS,-128.478,0.925171,6.68682,16.786500000000004,18.069,TRUE,-128.487,0.925171,6.68683,15.332499999999996,16.7271,TRUE,0.00899999999998613,both,NA
EE-Stg,2023,ENF,ICOS,-256.032,0.929509,4.84294,22.320999999999998,22.8403,TRUE,-262.397,0.925571,4.78653,23.30850000000001,23.795,TRUE,6.365000000000009,both,NA
EE-Stg,2024,ENF,ICOS,-167.863,0.966872,5.77962,28.929500000000004,29.5011,TRUE,-179.659,0.963798,5.57868,27.369000000000014,27.9319,TRUE,11.795999999999992,both,NA
ES-Abr,2015,SAV,ICOS,NA,NA,NA,NA,NA,FALSE,NA,NA,NA,NA,NA,FALSE,NA,neither,no_value
ES-Abr,2016,SAV,ICOS,-76.4155,0.94638,2.78455,3.7849999999999966,4.69894,TRUE,-76.4025,0.946437,2.78468,4.196649999999998,5.03651,TRUE,-0.012999999999991019,both,NA
ES-Abr,2017,SAV,ICOS,70.3497,0.929452,2.66613,7.249849999999995,7.72456,TRUE,67.4123,0.934932,2.70754,6.617100000000001,7.14962,TRUE,2.9373999999999967,both,NA
ES-Abr,2018,SAV,ICOS,-61.8917,0.972317,2.84891,5.246249999999996,5.96989,TRUE,-62.6648,0.973801,2.85398,4.973249999999997,5.73398,TRUE,0.7730999999999995,both,NA
ES-Abr,2019,SAV,ICOS,92.5877,0.946461,2.23065,2.4855499999999964,3.3397,TRUE,90.3521,0.941096,2.21639,2.6635999999999953,3.46516,TRUE,2.235600000000005,both,NA
ES-Abr,2020,SAV,ICOS,-34.988,0.962944,3.04441,6.364749999999997,7.05541,TRUE,-40.404,0.954178,3.00779,6.8049,7.43998,TRUE,5.416000000000004,both,NA
ES-Agu,2006,OSH,ICOS,NA,NA,NA,NA,NA,FALSE,NA,NA,NA,NA,NA,FALSE,NA,neither,no_value
ES-Agu,2007,OSH,ICOS,NA,NA,NA,NA,NA,FALSE,99.8318,0.965868,2.92086,5.758800000000001,6.45715,TRUE,NA,CUT_only,NA
ES-Agu,2008,OSH,ICOS,NA,NA,NA,NA,NA,FALSE,144.28,0.980248,3.23449,10.995999999999995,11.4622,TRUE,NA,CUT_only,NA
ES-Agu,2009,OSH,ICOS,NA,NA,NA,NA,NA,FALSE,21.891,0.886986,2.99145,9.75975,10.2079,TRUE,NA,CUT_only,NA
ES-Agu,2010,OSH,ICOS,NA,NA,NA,NA,NA,FALSE,-55.7682,0.938014,2.4025,10.588299999999997,10.8574,TRUE,NA,CUT_only,NA
ES-Agu,2011,OSH,ICOS,NA,NA,NA,NA,NA,FALSE,-39.0855,0.875742,2.55194,9.092300000000002,9.44364,TRUE,NA,CUT_only,NA
ES-Agu,2012,OSH,ICOS,NA,NA,NA,NA,NA,FALSE,89.5424,0.884904,2.58361,25.14035,25.273,TRUE,NA,CUT_only,NA
ES-Agu,2013,OSH,ICOS,NA,NA,NA,NA,NA,FALSE,-66.3093,0.75137,2.52789,9.90815,10.2255,TRUE,NA,CUT_only,NA
ES-Agu,2014,OSH,ICOS,NA,NA,NA,NA,NA,FALSE,NA,NA,NA,NA,NA,FALSE,NA,neither,no_value
ES-Agu,2015,OSH,ICOS,NA,NA,NA,NA,NA,FALSE,NA,NA,NA,NA,NA,FALSE,NA,neither,no_value
ES-Agu,2016,OSH,ICOS,NA,NA,NA,NA,NA,FALSE,NA,NA,NA,NA,NA,FALSE,NA,neither,no_value
ES-Agu,2017,OSH,ICOS,NA,NA,NA,NA,NA,FALSE,NA,NA,NA,NA,NA,FALSE,NA,neither,no_value
ES-Agu,2018,OSH,ICOS,NA,NA,NA,NA,NA,FALSE,112.676,0.978995,5.78671,5.958999999999996,8.30648,TRUE,NA,CUT_only,NA
ES-Agu,2019,OSH,ICOS,NA,NA,NA,NA,NA,FALSE,NA,NA,NA,NA,NA,FALSE,NA,neither,no_value
ES-Agu,2020,OSH,ICOS,NA,NA,NA,NA,NA,FALSE,NA,NA,NA,NA,NA,FALSE,NA,neither,no_value
ES-Agu,2021,OSH,ICOS,NA,NA,NA,NA,NA,FALSE,NA,NA,NA,NA,NA,FALSE,NA,neither,no_value
ES-Agu,2022,OSH,ICOS,NA,NA,NA,NA,NA,FALSE,NA,NA,NA,NA,NA,FALSE,NA,neither,no_value
ES-Agu,2023,OSH,ICOS,NA,NA,NA,NA,NA,FALSE,NA,NA,NA,NA,NA,FALSE,NA,neither,no_value
ES-Agu,2024,OSH,ICOS,NA,NA,NA,NA,NA,FALSE,142.703,0.926002,2.43844,10.828499999999998,11.0997,TRUE,NA,CUT_only,NA
ES-Amo,2007,OSH,ICOS,NA,NA,NA,NA,NA,FALSE,NA,NA,NA,NA,NA,FALSE,NA,neither,no_value
ES-Amo,2008,OSH,ICOS,NA,NA,NA,NA,NA,FALSE,NA,NA,NA,NA,NA,FALSE,NA,neither,no_value
ES-Amo,2009,OSH,ICOS,166.874,0.973801,2.65504,2.6230000000000047,3.7324,TRUE,166.416,0.973801,2.65941,5.087500000000006,5.74088,TRUE,0.4579999999999984,both,NA
ES-Amo,2010,OSH,ICOS,136.221,0.986644,2.87217,2.8910000000000053,4.07541,TRUE,135.713,0.98653,2.8919,7.447500000000005,7.98928,TRUE,0.5080000000000098,both,NA
ES-Amo,2011,OSH,ICOS,196.473,0.825742,2.29615,2.124500000000012,3.12815,TRUE,197.845,0.825913,2.31628,3.6295000000000073,4.30562,TRUE,-1.3719999999999857,both,NA
ES-Amo,2012,OSH,ICOS,223.213,0.977459,2.42169,2.383499999999998,3.3981,TRUE,224.305,0.977402,2.41955,4.706499999999991,5.29217,TRUE,-1.092000000000013,both,NA
ES-Amo,2013,OSH,ICOS,NA,NA,NA,NA,NA,FALSE,NA,NA,NA,NA,NA,FALSE,NA,neither,no_value
ES-Amo,2014,OSH,ICOS,136.575,0.815354,3.28426,5.081000000000003,6.05004,TRUE,137.706,0.815982,3.30943,5.359000000000009,6.29857,TRUE,-1.1310000000000002,both,NA
ES-Amo,2015,OSH,ICOS,76.5906,0.990639,2.88743,2.0604000000000013,3.54717,TRUE,74.9178,0.990982,2.9163,1.951500000000003,3.50902,TRUE,1.6727999999999952,both,NA
ES-Amo,2016,OSH,ICOS,NA,NA,NA,NA,NA,FALSE,NA,NA,NA,NA,NA,FALSE,NA,neither,no_value
ES-Amo,2017,OSH,ICOS,NA,NA,NA,NA,NA,FALSE,NA,NA,NA,NA,NA,FALSE,NA,neither,no_value
ES-Amo,2018,OSH,ICOS,NA,NA,NA,NA,NA,FALSE,NA,NA,NA,NA,NA,FALSE,NA,neither,no_value
ES-Amo,2019,OSH,ICOS,-202.025,0.919635,2.92223,3.3714999999999975,4.46167,TRUE,-204.807,0.923801,3.12514,2.2595000000000027,3.85616,TRUE,2.7819999999999823,both,NA
ES-Cnd,2014,WSA,ICOS,NA,NA,NA,NA,NA,FALSE,NA,NA,NA,NA,NA,FALSE,NA,neither,no_value
ES-Cnd,2015,WSA,ICOS,-11.503,0.6871,10.4972,18.656795,21.4072,TRUE,-6.83128,0.687842,11.2896,18.758035,21.8934,TRUE,-4.6717200000000005,both,NA
ES-Cnd,2016,WSA,ICOS,48.8858,0.76571,10.1558,25.6295,27.5683,TRUE,43.927,0.771004,10.3479,26.6426,28.5816,TRUE,4.958800000000004,both,NA
ES-Cnd,2017,WSA,ICOS,-1.31605,0.714669,10.1888,14.0783285,17.3784,TRUE,-2.1669,0.715126,10.1064,14.1861405,17.418,TRUE,0.8508500000000001,both,NA
ES-Cnd,2018,WSA,ICOS,-157.067,0.744235,11.1015,16.1695,19.6138,TRUE,-156.758,0.744349,11.1145,11.444999999999993,15.9539,TRUE,-0.3089999999999975,both,NA
ES-Cnd,2019,WSA,ICOS,-228.929,0.697032,10.6891,10.5655,15.0294,TRUE,-228.029,0.691838,10.829,11.485500000000002,15.7856,TRUE,-0.9000000000000057,both,NA
ES-Cnd,2020,WSA,ICOS,NA,NA,NA,NA,NA,FALSE,NA,NA,NA,NA,NA,FALSE,NA,neither,no_value
ES-Cnd,2021,WSA,ICOS,NA,NA,NA,NA,NA,FALSE,NA,NA,NA,NA,NA,FALSE,NA,neither,no_value
ES-Crg,2021,CSH,ICOS,NA,NA,NA,NA,NA,FALSE,NA,NA,NA,NA,NA,FALSE,NA,neither,no_value
ES-Crg,2022,CSH,ICOS,-268.471,0.682705,4.19169,26.854,27.1793,TRUE,-264.771,0.638699,5.00668,18.948999999999998,19.5993,TRUE,-3.6999999999999886,both,NA
ES-Crg,2023,CSH,ICOS,-284.009,0.834589,4.28369,14.748999999999995,15.3581,TRUE,-295.056,0.798744,3.96857,11.325500000000005,12.0006,TRUE,11.046999999999969,both,NA
ES-Crg,2024,CSH,ICOS,-208.667,0.843295,3.62549,32.07700000000001,32.2811,TRUE,-206.982,0.848474,3.64247,17.281999999999996,17.6618,TRUE,-1.6850000000000023,both,NA
ES-Dnn,2024,OSH,ICOS,NA,NA,NA,NA,NA,FALSE,NA,NA,NA,NA,NA,FALSE,NA,neither,no_value
ES-FtD,2021,WET,ICOS,-225.512,0.940183,4.59935,15.345500000000001,16.0198,TRUE,-238.289,0.962443,4.8141,16.969499999999996,17.6394,TRUE,12.776999999999987,both,NA
ES-FtD,2022,WET,ICOS,-92.5561,0.934589,3.83909,25.2654,25.5552,TRUE,-82.5757,0.94395,4.33225,23.33665,23.7355,TRUE,-9.980400000000003,both,NA
ES-FtD,2023,WET,ICOS,NA,NA,NA,NA,NA,FALSE,NA,NA,NA,NA,NA,FALSE,NA,neither,no_value
ES-FtD,2024,WET,ICOS,-152.373,0.916325,6.49947,29.129499999999993,29.8453,TRUE,-162.146,0.911714,6.27129,34.56699999999999,35.1316,TRUE,9.772999999999996,both,NA
ES-Gdn,2014,SAV,ICOS,NA,NA,NA,NA,NA,FALSE,NA,NA,NA,NA,NA,FALSE,NA,neither,no_value
ES-Gdn,2015,SAV,ICOS,-175.479,0.663756,7.14506,24.0655,25.1034,TRUE,-169.415,0.655708,6.80335,24.691999999999993,25.612,TRUE,-6.064000000000021,both,NA
ES-Gdn,2016,SAV,ICOS,-186.404,0.707366,7.92903,10.97999999999999,13.5434,TRUE,-187.366,0.70423500000000006,7.85578,15.619500000000002,17.4838,TRUE,0.9620000000000175,both,NA
ES-Gdn,2017,SAV,ICOS,-281.257,0.647317,7.9201,14.980500000000006,16.9453,TRUE,-281.328,0.647489,7.9256,12.479500000000002,14.7838,TRUE,0.07099999999996953,both,NA
ES-Gdn,2018,SAV,ICOS,62.6048,0.731507,10.4565,13.221850000000003,16.8569,TRUE,63.4423,0.73145,10.458,11.60455,15.6216,TRUE,-0.8375000000000057,both,NA
ES-Gdn,2019,SAV,ICOS,71.1869,0.39218,12.525,6.679499999999997,14.1947,FALSE,65.1139,0.358961,13.7854,9.01165,16.4696,FALSE,6.072999999999993,neither,fails_qc
ES-Gdn,2020,SAV,ICOS,NA,NA,NA,NA,NA,FALSE,NA,NA,NA,NA,NA,FALSE,NA,neither,no_value
ES-Gdn,2021,SAV,ICOS,NA,NA,NA,NA,NA,FALSE,NA,NA,NA,NA,NA,FALSE,NA,neither,no_value
ES-HdD,2024,SAV,ICOS,NA,NA,NA,NA,NA,FALSE,NA,NA,NA,NA,NA,FALSE,NA,neither,no_value
ES-HeB,2019,ENF,ICOS,-211.897,0.959304,4.96911,34.06999999999999,34.4303,TRUE,-213.712,0.959418,4.97152,35.47749999999999,35.8239,TRUE,1.8149999999999977,both,NA
ES-HeB,2020,ENF,ICOS,-255.244,0.898964,7.05382,19.99799999999999,21.2057,TRUE,-253.568,0.899362,7.07614,20.770999999999987,21.943,TRUE,-1.6759999999999877,both,NA
ES-HeB,2021,ENF,ICOS,-238.301,0.960388,5.97031,12.907999999999987,14.2221,TRUE,-242.128,0.960331,5.9159,12.16000000000001,13.523,TRUE,3.826999999999998,both,NA
ES-HeB,2022,ENF,ICOS,-72.4151,0.89492,5.92739,15.828449999999997,16.9019,TRUE,-59.8402,0.896975,5.89864,14.96275,16.0834,TRUE,-12.574899999999992,both,NA
ES-HeB,2023,ENF,ICOS,-171.382,0.935331,4.11536,8.873500000000007,9.78129,TRUE,-168.263,0.92637,3.91753,8.921499999999995,9.74375,TRUE,-3.1189999999999998,both,NA
ES-HeB,2024,ENF,ICOS,-187.718,0.883937,2.02158,7.2180000000000035,7.49588,TRUE,-180.141,0.861851,1.94,6.07350000000001,6.37578,TRUE,-7.576999999999998,both,NA
ES-Hen,2019,ENF,ICOS,-157.113,0.880422,2.90619,37.4055,37.518,TRUE,-185.053,0.886815,2.99659,38.116,38.2332,TRUE,27.939999999999998,both,NA
ES-Hen,2020,ENF,ICOS,-387.445,0.896573,3.38044,64.60050000000001,64.6885,TRUE,-397.444,0.902778,3.70742,61.1465,61.2587,TRUE,9.999000000000024,both,NA
ES-Hen,2021,ENF,ICOS,-71.2683,0.912957,3.52073,37.879200000000004,38.0426,TRUE,-70.6338,0.914441,3.46667,36.972449999999995,37.1345,TRUE,-0.6345000000000027,both,NA
ES-Hen,2022,ENF,ICOS,-112.129,0.843664,2.91561,42.29375,42.3942,TRUE,-111.468,0.844349,2.9121,46.52295,46.6139,TRUE,-0.6610000000000014,both,NA
ES-Hen,2023,ENF,ICOS,-62.3562,0.913185,2.93086,40.960300000000004,41.0651,TRUE,-59.2035,0.912728,2.96159,38.10435,38.2193,TRUE,-3.152700000000003,both,NA
ES-Hen,2024,ENF,ICOS,-146.334,0.873748,3.0463,70.3553,70.4212,TRUE,-139.52,0.872552,3.03735,70.15244999999999,70.2182,TRUE,-6.813999999999993,both,NA
ES-LJu,2004,OSH,ICOS,NA,NA,NA,NA,NA,FALSE,NA,NA,NA,NA,NA,FALSE,NA,neither,no_value
ES-LJu,2005,OSH,ICOS,NA,NA,NA,NA,NA,FALSE,NA,NA,NA,NA,NA,FALSE,NA,neither,no_value
ES-LJu,2006,OSH,ICOS,NA,NA,NA,NA,NA,FALSE,NA,NA,NA,NA,NA,FALSE,NA,neither,no_value
ES-LJu,2007,OSH,ICOS,5.5465,0.842295,1.77109,14.00473,14.1163,TRUE,79.4372,0.735902,2.33947,83.418015,83.4507,TRUE,-73.89070000000001,both,NA
ES-LJu,2008,OSH,ICOS,-1.90185,0.841758,1.85219,13.85583,13.9791,TRUE,72.6936,0.753643,1.96391,74.9233,74.9491,TRUE,-74.59545,both,NA
ES-LJu,2009,OSH,ICOS,8.59241,0.94863,1.93044,6.41856,6.70258,TRUE,65.0139,0.886187,1.95886,72.15076,72.1772,TRUE,-56.421490000000006,both,NA
ES-LJu,2010,OSH,ICOS,20.4067,0.874543,1.77222,41.48335,41.5212,TRUE,63.0443,0.826769,1.82504,67.06985,67.0947,TRUE,-42.6376,both,NA
ES-LJu,2011,OSH,ICOS,-67.1936,0.984075,1.65535,18.816699999999997,18.8894,TRUE,-48.1156,0.939098,1.67819,43.777285,43.8094,TRUE,-19.078000000000003,both,NA
ES-LJu,2012,OSH,ICOS,87.1932,0.923099,1.50992,38.2075,38.2375,TRUE,86.0835,0.92475,1.51357,59.52015,59.5395,TRUE,1.1097000000000037,both,NA
ES-LJu,2013,OSH,ICOS,49.8299,0.884646,1.84466,67.4063,67.4315,TRUE,23.8429,0.92911,1.89015,68.30025,68.3264,TRUE,25.987000000000002,both,NA
ES-LJu,2014,OSH,ICOS,63.6702,0.943721,1.70207,42.744656500000005,42.7785,TRUE,46.761,0.966553,1.69888,53.7127,53.7396,TRUE,16.9092,both,NA
ES-LJu,2015,OSH,ICOS,NA,NA,NA,NA,NA,FALSE,NA,NA,NA,NA,NA,FALSE,NA,neither,no_value
ES-LJu,2016,OSH,ICOS,11.4445,0.860257,2.01441,35.1392,35.1969,TRUE,51.5607,0.833276,2.00708,79.56725,79.5923,TRUE,-40.1162,both,NA
ES-LJu,2017,OSH,ICOS,NA,NA,NA,NA,NA,FALSE,NA,NA,NA,NA,NA,FALSE,NA,neither,no_value
ES-LJu,2018,OSH,ICOS,NA,NA,NA,NA,NA,FALSE,NA,NA,NA,NA,NA,FALSE,NA,neither,no_value
ES-LJu,2019,OSH,ICOS,NA,NA,NA,NA,NA,FALSE,NA,NA,NA,NA,NA,FALSE,NA,neither,no_value
ES-LJu,2020,OSH,ICOS,52.7077,0.811532,1.85448,75.98705,76.0097,TRUE,8.40999,0.863046,1.94887,69.5754,69.6027,TRUE,44.29771,both,NA
ES-LJu,2021,OSH,ICOS,NA,NA,NA,NA,NA,FALSE,NA,NA,NA,NA,NA,FALSE,NA,neither,no_value
ES-LJu,2022,OSH,ICOS,23.0176,0.769406,1.61733,51.1196,51.1452,TRUE,-12.5082,0.813413,1.71855,38.15945,38.1981,TRUE,35.525800000000004,both,NA
ES-LJu,2023,OSH,ICOS,NA,NA,NA,NA,NA,FALSE,NA,NA,NA,NA,NA,FALSE,NA,neither,no_value
ES-LJu,2024,OSH,ICOS,-265.774,0.634961,3.24847,59.08099999999999,59.1701,TRUE,-318.51,0.712887,2.54828,47.1095,47.1785,TRUE,52.73599999999999,both,NA
ES-LM1,2014,SAV,ICOS,NA,NA,NA,NA,NA,FALSE,NA,NA,NA,NA,NA,FALSE,NA,neither,no_value
ES-LM1,2015,SAV,ICOS,82.7117,0.92637,3.56155,4.579250000000002,5.80124,TRUE,82.5138,0.926655,3.56389,4.513749999999995,5.7511,TRUE,0.19789999999998997,both,NA
ES-LM1,2016,SAV,ICOS,-45.4717,0.965335,4.16379,3.5625,5.47983,TRUE,-43.472,0.964139,4.15118,3.1297999999999995,5.19885,TRUE,-1.9996999999999971,both,NA
ES-LM1,2017,SAV,ICOS,70.1653,0.932249,3.25666,3.6072500000000005,4.85981,TRUE,67.6336,0.931621,3.25599,3.7886999999999986,4.99558,TRUE,2.5317000000000007,both,NA
ES-LM1,2018,SAV,ICOS,-86.7982,0.953596,3.74851,2.261500000000005,4.37787,TRUE,-85.7626,0.95411,3.75374,2.238750000000003,4.37066,TRUE,-1.035599999999988,both,NA
ES-LM1,2019,SAV,ICOS,-24.973,0.9379,3.5826,5.804549999999999,6.82111,TRUE,-24.5286,0.942466,3.65458,4.76385,6.00418,TRUE,-0.44439999999999813,both,NA
ES-LM1,2020,SAV,ICOS,-20.9788,0.961635,3.82138,2.7132999999999994,4.68669,TRUE,-17.405,0.965619,3.90262,2.7345999999999995,4.76532,TRUE,-3.5737999999999985,both,NA
ES-LM1,2021,SAV,ICOS,-79.945,0.947203,3.94061,8.995049999999999,9.82033,TRUE,-80.1685,0.947489,3.95192,9.629000000000005,10.4084,TRUE,0.22350000000000136,both,NA
ES-LM1,2022,SAV,ICOS,106.85,0.887557,3.67989,4.936500000000002,6.15698,TRUE,106.656,0.887443,3.68352,5.6905,6.77851,TRUE,0.1939999999999884,both,NA
ES-LM1,2023,SAV,ICOS,33.3203,0.938242,3.32135,6.70135,7.47923,TRUE,33.0758,0.938356,3.32173,5.985950000000001,6.84586,TRUE,0.24450000000000216,both,NA
ES-LM1,2024,SAV,ICOS,NA,NA,NA,NA,NA,FALSE,NA,NA,NA,NA,NA,FALSE,NA,neither,no_value
ES-LM2,2014,SAV,ICOS,NA,NA,NA,NA,NA,FALSE,NA,NA,NA,NA,NA,FALSE,NA,neither,no_value
ES-LM2,2015,SAV,ICOS,48.0938,0.907591,3.48635,5.043500000000002,6.13122,TRUE,47.248,0.906735,3.48108,5.1952,6.25361,TRUE,0.8458000000000041,both,NA
ES-LM2,2016,SAV,ICOS,-55.0972,0.976434,4.44973,3.4483500000000014,5.62951,TRUE,-54.4622,0.975865,4.46133,3.9568999999999974,5.96328,TRUE,-0.634999999999998,both,NA
ES-LM2,2017,SAV,ICOS,57.5692,0.921518,3.35054,7.198550000000001,7.94009,TRUE,55.5401,0.919235,3.30247,8.86805,9.463,TRUE,2.0290999999999997,both,NA
ES-LM2,2018,SAV,ICOS,-11.1473,0.961244,3.56769,10.052135,10.6665,TRUE,-9.67176,0.961416,3.57553,9.898810000000001,10.5248,TRUE,-1.4755399999999987,both,NA
ES-LM2,2019,SAV,ICOS,-9.87889,0.953995,3.50782,4.126550000000001,5.41601,TRUE,-10.676,0.959018,3.52071,4.963400000000001,6.08529,TRUE,0.79711,both,NA
ES-LM2,2020,SAV,ICOS,43.5759,0.965733,3.75737,3.785350000000001,5.33353,TRUE,48.1243,0.970458,3.84792,3.3551,5.1052,TRUE,-4.548400000000001,both,NA
ES-LM2,2021,SAV,ICOS,-71.1924,0.907705,3.93155,7.681450000000002,8.62913,TRUE,-71.9849,0.909247,3.96461,7.163299999999996,8.18728,TRUE,0.7924999999999898,both,NA
ES-LM2,2022,SAV,ICOS,97.1232,0.869749,3.69381,12.854949999999995,13.375,TRUE,104.213,0.872717,3.7776,13.636450000000004,14.1498,TRUE,-7.089799999999997,both,NA
ES-LM2,2023,SAV,ICOS,75.6233,0.921632,3.62087,9.8097,10.4566,TRUE,79.4677,0.927854,3.69468,3.9659499999999994,5.42028,TRUE,-3.844399999999993,both,NA
ES-LM2,2024,SAV,ICOS,-26.8971,0.862022,4.34042,17.4817,18.0125,TRUE,-25.6767,0.869308,4.3829,13.481300000000001,14.1759,TRUE,-1.220399999999998,both,NA
ES-Mcd,2018,EBF,ICOS,NA,NA,NA,NA,NA,FALSE,NA,NA,NA,NA,NA,FALSE,NA,neither,no_value
ES-Mcd,2019,EBF,ICOS,-155.992,0.936701,2.73373,8.142499999999998,8.58903,TRUE,-139.6,0.91524,2.76228,9.590999999999994,9.98084,TRUE,-16.391999999999996,both,NA
ES-Mcd,2020,EBF,ICOS,-423.413,0.916439,3.22975,12.45750000000001,12.869,TRUE,-419.556,0.905567,3.23677,13.501999999999981,13.8841,TRUE,-3.8570000000000277,both,NA
ES-Mcd,2021,EBF,ICOS,-294.342,0.974087,3.98609,22.096000000000004,22.4528,TRUE,-296.344,0.974772,3.98441,28.966499999999996,29.239,TRUE,2.0020000000000095,both,NA
ES-Mcd,2022,EBF,ICOS,201.444,0.96895,4.396,61.59249999999999,61.7493,TRUE,168.675,0.974486,4.41131,89.4203,89.5291,TRUE,32.76899999999998,both,NA
ES-Mcd,2023,EBF,ICOS,-94.2686,0.948687,4.41679,22.512999999999998,22.942,TRUE,-107.043,0.957934,4.39283,50.72239999999999,50.9123,TRUE,12.7744,both,NA
ES-Mcd,2024,EBF,ICOS,-296.98,0.959699,5.11891,16.275999999999982,17.0624,TRUE,-302.486,0.96061,5.12652,38.435,38.7751,TRUE,5.505999999999972,both,NA
ES-MtB,2021,OSH,ICOS,NA,NA,NA,NA,NA,FALSE,NA,NA,NA,NA,NA,FALSE,NA,neither,no_value
ES-MtB,2022,OSH,ICOS,-432.581,0.983105,5.47065,2.0165000000000077,5.83046,TRUE,-432.368,0.983048,5.45452,1.8760000000000048,5.76815,TRUE,-0.21300000000002228,both,NA
ES-MtB,2023,OSH,ICOS,-329.866,0.987158,3.75863,6.3089999999999975,7.34372,TRUE,-329.266,0.987557,3.77537,5.871999999999986,6.98086,TRUE,-0.5999999999999659,both,NA
ES-MtB,2024,OSH,ICOS,-407.74,0.937557,5.49739,2.620500000000021,6.08994,TRUE,-406.594,0.939208,5.5247,3.1129999999999995,6.34128,TRUE,-1.146000000000015,both,NA
ES-MtN,2024,CSH,ICOS,NA,NA,NA,NA,NA,FALSE,NA,NA,NA,NA,NA,FALSE,NA,neither,no_value
ES-Mzn,2023,EBF,ICOS,NA,NA,NA,NA,NA,FALSE,NA,NA,NA,NA,NA,FALSE,NA,neither,no_value
ES-Mzn,2024,EBF,ICOS,-46.4223,0.984802,5.33829,22.05565,22.6925,TRUE,NA,NA,NA,NA,NA,FALSE,NA,VUT_only,NA
ES-Pzb,2020,GRA,ICOS,NA,NA,NA,NA,NA,FALSE,NA,NA,NA,NA,NA,FALSE,NA,neither,no_value
ES-Pzb,2021,GRA,ICOS,7.09192,0.911244,4.20464,6.0603750000000005,7.37613,TRUE,9.55628,0.912614,4.23334,6.314509999999999,7.60224,TRUE,-2.464359999999999,both,NA
ES-Pzb,2022,GRA,ICOS,63.3466,0.94161,3.6913,9.447949999999999,10.1435,TRUE,64.3536,0.940639,3.69381,10.472949999999997,11.1053,TRUE,-1.006999999999998,both,NA
ES-Pzb,2023,GRA,ICOS,139.48,0.953881,3.82398,14.034500000000008,14.5462,TRUE,140.129,0.954909,3.81357,13.3335,13.8677,TRUE,-0.6490000000000009,both,NA
ES-Pzb,2024,GRA,ICOS,-5.07286,0.870959,8.23556,11.11688,13.8351,TRUE,-4.75856,0.870902,8.25202,19.206225,20.904,TRUE,-0.31430000000000025,both,NA
ES-Srn,2023,EBF,ICOS,NA,NA,NA,NA,NA,FALSE,NA,NA,NA,NA,NA,FALSE,NA,neither,no_value
ES-Srn,2024,EBF,ICOS,-41.7058,0.99556,5.30007,7.82066,9.44739,TRUE,NA,NA,NA,NA,NA,FALSE,NA,VUT_only,NA
ES-TzM,2020,DBF,ICOS,NA,NA,NA,NA,NA,FALSE,NA,NA,NA,NA,NA,FALSE,NA,neither,no_value
ES-TzM,2021,DBF,ICOS,NA,NA,NA,NA,NA,FALSE,NA,NA,NA,NA,NA,FALSE,NA,neither,no_value
ES-TzM,2022,DBF,ICOS,NA,NA,NA,NA,NA,FALSE,NA,NA,NA,NA,NA,FALSE,NA,neither,no_value
ES-TzM,2023,DBF,ICOS,NA,NA,NA,NA,NA,FALSE,NA,NA,NA,NA,NA,FALSE,NA,neither,no_value
ES-TzM,2024,DBF,ICOS,NA,NA,NA,NA,NA,FALSE,NA,NA,NA,NA,NA,FALSE,NA,neither,no_value
ES-VDA,2022,GRA,ICOS,NA,NA,NA,NA,NA,FALSE,NA,NA,NA,NA,NA,FALSE,NA,neither,no_value
ES-VDA,2023,GRA,ICOS,30.6545,0.930537,4.65821,45.75345,45.99,TRUE,3.81664,0.922717,4.12488,45.79285,45.9782,TRUE,26.83786,both,NA
ES-VDA,2024,GRA,ICOS,-209.05,0.958219,3.69788,50.98650000000001,51.1205,TRUE,-186.949,0.971425,3.90395,52.9795,53.1229,TRUE,-22.101,both,NA
ES-Yst,2019,ENF,ICOS,NA,NA,NA,NA,NA,FALSE,NA,NA,NA,NA,NA,FALSE,NA,neither,no_value
ES-Yst,2020,ENF,ICOS,NA,NA,NA,NA,NA,FALSE,NA,NA,NA,NA,NA,FALSE,NA,neither,no_value
ES-Yst,2021,ENF,ICOS,-326.012,0.784932,4.76571,26.83450000000002,27.2546,TRUE,-322.762,0.779909,4.8129,12.138000000000005,13.0575,TRUE,-3.25,both,NA
ES-Yst,2022,ENF,ICOS,-274.905,0.857135,3.63396,3.4055000000000177,4.98023,TRUE,-276.953,0.86113,3.61476,13.8185,14.2835,TRUE,2.048000000000002,both,NA
ES-Yst,2023,ENF,ICOS,-235.559,0.873744,3.69637,7.903999999999996,8.7258,TRUE,-245.741,0.877283,3.71456,14.723000000000013,15.1843,TRUE,10.182000000000016,both,NA
ES-Yst,2024,ENF,ICOS,-261.09,0.859859,3.20355,5.302500000000009,6.19507,TRUE,-259.982,0.860428,3.21233,7.048999999999992,7.74661,TRUE,-1.1079999999999472,both,NA
FI-Ant,2022,GRA,ICOS,-285.376,0.945434,4.50286,9.100499999999982,10.1535,TRUE,NA,NA,NA,NA,NA,FALSE,NA,VUT_only,NA
FI-Jok,2000,CRO,ICOS,NA,NA,NA,NA,NA,FALSE,NA,NA,NA,NA,NA,FALSE,NA,neither,no_value
FI-Jok,2001,CRO,ICOS,181.038,0.92089,1.62314,1.7124999999999915,2.35959,TRUE,180.248,0.922945,1.62677,3.1115000000000066,3.51122,TRUE,0.7900000000000205,both,NA
FI-Jok,2002,CRO,ICOS,63.9094,0.879281,2.14266,11.16215,11.3659,TRUE,61.0759,0.892352,2.18633,11.855350000000001,12.0552,TRUE,2.833500000000001,both,NA
FI-Jok,2003,CRO,ICOS,NA,NA,NA,NA,NA,FALSE,NA,NA,NA,NA,NA,FALSE,NA,neither,no_value
FI-Nsv,2021,CVM,ICOS,NA,NA,NA,NA,NA,FALSE,NA,NA,NA,NA,NA,FALSE,NA,neither,no_value
FI-Nsv,2022,CVM,ICOS,145.222,0.960616,1.04963,1.7944999999999993,2.07872,TRUE,145.79,0.963071,1.03793,1.8419999999999987,2.11401,TRUE,-0.5679999999999836,both,NA
FI-Nsv,2023,CVM,ICOS,-35.9262,0.961358,1.19845,1.1983999999999995,1.69482,TRUE,-35.4769,0.965925,1.21566,0.8828500000000012,1.50242,TRUE,-0.4493000000000009,both,NA
FI-Nsv,2024,CVM,ICOS,-15.4518,0.933686,1.65272,2.27865,2.8149,TRUE,-17.0408,0.935451,1.63995,2.3198000000000008,2.84093,TRUE,1.5890000000000004,both,NA
FI-Pap,2022,CRO,ICOS,62.7471,0.922831,5.72012,26.7202,27.3256,TRUE,NA,NA,NA,NA,NA,FALSE,NA,VUT_only,NA
FI-Qvd,2018,CRO,ICOS,NA,NA,NA,NA,NA,FALSE,NA,NA,NA,NA,NA,FALSE,NA,neither,no_value
FI-Qvd,2019,CRO,ICOS,241.86,0.709817,8.18881,NA,65.7386,TRUE,167.457,0.7254,8.49496,NA,120.053,TRUE,74.40300000000002,both,NA
FI-Qvd,2020,CRO,ICOS,65.5755,0.894126,4.49512,33.3053,33.607,TRUE,75.0043,0.895093,3.83223,33.933949999999996,34.1495,TRUE,-9.428799999999995,both,NA
FI-Qvd,2021,CRO,ICOS,-73.3438,0.766324,4.91624,55.247765,55.466,TRUE,-70.5583,0.764155,4.8846,49.4823,49.7227,TRUE,-2.785499999999999,both,NA
FI-Qvd,2022,CRO,ICOS,164.56,0.885616,3.31356,20.69550000000001,20.9591,TRUE,145.899,0.879966,3.29404,36.133750000000006,36.2836,TRUE,18.661,both,NA
FI-Qvd,2023,CRO,ICOS,179.214,0.822888,4.23178,22.1455,22.5461,TRUE,191.896,0.829509,4.30889,21.75999999999999,22.1826,TRUE,-12.681999999999988,both,NA
FI-Rk2,2020,ENF,ICOS,378.4,0.797473,6.19617,13.885499999999979,15.2049,TRUE,373.861,0.777835,6.28163,11.270499999999998,12.903,TRUE,4.538999999999987,both,NA
FI-Rk2,2021,ENF,ICOS,387.613,0.777626,3.17298,7.1924999999999955,7.86127,TRUE,385.43,0.759532,3.12419,8.53049999999999,9.08448,TRUE,2.1829999999999927,both,NA
FI-Rk2,2022,ENF,ICOS,317.408,0.915297,4.15364,15.271500000000003,15.8264,TRUE,311.629,0.898687,4.30597,18.793499999999995,19.2809,TRUE,5.778999999999996,both,NA
FI-Rk2,2023,ENF,ICOS,214.284,0.855422,5.25269,8.730500000000006,10.1891,TRUE,219.751,0.802968,5.28767,9.475500000000011,10.8506,TRUE,-5.467000000000013,both,NA
FI-Ruk,2020,CRO,ICOS,85.4629,0.902265,5.3467,25.041949999999996,25.6065,TRUE,49.8004,0.868739,6.19424,27.534549999999996,28.2227,TRUE,35.6625,both,NA
FI-Ruk,2021,CRO,ICOS,288.735,0.831621,6.39333,52.632000000000005,53.019,TRUE,297.15,0.778824,7.32783,47.87299999999999,48.4304,TRUE,-8.414999999999964,both,NA
FI-Ruk,2022,CRO,ICOS,670.711,0.891096,3.84233,23.88149999999996,24.1889,TRUE,677.195,0.860959,3.74456,24.23599999999999,24.5236,TRUE,-6.484000000000037,both,NA
FI-Ruk,2023,CRO,ICOS,313.305,0.821689,3.87929,21.317500000000024,21.6674,TRUE,316.495,0.816324,3.85496,15.725999999999999,16.1915,TRUE,-3.1899999999999977,both,NA
FI-Sar,2022,CRO,ICOS,-119.022,0.951941,3.74068,7.604999999999997,8.47505,TRUE,NA,NA,NA,NA,NA,FALSE,NA,VUT_only,NA
FI-Sii,2018,WET,ICOS,NA,NA,NA,NA,NA,FALSE,NA,NA,NA,NA,NA,FALSE,NA,neither,no_value
FI-Sii,2019,WET,ICOS,-23.1566,0.958961,1.02774,9.956850000000001,10.0098,TRUE,-23.1487,0.95879,1.03635,7.6783,7.74792,TRUE,-0.007899999999999352,both,NA
FI-Sii,2020,WET,ICOS,-8.71506,0.972791,0.999803,3.455595,3.59734,TRUE,-7.5073,0.976434,1.02956,5.16029,5.26197,TRUE,-1.2077599999999995,both,NA
FI-Sii,2021,WET,ICOS,-39.0015,0.765411,0.905846,1.2414500000000004,1.53681,TRUE,-38.0263,0.771062,0.923649,0.9472500000000004,1.32304,TRUE,-0.975200000000001,both,NA
FI-Sii,2022,WET,ICOS,-59.0602,0.886301,1.19541,0.7241499999999981,1.39763,TRUE,-59.1145,0.886986,1.20372,1.4369999999999976,1.87455,TRUE,0.054299999999997794,both,NA
FI-Sii,2023,WET,ICOS,-27.5675,0.965297,1.04799,1.09145,1.51313,TRUE,-27.559,0.965297,1.04926,1.9725000000000001,2.2342,TRUE,-0.008499999999997954,both,NA
FI-Sii,2024,WET,ICOS,-51.0018,0.969888,1.08029,1.8718499999999985,2.16121,TRUE,-50.9704,0.970458,1.081,3.63955,3.79668,TRUE,-0.03140000000000498,both,NA
FI-Sod,2023,ENF,ICOS,NA,NA,NA,NA,NA,FALSE,NA,NA,NA,NA,NA,FALSE,NA,neither,no_value
FI-Sod,2024,ENF,ICOS,168.909,0.946152,2.62553,3.7319999999999993,4.56301,TRUE,NA,NA,NA,NA,NA,FALSE,NA,VUT_only,NA
FR-FBn,2008,ENF,ICOS,-724.171,0.882514,5.45029,11.553500000000042,12.7747,TRUE,-752.259,0.821038,5.57906,23.786,24.4314,TRUE,28.087999999999965,both,NA
FR-FBn,2009,ENF,ICOS,-682.019,0.938356,4.7322,18.602999999999952,19.1953,TRUE,-717.734,0.90645,4.60212,44.714999999999975,44.951,TRUE,35.71500000000003,both,NA
FR-FBn,2010,ENF,ICOS,-680.07,0.943037,4.86945,5.637499999999989,7.44952,TRUE,-686.663,0.917523,4.87742,16.759000000000015,17.4542,TRUE,6.592999999999961,both,NA
FR-FBn,2011,ENF,ICOS,-687.744,0.901712,4.1833,34.15400000000005,34.4092,TRUE,-688.023,0.901484,4.1834,47.23200000000003,47.4171,TRUE,0.27899999999999636,both,NA
FR-FBn,2012,ENF,ICOS,-542.134,0.908015,3.86837,4.520500000000027,5.94959,TRUE,-550.426,0.899306,3.94113,8.380999999999972,9.26153,TRUE,8.29200000000003,both,NA
FR-FBn,2013,ENF,ICOS,-581.181,0.871861,3.95085,23.50150000000002,23.8312,TRUE,-593.064,0.893721,3.97544,18.353999999999985,18.7794,TRUE,11.882999999999925,both,NA
FR-FBn,2014,ENF,ICOS,-582.086,0.922089,4.33774,15.047000000000025,15.6597,TRUE,-583.83,0.947432,4.45782,13.644999999999982,14.3548,TRUE,1.7440000000000282,both,NA
FR-FBn,2015,ENF,ICOS,-420.539,0.767123,4.32081,17.906499999999994,18.4205,TRUE,-439.677,0.848916,4.54728,10.564999999999998,11.5023,TRUE,19.138000000000034,both,NA
FR-FBn,2016,ENF,ICOS,NA,NA,NA,NA,NA,FALSE,NA,NA,NA,NA,NA,FALSE,NA,neither,no_value
FR-FBn,2017,ENF,ICOS,NA,NA,NA,NA,NA,FALSE,NA,NA,NA,NA,NA,FALSE,NA,neither,no_value
FR-FBn,2018,ENF,ICOS,-635.17,0.88242,5.2046,6.0955000000000155,8.01519,TRUE,-636.581,0.90782,5.27117,10.8005,12.0183,TRUE,1.4110000000000582,both,NA
FR-FBn,2019,ENF,ICOS,-465.492,0.921804,4.80145,28.172500000000014,28.579,TRUE,-487.465,0.94052500000000006,4.81231,41.04449999999997,41.3255,TRUE,21.972999999999956,both,NA
FR-FBn,2020,ENF,ICOS,-658.973,0.91439,4.85126,12.851499999999987,13.7365,TRUE,-667.789,0.938638,4.80511,18.957499999999982,19.557,TRUE,8.816000000000031,both,NA
FR-FBn,2021,ENF,ICOS,-559.447,0.923858,4.79193,20.115499999999997,20.6784,TRUE,-578.58,0.947432,4.89274,34.7285,35.0712,TRUE,19.133000000000038,both,NA
FR-FBn,2022,ENF,ICOS,-508.505,0.868779,4.50926,34.641999999999996,34.934,TRUE,-548.38,0.914326,4.60077,41.42950000000002,41.6839,TRUE,39.875,both,NA
FR-FBn,2023,ENF,ICOS,-478.684,0.882763,4.91691,38.10900000000001,38.425,TRUE,-526.846,0.939897,5.11608,42.633999999999986,42.9399,TRUE,48.16199999999998,both,NA
FR-FBn,2024,ENF,ICOS,-422.893,0.931751,5.44323,58.93300000000002,59.1839,TRUE,-513.623,0.971539,5.71639,71.8545,72.0819,TRUE,90.73000000000008,both,NA
FR-Fon,2019,DBF,ICOS,NA,NA,NA,NA,NA,FALSE,NA,NA,NA,NA,NA,FALSE,NA,neither,no_value
FR-Fon,2020,DBF,ICOS,-471.907,0.958447,11.5804,15.002999999999986,18.9526,TRUE,-458.214,0.962204,11.8412,14.924999999999983,19.0517,TRUE,-13.692999999999984,both,NA
FR-Fon,2021,DBF,ICOS,-399.907,0.835046,11.4099,10.981499999999983,15.8361,TRUE,-397.645,0.841724,11.4219,12.381,16.8447,TRUE,-2.2620000000000005,both,NA
FR-Fon,2022,DBF,ICOS,-613.463,0.864897,11.4937,14.212499999999977,18.2782,TRUE,-617.036,0.870148,11.7643,17.749500000000012,21.2942,TRUE,3.572999999999979,both,NA
FR-Fon,2023,DBF,ICOS,-65.2003,0.982534,11.8525,17.521349999999998,21.1537,TRUE,-67.3791,0.982249,11.6614,15.9952,19.7949,TRUE,2.1787999999999954,both,NA
FR-Fon,2024,DBF,ICOS,-283.577,0.900786,11.5235,27.439999999999998,29.7612,TRUE,-298.758,0.900729,11.507,29.790999999999997,31.9362,TRUE,15.180999999999983,both,NA
FR-LBr,1998,ENF,ICOS,NA,NA,NA,NA,NA,FALSE,NA,NA,NA,NA,NA,FALSE,NA,neither,no_value
FR-LBr,1999,ENF,ICOS,NA,NA,NA,NA,NA,FALSE,NA,NA,NA,NA,NA,FALSE,NA,neither,no_value
FR-LBr,2000,ENF,ICOS,NA,NA,NA,NA,NA,FALSE,NA,NA,NA,NA,NA,FALSE,NA,neither,no_value
FR-LBr,2001,ENF,ICOS,-349.28,0.969806,5.57435,19.72150000000002,20.4943,TRUE,-350.124,0.969806,5.57314,13.414500000000004,14.5263,TRUE,0.8440000000000509,both,NA
FR-LBr,2002,ENF,ICOS,26.2666,0.991838,5.82672,3.2668999999999997,6.68008,TRUE,26.2666,0.991838,5.82672,2.6361500000000007,6.39531,TRUE,0,both,NA
FR-LBr,2003,ENF,ICOS,-184.485,0.71524,6.67928,12.369500000000002,14.0576,TRUE,-182.254,0.712443,6.59865,7.025999999999996,9.63874,TRUE,-2.231000000000023,both,NA
FR-LBr,2004,ENF,ICOS,-499.311,0.782104,6.06229,27.902499999999975,28.5533,TRUE,-502.052,0.783128,6.05174,28.156499999999994,28.7994,TRUE,2.7410000000000423,both,NA
FR-LBr,2005,ENF,ICOS,-126.765,0.97032,5.38849,13.389000000000003,14.4326,TRUE,-135.201,0.965925,5.27736,16.737000000000002,17.5492,TRUE,8.435999999999993,both,NA
FR-LBr,2006,ENF,ICOS,-284.075,0.992694,13.1806,17.48750000000001,21.8981,TRUE,-287.739,0.992237,13.1186,26.125499999999988,29.2339,TRUE,3.6639999999999873,both,NA
FR-LBr,2007,ENF,ICOS,-781.233,0.990982,14.4109,31.283999999999992,34.4437,TRUE,-796.51,0.988642,14.334,46.90050000000002,49.0422,TRUE,15.277000000000044,both,NA
FR-LBr,2008,ENF,ICOS,-312.158,0.926628,7.25207,11.054000000000002,13.2204,TRUE,-322.073,0.925717,6.99519,13.978000000000009,15.6305,TRUE,9.914999999999964,both,NA
FR-Lam,2021,CRO,ICOS,-239.025,0.964098,4.85654,8.0835,9.43042,TRUE,-237.859,0.960445,4.88167,7.618499999999997,9.04803,TRUE,-1.1659999999999968,both,NA
FR-Lam,2022,CRO,ICOS,-63.4881,0.959361,2.68116,8.50995,8.92231,TRUE,-61.7861,0.957534,2.67011,9.55235,9.9185,TRUE,-1.7020000000000053,both,NA
FR-Lam,2023,CRO,ICOS,-115.253,0.951427,5.4669,5.476000000000006,7.73776,TRUE,-120.634,0.947203,5.50167,3.6330000000000027,6.59297,TRUE,5.381,both,NA
FR-Lam,2024,CRO,ICOS,NA,NA,NA,NA,NA,FALSE,NA,NA,NA,NA,NA,FALSE,NA,neither,no_value
FR-Lqu,2022,GRA,ICOS,NA,NA,NA,NA,NA,FALSE,NA,NA,NA,NA,NA,FALSE,NA,neither,no_value
FR-Lqu,2023,GRA,ICOS,-160.545,0.854966,5.20787,12.611999999999995,13.645,TRUE,-160.535,0.854966,5.20787,12.859499999999997,13.8741,TRUE,-0.009999999999990905,both,NA
FR-Lqu,2024,GRA,ICOS,-57.1679,0.941257,4.15338,7.730899999999998,8.77598,TRUE,-57.1679,0.941257,4.15338,7.730899999999998,8.77598,TRUE,0,both,NA
FR-Lus,2022,GRA,ICOS,NA,NA,NA,NA,NA,FALSE,NA,NA,NA,NA,NA,FALSE,NA,neither,no_value
FR-Lus,2023,GRA,ICOS,-341.477,0.979224,4.7335,4.760999999999996,6.71339,TRUE,-341.478,0.979224,4.73349,4.760499999999979,6.71324,TRUE,0.0010000000000331966,both,NA
FR-Lus,2024,GRA,ICOS,-219.668,0.829918,5.21933,5.765000000000001,7.77644,TRUE,-219.668,0.829918,5.21933,5.765000000000001,7.77644,TRUE,0,both,NA
FR-Mau,2005,GRA,ICOS,NA,NA,NA,NA,NA,FALSE,NA,NA,NA,NA,NA,FALSE,NA,neither,no_value
FR-Mau,2006,GRA,ICOS,NA,NA,NA,NA,NA,FALSE,NA,NA,NA,NA,NA,FALSE,NA,neither,no_value
FR-Mau,2007,GRA,ICOS,-240.549,0.819235,6.48757,14.494000000000014,15.8798,TRUE,-252.867,0.827511,6.74761,16.966499999999996,18.259,TRUE,12.317999999999984,both,NA
FR-Mau,2008,GRA,ICOS,-111.807,0.945867,8.96775,32.925000000000004,34.1243,TRUE,-134.767,0.950194,9.37328,37.372499999999995,38.5302,TRUE,22.959999999999994,both,NA
FR-Mau,2009,GRA,ICOS,-262.871,0.714326,7.47674,32.84200000000001,33.6826,TRUE,-275.653,0.717523,7.45573,38.084500000000006,38.8072,TRUE,12.782000000000039,both,NA
FR-Mau,2010,GRA,ICOS,-169.985,0.959475,7.44883,28.59700000000001,29.5509,TRUE,-169.135,0.962386,7.4493,22.128500000000003,23.3487,TRUE,-0.8500000000000227,both,NA
FR-Mau,2011,GRA,ICOS,NA,NA,NA,NA,NA,FALSE,NA,NA,NA,NA,NA,FALSE,NA,neither,no_value
FR-Nzn,2016,GRA,ICOS,-11.3297,0.868056,5.1803,11.363625,12.4887,TRUE,-11.3682,0.867259,5.17002,26.48394,26.9839,TRUE,0.03849999999999909,both,NA
FR-Nzn,2017,GRA,ICOS,193.343,0.859075,6.1738,9.012499999999989,10.9245,TRUE,199.169,0.84492,6.28459,13.057500000000005,14.4912,TRUE,-5.826000000000022,both,NA
FR-Nzn,2018,GRA,ICOS,140.869,0.840468,5.3614,12.126000000000005,13.2584,TRUE,159.314,0.807591,5.58424,13.7975,14.8847,TRUE,-18.444999999999993,both,NA
FR-Nzn,2019,GRA,ICOS,103.311,0.829795,7.16926,4.620250000000006,8.5291,TRUE,101.383,0.822774,7.20523,5.707049999999995,9.1916,TRUE,1.9280000000000115,both,NA
FR-Nzn,2020,GRA,ICOS,149.616,0.894126,7.62134,21.685999999999993,22.9861,TRUE,149.616,0.894126,7.62135,18.251000000000005,19.7785,TRUE,0,both,NA
FR-Nzn,2021,GRA,ICOS,287.792,0.802283,7.46081,23.147000000000006,24.3197,TRUE,268.248,0.814384,7.07133,18.64500000000001,19.9411,TRUE,19.543999999999983,both,NA
FR-Nzn,2022,GRA,ICOS,301.048,0.782534,6.62605,58.783,59.1551,TRUE,296.896,0.788185,6.63232,44.629999999999995,45.1201,TRUE,4.151999999999987,both,NA
FR-Nzn,2023,GRA,ICOS,NA,NA,NA,NA,NA,FALSE,NA,NA,NA,NA,NA,FALSE,NA,neither,no_value
FR-Nzn,2024,GRA,ICOS,150.546,0.864697,6.24625,41.04149999999999,41.5141,TRUE,150.989,0.864754,6.24794,34.8705,35.4258,TRUE,-0.44300000000001205,both,NA
GH-Ank,2011,EBF,ICOS,NA,NA,NA,NA,NA,FALSE,NA,NA,NA,NA,NA,FALSE,NA,neither,no_value
GH-Ank,2012,EBF,ICOS,NA,NA,NA,NA,NA,FALSE,NA,NA,NA,NA,NA,FALSE,NA,neither,no_value
GH-Ank,2013,EBF,ICOS,NA,NA,NA,NA,NA,FALSE,NA,NA,NA,NA,NA,FALSE,NA,neither,no_value
GH-Ank,2014,EBF,ICOS,-528.386,0.522717,15.1352,49.36099999999999,51.6292,TRUE,-613.608,0.527169,17.0651,71.36549999999997,73.3775,TRUE,85.22199999999998,both,NA
GL-ZaF,2023,WET,ICOS,NA,NA,NA,NA,NA,FALSE,NA,NA,NA,NA,NA,FALSE,NA,neither,no_value
GL-ZaF,2024,WET,ICOS,NA,NA,NA,NA,NA,FALSE,NA,NA,NA,NA,NA,FALSE,NA,neither,no_value
ID-JOP,2014,EBF,ICOS,NA,NA,NA,NA,NA,FALSE,NA,NA,NA,NA,NA,FALSE,NA,neither,no_value
ID-JOP,2015,EBF,ICOS,-788.92,0.904852,11.5047,25.376000000000033,27.8621,TRUE,-789.397,0.90371,11.5002,26.384000000000015,28.7812,TRUE,0.47700000000008913,both,NA
ID-JOP,2016,EBF,ICOS,NA,NA,NA,NA,NA,FALSE,NA,NA,NA,NA,NA,FALSE,NA,neither,no_value
ID-JOP,2017,EBF,ICOS,NA,NA,NA,NA,NA,FALSE,NA,NA,NA,NA,NA,FALSE,NA,neither,no_value
ID-JOP,2018,EBF,ICOS,-1339.2,0.627797,12.7139,29.315000000000055,31.9497,TRUE,-1340.92,0.627854,12.7559,41.585000000000036,43.4977,TRUE,1.7200000000000273,both,NA
ID-JOP,2019,EBF,ICOS,-855.775,0.898687,11.0103,38.30250000000001,39.8533,TRUE,-837.063,0.901541,11.0887,22.464499999999987,25.0522,TRUE,-18.71199999999999,both,NA
ID-JOP,2020,EBF,ICOS,NA,NA,NA,NA,NA,FALSE,NA,NA,NA,NA,NA,FALSE,NA,neither,no_value
ID-JOP,2021,EBF,ICOS,NA,NA,NA,NA,NA,FALSE,NA,NA,NA,NA,NA,FALSE,NA,neither,no_value
ID-JOP,2022,EBF,ICOS,NA,NA,NA,NA,NA,FALSE,NA,NA,NA,NA,NA,FALSE,NA,neither,no_value
ID-JOP,2023,EBF,ICOS,-388.653,0.878196,19.8323,38.061499999999995,42.9188,TRUE,-375.162,0.877683,19.764,18.031499999999994,26.7538,TRUE,-13.491000000000042,both,NA
ID-JOP,2024,EBF,ICOS,NA,NA,NA,NA,NA,FALSE,NA,NA,NA,NA,NA,FALSE,NA,neither,no_value
ID-PaB,2004,OSH,ICOS,NA,NA,NA,NA,NA,FALSE,NA,NA,NA,NA,NA,FALSE,NA,neither,no_value
ID-PaB,2005,OSH,ICOS,205.505,0.952055,10.9505,118.33519999999999,118.841,TRUE,114.618,0.948801,9.50359,78.02870000000001,78.6052,TRUE,90.887,both,NA
ID-PaB,2006,OSH,ICOS,20.835,0.756735,9.98562,141.68895,142.04,TRUE,120.197,0.770205,13.5583,130.845,131.545,TRUE,-99.362,both,NA
ID-PaB,2007,OSH,ICOS,347.774,0.871005,19.3843,13.950000000000017,23.8821,TRUE,342.367,0.890868,19.2016,8.454999999999984,20.9807,TRUE,5.406999999999982,both,NA
ID-PaB,2008,OSH,ICOS,294.459,0.879269,18.3255,29.512000000000015,34.7389,TRUE,202.814,0.90255,18.9146,42.21799999999999,46.2615,TRUE,91.64500000000001,both,NA
ID-PaB,2009,OSH,ICOS,NA,NA,NA,NA,NA,FALSE,NA,NA,NA,NA,NA,FALSE,NA,neither,no_value
ID-PaB,2010,OSH,ICOS,-809.506,0.994349,13.0989,7.7379999999999995,15.2137,TRUE,-808.997,0.995776,13.4371,13.101499999999987,18.7669,TRUE,-0.5090000000000146,both,NA
ID-PaB,2011,OSH,ICOS,-680.441,0.880422,12.8644,24.582499999999982,27.7452,TRUE,-688.045,0.881279,12.87,44.3125,46.144,TRUE,7.603999999999928,both,NA
ID-PaB,2012,OSH,ICOS,-723.49,0.98651,15.4695,13.327499999999986,20.4187,TRUE,-726.732,0.986737,15.558,17.608499999999992,23.4971,TRUE,3.241999999999962,both,NA
ID-PaB,2013,OSH,ICOS,-628.362,0.991667,15.571,24.1515,28.7359,TRUE,-632.76,0.992009,15.7158,36.775999999999954,39.9935,TRUE,4.3980000000000246,both,NA
ID-PaB,2014,OSH,ICOS,-217.177,0.980879,14.162,74.3786,75.7146,TRUE,-209.282,0.983562,14.3707,70.5111,71.9604,TRUE,-7.894999999999982,both,NA
ID-PaB,2015,OSH,ICOS,22.9772,0.879852,9.68892,14.461900000000002,17.4075,TRUE,23.9339,0.908105,10.4732,13.105249999999998,16.776,TRUE,-0.9567000000000014,both,NA
ID-PaB,2016,OSH,ICOS,NA,NA,NA,NA,NA,FALSE,NA,NA,NA,NA,NA,FALSE,NA,neither,no_value
ID-PaD,2001,EBF,ICOS,NA,NA,NA,NA,NA,FALSE,NA,NA,NA,NA,NA,FALSE,NA,neither,no_value
ID-PaD,2002,EBF,ICOS,224.703,0.949943,20.269,73.9216,76.65,TRUE,481.887,0.633333,26.6399,166.45613500000002,168.575,TRUE,-257.18399999999997,both,NA
ID-PaD,2003,EBF,ICOS,85.8756,0.722317,21.0432,157.33385,158.735,TRUE,283.486,0.534932,30.6342,206.8835,209.139,TRUE,-197.61039999999997,both,NA
ID-PaD,2004,EBF,ICOS,62.5434,0.898964,17.6358,89.85125,91.5656,TRUE,178.053,0.717782,21.8547,170.663,172.057,TRUE,-115.5096,both,NA
ID-PaD,2005,EBF,ICOS,133.2,0.975742,17.8832,130.53695,131.756,TRUE,343.091,0.813014,24.1618,200.43019999999999,201.881,TRUE,-209.89100000000002,both,NA
ID-PaD,2006,EBF,ICOS,186.788,0.717295,22.9243,227.6679,228.819,TRUE,827.603,0.523402,38.322,228.65065,231.84,TRUE,-640.8149999999999,both,NA
ID-PaD,2007,EBF,ICOS,NA,NA,NA,NA,NA,FALSE,NA,NA,NA,NA,NA,FALSE,NA,neither,no_value
ID-PaD,2008,EBF,ICOS,NA,NA,NA,NA,NA,FALSE,NA,NA,NA,NA,NA,FALSE,NA,neither,no_value
ID-PaD,2009,EBF,ICOS,NA,NA,NA,NA,NA,FALSE,NA,NA,NA,NA,NA,FALSE,NA,neither,no_value
ID-PaD,2010,EBF,ICOS,-525.102,0.974315,18.8036,43.03650000000002,46.965,TRUE,-456.611,0.522089,30.8892,87.31150000000002,92.6147,TRUE,-68.49099999999999,both,NA
ID-PaD,2011,EBF,ICOS,-832.433,0.834703,17.4473,73.03949999999998,75.0945,TRUE,-1070.26,0.379281,39.9124,120.2715,126.721,FALSE,237.827,VUT_only,NA
ID-PaD,2012,EBF,ICOS,-426.477,0.666154,23.3035,64.0745,68.1805,TRUE,-193.765,0.266792,48.0778,88.28449999999998,100.527,FALSE,-232.712,VUT_only,NA
ID-PaD,2013,EBF,ICOS,-1051.86,0.730879,24.0701,37.08000000000004,44.2053,TRUE,-699.431,0.238128,52.3241,65.93950000000001,84.1775,FALSE,-352.42899999999986,VUT_only,NA
ID-PaD,2014,EBF,ICOS,-890.461,0.861187,24.2612,120.1155,122.54,TRUE,-584.696,0.375342,34.8835,173.57549999999998,177.046,FALSE,-305.765,VUT_only,NA
ID-PaD,2015,EBF,ICOS,-261.484,0.875057,25.6306,54.6635,60.374,TRUE,-235.883,0.674943,44.9494,43.41199999999999,62.4903,TRUE,-25.60099999999997,both,NA
ID-PaD,2016,EBF,ICOS,-468.015,0.893272,27.347,82.05349999999999,86.4907,TRUE,-586.476,0.818648,37.0728,43.9075,57.4656,TRUE,118.46100000000001,both,NA
ID-PaD,2017,EBF,ICOS,NA,NA,NA,NA,NA,FALSE,NA,NA,NA,NA,NA,FALSE,NA,neither,no_value
ID-Pag,2004,EBF,ICOS,NA,NA,NA,NA,NA,FALSE,NA,NA,NA,NA,NA,FALSE,NA,neither,no_value
ID-Pag,2005,EBF,ICOS,-540.075,0.68847,22.0743,110.70150000000001,112.881,TRUE,-505.607,0.68476,21.7,104.42699999999999,106.657,TRUE,-34.46800000000002,both,NA
ID-Pag,2006,EBF,ICOS,NA,NA,NA,NA,NA,FALSE,NA,NA,NA,NA,NA,FALSE,NA,neither,no_value
ID-Pag,2007,EBF,ICOS,-420.419,0.867009,20.4512,91.94950000000003,94.1966,TRUE,-549.342,0.885445,20.4925,111.53199999999998,113.399,TRUE,128.923,both,NA
ID-Pag,2008,EBF,ICOS,NA,NA,NA,NA,NA,FALSE,NA,NA,NA,NA,NA,FALSE,NA,neither,no_value
ID-Pag,2009,EBF,ICOS,NA,NA,NA,NA,NA,FALSE,NA,NA,NA,NA,NA,FALSE,NA,neither,no_value
ID-Pag,2010,EBF,ICOS,NA,NA,NA,NA,NA,FALSE,NA,NA,NA,NA,NA,FALSE,NA,neither,no_value
ID-Pag,2011,EBF,ICOS,NA,NA,NA,NA,NA,FALSE,NA,NA,NA,NA,NA,FALSE,NA,neither,no_value
ID-Pag,2012,EBF,ICOS,-995.324,0.648395,18.9423,83.887,85.9986,TRUE,-973.391,0.681979,19.6615,77.80149999999998,80.2496,TRUE,-21.932999999999993,both,NA
ID-Pag,2013,EBF,ICOS,-1143.86,0.975457,17.3338,44.190000000000055,47.467,TRUE,-1145.33,0.976884,17.6704,31.664999999999964,36.2626,TRUE,1.4700000000000273,both,NA
ID-Pag,2014,EBF,ICOS,NA,NA,NA,NA,NA,FALSE,NA,NA,NA,NA,NA,FALSE,NA,neither,no_value
ID-Pag,2015,EBF,ICOS,337.498,0.643037,20.6078,199.6495,200.71,TRUE,156.036,0.696747,21.7654,112.862,114.942,TRUE,181.462,both,NA
ID-Pag,2016,EBF,ICOS,-833.316,0.930897,18.0888,49.78800000000001,52.9723,TRUE,-852.553,0.957593,18.798,6.243999999999971,19.8079,TRUE,19.236999999999966,both,NA
ID-Pag,2017,EBF,ICOS,NA,NA,NA,NA,NA,FALSE,NA,NA,NA,NA,NA,FALSE,NA,neither,no_value
ID-Pag,2018,EBF,ICOS,NA,NA,NA,NA,NA,FALSE,NA,NA,NA,NA,NA,FALSE,NA,neither,no_value
IE-CaC,2003,CRO,ICOS,NA,NA,NA,NA,NA,FALSE,NA,NA,NA,NA,NA,FALSE,NA,neither,no_value
IE-CaC,2004,CRO,ICOS,-108.807,0.791724,3.19578,5.99785,6.79623,TRUE,-107.974,0.790813,3.14789,6.0122,6.78628,TRUE,-0.8329999999999984,both,NA
IE-CaC,2005,CRO,ICOS,NA,NA,NA,NA,NA,FALSE,NA,NA,NA,NA,NA,FALSE,NA,neither,no_value
IE-CaC,2006,CRO,ICOS,-86.0921,0.7746,4.57615,5.762099999999997,7.35816,TRUE,-91.7933,0.769635,4.48538,5.69435,7.24865,TRUE,5.7012,both,NA
IE-CaC,2007,CRO,ICOS,NA,NA,NA,NA,NA,FALSE,NA,NA,NA,NA,NA,FALSE,NA,neither,no_value
IE-CaN,2003,CRO,ICOS,NA,NA,NA,NA,NA,FALSE,NA,NA,NA,NA,NA,FALSE,NA,neither,no_value
IE-CaN,2004,CRO,ICOS,-71.8391,0.807832,2.90811,3.9499000000000066,4.90496,TRUE,-71.5474,0.788878,2.70239,4.007199999999997,4.83326,TRUE,-0.29170000000000584,both,NA
IE-CaN,2005,CRO,ICOS,NA,NA,NA,NA,NA,FALSE,NA,NA,NA,NA,NA,FALSE,NA,neither,no_value
IE-CaN,2006,CRO,ICOS,-239.292,0.658676,5.25435,5.349500000000006,7.49834,TRUE,-238.82,0.643893,4.44906,6.755499999999998,8.08911,TRUE,-0.4720000000000084,both,NA
IE-CaN,2007,CRO,ICOS,NA,NA,NA,NA,NA,FALSE,NA,NA,NA,NA,NA,FALSE,NA,neither,no_value
IE-Gwr,2016,CRO,ICOS,NA,NA,NA,NA,NA,FALSE,NA,NA,NA,NA,NA,FALSE,NA,neither,no_value
IL-RmH,2015,EBF,ICOS,NA,NA,NA,NA,NA,FALSE,NA,NA,NA,NA,NA,FALSE,NA,neither,no_value
IL-RmH,2016,EBF,ICOS,NA,NA,NA,NA,NA,FALSE,NA,NA,NA,NA,NA,FALSE,NA,neither,no_value
IL-RmH,2017,EBF,ICOS,NA,NA,NA,NA,NA,FALSE,NA,NA,NA,NA,NA,FALSE,NA,neither,no_value
IL-RmH,2018,EBF,ICOS,NA,NA,NA,NA,NA,FALSE,NA,NA,NA,NA,NA,FALSE,NA,neither,no_value
IL-RmH,2019,EBF,ICOS,NA,NA,NA,NA,NA,FALSE,NA,NA,NA,NA,NA,FALSE,NA,neither,no_value
IL-RmH,2020,EBF,ICOS,NA,NA,NA,NA,NA,FALSE,NA,NA,NA,NA,NA,FALSE,NA,neither,no_value
IL-Yat,2000,ENF,ICOS,NA,NA,NA,NA,NA,FALSE,NA,NA,NA,NA,NA,FALSE,NA,neither,no_value
IL-Yat,2001,ENF,ICOS,-167.061,0.812272,2.45704,8.610500000000002,8.95416,TRUE,-167.652,0.816096,2.48174,6.186499999999995,6.66578,TRUE,0.5909999999999798,both,NA
IL-Yat,2002,ENF,ICOS,-140.991,0.936986,2.97796,20.890500000000003,21.1016,TRUE,-149.545,0.939555,3.00193,13.442999999999998,13.774,TRUE,8.553999999999974,both,NA
IL-Yat,2003,ENF,ICOS,NA,NA,NA,NA,NA,FALSE,NA,NA,NA,NA,NA,FALSE,NA,neither,no_value
IL-Yat,2004,ENF,ICOS,-214.906,0.836179,2.03249,3.6430000000000007,4.17175,TRUE,-220.375,0.839709,1.96042,7.716500000000011,7.96143,TRUE,5.468999999999994,both,NA
IL-Yat,2005,ENF,ICOS,-254.035,0.915811,2.79363,7.154499999999999,7.68075,TRUE,-263.083,0.925228,2.85396,10.21499999999999,10.6065,TRUE,9.04800000000003,both,NA
IL-Yat,2006,ENF,ICOS,-109.105,0.925742,2.44208,4.545999999999999,5.16037,TRUE,-114.383,0.931963,2.4656,6.317999999999998,6.78183,TRUE,5.277999999999992,both,NA
IL-Yat,2007,ENF,ICOS,-138.086,0.90371,2.72694,17.599000000000004,17.8089,TRUE,-149.823,0.909932,2.80189,16.2905,16.5297,TRUE,11.736999999999995,both,NA
IL-Yat,2008,ENF,ICOS,-113.241,0.723816,1.62429,4.152500000000003,4.45891,TRUE,-117.239,0.740323,1.63808,3.733000000000004,4.0769,TRUE,3.9980000000000047,both,NA
IL-Yat,2009,ENF,ICOS,-90.1454,0.758219,2.08935,6.339150000000004,6.67458,TRUE,-90.8321,0.765354,2.18112,3.6906000000000034,4.28693,TRUE,0.6867000000000019,both,NA
IL-Yat,2010,ENF,ICOS,-76.3165,0.914441,1.89748,9.29215,9.48391,TRUE,-73.929,0.912158,1.91336,7.917349999999999,8.14525,TRUE,-2.387500000000003,both,NA
IL-Yat,2011,ENF,ICOS,NA,NA,NA,NA,NA,FALSE,NA,NA,NA,NA,NA,FALSE,NA,neither,no_value
IL-Yat,2012,ENF,ICOS,-71.7704,0.806694,2.52654,4.9328,5.54218,TRUE,-68.0052,0.802311,2.47094,4.4251000000000005,5.06824,TRUE,-3.765199999999993,both,NA
IL-Yat,2013,ENF,ICOS,-77.7026,0.842123,2.2641,4.135600000000004,4.71481,TRUE,-75.1356,0.839726,2.26127,2.7388499999999993,3.5517,TRUE,-2.5670000000000073,both,NA
IL-Yat,2014,ENF,ICOS,-116.631,0.932363,2.32231,10.8245,11.0708,TRUE,-113.504,0.929966,2.29949,6.987000000000002,7.35564,TRUE,-3.1269999999999953,both,NA
IL-Yat,2015,ENF,ICOS,-177.421,0.849943,2.39949,3.914999999999992,4.59185,TRUE,-169.25,0.843265,2.39593,3.908999999999992,4.58483,TRUE,-8.170999999999992,both,NA
IL-Yat,2016,ENF,ICOS,-109.239,0.866405,2.66818,15.0013,15.237,TRUE,-104.982,0.864982,2.67356,10.873550000000002,11.1974,TRUE,-4.257000000000005,both,NA
IL-Yat,2017,ENF,ICOS,-38.9397,0.940639,2.60102,9.636399999999998,9.98128,TRUE,-38.9484,0.940639,2.60131,10.878749999999998,11.1854,TRUE,0.008699999999997488,both,NA
IL-Yat,2018,ENF,ICOS,-60.2211,0.888185,2.50425,8.713899999999999,9.06661,TRUE,-60.839,0.888527,2.50717,11.029949999999996,11.3113,TRUE,0.6178999999999988,both,NA
IL-Yat,2019,ENF,ICOS,1.0478,0.941153,2.43958,7.450239999999999,7.83949,TRUE,2.63433,0.939555,2.46498,6.95579,7.37963,TRUE,-1.5865299999999998,both,NA
IL-Yat,2020,ENF,ICOS,-98.3989,0.973019,2.48736,5.453449999999997,5.99379,TRUE,-96.9732,0.971482,2.49309,7.331499999999998,7.74363,TRUE,-1.425699999999992,both,NA
IL-Yat,2021,ENF,ICOS,10.3669,0.932249,2.14373,4.285925000000001,4.79217,TRUE,9.99893,0.929795,2.13644,4.320435,4.8198,TRUE,0.3679699999999997,both,NA
IL-Yat,2022,ENF,ICOS,52.0608,0.975856,1.94906,4.02975,4.47632,TRUE,52.1607,0.974372,1.95798,6.5040999999999976,6.79246,TRUE,-0.0998999999999981,both,NA
IL-Yat,2023,ENF,ICOS,-10.9386,0.970833,2.08981,4.716245000000001,5.15852,TRUE,-10.9682,0.970833,2.08959,5.415535,5.80467,TRUE,0.029600000000000293,both,NA
IL-Yat,2024,ENF,ICOS,35.1261,0.956113,2.09857,6.261800000000001,6.6041,TRUE,37.486,0.95452,2.09047,7.780849999999999,8.05679,TRUE,-2.359899999999996,both,NA
IT-Arz,2016,OSH,ICOS,NA,NA,NA,NA,NA,FALSE,NA,NA,NA,NA,NA,FALSE,NA,neither,no_value
IT-Arz,2017,OSH,ICOS,-83.1729,0.954509,4.88425,9.384799999999998,10.5797,TRUE,-85.7602,0.961644,5.18959,10.438249999999996,11.6571,TRUE,2.587299999999999,both,NA
IT-Arz,2018,OSH,ICOS,-41.7223,0.965925,5.26051,12.43075,13.498,TRUE,-38.9152,0.967123,5.40815,14.608799999999999,15.5777,TRUE,-2.8070999999999984,both,NA
IT-Arz,2019,OSH,ICOS,-144.673,0.959703,5.64997,5.917999999999992,8.18185,TRUE,-144.183,0.960046,5.78054,9.006,10.7014,TRUE,-0.4900000000000091,both,NA
IT-Arz,2020,OSH,ICOS,NA,NA,NA,NA,NA,FALSE,NA,NA,NA,NA,NA,FALSE,NA,neither,no_value
IT-Arz,2021,OSH,ICOS,-45.1379,0.955822,4.66014,13.93275,14.6914,TRUE,-44.7868,0.955708,4.65309,15.78735,16.4587,TRUE,-0.3511000000000024,both,NA
IT-Arz,2022,OSH,ICOS,48.5266,0.890126,3.76808,17.19585,17.6038,TRUE,47.0824,0.890411,3.78449,17.03675,17.4521,TRUE,1.4442000000000021,both,NA
IT-Arz,2023,OSH,ICOS,NA,NA,NA,NA,NA,FALSE,NA,NA,NA,NA,NA,FALSE,NA,neither,no_value
IT-Arz,2024,OSH,ICOS,NA,NA,NA,NA,NA,FALSE,NA,NA,NA,NA,NA,FALSE,NA,neither,no_value
IT-BsB,2021,DBF,ICOS,NA,NA,NA,NA,NA,FALSE,NA,NA,NA,NA,NA,FALSE,NA,neither,no_value
IT-BsB,2022,DBF,ICOS,-663.487,0.905936,7.39618,387.15535,387.226,TRUE,-72.0019,0.661872,7.36963,408.504305,408.571,TRUE,-591.4851,both,NA
IT-BsB,2023,DBF,ICOS,-36.7337,0.744521,7.11262,460.5865,460.642,TRUE,93.4231,0.627911,7.62864,456.755,456.819,TRUE,-130.1568,both,NA
IT-BsB,2024,DBF,ICOS,-35.326,0.707024,7.212,478.109,478.163,TRUE,120.221,0.644752,7.27787,471.8465,471.903,TRUE,-155.547,both,NA
IT-Bsn,2020,GRA,ICOS,NA,NA,NA,NA,NA,FALSE,NA,NA,NA,NA,NA,FALSE,NA,neither,no_value
IT-Bsn,2021,GRA,ICOS,NA,NA,NA,NA,NA,FALSE,NA,NA,NA,NA,NA,FALSE,NA,neither,no_value
IT-CA1,2011,DBF,ICOS,NA,NA,NA,NA,NA,FALSE,NA,NA,NA,NA,NA,FALSE,NA,neither,no_value
IT-CA1,2012,DBF,ICOS,-274.609,0.920423,4.43695,16.994,17.5637,TRUE,-280.243,0.922017,4.45788,27.976499999999987,28.3296,TRUE,5.6340000000000146,both,NA
IT-CA1,2013,DBF,ICOS,NA,NA,NA,NA,NA,FALSE,NA,NA,NA,NA,NA,FALSE,NA,neither,no_value
IT-CA1,2014,DBF,ICOS,-343.329,0.915011,3.71542,14.854000000000013,15.3115,TRUE,-338.443,0.909304,3.72956,10.972000000000008,11.5887,TRUE,-4.886000000000024,both,NA
IT-CA2,2011,CRO,ICOS,NA,NA,NA,NA,NA,FALSE,NA,NA,NA,NA,NA,FALSE,NA,neither,no_value
IT-CA2,2012,CRO,ICOS,-19.4482,0.92492,6.53262,18.243565,19.3779,TRUE,-33.1844,0.931979,6.63396,55.5575,55.9521,TRUE,13.736199999999997,both,NA
IT-CA2,2013,CRO,ICOS,-319.439,0.946461,3.91725,58.763000000000005,58.8933,TRUE,-334.475,0.953425,3.94434,51.198499999999996,51.3502,TRUE,15.036000000000001,both,NA
IT-CA2,2014,CRO,ICOS,52.7763,0.828938,4.51222,94.44115000000001,94.549,TRUE,105.979,0.809932,4.38808,88.257795,88.3669,TRUE,-53.2027,both,NA
IT-CA3,2011,DBF,ICOS,NA,NA,NA,NA,NA,FALSE,NA,NA,NA,NA,NA,FALSE,NA,neither,no_value
IT-CA3,2012,DBF,ICOS,-339.731,0.867429,5.78112,7.415500000000009,9.4025,TRUE,-339.522,0.873748,5.82504,7.7065000000000055,9.66015,TRUE,-0.20900000000000318,both,NA
IT-CA3,2013,DBF,ICOS,-512.058,0.91387,3.0926,46.30699999999996,46.4098,TRUE,-510.034,0.913642,3.08604,46.227000000000004,46.3299,TRUE,-2.024000000000001,both,NA
IT-CA3,2014,DBF,ICOS,-1132.17,0.604566,7.08634,23.840000000000032,24.8691,TRUE,-1135.2,0.624315,6.58617,21.569999999999936,22.5496,TRUE,3.0299999999999727,both,NA
IT-Lav,2003,ENF,ICOS,-1616.64,0.930993,7.9139,8.535000000000082,11.6408,TRUE,-1626.7,0.951941,7.98383,9.800000000000068,12.6397,TRUE,10.059999999999945,both,NA
IT-Lav,2004,ENF,ICOS,-1740.59,0.956967,8.45021,38.460000000000036,39.3758,TRUE,-1776.98,0.967782,8.45351,39.504999999999995,40.4018,TRUE,36.3900000000001,both,NA
IT-Lav,2005,ENF,ICOS,-1732.58,0.92911,8.53513,13.169999999999959,15.6968,TRUE,-1709.11,0.959989,8.51975,11.735000000000014,14.5004,TRUE,-23.470000000000027,both,NA
IT-Lav,2006,ENF,ICOS,-1657.05,0.953995,7.98913,6.875,10.54,TRUE,-1655.39,0.974201,8.06239,6.719999999999914,10.4932,TRUE,-1.6599999999998545,both,NA
IT-Lav,2007,ENF,ICOS,-1746.84,0.96347,7.44867,5.600000000000023,9.32138,TRUE,-1757.61,0.979281,7.59105,8.775000000000091,11.6021,TRUE,10.769999999999982,both,NA
IT-Lav,2008,ENF,ICOS,-1906.44,0.969775,8.80353,18.17999999999995,20.2032,TRUE,-1942.44,0.987136,9.00227,15.470000000000027,17.8978,TRUE,36,both,NA
IT-Lav,2009,ENF,ICOS,-2119.57,0.983847,10.1301,12,15.7043,TRUE,-2143.07,0.988927,10.1788,12.100000000000136,15.8115,TRUE,23.5,both,NA
IT-Lav,2010,ENF,ICOS,-1810.28,0.963242,9.78141,16.019999999999982,18.7736,TRUE,-1834.05,0.982363,10.0628,15.56000000000006,18.5314,TRUE,23.769999999999982,both,NA
IT-Lav,2011,ENF,ICOS,-1902.46,0.868721,8.10752,19.430000000000064,21.0547,TRUE,-1897.54,0.867751,8.00874,15.75,17.67,TRUE,-4.920000000000073,both,NA
IT-Lav,2012,ENF,ICOS,-2058.4,0.769638,8.60651,7.544999999999959,11.4456,TRUE,-2062.99,0.758538,8.55815,11.340000000000032,14.2067,TRUE,4.589999999999691,both,NA
IT-Lav,2013,ENF,ICOS,-1650.28,0.941724,8.49485,16.975000000000023,18.9822,TRUE,-1650.29,0.940582,8.47242,21.91999999999996,23.5023,TRUE,0.009999999999990905,both,NA
IT-Lav,2014,ENF,ICOS,-2017.68,0.778881,9.93785,39.5,40.7316,TRUE,-2019.95,0.77871,9.95904,46.319999999999936,47.3801,TRUE,2.269999999999982,both,NA
IT-Lav,2015,ENF,ICOS,-2081.81,0.843322,9.50013,10.089999999999918,13.8581,TRUE,-2086.34,0.84024,9.07162,43.90499999999997,44.8319,TRUE,4.5300000000002,both,NA
IT-Lav,2016,ENF,ICOS,-2176.57,0.995332,9.49259,13.4699999999998,16.4782,TRUE,-2190.11,0.994194,9.25753,27.11999999999989,28.6577,TRUE,13.539999999999964,both,NA
IT-Lav,2017,ENF,ICOS,-2233.96,0.900342,9.81004,7.079999999999927,12.0995,TRUE,-2244.06,0.896176,9.5217,11.150000000000091,14.6602,TRUE,10.099999999999909,both,NA
IT-Lav,2018,ENF,ICOS,-2336.08,0.875342,11.1999,37.059999999999945,38.7113,TRUE,-2354.02,0.836872,10.8085,32.59500000000003,34.3398,TRUE,17.940000000000055,both,NA
IT-Lav,2019,ENF,ICOS,-2419.46,0.934418,9.81621,40.820000000000164,41.9813,TRUE,-2419.76,0.934874,9.87638,42.194999999999936,43.3341,TRUE,0.3000000000001819,both,NA
IT-Lav,2020,ENF,ICOS,-2327.53,0.987876,9.84435,18.705000000000155,21.1355,TRUE,-2338.39,0.991462,10.0864,14.49499999999989,17.6598,TRUE,10.859999999999673,both,NA
IT-NiG,2020,GRA,ICOS,NA,NA,NA,NA,NA,FALSE,NA,NA,NA,NA,NA,FALSE,NA,neither,no_value
IT-NiG,2021,GRA,ICOS,20.0576,0.963299,5.26541,46.9319,47.2264,TRUE,97.7389,0.923916,4.97402,70.0712,70.2475,TRUE,-77.6813,both,NA
IT-NiG,2022,GRA,ICOS,-94.3536,0.962386,3.80054,5.449950000000001,6.64422,TRUE,-123.295,0.93282,3.59147,7.332350000000005,8.16474,TRUE,28.9414,both,NA
IT-NiG,2023,GRA,ICOS,NA,NA,NA,NA,NA,FALSE,NA,NA,NA,NA,NA,FALSE,NA,neither,no_value
IT-NiG,2024,GRA,ICOS,-71.1669,0.74704,3.76087,16.904250000000005,17.3174,TRUE,-70.7408,0.743682,3.86574,15.518249999999995,15.9927,TRUE,-0.42610000000000525,both,NA
IT-SRo,1999,ENF,ICOS,-369.485,0.928311,NA,12.026499999999999,NA,TRUE,-361.637,0.924886,NA,12.3245,NA,TRUE,-7.848000000000013,both,NA
IT-SRo,2000,ENF,ICOS,-429.39,0.883595,26.8025,23.44150000000002,35.6071,TRUE,-434.817,0.8935,28.0318,4.594500000000011,28.4058,TRUE,5.427000000000021,both,NA
IT-SRo,2001,ENF,ICOS,-354.096,0.970434,5.60348,44.34700000000001,44.6996,TRUE,-374.514,0.98145,5.67938,20.222499999999997,21.0049,TRUE,20.418000000000006,both,NA
IT-SRo,2002,ENF,ICOS,-355.42,0.819635,5.44453,21.358499999999992,22.0415,TRUE,-344.162,0.852626,5.54509,12.102499999999992,13.3125,TRUE,-11.258000000000038,both,NA
IT-SRo,2003,ENF,ICOS,-395.212,0.964669,5.39837,10.088999999999999,11.4424,TRUE,-395.121,0.964441,5.39576,5.241000000000014,7.52206,TRUE,-0.09100000000000819,both,NA
IT-SRo,2004,ENF,ICOS,-493.94,0.907958,6.0322,17.5745,18.5809,TRUE,-505.554,0.898167,5.77407,18.021500000000003,18.9239,TRUE,11.613999999999976,both,NA
IT-SRo,2005,ENF,ICOS,NA,NA,NA,NA,NA,FALSE,NA,NA,NA,NA,NA,FALSE,NA,neither,no_value
IT-SRo,2006,ENF,ICOS,-567.334,0.972888,6.5522,4.734000000000037,8.0836,TRUE,-572.281,0.969463,6.35978,5.149499999999989,8.18303,TRUE,4.947000000000003,both,NA
IT-SRo,2007,ENF,ICOS,-477.297,0.94355,6.23209,14.700999999999993,15.9674,TRUE,-476.263,0.943493,6.16838,14.91500000000002,16.14,TRUE,-1.0340000000000487,both,NA
IT-SRo,2008,ENF,ICOS,NA,NA,NA,NA,NA,FALSE,NA,NA,NA,NA,NA,FALSE,NA,neither,no_value
IT-SRo,2009,ENF,ICOS,-661.543,0.799543,13.5074,11.420500000000004,17.6883,TRUE,-668.966,0.795148,13.1622,19.25,23.32,TRUE,7.423000000000002,both,NA
IT-SRo,2010,ENF,ICOS,-631.645,0.782648,14.923,56.22750000000002,58.1741,TRUE,-650.914,0.772032,15.3126,75.76750000000004,77.2991,TRUE,19.269000000000005,both,NA
IT-SRo,2011,ENF,ICOS,-324.46,0.921005,9.57502,38.88150000000002,40.043,TRUE,-339.536,0.918664,9.56746,35.59299999999999,36.8561,TRUE,15.076000000000022,both,NA
IT-SRo,2012,ENF,ICOS,67.6108,0.936988,10.1091,39.7855,41.0498,TRUE,79.6829,0.93824,10.2646,37.85335,39.2204,TRUE,-12.072100000000006,both,NA
JP-BBY,2014,WET,ICOS,NA,NA,NA,NA,NA,FALSE,NA,NA,NA,NA,NA,FALSE,NA,neither,no_value
JP-BBY,2015,WET,ICOS,NA,NA,NA,NA,NA,FALSE,NA,NA,NA,NA,NA,FALSE,NA,neither,no_value
JP-BBY,2016,WET,ICOS,-251.257,0.708276,2.46663,2.198999999999998,3.30458,TRUE,-250.124,0.711122,2.27312,2.3755000000000024,3.28779,TRUE,-1.1330000000000098,both,NA
JP-BBY,2017,WET,ICOS,NA,NA,NA,NA,NA,FALSE,NA,NA,NA,NA,NA,FALSE,NA,neither,no_value
JP-BBY,2018,WET,ICOS,NA,NA,NA,NA,NA,FALSE,NA,NA,NA,NA,NA,FALSE,NA,neither,no_value
JP-BBY,2019,WET,ICOS,-90.1565,0.55508,2.83865,6.234250000000003,6.85007,TRUE,-89.3956,0.560331,2.80459,5.223600000000005,5.92886,TRUE,-0.7608999999999924,both,NA
JP-BBY,2020,WET,ICOS,-73.7854,0.68972,2.57774,4.0776499999999984,4.82408,TRUE,-74.7029,0.692623,2.54144,3.922850000000004,4.67415,TRUE,0.917500000000004,both,NA
JP-Fhk,2006,DNF,ICOS,-412.257,0.952454,9.12566,47.7525,48.6164,TRUE,-374.884,0.964384,8.62484,25.010999999999996,26.4564,TRUE,-37.37299999999999,both,NA
JP-Fhk,2007,DNF,ICOS,-321.295,0.965068,6.45522,9.682999999999993,11.6377,TRUE,-313.4,0.972945,6.52884,6.457499999999982,9.1828,TRUE,-7.895000000000039,both,NA
JP-Fhk,2008,DNF,ICOS,-352.794,0.906022,6.61962,44.948499999999996,45.4335,TRUE,-319.663,0.913764,6.79612,19.772500000000008,20.9076,TRUE,-33.13099999999997,both,NA
JP-Fhk,2009,DNF,ICOS,-298.849,0.971176,7.48657,15.698999999999984,17.3927,TRUE,-310.395,0.972888,7.51601,21.141500000000008,22.4379,TRUE,11.545999999999992,both,NA
JP-Fhk,2010,DNF,ICOS,-313.117,0.946005,10.8945,15.648500000000013,19.0675,TRUE,-311.204,0.947432,10.7543,12.492500000000007,16.4836,TRUE,-1.913000000000011,both,NA
JP-Fhk,2011,DNF,ICOS,-247.641,0.922317,5.96307,6.673500000000004,8.94942,TRUE,-244.284,0.922432,5.96285,8.1285000000000025,10.0812,TRUE,-3.3569999999999993,both,NA
JP-Fhk,2012,DNF,ICOS,-374.919,0.904998,7.49279,7.6935,10.7391,TRUE,-384.574,0.902038,7.40116,15.085499999999996,16.8033,TRUE,9.65500000000003,both,NA
JP-Fhk,2013,DNF,ICOS,0.208672,0.927169,7.26828,9.21928,11.7398,TRUE,0.140822,0.907021,7.04159,10.590435,12.7178,TRUE,0.06785,both,NA
JP-Fhk,2014,DNF,ICOS,-135.097,0.931164,7.55633,5.984000000000009,9.63895,TRUE,-147.385,0.916267,7.49719,8.516999999999996,11.3464,TRUE,12.287999999999982,both,NA
JP-Fhk,2015,DNF,ICOS,-113.056,0.958276,7.82637,11.277500000000003,13.7272,TRUE,-95.8691,0.942979,7.9228,18.063249999999996,19.7246,TRUE,-17.186899999999994,both,NA
JP-Fhk,2016,DNF,ICOS,-93.2016,0.907161,7.35289,6.821999999999996,10.0302,TRUE,-112.892,0.888775,7.11889,19.001500000000007,20.2912,TRUE,19.690399999999997,both,NA
JP-Fhk,2017,DNF,ICOS,-151.166,0.953368,7.55164,19.033999999999992,20.4776,TRUE,-162.753,0.924658,7.47072,12.350999999999999,14.4349,TRUE,11.586999999999989,both,NA
JP-Fhk,2018,DNF,ICOS,-59.3802,0.919121,8.00725,6.197150000000004,10.1252,TRUE,-44.6257,0.891153,8.1007,26.817749999999997,28.0145,TRUE,-14.7545,both,NA
JP-Fhk,2019,DNF,ICOS,-53.847,0.947774,7.60653,2.097149999999999,7.89034,TRUE,-37.128,0.923973,8.49594,16.4066,18.4759,TRUE,-16.719,both,NA
JP-Fhk,2020,DNF,ICOS,-14.7965,0.929759,8.89335,15.214329999999999,17.6229,TRUE,12.5737,0.89293,9.31365,40.807199999999995,41.8565,TRUE,-27.3702,both,NA
JP-Fhk,2021,DNF,ICOS,-24.0298,0.926199,9.06594,7.07025,11.497,TRUE,-43.9834,0.901655,9.22182,12.818150000000001,15.7907,TRUE,19.9536,both,NA
JP-Fhk,2022,DNF,ICOS,-27.5558,0.941495,8.30143,6.674149999999999,10.6517,TRUE,-20.5703,0.919121,7.80683,14.588949999999999,16.5464,TRUE,-6.985500000000002,both,NA
JP-Fhk,2023,DNF,ICOS,-167.982,0.912785,9.26975,5.4405,10.7483,TRUE,-169.952,0.88613,8.301,5.982500000000002,10.2322,TRUE,1.9699999999999989,both,NA
JP-Fjy,2001,ENF,ICOS,-353.501,0.945548,8.19318,15.505500000000012,17.5371,TRUE,-379.838,0.928311,7.68022,18.54650000000001,20.0737,TRUE,26.337000000000046,both,NA
JP-Fjy,2002,ENF,ICOS,-404.869,0.943607,6.97108,14.909500000000008,16.4589,TRUE,-431.859,0.929566,6.1292,14.975999999999999,16.1818,TRUE,26.989999999999952,both,NA
JP-Fjy,2003,ENF,ICOS,-172.689,0.8625,6.48482,16.19250000000001,17.4426,TRUE,-209.815,0.825171,5.8339,27.765,28.3714,TRUE,37.126000000000005,both,NA
JP-Fjy,2004,ENF,ICOS,-447.029,0.862363,7.73378,16.126000000000005,17.8845,TRUE,-460.62,0.852345,8.11369,20.284999999999997,21.8479,TRUE,13.591000000000008,both,NA
JP-Fjy,2005,ENF,ICOS,-409.557,0.954224,7.04437,6.274499999999989,9.43338,TRUE,-422.149,0.943836,6.29924,16.44399999999999,17.6092,TRUE,12.591999999999985,both,NA
JP-Fjy,2006,ENF,ICOS,-416.085,0.930479,7.17274,5.346000000000004,8.94585,TRUE,-402.618,0.921861,6.71472,9.393999999999977,11.5473,TRUE,-13.466999999999985,both,NA
JP-Fjy,2007,ENF,ICOS,-434.843,0.92774,7.18299,12.164999999999992,14.1274,TRUE,-477.126,0.916895,6.82766,28.65300000000002,29.4555,TRUE,42.28299999999996,both,NA
JP-Fjy,2008,ENF,ICOS,-305.818,0.95765,6.96153,16.38549999999998,17.803,TRUE,-316.169,0.953381,7.10991,24.379999999999995,25.3955,TRUE,10.350999999999999,both,NA
JP-Fjy,2009,ENF,ICOS,-449.171,0.996747,6.59773,36.298,36.8925,TRUE,-458.983,0.996518,6.52339,44.609999999999985,45.0841,TRUE,9.812000000000012,both,NA
JP-Fjy,2010,ENF,ICOS,-492.048,0.992808,7.37906,13.945999999999998,15.7779,TRUE,-491.169,0.992808,7.59385,15.191000000000003,16.9833,TRUE,-0.8790000000000191,both,NA
JP-Fjy,2011,ENF,ICOS,-430.928,0.988128,7.47476,17.63299999999998,19.152,TRUE,-424.24,0.988699,7.50519,17.22399999999999,18.7879,TRUE,-6.687999999999988,both,NA
JP-Fjy,2012,ENF,ICOS,-437.295,0.990039,7.4343,12.062000000000012,14.1687,TRUE,-424.895,0.991803,7.53861,9.162499999999994,11.8653,TRUE,-12.400000000000034,both,NA
JP-Fjy,2013,ENF,ICOS,-470.592,0.988071,7.28641,16.081999999999994,17.6559,TRUE,-453.848,0.989441,7.43711,17.46599999999998,18.9833,TRUE,-16.74399999999997,both,NA
JP-Fjy,2014,ENF,ICOS,-456.622,0.996062,7.53896,7.276499999999999,10.478,TRUE,-461.762,0.996518,7.69865,14.096000000000004,16.0612,TRUE,5.139999999999986,both,NA
JP-Fjy,2015,ENF,ICOS,-432.496,0.991895,7.99104,7.594499999999982,11.0241,TRUE,-429.415,0.992066,8.08422,7.851499999999987,11.2693,TRUE,-3.0809999999999604,both,NA
JP-Fjy,2016,ENF,ICOS,-382.661,0.991405,7.28574,13.364500000000021,15.2214,TRUE,-377.053,0.992316,7.52923,9.480500000000006,12.1063,TRUE,-5.608000000000004,both,NA
JP-Fjy,2017,ENF,ICOS,-446.222,0.99218,6.78923,7,9.75187,TRUE,-444.281,0.992979,7.00528,9.155000000000001,11.5278,TRUE,-1.940999999999974,both,NA
JP-Fjy,2018,ENF,ICOS,-391.376,0.95742,7.92553,8.13300000000001,11.3561,TRUE,-386.082,0.959132,7.95442,3.8559999999999945,8.83987,TRUE,-5.293999999999983,both,NA
JP-Fjy,2019,ENF,ICOS,-294.411,0.992979,7.74446,16.897999999999996,18.588,TRUE,-288.848,0.994007,7.72217,16.763499999999993,18.4565,TRUE,-5.562999999999988,both,NA
JP-Fjy,2020,ENF,ICOS,-384.363,0.987193,7.4379,6.7065000000000055,10.0148,TRUE,-382.075,0.988786,7.40503,6.966500000000025,10.1671,TRUE,-2.288000000000011,both,NA
JP-Fjy,2021,ENF,ICOS,NA,NA,NA,NA,NA,FALSE,NA,NA,NA,NA,NA,FALSE,NA,neither,no_value
JP-Fmt,2014,MF,ICOS,492.566,0.740411,26.0692,33.85699999999997,42.7305,TRUE,494.775,0.784132,26.986,33.263000000000034,42.833,TRUE,-2.209000000000003,both,NA
JP-Fmt,2015,MF,ICOS,614.721,0.914098,16.613,24.141999999999996,29.3059,TRUE,509.454,0.940696,18.1171,97.51449999999997,99.1833,TRUE,105.267,both,NA
JP-Fmt,2016,MF,ICOS,NA,NA,NA,NA,NA,FALSE,NA,NA,NA,NA,NA,FALSE,NA,neither,no_value
JP-Fmt,2017,MF,ICOS,NA,NA,NA,NA,NA,FALSE,NA,NA,NA,NA,NA,FALSE,NA,neither,no_value
JP-Fmt,2018,MF,ICOS,-444.536,0.889041,11.2455,84.9505,85.6919,TRUE,-523.756,0.876313,10.5685,144.379,144.765,TRUE,79.21999999999997,both,NA
JP-Fmt,2019,MF,ICOS,NA,NA,NA,NA,NA,FALSE,NA,NA,NA,NA,NA,FALSE,NA,neither,no_value
JP-Fmt,2020,MF,ICOS,-334.403,0.895833,12.7264,77.55350000000001,78.5908,TRUE,-427.491,0.88627,12.3998,170.64350000000002,171.093,TRUE,93.08799999999997,both,NA
JP-Fmt,2021,MF,ICOS,NA,NA,NA,NA,NA,FALSE,NA,NA,NA,NA,NA,FALSE,NA,neither,no_value
JP-Fmt,2022,MF,ICOS,NA,NA,NA,NA,NA,FALSE,NA,NA,NA,NA,NA,FALSE,NA,neither,no_value
JP-Fmt,2023,MF,ICOS,NA,NA,NA,NA,NA,FALSE,NA,NA,NA,NA,NA,FALSE,NA,neither,no_value
JP-Hc2,2003,CRO,ICOS,NA,NA,NA,NA,NA,FALSE,NA,NA,NA,NA,NA,FALSE,NA,neither,no_value
JP-Hc2,2004,CRO,ICOS,NA,NA,NA,NA,NA,FALSE,NA,NA,NA,NA,NA,FALSE,NA,neither,no_value
JP-Hc3,2005,CRO,ICOS,NA,NA,NA,NA,NA,FALSE,NA,NA,NA,NA,NA,FALSE,NA,neither,no_value
JP-Hc3,2006,CRO,ICOS,NA,NA,NA,NA,NA,FALSE,NA,NA,NA,NA,NA,FALSE,NA,neither,no_value
JP-Hc3,2007,CRO,ICOS,-688.663,0.829338,8.16081,13.001000000000033,15.3503,TRUE,-689.749,0.828938,8.16081,15.675000000000011,17.6721,TRUE,1.0860000000000127,both,NA
JP-Hc3,2008,CRO,ICOS,-624.416,0.871186,10.5174,15.875499999999988,19.0432,TRUE,-624.416,0.871186,10.5174,16.47199999999998,19.543,TRUE,0,both,NA
JP-KaP,1997,CRO,ICOS,NA,NA,NA,NA,NA,FALSE,NA,NA,NA,NA,NA,FALSE,NA,neither,no_value
JP-Khw,2000,ENF,ICOS,NA,NA,NA,NA,NA,FALSE,-402.169,0.734916,10.987,32.14550000000003,33.9714,TRUE,NA,CUT_only,NA
JP-Khw,2001,ENF,ICOS,NA,NA,NA,NA,NA,FALSE,-604.766,0.891553,10.0809,47.797000000000025,48.8488,TRUE,NA,CUT_only,NA
JP-Khw,2002,ENF,ICOS,NA,NA,NA,NA,NA,FALSE,-471.643,0.89589,9.36127,12.613999999999976,15.7083,TRUE,NA,CUT_only,NA
JP-Khw,2003,ENF,ICOS,NA,NA,NA,NA,NA,FALSE,-341.793,0.928425,10.0682,7.087999999999994,12.313,TRUE,NA,CUT_only,NA
JP-Khw,2004,ENF,ICOS,NA,NA,NA,NA,NA,FALSE,NA,NA,NA,NA,NA,FALSE,NA,neither,no_value
JP-Khw,2005,ENF,ICOS,NA,NA,NA,NA,NA,FALSE,NA,NA,NA,NA,NA,FALSE,NA,neither,no_value
JP-Khw,2006,ENF,ICOS,NA,NA,NA,NA,NA,FALSE,NA,NA,NA,NA,NA,FALSE,NA,neither,no_value
JP-Khw,2007,ENF,ICOS,NA,NA,NA,NA,NA,FALSE,-1157.83,0.890811,11.165,56.64999999999998,57.7387,TRUE,NA,CUT_only,NA
JP-Khw,2008,ENF,ICOS,NA,NA,NA,NA,NA,FALSE,-1434.33,0.831341,14.9251,62.039999999999964,63.8113,TRUE,NA,CUT_only,NA
JP-Khw,2009,ENF,ICOS,NA,NA,NA,NA,NA,FALSE,NA,NA,NA,NA,NA,FALSE,NA,neither,no_value
JP-Khw,2010,ENF,ICOS,NA,NA,NA,NA,NA,FALSE,-693.031,0.794863,9.5551,59.430499999999995,60.1935,TRUE,NA,CUT_only,NA
JP-Khw,2011,ENF,ICOS,NA,NA,NA,NA,NA,FALSE,NA,NA,NA,NA,NA,FALSE,NA,neither,no_value
JP-Khw,2012,ENF,ICOS,NA,NA,NA,NA,NA,FALSE,NA,NA,NA,NA,NA,FALSE,NA,neither,no_value
JP-Khw,2013,ENF,ICOS,NA,NA,NA,NA,NA,FALSE,NA,NA,NA,NA,NA,FALSE,NA,neither,no_value
JP-Khw,2014,ENF,ICOS,NA,NA,NA,NA,NA,FALSE,NA,NA,NA,NA,NA,FALSE,NA,neither,no_value
JP-Khw,2015,ENF,ICOS,NA,NA,NA,NA,NA,FALSE,NA,NA,NA,NA,NA,FALSE,NA,neither,no_value
JP-Khw,2016,ENF,ICOS,NA,NA,NA,NA,NA,FALSE,NA,NA,NA,NA,NA,FALSE,NA,neither,no_value
JP-Khw,2017,ENF,ICOS,NA,NA,NA,NA,NA,FALSE,NA,NA,NA,NA,NA,FALSE,NA,neither,no_value
JP-Khw,2018,ENF,ICOS,NA,NA,NA,NA,NA,FALSE,-1695.3,0.850114,17.4377,23.88499999999999,29.5745,TRUE,NA,CUT_only,NA
JP-Khw,2019,ENF,ICOS,NA,NA,NA,NA,NA,FALSE,NA,NA,NA,NA,NA,FALSE,NA,neither,no_value
JP-Khw,2020,ENF,ICOS,NA,NA,NA,NA,NA,FALSE,NA,NA,NA,NA,NA,FALSE,NA,neither,no_value
JP-Khw,2021,ENF,ICOS,NA,NA,NA,NA,NA,FALSE,NA,NA,NA,NA,NA,FALSE,NA,neither,no_value
JP-Kzw,2001,MF,ICOS,NA,NA,NA,NA,NA,FALSE,NA,NA,NA,NA,NA,FALSE,NA,neither,no_value
JP-Kzw,2002,MF,ICOS,18.7603,0.793265,8.23406,47.13655,47.8503,TRUE,24.6276,0.798973,8.51068,48.46785,49.2094,TRUE,-5.8673,both,NA
JP-Kzw,2003,MF,ICOS,-138.809,0.968322,6.87655,46.46170000000001,46.968,TRUE,-190.099,0.97774,7.79524,59.362750000000005,59.8723,TRUE,51.28999999999999,both,NA
JP-Kzw,2004,MF,ICOS,-181.225,0.990665,6.14485,103.75575,103.938,TRUE,-260.053,0.99408,6.63875,116.194885,116.384,TRUE,78.828,both,NA
JP-Kzw,2005,MF,ICOS,-161.647,0.938413,6.10613,44.2846,44.7035,TRUE,-209.838,0.941381,6.2606,39.452,39.9455,TRUE,48.191,both,NA
JP-Kzw,2006,MF,ICOS,-125.975,0.966438,5.59592,119.41290000000001,119.544,TRUE,-162.896,0.971176,6.3207700000000004,123.03575000000001,123.198,TRUE,36.92099999999999,both,NA
JP-Kzw,2007,MF,ICOS,-190.284,0.980936,5.46826,49.742999999999995,50.0428,TRUE,-230.877,0.98847,5.93738,57.87160000000001,58.1754,TRUE,40.59300000000002,both,NA
JP-Kzw,2008,MF,ICOS,-152.883,0.939151,5.85544,47.8647,48.2215,TRUE,-195.467,0.969148,7.02692,61.17435,61.5767,TRUE,42.584,both,NA
JP-MBF,2004,DBF,ICOS,NA,NA,NA,NA,NA,FALSE,NA,NA,NA,NA,NA,FALSE,NA,neither,no_value
JP-MBF,2005,DBF,ICOS,-277.281,0.776941,4.96204,8.174000000000007,9.56237,TRUE,-268.154,0.821176,4.5383,8.532499999999999,9.66449,TRUE,-9.12700000000001,both,NA
JP-MBF,2006,DBF,ICOS,-314.411,0.857763,5.22269,36.938500000000005,37.306,TRUE,-325.143,0.870947,5.59667,38.1875,38.5959,TRUE,10.731999999999971,both,NA
JP-MBF,2007,DBF,ICOS,-519.495,0.842865,6.48608,26.524,27.3056,TRUE,-546.338,0.874715,6.22892,31.501499999999993,32.1114,TRUE,26.84299999999996,both,NA
JP-MBF,2008,DBF,ICOS,-593.178,0.793887,6.61602,20.781000000000006,21.8084,TRUE,-585.686,0.798042,6.59687,19.947000000000003,21.0099,TRUE,-7.491999999999962,both,NA
JP-MBF,2009,DBF,ICOS,-471.078,0.776998,6.53247,29.855500000000006,30.5617,TRUE,-480.002,0.784475,6.43087,29.700999999999993,30.389,TRUE,8.924000000000035,both,NA
JP-MBF,2010,DBF,ICOS,NA,NA,NA,NA,NA,FALSE,NA,NA,NA,NA,NA,FALSE,NA,neither,no_value
JP-MBF,2011,DBF,ICOS,NA,NA,NA,NA,NA,FALSE,NA,NA,NA,NA,NA,FALSE,NA,neither,no_value
JP-MMF,2004,MF,ICOS,NA,NA,NA,NA,NA,FALSE,NA,NA,NA,NA,NA,FALSE,NA,neither,no_value
JP-MMF,2005,MF,ICOS,-323.302,0.824486,4.79556,24.227000000000004,24.6969,TRUE,-334.934,0.854224,4.71505,30.470499999999987,30.8335,TRUE,11.632000000000005,both,NA
JP-MMF,2006,MF,ICOS,-708.842,0.928253,6.1333,37.867999999999995,38.3614,TRUE,-704.881,0.939269,6.22204,31.281999999999982,31.8946,TRUE,-3.9610000000000127,both,NA
JP-MMF,2007,MF,ICOS,-868.492,0.890297,6.22432,13.461999999999989,14.8312,TRUE,-887.217,0.883847,6.02587,37.03449999999998,37.5216,TRUE,18.725000000000023,both,NA
JP-MMF,2008,MF,ICOS,-775.985,0.910519,6.74562,16.093500000000006,17.4502,TRUE,-784.703,0.91752,6.56402,20.928499999999985,21.9339,TRUE,8.717999999999961,both,NA
JP-MMF,2009,MF,ICOS,-637.114,0.840068,6.55869,21.831000000000017,22.7949,TRUE,-623.344,0.846575,6.60037,20.882000000000005,21.9002,TRUE,-13.769999999999982,both,NA
JP-MMF,2010,MF,ICOS,-825.774,0.830651,7.22761,9.339999999999975,11.8099,TRUE,-828.465,0.830594,7.21658,8.932999999999993,11.4837,TRUE,2.691000000000031,both,NA
JP-MMF,2011,MF,ICOS,NA,NA,NA,NA,NA,FALSE,NA,NA,NA,NA,NA,FALSE,NA,neither,no_value
JP-Mse,2002,CRO,ICOS,-139.238,0.961758,3.63898,3.5064999999999884,5.05344,TRUE,-136.208,0.961016,3.5993,4.258499999999998,5.57593,TRUE,-3.030000000000001,both,NA
JP-Mse,2003,CRO,ICOS,-142.225,0.946918,3.51703,12.2915,12.7847,TRUE,-147.392,0.954795,3.54449,7.135499999999993,7.9676,TRUE,5.167000000000002,both,NA
JP-Mse,2004,CRO,ICOS,-363.348,0.962033,3.9682,19.674499999999995,20.0707,TRUE,-370.495,0.965107,4.06482,19.120499999999993,19.5477,TRUE,7.146999999999991,both,NA
JP-Mse,2005,CRO,ICOS,-254.546,0.962272,4.31671,16.6015,17.1534,TRUE,-261.21,0.967694,4.47084,11.4405,12.283,TRUE,6.663999999999987,both,NA
JP-Mse,2006,CRO,ICOS,-135.049,0.952911,3.85286,1.9080000000000013,4.29932,TRUE,-138.075,0.946575,3.72591,5.389499999999991,6.55198,TRUE,3.025999999999982,both,NA
JP-Mse,2007,CRO,ICOS,-185.35,0.955651,3.96557,3.4749999999999943,5.27261,TRUE,-183.502,0.954852,3.92586,3.4299999999999926,5.21333,TRUE,-1.8479999999999848,both,NA
JP-Mse,2008,CRO,ICOS,-207.78,0.780339,5.26042,4.179000000000002,6.71819,TRUE,-209.541,0.774476,5.13593,4.738500000000002,6.98769,TRUE,1.7609999999999957,both,NA
JP-Mse,2009,CRO,ICOS,-174.284,0.941553,4.8241,9.751000000000005,10.8789,TRUE,-176.482,0.9379,4.81575,7.394999999999996,8.82478,TRUE,2.1980000000000075,both,NA
JP-NsC,2004,GRA,ICOS,NA,NA,NA,NA,NA,FALSE,NA,NA,NA,NA,NA,FALSE,NA,neither,no_value
JP-NsC,2005,GRA,ICOS,-445.922,0.97597,6.08087,10.0685,11.7621,TRUE,-446.205,0.975685,6.09676,10.145499999999998,11.8366,TRUE,0.2829999999999586,both,NA
JP-NsC,2006,GRA,ICOS,-374.128,0.960046,6.65875,6.299999999999983,9.16663,TRUE,-374.014,0.960046,6.66591,6.825999999999993,9.54071,TRUE,-0.1139999999999759,both,NA
JP-NsC,2007,GRA,ICOS,-273.467,0.97363,5.7183,7.329499999999996,9.29627,TRUE,-271.998,0.973573,5.73108,7.429000000000002,9.38245,TRUE,-1.468999999999994,both,NA
JP-NsC,2008,GRA,ICOS,-500.31,0.980476,6.49263,13.118500000000012,14.6371,TRUE,-502.9,0.980191,6.50551,14.123499999999979,15.5501,TRUE,2.589999999999975,both,NA
JP-NsC,2009,GRA,ICOS,-411.837,0.973573,5.97263,6.406499999999994,8.75882,TRUE,-419.109,0.97129,5.87272,6.845499999999987,9.01944,TRUE,7.271999999999991,both,NA
JP-NsC,2010,GRA,ICOS,-415.373,0.964726,7.09467,12.755499999999984,14.5959,TRUE,-418.984,0.95508,7.03658,13.329499999999996,15.0728,TRUE,3.61099999999999,both,NA
JP-NsC,2011,GRA,ICOS,-509.124,0.954623,6.6858,19.28600000000003,20.4121,TRUE,-509.801,0.954167,6.6774,14.923999999999978,16.3496,TRUE,0.6769999999999641,both,NA
JP-NsC,2012,GRA,ICOS,-241.193,0.958163,6.70053,7.403999999999996,9.98581,TRUE,-244.592,0.957935,6.69074,7.7734999999999985,10.2562,TRUE,3.399000000000001,both,NA
JP-NsC,2013,GRA,ICOS,-519.325,0.963185,5.76274,18.762,19.6271,TRUE,-510.094,0.964954,5.84783,20.791500000000013,21.5983,TRUE,-9.231000000000051,both,NA
JP-NsC,2014,GRA,ICOS,-322.318,0.805308,5.72753,6.592000000000013,8.73252,TRUE,-321.043,0.801142,5.75846,7.342500000000001,9.33127,TRUE,-1.2749999999999773,both,NA
JP-NsC,2015,GRA,ICOS,NA,NA,NA,NA,NA,FALSE,NA,NA,NA,NA,NA,FALSE,NA,neither,no_value
JP-NsM,2004,GRA,ICOS,NA,NA,NA,NA,NA,FALSE,NA,NA,NA,NA,NA,FALSE,NA,neither,no_value
JP-NsM,2005,GRA,ICOS,-366.123,0.971918,5.9128,6.620499999999993,8.8764,TRUE,-358.455,0.970662,5.76996,6.784500000000008,8.90635,TRUE,-7.668000000000006,both,NA
JP-NsM,2006,GRA,ICOS,-371.85,0.980708,6.03724,9.592500000000001,11.3344,TRUE,-361.81,0.978368,5.95647,10.382499999999993,11.97,TRUE,-10.04000000000002,both,NA
JP-NsM,2007,GRA,ICOS,-134.195,0.981678,5.97274,5.617499999999993,8.19935,TRUE,-132.79,0.982648,5.99585,5.3125,8.01091,TRUE,-1.4050000000000011,both,NA
JP-NsM,2008,GRA,ICOS,-384.613,0.98577,6.26982,8.784500000000008,10.7922,TRUE,-383.602,0.986566,6.29656,9.430499999999995,11.3392,TRUE,-1.011000000000024,both,NA
JP-NsM,2009,GRA,ICOS,-336.578,0.961016,6.33187,10.024499999999989,11.8569,TRUE,-343.73,0.963185,6.51987,8.394999999999982,10.6293,TRUE,7.152000000000044,both,NA
JP-NsM,2010,GRA,ICOS,-311.94,0.976256,6.85516,10.840000000000003,12.8255,TRUE,-304.172,0.972774,6.78307,11.062999999999988,12.977,TRUE,-7.767999999999972,both,NA
JP-NsM,2011,GRA,ICOS,-257.694,0.977226,6.52172,15.504999999999995,16.8208,TRUE,-261.435,0.971918,6.3214,12.390500000000003,13.9101,TRUE,3.7409999999999854,both,NA
JP-NsM,2012,GRA,ICOS,-56.7754,0.982582,7.60602,3.9686500000000002,8.57914,TRUE,-56.6839,0.979053,7.50589,5.198550000000001,9.13034,TRUE,-0.09149999999999636,both,NA
JP-NsM,2013,GRA,ICOS,-314.346,0.921461,6.67663,7.390000000000015,9.95942,TRUE,-316.123,0.917808,6.41164,6.27200000000002,8.9695,TRUE,1.7769999999999868,both,NA
JP-NsM,2014,GRA,ICOS,-321.385,0.975228,5.80506,13.222499999999997,14.4406,TRUE,-304.286,0.963813,5.3722,17.420999999999992,18.2305,TRUE,-17.09899999999999,both,NA
JP-NsM,2015,GRA,ICOS,NA,NA,NA,NA,NA,FALSE,NA,NA,NA,NA,NA,FALSE,NA,neither,no_value
JP-Nuf,2000,DBF,ICOS,-351.589,0.911259,7.8345,45.968500000000006,46.6314,TRUE,NA,NA,NA,NA,NA,FALSE,NA,VUT_only,NA
JP-Nuf,2001,DBF,ICOS,-17.6683,0.932934,7.54675,91.97161,92.2807,TRUE,NA,NA,NA,NA,NA,FALSE,NA,VUT_only,NA
JP-SMF,2002,MF,ICOS,NA,NA,NA,NA,NA,FALSE,NA,NA,NA,NA,NA,FALSE,NA,neither,no_value
JP-SMF,2003,MF,ICOS,512.808,0.648744,8.25522,114.83500000000001,115.131,TRUE,254.788,0.8496,8.35465,94.794,95.1611,TRUE,258.02,both,NA
JP-SMF,2004,MF,ICOS,NA,NA,NA,NA,NA,FALSE,NA,NA,NA,NA,NA,FALSE,NA,neither,no_value
JP-SMF,2005,MF,ICOS,968.09,0.5254,10.5292,244.24994999999998,244.477,TRUE,538.083,0.69589,8.30542,244.33599999999998,244.477,TRUE,430.00700000000006,both,NA
JP-SMF,2006,MF,ICOS,428.225,0.67871,7.57555,120.20549999999999,120.444,TRUE,333.2,0.798059,7.48718,92.257,92.5605,TRUE,95.02500000000003,both,NA
JP-SMF,2007,MF,ICOS,213.863,0.613927,8.29647,83.23045,83.6431,TRUE,199.845,0.761587,8.58755,87.99505,88.4129,TRUE,14.018,both,NA
JP-SMF,2008,MF,ICOS,281.747,0.632514,10.3361,92.76384999999999,93.338,TRUE,36.3782,0.826844,9.54708,134.39075,134.73,TRUE,245.36880000000002,both,NA
JP-SMF,2009,MF,ICOS,150.905,0.795947,5.98205,103.6799,103.853,TRUE,52.9558,0.896461,7.82914,114.4083,114.676,TRUE,97.94919999999999,both,NA
JP-SMF,2010,MF,ICOS,NA,NA,NA,NA,NA,FALSE,NA,NA,NA,NA,NA,FALSE,NA,neither,no_value
JP-SMF,2011,MF,ICOS,NA,NA,NA,NA,NA,FALSE,NA,NA,NA,NA,NA,FALSE,NA,neither,no_value
JP-SMF,2012,MF,ICOS,89.5034,0.619706,7.93304,NA,77.2616,TRUE,-80.5984,0.751366,7.73755,NA,91.1966,TRUE,170.1018,both,NA
JP-SMF,2013,MF,ICOS,172.756,0.794692,5.74303,61.020799999999994,61.2905,TRUE,66.6383,0.906621,7.02418,96.7861,97.0406,TRUE,106.1177,both,NA
JP-SMF,2014,MF,ICOS,213.258,0.777397,8.2255,52.34925,52.9916,TRUE,94.2349,0.881963,7.86844,79.74995,80.1374,TRUE,119.02310000000001,both,NA
JP-Sb1,2007,WET,ICOS,NA,NA,NA,NA,NA,FALSE,NA,NA,NA,NA,NA,FALSE,NA,neither,no_value
JP-Sb1,2008,WET,ICOS,NA,NA,NA,NA,NA,FALSE,NA,NA,NA,NA,NA,FALSE,NA,neither,no_value
JP-Sb1,2009,WET,ICOS,NA,NA,NA,NA,NA,FALSE,NA,NA,NA,NA,NA,FALSE,NA,neither,no_value
JP-Sb1,2010,WET,ICOS,NA,NA,NA,NA,NA,FALSE,NA,NA,NA,NA,NA,FALSE,NA,neither,no_value
JP-Sb2,2007,WET,ICOS,NA,NA,NA,NA,NA,FALSE,NA,NA,NA,NA,NA,FALSE,NA,neither,no_value
JP-Sb2,2008,WET,ICOS,NA,NA,NA,NA,NA,FALSE,NA,NA,NA,NA,NA,FALSE,NA,neither,no_value
JP-Sb2,2009,WET,ICOS,NA,NA,NA,NA,NA,FALSE,NA,NA,NA,NA,NA,FALSE,NA,neither,no_value
JP-Sb2,2010,WET,ICOS,NA,NA,NA,NA,NA,FALSE,NA,NA,NA,NA,NA,FALSE,NA,neither,no_value
JP-Shn,2014,MF,ICOS,NA,NA,NA,NA,NA,FALSE,NA,NA,NA,NA,NA,FALSE,NA,neither,no_value
JP-Shn,2015,MF,ICOS,NA,NA,NA,NA,NA,FALSE,-642.443,0.272945,11.7343,37.91550000000001,39.6901,FALSE,NA,neither,fails_qc
JP-Shn,2016,MF,ICOS,NA,NA,NA,NA,NA,FALSE,NA,NA,NA,NA,NA,FALSE,NA,neither,no_value
JP-Shn,2017,MF,ICOS,NA,NA,NA,NA,NA,FALSE,NA,NA,NA,NA,NA,FALSE,NA,neither,no_value
JP-Shn,2018,MF,ICOS,NA,NA,NA,NA,NA,FALSE,-152.538,0.692979,10.8864,80.436,81.1696,TRUE,NA,CUT_only,NA
JP-Shn,2019,MF,ICOS,NA,NA,NA,NA,NA,FALSE,-301.753,0.816153,8.56643,33.38050000000001,34.4622,TRUE,NA,CUT_only,NA
JP-Shn,2020,MF,ICOS,NA,NA,NA,NA,NA,FALSE,-246.028,0.841075,13.0749,21.906999999999996,25.5121,TRUE,NA,CUT_only,NA
JP-Spp,2000,DBF,ICOS,-110.535,0.958333,12.2001,71.87545,72.9035,TRUE,-55.6471,0.943021,14.3406,51.99865,53.9401,TRUE,-54.887899999999995,both,NA
JP-Spp,2001,DBF,ICOS,-204.442,0.984018,8.27471,73.72900000000001,74.1921,TRUE,-177.87,0.968265,7.97497,51.462,52.076,TRUE,-26.572000000000003,both,NA
JP-Spp,2002,DBF,ICOS,-182.984,0.973516,9.23515,76.96889999999999,77.521,TRUE,-162.32,0.965811,9.16955,68.27350000000001,68.8866,TRUE,-20.664000000000016,both,NA
JP-Spp,2003,DBF,ICOS,-190.021,0.964783,9.14217,103.55969999999999,103.963,TRUE,-128.899,0.949429,9.04995,84.88329999999999,85.3644,TRUE,-61.121999999999986,both,NA
JP-Spp,2004,DBF,ICOS,NA,NA,NA,NA,NA,FALSE,NA,NA,NA,NA,NA,FALSE,NA,neither,no_value
JP-Spp,2005,DBF,ICOS,NA,NA,NA,NA,NA,FALSE,NA,NA,NA,NA,NA,FALSE,NA,neither,no_value
JP-Spp,2006,DBF,ICOS,263.902,0.975628,5.75678,61.89149999999999,62.1588,TRUE,259.43,0.976769,5.76219,76.79549999999999,77.0116,TRUE,4.47199999999998,both,NA
JP-Spp,2007,DBF,ICOS,301.496,0.95879,5.9125,68.468,68.7231,TRUE,287.116,0.964954,5.91033,85.457,85.6612,TRUE,14.379999999999995,both,NA
JP-Spp,2008,DBF,ICOS,378.663,0.962887,5.66605,57.416,57.6949,TRUE,375.177,0.963456,5.66761,65.49700000000001,65.7417,TRUE,3.48599999999999,both,NA
JP-Spp,2009,DBF,ICOS,467.447,0.966952,5.91053,62.18099999999998,62.4616,TRUE,452.848,0.96895,5.89612,69.0015,69.2533,TRUE,14.59899999999999,both,NA
JP-Spp,2010,DBF,ICOS,433.271,0.947203,5.98596,44.132000000000005,44.5364,TRUE,437.449,0.948231,6.00067,52.091499999999996,52.4362,TRUE,-4.177999999999997,both,NA
JP-Spp,2011,DBF,ICOS,451.447,0.975228,5.50863,61.00450000000001,61.2527,TRUE,444.552,0.977283,5.53643,82.57599999999996,82.7615,TRUE,6.894999999999982,both,NA
JP-Spp,2012,DBF,ICOS,374.953,0.971938,6.51365,38.325500000000005,38.8753,TRUE,369.027,0.973133,6.56961,62.994500000000016,63.3358,TRUE,5.925999999999988,both,NA
JP-Spp,2013,DBF,ICOS,413.142,0.969977,5.87494,27.12100000000001,27.75,TRUE,405.812,0.971804,5.88757,57.32400000000001,57.6254,TRUE,7.329999999999984,both,NA
JP-Spp,2014,DBF,ICOS,423.003,0.974943,5.34683,31.180999999999983,31.636,TRUE,410.986,0.979566,5.43727,47.32849999999999,47.6398,TRUE,12.016999999999996,both,NA
JP-Spp,2015,DBF,ICOS,399.195,0.967123,6.57792,38.823499999999996,39.3768,TRUE,395.105,0.969635,6.61174,64.16500000000002,64.5049,TRUE,4.089999999999975,both,NA
JP-Spp,2016,DBF,ICOS,430.371,0.961293,6.4062,60.56899999999999,60.9067,TRUE,416.195,0.964082,6.48492,77.899,78.1684,TRUE,14.175999999999988,both,NA
JP-Spp,2017,DBF,ICOS,426.657,0.941553,6.10265,70.3895,70.6537,TRUE,435.041,0.93887,6.06985,74.16300000000001,74.4113,TRUE,-8.384000000000015,both,NA
JP-Spp,2018,DBF,ICOS,NA,NA,NA,NA,NA,FALSE,NA,NA,NA,NA,NA,FALSE,NA,neither,no_value
JP-Srk,2010,DBF,ICOS,NA,NA,NA,NA,NA,FALSE,NA,NA,NA,NA,NA,FALSE,NA,neither,no_value
JP-Srk,2011,DBF,ICOS,NA,NA,NA,NA,NA,FALSE,NA,NA,NA,NA,NA,FALSE,NA,neither,no_value
JP-Srk,2012,DBF,ICOS,-1698.21,0.940745,15.9137,13.31499999999994,20.7492,TRUE,-1698.01,0.940745,15.917,13.235000000000014,20.7025,TRUE,-0.20000000000004547,both,NA
JP-Srk,2013,DBF,ICOS,-798.606,0.858219,10.1469,17.663999999999987,20.3709,TRUE,-791.008,0.860845,10.197,17.954000000000008,20.6478,TRUE,-7.597999999999956,both,NA
JP-Srk,2014,DBF,ICOS,-696.033,0.82129,11.9929,41.244500000000016,42.9528,TRUE,-696.033,0.82129,11.9929,32.809500000000014,34.9327,TRUE,0,both,NA
JP-Srk,2015,DBF,ICOS,NA,NA,NA,NA,NA,FALSE,NA,NA,NA,NA,NA,FALSE,NA,neither,no_value
JP-Srk,2016,DBF,ICOS,NA,NA,NA,NA,NA,FALSE,NA,NA,NA,NA,NA,FALSE,NA,neither,no_value
JP-Ta2,2005,ENF,ICOS,NA,NA,NA,NA,NA,FALSE,NA,NA,NA,NA,NA,FALSE,NA,neither,no_value
JP-Ta2,2006,ENF,ICOS,-606.016,0.876027,12.4551,87.75899999999996,88.6381,TRUE,-677.221,0.882021,12.5454,97.60700000000003,98.4102,TRUE,71.20500000000004,both,NA
JP-Ta2,2007,ENF,ICOS,-548.232,0.973116,12.0806,71.25449999999998,72.2714,TRUE,-573.633,0.975285,12.4157,82.57349999999997,83.5015,TRUE,25.401000000000067,both,NA
JP-Ta2,2008,ENF,ICOS,-678.219,0.959244,11.3643,61.005499999999984,62.0552,TRUE,-717.824,0.964196,11.8617,71.67700000000002,72.6518,TRUE,39.604999999999905,both,NA
JP-Ta2,2009,ENF,ICOS,-693.955,0.980651,11.0084,67.01150000000001,67.9098,TRUE,-747.022,0.985674,11.1454,65.77949999999998,66.7168,TRUE,53.06700000000001,both,NA
JP-Ta2,2010,ENF,ICOS,-738.707,0.98282,11.5031,81.18450000000001,81.9956,TRUE,-766.174,0.985616,11.596,78.58800000000002,79.4389,TRUE,27.466999999999985,both,NA
JP-Ta2,2011,ENF,ICOS,-681.306,0.525228,15.5245,82.95249999999999,84.3926,TRUE,-688.897,0.529338,15.6306,84.77349999999996,86.2023,TRUE,7.591000000000008,both,NA
JP-Ta2,2012,ENF,ICOS,-845.009,0.683629,18.6493,54.985000000000014,58.0615,TRUE,-833.748,0.676799,18.4255,65.01549999999997,67.5758,TRUE,-11.260999999999967,both,NA
JP-Ta2,2013,ENF,ICOS,-812.645,0.980251,10.7316,46.932000000000016,48.1434,TRUE,-822.803,0.97968,10.7178,61.529499999999985,62.4561,TRUE,10.158000000000015,both,NA
JP-Ta2,2014,ENF,ICOS,-784.01,0.88613,11.2697,92.85000000000002,93.5312,TRUE,-783.681,0.88613,11.2745,122.25,122.769,TRUE,-0.3289999999999509,both,NA
JP-Ta2,2015,ENF,ICOS,-798.172,0.984361,11.1193,60.42500000000001,61.4394,TRUE,-776.569,0.981849,11.1013,83.118,83.8558,TRUE,-21.603000000000065,both,NA
JP-Tak,1998,DBF,ICOS,NA,NA,NA,NA,NA,FALSE,NA,NA,NA,NA,NA,FALSE,NA,neither,no_value
JP-Tak,1999,DBF,ICOS,-139.135,0.896975,4.97859,34.949,35.302,TRUE,-128.971,0.870662,4.86772,57.953050000000005,58.1571,TRUE,-10.163999999999987,both,NA
JP-Tak,2000,DBF,ICOS,-266.151,0.711464,6.85651,30.936999999999983,31.6876,TRUE,-273.892,0.720685,6.65089,34.82199999999999,35.4516,TRUE,7.7409999999999854,both,NA
JP-Tak,2001,DBF,ICOS,-184.042,0.752568,4.721,62.77749999999999,62.9549,TRUE,-233.578,0.814155,4.55666,51.78999999999999,51.9901,TRUE,49.536,both,NA
JP-Tak,2002,DBF,ICOS,-265.097,0.761244,5.12819,61.059500000000014,61.2744,TRUE,-288.149,0.807192,5.06676,58.04899999999999,58.2697,TRUE,23.05200000000002,both,NA
JP-Tak,2003,DBF,ICOS,-202.116,0.82871,7.24311,31.130499999999984,31.962,TRUE,-217.468,0.844292,6.26835,40.8995,41.3769,TRUE,15.351999999999975,both,NA
JP-Tak,2004,DBF,ICOS,-260.118,0.849727,4.02005,10.176999999999992,10.9424,TRUE,-259.423,0.855931,4.00452,11.14200000000001,11.8401,TRUE,-0.6949999999999932,both,NA
JP-Tak,2005,DBF,ICOS,-321.028,0.944578,4.09402,37.50800000000001,37.7305,TRUE,-312.155,0.937158,3.87585,52.20150000000001,52.3452,TRUE,-8.873000000000047,both,NA
JP-Tak,2006,DBF,ICOS,-332.901,0.918607,3.77111,42.2235,42.3914,TRUE,-320.343,0.904338,3.58956,46.585499999999996,46.7237,TRUE,-12.557999999999993,both,NA
JP-Tak,2007,DBF,ICOS,-294.724,0.764269,6.71218,37.065,37.6678,TRUE,-289.038,0.758219,6.58401,37.893,38.4608,TRUE,-5.685999999999979,both,NA
JP-Tak,2008,DBF,ICOS,-285.161,0.853541,4.07642,63.33800000000001,63.4688,TRUE,-310.901,0.923953,4.23689,42.2525,42.4641,TRUE,25.74000000000001,both,NA
JP-Tak,2009,DBF,ICOS,-348.5,0.907534,4.63003,30.04050000000001,30.3952,TRUE,-360.507,0.94629,4.61248,28.829000000000008,29.1954,TRUE,12.007000000000005,both,NA
JP-Tak,2010,DBF,ICOS,-359.331,0.828539,4.23112,92.035,92.1323,TRUE,-451.957,0.913927,4.38432,50.05000000000001,50.2414,TRUE,92.62599999999998,both,NA
JP-Tak,2011,DBF,ICOS,NA,NA,NA,NA,NA,FALSE,NA,NA,NA,NA,NA,FALSE,NA,neither,no_value
JP-Tak,2012,DBF,ICOS,-570.732,0.826901,4.89373,17.1635,17.8473,TRUE,-576.712,0.840505,4.85294,17.422000000000025,18.0856,TRUE,5.980000000000018,both,NA
JP-Tak,2013,DBF,ICOS,-523.098,0.854909,5.01928,34.514999999999986,34.8782,TRUE,-527.519,0.842865,5.13526,35.24850000000001,35.6209,TRUE,4.421000000000049,both,NA
JP-Tak,2014,DBF,ICOS,-497.789,0.933333,5.35877,21.358499999999992,22.0204,TRUE,-504.066,0.93339,5.34293,21.359499999999997,22.0173,TRUE,6.276999999999987,both,NA
JP-Tak,2015,DBF,ICOS,-478.065,0.943836,3.67032,26.679000000000002,26.9301,TRUE,-463.705,0.920091,3.44728,39.616000000000014,39.766,TRUE,-14.360000000000014,both,NA
JP-Tak,2016,DBF,ICOS,-495.148,0.853085,4.46175,24.594000000000023,24.9954,TRUE,-468.012,0.800433,4.2005,38.853999999999985,39.0806,TRUE,-27.136000000000024,both,NA
JP-Tak,2017,DBF,ICOS,-307.372,0.865696,5.84683,9.401499999999999,11.0712,TRUE,-306.024,0.838242,5.40866,18.180000000000007,18.9674,TRUE,-1.3480000000000132,both,NA
JP-Tak,2018,DBF,ICOS,-420.773,0.877055,3.74266,15.742499999999978,16.1813,TRUE,-409.95,0.845091,3.4918,16.420999999999992,16.7881,TRUE,-10.823000000000036,both,NA
JP-Tak,2019,DBF,ICOS,-383.176,0.90839,4.1019,18.013499999999993,18.4744,TRUE,-364.291,0.876826,5.39038,37.49950000000001,37.8851,TRUE,-18.88499999999999,both,NA
JP-Tak,2020,DBF,ICOS,-350.16,0.901355,3.46472,32.65950000000001,32.8431,TRUE,-323.782,0.875911,3.37299,38.265000000000015,38.4134,TRUE,-26.378000000000043,both,NA
JP-Tak,2021,DBF,ICOS,-391.946,0.969806,3.80725,31.53800000000001,31.7673,TRUE,-350.815,0.949715,3.53572,42.367999999999995,42.515,TRUE,-41.13100000000003,both,NA
JP-Tef,2001,DNF,ICOS,NA,NA,NA,NA,NA,FALSE,NA,NA,NA,NA,NA,FALSE,NA,neither,no_value
JP-Tef,2002,DNF,ICOS,16.3858,0.951256,6.23676,7.5956687999999994,9.82809,TRUE,4.21065,0.94863,6.07286,4.7035849999999995,7.68137,TRUE,12.175149999999999,both,NA
JP-Tef,2003,DNF,ICOS,NA,NA,NA,NA,NA,FALSE,NA,NA,NA,NA,NA,FALSE,NA,neither,no_value
JP-Tef,2004,DNF,ICOS,635.644,0.839424,3.5119,6.3870000000000005,7.28875,TRUE,642.8,0.747666,3.23396,9.572499999999991,10.1039,TRUE,-7.155999999999949,both,NA
JP-Tef,2005,DNF,ICOS,365.93,0.62226,4.63896,12.831500000000005,13.6444,TRUE,NA,NA,NA,NA,NA,FALSE,NA,VUT_only,NA
JP-Tef,2006,DNF,ICOS,278.637,0.639612,4.51072,47.352500000000006,47.5669,TRUE,NA,NA,NA,NA,NA,FALSE,NA,VUT_only,NA
JP-Tef,2007,DNF,ICOS,NA,NA,NA,NA,NA,FALSE,NA,NA,NA,NA,NA,FALSE,NA,neither,no_value
JP-Tef,2008,DNF,ICOS,188.946,0.927482,2.71705,5.275500000000008,5.93394,TRUE,175.639,0.894923,2.68022,7.868499999999997,8.3128,TRUE,13.306999999999988,both,NA
JP-Tef,2009,DNF,ICOS,103.073,0.930308,3.0051,5.853499999999997,6.57957,TRUE,106.399,0.894806,3.03907,7.412500000000001,8.01172,TRUE,-3.3260000000000076,both,NA
JP-Tef,2010,DNF,ICOS,-32.7248,0.89355,3.28401,9.2841,9.84778,TRUE,-23.2292,0.876084,3.1773,19.348132999999997,19.6073,TRUE,-9.495600000000003,both,NA
JP-Tef,2011,DNF,ICOS,86.6876,0.954852,3.81073,3.157049999999998,4.94862,TRUE,90.0354,0.921747,3.74783,9.861550000000001,10.5496,TRUE,-3.3477999999999923,both,NA
JP-Tef,2012,DNF,ICOS,39.5307,0.911487,2.91459,2.89255,4.1063,TRUE,34.7269,0.884164,2.89315,3.556000000000001,4.58427,TRUE,4.8038000000000025,both,NA
JP-Tef,2013,DNF,ICOS,-25.829,0.914155,4.77186,6.954850000000002,8.43447,TRUE,-25.1175,0.912785,4.76844,6.413400000000001,7.99186,TRUE,-0.7115000000000009,both,NA
JP-Tef,2014,DNF,ICOS,8.36788,0.925856,4.03024,6.1722655,7.37153,TRUE,0.628825,0.932249,4.091,10.97408,11.7118,TRUE,7.739055,both,NA
JP-Tef,2015,DNF,ICOS,94.7273,0.942808,4.15166,8.420750000000005,9.38879,TRUE,89.7778,0.954281,4.23135,13.108749999999993,13.7748,TRUE,4.9495000000000005,both,NA
JP-Tef,2016,DNF,ICOS,-91.631,0.931922,4.87625,19.060900000000004,19.675,TRUE,-95.5446,0.932889,4.82931,20.0049,20.5795,TRUE,3.9136000000000024,both,NA
JP-Tef,2017,DNF,ICOS,-79.5882,0.965639,3.67537,12.836649999999999,13.3525,TRUE,-79.2027,0.963185,3.64547,15.189900000000002,15.6213,TRUE,-0.3855000000000075,both,NA
JP-Tef,2018,DNF,ICOS,-30.664,0.940297,3.77174,11.089100000000002,11.713,TRUE,-26.5293,0.934989,3.71305,30.157849999999996,30.3856,TRUE,-4.134700000000002,both,NA
JP-Tef,2019,DNF,ICOS,-145.005,0.945205,4.21155,9.781999999999996,10.6501,TRUE,-134.584,0.941267,4.19027,23.828999999999994,24.1949,TRUE,-10.420999999999992,both,NA
JP-Tef,2020,DNF,ICOS,-16.0435,0.912967,4.14212,20.31111,20.7292,TRUE,-15.1948,0.911714,4.13117,27.99238,28.2956,TRUE,-0.8487000000000009,both,NA
JP-Tef,2021,DNF,ICOS,-156.986,0.91113,5.48709,34.968500000000006,35.396,TRUE,-166.938,0.927454,5.44168,28.738500000000002,29.2494,TRUE,9.951999999999998,both,NA
JP-Tef,2022,DNF,ICOS,-275.19,0.908676,6.76292,10.947000000000003,12.8676,TRUE,-275.2,0.919349,6.98578,11.176000000000016,13.1799,TRUE,0.009999999999990905,both,NA
JP-Tef,2023,DNF,ICOS,-681.445,0.972089,15.23,95.97800000000001,97.1788,TRUE,-655.405,0.973288,15.4449,71.195,72.8514,TRUE,-26.040000000000077,both,NA
JP-Tkb,2018,ENF,ICOS,NA,NA,NA,NA,NA,FALSE,NA,NA,NA,NA,NA,FALSE,NA,neither,no_value
JP-Tkb,2019,ENF,ICOS,NA,NA,NA,NA,NA,FALSE,NA,NA,NA,NA,NA,FALSE,NA,neither,no_value
JP-Tmd,2005,GRA,ICOS,NA,NA,NA,NA,NA,FALSE,NA,NA,NA,NA,NA,FALSE,NA,neither,no_value
JP-Tmd,2006,GRA,ICOS,NA,NA,NA,NA,NA,FALSE,NA,NA,NA,NA,NA,FALSE,NA,neither,no_value
JP-Tmd,2007,GRA,ICOS,NA,NA,NA,NA,NA,FALSE,NA,NA,NA,NA,NA,FALSE,NA,neither,no_value
JP-Tmd,2008,GRA,ICOS,NA,NA,NA,NA,NA,FALSE,NA,NA,NA,NA,NA,FALSE,NA,neither,no_value
JP-Tmd,2009,GRA,ICOS,NA,NA,NA,NA,NA,FALSE,NA,NA,NA,NA,NA,FALSE,NA,neither,no_value
JP-Tmd,2010,GRA,ICOS,NA,NA,NA,NA,NA,FALSE,NA,NA,NA,NA,NA,FALSE,NA,neither,no_value
JP-Tmd,2011,GRA,ICOS,NA,NA,NA,NA,NA,FALSE,NA,NA,NA,NA,NA,FALSE,NA,neither,no_value
JP-Tmd,2012,GRA,ICOS,NA,NA,NA,NA,NA,FALSE,NA,NA,NA,NA,NA,FALSE,NA,neither,no_value
JP-Tmd,2013,GRA,ICOS,NA,NA,NA,NA,NA,FALSE,NA,NA,NA,NA,NA,FALSE,NA,neither,no_value
JP-Tmd,2014,GRA,ICOS,NA,NA,NA,NA,NA,FALSE,NA,NA,NA,NA,NA,FALSE,NA,neither,no_value
JP-Tmd,2015,GRA,ICOS,162.765,0.960674,6.32228,5.530000000000001,8.39934,TRUE,163.588,0.959532,6.36526,19.314999999999998,20.337,TRUE,-0.8230000000000075,both,NA
JP-Tmd,2016,GRA,ICOS,160.251,0.82138,11.0457,11.948000000000008,16.2713,TRUE,168.649,0.839765,10.1517,20.402500000000003,22.7886,TRUE,-8.397999999999996,both,NA
JP-Tmd,2017,GRA,ICOS,-4.00903,0.764669,7.88296,11.95565,14.3206,TRUE,-13.8582,0.768322,7.95529,18.70116,20.3229,TRUE,9.84917,both,NA
JP-Tmd,2018,GRA,ICOS,NA,NA,NA,NA,NA,FALSE,NA,NA,NA,NA,NA,FALSE,NA,neither,no_value
JP-Tmd,2019,GRA,ICOS,NA,NA,NA,NA,NA,FALSE,NA,NA,NA,NA,NA,FALSE,NA,neither,no_value
JP-Tmd,2020,GRA,ICOS,154.611,0.919114,5.78238,3.4224999999999994,6.71923,TRUE,156.661,0.926002,5.93195,12.631500000000003,13.955,TRUE,-2.0500000000000114,both,NA
JP-Tmd,2021,GRA,ICOS,NA,NA,NA,NA,NA,FALSE,NA,NA,NA,NA,NA,FALSE,NA,neither,no_value
JP-Tmd,2022,GRA,ICOS,NA,NA,NA,NA,NA,FALSE,NA,NA,NA,NA,NA,FALSE,NA,neither,no_value
JP-Tmd,2023,GRA,ICOS,310.405,0.880651,6.71785,4.481500000000011,8.07537,TRUE,293.644,0.886416,6.86787,30.561499999999995,31.3239,TRUE,16.760999999999967,both,NA
JP-Tmk,2001,DNF,ICOS,-203.945,0.956849,6.05787,10.179999999999993,11.8461,TRUE,-201.156,0.956735,6.05362,9.633499999999998,11.3776,TRUE,-2.7889999999999873,both,NA
JP-Tmk,2002,DNF,ICOS,-372.529,0.969692,5.66001,3.6570000000000107,6.73862,TRUE,-372.606,0.971747,5.67576,3.538499999999999,6.6885,TRUE,0.07699999999999818,both,NA
JP-Tmk,2003,DNF,ICOS,-327.675,0.977112,6.23373,10.024000000000001,11.8043,TRUE,-327.511,0.977169,6.23123,10.561500000000024,12.2626,TRUE,-0.16399999999998727,both,NA
JP-Toc,2011,DBF,ICOS,-396.98,0.746804,7.767,19.21350000000001,20.7244,TRUE,-387.218,0.749144,7.92626,16.27600000000001,18.1034,TRUE,-9.762,both,NA
JP-Toc,2012,DBF,ICOS,-777.239,0.861282,9.58606,3.4904999999999973,10.2018,TRUE,-775.936,0.862534,9.97374,6.555999999999983,11.9354,TRUE,-1.3029999999999973,both,NA
JP-Toc,2013,DBF,ICOS,-512.474,0.988242,8.81448,7.4809999999999945,11.5609,TRUE,-508.969,0.994064,9.35975,8.252999999999986,12.4787,TRUE,-3.5050000000000523,both,NA
JP-Toc,2014,DBF,ICOS,-456.728,0.910217,8.31665,13.629999999999995,15.9673,TRUE,-456.058,0.921632,8.93046,10.189999999999998,13.5496,TRUE,-0.6700000000000159,both,NA
JP-Yms,2000,DBF,ICOS,NA,NA,NA,NA,NA,FALSE,NA,NA,NA,NA,NA,FALSE,NA,neither,no_value
JP-Yms,2001,DBF,ICOS,-74.068,0.769064,6.90989,12.563200000000002,14.3381,TRUE,-77.944,0.786301,6.32813,17.21315,18.3395,TRUE,3.8760000000000048,both,NA
JP-Yms,2002,DBF,ICOS,-202.253,0.817694,6.81247,17.935999999999993,19.1863,TRUE,-196.027,0.821804,6.42371,22.432000000000002,23.3333,TRUE,-6.225999999999999,both,NA
JP-Yms,2003,DBF,ICOS,-301.76,0.803596,7.70512,15.797500000000014,17.5765,TRUE,-303.353,0.803539,7.64215,17.828000000000003,19.3972,TRUE,1.5930000000000177,both,NA
JP-Yms,2004,DBF,ICOS,-261.338,0.826446,6.71699,16.999500000000012,18.2784,TRUE,-278.07,0.817338,6.69994,21.83550000000001,22.8401,TRUE,16.73199999999997,both,NA
JP-Yms,2005,DBF,ICOS,-311.79,0.796575,7.66859,5.399499999999989,9.37887,TRUE,-312.359,0.8004,7.63631,5.939499999999981,9.67431,TRUE,0.56899999999996,both,NA
JP-Yms,2006,DBF,ICOS,-220.377,0.803311,7.21974,22.135499999999993,23.283,TRUE,-206.13,0.82089,7.11824,22.49300000000001,23.5923,TRUE,-14.247000000000014,both,NA
JP-Yms,2007,DBF,ICOS,-248.383,0.709874,7.94621,12.840499999999992,15.1004,TRUE,-232.428,0.741553,8.01112,13.425999999999988,15.6341,TRUE,-15.955000000000013,both,NA
JP-Yms,2008,DBF,ICOS,-306.044,0.73668,5.45,39.45849999999999,39.8328,TRUE,-359.396,0.760872,5.49133,42.313500000000005,42.6686,TRUE,53.35200000000003,both,NA
JP-Yms,2009,DBF,ICOS,-340.609,0.733619,9.19401,38.448500000000024,39.5325,TRUE,-342.061,0.741781,9.21112,51.27000000000001,52.0908,TRUE,1.4519999999999982,both,NA
JP-Yms,2010,DBF,ICOS,-243.046,0.680936,7.53856,20.967,22.281,TRUE,-276.395,0.665126,7.88701,25.709500000000006,26.8919,TRUE,33.34899999999999,both,NA
JP-Yms,2011,DBF,ICOS,-234.085,0.832534,7.84251,31.2675,32.2363,TRUE,-222.05,0.819977,7.81811,28.246499999999997,29.3086,TRUE,-12.034999999999997,both,NA
JP-Yms,2012,DBF,ICOS,-263.764,0.737705,8.91177,8.985000000000014,12.655,TRUE,-262.885,0.725581,8.37059,18.732000000000014,20.517,TRUE,-0.8790000000000191,both,NA
JP-Yms,2013,DBF,ICOS,-255.175,0.780936,24.5662,14.745000000000005,28.6514,TRUE,-249.302,0.769749,24.2144,16.915000000000006,29.5371,TRUE,-5.873000000000019,both,NA
JP-Yms,2014,DBF,ICOS,-168.919,0.651084,11.1261,13.5445,17.5286,TRUE,-163.149,0.637158,11.378,18.376500000000007,21.6137,TRUE,-5.77000000000001,both,NA
JP-Yms,2015,DBF,ICOS,-36.0645,0.763128,7.60904,14.645499999999998,16.5042,TRUE,-52.4641,0.741267,7.74052,24.4145,25.6122,TRUE,16.3996,both,NA
JP-Yms,2016,DBF,ICOS,-239.448,0.862022,7.3126,29.124499999999998,30.0287,TRUE,-217.748,0.847051,7.41856,38.34299999999999,39.0542,TRUE,-21.700000000000017,both,NA
JP-Yms,2017,DBF,ICOS,-400.382,0.730936,8.21261,23.065500000000014,24.4839,TRUE,-394.47,0.725057,8.57061,15.915999999999997,18.0768,TRUE,-5.911999999999978,both,NA
JP-Yms,2018,DBF,ICOS,NA,NA,NA,NA,NA,FALSE,NA,NA,NA,NA,NA,FALSE,NA,neither,no_value
JP-Yms,2019,DBF,ICOS,-171.108,0.869235,5.99671,11.388999999999996,12.8715,TRUE,-183.384,0.887272,6.00389,9.771500000000003,11.4683,TRUE,12.275999999999982,both,NA
JP-Yms,2020,DBF,ICOS,-173.361,0.808402,5.97846,28.6485,29.266,TRUE,-150.075,0.838456,5.97462,30.256,30.8402,TRUE,-23.286,both,NA
JP-Yms,2021,DBF,ICOS,-89.9135,0.856164,7.97973,45.31265,46.01,TRUE,-109.851,0.902911,7.9595,40.42915000000001,41.2054,TRUE,19.9375,both,NA
JP-Yms,2022,DBF,ICOS,-282.375,0.716781,9.67901,19.69749999999999,21.947,TRUE,-292.39,0.798059,10.6047,41.27350000000001,42.6145,TRUE,10.014999999999986,both,NA
JP-Yms,2023,DBF,ICOS,-283.327,0.84121,7.98141,41.16549999999998,41.9323,TRUE,-343.484,0.917637,9.40639,61.95349999999999,62.6637,TRUE,60.15699999999998,both,NA
JP-Ynf,2013,EBF,ICOS,NA,NA,NA,NA,NA,FALSE,NA,NA,NA,NA,NA,FALSE,NA,neither,no_value
JP-Ynf,2014,EBF,ICOS,-213.371,0.85,8.03196,21.908,23.334,TRUE,-213.163,0.849943,8.03247,12.437000000000012,14.8054,TRUE,-0.2079999999999984,both,NA
JP-Ynf,2015,EBF,ICOS,-225.627,0.922374,7.36243,24.0385,25.1408,TRUE,-216.716,0.920947,7.37877,26.049499999999995,27.074,TRUE,-8.911000000000001,both,NA
JP-Ynf,2016,EBF,ICOS,-434.827,0.900786,8.15841,42.161,42.9432,TRUE,-424.772,0.897199,8.18458,43.976,44.7313,TRUE,-10.055000000000007,both,NA
JP-Ynf,2017,EBF,ICOS,-372.962,0.926427,8.5099,29.708,30.9025,TRUE,-362.404,0.920091,8.58226,29.181999999999988,30.4177,TRUE,-10.557999999999993,both,NA
JP-Ynf,2018,EBF,ICOS,NA,NA,NA,NA,NA,FALSE,NA,NA,NA,NA,NA,FALSE,NA,neither,no_value
JP-Ynf,2019,EBF,ICOS,NA,NA,NA,NA,NA,FALSE,NA,NA,NA,NA,NA,FALSE,NA,neither,no_value
JP-Ynf,2020,EBF,ICOS,-627.802,0.983891,8.03074,5.530500000000018,9.75092,TRUE,-635.991,0.973702,7.82057,6.175999999999988,9.96528,TRUE,8.188999999999965,both,NA
JP-Ynf,2021,EBF,ICOS,NA,NA,NA,NA,NA,FALSE,NA,NA,NA,NA,NA,FALSE,NA,neither,no_value
JP-Ynf,2022,EBF,ICOS,-497.684,0.915811,9.43909,4.750500000000017,10.5673,TRUE,-495.859,0.897374,9.86246,7.979500000000002,12.6862,TRUE,-1.8250000000000455,both,NA
KE-Aq1,2019,CRO,ICOS,NA,NA,NA,NA,NA,FALSE,NA,NA,NA,NA,NA,FALSE,NA,neither,no_value
KE-Aq2,2022,CRO,ICOS,NA,NA,NA,NA,NA,FALSE,NA,NA,NA,NA,NA,FALSE,NA,neither,no_value
KE-Aq2,2023,CRO,ICOS,NA,NA,NA,NA,NA,FALSE,NA,NA,NA,NA,NA,FALSE,NA,neither,no_value
KE-Aq2,2024,CRO,ICOS,NA,NA,NA,NA,NA,FALSE,NA,NA,NA,NA,NA,FALSE,NA,neither,no_value
KE-Chk,2022,WSA,ICOS,NA,NA,NA,NA,NA,FALSE,NA,NA,NA,NA,NA,FALSE,NA,neither,no_value
KE-Chk,2023,WSA,ICOS,NA,NA,NA,NA,NA,FALSE,NA,NA,NA,NA,NA,FALSE,NA,neither,no_value
KE-Chk,2024,WSA,ICOS,NA,NA,NA,NA,NA,FALSE,NA,NA,NA,NA,NA,FALSE,NA,neither,no_value
KE-Kpt,2018,GRA,ICOS,NA,NA,NA,NA,NA,FALSE,NA,NA,NA,NA,NA,FALSE,NA,neither,no_value
KE-Kpt,2019,GRA,ICOS,-176.513,0.971747,5.04387,8.286500000000004,9.70097,TRUE,-174.098,0.971575,5.03205,8.698999999999998,10.0494,TRUE,-2.414999999999992,both,NA
KE-Kpt,2020,GRA,ICOS,NA,NA,NA,NA,NA,FALSE,NA,NA,NA,NA,NA,FALSE,NA,neither,no_value
KE-Kpt,2021,GRA,ICOS,NA,NA,NA,NA,NA,FALSE,NA,NA,NA,NA,NA,FALSE,NA,neither,no_value
KE-Kpt,2022,GRA,ICOS,NA,NA,NA,NA,NA,FALSE,NA,NA,NA,NA,NA,FALSE,NA,neither,no_value
KE-Kpt,2023,GRA,ICOS,NA,NA,NA,NA,NA,FALSE,NA,NA,NA,NA,NA,FALSE,NA,neither,no_value
KE-Kpt,2024,GRA,ICOS,NA,NA,NA,NA,NA,FALSE,NA,NA,NA,NA,NA,FALSE,NA,neither,no_value
KE-Mkt,2019,CRO,ICOS,-403.892,0.994463,2.67997,5.828000000000003,6.41436,TRUE,-404.057,0.994692,2.70255,5.961999999999989,6.54633,TRUE,0.16500000000002046,both,NA
KE-Mkt,2020,CRO,ICOS,NA,NA,NA,NA,NA,FALSE,NA,NA,NA,NA,NA,FALSE,NA,neither,no_value
KE-Mkt,2021,CRO,ICOS,NA,NA,NA,NA,NA,FALSE,NA,NA,NA,NA,NA,FALSE,NA,neither,no_value
KE-Mkt,2022,CRO,ICOS,NA,NA,NA,NA,NA,FALSE,NA,NA,NA,NA,NA,FALSE,NA,neither,no_value
KE-Mkt,2023,CRO,ICOS,NA,NA,NA,NA,NA,FALSE,NA,NA,NA,NA,NA,FALSE,NA,neither,no_value
KE-Mkt,2024,CRO,ICOS,NA,NA,NA,NA,NA,FALSE,NA,NA,NA,NA,NA,FALSE,NA,neither,no_value
KH-Kmp,2011,EBF,ICOS,NA,NA,NA,NA,NA,FALSE,NA,NA,NA,NA,NA,FALSE,NA,neither,no_value
KH-Kmp,2012,EBF,ICOS,NA,NA,NA,NA,NA,FALSE,82.1288,0.907332,15.7945,43.39307,46.1782,TRUE,NA,CUT_only,NA
KH-Kmp,2013,EBF,ICOS,NA,NA,NA,NA,NA,FALSE,NA,NA,NA,NA,NA,FALSE,NA,neither,no_value
KH-Kmp,2014,EBF,ICOS,NA,NA,NA,NA,NA,FALSE,NA,NA,NA,NA,NA,FALSE,NA,neither,no_value
KR-AdC,2015,ENF,ICOS,NA,NA,NA,NA,NA,FALSE,NA,NA,NA,NA,NA,FALSE,NA,neither,no_value
KR-AdC,2016,ENF,ICOS,-460.282,0.94268,11.1553,17.891999999999996,21.0849,TRUE,-460.881,0.94268,11.1514,17.83850000000001,21.0372,TRUE,0.5989999999999895,both,NA
KR-AdC,2017,ENF,ICOS,-535.561,0.907705,9.29629,17.012999999999977,19.3875,TRUE,-534.098,0.908333,9.69219,22.39050000000003,24.3982,TRUE,-1.4630000000000791,both,NA
KR-AdC,2018,ENF,ICOS,NA,NA,NA,NA,NA,FALSE,NA,NA,NA,NA,NA,FALSE,NA,neither,no_value
KR-CRK,2015,CRO,ICOS,NA,NA,NA,NA,NA,FALSE,NA,NA,NA,NA,NA,FALSE,NA,neither,no_value
KR-CRK,2016,CRO,ICOS,-60.1679,0.898622,7.44285,5.665150000000001,9.35361,TRUE,-63.3036,0.89498,7.18012,5.3384,8.94724,TRUE,3.1357,both,NA
KR-CRK,2017,CRO,ICOS,103.108,0.944977,7.00941,19.938499999999998,21.1346,TRUE,95.141,0.948801,7.14685,11.504950000000001,13.544,TRUE,7.966999999999999,both,NA
KR-CRK,2018,CRO,ICOS,40.4051,0.96621,7.53317,11.012449999999998,13.3425,TRUE,44.4368,0.96992,7.79821,13.595699999999999,15.673400000000001,TRUE,-4.031700000000001,both,NA
KR-CRK,2019,CRO,ICOS,115.191,0.967865,8.04944,9.886600000000001,12.7491,TRUE,108.816,0.970833,8.34104,10.724200000000003,13.5862,TRUE,6.375,both,NA
KR-CRK,2020,CRO,ICOS,68.8741,0.975922,7.01404,11.908200000000004,13.8203,TRUE,70.9342,0.97541,6.98725,12.340800000000002,14.1816,TRUE,-2.0601000000000056,both,NA
KR-CRK,2021,CRO,ICOS,-53.9614,0.979281,7.22295,29.8958,30.756,TRUE,-55.5211,0.977283,7.20754,29.386250000000004,30.2572,TRUE,1.5596999999999994,both,NA
KR-CmF,2012,CRO,ICOS,-222.476,0.905965,9.82981,18.065000000000012,20.5662,TRUE,-214.393,0.907502,9.90189,11.506,15.18,TRUE,-8.082999999999998,both,NA
KR-CmF,2013,CRO,ICOS,-116.922,0.856507,8.96802,14.061999999999998,16.6781,TRUE,-116.798,0.856678,8.88916,14.08700000000001,16.6572,TRUE,-0.12399999999999523,both,NA
KR-CmF,2014,CRO,ICOS,-273.137,0.854281,8.58174,14.008499999999998,16.4281,TRUE,-265.615,0.8504,8.00628,15.52000000000001,17.4635,TRUE,-7.521999999999991,both,NA
KR-CmF,2015,CRO,ICOS,-206.838,0.985559,9.436,8.75399999999999,12.8714,TRUE,-207.308,0.984189,9.27636,8.123999999999995,12.3306,TRUE,0.46999999999999886,both,NA
KR-CmF,2016,CRO,ICOS,-399.793,0.592213,17.7633,3.845499999999987,18.1747,TRUE,-402.521,0.596995,17.0594,4.389999999999986,17.6153,TRUE,2.7280000000000086,both,NA
KR-CmF,2017,CRO,ICOS,-51.7313,0.889726,12.2114,14.174249999999997,18.709,TRUE,-54.8918,0.887785,11.931,16.2544,20.1632,TRUE,3.160500000000006,both,NA
KR-CmF,2018,CRO,ICOS,NA,NA,NA,NA,NA,FALSE,NA,NA,NA,NA,NA,FALSE,NA,neither,no_value
KR-CmF,2019,CRO,ICOS,NA,NA,NA,NA,NA,FALSE,NA,NA,NA,NA,NA,FALSE,NA,neither,no_value
KR-GmP,2011,CRO,ICOS,NA,NA,NA,NA,NA,FALSE,NA,NA,NA,NA,NA,FALSE,NA,neither,no_value
KR-GmP,2012,CRO,ICOS,-626.388,0.86908,15.8676,24.366000000000042,29.0771,TRUE,-626.246,0.868909,15.8668,24.611999999999966,29.2833,TRUE,-0.14200000000005275,both,NA
KR-GmP,2013,CRO,ICOS,NA,NA,NA,NA,NA,FALSE,NA,NA,NA,NA,NA,FALSE,NA,neither,no_value
KR-GmP,2014,CRO,ICOS,NA,NA,NA,NA,NA,FALSE,NA,NA,NA,NA,NA,FALSE,NA,neither,no_value
KR-GmR,2017,CRO,ICOS,NA,NA,NA,NA,NA,FALSE,NA,NA,NA,NA,NA,FALSE,NA,neither,no_value
KR-GmR,2018,CRO,ICOS,-852.306,0.854737,12.6026,20.90799999999996,24.4125,TRUE,-849.454,0.854395,12.3562,21.039499999999975,24.3994,TRUE,-2.852000000000089,both,NA
KR-GmR,2019,CRO,ICOS,-722.08,0.961301,15.4324,14.051499999999976,20.8712,TRUE,-718.443,0.955422,15.3724,15.953000000000031,22.1541,TRUE,-3.6370000000000573,both,NA
KR-GmS,2017,CRO,ICOS,-465.879,0.935103,7.41091,9.557999999999993,12.0945,TRUE,-460.355,0.944406,7.66153,8.507000000000005,11.4487,TRUE,-5.524000000000001,both,NA
KR-GmS,2018,CRO,ICOS,-533.025,0.975,8.27561,8.34699999999998,11.7538,TRUE,-544.445,0.9754,8.26046,8.29849999999999,11.7091,TRUE,11.420000000000073,both,NA
KR-GmS,2019,CRO,ICOS,-459.092,0.978253,7.35745,18.576999999999998,19.9808,TRUE,-458.092,0.974715,7.30516,24.7885,25.8424,TRUE,-1,both,NA
KR-HPK,2016,CRO,ICOS,NA,NA,NA,NA,NA,FALSE,NA,NA,NA,NA,NA,FALSE,NA,neither,no_value
KR-HPK,2017,CRO,ICOS,-698.317,0.991553,10.9349,9.519999999999982,14.4983,TRUE,-698.313,0.991553,10.9344,9.531499999999994,14.5056,TRUE,-0.004000000000019099,both,NA
KR-HPK,2018,CRO,ICOS,NA,NA,NA,NA,NA,FALSE,NA,NA,NA,NA,NA,FALSE,NA,neither,no_value
KR-HcM,2015,MF,ICOS,NA,NA,NA,NA,NA,FALSE,NA,NA,NA,NA,NA,FALSE,NA,neither,no_value
KR-HcM,2016,MF,ICOS,-359.228,0.872666,9.48996,56.715,57.5032,TRUE,-362.2,0.873862,9.48828,54.412000000000006,55.2329,TRUE,2.97199999999998,both,NA
KR-HcM,2017,MF,ICOS,-342.085,0.853596,9.25904,33.2765,34.5408,TRUE,-335.952,0.849943,9.17409,28.778999999999996,30.2058,TRUE,-6.132999999999981,both,NA
KR-HcM,2018,MF,ICOS,-735.658,0.93008,9.46286,31.11099999999999,32.518,TRUE,-741.277,0.928082,9.46001,31.891999999999996,33.2653,TRUE,5.619000000000028,both,NA
KR-Hnm,2016,CRO,ICOS,-61.3327,0.877732,10.1434,87.48089999999999,88.0668,TRUE,-6.2714,0.871072,10.1889,81.0463,81.6842,TRUE,-55.0613,both,NA
KR-Hnm,2017,CRO,ICOS,-42.2848,0.959361,10.3855,51.43357,52.4719,TRUE,-49.6955,0.960274,10.3392,52.0271155,53.0446,TRUE,7.410700000000006,both,NA
KR-Hnm,2018,CRO,ICOS,281.976,0.96484,13.2187,68.95949999999999,70.2147,TRUE,297.084,0.957991,12.1639,65.2565,66.3806,TRUE,-15.108000000000004,both,NA
KR-Hnm,2019,CRO,ICOS,NA,NA,NA,NA,NA,FALSE,NA,NA,NA,NA,NA,FALSE,NA,neither,no_value
KR-JjM,2015,MF,ICOS,-616.99,0.863128,6.58642,12.002999999999986,13.6916,TRUE,-617.489,0.863699,6.59226,12.527499999999975,14.1561,TRUE,0.49900000000002365,both,NA
KR-JjM,2016,MF,ICOS,-487.885,0.89663,5.76107,8.789500000000004,10.5092,TRUE,-489.766,0.894126,5.77358,8.92349999999999,10.6281,TRUE,1.8810000000000286,both,NA
KR-JjM,2017,MF,ICOS,-806.756,0.869235,6.12042,21.98599999999999,22.8222,TRUE,-807.386,0.869178,6.11965,22.49799999999999,23.3156,TRUE,0.6299999999999955,both,NA
KR-JjM,2018,MF,ICOS,-592.214,0.957192,6.36614,8.520000000000039,10.6358,TRUE,-590.639,0.955765,6.3726,8.015499999999975,10.2398,TRUE,-1.5750000000000455,both,NA
KR-Kw1,2016,ENF,ICOS,-1200.74,0.841473,20.9714,30.975000000000023,37.4084,TRUE,-1194.51,0.771004,30.5373,37.61500000000001,48.4484,TRUE,-6.230000000000018,both,NA
KR-Kw1,2017,ENF,ICOS,-408.616,0.964555,12.1728,48.03199999999998,49.5505,TRUE,-370.309,0.935502,11.6893,52.468999999999994,53.755,TRUE,-38.30699999999996,both,NA
KR-Kw1,2018,ENF,ICOS,-227.877,0.960616,11.6064,236.66185,236.946,TRUE,-142,0.948687,11.0958,238.72805,238.986,TRUE,-85.87700000000001,both,NA
KR-Kw1,2019,ENF,ICOS,-18.3703,0.91387,10.5718,260.12,260.335,TRUE,-48.432,0.95645,11.4155,278.85699999999997,279.091,TRUE,30.061700000000002,both,NA
KR-Kw1,2020,ENF,ICOS,-223.923,0.951617,9.69924,195.44549999999998,195.686,TRUE,-268.827,0.968238,10.4244,212.67200000000003,212.927,TRUE,44.903999999999996,both,NA
KR-Kw2,2016,DBF,ICOS,NA,NA,NA,NA,NA,FALSE,NA,NA,NA,NA,NA,FALSE,NA,neither,no_value
KR-Kw2,2017,DBF,ICOS,130.989,0.975,10.2763,30.507550000000002,32.1918,TRUE,142.883,0.967295,9.82976,33.12875,34.5562,TRUE,-11.894000000000005,both,NA
KR-Kw2,2018,DBF,ICOS,2.38794,0.928653,9.575,40.91695,42.0223,TRUE,2.31047,0.928596,9.57093,39.980575,41.1102,TRUE,0.07746999999999993,both,NA
KR-Kw2,2019,DBF,ICOS,291.394,0.963128,10.4717,28.611999999999995,30.4679,TRUE,280.737,0.967066,10.441,42.26450000000001,43.5347,TRUE,10.656999999999982,both,NA
KR-Kw2,2020,DBF,ICOS,215.704,0.970173,9.85721,33.01049999999999,34.4511,TRUE,213.783,0.978597,10.2861,34.75449999999999,36.2447,TRUE,1.9210000000000207,both,NA
KR-Nj1,2023,CRO,ICOS,NA,NA,NA,NA,NA,FALSE,NA,NA,NA,NA,NA,FALSE,NA,neither,no_value
KR-Nj1,2024,CRO,ICOS,116.384,0.95378,7.01075,14.462000000000003,16.0719,TRUE,NA,NA,NA,NA,NA,FALSE,NA,VUT_only,NA
KR-Nj2,2023,CRO,ICOS,-50.5996,0.924429,9.06646,7.863199999999999,12.0013,TRUE,NA,NA,NA,NA,NA,FALSE,NA,VUT_only,NA
KR-Nj2,2024,CRO,ICOS,-7.11932,0.959244,8.45993,15.762425,17.8892,TRUE,NA,NA,NA,NA,NA,FALSE,NA,VUT_only,NA
KR-PcD,2015,DBF,ICOS,-778.455,0.85742,15.4498,50.553,52.8614,TRUE,-766.857,0.778311,16.5986,75.71999999999997,77.5182,TRUE,-11.59800000000007,both,NA
KR-PcD,2016,DBF,ICOS,-247.892,0.791837,18.6088,157.317,158.413,TRUE,-287.84,0.759791,16.5852,156.81650000000002,157.691,TRUE,39.94799999999998,both,NA
KR-PcD,2017,DBF,ICOS,98.223,0.818721,14.0861,265.1195,265.494,TRUE,201.972,0.799087,11.2167,258.2075,258.451,TRUE,-103.74900000000001,both,NA
KR-PcD,2018,DBF,ICOS,264.53,0.839212,10.5269,178.8688,179.178,TRUE,262.471,0.840468,10.4356,174.24739,174.56,TRUE,2.058999999999969,both,NA
KR-ScC,2015,ENF,ICOS,-335.369,0.899715,16.4238,62.38499999999999,64.5104,TRUE,-343.694,0.896404,16.6547,83.28349999999999,84.9322,TRUE,8.324999999999989,both,NA
KR-ScC,2016,ENF,ICOS,67.2601,0.854394,13.5912,94.8635,95.8321,TRUE,97.3268,0.867202,12.2774,94.9417,95.7323,TRUE,-30.06670000000001,both,NA
KR-ScC,2017,ENF,ICOS,-212.009,0.841438,15.934,112.95960000000001,114.078,TRUE,-191.525,0.864041,15.1464,115.72740000000002,116.714,TRUE,-20.48399999999998,both,NA
KR-ScC,2018,ENF,ICOS,-218.66,0.84395,16.4343,88.69725,90.2071,TRUE,-217.65,0.877968,14.4701,66.2845,67.8454,TRUE,-1.009999999999991,both,NA
KR-SmM,2015,MF,ICOS,-551.75,0.966781,7.98545,14.724500000000035,16.7507,TRUE,-553.403,0.970034,8.2587,17.586000000000013,19.4283,TRUE,1.65300000000002,both,NA
KR-SmM,2016,MF,ICOS,-446.8,0.915528,10.235,7.5575000000000045,12.7229,TRUE,-438.001,0.916041,10.2878,14.246499999999997,17.573,TRUE,-8.799000000000035,both,NA
KR-SmM,2017,MF,ICOS,-281.899,0.873516,9.94414,14.107,17.2597,TRUE,-284.399,0.888584,11.5834,13.401499999999999,17.7139,TRUE,2.5,both,NA
KR-SmM,2018,MF,ICOS,-433.594,0.926769,12.5022,33.3305,35.5983,TRUE,-454.118,0.928653,12.6942,22.61500000000001,25.9343,TRUE,20.524,both,NA
KR-SmM,2019,MF,ICOS,NA,NA,NA,NA,NA,FALSE,NA,NA,NA,NA,NA,FALSE,NA,neither,no_value
KR-SmM,2020,MF,ICOS,NA,NA,NA,NA,NA,FALSE,NA,NA,NA,NA,NA,FALSE,NA,neither,no_value
KR-SmM,2021,MF,ICOS,NA,NA,NA,NA,NA,FALSE,NA,NA,NA,NA,NA,FALSE,NA,neither,no_value
KR-TwB,2024,DBF,ICOS,NA,NA,NA,NA,NA,FALSE,NA,NA,NA,NA,NA,FALSE,NA,neither,no_value
KR-TwC,2024,ENF,ICOS,-1228.91,0.888832,17.2171,7.1200000000000045,18.6299,TRUE,NA,NA,NA,NA,NA,FALSE,NA,VUT_only,NA
KR-UAO,2017,CRO,ICOS,NA,NA,NA,NA,NA,FALSE,NA,NA,NA,NA,NA,FALSE,NA,neither,no_value
KR-UAO,2018,CRO,ICOS,-135.778,0.982135,9.77263,8.69149999999999,13.0786,TRUE,-136.885,0.981221,9.65575,8.667000000000002,12.9751,TRUE,1.1069999999999993,both,NA
KR-UAO,2019,CRO,ICOS,159.872,0.981906,9.02323,26.3515,27.8538,TRUE,153.17,0.982763,9.03724,27.259000000000007,28.7179,TRUE,6.702000000000027,both,NA
KR-WdE,2015,EBF,ICOS,-277.748,0.853653,15.6011,46.61649999999999,49.1579,TRUE,-282.09,0.905137,15.2601,35.343999999999994,38.4974,TRUE,4.3419999999999845,both,NA
KR-WdE,2016,EBF,ICOS,NA,NA,NA,NA,NA,FALSE,NA,NA,NA,NA,NA,FALSE,NA,neither,no_value
KR-WdE,2017,EBF,ICOS,NA,NA,NA,NA,NA,FALSE,NA,NA,NA,NA,NA,FALSE,NA,neither,no_value
KR-WdE,2018,EBF,ICOS,-765.5,0.894406,12.8118,25.64050000000003,28.6633,TRUE,-764.717,0.904566,12.305,32.50450000000001,34.756,TRUE,-0.7830000000000155,both,NA
ML-Kem,2007,WSA,ICOS,NA,NA,NA,NA,NA,FALSE,NA,NA,NA,NA,NA,FALSE,NA,neither,no_value
ML-Kem,2008,WSA,ICOS,-578.232,0.97985,5.24406,8.127499999999998,9.67211,TRUE,-578.233,0.97985,5.24403,8.095500000000015,9.64574,TRUE,9.999999999763531e-4,both,NA
ML-Kem,2009,WSA,ICOS,NA,NA,NA,NA,NA,FALSE,NA,NA,NA,NA,NA,FALSE,NA,neither,no_value
MN-Hst,2015,GRA,ICOS,NA,NA,NA,NA,NA,FALSE,NA,NA,NA,NA,NA,FALSE,NA,neither,no_value
MN-Hst,2016,GRA,ICOS,66.8792,0.939663,1.66307,6.987849999999998,7.18301,TRUE,67.2106,0.939265,1.65734,6.980799999999999,7.17489,TRUE,-0.33140000000000214,both,NA
MN-Hst,2017,GRA,ICOS,63.4314,0.90782,2.14104,2.0732,2.98028,TRUE,63.5311,0.907877,2.14163,2.109650000000002,3.00618,TRUE,-0.09970000000000567,both,NA
MN-Hst,2018,GRA,ICOS,28.8113,0.930479,2.49748,7.39495,7.80532,TRUE,29.1409,0.930537,2.48951,7.6408000000000005,8.03614,TRUE,-0.3295999999999992,both,NA
MN-Hst,2019,GRA,ICOS,80.8673,0.752797,2.47357,2.0200499999999977,3.19362,TRUE,81.2608,0.755251,2.48669,2.033850000000001,3.21251,TRUE,-0.39350000000000307,both,NA
MN-Hst,2020,GRA,ICOS,NA,NA,NA,NA,NA,FALSE,NA,NA,NA,NA,NA,FALSE,NA,neither,no_value
MN-Kbu,2003,GRA,ICOS,NA,NA,NA,NA,NA,FALSE,NA,NA,NA,NA,NA,FALSE,NA,neither,no_value
MN-Kbu,2004,GRA,ICOS,-526.214,0.936532,3.5676,28.010999999999996,28.2374,TRUE,-531.065,0.926286,3.54348,38.239499999999964,38.4035,TRUE,4.850999999999999,both,NA
MN-Kbu,2005,GRA,ICOS,-503.412,0.81895,3.28547,13.237999999999971,13.6396,TRUE,-492.912,0.844178,3.32606,13.979500000000002,14.37,TRUE,-10.5,both,NA
MN-Kbu,2006,GRA,ICOS,-496.708,0.826655,4.15249,34.20199999999997,34.4532,TRUE,-511.318,0.900856,3.26247,32.307500000000005,32.4717,TRUE,14.609999999999957,both,NA
MN-Kbu,2007,GRA,ICOS,-430.354,0.905023,2.72546,26.001499999999993,26.1438,TRUE,-438.593,0.939783,2.89015,23.95599999999999,24.1295,TRUE,8.239000000000033,both,NA
MN-Kbu,2008,GRA,ICOS,-501.727,0.967612,3.10662,6.186999999999983,6.92334,TRUE,-496.361,0.94877,2.94831,5.934999999999974,6.62686,TRUE,-5.3659999999999854,both,NA
MN-Nkh,2015,GRA,ICOS,NA,NA,NA,NA,NA,FALSE,NA,NA,NA,NA,NA,FALSE,NA,neither,no_value
MN-Nkh,2016,GRA,ICOS,-48.0687,0.967725,1.67477,0.5350500000000018,1.75816,TRUE,-47.2581,0.964139,1.66103,0.5283499999999997,1.74305,TRUE,-0.8106000000000009,both,NA
MN-Nkh,2017,GRA,ICOS,-79.6624,0.96016,2.16393,3.3663999999999987,4.00192,TRUE,-79.2705,0.959475,2.1639,3.419399999999996,4.04657,TRUE,-0.3919000000000068,both,NA
MN-Nkh,2018,GRA,ICOS,-67.5828,0.941096,2.33956,1.5967500000000001,2.83251,TRUE,-67.6159,0.941667,2.34142,1.693399999999997,2.88963,TRUE,0.03309999999999036,both,NA
MN-Nkh,2019,GRA,ICOS,-87.7708,0.96895,1.89064,2.269849999999998,2.9541,TRUE,-87.6698,0.969007,1.88872,2.409649999999999,3.06162,TRUE,-0.10099999999999909,both,NA
MN-Nkh,2020,GRA,ICOS,NA,NA,NA,NA,NA,FALSE,NA,NA,NA,NA,NA,FALSE,NA,neither,no_value
MN-Udg,2010,DNF,ICOS,NA,NA,NA,NA,NA,FALSE,NA,NA,NA,NA,NA,FALSE,NA,neither,no_value
MN-Udg,2011,DNF,ICOS,NA,NA,NA,NA,NA,FALSE,NA,NA,NA,NA,NA,FALSE,NA,neither,no_value
MN-Udg,2012,DNF,ICOS,NA,NA,NA,NA,NA,FALSE,NA,NA,NA,NA,NA,FALSE,NA,neither,no_value
MX-Aog,2016,DBF,AmeriFlux,NA,NA,NA,NA,NA,FALSE,NA,NA,NA,NA,NA,FALSE,NA,neither,no_value
MX-Aog,2017,DBF,AmeriFlux,95.8542,0.932934,17.9929,18.051949999999998,25.4876,TRUE,94.3567,0.935788,17.877,18.0044,25.3721,TRUE,1.4975000000000023,both,NA
MX-Aog,2018,DBF,AmeriFlux,-203.878,0.738584,23.7349,49.723,55.0973,TRUE,-230.45,0.735845,22.7392,106.12650000000001,108.535,TRUE,26.572000000000003,both,NA
MX-PMm,2017,WET,AmeriFlux,NA,NA,NA,NA,NA,FALSE,NA,NA,NA,NA,NA,FALSE,NA,neither,no_value
MX-PMm,2018,WET,AmeriFlux,NA,NA,NA,NA,NA,FALSE,NA,NA,NA,NA,NA,FALSE,NA,neither,no_value
MX-Tes,2004,DBF,AmeriFlux,NA,NA,NA,NA,NA,FALSE,NA,NA,NA,NA,NA,FALSE,NA,neither,no_value
MX-Tes,2005,DBF,AmeriFlux,-106.935,0.854509,4.72897,14.455650000000006,15.2093,TRUE,-103.356,0.818779,4.27876,15.320249999999994,15.9067,TRUE,-3.5790000000000077,both,NA
MX-Tes,2006,DBF,AmeriFlux,-46.1121,0.976027,3.3838,8.65945,9.2971,TRUE,-15.4304,0.933048,3.12663,27.6891665,27.8651,TRUE,-30.6817,both,NA
MX-Tes,2007,DBF,AmeriFlux,-76.6025,0.853824,6.13709,32.92525,33.4923,TRUE,-82.5537,0.85097,6.28132,19.635,20.6152,TRUE,5.9512,both,NA
MX-Tes,2008,DBF,AmeriFlux,-74.6607,0.894126,7.53074,1.9476000000000013,7.7785,TRUE,-74.5698,0.897143,7.51818,1.5257500000000022,7.67143,TRUE,-0.09090000000000487,both,NA
MY-LHP,2009,EBF,ICOS,NA,NA,NA,NA,NA,FALSE,NA,NA,NA,NA,NA,FALSE,NA,neither,no_value
MY-LHP,2010,EBF,ICOS,NA,NA,NA,NA,NA,FALSE,NA,NA,NA,NA,NA,FALSE,NA,neither,no_value
MY-LHP,2011,EBF,ICOS,NA,NA,NA,NA,NA,FALSE,NA,NA,NA,NA,NA,FALSE,NA,neither,no_value
MY-LHP,2012,EBF,ICOS,-390.968,0.831569,13.6889,227.414,227.826,TRUE,-473.16,0.507457,51.6789,339.0704999999999,342.988,TRUE,82.19200000000001,both,NA
MY-LHP,2013,EBF,ICOS,-423.663,0.843721,16.5279,149.66549999999998,150.575,TRUE,-516.317,0.553196,16.0616,374.53549999999996,374.88,TRUE,92.654,both,NA
MY-LHP,2014,EBF,ICOS,18.2642,0.833904,18.2621,160.86900000000003,161.902,TRUE,88.0239,0.579338,18.2747,408.20899999999995,408.618,TRUE,-69.7597,both,NA
MY-LHP,2015,EBF,ICOS,85.0306,0.665639,14.1434,252.69765,253.093,TRUE,216.903,0.575,16.0713,342.868,343.244,TRUE,-131.87239999999997,both,NA
MY-LHP,2016,EBF,ICOS,-521.697,0.595742,15.6671,413.323,413.62,TRUE,-365.999,0.525216,17.1663,427.5755,427.918,TRUE,-155.69799999999998,both,NA
MY-LHP,2017,EBF,ICOS,NA,NA,NA,NA,NA,FALSE,NA,NA,NA,NA,NA,FALSE,NA,neither,no_value
MY-LHP,2018,EBF,ICOS,NA,NA,NA,NA,NA,FALSE,NA,NA,NA,NA,NA,FALSE,NA,neither,no_value
MY-LHP,2019,EBF,ICOS,NA,NA,NA,NA,NA,FALSE,NA,NA,NA,NA,NA,FALSE,NA,neither,no_value
NL-Hrw,2001,GRA,ICOS,NA,NA,NA,NA,NA,FALSE,NA,NA,NA,NA,NA,FALSE,NA,neither,no_value
NL-Hrw,2002,GRA,ICOS,217.886,0.824486,8.1292,22.6075,24.0243,TRUE,225.066,0.823116,8.23574,19.999499999999998,21.6287,TRUE,-7.180000000000007,both,NA
NL-Hrw,2003,GRA,ICOS,NA,NA,NA,NA,NA,FALSE,NA,NA,NA,NA,NA,FALSE,NA,neither,no_value
NL-Hrw,2004,GRA,ICOS,NA,NA,NA,NA,NA,FALSE,NA,NA,NA,NA,NA,FALSE,NA,neither,no_value
NL-Hrw,2005,GRA,ICOS,-96.5513,0.951712,9.50899,22.8277,24.729,TRUE,-92.6833,0.952055,9.51861,22.567200000000007,24.4924,TRUE,-3.867999999999995,both,NA
NL-Hrw,2006,GRA,ICOS,-3.20029,0.938242,10.957,9.68948,14.6267,TRUE,12.392,0.932648,11.1035,11.50211,15.987,TRUE,-15.592289999999998,both,NA
NL-Hrw,2007,GRA,ICOS,12.5408,0.967922,12.4971,30.8294,33.2661,TRUE,-1.55634,0.970034,12.5421,26.883699999999997,29.6654,TRUE,14.097140000000001,both,NA
NL-Hrw,2008,GRA,ICOS,-124.555,0.79235,11.5472,10.964500000000001,15.9235,TRUE,-118.942,0.791211,11.6335,9.9895,15.3338,TRUE,-5.613000000000014,both,NA
NL-Hrw,2009,GRA,ICOS,NA,NA,NA,NA,NA,FALSE,NA,NA,NA,NA,NA,FALSE,NA,neither,no_value
NL-Hrw,2010,GRA,ICOS,137.708,0.942751,11.2238,22.290950000000002,24.9571,TRUE,137.762,0.940183,11.2683,44.78205,46.1782,TRUE,-0.054000000000002046,both,NA
NO-And,2008,WET,ICOS,NA,NA,NA,NA,NA,FALSE,NA,NA,NA,NA,NA,FALSE,NA,neither,no_value
NO-And,2009,WET,ICOS,13.1338,0.817922,1.72704,1.74165,2.45279,TRUE,11.7853,0.818037,1.73006,3.2838449999999995,3.71172,TRUE,1.3485000000000014,both,NA
NO-And,2010,WET,ICOS,1.19848,0.905479,1.77293,4.925605,5.23497,TRUE,2.73059,0.908276,1.78042,2.646505,3.18965,TRUE,-1.5321099999999999,both,NA
NO-And,2011,WET,ICOS,-40.3193,0.97911,1.72487,2.933049999999998,3.40261,TRUE,-40.578,0.979852,1.7317,2.778600000000001,3.27404,TRUE,0.2587000000000046,both,NA
NO-And,2012,WET,ICOS,-44.3753,0.979053,1.98517,5.596049999999998,5.93773,TRUE,-43.7076,0.979679,1.96359,3.314149999999998,3.85219,TRUE,-0.6677000000000035,both,NA
NO-And,2013,WET,ICOS,-15.5128,0.994692,1.95116,1.3096500000000004,2.34994,TRUE,-15.7013,0.994806,1.94927,1.3351499999999996,2.36268,TRUE,0.18849999999999945,both,NA
NO-And,2014,WET,ICOS,-13.7356,0.984646,1.43515,1.7897999999999996,2.29413,TRUE,-13.3633,0.985502,1.43845,1.715700000000001,2.23892,TRUE,-0.3722999999999992,both,NA
NO-Fns,2017,SNO,ICOS,NA,NA,NA,NA,NA,FALSE,NA,NA,NA,NA,NA,FALSE,NA,neither,no_value
NO-Fns,2018,SNO,ICOS,NA,NA,NA,NA,NA,FALSE,NA,NA,NA,NA,NA,FALSE,NA,neither,no_value
NO-Fns,2019,SNO,ICOS,NA,NA,NA,NA,NA,FALSE,NA,NA,NA,NA,NA,FALSE,NA,neither,no_value
NO-Fns,2020,SNO,ICOS,30.5956,0.937443,0.727062,3.4334000000000007,3.50957,TRUE,31.5307,0.92936,0.731934,3.575850000000001,3.64998,TRUE,-0.9350999999999985,both,NA
NO-Fns,2021,SNO,ICOS,-40.8429,0.837728,1.34708,7.8255,7.94063,TRUE,-41.7043,0.834703,1.33685,7.827449999999999,7.94076,TRUE,0.8614000000000033,both,NA
NO-Fns,2022,SNO,ICOS,-5.90925,0.84903,1.45491,3.633661,3.91411,TRUE,-6.01371,0.843322,1.40131,3.28347,3.56999,TRUE,0.10445999999999955,both,NA
NO-Fns,2023,SNO,ICOS,NA,NA,NA,NA,NA,FALSE,NA,NA,NA,NA,NA,FALSE,NA,neither,no_value
NO-Fns,2024,SNO,ICOS,NA,NA,NA,NA,NA,FALSE,NA,NA,NA,NA,NA,FALSE,NA,neither,no_value
NO-Hur,2023,ENF,ICOS,NA,NA,NA,NA,NA,FALSE,NA,NA,NA,NA,NA,FALSE,NA,neither,no_value
NO-Hur,2024,ENF,ICOS,-52.6024,0.972279,5.24706,11.3257,12.4821,TRUE,NA,NA,NA,NA,NA,FALSE,NA,VUT_only,NA
NO-Ikr,2019,WET,ICOS,NA,NA,NA,NA,NA,FALSE,NA,NA,NA,NA,NA,FALSE,NA,neither,no_value
NO-Ikr,2020,WET,ICOS,-4.00243,0.854793,1.13677,1.5919849999999998,1.95619,TRUE,-4.00243,0.854793,1.13677,1.5919849999999998,1.95619,TRUE,0,both,NA
NO-Ikr,2021,WET,ICOS,NA,NA,NA,NA,NA,FALSE,NA,NA,NA,NA,NA,FALSE,NA,neither,no_value
NO-Ikr,2022,WET,ICOS,NA,NA,NA,NA,NA,FALSE,NA,NA,NA,NA,NA,FALSE,NA,neither,no_value
NZ-ADd,2016,GRA,TERN,-190.904,0.920367,4.34368,16.408999999999992,16.974,TRUE,-203.443,0.924123,4.40585,9.299499999999995,10.2903,TRUE,12.539000000000016,both,NA
NZ-ADd,2017,GRA,TERN,-99.7499,0.983676,4.65209,19.34995,19.9012,TRUE,-105.819,0.987443,4.67115,19.559350000000002,20.1096,TRUE,6.069100000000006,both,NA
NZ-ADd,2018,GRA,TERN,-294.365,0.979224,8.55541,10.867000000000019,13.8309,TRUE,-293.57,0.98476,8.50776,10.488,13.5047,TRUE,-0.7950000000000159,both,NA
NZ-ADd,2019,GRA,TERN,18.0337,0.984418,7.13303,5.963699999999999,9.29763,TRUE,17.6683,0.984475,7.13294,6.015554999999999,9.33091,TRUE,0.36540000000000106,both,NA
NZ-ADd,2020,GRA,TERN,NA,NA,NA,NA,NA,FALSE,NA,NA,NA,NA,NA,FALSE,NA,neither,no_value
NZ-ADw,2015,GRA,TERN,NA,NA,NA,NA,NA,FALSE,NA,NA,NA,NA,NA,FALSE,NA,neither,no_value
NZ-ADw,2016,GRA,TERN,-624.537,0.980476,6.13967,4.326999999999998,7.51115,TRUE,-624.982,0.97763,6.06161,9.273500000000013,11.0789,TRUE,0.44499999999993634,both,NA
NZ-ADw,2017,GRA,TERN,-185.891,0.973402,7.71062,2.477000000000004,8.09863,TRUE,-183.99,0.974658,7.7617,3.7505000000000024,8.62026,TRUE,-1.900999999999982,both,NA
NZ-ADw,2018,GRA,TERN,-50.7739,0.968664,7.41404,20.726950000000002,22.0131,TRUE,-67.1922,0.977854,7.51858,19.39045,20.7971,TRUE,16.418300000000002,both,NA
NZ-ADw,2019,GRA,TERN,-231.881,0.963356,8.68413,5.762500000000003,10.4223,TRUE,-241.901,0.978881,8.69814,17.72200000000001,19.7413,TRUE,10.02000000000001,both,NA
NZ-ADw,2020,GRA,TERN,39.1973,0.963399,8.84451,13.747150000000001,16.3465,TRUE,16.578,0.969832,9.10805,46.647800000000004,47.5286,TRUE,22.6193,both,NA
NZ-ADw,2021,GRA,TERN,-135.391,0.97774,7.92354,56.9352,57.4837,TRUE,-150.801,0.980365,8.09405,62.8618,63.3807,TRUE,15.409999999999997,both,NA
NZ-ADw,2022,GRA,TERN,NA,NA,NA,NA,NA,FALSE,NA,NA,NA,NA,NA,FALSE,NA,neither,no_value
NZ-BFm,2012,GRA,TERN,NA,NA,NA,NA,NA,FALSE,NA,NA,NA,NA,NA,FALSE,NA,neither,no_value
NZ-BFm,2013,GRA,TERN,-352.151,0.950799,8.46702,18.99350000000001,20.7952,TRUE,-352.151,0.950799,8.46702,18.994499999999988,20.7961,TRUE,0,both,NA
NZ-BFm,2014,GRA,TERN,-479.979,0.953082,7.27159,14.837000000000018,16.5229,TRUE,-479.979,0.953082,7.27159,18.55200000000002,19.926,TRUE,0,both,NA
NZ-BFm,2015,GRA,TERN,NA,NA,NA,NA,NA,FALSE,NA,NA,NA,NA,NA,FALSE,NA,neither,no_value
NZ-BFu,2012,GRA,TERN,NA,NA,NA,NA,NA,FALSE,NA,NA,NA,NA,NA,FALSE,NA,neither,no_value
NZ-BFu,2013,GRA,TERN,187.882,0.940468,5.1729,15.221999999999994,16.0769,TRUE,187.872,0.940468,5.17318,15.275499999999994,16.1278,TRUE,0.009999999999990905,both,NA
NZ-BFu,2014,GRA,TERN,NA,NA,NA,NA,NA,FALSE,NA,NA,NA,NA,NA,FALSE,NA,neither,no_value
NZ-Cla,2022,GRA,TERN,NA,NA,NA,NA,NA,FALSE,NA,NA,NA,NA,NA,FALSE,NA,neither,no_value
NZ-Cla,2023,GRA,TERN,-192.638,0.827568,12.1755,35.629999999999995,37.6527,TRUE,-192.182,0.827511,12.1739,35.09150000000001,37.1433,TRUE,-0.4560000000000173,both,NA
NZ-Cla,2024,GRA,TERN,-253.982,0.923213,10.9554,34.96199999999999,36.6383,TRUE,-249.64,0.922587,10.9123,33.987999999999985,35.6969,TRUE,-4.342000000000013,both,NA
NZ-Cla,2025,GRA,TERN,NA,NA,NA,NA,NA,FALSE,NA,NA,NA,NA,NA,FALSE,NA,neither,no_value
NZ-Kop,2012,WET,TERN,-281.849,0.959187,3.38878,2.6074999999999875,4.27579,TRUE,-277.481,0.956398,3.20501,3.7549999999999955,4.93673,TRUE,-4.367999999999995,both,NA
NZ-Kop,2013,WET,TERN,-176.865,0.961701,3.66125,21.207499999999996,21.5213,TRUE,-176.845,0.961701,3.65976,21.256,21.5691,TRUE,-0.020000000000010232,both,NA
NZ-Kop,2014,WET,TERN,-238.868,0.959132,4.46558,9.857,10.8213,TRUE,-238.868,0.959132,4.46558,9.857,10.8213,TRUE,0,both,NA
NZ-Kop,2015,WET,TERN,-260.579,0.951769,4.57882,1.5645000000000095,4.83861,TRUE,-260.579,0.951769,4.57882,2.331499999999977,5.13837,TRUE,0,both,NA
NZ-Lau,2019,GRA,TERN,NA,NA,NA,NA,NA,FALSE,NA,NA,NA,NA,NA,FALSE,NA,neither,no_value
NZ-Lau,2020,GRA,TERN,50.5437,0.959301,4.83259,25.11065,25.5714,TRUE,49.3475,0.954178,4.73259,31.47008,31.8239,TRUE,1.1962000000000046,both,NA
NZ-Lau,2021,GRA,TERN,-100.271,0.887728,5.96815,14.552,15.7286,TRUE,-100.162,0.887728,5.96842,19.7376,20.6204,TRUE,-0.10899999999999466,both,NA
NZ-Lau,2022,GRA,TERN,73.1347,0.927283,4.74131,37.653,37.9501,TRUE,73.0907,0.927283,4.74237,44.69935,44.95,TRUE,0.04399999999999693,both,NA
NZ-Lau,2023,GRA,TERN,-31.9105,0.912043,7.19792,18.0597,19.4412,TRUE,-31.9105,0.912043,7.19792,17.883499999999998,19.2777,TRUE,0,both,NA
NZ-Lau,2024,GRA,TERN,-50.485,0.921847,6.17856,64.8015,65.0952,TRUE,-50.4465,0.921847,6.17558,50.7405,51.115,TRUE,-0.03849999999999909,both,NA
NZ-Lau,2025,GRA,TERN,-175.926,0.877226,6.79283,69.6013,69.9322,TRUE,-189.693,0.899087,6.72394,34.2355,34.8896,TRUE,13.767000000000024,both,NA
NZ-Oxf,2006,GRA,TERN,-173.848,0.978253,7.99849,13.410499999999999,15.6147,TRUE,-173.848,0.978253,7.99849,18.428999999999988,20.0898,TRUE,0,both,NA
NZ-Oxf,2007,GRA,TERN,-52.0007,0.93984,7.02404,8.451,10.9889,TRUE,-52.0932,0.93984,7.01719,8.451,10.9845,TRUE,0.09250000000000114,both,NA
NZ-Oxf,2008,GRA,TERN,-177.904,0.992714,8.33642,5.70450000000001,10.1013,TRUE,-176.701,0.991633,8.11641,5.70450000000001,9.92048,TRUE,-1.203000000000003,both,NA
NZ-Oxf,2009,GRA,TERN,-168.14,0.995662,7.28784,15.647999999999996,17.2622,TRUE,-175.595,0.994121,7.14299,15.647999999999996,17.2015,TRUE,7.4550000000000125,both,NA
NZ-Oxf,2010,GRA,TERN,-135.664,0.990011,7.33129,15.796000000000006,17.4146,TRUE,-143.891,0.98887,7.1858,15.796000000000006,17.3538,TRUE,8.227000000000004,both,NA
NZ-ScF,2008,GRA,TERN,-220.202,0.966416,7.88162,13.248999999999995,15.4158,TRUE,-227.797,0.968636,7.98836,18.864499999999992,20.486,TRUE,7.594999999999999,both,NA
NZ-ScF,2009,GRA,TERN,-279.493,0.966153,8.13826,19.914999999999992,21.5136,TRUE,-294.806,0.969578,8.17815,30.820999999999998,31.8877,TRUE,15.312999999999988,both,NA
NZ-ScF,2010,GRA,TERN,-219.144,0.956621,9.52229,10.150000000000006,13.9174,TRUE,-219.073,0.956621,9.52149,10.314000000000007,14.0371,TRUE,-0.07099999999999795,both,NA
NZ-ScF,2011,GRA,TERN,-502.542,0.946119,8.85497,54.67599999999999,55.3884,TRUE,-502.542,0.946119,8.85497,35.95750000000004,37.0315,TRUE,0,both,NA
PA-SPn,2007,DBF,ICOS,NA,NA,NA,NA,NA,FALSE,NA,NA,NA,NA,NA,FALSE,NA,neither,no_value
PA-SPn,2008,DBF,ICOS,-523.457,0.980533,9.72681,79,79.5965,TRUE,-523.472,0.980533,9.72688,78.27900000000002,78.8812,TRUE,0.014999999999986358,both,NA
PA-SPn,2009,DBF,ICOS,NA,NA,NA,NA,NA,FALSE,NA,NA,NA,NA,NA,FALSE,NA,neither,no_value
PA-SPs,2007,GRA,ICOS,NA,NA,NA,NA,NA,FALSE,NA,NA,NA,NA,NA,FALSE,NA,neither,no_value
PA-SPs,2008,GRA,ICOS,411.105,0.96135,11.5112,75.35149999999999,76.2257,TRUE,411.07,0.96135,11.5114,75.31899999999999,76.1937,TRUE,0.03500000000002501,both,NA
PA-SPs,2009,GRA,ICOS,595.287,0.956735,9.60765,96.4605,96.9377,TRUE,576.129,0.958847,9.92961,98.45950000000002,98.9588,TRUE,19.158000000000015,both,NA
PA-SPs,2010,GRA,ICOS,NA,NA,NA,NA,NA,FALSE,NA,NA,NA,NA,NA,FALSE,NA,neither,no_value
PE-QFR,2018,WET,AmeriFlux,-557.685,0.78984,25.6648,62.936500000000024,67.9683,TRUE,-543.638,0.788642,24.9756,52.1395,57.8127,TRUE,-14.046999999999912,both,NA
PE-QFR,2019,WET,AmeriFlux,-514.652,0.974943,22.6533,91.722500000000025,94.4785,TRUE,-484.16,0.974486,21.8166,81.22150000000002,84.1005,TRUE,-30.49200000000002,both,NA
PE-QFR,2020,WET,AmeriFlux,NA,NA,NA,NA,NA,FALSE,NA,NA,NA,NA,NA,FALSE,NA,neither,no_value
PE-QFR,2021,WET,AmeriFlux,NA,NA,NA,NA,NA,FALSE,NA,NA,NA,NA,NA,FALSE,NA,neither,no_value
PE-QFR,2022,WET,AmeriFlux,-47.6155,0.954281,23.0946,100.19148,102.819,TRUE,-96.4605,0.954623,23.809,115.90310000000001,118.323,TRUE,48.845,both,NA
PR-xGU,2019,EBF,AmeriFlux,NA,NA,NA,NA,NA,FALSE,NA,NA,NA,NA,NA,FALSE,NA,neither,no_value
PR-xGU,2020,EBF,AmeriFlux,NA,NA,NA,NA,NA,FALSE,NA,NA,NA,NA,NA,FALSE,NA,neither,no_value
PR-xGU,2021,EBF,AmeriFlux,NA,NA,NA,NA,NA,FALSE,NA,NA,NA,NA,NA,FALSE,NA,neither,no_value
PR-xGU,2022,EBF,AmeriFlux,-236.126,0.617694,7.8142,36.78099999999999,37.6019,TRUE,-245.121,0.624715,7.74022,38.10499999999999,38.883,TRUE,8.995000000000005,both,NA
PR-xGU,2023,EBF,AmeriFlux,-337.722,0.878881,6.55777,20.4375,21.4636,TRUE,-355.667,0.881963,6.81093,32.44549999999998,33.1526,TRUE,17.944999999999993,both,NA
PR-xGU,2024,EBF,AmeriFlux,-87.8943,0.9889,6.2731,17.156599999999997,18.2676,TRUE,-118.472,0.991291,6.58305,39.197900000000004,39.747,TRUE,30.577699999999993,both,NA
PR-xLA,2019,GRA,AmeriFlux,NA,NA,NA,NA,NA,FALSE,NA,NA,NA,NA,NA,FALSE,NA,neither,no_value
PR-xLA,2020,GRA,AmeriFlux,NA,NA,NA,NA,NA,FALSE,NA,NA,NA,NA,NA,FALSE,NA,neither,no_value
PR-xLA,2021,GRA,AmeriFlux,NA,NA,NA,NA,NA,FALSE,NA,NA,NA,NA,NA,FALSE,NA,neither,no_value
PR-xLA,2022,GRA,AmeriFlux,NA,NA,NA,NA,NA,FALSE,NA,NA,NA,NA,NA,FALSE,NA,neither,no_value
PR-xLA,2023,GRA,AmeriFlux,419.238,0.771062,14.0806,73.434,74.7717,TRUE,392.197,0.774943,15.4771,68.041,69.7792,TRUE,27.040999999999997,both,NA
PR-xLA,2024,GRA,AmeriFlux,35.6097,0.871585,11.7192,28.194650000000003,30.5332,TRUE,22.4708,0.879098,13.5485,37.060865,39.4597,TRUE,13.138899999999996,both,NA
RU-Ch2,2014,WET,ICOS,NA,NA,NA,NA,NA,FALSE,NA,NA,NA,NA,NA,FALSE,NA,neither,no_value
RU-Ch2,2015,WET,ICOS,-55.8523,0.781564,1.55979,5.936850000000003,6.13833,TRUE,-76.4122,0.951941,1.4609,7.768599999999999,7.90477,TRUE,20.5599,both,NA
RU-Ch2,2016,WET,ICOS,NA,NA,NA,NA,NA,FALSE,NA,NA,NA,NA,NA,FALSE,NA,neither,no_value
RU-Ch2,2017,WET,ICOS,NA,NA,NA,NA,NA,FALSE,NA,NA,NA,NA,NA,FALSE,NA,neither,no_value
RU-Ch2,2018,WET,ICOS,NA,NA,NA,NA,NA,FALSE,NA,NA,NA,NA,NA,FALSE,NA,neither,no_value
RU-Ch2,2019,WET,ICOS,NA,NA,NA,NA,NA,FALSE,NA,NA,NA,NA,NA,FALSE,NA,neither,no_value
RU-Ch2,2020,WET,ICOS,-80.9445,0.640597,2.74358,8.157799999999995,8.60676,TRUE,-92.871,0.853882,1.80632,8.7442,8.92881,TRUE,11.92649999999999,both,NA
RU-Ch2,2021,WET,ICOS,NA,NA,NA,NA,NA,FALSE,NA,NA,NA,NA,NA,FALSE,NA,neither,no_value
RU-Che,2013,WET,ICOS,NA,NA,NA,NA,NA,FALSE,NA,NA,NA,NA,NA,FALSE,NA,neither,no_value
RU-Che,2014,WET,ICOS,NA,NA,NA,NA,NA,FALSE,NA,NA,NA,NA,NA,FALSE,NA,neither,no_value
RU-Che,2015,WET,ICOS,-6.63253,0.933847,1.90995,6.535260000000001,6.80865,TRUE,-11.3924,0.91855,1.91443,5.21519,5.55547,TRUE,4.75987,both,NA
RU-Che,2016,WET,ICOS,-13.7663,0.928336,2.05072,4.92405,5.33403,TRUE,-12.8032,0.906421,2.09391,5.031599999999999,5.44989,TRUE,-0.963099999999999,both,NA
RU-Che,2017,WET,ICOS,NA,NA,NA,NA,NA,FALSE,NA,NA,NA,NA,NA,FALSE,NA,neither,no_value
RU-Che,2018,WET,ICOS,NA,NA,NA,NA,NA,FALSE,NA,NA,NA,NA,NA,FALSE,NA,neither,no_value
RU-Che,2019,WET,ICOS,NA,NA,NA,NA,NA,FALSE,NA,NA,NA,NA,NA,FALSE,NA,neither,no_value
RU-Che,2020,WET,ICOS,-58.4743,0.803506,1.58968,6.972000000000001,7.15091,TRUE,-54.8827,0.76702,1.61276,6.323699999999999,6.52612,TRUE,-3.5915999999999997,both,NA
RU-Che,2021,WET,ICOS,NA,NA,NA,NA,NA,FALSE,NA,NA,NA,NA,NA,FALSE,NA,neither,no_value
RU-Ege,2010,DNF,ICOS,NA,NA,NA,NA,NA,FALSE,NA,NA,NA,NA,NA,FALSE,NA,neither,no_value
RU-Ege,2011,DNF,ICOS,NA,NA,NA,NA,NA,FALSE,NA,NA,NA,NA,NA,FALSE,NA,neither,no_value
RU-Ege,2012,DNF,ICOS,NA,NA,NA,NA,NA,FALSE,NA,NA,NA,NA,NA,FALSE,NA,neither,no_value
RU-Ege,2013,DNF,ICOS,NA,NA,NA,NA,NA,FALSE,NA,NA,NA,NA,NA,FALSE,NA,neither,no_value
RU-Ege,2014,DNF,ICOS,NA,NA,NA,NA,NA,FALSE,NA,NA,NA,NA,NA,FALSE,NA,neither,no_value
RU-Ege,2015,DNF,ICOS,NA,NA,NA,NA,NA,FALSE,NA,NA,NA,NA,NA,FALSE,NA,neither,no_value
RU-Ege,2016,DNF,ICOS,NA,NA,NA,NA,NA,FALSE,NA,NA,NA,NA,NA,FALSE,NA,neither,no_value
RU-Ege,2017,DNF,ICOS,NA,NA,NA,NA,NA,FALSE,NA,NA,NA,NA,NA,FALSE,NA,neither,no_value
RU-Ege,2018,DNF,ICOS,NA,NA,NA,NA,NA,FALSE,NA,NA,NA,NA,NA,FALSE,NA,neither,no_value
RU-Fy2,2015,ENF,ICOS,NA,NA,NA,NA,NA,FALSE,NA,NA,NA,NA,NA,FALSE,NA,neither,no_value
RU-Fy2,2016,ENF,ICOS,162.542,0.960724,5.44506,17.351,18.1851,TRUE,187.159,0.950877,5.39509,20.472499999999997,21.1716,TRUE,-24.61699999999999,both,NA
RU-Fy2,2017,ENF,ICOS,19.5475,0.968493,6.52932,9.573085,11.5878,TRUE,18.3318,0.962957,6.46072,10.44191,12.279,TRUE,1.2156999999999982,both,NA
RU-Fy2,2018,ENF,ICOS,-128.187,0.95839,5.954,24.990499999999997,25.6902,TRUE,-127.995,0.957591,5.93209,28.427500000000002,29.0395,TRUE,-0.19200000000000728,both,NA
RU-Fy2,2019,ENF,ICOS,79.362,0.932763,5.67844,17.526049999999998,18.423,TRUE,72.8822,0.934817,5.5761,24.4615,25.089,TRUE,6.479799999999997,both,NA
RU-Fy2,2020,ENF,ICOS,57.852,0.94877,5.66871,6.846499999999999,8.88869,TRUE,64.8867,0.954178,5.69103,6.5015,8.64042,TRUE,-7.034700000000008,both,NA
RU-Fy2,2021,ENF,ICOS,76.7749,0.908505,6.18754,33.8209,34.3824,TRUE,62.6413,0.913413,6.50139,21.409799999999997,22.3752,TRUE,14.133600000000001,both,NA
RU-Fy2,2022,ENF,ICOS,-40.4644,0.892523,5.73436,11.532499999999999,12.8795,TRUE,-38.3743,0.893436,5.71924,12.198349999999998,13.4725,TRUE,-2.0900999999999996,both,NA
RU-Fy2,2023,ENF,ICOS,NA,NA,NA,NA,NA,FALSE,NA,NA,NA,NA,NA,FALSE,NA,neither,no_value
RU-Fy2,2024,ENF,ICOS,146.238,0.59005,6.42393,16.7785,17.9662,TRUE,156.861,0.591018,6.41706,16.443499999999993,17.6512,TRUE,-10.62299999999999,both,NA
RU-Fy3,2016,OSH,ICOS,NA,NA,NA,NA,NA,FALSE,NA,NA,NA,NA,NA,FALSE,NA,neither,no_value
RU-Fy3,2017,OSH,ICOS,NA,NA,NA,NA,NA,FALSE,NA,NA,NA,NA,NA,FALSE,NA,neither,no_value
RU-Fy3,2018,OSH,ICOS,NA,NA,NA,NA,NA,FALSE,NA,NA,NA,NA,NA,FALSE,NA,neither,no_value
RU-Fy4,2015,WET,ICOS,NA,NA,NA,NA,NA,FALSE,NA,NA,NA,NA,NA,FALSE,NA,neither,no_value
RU-Fy4,2016,WET,ICOS,NA,NA,NA,NA,NA,FALSE,NA,NA,NA,NA,NA,FALSE,NA,neither,no_value
RU-Fy4,2017,WET,ICOS,NA,NA,NA,NA,NA,FALSE,NA,NA,NA,NA,NA,FALSE,NA,neither,no_value
RU-Fy4,2018,WET,ICOS,NA,NA,NA,NA,NA,FALSE,NA,NA,NA,NA,NA,FALSE,NA,neither,no_value
RU-Fy4,2019,WET,ICOS,-121.772,0.700114,11.322,20.437250000000006,23.3638,TRUE,-120.099,0.701884,11.4242,13.021000000000008,17.322,TRUE,-1.6730000000000018,both,NA
RU-Fy4,2020,WET,ICOS,-182.428,0.943875,8.29578,9.145499999999998,12.3475,TRUE,-178.408,0.947063,8.77209,7.9395000000000095,11.8318,TRUE,-4.02000000000001,both,NA
RU-Fyo,1998,ENF,ICOS,NA,NA,NA,NA,NA,FALSE,NA,NA,NA,NA,NA,FALSE,NA,neither,no_value
RU-Fyo,1999,ENF,ICOS,356.86,0.939726,5.09594,28.7885,29.2361,TRUE,338.821,0.95137,5.24865,29.266500000000008,29.7333,TRUE,18.038999999999987,both,NA
RU-Fyo,2000,ENF,ICOS,322.467,0.922188,4.93264,18.381,19.0313,TRUE,318.19,0.927994,5.03316,16.516500000000008,17.2663,TRUE,4.276999999999987,both,NA
RU-Fyo,2001,ENF,ICOS,359.723,0.893779,5.56694,9.840000000000003,11.3055,TRUE,360.812,0.903653,5.68622,5.717999999999989,8.06417,TRUE,-1.0889999999999986,both,NA
RU-Fyo,2002,ENF,ICOS,34.2796,0.755194,4.87508,12.301499999999997,13.2323,TRUE,50.2067,0.763584,4.87726,12.032800000000002,12.9837,TRUE,-15.927099999999996,both,NA
RU-Fyo,2003,ENF,ICOS,194.081,0.887443,5.64034,13.826999999999998,14.933,TRUE,204.229,0.909075,5.7876,11.73299999999999,13.0828,TRUE,-10.148000000000025,both,NA
RU-Fyo,2004,ENF,ICOS,155.461,0.89202,4.79747,33.34805,33.6914,TRUE,157.333,0.91365,4.98646,16.80850000000001,17.5328,TRUE,-1.8719999999999857,both,NA
RU-Fyo,2005,ENF,ICOS,93.3552,0.962215,5.32382,5.961449999999999,7.99263,TRUE,83.428,0.970719,5.43564,5.887599999999999,8.01312,TRUE,9.9272,both,NA
RU-Fyo,2006,ENF,ICOS,119.581,0.924772,4.91252,18.559500000000007,19.1985,TRUE,135.327,0.946062,5.02903,15.472000000000001,16.2688,TRUE,-15.745999999999995,both,NA
RU-Fyo,2007,ENF,ICOS,-43.5756,0.886929,4.84886,15.762800000000002,16.4918,TRUE,-43.1003,0.889897,4.88829,16.753200000000003,17.4518,TRUE,-0.4753000000000043,both,NA
RU-Fyo,2008,ENF,ICOS,98.1095,0.847051,6.40377,10.801400000000001,12.557,TRUE,107.233,0.853142,6.42497,10.799949999999995,12.5664,TRUE,-9.123500000000007,both,NA
RU-Fyo,2009,ENF,ICOS,52.5752,0.944178,6.62479,9.396350000000002,11.4969,TRUE,51.2879,0.947203,6.64931,10.372499999999999,12.3208,TRUE,1.2873000000000019,both,NA
RU-Fyo,2010,ENF,ICOS,NA,NA,NA,NA,NA,FALSE,NA,NA,NA,NA,NA,FALSE,NA,neither,no_value
RU-Fyo,2011,ENF,ICOS,NA,NA,NA,NA,NA,FALSE,NA,NA,NA,NA,NA,FALSE,NA,neither,no_value
RU-Fyo,2012,ENF,ICOS,32.6944,0.968408,5.10695,24.384208,24.9133,TRUE,32.6135,0.967668,5.13603,26.019485000000003,26.5215,TRUE,0.08089999999999975,both,NA
RU-Fyo,2013,ENF,ICOS,121.477,0.958447,5.44086,24.120949999999993,24.7271,TRUE,119.472,0.956963,5.45863,26.63395,27.1875,TRUE,2.0050000000000097,both,NA
RU-Fyo,2014,ENF,ICOS,-61.8835,0.93105,5.6441,25.95575,26.5623,TRUE,-66.4011,0.925057,5.57992,22.2642,22.9528,TRUE,4.517600000000002,both,NA
RU-Fyo,2015,ENF,ICOS,-5.81141,0.967523,6.03095,13.320644999999999,14.6223,TRUE,-16.1972,0.965183,6.03031,13.36415,14.6617,TRUE,10.385789999999998,both,NA
RU-Fyo,2016,ENF,ICOS,49.7866,0.982468,6.0729,12.53105,13.9251,TRUE,49.9578,0.977801,6.03146,15.239399999999998,16.3896,TRUE,-0.1711999999999989,both,NA
RU-Fyo,2017,ENF,ICOS,13.8466,0.844578,5.84305,9.82017,11.427,TRUE,-0.934078,0.842295,5.82228,13.5815,14.7769,TRUE,14.780678,both,NA
RU-Fyo,2018,ENF,ICOS,-92.1456,0.98476,6.78097,13.964650000000006,15.5239,TRUE,-100.765,0.977511,6.5976,8.636000000000003,10.8677,TRUE,8.619399999999999,both,NA
RU-Fyo,2019,ENF,ICOS,23.2865,0.940011,6.34551,8.662374999999999,10.7379,TRUE,19.6667,0.930993,6.12448,8.222750000000001,10.2529,TRUE,3.6198000000000015,both,NA
RU-Fyo,2020,ENF,ICOS,-89.0205,0.931637,6.41402,9.721049999999998,11.6464,TRUE,-94.2408,0.924066,6.21619,16.292250000000003,17.438,TRUE,5.220299999999995,both,NA
RU-Fyo,2021,ENF,ICOS,-114.081,0.973174,6.44549,13.91395,15.3346,TRUE,-126.916,0.971689,6.42101,16.037950000000002,17.2757,TRUE,12.834999999999994,both,NA
RU-Fyo,2022,ENF,ICOS,-17.8614,0.951884,6.16392,7.76525,9.91429,TRUE,-25.7222,0.94726,6.1838,11.502249999999998,13.0591,TRUE,7.860800000000001,both,NA
RU-Fyo,2023,ENF,ICOS,49.7103,0.896918,5.72356,30.15245,30.6909,TRUE,22.0681,0.882078,5.51414,45.24015,45.5749,TRUE,27.642199999999995,both,NA
RU-Fyo,2024,ENF,ICOS,97.6825,0.876309,7.2048,15.946350000000002,17.4985,TRUE,66.574,0.844832,7.64482,26.782,27.8517,TRUE,31.108500000000006,both,NA
RU-Ha1,2002,GRA,ICOS,NA,NA,NA,NA,NA,FALSE,NA,NA,NA,NA,NA,FALSE,NA,neither,no_value
RU-Ha1,2003,GRA,ICOS,NA,NA,NA,NA,NA,FALSE,NA,NA,NA,NA,NA,FALSE,NA,neither,no_value
RU-Ha1,2004,GRA,ICOS,NA,NA,NA,NA,NA,FALSE,NA,NA,NA,NA,NA,FALSE,NA,neither,no_value
RU-NeB,1999,GRA,ICOS,NA,NA,NA,NA,NA,FALSE,NA,NA,NA,NA,NA,FALSE,NA,neither,no_value
RU-NeB,2000,GRA,ICOS,NA,NA,NA,NA,NA,FALSE,NA,NA,NA,NA,NA,FALSE,NA,neither,no_value
RU-NeC,2001,OSH,ICOS,NA,NA,NA,NA,NA,FALSE,NA,NA,NA,NA,NA,FALSE,NA,neither,no_value
RU-NeC,2002,OSH,ICOS,NA,NA,NA,NA,NA,FALSE,NA,NA,NA,NA,NA,FALSE,NA,neither,no_value
RU-NeC,2003,OSH,ICOS,NA,NA,NA,NA,NA,FALSE,NA,NA,NA,NA,NA,FALSE,NA,neither,no_value
RU-NeC,2004,OSH,ICOS,NA,NA,NA,NA,NA,FALSE,NA,NA,NA,NA,NA,FALSE,NA,neither,no_value
RU-NeC,2005,OSH,ICOS,NA,NA,NA,NA,NA,FALSE,NA,NA,NA,NA,NA,FALSE,NA,neither,no_value
RU-NeC,2006,OSH,ICOS,NA,NA,NA,NA,NA,FALSE,NA,NA,NA,NA,NA,FALSE,NA,neither,no_value
RU-NeF,2000,DNF,ICOS,NA,NA,NA,NA,NA,FALSE,NA,NA,NA,NA,NA,FALSE,NA,neither,no_value
RU-NeF,2001,DNF,ICOS,NA,NA,NA,NA,NA,FALSE,NA,NA,NA,NA,NA,FALSE,NA,neither,no_value
RU-NeF,2002,DNF,ICOS,NA,NA,NA,NA,NA,FALSE,NA,NA,NA,NA,NA,FALSE,NA,neither,no_value
RU-NeF,2003,DNF,ICOS,NA,NA,NA,NA,NA,FALSE,NA,NA,NA,NA,NA,FALSE,NA,neither,no_value
RU-NeF,2004,DNF,ICOS,NA,NA,NA,NA,NA,FALSE,NA,NA,NA,NA,NA,FALSE,NA,neither,no_value
RU-NeF,2005,DNF,ICOS,NA,NA,NA,NA,NA,FALSE,NA,NA,NA,NA,NA,FALSE,NA,neither,no_value
RU-NeF,2006,DNF,ICOS,NA,NA,NA,NA,NA,FALSE,NA,NA,NA,NA,NA,FALSE,NA,neither,no_value
RU-Sk2,2004,ENF,ICOS,NA,NA,NA,NA,NA,FALSE,NA,NA,NA,NA,NA,FALSE,NA,neither,no_value
RU-Sk2,2005,ENF,ICOS,NA,NA,NA,NA,NA,FALSE,NA,NA,NA,NA,NA,FALSE,NA,neither,no_value
RU-Sk2,2006,ENF,ICOS,NA,NA,NA,NA,NA,FALSE,NA,NA,NA,NA,NA,FALSE,NA,neither,no_value
RU-Sk2,2007,ENF,ICOS,NA,NA,NA,NA,NA,FALSE,NA,NA,NA,NA,NA,FALSE,NA,neither,no_value
RU-Sk2,2008,ENF,ICOS,NA,NA,NA,NA,NA,FALSE,NA,NA,NA,NA,NA,FALSE,NA,neither,no_value
RU-SkP,2004,DNF,ICOS,NA,NA,NA,NA,NA,FALSE,NA,NA,NA,NA,NA,FALSE,NA,neither,no_value
RU-SkP,2005,DNF,ICOS,NA,NA,NA,NA,NA,FALSE,NA,NA,NA,NA,NA,FALSE,NA,neither,no_value
RU-SkP,2006,DNF,ICOS,NA,NA,NA,NA,NA,FALSE,NA,NA,NA,NA,NA,FALSE,NA,neither,no_value
RU-SkP,2007,DNF,ICOS,NA,NA,NA,NA,NA,FALSE,NA,NA,NA,NA,NA,FALSE,NA,neither,no_value
RU-SkP,2008,DNF,ICOS,NA,NA,NA,NA,NA,FALSE,NA,NA,NA,NA,NA,FALSE,NA,neither,no_value
RU-SkP,2009,DNF,ICOS,NA,NA,NA,NA,NA,FALSE,NA,NA,NA,NA,NA,FALSE,NA,neither,no_value
RU-SkP,2010,DNF,ICOS,NA,NA,NA,NA,NA,FALSE,NA,NA,NA,NA,NA,FALSE,NA,neither,no_value
RU-SkP,2011,DNF,ICOS,NA,NA,NA,NA,NA,FALSE,NA,NA,NA,NA,NA,FALSE,NA,neither,no_value
RU-SkP,2012,DNF,ICOS,NA,NA,NA,NA,NA,FALSE,NA,NA,NA,NA,NA,FALSE,NA,neither,no_value
RU-SkP,2013,DNF,ICOS,NA,NA,NA,NA,NA,FALSE,NA,NA,NA,NA,NA,FALSE,NA,neither,no_value
RU-SkP,2014,DNF,ICOS,NA,NA,NA,NA,NA,FALSE,NA,NA,NA,NA,NA,FALSE,NA,neither,no_value
RU-Tur,2004,DNF,ICOS,NA,NA,NA,NA,NA,FALSE,NA,NA,NA,NA,NA,FALSE,NA,neither,no_value
SD-Dem,2007,SAV,ICOS,NA,NA,NA,NA,NA,FALSE,NA,NA,NA,NA,NA,FALSE,NA,neither,no_value
SD-Dem,2008,SAV,ICOS,-215.418,0.881603,18.442,24.7765,30.8867,TRUE,-213.458,0.876366,19.331,24.6695,31.3411,TRUE,-1.960000000000008,both,NA
SD-Dem,2009,SAV,ICOS,-44.8153,0.887614,12.4668,8.373099999999997,15.0177,TRUE,-44.8175,0.887614,12.4668,7.1205,14.357,TRUE,0.002200000000001978,both,NA
SE-Deg,2019,WET,ICOS,NA,NA,NA,NA,NA,FALSE,NA,NA,NA,NA,NA,FALSE,NA,neither,no_value
SE-Deg,2020,WET,ICOS,-18.8701,0.975068,0.848445,0.8331499999999998,1.1891,TRUE,-18.4394,0.972165,0.832944,0.7011500000000002,1.08878,TRUE,-0.43070000000000164,both,NA
SE-Deg,2021,WET,ICOS,-58.4473,0.967922,0.84583,1.250399999999999,1.50961,TRUE,-59.1219,0.966838,0.838853,1.3049,1.55126,TRUE,0.6745999999999981,both,NA
SE-Deg,2022,WET,ICOS,-75.0257,0.971005,0.86973,0.2845999999999975,0.915116,TRUE,-74.9273,0.969406,0.870782,0.31085000000000207,0.924598,TRUE,-0.09839999999999804,both,NA
SE-Deg,2023,WET,ICOS,-32.4137,0.970148,0.856798,0.6308499999999988,1.06399,TRUE,-32.6655,0.97032,0.856842,0.4863999999999997,0.985268,TRUE,0.2518000000000029,both,NA
SE-Deg,2024,WET,ICOS,-68.9902,0.985713,1.31746,1.2180999999999997,1.79429,TRUE,-69.1773,0.985087,1.3187,1.0197000000000003,1.66698,TRUE,0.18710000000000093,both,NA
SE-HfM,2020,WET,ICOS,NA,NA,NA,NA,NA,FALSE,NA,NA,NA,NA,NA,FALSE,NA,neither,no_value
SE-HfM,2021,WET,ICOS,-15.3568,0.992694,1.32385,13.59741,13.6617,TRUE,-12.0379,0.993779,1.35876,13.358229999999999,13.4272,TRUE,-3.3188999999999993,both,NA
SE-HfM,2022,WET,ICOS,-42.8015,0.983904,1.02129,11.052549999999998,11.0997,TRUE,-39.0602,0.986986,1.07551,10.751850000000001,10.8055,TRUE,-3.7412999999999954,both,NA
SE-HfM,2023,WET,ICOS,13.6653,0.719064,1.3612899999999999,18.09165,18.1428,TRUE,17.693,0.723916,1.36614,17.68325,17.7359,TRUE,-4.027700000000001,both,NA
SE-Hmr,2020,WET,ICOS,NA,NA,NA,NA,NA,FALSE,NA,NA,NA,NA,NA,FALSE,NA,neither,no_value
SE-Hmr,2021,WET,ICOS,-29.2098,0.91718,1.50219,6.910400000000001,7.07182,TRUE,-28.6753,0.920776,1.52295,7.002449999999998,7.16614,TRUE,-0.5345000000000013,both,NA
SE-Hmr,2022,WET,ICOS,-52.7536,0.966667,1.07572,10.904549999999997,10.9575,TRUE,-51.5015,0.967694,1.08543,10.888500000000004,10.9424,TRUE,-1.2520999999999987,both,NA
SE-Hmr,2023,WET,ICOS,-18.3157,0.848858,1.25046,21.76858,21.8045,TRUE,-13.9486,0.851084,1.35538,19.103495,19.1515,TRUE,-4.367099999999999,both,NA
SE-Htm,2018,ENF,ICOS,NA,NA,NA,NA,NA,FALSE,NA,NA,NA,NA,NA,FALSE,NA,neither,no_value
SE-Htm,2019,ENF,ICOS,-171.113,0.989726,7.72798,13.98299999999999,15.9765,TRUE,-165.343,0.989098,7.71031,12.426500000000004,14.624,TRUE,-5.77000000000001,both,NA
SE-Htm,2020,ENF,ICOS,-253.904,0.977516,6.43467,12.25,13.8371,TRUE,-252.625,0.975922,6.44376,21.44749999999999,22.3944,TRUE,-1.2789999999999964,both,NA
SE-Htm,2021,ENF,ICOS,-283.357,0.971005,8.03405,9.759000000000015,12.6405,TRUE,-277.112,0.969977,8.10879,11.272999999999996,13.8865,TRUE,-6.2450000000000045,both,NA
SE-Htm,2022,ENF,ICOS,-134.214,0.941895,6.98575,20.29650000000001,21.4652,TRUE,-147.318,0.952911,6.89825,20.619500000000002,21.7427,TRUE,13.104000000000013,both,NA
SE-Htm,2023,ENF,ICOS,127.926,0.937671,7.76502,15.332500000000003,17.1868,TRUE,109.173,0.967066,7.76049,48.0843,48.7067,TRUE,18.753,both,NA
SE-Htm,2024,ENF,ICOS,155.857,0.955089,8.71676,21.674999999999997,23.362,TRUE,88.5673,0.974158,8.50034,64.668449999999993,65.2249,TRUE,67.2897,both,NA
SE-Nor,2018,ENF,ICOS,NA,NA,NA,NA,NA,FALSE,NA,NA,NA,NA,NA,FALSE,NA,neither,no_value
SE-Nor,2019,ENF,ICOS,269.017,0.977968,5.29793,58.794,59.0322,TRUE,214.044,0.986929,5.50564,67.6755,67.8991,TRUE,54.972999999999985,both,NA
SE-Nor,2020,ENF,ICOS,214.905,0.97097,4.87742,14.701000000000008,15.4886,TRUE,201.35,0.989469,5.52524,23.66900000000001,24.3056,TRUE,13.555000000000007,both,NA
SE-Nor,2021,ENF,ICOS,165.107,0.970548,5.09406,26.274,26.7632,TRUE,161.57,0.977854,5.28662,30.586,31.0396,TRUE,3.537000000000006,both,NA
SE-Nor,2022,ENF,ICOS,50.2285,0.987728,4.57539,7.621649999999995,8.88951,TRUE,48.1728,0.98847,4.6518,9.446000000000002,10.5293,TRUE,2.0556999999999945,both,NA
SE-Nor,2023,ENF,ICOS,667.558,0.96113,2.52632,34.444500000000005,34.5367,TRUE,643.767,0.923059,2.36416,40.73399999999998,40.8024,TRUE,23.79099999999994,both,NA
SE-Nor,2024,ENF,ICOS,666.566,0.979736,3.16886,54.48149999999998,54.5736,TRUE,603.059,0.947291,2.27878,55.30699999999996,55.3536,TRUE,63.50700000000006,both,NA
SE-Ros,2014,ENF,ICOS,NA,NA,NA,NA,NA,FALSE,NA,NA,NA,NA,NA,FALSE,NA,neither,no_value
SE-Ros,2015,ENF,ICOS,-341.022,0.965639,4.44669,40.787499999999994,41.0293,TRUE,-334.698,0.964612,4.40573,30.379999999999995,30.6976,TRUE,-6.324000000000012,both,NA
SE-Ros,2016,ENF,ICOS,-329.766,0.964253,4.73605,11.73599999999999,12.6555,TRUE,-331.377,0.96431,4.77387,9.836000000000013,10.9333,TRUE,1.61099999999999,both,NA
SE-Ros,2017,ENF,ICOS,-212.277,0.971632,3.92385,11.703499999999991,12.3436,TRUE,-211.159,0.967352,3.91487,16.477000000000004,16.9358,TRUE,-1.117999999999995,both,NA
SE-Ros,2018,ENF,ICOS,-239.009,0.978596,3.88335,5.400000000000006,6.65114,TRUE,-241.601,0.976884,3.81978,6.256,7.3301,TRUE,2.592000000000013,both,NA
SE-Ros,2019,ENF,ICOS,-371.698,0.909247,7.01911,10.029500000000013,12.2416,TRUE,-369.154,0.909132,6.99775,9.858499999999992,12.0895,TRUE,-2.5439999999999827,both,NA
SE-Ros,2020,ENF,ICOS,-141.495,0.974556,4.91287,31.382499999999993,31.7647,TRUE,-138.613,0.972791,4.92779,28.007999999999996,28.4382,TRUE,-2.882000000000005,both,NA
SE-Srj,2020,WET,ICOS,NA,NA,NA,NA,NA,FALSE,NA,NA,NA,NA,NA,FALSE,NA,neither,no_value
SE-Srj,2021,WET,ICOS,10.6979,0.990183,1.76058,5.271610000000001,5.55783,TRUE,11.165,0.990068,1.80953,5.33433,5.63289,TRUE,-0.4670999999999985,both,NA
SE-Srj,2022,WET,ICOS,NA,NA,NA,NA,NA,FALSE,NA,NA,NA,NA,NA,FALSE,NA,neither,no_value
SE-Srj,2023,WET,ICOS,NA,NA,NA,NA,NA,FALSE,NA,NA,NA,NA,NA,FALSE,NA,neither,no_value
SE-St1,2012,WET,ICOS,NA,NA,NA,NA,NA,FALSE,NA,NA,NA,NA,NA,FALSE,NA,neither,no_value
SE-St1,2013,WET,ICOS,83.4415,0.723459,4.42523,45.38224999999999,45.5975,TRUE,92.9406,0.760959,4.08181,6.9542,8.06364,TRUE,-9.499099999999999,both,NA
SE-St1,2014,WET,ICOS,NA,NA,NA,NA,NA,FALSE,NA,NA,NA,NA,NA,FALSE,NA,neither,no_value
SE-St1,2015,WET,ICOS,NA,NA,NA,NA,NA,FALSE,NA,NA,NA,NA,NA,FALSE,NA,neither,no_value
SE-St1,2016,WET,ICOS,-167.213,0.942281,3.65556,7.8019999999999925,8.6163,TRUE,-171.574,0.912284,3.85689,12.527000000000001,13.1076,TRUE,4.361000000000018,both,NA
SE-St1,2017,WET,ICOS,-118.855,0.939212,4.93631,11.522500000000008,12.5355,TRUE,-132.034,0.907306,4.26904,14.669999999999995,15.2787,TRUE,13.178999999999988,both,NA
SE-St1,2018,WET,ICOS,-182.366,0.745662,3.93176,5.560000000000002,6.80966,TRUE,-174.181,0.717922,3.88598,8.638999999999996,9.4726,TRUE,-8.185000000000002,both,NA
SE-St1,2019,WET,ICOS,NA,NA,NA,NA,NA,FALSE,NA,NA,NA,NA,NA,FALSE,NA,neither,no_value
SE-Sto,2022,WET,ICOS,NA,NA,NA,NA,NA,FALSE,NA,NA,NA,NA,NA,FALSE,NA,neither,no_value
SE-Sto,2023,WET,ICOS,-35.1755,0.94052500000000006,0.987965,0.49439999999999884,1.10477,TRUE,-35.1954,0.945719,1.00326,0.49439999999999884,1.11848,TRUE,0.019899999999999807,both,NA
SE-Sto,2024,WET,ICOS,-47.8968,0.950137,1.14738,0.5968000000000018,1.29331,TRUE,-48.0379,0.958447,1.16995,0.5213499999999982,1.28084,TRUE,0.14110000000000156,both,NA
SE-Trb,2021,WET,ICOS,100.048,0.903824,1.78001,27.67905,27.7362,TRUE,100.829,0.902797,1.79256,28.532149999999998,28.5885,TRUE,-0.7809999999999917,both,NA
SE-Trb,2022,WET,ICOS,88.8162,0.938813,2.53826,34.19185,34.2859,TRUE,84.1953,0.938356,2.35827,34.19185,34.2731,TRUE,4.620899999999992,both,NA
SE-Trb,2023,WET,ICOS,NA,NA,NA,NA,NA,FALSE,NA,NA,NA,NA,NA,FALSE,NA,neither,no_value
SN-Dhr,2010,GRA,ICOS,NA,NA,NA,NA,NA,FALSE,NA,NA,NA,NA,NA,FALSE,NA,neither,no_value
SN-Dhr,2011,GRA,ICOS,NA,NA,NA,NA,NA,FALSE,NA,NA,NA,NA,NA,FALSE,NA,neither,no_value
SN-Dhr,2012,GRA,ICOS,-217.208,0.800546,4.23408,13.420000000000002,14.0717,TRUE,-215.722,0.803222,4.2683,6.454999999999998,7.73847,TRUE,-1.48599999999999,both,NA
SN-Dhr,2013,GRA,ICOS,NA,NA,NA,NA,NA,FALSE,NA,NA,NA,NA,NA,FALSE,NA,neither,no_value
SN-Dhr,2014,GRA,ICOS,NA,NA,NA,NA,NA,FALSE,NA,NA,NA,NA,NA,FALSE,NA,neither,no_value
SN-Dhr,2015,GRA,ICOS,NA,NA,NA,NA,NA,FALSE,NA,NA,NA,NA,NA,FALSE,NA,neither,no_value
SN-Dhr,2016,GRA,ICOS,NA,NA,NA,NA,NA,FALSE,NA,NA,NA,NA,NA,FALSE,NA,neither,no_value
SN-Dhr,2017,GRA,ICOS,-144.353,0.725342,4.35615,3.6624999999999943,5.6911,TRUE,-144.477,0.725685,4.35655,3.4095000000000084,5.53208,TRUE,0.12399999999999523,both,NA
SN-Dhr,2018,GRA,ICOS,NA,NA,NA,NA,NA,FALSE,NA,NA,NA,NA,NA,FALSE,NA,neither,no_value
SN-Dhr,2019,GRA,ICOS,NA,NA,NA,NA,NA,FALSE,NA,NA,NA,NA,NA,FALSE,NA,neither,no_value
SN-Dhr,2020,GRA,ICOS,NA,NA,NA,NA,NA,FALSE,NA,NA,NA,NA,NA,FALSE,NA,neither,no_value
SN-Dhr,2021,GRA,ICOS,NA,NA,NA,NA,NA,FALSE,NA,NA,NA,NA,NA,FALSE,NA,neither,no_value
SN-Dhr,2022,GRA,ICOS,-89.4017,0.949201,3.53441,4.3942499999999995,5.63929,TRUE,-88.8487,0.949258,3.5399,4.519650000000006,5.74091,TRUE,-0.5530000000000115,both,NA
SN-Nkr,2018,CRO,ICOS,NA,NA,NA,NA,NA,FALSE,NA,NA,NA,NA,NA,FALSE,NA,neither,no_value
SN-Nkr,2019,CRO,ICOS,-264.765,0.904395,3.05857,12.058999999999997,12.4407,TRUE,-285.582,0.89121,2.98618,12.338999999999999,12.6956,TRUE,20.817000000000007,both,NA
SN-Nkr,2020,CRO,ICOS,-295.527,0.895378,3.34627,5.826000000000022,6.71883,TRUE,-296.512,0.895207,3.35242,5.031000000000006,6.04593,TRUE,0.9850000000000136,both,NA
SN-Nkr,2021,CRO,ICOS,-265.954,0.926769,3.65329,19.319000000000003,19.6614,TRUE,-289.394,0.942009,3.74698,26.42,26.6844,TRUE,23.439999999999998,both,NA
SN-Nkr,2022,CRO,ICOS,-336.194,0.944178,3.31966,8.858499999999992,9.46013,TRUE,-339.249,0.951199,3.38433,11.4375,11.9275,TRUE,3.055000000000007,both,NA
SN-Nkr,2023,CRO,ICOS,-341.408,0.815183,4.20076,19.329499999999996,19.7809,TRUE,-353.271,0.819349,4.1865,22.889999999999986,23.2697,TRUE,11.863,both,NA
SN-Nkr,2024,CRO,ICOS,-305.924,0.955032,3.5383,6.169000000000011,7.11181,TRUE,-306.022,0.954918,3.53657,8.484499999999997,9.19207,TRUE,0.09800000000001319,both,NA
TH-Kog,2005,EBF,ICOS,NA,NA,NA,NA,NA,FALSE,NA,NA,NA,NA,NA,FALSE,NA,neither,no_value
TH-Kog,2006,EBF,ICOS,NA,NA,NA,NA,NA,FALSE,-1102.9,0.479224,22.6431,54.98000000000002,59.4631,FALSE,NA,neither,fails_qc
TH-Kog,2007,EBF,ICOS,NA,NA,NA,NA,NA,FALSE,-1107.14,0.940811,10.4561,21.08000000000004,23.5281,TRUE,NA,CUT_only,NA
TH-Kog,2008,EBF,ICOS,NA,NA,NA,NA,NA,FALSE,NA,NA,NA,NA,NA,FALSE,NA,neither,no_value
TH-Kog,2009,EBF,ICOS,NA,NA,NA,NA,NA,FALSE,-1395.65,0.900114,10.4564,15.125,18.39,TRUE,NA,CUT_only,NA
TH-Kog,2010,EBF,ICOS,NA,NA,NA,NA,NA,FALSE,-948.46,0.443208,13.0829,63.860000000000014,65.1862,FALSE,NA,neither,fails_qc
TH-Kog,2011,EBF,ICOS,NA,NA,NA,NA,NA,FALSE,NA,NA,NA,NA,NA,FALSE,NA,neither,no_value
TH-Kog,2012,EBF,ICOS,NA,NA,NA,NA,NA,FALSE,NA,NA,NA,NA,NA,FALSE,NA,neither,no_value
TH-Kog,2013,EBF,ICOS,NA,NA,NA,NA,NA,FALSE,NA,NA,NA,NA,NA,FALSE,NA,neither,no_value
TH-Mae,2005,DBF,ICOS,NA,NA,NA,NA,NA,FALSE,NA,NA,NA,NA,NA,FALSE,NA,neither,no_value
TH-Mae,2006,DBF,ICOS,-705.803,0.945205,8.50765,40.92900000000003,41.8035,TRUE,-674.381,0.951199,8.71569,38.339,39.3173,TRUE,-31.422000000000025,both,NA
TH-Mae,2007,DBF,ICOS,NA,NA,NA,NA,NA,FALSE,NA,NA,NA,NA,NA,FALSE,NA,neither,no_value
TH-Mae,2008,DBF,ICOS,-372.582,0.962944,11.403,15.812000000000012,19.495,TRUE,-380.158,0.971141,12.0117,11.513499999999993,16.6385,TRUE,7.576000000000022,both,NA
TH-Mae,2009,DBF,ICOS,NA,NA,NA,NA,NA,FALSE,NA,NA,NA,NA,NA,FALSE,NA,neither,no_value
TH-Mae,2010,DBF,ICOS,-415.968,0.89903,8.52035,11.823499999999996,14.5734,TRUE,-417.787,0.903539,8.91957,23.101500000000016,24.7639,TRUE,1.81899999999996,both,NA
TH-Mae,2011,DBF,ICOS,-884.846,0.690183,12.5246,12.477000000000032,17.679,TRUE,-900.871,0.692352,12.1877,19.210000000000036,22.7499,TRUE,16.024999999999977,both,NA
TH-Mae,2012,DBF,ICOS,-742.531,0.832878,10.948,27.259500000000003,29.3759,TRUE,-778.713,0.837489,11.1633,34.3775,36.1442,TRUE,36.182000000000016,both,NA
TH-Mae,2013,DBF,ICOS,NA,NA,NA,NA,NA,FALSE,NA,NA,NA,NA,NA,FALSE,NA,neither,no_value
TH-Mae,2014,DBF,ICOS,-1231.09,0.833562,18.5538,31.95500000000004,36.9538,TRUE,-1232.86,0.833447,18.6292,31.33000000000004,36.451,TRUE,1.7699999999999818,both,NA
TH-Mae,2015,DBF,ICOS,-959.591,0.647489,9.14759,25.63900000000001,27.2222,TRUE,-969.164,0.646632,9.09369,33.697,34.9025,TRUE,9.572999999999979,both,NA
TH-Mae,2016,DBF,ICOS,NA,NA,NA,NA,NA,FALSE,NA,NA,NA,NA,NA,FALSE,NA,neither,no_value
UK-AMo,2003,WET,ICOS,62.5005,0.953824,NA,5.091999999999999,NA,TRUE,60.1884,0.955365,NA,5.5672,NA,TRUE,2.312100000000001,both,NA
UK-AMo,2004,WET,ICOS,-3.66419,0.991405,NA,13.52017,NA,TRUE,-3.03877,0.992088,NA,10.16291,NA,TRUE,-0.6254200000000001,both,NA
UK-AMo,2005,WET,ICOS,20.5002,0.932934,NA,1.2006500000000013,NA,TRUE,18.7301,0.933162,NA,1.4261499999999998,NA,TRUE,1.7700999999999993,both,NA
UK-AMo,2006,WET,ICOS,-51.717,0.95839,3.06009,6.5859999999999985,7.26219,TRUE,-48.4302,0.959189,3.07649,9.612299999999998,10.0926,TRUE,-3.2867999999999995,both,NA
UK-AMo,2007,WET,ICOS,-130.735,0.987785,2.41279,1.6299999999999955,2.91165,TRUE,-130.22,0.988128,2.42949,1.7945000000000064,3.02022,TRUE,-0.5150000000000148,both,NA
UK-AMo,2008,WET,ICOS,-18.6811,0.990608,2.80342,3.472600000000001,4.46295,TRUE,-16.7351,0.989014,2.79157,3.5691500000000005,4.5312,TRUE,-1.9460000000000015,both,NA
UK-AMo,2009,WET,ICOS,-35.1073,0.743893,2.98574,10.073850000000002,10.507,TRUE,-38.748,0.742009,2.74807,7.322849999999999,7.8215,TRUE,3.6406999999999954,both,NA
UK-AMo,2010,WET,ICOS,-40.3929,0.826313,3.23634,8.16875,8.78647,TRUE,-41.7256,0.827397,2.78194,9.211400000000001,9.62233,TRUE,1.3327000000000027,both,NA
UK-AMo,2011,WET,ICOS,76.8972,0.918607,3.75735,7.837350000000001,8.69149,TRUE,75.5623,0.917009,3.58325,4.130299999999998,5.468,TRUE,1.3349000000000046,both,NA
UK-AMo,2012,WET,ICOS,-17.6774,0.930157,2.33091,6.991225,7.36955,TRUE,-16.1459,0.92936,2.2507,7.183775,7.5281,TRUE,-1.5314999999999976,both,NA
UK-AMo,2013,WET,ICOS,30.7702,0.973402,2.55029,5.924900000000001,6.45042,TRUE,29.2494,0.97226,2.53971,5.70745,6.24697,TRUE,1.5207999999999977,both,NA
UK-AMo,2014,WET,ICOS,77.8217,0.989498,2.96052,3.942050000000002,4.92997,TRUE,76.0921,0.98984,2.97973,3.966450000000002,4.96101,TRUE,1.729600000000005,both,NA
UK-AMo,2015,WET,ICOS,-72.4085,0.9879,2.8475799999999998,1.832100000000004,3.38606,TRUE,-74.4616,0.988014,2.7637,2.935299999999998,4.03165,TRUE,2.0531000000000006,both,NA
UK-AMo,2016,WET,ICOS,-23.6194,0.993056,2.35717,4.6065999999999985,5.17464,TRUE,-20.1007,0.991974,2.33148,5.9283,6.37026,TRUE,-3.518699999999999,both,NA
UK-AMo,2017,WET,ICOS,-57.9589,0.983562,2.69166,7.934949999999997,8.37904,TRUE,-59.4823,0.982877,2.65011,6.956899999999997,7.44458,TRUE,1.5234000000000023,both,NA
UK-AMo,2018,WET,ICOS,-22.7609,0.981507,2.45258,6.5021,6.94925,TRUE,-22.3951,0.979224,2.42131,3.440149999999999,4.20681,TRUE,-0.3658000000000001,both,NA
UK-AMo,2019,WET,ICOS,-126.068,0.980137,3.3486,13.597499999999997,14.0039,TRUE,-129.845,0.979737,3.28057,14.350000000000009,14.7204,TRUE,3.777000000000001,both,NA
UK-AMo,2020,WET,ICOS,-17.0861,0.923383,3.94297,7.016565000000001,8.04857,TRUE,-17.9171,0.918659,3.70039,6.7252,7.67602,TRUE,0.8310000000000031,both,NA
UK-AMo,2021,WET,ICOS,13.0262,0.978425,2.40582,2.3807400000000003,3.38467,TRUE,14.6163,0.977055,2.3324,2.6832400000000005,3.55526,TRUE,-1.5901000000000014,both,NA
UK-AMo,2022,WET,ICOS,NA,NA,NA,NA,NA,FALSE,NA,NA,NA,NA,NA,FALSE,NA,neither,no_value
UK-AMo,2023,WET,ICOS,13.3885,0.986701,4.36929,6.355600000000001,7.7126,TRUE,6.93731,0.986244,4.22011,5.8885749999999994,7.24463,TRUE,6.45119,both,NA
UK-AMo,2024,WET,ICOS,12.6654,0.963513,3.0033,6.1552500000000006,6.84887,TRUE,10.7159,0.963115,2.94073,5.62455,6.3469,TRUE,1.9495000000000005,both,NA
UK-Ags,2023,GRA,ICOS,NA,NA,NA,NA,NA,FALSE,NA,NA,NA,NA,NA,FALSE,NA,neither,no_value
UK-Ags,2024,GRA,ICOS,NA,NA,NA,NA,NA,FALSE,NA,NA,NA,NA,NA,FALSE,NA,neither,no_value
UK-BnB,2021,GRA,ICOS,NA,NA,NA,NA,NA,FALSE,NA,NA,NA,NA,NA,FALSE,NA,neither,no_value
UK-BnB,2022,GRA,ICOS,-100.628,0.983505,2.12718,2.2376000000000005,3.08747,TRUE,-102.097,0.984304,2.18386,1.8587500000000006,2.86764,TRUE,1.468999999999994,both,NA
UK-BnB,2023,GRA,ICOS,-134.09,0.786416,1.98555,2.605000000000004,3.27542,TRUE,-133.488,0.790525,2.08759,2.853499999999997,3.53543,TRUE,-0.6020000000000039,both,NA
UK-BnB,2024,GRA,ICOS,-140.175,0.850467,2.02628,4.18249999999999,4.64769,TRUE,-137.94,0.862477,2.13677,3.9314999999999998,4.47491,TRUE,-2.2350000000000136,both,NA
UK-CCr,2022,GRA,ICOS,NA,NA,NA,NA,NA,FALSE,NA,NA,NA,NA,NA,FALSE,NA,neither,no_value
UK-CCr,2023,GRA,ICOS,-69.754,0.955479,1.99099,6.697700000000001,6.98738,TRUE,-69.8436,0.955765,1.99676,6.667899999999996,6.96046,TRUE,0.08959999999999013,both,NA
UK-CCr,2024,GRA,ICOS,-136.841,0.910462,1.92029,0.9760000000000133,2.15414,TRUE,-137.584,0.910405,1.93953,1.3074999999999903,2.33908,TRUE,0.742999999999995,both,NA
UK-Cvn,2023,GRA,ICOS,NA,NA,NA,NA,NA,FALSE,NA,NA,NA,NA,NA,FALSE,NA,neither,no_value
UK-Cvn,2024,GRA,ICOS,17.076,0.900956,7.02855,3.3351749999999996,7.7797,TRUE,NA,NA,NA,NA,NA,FALSE,NA,VUT_only,NA
UK-GaB,2022,GRA,ICOS,NA,NA,NA,NA,NA,FALSE,NA,NA,NA,NA,NA,FALSE,NA,neither,no_value
UK-GaB,2023,GRA,ICOS,-60.1609,0.982991,2.09078,6.622299999999999,6.94453,TRUE,-60.0874,0.984646,2.07087,6.619650000000004,6.93603,TRUE,-0.07349999999999568,both,NA
UK-GaB,2024,GRA,ICOS,-94.8222,0.940232,1.90744,2.1099999999999994,2.84436,TRUE,-94.1088,0.940289,1.90284,2.024000000000001,2.77801,TRUE,-0.7133999999999929,both,NA
UK-Gnn,2022,GRA,ICOS,NA,NA,NA,NA,NA,FALSE,NA,NA,NA,NA,NA,FALSE,NA,neither,no_value
UK-Gnn,2023,GRA,ICOS,-40.9845,0.983619,1.55459,20.258599999999998,20.3182,TRUE,-40.9913,0.983619,1.55461,20.266099999999998,20.3256,TRUE,0.006800000000005468,both,NA
UK-Gnn,2024,GRA,ICOS,-148.679,0.984517,1.6293,15.175000000000004,15.262,TRUE,-146.167,0.984119,1.64972,15.468499999999992,15.5562,TRUE,-2.5120000000000005,both,NA
UK-Gwr,2022,GRA,ICOS,NA,NA,NA,NA,NA,FALSE,NA,NA,NA,NA,NA,FALSE,NA,neither,no_value
UK-Gwr,2023,GRA,ICOS,-137.611,0.983904,2.78034,8.108500000000006,8.57188,TRUE,-139.272,0.981849,2.7813,8.094999999999999,8.55912,TRUE,1.6610000000000014,both,NA
UK-Gwr,2024,GRA,ICOS,-142.94,0.943761,3.07347,6.280000000000001,6.99182,TRUE,-141.385,0.945128,3.0852,4.597499999999997,5.53686,TRUE,-1.5550000000000068,both,NA
UK-HgF,2023,GRA,ICOS,NA,NA,NA,NA,NA,FALSE,NA,NA,NA,NA,NA,FALSE,NA,neither,no_value
UK-HgF,2024,GRA,ICOS,154.931,0.978028,6.68177,12.525500000000008,14.1962,TRUE,NA,NA,NA,NA,NA,FALSE,NA,VUT_only,NA
UK-HpF,2023,CRO,ICOS,NA,NA,NA,NA,NA,FALSE,NA,NA,NA,NA,NA,FALSE,NA,neither,no_value
UK-HpF,2024,CRO,ICOS,-183.934,0.945355,3.56921,5.0874999999999915,6.21492,TRUE,NA,NA,NA,NA,NA,FALSE,NA,VUT_only,NA
US-A03,2015,BSV,AmeriFlux,NA,NA,NA,NA,NA,FALSE,NA,NA,NA,NA,NA,FALSE,NA,neither,no_value
US-A03,2016,BSV,AmeriFlux,NA,NA,NA,NA,NA,FALSE,NA,NA,NA,NA,NA,FALSE,NA,neither,no_value
US-A03,2017,BSV,AmeriFlux,806.319,0.567523,10.6838,223.24149999999997,223.497,TRUE,1266.98,0.613185,9.66498,157.77900000000005,158.076,TRUE,-460.66100000000006,both,NA
US-A03,2018,BSV,AmeriFlux,-207.287,0.896632,4.08693,17.2055,17.684,TRUE,-209.527,0.891667,4.11871,13.4225,14.0401,TRUE,2.2399999999999807,both,NA
US-A03,2019,BSV,AmeriFlux,-53.6137,0.907477,5.67648,29.4071,29.95,TRUE,-35.1104,0.902169,5.6858,34.88245,35.3428,TRUE,-18.503300000000003,both,NA
US-A03,2020,BSV,AmeriFlux,-101.306,0.841644,5.5747,26.157899999999998,26.7455,TRUE,-62.9341,0.825478,5.83649,32.6558,33.1734,TRUE,-38.3719,both,NA
US-A03,2021,BSV,AmeriFlux,NA,NA,NA,NA,NA,FALSE,NA,NA,NA,NA,NA,FALSE,NA,neither,no_value
US-A10,2011,BSV,AmeriFlux,NA,NA,NA,NA,NA,FALSE,NA,NA,NA,NA,NA,FALSE,NA,neither,no_value
US-A10,2012,BSV,AmeriFlux,NA,NA,NA,NA,NA,FALSE,NA,NA,NA,NA,NA,FALSE,NA,neither,no_value
US-A10,2013,BSV,AmeriFlux,NA,NA,NA,NA,NA,FALSE,NA,NA,NA,NA,NA,FALSE,NA,neither,no_value
US-A10,2014,BSV,AmeriFlux,NA,NA,NA,NA,NA,FALSE,30.875,0.747546,3.59337,29.3994,29.6182,TRUE,NA,CUT_only,NA
US-A10,2015,BSV,AmeriFlux,NA,NA,NA,NA,NA,FALSE,-165.966,0.791495,4.05062,10.329499999999996,11.0952,TRUE,NA,CUT_only,NA
US-A10,2016,BSV,AmeriFlux,NA,NA,NA,NA,NA,FALSE,NA,NA,NA,NA,NA,FALSE,NA,neither,no_value
US-A10,2017,BSV,AmeriFlux,NA,NA,NA,NA,NA,FALSE,NA,NA,NA,NA,NA,FALSE,NA,neither,no_value
US-A10,2018,BSV,AmeriFlux,NA,NA,NA,NA,NA,FALSE,-57.5934,0.955479,3.99946,3.4216000000000015,5.26335,TRUE,NA,CUT_only,NA
US-A10,2019,BSV,AmeriFlux,NA,NA,NA,NA,NA,FALSE,-182.143,0.894007,3.1131,4.188500000000005,5.21854,TRUE,NA,CUT_only,NA
US-A10,2020,BSV,AmeriFlux,NA,NA,NA,NA,NA,FALSE,-25.5183,0.852345,4.04634,10.188450000000001,10.9626,TRUE,NA,CUT_only,NA
US-A10,2021,BSV,AmeriFlux,NA,NA,NA,NA,NA,FALSE,-149.816,0.865354,NA,6.132499999999993,NA,TRUE,NA,CUT_only,NA
US-A10,2022,BSV,AmeriFlux,NA,NA,NA,NA,NA,FALSE,NA,NA,NA,NA,NA,FALSE,NA,neither,no_value
US-A32,2015,GRA,AmeriFlux,NA,NA,NA,NA,NA,FALSE,NA,NA,NA,NA,NA,FALSE,NA,neither,no_value
US-A32,2016,GRA,AmeriFlux,-321.108,0.766678,6.33254,4.764499999999998,7.92485,TRUE,-321.105,0.766564,6.33257,4.768500000000017,7.92716,TRUE,-0.002999999999985903,both,NA
US-A32,2017,GRA,AmeriFlux,NA,NA,NA,NA,NA,FALSE,NA,NA,NA,NA,NA,FALSE,NA,neither,no_value
US-A37,2024,CVM,AmeriFlux,36.8252,0.936475,9.56841,13.815249999999999,16.8052,TRUE,NA,NA,NA,NA,NA,FALSE,NA,VUT_only,NA
US-A39,2024,CRO,AmeriFlux,-32.5491,0.98725,7.46939,8.8439,11.5761,TRUE,NA,NA,NA,NA,NA,FALSE,NA,VUT_only,NA
US-A74,2016,CRO,AmeriFlux,NA,NA,NA,NA,NA,FALSE,NA,NA,NA,NA,NA,FALSE,NA,neither,no_value
US-A74,2017,CRO,AmeriFlux,NA,NA,NA,NA,NA,FALSE,NA,NA,NA,NA,NA,FALSE,NA,neither,no_value
US-ABa,2013,GRA,AmeriFlux,NA,NA,NA,NA,NA,FALSE,NA,NA,NA,NA,NA,FALSE,NA,neither,no_value
US-ABa,2014,GRA,AmeriFlux,-396.676,0.991039,7.90222,20.303500000000014,21.787,TRUE,-396.676,0.991039,7.90213,20.30250000000001,21.7861,TRUE,0,both,NA
US-ABa,2015,GRA,AmeriFlux,-335.544,0.993037,6.86713,16.228499999999997,17.6218,TRUE,-339.619,0.993607,7.01357,16.387500000000017,17.8253,TRUE,4.0750000000000455,both,NA
US-ABb,2013,GRA,AmeriFlux,NA,NA,NA,NA,NA,FALSE,NA,NA,NA,NA,NA,FALSE,NA,neither,no_value
US-ABb,2014,GRA,AmeriFlux,-200.966,0.970662,7.66892,23.1045,24.3442,TRUE,-193.712,0.970377,7.27333,23.125,24.2414,TRUE,-7.254000000000019,both,NA
US-ABb,2015,GRA,AmeriFlux,-81.4193,0.862158,6.60989,10.726199999999999,12.5993,TRUE,-81.572,0.861187,6.56336,9.7254,11.7329,TRUE,0.15269999999999584,both,NA
US-ABc,2013,GRA,AmeriFlux,NA,NA,NA,NA,NA,FALSE,NA,NA,NA,NA,NA,FALSE,NA,neither,no_value
US-ABc,2014,GRA,AmeriFlux,-300.578,0.993379,7.06649,39.1465,39.7792,TRUE,-300.59,0.993379,7.06646,39.117999999999995,39.751,TRUE,0.012000000000000455,both,NA
US-ABc,2015,GRA,AmeriFlux,NA,NA,NA,NA,NA,FALSE,NA,NA,NA,NA,NA,FALSE,NA,neither,no_value
US-ABd,2013,GRA,AmeriFlux,NA,NA,NA,NA,NA,FALSE,NA,NA,NA,NA,NA,FALSE,NA,neither,no_value
US-ABd,2014,GRA,AmeriFlux,-233.785,0.97911,8.57839,12.846500000000006,15.4471,TRUE,-236.244,0.978539,8.52573,12.836500000000001,15.4101,TRUE,2.459000000000003,both,NA
US-ABd,2015,GRA,AmeriFlux,NA,NA,NA,NA,NA,FALSE,NA,NA,NA,NA,NA,FALSE,NA,neither,no_value
US-ABe,2013,WET,AmeriFlux,NA,NA,NA,NA,NA,FALSE,NA,NA,NA,NA,NA,FALSE,NA,neither,no_value
US-ABe,2014,WET,AmeriFlux,-87.5632,0.983847,9.44775,27.3189,28.9064,TRUE,-87.2908,0.983847,9.44785,27.5126,29.0895,TRUE,-0.2723999999999904,both,NA
US-ABe,2015,WET,AmeriFlux,-350.939,0.994521,12.7075,38.078,40.1426,TRUE,-368.805,0.99395,12.4431,54.81700000000001,56.2114,TRUE,17.865999999999985,both,NA
US-ADR,2011,BSV,AmeriFlux,NA,NA,NA,NA,NA,FALSE,NA,NA,NA,NA,NA,FALSE,NA,neither,no_value
US-ADR,2012,BSV,AmeriFlux,-7.98931,0.967384,2.99655,1.15638,3.21194,TRUE,-8.08475,0.967213,2.99766,1.18981,3.22515,TRUE,0.09543999999999997,both,NA
US-ADR,2013,BSV,AmeriFlux,NA,NA,NA,NA,NA,FALSE,NA,NA,NA,NA,NA,FALSE,NA,neither,no_value
US-ADR,2014,BSV,AmeriFlux,NA,NA,NA,NA,NA,FALSE,NA,NA,NA,NA,NA,FALSE,NA,neither,no_value
US-ADR,2015,BSV,AmeriFlux,NA,NA,NA,NA,NA,FALSE,NA,NA,NA,NA,NA,FALSE,NA,neither,no_value
US-ADR,2016,BSV,AmeriFlux,NA,NA,NA,NA,NA,FALSE,NA,NA,NA,NA,NA,FALSE,NA,neither,no_value
US-ADR,2017,BSV,AmeriFlux,NA,NA,NA,NA,NA,FALSE,NA,NA,NA,NA,NA,FALSE,NA,neither,no_value
US-ALQ,2015,WET,AmeriFlux,NA,NA,NA,NA,NA,FALSE,NA,NA,NA,NA,NA,FALSE,NA,neither,no_value
US-ALQ,2016,WET,AmeriFlux,NA,NA,NA,NA,NA,FALSE,-313.998,0.765312,NA,132.93189999999998,NA,TRUE,NA,CUT_only,NA
US-ALQ,2017,WET,AmeriFlux,NA,NA,NA,NA,NA,FALSE,NA,NA,NA,NA,NA,FALSE,NA,neither,no_value
US-ALQ,2018,WET,AmeriFlux,NA,NA,NA,NA,NA,FALSE,NA,NA,NA,NA,NA,FALSE,NA,neither,no_value
US-ALQ,2019,WET,AmeriFlux,NA,NA,NA,NA,NA,FALSE,-141.689,0.834361,3.94027,25.406999999999996,25.7104,TRUE,NA,CUT_only,NA
US-ALQ,2020,WET,AmeriFlux,NA,NA,NA,NA,NA,FALSE,-295.54,0.906762,2.72885,89.5455,89.5871,TRUE,NA,CUT_only,NA
US-ALQ,2021,WET,AmeriFlux,NA,NA,NA,NA,NA,FALSE,-236.364,0.836758,5.70144,78.2766,78.4841,TRUE,NA,CUT_only,NA
US-ALQ,2022,WET,AmeriFlux,NA,NA,NA,NA,NA,FALSE,-252.427,0.894235,4.89219,68.62199999999999,68.7966,TRUE,NA,CUT_only,NA
US-ALQ,2023,WET,AmeriFlux,NA,NA,NA,NA,NA,FALSE,-543.853,0.803368,3.75349,166.397,166.439,TRUE,NA,CUT_only,NA
US-ALQ,2024,WET,AmeriFlux,NA,NA,NA,NA,NA,FALSE,-506.316,0.788479,4.1127,151.34699999999998,151.403,TRUE,NA,CUT_only,NA
US-ALQ,2025,WET,AmeriFlux,NA,NA,NA,NA,NA,FALSE,-367.87,0.712957,4.28205,60.982,61.1322,TRUE,NA,CUT_only,NA
US-AR1,2009,GRA,AmeriFlux,NA,NA,NA,NA,NA,FALSE,NA,NA,NA,NA,NA,FALSE,NA,neither,no_value
US-AR1,2010,GRA,AmeriFlux,-100.941,0.983105,7.096,23.69325,24.7333,TRUE,-97.512200000000007,0.981906,7.06245,21.9281,23.0375,TRUE,-3.4287999999999954,both,NA
US-AR1,2011,GRA,AmeriFlux,190.771,0.96113,2.94288,23.488500000000002,23.6719,TRUE,172.437,0.971176,3.18389,23.363500000000002,23.5793,TRUE,18.333999999999975,both,NA
US-AR1,2012,GRA,AmeriFlux,NA,NA,NA,NA,NA,FALSE,NA,NA,NA,NA,NA,FALSE,NA,neither,no_value
US-AR2,2009,GRA,AmeriFlux,NA,NA,NA,NA,NA,FALSE,NA,NA,NA,NA,NA,FALSE,NA,neither,no_value
US-AR2,2010,GRA,AmeriFlux,-109.853,0.963185,5.93527,3.9794999999999945,7.14588,TRUE,-108.123,0.959018,5.77367,5.312000000000005,7.84539,TRUE,-1.7299999999999898,both,NA
US-AR2,2011,GRA,AmeriFlux,21.5943,0.972717,5.20904,15.04533,15.9216,TRUE,21.3876,0.970947,5.18508,11.13944,12.2871,TRUE,0.20670000000000144,both,NA
US-AR2,2012,GRA,AmeriFlux,NA,NA,NA,NA,NA,FALSE,NA,NA,NA,NA,NA,FALSE,NA,neither,no_value
US-ARM,2003,CRO,AmeriFlux,-256.561,0.960845,4.90947,14.952499999999986,15.7378,TRUE,-249.622,0.962557,5.16136,12.004999999999995,13.0676,TRUE,-6.9389999999999645,both,NA
US-ARM,2004,CRO,AmeriFlux,-108.481,0.969148,5.10955,8.65815,10.0534,TRUE,-99.8087,0.971482,5.37274,7.152050000000003,8.94533,TRUE,-8.672299999999993,both,NA
US-ARM,2005,CRO,AmeriFlux,-216.067,0.96621,4.07646,18.426000000000002,18.8715,TRUE,-185.923,0.972489,4.41206,16.114499999999992,16.7077,TRUE,-30.144000000000005,both,NA
US-ARM,2006,CRO,AmeriFlux,-47.7831,0.989726,4.85849,13.040600000000001,13.9162,TRUE,-36.3419,0.995148,5.31286,7.297349999999998,9.02651,TRUE,-11.441199999999995,both,NA
US-ARM,2007,CRO,AmeriFlux,-241.983,0.919007,4.66154,7.2805000000000035,8.64473,TRUE,-235.031,0.962671,6.36356,9.71350000000001,11.6122,TRUE,-6.951999999999998,both,NA
US-ARM,2008,CRO,AmeriFlux,-86.2517,0.838456,5.01237,11.618099999999998,12.6532,TRUE,-80.5288,0.86982,6.26157,9.861849999999997,11.6818,TRUE,-5.722899999999996,both,NA
US-ARM,2009,CRO,AmeriFlux,0.597446,0.961244,4.44136,22.6293,23.061,TRUE,-10.6034,0.985845,5.41506,7.84218,9.53007,TRUE,11.200846,both,NA
US-ARM,2010,CRO,AmeriFlux,-43.1168,0.883562,4.6818,13.04975,13.8642,TRUE,-56.868,0.896747,5.66755,6.968200000000003,8.98202,TRUE,13.751200000000004,both,NA
US-ARM,2011,CRO,AmeriFlux,-13.0317,0.988584,4.15694,13.84075,14.4515,TRUE,-15.7651,0.991553,4.48163,13.41925,14.1478,TRUE,2.7333999999999996,both,NA
US-ARM,2012,CRO,AmeriFlux,-203.868,0.901981,6.08185,21.945999999999998,22.773,TRUE,-203.126,0.910007,7.352,15.8185,17.4431,TRUE,-0.7419999999999902,both,NA
US-ARM,2013,CRO,AmeriFlux,-165.082,0.954395,5.95874,6.032499999999999,8.47935,TRUE,-160.171,0.955822,6.14615,5.9339999999999975,8.54307,TRUE,-4.911000000000001,both,NA
US-ARM,2014,CRO,AmeriFlux,-114.452,0.905993,6.66435,14.141299999999994,15.6328,TRUE,-114.224,0.908961,6.85791,4.426500000000004,8.1624,TRUE,-0.22799999999999443,both,NA
US-ARM,2015,CRO,AmeriFlux,NA,NA,NA,NA,NA,FALSE,NA,NA,NA,NA,NA,FALSE,NA,neither,no_value
US-ARM,2016,CRO,AmeriFlux,-406.597,0.906079,8.90429,2.5979999999999848,9.27555,TRUE,-406.396,0.917293,9.07838,6.727000000000004,11.2989,TRUE,-0.20099999999996498,both,NA
US-ARM,2017,CRO,AmeriFlux,-411.507,0.982477,6.64164,5.627499999999998,8.70524,TRUE,-409.086,0.984132,6.81035,7.188999999999993,9.90267,TRUE,-2.4209999999999923,both,NA
US-ARM,2018,CRO,AmeriFlux,-150.097,0.987957,5.5616,2.383499999999998,6.05082,TRUE,-149.642,0.988699,5.77931,12.713000000000008,13.9653,TRUE,-0.4550000000000125,both,NA
US-ARM,2019,CRO,AmeriFlux,-263.907,0.946975,6.65268,2.5494999999999948,7.12455,TRUE,-261.811,0.948174,6.84201,21.90400000000001,22.948,TRUE,-2.0960000000000036,both,NA
US-ARM,2020,CRO,AmeriFlux,-203.599,0.992259,7.1341,4.419499999999999,8.39202,TRUE,-208.662,0.994422,7.36321,12.570000000000007,14.5676,TRUE,5.063000000000017,both,NA
US-ARM,2021,CRO,AmeriFlux,-183.68,0.969406,6.17456,5.375999999999991,8.18674,TRUE,-172.375,0.973402,6.4936,6.235500000000002,9.00271,TRUE,-11.305000000000007,both,NA
US-ARM,2022,CRO,AmeriFlux,-147.786,0.961986,5.38246,5.603999999999999,7.77023,TRUE,-137.201,0.96758,5.7721,11.627499999999998,12.9813,TRUE,-10.585000000000008,both,NA
US-ARM,2023,CRO,AmeriFlux,-314.998,0.902968,6.41942,6.929500000000019,9.44594,TRUE,-301.55,0.911872,6.87932,16.329499999999996,17.7195,TRUE,-13.447999999999979,both,NA
US-ARM,2024,CRO,AmeriFlux,-185.295,0.982468,4.90072,5.512500000000003,7.37607,TRUE,-195.62,0.986339,5.1145,11.315000000000012,12.4172,TRUE,10.325000000000017,both,NA
US-ARM,2025,CRO,AmeriFlux,-308.059,0.978482,5.8576,5.52800000000002,8.05416,TRUE,-300.455,0.980708,6.08563,10.364499999999992,12.0192,TRUE,-7.604000000000042,both,NA
US-ARb,2005,GRA,AmeriFlux,NA,NA,NA,NA,NA,FALSE,NA,NA,NA,NA,NA,FALSE,NA,neither,no_value
US-ARb,2006,GRA,AmeriFlux,NA,NA,NA,NA,NA,FALSE,NA,NA,NA,NA,NA,FALSE,NA,neither,no_value
US-ARc,2005,GRA,AmeriFlux,NA,NA,NA,NA,NA,FALSE,NA,NA,NA,NA,NA,FALSE,NA,neither,no_value
US-ARc,2006,GRA,AmeriFlux,NA,NA,NA,NA,NA,FALSE,NA,NA,NA,NA,NA,FALSE,NA,neither,no_value
US-ASH,2016,DBF,AmeriFlux,NA,NA,NA,NA,NA,FALSE,NA,NA,NA,NA,NA,FALSE,NA,neither,no_value
US-ASM,2016,DBF,AmeriFlux,NA,NA,NA,NA,NA,FALSE,NA,NA,NA,NA,NA,FALSE,NA,neither,no_value
US-Akn,2011,MF,AmeriFlux,NA,NA,NA,NA,NA,FALSE,NA,NA,NA,NA,NA,FALSE,NA,neither,no_value
US-Akn,2012,MF,AmeriFlux,NA,NA,NA,NA,NA,FALSE,NA,NA,NA,NA,NA,FALSE,NA,neither,no_value
US-Akn,2013,MF,AmeriFlux,NA,NA,NA,NA,NA,FALSE,NA,NA,NA,NA,NA,FALSE,NA,neither,no_value
US-Akn,2014,MF,AmeriFlux,NA,NA,NA,NA,NA,FALSE,NA,NA,NA,NA,NA,FALSE,NA,neither,no_value
US-Akn,2015,MF,AmeriFlux,NA,NA,NA,NA,NA,FALSE,NA,NA,NA,NA,NA,FALSE,NA,neither,no_value
US-Akn,2016,MF,AmeriFlux,NA,NA,NA,NA,NA,FALSE,NA,NA,NA,NA,NA,FALSE,NA,neither,no_value
US-Akn,2017,MF,AmeriFlux,NA,NA,NA,NA,NA,FALSE,-749.689,0.89395,8.15065,9.538000000000011,12.5462,TRUE,NA,CUT_only,NA
US-Akn,2018,MF,AmeriFlux,NA,NA,NA,NA,NA,FALSE,-709.809,0.984189,8.36896,6.435500000000047,10.5573,TRUE,NA,CUT_only,NA
US-Akn,2019,MF,AmeriFlux,NA,NA,NA,NA,NA,FALSE,NA,NA,NA,NA,NA,FALSE,NA,neither,no_value
US-Akn,2020,MF,AmeriFlux,NA,NA,NA,NA,NA,FALSE,-793.74,0.816029,9.98864,9.220000000000027,13.5933,TRUE,NA,CUT_only,NA
US-Akn,2021,MF,AmeriFlux,NA,NA,NA,NA,NA,FALSE,-288.091,0.919463,9.54438,16.45750000000001,19.0251,TRUE,NA,CUT_only,NA
US-Akn,2022,MF,AmeriFlux,NA,NA,NA,NA,NA,FALSE,NA,NA,NA,NA,NA,FALSE,NA,neither,no_value
US-Aud,2002,GRA,AmeriFlux,NA,NA,NA,NA,NA,FALSE,NA,NA,NA,NA,NA,FALSE,NA,neither,no_value
US-Aud,2003,GRA,AmeriFlux,694.378,0.612386,4.30549,32.392499999999984,32.6771,TRUE,679.301,0.641495,4.54462,14.321000000000026,15.0252,TRUE,15.076999999999998,both,NA
US-Aud,2004,GRA,AmeriFlux,347.167,0.922928,2.52801,15.774499999999989,15.9757,TRUE,331.252,0.947177,2.65732,8.575500000000005,8.97808,TRUE,15.914999999999964,both,NA
US-Aud,2005,GRA,AmeriFlux,62.1953,0.951313,2.90323,41.47795,41.5794,TRUE,57.5027,0.959418,2.903,39.796099999999996,39.9019,TRUE,4.692600000000006,both,NA
US-Aud,2006,GRA,AmeriFlux,-56.1795,0.927626,2.87707,25.86535,26.0249,TRUE,-33.9836,0.90371,2.6628,31.804289999999998,31.9156,TRUE,-22.195899999999995,both,NA
US-Aud,2007,GRA,AmeriFlux,137.931,0.850856,2.89469,18.244000000000007,18.4721,TRUE,193.374,0.819635,2.49502,37.29050000000001,37.374,TRUE,-55.442999999999984,both,NA
US-Aud,2008,GRA,AmeriFlux,159.331,0.860428,2.9579,3.5745000000000005,4.63969,TRUE,173.636,0.839139,2.57893,7.076999999999998,7.53223,TRUE,-14.305000000000007,both,NA
US-Aud,2009,GRA,AmeriFlux,350.279,0.963185,2.71242,1.406000000000006,3.05517,TRUE,362.119,0.934475,2.48831,4.864500000000021,5.46403,TRUE,-11.840000000000032,both,NA
US-Aud,2010,GRA,AmeriFlux,NA,NA,NA,NA,NA,FALSE,NA,NA,NA,NA,NA,FALSE,NA,neither,no_value
US-Aud,2011,GRA,AmeriFlux,NA,NA,NA,NA,NA,FALSE,NA,NA,NA,NA,NA,FALSE,NA,neither,no_value
US-Aud,2012,GRA,AmeriFlux,194.714,0.803393,3.14346,55.10549999999999,55.1951,TRUE,194.688,0.880977,3.41485,26.623500000000007,26.8413,TRUE,0.02600000000001046,both,NA
US-Aud,2013,GRA,AmeriFlux,213.951,0.888185,3.25983,4.989500000000007,5.96011,TRUE,213.974,0.888242,3.25972,3.5745000000000005,4.83735,TRUE,-0.022999999999996135,both,NA
US-Aud,2014,GRA,AmeriFlux,NA,NA,NA,NA,NA,FALSE,NA,NA,NA,NA,NA,FALSE,NA,neither,no_value
US-Aud,2015,GRA,AmeriFlux,NA,NA,NA,NA,NA,FALSE,NA,NA,NA,NA,NA,FALSE,NA,neither,no_value
US-Aud,2016,GRA,AmeriFlux,77.8222,0.971824,2.56254,11.361099999999997,11.6465,TRUE,69.8402,0.979053,2.70805,22.039450000000002,22.2052,TRUE,7.981999999999999,both,NA
US-Aud,2017,GRA,AmeriFlux,49.9699,0.966267,2.80743,5.761049999999997,6.40868,TRUE,42.6523,0.982877,2.72849,15.615049999999998,15.8516,TRUE,7.317600000000006,both,NA
US-Aud,2018,GRA,AmeriFlux,74.8937,0.957648,2.66769,12.509,12.7903,TRUE,54.7455,0.982477,2.65577,23.6087,23.7576,TRUE,20.148199999999996,both,NA
US-Aud,2019,GRA,AmeriFlux,-45.1592,0.963413,2.52824,3.2589000000000006,4.12461,TRUE,-47.4882,0.979167,2.66,14.023800000000001,14.2738,TRUE,2.3290000000000006,both,NA
US-Aud,2020,GRA,AmeriFlux,0.0529538,0.960098,2.19904,1.492565,2.65773,TRUE,-3.87541,0.981785,2.26682,15.279655,15.4469,TRUE,3.9283638,both,NA
US-Aud,2021,GRA,AmeriFlux,-69.8291,0.958847,2.5286,6.2425999999999995,6.73527,TRUE,-81.4564,0.981507,2.69479,19.68155,19.8653,TRUE,11.627300000000005,both,NA
US-Aud,2022,GRA,AmeriFlux,-41.6978,0.971918,2.91744,2.5230999999999995,3.85716,TRUE,-44.872,0.983961,3.16127,7.7841999999999985,8.40165,TRUE,3.174199999999999,both,NA
US-Aud,2023,GRA,AmeriFlux,NA,NA,NA,NA,NA,FALSE,NA,NA,NA,NA,NA,FALSE,NA,neither,no_value
US-Aud,2024,GRA,AmeriFlux,93.0237,0.962887,2.07377,7.162649999999999,7.45679,TRUE,87.0108,0.978654,2.17803,12.965800000000002,13.1475,TRUE,6.012900000000002,both,NA
US-BRG,2017,GRA,AmeriFlux,NA,NA,NA,NA,NA,FALSE,NA,NA,NA,NA,NA,FALSE,NA,neither,no_value
US-BRG,2018,GRA,AmeriFlux,-129.52,0.785616,16.4195,60.225899999999996,62.4243,TRUE,-79.0157,0.823174,21.5475,66.3266,69.7389,TRUE,-50.504300000000015,both,NA
US-BRG,2019,GRA,AmeriFlux,-14.7556,0.732135,18.1515,86.63595000000001,88.5168,TRUE,-183.895,0.77089,24.7277,86.19545000000001,89.6721,TRUE,169.13940000000002,both,NA
US-BRG,2020,GRA,AmeriFlux,NA,NA,NA,NA,NA,FALSE,NA,NA,NA,NA,NA,FALSE,NA,neither,no_value
US-BZB,2011,WET,AmeriFlux,NA,NA,NA,NA,NA,FALSE,NA,NA,NA,NA,NA,FALSE,NA,neither,no_value
US-BZB,2012,WET,AmeriFlux,NA,NA,NA,NA,NA,FALSE,NA,NA,NA,NA,NA,FALSE,NA,neither,no_value
US-BZB,2013,WET,AmeriFlux,NA,NA,NA,NA,NA,FALSE,NA,NA,NA,NA,NA,FALSE,NA,neither,no_value
US-BZB,2014,WET,AmeriFlux,23.5919,0.868664,2.20302,6.769349999999999,7.1188,TRUE,-0.221605,0.884304,2.60128,14.530535,14.7615,TRUE,23.813505,both,NA
US-BZB,2015,WET,AmeriFlux,21.73,0.825571,2.48048,9.07275,9.40574,TRUE,13.9746,0.833733,2.90499,9.84385,10.2635,TRUE,7.7554,both,NA
US-BZB,2016,WET,AmeriFlux,13.4016,0.889686,2.76627,10.84026,11.1877,TRUE,11.629,0.89441,2.98366,11.203059999999999,11.5936,TRUE,1.7726000000000006,both,NA
US-BZB,2017,WET,AmeriFlux,-27.3049,0.710788,4.07716,14.1066,14.684,TRUE,-23.9844,0.715868,4.40644,13.185049999999999,13.9019,TRUE,-3.320499999999999,both,NA
US-BZB,2018,WET,AmeriFlux,-3.51163,0.850114,2.75603,5.818235,6.43798,TRUE,-11.3466,0.854452,3.11681,5.045095,5.93023,TRUE,7.83497,both,NA
US-BZB,2019,WET,AmeriFlux,-33.1554,0.895776,1.95227,13.8356045,13.9727,TRUE,-0.645047,0.927169,3.14096,16.373150000000003,16.6717,TRUE,-32.510353,both,NA
US-BZB,2020,WET,AmeriFlux,-48.4832,0.896573,2.15512,12.81735,12.9972,TRUE,-43.8985,0.904599,3.08904,7.749749999999999,8.34269,TRUE,-4.584699999999998,both,NA
US-BZB,2021,WET,AmeriFlux,12.0486,0.933219,2.50261,9.512855,9.83654,TRUE,-0.282355,0.947032,2.91339,9.06261,9.5194,TRUE,12.330955000000001,both,NA
US-BZB,2022,WET,AmeriFlux,47.7594,0.936872,5.17506,28.605735,29.0701,TRUE,56.6026,0.943436,5.65628,31.778955000000003,32.2784,TRUE,-8.843200000000003,both,NA
US-BZB,2023,WET,AmeriFlux,40.2469,0.957021,5.23615,3.0925499999999992,6.08122,TRUE,37.4217,0.961644,5.50835,27.742549999999998,28.2841,TRUE,2.8251999999999953,both,NA
US-BZB,2024,WET,AmeriFlux,41.0584,0.831284,6.28559,5.7402000000000015,8.51225,TRUE,34.3095,0.832536,6.40757,19.06439405,20.1124,TRUE,6.748899999999999,both,NA
US-BZB,2025,WET,AmeriFlux,NA,NA,NA,NA,NA,FALSE,NA,NA,NA,NA,NA,FALSE,NA,neither,no_value
US-BZF,2011,WET,AmeriFlux,NA,NA,NA,NA,NA,FALSE,NA,NA,NA,NA,NA,FALSE,NA,neither,no_value
US-BZF,2012,WET,AmeriFlux,NA,NA,NA,NA,NA,FALSE,NA,NA,NA,NA,NA,FALSE,NA,neither,no_value
US-BZF,2013,WET,AmeriFlux,NA,NA,NA,NA,NA,FALSE,NA,NA,NA,NA,NA,FALSE,NA,neither,no_value
US-BZF,2014,WET,AmeriFlux,135.516,0.817751,2.88392,26.951500000000003,27.1053,TRUE,141.372,0.821689,2.948,25.779000000000003,25.947,TRUE,-5.856000000000023,both,NA
US-BZF,2015,WET,AmeriFlux,6.7158,0.810331,2.89187,9.72561,10.1465,TRUE,-1.48094,0.814555,2.84032,8.947055,9.38708,TRUE,8.19674,both,NA
US-BZF,2016,WET,AmeriFlux,48.3316,0.722108,3.94419,10.560999999999998,11.2735,TRUE,48.1136,0.721368,3.96541,20.8279,21.202,TRUE,0.21800000000000352,both,NA
US-BZF,2017,WET,AmeriFlux,-10.7314,0.896575,2.49288,11.35952,11.6298,TRUE,-12.7769,0.888413,2.55568,6.4406761999999995,6.92922,TRUE,2.0454999999999988,both,NA
US-BZF,2018,WET,AmeriFlux,78.4333,0.840011,2.531,18.784900000000004,18.9546,TRUE,74.9679,0.841153,2.58364,17.041950000000003,17.2367,TRUE,3.4654000000000025,both,NA
US-BZF,2019,WET,AmeriFlux,64.7257,0.843664,2.24945,19.66705,19.7953,TRUE,42.4732,0.847945,2.45403,18.11445,18.2799,TRUE,22.252500000000005,both,NA
US-BZF,2020,WET,AmeriFlux,-115.816,0.935565,2.93086,16.061,16.3261,TRUE,-116.556,0.933914,2.92587,15.599499999999999,15.8713,TRUE,0.7399999999999949,both,NA
US-BZF,2021,WET,AmeriFlux,37.539,0.811587,1.84346,4.839400000000001,5.17863,TRUE,37.0806,0.805537,1.78154,6.002699999999999,6.26147,TRUE,0.4584000000000046,both,NA
US-BZF,2022,WET,AmeriFlux,205.741,0.897774,2.84828,8.112499999999997,8.59794,TRUE,213.219,0.8879,2.55008,11.753,12.0263,TRUE,-7.47799999999998,both,NA
US-BZF,2023,WET,AmeriFlux,106.448,0.915297,3.52126,5.698,6.69805,TRUE,107.547,0.9004,3.02018,11.462000000000003,11.8533,TRUE,-1.0990000000000038,both,NA
US-BZF,2024,WET,AmeriFlux,116.601,0.925888,4.9486,9.391500000000008,10.6152,TRUE,130.327,0.903916,4.44491,16.9705,17.5428,TRUE,-13.725999999999999,both,NA
US-BZF,2025,WET,AmeriFlux,NA,NA,NA,NA,NA,FALSE,NA,NA,NA,NA,NA,FALSE,NA,neither,no_value
US-BZo,2018,WET,AmeriFlux,NA,NA,NA,NA,NA,FALSE,NA,NA,NA,NA,NA,FALSE,NA,neither,no_value
US-BZo,2019,WET,AmeriFlux,-69.012,0.931906,5.06488,13.858,14.7546,TRUE,-49.0373,0.921575,4.48424,18.1938,18.7383,TRUE,-19.9747,both,NA
US-BZo,2020,WET,AmeriFlux,-27.5768,0.881603,4.02241,6.3429,7.51079,TRUE,-32.3794,0.87204,3.62456,8.046,8.82469,TRUE,4.802599999999998,both,NA
US-BZo,2021,WET,AmeriFlux,6.74379,0.884646,3.8251,14.21825,14.7238,TRUE,19.6471,0.874772,3.54534,14.984749999999998,15.3985,TRUE,-12.903309999999998,both,NA
US-BZo,2022,WET,AmeriFlux,-38.1685,0.865354,3.97237,9.860600000000002,10.6307,TRUE,-44.8326,0.863699,3.68845,10.98735,11.5899,TRUE,6.664099999999998,both,NA
US-BZo,2023,WET,AmeriFlux,-68.2995,0.869463,3.37457,15.874450000000003,16.2292,TRUE,-67.3207,0.871804,3.40108,14.160900000000002,14.5636,TRUE,-0.9787999999999926,both,NA
US-BZo,2024,WET,AmeriFlux,-50.7153,0.908811,3.80631,18.513900000000003,18.9011,TRUE,-49.233,0.90773,3.85604,18.691450000000003,19.085,TRUE,-1.4823000000000022,both,NA
US-BZo,2025,WET,AmeriFlux,NA,NA,NA,NA,NA,FALSE,NA,NA,NA,NA,NA,FALSE,NA,neither,no_value
US-Bar,2004,DBF,AmeriFlux,NA,NA,NA,NA,NA,FALSE,NA,NA,NA,NA,NA,FALSE,NA,neither,no_value
US-Bar,2005,DBF,AmeriFlux,-120.569,0.898687,5.02173,92.98525000000001,93.1208,TRUE,-117.709,0.915582,5.25492,68.97720000000001,69.1772,TRUE,-2.8599999999999994,both,NA
US-Bar,2006,DBF,AmeriFlux,-188.408,0.89726,5.97989,45.963999999999984,46.3513,TRUE,-233.809,0.91113,5.87432,36.2,36.6736,TRUE,45.40100000000001,both,NA
US-Bar,2007,DBF,AmeriFlux,-403.616,0.861758,5.78729,74.64949999999999,74.8734,TRUE,-396.152,0.850628,5.77633,62.46950000000001,62.7358,TRUE,-7.463999999999999,both,NA
US-Bar,2008,DBF,AmeriFlux,-380.17,0.835724,6.53223,34.7285,35.3378,TRUE,-378.029,0.795651,6.07851,84.3075,84.5268,TRUE,-2.1410000000000196,both,NA
US-Bar,2009,DBF,AmeriFlux,-266.587,0.817922,6.89084,60.41300000000001,60.8046,TRUE,-263.21,0.801084,6.97616,63.37950000000001,63.7624,TRUE,-3.3770000000000095,both,NA
US-Bar,2010,DBF,AmeriFlux,-280.255,0.845548,5.42615,89.9,90.0633,TRUE,-261.683,0.842865,5.34064,94.75249999999998,94.9026,TRUE,-18.572000000000003,both,NA
US-Bar,2011,DBF,AmeriFlux,-299.332,0.864783,5.27072,64.5085,64.7233,TRUE,-273.954,0.883162,5.27794,83.41750000000002,83.5842,TRUE,-25.377999999999986,both,NA
US-Bar,2012,DBF,AmeriFlux,-247.191,0.909722,5.06768,62.543000000000006,62.7481,TRUE,-335.022,0.917577,5.11124,69.11399999999999,69.3028,TRUE,87.83099999999999,both,NA
US-Bar,2013,DBF,AmeriFlux,-205.99,0.87129,4.66235,30.40549999999999,30.761,TRUE,-233.914,0.890354,4.925,42.677499999999995,42.9606,TRUE,27.923999999999978,both,NA
US-Bar,2014,DBF,AmeriFlux,-203.927,0.816838,6.07584,33.527,34.0729,TRUE,-252.008,0.845263,5.69588,41.339500000000015,41.7303,TRUE,48.08100000000002,both,NA
US-Bar,2015,DBF,AmeriFlux,-102.478,0.770662,5.35054,74.3057,74.4982,TRUE,-163.253,0.814726,5.78137,61.635149999999996,61.9058,TRUE,60.77499999999999,both,NA
US-Bar,2016,DBF,AmeriFlux,-220.192,0.884221,4.76919,42.11800000000001,42.3871,TRUE,-264.474,0.923668,5.06377,22.361499999999992,22.928,TRUE,44.28199999999998,both,NA
US-Bar,2017,DBF,AmeriFlux,-56.9066,0.889041,6.33429,38.9109,39.423,TRUE,-83.7793,0.88613,6.14481,58.65845,58.9792,TRUE,26.87270000000001,both,NA
US-Bar,2018,DBF,AmeriFlux,NA,NA,NA,NA,NA,FALSE,NA,NA,NA,NA,NA,FALSE,NA,neither,no_value
US-Bar,2019,DBF,AmeriFlux,-178.691,0.859989,6.22677,24.08,24.8719,TRUE,-196.077,0.853196,5.89713,66.691,66.9511,TRUE,17.385999999999996,both,NA
US-Bar,2020,DBF,AmeriFlux,-123.064,0.919797,5.51172,91.717,91.8824,TRUE,-60.9994,0.894012,5.2481,56.840500000000006,57.0824,TRUE,-62.06459999999999,both,NA
US-Bar,2021,DBF,AmeriFlux,NA,NA,NA,NA,NA,FALSE,NA,NA,NA,NA,NA,FALSE,NA,neither,no_value
US-Bar,2022,DBF,AmeriFlux,NA,NA,NA,NA,NA,FALSE,NA,NA,NA,NA,NA,FALSE,NA,neither,no_value
US-Bar,2023,DBF,AmeriFlux,NA,NA,NA,NA,NA,FALSE,NA,NA,NA,NA,NA,FALSE,NA,neither,no_value
US-Bi1,2016,CRO,AmeriFlux,NA,NA,NA,NA,NA,FALSE,NA,NA,NA,NA,NA,FALSE,NA,neither,no_value
US-Bi1,2017,CRO,AmeriFlux,-1.44364,0.880194,8.42872,49.14745,49.865,TRUE,35.6153,0.813984,8.68163,46.15395,46.9634,TRUE,-37.05894,both,NA
US-Bi1,2018,CRO,AmeriFlux,-78.7629,0.836872,10.9177,33.1541,34.9054,TRUE,-95.2232,0.822489,9.71874,35.5619,36.8661,TRUE,16.460300000000004,both,NA
US-Bi1,2019,CRO,AmeriFlux,-295.372,0.884475,9.98142,14.856000000000023,17.8977,TRUE,-297.624,0.873916,10.2315,16.730000000000018,19.6104,TRUE,2.2520000000000095,both,NA
US-Bi1,2020,CRO,AmeriFlux,-233.469,0.847051,8.91395,40.072500000000005,41.0522,TRUE,-231.694,0.844775,9.14387,33.042,34.2839,TRUE,-1.7750000000000057,both,NA
US-Bi1,2021,CRO,AmeriFlux,-170.249,0.874315,10.515,89.5821,90.197,TRUE,-176.957,0.875856,10.5256,86.61019999999999,87.2475,TRUE,6.707999999999998,both,NA
US-Bi1,2022,CRO,AmeriFlux,307.553,0.840639,7.78785,73.42299999999999,73.8349,TRUE,300.7,0.852683,7.79478,54.890000000000015,55.4409,TRUE,6.853000000000009,both,NA
US-Bi1,2023,CRO,AmeriFlux,-5.1889,0.8871,8.60399,15.730199999999998,17.9295,TRUE,-12.9303,0.880651,8.4251,16.531554999999997,18.5547,TRUE,7.7414000000000005,both,NA
US-Bi1,2024,CRO,AmeriFlux,385.637,0.86982,7.34967,12.189999999999998,14.2344,TRUE,410.703,0.849271,7.52345,16.529000000000025,18.1605,TRUE,-25.065999999999974,both,NA
US-Bi2,2017,CRO,AmeriFlux,NA,NA,NA,NA,NA,FALSE,NA,NA,NA,NA,NA,FALSE,NA,neither,no_value
US-Bi2,2018,CRO,AmeriFlux,1214.34,0.792466,6.33876,43.78499999999997,44.2431,TRUE,1193.33,0.818893,6.2765,55.90499999999997,56.2559,TRUE,21.00999999999999,both,NA
US-Bi2,2019,CRO,AmeriFlux,1694.61,0.822032,8.2817,169.70999999999992,169.912,TRUE,1668.11,0.838927,8.31744,175.18999999999994,175.387,TRUE,26.5,both,NA
US-Bi2,2020,CRO,AmeriFlux,1067.34,0.897598,6.51246,67.20000000000005,67.515,TRUE,1117.04,0.849499,6.85518,89.445,89.7073,TRUE,-49.700000000000045,both,NA
US-Bi2,2021,CRO,AmeriFlux,992.347,0.871861,5.64683,35.55600000000004,36.0017,TRUE,1011.21,0.839612,5.26138,40.44349999999997,40.7832,TRUE,-18.863000000000056,both,NA
US-Bi2,2022,CRO,AmeriFlux,1677.81,0.856336,6.16446,57.69999999999993,58.026,TRUE,1700.85,0.829053,5.9546,67.45500000000004,67.721,TRUE,-23.039999999999964,both,NA
US-Bi2,2023,CRO,AmeriFlux,2267.34,0.833676,5.45571,152.3499999999999,152.447,TRUE,2243.73,0.846518,5.67135,136.06000000000017,136.175,TRUE,23.610000000000127,both,NA
US-Bi2,2024,CRO,AmeriFlux,2316.51,0.799123,6.57427,254.6250000000001,254.712,TRUE,2300.03,0.804246,6.53293,104.95000000000005,105.152,TRUE,16.480000000000018,both,NA
US-Bi2,2025,CRO,AmeriFlux,NA,NA,NA,NA,NA,FALSE,NA,NA,NA,NA,NA,FALSE,NA,neither,no_value
US-CAK,2024,GRA,AmeriFlux,NA,NA,NA,NA,NA,FALSE,NA,NA,NA,NA,NA,FALSE,NA,neither,no_value
US-CAK,2025,GRA,AmeriFlux,NA,NA,NA,NA,NA,FALSE,NA,NA,NA,NA,NA,FALSE,NA,neither,no_value
US-CF1,2017,CRO,AmeriFlux,NA,NA,NA,NA,NA,FALSE,NA,NA,NA,NA,NA,FALSE,NA,neither,no_value
US-CF1,2018,CRO,AmeriFlux,-88.8852,0.928425,4.77216,7.935949999999998,9.26029,TRUE,-85.3867,0.924201,5.8366,7.470150000000004,9.47991,TRUE,-3.498499999999993,both,NA
US-CF1,2019,CRO,AmeriFlux,-331.603,0.836929,4.20805,14.732499999999987,15.3213,TRUE,-329.487,0.833505,4.2109,13.807999999999993,14.4356,TRUE,-2.1159999999999854,both,NA
US-CF1,2020,CRO,AmeriFlux,-205.988,0.883311,3.54511,6.9285,7.78267,TRUE,-206.585,0.882571,3.50638,12.274500000000003,12.7653,TRUE,0.5970000000000084,both,NA
US-CF1,2021,CRO,AmeriFlux,NA,NA,NA,NA,NA,FALSE,NA,NA,NA,NA,NA,FALSE,NA,neither,no_value
US-CF2,2017,CRO,AmeriFlux,NA,NA,NA,NA,NA,FALSE,NA,NA,NA,NA,NA,FALSE,NA,neither,no_value
US-CF2,2018,CRO,AmeriFlux,-80.1764,0.777454,3.86314,9.350100000000005,10.1167,TRUE,-72.5267,0.746918,3.88463,9.204450000000001,9.99061,TRUE,-7.649699999999996,both,NA
US-CF2,2019,CRO,AmeriFlux,-210.489,0.83476,3.24306,9.398499999999999,9.94199,TRUE,-209.12,0.793379,3.02677,9.475000000000009,9.94673,TRUE,-1.3689999999999998,both,NA
US-CF2,2020,CRO,AmeriFlux,-150.764,0.961521,3.60023,4.554000000000002,5.80543,TRUE,-157.09,0.933914,3.27698,4.415499999999994,5.4989,TRUE,6.325999999999993,both,NA
US-CF3,2017,CRO,AmeriFlux,NA,NA,NA,NA,NA,FALSE,NA,NA,NA,NA,NA,FALSE,NA,neither,no_value
US-CF3,2018,CRO,AmeriFlux,NA,NA,NA,NA,NA,FALSE,NA,NA,NA,NA,NA,FALSE,NA,neither,no_value
US-CF3,2019,CRO,AmeriFlux,NA,NA,NA,NA,NA,FALSE,NA,NA,NA,NA,NA,FALSE,NA,neither,no_value
US-CF3,2020,CRO,AmeriFlux,-220.684,0.818306,4.80811,6.590500000000006,8.15788,TRUE,-215.675,0.818135,4.73123,6.8125,8.29433,TRUE,-5.008999999999986,both,NA
US-CF3,2021,CRO,AmeriFlux,NA,NA,NA,NA,NA,FALSE,NA,NA,NA,NA,NA,FALSE,NA,neither,no_value
US-CF4,2017,CRO,AmeriFlux,NA,NA,NA,NA,NA,FALSE,NA,NA,NA,NA,NA,FALSE,NA,neither,no_value
US-CF4,2018,CRO,AmeriFlux,NA,NA,NA,NA,NA,FALSE,NA,NA,NA,NA,NA,FALSE,NA,neither,no_value
US-CF4,2019,CRO,AmeriFlux,-370.089,0.736416,4.24276,5.867500000000007,7.24103,TRUE,-369.079,0.736187,4.21248,6.9325000000000045,8.11208,TRUE,-1.009999999999991,both,NA
US-CF4,2020,CRO,AmeriFlux,NA,NA,NA,NA,NA,FALSE,NA,NA,NA,NA,NA,FALSE,NA,neither,no_value
US-CF4,2021,CRO,AmeriFlux,NA,NA,NA,NA,NA,FALSE,NA,NA,NA,NA,NA,FALSE,NA,neither,no_value
US-CGG,2019,GRA,AmeriFlux,NA,NA,NA,NA,NA,FALSE,NA,NA,NA,NA,NA,FALSE,NA,neither,no_value
US-CGG,2020,GRA,AmeriFlux,-53.2483,0.840449,3.46949,11.766199999999998,12.267,TRUE,-70.8375,0.771403,3.51945,18.33835,18.673,TRUE,17.589200000000005,both,NA
US-CGG,2021,GRA,AmeriFlux,-148.986,0.900171,4.18463,33.21345000000001,33.4762,TRUE,-139.745,0.887443,3.9135,33.88465,34.1097,TRUE,-9.240999999999985,both,NA
US-CGG,2022,GRA,AmeriFlux,192.104,0.761187,10.1054,78.387,79.0355,TRUE,163.272,0.765354,9.96453,99.762,100.258,TRUE,28.832000000000022,both,NA
US-CGG,2023,GRA,AmeriFlux,NA,NA,NA,NA,NA,FALSE,NA,NA,NA,NA,NA,FALSE,NA,neither,no_value
US-CGG,2024,GRA,AmeriFlux,NA,NA,NA,NA,NA,FALSE,NA,NA,NA,NA,NA,FALSE,NA,neither,no_value
US-CLF,2017,CVM,AmeriFlux,NA,NA,NA,NA,NA,FALSE,NA,NA,NA,NA,NA,FALSE,NA,neither,no_value
US-CLF,2018,CVM,AmeriFlux,NA,NA,NA,NA,NA,FALSE,NA,NA,NA,NA,NA,FALSE,NA,neither,no_value
US-CLF,2019,CVM,AmeriFlux,NA,NA,NA,NA,NA,FALSE,NA,NA,NA,NA,NA,FALSE,NA,neither,no_value
US-CLF,2020,CVM,AmeriFlux,NA,NA,NA,NA,NA,FALSE,NA,NA,NA,NA,NA,FALSE,NA,neither,no_value
US-CMW,2001,DBF,AmeriFlux,NA,NA,NA,NA,NA,FALSE,NA,NA,NA,NA,NA,FALSE,NA,neither,no_value
US-CMW,2002,DBF,AmeriFlux,NA,NA,NA,NA,NA,FALSE,NA,NA,NA,NA,NA,FALSE,NA,neither,no_value
US-CMW,2003,DBF,AmeriFlux,-209.78,0.92032,3.37985,121.4975,121.544,TRUE,-183.811,0.915868,3.61468,119.27949999999998,119.334,TRUE,-25.968999999999994,both,NA
US-CMW,2004,DBF,AmeriFlux,-356.402,0.917919,3.27027,124.15549999999999,124.199,TRUE,-345.907,0.918374,3.25603,118.13150000000002,118.176,TRUE,-10.495000000000005,both,NA
US-CMW,2005,DBF,AmeriFlux,-234.634,0.910217,3.30211,138.8465,138.886,TRUE,-278.147,0.906507,3.36962,135.505,135.547,TRUE,43.513000000000005,both,NA
US-CMW,2006,DBF,AmeriFlux,-287.339,0.909304,3.5251,93.83699999999999,93.9032,TRUE,-311.862,0.913071,3.64851,93.83149999999998,93.9025,TRUE,24.523000000000025,both,NA
US-CMW,2007,DBF,AmeriFlux,-273.878,0.903025,3.59114,107.9825,108.042,TRUE,-304.526,0.915868,3.72812,117.33449999999999,117.394,TRUE,30.648000000000025,both,NA
US-CMW,2008,DBF,AmeriFlux,-194.05,0.903119,4.31193,128.99450000000002,129.067,TRUE,-199.153,0.910235,4.28056,124.85499999999999,124.928,TRUE,5.10299999999998,both,NA
US-CMW,2009,DBF,AmeriFlux,-363.211,0.928539,3.35077,130.1255,130.168,TRUE,-361.038,0.92637,3.34951,121.7705,121.817,TRUE,-2.173000000000002,both,NA
US-CMW,2010,DBF,AmeriFlux,-227.873,0.910959,3.75892,142.49849999999998,142.548,TRUE,-230.03,0.912728,3.80233,145.634,145.684,TRUE,2.1570000000000107,both,NA
US-CMW,2011,DBF,AmeriFlux,-317.369,0.924715,3.65457,130.5595,130.611,TRUE,-281.365,0.90782,3.54298,127.9545,128.003,TRUE,-36.00400000000002,both,NA
US-CMW,2012,DBF,AmeriFlux,-302.586,0.899078,3.74597,159.39749999999998,159.442,TRUE,-293.286,0.904372,3.72094,167.027,167.069,TRUE,-9.300000000000011,both,NA
US-CMW,2013,DBF,AmeriFlux,-341.754,0.931621,3.84265,141.55649999999997,141.609,TRUE,-256.929,0.928653,3.59519,129.125,129.175,TRUE,-84.82500000000005,both,NA
US-CMW,2014,DBF,AmeriFlux,-132.588,0.889384,3.62092,129.324,129.374,TRUE,-130.262,0.890183,3.59475,128.36294999999998,128.413,TRUE,-2.3259999999999934,both,NA
US-CMW,2015,DBF,AmeriFlux,-58.808,0.923916,3.58603,121.0606,121.114,TRUE,-55.0054,0.922945,3.55503,120.97035,121.023,TRUE,-3.802599999999998,both,NA
US-CMW,2016,DBF,AmeriFlux,-325.712,0.903518,3.65249,123.10749999999999,123.162,TRUE,-295.052,0.895321,3.5928,132.036,132.085,TRUE,-30.659999999999968,both,NA
US-CMW,2017,DBF,AmeriFlux,-372.539,0.930023,4.50427,149.45499999999998,149.523,TRUE,-318.806,0.895091,3.9663,144.48649999999998,144.541,TRUE,-53.733000000000004,both,NA
US-CMW,2018,DBF,AmeriFlux,-209.116,0.8871,3.93236,152.34300000000002,152.394,TRUE,-228.913,0.898059,3.99066,155.505,155.556,TRUE,19.796999999999997,both,NA
US-CMW,2019,DBF,AmeriFlux,-403.611,0.920947,3.9932,50.720500000000015,50.8776,TRUE,-417.202,0.921918,4.0605,51.891999999999996,52.0504,TRUE,13.591000000000008,both,NA
US-CMW,2020,DBF,AmeriFlux,-221.385,0.918659,3.68395,161.6905,161.733,TRUE,-262.341,0.925376,3.76858,177.939,177.979,TRUE,40.95600000000002,both,NA
US-CMW,2021,DBF,AmeriFlux,-318.692,0.929795,4.54727,113.41999999999999,113.511,TRUE,-284.844,0.918094,4.35364,125.4905,125.566,TRUE,-33.84800000000001,both,NA
US-CRK,2022,ENF,AmeriFlux,-34.6035,0.841952,6.78314,9.059999999999995,11.3179,TRUE,-42.8705,0.838927,6.80866,10.111550000000001,12.1902,TRUE,8.267000000000003,both,NA
US-CRK,2023,ENF,AmeriFlux,NA,NA,NA,NA,NA,FALSE,NA,NA,NA,NA,NA,FALSE,NA,neither,no_value
US-CRK,2024,ENF,AmeriFlux,-120.51,0.841416,7.30421,30.695149999999998,31.5521,TRUE,-111.269,0.812614,7.64862,27.194649999999996,28.2499,TRUE,-9.241,both,NA
US-CRK,2025,ENF,AmeriFlux,NA,NA,NA,NA,NA,FALSE,NA,NA,NA,NA,NA,FALSE,NA,neither,no_value
US-CRT,2011,CRO,AmeriFlux,-15.3094,0.952626,6.21738,4.135035,7.46689,TRUE,-10.1308,0.929966,6.25511,5.250710000000001,8.16678,TRUE,-5.178599999999999,both,NA
US-CRT,2012,CRO,AmeriFlux,-141.626,0.935223,6.25813,22.232999999999997,23.0971,TRUE,-142.595,0.937158,6.26415,22.238,23.1032,TRUE,0.9689999999999941,both,NA
US-CRT,2013,CRO,AmeriFlux,-95.7867,0.959989,6.37031,19.66505,20.6711,TRUE,-108.262,0.968836,6.41977,23.68555,24.5403,TRUE,12.475300000000004,both,NA
US-CS1,2018,CRO,AmeriFlux,NA,NA,NA,NA,NA,FALSE,NA,NA,NA,NA,NA,FALSE,NA,neither,no_value
US-CS1,2019,CRO,AmeriFlux,NA,NA,NA,NA,NA,FALSE,NA,NA,NA,NA,NA,FALSE,NA,neither,no_value
US-CS2,2018,ENF,AmeriFlux,NA,NA,NA,NA,NA,FALSE,NA,NA,NA,NA,NA,FALSE,NA,neither,no_value
US-CS2,2019,ENF,AmeriFlux,NA,NA,NA,NA,NA,FALSE,NA,NA,NA,NA,NA,FALSE,NA,neither,no_value
US-CS2,2020,ENF,AmeriFlux,-672.029,0.79474,6.19918,5.718500000000006,8.43396,TRUE,-663.484,0.802994,6.14248,6.959499999999991,9.28257,TRUE,-8.544999999999959,both,NA
US-CS2,2021,ENF,AmeriFlux,NA,NA,NA,NA,NA,FALSE,NA,NA,NA,NA,NA,FALSE,NA,neither,no_value
US-CS2,2022,ENF,AmeriFlux,NA,NA,NA,NA,NA,FALSE,NA,NA,NA,NA,NA,FALSE,NA,neither,no_value
US-CS3,2019,CRO,AmeriFlux,NA,NA,NA,NA,NA,FALSE,NA,NA,NA,NA,NA,FALSE,NA,neither,no_value
US-CS3,2020,CRO,AmeriFlux,NA,NA,NA,NA,NA,FALSE,NA,NA,NA,NA,NA,FALSE,NA,neither,no_value
US-CS4,2020,CRO,AmeriFlux,NA,NA,NA,NA,NA,FALSE,NA,NA,NA,NA,NA,FALSE,NA,neither,no_value
US-CS4,2021,CRO,AmeriFlux,NA,NA,NA,NA,NA,FALSE,NA,NA,NA,NA,NA,FALSE,NA,neither,no_value
US-CS5,2021,CRO,AmeriFlux,NA,NA,NA,NA,NA,FALSE,NA,NA,NA,NA,NA,FALSE,NA,neither,no_value
US-CS6,2022,CRO,AmeriFlux,NA,NA,NA,NA,NA,FALSE,NA,NA,NA,NA,NA,FALSE,NA,neither,no_value
US-CS6,2023,CRO,AmeriFlux,NA,NA,NA,NA,NA,FALSE,NA,NA,NA,NA,NA,FALSE,NA,neither,no_value
US-CS8,2023,CRO,AmeriFlux,NA,NA,NA,NA,NA,FALSE,NA,NA,NA,NA,NA,FALSE,NA,neither,no_value
US-CdM,2019,WSA,AmeriFlux,NA,NA,NA,NA,NA,FALSE,NA,NA,NA,NA,NA,FALSE,NA,neither,no_value
US-CdM,2020,WSA,AmeriFlux,-141.917,0.893784,1.11849,0.6225000000000023,1.28022,TRUE,-141.004,0.906307,1.12988,1.9470000000000027,2.25111,TRUE,-0.9130000000000109,both,NA
US-CdM,2021,WSA,AmeriFlux,-145.122,0.876769,1.36121,8.966499999999996,9.06924,TRUE,-138.539,0.894692,1.31433,6.30449999999999,6.43992,TRUE,-6.583000000000027,both,NA
US-CdM,2022,WSA,AmeriFlux,-209.571,0.730936,4.31874,7.4765000000000015,8.63428,TRUE,-207.526,0.740011,4.31632,8.62299999999999,9.64305,TRUE,-2.0449999999999875,both,NA
US-CdM,2023,WSA,AmeriFlux,-165.621,0.835502,2.27599,9.915999999999997,10.1737,TRUE,-166.256,0.792237,2.32756,9.796999999999997,10.0698,TRUE,0.6349999999999909,both,NA
US-CdM,2024,WSA,AmeriFlux,-6.18372,0.885474,2.26322,2.2696699999999996,3.20524,TRUE,-17.971800000000002,0.874146,2.05238,12.73484,12.8992,TRUE,11.78808,both,NA
US-Ced,2005,CSH,AmeriFlux,NA,NA,NA,NA,NA,FALSE,NA,NA,NA,NA,NA,FALSE,NA,neither,no_value
US-Ced,2006,CSH,AmeriFlux,-120.15,0.924201,4.24765,4.5595,6.23167,TRUE,-120.524,0.924315,4.25074,4.385000000000005,6.10718,TRUE,0.3739999999999952,both,NA
US-Ced,2007,CSH,AmeriFlux,-17.0331,0.929966,3.89138,13.20383,13.7653,TRUE,-14.2531,0.924658,3.80341,14.340340000000001,14.8361,TRUE,-2.780000000000001,both,NA
US-Ced,2008,CSH,AmeriFlux,-7.10282,0.958789,3.97948,16.176650000000002,16.6589,TRUE,-6.64855,0.95839,3.98063,15.8859,16.3771,TRUE,-0.4542700000000002,both,NA
US-Ced,2009,CSH,AmeriFlux,-139.437,0.94395,5.08993,13.965999999999994,14.8648,TRUE,-139.437,0.94395,5.09,13.156000000000006,14.1062,TRUE,0,both,NA
US-Ced,2010,CSH,AmeriFlux,-141.311,0.917237,4.54357,16.440000000000005,17.0564,TRUE,-147.065,0.923231,4.55834,15.74649999999999,16.3933,TRUE,5.753999999999991,both,NA
US-Ced,2011,CSH,AmeriFlux,-60.5151,0.946062,4.68262,12.2975,13.1588,TRUE,-66.8732,0.949429,4.71265,11.98515,12.8784,TRUE,6.3581,both,NA
US-Ced,2012,CSH,AmeriFlux,-175.811,0.933857,5.37727,6.316499999999991,8.29534,TRUE,-179.619,0.929417,5.35377,6.902999999999992,8.73577,TRUE,3.8079999999999927,both,NA
US-Ced,2013,CSH,AmeriFlux,1.05702,0.898687,5.9577,12.82,14.1367,TRUE,-7.03865,0.89161,5.94565,12.61057,13.9419,TRUE,8.09567,both,NA
US-Ced,2014,CSH,AmeriFlux,-130.714,0.939098,4.27227,7.094000000000001,8.28107,TRUE,-129.371,0.934932,4.28684,6.474499999999999,7.76489,TRUE,-1.3429999999999893,both,NA
US-ChR,2006,DBF,AmeriFlux,-378.675,0.844806,11.8816,99.57799999999997,100.284,TRUE,-410.524,0.840468,12.1267,68.08099999999999,69.1523,TRUE,31.84899999999999,both,NA
US-ChR,2007,DBF,AmeriFlux,-287.297,0.864041,7.88137,51.0385,51.6434,TRUE,-283.153,0.864954,8.12462,40.893,41.6924,TRUE,-4.1440000000000055,both,NA
US-ChR,2008,DBF,AmeriFlux,-546.392,0.895378,10.3961,60.59200000000001,61.4776,TRUE,-508,0.90255,10.3351,57.85650000000004,58.7725,TRUE,-38.39200000000005,both,NA
US-ChR,2009,DBF,AmeriFlux,-722.644,0.920091,14.4737,121.505,122.364,TRUE,-634.393,0.932477,15.4356,92.76050000000004,94.0357,TRUE,-88.25099999999998,both,NA
US-ChR,2010,DBF,AmeriFlux,-557.333,0.901256,10.8945,39.3965,40.8753,TRUE,-570.005,0.907763,11.0244,36.8845,38.4971,TRUE,12.672000000000025,both,NA
US-ChR,2011,DBF,AmeriFlux,-778.247,0.95468,10.8088,169.91400000000004,170.257,TRUE,-788.393,0.948687,10.9316,175.44099999999997,175.781,TRUE,10.146000000000072,both,NA
US-ChR,2012,DBF,AmeriFlux,-865.105,0.891621,17.501,56.00999999999999,58.6801,TRUE,-841.801,0.879098,16.3697,49.91750000000002,52.533,TRUE,-23.303999999999974,both,NA
US-ChR,2013,DBF,AmeriFlux,-1181.84,0.925,11.1454,172.98000000000002,173.34,TRUE,-1216.93,0.914612,11.4348,176.664,177.032,TRUE,35.090000000000146,both,NA
US-ChR,2014,DBF,AmeriFlux,-870.433,0.869292,11.2557,21.11899999999997,23.9312,TRUE,-825.578,0.851313,11.2034,27.997499999999945,30.1559,TRUE,-44.85500000000002,both,NA
US-ChR,2015,DBF,AmeriFlux,-891.251,0.837614,15.7607,54.722500000000025,56.9468,TRUE,-960.732,0.807705,15.6819,65.54849999999999,67.3986,TRUE,69.481,both,NA
US-ChR,2016,DBF,AmeriFlux,-833.335,0.966815,13.3346,141.31949999999995,141.945,TRUE,-971.233,0.927026,11.9586,143.41500000000002,143.914,TRUE,137.8979999999999,both,NA
US-ChR,2017,DBF,AmeriFlux,NA,NA,NA,NA,NA,FALSE,NA,NA,NA,NA,NA,FALSE,NA,neither,no_value
US-ChR,2018,DBF,AmeriFlux,NA,NA,NA,NA,NA,FALSE,NA,NA,NA,NA,NA,FALSE,NA,neither,no_value
US-ChR,2019,DBF,AmeriFlux,-922.487,0.988014,15.8574,136.38549999999998,137.303,TRUE,-1039.17,0.942066,15.1601,144.76649999999995,145.558,TRUE,116.6830000000001,both,NA
US-Cms,1999,WET,AmeriFlux,NA,NA,NA,NA,NA,FALSE,NA,NA,NA,NA,NA,FALSE,NA,neither,no_value
US-Cms,2000,WET,AmeriFlux,NA,NA,NA,NA,NA,FALSE,NA,NA,NA,NA,NA,FALSE,NA,neither,no_value
US-Cms,2001,WET,AmeriFlux,NA,NA,NA,NA,NA,FALSE,NA,NA,NA,NA,NA,FALSE,NA,neither,no_value
US-Cms,2002,WET,AmeriFlux,NA,NA,NA,NA,NA,FALSE,NA,NA,NA,NA,NA,FALSE,NA,neither,no_value
US-Cms,2003,WET,AmeriFlux,-147.48,0.900685,2.21401,11.4435,11.6558,TRUE,-147.509,0.900685,2.21448,11.086500000000008,11.3054,TRUE,0.028999999999996362,both,NA
US-Cms,2004,WET,AmeriFlux,NA,NA,NA,NA,NA,FALSE,NA,NA,NA,NA,NA,FALSE,NA,neither,no_value
US-Cms,2005,WET,AmeriFlux,NA,NA,NA,NA,NA,FALSE,NA,NA,NA,NA,NA,FALSE,NA,neither,no_value
US-Cop,2001,GRA,AmeriFlux,NA,NA,NA,NA,NA,FALSE,NA,NA,NA,NA,NA,FALSE,NA,neither,no_value
US-Cop,2002,GRA,AmeriFlux,-16.0816,0.83379,0.752142,2.07325,2.20543,TRUE,-16.8167,0.852968,0.685266,2.299299999999999,2.39922,TRUE,0.7350999999999992,both,NA
US-Cop,2003,GRA,AmeriFlux,-25.4108,0.769521,0.788356,6.648400000000002,6.69497,TRUE,-31.2036,0.832192,0.78071,6.409250000000002,6.45664,TRUE,5.792800000000003,both,NA
US-Cop,2004,GRA,AmeriFlux,NA,NA,NA,NA,NA,FALSE,NA,NA,NA,NA,NA,FALSE,NA,neither,no_value
US-Cop,2005,GRA,AmeriFlux,NA,NA,NA,NA,NA,FALSE,NA,NA,NA,NA,NA,FALSE,NA,neither,no_value
US-Cop,2006,GRA,AmeriFlux,-14.5204,0.700571,0.663269,0.32894999999999985,0.740369,TRUE,-11.3458,0.634247,0.728461,2.46122,2.56677,TRUE,-3.1746,both,NA
US-Cop,2007,GRA,AmeriFlux,NA,NA,NA,NA,NA,FALSE,NA,NA,NA,NA,NA,FALSE,NA,neither,no_value
US-Cst,2013,ENF,AmeriFlux,NA,NA,NA,NA,NA,FALSE,NA,NA,NA,NA,NA,FALSE,NA,neither,no_value
US-Cst,2014,ENF,AmeriFlux,NA,NA,NA,NA,NA,FALSE,NA,NA,NA,NA,NA,FALSE,NA,neither,no_value
US-Cst,2015,ENF,AmeriFlux,NA,NA,NA,NA,NA,FALSE,NA,NA,NA,NA,NA,FALSE,NA,neither,no_value
US-Cst,2016,ENF,AmeriFlux,-599.274,0.763775,12.3055,32.79249999999999,35.0252,TRUE,-588.121,0.766678,12.9429,33.26299999999998,35.6924,TRUE,-11.15300000000002,both,NA
US-Cst,2017,ENF,AmeriFlux,-502.609,0.921005,7.50501,8.922500000000014,11.6593,TRUE,-506.45,0.923801,7.51571,8.85850000000002,11.6174,TRUE,3.841000000000008,both,NA
US-Cwt,2011,DBF,AmeriFlux,NA,NA,NA,NA,NA,FALSE,152.429,0.761872,26.692,53.235,59.5517,TRUE,NA,CUT_only,NA
US-Cwt,2012,DBF,AmeriFlux,NA,NA,NA,NA,NA,FALSE,291.112,0.810792,26.0121,54.709500000000006,60.5783,TRUE,NA,CUT_only,NA
US-Cwt,2013,DBF,AmeriFlux,NA,NA,NA,NA,NA,FALSE,234.266,0.819863,59.7899,36.2195,69.905,TRUE,NA,CUT_only,NA
US-Cwt,2014,DBF,AmeriFlux,NA,NA,NA,NA,NA,FALSE,323.042,0.797945,NA,43.52999999999999,NA,TRUE,NA,CUT_only,NA
US-Cwt,2015,DBF,AmeriFlux,NA,NA,NA,NA,NA,FALSE,559.268,0.878082,NA,84.83649999999997,NA,TRUE,NA,CUT_only,NA
US-Cwt,2016,DBF,AmeriFlux,NA,NA,NA,NA,NA,FALSE,264.99,0.767418,NA,35.9695,NA,TRUE,NA,CUT_only,NA
US-Cwt,2017,DBF,AmeriFlux,NA,NA,NA,NA,NA,FALSE,NA,NA,NA,NA,NA,FALSE,NA,neither,no_value
US-Cwt,2018,DBF,AmeriFlux,NA,NA,NA,NA,NA,FALSE,619.752,0.879909,NA,43.128499999999974,NA,TRUE,NA,CUT_only,NA
US-Cwt,2019,DBF,AmeriFlux,NA,NA,NA,NA,NA,FALSE,454.292,0.824429,NA,44.06999999999999,NA,TRUE,NA,CUT_only,NA
US-Cwt,2020,DBF,AmeriFlux,NA,NA,NA,NA,NA,FALSE,730.552,0.947632,NA,87.9305,NA,TRUE,NA,CUT_only,NA
US-Cwt,2021,DBF,AmeriFlux,NA,NA,NA,NA,NA,FALSE,-26.1966,0.808333,NA,71.681366,NA,TRUE,NA,CUT_only,NA
US-Cwt,2022,DBF,AmeriFlux,NA,NA,NA,NA,NA,FALSE,384.945,0.932306,NA,50.40099999999998,NA,TRUE,NA,CUT_only,NA
US-Cwt,2023,DBF,AmeriFlux,NA,NA,NA,NA,NA,FALSE,332.156,0.930365,NA,32.30500000000001,NA,TRUE,NA,CUT_only,NA
US-Cwt,2024,DBF,AmeriFlux,NA,NA,NA,NA,NA,FALSE,NA,NA,NA,NA,NA,FALSE,NA,neither,no_value
US-DFC,2018,CRO,AmeriFlux,NA,NA,NA,NA,NA,FALSE,NA,NA,NA,NA,NA,FALSE,NA,neither,no_value
US-DFC,2019,CRO,AmeriFlux,-729.156,0.937329,18.8593,42.5985,46.5865,TRUE,-802.91,0.931279,17.4802,74.02850000000001,76.0641,TRUE,73.75400000000002,both,NA
US-DFC,2020,CRO,AmeriFlux,-407.997,0.815232,14.8626,8.853000000000009,17.2995,TRUE,-406.626,0.796733,14.0286,20.118499999999983,24.5268,TRUE,-1.3710000000000377,both,NA
US-DFC,2021,CRO,AmeriFlux,-380.899,0.708276,15.3758,15.960000000000008,22.1614,TRUE,-397.197,0.720548,15.4723,28.67949999999999,32.5868,TRUE,16.298000000000002,both,NA
US-DFC,2022,CRO,AmeriFlux,-608.32,0.871747,10.5328,21.31099999999998,23.7718,TRUE,-598.037,0.899715,11.2684,21.422500000000014,24.2057,TRUE,-10.283000000000015,both,NA
US-DFC,2023,CRO,AmeriFlux,NA,NA,NA,NA,NA,FALSE,NA,NA,NA,NA,NA,FALSE,NA,neither,no_value
US-DFC,2024,CRO,AmeriFlux,NA,NA,NA,NA,NA,FALSE,NA,NA,NA,NA,NA,FALSE,NA,neither,no_value
US-DFK,2018,CRO,AmeriFlux,NA,NA,NA,NA,NA,FALSE,NA,NA,NA,NA,NA,FALSE,NA,neither,no_value
US-DFK,2019,CRO,AmeriFlux,NA,NA,NA,NA,NA,FALSE,NA,NA,NA,NA,NA,FALSE,NA,neither,no_value
US-DFK,2020,CRO,AmeriFlux,-688.193,0.932036,12.1854,42.541499999999985,44.2524,TRUE,-688.193,0.932036,12.1854,42.541499999999985,44.2524,TRUE,0,both,NA
US-DPW,2013,WET,AmeriFlux,NA,NA,NA,NA,NA,FALSE,NA,NA,NA,NA,NA,FALSE,NA,neither,no_value
US-DPW,2014,WET,AmeriFlux,-100.651,0.991895,5.98772,85.80395,86.0124,TRUE,-129.045,0.990183,4.99691,85.79695,85.9425,TRUE,28.39399999999999,both,NA
US-DPW,2015,WET,AmeriFlux,-233.078,0.986016,3.43024,72.214,72.2955,TRUE,-176.392,0.992751,4.85901,75.28864999999999,75.4451,TRUE,-56.68600000000001,both,NA
US-DPW,2016,WET,AmeriFlux,-406.609,0.571892,6.96321,68.97049999999999,69.3215,TRUE,-286.395,0.682377,7.45248,68.9545,69.356,TRUE,-120.214,both,NA
US-DS1,2018,CRO,AmeriFlux,NA,NA,NA,NA,NA,FALSE,NA,NA,NA,NA,NA,FALSE,NA,neither,no_value
US-DS1,2019,CRO,AmeriFlux,177.57,0.951826,10.2157,69.47749999999999,70.2249,TRUE,NA,NA,NA,NA,NA,FALSE,NA,VUT_only,NA
US-DS2,2020,CRO,AmeriFlux,NA,NA,NA,NA,NA,FALSE,NA,NA,NA,NA,NA,FALSE,NA,neither,no_value
US-DS2,2021,CRO,AmeriFlux,931.61,0.873288,5.90467,163.46700000000004,163.574,TRUE,852.686,0.908333,5.60691,140.1805,140.293,TRUE,78.92399999999998,both,NA
US-DS2,2022,CRO,AmeriFlux,784.381,0.789498,6.53998,104.96050000000002,105.164,TRUE,730.624,0.840811,6.43637,143.1135,143.258,TRUE,53.75699999999995,both,NA
US-DS2,2023,CRO,AmeriFlux,NA,NA,NA,NA,NA,FALSE,NA,NA,NA,NA,NA,FALSE,NA,neither,no_value
US-DS3,2021,CRO,AmeriFlux,NA,NA,NA,NA,NA,FALSE,NA,NA,NA,NA,NA,FALSE,NA,neither,no_value
US-DS3,2022,CRO,AmeriFlux,145.208,0.939726,5.10256,43.457699999999996,43.7562,TRUE,189.066,0.907192,4.90014,51.8054,52.0368,TRUE,-43.858000000000004,both,NA
US-DS3,2023,CRO,AmeriFlux,60.4463,0.827397,4.78786,6.627300000000002,8.17585,TRUE,64.8311,0.810331,4.65832,13.2742,14.0678,TRUE,-4.384800000000006,both,NA
US-DS3,2024,CRO,AmeriFlux,323.818,0.840676,7.42346,13.972499999999997,15.8219,TRUE,348.571,0.827015,7.74888,13.920999999999992,15.9325,TRUE,-24.753000000000043,both,NA
US-DS3,2025,CRO,AmeriFlux,NA,NA,NA,NA,NA,FALSE,NA,NA,NA,NA,NA,FALSE,NA,neither,no_value
US-Dix,2005,MF,AmeriFlux,-36.7568,0.851541,4.11726,30.926099999999998,31.199,TRUE,-59.7819,0.870662,3.98953,30.48885,30.7487,TRUE,23.025100000000002,both,NA
US-Dix,2006,MF,AmeriFlux,46.2801,0.909989,3.65939,26.226799999999997,26.4809,TRUE,38.4264,0.91718,3.63647,26.687050000000003,26.9337,TRUE,7.853699999999996,both,NA
US-Dix,2007,MF,AmeriFlux,86.5206,0.806564,3.56762,19.33775,19.6641,TRUE,73.2489,0.81621,3.6471,15.074750000000002,15.5096,TRUE,13.271699999999996,both,NA
US-Dix,2008,MF,AmeriFlux,NA,NA,NA,NA,NA,FALSE,NA,NA,NA,NA,NA,FALSE,NA,neither,no_value
US-Dk1,2001,GRA,AmeriFlux,NA,NA,NA,NA,NA,FALSE,NA,NA,NA,NA,NA,FALSE,NA,neither,no_value
US-Dk1,2002,GRA,AmeriFlux,167.607,0.89355,7.14019,23.552000000000007,24.6105,TRUE,145.854,0.769635,8.34286,22.6565,24.1438,TRUE,21.752999999999986,both,NA
US-Dk1,2003,GRA,AmeriFlux,-86.6377,0.960616,8.35843,13.433799999999998,15.8219,TRUE,-339.771,0.814098,8.8945,51.767100000000006,52.5257,TRUE,253.13330000000002,both,NA
US-Dk1,2004,GRA,AmeriFlux,63.1184,0.947803,7.5182,10.799199999999999,13.1585,TRUE,24.1762,0.799351,8.16834,21.304150000000003,22.8164,TRUE,38.9422,both,NA
US-Dk1,2005,GRA,AmeriFlux,225.617,0.761244,7.85822,37.9075,38.7134,TRUE,210.543,0.621575,5.53204,32.21549999999999,32.6873,TRUE,15.073999999999984,both,NA
US-Dk1,2006,GRA,AmeriFlux,22.9824,0.977226,38.0754,157.4435,161.982,TRUE,194.825,0.842295,39.16,64.83625,75.7445,TRUE,-171.8426,both,NA
US-Dk1,2007,GRA,AmeriFlux,57.5398,0.946233,11.1442,58.402249999999995,59.4561,TRUE,27.5932,0.926484,11.5458,23.723200000000006,26.3837,TRUE,29.9466,both,NA
US-Dk1,2008,GRA,AmeriFlux,NA,NA,NA,NA,NA,FALSE,NA,NA,NA,NA,NA,FALSE,NA,neither,no_value
US-Dk2,2001,DBF,AmeriFlux,NA,NA,NA,NA,NA,FALSE,NA,NA,NA,NA,NA,FALSE,NA,neither,no_value
US-Dk2,2002,DBF,AmeriFlux,-1005.43,0.974715,18.5409,80.29849999999999,82.4129,TRUE,-942.719,0.979452,18.659,85.79350000000005,87.7988,TRUE,-62.7109999999999,both,NA
US-Dk2,2003,DBF,AmeriFlux,-812.008,0.978082,15.9657,57.47999999999996,59.6559,TRUE,-814.316,0.979338,16.258,99.11400000000003,100.439,TRUE,2.3079999999999927,both,NA
US-Dk2,2004,DBF,AmeriFlux,-847.932,0.985314,14.5787,39.62900000000002,42.2255,TRUE,-833.708,0.986282,14.6349,96.13399999999996,97.2416,TRUE,-14.224000000000046,both,NA
US-Dk2,2005,DBF,AmeriFlux,-948.503,0.975685,11.7337,55.13099999999997,56.3658,TRUE,-881.8,0.982934,13.2236,67.15950000000004,68.4488,TRUE,-66.70300000000009,both,NA
US-Dk2,2006,DBF,AmeriFlux,-900.837,0.946005,12.6202,30.517999999999972,33.0247,TRUE,-882.343,0.959075,11.8684,35.793499999999995,37.7099,TRUE,-18.494000000000028,both,NA
US-Dk2,2007,DBF,AmeriFlux,-987.069,0.948858,9.8552,38.54150000000004,39.7817,TRUE,-898.72,0.966267,10.6225,32.20400000000001,33.9106,TRUE,-88.34899999999993,both,NA
US-Dk2,2008,DBF,AmeriFlux,-1132.3,0.980248,10.0436,46.65499999999997,47.7221,TRUE,-1073.7,0.991405,11.5989,28.855000000000018,31.1026,TRUE,-58.59999999999991,both,NA
US-Dk3,2001,ENF,AmeriFlux,NA,NA,NA,NA,NA,FALSE,NA,NA,NA,NA,NA,FALSE,NA,neither,no_value
US-Dk3,2002,ENF,AmeriFlux,-300.355,0.91855,16.7858,42.4915,45.687,TRUE,-301.83,0.918094,16.6956,39.952999999999975,43.3008,TRUE,1.474999999999966,both,NA
US-Dk3,2003,ENF,AmeriFlux,-687.585,0.957534,18.6923,53.28550000000001,56.469,TRUE,-682.819,0.957135,18.7157,54.00749999999999,57.1586,TRUE,-4.766000000000076,both,NA
US-Dk3,2004,ENF,AmeriFlux,-897.54,0.97763,14.7771,74.59300000000002,76.0427,TRUE,-908.606,0.97615,14.882,68.26350000000002,69.8671,TRUE,11.066000000000031,both,NA
US-Dk3,2005,ENF,AmeriFlux,-1279.97,0.974486,14.7275,43.379999999999995,45.8113,TRUE,-1273.93,0.972717,14.7445,36.434999999999945,39.3079,TRUE,-6.039999999999964,both,NA
US-Dk3,2006,ENF,AmeriFlux,-1364.9,0.94121,14.8316,34.944999999999936,37.9652,TRUE,-1364.9,0.941781,14.6799,36.25999999999999,39.1181,TRUE,0,both,NA
US-Dk3,2007,ENF,AmeriFlux,-1249.56,0.97363,12.8536,26.43500000000006,29.3933,TRUE,-1247.23,0.971119,12.7092,23.600000000000023,26.8044,TRUE,-2.3299999999999272,both,NA
US-Dk3,2008,ENF,AmeriFlux,NA,NA,NA,NA,NA,FALSE,NA,NA,NA,NA,NA,FALSE,NA,neither,no_value
US-Dmg,2021,WET,AmeriFlux,NA,NA,NA,NA,NA,FALSE,NA,NA,NA,NA,NA,FALSE,NA,neither,no_value
US-Dmg,2022,WET,AmeriFlux,-806.064,0.973402,4.59103,27.208000000000027,27.5925,TRUE,-803.516,0.970034,4.58825,21.229000000000042,21.7194,TRUE,-2.548000000000002,both,NA
US-Dmg,2023,WET,AmeriFlux,-734.231,0.94903,4.194,8.881000000000029,9.82154,TRUE,-731.521,0.950742,4.21457,6.4325000000000045,7.69021,TRUE,-2.7100000000000364,both,NA
US-Dmg,2024,WET,AmeriFlux,-699.423,0.955316,4.29006,6.1720000000000255,7.51655,TRUE,-698.237,0.952755,4.24275,6.360500000000002,7.64551,TRUE,-1.1860000000000355,both,NA
US-Dmg,2025,WET,AmeriFlux,-586.22,0.885959,4.3411,16.737000000000023,17.291,TRUE,-600.754,0.878425,4.24818,24.108000000000004,24.4792,TRUE,14.533999999999992,both,NA
US-EA4,2021,MF,AmeriFlux,NA,NA,NA,NA,NA,FALSE,NA,NA,NA,NA,NA,FALSE,NA,neither,no_value
US-EA4,2022,MF,AmeriFlux,NA,NA,NA,NA,NA,FALSE,NA,NA,NA,NA,NA,FALSE,NA,neither,no_value
US-EA4,2023,MF,AmeriFlux,NA,NA,NA,NA,NA,FALSE,48.133,0.948744,4.22002,3.302150000000001,5.35846,TRUE,NA,CUT_only,NA
US-EA4,2024,MF,AmeriFlux,NA,NA,NA,NA,NA,FALSE,NA,NA,NA,NA,NA,FALSE,NA,neither,no_value
US-EA4,2025,MF,AmeriFlux,NA,NA,NA,NA,NA,FALSE,NA,NA,NA,NA,NA,FALSE,NA,neither,no_value
US-EA5,2021,CSH,AmeriFlux,NA,NA,NA,NA,NA,FALSE,NA,NA,NA,NA,NA,FALSE,NA,neither,no_value
US-EA5,2022,CSH,AmeriFlux,-88.08,0.965297,3.06393,42.13169,42.243,TRUE,NA,NA,NA,NA,NA,FALSE,NA,VUT_only,NA
US-EA6,2023,WSA,AmeriFlux,NA,NA,NA,NA,NA,FALSE,NA,NA,NA,NA,NA,FALSE,NA,neither,no_value
US-EDN,2018,WET,AmeriFlux,NA,NA,NA,NA,NA,FALSE,NA,NA,NA,NA,NA,FALSE,NA,neither,no_value
US-EDN,2019,WET,AmeriFlux,-500.676,0.905479,3.65156,3.366500000000002,4.96677,TRUE,-487.895,0.89726,3.53005,7.701999999999998,8.47259,TRUE,-12.781000000000006,both,NA
US-EDN,2020,WET,AmeriFlux,NA,NA,NA,NA,NA,FALSE,NA,NA,NA,NA,NA,FALSE,NA,neither,no_value
US-EDN,2021,WET,AmeriFlux,-485.516,0.877511,3.28495,8.498999999999995,9.11195,TRUE,-470.503,0.872717,3.2141,37.8545,37.9907,TRUE,-15.013000000000034,both,NA
US-EDN,2022,WET,AmeriFlux,-417.825,0.721975,3.78519,35.16300000000001,35.366,TRUE,-418.075,0.721918,3.78584,50.26600000000002,50.4083,TRUE,0.25,both,NA
US-EDN,2023,WET,AmeriFlux,NA,NA,NA,NA,NA,FALSE,NA,NA,NA,NA,NA,FALSE,NA,neither,no_value
US-EDN,2024,WET,AmeriFlux,-465.797,0.869991,3.47671,26.28450000000001,26.5132,TRUE,-505.8,0.888035,3.69631,32.091499999999996,32.3035,TRUE,40.002999999999986,both,NA
US-EKH,2022,WET,AmeriFlux,NA,NA,NA,NA,NA,FALSE,NA,NA,NA,NA,NA,FALSE,NA,neither,no_value
US-EKH,2023,WET,AmeriFlux,-211.117,0.816267,11.3738,3.576499999999996,11.923,TRUE,-209.163,0.816267,11.29,3.664999999999992,11.8701,TRUE,-1.9539999999999793,both,NA
US-EKH,2024,WET,AmeriFlux,-162.487,0.974442,NA,11.182999999999993,NA,TRUE,-159.572,0.974898,NA,8.46350000000001,NA,TRUE,-2.914999999999992,both,NA
US-EKN,2023,WET,AmeriFlux,NA,NA,NA,NA,NA,FALSE,NA,NA,NA,NA,NA,FALSE,NA,neither,no_value
US-EKN,2024,WET,AmeriFlux,-223.54,0.886043,3.19498,9.137,9.67956,TRUE,NA,NA,NA,NA,NA,FALSE,NA,VUT_only,NA
US-EKP,2022,WET,AmeriFlux,NA,NA,NA,NA,NA,FALSE,NA,NA,NA,NA,NA,FALSE,NA,neither,no_value
US-EKP,2023,WET,AmeriFlux,NA,NA,NA,NA,NA,FALSE,NA,NA,NA,NA,NA,FALSE,NA,neither,no_value
US-EKP,2024,WET,AmeriFlux,-109.061,0.985599,7.76536,21.544900000000002,22.9018,TRUE,-124,0.989868,8.47267,27.789750000000005,29.0529,TRUE,14.938999999999993,both,NA
US-EML,2008,OSH,AmeriFlux,NA,NA,NA,NA,NA,FALSE,NA,NA,NA,NA,NA,FALSE,NA,neither,no_value
US-EML,2009,OSH,AmeriFlux,NA,NA,NA,NA,NA,FALSE,NA,NA,NA,NA,NA,FALSE,NA,neither,no_value
US-EML,2010,OSH,AmeriFlux,NA,NA,NA,NA,NA,FALSE,NA,NA,NA,NA,NA,FALSE,NA,neither,no_value
US-EML,2011,OSH,AmeriFlux,-84.6295,0.942637,3.42364,5.371849999999995,6.37006,TRUE,-73.829,0.927226,3.10615,7.646950000000004,8.25373,TRUE,-10.8005,both,NA
US-EML,2012,OSH,AmeriFlux,-56.6147,0.96283,3.98117,3.2848000000000006,5.16137,TRUE,-51.7211,0.948258,3.72563,13.822,14.3153,TRUE,-4.893599999999999,both,NA
US-EML,2013,OSH,AmeriFlux,-87.6118,0.942922,6.51684,4.173550000000006,7.7387,TRUE,-87.4193,0.939612,6.29308,5.6863500000000045,8.48158,TRUE,-0.19249999999999545,both,NA
US-EML,2014,OSH,AmeriFlux,75.6826,0.870662,4.17838,7.652799999999999,8.71922,TRUE,77.4144,0.87089,4.18034,5.6092999999999975,6.99566,TRUE,-1.731800000000007,both,NA
US-EML,2015,OSH,AmeriFlux,NA,NA,NA,NA,NA,FALSE,NA,NA,NA,NA,NA,FALSE,NA,neither,no_value
US-EML,2016,OSH,AmeriFlux,NA,NA,NA,NA,NA,FALSE,NA,NA,NA,NA,NA,FALSE,NA,neither,no_value
US-EML,2017,OSH,AmeriFlux,36.1902,0.752911,2.25193,18.566650000000003,18.7027,TRUE,24.1685,0.763071,2.40767,32.328250000000004,32.4178,TRUE,12.021699999999996,both,NA
US-EML,2018,OSH,AmeriFlux,39.6036,0.733619,2.39036,22.47745,22.6042,TRUE,24.7828,0.739612,2.54176,34.09995,34.1945,TRUE,14.820799999999998,both,NA
US-EML,2019,OSH,AmeriFlux,-6.11266,0.699829,3.23701,24.009,24.2263,TRUE,-15.0768,0.703653,3.28629,32.4736,32.6394,TRUE,8.96414,both,NA
US-EML,2020,OSH,AmeriFlux,NA,NA,NA,NA,NA,FALSE,NA,NA,NA,NA,NA,FALSE,NA,neither,no_value
US-EML,2021,OSH,AmeriFlux,7.29397,0.813242,4.03211,13.91665,14.489,TRUE,2.05399,0.81661,4.08435,21.589100000000002,21.9721,TRUE,5.239979999999999,both,NA
US-EML,2022,OSH,AmeriFlux,NA,NA,NA,NA,NA,FALSE,NA,NA,NA,NA,NA,FALSE,NA,neither,no_value
US-EML,2023,OSH,AmeriFlux,NA,NA,NA,NA,NA,FALSE,NA,NA,NA,NA,NA,FALSE,NA,neither,no_value
US-Elm,2008,WET,AmeriFlux,NA,NA,NA,NA,NA,FALSE,NA,NA,NA,NA,NA,FALSE,NA,neither,no_value
US-Elm,2009,WET,AmeriFlux,93.2543,0.979452,6.33445,54.23715,54.6058,TRUE,98.2839,0.9625,7.74914,45.363585,46.0207,TRUE,-5.029600000000002,both,NA
US-Elm,2010,WET,AmeriFlux,-89.5463,0.952854,4.39922,11.59185,12.3987,TRUE,-93.4051,0.94766,3.96309,8.3902,9.27913,TRUE,3.8588000000000022,both,NA
US-Elm,2011,WET,AmeriFlux,-13.0015,0.931849,3.42267,88.79575,88.8616,TRUE,0.525524,0.939783,3.48256,44.631,44.7667,TRUE,-13.527024,both,NA
US-Elm,2012,WET,AmeriFlux,35.4569,0.940517,6.1018,17.880455,18.8929,TRUE,12.7441,0.934369,4.22909,15.356755,15.9284,TRUE,22.712799999999998,both,NA
US-Elm,2013,WET,AmeriFlux,-103.155,0.935731,7.63751,12.642799999999994,14.7707,TRUE,-105.995,0.934589,7.64382,11.5381,13.8404,TRUE,2.8400000000000034,both,NA
US-Elm,2014,WET,AmeriFlux,NA,NA,NA,NA,NA,FALSE,NA,NA,NA,NA,NA,FALSE,NA,neither,no_value
US-Elm,2015,WET,AmeriFlux,-305.512,0.543436,10.7786,128.351,128.803,TRUE,-234.319,0.612043,11.2306,105.434,106.03,TRUE,-71.19300000000001,both,NA
US-Elm,2016,WET,AmeriFlux,-139.48,0.979224,4.07395,17.139999999999993,17.6175,TRUE,-143.728,0.979224,4.06479,16.86050000000001,17.3436,TRUE,4.248000000000019,both,NA
US-Elm,2017,WET,AmeriFlux,-51.1109,0.840696,3.06651,NA,42.2781,TRUE,-34.1053,0.846062,3.21999,37.7449,37.882,TRUE,-17.0056,both,NA
US-Elm,2018,WET,AmeriFlux,-144.416,0.926027,2.96525,29.868500000000004,30.0149,TRUE,-153.005,0.925285,2.83201,33.27615,33.3964,TRUE,8.588999999999999,both,NA
US-Elm,2019,WET,AmeriFlux,-11.424,0.984989,2.88921,16.385575,16.6384,TRUE,-12.2172,0.983904,2.84972,17.790535,18.0173,TRUE,0.7932000000000006,both,NA
US-Elm,2020,WET,AmeriFlux,NA,NA,NA,NA,NA,FALSE,NA,NA,NA,NA,NA,FALSE,NA,neither,no_value
US-Elm,2021,WET,AmeriFlux,-7.86769,0.994521,2.921,20.95995,21.1625,TRUE,-24.4044,0.989498,2.79324,39.80135,39.8993,TRUE,16.53671,both,NA
US-Elm,2022,WET,AmeriFlux,165.855,0.997032,3.64121,5.660499999999999,6.73052,TRUE,164.987,0.996005,3.60563,6.334999999999994,7.28959,TRUE,0.867999999999995,both,NA
US-Elm,2023,WET,AmeriFlux,NA,NA,NA,NA,NA,FALSE,NA,NA,NA,NA,NA,FALSE,NA,neither,no_value
US-Elm,2024,WET,AmeriFlux,NA,NA,NA,NA,NA,FALSE,NA,NA,NA,NA,NA,FALSE,NA,neither,no_value
US-Esm,2008,WET,AmeriFlux,-66.8453,0.98207,4.30576,12.027500000000003,12.775,TRUE,-63.3415,0.972222,4.17902,32.29985,32.5692,TRUE,-3.503799999999991,both,NA
US-Esm,2009,WET,AmeriFlux,-21.1287,0.985217,5.41629,13.986329999999999,14.9985,TRUE,-20.9306,0.980308,4.82715,36.447065,36.7653,TRUE,-0.19810000000000016,both,NA
US-Esm,2010,WET,AmeriFlux,-50.0464,0.983333,3.95574,3.2708000000000013,5.13283,TRUE,-49.0892,0.973687,3.50725,8.744600000000002,9.42168,TRUE,-0.9572000000000003,both,NA
US-Esm,2011,WET,AmeriFlux,-140.97,0.905137,5.98391,10.287499999999994,11.9014,TRUE,-102.213,0.891096,4.66013,14.084499999999991,14.8355,TRUE,-38.757000000000005,both,NA
US-Esm,2012,WET,AmeriFlux,-67.8802,0.948543,6.95805,25.949650000000002,26.8663,TRUE,-82.2795,0.941883,6.04415,18.011,18.9981,TRUE,14.399299999999997,both,NA
US-Esm,2013,WET,AmeriFlux,-190.81,0.728938,6.67284,10.856500000000011,12.7435,TRUE,-310.746,0.722489,5.09416,72.82799999999999,73.006,TRUE,119.93599999999998,both,NA
US-Esm,2014,WET,AmeriFlux,NA,NA,NA,NA,NA,FALSE,NA,NA,NA,NA,NA,FALSE,NA,neither,no_value
US-Esm,2015,WET,AmeriFlux,NA,NA,NA,NA,NA,FALSE,NA,NA,NA,NA,NA,FALSE,NA,neither,no_value
US-Esm,2016,WET,AmeriFlux,-178.19,0.824909,2.78954,25.2885,25.4422,TRUE,-185.362,0.822575,2.70732,23.391999999999996,23.5484,TRUE,7.171999999999997,both,NA
US-Esm,2017,WET,AmeriFlux,-146.474,0.842409,2.34304,36.446200000000005,36.5216,TRUE,-131.947,0.849772,2.46958,34.240449999999996,34.3292,TRUE,-14.526999999999987,both,NA
US-Esm,2018,WET,AmeriFlux,-229.229,0.983733,3.43393,56.47949999999999,56.5836,TRUE,-266.737,0.977283,3.20922,47.534499999999994,47.643,TRUE,37.50800000000001,both,NA
US-Esm,2019,WET,AmeriFlux,-234.663,0.948116,2.97699,47.614000000000004,47.7068,TRUE,-251.791,0.942123,2.89241,44.43799999999999,44.5317,TRUE,17.127999999999986,both,NA
US-Esm,2020,WET,AmeriFlux,-39.0426,0.986566,3.33392,43.17655,43.3053,TRUE,-52.7578,0.985542,3.21147,38.612700000000004,38.746,TRUE,13.715200000000003,both,NA
US-Esm,2021,WET,AmeriFlux,-55.4896,0.949315,3.10429,15.056749999999997,15.3734,TRUE,-71.2212,0.948002,3.01851,13.483250000000002,13.817,TRUE,15.731599999999993,both,NA
US-Esm,2022,WET,AmeriFlux,-140.247,0.958219,3.08932,36.320499999999996,36.4512,TRUE,-144.006,0.956963,3.01167,23.2175,23.4118,TRUE,3.758999999999986,both,NA
US-Esm,2023,WET,AmeriFlux,-89.0146,0.74121,4.25345,189.605,189.653,TRUE,-131.876,0.728995,4.10622,94.4803,94.5695,TRUE,42.8614,both,NA
US-Esm,2024,WET,AmeriFlux,-455.203,0.642361,3.52469,258.636735,258.661,TRUE,-150.949,0.775899,3.70404,112.1803,112.241,TRUE,-304.25399999999996,both,NA
US-EvM,2020,WET,AmeriFlux,NA,NA,NA,NA,NA,FALSE,NA,NA,NA,NA,NA,FALSE,NA,neither,no_value
US-EvM,2021,WET,AmeriFlux,-43.8667,0.95645,2.39463,3.1151000000000018,3.9291,TRUE,-43.3357,0.956621,2.39709,3.2616000000000014,4.04771,TRUE,-0.5309999999999988,both,NA
US-EvM,2022,WET,AmeriFlux,-115.598,0.956221,2.2441,11.7635,11.9758,TRUE,-118.547,0.953995,2.2376,11.419499999999992,11.6362,TRUE,2.948999999999998,both,NA
US-EvM,2023,WET,AmeriFlux,NA,NA,NA,NA,NA,FALSE,NA,NA,NA,NA,NA,FALSE,NA,neither,no_value
US-Fcr,2011,OSH,AmeriFlux,NA,NA,NA,NA,NA,FALSE,NA,NA,NA,NA,NA,FALSE,NA,neither,no_value
US-Fcr,2012,OSH,AmeriFlux,NA,NA,NA,NA,NA,FALSE,NA,NA,NA,NA,NA,FALSE,NA,neither,no_value
US-Fcr,2013,OSH,AmeriFlux,78.6753,0.82266,1.1676,6.6663,6.7678,TRUE,78.6753,0.82266,1.1676,6.6663,6.7678,TRUE,0,both,NA
US-Fcr,2014,OSH,AmeriFlux,NA,NA,NA,NA,NA,FALSE,NA,NA,NA,NA,NA,FALSE,NA,neither,no_value
US-Fmf,2005,ENF,AmeriFlux,NA,NA,NA,NA,NA,FALSE,NA,NA,NA,NA,NA,FALSE,NA,neither,no_value
US-Fmf,2006,ENF,AmeriFlux,30.6105,0.841724,3.70475,30.4985,30.7227,TRUE,29.7987,0.844977,3.53354,20.349695,20.6542,TRUE,0.8117999999999981,both,NA
US-Fmf,2007,ENF,AmeriFlux,225.035,0.900742,3.63951,32.912000000000006,33.1125,TRUE,211.645,0.911986,3.47904,36.53800000000001,36.703,TRUE,13.389999999999986,both,NA
US-Fmf,2008,ENF,AmeriFlux,10.1019,0.91291,3.51425,15.671515,16.0607,TRUE,3.12511,0.917976,3.53309,17.52605,17.8786,TRUE,6.976790000000001,both,NA
US-Fmf,2009,ENF,AmeriFlux,-14.4986,0.92403,2.73,20.086415000000002,20.2711,TRUE,-18.0018,0.925628,2.77613,24.794755,24.9497,TRUE,3.5031999999999996,both,NA
US-Fmf,2010,ENF,AmeriFlux,-91.8131,0.929566,2.94203,21.218649999999997,21.4215,TRUE,-92.0313,0.934132,2.99572,22.5212,22.7194,TRUE,0.21819999999999595,both,NA
US-Fo1,2013,WET,AmeriFlux,NA,NA,NA,NA,NA,FALSE,NA,NA,NA,NA,NA,FALSE,NA,neither,no_value
US-Fo1,2014,WET,AmeriFlux,NA,NA,NA,NA,NA,FALSE,NA,NA,NA,NA,NA,FALSE,NA,neither,no_value
US-Fo1,2015,WET,AmeriFlux,NA,NA,NA,NA,NA,FALSE,NA,NA,NA,NA,NA,FALSE,NA,neither,no_value
US-Fo1,2016,WET,AmeriFlux,NA,NA,NA,NA,NA,FALSE,NA,NA,NA,NA,NA,FALSE,NA,neither,no_value
US-Fo1,2017,WET,AmeriFlux,NA,NA,NA,NA,NA,FALSE,NA,NA,NA,NA,NA,FALSE,NA,neither,no_value
US-Fo1,2018,WET,AmeriFlux,NA,NA,NA,NA,NA,FALSE,NA,NA,NA,NA,NA,FALSE,NA,neither,no_value
US-Fo1,2019,WET,AmeriFlux,NA,NA,NA,NA,NA,FALSE,NA,NA,NA,NA,NA,FALSE,NA,neither,no_value
US-Fo1,2020,WET,AmeriFlux,NA,NA,NA,NA,NA,FALSE,NA,NA,NA,NA,NA,FALSE,NA,neither,no_value
US-Fo1,2021,WET,AmeriFlux,NA,NA,NA,NA,NA,FALSE,NA,NA,NA,NA,NA,FALSE,NA,neither,no_value
US-Fo1,2022,WET,AmeriFlux,NA,NA,NA,NA,NA,FALSE,NA,NA,NA,NA,NA,FALSE,NA,neither,no_value
US-Fo1,2023,WET,AmeriFlux,NA,NA,NA,NA,NA,FALSE,NA,NA,NA,NA,NA,FALSE,NA,neither,no_value
US-Fo1,2024,WET,AmeriFlux,NA,NA,NA,NA,NA,FALSE,NA,NA,NA,NA,NA,FALSE,NA,neither,no_value
US-Fo2,2023,WET,AmeriFlux,NA,NA,NA,NA,NA,FALSE,NA,NA,NA,NA,NA,FALSE,NA,neither,no_value
US-Fo2,2024,WET,AmeriFlux,NA,NA,NA,NA,NA,FALSE,NA,NA,NA,NA,NA,FALSE,NA,neither,no_value
US-Fuf,2005,ENF,AmeriFlux,NA,NA,NA,NA,NA,FALSE,NA,NA,NA,NA,NA,FALSE,NA,neither,no_value
US-Fuf,2006,ENF,AmeriFlux,-225.916,0.920548,4.04264,84.4051,84.5019,TRUE,-76.6793,0.875856,2.94566,31.908850000000008,32.0445,TRUE,-149.23669999999998,both,NA
US-Fuf,2007,ENF,AmeriFlux,-3.55147,0.984132,3.51401,72.50174999999999,72.5868,TRUE,83.1642,0.94726,2.79339,51.759899999999995,51.8352,TRUE,-86.71566999999999,both,NA
US-Fuf,2008,ENF,AmeriFlux,-72.9697,0.926856,3.57367,25.703599999999998,25.9508,TRUE,-30.3348,0.890995,3.08607,30.78,30.9343,TRUE,-42.6349,both,NA
US-Fuf,2009,ENF,AmeriFlux,NA,NA,NA,NA,NA,FALSE,NA,NA,NA,NA,NA,FALSE,NA,neither,no_value
US-Fuf,2010,ENF,AmeriFlux,-90.4239,0.865868,4.08947,56.7872,56.9343,TRUE,-57.2018,0.836587,3.85519,39.04820000000001,39.2381,TRUE,-33.222100000000005,both,NA
US-Fwf,2005,GRA,AmeriFlux,NA,NA,NA,NA,NA,FALSE,NA,NA,NA,NA,NA,FALSE,NA,neither,no_value
US-Fwf,2006,GRA,AmeriFlux,95.2224,0.970491,1.92721,4.731349999999999,5.10878,TRUE,95.2227,0.970491,1.92716,5.081800000000001,5.43496,TRUE,-3.0000000000995897e-4,both,NA
US-Fwf,2007,GRA,AmeriFlux,63.7674,0.980879,1.86964,1.4420500000000018,2.36118,TRUE,65.4175,0.981792,1.96044,1.189149999999998,2.2929,TRUE,-1.650100000000002,both,NA
US-Fwf,2008,GRA,AmeriFlux,82.2662,0.800262,1.96267,1.2553999999999945,2.32983,TRUE,81.8653,0.802823,1.99683,2.7789,3.42192,TRUE,0.40089999999999293,both,NA
US-Fwf,2009,GRA,AmeriFlux,40.9989,0.981393,1.6878,2.3520499999999984,2.89497,TRUE,40.4175,0.983619,1.72422,2.4405,2.98816,TRUE,0.5814000000000021,both,NA
US-Fwf,2010,GRA,AmeriFlux,64.9559,0.966952,2.02469,4.991,5.38603,TRUE,64.8439,0.96661,1.99564,5.016300000000001,5.39869,TRUE,0.11199999999999477,both,NA
US-GLE,2005,ENF,AmeriFlux,NA,NA,NA,NA,NA,FALSE,NA,NA,NA,NA,NA,FALSE,NA,neither,no_value
US-GLE,2006,ENF,AmeriFlux,-87.6669,0.902568,6.19676,106.324,106.504,TRUE,47.4562,0.790068,6.12808,128.00799999999998,128.155,TRUE,-135.1231,both,NA
US-GLE,2007,ENF,AmeriFlux,174.616,0.743094,3.96368,189.12935000000002,189.171,TRUE,177.446,0.781221,3.83647,112.63317,112.698,TRUE,-2.829999999999984,both,NA
US-GLE,2008,ENF,AmeriFlux,175.415,0.741633,3.24819,127.20139999999998,127.243,TRUE,129.869,0.835952,3.61749,68.04105,68.1369,TRUE,45.54599999999999,both,NA
US-GLE,2009,ENF,AmeriFlux,306.253,0.859247,4.06743,110.88,110.954,TRUE,293.529,0.864555,4.04926,114.369,114.441,TRUE,12.72399999999999,both,NA
US-GLE,2010,ENF,AmeriFlux,341.714,0.890297,2.65285,56.59899999999999,56.661,TRUE,380.798,0.848059,2.61419,67.792,67.8426,TRUE,-39.084,both,NA
US-GLE,2011,ENF,AmeriFlux,120.142,0.920947,2.80568,8.098999999999997,8.57161,TRUE,113.746,0.854795,2.91529,8.900500000000001,9.3659,TRUE,6.396000000000001,both,NA
US-GLE,2012,ENF,AmeriFlux,-24.0644,0.943932,3.12006,4.927050000000001,5.83187,TRUE,-19.7975,0.874943,3.26564,6.104000000000001,6.92264,TRUE,-4.2669,both,NA
US-GLE,2013,ENF,AmeriFlux,-9.75326,0.918037,3.06647,16.31965,16.6053,TRUE,-34.0558,0.838642,3.09809,20.02513,20.2634,TRUE,24.30254,both,NA
US-GLE,2014,ENF,AmeriFlux,12.2168,0.949201,4.164,8.67215,9.62004,TRUE,41.2709,0.884874,3.75446,21.29421,21.6227,TRUE,-29.0541,both,NA
US-GLE,2015,ENF,AmeriFlux,-125.314,0.936758,3.03244,12.590500000000006,12.9506,TRUE,-103.95,0.863185,2.84684,24.1774,24.3443,TRUE,-21.36399999999999,both,NA
US-GLE,2016,ENF,AmeriFlux,-186.42,0.915414,2.69437,16.432999999999993,16.6524,TRUE,-168.683,0.845344,2.6127,16.26899999999999,16.4776,TRUE,-17.736999999999995,both,NA
US-GLE,2017,ENF,AmeriFlux,-280.409,0.923516,2.98044,13.67049999999999,13.9917,TRUE,-255.543,0.836929,2.89413,13.756500000000003,14.0576,TRUE,-24.865999999999985,both,NA
US-GLE,2018,ENF,AmeriFlux,-57.193,0.93613,3.35098,44.233450000000005,44.3604,TRUE,-62.1053,0.891438,3.39084,31.3388,31.5218,TRUE,4.912300000000002,both,NA
US-GLE,2019,ENF,AmeriFlux,5.45763,0.964384,4.24611,27.288415,27.6168,TRUE,-7.06779,0.911815,4.5896,27.86168,28.2372,TRUE,12.52542,both,NA
US-GLE,2020,ENF,AmeriFlux,NA,NA,NA,NA,NA,FALSE,NA,NA,NA,NA,NA,FALSE,NA,neither,no_value
US-HB1,2018,WET,AmeriFlux,-372.193,0.902626,4.65177,139.638,139.715,TRUE,-352.076,0.911187,4.62,135.787,135.866,TRUE,-20.116999999999962,both,NA
US-HB1,2019,WET,AmeriFlux,NA,NA,NA,NA,NA,FALSE,NA,NA,NA,NA,NA,FALSE,NA,neither,no_value
US-HB1,2020,WET,AmeriFlux,-524.172,0.975865,5.44299,117.79749999999999,117.923,TRUE,-504.695,0.980191,5.52698,119.70349999999999,119.831,TRUE,-19.477000000000032,both,NA
US-HB1,2021,WET,AmeriFlux,-444.759,0.949372,4.23941,141.19299999999998,141.257,TRUE,-451.955,0.963813,4.40492,148.561,148.626,TRUE,7.1959999999999695,both,NA
US-HB1,2022,WET,AmeriFlux,-349.637,0.970776,4.48636,102.209,102.307,TRUE,-345.579,0.973459,4.47899,110.82000000000001,110.91,TRUE,-4.057999999999993,both,NA
US-HB1,2023,WET,AmeriFlux,-269.786,0.867523,4.94035,129.80945,129.904,TRUE,-260.402,0.858961,4.8895,115.24355,115.347,TRUE,-9.384000000000015,both,NA
US-HB1,2024,WET,AmeriFlux,-346.931,0.977971,5.02851,104.85200000000002,104.972,TRUE,-364.959,0.966132,4.68988,74.16550000000001,74.3135,TRUE,18.02800000000002,both,NA
US-HB2,2018,ENF,AmeriFlux,NA,NA,NA,NA,NA,FALSE,NA,NA,NA,NA,NA,FALSE,NA,neither,no_value
US-HB2,2019,ENF,AmeriFlux,-713.727,0.945205,8.79177,26.17700000000002,27.6138,TRUE,-811.831,0.919235,8.68682,162.5915,162.825,TRUE,98.10400000000004,both,NA
US-HB2,2020,ENF,AmeriFlux,-800.203,0.954975,9.91194,22.747500000000002,24.8131,TRUE,-867.557,0.928051,8.4585,53.261000000000024,53.9287,TRUE,67.35400000000004,both,NA
US-HB2,2021,ENF,AmeriFlux,-851.458,0.974543,8.91251,38.524,39.5412,TRUE,-897.48,0.954852,8.21029,102.64099999999996,102.968,TRUE,46.02200000000005,both,NA
US-HB2,2022,ENF,AmeriFlux,-469.833,0.914555,7.1909,40.86300000000003,41.4907,TRUE,-509.184,0.893721,7.09262,48.57850000000002,49.0934,TRUE,39.351,both,NA
US-HB2,2023,ENF,AmeriFlux,-320.239,0.93613,9.32848,30.920000000000016,32.2966,TRUE,-308.08,0.944863,9.29531,36.073999999999984,37.2522,TRUE,-12.158999999999992,both,NA
US-HB2,2024,ENF,AmeriFlux,-268.821,0.950364,7.09667,23.103499999999997,24.169,TRUE,-282.556,0.973133,7.32751,29.88899999999998,30.7741,TRUE,13.734999999999957,both,NA
US-HB3,2019,ENF,AmeriFlux,227.658,0.966895,7.00342,29.50099999999999,30.3207,TRUE,220.098,0.966039,6.90682,32.923500000000004,33.6398,TRUE,7.559999999999974,both,NA
US-HB3,2020,ENF,AmeriFlux,69.3466,0.981387,9.22461,34.48910000000001,35.7014,TRUE,59.7508,0.979964,9.02194,37.001000000000005,38.085,TRUE,9.595799999999997,both,NA
US-HB3,2021,ENF,AmeriFlux,76.2321,0.968779,7.44616,16.314550000000004,17.9335,TRUE,60.6018,0.965868,7.10865,22.1639,23.276,TRUE,15.630300000000005,both,NA
US-HB3,2022,ENF,AmeriFlux,52.8713,0.976199,5.14194,22.2852,22.8707,TRUE,49.0843,0.975342,5.11645,24.497049999999998,25.0256,TRUE,3.786999999999999,both,NA
US-HB3,2023,ENF,AmeriFlux,-113.993,0.974087,7.69749,22.800199999999997,24.0646,TRUE,-111.251,0.97637,7.80267,19.0539,20.5898,TRUE,-2.7419999999999902,both,NA
US-HB3,2024,ENF,AmeriFlux,-324.071,0.981671,7.01359,11.113499999999988,13.1415,TRUE,-312.829,0.984119,7.16415,15.949999999999989,17.485,TRUE,-11.242000000000019,both,NA
US-HB4,2020,WET,AmeriFlux,NA,NA,NA,NA,NA,FALSE,NA,NA,NA,NA,NA,FALSE,NA,neither,no_value
US-HB4,2021,WET,AmeriFlux,-311.276,0.962614,5.22807,91.37899999999999,91.5287,TRUE,-313.028,0.961815,5.23101,88.8185,88.9727,TRUE,1.7520000000000095,both,NA
US-HB4,2022,WET,AmeriFlux,-77.3561,0.986301,4.70291,43.478995,43.7326,TRUE,-79.1275,0.98516,4.68696,42.2098,42.4692,TRUE,1.7713999999999999,both,NA
US-HB4,2023,WET,AmeriFlux,-201.79,0.969806,6.05706,52.550999999999995,52.8988,TRUE,-204.3,0.969064,6.02289,55.28699999999999,55.6144,TRUE,2.5100000000000193,both,NA
US-HB4,2024,WET,AmeriFlux,-150.141,0.992202,6.72196,57.39935,57.7916,TRUE,-148.865,0.992657,6.7594,59.42935,59.8123,TRUE,-1.275999999999982,both,NA
US-HBK,2016,DBF,AmeriFlux,NA,NA,NA,NA,NA,FALSE,NA,NA,NA,NA,NA,FALSE,NA,neither,no_value
US-HBK,2017,DBF,AmeriFlux,NA,NA,NA,NA,NA,FALSE,NA,NA,NA,NA,NA,FALSE,NA,neither,no_value
US-HBK,2018,DBF,AmeriFlux,-536.849,0.759247,13.307,31.07249999999999,33.8023,TRUE,-520.895,0.758505,13.4366,32.091499999999996,34.7912,TRUE,-15.954000000000065,both,NA
US-HBK,2019,DBF,AmeriFlux,-632.801,0.964155,10.0961,9.684500000000014,13.9899,TRUE,-634.933,0.964498,10.1853,9.478500000000054,13.9136,TRUE,2.131999999999948,both,NA
US-HBK,2020,DBF,AmeriFlux,NA,NA,NA,NA,NA,FALSE,NA,NA,NA,NA,NA,FALSE,NA,neither,no_value
US-HBK,2021,DBF,AmeriFlux,NA,NA,NA,NA,NA,FALSE,NA,NA,NA,NA,NA,FALSE,NA,neither,no_value
US-HBK,2022,DBF,AmeriFlux,-543.024,0.949429,8.84723,16.502499999999998,18.7247,TRUE,-539.894,0.954509,9.27104,15.323500000000024,17.91,TRUE,-3.1299999999999955,both,NA
US-HBK,2023,DBF,AmeriFlux,NA,NA,NA,NA,NA,FALSE,NA,NA,NA,NA,NA,FALSE,NA,neither,no_value
US-HBK,2024,DBF,AmeriFlux,NA,NA,NA,NA,NA,FALSE,NA,NA,NA,NA,NA,FALSE,NA,neither,no_value
US-HRA,2015,CRO,AmeriFlux,NA,NA,NA,NA,NA,FALSE,NA,NA,NA,NA,NA,FALSE,NA,neither,no_value
US-HRA,2016,CRO,AmeriFlux,NA,NA,NA,NA,NA,FALSE,NA,NA,NA,NA,NA,FALSE,NA,neither,no_value
US-HRA,2017,CRO,AmeriFlux,NA,NA,NA,NA,NA,FALSE,NA,NA,NA,NA,NA,FALSE,NA,neither,no_value
US-HRA,2018,CRO,AmeriFlux,-578.056,0.521005,8.39742,12.576499999999953,15.1222,TRUE,-577.31,0.522774,8.40379,8.723000000000013,12.1124,TRUE,-0.7460000000000946,both,NA
US-HRA,2019,CRO,AmeriFlux,NA,NA,NA,NA,NA,FALSE,NA,NA,NA,NA,NA,FALSE,NA,neither,no_value
US-HRA,2020,CRO,AmeriFlux,NA,NA,NA,NA,NA,FALSE,NA,NA,NA,NA,NA,FALSE,NA,neither,no_value
US-HRA,2021,CRO,AmeriFlux,NA,NA,NA,NA,NA,FALSE,NA,NA,NA,NA,NA,FALSE,NA,neither,no_value
US-HRA,2022,CRO,AmeriFlux,-434.316,0.623973,10.3261,30.460499999999996,32.1632,TRUE,-456.401,0.632763,11.0619,29.84050000000002,31.8248,TRUE,22.085000000000036,both,NA
US-HRA,2023,CRO,AmeriFlux,-522.134,0.628368,2.31306,73.11650000000003,73.1528,TRUE,-520.94,0.639669,2.66088,59.77950000000001,59.8388,TRUE,-1.19399999999996,both,NA
US-HRA,2024,CRO,AmeriFlux,NA,NA,NA,NA,NA,FALSE,NA,NA,NA,NA,NA,FALSE,NA,neither,no_value
US-HRC,2015,CRO,AmeriFlux,NA,NA,NA,NA,NA,FALSE,NA,NA,NA,NA,NA,FALSE,NA,neither,no_value
US-HRC,2016,CRO,AmeriFlux,NA,NA,NA,NA,NA,FALSE,NA,NA,NA,NA,NA,FALSE,NA,neither,no_value
US-HRC,2017,CRO,AmeriFlux,NA,NA,NA,NA,NA,FALSE,NA,NA,NA,NA,NA,FALSE,NA,neither,no_value
US-HRC,2018,CRO,AmeriFlux,-582.602,0.46113,5.62356,34.75550000000004,35.2074,FALSE,-569.969,0.458562,5.63068,34.129999999999995,34.5914,FALSE,-12.632999999999925,neither,fails_qc
US-HRC,2019,CRO,AmeriFlux,NA,NA,NA,NA,NA,FALSE,NA,NA,NA,NA,NA,FALSE,NA,neither,no_value
US-HRC,2020,CRO,AmeriFlux,NA,NA,NA,NA,NA,FALSE,NA,NA,NA,NA,NA,FALSE,NA,neither,no_value
US-HRC,2021,CRO,AmeriFlux,NA,NA,NA,NA,NA,FALSE,NA,NA,NA,NA,NA,FALSE,NA,neither,no_value
US-HRC,2022,CRO,AmeriFlux,-321.756,0.611244,9.22804,34.8835,36.0835,TRUE,-324.91,0.609532,9.22739,52.522999999999996,53.3274,TRUE,3.154000000000053,both,NA
US-HRC,2023,CRO,AmeriFlux,-586.073,0.437272,3.90841,47.33450000000002,47.4952,FALSE,-531.355,0.428596,3.6574,49.54449999999997,49.679,FALSE,-54.71799999999996,neither,fails_qc
US-HRC,2024,CRO,AmeriFlux,NA,NA,NA,NA,NA,FALSE,NA,NA,NA,NA,NA,FALSE,NA,neither,no_value
US-HVs,1995,WET,AmeriFlux,NA,NA,NA,NA,NA,FALSE,NA,NA,NA,NA,NA,FALSE,NA,neither,no_value
US-HWB,2015,CVM,AmeriFlux,NA,NA,NA,NA,NA,FALSE,NA,NA,NA,NA,NA,FALSE,NA,neither,no_value
US-HWB,2016,CVM,AmeriFlux,-208.646,0.976093,14.0746,203.1474,203.634,TRUE,-166.972,0.951047,12.9319,215.59625,215.984,TRUE,-41.67399999999998,both,NA
US-HWB,2017,CVM,AmeriFlux,349.462,0.889041,11.1951,218.1098,218.397,TRUE,333.169,0.885274,10.9038,205.39894999999999,205.688,TRUE,16.293000000000006,both,NA
US-HWB,2018,CVM,AmeriFlux,NA,NA,NA,NA,NA,FALSE,NA,NA,NA,NA,NA,FALSE,NA,neither,no_value
US-Ha1,1991,DBF,AmeriFlux,NA,NA,NA,NA,NA,FALSE,NA,NA,NA,NA,NA,FALSE,NA,neither,no_value
US-Ha1,1992,DBF,AmeriFlux,-140.026,0.801002,7.03657,21.67,22.7838,TRUE,-105.877,0.772655,8.06695,27.411150000000006,28.5737,TRUE,-34.149000000000015,both,NA
US-Ha1,1993,DBF,AmeriFlux,-125.035,0.779452,12.675,68.80605,69.9637,TRUE,-63.1015,0.762557,14.6477,113.9983,114.936,TRUE,-61.933499999999995,both,NA
US-Ha1,1994,DBF,AmeriFlux,-145.197,0.852626,7.47023,49.67575,50.2343,TRUE,-150.059,0.854909,7.38265,48.127250000000004,48.69,TRUE,4.861999999999995,both,NA
US-Ha1,1995,DBF,AmeriFlux,-175.873,0.825685,8.34269,69.393,69.8929,TRUE,-198.18,0.850685,8.53017,53.111999999999995,53.793,TRUE,22.307000000000016,both,NA
US-Ha1,1996,DBF,AmeriFlux,21.7991,0.836862,7.97795,106.90335,107.2,TRUE,-44.2033,0.873975,7.84887,85.23855,85.599,TRUE,66.0024,both,NA
US-Ha1,1997,DBF,AmeriFlux,-34.5589,0.77637,8.50596,91.82545,92.2186,TRUE,-46.2573,0.782877,8.35591,82.56354999999999,82.9852,TRUE,11.6984,both,NA
US-Ha1,1998,DBF,AmeriFlux,-70.1662,0.847032,8.52619,42.219145,43.0715,TRUE,-50.8125,0.838014,8.26237,49.293555000000005,49.9812,TRUE,-19.353700000000003,both,NA
US-Ha1,1999,DBF,AmeriFlux,-158.511,0.807877,8.61778,35.4675,36.4997,TRUE,-115.726,0.774543,9.49653,60.684400000000004,61.4229,TRUE,-42.785,both,NA
US-Ha1,2000,DBF,AmeriFlux,-219.004,0.866006,8.45434,34.447,35.4695,TRUE,-205.957,0.850296,7.34314,44.8605,45.4574,TRUE,-13.046999999999997,both,NA
US-Ha1,2001,DBF,AmeriFlux,-347.901,0.837671,6.30591,14.316000000000003,15.6433,TRUE,-358.588,0.82968,6.16953,16.999499999999983,18.0844,TRUE,10.687000000000012,both,NA
US-Ha1,2002,DBF,AmeriFlux,-193.651,0.710845,11.5327,50.32950000000001,51.6339,TRUE,-195.676,0.709018,11.5378,64.708,65.7287,TRUE,2.0249999999999773,both,NA
US-Ha1,2003,DBF,AmeriFlux,-134.161,0.732763,5.61253,52.487,52.7864,TRUE,-112.904,0.726027,5.60539,42.57149999999999,42.9391,TRUE,-21.257000000000005,both,NA
US-Ha1,2004,DBF,AmeriFlux,-449.926,0.92327,9.00849,28.99800000000002,30.3647,TRUE,-441.947,0.910291,9.37126,38.01600000000002,39.1541,TRUE,-7.978999999999985,both,NA
US-Ha1,2005,DBF,AmeriFlux,-444.796,0.643265,5.18311,24.578000000000003,25.1186,TRUE,-437.492,0.649543,5.15319,31.00200000000001,31.4274,TRUE,-7.303999999999974,both,NA
US-Ha1,2006,DBF,AmeriFlux,-401.708,0.908676,7.17439,28.906499999999994,29.7834,TRUE,-401.708,0.908676,7.17301,31.650499999999994,32.4532,TRUE,0,both,NA
US-Ha1,2007,DBF,AmeriFlux,-482.661,0.748973,9.56126,27.72750000000002,29.3298,TRUE,-477.073,0.741324,9.56367,42.76349999999999,43.8198,TRUE,-5.588000000000022,both,NA
US-Ha1,2008,DBF,AmeriFlux,-603.236,0.755009,9.40736,22.031000000000006,23.9552,TRUE,-598.86,0.697063,11.48,31.375,33.4093,TRUE,-4.375999999999976,both,NA
US-Ha1,2009,DBF,AmeriFlux,34.6545,0.699429,7.85318,197.87675000000002,198.032,TRUE,-161.588,0.853196,7.85756,154.78305,154.983,TRUE,196.2425,both,NA
US-Ha1,2010,DBF,AmeriFlux,454.403,0.819292,12.1209,236.9261,237.236,TRUE,346.602,0.898402,14.623,183.29194999999999,183.874,TRUE,107.80100000000004,both,NA
US-Ha1,2011,DBF,AmeriFlux,178.946,0.840525,15.6514,134.6713,135.578,TRUE,71.5696,0.932763,12.5256,62.66341,63.903,TRUE,107.3764,both,NA
US-Ha1,2012,DBF,AmeriFlux,-127.325,0.840505,11.0108,118.3964,118.907,TRUE,-209.31,0.873748,10.4989,114.21625000000002,114.698,TRUE,81.985,both,NA
US-Ha1,2013,DBF,AmeriFlux,-153.797,0.848973,11.2578,30.328999999999994,32.3506,TRUE,-175.048,0.889726,10.5879,30.836,32.6029,TRUE,21.251000000000005,both,NA
US-Ha1,2014,DBF,AmeriFlux,-357.47,0.876142,8.25111,37.27850000000001,38.1809,TRUE,-365.783,0.887443,8.72242,38.886499999999984,39.8526,TRUE,8.312999999999988,both,NA
US-Ha1,2015,DBF,AmeriFlux,-126.47,0.868379,12.1772,46.96955,48.5225,TRUE,-129.67,0.871461,12.0378,77.2543,78.1863,TRUE,3.1999999999999886,both,NA
US-Ha1,2016,DBF,AmeriFlux,-462.622,0.921107,8.59322,47.414999999999964,48.1871,TRUE,-473.766,0.9227,8.69081,49.400000000000006,50.1583,TRUE,11.144000000000005,both,NA
US-Ha1,2017,DBF,AmeriFlux,-311.524,0.919178,8.02208,20.562999999999988,22.0723,TRUE,-309.425,0.903196,8.3228,22.7115,24.1887,TRUE,-2.0989999999999895,both,NA
US-Ha1,2018,DBF,AmeriFlux,-484.824,0.882306,8.03019,15.371999999999986,17.343,TRUE,-476.202,0.897831,8.17482,13.880500000000012,16.1089,TRUE,-8.622000000000014,both,NA
US-Ha1,2019,DBF,AmeriFlux,-558.052,0.894521,7.51856,19.417500000000018,20.8226,TRUE,-543.826,0.914498,7.52149,19.435000000000002,20.8398,TRUE,-14.225999999999999,both,NA
US-Ha1,2020,DBF,AmeriFlux,-275.729,0.904941,11.5581,43.42199999999998,44.9339,TRUE,-278.644,0.907673,11.4888,44.58550000000001,46.0421,TRUE,2.9150000000000205,both,NA
US-Ha1,2021,DBF,AmeriFlux,-316.517,0.894635,7.05539,10.293499999999995,12.4795,TRUE,-324.161,0.879452,7.2446,9.977000000000004,12.3296,TRUE,7.6440000000000055,both,NA
US-Ha1,2022,DBF,AmeriFlux,-454.027,0.914612,7.21824,8.527999999999992,11.1728,TRUE,-455.022,0.909132,7.5351,22.476,23.7053,TRUE,0.9950000000000045,both,NA
US-Ha1,2023,DBF,AmeriFlux,-562.662,0.907877,6.57958,14.779499999999985,16.1777,TRUE,-579.921,0.89726,4.69473,18.355999999999995,18.9464,TRUE,17.259000000000015,both,NA
US-Ha1,2024,DBF,AmeriFlux,-576.974,0.92475,7.64647,9.675999999999988,12.333,TRUE,-577.216,0.909153,7.77178,8.843999999999994,11.7738,TRUE,0.2419999999999618,both,NA
US-Ha1,2025,DBF,AmeriFlux,NA,NA,NA,NA,NA,FALSE,NA,NA,NA,NA,NA,FALSE,NA,neither,no_value
US-Hn2,2015,GRA,AmeriFlux,NA,NA,NA,NA,NA,FALSE,NA,NA,NA,NA,NA,FALSE,NA,neither,no_value
US-Hn2,2016,GRA,AmeriFlux,NA,NA,NA,NA,NA,FALSE,NA,NA,NA,NA,NA,FALSE,NA,neither,no_value
US-Hn2,2017,GRA,AmeriFlux,NA,NA,NA,NA,NA,FALSE,NA,NA,NA,NA,NA,FALSE,NA,neither,no_value
US-Hn2,2018,GRA,AmeriFlux,NA,NA,NA,NA,NA,FALSE,NA,NA,NA,NA,NA,FALSE,NA,neither,no_value
US-Hn3,2017,OSH,AmeriFlux,NA,NA,NA,NA,NA,FALSE,NA,NA,NA,NA,NA,FALSE,NA,neither,no_value
US-Hn3,2018,OSH,AmeriFlux,NA,NA,NA,NA,NA,FALSE,NA,NA,NA,NA,NA,FALSE,NA,neither,no_value
US-Ho2,1999,ENF,AmeriFlux,NA,NA,NA,NA,NA,FALSE,-308.239,0.964612,NA,13.430499999999995,NA,TRUE,NA,CUT_only,NA
US-Ho2,2000,ENF,AmeriFlux,NA,NA,NA,NA,NA,FALSE,-331.841,0.980817,NA,10.22150000000002,NA,TRUE,NA,CUT_only,NA
US-Ho2,2001,ENF,AmeriFlux,NA,NA,NA,NA,NA,FALSE,-330.24,0.863185,NA,6.253999999999991,NA,TRUE,NA,CUT_only,NA
US-Ho2,2002,ENF,AmeriFlux,NA,NA,NA,NA,NA,FALSE,-333.683,0.727511,9.37596,11.4555,14.803,TRUE,NA,CUT_only,NA
US-Ho2,2003,ENF,AmeriFlux,NA,NA,NA,NA,NA,FALSE,-287.556,0.883847,5.89522,16.027000000000015,17.0768,TRUE,NA,CUT_only,NA
US-Ho2,2004,ENF,AmeriFlux,NA,NA,NA,NA,NA,FALSE,-270.825,0.884278,5.24099,6.5504999999999995,8.38942,TRUE,NA,CUT_only,NA
US-Ho2,2005,ENF,AmeriFlux,NA,NA,NA,NA,NA,FALSE,-305.332,0.708619,6.90671,4.414500000000004,8.19708,TRUE,NA,CUT_only,NA
US-Ho2,2006,ENF,AmeriFlux,NA,NA,NA,NA,NA,FALSE,-272.584,0.826199,6.41174,10.859000000000009,12.6107,TRUE,NA,CUT_only,NA
US-Ho2,2007,ENF,AmeriFlux,NA,NA,NA,NA,NA,FALSE,-308.738,0.958847,NA,4.731999999999999,NA,TRUE,NA,CUT_only,NA
US-Ho2,2008,ENF,AmeriFlux,NA,NA,NA,NA,NA,FALSE,-287.154,0.934312,6.98554,9.201999999999998,11.5534,TRUE,NA,CUT_only,NA
US-Ho2,2009,ENF,AmeriFlux,NA,NA,NA,NA,NA,FALSE,-436.571,0.812443,5.87359,8.348500000000001,10.2076,TRUE,NA,CUT_only,NA
US-Ho2,2010,ENF,AmeriFlux,NA,NA,NA,NA,NA,FALSE,-408.608,0.871689,5.56185,4.6754999999999995,7.26577,TRUE,NA,CUT_only,NA
US-Ho2,2011,ENF,AmeriFlux,NA,NA,NA,NA,NA,FALSE,-270.346,0.825057,7.07905,9.336999999999989,11.7171,TRUE,NA,CUT_only,NA
US-Ho2,2012,ENF,AmeriFlux,NA,NA,NA,NA,NA,FALSE,-415.631,0.958276,NA,9.774499999999989,NA,TRUE,NA,CUT_only,NA
US-Ho2,2013,ENF,AmeriFlux,NA,NA,NA,NA,NA,FALSE,-464.054,0.879395,NA,24.24799999999999,NA,TRUE,NA,CUT_only,NA
US-Ho2,2014,ENF,AmeriFlux,NA,NA,NA,NA,NA,FALSE,-410.256,0.896918,9.2931,6.887500000000017,11.5674,TRUE,NA,CUT_only,NA
US-Ho2,2015,ENF,AmeriFlux,NA,NA,NA,NA,NA,FALSE,NA,NA,NA,NA,NA,FALSE,NA,neither,no_value
US-Ho2,2016,ENF,AmeriFlux,NA,NA,NA,NA,NA,FALSE,-378.083,0.973816,5.93086,14.423000000000002,15.5948,TRUE,NA,CUT_only,NA
US-Ho2,2017,ENF,AmeriFlux,NA,NA,NA,NA,NA,FALSE,-439.868,0.944749,6.50388,32.22900000000001,32.8788,TRUE,NA,CUT_only,NA
US-Ho2,2018,ENF,AmeriFlux,NA,NA,NA,NA,NA,FALSE,-500.991,0.85097,9.0895,12.241499999999974,15.2471,TRUE,NA,CUT_only,NA
US-Ho2,2019,ENF,AmeriFlux,NA,NA,NA,NA,NA,FALSE,NA,NA,NA,NA,NA,FALSE,NA,neither,no_value
US-Ho2,2020,ENF,AmeriFlux,NA,NA,NA,NA,NA,FALSE,-323.62,0.932889,6.34663,10.586999999999989,12.3435,TRUE,NA,CUT_only,NA
US-Ho2,2021,ENF,AmeriFlux,NA,NA,NA,NA,NA,FALSE,-304.689,0.976084,6.28405,5.60299999999998,8.41905,TRUE,NA,CUT_only,NA
US-Ho2,2022,ENF,AmeriFlux,NA,NA,NA,NA,NA,FALSE,-328.73,0.984989,5.76342,13.203000000000003,14.4058,TRUE,NA,CUT_only,NA
US-Ho2,2023,ENF,AmeriFlux,NA,NA,NA,NA,NA,FALSE,-251.97,0.817066,6.47228,12.463499999999996,14.0436,TRUE,NA,CUT_only,NA
US-Ho2,2024,ENF,AmeriFlux,NA,NA,NA,NA,NA,FALSE,-465.945,0.944672,5.12677,6.594500000000011,8.35304,TRUE,NA,CUT_only,NA
US-Ho2,2025,ENF,AmeriFlux,NA,NA,NA,NA,NA,FALSE,NA,NA,NA,NA,NA,FALSE,NA,neither,no_value
US-Ho3,2003,ENF,AmeriFlux,NA,NA,NA,NA,NA,FALSE,NA,NA,NA,NA,NA,FALSE,NA,neither,no_value
US-Ho3,2004,ENF,AmeriFlux,NA,NA,NA,NA,NA,FALSE,-114.567,0.766393,5.61986,30.900500000000008,31.4075,TRUE,NA,CUT_only,NA
US-Ho3,2005,ENF,AmeriFlux,NA,NA,NA,NA,NA,FALSE,-172.529,0.566724,6.70002,7.272999999999996,9.88849,TRUE,NA,CUT_only,NA
US-Ho3,2006,ENF,AmeriFlux,NA,NA,NA,NA,NA,FALSE,-271.594,0.775171,8.09899,20.012500000000003,21.5894,TRUE,NA,CUT_only,NA
US-Ho3,2007,ENF,AmeriFlux,NA,NA,NA,NA,NA,FALSE,-313.622,0.711644,8.10486,23.709000000000003,25.0563,TRUE,NA,CUT_only,NA
US-Ho3,2008,ENF,AmeriFlux,NA,NA,NA,NA,NA,FALSE,-321.76,0.688468,6.07378,13.464499999999987,14.7709,TRUE,NA,CUT_only,NA
US-Ho3,2009,ENF,AmeriFlux,NA,NA,NA,NA,NA,FALSE,NA,NA,NA,NA,NA,FALSE,NA,neither,no_value
US-Ho3,2010,ENF,AmeriFlux,NA,NA,NA,NA,NA,FALSE,-287.75,0.73339,7.35402,45.47949999999999,46.0705,TRUE,NA,CUT_only,NA
US-Ho3,2011,ENF,AmeriFlux,NA,NA,NA,NA,NA,FALSE,NA,NA,NA,NA,NA,FALSE,NA,neither,no_value
US-Ho3,2012,ENF,AmeriFlux,NA,NA,NA,NA,NA,FALSE,NA,NA,NA,NA,NA,FALSE,NA,neither,no_value
US-Ho3,2013,ENF,AmeriFlux,NA,NA,NA,NA,NA,FALSE,NA,NA,NA,NA,NA,FALSE,NA,neither,no_value
US-Ho3,2014,ENF,AmeriFlux,NA,NA,NA,NA,NA,FALSE,NA,NA,NA,NA,NA,FALSE,NA,neither,no_value
US-Ho3,2015,ENF,AmeriFlux,NA,NA,NA,NA,NA,FALSE,NA,NA,NA,NA,NA,FALSE,NA,neither,no_value
US-Ho3,2016,ENF,AmeriFlux,NA,NA,NA,NA,NA,FALSE,NA,NA,NA,NA,NA,FALSE,NA,neither,no_value
US-Ho3,2017,ENF,AmeriFlux,NA,NA,NA,NA,NA,FALSE,NA,NA,NA,NA,NA,FALSE,NA,neither,no_value
US-Ho3,2018,ENF,AmeriFlux,NA,NA,NA,NA,NA,FALSE,NA,NA,NA,NA,NA,FALSE,NA,neither,no_value
US-Ho3,2019,ENF,AmeriFlux,NA,NA,NA,NA,NA,FALSE,NA,NA,NA,NA,NA,FALSE,NA,neither,no_value
US-Ho3,2020,ENF,AmeriFlux,NA,NA,NA,NA,NA,FALSE,NA,NA,NA,NA,NA,FALSE,NA,neither,no_value
US-Ho3,2021,ENF,AmeriFlux,NA,NA,NA,NA,NA,FALSE,NA,NA,NA,NA,NA,FALSE,NA,neither,no_value
US-Hsm,2021,WET,AmeriFlux,NA,NA,NA,NA,NA,FALSE,NA,NA,NA,NA,NA,FALSE,NA,neither,no_value
US-Hsm,2022,WET,AmeriFlux,479.148,0.837329,2.35072,58.644000000000005,58.6907,TRUE,357.952,0.975057,2.98009,60.303,60.3768,TRUE,121.19600000000003,both,NA
US-Hsm,2023,WET,AmeriFlux,340.767,0.907705,2.87628,45.843999999999994,45.9342,TRUE,278.875,0.981963,3.19726,108.73349999999996,108.781,TRUE,61.891999999999996,both,NA
US-Hsm,2024,WET,AmeriFlux,320.014,0.885872,2.75516,22.226,22.3962,TRUE,272.741,0.969376,3.12219,63.166,63.2431,TRUE,47.273000000000025,both,NA
US-Hsm,2025,WET,AmeriFlux,278.47,0.89532,3.03342,33.4725,33.6098,TRUE,234.836,0.963242,3.28035,94.18,94.2372,TRUE,43.634000000000015,both,NA
US-IAB,2019,CRO,AmeriFlux,NA,NA,NA,NA,NA,FALSE,NA,NA,NA,NA,NA,FALSE,NA,neither,no_value
US-IAB,2020,CRO,AmeriFlux,-45.5391,0.805385,5.05262,17.248699999999996,17.9735,TRUE,-44.7665,0.798554,5.02571,10.820250000000001,11.9305,TRUE,-0.7725999999999971,both,NA
US-IAB,2021,CRO,AmeriFlux,NA,NA,NA,NA,NA,FALSE,NA,NA,NA,NA,NA,FALSE,NA,neither,no_value
US-IAB,2022,CRO,AmeriFlux,-577.648,0.791724,5.7269,18.652000000000044,19.5113,TRUE,-580.729,0.782763,5.57942,19.11099999999999,19.909,TRUE,3.0810000000000173,both,NA
US-IAB,2023,CRO,AmeriFlux,-102.282,0.850913,6.60284,14.771149999999999,16.1799,TRUE,-113.04,0.838185,6.50744,19.974050000000005,21.0075,TRUE,10.75800000000001,both,NA
US-IAB,2024,CRO,AmeriFlux,NA,NA,NA,NA,NA,FALSE,NA,NA,NA,NA,NA,FALSE,NA,neither,no_value
US-IAC,2019,CRO,AmeriFlux,NA,NA,NA,NA,NA,FALSE,NA,NA,NA,NA,NA,FALSE,NA,neither,no_value
US-IAC,2020,CRO,AmeriFlux,-448.357,0.908925,7.8439,5.7479999999999905,9.72435,TRUE,-448.747,0.912682,7.87392,5.319500000000005,9.50226,TRUE,0.38999999999998636,both,NA
US-IAC,2021,CRO,AmeriFlux,-86.6082,0.895205,7.21707,15.015250000000002,16.6597,TRUE,-95.0281,0.908904,7.19,8.978650000000002,11.5027,TRUE,8.419899999999998,both,NA
US-IAC,2022,CRO,AmeriFlux,-268.662,0.742352,10.0489,8.595999999999975,13.2239,TRUE,-270.642,0.74024,10.1232,8.274000000000001,13.0744,TRUE,1.9800000000000182,both,NA
US-IAC,2023,CRO,AmeriFlux,-740.403,0.864669,7.52721,18.54000000000002,20.0096,TRUE,-740.075,0.864897,7.53171,17.068499999999972,18.6566,TRUE,-0.32799999999997453,both,NA
US-IAC,2024,CRO,AmeriFlux,NA,NA,NA,NA,NA,FALSE,NA,NA,NA,NA,NA,FALSE,NA,neither,no_value
US-IAM,2019,CRO,AmeriFlux,NA,NA,NA,NA,NA,FALSE,NA,NA,NA,NA,NA,FALSE,NA,neither,no_value
US-IAM,2020,CRO,AmeriFlux,-704.007,0.895833,11.281,22.05000000000001,24.7684,TRUE,-691.11,0.922188,10.3343,21.40949999999998,23.7731,TRUE,-12.896999999999935,both,NA
US-IAM,2021,CRO,AmeriFlux,-26.6309,0.844406,17.7544,28.225475,33.3451,TRUE,-60.0425,0.888242,17.2945,74.19715,76.1863,TRUE,33.41159999999999,both,NA
US-IAM,2022,CRO,AmeriFlux,-867.988,0.798174,8.59866,9.680499999999995,12.9479,TRUE,-858.542,0.827626,8.83193,8.066499999999962,11.961,TRUE,-9.446000000000026,both,NA
US-IAM,2023,CRO,AmeriFlux,NA,NA,NA,NA,NA,FALSE,NA,NA,NA,NA,NA,FALSE,NA,neither,no_value
US-IAM,2024,CRO,AmeriFlux,NA,NA,NA,NA,NA,FALSE,NA,NA,NA,NA,NA,FALSE,NA,neither,no_value
US-ICh,2007,OSH,AmeriFlux,NA,NA,NA,NA,NA,FALSE,NA,NA,NA,NA,NA,FALSE,NA,neither,no_value
US-ICh,2008,OSH,AmeriFlux,NA,NA,NA,NA,NA,FALSE,NA,NA,NA,NA,NA,FALSE,NA,neither,no_value
US-ICh,2009,OSH,AmeriFlux,NA,NA,NA,NA,NA,FALSE,NA,NA,NA,NA,NA,FALSE,NA,neither,no_value
US-ICh,2010,OSH,AmeriFlux,-42.5739,0.622432,1.05683,5.735800000000001,5.8323,TRUE,-36.844,0.590753,1.00521,5.348600000000001,5.44222,TRUE,-5.729900000000001,both,NA
US-ICh,2011,OSH,AmeriFlux,-39.1539,0.755194,0.828127,6.371599999999999,6.4252,TRUE,-41.0243,0.751084,0.799319,5.013,5.07634,TRUE,1.8703999999999965,both,NA
US-ICh,2012,OSH,AmeriFlux,-39.4338,0.695981,0.998348,6.620450000000002,6.6953,TRUE,-35.5792,0.663934,1.02661,8.5627,8.62403,TRUE,-3.854599999999998,both,NA
US-ICh,2013,OSH,AmeriFlux,-9.23563,0.722546,1.27036,2.9283049999999995,3.192,TRUE,-9.05477,0.72089,1.27248,3.2981849999999997,3.53513,TRUE,-0.1808600000000009,both,NA
US-ICh,2014,OSH,AmeriFlux,62.6723,0.716381,1.08471,10.434750000000001,10.491,TRUE,61.9995,0.713356,1.09047,10.807000000000002,10.8619,TRUE,0.6728000000000023,both,NA
US-ICh,2015,OSH,AmeriFlux,29.2903,0.699258,1.14974,3.207650000000001,3.40745,TRUE,31.0854,0.7121,1.13967,3.0238499999999995,3.2314600000000002,TRUE,-1.7951000000000015,both,NA
US-ICh,2016,OSH,AmeriFlux,32.8381,0.855931,0.751907,5.636349999999998,5.68626,TRUE,31.2216,0.862477,0.764777,9.832,9.86171,TRUE,1.6164999999999985,both,NA
US-ICh,2017,OSH,AmeriFlux,13.7577,0.765011,0.930206,1.46,1.73117,TRUE,14.628,0.780651,0.933123,5.249689999999999,5.33199,TRUE,-0.8703000000000003,both,NA
US-ICh,2018,OSH,AmeriFlux,19.6885,0.833619,0.948584,2.5954500000000014,2.76333,TRUE,22.1214,0.848174,1.01107,4.9542,5.05631,TRUE,-2.4329,both,NA
US-ICh,2019,OSH,AmeriFlux,-7.66924,0.773116,0.871998,2.795695,2.92855,TRUE,-10.2889,0.783105,0.887283,4.361415,4.45074,TRUE,2.6196599999999997,both,NA
US-ICh,2020,OSH,AmeriFlux,-5.20179,0.79548,0.750373,1.6088500000000001,1.77523,TRUE,-5.2513,0.795594,0.760881,4.093770000000001,4.16389,TRUE,0.04950999999999972,both,NA
US-ICh,2021,OSH,AmeriFlux,52.9907,0.796176,1.01065,10.180149999999998,10.2302,TRUE,51.975,0.804795,1.01398,11.397849999999998,11.4428,TRUE,1.0156999999999954,both,NA
US-ICh,2022,OSH,AmeriFlux,41.7629,0.817808,2.14154,18.340149999999998,18.4648,TRUE,55.7026,0.769521,2.26304,45.6638,45.72,TRUE,-13.939699999999995,both,NA
US-ICh,2023,OSH,AmeriFlux,-52.2166,0.826484,1.90128,14.234850000000005,14.3613,TRUE,-54.4906,0.799886,2.02841,5.6236,5.97827,TRUE,2.274000000000001,both,NA
US-ICh,2024,OSH,AmeriFlux,149.458,0.853768,1.68487,73.63765000000001,73.6569,TRUE,138.215,0.85724,1.66541,49.6009,49.6291,TRUE,11.242999999999995,both,NA
US-ICh,2025,OSH,AmeriFlux,160.771,0.664155,1.75638,59.78,59.8059,TRUE,127.938,0.733847,1.69474,45.22595,45.2578,TRUE,32.832999999999984,both,NA
US-ICs,2007,WET,AmeriFlux,NA,NA,NA,NA,NA,FALSE,NA,NA,NA,NA,NA,FALSE,NA,neither,no_value
US-ICs,2008,WET,AmeriFlux,NA,NA,NA,NA,NA,FALSE,NA,NA,NA,NA,NA,FALSE,NA,neither,no_value
US-ICs,2009,WET,AmeriFlux,NA,NA,NA,NA,NA,FALSE,NA,NA,NA,NA,NA,FALSE,NA,neither,no_value
US-ICs,2010,WET,AmeriFlux,9.4786,0.754452,1.30277,3.56848,3.79886,TRUE,19.8669,0.719463,1.21925,6.76802,6.87695,TRUE,-10.388300000000001,both,NA
US-ICs,2011,WET,AmeriFlux,20.3693,0.766039,1.15122,5.686400000000001,5.80175,TRUE,28.0244,0.738527,1.17458,10.496049999999999,10.5616,TRUE,-7.655100000000001,both,NA
US-ICs,2012,WET,AmeriFlux,-1.17829,0.764173,1.98657,8.1685,8.40659,TRUE,-7.58255,0.728427,2.14898,12.910219999999999,13.0878,TRUE,6.404260000000001,both,NA
US-ICs,2013,WET,AmeriFlux,151.976,0.314441,20.1317,64.43475000000001,67.5066,FALSE,85.756,0.302626,20.371,NA,67.6881,FALSE,66.22,neither,fails_qc
US-ICs,2014,WET,AmeriFlux,167.622,0.809189,1.51262,28.655500000000004,28.6954,TRUE,168.019,0.803596,1.4761,23.87150000000001,23.9174,TRUE,-0.39699999999999136,both,NA
US-ICs,2015,WET,AmeriFlux,192.463,0.79161,1.72439,27.108499999999992,27.1636,TRUE,195.39,0.791381,1.72019,36.272000000000006,36.3127,TRUE,-2.9269999999999925,both,NA
US-ICs,2016,WET,AmeriFlux,124.049,0.852516,1.07585,7.664999999999999,7.74024,TRUE,124.084,0.852231,1.08237,11.041000000000004,11.0935,TRUE,-0.03499999999999659,both,NA
US-ICs,2017,WET,AmeriFlux,40.5924,0.871632,1.11233,1.8556500000000007,2.1635,TRUE,39.1884,0.867637,1.09464,4.133949999999999,4.27643,TRUE,1.4039999999999964,both,NA
US-ICs,2018,WET,AmeriFlux,41.5842,0.895548,0.667895,1.7332499999999982,1.85749,TRUE,42.1554,0.89863,0.669871,1.9131499999999981,2.02705,TRUE,-0.5711999999999975,both,NA
US-ICs,2019,WET,AmeriFlux,32.3761,0.907705,0.782991,1.8717000000000006,2.02887,TRUE,32.3533,0.90782,0.785966,2.614399999999998,2.72999,TRUE,0.022800000000003706,both,NA
US-ICs,2020,WET,AmeriFlux,19.2575,0.743966,0.72211,2.3537999999999997,2.4621,TRUE,19.0157,0.743568,0.698242,2.0161999999999995,2.13368,TRUE,0.24180000000000135,both,NA
US-ICs,2021,WET,AmeriFlux,26.4087,0.695548,1.23692,5.4453,5.584,TRUE,31.9062,0.689555,1.23314,3.891349999999999,4.08207,TRUE,-5.497499999999999,both,NA
US-ICs,2022,WET,AmeriFlux,189.372,0.784874,1.43579,35.599000000000004,35.6279,TRUE,180.848,0.791438,1.42837,31.87100000000001,31.9029,TRUE,8.524000000000001,both,NA
US-ICs,2023,WET,AmeriFlux,182.328,0.756906,1.98461,38.6135,38.6645,TRUE,157.843,0.801427,2.05361,32.285999999999994,32.3512,TRUE,24.485000000000014,both,NA
US-ICs,2024,WET,AmeriFlux,105.266,0.768329,1.8851,15.031400000000005,15.1493,TRUE,94.5998,0.787511,2.01154,18.735,18.8428,TRUE,10.666200000000003,both,NA
US-ICs,2025,WET,AmeriFlux,117.755,0.732021,1.73065,26.27275000000001,26.3297,TRUE,94.3624,0.790639,1.75215,23.76525,23.83,TRUE,23.3926,both,NA
US-ICt,2007,OSH,AmeriFlux,NA,NA,NA,NA,NA,FALSE,NA,NA,NA,NA,NA,FALSE,NA,neither,no_value
US-ICt,2008,OSH,AmeriFlux,NA,NA,NA,NA,NA,FALSE,NA,NA,NA,NA,NA,FALSE,NA,neither,no_value
US-ICt,2009,OSH,AmeriFlux,NA,NA,NA,NA,NA,FALSE,NA,NA,NA,NA,NA,FALSE,NA,neither,no_value
US-ICt,2010,OSH,AmeriFlux,NA,NA,NA,NA,NA,FALSE,NA,NA,NA,NA,NA,FALSE,NA,neither,no_value
US-ICt,2011,OSH,AmeriFlux,NA,NA,NA,NA,NA,FALSE,NA,NA,NA,NA,NA,FALSE,NA,neither,no_value
US-ICt,2012,OSH,AmeriFlux,NA,NA,NA,NA,NA,FALSE,NA,NA,NA,NA,NA,FALSE,NA,neither,no_value
US-ICt,2013,OSH,AmeriFlux,-49.7095,0.810788,2.08823,3.1588499999999975,3.78666,TRUE,-45.6289,0.7621,1.81146,6.133900000000001,6.3958,TRUE,-4.080599999999997,both,NA
US-ICt,2014,OSH,AmeriFlux,NA,NA,NA,NA,NA,FALSE,NA,NA,NA,NA,NA,FALSE,NA,neither,no_value
US-ICt,2015,OSH,AmeriFlux,NA,NA,NA,NA,NA,FALSE,NA,NA,NA,NA,NA,FALSE,NA,neither,no_value
US-ICt,2016,OSH,AmeriFlux,18.4947,0.871642,1.23315,7.7162,7.81411,TRUE,20.3967,0.873122,2.02974,13.049925,13.2068,TRUE,-1.9019999999999975,both,NA
US-ICt,2017,OSH,AmeriFlux,-24.6315,0.85742,1.54778,3.1235,3.48596,TRUE,-24.0348,0.870491,1.60129,4.577249999999999,4.84923,TRUE,-0.5966999999999985,both,NA
US-ICt,2018,OSH,AmeriFlux,15.5001,0.864098,1.20672,8.838460000000001,8.92046,TRUE,8.90971,0.906678,1.27497,13.900305,13.9587,TRUE,6.590389999999999,both,NA
US-ICt,2019,OSH,AmeriFlux,-24.0325,0.851199,1.29365,3.2983499999999992,3.54297,TRUE,-26.7892,0.8875,1.35303,6.412799999999999,6.55398,TRUE,2.756700000000002,both,NA
US-ICt,2020,OSH,AmeriFlux,-43.2996,0.739356,1.25029,5.350700000000003,5.49483,TRUE,-43.0163,0.742999,1.25418,5.685199999999998,5.8219,TRUE,-0.283299999999997,both,NA
US-ICt,2021,OSH,AmeriFlux,27.1689,0.846461,2.12185,5.704699999999999,6.08656,TRUE,19.3023,0.81718,2.17612,9.528249999999998,9.77359,TRUE,7.866600000000002,both,NA
US-ICt,2022,OSH,AmeriFlux,120.583,0.595491,2.98008,27.948550000000004,28.1068,TRUE,135.254,0.548744,4.33035,41.59174999999999,41.8166,TRUE,-14.670999999999992,both,NA
US-ICt,2023,OSH,AmeriFlux,NA,NA,NA,NA,NA,FALSE,NA,NA,NA,NA,NA,FALSE,NA,neither,no_value
US-ICt,2024,OSH,AmeriFlux,82.8143,0.681694,2.79035,39.0809,39.1805,TRUE,58.4523,0.714538,2.86331,42.267135,42.364,TRUE,24.362000000000002,both,NA
US-ICt,2025,OSH,AmeriFlux,182.835,0.602968,3.59909,75.66585,75.7515,TRUE,134.312,0.736358,2.74563,84.36710000000001,84.4115,TRUE,48.522999999999996,both,NA
US-Jo1,2010,OSH,AmeriFlux,-114.233,0.682991,NA,1.1649999999999991,NA,TRUE,-98.5696,0.520776,NA,16.507150000000003,NA,TRUE,-15.66340000000001,both,NA
US-Jo1,2011,OSH,AmeriFlux,-79.7817,0.809418,1.51274,14.076899999999995,14.158,TRUE,-70.9018,0.770776,1.55036,15.639,15.7157,TRUE,-8.879900000000006,both,NA
US-Jo1,2012,OSH,AmeriFlux,-153.096,0.930669,1.10499,5.876500000000007,5.97958,TRUE,-149.501,0.910576,1.11995,4.888000000000005,5.01436,TRUE,-3.594999999999999,both,NA
US-Jo1,2013,OSH,AmeriFlux,-180.062,0.957534,1.67858,6.373000000000005,6.5904,TRUE,-182.119,0.966667,1.66372,6.468999999999994,6.67973,TRUE,2.056999999999988,both,NA
US-Jo1,2014,OSH,AmeriFlux,-151.524,0.967979,1.52182,13.699000000000012,13.7836,TRUE,-153.834,0.972089,1.52469,13.381500000000003,13.4682,TRUE,2.3100000000000023,both,NA
US-Jo1,2015,OSH,AmeriFlux,-95.3458,0.885674,1.24791,27.35615,27.3846,TRUE,-104.307,0.906621,1.25366,25.079050000000002,25.1102,TRUE,8.961200000000005,both,NA
US-Jo1,2016,OSH,AmeriFlux,-143.939,0.979907,1.31823,6.856499999999997,6.98199,TRUE,-138.994,0.967327,1.30947,7.8444999999999965,7.95301,TRUE,-4.944999999999993,both,NA
US-Jo1,2017,OSH,AmeriFlux,NA,NA,NA,NA,NA,FALSE,NA,NA,NA,NA,NA,FALSE,NA,neither,no_value
US-Jo1,2018,OSH,AmeriFlux,-160.998,0.826484,1.44266,5.064999999999998,5.26653,TRUE,-156.27,0.785845,1.43793,15.412499999999994,15.4792,TRUE,-4.72799999999998,both,NA
US-Jo1,2019,OSH,AmeriFlux,-212.386,0.952397,1.45831,5.173999999999992,5.37567,TRUE,-212.236,0.950856,1.45387,7.179999999999993,7.32572,TRUE,-0.15000000000000568,both,NA
US-Jo1,2020,OSH,AmeriFlux,-158.565,0.975182,1.41267,12.024000000000001,12.1066,TRUE,-157.64,0.970515,1.41248,12.517499999999998,12.597,TRUE,-0.9250000000000114,both,NA
US-Jo1,2021,OSH,AmeriFlux,-47.3797,0.69863,1.86549,NA,6.51242,TRUE,-44.5272,0.696176,1.74783,NA,6.39261,TRUE,-2.852499999999999,both,NA
US-Jo1,2022,OSH,AmeriFlux,NA,NA,NA,NA,NA,FALSE,NA,NA,NA,NA,NA,FALSE,NA,neither,no_value
US-Jo2,2010,OSH,AmeriFlux,NA,NA,NA,NA,NA,FALSE,NA,NA,NA,NA,NA,FALSE,NA,neither,no_value
US-Jo2,2011,OSH,AmeriFlux,NA,NA,NA,NA,NA,FALSE,-169.638,0.46672400000000003,NA,5.278500000000008,NA,FALSE,NA,neither,fails_qc
US-Jo2,2012,OSH,AmeriFlux,NA,NA,NA,NA,NA,FALSE,-238.508,0.486737,NA,2.6694999999999993,NA,FALSE,NA,neither,fails_qc
US-Jo2,2013,OSH,AmeriFlux,NA,NA,NA,NA,NA,FALSE,NA,NA,NA,NA,NA,FALSE,NA,neither,no_value
US-Jo2,2014,OSH,AmeriFlux,NA,NA,NA,NA,NA,FALSE,-207.128,0.804395,2.19285,6.099999999999994,6.4818,TRUE,NA,CUT_only,NA
US-Jo2,2015,OSH,AmeriFlux,NA,NA,NA,NA,NA,FALSE,-101.808,0.942409,2.06044,11.836500000000001,12.0142,TRUE,NA,CUT_only,NA
US-Jo2,2016,OSH,AmeriFlux,NA,NA,NA,NA,NA,FALSE,-125.646,0.929986,2.00781,31.3264,31.3908,TRUE,NA,CUT_only,NA
US-Jo2,2017,OSH,AmeriFlux,NA,NA,NA,NA,NA,FALSE,NA,NA,NA,NA,NA,FALSE,NA,neither,no_value
US-Jo2,2018,OSH,AmeriFlux,NA,NA,NA,NA,NA,FALSE,-95.4375,0.923459,2.2416,38.64805,38.7128,TRUE,NA,CUT_only,NA
US-Jo2,2019,OSH,AmeriFlux,NA,NA,NA,NA,NA,FALSE,-237.352,0.913242,2.26612,37.47,37.5384,TRUE,NA,CUT_only,NA
US-Jo2,2020,OSH,AmeriFlux,NA,NA,NA,NA,NA,FALSE,-39.349,0.785861,2.94901,50.400225000000006,50.4865,TRUE,NA,CUT_only,NA
US-KFS,2007,GRA,AmeriFlux,NA,NA,NA,NA,NA,FALSE,NA,NA,NA,NA,NA,FALSE,NA,neither,no_value
US-KFS,2008,GRA,AmeriFlux,-101.308,0.943648,4.30479,8.196250000000006,9.25777,TRUE,-98.3664,0.941826,4.24399,13.747899999999994,14.3879,TRUE,-2.941600000000008,both,NA
US-KFS,2009,GRA,AmeriFlux,-232.71,0.648459,3.57671,21.68249999999999,21.9753,TRUE,-228.657,0.641724,3.46181,26.596000000000004,26.8205,TRUE,-4.052999999999997,both,NA
US-KFS,2010,GRA,AmeriFlux,NA,NA,NA,NA,NA,FALSE,NA,NA,NA,NA,NA,FALSE,NA,neither,no_value
US-KFS,2011,GRA,AmeriFlux,-31.292,0.948516,4.88022,9.29135,10.495,TRUE,-32.8539,0.942979,4.74514,10.787650000000001,11.7852,TRUE,1.5619000000000014,both,NA
US-KFS,2012,GRA,AmeriFlux,-115.537,0.978541,4.88219,6.039500000000004,7.76621,TRUE,-122.491,0.981102,5.4843,10.961500000000001,12.257,TRUE,6.9539999999999935,both,NA
US-KFS,2013,GRA,AmeriFlux,-311.483,0.955137,5.59608,9.57250000000002,11.0884,TRUE,-312.118,0.957934,5.58026,7.466000000000008,9.32104,TRUE,0.6349999999999909,both,NA
US-KFS,2014,GRA,AmeriFlux,-216.153,0.695263,6.44884,7.439000000000007,9.84484,TRUE,-216.922,0.693151,6.42039,8.357500000000002,10.5389,TRUE,0.7690000000000055,both,NA
US-KFS,2015,GRA,AmeriFlux,-52.6715,0.876027,4.36316,15.422600000000003,16.0279,TRUE,-53.4754,0.875742,4.37619,14.618550000000003,15.2595,TRUE,0.8038999999999987,both,NA
US-KFS,2016,GRA,AmeriFlux,-63.0111,0.916496,6.90985,11.64065,13.537,TRUE,-67.3535,0.913934,6.97273,7.473499999999998,10.2212,TRUE,4.342399999999998,both,NA
US-KFS,2017,GRA,AmeriFlux,-192.109,0.663413,9.10892,19.555499999999995,21.5729,TRUE,-186.983,0.668151,8.94896,12.899500000000003,15.6996,TRUE,-5.126000000000005,both,NA
US-KFS,2018,GRA,AmeriFlux,57.8338,0.853653,3.46756,36.526900000000005,36.6911,TRUE,76.1452,0.840696,3.33541,16.601899999999997,16.9336,TRUE,-18.311400000000006,both,NA
US-KFS,2019,GRA,AmeriFlux,111.215,0.580993,NA,3.1325000000000003,NA,TRUE,112.155,0.591153,NA,3.6230000000000047,NA,TRUE,-0.9399999999999977,both,NA
US-KPL,2021,WET,AmeriFlux,NA,NA,NA,NA,NA,FALSE,NA,NA,NA,NA,NA,FALSE,NA,neither,no_value
US-KPL,2022,WET,AmeriFlux,20.8034,0.880879,3.82192,9.78135,10.5015,TRUE,25.2358,0.87911,3.79169,9.5198,10.2471,TRUE,-4.432400000000001,both,NA
US-KPL,2023,WET,AmeriFlux,-31.0224,0.949372,3.63386,6.036050000000001,7.04545,TRUE,-30.5625,0.949087,3.42264,6.8451,7.65311,TRUE,-0.4599000000000011,both,NA
US-KPL,2024,WET,AmeriFlux,-64.0952,0.937386,3.34076,5.413199999999996,6.36106,TRUE,-61.37,0.930669,3.36719,5.4451,6.40208,TRUE,-2.725200000000008,both,NA
US-KS1,2002,ENF,AmeriFlux,NA,NA,NA,NA,NA,FALSE,NA,NA,NA,NA,NA,FALSE,NA,neither,no_value
US-KS1,2003,ENF,AmeriFlux,NA,NA,NA,NA,NA,FALSE,NA,NA,NA,NA,NA,FALSE,NA,neither,no_value
US-KS2,2003,CSH,AmeriFlux,NA,NA,NA,NA,NA,FALSE,NA,NA,NA,NA,NA,FALSE,NA,neither,no_value
US-KS2,2004,CSH,AmeriFlux,-208.501,0.957878,4.5401,23.352500000000006,23.79,TRUE,-208.145,0.950364,4.45583,23.5355,23.9535,TRUE,-0.35599999999999454,both,NA
US-KS2,2005,CSH,AmeriFlux,-452.432,0.974315,5.7046,31.47799999999998,31.9909,TRUE,-462.779,0.971062,5.67361,25.56049999999999,26.1826,TRUE,10.34699999999998,both,NA
US-KS2,2006,CSH,AmeriFlux,-344.168,0.977968,4.80009,41.50650000000002,41.783,TRUE,-342.419,0.978539,4.76721,37.28750000000002,37.5912,TRUE,-1.7490000000000236,both,NA
US-KS3,2018,WET,AmeriFlux,NA,NA,NA,NA,NA,FALSE,NA,NA,NA,NA,NA,FALSE,NA,neither,no_value
US-Kon,2004,GRA,AmeriFlux,-194.059,0.907616,5.14595,9.397499999999994,10.714,TRUE,-188.445,0.920367,5.32206,7.804999999999993,9.44705,TRUE,-5.614000000000004,both,NA
US-Kon,2005,GRA,AmeriFlux,159.028,0.965753,4.85935,11.534999999999997,12.5165,TRUE,141.241,0.981735,5.51487,14.429000000000002,15.447,TRUE,17.786999999999978,both,NA
US-Kon,2006,GRA,AmeriFlux,NA,NA,NA,NA,NA,FALSE,NA,NA,NA,NA,NA,FALSE,NA,neither,no_value
US-Kon,2007,GRA,AmeriFlux,12.6264,0.955365,4.25437,18.8737,19.3472,TRUE,10.8691,0.963014,4.39749,19.2609,19.7566,TRUE,1.7573000000000008,both,NA
US-Kon,2008,GRA,AmeriFlux,-166.659,0.819046,7.52092,23.396500000000003,24.5758,TRUE,-157.299,0.823258,7.54927,25.966499999999996,27.0417,TRUE,-9.359999999999985,both,NA
US-Kon,2009,GRA,AmeriFlux,-168.506,0.950285,6.61314,42.9735,43.4794,TRUE,-155.308,0.956393,6.82843,40.135000000000005,40.7117,TRUE,-13.198000000000008,both,NA
US-Kon,2010,GRA,AmeriFlux,-188.418,0.97911,7.74732,22.61550000000001,23.9056,TRUE,-184.416,0.981564,8.13542,19.8125,21.4177,TRUE,-4.0020000000000095,both,NA
US-Kon,2011,GRA,AmeriFlux,-258.742,0.748174,8.58236,16.437999999999988,18.544,TRUE,-245.365,0.753368,8.68127,17.000500000000002,19.0887,TRUE,-13.37700000000001,both,NA
US-Kon,2012,GRA,AmeriFlux,10.0573,0.768613,5.31556,8.66118,10.1623,TRUE,10.922,0.77533,5.41145,8.569365000000001,10.135,TRUE,-0.8647000000000009,both,NA
US-Kon,2013,GRA,AmeriFlux,-406.396,0.691267,7.44441,9.943000000000012,12.4207,TRUE,-403.559,0.700628,7.96226,12.2055,14.5729,TRUE,-2.836999999999989,both,NA
US-Kon,2014,GRA,AmeriFlux,-139.23,0.82871,6.5892,43.5935,44.089,TRUE,-153.777,0.831107,6.63238,43.903,44.4011,TRUE,14.546999999999997,both,NA
US-Kon,2015,GRA,AmeriFlux,-409.288,0.929623,4.71324,7.639999999999986,8.97685,TRUE,-410.011,0.929338,4.70924,9.464499999999987,10.5711,TRUE,0.7230000000000132,both,NA
US-Kon,2016,GRA,AmeriFlux,37.0924,0.765426,5.50416,5.310700000000001,7.6485,TRUE,37.0924,0.765426,5.50416,5.3405999999999985,7.66925,TRUE,0,both,NA
US-Kon,2017,GRA,AmeriFlux,-129.229,0.875285,6.66231,8.591499999999996,10.8717,TRUE,-129.031,0.8746,6.68268,8.837499999999999,11.0797,TRUE,-0.1980000000000075,both,NA
US-Kon,2018,GRA,AmeriFlux,21.7877,0.866096,4.908,12.35255,13.2919,TRUE,25.2316,0.869292,4.99805,13.682094999999999,14.5664,TRUE,-3.4438999999999993,both,NA
US-Kon,2019,GRA,AmeriFlux,-82.9286,0.542979,11.836,6.693099999999994,13.5974,TRUE,-97.7156,0.498231,11.5933,7.016999999999996,13.5515,FALSE,14.786999999999992,VUT_only,NA
US-LA2,2011,WET,AmeriFlux,NA,NA,NA,NA,NA,FALSE,NA,NA,NA,NA,NA,FALSE,NA,neither,no_value
US-LA2,2012,WET,AmeriFlux,NA,NA,NA,NA,NA,FALSE,-396.464,0.981444,4.86027,31.741499999999974,32.1117,TRUE,NA,CUT_only,NA
US-LA2,2013,WET,AmeriFlux,NA,NA,NA,NA,NA,FALSE,NA,NA,NA,NA,NA,FALSE,NA,neither,no_value
US-LA2,2014,WET,AmeriFlux,NA,NA,NA,NA,NA,FALSE,NA,NA,NA,NA,NA,FALSE,NA,neither,no_value
US-LA2,2015,WET,AmeriFlux,NA,NA,NA,NA,NA,FALSE,NA,NA,NA,NA,NA,FALSE,NA,neither,no_value
US-LA2,2016,WET,AmeriFlux,NA,NA,NA,NA,NA,FALSE,NA,NA,NA,NA,NA,FALSE,NA,neither,no_value
US-LA2,2017,WET,AmeriFlux,NA,NA,NA,NA,NA,FALSE,NA,NA,NA,NA,NA,FALSE,NA,neither,no_value
US-LA2,2018,WET,AmeriFlux,NA,NA,NA,NA,NA,FALSE,NA,NA,NA,NA,NA,FALSE,NA,neither,no_value
US-LA2,2019,WET,AmeriFlux,NA,NA,NA,NA,NA,FALSE,NA,NA,NA,NA,NA,FALSE,NA,neither,no_value
US-LA2,2020,WET,AmeriFlux,NA,NA,NA,NA,NA,FALSE,NA,NA,NA,NA,NA,FALSE,NA,neither,no_value
US-LA2,2021,WET,AmeriFlux,NA,NA,NA,NA,NA,FALSE,NA,NA,NA,NA,NA,FALSE,NA,neither,no_value
US-LA2,2022,WET,AmeriFlux,NA,NA,NA,NA,NA,FALSE,NA,NA,NA,NA,NA,FALSE,NA,neither,no_value
US-LA2,2023,WET,AmeriFlux,NA,NA,NA,NA,NA,FALSE,NA,NA,NA,NA,NA,FALSE,NA,neither,no_value
US-LA3,2019,WET,AmeriFlux,NA,NA,NA,NA,NA,FALSE,NA,NA,NA,NA,NA,FALSE,NA,neither,no_value
US-LA3,2020,WET,AmeriFlux,NA,NA,NA,NA,NA,FALSE,NA,NA,NA,NA,NA,FALSE,NA,neither,no_value
US-LA3,2021,WET,AmeriFlux,NA,NA,NA,NA,NA,FALSE,NA,NA,NA,NA,NA,FALSE,NA,neither,no_value
US-LA3,2022,WET,AmeriFlux,-516.143,0.722032,6.79082,24.23600000000002,25.1697,TRUE,-515.808,0.722146,6.79352,28.17750000000001,28.9847,TRUE,-0.3350000000000364,both,NA
US-LA3,2023,WET,AmeriFlux,-656.212,0.918436,6.55676,15.46350000000001,16.7957,TRUE,-656.699,0.918779,6.56127,16.36949999999996,17.6355,TRUE,0.48699999999996635,both,NA
US-LS1,2003,GRA,AmeriFlux,NA,NA,NA,NA,NA,FALSE,NA,NA,NA,NA,NA,FALSE,NA,neither,no_value
US-LS1,2004,GRA,AmeriFlux,-78.1072,0.923839,2.10226,9.0948,9.3346,TRUE,-87.6632,0.940801,1.91483,7.508949999999999,7.74923,TRUE,9.555999999999997,both,NA
US-LS1,2005,GRA,AmeriFlux,-178.692,0.929509,2.61378,29.244500000000002,29.361,TRUE,-180.673,0.942066,2.5861,29.179000000000002,29.2933,TRUE,1.9809999999999945,both,NA
US-LS1,2006,GRA,AmeriFlux,-50.0796,0.943664,2.44931,22.3851,22.5187,TRUE,-57.8793,0.933219,2.50296,23.576050000000002,23.7085,TRUE,7.799700000000001,both,NA
US-LS1,2007,GRA,AmeriFlux,-161.047,0.939612,2.89654,20.59349999999999,20.7964,TRUE,-163.227,0.942466,3.02346,20.99300000000001,21.2097,TRUE,2.180000000000007,both,NA
US-Lin,2009,CRO,AmeriFlux,NA,NA,NA,NA,NA,FALSE,NA,NA,NA,NA,NA,FALSE,NA,neither,no_value
US-Lin,2010,CRO,AmeriFlux,NA,NA,NA,NA,NA,FALSE,NA,NA,NA,NA,NA,FALSE,NA,neither,no_value
US-Los,2000,WET,AmeriFlux,NA,NA,NA,NA,NA,FALSE,NA,NA,NA,NA,NA,FALSE,NA,neither,no_value
US-Los,2001,WET,AmeriFlux,NA,NA,NA,NA,NA,FALSE,15.8965,0.940297,2.69244,11.69793,12.0038,TRUE,NA,CUT_only,NA
US-Los,2002,WET,AmeriFlux,NA,NA,NA,NA,NA,FALSE,-30.5323,0.989041,2.66822,10.116699999999998,10.4626,TRUE,NA,CUT_only,NA
US-Los,2003,WET,AmeriFlux,NA,NA,NA,NA,NA,FALSE,-16.4456,0.9371,2.34644,6.057049999999999,6.49567,TRUE,NA,CUT_only,NA
US-Los,2004,WET,AmeriFlux,NA,NA,NA,NA,NA,FALSE,-30.5123,0.940574,2.49609,5.76515,6.28229,TRUE,NA,CUT_only,NA
US-Los,2005,WET,AmeriFlux,NA,NA,NA,NA,NA,FALSE,-19.4643,0.971575,2.84566,9.992549999999998,10.3899,TRUE,NA,CUT_only,NA
US-Los,2006,WET,AmeriFlux,NA,NA,NA,NA,NA,FALSE,-13.9885,0.964212,2.91987,15.279430000000001,15.5559,TRUE,NA,CUT_only,NA
US-Los,2007,WET,AmeriFlux,NA,NA,NA,NA,NA,FALSE,NA,NA,NA,NA,NA,FALSE,NA,neither,no_value
US-Los,2008,WET,AmeriFlux,NA,NA,NA,NA,NA,FALSE,NA,NA,NA,NA,NA,FALSE,NA,neither,no_value
US-Los,2009,WET,AmeriFlux,NA,NA,NA,NA,NA,FALSE,NA,NA,NA,NA,NA,FALSE,NA,neither,no_value
US-Los,2010,WET,AmeriFlux,NA,NA,NA,NA,NA,FALSE,NA,NA,NA,NA,NA,FALSE,NA,neither,no_value
US-Los,2011,WET,AmeriFlux,NA,NA,NA,NA,NA,FALSE,NA,NA,NA,NA,NA,FALSE,NA,neither,no_value
US-Los,2012,WET,AmeriFlux,NA,NA,NA,NA,NA,FALSE,NA,NA,NA,NA,NA,FALSE,NA,neither,no_value
US-Los,2013,WET,AmeriFlux,NA,NA,NA,NA,NA,FALSE,NA,NA,NA,NA,NA,FALSE,NA,neither,no_value
US-Los,2014,WET,AmeriFlux,NA,NA,NA,NA,NA,FALSE,-143.456,0.864098,3.2754,14.128500000000003,14.5033,TRUE,NA,CUT_only,NA
US-Los,2015,WET,AmeriFlux,NA,NA,NA,NA,NA,FALSE,-103.982,0.926027,3.23058,12.606299999999997,13.0136,TRUE,NA,CUT_only,NA
US-Los,2016,WET,AmeriFlux,NA,NA,NA,NA,NA,FALSE,-159.241,0.931352,3.36462,9.069500000000005,9.67337,TRUE,NA,CUT_only,NA
US-Los,2017,WET,AmeriFlux,NA,NA,NA,NA,NA,FALSE,-162.127,0.962785,3.64921,6.994500000000002,7.8891,TRUE,NA,CUT_only,NA
US-Los,2018,WET,AmeriFlux,NA,NA,NA,NA,NA,FALSE,-162.279,0.954452,3.45603,11.84299999999999,12.3372,TRUE,NA,CUT_only,NA
US-Los,2019,WET,AmeriFlux,NA,NA,NA,NA,NA,FALSE,-160.071,0.895662,3.96162,14.879000000000005,15.3974,TRUE,NA,CUT_only,NA
US-Los,2020,WET,AmeriFlux,NA,NA,NA,NA,NA,FALSE,-102.666,0.95452,3.34175,17.799750000000003,18.1109,TRUE,NA,CUT_only,NA
US-Los,2021,WET,AmeriFlux,NA,NA,NA,NA,NA,FALSE,-86.8509,0.872603,4.45583,40.732150000000004,40.9751,TRUE,NA,CUT_only,NA
US-Los,2022,WET,AmeriFlux,NA,NA,NA,NA,NA,FALSE,-166.915,0.700571,4.24348,6.233000000000004,7.54043,TRUE,NA,CUT_only,NA
US-Los,2023,WET,AmeriFlux,NA,NA,NA,NA,NA,FALSE,-257.339,0.868721,4.43839,10.06150000000001,10.9969,TRUE,NA,CUT_only,NA
US-Los,2024,WET,AmeriFlux,NA,NA,NA,NA,NA,FALSE,-266.7,0.910633,4.22474,12.683999999999997,13.3691,TRUE,NA,CUT_only,NA
US-Los,2025,WET,AmeriFlux,NA,NA,NA,NA,NA,FALSE,NA,NA,NA,NA,NA,FALSE,NA,neither,no_value
US-MBP,2009,WET,AmeriFlux,-231.426,0.920148,1.84811,5.840000000000003,6.12545,TRUE,-231.353,0.916838,1.84966,2.9115000000000038,3.44923,TRUE,-0.07299999999997908,both,NA
US-MBP,2010,WET,AmeriFlux,-199.296,0.910103,1.64343,17.494500000000002,17.5715,TRUE,-198.382,0.910388,1.63007,15.257500000000007,15.344,TRUE,-0.9139999999999873,both,NA
US-MBP,2011,WET,AmeriFlux,-353.784,0.921005,2.77359,6.887499999999989,7.42524,TRUE,-354.011,0.920947,2.77437,7.3089999999999975,7.81755,TRUE,0.2270000000000323,both,NA
US-MBP,2012,WET,AmeriFlux,-195.352,0.870503,1.37442,7.973500000000001,8.09129,TRUE,-194.435,0.874886,1.40325,13.951499999999996,14.0219,TRUE,-0.9170000000000016,both,NA
US-MBP,2013,WET,AmeriFlux,-256.859,0.855365,1.85239,7.179999999999993,7.41512,TRUE,-247.298,0.864041,2.16595,7.5625,7.86688,TRUE,-9.560999999999979,both,NA
US-MBP,2014,WET,AmeriFlux,-285.814,0.787215,2.07314,6.3589999999999804,6.68797,TRUE,-287.595,0.792466,2.02811,10.878000000000014,11.0652,TRUE,1.781000000000006,both,NA
US-MBP,2015,WET,AmeriFlux,-211.305,0.8629,1.70845,1.5969999999999942,2.33857,TRUE,-211.295,0.865982,1.71434,1.75,2.44993,TRUE,-0.010000000000019327,both,NA
US-MBP,2016,WET,AmeriFlux,-199.408,0.911316,2.17286,5.618499999999997,6.02401,TRUE,-201.792,0.920139,2.29022,6.452500000000001,6.84729,TRUE,2.3840000000000146,both,NA
US-MBP,2017,WET,AmeriFlux,-223.679,0.944121,2.34605,7.153999999999996,7.52872,TRUE,-224.219,0.946233,2.41187,6.998999999999995,7.40316,TRUE,0.539999999999992,both,NA
US-MBP,2018,WET,AmeriFlux,-217.076,0.925856,1.84805,5.931999999999988,6.21304,TRUE,-216.764,0.935731,1.91471,5.091500000000011,5.43935,TRUE,-0.3119999999999834,both,NA
US-MBP,2019,WET,AmeriFlux,-264.004,0.920605,2.46891,10.98999999999998,11.2639,TRUE,-272.054,0.921804,2.39825,10.384,10.6574,TRUE,8.049999999999955,both,NA
US-MBP,2020,WET,AmeriFlux,-248.591,0.868226,1.51184,8.099499999999992,8.23941,TRUE,-248.859,0.869649,1.48886,7.299499999999995,7.4498,TRUE,0.2680000000000007,both,NA
US-MBP,2021,WET,AmeriFlux,-175.368,0.928767,1.64283,1.5985000000000014,2.29207,TRUE,-173.05,0.923858,1.58566,1.8815000000000026,2.46062,TRUE,-2.3179999999999836,both,NA
US-MBP,2022,WET,AmeriFlux,-342.619,0.951941,2.59637,5.116000000000014,5.73707,TRUE,-345.386,0.947546,2.58191,8.45950000000002,8.84434,TRUE,2.766999999999996,both,NA
US-MBP,2023,WET,AmeriFlux,-209.787,0.951712,2.45507,4.3940000000000055,5.0334,TRUE,-215.755,0.947489,2.3163,7.256999999999991,7.61763,TRUE,5.967999999999989,both,NA
US-MBP,2024,WET,AmeriFlux,-222.787,0.948031,2.74945,5.5685,6.2104799999999996,TRUE,-227.097,0.944729,2.76183,5.1484999999999985,5.84238,TRUE,4.310000000000002,both,NA
US-MEF,2024,ENF,AmeriFlux,-100.09,0.969775,3.42859,17.06165,17.4026,TRUE,NA,NA,NA,NA,NA,FALSE,NA,VUT_only,NA
US-MEF,2025,ENF,AmeriFlux,-72.6647,0.942808,3.86142,10.416650000000004,11.1093,TRUE,NA,NA,NA,NA,NA,FALSE,NA,VUT_only,NA
US-MMS,1999,DBF,AmeriFlux,-391.54,0.870662,8.6504,21.668499999999995,23.3315,TRUE,-359.609,0.844635,10.7947,18.86700000000002,21.7368,TRUE,-31.93100000000004,both,NA
US-MMS,2000,DBF,AmeriFlux,-362.976,0.780738,12.9318,8.438499999999976,15.4413,TRUE,-347.139,0.751708,14.1001,8.002499999999998,16.2127,TRUE,-15.836999999999989,both,NA
US-MMS,2001,DBF,AmeriFlux,-386.007,0.89258,8.91824,12.093999999999994,15.0266,TRUE,-373.139,0.860502,8.44841,12.760499999999979,15.3036,TRUE,-12.867999999999995,both,NA
US-MMS,2002,DBF,AmeriFlux,-480.626,0.920091,7.1831,12.63900000000001,14.5377,TRUE,-470.446,0.868265,6.65189,22.39099999999999,23.358,TRUE,-10.17999999999995,both,NA
US-MMS,2003,DBF,AmeriFlux,-436.049,0.912785,10.2689,11.722000000000008,15.5838,TRUE,-426.454,0.853767,10.0375,48.291,49.3229,TRUE,-9.59499999999997,both,NA
US-MMS,2004,DBF,AmeriFlux,-530.013,0.948315,11.6525,9.290500000000009,14.9027,TRUE,-559.136,0.918716,13.1437,29.78800000000001,32.5589,TRUE,29.122999999999934,both,NA
US-MMS,2005,DBF,AmeriFlux,-522.848,0.930708,8.03078,15.157500000000027,17.1535,TRUE,-544.134,0.881963,8.40445,20.093500000000006,21.7802,TRUE,21.286000000000058,both,NA
US-MMS,2006,DBF,AmeriFlux,-485.197,0.930936,8.53399,20.335500000000025,22.0534,TRUE,-518.514,0.878082,7.99478,27.723000000000013,28.8526,TRUE,33.31700000000001,both,NA
US-MMS,2007,DBF,AmeriFlux,-522.4,0.810502,7.20138,26.45149999999998,27.4142,TRUE,-526.269,0.79532,7.04434,25.494,26.4493,TRUE,3.869000000000028,both,NA
US-MMS,2008,DBF,AmeriFlux,-433.493,0.906421,7.76279,10.063500000000005,12.7098,TRUE,-433.422,0.906421,7.75826,9.649999999999977,12.3819,TRUE,-0.07099999999996953,both,NA
US-MMS,2009,DBF,AmeriFlux,-319.042,0.909247,9.11479,38.962500000000006,40.0142,TRUE,-316.89,0.903995,9.01718,10.950000000000017,14.1848,TRUE,-2.151999999999987,both,NA
US-MMS,2010,DBF,AmeriFlux,-476.199,0.854795,7.5532,8.887999999999977,11.6638,TRUE,-494.806,0.847032,7.43407,10.417500000000018,12.798,TRUE,18.60699999999997,both,NA
US-MMS,2011,DBF,AmeriFlux,-295.209,0.889954,7.62597,6.674499999999995,10.134,TRUE,-299.388,0.887671,7.59582,7.821499999999986,10.9029,TRUE,4.178999999999974,both,NA
US-MMS,2012,DBF,AmeriFlux,-353.145,0.914959,7.53266,4.590000000000003,8.82093,TRUE,-348.06,0.906535,7.01304,5.176000000000016,8.71614,TRUE,-5.0849999999999795,both,NA
US-MMS,2013,DBF,AmeriFlux,-405.961,0.939726,9.30441,8.333499999999987,12.4907,TRUE,-419.819,0.929566,8.89031,11.11499999999998,14.2333,TRUE,13.858000000000004,both,NA
US-MMS,2014,DBF,AmeriFlux,-416.256,0.943037,9.16417,4.375499999999988,10.1551,TRUE,-414.443,0.930936,8.19396,3.862000000000023,9.0584,TRUE,-1.8129999999999882,both,NA
US-MMS,2015,DBF,AmeriFlux,-348.826,0.930023,10.339,18.908500000000004,21.5506,TRUE,-351.933,0.906393,10.1105,14.191000000000003,17.4241,TRUE,3.106999999999971,both,NA
US-MMS,2016,DBF,AmeriFlux,-321.924,0.891393,9.30494,51.196,52.0348,TRUE,-310.75,0.875455,9.67002,48.10500000000002,49.0673,TRUE,-11.173999999999978,both,NA
US-MMS,2017,DBF,AmeriFlux,-345.441,0.930708,9.51585,11.516999999999996,14.9394,TRUE,-342.597,0.924886,10.1165,10.512,14.5893,TRUE,-2.843999999999994,both,NA
US-MMS,2018,DBF,AmeriFlux,-441.222,0.922831,9.81583,7.369,12.2742,TRUE,-442.542,0.89532,9.56243,9.681999999999988,13.608,TRUE,1.3199999999999932,both,NA
US-MMS,2019,DBF,AmeriFlux,-448.232,0.938014,9.11751,14.232500000000016,16.9024,TRUE,-447.776,0.905365,8.56163,28.352000000000004,29.6162,TRUE,-0.4560000000000173,both,NA
US-MMS,2020,DBF,AmeriFlux,-417.058,0.94194,8.85599,21.90900000000002,23.6311,TRUE,-443.256,0.921676,8.90501,30.87700000000001,32.1358,TRUE,26.19799999999998,both,NA
US-MMS,2021,DBF,AmeriFlux,-427.362,0.948402,9.08167,21.792999999999978,23.6097,TRUE,-440.955,0.913927,8.82786,22.373999999999995,24.0528,TRUE,13.592999999999961,both,NA
US-MMS,2022,DBF,AmeriFlux,-459.143,0.946119,9.14968,13.154500000000013,16.0238,TRUE,-443.958,0.922032,8.71604,17.434999999999974,19.4921,TRUE,-15.184999999999945,both,NA
US-MMS,2023,DBF,AmeriFlux,-631.055,0.916324,9.77412,7.565499999999986,12.3599,TRUE,-630.405,0.900457,9.66988,7.301499999999976,12.1168,TRUE,-0.6499999999999773,both,NA
US-MN1,2017,CRO,AmeriFlux,NA,NA,NA,NA,NA,FALSE,NA,NA,NA,NA,NA,FALSE,NA,neither,no_value
US-MN1,2018,CRO,AmeriFlux,-748.471,0.978482,7.72024,11.62700000000001,13.9566,TRUE,-751.428,0.977055,7.72059,10.500999999999976,13.0337,TRUE,2.9569999999999936,both,NA
US-MN1,2019,CRO,AmeriFlux,-52.8072,0.964783,6.38117,17.68185,18.798,TRUE,-50.2916,0.966952,6.30271,15.831000000000003,17.0395,TRUE,-2.515599999999999,both,NA
US-MN1,2020,CRO,AmeriFlux,-601.063,0.965221,5.57173,10.693499999999972,12.058,TRUE,-601.21,0.971255,5.62004,10.753499999999974,12.1337,TRUE,0.1470000000000482,both,NA
US-MN1,2021,CRO,AmeriFlux,-71.8097,0.925114,4.0901,6.064550000000004,7.31489,TRUE,-65.5929,0.953425,5.01382,3.733500000000003,6.25121,TRUE,-6.216800000000006,both,NA
US-MN1,2022,CRO,AmeriFlux,76.4822,0.948231,3.81027,19.240699999999997,19.6144,TRUE,67.5283,0.965696,3.98612,13.183349999999997,13.7728,TRUE,8.953900000000004,both,NA
US-MN1,2023,CRO,AmeriFlux,-385.06,0.963984,5.47502,10.309500000000014,11.6731,TRUE,-382.228,0.973516,5.62598,6.643000000000001,8.70538,TRUE,-2.8319999999999936,both,NA
US-MN1,2024,CRO,AmeriFlux,-207.021,0.983151,5.11504,4.832499999999996,7.03683,TRUE,-209.335,0.98355,5.13672,5.866500000000002,7.79753,TRUE,2.3140000000000214,both,NA
US-MN2,2017,CRO,AmeriFlux,NA,NA,NA,NA,NA,FALSE,NA,NA,NA,NA,NA,FALSE,NA,neither,no_value
US-MN2,2018,CRO,AmeriFlux,-59.5408,0.972374,5.28216,6.123200000000004,8.08671,TRUE,-62.8956,0.969521,5.15522,6.2897500000000015,8.13246,TRUE,3.3548000000000044,both,NA
US-MN2,2019,CRO,AmeriFlux,-1.89803,0.973744,5.23303,10.26116,11.5185,TRUE,1.16152,0.96992,4.91143,11.34675,12.3641,TRUE,-3.05955,both,NA
US-MN2,2020,CRO,AmeriFlux,-457.221,0.982867,5.4323,8.84899999999999,10.3832,TRUE,-465.607,0.978882,5.24952,11.356499999999983,12.511,TRUE,8.386000000000024,both,NA
US-MN2,2021,CRO,AmeriFlux,-92.9644,0.966096,4.36166,2.2383999999999986,4.90251,TRUE,-92.9399,0.966096,4.36137,3.815399999999997,5.79475,TRUE,-0.024500000000003297,both,NA
US-MN2,2022,CRO,AmeriFlux,145.31,0.971062,3.5729,8.603499999999997,9.31592,TRUE,144.024,0.969578,3.54758,9.985500000000002,10.597,TRUE,1.2860000000000014,both,NA
US-MN2,2023,CRO,AmeriFlux,-161.455,0.97266,3.58582,14.146,14.5934,TRUE,-160.167,0.975,3.59287,14.330999999999989,14.7742,TRUE,-1.288000000000011,both,NA
US-MN2,2024,CRO,AmeriFlux,-43.4987,0.975979,4.33921,13.681700000000001,14.3533,TRUE,-43.3936,0.97615,4.34801,9.979600000000001,10.8857,TRUE,-0.1051000000000002,both,NA
US-MN3,2020,CRO,AmeriFlux,NA,NA,NA,NA,NA,FALSE,NA,NA,NA,NA,NA,FALSE,NA,neither,no_value
US-MN3,2021,CRO,AmeriFlux,-61.9426,0.960616,5.05541,9.166649999999997,10.4682,TRUE,-60.9901,0.955422,5.04507,9.759050000000002,10.986,TRUE,-0.9525000000000006,both,NA
US-MN3,2022,CRO,AmeriFlux,-517.459,0.973459,6.97475,4.744499999999988,8.43557,TRUE,-509.423,0.969064,7.00717,6.603499999999968,9.62858,TRUE,-8.035999999999945,both,NA
US-MN3,2023,CRO,AmeriFlux,-49.0623,0.954852,3.66644,12.928600000000003,13.4385,TRUE,-50.0409,0.956164,3.69218,13.320549999999997,13.8228,TRUE,0.9786000000000001,both,NA
US-MN3,2024,CRO,AmeriFlux,-627.484,0.980191,6.51227,6.5020000000000095,9.20224,TRUE,-628.255,0.980134,6.50852,4.6059999999999945,7.97363,TRUE,0.7709999999999582,both,NA
US-MOz,2004,DBF,AmeriFlux,NA,NA,NA,NA,NA,FALSE,NA,NA,NA,NA,NA,FALSE,NA,neither,no_value
US-MOz,2005,DBF,AmeriFlux,-486.669,0.9504,6.30597,12.377500000000026,13.8917,TRUE,-496.705,0.947032,6.18516,9.153500000000008,11.0476,TRUE,10.036000000000001,both,NA
US-MOz,2006,DBF,AmeriFlux,NA,NA,NA,NA,NA,FALSE,NA,NA,NA,NA,NA,FALSE,NA,neither,no_value
US-MOz,2007,DBF,AmeriFlux,-458.58,0.963984,5.90401,12.064499999999981,13.4317,TRUE,-466.982,0.960445,5.77825,21.17149999999998,21.9459,TRUE,8.402000000000044,both,NA
US-MOz,2008,DBF,AmeriFlux,-529.66,0.957878,6.40144,21.409999999999997,22.3464,TRUE,-533.022,0.956284,6.38296,21.918000000000006,22.8283,TRUE,3.36200000000008,both,NA
US-MOz,2009,DBF,AmeriFlux,-481.386,0.987043,6.9103,8.793999999999983,11.1843,TRUE,-491.717,0.985331,6.92365,17.17949999999999,18.5224,TRUE,10.33099999999996,both,NA
US-MOz,2010,DBF,AmeriFlux,-360.44,0.966495,8.22021,15.705499999999972,17.7267,TRUE,-364.279,0.956849,7.96682,12.463499999999982,14.7921,TRUE,3.8389999999999986,both,NA
US-MOz,2011,DBF,AmeriFlux,-344.625,0.755879,3.86599,4.560000000000002,5.97808,TRUE,-342.55,0.704737,3.78673,6.269499999999994,7.32399,TRUE,-2.0749999999999886,both,NA
US-MOz,2012,DBF,AmeriFlux,-131.443,0.955943,5.03637,15.304500000000004,16.112,TRUE,-130.499,0.95469,4.98227,9.234499999999997,10.4931,TRUE,-0.9440000000000168,both,NA
US-MOz,2013,DBF,AmeriFlux,-357.257,0.930765,6.66841,12.17349999999999,13.8802,TRUE,-356.762,0.932934,6.5697,13.090000000000003,14.6464,TRUE,-0.49500000000000455,both,NA
US-MOz,2014,DBF,AmeriFlux,-285.061,0.984418,7.77027,13.639999999999986,15.6979,TRUE,-293.283,0.985331,8.11259,13.490999999999985,15.7424,TRUE,8.222000000000037,both,NA
US-MOz,2015,DBF,AmeriFlux,-205.968,0.969064,7.37014,16.912999999999997,18.4488,TRUE,-189.692,0.976427,7.36255,14.882500000000007,16.6042,TRUE,-16.275999999999982,both,NA
US-MOz,2016,DBF,AmeriFlux,-374.06,0.96875,8.59998,13.643500000000017,16.128,TRUE,-375.725,0.972791,8.71824,5.790999999999997,10.4662,TRUE,1.6650000000000205,both,NA
US-MOz,2017,DBF,AmeriFlux,-435.311,0.96895,8.14732,12.096499999999992,14.5842,TRUE,-430.724,0.975,8.19771,11.84050000000002,14.4015,TRUE,-4.586999999999989,both,NA
US-MOz,2018,DBF,AmeriFlux,-311.994,0.980251,7.15397,13.027999999999992,14.8631,TRUE,-316.687,0.982648,7.18679,8.489500000000021,11.1228,TRUE,4.692999999999984,both,NA
US-MOz,2019,DBF,AmeriFlux,-418.598,0.899258,7.63994,18.591499999999996,20.1003,TRUE,-415.819,0.908048,7.66002,18.19549999999998,19.7423,TRUE,-2.7789999999999964,both,NA
US-MOz,2020,DBF,AmeriFlux,-347.84,0.945071,7.12034,12.448000000000008,14.3403,TRUE,-343.744,0.947291,7.12761,12.579500000000024,14.4588,TRUE,-4.095999999999947,both,NA
US-MOz,2021,DBF,AmeriFlux,-327.209,0.976142,7.84543,15.634999999999991,17.4932,TRUE,-323.475,0.979909,7.6423,16.771499999999975,18.4307,TRUE,-3.7339999999999804,both,NA
US-MZA,2024,WET,AmeriFlux,NA,NA,NA,NA,NA,FALSE,NA,NA,NA,NA,NA,FALSE,NA,neither,no_value
US-MZA,2025,WET,AmeriFlux,NA,NA,NA,NA,NA,FALSE,NA,NA,NA,NA,NA,FALSE,NA,neither,no_value
US-Me1,2004,ENF,AmeriFlux,NA,NA,NA,NA,NA,FALSE,NA,NA,NA,NA,NA,FALSE,NA,neither,no_value
US-Me1,2005,ENF,AmeriFlux,NA,NA,NA,NA,NA,FALSE,NA,NA,NA,NA,NA,FALSE,NA,neither,no_value
US-Me3,2004,ENF,AmeriFlux,-13.8546,0.910747,3.63423,8.6424,9.37543,TRUE,-17.3399,0.91143,3.66176,6.23635,7.23188,TRUE,3.4853000000000005,both,NA
US-Me3,2005,ENF,AmeriFlux,47.148,0.88145,3.22664,5.514900000000001,6.38949,TRUE,44.3736,0.880822,3.21941,4.7761,5.75985,TRUE,2.7744,both,NA
US-Me3,2006,ENF,AmeriFlux,NA,NA,NA,NA,NA,FALSE,NA,NA,NA,NA,NA,FALSE,NA,neither,no_value
US-Me3,2007,ENF,AmeriFlux,NA,NA,NA,NA,NA,FALSE,NA,NA,NA,NA,NA,FALSE,NA,neither,no_value
US-Me3,2008,ENF,AmeriFlux,-91.491,0.901526,3.5913,13.094999999999999,13.5783,TRUE,-90.8507,0.901639,3.59879,13.211799999999997,13.693,TRUE,-0.6402999999999963,both,NA
US-Me3,2009,ENF,AmeriFlux,NA,NA,NA,NA,NA,FALSE,NA,NA,NA,NA,NA,FALSE,NA,neither,no_value
US-Me5,2000,ENF,AmeriFlux,NA,NA,NA,NA,NA,FALSE,NA,NA,NA,NA,NA,FALSE,NA,neither,no_value
US-Me5,2001,ENF,AmeriFlux,-126.872,0.9129,2.50093,5.462000000000003,6.00715,TRUE,-130.687,0.910731,2.45227,5.458500000000001,5.98389,TRUE,3.815000000000012,both,NA
US-Me5,2002,ENF,AmeriFlux,-165.491,0.877283,2.87884,3.274499999999989,4.3601,TRUE,-168.051,0.872945,2.82718,6.393999999999991,6.99129,TRUE,2.559999999999974,both,NA
US-Me6,2010,ENF,AmeriFlux,NA,NA,NA,NA,NA,FALSE,NA,NA,NA,NA,NA,FALSE,NA,neither,no_value
US-Me6,2011,ENF,AmeriFlux,-286.364,0.833676,4.82129,10.415999999999997,11.4777,TRUE,-378.57,0.811073,4.0408,136.48099999999997,136.54,TRUE,92.20600000000002,both,NA
US-Me6,2012,ENF,AmeriFlux,-221.409,0.649249,4.92496,104.8165,104.933,TRUE,-264.626,0.643556,4.19906,115.76899999999999,115.845,TRUE,43.216999999999985,both,NA
US-Me6,2013,ENF,AmeriFlux,-273.878,0.828368,3.99451,117.21100000000001,117.279,TRUE,-183.267,0.857249,4.39086,105.1325,105.224,TRUE,-90.61099999999999,both,NA
US-Me6,2014,ENF,AmeriFlux,-213.568,0.877112,3.80384,106.40685000000002,106.475,TRUE,-135.479,0.926313,4.67645,95.49524999999998,95.6095,TRUE,-78.089,both,NA
US-Me6,2015,ENF,AmeriFlux,-29.7946,0.819749,3.88129,64.89385,65.01,TRUE,-0.239965,0.822374,4.07273,56.9386,57.0841,TRUE,-29.554634999999998,both,NA
US-Me6,2016,ENF,AmeriFlux,-28.4943,0.792464,2.69358,38.7907,38.8841,TRUE,-15.9231,0.796448,2.77877,39.427350000000004,39.5251,TRUE,-12.5712,both,NA
US-Me6,2017,ENF,AmeriFlux,45.9303,0.958676,3.25892,40.230915,40.3627,TRUE,49.6425,0.96016,3.34965,40.57409,40.7121,TRUE,-3.7121999999999957,both,NA
US-Me6,2018,ENF,AmeriFlux,111.6,0.945148,4.06474,22.33365,22.7008,TRUE,118.904,0.937443,3.79241,23.815149999999996,24.115,TRUE,-7.304000000000002,both,NA
US-Me6,2019,ENF,AmeriFlux,NA,NA,NA,NA,NA,FALSE,NA,NA,NA,NA,NA,FALSE,NA,neither,no_value
US-Me6,2020,ENF,AmeriFlux,NA,NA,NA,NA,NA,FALSE,NA,NA,NA,NA,NA,FALSE,NA,neither,no_value
US-Me6,2021,ENF,AmeriFlux,-35.834,0.933619,3.24585,20.159300000000002,20.4189,TRUE,-42.6999,0.928253,3.07533,20.1662,20.3993,TRUE,6.865899999999996,both,NA
US-Me6,2022,ENF,AmeriFlux,8.92762,0.829224,4.13531,13.867899999999999,14.4713,TRUE,-3.38638,0.813185,3.78786,15.6464,16.0984,TRUE,12.314,both,NA
US-Me6,2023,ENF,AmeriFlux,88.1519,0.938927,3.4852,4.716299999999997,5.86429,TRUE,98.2873,0.931507,3.20765,6.474449999999997,7.22548,TRUE,-10.135400000000004,both,NA
US-Me6,2024,ENF,AmeriFlux,30.7927,0.941029,4.70484,22.03065,22.5274,TRUE,58.5648,0.930669,4.60112,25.80155,26.2086,TRUE,-27.7721,both,NA
US-Me6,2025,ENF,AmeriFlux,-44.6959,0.954395,4.5733,65.90315,66.0619,TRUE,-76.4541,0.939098,4.27927,61.920750000000005,62.0683,TRUE,31.758199999999995,both,NA
US-Me7,2022,ENF,AmeriFlux,NA,NA,NA,NA,NA,FALSE,NA,NA,NA,NA,NA,FALSE,NA,neither,no_value
US-Me7,2023,ENF,AmeriFlux,402.985,0.965068,1.76851,7.661000000000001,7.86251,TRUE,NA,NA,NA,NA,NA,FALSE,NA,VUT_only,NA
US-Mo1,2015,CRO,AmeriFlux,NA,NA,NA,NA,NA,FALSE,NA,NA,NA,NA,NA,FALSE,NA,neither,no_value
US-Mo1,2016,CRO,AmeriFlux,-371.175,0.881375,4.66529,2.454999999999984,5.27197,TRUE,-374.172,0.883311,4.73042,2.710499999999996,5.45204,TRUE,2.997000000000014,both,NA
US-Mo1,2017,CRO,AmeriFlux,NA,NA,NA,NA,NA,FALSE,NA,NA,NA,NA,NA,FALSE,NA,neither,no_value
US-Mo1,2018,CRO,AmeriFlux,-277.617,0.943779,5.30298,15.081500000000005,15.9867,TRUE,-277.407,0.943322,5.28704,16.0265,16.876,TRUE,-0.21000000000003638,both,NA
US-Mo1,2019,CRO,AmeriFlux,-22.1856,0.965582,3.91816,26.2477,26.5385,TRUE,-23.6648,0.963356,3.83886,30.080270000000002,30.3243,TRUE,1.4791999999999987,both,NA
US-Mo1,2020,CRO,AmeriFlux,-527.772,0.966132,5.02658,2.5430000000000064,5.63321,TRUE,-529.215,0.959244,5.04621,2.940499999999986,5.84036,TRUE,1.4429999999999836,both,NA
US-Mo1,2021,CRO,AmeriFlux,-371.284,0.926027,5.27308,8.383499999999998,9.9039,TRUE,-374.942,0.917922,5.20417,7.561500000000024,9.17921,TRUE,3.6580000000000155,both,NA
US-Mo1,2022,CRO,AmeriFlux,-704.114,0.894692,5.92132,4.408999999999992,7.38231,TRUE,-704.877,0.893265,5.93042,4.212500000000034,7.27429,TRUE,0.76299999999992,both,NA
US-Mo1,2023,CRO,AmeriFlux,-167.571,0.928539,4.92542,21.490499999999997,22.0478,TRUE,-183.161,0.940696,4.94893,13.021,13.9298,TRUE,15.590000000000003,both,NA
US-Mo1,2024,CRO,AmeriFlux,-427.035,0.953609,5.06595,7.619499999999988,9.15005,TRUE,-432.413,0.959358,5.07711,6.585000000000008,8.31495,TRUE,5.377999999999986,both,NA
US-Mo2,2018,GRA,AmeriFlux,68.6128,0.952454,4.10979,2.7168000000000063,4.9266,TRUE,70.8306,0.949258,4.07923,6.671149999999997,7.81947,TRUE,-2.217800000000011,both,NA
US-Mo2,2019,GRA,AmeriFlux,14.0707,0.949258,4.09845,5.168514999999999,6.59628,TRUE,13.5923,0.943151,4.1152,2.972715,5.07662,TRUE,0.4784000000000006,both,NA
US-Mo2,2020,GRA,AmeriFlux,-88.6922,0.92344,4.20774,15.62585,16.1822,TRUE,-85.2128,0.922416,4.18436,16.7919,17.3054,TRUE,-3.4793999999999983,both,NA
US-Mo2,2021,GRA,AmeriFlux,88.145,0.881906,3.79118,12.841149999999999,13.3891,TRUE,90.0947,0.881906,3.80249,12.644550000000002,13.2039,TRUE,-1.949700000000007,both,NA
US-Mo2,2022,GRA,AmeriFlux,-54.0544,0.920377,4.10152,14.878949999999996,15.4339,TRUE,-59.0703,0.923231,4.09277,13.279900000000001,13.8963,TRUE,5.015900000000002,both,NA
US-Mo2,2023,GRA,AmeriFlux,NA,NA,NA,NA,NA,FALSE,NA,NA,NA,NA,NA,FALSE,NA,neither,no_value
US-Mo2,2024,GRA,AmeriFlux,-100.292,0.961692,4.52242,34.4751,34.7703,TRUE,-115.511,0.967839,4.56337,16.620650000000005,17.2357,TRUE,15.218999999999994,both,NA
US-Mo3,2016,CRO,AmeriFlux,NA,NA,NA,NA,NA,FALSE,NA,NA,NA,NA,NA,FALSE,NA,neither,no_value
US-Mo3,2017,CRO,AmeriFlux,-412.82,0.975228,5.07242,10.141999999999996,11.3399,TRUE,-414.415,0.9746,4.97798,9.483000000000004,10.7099,TRUE,1.5950000000000273,both,NA
US-Mo3,2018,CRO,AmeriFlux,-177.03,0.977626,4.98918,52.367999999999995,52.605,TRUE,-200.202,0.981849,5.09978,45.537000000000006,45.8215,TRUE,23.171999999999997,both,NA
US-Mo3,2019,CRO,AmeriFlux,-192.799,0.937614,4.20545,9.985,10.8344,TRUE,-192.97,0.937728,4.2049,8.40249999999999,9.39587,TRUE,0.17099999999999227,both,NA
US-Mo3,2020,CRO,AmeriFlux,-496.38,0.969775,5.50022,2.632000000000005,6.09757,TRUE,-492.873,0.969205,5.39333,2.8064999999999998,6.07988,TRUE,-3.507000000000005,both,NA
US-Mo3,2021,CRO,AmeriFlux,-65.096,0.916324,3.50708,2.2666499999999985,4.17581,TRUE,-62.1732,0.91484,3.48609,2.6753,4.39431,TRUE,-2.9228000000000023,both,NA
US-Mo3,2022,CRO,AmeriFlux,-243.935,0.956164,4.30641,10.725499999999997,11.5579,TRUE,-243.788,0.956336,4.30757,13.953000000000003,14.6031,TRUE,-0.14699999999999136,both,NA
US-Mo3,2023,CRO,AmeriFlux,-560.265,0.915753,5.26577,5.0504999999999995,7.29625,TRUE,-560.396,0.916838,5.26285,5.637999999999977,7.71272,TRUE,0.1309999999999718,both,NA
US-Mpj,2008,WSA,AmeriFlux,-129.112,0.869592,1.39757,11.560499999999998,11.6444,TRUE,-136.87,0.897883,1.39642,5.429500000000004,5.60627,TRUE,7.75800000000001,both,NA
US-Mpj,2009,WSA,AmeriFlux,-123.143,0.964612,1.17602,9.153500000000008,9.22907,TRUE,-124.255,0.977511,1.19724,3.863999999999997,4.04538,TRUE,1.1119999999999948,both,NA
US-Mpj,2010,WSA,AmeriFlux,-199.018,0.964098,1.46999,12.213999999999999,12.3021,TRUE,-204.129,0.968379,1.4925,8.49300000000001,8.62341,TRUE,5.11099999999999,both,NA
US-Mpj,2011,WSA,AmeriFlux,-96.9514,0.946689,1.46007,15.86985,15.937,TRUE,-99.7141,0.947717,1.45696,13.9131,13.989,TRUE,2.7626999999999953,both,NA
US-Mpj,2012,WSA,AmeriFlux,NA,NA,NA,NA,NA,FALSE,NA,NA,NA,NA,NA,FALSE,NA,neither,no_value
US-Mpj,2013,WSA,AmeriFlux,-67.9309,0.974087,1.52182,5.482300000000002,5.6896,TRUE,-69.0928,0.97734,1.52874,6.611699999999999,6.78616,TRUE,1.1619000000000028,both,NA
US-Mpj,2014,WSA,AmeriFlux,-9.55676,0.932705,1.60144,14.28623,14.3757,TRUE,-11.7263,0.934532,1.61663,14.87861,14.9662,TRUE,2.1695399999999996,both,NA
US-Mpj,2015,WSA,AmeriFlux,-100.759,0.928881,1.58695,1.542349999999999,2.2129,TRUE,-102.129,0.928196,1.59607,3.1433999999999997,3.52549,TRUE,1.3700000000000045,both,NA
US-Mpj,2016,WSA,AmeriFlux,-137.596,0.909722,1.56904,3.5315000000000083,3.86423,TRUE,-136.673,0.90699,1.57788,3.605499999999992,3.93566,TRUE,-0.9230000000000018,both,NA
US-Mpj,2017,WSA,AmeriFlux,-142.116,0.965068,1.68724,13.106500000000011,13.2145,TRUE,-139.614,0.962728,1.69222,15.4835,15.5758,TRUE,-2.5020000000000095,both,NA
US-Mpj,2018,WSA,AmeriFlux,-108.015,0.935502,1.45542,2.628999999999998,3.00499,TRUE,-108.871,0.932705,1.43211,2.575000000000003,2.94676,TRUE,0.8559999999999945,both,NA
US-Mpj,2019,WSA,AmeriFlux,-35.3698,0.976598,1.29714,5.874149999999998,6.01567,TRUE,-33.6158,0.969406,1.29347,5.980250000000002,6.11852,TRUE,-1.7539999999999978,both,NA
US-Mpj,2020,WSA,AmeriFlux,-36.2238,0.971539,1.18178,4.777899999999999,4.92191,TRUE,-33.9628,0.963969,1.18214,5.947649999999999,6.06399,TRUE,-2.2609999999999957,both,NA
US-Mpj,2021,WSA,AmeriFlux,-135.474,0.977911,1.79793,6.620499999999993,6.86069,TRUE,-126.326,0.965868,1.76867,13.579500000000003,13.6939,TRUE,-9.147999999999996,both,NA
US-Mpj,2022,WSA,AmeriFlux,13.4715,0.976826,1.48476,11.8746875,11.9671,TRUE,21.7515,0.965525,1.49847,12.852895,12.94,TRUE,-8.28,both,NA
US-Mpj,2023,WSA,AmeriFlux,-4.92828,0.970662,1.3319,10.206565,10.2931,TRUE,4.89585,0.9621,1.32999,16.43365,16.4874,TRUE,-9.82413,both,NA
US-Mpj,2024,WSA,AmeriFlux,-91.6305,0.970742,1.45695,10.237950000000005,10.3411,TRUE,-77.6248,0.957935,1.3905,15.464299999999994,15.5267,TRUE,-14.005700000000004,both,NA
US-Mpj,2025,WSA,AmeriFlux,-102.175,0.976541,1.40599,3.043700000000001,3.35289,TRUE,-96.8627,0.965582,1.35916,7.3344999999999985,7.45955,TRUE,-5.312299999999993,both,NA
US-MtB,2009,ENF,AmeriFlux,NA,NA,NA,NA,NA,FALSE,NA,NA,NA,NA,NA,FALSE,NA,neither,no_value
US-MtB,2010,ENF,AmeriFlux,-442.439,0.608105,4.19769,31.341500000000025,31.6216,TRUE,-439.184,0.608105,4.18778,80.811,80.9195,TRUE,-3.2549999999999955,both,NA
US-MtB,2011,ENF,AmeriFlux,NA,NA,NA,NA,NA,FALSE,NA,NA,NA,67.7405,NA,FALSE,NA,neither,no_value
US-MtB,2012,ENF,AmeriFlux,NA,NA,NA,NA,NA,FALSE,NA,NA,NA,NA,NA,FALSE,NA,neither,no_value
US-MtB,2013,ENF,AmeriFlux,NA,NA,NA,NA,NA,FALSE,NA,NA,NA,NA,NA,FALSE,NA,neither,no_value
US-MtB,2014,ENF,AmeriFlux,NA,NA,NA,NA,NA,FALSE,NA,NA,NA,NA,NA,FALSE,NA,neither,no_value
US-MtB,2015,ENF,AmeriFlux,-363.678,0.71524,6.3099,23.122500000000002,23.9682,TRUE,-378.154,0.708162,6.3774,26.28200000000001,27.0447,TRUE,14.475999999999999,both,NA
US-MtB,2016,ENF,AmeriFlux,-342.818,0.813183,4.26247,93.11499999999998,93.2127,TRUE,-335.861,0.772086,4.17897,88.114,88.2129,TRUE,-6.956999999999994,both,NA
US-MtB,2017,ENF,AmeriFlux,-558.938,0.85879,4.99837,86.07399999999998,86.2189,TRUE,-478.931,0.686872,5.00641,60.37949999999998,60.5864,TRUE,-80.007,both,NA
US-MtB,2018,ENF,AmeriFlux,-640.89,0.864041,7.65006,141.52450000000002,141.731,TRUE,-405.931,0.635274,8.3776,94.70499999999998,95.0745,TRUE,-234.959,both,NA
US-MtB,2019,ENF,AmeriFlux,-471.413,0.530993,4.93971,141.55999999999997,141.646,TRUE,-465.798,0.51621,5.17978,68.84500000000003,69.0397,TRUE,-5.615000000000009,both,NA
US-MtB,2020,ENF,AmeriFlux,-240.996,0.768556,5.37622,17.36250000000001,18.1762,TRUE,-239.047,0.768955,5.45198,24.494500000000002,25.0938,TRUE,-1.9490000000000123,both,NA
US-MtB,2021,ENF,AmeriFlux,-287.258,0.621347,3.9381,41.18700000000001,41.3747,TRUE,-298.345,0.651199,3.85098,53.46700000000001,53.6056,TRUE,11.087000000000046,both,NA
US-MtB,2022,ENF,AmeriFlux,-466.914,0.746632,4.1037,15.222499999999997,15.7659,TRUE,-470.567,0.774715,4.04103,16.239499999999992,16.7347,TRUE,3.65300000000002,both,NA
US-MtB,2023,ENF,AmeriFlux,-495.544,0.781107,3.33816,24.055999999999983,24.2864,TRUE,-480.494,0.805479,3.45749,25.650499999999994,25.8825,TRUE,-15.049999999999955,both,NA
US-MtB,2024,ENF,AmeriFlux,-460.71,0.661031,4.73088,21.781000000000006,22.2891,TRUE,-434.545,0.699909,4.56782,20.935000000000002,21.4274,TRUE,-26.164999999999964,both,NA
US-Myb,2010,WET,AmeriFlux,NA,NA,NA,NA,NA,FALSE,NA,NA,NA,NA,NA,FALSE,NA,neither,no_value
US-Myb,2011,WET,AmeriFlux,230.968,0.72403,4.20428,35.141000000000005,35.3914,TRUE,186.725,0.747945,4.1666,140.86,140.922,TRUE,44.242999999999995,both,NA
US-Myb,2012,WET,AmeriFlux,-304.568,0.839936,6.83275,13.440500000000014,15.0773,TRUE,-332.013,0.893272,6.80531,25.200500000000005,26.103,TRUE,27.444999999999993,both,NA
US-Myb,2013,WET,AmeriFlux,69.7693,0.92871,3.84935,4.519500000000001,5.93661,TRUE,64.1555,0.948459,3.9467,13.187699999999996,13.7656,TRUE,5.613799999999998,both,NA
US-Myb,2014,WET,AmeriFlux,-240.806,0.892751,3.37657,8.611500000000007,9.2501,TRUE,-252.554,0.937043,3.43871,11.049499999999995,11.5724,TRUE,11.74799999999999,both,NA
US-Myb,2015,WET,AmeriFlux,-386.154,0.884018,4.09725,22.128500000000003,22.5046,TRUE,-396.351,0.897489,3.63934,29.54400000000001,29.7671,TRUE,10.197000000000003,both,NA
US-Myb,2016,WET,AmeriFlux,36.2877,0.931808,3.09437,21.000065,21.2268,TRUE,35.171,0.93454,3.09179,34.023334999999996,34.1635,TRUE,1.1167000000000016,both,NA
US-Myb,2017,WET,AmeriFlux,-554.095,0.834418,3.95937,48.57249999999999,48.7335,TRUE,-560.056,0.864897,3.84847,31.750499999999988,31.9827,TRUE,5.961000000000013,both,NA
US-Myb,2018,WET,AmeriFlux,-770.777,0.817123,3.92635,62.5505,62.6737,TRUE,-747.931,0.870947,3.97263,49.206500000000005,49.3664,TRUE,-22.846000000000004,both,NA
US-Myb,2019,WET,AmeriFlux,-436.315,0.884703,3.74746,36.113,36.3068,TRUE,-419.4,0.902626,3.70083,37.20349999999999,37.387,TRUE,-16.91500000000002,both,NA
US-Myb,2020,WET,AmeriFlux,-467.88,0.924863,3.68392,12.629500000000007,13.1561,TRUE,-460.223,0.949909,3.78797,23.484499999999997,23.7881,TRUE,-7.656999999999982,both,NA
US-Myb,2021,WET,AmeriFlux,-662.558,0.842808,3.89418,48.54399999999998,48.7,TRUE,-658.249,0.876142,3.70891,84,84.082,TRUE,-4.308999999999969,both,NA
US-Myb,2022,WET,AmeriFlux,-484.526,0.73339,3.94813,16.156499999999994,16.6318,TRUE,-490.638,0.806279,3.7788,13.02600000000001,13.5633,TRUE,6.111999999999966,both,NA
US-Myb,2023,WET,AmeriFlux,-365.001,0.877511,3.58149,19.956999999999994,20.2755,TRUE,-364.353,0.953025,3.67798,25.305999999999983,25.5722,TRUE,-0.6479999999999677,both,NA
US-Myb,2024,WET,AmeriFlux,-466.869,0.823941,3.95502,6.683499999999981,7.76592,TRUE,-472.039,0.941029,3.61886,8.397999999999996,9.14465,TRUE,5.169999999999959,both,NA
US-Myb,2025,WET,AmeriFlux,NA,NA,NA,NA,NA,FALSE,NA,NA,NA,NA,NA,FALSE,NA,neither,no_value
US-NC1,2005,ENF,AmeriFlux,658.561,0.850742,4.85528,35.74350000000004,36.0717,TRUE,710.873,0.811073,4.25304,34.733000000000004,34.9924,TRUE,-52.31200000000001,both,NA
US-NC1,2006,ENF,AmeriFlux,254.501,0.90371,4.13781,31.038999999999987,31.3137,TRUE,307.739,0.867123,3.74761,40.2555,40.4298,TRUE,-53.23799999999997,both,NA
US-NC1,2007,ENF,AmeriFlux,223.141,0.922603,3.66834,14.4315,14.8906,TRUE,223.466,0.898231,3.54167,35.19,35.3682,TRUE,-0.32500000000001705,both,NA
US-NC1,2008,ENF,AmeriFlux,NA,NA,NA,NA,NA,FALSE,NA,NA,NA,NA,NA,FALSE,NA,neither,no_value
US-NC1,2009,ENF,AmeriFlux,-283.443,0.911758,5.22687,12.578000000000003,13.6209,TRUE,-285.515,0.917922,5.34321,21.774,22.4201,TRUE,2.0720000000000027,both,NA
US-NC1,2010,ENF,AmeriFlux,-415.16,0.889098,5.42132,21.340000000000003,22.0177,TRUE,-446.836,0.914441,5.42124,53.583999999999975,53.8573,TRUE,31.675999999999988,both,NA
US-NC1,2011,ENF,AmeriFlux,-154.786,0.891495,5.90348,41.318999999999996,41.7387,TRUE,-238.406,0.923231,6.76265,72.85149999999999,73.1644,TRUE,83.62,both,NA
US-NC1,2012,ENF,AmeriFlux,428.071,0.878358,9.82371,31.680499999999995,33.1686,TRUE,417.55,0.945071,10.4415,128.447,128.87,TRUE,10.521000000000015,both,NA
US-NC2,2005,ENF,AmeriFlux,-596.361,0.933162,8.04557,13.14349999999996,15.4104,TRUE,-582.358,0.922089,7.93084,53.057500000000005,53.6469,TRUE,-14.003000000000043,both,NA
US-NC2,2006,ENF,AmeriFlux,-1166.47,0.955993,9.84749,24.215000000000032,26.1389,TRUE,-1166.46,0.955479,9.84748,28.49000000000001,30.1409,TRUE,-0.009999999999990905,both,NA
US-NC2,2007,ENF,AmeriFlux,-829.7,0.929623,7.49048,33.60849999999999,34.433,TRUE,-834.485,0.927397,7.4805,33.41550000000001,34.2425,TRUE,4.784999999999968,both,NA
US-NC2,2008,ENF,AmeriFlux,-750.172,0.796334,11.0869,21.10899999999998,23.8435,TRUE,-770.727,0.79235,11.5498,20.150499999999965,23.2259,TRUE,20.55499999999995,both,NA
US-NC2,2009,ENF,AmeriFlux,-1010.49,0.837386,8.61425,18.782500000000027,20.6617,TRUE,-1028.28,0.830023,8.4708,39.21500000000003,40.1211,TRUE,17.789999999999964,both,NA
US-NC2,2010,ENF,AmeriFlux,-569.134,0.937614,7.79297,31.031499999999994,31.995,TRUE,-577.488,0.930765,7.48708,28.53249999999997,29.4984,TRUE,8.354000000000042,both,NA
US-NC2,2011,ENF,AmeriFlux,NA,NA,NA,NA,NA,FALSE,NA,NA,NA,NA,NA,FALSE,NA,neither,no_value
US-NC2,2012,ENF,AmeriFlux,NA,NA,NA,NA,NA,FALSE,NA,NA,NA,NA,NA,FALSE,NA,neither,no_value
US-NC2,2013,ENF,AmeriFlux,-734.335,0.964212,7.22774,46.53649999999999,47.0947,TRUE,-754.146,0.974201,7.80258,24.45750000000004,25.672,TRUE,19.810999999999922,both,NA
US-NC2,2014,ENF,AmeriFlux,-626.36,0.719863,10.5022,27.061499999999967,29.028,TRUE,-648.342,0.72089,10.5486,21.596499999999992,24.035,TRUE,21.98199999999997,both,NA
US-NC2,2015,ENF,AmeriFlux,-1077.94,0.749543,17.569,158.88699999999994,159.854,TRUE,-1070.45,0.750514,16.786,138.85250000000002,139.861,TRUE,-7.490000000000009,both,NA
US-NC2,2016,ENF,AmeriFlux,-789.82,0.96061,8.85125,28.63100000000003,29.968,TRUE,-784.965,0.949055,8.41541,28.949000000000012,30.1472,TRUE,-4.855000000000018,both,NA
US-NC2,2017,ENF,AmeriFlux,-806.436,0.95605,9.92652,23.60300000000001,25.6053,TRUE,-827.923,0.950342,9.90585,27.379500000000007,29.1163,TRUE,21.486999999999966,both,NA
US-NC2,2018,ENF,AmeriFlux,-701.867,0.755879,11.3729,10.015500000000031,15.1543,TRUE,-696.188,0.740354,11.1902,29.975000000000023,31.9954,TRUE,-5.678999999999974,both,NA
US-NC2,2019,ENF,AmeriFlux,-361.79,0.903995,9.58041,9.907999999999987,13.7824,TRUE,-347.152,0.891039,9.45781,22.062999999999988,24.0048,TRUE,-14.638000000000034,both,NA
US-NC2,2020,ENF,AmeriFlux,743.518,0.811418,8.76998,101.99699999999996,102.373,TRUE,789.227,0.783413,8.16294,74.07999999999998,74.5282,TRUE,-45.708999999999946,both,NA
US-NC2,2021,ENF,AmeriFlux,478.55,0.836872,5.43855,40.69999999999999,41.0619,TRUE,460.621,0.73984,4.639,39.0625,39.3367,TRUE,17.92900000000003,both,NA
US-NC2,2022,ENF,AmeriFlux,19.9184,0.762329,7.07782,10.176099999999998,12.3955,TRUE,11.6621,0.611587,7.25021,30.1579014,31.0172,TRUE,8.256299999999998,both,NA
US-NC2,2023,ENF,AmeriFlux,-218.689,0.905251,6.0138,25.391500000000008,26.094,TRUE,-114.709,0.73984,7.09704,136.91805,137.102,TRUE,-103.97999999999999,both,NA
US-NC2,2024,ENF,AmeriFlux,NA,NA,NA,NA,NA,FALSE,NA,NA,NA,NA,NA,FALSE,NA,neither,no_value
US-NC2,2025,ENF,AmeriFlux,NA,NA,NA,NA,NA,FALSE,NA,NA,NA,NA,NA,FALSE,NA,neither,no_value
US-NC3,2013,ENF,AmeriFlux,NA,NA,NA,NA,NA,FALSE,NA,NA,NA,NA,NA,FALSE,NA,neither,no_value
US-NC3,2014,ENF,AmeriFlux,838.234,0.763984,9.47407,62.845500000000015,63.5559,TRUE,875.86,0.750342,9.71707,48.525499999999965,49.4885,TRUE,-37.625999999999976,both,NA
US-NC3,2015,ENF,AmeriFlux,587.975,0.781221,11.9782,176.74649999999997,177.152,TRUE,626.086,0.763185,11.3203,27.637500000000045,29.8658,TRUE,-38.11099999999999,both,NA
US-NC3,2016,ENF,AmeriFlux,179.187,0.959927,10.0669,52.1947,53.1567,TRUE,109.011,0.951218,9.83966,61.290850000000006,62.0759,TRUE,70.17600000000002,both,NA
US-NC3,2017,ENF,AmeriFlux,36.9433,0.956279,7.9708,8.75395,11.8392,TRUE,29.5962,0.955708,7.8879,12.86205,15.0881,TRUE,7.347100000000001,both,NA
US-NC3,2018,ENF,AmeriFlux,-233.865,0.977683,9.64873,22.315500000000014,24.3123,TRUE,-229.089,0.978767,9.75221,29.88499999999999,31.436,TRUE,-4.7760000000000105,both,NA
US-NC3,2019,ENF,AmeriFlux,-208.412,0.925913,8.87989,55.20400000000001,55.9137,TRUE,-236.485,0.931336,8.85129,56.00350000000002,56.6986,TRUE,28.073000000000008,both,NA
US-NC3,2020,ENF,AmeriFlux,NA,NA,NA,NA,NA,FALSE,NA,NA,NA,NA,NA,FALSE,NA,neither,no_value
US-NC3,2021,ENF,AmeriFlux,NA,NA,NA,NA,NA,FALSE,NA,NA,NA,NA,NA,FALSE,NA,neither,no_value
US-NC4,2009,WET,AmeriFlux,NA,NA,NA,NA,NA,FALSE,NA,NA,NA,NA,NA,FALSE,NA,neither,no_value
US-NC4,2010,WET,AmeriFlux,NA,NA,NA,NA,NA,FALSE,-20.9961,0.89726,14.1122,43.2901,45.5322,TRUE,NA,CUT_only,NA
US-NC4,2011,WET,AmeriFlux,NA,NA,NA,NA,NA,FALSE,290.909,0.903995,15.8334,27.561999999999998,31.7863,TRUE,NA,CUT_only,NA
US-NC4,2012,WET,AmeriFlux,NA,NA,NA,NA,NA,FALSE,NA,NA,NA,NA,NA,FALSE,NA,neither,no_value
US-NC4,2013,WET,AmeriFlux,NA,NA,NA,NA,NA,FALSE,NA,NA,NA,NA,NA,FALSE,NA,neither,no_value
US-NC4,2014,WET,AmeriFlux,NA,NA,NA,NA,NA,FALSE,-41.0472,0.84258,8.73935,28.474305,29.7853,TRUE,NA,CUT_only,NA
US-NC4,2015,WET,AmeriFlux,NA,NA,NA,NA,NA,FALSE,NA,NA,NA,NA,NA,FALSE,NA,neither,no_value
US-NC4,2016,WET,AmeriFlux,NA,NA,NA,NA,NA,FALSE,250.34,0.731216,8.76666,32.3865,33.5521,TRUE,NA,CUT_only,NA
US-NC4,2017,WET,AmeriFlux,NA,NA,NA,NA,NA,FALSE,332.6,0.742922,12.2467,25.287000000000006,28.0967,TRUE,NA,CUT_only,NA
US-NC4,2018,WET,AmeriFlux,NA,NA,NA,NA,NA,FALSE,-617.689,0.914783,9.54836,84.11199999999997,84.652,TRUE,NA,CUT_only,NA
US-NC4,2019,WET,AmeriFlux,NA,NA,NA,NA,NA,FALSE,-558.07,0.898116,7.9829,79.69849999999997,80.0972,TRUE,NA,CUT_only,NA
US-NC4,2020,WET,AmeriFlux,NA,NA,NA,NA,NA,FALSE,NA,NA,NA,NA,NA,FALSE,NA,neither,no_value
US-NC4,2021,WET,AmeriFlux,NA,NA,NA,NA,NA,FALSE,NA,NA,NA,NA,NA,FALSE,NA,neither,no_value
US-NC4,2022,WET,AmeriFlux,NA,NA,NA,NA,NA,FALSE,NA,NA,NA,NA,NA,FALSE,NA,neither,no_value
US-NC4,2023,WET,AmeriFlux,NA,NA,NA,NA,NA,FALSE,NA,NA,NA,NA,NA,FALSE,NA,neither,no_value
US-NC4,2024,WET,AmeriFlux,NA,NA,NA,NA,NA,FALSE,NA,NA,NA,NA,NA,FALSE,NA,neither,no_value
US-NC4,2025,WET,AmeriFlux,NA,NA,NA,NA,NA,FALSE,NA,NA,NA,NA,NA,FALSE,NA,neither,no_value
US-NC5,2025,ENF,AmeriFlux,NA,NA,NA,NA,NA,FALSE,NA,NA,NA,NA,NA,FALSE,NA,neither,no_value
US-NGB,2012,SNO,AmeriFlux,NA,NA,NA,NA,NA,FALSE,NA,NA,NA,NA,NA,FALSE,NA,neither,no_value
US-NGB,2013,SNO,AmeriFlux,NA,NA,NA,NA,NA,FALSE,NA,NA,NA,NA,NA,FALSE,NA,neither,no_value
US-NGB,2014,SNO,AmeriFlux,NA,NA,NA,NA,NA,FALSE,NA,NA,NA,NA,NA,FALSE,NA,neither,no_value
US-NGB,2015,SNO,AmeriFlux,NA,NA,NA,NA,NA,FALSE,NA,NA,NA,NA,NA,FALSE,NA,neither,no_value
US-NGB,2016,SNO,AmeriFlux,NA,NA,NA,NA,NA,FALSE,NA,NA,NA,NA,NA,FALSE,NA,neither,no_value
US-NGB,2017,SNO,AmeriFlux,NA,NA,NA,NA,NA,FALSE,NA,NA,NA,NA,NA,FALSE,NA,neither,no_value
US-NGB,2018,SNO,AmeriFlux,NA,NA,NA,NA,NA,FALSE,NA,NA,NA,NA,NA,FALSE,NA,neither,no_value
US-NGB,2019,SNO,AmeriFlux,NA,NA,NA,NA,NA,FALSE,NA,NA,NA,NA,NA,FALSE,NA,neither,no_value
US-NGB,2020,SNO,AmeriFlux,NA,NA,NA,NA,NA,FALSE,NA,NA,NA,NA,NA,FALSE,NA,neither,no_value
US-NGB,2021,SNO,AmeriFlux,NA,NA,NA,NA,NA,FALSE,NA,NA,NA,NA,NA,FALSE,NA,neither,no_value
US-NGB,2022,SNO,AmeriFlux,NA,NA,NA,NA,NA,FALSE,NA,NA,NA,NA,NA,FALSE,NA,neither,no_value
US-NGB,2023,SNO,AmeriFlux,NA,NA,NA,NA,NA,FALSE,NA,NA,NA,NA,NA,FALSE,NA,neither,no_value
US-NGC,2017,GRA,AmeriFlux,NA,NA,NA,NA,NA,FALSE,NA,NA,NA,NA,NA,FALSE,NA,neither,no_value
US-NGC,2018,GRA,AmeriFlux,NA,NA,NA,NA,NA,FALSE,NA,NA,NA,NA,NA,FALSE,NA,neither,no_value
US-NGC,2019,GRA,AmeriFlux,NA,NA,NA,5.856099999999998,NA,FALSE,NA,NA,NA,9.913249999999998,NA,FALSE,NA,neither,no_value
US-NGC,2020,GRA,AmeriFlux,NA,NA,NA,NA,NA,FALSE,NA,NA,NA,NA,NA,FALSE,NA,neither,no_value
US-NGC,2021,GRA,AmeriFlux,NA,NA,NA,NA,NA,FALSE,NA,NA,NA,NA,NA,FALSE,NA,neither,no_value
US-NGC,2022,GRA,AmeriFlux,NA,NA,NA,NA,NA,FALSE,NA,NA,NA,NA,NA,FALSE,NA,neither,no_value
US-NGC,2023,GRA,AmeriFlux,NA,NA,NA,NA,NA,FALSE,NA,NA,NA,NA,NA,FALSE,NA,neither,no_value
US-NR1,1998,ENF,AmeriFlux,NA,NA,NA,NA,NA,FALSE,NA,NA,NA,NA,NA,FALSE,NA,neither,no_value
US-NR1,1999,ENF,AmeriFlux,NA,NA,NA,NA,NA,FALSE,NA,NA,NA,NA,NA,FALSE,NA,neither,no_value
US-NR1,2000,ENF,AmeriFlux,NA,NA,NA,NA,NA,FALSE,-212.985,0.962375,3.1002,2.51700000000001,3.99349,TRUE,NA,CUT_only,NA
US-NR1,2001,ENF,AmeriFlux,NA,NA,NA,NA,NA,FALSE,-221.453,0.971747,3.10147,4.587000000000003,5.53732,TRUE,NA,CUT_only,NA
US-NR1,2002,ENF,AmeriFlux,NA,NA,NA,NA,NA,FALSE,-137.459,0.917523,2.79254,1.8995000000000033,3.37743,TRUE,NA,CUT_only,NA
US-NR1,2003,ENF,AmeriFlux,NA,NA,NA,NA,NA,FALSE,-135.567,0.92226,3.4193,9.022999999999996,9.64934,TRUE,NA,CUT_only,NA
US-NR1,2004,ENF,AmeriFlux,NA,NA,NA,NA,NA,FALSE,-142.133,0.917065,3.11807,5.209999999999994,6.07178,TRUE,NA,CUT_only,NA
US-NR1,2005,ENF,AmeriFlux,NA,NA,NA,NA,NA,FALSE,-129.852,0.94258,2.82593,6.657499999999999,7.23262,TRUE,NA,CUT_only,NA
US-NR1,2006,ENF,AmeriFlux,NA,NA,NA,NA,NA,FALSE,-153.486,0.951712,3.19121,7.784000000000006,8.41245,TRUE,NA,CUT_only,NA
US-NR1,2007,ENF,AmeriFlux,NA,NA,NA,NA,NA,FALSE,-174.464,0.958562,3.30185,8.215999999999994,8.85445,TRUE,NA,CUT_only,NA
US-NR1,2008,ENF,AmeriFlux,NA,NA,NA,NA,NA,FALSE,-174.809,0.977801,2.91475,4.813000000000002,5.6269,TRUE,NA,CUT_only,NA
US-NR1,2009,ENF,AmeriFlux,NA,NA,NA,NA,NA,FALSE,-178.985,0.928824,2.98738,9.247,9.71774,TRUE,NA,CUT_only,NA
US-NR1,2010,ENF,AmeriFlux,NA,NA,NA,NA,NA,FALSE,-180.539,0.957249,3.10647,2.902499999999989,4.25143,TRUE,NA,CUT_only,NA
US-NR1,2011,ENF,AmeriFlux,NA,NA,NA,NA,NA,FALSE,-192.894,0.980879,3.20441,9.180000000000007,9.72293,TRUE,NA,CUT_only,NA
US-NR1,2012,ENF,AmeriFlux,NA,NA,NA,NA,NA,FALSE,-184.208,0.965961,3.11031,8.206000000000003,8.7754,TRUE,NA,CUT_only,NA
US-NR1,2013,ENF,AmeriFlux,NA,NA,NA,NA,NA,FALSE,-139.875,0.98008,3.33026,6.810000000000002,7.58074,TRUE,NA,CUT_only,NA
US-NR1,2014,ENF,AmeriFlux,NA,NA,NA,NA,NA,FALSE,-197.159,0.976427,3.25433,13.990499999999997,14.364,TRUE,NA,CUT_only,NA
US-NR1,2015,ENF,AmeriFlux,NA,NA,NA,NA,NA,FALSE,-178.858,0.965126,2.77648,16.71549999999999,16.9441,TRUE,NA,CUT_only,NA
US-NR1,2016,ENF,AmeriFlux,NA,NA,NA,NA,NA,FALSE,NA,NA,NA,NA,NA,FALSE,NA,neither,no_value
US-NR1,2017,ENF,AmeriFlux,NA,NA,NA,NA,NA,FALSE,NA,NA,NA,NA,NA,FALSE,NA,neither,no_value
US-NR1,2018,ENF,AmeriFlux,NA,NA,NA,NA,NA,FALSE,NA,NA,NA,NA,NA,FALSE,NA,neither,no_value
US-NR1,2019,ENF,AmeriFlux,NA,NA,NA,NA,NA,FALSE,NA,NA,NA,NA,NA,FALSE,NA,neither,no_value
US-NR1,2020,ENF,AmeriFlux,NA,NA,NA,NA,NA,FALSE,NA,NA,NA,NA,NA,FALSE,NA,neither,no_value
US-NR1,2021,ENF,AmeriFlux,NA,NA,NA,NA,NA,FALSE,NA,NA,NA,NA,NA,FALSE,NA,neither,no_value
US-NR1,2022,ENF,AmeriFlux,NA,NA,NA,NA,NA,FALSE,NA,NA,NA,NA,NA,FALSE,NA,neither,no_value
US-NR1,2023,ENF,AmeriFlux,NA,NA,NA,NA,NA,FALSE,NA,NA,NA,NA,NA,FALSE,NA,neither,no_value
US-NR1,2024,ENF,AmeriFlux,NA,NA,NA,NA,NA,FALSE,-170.543,0.928108,2.90801,11.459000000000003,11.8223,TRUE,NA,CUT_only,NA
US-NR1,2025,ENF,AmeriFlux,NA,NA,NA,NA,NA,FALSE,NA,NA,NA,NA,NA,FALSE,NA,neither,no_value
US-NR3,2007,GRA,AmeriFlux,NA,NA,NA,NA,NA,FALSE,NA,NA,NA,NA,NA,FALSE,NA,neither,no_value
US-NR3,2008,GRA,AmeriFlux,NA,NA,NA,NA,NA,FALSE,382.437,0.437671,NA,141.971,NA,FALSE,NA,neither,fails_qc
US-NR3,2009,GRA,AmeriFlux,NA,NA,NA,NA,NA,FALSE,439.239,0.392865,NA,165.8755,NA,FALSE,NA,neither,fails_qc
US-NR3,2010,GRA,AmeriFlux,NA,NA,NA,NA,NA,FALSE,402.324,0.367637,NA,159.06149999999997,NA,FALSE,NA,neither,fails_qc
US-NR3,2011,GRA,AmeriFlux,NA,NA,NA,NA,NA,FALSE,NA,NA,NA,NA,NA,FALSE,NA,neither,no_value
US-NR3,2012,GRA,AmeriFlux,NA,NA,NA,NA,NA,FALSE,NA,NA,NA,NA,NA,FALSE,NA,neither,no_value
US-NR3,2013,GRA,AmeriFlux,NA,NA,NA,NA,NA,FALSE,558.48,0.410845,NA,177.4015,NA,FALSE,NA,neither,fails_qc
US-NR3,2014,GRA,AmeriFlux,NA,NA,NA,NA,NA,FALSE,436.182,0.577797,5.09345,118.89500000000001,119.004,TRUE,NA,CUT_only,NA
US-NR3,2015,GRA,AmeriFlux,NA,NA,NA,NA,NA,FALSE,NA,NA,NA,NA,NA,FALSE,NA,neither,no_value
US-NR3,2016,GRA,AmeriFlux,NA,NA,NA,NA,NA,FALSE,NA,NA,NA,NA,NA,FALSE,NA,neither,no_value
US-NR3,2017,GRA,AmeriFlux,NA,NA,NA,NA,NA,FALSE,NA,NA,NA,NA,NA,FALSE,NA,neither,no_value
US-NR3,2018,GRA,AmeriFlux,NA,NA,NA,NA,NA,FALSE,NA,NA,NA,NA,NA,FALSE,NA,neither,no_value
US-NR3,2019,GRA,AmeriFlux,NA,NA,NA,NA,NA,FALSE,NA,NA,NA,NA,NA,FALSE,NA,neither,no_value
US-NR3,2020,GRA,AmeriFlux,NA,NA,NA,NA,NA,FALSE,NA,NA,NA,NA,NA,FALSE,NA,neither,no_value
US-NR3,2021,GRA,AmeriFlux,NA,NA,NA,NA,NA,FALSE,537.586,0.795491,3.76248,180.7075,180.747,TRUE,NA,CUT_only,NA
US-NR3,2022,GRA,AmeriFlux,NA,NA,NA,NA,NA,FALSE,NA,NA,NA,NA,NA,FALSE,NA,neither,no_value
US-NR3,2023,GRA,AmeriFlux,NA,NA,NA,NA,NA,FALSE,NA,NA,NA,NA,NA,FALSE,NA,neither,no_value
US-NR3,2024,GRA,AmeriFlux,NA,NA,NA,NA,NA,FALSE,NA,NA,NA,NA,NA,FALSE,NA,neither,no_value
US-NSa,2023,CRO,AmeriFlux,NA,NA,NA,NA,NA,FALSE,NA,NA,NA,NA,NA,FALSE,NA,neither,no_value
US-NSa,2024,CRO,AmeriFlux,NA,NA,NA,NA,NA,FALSE,NA,NA,NA,NA,NA,FALSE,NA,neither,no_value
US-NSa,2025,CRO,AmeriFlux,NA,NA,NA,NA,NA,FALSE,NA,NA,NA,NA,NA,FALSE,NA,neither,no_value
US-NSb,2023,CRO,AmeriFlux,NA,NA,NA,NA,NA,FALSE,NA,NA,NA,NA,NA,FALSE,NA,neither,no_value
US-NSb,2024,CRO,AmeriFlux,NA,NA,NA,NA,NA,FALSE,NA,NA,NA,NA,NA,FALSE,NA,neither,no_value
US-NSb,2025,CRO,AmeriFlux,NA,NA,NA,NA,NA,FALSE,NA,NA,NA,NA,NA,FALSE,NA,neither,no_value
US-Ne1,2001,CRO,AmeriFlux,NA,NA,NA,NA,NA,FALSE,NA,NA,NA,NA,NA,FALSE,NA,neither,no_value
US-Ne1,2002,CRO,AmeriFlux,-439.515,0.953767,7.59526,46.664500000000004,47.2789,TRUE,-457.598,0.964155,7.66509,31.756,32.668,TRUE,18.083000000000027,both,NA
US-Ne1,2003,CRO,AmeriFlux,-325.709,0.92968,7.9088,58.387,58.92,TRUE,-340.885,0.942009,7.67763,38.174499999999995,38.9391,TRUE,15.175999999999988,both,NA
US-Ne1,2004,CRO,AmeriFlux,-320.818,0.95082,8.25661,34.116499999999974,35.1012,TRUE,-336.661,0.95423500000000006,8.25035,30.878500000000003,31.9621,TRUE,15.843000000000018,both,NA
US-Ne1,2005,CRO,AmeriFlux,-329.489,0.953881,7.61577,36.081500000000005,36.8763,TRUE,-328.955,0.953767,7.61876,41.0685,41.7691,TRUE,-0.5339999999999918,both,NA
US-Ne1,2006,CRO,AmeriFlux,-148.542,0.952626,8.51877,28.025000000000006,29.2913,TRUE,-130.94,0.949429,7.85276,32.69735,33.6274,TRUE,-17.602000000000004,both,NA
US-Ne1,2007,CRO,AmeriFlux,-429.531,0.947717,8.63568,17.237000000000023,19.2793,TRUE,-423.973,0.943836,8.53511,24.85250000000002,26.2772,TRUE,-5.557999999999993,both,NA
US-Ne1,2008,CRO,AmeriFlux,-471.612,0.950478,8.44499,3.997000000000014,9.34298,TRUE,-469.452,0.948998,8.44516,7.209000000000003,11.1035,TRUE,-2.160000000000025,both,NA
US-Ne1,2009,CRO,AmeriFlux,-548.171,0.948174,8.79614,8.3125,12.1023,TRUE,-550.866,0.954452,8.74099,11.363499999999988,14.3365,TRUE,2.6949999999999363,both,NA
US-Ne1,2010,CRO,AmeriFlux,-210.836,0.918265,8.05661,23.480999999999995,24.8247,TRUE,-214.008,0.922489,8.05701,27.851,28.9931,TRUE,3.171999999999997,both,NA
US-Ne1,2011,CRO,AmeriFlux,-88.1056,0.947032,7.63473,5.62565,9.48352,TRUE,-82.649,0.949315,7.69907,8.7147,11.6285,TRUE,-5.456599999999995,both,NA
US-Ne1,2012,CRO,AmeriFlux,-296.515,0.939435,7.37678,38.62549999999999,39.3239,TRUE,-307.435,0.946038,7.62714,45.399,46.0352,TRUE,10.920000000000016,both,NA
US-Ne1,2013,CRO,AmeriFlux,-377.433,0.954224,7.9129,24.233499999999992,25.4926,TRUE,-378.996,0.95411,7.89345,28.64700000000002,29.7144,TRUE,1.5629999999999882,both,NA
US-Ne1,2014,CRO,AmeriFlux,-313.278,0.969863,7.77759,20.482499999999987,21.9094,TRUE,-305.626,0.965753,7.79017,19.586000000000013,21.0786,TRUE,-7.652000000000044,both,NA
US-Ne1,2015,CRO,AmeriFlux,-478.13,0.898059,9.35544,11.914500000000004,15.1489,TRUE,-459.654,0.890753,9.04852,18.674499999999995,20.7508,TRUE,-18.476,both,NA
US-Ne1,2016,CRO,AmeriFlux,-366.981,0.984973,10.727,7.915500000000009,13.3311,TRUE,-367.438,0.975182,10.6547,7.282000000000011,12.9055,TRUE,0.45699999999999363,both,NA
US-Ne1,2017,CRO,AmeriFlux,-570.919,0.97911,9.74259,13.086000000000013,16.3146,TRUE,-557.271,0.965411,9.66789,14.425999999999988,17.3662,TRUE,-13.648000000000025,both,NA
US-Ne1,2018,CRO,AmeriFlux,-239.63,0.979566,7.61686,10.393999999999991,12.8861,TRUE,-245.672,0.974772,7.43746,10.450500000000005,12.8272,TRUE,6.042000000000002,both,NA
US-Ne1,2019,CRO,AmeriFlux,-51.8802,0.832877,6.41783,4.19425,7.66682,TRUE,-53.4623,0.828539,6.33951,4.634800000000002,7.85309,TRUE,1.582099999999997,both,NA
US-Ne1,2020,CRO,AmeriFlux,-427.936,0.978484,7.38166,20.224999999999994,21.5298,TRUE,-416.869,0.975182,6.97518,21.174499999999995,22.2936,TRUE,-11.06699999999995,both,NA
US-Ne1,2021,CRO,AmeriFlux,-635.572,0.975,12.9059,36.293000000000006,38.5194,TRUE,-624.657,0.961758,13.0135,46.247000000000014,48.0434,TRUE,-10.914999999999964,both,NA
US-Ne1,2022,CRO,AmeriFlux,-32.8853,0.935388,7.70907,29.423372500000003,30.4165,TRUE,-23.2449,0.925,7.56648,41.328450000000004,42.0154,TRUE,-9.6404,both,NA
US-Ne1,2023,CRO,AmeriFlux,-627.512,0.965868,11.1493,20.754500000000007,23.5599,TRUE,-606.924,0.948973,10.518,19.26750000000004,21.9511,TRUE,-20.587999999999965,both,NA
US-Ne1,2024,CRO,AmeriFlux,50.4152,0.971881,7.71554,9.927249999999997,12.573,TRUE,58.9694,0.955601,6.77302,12.146599999999996,13.9074,TRUE,-8.554200000000002,both,NA
US-Ne2,2001,CRO,AmeriFlux,NA,NA,NA,NA,NA,FALSE,NA,NA,NA,NA,NA,FALSE,NA,neither,no_value
US-Ne2,2002,CRO,AmeriFlux,NA,NA,NA,NA,NA,FALSE,NA,NA,NA,NA,NA,FALSE,NA,neither,no_value
US-Ne2,2003,CRO,AmeriFlux,-606.519,0.949201,10.3084,52.952999999999975,53.9472,TRUE,-602.81,0.940982,10.216,33.81700000000001,35.3264,TRUE,-3.70900000000006,both,NA
US-Ne2,2004,CRO,AmeriFlux,NA,NA,NA,NA,NA,FALSE,NA,NA,NA,NA,NA,FALSE,NA,neither,no_value
US-Ne2,2005,CRO,AmeriFlux,-505.176,0.951484,6.84526,38.33699999999999,38.9431,TRUE,-511.384,0.95742,6.97636,51.61449999999999,52.0837,TRUE,6.208000000000027,both,NA
US-Ne2,2006,CRO,AmeriFlux,69.2092,0.948516,6.43237,17.831400000000002,18.9561,TRUE,65.6924,0.952169,6.36202,23.0053,23.8688,TRUE,3.5167999999999893,both,NA
US-Ne2,2007,CRO,AmeriFlux,-568.017,0.928196,9.14392,23.299499999999966,25.0297,TRUE,-572.126,0.93242,9.08057,22.815500000000043,24.5562,TRUE,4.108999999999924,both,NA
US-Ne2,2008,CRO,AmeriFlux,69.5557,0.929303,7.03389,26.19045,27.1185,TRUE,71.0481,0.934654,6.71727,26.3215,27.1652,TRUE,-1.4924000000000035,both,NA
US-Ne2,2009,CRO,AmeriFlux,-802.114,0.954452,8.28134,7.196499999999958,10.9715,TRUE,-803.334,0.967808,8.31676,8.291499999999985,11.7439,TRUE,1.2199999999999136,both,NA
US-Ne2,2010,CRO,AmeriFlux,-240.595,0.921233,6.69238,38.31099999999999,38.8908,TRUE,-262.536,0.943265,8.00246,29.900499999999994,30.953,TRUE,21.941000000000003,both,NA
US-Ne2,2011,CRO,AmeriFlux,-287.072,0.928082,7.74363,21.341499999999996,22.7027,TRUE,-294.295,0.940183,7.84032,21.63300000000001,23.0099,TRUE,7.223000000000013,both,NA
US-Ne2,2012,CRO,AmeriFlux,-437.83,0.95173,7.41434,50.44800000000001,50.99,TRUE,-435.489,0.951617,7.3995,36.2225,36.9705,TRUE,-2.341000000000008,both,NA
US-Ne2,2013,CRO,AmeriFlux,-614.519,0.972032,7.89572,6.314999999999998,10.1106,TRUE,-614.837,0.965411,7.7699,5.960499999999968,9.79298,TRUE,0.31799999999998363,both,NA
US-Ne2,2014,CRO,AmeriFlux,79.0738,0.962671,6.89986,32.649699999999996,33.3706,TRUE,83.3611,0.962215,6.85498,32.128550000000004,32.8516,TRUE,-4.287299999999988,both,NA
US-Ne2,2015,CRO,AmeriFlux,-670.989,0.886301,8.62875,10.942000000000007,13.9351,TRUE,-665.992,0.883219,8.53061,9.741499999999974,12.9487,TRUE,-4.997000000000071,both,NA
US-Ne2,2016,CRO,AmeriFlux,-148.298,0.971539,7.60188,12.380500000000012,14.528,TRUE,-140.348,0.967782,7.64561,16.509500000000003,18.1936,TRUE,-7.949999999999989,both,NA
US-Ne2,2017,CRO,AmeriFlux,-803.84,0.975114,10.7848,8.741000000000042,13.8822,TRUE,-806.433,0.97032,10.8037,9.79000000000002,14.5796,TRUE,2.592999999999961,both,NA
US-Ne2,2018,CRO,AmeriFlux,127.68,0.970434,9.42053,26.683499999999995,28.298,TRUE,120.391,0.97226,9.46643,33.1795,34.5033,TRUE,7.2890000000000015,both,NA
US-Ne2,2019,CRO,AmeriFlux,-615.352,0.970434,9.00888,29.387,30.737,TRUE,-622.938,0.973858,9.15372,40.827499999999986,41.8411,TRUE,7.586000000000013,both,NA
US-Ne2,2020,CRO,AmeriFlux,-73.9704,0.969262,7.13638,27.83965,28.7397,TRUE,-72.6742,0.970059,7.04249,28.39295,29.2533,TRUE,-1.296199999999999,both,NA
US-Ne2,2021,CRO,AmeriFlux,-969.398,0.95879,10.6188,47.05799999999999,48.2436,TRUE,-968.979,0.960616,10.6877,37.230500000000006,38.734,TRUE,-0.4189999999999827,both,NA
US-Ne2,2022,CRO,AmeriFlux,26.1356,0.947717,7.46816,23.5365,24.6929,TRUE,22.2686,0.948174,7.5924,19.081205,20.5362,TRUE,3.867000000000001,both,NA
US-Ne2,2023,CRO,AmeriFlux,-663.283,0.903539,10.2417,36.017499999999984,37.4456,TRUE,-662.051,0.900913,10.1498,36.633500000000026,38.0135,TRUE,-1.231999999999971,both,NA
US-Ne2,2024,CRO,AmeriFlux,30.5525,0.970742,8.19417,25.78995,27.0604,TRUE,56.9101,0.963342,7.67621,32.54965,33.4425,TRUE,-26.3576,both,NA
US-Ne3,2001,CRO,AmeriFlux,NA,NA,NA,NA,NA,FALSE,NA,NA,NA,NA,NA,FALSE,NA,neither,no_value
US-Ne3,2002,CRO,AmeriFlux,66.9172,0.95274,4.86369,58.2575,58.46,TRUE,63.6005,0.956279,4.90573,41.22355,41.5145,TRUE,3.3166999999999973,both,NA
US-Ne3,2003,CRO,AmeriFlux,-335.909,0.921689,7.25127,57.315,57.7717,TRUE,-347.319,0.935388,7.6484,44.002999999999986,44.6626,TRUE,11.410000000000025,both,NA
US-Ne3,2004,CRO,AmeriFlux,59.5069,0.949909,5.80363,43.342,43.7289,TRUE,58.4041,0.954121,5.93211,27.5069,28.1393,TRUE,1.102800000000002,both,NA
US-Ne3,2005,CRO,AmeriFlux,-485.763,0.951256,6.32511,30.33850000000001,30.9907,TRUE,-487.931,0.952055,6.28984,30.011499999999984,30.6634,TRUE,2.1680000000000064,both,NA
US-Ne3,2006,CRO,AmeriFlux,-13.1084,0.947146,6.15294,10.863195,12.4847,TRUE,-14.0145,0.945205,6.17926,15.258469999999999,16.4622,TRUE,0.9061000000000003,both,NA
US-Ne3,2007,CRO,AmeriFlux,-404.391,0.926142,8.50621,24.3005,25.7463,TRUE,-404.405,0.926142,8.50622,28.844000000000023,30.0721,TRUE,0.013999999999953161,both,NA
US-Ne3,2008,CRO,AmeriFlux,2.25353,0.951161,6.82499,20.179299999999998,21.3022,TRUE,2.57402,0.951958,6.84237,20.27993,21.4031,TRUE,-0.32048999999999994,both,NA
US-Ne3,2009,CRO,AmeriFlux,-645.214,0.932991,7.08457,9.930999999999983,12.199,TRUE,-649.612,0.941438,7.48898,7.992999999999995,10.9532,TRUE,4.397999999999911,both,NA
US-Ne3,2010,CRO,AmeriFlux,-41.889,0.945776,6.58246,32.490649999999995,33.1507,TRUE,-65.7664,0.950457,7.08289,32.7152,33.4732,TRUE,23.8774,both,NA
US-Ne3,2011,CRO,AmeriFlux,-415.219,0.950114,7.09764,13.0625,14.8659,TRUE,-415.764,0.949772,7.09199,11.105499999999978,13.177,TRUE,0.5450000000000159,both,NA
US-Ne3,2012,CRO,AmeriFlux,46.8077,0.935906,4.66367,48.41077,48.6349,TRUE,52.716,0.931694,4.63754,46.573525000000004,46.8038,TRUE,-5.908300000000004,both,NA
US-Ne3,2013,CRO,AmeriFlux,-516.45,0.952397,6.94872,25.684499999999986,26.608,TRUE,-515.612,0.953995,6.87829,22.063999999999993,23.1111,TRUE,-0.8380000000000791,both,NA
US-Ne3,2014,CRO,AmeriFlux,85.9383,0.961644,5.27841,70.2188,70.4167,TRUE,88.2654,0.959475,5.27605,34.756550000000004,35.1546,TRUE,-2.3271000000000015,both,NA
US-Ne3,2015,CRO,AmeriFlux,NA,NA,NA,NA,NA,FALSE,NA,NA,NA,NA,NA,FALSE,NA,neither,no_value
US-Ne3,2016,CRO,AmeriFlux,-58.4483,0.885815,6.70899,56.67370000000001,57.0694,TRUE,-51.4488,0.875797,6.5561,12.423950000000001,14.0477,TRUE,-6.999500000000005,both,NA
US-Ne3,2017,CRO,AmeriFlux,-635.998,0.957648,9.02249,16.17199999999997,18.5186,TRUE,-636.004,0.957648,9.02262,19.76400000000001,21.7259,TRUE,0.005999999999971806,both,NA
US-Ne3,2018,CRO,AmeriFlux,-30.1138,0.961073,6.27044,24.55475,25.3427,TRUE,-35.129,0.967123,6.45846,32.89075,33.5189,TRUE,5.0151999999999965,both,NA
US-Ne3,2019,CRO,AmeriFlux,-504.634,0.966667,6.95201,6.67949999999999,9.64084,TRUE,-509.534,0.971233,6.86391,9.454500000000024,11.6832,TRUE,4.899999999999977,both,NA
US-Ne3,2020,CRO,AmeriFlux,-78.2791,0.968921,5.6781,25.625049999999995,26.2465,TRUE,-78.8986,0.969262,5.69954,26.41325,27.0213,TRUE,0.6195000000000022,both,NA
US-Ne3,2021,CRO,AmeriFlux,-619.893,0.959703,8.76709,21.10899999999998,22.8573,TRUE,-619.103,0.951142,8.36229,21.03800000000001,22.6391,TRUE,-0.7900000000000773,both,NA
US-Ne3,2022,CRO,AmeriFlux,76.0294,0.913813,5.76041,34.51795,34.9953,TRUE,85.4242,0.911644,5.64773,30.195200000000003,30.7188,TRUE,-9.394800000000004,both,NA
US-Ne3,2023,CRO,AmeriFlux,-451.582,0.958219,8.02194,8.188500000000005,11.4629,TRUE,-451.34,0.957534,7.99857,12.639999999999986,14.958,TRUE,-0.24200000000001864,both,NA
US-Ne3,2024,CRO,AmeriFlux,46.9996,0.951844,7.0271,28.74715,29.5935,TRUE,27.575,0.956853,7.0491,34.075540000000004,34.797,TRUE,19.4246,both,NA
US-ONA,2016,GRA,AmeriFlux,NA,NA,NA,NA,NA,FALSE,NA,NA,NA,NA,NA,FALSE,NA,neither,no_value
US-ONA,2017,GRA,AmeriFlux,-379.592,0.811815,6.43438,36.240500000000026,36.8075,TRUE,-379.805,0.811815,6.43545,33.18600000000001,33.8043,TRUE,0.21300000000002228,both,NA
US-ONA,2018,GRA,AmeriFlux,-434.998,0.850628,6.8023,10.335499999999996,12.3733,TRUE,-434.029,0.850628,6.80655,7.849500000000006,10.3893,TRUE,-0.9689999999999941,both,NA
US-ONA,2019,GRA,AmeriFlux,-199.147,0.994977,7.08484,11.461500000000001,13.4746,TRUE,-197.154,0.995205,7.24837,9.273999999999987,11.7706,TRUE,-1.992999999999995,both,NA
US-ONA,2020,GRA,AmeriFlux,-306.817,0.993739,5.3917,18.647500000000008,19.4112,TRUE,-303.849,0.993739,5.42842,19.05850000000001,19.8162,TRUE,-2.9680000000000177,both,NA
US-ONA,2021,GRA,AmeriFlux,-267.276,0.977283,7.45892,34.8125,35.6025,TRUE,-267.377,0.976941,7.47107,27.659999999999997,28.6515,TRUE,0.10099999999999909,both,NA
US-ONA,2022,GRA,AmeriFlux,-300.169,0.834589,5.63439,6.685500000000019,8.74317,TRUE,-303.629,0.829795,5.4477,14.756999999999977,15.7303,TRUE,3.4600000000000364,both,NA
US-OPE,2022,CRO,AmeriFlux,-30.7913,0.859817,6.21066,202.4755,202.571,TRUE,NA,NA,NA,NA,NA,FALSE,NA,VUT_only,NA
US-OWC,2015,WET,AmeriFlux,NA,NA,NA,NA,NA,FALSE,NA,NA,NA,NA,NA,FALSE,NA,neither,no_value
US-OWC,2016,WET,AmeriFlux,NA,NA,NA,NA,NA,FALSE,NA,NA,NA,NA,NA,FALSE,NA,neither,no_value
US-OWC,2017,WET,AmeriFlux,NA,NA,NA,NA,NA,FALSE,NA,NA,NA,NA,NA,FALSE,NA,neither,no_value
US-OWC,2018,WET,AmeriFlux,NA,NA,NA,NA,NA,FALSE,NA,NA,NA,NA,NA,FALSE,NA,neither,no_value
US-OWC,2019,WET,AmeriFlux,NA,NA,NA,NA,NA,FALSE,NA,NA,NA,NA,NA,FALSE,NA,neither,no_value
US-OWC,2020,WET,AmeriFlux,NA,NA,NA,NA,NA,FALSE,NA,NA,NA,NA,NA,FALSE,NA,neither,no_value
US-OWC,2021,WET,AmeriFlux,NA,NA,NA,NA,NA,FALSE,NA,NA,NA,NA,NA,FALSE,NA,neither,no_value
US-OWC,2022,WET,AmeriFlux,NA,NA,NA,NA,NA,FALSE,NA,NA,NA,NA,NA,FALSE,NA,neither,no_value
US-OWC,2023,WET,AmeriFlux,NA,NA,NA,NA,NA,FALSE,99.0276,0.93105,7.3942,55.1948,55.6879,TRUE,NA,CUT_only,NA
US-OWC,2024,WET,AmeriFlux,NA,NA,NA,NA,NA,FALSE,21.7059,0.68676,8.50469,41.30635,42.1728,TRUE,NA,CUT_only,NA
US-OWC,2025,WET,AmeriFlux,NA,NA,NA,NA,NA,FALSE,NA,NA,NA,NA,NA,FALSE,NA,neither,no_value
US-Oho,2004,DBF,AmeriFlux,-1050.7,0.866348,7.06358,84.10400000000004,84.402,TRUE,-1049.76,0.866519,7.06678,33.29400000000004,34.0353,TRUE,-0.9400000000000546,both,NA
US-Oho,2005,DBF,AmeriFlux,-881.826,0.819749,6.76553,25.70949999999999,26.5851,TRUE,-883.201,0.817922,6.64221,30.436500000000024,31.1528,TRUE,1.375,both,NA
US-Oho,2006,DBF,AmeriFlux,-806.321,0.92871,7.27458,10.02600000000001,12.3872,TRUE,-805.986,0.926027,7.21994,10.898500000000013,13.0731,TRUE,-0.3350000000000364,both,NA
US-Oho,2007,DBF,AmeriFlux,-916.239,0.718836,6.86639,32.13099999999997,32.8568,TRUE,-939.031,0.715982,6.92322,31.05899999999997,31.8217,TRUE,22.791999999999916,both,NA
US-Oho,2008,DBF,AmeriFlux,-867.272,0.794911,5.59413,10.866999999999962,12.2225,TRUE,-875.223,0.791382,5.50349,23.810000000000002,24.4379,TRUE,7.950999999999908,both,NA
US-Oho,2009,DBF,AmeriFlux,-875.235,0.874429,6.42456,14.017500000000041,15.4196,TRUE,-878.905,0.872089,6.34425,16.1755,17.3753,TRUE,3.669999999999959,both,NA
US-Oho,2010,DBF,AmeriFlux,-612.461,0.892979,4.95445,12.804500000000019,13.7297,TRUE,-619.647,0.923002,4.99366,10.4495,11.5813,TRUE,7.1860000000000355,both,NA
US-Oho,2011,DBF,AmeriFlux,-775.889,0.949943,7.2288,61.349500000000035,61.774,TRUE,-730.986,0.973002,7.16836,36.464999999999975,37.1631,TRUE,-44.90300000000002,both,NA
US-Oho,2012,DBF,AmeriFlux,-811.794,0.963912,6.33083,79.7305,79.9818,TRUE,-811.984,0.970344,6.40918,29.602000000000032,30.2879,TRUE,0.19000000000005457,both,NA
US-Oho,2013,DBF,AmeriFlux,-906.995,0.951084,6.73479,9.03649999999999,11.2703,TRUE,-910.874,0.950628,6.64896,23.769999999999982,24.6822,TRUE,3.879000000000019,both,NA
US-PAS,2021,GRA,AmeriFlux,NA,NA,NA,NA,NA,FALSE,NA,NA,NA,NA,NA,FALSE,NA,neither,no_value
US-PAS,2022,GRA,AmeriFlux,-333.858,0.889783,11.1395,17.817499999999995,21.0131,TRUE,NA,NA,NA,NA,NA,FALSE,NA,VUT_only,NA
US-PFL,2019,DBF,AmeriFlux,NA,NA,NA,NA,NA,FALSE,NA,NA,NA,NA,NA,FALSE,NA,neither,no_value
US-PFb,2019,ENF,AmeriFlux,NA,NA,NA,NA,NA,FALSE,NA,NA,NA,NA,NA,FALSE,NA,neither,no_value
US-PFc,2019,DBF,AmeriFlux,NA,NA,NA,NA,NA,FALSE,NA,NA,NA,NA,NA,FALSE,NA,neither,no_value
US-PFd,2019,WET,AmeriFlux,NA,NA,NA,NA,NA,FALSE,NA,NA,NA,NA,NA,FALSE,NA,neither,no_value
US-PFf,2019,GRA,AmeriFlux,NA,NA,NA,NA,NA,FALSE,NA,NA,NA,NA,NA,FALSE,NA,neither,no_value
US-PFg,2019,ENF,AmeriFlux,NA,NA,NA,NA,NA,FALSE,NA,NA,NA,NA,NA,FALSE,NA,neither,no_value
US-PFh,2019,ENF,AmeriFlux,NA,NA,NA,NA,NA,FALSE,NA,NA,NA,NA,NA,FALSE,NA,neither,no_value
US-PFi,2019,DBF,AmeriFlux,NA,NA,NA,NA,NA,FALSE,NA,NA,NA,NA,NA,FALSE,NA,neither,no_value
US-PFj,2019,DBF,AmeriFlux,NA,NA,NA,NA,NA,FALSE,NA,NA,NA,NA,NA,FALSE,NA,neither,no_value
US-PFk,2019,DBF,AmeriFlux,NA,NA,NA,NA,NA,FALSE,NA,NA,NA,NA,NA,FALSE,NA,neither,no_value
US-PFm,2019,DBF,AmeriFlux,NA,NA,NA,NA,NA,FALSE,NA,NA,NA,NA,NA,FALSE,NA,neither,no_value
US-PFn,2019,DBF,AmeriFlux,NA,NA,NA,NA,NA,FALSE,NA,NA,NA,NA,NA,FALSE,NA,neither,no_value
US-PFp,2019,DBF,AmeriFlux,NA,NA,NA,NA,NA,FALSE,NA,NA,NA,NA,NA,FALSE,NA,neither,no_value
US-PFq,2019,DBF,AmeriFlux,NA,NA,NA,NA,NA,FALSE,NA,NA,NA,NA,NA,FALSE,NA,neither,no_value
US-PFr,2019,WET,AmeriFlux,NA,NA,NA,NA,NA,FALSE,NA,NA,NA,NA,NA,FALSE,NA,neither,no_value
US-PFt,2019,ENF,AmeriFlux,NA,NA,NA,NA,NA,FALSE,NA,NA,NA,NA,NA,FALSE,NA,neither,no_value
US-PLo,2022,WET,AmeriFlux,NA,NA,NA,NA,NA,FALSE,NA,NA,NA,NA,NA,FALSE,NA,neither,no_value
US-PLo,2023,WET,AmeriFlux,-253.568,0.975571,3.8185,2.4180000000000064,4.51992,TRUE,NA,NA,NA,NA,NA,FALSE,NA,VUT_only,NA
US-PSH,2016,DBF,AmeriFlux,NA,NA,NA,NA,NA,FALSE,NA,NA,NA,NA,NA,FALSE,NA,neither,no_value
US-PSL,2016,DBF,AmeriFlux,NA,NA,NA,NA,NA,FALSE,NA,NA,NA,NA,NA,FALSE,NA,neither,no_value
US-Prr,2010,ENF,AmeriFlux,NA,NA,NA,NA,NA,FALSE,NA,NA,NA,NA,NA,FALSE,NA,neither,no_value
US-Prr,2011,ENF,AmeriFlux,-57.1788,0.946861,2.17092,5.790049999999997,6.18365,TRUE,-62.0898,0.935788,2.08067,8.195450000000001,8.45545,TRUE,4.910999999999994,both,NA
US-Prr,2012,ENF,AmeriFlux,-75.0067,0.754155,2.55596,9.866450000000004,10.1922,TRUE,-74.9073,0.744536,2.48254,15.599150000000002,15.7955,TRUE,-0.09939999999998861,both,NA
US-Prr,2013,ENF,AmeriFlux,5.38042,0.856279,1.83249,2.925195,3.45177,TRUE,7.43735,0.850171,1.74627,3.715025,4.10496,TRUE,-2.0569300000000004,both,NA
US-Prr,2014,ENF,AmeriFlux,-21.7209,0.973402,2.16851,1.4582499999999996,2.61324,TRUE,-22.6908,0.962158,2.063,4.610050000000001,5.05057,TRUE,0.9698999999999991,both,NA
US-Prr,2015,ENF,AmeriFlux,-19.715,0.830822,1.8749,3.48445,3.95686,TRUE,-28.6437,0.81661,1.75456,14.868500000000001,14.9716,TRUE,8.9287,both,NA
US-Prr,2016,ENF,AmeriFlux,-49.5353,0.914276,2.62705,14.87405,15.1043,TRUE,-66.3029,0.893784,2.4975,25.982350000000004,26.1021,TRUE,16.767599999999995,both,NA
US-Prr,2017,ENF,AmeriFlux,NA,NA,NA,NA,NA,FALSE,NA,NA,NA,NA,NA,FALSE,NA,neither,no_value
US-Prr,2018,ENF,AmeriFlux,NA,NA,NA,NA,NA,FALSE,NA,NA,NA,NA,NA,FALSE,NA,neither,no_value
US-Prr,2019,ENF,AmeriFlux,NA,NA,NA,NA,NA,FALSE,NA,NA,NA,NA,NA,FALSE,NA,neither,no_value
US-Prr,2020,ENF,AmeriFlux,NA,NA,NA,NA,NA,FALSE,NA,NA,NA,NA,NA,FALSE,NA,neither,no_value
US-Prr,2021,ENF,AmeriFlux,NA,NA,NA,NA,NA,FALSE,NA,NA,NA,NA,NA,FALSE,NA,neither,no_value
US-Prr,2022,ENF,AmeriFlux,NA,NA,NA,NA,NA,FALSE,NA,NA,NA,NA,NA,FALSE,NA,neither,no_value
US-RC1,2011,CRO,AmeriFlux,NA,NA,NA,NA,NA,FALSE,NA,NA,NA,NA,NA,FALSE,NA,neither,no_value
US-RC1,2012,CRO,AmeriFlux,-385.898,0.893898,5.08231,8.879999999999995,10.2318,TRUE,-384.945,0.879212,5.22462,8.476500000000016,9.95727,TRUE,-0.9530000000000314,both,NA
US-RC1,2013,CRO,AmeriFlux,-46.0094,0.8754,3.00316,7.69885,8.26386,TRUE,-39.9043,0.865468,3.00187,6.283999999999999,6.9642,TRUE,-6.1051,both,NA
US-RC1,2014,CRO,AmeriFlux,-436.487,0.972203,4.10041,7.322500000000019,8.39234,TRUE,-437.407,0.953596,4.10941,8.63500000000002,9.56306,TRUE,0.9199999999999591,both,NA
US-RC1,2015,CRO,AmeriFlux,-165.686,0.961187,3.82772,4.141999999999996,5.63988,TRUE,-166.88,0.9629,3.47133,6.0589999999999975,6.98306,TRUE,1.1939999999999884,both,NA
US-RC1,2016,CRO,AmeriFlux,NA,NA,NA,NA,NA,FALSE,NA,NA,NA,NA,NA,FALSE,NA,neither,no_value
US-RC2,2012,CRO,AmeriFlux,NA,NA,NA,NA,NA,FALSE,NA,NA,NA,NA,NA,FALSE,NA,neither,no_value
US-RC2,2013,CRO,AmeriFlux,106.046,0.886416,3.60506,26.11285000000001,26.3605,TRUE,111.073,0.884589,3.59741,22.7905,23.0728,TRUE,-5.026999999999987,both,NA
US-RC2,2014,CRO,AmeriFlux,-549.959,0.979566,5.64713,18.509000000000015,19.3514,TRUE,-551.959,0.979852,5.66109,19.303500000000042,20.1165,TRUE,2,both,NA
US-RC2,2015,CRO,AmeriFlux,-159.97,0.958276,5.15754,9.319000000000003,10.6508,TRUE,-157.122,0.967922,5.36197,9.623500000000007,11.0163,TRUE,-2.8479999999999848,both,NA
US-RC2,2016,CRO,AmeriFlux,NA,NA,NA,NA,NA,FALSE,NA,NA,NA,NA,NA,FALSE,NA,neither,no_value
US-RC3,2012,CRO,AmeriFlux,-43.0764,0.8935,2.88587,31.581899999999997,31.7135,TRUE,-39.7717,0.887067,2.79733,34.655550000000005,34.7683,TRUE,-3.304699999999997,both,NA
US-RC3,2013,CRO,AmeriFlux,-407.151,0.917123,3.44112,29.60899999999998,29.8083,TRUE,-419.209,0.919406,3.51734,36.97500000000002,37.1418,TRUE,12.057999999999993,both,NA
US-RC3,2014,CRO,AmeriFlux,-55.6443,0.971747,1.98479,14.322650000000003,14.4595,TRUE,-64.3666,0.982477,2.03797,21.060950000000002,21.159300000000002,TRUE,8.722300000000004,both,NA
US-RC3,2015,CRO,AmeriFlux,-271.533,0.912386,2.34179,56.526499999999984,56.5745,TRUE,-269.395,0.90605,2.29543,52.26399999999998,52.3144,TRUE,-2.1380000000000337,both,NA
US-RC3,2016,CRO,AmeriFlux,NA,NA,NA,NA,NA,FALSE,NA,NA,NA,NA,NA,FALSE,NA,neither,no_value
US-RC4,2012,CRO,AmeriFlux,NA,NA,NA,NA,NA,FALSE,NA,NA,NA,NA,NA,FALSE,NA,neither,no_value
US-RC4,2013,CRO,AmeriFlux,-204.829,0.85371,4.07057,67.14899999999999,67.2723,TRUE,-224.06,0.856963,4.41095,66.6855,66.8308,TRUE,19.230999999999995,both,NA
US-RC4,2014,CRO,AmeriFlux,-256.152,0.931564,4.42614,77.821,77.9464,TRUE,-286.25,0.941952,5.54644,55.658500000000004,55.9343,TRUE,30.098000000000013,both,NA
US-RC4,2015,CRO,AmeriFlux,-637.111,0.953082,4.9166,54.392499999999984,54.6146,TRUE,-682.324,0.972489,6.37961,54.036,54.4113,TRUE,45.212999999999965,both,NA
US-RC4,2016,CRO,AmeriFlux,NA,NA,NA,NA,NA,FALSE,NA,NA,NA,NA,NA,FALSE,NA,neither,no_value
US-RC5,2013,CRO,AmeriFlux,NA,NA,NA,NA,NA,FALSE,NA,NA,NA,NA,NA,FALSE,NA,neither,no_value
US-RC5,2014,CRO,AmeriFlux,NA,NA,NA,39.12699999999998,NA,FALSE,NA,NA,NA,39.11949999999999,NA,FALSE,NA,neither,no_value
US-RC5,2015,CRO,AmeriFlux,NA,NA,NA,NA,NA,FALSE,NA,NA,NA,NA,NA,FALSE,NA,neither,no_value
US-RGA,2021,CRO,AmeriFlux,NA,NA,NA,NA,NA,FALSE,NA,NA,NA,NA,NA,FALSE,NA,neither,no_value
US-RGA,2022,CRO,AmeriFlux,-474.739,0.899258,7.46247,9.77249999999998,12.2961,TRUE,-478.176,0.897546,7.42186,9.400500000000022,11.9774,TRUE,3.437000000000012,both,NA
US-RGA,2023,CRO,AmeriFlux,NA,NA,NA,NA,NA,FALSE,NA,NA,NA,NA,NA,FALSE,NA,neither,no_value
US-RGA,2024,CRO,AmeriFlux,3.07537,0.920993,5.24759,5.86285,7.8683,TRUE,4.7506,0.933345,5.08286,5.844645,7.74567,TRUE,-1.6752300000000004,both,NA
US-RGB,2021,CRO,AmeriFlux,NA,NA,NA,NA,NA,FALSE,NA,NA,NA,NA,NA,FALSE,NA,neither,no_value
US-RGB,2022,CRO,AmeriFlux,36.6169,0.981849,8.96304,8.66645,12.4677,TRUE,36.9594,0.971518,8.69594,9.0622,12.5596,TRUE,-0.34250000000000114,both,NA
US-RGB,2023,CRO,AmeriFlux,-203.074,0.945719,10.0293,15.457499999999996,18.4263,TRUE,-199.213,0.931564,8.5378,16.894000000000005,18.9289,TRUE,-3.8610000000000184,both,NA
US-RGB,2024,CRO,AmeriFlux,NA,NA,NA,NA,NA,FALSE,NA,NA,NA,NA,NA,FALSE,NA,neither,no_value
US-RGF,2023,CRO,AmeriFlux,NA,NA,NA,NA,NA,FALSE,NA,NA,NA,NA,NA,FALSE,NA,neither,no_value
US-RGF,2024,CRO,AmeriFlux,-183.188,0.98002,10.4985,9.149500000000003,13.9261,TRUE,NA,NA,NA,NA,NA,FALSE,NA,VUT_only,NA
US-RGW,2022,CRO,AmeriFlux,NA,NA,NA,NA,NA,FALSE,NA,NA,NA,NA,NA,FALSE,NA,neither,no_value
US-RGW,2023,CRO,AmeriFlux,-377.28,0.98476,7.63467,5.0534999999999854,9.15568,TRUE,-378.13,0.975685,7.42039,5.058500000000009,8.98033,TRUE,0.8500000000000227,both,NA
US-RGW,2024,CRO,AmeriFlux,-217.608,0.971596,6.74793,2.8064999999999998,7.30839,TRUE,-217.573,0.966018,6.36413,3.503,7.26465,TRUE,-0.03499999999999659,both,NA
US-RGo,2021,CRO,AmeriFlux,NA,NA,NA,NA,NA,FALSE,NA,NA,NA,NA,NA,FALSE,NA,neither,no_value
US-RGo,2022,CRO,AmeriFlux,-203.635,0.936187,4.62832,49.2915,49.5084,TRUE,-199.048,0.929281,4.47401,47.8565,48.0651,TRUE,-4.586999999999989,both,NA
US-RGo,2023,CRO,AmeriFlux,57.7274,0.946347,3.34488,5.770250000000001,6.66963,TRUE,57.016,0.947317,3.36108,5.933450000000001,6.81928,TRUE,0.7114000000000047,both,NA
US-RGo,2024,CRO,AmeriFlux,-226.049,0.872154,4.89338,15.161000000000001,15.9311,TRUE,-226.465,0.871926,4.91953,17.108499999999992,17.8019,TRUE,0.4159999999999968,both,NA
US-RRC,2022,WET,AmeriFlux,NA,NA,NA,NA,NA,FALSE,NA,NA,NA,NA,NA,FALSE,NA,neither,no_value
US-RRC,2023,WET,AmeriFlux,367.193,0.866039,9.67866,17.6045,20.0896,TRUE,367.212,0.866039,9.67866,19.18950000000001,21.492,TRUE,-0.019000000000005457,both,NA
US-RRC,2024,WET,AmeriFlux,NA,NA,NA,NA,NA,FALSE,NA,NA,NA,NA,NA,FALSE,NA,neither,no_value
US-Rls,2014,CSH,AmeriFlux,NA,NA,NA,NA,NA,FALSE,NA,NA,NA,NA,NA,FALSE,NA,neither,no_value
US-Rls,2015,CSH,AmeriFlux,NA,NA,NA,NA,NA,FALSE,NA,NA,NA,NA,NA,FALSE,NA,neither,no_value
US-Rls,2016,CSH,AmeriFlux,56.4223,0.668374,2.18844,57.40995,57.4516,TRUE,-8.2218,0.848076,1.52944,42.0004,42.0282,TRUE,64.6441,both,NA
US-Rls,2017,CSH,AmeriFlux,113.84,0.713527,2.98454,57.80065,57.8776,TRUE,68.3616,0.864098,2.27832,55.0398,55.087,TRUE,45.47840000000001,both,NA
US-Rls,2018,CSH,AmeriFlux,113.66,0.653938,2.30562,64.0628,64.1043,TRUE,45.1787,0.881906,1.79874,52.90645,52.937,TRUE,68.4813,both,NA
US-Rls,2019,CSH,AmeriFlux,-13.8063,0.794863,1.95705,46.103350000000006,46.1448,TRUE,-37.5673,0.885674,1.98533,44.501324999999994,44.5456,TRUE,23.761000000000003,both,NA
US-Rls,2020,CSH,AmeriFlux,-73.561,0.737136,2.42708,33.1813,33.2701,TRUE,-77.5262,0.877334,2.08145,30.195800000000006,30.2676,TRUE,3.965199999999996,both,NA
US-Rls,2021,CSH,AmeriFlux,25.6168,0.718379,2.98861,44.54285,44.643,TRUE,-38.3441,0.877511,1.9486,45.69056,45.7321,TRUE,63.960899999999995,both,NA
US-Rls,2022,CSH,AmeriFlux,32.7209,0.767237,2.32781,74.0116,74.0483,TRUE,-31.4451,0.851199,2.27897,72.72059999999999,72.7562,TRUE,64.166,both,NA
US-Rls,2023,CSH,AmeriFlux,NA,NA,NA,NA,NA,FALSE,NA,NA,NA,NA,NA,FALSE,NA,neither,no_value
US-Rms,2014,CSH,AmeriFlux,NA,NA,NA,NA,NA,FALSE,NA,NA,NA,NA,NA,FALSE,NA,neither,no_value
US-Rms,2015,CSH,AmeriFlux,NA,NA,NA,NA,NA,FALSE,NA,NA,NA,NA,NA,FALSE,NA,neither,no_value
US-Rms,2016,CSH,AmeriFlux,-50.6184,0.906079,2.44122,12.907999999999998,13.1368,TRUE,-45.5299,0.868397,2.49164,13.72205,13.9464,TRUE,-5.088500000000003,both,NA
US-Rms,2017,CSH,AmeriFlux,37.1685,0.910445,4.00717,19.18755,19.6016,TRUE,36.5965,0.91016,4.0088,29.5015945,29.7727,TRUE,0.5720000000000027,both,NA
US-Rms,2018,CSH,AmeriFlux,-110.229,0.957078,2.60973,9.03405,9.40326,TRUE,-110.595,0.948002,2.62332,11.749849999999995,12.0392,TRUE,0.36599999999999966,both,NA
US-Rms,2019,CSH,AmeriFlux,-52.2879,0.940068,2.95976,17.164350000000002,17.4177,TRUE,-49.9814,0.928767,2.90055,19.25615,19.4734,TRUE,-2.3064999999999998,both,NA
US-Rms,2020,CSH,AmeriFlux,66.6971,0.945811,3.48025,14.734950000000001,15.1404,TRUE,74.9212,0.933003,3.52588,26.0622,26.2996,TRUE,-8.224099999999993,both,NA
US-Rms,2021,CSH,AmeriFlux,58.9615,0.919292,2.84854,20.393250000000002,20.5912,TRUE,59.9044,0.921747,2.85225,29.0457,29.1854,TRUE,-0.9429000000000016,both,NA
US-Rms,2022,CSH,AmeriFlux,-17.385,0.947317,3.10894,31.067085,31.2223,TRUE,-4.36156,0.910902,3.27715,25.74714,25.9549,TRUE,-13.02344,both,NA
US-Rms,2023,CSH,AmeriFlux,NA,NA,NA,NA,NA,FALSE,NA,NA,NA,NA,NA,FALSE,NA,neither,no_value
US-Ro1,2004,CRO,AmeriFlux,59.8874,0.947461,2.84058,9.7469,10.1524,TRUE,54.1742,0.961521,2.90027,13.511949999999999,13.8197,TRUE,5.7132000000000005,both,NA
US-Ro1,2005,CRO,AmeriFlux,-373.164,0.957306,5.1651300000000004,9.620000000000005,10.919,TRUE,-376.1,0.960103,5.14882,13.28449999999998,14.2471,TRUE,2.9360000000000355,both,NA
US-Ro1,2006,CRO,AmeriFlux,107.36,0.950685,3.21115,8.85255,9.41693,TRUE,104.27,0.958276,3.18424,8.302900000000001,8.8927600000000009,TRUE,3.0900000000000034,both,NA
US-Ro1,2007,CRO,AmeriFlux,-141.649,0.960959,5.74499,11.174499999999995,12.5647,TRUE,-141.956,0.959932,5.74274,11.379499999999993,12.7467,TRUE,0.30699999999998795,both,NA
US-Ro1,2008,CRO,AmeriFlux,71.6774,0.945469,3.20099,2.0347499999999954,3.79298,TRUE,72.969,0.947291,3.19352,1.9617000000000004,3.7479,TRUE,-1.2915999999999883,both,NA
US-Ro1,2009,CRO,AmeriFlux,-549.24,0.96621,5.37479,3.0090000000000146,6.15959,TRUE,-551.332,0.961473,5.38125,4.020999999999958,6.71777,TRUE,2.0919999999999845,both,NA
US-Ro1,2010,CRO,AmeriFlux,4.8052,0.830479,3.53476,4.063555,5.3858,TRUE,6.02887,0.829395,3.53968,3.823645,5.21053,TRUE,-1.2236700000000003,both,NA
US-Ro1,2011,CRO,AmeriFlux,-375.439,0.907705,4.76555,7.688500000000005,9.04561,TRUE,-378.231,0.904909,4.73672,4.6784999999999854,6.65765,TRUE,2.791999999999973,both,NA
US-Ro1,2012,CRO,AmeriFlux,-58.8655,0.961179,3.52249,4.198100000000004,5.48014,TRUE,-60.0339,0.963798,3.47339,3.3298500000000004,4.81169,TRUE,1.1684000000000054,both,NA
US-Ro1,2013,CRO,AmeriFlux,-292.223,0.959932,4.79354,12.192499999999995,13.1012,TRUE,-295.379,0.961358,4.82186,12.049000000000007,12.9782,TRUE,3.156000000000006,both,NA
US-Ro1,2014,CRO,AmeriFlux,55.2326,0.898116,4.03599,7.208949999999998,8.26183,TRUE,52.5072,0.910845,4.05658,7.502399999999998,8.52887,TRUE,2.7254000000000005,both,NA
US-Ro1,2015,CRO,AmeriFlux,-323.974,0.909646,5.81227,9.473500000000001,11.1145,TRUE,-331.625,0.917295,5.77925,10.120000000000005,11.6539,TRUE,7.6510000000000105,both,NA
US-Ro1,2016,CRO,AmeriFlux,-17.7317,0.971425,3.85283,3.2498499999999986,5.04044,TRUE,-18.4806,0.976719,3.79347,2.8484,4.7438,TRUE,0.748899999999999,both,NA
US-Ro2,2008,CRO,AmeriFlux,-566.226,0.920139,5.32647,11.950499999999977,13.0839,TRUE,-567.655,0.918033,5.32379,11.745000000000005,12.8954,TRUE,1.4289999999999736,both,NA
US-Ro2,2009,CRO,AmeriFlux,NA,NA,NA,NA,NA,FALSE,NA,NA,NA,NA,NA,FALSE,NA,neither,no_value
US-Ro2,2010,CRO,AmeriFlux,NA,NA,NA,NA,NA,FALSE,NA,NA,NA,NA,NA,FALSE,NA,neither,no_value
US-Ro2,2011,CRO,AmeriFlux,NA,NA,NA,NA,NA,FALSE,NA,NA,NA,NA,NA,FALSE,NA,neither,no_value
US-Ro2,2012,CRO,AmeriFlux,-50.6045,0.849841,3.50783,19.1443,19.463,TRUE,-49.3535,0.848873,3.50694,17.1589,17.5136,TRUE,-1.2510000000000048,both,NA
US-Ro2,2013,CRO,AmeriFlux,NA,NA,NA,NA,NA,FALSE,NA,NA,NA,NA,NA,FALSE,NA,neither,no_value
US-Ro2,2014,CRO,AmeriFlux,NA,NA,NA,NA,NA,FALSE,NA,NA,NA,NA,NA,FALSE,NA,neither,no_value
US-Ro2,2015,CRO,AmeriFlux,NA,NA,NA,NA,NA,FALSE,NA,NA,NA,NA,NA,FALSE,NA,neither,no_value
US-Ro2,2016,CRO,AmeriFlux,-167.74,0.965733,4.16653,15.3305,15.8864,TRUE,-186.009,0.973418,4.11689,25.167999999999992,25.5024,TRUE,18.268999999999977,both,NA
US-Ro3,2004,CRO,AmeriFlux,NA,NA,NA,NA,NA,FALSE,NA,NA,NA,NA,NA,FALSE,NA,neither,no_value
US-Ro3,2005,CRO,AmeriFlux,-407.957,0.967009,5.06605,1.958500000000015,5.43156,TRUE,-405.885,0.968493,5.07764,2.35299999999998,5.59644,TRUE,-2.0720000000000027,both,NA
US-Ro3,2006,CRO,AmeriFlux,21.2982,0.985046,2.84373,4.599799999999999,5.40784,TRUE,19.9355,0.986587,2.85408,4.464049999999999,5.29846,TRUE,1.3627000000000002,both,NA
US-Ro3,2007,CRO,AmeriFlux,-391.998,0.973459,5.32978,21.845,22.4858,TRUE,-393.215,0.97226,5.36619,18.09049999999999,18.8699,TRUE,1.2169999999999845,both,NA
US-Ro4,2014,GRA,AmeriFlux,NA,NA,NA,NA,NA,FALSE,NA,NA,NA,NA,NA,FALSE,NA,neither,no_value
US-Ro4,2015,GRA,AmeriFlux,-292.842,0.802854,3.4644,4.095499999999987,5.36401,TRUE,-299.903,0.804395,3.50997,4.502499999999998,5.70885,TRUE,7.0610000000000355,both,NA
US-Ro4,2016,GRA,AmeriFlux,-216.092,0.963798,3.20571,3.677499999999995,4.87832,TRUE,-218.963,0.973588,3.10197,5.4539999999999935,6.27462,TRUE,2.870999999999981,both,NA
US-Ro4,2017,GRA,AmeriFlux,-231.739,0.961016,2.94406,3.423500000000004,4.51522,TRUE,-224.539,0.966438,2.95891,3.6200000000000045,4.67526,TRUE,-7.200000000000017,both,NA
US-Ro4,2018,GRA,AmeriFlux,-382.886,0.957078,3.93818,30.128000000000014,30.3842,TRUE,-379.769,0.964212,3.92891,9.355500000000006,10.1473,TRUE,-3.1170000000000186,both,NA
US-Ro4,2019,GRA,AmeriFlux,-276.381,0.971404,2.86579,5.859499999999997,6.52274,TRUE,-281.103,0.972089,2.86601,5.763000000000005,6.43602,TRUE,4.722000000000037,both,NA
US-Ro4,2020,GRA,AmeriFlux,-292.48,0.923156,2.88888,10.083999999999975,10.4897,TRUE,-299.095,0.929986,2.92213,9.486999999999995,9.92678,TRUE,6.615000000000009,both,NA
US-Ro4,2021,GRA,AmeriFlux,-212.808,0.923174,2.80428,15.266000000000005,15.5212,TRUE,-218.016,0.938813,2.7949,13.369,13.6581,TRUE,5.207999999999998,both,NA
US-Ro4,2022,GRA,AmeriFlux,-231.144,0.939041,2.60615,5.5120000000000005,6.09682,TRUE,-241.11,0.946233,2.61336,7.013500000000008,7.4845,TRUE,9.966000000000008,both,NA
US-Ro4,2023,GRA,AmeriFlux,-152.366,0.947717,2.88745,7.066500000000005,7.63369,TRUE,-147.87,0.963527,2.90435,7.357500000000002,7.91005,TRUE,-4.496000000000009,both,NA
US-Ro4,2024,GRA,AmeriFlux,-426.232,0.901127,3.49915,20.146500000000003,20.4482,TRUE,-457.995,0.911373,3.78192,23.358499999999992,23.6627,TRUE,31.762999999999977,both,NA
US-Ro4,2025,GRA,AmeriFlux,-365.405,0.906164,3.19745,8.823000000000008,9.3845,TRUE,-357.854,0.920091,3.33637,6.683000000000021,7.46974,TRUE,-7.550999999999988,both,NA
US-Ro5,2017,CRO,AmeriFlux,-13.4703,0.979795,3.49302,2.8462000000000005,4.50577,TRUE,-13.4703,0.979795,3.49302,5.720070000000001,6.70224,TRUE,0,both,NA
US-Ro5,2018,CRO,AmeriFlux,-491.093,0.978425,4.97936,3.6599999999999966,6.17986,TRUE,-494.478,0.975285,4.9963,4.0575000000000045,6.43643,TRUE,3.384999999999991,both,NA
US-Ro5,2019,CRO,AmeriFlux,12.1722,0.966952,2.99581,2.24775,3.74532,TRUE,14.2118,0.969121,3.00995,2.3540400000000004,3.82118,TRUE,-2.0396,both,NA
US-Ro5,2020,CRO,AmeriFlux,-428.959,0.953438,5.39195,11.128000000000014,12.3651,TRUE,-429.527,0.949681,5.39866,13.268499999999989,14.3249,TRUE,0.5679999999999836,both,NA
US-Ro5,2021,CRO,AmeriFlux,-45.6135,0.923345,4.20918,5.0760000000000005,6.59418,TRUE,-48.5914,0.939269,4.15442,4.956149999999997,6.46703,TRUE,2.977899999999998,both,NA
US-Ro5,2022,CRO,AmeriFlux,-293.726,0.977283,5.27934,5.733500000000021,7.79414,TRUE,-295.102,0.978253,5.28953,5.953000000000003,7.96368,TRUE,1.3759999999999764,both,NA
US-Ro5,2023,CRO,AmeriFlux,113.443,0.935959,3.17125,9.408549999999998,9.92848,TRUE,101.097,0.95879,3.34777,12.052750000000003,12.5092,TRUE,12.346000000000004,both,NA
US-Ro5,2024,CRO,AmeriFlux,-547.986,0.927425,4.79339,5.197999999999979,7.0706,TRUE,-552.466,0.934312,4.71036,10.140500000000031,11.1809,TRUE,4.480000000000018,both,NA
US-Ro6,2017,CRO,AmeriFlux,-87.1654,0.973744,3.04543,3.137999999999998,4.37282,TRUE,-86.0996,0.968436,2.99783,3.859400000000001,4.88693,TRUE,-1.06580000000001,both,NA
US-Ro6,2018,CRO,AmeriFlux,-40.5934,0.931393,2.91012,4.68655,5.51657,TRUE,-43.7913,0.930308,2.95066,5.179600000000001,5.96112,TRUE,3.197899999999997,both,NA
US-Ro6,2019,CRO,AmeriFlux,-347.166,0.956107,5.02012,3.5974999999999966,6.1759,TRUE,-345.6,0.957534,4.94461,3.4294999999999902,6.01731,TRUE,-1.565999999999974,both,NA
US-Ro6,2020,CRO,AmeriFlux,-508.461,0.890141,5.23801,3.447000000000031,6.2705,TRUE,-508.632,0.891564,5.21344,4.077499999999986,6.61858,TRUE,0.17099999999999227,both,NA
US-Ro6,2021,CRO,AmeriFlux,-95.5794,0.930537,2.86653,15.134350000000005,15.4037,TRUE,-101.84,0.939555,2.89424,14.253050000000002,14.5438,TRUE,6.260599999999997,both,NA
US-Ro6,2022,CRO,AmeriFlux,-227.695,0.966838,3.69004,5.424499999999995,6.56038,TRUE,-230.194,0.964897,3.68221,4.752499999999998,6.01233,TRUE,2.4989999999999952,both,NA
US-Ro6,2023,CRO,AmeriFlux,-174.505,0.934075,3.43422,13.881,14.2996,TRUE,-177.483,0.945263,3.41363,13.406000000000006,13.8336,TRUE,2.9780000000000086,both,NA
US-Ro6,2024,CRO,AmeriFlux,-308.134,0.939663,4.32129,12.765999999999991,13.4776,TRUE,-308.818,0.939492,4.32729,13.621499999999997,14.2924,TRUE,0.6839999999999691,both,NA
US-Rpf,2008,DBF,AmeriFlux,NA,NA,NA,NA,NA,FALSE,NA,NA,NA,NA,NA,FALSE,NA,neither,no_value
US-Rpf,2009,DBF,AmeriFlux,-73.4237,0.64903,1.37219,10.438700000000004,10.5285,TRUE,NA,NA,NA,NA,NA,FALSE,NA,VUT_only,NA
US-Rpf,2010,DBF,AmeriFlux,-103.238,0.810559,1.07224,4.822499999999998,4.94025,TRUE,-109.681,0.771861,1.13094,19.525499999999994,19.5581,TRUE,6.442999999999998,both,NA
US-Rpf,2011,DBF,AmeriFlux,-124.172,0.842237,1.23383,5.417500000000004,5.55577,TRUE,-142.464,0.761187,1.40506,11.6995,11.7836,TRUE,18.292,both,NA
US-Rpf,2012,DBF,AmeriFlux,NA,NA,NA,NA,NA,FALSE,NA,NA,NA,NA,NA,FALSE,NA,neither,no_value
US-Rpf,2013,DBF,AmeriFlux,-16.903,0.80976,1.4588699999999999,7.8896999999999995,8.0234,TRUE,-13.4963,0.798744,1.46143,8.717125,8.83877,TRUE,-3.406699999999999,both,NA
US-Rpf,2014,DBF,AmeriFlux,180.966,0.954909,1.42018,18.808999999999997,18.8624,TRUE,186.653,0.947374,1.39802,36.1155,36.1424,TRUE,-5.686999999999983,both,NA
US-Rpf,2015,DBF,AmeriFlux,75.8057,0.76347,1.331,15.937550000000002,15.993,TRUE,69.7203,0.778995,1.32724,27.602350000000005,27.6343,TRUE,6.085400000000007,both,NA
US-Rpf,2016,DBF,AmeriFlux,121.972,0.875626,1.70016,24.977149999999995,25.0349,TRUE,110.572,0.921903,1.76336,34.30905,34.3541,TRUE,11.399999999999991,both,NA
US-Rpf,2017,DBF,AmeriFlux,74.4104,0.732477,2.25785,20.388250000000003,20.5129,TRUE,54.3303,0.775057,2.21685,30.806949999999997,30.8866,TRUE,20.080099999999995,both,NA
US-Rpf,2018,DBF,AmeriFlux,34.0527,0.721518,2.45975,25.042415000000002,25.1629,TRUE,2.13611,0.791667,2.55528,30.4828,30.5897,TRUE,31.916590000000003,both,NA
US-Rpf,2019,DBF,AmeriFlux,-20.4468,0.853253,2.15555,32.74662,32.8175,TRUE,-35.2643,0.882363,2.16279,34.46008,34.5279,TRUE,14.817499999999999,both,NA
US-Rpf,2020,DBF,AmeriFlux,NA,NA,NA,NA,NA,FALSE,NA,NA,NA,NA,NA,FALSE,NA,neither,no_value
US-Rpf,2021,DBF,AmeriFlux,NA,NA,NA,NA,NA,FALSE,NA,NA,NA,NA,NA,FALSE,NA,neither,no_value
US-Rpf,2022,DBF,AmeriFlux,-77.1935,0.821119,2.69609,31.460449999999998,31.576,TRUE,-105.155,0.849772,2.65589,52.0233,52.0912,TRUE,27.9615,both,NA
US-Rpf,2023,DBF,AmeriFlux,-54.8795,0.755651,2.86193,36.3485,36.461,TRUE,-96.6845,0.80782,2.92056,60.265100000000004,60.3357,TRUE,41.805,both,NA
US-Rpf,2024,DBF,AmeriFlux,-29.1982,0.837318,4.56767,80.7491,80.8782,TRUE,-97.4697,0.893841,4.53844,64.45840000000001,64.6181,TRUE,68.2715,both,NA
US-Rwe,2003,CSH,AmeriFlux,NA,NA,NA,NA,NA,FALSE,NA,NA,NA,NA,NA,FALSE,NA,neither,no_value
US-Rwe,2004,CSH,AmeriFlux,-88.267,0.847848,2.7227,7.206200000000003,7.70343,TRUE,-86.0006,0.835098,2.75201,7.4133,7.90765,TRUE,-2.26639999999999,both,NA
US-Rwe,2005,CSH,AmeriFlux,-156.25,0.856107,2.16436,14.529499999999999,14.6898,TRUE,-157.444,0.85605,2.15983,15.701999999999998,15.8496,TRUE,1.1939999999999884,both,NA
US-Rwe,2006,CSH,AmeriFlux,-26.9961,0.879224,2.65644,5.709099999999999,6.2969,TRUE,-31.8212,0.887785,2.75668,5.889799999999999,6.50297,TRUE,4.825100000000003,both,NA
US-Rwe,2007,CSH,AmeriFlux,NA,NA,NA,NA,NA,FALSE,NA,NA,NA,NA,NA,FALSE,NA,neither,no_value
US-Rwf,2014,CSH,AmeriFlux,NA,NA,NA,NA,NA,FALSE,NA,NA,NA,NA,NA,FALSE,NA,neither,no_value
US-Rwf,2015,CSH,AmeriFlux,-59.6255,0.792523,2.16283,8.179950000000002,8.46109,TRUE,-65.6623,0.752511,2.11637,6.2714500000000015,6.6189,TRUE,6.0367999999999995,both,NA
US-Rwf,2016,CSH,AmeriFlux,-61.4461,0.840335,2.55405,9.524700000000003,9.86121,TRUE,-71.7238,0.801969,2.41949,10.54195,10.816,TRUE,10.277699999999996,both,NA
US-Rwf,2017,CSH,AmeriFlux,-15.0156,0.752283,4.3929,10.734164999999999,11.5983,TRUE,-14.4004,0.729224,3.19189,10.787703,11.25,TRUE,-0.6151999999999997,both,NA
US-Rwf,2018,CSH,AmeriFlux,-85.9185,0.897146,2.35593,7.258649999999996,7.63142,TRUE,-84.2805,0.875742,2.68211,7.802950000000003,8.25104,TRUE,-1.637999999999991,both,NA
US-Rwf,2019,CSH,AmeriFlux,-18.7999,0.853253,3.00973,12.094104999999999,12.463,TRUE,-20.2244,0.840696,2.40229,11.7559,11.9988,TRUE,1.4244999999999983,both,NA
US-Rwf,2020,CSH,AmeriFlux,8.63198,0.911544,2.20431,20.58505,20.7027,TRUE,12.9477,0.901582,2.2688,20.74355,20.8672,TRUE,-4.315719999999999,both,NA
US-Rwf,2021,CSH,AmeriFlux,-18.5307,0.894292,2.10975,12.679499999999999,12.8538,TRUE,-18.4394,0.891381,2.12448,15.21395,15.3616,TRUE,-0.09130000000000038,both,NA
US-Rwf,2022,CSH,AmeriFlux,-108.789,0.928881,2.64632,9.306849999999997,9.67599,TRUE,-103.091,0.897432,3.26169,9.9084,10.4316,TRUE,-5.6980000000000075,both,NA
US-Rwf,2023,CSH,AmeriFlux,NA,NA,NA,NA,NA,FALSE,NA,NA,NA,NA,NA,FALSE,NA,neither,no_value
US-Rws,2014,OSH,AmeriFlux,NA,NA,NA,NA,NA,FALSE,NA,NA,NA,NA,NA,FALSE,NA,neither,no_value
US-Rws,2015,OSH,AmeriFlux,49.1819,0.936872,1.47995,0.943950000000001,1.75537,TRUE,50.5755,0.934475,1.42701,0.889050000000001,1.68129,TRUE,-1.3935999999999993,both,NA
US-Rws,2016,OSH,AmeriFlux,-66.3335,0.993568,1.6051,1.5319999999999965,2.21888,TRUE,-65.5949,0.993169,1.5904,1.880399999999998,2.46277,TRUE,-0.7386000000000053,both,NA
US-Rws,2017,OSH,AmeriFlux,-88.1346,0.989783,2.21012,7.569600000000001,7.88565,TRUE,-88.4188,0.988356,2.20897,9.080399999999997,9.34521,TRUE,0.28419999999999845,both,NA
US-Rws,2018,OSH,AmeriFlux,-42.5987,0.993836,1.96767,6.4953,6.78683,TRUE,-44.5959,0.993151,1.9499,6.4268,6.71606,TRUE,1.9971999999999994,both,NA
US-Rws,2019,OSH,AmeriFlux,-31.7372,0.978596,2.04487,4.050399999999998,4.53734,TRUE,-32.2353,0.978425,2.06193,4.9799500000000005,5.38995,TRUE,0.4981000000000009,both,NA
US-Rws,2020,OSH,AmeriFlux,-114.504,0.985997,2.0487,4.622,5.0553,TRUE,-114.969,0.98548500000000006,2.04826,4.802,5.2206,TRUE,0.4649999999999892,both,NA
US-Rws,2021,OSH,AmeriFlux,-79.6927,0.995091,1.86601,6.833199999999998,7.0834,TRUE,-80.1331,0.994635,1.84917,7.424750000000003,7.65155,TRUE,0.4403999999999968,both,NA
US-Rws,2022,OSH,AmeriFlux,-69.3582,0.992237,2.37008,3.401950000000003,4.14614,TRUE,-68.0085,0.990925,2.3092800000000002,10.321150000000003,10.5764,TRUE,-1.3496999999999986,both,NA
US-Rws,2023,OSH,AmeriFlux,NA,NA,NA,NA,NA,FALSE,NA,NA,NA,NA,NA,FALSE,NA,neither,no_value
US-SD1,2023,CRO,AmeriFlux,NA,NA,NA,NA,NA,FALSE,NA,NA,NA,NA,NA,FALSE,NA,neither,no_value
US-SD1,2024,CRO,AmeriFlux,253.115,0.953837,8.77457,5.658500000000004,10.4409,TRUE,253.174,0.953837,8.7691,5.686000000000007,10.4513,TRUE,-0.0589999999999975,both,NA
US-SD1,2025,CRO,AmeriFlux,NA,NA,NA,NA,NA,FALSE,NA,NA,NA,NA,NA,FALSE,NA,neither,no_value
US-SD2,2023,CRO,AmeriFlux,NA,NA,NA,NA,NA,FALSE,NA,NA,NA,NA,NA,FALSE,NA,neither,no_value
US-SD2,2024,CRO,AmeriFlux,46.9349,0.947689,10.6582,15.939750000000004,19.1748,TRUE,46.9349,0.947689,10.6582,15.970299999999998,19.2002,TRUE,0,both,NA
US-SD2,2025,CRO,AmeriFlux,NA,NA,NA,NA,NA,FALSE,NA,NA,NA,NA,NA,FALSE,NA,neither,no_value
US-SHC,2017,ENF,AmeriFlux,NA,NA,NA,NA,NA,FALSE,NA,NA,NA,NA,NA,FALSE,NA,neither,no_value
US-SHC,2018,ENF,AmeriFlux,-94.1316,0.951142,6.83313,122.64935,122.839,TRUE,-62.342,0.923002,6.92792,111.11965000000001,111.335,TRUE,-31.789600000000007,both,NA
US-SHC,2019,ENF,AmeriFlux,-18.3893,0.948459,7.34457,65.00615,65.4197,TRUE,-11.522,0.936244,7.43865,66.3621,66.7777,TRUE,-6.867299999999998,both,NA
US-SHC,2020,ENF,AmeriFlux,NA,NA,NA,NA,NA,FALSE,NA,NA,NA,NA,NA,FALSE,NA,neither,no_value
US-SP1,2000,ENF,AmeriFlux,NA,NA,NA,NA,NA,FALSE,NA,NA,NA,NA,NA,FALSE,NA,neither,no_value
US-SP1,2001,ENF,AmeriFlux,-30.531,0.964498,7.71313,57.52845,58.0432,TRUE,-48.6308,0.95782,7.57189,49.664500000000004,50.2384,TRUE,18.099800000000002,both,NA
US-SP1,2002,ENF,AmeriFlux,NA,NA,NA,NA,NA,FALSE,NA,NA,NA,NA,NA,FALSE,NA,neither,no_value
US-SP1,2003,ENF,AmeriFlux,-290.392,0.916324,9.56407,74.442,75.0534,TRUE,-462.938,0.896119,9.14092,147.74,148.022,TRUE,172.546,both,NA
US-SP1,2004,ENF,AmeriFlux,-269.284,0.853256,9.32539,46.542,47.467,TRUE,-357.135,0.826446,9.41575,79.041,79.5995,TRUE,87.851,both,NA
US-SP1,2005,ENF,AmeriFlux,-259.162,0.974486,10.9006,34.62149999999998,36.2974,TRUE,-308.561,0.964155,11.2002,69.5905,70.4858,TRUE,49.399,both,NA
US-SP1,2006,ENF,AmeriFlux,-98.36,0.828881,9.94098,40.6465,41.8444,TRUE,-155.749,0.822203,9.34425,97.23169999999999,97.6797,TRUE,57.388999999999996,both,NA
US-SP1,2007,ENF,AmeriFlux,-333.005,0.933847,9.26485,24.988,26.6506,TRUE,-332.513,0.933619,9.24974,33.58849999999998,34.8388,TRUE,-0.49200000000001864,both,NA
US-SP1,2008,ENF,AmeriFlux,-345.885,0.954007,7.67412,81.07600000000002,81.4387,TRUE,-344.529,0.956284,7.71661,90.43350000000001,90.7619,TRUE,-1.3559999999999945,both,NA
US-SP1,2009,ENF,AmeriFlux,-490.877,0.955708,8.41884,108.28550000000001,108.612,TRUE,-442.285,0.959532,8.57873,112.49949999999998,112.826,TRUE,-48.591999999999985,both,NA
US-SP1,2010,ENF,AmeriFlux,-490.965,0.762386,8.35672,37.454999999999984,38.3762,TRUE,-464.376,0.766667,8.39468,30.29849999999999,31.4397,TRUE,-26.589,both,NA
US-SP1,2011,ENF,AmeriFlux,-24.6057,0.8375,9.78443,36.08675,37.3897,TRUE,-11.8614,0.862443,9.57549,35.65285,36.9163,TRUE,-12.744299999999999,both,NA
US-SP1,2012,ENF,AmeriFlux,-78.3276,0.8014,10.7552,30.433049999999998,32.2776,TRUE,-94.1354,0.812386,10.1976,24.95235,26.9557,TRUE,15.8078,both,NA
US-SP1,2013,ENF,AmeriFlux,-950.091,0.819635,16.2469,90.80250000000001,92.2468,TRUE,-951.638,0.817352,16.2532,90.03800000000001,91.4926,TRUE,1.5470000000000255,both,NA
US-SP1,2014,ENF,AmeriFlux,NA,NA,NA,NA,NA,FALSE,NA,NA,NA,NA,NA,FALSE,NA,neither,no_value
US-SP1,2015,ENF,AmeriFlux,-454.295,0.986986,13.1205,83.96449999999999,84.9835,TRUE,-497.435,0.983904,12.7428,121.16100000000003,121.829,TRUE,43.139999999999986,both,NA
US-SP1,2016,ENF,AmeriFlux,-371.611,0.928108,10.3825,65.00550000000001,65.8297,TRUE,-389.277,0.927197,10.2322,65.13900000000001,65.938,TRUE,17.665999999999997,both,NA
US-SP1,2017,ENF,AmeriFlux,-364.224,0.893094,7.74712,88.094,88.4338,TRUE,-361.049,0.905651,7.44673,25.05449999999999,26.1378,TRUE,-3.1750000000000114,both,NA
US-SP1,2018,ENF,AmeriFlux,-485.013,0.966667,8.64291,38.51000000000002,39.4677,TRUE,-400.246,0.984932,9.09868,68.5315,69.1332,TRUE,-84.767,both,NA
US-SP1,2019,ENF,AmeriFlux,-610.951,0.890639,12.6358,26.894499999999994,29.7149,TRUE,-569.768,0.896632,13.0619,24.519000000000005,27.7811,TRUE,-41.18299999999999,both,NA
US-SP1,2020,ENF,AmeriFlux,NA,NA,NA,NA,NA,FALSE,NA,NA,NA,NA,NA,FALSE,NA,neither,no_value
US-SRC,2008,OSH,AmeriFlux,NA,NA,NA,NA,NA,FALSE,NA,NA,NA,NA,NA,FALSE,NA,neither,no_value
US-SRC,2009,OSH,AmeriFlux,11.0788,0.873916,0.98774,41.327200000000005,41.339,TRUE,10.6296,0.875514,0.983062,36.579899999999995,36.5931,TRUE,0.4491999999999994,both,NA
US-SRC,2010,OSH,AmeriFlux,-127.388,0.885674,1.11302,17.668100000000003,17.7031,TRUE,-122.295,0.87734,1.13168,17.650499999999994,17.6868,TRUE,-5.0930000000000035,both,NA
US-SRC,2011,OSH,AmeriFlux,NA,NA,NA,NA,NA,FALSE,NA,NA,NA,NA,NA,FALSE,NA,neither,no_value
US-SRC,2012,OSH,AmeriFlux,NA,NA,NA,NA,NA,FALSE,NA,NA,NA,NA,NA,FALSE,NA,neither,no_value
US-SRC,2013,OSH,AmeriFlux,NA,NA,NA,NA,NA,FALSE,NA,NA,NA,NA,NA,FALSE,NA,neither,no_value
US-SRC,2014,OSH,AmeriFlux,NA,NA,NA,NA,NA,FALSE,NA,NA,NA,NA,NA,FALSE,NA,neither,no_value
US-SRG,2008,GRA,AmeriFlux,NA,NA,NA,NA,NA,FALSE,NA,NA,NA,NA,NA,FALSE,NA,neither,no_value
US-SRG,2009,GRA,AmeriFlux,56.8514,0.980708,2.02501,27.3639,27.4386,TRUE,65.2867,0.972831,2.00711,37.80175,37.855,TRUE,-8.435299999999998,both,NA
US-SRG,2010,GRA,AmeriFlux,-83.7129,0.969007,2.20886,14.138100000000001,14.3096,TRUE,-71.3228,0.958733,2.09679,14.687150000000003,14.8361,TRUE,-12.390100000000004,both,NA
US-SRG,2011,GRA,AmeriFlux,87.7576,0.992237,2.73558,27.519149999999996,27.655,TRUE,99.5623,0.986644,2.78642,30.379950000000008,30.5075,TRUE,-11.804699999999997,both,NA
US-SRG,2012,GRA,AmeriFlux,-96.7954,0.992429,2.69669,8.4339999999999975,8.85452,TRUE,-68.4927,0.973361,2.53214,55.09471,55.1531,TRUE,-28.3027,both,NA
US-SRG,2013,GRA,AmeriFlux,18.1415,0.955708,2.12078,2.4200999999999997,3.21786,TRUE,26.7491,0.943607,2.00332,12.3488,12.5102,TRUE,-8.607599999999998,both,NA
US-SRG,2014,GRA,AmeriFlux,-12.4634,0.976655,2.84756,50.04975,50.1307,TRUE,13.7006,0.953824,2.84043,55.105199999999996,55.1784,TRUE,-26.164,both,NA
US-SRG,2015,GRA,AmeriFlux,-37.9742,0.973174,2.7532,52.755,52.8268,TRUE,-20.5235,0.956393,2.80998,55.24025,55.3117,TRUE,-17.450700000000005,both,NA
US-SRG,2016,GRA,AmeriFlux,-100.841,0.961692,2.53398,66.56268,66.6108,TRUE,-104.486,0.964709,2.53237,65.568275,65.6169,TRUE,3.6450000000000102,both,NA
US-SRG,2017,GRA,AmeriFlux,24.2124,0.971062,2.02225,34.8425,34.9011,TRUE,43.1008,0.961187,2.05459,33.3738,33.437,TRUE,-18.8884,both,NA
US-SRG,2018,GRA,AmeriFlux,-130.721,0.994235,2.89295,61.2608,61.3289,TRUE,-92.3771,0.978025,2.81075,60.68895,60.7538,TRUE,-38.343900000000005,both,NA
US-SRG,2019,GRA,AmeriFlux,-132.818,0.989954,2.97057,48.9083,48.9985,TRUE,-106.952,0.975571,2.96696,64.74101999999999,64.8091,TRUE,-25.866000000000014,both,NA
US-SRG,2020,GRA,AmeriFlux,14.229,0.993511,1.81194,36.884829999999994,36.9293,TRUE,34.1273,0.977061,1.78949,36.83182,36.8753,TRUE,-19.8983,both,NA
US-SRG,2021,GRA,AmeriFlux,-39.1412,0.990183,2.26974,35.545500000000004,35.6179,TRUE,-19.8372,0.978653,2.28865,21.489015000000002,21.6106,TRUE,-19.304,both,NA
US-SRG,2022,GRA,AmeriFlux,-29.3261,0.970148,2.71419,42.26295,42.35,TRUE,-39.7768,0.979053,2.72293,38.264109999999995,38.3609,TRUE,10.450700000000001,both,NA
US-SRG,2023,GRA,AmeriFlux,36.8267,0.908447,2.60774,38.76635,38.854,TRUE,-2.79937,0.96016,2.64252,39.0203,39.1097,TRUE,39.626070000000006,both,NA
US-SRG,2024,GRA,AmeriFlux,133.748,0.909153,2.44798,52.2084,52.2659,TRUE,80.0176,0.979793,2.51252,54.757999999999996,54.8155,TRUE,53.73039999999999,both,NA
US-SRG,2025,GRA,AmeriFlux,83.017,0.877112,1.63501,18.41455,18.487,TRUE,71.9871,0.939098,1.73597,18.55935,18.6404,TRUE,11.029899999999998,both,NA
US-SRM,2004,WSA,AmeriFlux,72.4751,0.949567,1.47682,23.068249999999995,23.1155,TRUE,74.3313,0.945583,1.48461,28.589349999999996,28.6279,TRUE,-1.8562000000000012,both,NA
US-SRM,2005,WSA,AmeriFlux,19.1034,0.961416,1.62024,26.31897,26.3688,TRUE,16.8782,0.964954,1.67291,29.6398,29.687,TRUE,2.225200000000001,both,NA
US-SRM,2006,WSA,AmeriFlux,145.633,0.927283,1.90529,35.869,35.9195,TRUE,137.752,0.939726,1.91116,31.813500000000005,31.8711,TRUE,7.881,both,NA
US-SRM,2007,WSA,AmeriFlux,90.3955,0.938128,1.22907,44.6662,44.6831,TRUE,64.8736,0.963813,1.65402,43.6105,43.6418,TRUE,25.521900000000002,both,NA
US-SRM,2008,WSA,AmeriFlux,-42.9813,0.946892,2.11537,21.1978,21.3031,TRUE,-46.5739,0.962489,2.07265,17.770450000000004,17.8909,TRUE,3.5926000000000045,both,NA
US-SRM,2009,WSA,AmeriFlux,102.014,0.942295,1.16392,30.545650000000002,30.5677,TRUE,102.074,0.941952,1.15788,28.46665,28.49,TRUE,-0.060000000000002274,both,NA
US-SRM,2010,WSA,AmeriFlux,-50.0225,0.969064,2.02848,38.7643,38.8174,TRUE,-6.56461,0.91113,1.92394,52.63445,52.6696,TRUE,-43.45789,both,NA
US-SRM,2011,WSA,AmeriFlux,-15.0264,0.982991,2.53374,39.2153,39.2971,TRUE,47.7594,0.935559,2.43326,41.65245,41.7235,TRUE,-62.7858,both,NA
US-SRM,2012,WSA,AmeriFlux,4.22412,0.955487,1.82209,79.96225,79.9831,TRUE,43.7928,0.912511,1.6911,73.0532,73.0728,TRUE,-39.56868,both,NA
US-SRM,2013,WSA,AmeriFlux,95.3337,0.827911,1.92177,65.97225,66.0002,TRUE,96.1811,0.827112,1.96405,61.507549999999995,61.5388,TRUE,-0.8474000000000075,both,NA
US-SRM,2014,WSA,AmeriFlux,34.7449,0.944121,1.92558,71.752,71.7777,TRUE,41.0046,0.932477,1.91591,70.31375,70.3399,TRUE,-6.259700000000002,both,NA
US-SRM,2015,WSA,AmeriFlux,25.3879,0.932021,2.1142,52.9281,52.9703,TRUE,29.6398,0.918893,2.05425,60.0056,60.0407,TRUE,-4.251900000000003,both,NA
US-SRM,2016,WSA,AmeriFlux,-47.9422,0.936418,2.22105,46.507670000000005,46.5607,TRUE,-26.6455,0.92179,2.10102,74.44355,74.4732,TRUE,-21.2967,both,NA
US-SRM,2017,WSA,AmeriFlux,169.139,0.960902,1.79249,50.38249999999999,50.4143,TRUE,173.206,0.957763,1.66076,56.256,56.2807,TRUE,-4.066999999999979,both,NA
US-SRM,2018,WSA,AmeriFlux,-31.0096,0.959532,2.49406,55.6243,55.6802,TRUE,-29.8418,0.959018,2.4939,64.19964999999999,64.2481,TRUE,-1.1677999999999997,both,NA
US-SRM,2019,WSA,AmeriFlux,36.9983,0.924144,1.99124,55.98695,56.0223,TRUE,11.6581,0.950114,1.93628,59.2139,59.2455,TRUE,25.340200000000003,both,NA
US-SRM,2020,WSA,AmeriFlux,69.0169,0.945924,1.40324,19.8108,19.8605,TRUE,63.023,0.962659,1.38553,24.80165,24.8403,TRUE,5.993900000000004,both,NA
US-SRM,2021,WSA,AmeriFlux,-30.6331,0.939669,1.97228,23.37873,23.4618,TRUE,-37.7401,0.963527,2.16263,25.92416,26.0142,TRUE,7.106999999999999,both,NA
US-SRM,2022,WSA,AmeriFlux,-25.5864,0.952911,2.45166,44.451750000000004,44.5193,TRUE,-31.2551,0.963527,2.60782,51.2087,51.2751,TRUE,5.668699999999998,both,NA
US-SRM,2023,WSA,AmeriFlux,98.2205,0.876256,1.89144,33.852050000000006,33.905,TRUE,107.298,0.869235,1.88705,41.3975,41.4406,TRUE,-9.0775,both,NA
US-SRM,2024,WSA,AmeriFlux,14.9725,0.977687,1.99526,28.769270000000002,28.8384,TRUE,28.9202,0.952698,1.84416,48.4147,48.4498,TRUE,-13.947700000000001,both,NA
US-SRM,2025,WSA,AmeriFlux,125.318,0.980537,1.52255,20.814,20.8692,TRUE,154.574,0.945263,1.32156,30.289499999999997,30.3184,TRUE,-29.256000000000014,both,NA
US-SRS,2011,WSA,AmeriFlux,NA,NA,NA,NA,NA,FALSE,NA,NA,NA,NA,NA,FALSE,NA,neither,no_value
US-SRS,2012,WSA,AmeriFlux,-102.994,0.891564,2.11876,57.5958,57.6347,TRUE,-118.737,0.905681,2.15187,55.295750000000005,55.3375,TRUE,15.742999999999995,both,NA
US-SRS,2013,WSA,AmeriFlux,-236.779,0.80605,2.449,29.83,29.9302,TRUE,-178.619,0.764498,2.18069,29.325999999999993,29.407,TRUE,-58.16,both,NA
US-SRS,2014,WSA,AmeriFlux,-69.7437,0.818208,2.83216,86.3965,86.4431,TRUE,-17.5556,0.773288,2.70956,83.9119,83.9558,TRUE,-52.188100000000006,both,NA
US-SRS,2015,WSA,AmeriFlux,-177.791,0.893493,2.86817,54.597550000000005,54.6727,TRUE,-158.777,0.867123,2.37778,58.43495,58.4834,TRUE,-19.01400000000001,both,NA
US-SRS,2016,WSA,AmeriFlux,-168.854,0.829804,2.67296,41.85850000000001,41.9437,TRUE,-211.606,0.866803,2.54115,41.772000000000006,41.8491,TRUE,42.75199999999998,both,NA
US-SRS,2017,WSA,AmeriFlux,-149.54,0.82774,2.91664,36.81625,36.9315,TRUE,-119.915,0.809075,2.89082,39.87445,39.9791,TRUE,-29.624999999999986,both,NA
US-SRS,2018,WSA,AmeriFlux,-356.938,0.802968,2.9775,19.398500000000013,19.6256,TRUE,-410.11,0.759532,2.62615,22.460999999999984,22.6139,TRUE,53.172000000000025,both,NA
US-SSH,2016,DBF,AmeriFlux,-535.338,0.926116,6.38585,30.008500000000026,30.6806,TRUE,-533.936,0.924806,6.33992,51.120000000000005,51.5119,TRUE,-1.40199999999993,both,NA
US-SSH,2017,DBF,AmeriFlux,NA,NA,NA,NA,NA,FALSE,NA,NA,NA,NA,NA,FALSE,NA,neither,no_value
US-SSH,2018,DBF,AmeriFlux,NA,NA,NA,NA,NA,FALSE,NA,NA,NA,NA,NA,FALSE,NA,neither,no_value
US-SSH,2019,DBF,AmeriFlux,-366.474,0.91661,5.80532,38.28400000000002,38.7216,TRUE,-365.943,0.914612,5.72125,32.089,32.5954,TRUE,-0.5310000000000059,both,NA
US-SSH,2020,DBF,AmeriFlux,-344.667,0.901241,7.2048,25.211000000000013,26.2202,TRUE,-341.277,0.889003,6.67441,24.589499999999987,25.4792,TRUE,-3.3899999999999864,both,NA
US-SSH,2021,DBF,AmeriFlux,NA,NA,NA,NA,NA,FALSE,NA,NA,NA,NA,NA,FALSE,NA,neither,no_value
US-Sag,1996,WET,AmeriFlux,NA,NA,NA,NA,NA,FALSE,NA,NA,NA,NA,NA,FALSE,NA,neither,no_value
US-Seg,2007,GRA,AmeriFlux,-36.1688,0.938014,1.30383,1.3843500000000013,1.9017,TRUE,-35.5593,0.927854,1.293,4.6845,4.85966,TRUE,-0.609499999999997,both,NA
US-Seg,2008,GRA,AmeriFlux,-28.2631,0.956056,1.28236,6.194250000000002,6.32557,TRUE,-27.3729,0.956455,1.26717,5.903750000000002,6.03821,TRUE,-0.8902000000000001,both,NA
US-Seg,2009,GRA,AmeriFlux,14.2793,0.762728,0.908322,3.3542449999999997,3.47504,TRUE,16.5697,0.773573,0.9385,2.6305999999999994,2.793,TRUE,-2.2904000000000018,both,NA
US-Seg,2010,GRA,AmeriFlux,-59.7608,0.861187,0.931641,4.050450000000001,4.15619,TRUE,-59.3136,0.867922,0.948913,4.2520000000000024,4.35659,TRUE,-0.44720000000000226,both,NA
US-Seg,2011,GRA,AmeriFlux,38.231,0.874201,0.735764,2.950099999999999,3.04048,TRUE,40.0804,0.879452,0.733468,2.870949999999997,2.96319,TRUE,-1.8493999999999957,both,NA
US-Seg,2012,GRA,AmeriFlux,-13.1179,0.875968,0.845878,2.4518499999999994,2.59365,TRUE,-11.8546,0.880009,0.880985,2.554450000000001,2.70208,TRUE,-1.263300000000001,both,NA
US-Seg,2013,GRA,AmeriFlux,-66.2638,0.923174,1.22215,4.30705,4.47711,TRUE,-62.9933,0.952226,1.37449,4.084099999999999,4.30919,TRUE,-3.2705000000000055,both,NA
US-Seg,2014,GRA,AmeriFlux,-18.6816,0.901313,1.26144,4.911899999999999,5.07129,TRUE,-19.8622,0.930365,1.30527,5.954000000000001,6.09538,TRUE,1.1806000000000019,both,NA
US-Seg,2015,GRA,AmeriFlux,11.8146,0.906221,1.08184,11.6797,11.7297,TRUE,4.67308,0.935731,1.14134,12.071925,12.1257,TRUE,7.141520000000001,both,NA
US-Seg,2016,GRA,AmeriFlux,-32.843,0.873862,1.11051,20.39795,20.4282,TRUE,-40.3488,0.908128,1.28916,17.1696,17.2179,TRUE,7.505799999999994,both,NA
US-Seg,2017,GRA,AmeriFlux,-38.7208,0.916438,1.10075,7.629850000000001,7.70883,TRUE,-43.8978,0.946119,1.22759,8.154250000000001,8.24614,TRUE,5.177,both,NA
US-Seg,2018,GRA,AmeriFlux,-31.9276,0.875228,1.3633,7.056000000000001,7.18647,TRUE,-31.7997,0.873687,1.36524,7.7021999999999995,7.82224,TRUE,-0.12790000000000035,both,NA
US-Seg,2019,GRA,AmeriFlux,-5.81919,0.934989,1.25783,8.70656,8.79695,TRUE,-3.90566,0.931621,1.25067,11.51825,11.586,TRUE,-1.9135299999999997,both,NA
US-Seg,2020,GRA,AmeriFlux,30.2159,0.946494,1.098,14.30265,14.3447,TRUE,31.7205,0.9449,1.09377,17.81355,17.8471,TRUE,-1.5046,both,NA
US-Seg,2021,GRA,AmeriFlux,-10.8037,0.948801,1.62749,11.1980995,11.3157,TRUE,-9.5274,0.940639,1.60494,11.13543,11.2505,TRUE,-1.276299999999999,both,NA
US-Seg,2022,GRA,AmeriFlux,40.4492,0.974886,1.41472,0.7688500000000005,1.61015,TRUE,41.0964,0.946233,1.32583,5.016249999999999,5.1885,TRUE,-0.6472000000000051,both,NA
US-Seg,2023,GRA,AmeriFlux,-9.25892,0.976655,1.11642,4.840349999999999,4.96745,TRUE,-4.11075,0.94121,1.05152,5.03519,5.14382,TRUE,-5.1481699999999995,both,NA
US-Seg,2024,GRA,AmeriFlux,38.5531,0.95082,1.33299,16.381999999999998,16.4362,TRUE,44.0844,0.939037,1.2528,15.5912,15.6415,TRUE,-5.531300000000002,both,NA
US-Seg,2025,GRA,AmeriFlux,-33.9381,0.951199,1.34481,7.394700000000002,7.51595,TRUE,-33.2372,0.938756,1.26746,6.742200000000002,6.86032,TRUE,-0.7008999999999972,both,NA
US-Ses,2007,OSH,AmeriFlux,-26.1092,0.906279,0.814327,2.6336999999999993,2.75672,TRUE,-26.5295,0.878082,0.740167,4.569749999999999,4.62932,TRUE,0.42029999999999745,both,NA
US-Ses,2008,OSH,AmeriFlux,-40.4238,0.900956,1.10129,2.504149999999999,2.73565,TRUE,-44.5114,0.886157,1.06664,3.8884500000000024,4.0321,TRUE,4.087600000000002,both,NA
US-Ses,2009,OSH,AmeriFlux,-49.8388,0.918265,0.662336,4.92595,4.97027,TRUE,-54.3952,0.8996,0.613707,9.699450000000002,9.71883,TRUE,4.556400000000004,both,NA
US-Ses,2010,OSH,AmeriFlux,-52.3768,0.934418,0.805784,3.3907500000000006,3.48515,TRUE,-54.0576,0.908676,0.767387,4.2832500000000024,4.35146,TRUE,1.6807999999999979,both,NA
US-Ses,2011,OSH,AmeriFlux,29.2993,0.899543,0.777127,4.414549999999998,4.48247,TRUE,30.5496,0.906221,0.788097,4.607399999999998,4.67432,TRUE,-1.2503000000000029,both,NA
US-Ses,2012,OSH,AmeriFlux,-28.455,0.902152,0.67354,2.9860000000000007,3.06104,TRUE,-29.6353,0.890881,0.639308,3.6570500000000017,3.7125,TRUE,1.1803000000000026,both,NA
US-Ses,2013,OSH,AmeriFlux,-47.9529,0.882363,0.864047,2.6622500000000002,2.79894,TRUE,-49.0987,0.873858,0.853459,2.987449999999999,3.10695,TRUE,1.1458000000000013,both,NA
US-Ses,2014,OSH,AmeriFlux,-16.6754,0.899258,0.834283,2.105549999999999,2.26481,TRUE,-20.9858,0.867637,0.754842,4.18455,4.25208,TRUE,4.310400000000001,both,NA
US-Ses,2015,OSH,AmeriFlux,-6.91737,0.848459,0.834853,2.5461150000000004,2.6795,TRUE,-6.71192,0.854909,0.851688,3.491415,3.5938,TRUE,-0.2054499999999999,both,NA
US-Ses,2016,OSH,AmeriFlux,-70.2445,0.894353,0.963592,1.2652999999999963,1.59044,TRUE,-72.9106,0.920139,0.991862,2.796349999999997,2.96704,TRUE,2.6661,both,NA
US-Ses,2017,OSH,AmeriFlux,-31.4895,0.900628,0.805919,2.255650000000001,2.39533,TRUE,-33.4122,0.924772,0.837423,3.586500000000001,3.68293,TRUE,1.922699999999999,both,NA
US-Ses,2018,OSH,AmeriFlux,9.62786,0.814041,0.779787,12.67911,12.7031,TRUE,2.23124,0.840126,0.830746,11.20035,11.2311,TRUE,7.39662,both,NA
US-Ses,2019,OSH,AmeriFlux,12.4741,0.894521,1.01401,7.0143914999999994,7.0873,TRUE,5.16736,0.916895,1.12627,7.2669500000000005,7.35371,TRUE,7.30674,both,NA
US-Ses,2020,OSH,AmeriFlux,42.7478,0.881774,0.9561,20.681075,20.7031,TRUE,31.7709,0.898907,1.10128,21.961650000000002,21.9892,TRUE,10.976899999999997,both,NA
US-Ses,2021,OSH,AmeriFlux,105.548,0.912215,1.08828,28.27745,28.2983,TRUE,94.1651,0.930137,1.17042,26.4597,26.4855,TRUE,11.382900000000006,both,NA
US-Ses,2022,OSH,AmeriFlux,NA,NA,NA,NA,NA,FALSE,NA,NA,NA,NA,NA,FALSE,NA,neither,no_value
US-Ses,2023,OSH,AmeriFlux,98.0771,0.905365,1.12567,36.50699999999999,36.5244,TRUE,93.2901,0.912386,1.15527,27.886749999999996,27.9104,TRUE,4.787000000000006,both,NA
US-Ses,2024,OSH,AmeriFlux,-22.5973,0.912739,0.988377,10.9788,11.0232,TRUE,-21.0184,0.897143,0.9607,9.737300000000001,9.78457,TRUE,-1.5789000000000009,both,NA
US-Ses,2025,OSH,AmeriFlux,115.624,0.851484,1.16788,46.256550000000004,46.2713,TRUE,112.297,0.856735,1.17435,34.410799999999995,34.4308,TRUE,3.326999999999998,both,NA
US-Slt,2005,DBF,AmeriFlux,-168.994,0.929509,5.30715,22.734499999999997,23.3461,TRUE,-168.994,0.929509,5.30718,23.617499999999993,24.2062,TRUE,0,both,NA
US-Slt,2006,DBF,AmeriFlux,-149.524,0.935731,5.26082,30.1545,30.6103,TRUE,-143.141,0.936358,5.32311,16.638000000000005,17.4685,TRUE,-6.38300000000001,both,NA
US-Slt,2007,DBF,AmeriFlux,259.594,0.937158,3.92788,10.64200000000001,11.3436,TRUE,258.574,0.932991,3.90674,11.934500000000014,12.5576,TRUE,1.0199999999999818,both,NA
US-Slt,2008,DBF,AmeriFlux,39.5759,0.953381,4.20274,8.84725,9.7947,TRUE,34.712,0.950877,4.16317,8.51415,9.47747,TRUE,4.863899999999994,both,NA
US-Slt,2009,DBF,AmeriFlux,28.4119,0.958961,5.63771,23.013855,23.6943,TRUE,30.1269,0.958219,5.74346,25.490850000000002,26.1299,TRUE,-1.7149999999999999,both,NA
US-Slt,2010,DBF,AmeriFlux,-16.506,0.949486,5.10009,7.625750000000001,9.17402,TRUE,-26.2475,0.938527,5.01291,7.847499999999999,9.31199,TRUE,9.741499999999998,both,NA
US-Slt,2011,DBF,AmeriFlux,-27.8536,0.949715,5.89175,15.73245,16.7995,TRUE,-26.3517,0.947089,5.75623,22.64655,23.3666,TRUE,-1.5018999999999991,both,NA
US-Slt,2012,DBF,AmeriFlux,-2.02007,0.957593,5.66879,5.92676,8.20132,TRUE,8.94044,0.945241,5.70034,9.66945,11.2246,TRUE,-10.960510000000001,both,NA
US-Slt,2013,DBF,AmeriFlux,-27.9797,0.880993,5.11257,25.431250000000002,25.94,TRUE,-38.0889,0.878596,5.26495,24.18745,24.7538,TRUE,10.109200000000001,both,NA
US-Slt,2014,DBF,AmeriFlux,-15.7367,0.941495,5.29136,17.007929999999998,17.812,TRUE,-16.2743,0.941667,5.28578,17.346420000000002,18.1339,TRUE,0.5375999999999994,both,NA
US-Slt,2015,DBF,AmeriFlux,-186.98,0.889326,6.47439,36.727999999999994,37.2943,TRUE,-184.528,0.897203,6.53076,39.8445,40.3767,TRUE,-2.451999999999998,both,NA
US-Slt,2016,DBF,AmeriFlux,-247.287,0.921733,6.05964,27.239000000000004,27.905,TRUE,-237.392,0.923156,6.04311,28.716000000000008,29.3452,TRUE,-9.89500000000001,both,NA
US-Slt,2017,DBF,AmeriFlux,-375.548,0.936758,7.20921,48.374000000000024,48.9084,TRUE,-361.872,0.940868,7.26267,74.4295,74.783,TRUE,-13.675999999999988,both,NA
US-Slt,2018,DBF,AmeriFlux,-173.756,0.929224,5.7084,32.179500000000004,32.6819,TRUE,-175.979,0.928253,5.82714,42.065,42.4665,TRUE,2.223000000000013,both,NA
US-Slt,2019,DBF,AmeriFlux,-212.046,0.948288,6.76144,16.551000000000002,17.8788,TRUE,-214.474,0.946347,6.76373,15.869500000000002,17.2509,TRUE,2.4279999999999973,both,NA
US-Slt,2020,DBF,AmeriFlux,-213.044,0.832536,4.96318,14.232500000000002,15.0727,TRUE,-217.355,0.839139,4.73481,12.594999999999999,13.4556,TRUE,4.310999999999979,both,NA
US-Slt,2021,DBF,AmeriFlux,-210.029,0.862272,5.24375,20.608500000000006,21.2653,TRUE,-209.681,0.879566,5.54916,19.7855,20.5489,TRUE,-0.34799999999998477,both,NA
US-Slt,2022,DBF,AmeriFlux,NA,NA,NA,NA,NA,FALSE,NA,NA,NA,NA,NA,FALSE,NA,neither,no_value
US-Sne,2016,GRA,AmeriFlux,NA,NA,NA,NA,NA,FALSE,NA,NA,NA,NA,NA,FALSE,NA,neither,no_value
US-Sne,2017,GRA,AmeriFlux,247.8,0.935731,4.03764,358.2885,358.311,TRUE,254.903,0.91855,4.03926,214.5265,214.565,TRUE,-7.10299999999998,both,NA
US-Sne,2018,GRA,AmeriFlux,74.67,0.951084,4.51103,12.037600000000005,12.8551,TRUE,92.8058,0.931678,4.39605,18.93255,19.4362,TRUE,-18.135800000000003,both,NA
US-Sne,2019,GRA,AmeriFlux,-91.287,0.947774,4.85253,23.3183,23.8178,TRUE,-83.4806,0.945662,4.80066,109.7805,109.885,TRUE,-7.806400000000011,both,NA
US-Sne,2020,GRA,AmeriFlux,179.009,0.965562,4.28763,6.975999999999999,8.18815,TRUE,179.101,0.965562,4.28909,37.0145,37.2622,TRUE,-0.09200000000001296,both,NA
US-Snf,2018,GRA,AmeriFlux,NA,NA,NA,NA,NA,FALSE,NA,NA,NA,NA,NA,FALSE,NA,neither,no_value
US-Snf,2019,GRA,AmeriFlux,417.23,0.924715,6.85531,52.19150000000002,52.6397,TRUE,417.182,0.924715,6.92594,51.95999999999998,52.42,TRUE,0.04800000000000182,both,NA
US-Snf,2020,GRA,AmeriFlux,NA,NA,NA,NA,NA,FALSE,NA,NA,NA,NA,NA,FALSE,NA,neither,no_value
US-Srr,2014,WET,AmeriFlux,NA,NA,NA,NA,NA,FALSE,NA,NA,NA,NA,NA,FALSE,NA,neither,no_value
US-Srr,2015,WET,AmeriFlux,-225.135,0.799543,4.75908,2.698999999999998,5.47112,TRUE,-224.969,0.795605,4.75443,2.146500000000003,5.21662,TRUE,-0.16599999999999682,both,NA
US-Srr,2016,WET,AmeriFlux,-197.109,0.77607,5.10406,15.355000000000004,16.1813,TRUE,-203.736,0.771801,5.1338800000000004,15.085000000000008,15.9344,TRUE,6.626999999999981,both,NA
US-Srr,2017,WET,AmeriFlux,NA,NA,NA,NA,NA,FALSE,NA,NA,NA,NA,NA,FALSE,NA,neither,no_value
US-StJ,2015,WET,AmeriFlux,46.0201,0.744064,7.24803,20.607799999999997,21.8452,TRUE,49.2042,0.744863,7.32555,19.734450000000002,21.0502,TRUE,-3.184100000000001,both,NA
US-StJ,2016,WET,AmeriFlux,NA,NA,NA,NA,NA,FALSE,NA,NA,NA,NA,NA,FALSE,NA,neither,no_value
US-StJ,2017,WET,AmeriFlux,50.1559,0.97403,5.99258,28.895923,29.5108,TRUE,56.7483,0.974772,6.12237,23.24875,24.0413,TRUE,-6.592399999999998,both,NA
US-StJ,2018,WET,AmeriFlux,-13.7886,0.967979,6.51876,44.09035,44.5697,TRUE,-7.90554,0.969007,6.57629,49.0157,49.4549,TRUE,-5.88306,both,NA
US-StJ,2019,WET,AmeriFlux,-37.1937,0.990811,6.9658,22.7568,23.7991,TRUE,-35.5722,0.990868,6.98829,28.0492,28.9066,TRUE,-1.6214999999999975,both,NA
US-StJ,2020,WET,AmeriFlux,78.0024,0.988673,6.73179,33.5296,34.1986,TRUE,89.0208,0.990665,6.76319,38.4356,39.0263,TRUE,-11.0184,both,NA
US-Sta,2005,OSH,AmeriFlux,NA,NA,NA,NA,NA,FALSE,NA,NA,NA,NA,NA,FALSE,NA,neither,no_value
US-Sta,2006,OSH,AmeriFlux,NA,NA,NA,NA,NA,FALSE,NA,NA,NA,NA,NA,FALSE,NA,neither,no_value
US-Sta,2007,OSH,AmeriFlux,NA,NA,NA,NA,NA,FALSE,NA,NA,NA,NA,NA,FALSE,NA,neither,no_value
US-Sta,2008,OSH,AmeriFlux,-317.509,0.912511,2.26315,2.154500000000013,3.12484,TRUE,-319.303,0.914788,2.49487,2.1735000000000184,3.30886,TRUE,1.7939999999999827,both,NA
US-Sta,2009,OSH,AmeriFlux,NA,NA,NA,NA,NA,FALSE,NA,NA,NA,NA,NA,FALSE,NA,neither,no_value
US-Syv,2001,MF,AmeriFlux,NA,NA,NA,NA,NA,FALSE,NA,NA,NA,NA,NA,FALSE,NA,neither,no_value
US-Syv,2002,MF,AmeriFlux,NA,NA,NA,NA,NA,FALSE,-33.5681,0.860274,NA,41.565200000000004,NA,TRUE,NA,CUT_only,NA
US-Syv,2003,MF,AmeriFlux,NA,NA,NA,NA,NA,FALSE,NA,NA,NA,NA,NA,FALSE,NA,neither,no_value
US-Syv,2004,MF,AmeriFlux,NA,NA,NA,NA,NA,FALSE,NA,NA,NA,NA,NA,FALSE,NA,neither,no_value
US-Syv,2005,MF,AmeriFlux,NA,NA,NA,NA,NA,FALSE,NA,NA,NA,NA,NA,FALSE,NA,neither,no_value
US-Syv,2006,MF,AmeriFlux,NA,NA,NA,NA,NA,FALSE,170.957,0.921804,NA,25.093500000000006,NA,TRUE,NA,CUT_only,NA
US-Syv,2007,MF,AmeriFlux,NA,NA,NA,NA,NA,FALSE,NA,NA,NA,NA,NA,FALSE,NA,neither,no_value
US-Syv,2008,MF,AmeriFlux,NA,NA,NA,NA,NA,FALSE,NA,NA,NA,NA,NA,FALSE,NA,neither,no_value
US-Syv,2009,MF,AmeriFlux,NA,NA,NA,NA,NA,FALSE,NA,NA,NA,NA,NA,FALSE,NA,neither,no_value
US-Syv,2010,MF,AmeriFlux,NA,NA,NA,NA,NA,FALSE,NA,NA,NA,NA,NA,FALSE,NA,neither,no_value
US-Syv,2011,MF,AmeriFlux,NA,NA,NA,NA,NA,FALSE,NA,NA,NA,NA,NA,FALSE,NA,neither,no_value
US-Syv,2012,MF,AmeriFlux,NA,NA,NA,NA,NA,FALSE,NA,NA,NA,NA,NA,FALSE,NA,neither,no_value
US-Syv,2013,MF,AmeriFlux,NA,NA,NA,NA,NA,FALSE,NA,NA,NA,NA,NA,FALSE,NA,neither,no_value
US-Syv,2014,MF,AmeriFlux,NA,NA,NA,NA,NA,FALSE,-312.776,0.896233,6.20308,39.811499999999995,40.2919,TRUE,NA,CUT_only,NA
US-Syv,2015,MF,AmeriFlux,NA,NA,NA,NA,NA,FALSE,-160.74,0.878311,6.78333,12.961500000000001,14.6291,TRUE,NA,CUT_only,NA
US-Syv,2016,MF,AmeriFlux,NA,NA,NA,NA,NA,FALSE,-175.393,0.937842,7.09738,8.326499999999996,10.9411,TRUE,NA,CUT_only,NA
US-Syv,2017,MF,AmeriFlux,NA,NA,NA,NA,NA,FALSE,-242.114,0.923002,5.6782,35.40899999999999,35.8614,TRUE,NA,CUT_only,NA
US-Syv,2018,MF,AmeriFlux,NA,NA,NA,NA,NA,FALSE,NA,NA,NA,NA,NA,FALSE,NA,neither,no_value
US-Syv,2019,MF,AmeriFlux,NA,NA,NA,NA,NA,FALSE,NA,NA,NA,NA,NA,FALSE,NA,neither,no_value
US-Syv,2020,MF,AmeriFlux,NA,NA,NA,NA,NA,FALSE,NA,NA,NA,NA,NA,FALSE,NA,neither,no_value
US-Syv,2021,MF,AmeriFlux,NA,NA,NA,NA,NA,FALSE,40.5828,0.856507,4.40418,14.63625,15.2845,TRUE,NA,CUT_only,NA
US-Syv,2022,MF,AmeriFlux,NA,NA,NA,NA,NA,FALSE,27.6948,0.911986,5.3402,16.1524,17.0123,TRUE,NA,CUT_only,NA
US-Syv,2023,MF,AmeriFlux,NA,NA,NA,NA,NA,FALSE,-37.656,0.89726,5.45389,12.0994,13.2718,TRUE,NA,CUT_only,NA
US-Syv,2024,MF,AmeriFlux,NA,NA,NA,NA,NA,FALSE,400.778,0.731387,6.92861,64.2645,64.6368,TRUE,NA,CUT_only,NA
US-Syv,2025,MF,AmeriFlux,NA,NA,NA,NA,NA,FALSE,NA,NA,NA,NA,NA,FALSE,NA,neither,no_value
US-TKs,2018,CSH,AmeriFlux,NA,NA,NA,NA,NA,FALSE,NA,NA,NA,NA,NA,FALSE,NA,neither,no_value
US-TKs,2019,CSH,AmeriFlux,57.8895,0.798858,2.29781,18.63735,18.7785,TRUE,40.6727,0.811587,2.54554,12.7319,12.9839,TRUE,17.2168,both,NA
US-TKs,2020,CSH,AmeriFlux,7.4134,0.685679,2.7314600000000002,20.422649999999997,20.6045,TRUE,-17.2976,0.725125,2.96803,21.127200000000002,21.3346,TRUE,24.711,both,NA
US-TKs,2021,CSH,AmeriFlux,23.6006,0.703482,3.17126,16.243845,16.5505,TRUE,5.61468,0.722032,3.33713,16.906460000000003,17.2327,TRUE,17.98592,both,NA
US-TKs,2022,CSH,AmeriFlux,10.2421,0.815126,2.73288,10.247779999999999,10.6059,TRUE,5.36832,0.8246,2.95444,18.015915,18.2565,TRUE,4.873780000000001,both,NA
US-TKs,2023,CSH,AmeriFlux,34.2983,0.896689,3.00606,4.568999999999999,5.4692,TRUE,28.9421,0.915468,3.23829,6.129199999999999,6.93207,TRUE,5.356199999999998,both,NA
US-TKs,2024,CSH,AmeriFlux,NA,NA,NA,NA,NA,FALSE,NA,NA,NA,NA,NA,FALSE,NA,neither,no_value
US-TKs,2025,CSH,AmeriFlux,NA,NA,NA,NA,NA,FALSE,NA,NA,NA,NA,NA,FALSE,NA,neither,no_value
US-TLR,2024,MF,AmeriFlux,NA,NA,NA,NA,NA,FALSE,NA,NA,NA,NA,NA,FALSE,NA,neither,no_value
US-TaS,2017,WET,AmeriFlux,-434.207,0.807363,3.91678,40.828,41.0153,TRUE,-439.933,0.805537,3.92678,34.8785,35.0989,TRUE,5.725999999999999,both,NA
US-TaS,2018,WET,AmeriFlux,-395.032,0.987043,4.45255,20.04600000000002,20.5349,TRUE,-393.199,0.981621,4.2539,16.3185,16.8638,TRUE,-1.83299999999997,both,NA
US-TaS,2019,WET,AmeriFlux,-292.159,0.987842,2.75126,6.7549999999999955,7.29361,TRUE,-297.005,0.985616,2.76152,7.650499999999994,8.13373,TRUE,4.846000000000004,both,NA
US-TaS,2020,WET,AmeriFlux,-216.64,0.988673,3.72378,23.01599999999999,23.3154,TRUE,-214.216,0.989014,3.81832,28.748500000000007,29.0008,TRUE,-2.423999999999978,both,NA
US-TaS,2021,WET,AmeriFlux,-532.917,0.981621,5.61367,46.82850000000002,47.1639,TRUE,-522.197,0.986815,5.87573,47.75200000000001,48.1121,TRUE,-10.720000000000027,both,NA
US-TaS,2022,WET,AmeriFlux,-821.084,0.838584,6.47762,64.07799999999997,64.4042,TRUE,-811.899,0.842237,6.54027,67.72399999999999,68.0388,TRUE,-9.184999999999945,both,NA
US-TaS,2023,WET,AmeriFlux,NA,NA,NA,NA,NA,FALSE,NA,NA,NA,NA,NA,FALSE,NA,neither,no_value
US-Ton,2001,WSA,AmeriFlux,NA,NA,NA,NA,NA,FALSE,NA,NA,NA,NA,NA,FALSE,NA,neither,no_value
US-Ton,2002,WSA,AmeriFlux,-145.363,0.947203,5.36098,36.860499999999995,37.2482,TRUE,-97.6728,0.918664,5.60137,41.12185,41.5016,TRUE,-47.690200000000004,both,NA
US-Ton,2003,WSA,AmeriFlux,-65.1637,0.95,6.08078,19.761750000000003,20.6761,TRUE,-66.7878,0.935502,6.13908,17.711899999999996,18.7457,TRUE,1.6240999999999985,both,NA
US-Ton,2004,WSA,AmeriFlux,-96.0025,0.92048,5.00761,5.708199999999998,7.5934,TRUE,-93.762200000000007,0.908755,5.14811,10.165149999999997,11.3945,TRUE,-2.2402999999999906,both,NA
US-Ton,2005,WSA,AmeriFlux,-3.98614,0.958562,9.24885,31.192249999999998,32.5346,TRUE,33.8597,0.944521,9.46866,52.3292,53.179,TRUE,-37.845839999999995,both,NA
US-Ton,2006,WSA,AmeriFlux,14.9315,0.972317,5.92242,20.48496,21.3239,TRUE,51.9096,0.95234,5.9818,49.510325,49.8706,TRUE,-36.9781,both,NA
US-Ton,2007,WSA,AmeriFlux,11.0199,0.856906,6.4351,25.464985000000002,26.2655,TRUE,44.3162,0.840068,6.71278,28.349835000000002,29.1337,TRUE,-33.2963,both,NA
US-Ton,2008,WSA,AmeriFlux,69.7687,0.964367,5.00114,21.1089,21.6933,TRUE,84.703,0.952243,5.04502,19.743299999999998,20.3777,TRUE,-14.934300000000007,both,NA
US-Ton,2009,WSA,AmeriFlux,3.13616,0.95976,5.19759,31.413899999999998,31.841,TRUE,23.5302,0.956564,5.19747,32.9811,33.3881,TRUE,-20.39404,both,NA
US-Ton,2010,WSA,AmeriFlux,-84.7803,0.925171,6.62111,6.598300000000002,9.34755,TRUE,-80.2476,0.923288,6.71823,8.899299999999997,11.1505,TRUE,-4.532699999999991,both,NA
US-Ton,2011,WSA,AmeriFlux,-7.73932,0.89355,6.57959,37.60865,38.1799,TRUE,-3.66666,0.892694,6.63061,38.4667,39.034,TRUE,-4.072660000000001,both,NA
US-Ton,2012,WSA,AmeriFlux,92.8253,0.946664,5.38138,39.9799,40.3406,TRUE,100.497,0.943704,5.36522,36.5379,36.9296,TRUE,-7.671700000000001,both,NA
US-Ton,2013,WSA,AmeriFlux,6.00438,0.846404,6.20494,33.810900000000004,34.3755,TRUE,4.09501,0.847831,6.19686,30.0541,30.6863,TRUE,1.90937,both,NA
US-Ton,2014,WSA,AmeriFlux,25.6825,0.947317,5.42114,33.7475608,34.1802,TRUE,34.3988,0.94492,5.49789,32.9276265,33.3835,TRUE,-8.7163,both,NA
US-Ton,2015,WSA,AmeriFlux,-40.3763,0.912557,5.29951,14.359150000000001,15.3059,TRUE,-40.5723,0.912557,5.30815,16.340649999999997,17.1812,TRUE,0.19599999999999795,both,NA
US-Ton,2016,WSA,AmeriFlux,165.758,0.940631,6.22407,26.997,27.705,TRUE,167.241,0.940061,6.24556,44.7435,45.1774,TRUE,-1.483000000000004,both,NA
US-Ton,2017,WSA,AmeriFlux,1.69675,0.923288,5.94488,11.105725,12.5968,TRUE,1.69675,0.923288,5.94509,12.510485,13.8512,TRUE,0,both,NA
US-Ton,2018,WSA,AmeriFlux,-15.2447,0.964498,5.70885,11.357325,12.7114,TRUE,-15.9103,0.964441,5.69542,23.03263,23.7263,TRUE,0.6655999999999995,both,NA
US-Ton,2019,WSA,AmeriFlux,-58.0583,0.945947,5.32542,18.49905,19.2503,TRUE,-58.8539,0.945377,5.36398,19.587650000000004,20.3088,TRUE,0.7956000000000003,both,NA
US-Ton,2020,WSA,AmeriFlux,-3.92695,0.953666,5.02168,6.8009450000000005,8.454,TRUE,-3.83259,0.953609,5.02198,10.09354,11.2739,TRUE,-0.09436,both,NA
US-Ton,2021,WSA,AmeriFlux,33.8972,0.944806,4.16303,10.555649999999998,11.3469,TRUE,36.7219,0.946119,4.08158,10.281750000000002,11.0623,TRUE,-2.8247,both,NA
US-Ton,2022,WSA,AmeriFlux,-62.4612,0.910331,4.1479799999999996,9.7016,10.5512,TRUE,-59.2304,0.930251,4.18423,11.01155,11.7797,TRUE,-3.230799999999995,both,NA
US-Ton,2023,WSA,AmeriFlux,-165.863,0.919578,4.09188,6.4739999999999895,7.65894,TRUE,-158.433,0.936758,4.11859,9.28949999999999,10.1617,TRUE,-7.430000000000007,both,NA
US-Ton,2024,WSA,AmeriFlux,-27.3273,0.833504,4.80847,4.139000000000001,6.34451,TRUE,-28.9684,0.836122,4.71661,4.3911999999999995,6.4443,TRUE,1.641099999999998,both,NA
US-Ton,2025,WSA,AmeriFlux,-93.3002,0.880537,5.22348,17.79625,18.547,TRUE,-98.5798,0.879224,5.20577,16.946400000000004,17.728,TRUE,5.279600000000002,both,NA
US-Tw1,2011,WET,AmeriFlux,NA,NA,NA,NA,NA,FALSE,NA,NA,NA,NA,NA,FALSE,NA,neither,no_value
US-Tw1,2012,WET,AmeriFlux,NA,NA,NA,NA,NA,FALSE,NA,NA,NA,NA,NA,FALSE,NA,neither,no_value
US-Tw1,2013,WET,AmeriFlux,-563.805,0.808105,4.35879,5.918999999999983,7.35076,TRUE,-567.479,0.783847,4.39363,12.382000000000005,13.1386,TRUE,3.674000000000092,both,NA
US-Tw1,2014,WET,AmeriFlux,-181.682,0.727854,3.79517,23.933999999999997,24.233,TRUE,-171.513,0.734932,3.74363,14.950500000000005,15.412,TRUE,-10.168999999999983,both,NA
US-Tw1,2015,WET,AmeriFlux,-28.4227,0.765982,3.49178,19.571659999999998,19.8807,TRUE,-22.4429,0.767808,3.49755,27.5616,27.7826,TRUE,-5.979799999999997,both,NA
US-Tw1,2016,WET,AmeriFlux,-320.331,0.728541,4.02273,9.095500000000015,9.94513,TRUE,-334.438,0.666382,4.172,11.181999999999988,11.9349,TRUE,14.106999999999971,both,NA
US-Tw1,2017,WET,AmeriFlux,-776.461,0.663927,3.61159,19.968999999999994,20.293,TRUE,-787.006,0.573459,3.62634,27.785000000000025,28.0205,TRUE,10.544999999999959,both,NA
US-Tw1,2018,WET,AmeriFlux,-556.107,0.703139,3.79883,9.244500000000016,9.99487,TRUE,-572.954,0.66718,3.65928,24.391999999999996,24.6648,TRUE,16.84699999999998,both,NA
US-Tw1,2019,WET,AmeriFlux,316.324,0.7379,3.21342,8.549000000000007,9.13268,TRUE,325.302,0.699829,3.33475,9.104500000000002,9.69578,TRUE,-8.978000000000009,both,NA
US-Tw1,2020,WET,AmeriFlux,94.8811,0.734176,3.58245,13.556750000000001,14.0222,TRUE,108.966,0.723759,3.67019,10.541850000000004,11.1625,TRUE,-14.08489999999999,both,NA
US-Tw1,2021,WET,AmeriFlux,-32.6406,0.679338,3.43533,17.91395,18.2403,TRUE,-28.6669,0.67871,3.43154,19.233800000000002,19.5375,TRUE,-3.973700000000001,both,NA
US-Tw1,2022,WET,AmeriFlux,-363.719,0.72032,3.31746,28.894499999999994,29.0844,TRUE,-346.235,0.694064,3.00766,29.33499999999998,29.4889,TRUE,-17.48399999999998,both,NA
US-Tw1,2023,WET,AmeriFlux,NA,NA,NA,NA,NA,FALSE,NA,NA,NA,NA,NA,FALSE,NA,neither,no_value
US-Tw2,2012,CRO,AmeriFlux,NA,NA,NA,NA,NA,FALSE,NA,NA,NA,NA,NA,FALSE,NA,neither,no_value
US-Tw2,2013,CRO,AmeriFlux,NA,NA,NA,NA,NA,FALSE,NA,NA,NA,NA,NA,FALSE,NA,neither,no_value
US-Tw3,2013,CRO,AmeriFlux,NA,NA,NA,NA,NA,FALSE,NA,NA,NA,NA,NA,FALSE,NA,neither,no_value
US-Tw3,2014,CRO,AmeriFlux,-275.167,0.748744,10.0219,66.83749999999999,67.5847,TRUE,-273.947,0.748744,10.0211,53.68300000000001,54.6101,TRUE,-1.2199999999999704,both,NA
US-Tw3,2015,CRO,AmeriFlux,-250.026,0.876027,7.49647,47.224000000000004,47.8156,TRUE,-237.212,0.813128,7.43038,48.33999999999999,48.9075,TRUE,-12.814000000000021,both,NA
US-Tw3,2016,CRO,AmeriFlux,-121.28,0.759164,7.91939,54.23799999999999,54.8132,TRUE,-180.806,0.67418,9.15669,54.382000000000005,55.1477,TRUE,59.52600000000001,both,NA
US-Tw3,2017,CRO,AmeriFlux,80.1478,0.882021,6.38813,19.651650000000004,20.6639,TRUE,85.8551,0.770263,5.64247,18.928050000000002,19.7512,TRUE,-5.707299999999989,both,NA
US-Tw3,2018,CRO,AmeriFlux,NA,NA,NA,NA,NA,FALSE,NA,NA,NA,NA,NA,FALSE,NA,neither,no_value
US-Tw4,2013,WET,AmeriFlux,NA,NA,NA,NA,NA,FALSE,NA,NA,NA,NA,NA,FALSE,NA,neither,no_value
US-Tw4,2014,WET,AmeriFlux,259.835,0.955879,3.63072,15.456500000000005,15.8769,TRUE,315.78,0.858048,3.61017,58.285499999999985,58.3971,TRUE,-55.94499999999999,both,NA
US-Tw4,2015,WET,AmeriFlux,-547.565,0.919292,3.81922,24.033499999999947,24.3352,TRUE,-505.052,0.84589,3.70472,36.61099999999999,36.7983,TRUE,-42.513000000000034,both,NA
US-Tw4,2016,WET,AmeriFlux,-615.569,0.95987,3.71534,4.994500000000016,6.22479,TRUE,-664.022,0.860997,4.03779,53.66399999999999,53.816,TRUE,48.45300000000009,both,NA
US-Tw4,2017,WET,AmeriFlux,-564.789,0.935331,3.97889,16.271500000000003,16.751,TRUE,-575.638,0.905422,3.81493,27.34499999999997,27.6097,TRUE,10.849000000000046,both,NA
US-Tw4,2018,WET,AmeriFlux,-585.348,0.946918,3.53293,12.33850000000001,12.8343,TRUE,-575.319,0.929737,3.35873,13.058500000000038,13.4838,TRUE,-10.028999999999996,both,NA
US-Tw4,2019,WET,AmeriFlux,-381.412,0.928082,3.16935,14.700999999999993,15.0389,TRUE,-383.636,0.930537,3.16668,12.836500000000001,13.2211,TRUE,2.2240000000000464,both,NA
US-Tw4,2020,WET,AmeriFlux,-23.8037,0.92105,3.10548,12.59575,12.9729,TRUE,-21.7558,0.919513,3.1071,12.304299999999998,12.6905,TRUE,-2.0478999999999985,both,NA
US-Tw4,2021,WET,AmeriFlux,-465.719,0.94024,3.24835,7.018999999999977,7.73414,TRUE,-462.987,0.944692,3.27721,11.030000000000001,11.5068,TRUE,-2.731999999999971,both,NA
US-Tw4,2022,WET,AmeriFlux,-445.958,0.890468,3.61637,4.422500000000014,5.71265,TRUE,-445.839,0.890982,3.61499,4.549999999999983,5.81115,TRUE,-0.1190000000000282,both,NA
US-Tw4,2023,WET,AmeriFlux,-464.712,0.915753,3.08857,8.22750000000002,8.78815,TRUE,-467.841,0.932078,3.12325,8.424499999999995,8.98454,TRUE,3.129000000000019,both,NA
US-Tw4,2024,WET,AmeriFlux,-592.692,0.901469,2.89632,5.302500000000009,6.0419,TRUE,-593.075,0.912739,2.94479,4.163499999999999,5.09965,TRUE,0.3830000000000382,both,NA
US-Tw5,2018,WET,AmeriFlux,NA,NA,NA,NA,NA,FALSE,NA,NA,NA,NA,NA,FALSE,NA,neither,no_value
US-Tw5,2019,WET,AmeriFlux,-569.87,0.835331,4.07208,12.380499999999984,13.0329,TRUE,NA,NA,NA,NA,NA,FALSE,NA,VUT_only,NA
US-Twt,2009,CRO,AmeriFlux,NA,NA,NA,NA,NA,FALSE,NA,NA,NA,NA,NA,FALSE,NA,neither,no_value
US-Twt,2010,CRO,AmeriFlux,-126.188,0.82403,6.34628,32.871,33.4784,TRUE,-98.4361,0.767237,6.32762,135.6746,135.822,TRUE,-27.751900000000006,both,NA
US-Twt,2011,CRO,AmeriFlux,212.78,0.849258,4.69446,71.7085,71.8624,TRUE,247.651,0.831678,4.78326,81.63900000000001,81.7787,TRUE,-34.87100000000001,both,NA
US-Twt,2012,CRO,AmeriFlux,90.021,0.829121,4.59022,27.099950000000003,27.4859,TRUE,90.7617,0.819558,4.6609,27.87865,28.2656,TRUE,-0.7407000000000039,both,NA
US-Twt,2013,CRO,AmeriFlux,202.87,0.897032,4.29003,36.22449999999999,36.4777,TRUE,191.293,0.900685,4.31581,41.538,41.7618,TRUE,11.576999999999998,both,NA
US-Twt,2014,CRO,AmeriFlux,500.519,0.775628,4.72843,84.60999999999999,84.7423,TRUE,444.336,0.807648,4.67019,72.74599999999998,72.8955,TRUE,56.18299999999999,both,NA
US-Twt,2015,CRO,AmeriFlux,819.75,0.825742,4.79362,80.89799999999997,81.0398,TRUE,797.952,0.846518,4.81384,68.66899999999998,68.8376,TRUE,21.798000000000002,both,NA
US-Twt,2016,CRO,AmeriFlux,669.492,0.775102,5.55882,183.8145,183.898,TRUE,672.731,0.773338,5.5584,115.76400000000001,115.897,TRUE,-3.2390000000000327,both,NA
US-Twt,2017,CRO,AmeriFlux,NA,NA,NA,NA,NA,FALSE,NA,NA,NA,NA,NA,FALSE,NA,neither,no_value
US-UC1,2019,CVM,AmeriFlux,NA,NA,NA,NA,NA,FALSE,NA,NA,NA,NA,NA,FALSE,NA,neither,no_value
US-UC1,2020,CVM,AmeriFlux,-539.369,0.819843,8.94962,230.16400000000002,230.338,TRUE,-537.543,0.82599,9.58874,170.32549999999998,170.595,TRUE,-1.8260000000000218,both,NA
US-UC1,2021,CVM,AmeriFlux,-1090.78,0.991781,16.3986,353.06100000000004,353.441,TRUE,-1098.69,0.992009,16.6738,195.8625,196.571,TRUE,7.910000000000082,both,NA
US-UC1,2022,CVM,AmeriFlux,-983.45,0.941952,16.761,242.703,243.281,TRUE,-970.321,0.936872,14.8062,220.264,220.761,TRUE,-13.129000000000019,both,NA
US-UC1,2023,CVM,AmeriFlux,-679.706,0.989954,19.0198,31.822500000000048,37.0734,TRUE,-683.356,0.982648,16.7084,113.29500000000002,114.52,TRUE,3.6499999999999773,both,NA
US-UC1,2024,CVM,AmeriFlux,-599.402,0.862762,17.8644,55.58200000000005,58.3824,TRUE,-591.841,0.863388,18.269,61.39150000000001,64.052,TRUE,-7.5610000000000355,both,NA
US-UC2,2019,CVM,AmeriFlux,NA,NA,NA,NA,NA,FALSE,NA,NA,NA,NA,NA,FALSE,NA,neither,no_value
US-UC2,2020,CVM,AmeriFlux,-233.062,0.976776,9.56352,72.658,73.2846,TRUE,-233.051,0.976776,9.56348,22.711000000000013,24.6424,TRUE,-0.011000000000024102,both,NA
US-UC2,2021,CVM,AmeriFlux,-651.878,0.992808,15.096,75.14549999999997,76.6472,TRUE,-648.087,0.992694,15.2871,20.448000000000036,25.5307,TRUE,-3.7910000000000537,both,NA
US-UC2,2022,CVM,AmeriFlux,-571.279,0.767409,15.3326,46.383500000000026,48.8519,TRUE,-512.222,0.766667,14.3741,49.49950000000001,51.5441,TRUE,-59.057000000000016,both,NA
US-UC2,2023,CVM,AmeriFlux,-349.269,0.989612,17.2069,74.678,76.6346,TRUE,-366.807,0.986587,17.2804,174.393,175.247,TRUE,17.53800000000001,both,NA
US-UC2,2024,CVM,AmeriFlux,-473.761,0.990096,20.0619,18.7885,27.4862,TRUE,-462.925,0.987591,20.1152,57.37550000000002,60.7993,TRUE,-10.836000000000013,both,NA
US-UMd,2007,DBF,AmeriFlux,NA,NA,NA,NA,NA,FALSE,NA,NA,NA,NA,NA,FALSE,NA,neither,no_value
US-UMd,2008,DBF,AmeriFlux,-365.019,0.98816,4.76911,5.772500000000008,7.48792,TRUE,-365.993,0.988616,4.77434,8.106500000000011,9.40801,TRUE,0.9739999999999895,both,NA
US-UMd,2009,DBF,AmeriFlux,-314.92,0.983619,4.6415,7.7239999999999895,9.01102,TRUE,-314.919,0.983619,4.6415,9.357,10.4448,TRUE,-0.0010000000000331966,both,NA
US-UMd,2010,DBF,AmeriFlux,-245.399,0.978082,4.67846,5.0530000000000115,6.88636,TRUE,-244.195,0.97637,4.6558,4.955500000000001,6.79968,TRUE,-1.2040000000000077,both,NA
US-UMd,2011,DBF,AmeriFlux,-331.909,0.975628,4.87023,7.268000000000001,8.74913,TRUE,-324.961,0.979909,4.91308,7.147999999999996,8.67376,TRUE,-6.947999999999979,both,NA
US-UMd,2012,DBF,AmeriFlux,-372.931,0.964822,5.42912,5.3574999999999875,7.62742,TRUE,-371.75,0.972393,5.50933,5.792999999999978,7.99438,TRUE,-1.1809999999999832,both,NA
US-UMd,2013,DBF,AmeriFlux,-270.451,0.914954,4.97355,10.513499999999993,11.6306,TRUE,-276.626,0.922374,5.00678,6.5815000000000055,8.26942,TRUE,6.1749999999999545,both,NA
US-UMd,2014,DBF,AmeriFlux,NA,NA,NA,NA,NA,FALSE,NA,NA,NA,NA,NA,FALSE,NA,neither,no_value
US-UMd,2015,DBF,AmeriFlux,-341.499,0.974543,4.71505,19.069500000000005,19.6438,TRUE,-330.408,0.97226,4.74555,19.730499999999978,20.2934,TRUE,-11.091000000000008,both,NA
US-UMd,2016,DBF,AmeriFlux,-367.949,0.987819,5.92022,7.214499999999987,9.33253,TRUE,-376.384,0.977744,5.80946,8.9375,10.6595,TRUE,8.435000000000002,both,NA
US-UMd,2017,DBF,AmeriFlux,-492.729,0.978995,5.24431,9.390999999999991,10.7561,TRUE,-497.22,0.974087,5.06884,5.561999999999983,7.52533,TRUE,4.491000000000042,both,NA
US-UMd,2018,DBF,AmeriFlux,-430.662,0.986016,5.3997,5.310000000000002,7.57328,TRUE,-431.752,0.978253,5.13629,5.323499999999996,7.39733,TRUE,1.0900000000000318,both,NA
US-UMd,2019,DBF,AmeriFlux,-447.928,0.968037,4.87724,10.490499999999997,11.5689,TRUE,-449.12,0.971233,4.91283,9.607,10.7902,TRUE,1.1920000000000073,both,NA
US-UMd,2020,DBF,AmeriFlux,-512.662,0.966075,6.99293,44.837999999999994,45.38,TRUE,-505.119,0.967612,7.0471,38.27699999999999,38.9204,TRUE,-7.543000000000006,both,NA
US-UMd,2021,DBF,AmeriFlux,-536.088,0.956792,6.17245,6.353999999999985,8.85822,TRUE,-535.617,0.955993,6.15854,10.500999999999976,12.1736,TRUE,-0.47100000000000364,both,NA
US-UMd,2022,DBF,AmeriFlux,-643.898,0.974486,6.4309,9.031999999999982,11.0876,TRUE,-651.267,0.966039,6.06301,11.966000000000008,13.4146,TRUE,7.369000000000028,both,NA
US-UMd,2023,DBF,AmeriFlux,-559.576,0.981621,5.558,4.875999999999976,7.39372,TRUE,-557.148,0.972603,5.43221,4.5674999999999955,7.09722,TRUE,-2.4279999999999973,both,NA
US-UMd,2024,DBF,AmeriFlux,-435.218,0.834016,5.81015,4.883999999999986,7.59019,TRUE,-426.182,0.820128,5.61926,6.664000000000016,8.71678,TRUE,-9.036000000000001,both,NA
US-UMd,2025,DBF,AmeriFlux,NA,NA,NA,NA,NA,FALSE,NA,NA,NA,NA,NA,FALSE,NA,neither,no_value
US-UTB,2021,BSV,AmeriFlux,NA,NA,NA,NA,NA,FALSE,NA,NA,NA,NA,NA,FALSE,NA,neither,no_value
US-UTB,2022,BSV,AmeriFlux,-80.5143,0.800228,1.20057,5.301849999999995,5.43605,TRUE,-80.5415,0.800228,1.20045,5.29345,5.42787,TRUE,0.02719999999999345,both,NA
US-UTB,2023,BSV,AmeriFlux,NA,NA,NA,NA,NA,FALSE,NA,NA,NA,NA,NA,FALSE,NA,neither,no_value
US-UTD,2023,CRO,AmeriFlux,NA,NA,NA,NA,NA,FALSE,NA,NA,NA,NA,NA,FALSE,NA,neither,no_value
US-UTD,2024,CRO,AmeriFlux,NA,NA,NA,NA,NA,FALSE,NA,NA,NA,NA,NA,FALSE,NA,neither,no_value
US-UTE,2024,CRO,AmeriFlux,NA,NA,NA,NA,NA,FALSE,NA,NA,NA,NA,NA,FALSE,NA,neither,no_value
US-UTE,2025,CRO,AmeriFlux,NA,NA,NA,NA,NA,FALSE,NA,NA,NA,NA,NA,FALSE,NA,neither,no_value
US-UTJ,2024,CRO,AmeriFlux,NA,NA,NA,NA,NA,FALSE,NA,NA,NA,NA,NA,FALSE,NA,neither,no_value
US-UTJ,2025,CRO,AmeriFlux,NA,NA,NA,NA,NA,FALSE,NA,NA,NA,NA,NA,FALSE,NA,neither,no_value
US-UTL,2024,CRO,AmeriFlux,NA,NA,NA,NA,NA,FALSE,NA,NA,NA,NA,NA,FALSE,NA,neither,no_value
US-UTL,2025,CRO,AmeriFlux,NA,NA,NA,NA,NA,FALSE,NA,NA,NA,NA,NA,FALSE,NA,neither,no_value
US-UTM,2022,WET,AmeriFlux,NA,NA,NA,NA,NA,FALSE,NA,NA,NA,NA,NA,FALSE,NA,neither,no_value
US-UTM,2023,WET,AmeriFlux,NA,NA,NA,NA,NA,FALSE,NA,NA,NA,NA,NA,FALSE,NA,neither,no_value
US-UTM,2024,WET,AmeriFlux,NA,NA,NA,NA,NA,FALSE,NA,NA,NA,NA,NA,FALSE,NA,neither,no_value
US-UTP,2024,WET,AmeriFlux,NA,NA,NA,NA,NA,FALSE,NA,NA,NA,NA,NA,FALSE,NA,neither,no_value
US-UTV,2023,CRO,AmeriFlux,NA,NA,NA,NA,NA,FALSE,NA,NA,NA,NA,NA,FALSE,NA,neither,no_value
US-UTV,2024,CRO,AmeriFlux,-488.528,0.997268,10.3907,26.034999999999997,28.0317,TRUE,-488.612,0.997268,10.3909,26.048000000000002,28.044,TRUE,0.08400000000000318,both,NA
US-UTV,2025,CRO,AmeriFlux,NA,NA,NA,NA,NA,FALSE,NA,NA,NA,NA,NA,FALSE,NA,neither,no_value
US-UTW,2021,CRO,AmeriFlux,NA,NA,NA,NA,NA,FALSE,NA,NA,NA,NA,NA,FALSE,NA,neither,no_value
US-UTW,2022,CRO,AmeriFlux,-569.101,0.897888,7.98068,7.344500000000039,10.846,TRUE,-569.257,0.899201,7.95407,11.07650000000001,13.6365,TRUE,0.15599999999994907,both,NA
US-UTW,2023,CRO,AmeriFlux,-860.629,0.613299,13.5761,94.02850000000001,95.0036,TRUE,-877.71,0.624258,13.5601,80.654,81.7864,TRUE,17.081000000000017,both,NA
US-UTW,2024,CRO,AmeriFlux,NA,NA,NA,NA,NA,FALSE,NA,NA,NA,NA,NA,FALSE,NA,neither,no_value
US-Uaf,2003,ENF,AmeriFlux,NA,NA,NA,NA,NA,FALSE,-108.269,0.815297,2.09873,4.274550000000005,4.76179,TRUE,NA,CUT_only,NA
US-Uaf,2004,ENF,AmeriFlux,NA,NA,NA,NA,NA,FALSE,-106.035,0.663479,1.9399,4.494,4.8949,TRUE,NA,CUT_only,NA
US-Uaf,2005,ENF,AmeriFlux,NA,NA,NA,NA,NA,FALSE,NA,NA,NA,NA,NA,FALSE,NA,neither,no_value
US-Uaf,2006,ENF,AmeriFlux,NA,NA,NA,NA,NA,FALSE,NA,NA,NA,NA,NA,FALSE,NA,neither,no_value
US-Uaf,2007,ENF,AmeriFlux,NA,NA,NA,NA,NA,FALSE,-124.294,0.880251,2.17551,14.149499999999996,14.316,TRUE,NA,CUT_only,NA
US-Uaf,2008,ENF,AmeriFlux,NA,NA,NA,NA,NA,FALSE,-166.581,0.846653,2.44477,6.012500000000003,6.49019,TRUE,NA,CUT_only,NA
US-Uaf,2009,ENF,AmeriFlux,NA,NA,NA,NA,NA,FALSE,-76.0783,0.896233,2.48535,12.33435,12.5821,TRUE,NA,CUT_only,NA
US-Uaf,2010,ENF,AmeriFlux,NA,NA,NA,NA,NA,FALSE,-81.263,0.841724,2.94764,10.637450000000001,11.0383,TRUE,NA,CUT_only,NA
US-Uaf,2011,ENF,AmeriFlux,NA,NA,NA,NA,NA,FALSE,-60.4597,0.90274,3.47621,3.5751500000000007,4.98657,TRUE,NA,CUT_only,NA
US-Uaf,2012,ENF,AmeriFlux,NA,NA,NA,NA,NA,FALSE,-190.436,0.878757,2.46359,13.893,14.1093,TRUE,NA,CUT_only,NA
US-Uaf,2013,ENF,AmeriFlux,NA,NA,NA,NA,NA,FALSE,-141.698,0.885274,2.48515,22.0955,22.2349,TRUE,NA,CUT_only,NA
US-Uaf,2014,ENF,AmeriFlux,NA,NA,NA,NA,NA,FALSE,-131.018,0.883676,2.4607,21.868499999999997,22.0066,TRUE,NA,CUT_only,NA
US-Uaf,2015,ENF,AmeriFlux,NA,NA,NA,NA,NA,FALSE,4.28169,0.813071,3.9192,3.922892,5.54519,TRUE,NA,CUT_only,NA
US-Uaf,2016,ENF,AmeriFlux,NA,NA,NA,NA,NA,FALSE,-20.5169,0.825023,3.50644,19.440350000000002,19.7541,TRUE,NA,CUT_only,NA
US-Uaf,2017,ENF,AmeriFlux,NA,NA,NA,NA,NA,FALSE,-46.2023,0.799658,3.19594,39.033,39.1635,TRUE,NA,CUT_only,NA
US-Uaf,2018,ENF,AmeriFlux,NA,NA,NA,NA,NA,FALSE,-90.226,0.777226,3.0702,13.2089,13.561,TRUE,NA,CUT_only,NA
US-Uaf,2019,ENF,AmeriFlux,NA,NA,NA,NA,NA,FALSE,NA,NA,NA,NA,NA,FALSE,NA,neither,no_value
US-Uaf,2020,ENF,AmeriFlux,NA,NA,NA,NA,NA,FALSE,-188.535,0.794342,2.68508,6.793999999999997,7.30524,TRUE,NA,CUT_only,NA
US-Uaf,2021,ENF,AmeriFlux,NA,NA,NA,NA,NA,FALSE,NA,NA,NA,NA,NA,FALSE,NA,neither,no_value
US-Uaf,2022,ENF,AmeriFlux,NA,NA,NA,NA,NA,FALSE,NA,NA,NA,NA,NA,FALSE,NA,neither,no_value
US-Uaf,2023,ENF,AmeriFlux,NA,NA,NA,NA,NA,FALSE,NA,NA,NA,NA,NA,FALSE,NA,neither,no_value
US-Uaf,2024,ENF,AmeriFlux,NA,NA,NA,NA,NA,FALSE,NA,NA,NA,NA,NA,FALSE,NA,neither,no_value
US-Uaf,2025,ENF,AmeriFlux,NA,NA,NA,NA,NA,FALSE,NA,NA,NA,NA,NA,FALSE,NA,neither,no_value
US-UiA,2008,CRO,AmeriFlux,NA,NA,NA,NA,NA,FALSE,NA,NA,NA,NA,NA,FALSE,NA,neither,no_value
US-UiA,2009,CRO,AmeriFlux,NA,NA,NA,NA,NA,FALSE,-457.462,0.989555,5.61999,27.13300000000001,27.7092,TRUE,NA,CUT_only,NA
US-UiA,2010,CRO,AmeriFlux,NA,NA,NA,NA,NA,FALSE,-491.851,0.976027,5.20971,8.945499999999981,10.3522,TRUE,NA,CUT_only,NA
US-UiA,2011,CRO,AmeriFlux,NA,NA,NA,NA,NA,FALSE,-651.121,0.931792,6.49673,24.63499999999999,25.4771,TRUE,NA,CUT_only,NA
US-UiA,2012,CRO,AmeriFlux,NA,NA,NA,NA,NA,FALSE,-479.873,0.918545,7.03409,5.626000000000005,9.0071,TRUE,NA,CUT_only,NA
US-UiA,2013,CRO,AmeriFlux,NA,NA,NA,NA,NA,FALSE,-456.755,0.958219,5.95872,9.102499999999992,10.8792,TRUE,NA,CUT_only,NA
US-UiA,2014,CRO,AmeriFlux,NA,NA,NA,NA,NA,FALSE,-439.822,0.912215,6.85122,13.905000000000001,15.5011,TRUE,NA,CUT_only,NA
US-UiA,2015,CRO,AmeriFlux,NA,NA,NA,NA,NA,FALSE,-309.448,0.981906,5.26575,6.994,8.75459,TRUE,NA,CUT_only,NA
US-UiA,2016,CRO,AmeriFlux,NA,NA,NA,NA,NA,FALSE,NA,NA,NA,NA,NA,FALSE,NA,neither,no_value
US-UiA,2017,CRO,AmeriFlux,NA,NA,NA,NA,NA,FALSE,NA,NA,NA,NA,NA,FALSE,NA,neither,no_value
US-UiA,2018,CRO,AmeriFlux,NA,NA,NA,NA,NA,FALSE,NA,NA,NA,NA,NA,FALSE,NA,neither,no_value
US-UiA,2019,CRO,AmeriFlux,NA,NA,NA,NA,NA,FALSE,NA,NA,NA,NA,NA,FALSE,NA,neither,no_value
US-UiA,2020,CRO,AmeriFlux,NA,NA,NA,NA,NA,FALSE,NA,NA,NA,NA,NA,FALSE,NA,neither,no_value
US-UiA,2021,CRO,AmeriFlux,NA,NA,NA,NA,NA,FALSE,NA,NA,NA,NA,NA,FALSE,NA,neither,no_value
US-UiA,2022,CRO,AmeriFlux,NA,NA,NA,NA,NA,FALSE,NA,NA,NA,NA,NA,FALSE,NA,neither,no_value
US-UiA,2023,CRO,AmeriFlux,NA,NA,NA,NA,NA,FALSE,NA,NA,NA,NA,NA,FALSE,NA,neither,no_value
US-UiA,2024,CRO,AmeriFlux,NA,NA,NA,NA,NA,FALSE,NA,NA,NA,NA,NA,FALSE,NA,neither,no_value
US-UiB,2008,CRO,AmeriFlux,NA,NA,NA,NA,NA,FALSE,NA,NA,NA,NA,NA,FALSE,NA,neither,no_value
US-UiB,2009,CRO,AmeriFlux,NA,NA,NA,NA,NA,FALSE,-140.592,0.99161,6.36115,12.865000000000002,14.3519,TRUE,NA,CUT_only,NA
US-UiB,2010,CRO,AmeriFlux,NA,NA,NA,NA,NA,FALSE,-703.706,0.983219,5.54497,44.355500000000006,44.7008,TRUE,NA,CUT_only,NA
US-UiB,2011,CRO,AmeriFlux,NA,NA,NA,NA,NA,FALSE,-1099.36,0.972432,7.53711,25.58000000000004,26.6648,TRUE,NA,CUT_only,NA
US-UiB,2012,CRO,AmeriFlux,NA,NA,NA,NA,NA,FALSE,-502.581,0.771118,5.81306,63.35749999999999,63.6235,TRUE,NA,CUT_only,NA
US-UiB,2013,CRO,AmeriFlux,NA,NA,NA,NA,NA,FALSE,-823.01,0.88984,6.38617,15.0505,16.3493,TRUE,NA,CUT_only,NA
US-UiB,2014,CRO,AmeriFlux,NA,NA,NA,NA,NA,FALSE,-844.718,0.80645,6.53149,70.68850000000003,70.9898,TRUE,NA,CUT_only,NA
US-UiB,2015,CRO,AmeriFlux,NA,NA,NA,NA,NA,FALSE,-791.903,0.912043,8.9805,8.609500000000025,12.4406,TRUE,NA,CUT_only,NA
US-UiB,2016,CRO,AmeriFlux,NA,NA,NA,NA,NA,FALSE,NA,NA,NA,NA,NA,FALSE,NA,neither,no_value
US-UiB,2017,CRO,AmeriFlux,NA,NA,NA,NA,NA,FALSE,NA,NA,NA,NA,NA,FALSE,NA,neither,no_value
US-UiB,2018,CRO,AmeriFlux,NA,NA,NA,NA,NA,FALSE,-944.929,0.810788,9.39127,63.192499999999995,63.8855,TRUE,NA,CUT_only,NA
US-UiB,2019,CRO,AmeriFlux,NA,NA,NA,NA,NA,FALSE,-738.306,0.989498,5.77467,20.55250000000001,21.3482,TRUE,NA,CUT_only,NA
US-UiB,2020,CRO,AmeriFlux,NA,NA,NA,NA,NA,FALSE,-896.142,0.984802,5.71411,11.083499999999958,12.4697,TRUE,NA,CUT_only,NA
US-UiB,2021,CRO,AmeriFlux,NA,NA,NA,NA,NA,FALSE,NA,NA,NA,NA,NA,FALSE,NA,neither,no_value
US-UiB,2022,CRO,AmeriFlux,NA,NA,NA,NA,NA,FALSE,NA,NA,NA,NA,NA,FALSE,NA,neither,no_value
US-UiB,2023,CRO,AmeriFlux,NA,NA,NA,NA,NA,FALSE,-1082.51,0.984646,NA,17.13499999999999,NA,TRUE,NA,CUT_only,NA
US-UiB,2024,CRO,AmeriFlux,NA,NA,NA,NA,NA,FALSE,-1254.49,0.974385,NA,37.45999999999992,NA,TRUE,NA,CUT_only,NA
US-UiC,2008,CRO,AmeriFlux,NA,NA,NA,NA,NA,FALSE,NA,NA,NA,NA,NA,FALSE,NA,neither,no_value
US-UiC,2009,CRO,AmeriFlux,NA,NA,NA,NA,NA,FALSE,-279.616,0.991895,8.9547,19.088499999999982,21.0846,TRUE,NA,CUT_only,NA
US-UiC,2010,CRO,AmeriFlux,NA,NA,NA,NA,NA,FALSE,-51.0736,0.98339,4.66196,6.0867000000000004,7.66695,TRUE,NA,CUT_only,NA
US-UiC,2011,CRO,AmeriFlux,NA,NA,NA,NA,NA,FALSE,-221.252,0.91621,5.92159,6.189499999999995,8.56601,TRUE,NA,CUT_only,NA
US-UiC,2012,CRO,AmeriFlux,NA,NA,NA,NA,NA,FALSE,17.0788,0.942509,7.3512,16.977745,18.5009,TRUE,NA,CUT_only,NA
US-UiC,2013,CRO,AmeriFlux,NA,NA,NA,NA,NA,FALSE,4.07732,0.931678,5.9233,11.23829,12.7037,TRUE,NA,CUT_only,NA
US-UiC,2014,CRO,AmeriFlux,NA,NA,NA,NA,NA,FALSE,289.331,0.940126,11.9953,11.855999999999995,16.8655,TRUE,NA,CUT_only,NA
US-UiC,2015,CRO,AmeriFlux,NA,NA,NA,NA,NA,FALSE,199.88,0.901484,10.3989,5.072500000000005,11.5699,TRUE,NA,CUT_only,NA
US-UiC,2016,CRO,AmeriFlux,NA,NA,NA,NA,NA,FALSE,-79.8578,0.823543,7.21328,11.51905,13.5912,TRUE,NA,CUT_only,NA
US-UiC,2017,CRO,AmeriFlux,NA,NA,NA,NA,NA,FALSE,-325.637,0.77266,9.54978,6.791500000000013,11.7186,TRUE,NA,CUT_only,NA
US-UiC,2018,CRO,AmeriFlux,NA,NA,NA,NA,NA,FALSE,-337.299,0.765068,NA,24.39500000000001,NA,TRUE,NA,CUT_only,NA
US-UiC,2019,CRO,AmeriFlux,NA,NA,NA,NA,NA,FALSE,-143.293,0.978653,NA,26.1415,NA,TRUE,NA,CUT_only,NA
US-UiC,2020,CRO,AmeriFlux,NA,NA,NA,NA,NA,FALSE,-454.556,0.919456,NA,17.537499999999994,NA,TRUE,NA,CUT_only,NA
US-UiC,2021,CRO,AmeriFlux,NA,NA,NA,NA,NA,FALSE,-114.954,0.934189,NA,4.527999999999999,NA,TRUE,NA,CUT_only,NA
US-UiC,2022,CRO,AmeriFlux,NA,NA,NA,NA,NA,FALSE,NA,NA,NA,NA,NA,FALSE,NA,neither,no_value
US-UiC,2023,CRO,AmeriFlux,NA,NA,NA,NA,NA,FALSE,-572.657,0.921119,NA,7.31699999999995,NA,TRUE,NA,CUT_only,NA
US-UiC,2024,CRO,AmeriFlux,NA,NA,NA,NA,NA,FALSE,-548.126,0.927823,NA,4.536999999999978,NA,TRUE,NA,CUT_only,NA
US-UiD,2008,GRA,AmeriFlux,NA,NA,NA,NA,NA,FALSE,NA,NA,NA,NA,NA,FALSE,NA,neither,no_value
US-UiD,2009,GRA,AmeriFlux,NA,NA,NA,NA,NA,FALSE,-405.453,0.984132,4.30669,22.650000000000006,23.0555,TRUE,NA,CUT_only,NA
US-UiD,2010,GRA,AmeriFlux,NA,NA,NA,NA,NA,FALSE,-374.466,0.96992,4.34166,2.152499999999975,4.84576,TRUE,NA,CUT_only,NA
US-UiD,2011,GRA,AmeriFlux,NA,NA,NA,NA,NA,FALSE,-357.536,0.938242,4.49096,6.8004999999999995,8.14968,TRUE,NA,CUT_only,NA
US-UiD,2012,GRA,AmeriFlux,NA,NA,NA,NA,NA,FALSE,-336.734,0.791211,7.15475,5.849000000000018,9.24126,TRUE,NA,CUT_only,NA
US-UiD,2013,GRA,AmeriFlux,NA,NA,NA,NA,NA,FALSE,-451.852,0.870434,6.08336,12.428499999999985,13.8378,TRUE,NA,CUT_only,NA
US-UiD,2014,GRA,AmeriFlux,NA,NA,NA,NA,NA,FALSE,-264.9,0.899087,4.91062,4.813500000000005,6.87618,TRUE,NA,CUT_only,NA
US-UiD,2015,GRA,AmeriFlux,NA,NA,NA,NA,NA,FALSE,-259.923,0.910217,5.76939,7.651999999999987,9.58346,TRUE,NA,CUT_only,NA
US-UiD,2016,GRA,AmeriFlux,NA,NA,NA,NA,NA,FALSE,NA,NA,NA,NA,NA,FALSE,NA,neither,no_value
US-UiD,2017,GRA,AmeriFlux,NA,NA,NA,NA,NA,FALSE,NA,NA,NA,NA,NA,FALSE,NA,neither,no_value
US-UiD,2018,GRA,AmeriFlux,NA,NA,NA,NA,NA,FALSE,NA,NA,NA,NA,NA,FALSE,NA,neither,no_value
US-UiD,2019,GRA,AmeriFlux,NA,NA,NA,NA,NA,FALSE,NA,NA,NA,NA,NA,FALSE,NA,neither,no_value
US-UiD,2020,GRA,AmeriFlux,NA,NA,NA,NA,NA,FALSE,NA,NA,NA,NA,NA,FALSE,NA,neither,no_value
US-UiD,2021,GRA,AmeriFlux,NA,NA,NA,NA,NA,FALSE,NA,NA,NA,NA,NA,FALSE,NA,neither,no_value
US-UiD,2022,GRA,AmeriFlux,NA,NA,NA,NA,NA,FALSE,NA,NA,NA,NA,NA,FALSE,NA,neither,no_value
US-UiD,2023,GRA,AmeriFlux,NA,NA,NA,NA,NA,FALSE,NA,NA,NA,NA,NA,FALSE,NA,neither,no_value
US-UiD,2024,GRA,AmeriFlux,NA,NA,NA,NA,NA,FALSE,NA,NA,NA,NA,NA,FALSE,NA,neither,no_value
US-UiE,2018,CRO,AmeriFlux,NA,NA,NA,NA,NA,FALSE,NA,NA,NA,NA,NA,FALSE,NA,neither,no_value
US-UiE,2019,CRO,AmeriFlux,-48.5529,0.832705,4.64484,30.89565,31.2428,TRUE,-52.3556,0.847432,4.53654,22.181199999999997,22.6404,TRUE,3.8027000000000015,both,NA
US-UiE,2020,CRO,AmeriFlux,-217.742,0.829463,8.75785,22.235500000000002,23.8984,TRUE,-226.7,0.842612,8.49849,21.676000000000002,23.2828,TRUE,8.957999999999998,both,NA
US-UiE,2021,CRO,AmeriFlux,-320.886,0.913356,9.76738,46.06,47.0844,TRUE,-345.014,0.936416,10.356,41.68199999999999,42.949,TRUE,24.127999999999986,both,NA
US-UiE,2022,CRO,AmeriFlux,-169.797,0.697546,5.19818,6.982500000000002,8.70483,TRUE,-176.085,0.716553,5.13396,8.534000000000006,9.95911,TRUE,6.288000000000011,both,NA
US-UiE,2023,CRO,AmeriFlux,-448.39,0.886416,7.1779,16.698000000000008,18.175,TRUE,-447.607,0.895034,7.29156,20.56050000000002,21.8151,TRUE,-0.7829999999999586,both,NA
US-UiE,2024,CRO,AmeriFlux,-652.441,0.853313,7.64974,11.590000000000032,13.887,TRUE,-649.457,0.877505,7.43728,12.120000000000005,14.2198,TRUE,-2.9840000000000373,both,NA
US-UiF,2018,CRO,AmeriFlux,NA,NA,NA,NA,NA,FALSE,NA,NA,NA,NA,NA,FALSE,NA,neither,no_value
US-UiF,2019,CRO,AmeriFlux,-946.233,0.827797,7.78905,101.20050000000003,101.499,TRUE,-943.143,0.830479,7.72177,39.55200000000002,40.2986,TRUE,-3.089999999999918,both,NA
US-UiF,2020,CRO,AmeriFlux,-973.768,0.970685,7.79942,180.70549999999997,180.874,TRUE,-968.795,0.970685,7.80161,121.51850000000002,121.767,TRUE,-4.97300000000007,both,NA
US-UiF,2021,CRO,AmeriFlux,-482.449,0.956621,7.84251,52.13199999999998,52.7186,TRUE,-485.517,0.956792,7.86338,49.05799999999999,49.6841,TRUE,3.0679999999999836,both,NA
US-UiF,2022,CRO,AmeriFlux,NA,NA,NA,NA,NA,FALSE,NA,NA,NA,NA,NA,FALSE,NA,neither,no_value
US-UiF,2023,CRO,AmeriFlux,-726.011,0.915811,5.75677,16.185500000000047,17.1787,TRUE,-745.852,0.907078,5.62748,27.126999999999953,27.7043,TRUE,19.841000000000008,both,NA
US-UiG,2018,CRO,AmeriFlux,NA,NA,NA,NA,NA,FALSE,NA,NA,NA,NA,NA,FALSE,NA,neither,no_value
US-UiG,2019,CRO,AmeriFlux,-89.2136,0.739954,4.90049,24.028750000000002,24.5235,TRUE,-89.3309,0.809247,5.0329,21.730400000000003,22.3056,TRUE,0.11730000000000018,both,NA
US-UiG,2020,CRO,AmeriFlux,-447.465,0.85041,6.58547,18.54849999999999,19.6828,TRUE,-417.862,0.886157,5.41112,17.306999999999988,18.1329,TRUE,-29.602999999999952,both,NA
US-UiG,2021,CRO,AmeriFlux,-175.696,0.805537,8.74424,41.189499999999995,42.1074,TRUE,-164.527,0.852454,8.60794,22.322500000000005,23.9247,TRUE,-11.169000000000011,both,NA
US-UiG,2022,CRO,AmeriFlux,-59.6614,0.735674,7.11754,9.77695,12.0933,TRUE,-61.0725,0.771461,5.18583,14.661950000000001,15.552,TRUE,1.4110999999999976,both,NA
US-UiG,2023,CRO,AmeriFlux,-389.434,0.845491,5.59749,43.584,43.9418,TRUE,-415.966,0.878653,5.64789,37.34400000000002,37.7687,TRUE,26.531999999999982,both,NA
US-VT1,2023,CRO,AmeriFlux,NA,NA,NA,NA,NA,FALSE,NA,NA,NA,NA,NA,FALSE,NA,neither,no_value
US-VT1,2024,CRO,AmeriFlux,-26.9308,0.988331,9.45123,23.68957,25.5053,TRUE,-26.9313,0.988331,9.45122,23.735774999999997,25.5482,TRUE,4.999999999988347e-4,both,NA
US-VT1,2025,CRO,AmeriFlux,NA,NA,NA,NA,NA,FALSE,NA,NA,NA,NA,NA,FALSE,NA,neither,no_value
US-VT2,2023,CRO,AmeriFlux,NA,NA,NA,NA,NA,FALSE,NA,NA,NA,NA,NA,FALSE,NA,neither,no_value
US-VT2,2024,CRO,AmeriFlux,-46.2741,0.988957,10.5128,20.157294999999998,22.734,TRUE,-46.2741,0.988957,10.5128,20.185695000000003,22.7592,TRUE,0,both,NA
US-VT2,2025,CRO,AmeriFlux,NA,NA,NA,NA,NA,FALSE,NA,NA,NA,NA,NA,FALSE,NA,neither,no_value
US-Var,2000,GRA,AmeriFlux,NA,NA,NA,NA,NA,FALSE,NA,NA,NA,NA,NA,FALSE,NA,neither,no_value
US-Var,2001,GRA,AmeriFlux,-86.6211,0.903938,4.71392,13.632150000000003,14.4242,TRUE,-88.379,0.879167,5.05383,9.295050000000003,10.5801,TRUE,1.7579000000000065,both,NA
US-Var,2002,GRA,AmeriFlux,-7.04658,0.936587,3.99021,4.60389,6.09241,TRUE,-25.0949,0.893265,6.76937,19.77521,20.9018,TRUE,18.04832,both,NA
US-Var,2003,GRA,AmeriFlux,35.8839,0.949543,3.86225,9.064950000000001,9.85347,TRUE,46.2464,0.86347,4.15983,16.378049999999998,16.898,TRUE,-10.362500000000004,both,NA
US-Var,2004,GRA,AmeriFlux,17.0706,0.904315,3.30838,4.9894,5.98661,TRUE,55.1025,0.839709,3.92637,21.030135,21.3935,TRUE,-38.0319,both,NA
US-Var,2005,GRA,AmeriFlux,-49.4421,0.865525,7.05633,12.997949999999996,14.7898,TRUE,-81.0885,0.830479,7.56351,13.165,15.183,TRUE,31.646399999999993,both,NA
US-Var,2006,GRA,AmeriFlux,56.3159,0.951712,8.0265,16.167500000000004,18.0503,TRUE,25.2754,0.930479,7.55421,39.8636,40.573,TRUE,31.040499999999998,both,NA
US-Var,2007,GRA,AmeriFlux,-106.591,0.942009,5.83412,9.922500000000007,11.5105,TRUE,-123.511,0.932306,6.29196,10.674000000000007,12.3905,TRUE,16.92,both,NA
US-Var,2008,GRA,AmeriFlux,105.434,0.940574,6.24814,17.1175,18.2222,TRUE,111.936,0.928506,6.191,15.68,16.8583,TRUE,-6.5020000000000095,both,NA
US-Var,2009,GRA,AmeriFlux,-34.9702,0.947146,7.82964,26.678919999999998,27.8041,TRUE,-29.8582,0.946461,8.48946,23.66322,25.14,TRUE,-5.111999999999998,both,NA
US-Var,2010,GRA,AmeriFlux,98.1088,0.903368,7.48875,23.564750000000004,24.7263,TRUE,90.3623,0.90097,7.6841,23.664700000000003,24.8812,TRUE,7.7464999999999975,both,NA
US-Var,2011,GRA,AmeriFlux,145.856,0.951998,6.88689,31.7907,32.5281,TRUE,161.029,0.934703,7.45543,38.943450000000006,39.6509,TRUE,-15.173000000000002,both,NA
US-Var,2012,GRA,AmeriFlux,82.3272,0.879724,8.17495,12.528950000000002,14.9601,TRUE,64.434,0.870503,8.8778,13.906199999999998,16.4984,TRUE,17.893200000000007,both,NA
US-Var,2013,GRA,AmeriFlux,27.8042,0.945491,2.93075,23.89785,24.0769,TRUE,36.8361,0.940183,2.88759,25.416400000000003,25.5799,TRUE,-9.0319,both,NA
US-Var,2014,GRA,AmeriFlux,59.1541,0.955708,4.2917,10.2681,11.1289,TRUE,46.0486,0.951598,4.33486,15.668050000000001,16.2566,TRUE,13.1055,both,NA
US-Var,2015,GRA,AmeriFlux,94.2522,0.943094,3.33072,27.76195,27.9611,TRUE,88.0925,0.936644,3.46115,28.90315,29.1096,TRUE,6.159700000000001,both,NA
US-Var,2016,GRA,AmeriFlux,-49.9058,0.904201,8.02635,114.74525,115.026,TRUE,58.2791,0.937272,7.00603,28.32725,29.1808,TRUE,-108.1849,both,NA
US-Var,2017,GRA,AmeriFlux,142.769,0.907192,8.0082,32.676,33.6433,TRUE,130.317,0.932763,7.29198,30.888550000000002,31.7376,TRUE,12.451999999999998,both,NA
US-Var,2018,GRA,AmeriFlux,168.078,0.885845,8.56698,69.17745,69.706,TRUE,136.586,0.916895,4.66525,48.271,48.4957,TRUE,31.49199999999999,both,NA
US-Var,2019,GRA,AmeriFlux,96.5262,0.95468,6.65265,8.465699999999998,10.7669,TRUE,96.3205,0.950913,6.70009,7.965700000000005,10.4088,TRUE,0.20570000000000732,both,NA
US-Var,2020,GRA,AmeriFlux,-64.2143,0.946778,3.40099,18.361849999999997,18.6742,TRUE,-63.3415,0.941769,3.47748,20.121599999999997,20.4199,TRUE,-0.8727999999999909,both,NA
US-Var,2021,GRA,AmeriFlux,97.9263,0.903596,3.00465,30.1801,30.3291,TRUE,99.6761,0.920947,3.05261,26.519950000000005,26.6953,TRUE,-1.7498000000000076,both,NA
US-Var,2022,GRA,AmeriFlux,-23.1524,0.913984,3.15331,13.57675,13.9381,TRUE,-27.6,0.927626,3.16758,24.527749999999997,24.7314,TRUE,4.447600000000001,both,NA
US-Var,2023,GRA,AmeriFlux,45.0109,0.917808,2.60367,9.90895,10.2453,TRUE,47.3108,0.926027,2.59923,12.58285,12.8485,TRUE,-2.299900000000001,both,NA
US-Var,2024,GRA,AmeriFlux,96.0195,0.92623,3.15143,8.579549999999998,9.14,TRUE,95.2232,0.935109,3.13118,23.14415,23.355,TRUE,0.796299999999988,both,NA
US-Var,2025,GRA,AmeriFlux,136.301,0.905651,3.43772,8.770000000000003,9.41988,TRUE,137.129,0.90839,3.45918,29.283199999999994,29.487,TRUE,-0.828000000000003,both,NA
US-Vcm,2007,ENF,AmeriFlux,-549.693,0.276769,NA,15.432999999999993,NA,FALSE,-599.846,0.392922,NA,30.52000000000004,NA,FALSE,50.15300000000002,neither,fails_qc
US-Vcm,2008,ENF,AmeriFlux,-507.104,0.744023,3.68562,5.696499999999986,6.78465,TRUE,-510.612,0.802083,3.79799,14.073500000000024,14.5772,TRUE,3.508000000000038,both,NA
US-Vcm,2009,ENF,AmeriFlux,-427.799,0.846119,2.48738,10.734499999999997,11.0186,TRUE,-427.586,0.887158,2.83158,6.650500000000022,7.2285,TRUE,-0.21299999999996544,both,NA
US-Vcm,2010,ENF,AmeriFlux,NA,NA,NA,NA,NA,FALSE,NA,NA,NA,NA,NA,FALSE,NA,neither,no_value
US-Vcm,2011,ENF,AmeriFlux,-352.893,0.872888,3.21741,16.904499999999985,17.2079,TRUE,-361.281,0.927226,3.10285,18.057500000000005,18.3222,TRUE,8.388000000000034,both,NA
US-Vcm,2012,ENF,AmeriFlux,-444.416,0.740153,2.8854,10.716499999999996,11.0979,TRUE,-437.099,0.787398,2.94407,12.4375,12.7811,TRUE,-7.317000000000007,both,NA
US-Vcm,2013,ENF,AmeriFlux,NA,NA,NA,NA,NA,FALSE,NA,NA,NA,NA,NA,FALSE,NA,neither,no_value
US-Vcm,2014,ENF,AmeriFlux,61.1976,0.863813,1.74296,30.4444,30.4943,TRUE,46.6307,0.921575,1.7512,26.756549999999997,26.8138,TRUE,14.566900000000004,both,NA
US-Vcm,2015,ENF,AmeriFlux,-25.5938,0.851027,2.19082,34.997550000000004,35.066,TRUE,-34.6476,0.918607,2.11833,38.137499999999996,38.1963,TRUE,9.053799999999995,both,NA
US-Vcm,2016,ENF,AmeriFlux,-88.1623,0.865437,2.23229,19.018399999999996,19.149,TRUE,-86.5682,0.89589,2.20365,23.266849999999998,23.371,TRUE,-1.5940999999999974,both,NA
US-Vcm,2017,ENF,AmeriFlux,-18.0659,0.824315,2.50964,20.518145,20.671,TRUE,-23.4369,0.828482,2.51119,36.36081,36.4474,TRUE,5.371000000000002,both,NA
US-Vcm,2018,ENF,AmeriFlux,25.6737,0.888014,2.11309,20.328599999999998,20.4381,TRUE,43.7664,0.858447,2.30133,25.593445000000003,25.6967,TRUE,-18.092699999999997,both,NA
US-Vcm,2019,ENF,AmeriFlux,-47.3115,0.863185,1.82728,3.6504499999999993,4.08224,TRUE,-57.5481,0.795091,1.95683,10.09475,10.2826,TRUE,10.236599999999996,both,NA
US-Vcm,2020,ENF,AmeriFlux,54.196,0.884734,1.94669,9.2136,9.41701,TRUE,60.3799,0.821835,1.83984,13.6588,13.7822,TRUE,-6.183900000000001,both,NA
US-Vcm,2021,ENF,AmeriFlux,5.73363,0.790525,2.32188,18.3802,18.5263,TRUE,12.3689,0.750342,2.43895,45.157849999999996,45.2237,TRUE,-6.63527,both,NA
US-Vcm,2022,ENF,AmeriFlux,37.8403,0.75302500000000006,2.53502,38.43225,38.5157,TRUE,43.3984,0.700856,3.11042,38.3051,38.4312,TRUE,-5.558100000000003,both,NA
US-Vcm,2023,ENF,AmeriFlux,317.656,0.802454,1.87326,81.339,81.3606,TRUE,428.936,0.575685,1.98077,108.923,108.941,TRUE,-111.27999999999997,both,NA
US-Vcm,2024,ENF,AmeriFlux,380.651,0.725865,1.86474,86.846,86.866,TRUE,512.524,0.568078,2.06657,94.6825,94.705,TRUE,-131.873,both,NA
US-Vcm,2025,ENF,AmeriFlux,321.424,0.794635,2.10495,64.1495,64.1839,TRUE,400.153,0.607135,2.77133,113.59499999999997,113.628,TRUE,-78.72900000000004,both,NA
US-Vcp,2007,ENF,AmeriFlux,-336.458,0.89863,6.28446,8.076000000000022,10.2331,TRUE,-330.637,0.911073,6.40632,8.445999999999998,10.6008,TRUE,-5.821000000000026,both,NA
US-Vcp,2008,ENF,AmeriFlux,-327.997,0.817224,7.8324,17.483499999999992,19.1576,TRUE,-348.447,0.819444,7.97094,14.372500000000002,16.4347,TRUE,20.44999999999999,both,NA
US-Vcp,2009,ENF,AmeriFlux,-293.806,0.913185,6.6179,21.331999999999994,22.3353,TRUE,-290.259,0.912557,6.62408,23.99200000000002,24.8896,TRUE,-3.5469999999999686,both,NA
US-Vcp,2010,ENF,AmeriFlux,-342.186,0.94532,6.32632,10.430499999999995,12.1993,TRUE,-347.249,0.941381,6.39173,8.369999999999976,10.5314,TRUE,5.063000000000045,both,NA
US-Vcp,2011,ENF,AmeriFlux,-130.884,0.920548,5.71551,12.554000000000002,13.7941,TRUE,-114.438,0.926541,5.75651,10.46,11.939,TRUE,-16.445999999999984,both,NA
US-Vcp,2012,ENF,AmeriFlux,5.72547,0.911202,6.31179,22.45215,23.3225,TRUE,14.1582,0.915414,6.37057,16.6664,17.8424,TRUE,-8.432730000000001,both,NA
US-Vcp,2013,ENF,AmeriFlux,NA,NA,NA,NA,NA,FALSE,NA,NA,NA,NA,NA,FALSE,NA,neither,no_value
US-Vcp,2014,ENF,AmeriFlux,-152.044,0.969235,5.8207700000000004,14.175000000000011,15.3237,TRUE,-146.816,0.968721,5.79045,16.441500000000005,17.4315,TRUE,-5.228000000000009,both,NA
US-Vcp,2015,ENF,AmeriFlux,NA,NA,NA,NA,NA,FALSE,NA,NA,NA,NA,NA,FALSE,NA,neither,no_value
US-Vcp,2016,ENF,AmeriFlux,-295.229,0.900444,6.28713,10.409999999999997,12.1615,TRUE,-297.238,0.898167,6.38478,14.511499999999984,15.8541,TRUE,2.0090000000000146,both,NA
US-Vcp,2017,ENF,AmeriFlux,-424.061,0.913014,6.14376,31.87900000000002,32.4656,TRUE,-387.442,0.905708,5.87927,24.964499999999987,25.6474,TRUE,-36.61899999999997,both,NA
US-Vcp,2018,ENF,AmeriFlux,-160.064,0.922603,5.46278,28.644000000000005,29.1606,TRUE,-180.531,0.921918,5.4563,16.164500000000004,17.0605,TRUE,20.467000000000013,both,NA
US-Vcp,2019,ENF,AmeriFlux,-281.726,0.830936,5.71548,11.27600000000001,12.6418,TRUE,-294.051,0.836587,5.81236,8.863499999999988,10.5994,TRUE,12.324999999999989,both,NA
US-Vcp,2020,ENF,AmeriFlux,-260.792,0.914162,3.98976,8.53449999999998,9.42085,TRUE,-280.929,0.924863,4.15286,16.809500000000014,17.3149,TRUE,20.137,both,NA
US-Vcp,2021,ENF,AmeriFlux,-207.855,0.913185,4.48583,7.834999999999994,9.02854,TRUE,-215.548,0.915525,4.55222,10.036500000000004,11.0205,TRUE,7.693000000000012,both,NA
US-Vcp,2022,ENF,AmeriFlux,-445.797,0.957534,6.14742,35.25750000000002,35.7894,TRUE,-443.406,0.970148,6.23881,32.51050000000001,33.1037,TRUE,-2.3910000000000196,both,NA
US-Vcp,2023,ENF,AmeriFlux,-499.39,0.95976,4.78114,8.90700000000001,10.109,TRUE,-512.442,0.967066,4.80501,11.04249999999999,12.0427,TRUE,13.052000000000021,both,NA
US-Vcp,2024,ENF,AmeriFlux,-550.019,0.953893,5.49194,11.1995,12.4736,TRUE,-552.98,0.962204,5.59201,11.081500000000005,12.4121,TRUE,2.9610000000000127,both,NA
US-Vcp,2025,ENF,AmeriFlux,-348.513,0.944806,5.47715,25.0205,25.6132,TRUE,-344.038,0.952055,5.84026,11.417000000000002,12.8239,TRUE,-4.474999999999966,both,NA
US-WCr,1999,DBF,AmeriFlux,NA,NA,NA,NA,NA,FALSE,NA,NA,NA,NA,NA,FALSE,NA,neither,no_value
US-WCr,2000,DBF,AmeriFlux,NA,NA,NA,NA,NA,FALSE,-208.037,0.934426,7.02331,26.429000000000002,27.3465,TRUE,NA,CUT_only,NA
US-WCr,2001,DBF,AmeriFlux,NA,NA,NA,NA,NA,FALSE,50.085,0.782192,4.54441,19.96315,20.4739,TRUE,NA,CUT_only,NA
US-WCr,2002,DBF,AmeriFlux,NA,NA,NA,NA,NA,FALSE,-202.93,0.813984,4.95355,29.988500000000002,30.3951,TRUE,NA,CUT_only,NA
US-WCr,2003,DBF,AmeriFlux,NA,NA,NA,NA,NA,FALSE,-451.519,0.867352,5.11337,15.31649999999999,16.1477,TRUE,NA,CUT_only,NA
US-WCr,2004,DBF,AmeriFlux,NA,NA,NA,NA,NA,FALSE,-427.79,0.587773,5.42108,24.0505,24.6539,TRUE,NA,CUT_only,NA
US-WCr,2005,DBF,AmeriFlux,NA,NA,NA,NA,NA,FALSE,-384.049,0.941667,6.69312,42.763000000000005,43.2837,TRUE,NA,CUT_only,NA
US-WCr,2006,DBF,AmeriFlux,NA,NA,NA,NA,NA,FALSE,-393.728,0.803311,8.28359,46.275499999999994,47.0109,TRUE,NA,CUT_only,NA
US-WCr,2007,DBF,AmeriFlux,NA,NA,NA,NA,NA,FALSE,NA,NA,NA,NA,NA,FALSE,NA,neither,no_value
US-WCr,2008,DBF,AmeriFlux,NA,NA,NA,NA,NA,FALSE,NA,NA,NA,NA,NA,FALSE,NA,neither,no_value
US-WCr,2009,DBF,AmeriFlux,NA,NA,NA,NA,NA,FALSE,NA,NA,NA,NA,NA,FALSE,NA,neither,no_value
US-WCr,2010,DBF,AmeriFlux,NA,NA,NA,NA,NA,FALSE,NA,NA,NA,NA,NA,FALSE,NA,neither,no_value
US-WCr,2011,DBF,AmeriFlux,NA,NA,NA,NA,NA,FALSE,-474.738,0.863071,6.34668,58.57300000000001,58.9159,TRUE,NA,CUT_only,NA
US-WCr,2012,DBF,AmeriFlux,NA,NA,NA,NA,NA,FALSE,-420.095,0.76571,5.54632,NA,58.3297,TRUE,NA,CUT_only,NA
US-WCr,2013,DBF,AmeriFlux,NA,NA,NA,NA,NA,FALSE,-318.153,0.6871,5.83509,48.7235,49.0715,TRUE,NA,CUT_only,NA
US-WCr,2014,DBF,AmeriFlux,NA,NA,NA,NA,NA,FALSE,-147.832,0.75137,5.89413,7.663999999999987,9.66816,TRUE,NA,CUT_only,NA
US-WCr,2015,DBF,AmeriFlux,NA,NA,NA,NA,NA,FALSE,97.1924,0.94532,4.5246,48.256550000000004,48.468,TRUE,NA,CUT_only,NA
US-WCr,2016,DBF,AmeriFlux,NA,NA,NA,NA,NA,FALSE,6.42141,0.918545,5.13276,38.8697,39.2071,TRUE,NA,CUT_only,NA
US-WCr,2017,DBF,AmeriFlux,NA,NA,NA,NA,NA,FALSE,-232.921,0.917066,4.81804,8.123499999999993,9.44475,TRUE,NA,CUT_only,NA
US-WCr,2018,DBF,AmeriFlux,NA,NA,NA,NA,NA,FALSE,-478.945,0.831621,7.60969,19.076999999999998,20.5386,TRUE,NA,CUT_only,NA
US-WCr,2019,DBF,AmeriFlux,NA,NA,NA,NA,NA,FALSE,-424.277,0.905936,5.89747,8.499500000000012,10.345,TRUE,NA,CUT_only,NA
US-WCr,2020,DBF,AmeriFlux,NA,NA,NA,NA,NA,FALSE,NA,NA,NA,NA,NA,FALSE,NA,neither,no_value
US-WCr,2021,DBF,AmeriFlux,NA,NA,NA,NA,NA,FALSE,NA,NA,NA,NA,NA,FALSE,NA,neither,no_value
US-WCr,2022,DBF,AmeriFlux,NA,NA,NA,NA,NA,FALSE,NA,NA,NA,NA,NA,FALSE,NA,neither,no_value
US-WCr,2023,DBF,AmeriFlux,NA,NA,NA,NA,NA,FALSE,NA,NA,NA,NA,NA,FALSE,NA,neither,no_value
US-WCr,2024,DBF,AmeriFlux,NA,NA,NA,NA,NA,FALSE,NA,NA,NA,NA,NA,FALSE,NA,neither,no_value
US-WCr,2025,DBF,AmeriFlux,NA,NA,NA,NA,NA,FALSE,NA,NA,NA,NA,NA,FALSE,NA,neither,no_value
US-WPT,2011,WET,AmeriFlux,99.7588,0.965468,6.61157,8.792249999999996,11.0009,TRUE,96.5219,0.970148,6.56008,8.910150000000002,11.0647,TRUE,3.2368999999999915,both,NA
US-WPT,2012,WET,AmeriFlux,189.398,0.952015,4.42069,21.174000000000007,21.6306,TRUE,184.589,0.955487,4.46047,21.15650000000001,21.6215,TRUE,4.8089999999999975,both,NA
US-WPT,2013,WET,AmeriFlux,308.216,0.978082,4.6412,27.92949999999999,28.3123,TRUE,315.47,0.976084,4.63353,30.360500000000002,30.7124,TRUE,-7.254000000000019,both,NA
US-WT1,2023,CRO,AmeriFlux,NA,NA,NA,NA,NA,FALSE,NA,NA,NA,NA,NA,FALSE,NA,neither,no_value
US-WT1,2024,CRO,AmeriFlux,-41.3489,0.997723,4.26138,6.9846,8.18195,TRUE,NA,NA,NA,NA,NA,FALSE,NA,VUT_only,NA
US-Whs,2007,OSH,AmeriFlux,NA,NA,NA,NA,NA,FALSE,NA,NA,NA,NA,NA,FALSE,NA,neither,no_value
US-Whs,2008,OSH,AmeriFlux,NA,NA,NA,NA,NA,FALSE,37.4592,0.994934,3.07944,17.7478,18.013,TRUE,NA,CUT_only,NA
US-Whs,2009,OSH,AmeriFlux,NA,NA,NA,NA,NA,FALSE,57.7845,0.969235,1.23164,14.787750000000003,14.839,TRUE,NA,CUT_only,NA
US-Whs,2010,OSH,AmeriFlux,NA,NA,NA,NA,NA,FALSE,-10.7743,0.95839,1.4049,13.09905,13.1742,TRUE,NA,CUT_only,NA
US-Whs,2011,OSH,AmeriFlux,NA,NA,NA,NA,NA,FALSE,38.2404,0.97032,1.51807,4.9445000000000014,5.17228,TRUE,NA,CUT_only,NA
US-Whs,2012,OSH,AmeriFlux,NA,NA,NA,NA,NA,FALSE,54.0535,0.96357,1.24676,10.338650000000001,10.4136,TRUE,NA,CUT_only,NA
US-Whs,2013,OSH,AmeriFlux,NA,NA,NA,NA,NA,FALSE,42.9534,0.978938,1.60348,14.243450000000001,14.3334,TRUE,NA,CUT_only,NA
US-Whs,2014,OSH,AmeriFlux,NA,NA,NA,NA,NA,FALSE,-32.0355,0.971861,1.55819,12.188550000000001,12.2878,TRUE,NA,CUT_only,NA
US-Whs,2015,OSH,AmeriFlux,NA,NA,NA,NA,NA,FALSE,12.5712,0.977397,1.43252,13.541672,13.6172,TRUE,NA,CUT_only,NA
US-Whs,2016,OSH,AmeriFlux,NA,NA,NA,NA,NA,FALSE,-7.94778,0.975239,1.74036,8.519452600000001,8.69542,TRUE,NA,CUT_only,NA
US-Whs,2017,OSH,AmeriFlux,NA,NA,NA,NA,NA,FALSE,32.8601,0.986358,1.91108,17.79995,17.9023,TRUE,NA,CUT_only,NA
US-Whs,2018,OSH,AmeriFlux,NA,NA,NA,NA,NA,FALSE,19.9252,0.991495,1.48821,5.2231499999999995,5.43102,TRUE,NA,CUT_only,NA
US-Whs,2019,OSH,AmeriFlux,NA,NA,NA,NA,NA,FALSE,-29.0575,0.989212,1.78479,8.183399999999999,8.37573,TRUE,NA,CUT_only,NA
US-Whs,2020,OSH,AmeriFlux,NA,NA,NA,NA,NA,FALSE,-10.8376,0.987819,1.41453,9.072583,9.18218,TRUE,NA,CUT_only,NA
US-Whs,2021,OSH,AmeriFlux,NA,NA,NA,NA,NA,FALSE,1.16936,0.976027,1.67119,4.69666,4.98513,TRUE,NA,CUT_only,NA
US-Whs,2022,OSH,AmeriFlux,NA,NA,NA,NA,NA,FALSE,3.02174,0.966438,2.08804,7.2257549999999995,7.52138,TRUE,NA,CUT_only,NA
US-Whs,2023,OSH,AmeriFlux,NA,NA,NA,NA,NA,FALSE,60.6186,0.965297,1.29556,10.888250000000003,10.9651,TRUE,NA,CUT_only,NA
US-Whs,2024,OSH,AmeriFlux,NA,NA,NA,NA,NA,FALSE,48.7772,0.966872,1.17948,11.6005,11.6603,TRUE,NA,CUT_only,NA
US-Whs,2025,OSH,AmeriFlux,NA,NA,NA,NA,NA,FALSE,69.5901,0.970034,1.1268,13.674199999999999,13.7206,TRUE,NA,CUT_only,NA
US-Wjs,2007,SAV,AmeriFlux,NA,NA,NA,NA,NA,FALSE,NA,NA,NA,NA,NA,FALSE,NA,neither,no_value
US-Wjs,2008,SAV,AmeriFlux,-109.346,0.875057,1.57048,10.00875,10.1312,TRUE,-109.707,0.879383,1.62303,8.972999999999999,9.11816,TRUE,0.36099999999999,both,NA
US-Wjs,2009,SAV,AmeriFlux,NA,NA,NA,NA,NA,FALSE,NA,NA,NA,NA,NA,FALSE,NA,neither,no_value
US-Wjs,2010,SAV,AmeriFlux,-152.733,0.919178,1.45795,3.4964999999999975,3.78807,TRUE,-152.424,0.932078,1.56197,3.583500000000001,3.90898,TRUE,-0.3089999999999975,both,NA
US-Wjs,2011,SAV,AmeriFlux,-76.3391,0.953368,1.35884,4.7622,4.95227,TRUE,-80.7658,0.962957,1.38,5.869900000000001,6.02997,TRUE,4.426699999999997,both,NA
US-Wjs,2012,SAV,AmeriFlux,-101.737,0.930897,1.4609,7.5854499999999945,7.72474,TRUE,-103.368,0.938866,1.48059,8.270249999999997,8.40152,TRUE,1.6310000000000002,both,NA
US-Wjs,2013,SAV,AmeriFlux,-56.8286,0.925228,1.70897,4.724949999999996,5.02452,TRUE,-57.2483,0.924543,1.69688,6.0501000000000005,6.28356,TRUE,0.41969999999999885,both,NA
US-Wjs,2014,SAV,AmeriFlux,-105.645,0.967865,1.78344,8.9775,9.15306,TRUE,-104.305,0.967352,1.77949,10.120450000000005,10.2757,TRUE,-1.3399999999999892,both,NA
US-Wjs,2015,SAV,AmeriFlux,-182.561,0.947089,1.88053,7.922499999999999,8.14253,TRUE,-181.706,0.946119,1.87555,11.981499999999997,12.1274,TRUE,-0.8550000000000182,both,NA
US-Wjs,2016,SAV,AmeriFlux,-174.703,0.953438,1.70438,3.38600000000001,3.79088,TRUE,-174.376,0.954178,1.70705,5.292500000000004,5.56114,TRUE,-0.3269999999999982,both,NA
US-Wjs,2017,SAV,AmeriFlux,-204.854,0.876712,1.96531,2.934999999999988,3.53255,TRUE,-205.975,0.879281,1.96729,6.433000000000007,6.72681,TRUE,1.120999999999981,both,NA
US-Wjs,2018,SAV,AmeriFlux,-117.238,0.973801,1.57601,3.0549999999999997,3.43739,TRUE,-118.538,0.977112,1.60154,3.609499999999997,3.94906,TRUE,1.2999999999999972,both,NA
US-Wjs,2019,SAV,AmeriFlux,-90.2604,0.969521,1.50655,5.903649999999999,6.09284,TRUE,-92.6085,0.974943,1.5386,6.844749999999998,7.01548,TRUE,2.3481000000000023,both,NA
US-Wjs,2020,SAV,AmeriFlux,-162.168,0.967839,1.77822,4.599499999999992,4.93131,TRUE,-163.528,0.970458,1.81827,5.953499999999991,6.22525,TRUE,1.3599999999999852,both,NA
US-Wjs,2021,SAV,AmeriFlux,-163.891,0.975856,2.10354,1.8070000000000022,2.77322,TRUE,-163.452,0.973973,2.0992,2.1585000000000036,3.01124,TRUE,-0.43899999999999295,both,NA
US-Wjs,2022,SAV,AmeriFlux,35.1495,0.968436,1.71122,3.8713000000000015,4.2326,TRUE,35.251,0.968436,1.70955,5.447099999999999,5.70908,TRUE,-0.10149999999999437,both,NA
US-Wjs,2023,SAV,AmeriFlux,-138.765,0.916952,1.46684,4.342500000000001,4.58325,TRUE,-133.206,0.912614,1.44236,4.185999999999993,4.42773,TRUE,-5.5589999999999975,both,NA
US-Wjs,2024,SAV,AmeriFlux,-189.102,0.912682,1.97208,2.1129999999999995,2.89016,TRUE,-190.041,0.911487,1.96362,2.6965000000000003,3.33563,TRUE,0.938999999999993,both,NA
US-Wjs,2025,SAV,AmeriFlux,NA,NA,NA,NA,NA,FALSE,NA,NA,NA,NA,NA,FALSE,NA,neither,no_value
US-Wkg,2004,GRA,AmeriFlux,NA,NA,NA,NA,NA,FALSE,NA,NA,NA,NA,NA,FALSE,NA,neither,no_value
US-Wkg,2005,GRA,AmeriFlux,46.3437,0.985445,1.07281,6.326999999999998,6.41727,TRUE,50.885,0.978596,1.05127,5.93065,6.02309,TRUE,-4.5413,both,NA
US-Wkg,2006,GRA,AmeriFlux,-28.0015,0.989212,1.53143,3.707650000000001,4.01152,TRUE,-22.2261,0.978311,1.43435,2.9548000000000005,3.2845,TRUE,-5.775400000000001,both,NA
US-Wkg,2007,GRA,AmeriFlux,-49.278,0.987386,2.11031,6.699100000000001,7.02367,TRUE,-48.641,0.977511,1.96587,4.6004000000000005,5.00284,TRUE,-0.6370000000000005,both,NA
US-Wkg,2008,GRA,AmeriFlux,-51.9939,0.982582,1.76235,14.849999999999998,14.9542,TRUE,-48.0107,0.977061,1.70701,11.757399999999997,11.8807,TRUE,-3.9831999999999965,both,NA
US-Wkg,2009,GRA,AmeriFlux,-6.63822,0.978881,1.27617,5.73009,5.87047,TRUE,-5.11544,0.976084,1.28712,5.6924,5.83612,TRUE,-1.5227799999999991,both,NA
US-Wkg,2010,GRA,AmeriFlux,-91.2848,0.977454,1.80019,17.33515,17.4283,TRUE,-86.6283,0.972032,1.79367,16.307899999999997,16.4062,TRUE,-4.656500000000008,both,NA
US-Wkg,2011,GRA,AmeriFlux,65.209,0.970662,1.91569,14.8643,14.9872,TRUE,67.8378,0.970833,1.88061,15.149549999999998,15.2658,TRUE,-2.6287999999999982,both,NA
US-Wkg,2012,GRA,AmeriFlux,0.30852,0.969945,1.86151,18.576999999999998,18.67,TRUE,1.82126,0.967384,1.84749,16.3453,16.4494,TRUE,-1.51274,both,NA
US-Wkg,2013,GRA,AmeriFlux,63.6395,0.966781,1.48676,14.5471,14.6229,TRUE,64.1724,0.966895,1.49132,13.826049999999999,13.9063,TRUE,-0.5328999999999979,both,NA
US-Wkg,2014,GRA,AmeriFlux,-24.861,0.947489,1.50549,20.57975,20.6347,TRUE,-29.9958,0.956279,1.56995,19.67245,19.735,TRUE,5.1347999999999985,both,NA
US-Wkg,2015,GRA,AmeriFlux,-81.9873,0.968836,2.22773,24.5053,24.6064,TRUE,-85.87,0.972546,2.29992,30.909450000000003,30.9948,TRUE,3.8827,both,NA
US-Wkg,2016,GRA,AmeriFlux,-30.726,0.95748,2.00829,29.759205,29.8269,TRUE,-30.2935,0.95839,2.02075,30.054605000000002,30.1225,TRUE,-0.43249999999999744,both,NA
US-Wkg,2017,GRA,AmeriFlux,-65.8552,0.949372,2.01032,17.967450000000003,18.0796,TRUE,-65.9372,0.943037,1.97295,17.42355,17.5349,TRUE,0.08200000000000784,both,NA
US-Wkg,2018,GRA,AmeriFlux,24.5079,0.965354,1.83445,24.491699999999998,24.5603,TRUE,24.6368,0.966267,1.83061,23.83975,23.9099,TRUE,-0.12890000000000157,both,NA
US-Wkg,2019,GRA,AmeriFlux,-34.7142,0.967009,2.07924,14.278850000000002,14.4294,TRUE,-41.6005,0.973002,2.13755,22.971049999999998,23.0703,TRUE,6.8862999999999985,both,NA
US-Wkg,2020,GRA,AmeriFlux,55.854,0.967839,1.39979,17.20185,17.2587,TRUE,51.7915,0.971198,1.39725,20.058600000000006,20.1072,TRUE,4.0625,both,NA
US-Wkg,2021,GRA,AmeriFlux,14.4199,0.976027,2.05586,12.69317,12.8586,TRUE,13.9496,0.978082,2.03504,13.539797499999999,13.6919,TRUE,0.47029999999999994,both,NA
US-Wkg,2022,GRA,AmeriFlux,-83.0945,0.978767,2.59964,9.6817,10.0246,TRUE,-83.2424,0.979338,2.58765,10.746950000000005,11.0541,TRUE,0.14790000000000703,both,NA
US-Wkg,2023,GRA,AmeriFlux,-29.0297,0.977568,1.70961,8.14225,8.31982,TRUE,-28.3007,0.977854,1.70608,11.01885,11.1501,TRUE,-0.7289999999999992,both,NA
US-Wkg,2024,GRA,AmeriFlux,19.4382,0.971881,1.51072,4.0943,4.36413,TRUE,22.0582,0.969661,1.49961,5.563750000000001,5.76231,TRUE,-2.620000000000001,both,NA
US-Wkg,2025,GRA,AmeriFlux,51.4695,0.97871,1.52311,5.262350000000001,5.47835,TRUE,55.0039,0.968493,1.51012,9.212449999999997,9.33538,TRUE,-3.534400000000005,both,NA
US-YK1,2019,WET,AmeriFlux,NA,NA,NA,NA,NA,FALSE,NA,NA,NA,NA,NA,FALSE,NA,neither,no_value
US-YK1,2020,WET,AmeriFlux,NA,NA,NA,NA,NA,FALSE,NA,NA,NA,NA,NA,FALSE,NA,neither,no_value
US-YK1,2021,WET,AmeriFlux,NA,NA,NA,NA,NA,FALSE,NA,NA,NA,NA,NA,FALSE,NA,neither,no_value
US-YK1,2022,WET,AmeriFlux,NA,NA,NA,NA,NA,FALSE,NA,NA,NA,NA,NA,FALSE,NA,neither,no_value
US-YK1,2023,WET,AmeriFlux,NA,NA,NA,NA,NA,FALSE,NA,NA,NA,NA,NA,FALSE,NA,neither,no_value
US-YK1,2024,WET,AmeriFlux,NA,NA,NA,NA,NA,FALSE,NA,NA,NA,NA,NA,FALSE,NA,neither,no_value
US-YK1,2025,WET,AmeriFlux,NA,NA,NA,NA,NA,FALSE,NA,NA,NA,NA,NA,FALSE,NA,neither,no_value
US-YK2,2019,WET,AmeriFlux,NA,NA,NA,NA,NA,FALSE,NA,NA,NA,NA,NA,FALSE,NA,neither,no_value
US-YK2,2020,WET,AmeriFlux,-66.8674,0.741917,2.80666,4.258299999999998,5.10006,TRUE,-67.3509,0.741689,2.80422,5.073,5.79647,TRUE,0.48349999999999227,both,NA
US-YK2,2021,WET,AmeriFlux,NA,NA,NA,NA,NA,FALSE,NA,NA,NA,NA,NA,FALSE,NA,neither,no_value
US-YK2,2022,WET,AmeriFlux,-82.8301,0.824943,2.11531,3.13185,3.77928,TRUE,-83.0071,0.824543,2.10731,2.262899999999995,3.09217,TRUE,0.1769999999999925,both,NA
US-YK2,2023,WET,AmeriFlux,NA,NA,NA,NA,NA,FALSE,NA,NA,NA,NA,NA,FALSE,NA,neither,no_value
US-YK2,2024,WET,AmeriFlux,NA,NA,NA,NA,NA,FALSE,NA,NA,NA,NA,NA,FALSE,NA,neither,no_value
US-YK2,2025,WET,AmeriFlux,NA,NA,NA,NA,NA,FALSE,NA,NA,NA,NA,NA,FALSE,NA,neither,no_value
US-ZF2,2024,CRO,AmeriFlux,NA,NA,NA,NA,NA,FALSE,NA,NA,NA,NA,NA,FALSE,NA,neither,no_value
US-ZF2,2025,CRO,AmeriFlux,-135.474,0.945434,4.8148,4.559999999999995,6.63155,TRUE,NA,NA,NA,NA,NA,FALSE,NA,VUT_only,NA
US-xAB,2019,ENF,AmeriFlux,NA,NA,NA,NA,NA,FALSE,NA,NA,NA,NA,NA,FALSE,NA,neither,no_value
US-xAB,2020,ENF,AmeriFlux,NA,NA,NA,NA,NA,FALSE,NA,NA,NA,NA,NA,FALSE,NA,neither,no_value
US-xAB,2021,ENF,AmeriFlux,-82.941,0.958105,5.23546,56.375445500000005,56.6181,TRUE,-104.073,0.968493,5.46257,82.41930950000001,82.6,TRUE,21.13199999999999,both,NA
US-xAB,2022,ENF,AmeriFlux,-100.685,0.930879,5.59797,64.69655,64.9383,TRUE,-177.234,0.952511,6.03638,115.47825,115.636,TRUE,76.549,both,NA
US-xAB,2023,ENF,AmeriFlux,-259.152,0.791553,8.47142,149.6786,149.918,TRUE,-280.229,0.784075,8.07914,174.08984999999998,174.277,TRUE,21.076999999999998,both,NA
US-xAB,2024,ENF,AmeriFlux,NA,NA,NA,NA,NA,FALSE,NA,NA,NA,NA,NA,FALSE,NA,neither,no_value
US-xAE,2019,GRA,AmeriFlux,0.682397,0.754281,2.88488,3.033865,4.18651,TRUE,-0.128523,0.754224,2.88825,4.04081,4.96691,TRUE,0.8109200000000001,both,NA
US-xAE,2020,GRA,AmeriFlux,-27.1097,0.922074,1.90463,3.0105000000000004,3.56241,TRUE,-26.8232,0.92298500000000006,1.91244,3.276,3.79337,TRUE,-0.2865000000000002,both,NA
US-xAE,2021,GRA,AmeriFlux,-37.9745,0.850913,2.44663,1.5218500000000006,2.88132,TRUE,-39.5884,0.850628,2.43611,1.4327000000000005,2.82618,TRUE,1.613900000000001,both,NA
US-xAE,2022,GRA,AmeriFlux,74.689,0.822945,2.12451,1.393099999999997,2.54051,TRUE,74.3212,0.823687,2.09457,1.2818499999999986,2.45568,TRUE,0.36779999999998836,both,NA
US-xAE,2023,GRA,AmeriFlux,-27.976,0.841895,2.7503,4.4786,5.25568,TRUE,-28.9709,0.840696,2.75704,3.501949999999999,4.457,TRUE,0.9949000000000012,both,NA
US-xAE,2024,GRA,AmeriFlux,66.0504,0.873691,1.98324,5.915800000000001,6.23939,TRUE,65.9622,0.87278,1.90209,5.645150000000001,5.95699,TRUE,0.0882000000000005,both,NA
US-xBA,2019,WET,AmeriFlux,NA,NA,NA,NA,NA,FALSE,NA,NA,NA,NA,NA,FALSE,NA,neither,no_value
US-xBA,2020,WET,AmeriFlux,136.345,0.666667,1.44737,17.499000000000002,17.5588,TRUE,131.274,0.67048,1.43631,16.027500000000003,16.0915,TRUE,5.070999999999998,both,NA
US-xBA,2021,WET,AmeriFlux,5.26774,0.498801,1.59878,6.925815,7.10795,FALSE,4.9498,0.484874,1.55765,6.579409999999999,6.76127,FALSE,0.3179400000000001,neither,fails_qc
US-xBA,2022,WET,AmeriFlux,NA,NA,NA,NA,NA,FALSE,NA,NA,NA,NA,NA,FALSE,NA,neither,no_value
US-xBA,2023,WET,AmeriFlux,-40.5774,0.768493,1.34414,2.0956500000000027,2.48968,TRUE,-47.0617,0.730422,1.38526,6.105699999999999,6.26089,TRUE,6.484300000000005,both,NA
US-xBA,2024,WET,AmeriFlux,NA,NA,NA,NA,NA,FALSE,NA,NA,NA,NA,NA,FALSE,NA,neither,no_value
US-xBL,2019,DBF,AmeriFlux,NA,NA,NA,NA,NA,FALSE,NA,NA,NA,NA,NA,FALSE,NA,neither,no_value
US-xBL,2020,DBF,AmeriFlux,NA,NA,NA,NA,NA,FALSE,NA,NA,NA,NA,NA,FALSE,NA,neither,no_value
US-xBL,2021,DBF,AmeriFlux,-143.208,0.898059,6.71476,54.35459999999999,54.7678,TRUE,-147.204,0.903025,6.67074,73.51875000000001,73.8207,TRUE,3.9960000000000093,both,NA
US-xBL,2022,DBF,AmeriFlux,-388.78,0.915868,6.88292,31.260500000000008,32.0089,TRUE,-404.366,0.92403,6.9337,32.93950000000001,33.6616,TRUE,15.586000000000013,both,NA
US-xBL,2023,DBF,AmeriFlux,-333.428,0.872831,4.78409,45.607,45.857,TRUE,-340.811,0.880879,4.84225,55.6995,55.9093,TRUE,7.382999999999981,both,NA
US-xBL,2024,DBF,AmeriFlux,-106.959,0.787398,6.84307,97.21594999999999,97.4567,TRUE,-106.821,0.787511,6.84345,102.22350000000002,102.453,TRUE,-0.13800000000000523,both,NA
US-xBN,2019,ENF,AmeriFlux,6.80385,0.780993,3.16378,15.67195,15.9881,TRUE,6.4486,0.79726,3.49208,5.6081,6.60647,TRUE,0.35524999999999984,both,NA
US-xBN,2020,ENF,AmeriFlux,NA,NA,NA,NA,NA,FALSE,NA,NA,NA,NA,NA,FALSE,NA,neither,no_value
US-xBN,2021,ENF,AmeriFlux,-22.6036,0.973459,4.06171,6.10285,7.33092,TRUE,-20.6294,0.973516,4.08131,9.51481,10.3532,TRUE,-1.9741999999999997,both,NA
US-xBN,2022,ENF,AmeriFlux,53.6589,0.810845,4.72424,9.31155,10.4414,TRUE,55.2906,0.810845,4.67585,12.16555,13.0332,TRUE,-1.631699999999995,both,NA
US-xBN,2023,ENF,AmeriFlux,5.63089,0.81718,4.97482,17.3337,18.0335,TRUE,14.8118,0.817922,5.09863,15.177195000000001,16.0107,TRUE,-9.18091,both,NA
US-xBN,2024,ENF,AmeriFlux,68.2599,0.870788,4.70017,5.133000000000003,6.95984,TRUE,69.2758,0.872382,4.73809,3.4162500000000016,5.84125,TRUE,-1.015900000000002,both,NA
US-xBR,2019,DBF,AmeriFlux,-231.207,0.854395,8.18009,92.93945,93.2985,TRUE,-235.182,0.858219,8.14294,84.60199999999999,84.9932,TRUE,3.9749999999999943,both,NA
US-xBR,2020,DBF,AmeriFlux,NA,NA,NA,NA,NA,FALSE,NA,NA,NA,NA,NA,FALSE,NA,neither,no_value
US-xBR,2021,DBF,AmeriFlux,-178.986,0.926427,7.41973,60.9795,61.4292,TRUE,-210.154,0.926884,7.35586,66.41250000000001,66.8187,TRUE,31.168000000000006,both,NA
US-xBR,2022,DBF,AmeriFlux,-176.533,0.937614,6.00816,58.86,59.1657,TRUE,-205.576,0.938242,5.96846,60.80200000000001,61.0938,TRUE,29.043000000000006,both,NA
US-xBR,2023,DBF,AmeriFlux,-231.301,0.95,7.26405,53.357,53.8491,TRUE,-227.08,0.944578,7.16481,40.911,41.5338,TRUE,-4.220999999999975,both,NA
US-xBR,2024,DBF,AmeriFlux,-470.102,0.681125,8.76454,65.447,66.0312,TRUE,-446.983,0.681182,8.80683,67.0085,67.5847,TRUE,-23.11899999999997,both,NA
US-xCL,2019,GRA,AmeriFlux,NA,NA,NA,NA,NA,FALSE,NA,NA,NA,NA,NA,FALSE,NA,neither,no_value
US-xCL,2020,GRA,AmeriFlux,-317.588,0.750569,7.38417,23.5805,24.7097,TRUE,-313.995,0.743568,7.27525,40.324500000000015,40.9754,TRUE,-3.5930000000000177,both,NA
US-xCL,2021,GRA,AmeriFlux,-150.759,0.87032,4.29996,11.844499999999996,12.6005,TRUE,-149.704,0.868493,4.29662,17.141499999999994,17.6719,TRUE,-1.0549999999999784,both,NA
US-xCL,2022,GRA,AmeriFlux,-66.8988,0.8871,4.08862,11.011949999999999,11.7465,TRUE,-63.0422,0.886301,4.06855,16.05245,16.56,TRUE,-3.856599999999993,both,NA
US-xCL,2023,GRA,AmeriFlux,-48.1858,0.950742,3.98648,15.2186,15.732,TRUE,-48.1862,0.950742,3.98648,15.753900000000002,16.2505,TRUE,3.9999999999906777e-4,both,NA
US-xCL,2024,GRA,AmeriFlux,-245.051,0.906933,4.46129,15.780000000000015,16.3984,TRUE,-241.554,0.906022,4.45335,17.688500000000005,18.2408,TRUE,-3.4969999999999857,both,NA
US-xCP,2019,GRA,AmeriFlux,NA,NA,NA,NA,NA,FALSE,NA,NA,NA,NA,NA,FALSE,NA,neither,no_value
US-xCP,2020,GRA,AmeriFlux,NA,NA,NA,NA,NA,FALSE,NA,NA,NA,NA,NA,FALSE,NA,neither,no_value
US-xCP,2021,GRA,AmeriFlux,NA,NA,NA,NA,NA,FALSE,NA,NA,NA,NA,NA,FALSE,NA,neither,no_value
US-xCP,2022,GRA,AmeriFlux,99.792,0.894692,1.04548,1.5807500000000019,1.89509,TRUE,100.454,0.903938,1.04747,2.809350000000002,2.99817,TRUE,-0.6619999999999919,both,NA
US-xCP,2023,GRA,AmeriFlux,-61.7591,0.936929,2.34569,1.6245499999999993,2.85334,TRUE,-62.5221,0.945947,2.50786,3.1188499999999983,4.00208,TRUE,0.7630000000000052,both,NA
US-xCP,2024,GRA,AmeriFlux,112.626,0.936077,1.22304,1.640500000000003,2.04644,TRUE,107.948,0.952926,1.31311,5.159999999999997,5.32444,TRUE,4.6780000000000115,both,NA
US-xDC,2019,GRA,AmeriFlux,57.1157,0.918208,3.35412,5.22325,6.20748,TRUE,52.5983,0.908961,3.21133,8.712900000000001,9.28584,TRUE,4.517399999999995,both,NA
US-xDC,2020,GRA,AmeriFlux,53.3798,0.899192,3.04924,5.4099,6.21009,TRUE,53.1366,0.894809,3.05847,6.511199999999999,7.19372,TRUE,0.24320000000000164,both,NA
US-xDC,2021,GRA,AmeriFlux,189.921,0.850742,2.24873,3.0245000000000033,3.76897,TRUE,188.585,0.851084,2.30193,2.6499999999999915,3.51028,TRUE,1.3359999999999843,both,NA
US-xDC,2022,GRA,AmeriFlux,-10.627,0.931735,2.84171,3.73339,4.69184,TRUE,-14.4496,0.938756,2.93446,4.3678,5.26201,TRUE,3.8225999999999996,both,NA
US-xDC,2023,GRA,AmeriFlux,3.89289,0.876941,2.99926,13.235050000000001,13.5706,TRUE,-0.0537276,0.886416,3.04406,15.17165,15.474,TRUE,3.9466176,both,NA
US-xDC,2024,GRA,AmeriFlux,61.2428,0.922359,3.27528,3.974450000000001,5.15011,TRUE,60.4466,0.920993,3.19925,4.296249999999997,5.35658,TRUE,0.796200000000006,both,NA
US-xDJ,2019,ENF,AmeriFlux,NA,NA,NA,NA,NA,FALSE,NA,NA,NA,NA,NA,FALSE,NA,neither,no_value
US-xDJ,2020,ENF,AmeriFlux,116.618,0.900273,2.74741,36.603950000000005,36.7068,TRUE,111.358,0.902095,2.78588,22.714750000000002,22.8848,TRUE,5.259999999999991,both,NA
US-xDJ,2021,ENF,AmeriFlux,-21.8165,0.920434,1.86575,7.4975000000000005,7.72615,TRUE,-23.0456,0.917751,1.83555,7.5486,7.76855,TRUE,1.229099999999999,both,NA
US-xDJ,2022,ENF,AmeriFlux,-17.8801,0.891724,2.05463,3.843099999999999,4.35787,TRUE,-19.8426,0.887443,2.03724,3.6091499999999996,4.14443,TRUE,1.9625000000000021,both,NA
US-xDJ,2023,ENF,AmeriFlux,-8.71894,0.915183,1.80928,3.7682800000000003,4.18012,TRUE,-9.12864,0.909418,1.80167,3.51266,3.94776,TRUE,0.40970000000000084,both,NA
US-xDJ,2024,ENF,AmeriFlux,9.38421,0.842555,1.82304,15.037545,15.1477,TRUE,9.38444,0.842555,1.82303,16.201495,16.3037,TRUE,-2.300000000001745e-4,both,NA
US-xDL,2019,MF,AmeriFlux,NA,NA,NA,NA,NA,FALSE,NA,NA,NA,NA,NA,FALSE,NA,neither,no_value
US-xDL,2020,MF,AmeriFlux,NA,NA,NA,NA,NA,FALSE,NA,NA,NA,NA,NA,FALSE,NA,neither,no_value
US-xDL,2021,MF,AmeriFlux,-670.193,0.807306,10.6031,29.125,30.995,TRUE,-672.991,0.808505,10.5927,38.408500000000004,39.8425,TRUE,2.798000000000002,both,NA
US-xDL,2022,MF,AmeriFlux,-424.041,0.92032,9.47751,15.589000000000027,18.2438,TRUE,-420.453,0.923916,9.67049,16.741500000000002,19.3341,TRUE,-3.5880000000000223,both,NA
US-xDL,2023,MF,AmeriFlux,-495.633,0.911016,9.94424,18.182500000000005,20.7243,TRUE,-495.354,0.913299,10.0385,17.035500000000013,19.773,TRUE,-0.27899999999999636,both,NA
US-xDL,2024,MF,AmeriFlux,-380.316,0.939094,9.75836,9.631,13.7104,TRUE,-383.642,0.940915,9.8153,9.635499999999979,13.7542,TRUE,3.326000000000022,both,NA
US-xDS,2019,CVM,AmeriFlux,NA,NA,NA,NA,NA,FALSE,NA,NA,NA,NA,NA,FALSE,NA,neither,no_value
US-xDS,2020,CVM,AmeriFlux,-175.803,0.964026,3.67619,18.866500000000002,19.2214,TRUE,-178.078,0.964481,3.69451,18.4825,18.848,TRUE,2.2750000000000057,both,NA
US-xDS,2021,CVM,AmeriFlux,-49.1555,0.954795,4.09408,21.517349999999997,21.9034,TRUE,-57.3044,0.955537,4.10225,21.01835,21.415,TRUE,8.148899999999998,both,NA
US-xDS,2022,CVM,AmeriFlux,NA,NA,NA,NA,NA,FALSE,NA,NA,NA,NA,NA,FALSE,NA,neither,no_value
US-xDS,2023,CVM,AmeriFlux,-75.1917,0.929167,3.70271,21.06395,21.3869,TRUE,-85.9717,0.930023,3.70813,28.127799999999997,28.371,TRUE,10.780000000000001,both,NA
US-xDS,2024,CVM,AmeriFlux,-101.586,0.938354,3.56037,7.180100000000003,8.01416,TRUE,-107.096,0.939378,3.55711,11.504000000000005,12.0416,TRUE,5.510000000000005,both,NA
US-xGR,2019,DBF,AmeriFlux,NA,NA,NA,NA,NA,FALSE,NA,NA,NA,NA,NA,FALSE,NA,neither,no_value
US-xGR,2020,DBF,AmeriFlux,NA,NA,NA,NA,NA,FALSE,NA,NA,NA,NA,NA,FALSE,NA,neither,no_value
US-xGR,2021,DBF,AmeriFlux,NA,NA,NA,NA,NA,FALSE,NA,NA,NA,NA,NA,FALSE,NA,neither,no_value
US-xGR,2022,DBF,AmeriFlux,339.196,0.855194,10.6236,44.46000000000001,45.7115,TRUE,323.07,0.852511,10.7889,54.4495,55.5079,TRUE,16.126000000000033,both,NA
US-xGR,2023,DBF,AmeriFlux,176.176,0.763984,11.4057,25.62700000000001,28.0507,TRUE,169.565,0.754224,11.1158,48.5385,49.795,TRUE,6.61099999999999,both,NA
US-xGR,2024,DBF,AmeriFlux,534.505,0.892361,11.5935,41.97749999999999,43.5487,TRUE,537.875,0.886726,11.7318,62.31299999999999,63.4075,TRUE,-3.3700000000000045,both,NA
US-xHE,2019,OSH,AmeriFlux,NA,NA,NA,NA,NA,FALSE,NA,NA,NA,NA,NA,FALSE,NA,neither,no_value
US-xHE,2020,OSH,AmeriFlux,NA,NA,NA,NA,NA,FALSE,NA,NA,NA,NA,NA,FALSE,NA,neither,no_value
US-xHE,2021,OSH,AmeriFlux,27.6426,0.855594,1.27868,8.9377,9.02871,TRUE,28.2892,0.846804,1.27396,9.263650000000002,9.35085,TRUE,-0.6465999999999994,both,NA
US-xHE,2022,OSH,AmeriFlux,98.2492,0.76621,1.44278,21.153549999999996,21.2028,TRUE,98.4503,0.767352,1.43332,33.317099999999996,33.3479,TRUE,-0.20109999999999673,both,NA
US-xHE,2023,OSH,AmeriFlux,-4.91238,0.855023,1.59038,5.4584,5.68537,TRUE,-5.88645,0.854338,1.58627,9.178955,9.31502,TRUE,0.9740700000000002,both,NA
US-xHE,2024,OSH,AmeriFlux,6.64101,0.876594,1.5456,2.8280950000000002,3.22288,TRUE,6.11345,0.874488,1.43738,9.691685,9.79772,TRUE,0.5275599999999994,both,NA
US-xJE,2019,ENF,AmeriFlux,NA,NA,NA,NA,NA,FALSE,NA,NA,NA,NA,NA,FALSE,NA,neither,no_value
US-xJE,2020,ENF,AmeriFlux,-15.1811,0.956227,8.17807,17.547530000000002,19.3597,TRUE,-37.8904,0.973247,9.60538,17.801450000000003,20.2276,TRUE,22.7093,both,NA
US-xJE,2021,ENF,AmeriFlux,-41.5367,0.922603,10.568,24.912200000000002,27.0611,TRUE,-44.7518,0.929795,10.5928,19.710099999999997,22.3762,TRUE,3.2150999999999996,both,NA
US-xJE,2022,ENF,AmeriFlux,-168.206,0.954395,7.80338,26.167500000000004,27.3066,TRUE,-177.424,0.959646,7.97817,23.3005,24.6284,TRUE,9.218000000000018,both,NA
US-xJE,2023,ENF,AmeriFlux,-242.71,0.596747,9.52668,21.020500000000013,23.0784,TRUE,-248.052,0.595833,9.56004,34.798,36.0876,TRUE,5.3419999999999845,both,NA
US-xJE,2024,ENF,AmeriFlux,-157.232,0.799123,9.13001,6.673999999999992,11.3092,TRUE,-149.758,0.795936,8.3877,11.9585,14.6065,TRUE,-7.4739999999999895,both,NA
US-xJR,2019,OSH,AmeriFlux,4.785,0.816438,1.29502,11.942979999999999,12.013,TRUE,8.19558,0.80879,1.2422,13.41916,13.4765,TRUE,-3.4105799999999995,both,NA
US-xJR,2020,OSH,AmeriFlux,-13.2232,0.86003,0.89479,6.975205000000001,7.03235,TRUE,-13.1974,0.852914,0.896698,8.93296,8.97786,TRUE,-0.025800000000000267,both,NA
US-xJR,2021,OSH,AmeriFlux,-3.66251,0.869635,2.27182,8.346875,8.65054,TRUE,-2.76015,0.870263,2.26124,7.796042,8.11733,TRUE,-0.9023600000000003,both,NA
US-xJR,2022,OSH,AmeriFlux,39.4599,0.93282,0.942385,2.970950000000002,3.11681,TRUE,39.4652,0.93282,0.941734,4.186349999999997,4.29096,TRUE,-0.0053000000000054115,both,NA
US-xJR,2023,OSH,AmeriFlux,48.2762,0.810674,0.603385,5.70215,5.73398,TRUE,44.9424,0.817466,0.635432,5.7271,5.76226,TRUE,3.3338000000000036,both,NA
US-xJR,2024,OSH,AmeriFlux,58.3318,0.840278,0.783739,3.250399999999999,3.34356,TRUE,55.9514,0.844262,0.784564,4.7761,4.8401,TRUE,2.3804000000000016,both,NA
US-xKZ,2019,GRA,AmeriFlux,-128.073,0.850057,4.7136,8.944499999999998,10.1108,TRUE,-125.656,0.85097,4.6911,11.059000000000005,12.0131,TRUE,-2.4170000000000016,both,NA
US-xKZ,2020,GRA,AmeriFlux,-213,0.839595,5.10169,7.221000000000004,8.84152,TRUE,-210.387,0.84079,5.11365,8.179999999999993,9.64687,TRUE,-2.6129999999999995,both,NA
US-xKZ,2021,GRA,AmeriFlux,-40.0565,0.89532,3.0194,10.100499999999998,10.5422,TRUE,-41.2036,0.900742,2.99855,10.1788,10.6113,TRUE,1.1471000000000018,both,NA
US-xKZ,2022,GRA,AmeriFlux,-195.99,0.670148,4.57958,22.31450000000001,22.7794,TRUE,-197.646,0.67089,4.62223,18.608000000000004,19.1734,TRUE,1.6559999999999775,both,NA
US-xKZ,2023,GRA,AmeriFlux,-47.7971,0.85605,3.88507,22.7753,23.1042,TRUE,-52.2891,0.85645,3.83271,20.187599999999996,20.5482,TRUE,4.491999999999997,both,NA
US-xKZ,2024,GRA,AmeriFlux,-290.179,0.937898,6.10955,13.223000000000013,14.5663,TRUE,-288.376,0.93528,6.12512,11.91749999999999,13.3995,TRUE,-1.8029999999999973,both,NA
US-xLE,2019,DBF,AmeriFlux,NA,NA,NA,NA,NA,FALSE,NA,NA,NA,NA,NA,FALSE,NA,neither,no_value
US-xLE,2020,DBF,AmeriFlux,NA,NA,NA,NA,NA,FALSE,NA,NA,NA,NA,NA,FALSE,NA,neither,no_value
US-xLE,2021,DBF,AmeriFlux,NA,NA,NA,NA,NA,FALSE,NA,NA,NA,NA,NA,FALSE,NA,neither,no_value
US-xLE,2022,DBF,AmeriFlux,NA,NA,NA,NA,NA,FALSE,-324.756,0.819292,11.6682,31.212999999999994,33.3225,TRUE,NA,CUT_only,NA
US-xLE,2023,DBF,AmeriFlux,NA,NA,NA,NA,NA,FALSE,-705.355,0.593607,24.9305,86.20499999999998,89.7376,TRUE,NA,CUT_only,NA
US-xLE,2024,DBF,AmeriFlux,NA,NA,NA,NA,NA,FALSE,NA,NA,NA,NA,NA,FALSE,NA,neither,no_value
US-xMB,2019,OSH,AmeriFlux,NA,NA,NA,NA,NA,FALSE,NA,NA,NA,NA,NA,FALSE,NA,neither,no_value
US-xMB,2020,OSH,AmeriFlux,NA,NA,NA,NA,NA,FALSE,NA,NA,NA,NA,NA,FALSE,NA,neither,no_value
US-xMB,2021,OSH,AmeriFlux,39.6095,0.855993,0.856288,10.1838,10.2198,TRUE,39.2046,0.855023,0.854376,10.8172,10.8509,TRUE,0.4048999999999978,both,NA
US-xMB,2022,OSH,AmeriFlux,59.648,0.876655,0.857626,4.071400000000001,4.16072,TRUE,60.7118,0.888413,0.907547,4.550350000000002,4.64,TRUE,-1.0637999999999934,both,NA
US-xMB,2023,OSH,AmeriFlux,-16.6699,0.928824,0.795765,10.09333,10.1247,TRUE,-16.1866,0.957363,0.935802,7.5317,7.58961,TRUE,-0.48329999999999984,both,NA
US-xMB,2024,OSH,AmeriFlux,22.5955,0.919057,0.829879,4.852899999999999,4.92338,TRUE,20.6519,0.953153,0.950834,6.844250000000001,6.90999,TRUE,1.9436,both,NA
US-xML,2019,DBF,AmeriFlux,NA,NA,NA,NA,NA,FALSE,NA,NA,NA,NA,NA,FALSE,NA,neither,no_value
US-xML,2020,DBF,AmeriFlux,144.145,0.734347,5.97184,15.315999999999995,16.439,TRUE,212.529,0.650387,3.78891,NA,47.5455,TRUE,-68.38399999999999,both,NA
US-xML,2021,DBF,AmeriFlux,NA,NA,NA,NA,NA,FALSE,NA,NA,NA,NA,NA,FALSE,NA,neither,no_value
US-xML,2022,DBF,AmeriFlux,208.793,0.700285,2.21532,65.8647,65.902,TRUE,143.187,0.739669,2.31806,71.11385,71.1516,TRUE,65.606,both,NA
US-xML,2023,DBF,AmeriFlux,91.3531,0.779509,2.71078,36.00325,36.1053,TRUE,74.8473,0.800285,4.00927,41.6608,41.8531,TRUE,16.505799999999994,both,NA
US-xML,2024,DBF,AmeriFlux,-98.1791,0.693648,3.3527,13.191850000000002,13.6112,TRUE,-98.6072,0.697689,3.33804,11.866500000000002,12.327,TRUE,0.4281000000000006,both,NA
US-xNG,2019,GRA,AmeriFlux,-21.4144,0.935674,2.92095,9.43634,9.87806,TRUE,-22.6603,0.932078,2.90037,5.7864499999999985,6.47267,TRUE,1.245899999999999,both,NA
US-xNG,2020,GRA,AmeriFlux,NA,NA,NA,NA,NA,FALSE,NA,NA,NA,NA,NA,FALSE,NA,neither,no_value
US-xNG,2021,GRA,AmeriFlux,NA,NA,NA,NA,NA,FALSE,NA,NA,NA,NA,NA,FALSE,NA,neither,no_value
US-xNG,2022,GRA,AmeriFlux,-71.9563,0.893893,1.94075,2.7707500000000067,3.38284,TRUE,-75.279,0.905993,2.11059,2.93835,3.61783,TRUE,3.3226999999999975,both,NA
US-xNG,2023,GRA,AmeriFlux,39.0989,0.851769,2.32504,3.345200000000002,4.07383,TRUE,37.4636,0.871119,2.28654,3.5189500000000002,4.19659,TRUE,1.6353000000000009,both,NA
US-xNG,2024,GRA,AmeriFlux,-111.862,0.894353,2.63073,8.9957,9.37232,TRUE,-107.42,0.905339,3.02454,9.742449999999998,10.2013,TRUE,-4.441999999999993,both,NA
US-xNQ,2019,OSH,AmeriFlux,-19.5514,0.590982,1.34955,2.6068,2.93543,TRUE,-15.1868,0.59395,1.33991,24.092750000000002,24.13,TRUE,-4.364600000000001,both,NA
US-xNQ,2020,OSH,AmeriFlux,NA,NA,NA,NA,NA,FALSE,NA,NA,NA,NA,NA,FALSE,NA,neither,no_value
US-xNQ,2021,OSH,AmeriFlux,58.9833,0.915011,1.28895,5.4236499999999985,5.57467,TRUE,53.4391,0.925913,1.40108,11.773799999999998,11.8569,TRUE,5.5441999999999965,both,NA
US-xNQ,2022,OSH,AmeriFlux,NA,NA,NA,NA,NA,FALSE,NA,NA,NA,NA,NA,FALSE,NA,neither,no_value
US-xNQ,2023,OSH,AmeriFlux,22.8845,0.739612,1.08954,26.7693,26.7914,TRUE,-9.60008,0.936073,1.15487,27.305999999999997,27.3304,TRUE,32.48458,both,NA
US-xNQ,2024,OSH,AmeriFlux,-11.8305,0.807263,1.09084,8.992765,9.05868,TRUE,-3.19312,0.95395,1.26792,8.116105,8.21455,TRUE,-8.63738,both,NA
US-xNW,2019,ENF,AmeriFlux,NA,NA,NA,NA,NA,FALSE,NA,NA,NA,NA,NA,FALSE,NA,neither,no_value
US-xNW,2020,ENF,AmeriFlux,NA,NA,NA,NA,NA,FALSE,NA,NA,NA,NA,NA,FALSE,NA,neither,no_value
US-xNW,2021,ENF,AmeriFlux,NA,NA,NA,NA,NA,FALSE,NA,NA,NA,NA,NA,FALSE,NA,neither,no_value
US-xNW,2022,ENF,AmeriFlux,73.951,0.656393,1.43921,12.557500000000001,12.6397,TRUE,169.178,0.529509,1.45264,17.988500000000002,18.0471,TRUE,-95.227,both,NA
US-xNW,2023,ENF,AmeriFlux,69.483,0.717922,1.35891,11.904149999999998,11.9815,TRUE,93.2319,0.568379,1.70673,17.53745,17.6203,TRUE,-23.748899999999992,both,NA
US-xNW,2024,ENF,AmeriFlux,NA,NA,NA,NA,NA,FALSE,NA,NA,NA,NA,NA,FALSE,NA,neither,no_value
US-xPU,2019,EBF,AmeriFlux,NA,NA,NA,NA,NA,FALSE,NA,NA,NA,NA,NA,FALSE,NA,neither,no_value
US-xPU,2020,EBF,AmeriFlux,-437.5,0.838342,5.27363,24.488499999999988,25.0496,TRUE,-425.378,0.852801,5.5875,21.009500000000003,21.7398,TRUE,-12.122000000000014,both,NA
US-xPU,2021,EBF,AmeriFlux,NA,NA,NA,NA,NA,FALSE,NA,NA,NA,NA,NA,FALSE,NA,neither,no_value
US-xPU,2022,EBF,AmeriFlux,NA,NA,NA,NA,NA,FALSE,NA,NA,NA,NA,NA,FALSE,NA,neither,no_value
US-xPU,2023,EBF,AmeriFlux,NA,NA,NA,NA,NA,FALSE,NA,NA,NA,NA,NA,FALSE,NA,neither,no_value
US-xPU,2024,EBF,AmeriFlux,-498.436,0.901355,5.05816,4.94550000000001,7.07414,TRUE,-503.599,0.911316,5.14431,14.89900000000003,15.7622,TRUE,5.163000000000011,both,NA
US-xRM,2019,ENF,AmeriFlux,98.3249,0.860445,2.32484,5.828949999999999,6.27547,TRUE,100.867,0.868664,2.35766,5.803550000000001,6.26417,TRUE,-2.542100000000005,both,NA
US-xRM,2020,ENF,AmeriFlux,NA,NA,NA,NA,NA,FALSE,NA,NA,NA,NA,NA,FALSE,NA,neither,no_value
US-xRM,2021,ENF,AmeriFlux,NA,NA,NA,NA,NA,FALSE,NA,NA,NA,NA,NA,FALSE,NA,neither,no_value
US-xRM,2022,ENF,AmeriFlux,115.612,0.923174,2.46955,15.31765,15.5155,TRUE,115.153,0.923573,2.47327,14.6948,14.9015,TRUE,0.458999999999989,both,NA
US-xRM,2023,ENF,AmeriFlux,7.85038,0.887272,2.822,10.3405,10.7187,TRUE,15.1985,0.902968,2.85869,10.45456,10.8383,TRUE,-7.348119999999999,both,NA
US-xRM,2024,ENF,AmeriFlux,50.3469,0.954007,2.575,11.1415,11.4352,TRUE,49.693600000000004,0.953267,2.58055,11.0415,11.3391,TRUE,0.6532999999999944,both,NA
US-xRN,2019,DBF,AmeriFlux,NA,NA,NA,NA,NA,FALSE,NA,NA,NA,NA,NA,FALSE,NA,neither,no_value
US-xRN,2020,DBF,AmeriFlux,-41.9902,0.932263,8.46646,25.6788,27.0385,TRUE,-47.5038,0.933629,8.40372,29.76525,30.9288,TRUE,5.513599999999997,both,NA
US-xRN,2021,DBF,AmeriFlux,-73.1854,0.901884,11.7647,95.0415,95.7668,TRUE,-101.715,0.906621,11.7224,91.5115,92.2591,TRUE,28.529600000000002,both,NA
US-xRN,2022,DBF,AmeriFlux,-347.743,0.740639,10.3959,27.059499999999986,28.9876,TRUE,-349.833,0.740582,10.3976,18.351,21.0922,TRUE,2.090000000000032,both,NA
US-xRN,2023,DBF,AmeriFlux,-288.171,0.880993,8.79013,38.408500000000004,39.4018,TRUE,-287.886,0.880765,8.72939,33.22149999999999,34.3496,TRUE,-0.28499999999996817,both,NA
US-xRN,2024,DBF,AmeriFlux,-50.0154,0.902209,9.68545,51.7077,52.607,TRUE,-25.8025,0.896744,9.91747,54.92745,55.8156,TRUE,-24.2129,both,NA
US-xSB,2019,ENF,AmeriFlux,NA,NA,NA,NA,NA,FALSE,NA,NA,NA,NA,NA,FALSE,NA,neither,no_value
US-xSB,2020,ENF,AmeriFlux,-61.8348,0.857582,5.09806,5.6753,7.62882,TRUE,-62.4165,0.858948,5.12289,6.537649999999999,8.30572,TRUE,0.5816999999999979,both,NA
US-xSB,2021,ENF,AmeriFlux,-81.9654,0.886358,4.80189,14.50705,15.2811,TRUE,-77.45,0.886929,4.91745,14.649900000000002,15.4532,TRUE,-4.5154,both,NA
US-xSB,2022,ENF,AmeriFlux,NA,NA,NA,NA,NA,FALSE,NA,NA,NA,NA,NA,FALSE,NA,neither,no_value
US-xSB,2023,ENF,AmeriFlux,-91.0224,0.726998,5.29049,9.750400000000006,11.0932,TRUE,-92.9594,0.726712,5.26496,13.840449999999997,14.8082,TRUE,1.9369999999999976,both,NA
US-xSB,2024,ENF,AmeriFlux,-5.99984,0.845628,4.88131,6.01328,7.74511,TRUE,-9.93587,0.842498,4.87543,8.70747,9.97946,TRUE,3.9360299999999997,both,NA
US-xSC,2019,DBF,AmeriFlux,NA,NA,NA,NA,NA,FALSE,NA,NA,NA,NA,NA,FALSE,NA,neither,no_value
US-xSC,2020,DBF,AmeriFlux,NA,NA,NA,NA,NA,FALSE,NA,NA,NA,NA,NA,FALSE,NA,neither,no_value
US-xSC,2021,DBF,AmeriFlux,-217.987,0.560902,7.10225,47.59400000000001,48.121,TRUE,-219.923,0.552454,6.9931,48.2885,48.792,TRUE,1.936000000000007,both,NA
US-xSC,2022,DBF,AmeriFlux,286.223,0.844064,7.58496,28.4495,29.4435,TRUE,287.119,0.843779,7.4987,35.507999999999996,36.291,TRUE,-0.896000000000015,both,NA
US-xSC,2023,DBF,AmeriFlux,-143.955,0.825057,5.7253,42.49565,42.8794,TRUE,-159.659,0.83476,5.72175,62.39854999999999,62.6601,TRUE,15.70399999999998,both,NA
US-xSC,2024,DBF,AmeriFlux,63.5893,0.847962,6.10108,34.17055,34.711,TRUE,42.2444,0.860314,6.09353,64.73519999999999,65.0213,TRUE,21.344900000000003,both,NA
US-xSE,2019,DBF,AmeriFlux,NA,NA,NA,NA,NA,FALSE,NA,NA,NA,NA,NA,FALSE,NA,neither,no_value
US-xSE,2020,DBF,AmeriFlux,-549.036,0.90551,10.6564,24.801499999999976,26.9937,TRUE,-557.968,0.902095,10.5534,34.84949999999998,36.4125,TRUE,8.932000000000016,both,NA
US-xSE,2021,DBF,AmeriFlux,-420.915,0.960845,11.2536,13.490000000000009,17.5677,TRUE,-423.824,0.96016,11.1251,14.25,18.0787,TRUE,2.908999999999992,both,NA
US-xSE,2022,DBF,AmeriFlux,-171.197,0.973801,10.8961,8.95450000000001,14.1035,TRUE,-169.455,0.97363,10.8042,7.331999999999994,13.0572,TRUE,-1.7419999999999902,both,NA
US-xSE,2023,DBF,AmeriFlux,-450.341,0.928767,9.93501,30.567000000000007,32.1411,TRUE,-453.585,0.928253,9.92699,21.838000000000022,23.9882,TRUE,3.2439999999999714,both,NA
US-xSE,2024,DBF,AmeriFlux,-448.924,0.866519,8.83167,12.434499999999986,15.2516,TRUE,-446.101,0.867828,9.00732,8.154000000000025,12.1496,TRUE,-2.822999999999979,both,NA
US-xSJ,2019,SAV,AmeriFlux,NA,NA,NA,NA,NA,FALSE,NA,NA,NA,NA,NA,FALSE,NA,neither,no_value
US-xSJ,2020,SAV,AmeriFlux,NA,NA,NA,NA,NA,FALSE,NA,NA,NA,NA,NA,FALSE,NA,neither,no_value
US-xSJ,2021,SAV,AmeriFlux,261.702,0.910731,6.19097,20.451999999999998,21.3684,TRUE,244.944,0.899372,6.00181,22.876500000000007,23.6507,TRUE,16.75800000000001,both,NA
US-xSJ,2022,SAV,AmeriFlux,207.285,0.895148,4.85221,23.33,23.8293,TRUE,219.717,0.895205,4.84081,22.219499999999996,22.7407,TRUE,-12.432000000000016,both,NA
US-xSJ,2023,SAV,AmeriFlux,69.9691,0.879053,4.55104,11.351399999999998,12.2297,TRUE,63.882,0.876598,4.52835,13.915,14.6333,TRUE,6.0870999999999995,both,NA
US-xSJ,2024,SAV,AmeriFlux,222.201,0.851207,4.79475,11.728500000000011,12.6709,TRUE,208.18,0.856899,4.77675,13.650999999999996,14.4623,TRUE,14.020999999999987,both,NA
US-xSL,2019,CRO,AmeriFlux,127.423,0.793493,2.76283,4.056500000000007,4.90831,TRUE,124.376,0.785674,2.69116,3.609499999999997,4.50249,TRUE,3.046999999999997,both,NA
US-xSL,2020,CRO,AmeriFlux,NA,NA,NA,NA,NA,FALSE,NA,NA,NA,NA,NA,FALSE,NA,neither,no_value
US-xSL,2021,CRO,AmeriFlux,-31.5184,0.62089,2.53726,6.835449999999998,7.29116,TRUE,-32.6117,0.619178,2.51805,6.844999999999999,7.29347,TRUE,1.0932999999999993,both,NA
US-xSL,2022,CRO,AmeriFlux,70.2401,0.88653,2.45702,2.6651000000000025,3.62485,TRUE,71.3333,0.883733,2.45006,1.1917000000000044,2.72451,TRUE,-1.093199999999996,both,NA
US-xSL,2023,CRO,AmeriFlux,205.673,0.768265,2.15965,5.2805000000000035,5.70542,TRUE,206.576,0.768607,2.17332,5.680999999999997,6.08267,TRUE,-0.9029999999999916,both,NA
US-xSL,2024,CRO,AmeriFlux,-93.744,0.90847,3.30968,2.640100000000004,4.2337,TRUE,-94.2048,0.901924,3.31578,2.2308999999999983,3.99641,TRUE,0.4608000000000061,both,NA
US-xSP,2019,ENF,AmeriFlux,-53.1623,0.610902,6.4447,15.866299999999995,17.1252,TRUE,-41.0922,0.609247,5.62798,22.3507,23.0484,TRUE,-12.070100000000004,both,NA
US-xSP,2020,ENF,AmeriFlux,-74.2915,0.821778,5.42309,8.10125,9.74883,TRUE,-76.5324,0.821835,5.44305,8.5257,10.1151,TRUE,2.2408999999999963,both,NA
US-xSP,2021,ENF,AmeriFlux,192.433,0.834247,5.51594,16.149,17.0653,TRUE,194.544,0.834018,5.50971,18.1515,18.9691,TRUE,-2.1110000000000184,both,NA
US-xSP,2022,ENF,AmeriFlux,88.6131,0.962557,4.44726,16.71615,17.2975,TRUE,93.7597,0.961929,4.26502,21.584650000000003,22.0018,TRUE,-5.146599999999992,both,NA
US-xSP,2023,ENF,AmeriFlux,22.295,0.771062,4.80348,28.773000000000003,29.1712,TRUE,24.8011,0.771062,4.80173,22.23777,22.7503,TRUE,-2.5061,both,NA
US-xSP,2024,ENF,AmeriFlux,-123.494,0.963399,5.33363,25.632199999999997,26.1813,TRUE,-123.185,0.964082,5.31829,20.830999999999996,21.499,TRUE,-0.3089999999999975,both,NA
US-xSR,2019,OSH,AmeriFlux,NA,NA,NA,NA,NA,FALSE,NA,NA,NA,NA,NA,FALSE,NA,neither,no_value
US-xSR,2020,OSH,AmeriFlux,NA,NA,NA,NA,NA,FALSE,NA,NA,NA,NA,NA,FALSE,NA,neither,no_value
US-xSR,2021,OSH,AmeriFlux,NA,NA,NA,NA,NA,FALSE,NA,NA,NA,NA,NA,FALSE,NA,neither,no_value
US-xSR,2022,OSH,AmeriFlux,43.9752,0.89903,1.63711,9.295950000000001,9.439,TRUE,45.7658,0.892009,1.61195,10.025649999999999,10.1544,TRUE,-1.7905999999999977,both,NA
US-xSR,2023,OSH,AmeriFlux,72.4281,0.92403,1.07768,12.578850000000003,12.6249,TRUE,68.6275,0.946233,1.05834,12.993200000000002,13.0362,TRUE,3.800600000000003,both,NA
US-xSR,2024,OSH,AmeriFlux,28.7436,0.872211,1.01327,15.310624999999998,15.3441,TRUE,16.589,0.898736,1.04976,14.606554999999998,14.6442,TRUE,12.154600000000002,both,NA
US-xST,2019,DBF,AmeriFlux,-236.274,0.951712,3.91563,4.73899999999999,6.14725,TRUE,-236.271,0.951712,3.91564,5.0674999999999955,6.40408,TRUE,-0.0030000000000143245,both,NA
US-xST,2020,DBF,AmeriFlux,-261.117,0.947518,4.33303,4.128999999999991,5.98553,TRUE,-259.636,0.946721,4.29665,4.1924999999999955,6.00344,TRUE,-1.4809999999999945,both,NA
US-xST,2021,DBF,AmeriFlux,NA,NA,NA,NA,NA,FALSE,NA,NA,NA,NA,NA,FALSE,NA,neither,no_value
US-xST,2022,DBF,AmeriFlux,-367.484,0.963299,4.25399,1.755500000000012,4.60205,TRUE,-368.185,0.960902,4.29881,3.221499999999992,5.37217,TRUE,0.7010000000000218,both,NA
US-xST,2023,DBF,AmeriFlux,-483.693,0.836587,4.12586,8.148500000000013,9.13377,TRUE,-483.821,0.837957,4.08743,8.903999999999996,9.79745,TRUE,0.12800000000004275,both,NA
US-xST,2024,DBF,AmeriFlux,-384.697,0.908015,4.29949,12.759500000000003,13.4647,TRUE,-389.275,0.909438,4.33016,11.443000000000012,12.2347,TRUE,4.5779999999999745,both,NA
US-xTE,2019,ENF,AmeriFlux,NA,NA,NA,NA,NA,FALSE,NA,NA,NA,NA,NA,FALSE,NA,neither,no_value
US-xTE,2020,ENF,AmeriFlux,-164.355,0.766393,6.30482,38.686499999999995,39.1972,TRUE,-147.229,0.76258,6.33234,75.933,76.1968,TRUE,-17.125999999999976,both,NA
US-xTE,2021,ENF,AmeriFlux,-107.699,0.858333,5.81535,34.82770000000001,35.3099,TRUE,-86.9178,0.858219,5.82377,56.578149999999994,56.8769,TRUE,-20.7812,both,NA
US-xTE,2022,ENF,AmeriFlux,-197.09,0.826142,6.51611,47.364999999999995,47.8111,TRUE,-162.14,0.824658,6.32824,62.29699999999999,62.6174,TRUE,-34.95000000000002,both,NA
US-xTE,2023,ENF,AmeriFlux,NA,NA,NA,NA,NA,FALSE,NA,NA,NA,NA,NA,FALSE,NA,neither,no_value
US-xTE,2024,ENF,AmeriFlux,-263.17,0.949055,6.68901,79.3535,79.6349,TRUE,-240.521,0.946721,6.58062,50.35600000000001,50.7842,TRUE,-22.64900000000003,both,NA
US-xTL,2019,WET,AmeriFlux,NA,NA,NA,NA,NA,FALSE,NA,NA,NA,NA,NA,FALSE,NA,neither,no_value
US-xTL,2020,WET,AmeriFlux,NA,NA,NA,NA,NA,FALSE,NA,NA,NA,NA,NA,FALSE,NA,neither,no_value
US-xTL,2021,WET,AmeriFlux,-46.8476,0.856963,0.866615,4.527200000000001,4.60941,TRUE,-44.7379,0.851769,0.84043,7.673749999999998,7.7196,TRUE,-2.1096999999999966,both,NA
US-xTL,2022,WET,AmeriFlux,-31.061,0.838984,1.03326,4.426349999999999,4.54536,TRUE,-29.2108,0.820205,0.992509,6.475700000000002,6.5513,TRUE,-1.850200000000001,both,NA
US-xTL,2023,WET,AmeriFlux,-31.4751,0.882591,1.19798,23.150865,23.1818,TRUE,-28.2532,0.876826,1.21388,21.153335000000002,21.1882,TRUE,-3.2219000000000015,both,NA
US-xTL,2024,WET,AmeriFlux,12.4989,0.908527,0.993792,11.991475,12.0326,TRUE,5.98506,0.933345,1.03893,10.464305,10.5158,TRUE,6.513840000000001,both,NA
US-xTR,2019,DBF,AmeriFlux,-237.901,0.969064,5.92279,20.124499999999998,20.9779,TRUE,-233.098,0.968779,5.96377,21.53649999999999,22.347,TRUE,-4.802999999999997,both,NA
US-xTR,2020,DBF,AmeriFlux,-222.251,0.804246,7.20006,9.461500000000001,11.8896,TRUE,-226.893,0.802026,7.05287,8.405000000000001,10.9724,TRUE,4.641999999999996,both,NA
US-xTR,2021,DBF,AmeriFlux,-133.298,0.968664,8.54545,18.312500000000007,20.2081,TRUE,-134.764,0.968265,8.54437,27.0075,28.3266,TRUE,1.4660000000000082,both,NA
US-xTR,2022,DBF,AmeriFlux,-235.173,0.958447,5.9309,20.967,21.7895,TRUE,-227.081,0.95976,5.93394,21.03450000000001,21.8552,TRUE,-8.092000000000013,both,NA
US-xTR,2023,DBF,AmeriFlux,-354.234,0.879338,5.36955,40.16999999999999,40.5272,TRUE,-361.218,0.881164,5.08923,38.72800000000001,39.0611,TRUE,6.984000000000037,both,NA
US-xTR,2024,DBF,AmeriFlux,NA,NA,NA,NA,NA,FALSE,NA,NA,NA,NA,NA,FALSE,NA,neither,no_value
US-xUK,2019,DBF,AmeriFlux,NA,NA,NA,NA,NA,FALSE,NA,NA,NA,NA,NA,FALSE,NA,neither,no_value
US-xUK,2020,DBF,AmeriFlux,-210.005,0.805328,7.0443,30.582000000000008,31.3826,TRUE,-209.8,0.800262,6.97707,25.752499999999998,26.6807,TRUE,-0.20499999999998408,both,NA
US-xUK,2021,DBF,AmeriFlux,-28.8287,0.884361,5.70321,29.987060000000003,30.5246,TRUE,-36.318600000000004,0.884018,5.70594,30.49744,31.0266,TRUE,7.489900000000002,both,NA
US-xUK,2022,DBF,AmeriFlux,37.1621,0.951712,5.51681,12.42565,13.5953,TRUE,38.2761,0.952112,5.52205,12.014250000000002,13.2225,TRUE,-1.1139999999999972,both,NA
US-xUK,2023,DBF,AmeriFlux,-62.0863,0.951313,5.61499,7.080100000000002,9.03634,TRUE,-61.6163,0.951199,5.61397,11.187349999999995,12.5169,TRUE,-0.46999999999999886,both,NA
US-xUK,2024,DBF,AmeriFlux,-106.078,0.962716,6.17614,7.586300000000001,9.78259,TRUE,-106.759,0.962887,6.16708,10.96855,12.5835,TRUE,0.6809999999999974,both,NA
US-xUN,2019,MF,AmeriFlux,-281.172,0.923174,4.19619,5.295999999999992,6.75675,TRUE,-284.029,0.922032,4.0996,3.9795000000000016,5.71325,TRUE,2.856999999999971,both,NA
US-xUN,2020,MF,AmeriFlux,-301.639,0.922359,4.42864,6.205999999999989,7.62418,TRUE,-294.428,0.918944,4.39256,5.915500000000009,7.36787,TRUE,-7.211000000000013,both,NA
US-xUN,2021,MF,AmeriFlux,-235.181,0.877968,4.93398,18.864000000000004,19.4986,TRUE,-225.096,0.869349,4.83254,20.054999999999993,20.6292,TRUE,-10.085000000000008,both,NA
US-xUN,2022,MF,AmeriFlux,-251.334,0.95742,4.48764,4.111000000000004,6.08586,TRUE,-253.277,0.95097,4.38123,5.660999999999987,7.15825,TRUE,1.9429999999999836,both,NA
US-xUN,2023,MF,AmeriFlux,-429.908,0.951712,5.08861,7.763499999999993,9.28256,TRUE,-425.27,0.944749,4.92221,6.435000000000002,8.10175,TRUE,-4.638000000000034,both,NA
US-xUN,2024,MF,AmeriFlux,-357.861,0.971198,5.07402,4.072499999999991,6.50636,TRUE,-353.685,0.96875,5.03377,4.213999999999999,6.56499,TRUE,-4.175999999999988,both,NA
US-xWD,2019,GRA,AmeriFlux,NA,NA,NA,NA,NA,FALSE,NA,NA,NA,NA,NA,FALSE,NA,neither,no_value
US-xWD,2020,GRA,AmeriFlux,23.6165,0.865437,2.97788,6.0131000000000006,6.71011,TRUE,22.8408,0.868739,2.92632,5.7996,6.49603,TRUE,0.775699999999997,both,NA
US-xWD,2021,GRA,AmeriFlux,133.241,0.819863,1.62395,3.8429999999999964,4.17201,TRUE,130.836,0.823459,1.79251,3.488500000000009,3.9223,TRUE,2.405000000000001,both,NA
US-xWD,2022,GRA,AmeriFlux,-18.1678,0.931678,2.53697,1.7777499999999993,3.09782,TRUE,-18.2233,0.931792,2.52186,2.3094,3.41954,TRUE,0.05549999999999855,both,NA
US-xWD,2023,GRA,AmeriFlux,26.6073,0.9254,2.92595,3.744999999999999,4.75249,TRUE,25.4138,0.923744,2.91692,4.429400000000001,5.30359,TRUE,1.1935000000000002,both,NA
US-xWD,2024,GRA,AmeriFlux,111.279,0.945298,3.31995,6.395000000000003,7.20571,TRUE,112.957,0.943648,3.2928,7.829000000000001,8.49328,TRUE,-1.6779999999999973,both,NA
US-xWR,2019,ENF,AmeriFlux,-129.689,0.928767,12.7649,26.526000000000003,29.4376,TRUE,-126.996,0.927169,12.7707,28.090000000000003,30.8565,TRUE,-2.692999999999998,both,NA
US-xWR,2020,ENF,AmeriFlux,26.5814,0.881432,12.0208,16.484135,20.4016,TRUE,30.9761,0.881318,12.1015,17.42203,21.2126,TRUE,-4.3947,both,NA
US-xWR,2021,ENF,AmeriFlux,40.5366,0.966267,9.95977,24.00826,25.9922,TRUE,23.6171,0.969406,10.482,30.657000000000004,32.3994,TRUE,16.9195,both,NA
US-xWR,2022,ENF,AmeriFlux,-42.4483,0.846804,11.4512,31.726125,33.7295,TRUE,-44.8796,0.849886,11.6802,28.792655,31.0716,TRUE,2.4313000000000002,both,NA
US-xWR,2023,ENF,AmeriFlux,55.6504,0.731735,12.0057,49.724855,51.1536,TRUE,35.7138,0.734989,12.1593,46.434549999999994,48.0002,TRUE,19.9366,both,NA
US-xWR,2024,ENF,AmeriFlux,-3.66793,0.963741,11.5875,36.08355,37.8984,TRUE,0.827587,0.963115,11.5514,33.8916,35.8061,TRUE,-4.495517,both,NA
US-xYE,2019,ENF,AmeriFlux,123.685,0.692979,3.95529,9.610500000000002,10.3927,TRUE,126.649,0.656164,3.51742,6.1129999999999995,7.05279,TRUE,-2.9639999999999986,both,NA
US-xYE,2020,ENF,AmeriFlux,NA,NA,NA,NA,NA,FALSE,NA,NA,NA,NA,NA,FALSE,NA,neither,no_value
US-xYE,2021,ENF,AmeriFlux,NA,NA,NA,NA,NA,FALSE,NA,NA,NA,NA,NA,FALSE,NA,neither,no_value
US-xYE,2022,ENF,AmeriFlux,86.9218,0.819007,2.66584,5.0288499999999985,5.69172,TRUE,88.5216,0.796347,2.60335,5.2169000000000025,5.83039,TRUE,-1.5998000000000019,both,NA
US-xYE,2023,ENF,AmeriFlux,NA,NA,NA,NA,NA,FALSE,NA,NA,NA,NA,NA,FALSE,NA,neither,no_value
US-xYE,2024,ENF,AmeriFlux,95.3035,0.7977,2.65564,10.5642,10.8931,TRUE,109.618,0.779827,2.66371,9.209650000000003,9.5872,TRUE,-14.314499999999995,both,NA
VU-Coc,2001,EBF,ICOS,NA,NA,NA,NA,NA,FALSE,NA,NA,NA,NA,NA,FALSE,NA,neither,no_value
VU-Coc,2002,EBF,ICOS,-200.778,0.920491,12.9574,52.3665,53.946,TRUE,-194.691,0.917123,12.5,50.8985,52.4112,TRUE,-6.086999999999989,both,NA
VU-Coc,2003,EBF,ICOS,-638.404,0.973687,12.1598,41.015499999999975,42.7805,TRUE,-647.475,0.966324,11.8752,50.454999999999984,51.8337,TRUE,9.071000000000026,both,NA
VU-Coc,2004,EBF,ICOS,NA,NA,NA,NA,NA,FALSE,NA,NA,NA,NA,NA,FALSE,NA,neither,no_value
ZA-BfK,2020,OSH,ICOS,NA,NA,NA,NA,NA,FALSE,NA,NA,NA,NA,NA,FALSE,NA,neither,no_value
ZA-BfK,2021,OSH,ICOS,-82.2679,0.884018,3.37005,7.8502499999999955,8.54303,TRUE,-82.402,0.884646,3.37048,7.622949999999996,8.3348,TRUE,0.13410000000000366,both,NA
ZA-BfK,2022,OSH,ICOS,-189.137,0.828425,4.01184,16.303999999999988,16.7902,TRUE,-180.049,0.832648,4.02618,27.721500000000006,28.0123,TRUE,-9.087999999999994,both,NA
ZA-BfK,2023,OSH,ICOS,58.6522,0.843379,2.82085,4.816300000000002,5.58155,TRUE,54.2857,0.843265,2.82118,3.5930500000000016,4.56825,TRUE,4.366500000000002,both,NA
ZA-BfK,2024,OSH,ICOS,-1.23288,0.841359,2.29769,6.38541,6.78623,TRUE,0.319305,0.837204,2.2927,7.115895,7.47612,TRUE,-1.552185,both,NA
ZA-BfS,2020,OSH,ICOS,NA,NA,NA,NA,NA,FALSE,NA,NA,NA,NA,NA,FALSE,NA,neither,no_value
ZA-BfS,2021,OSH,ICOS,-305.158,0.82032,4.6594,9.8005,10.8514,TRUE,-306.462,0.819235,4.65711,7.1214999999999975,8.50934,TRUE,1.3039999999999736,both,NA
ZA-BfS,2022,OSH,ICOS,-236.231,0.870491,3.42633,16.812499999999986,17.158,TRUE,-242.203,0.869977,3.42657,17.08,17.4202,TRUE,5.972000000000008,both,NA
ZA-BfS,2023,OSH,ICOS,NA,NA,NA,NA,NA,FALSE,NA,NA,NA,NA,NA,FALSE,NA,neither,no_value
ZA-BfS,2024,OSH,ICOS,NA,NA,NA,NA,NA,FALSE,NA,NA,NA,NA,NA,FALSE,NA,neither,no_value
ZA-Jks,2024,GRA,ICOS,-719.49,0.788991,11.9291,29.563999999999965,31.8798,TRUE,NA,NA,NA,NA,NA,FALSE,NA,VUT_only,NA
ZA-Spk,2023,GRA,ICOS,NA,NA,NA,NA,NA,FALSE,NA,NA,NA,NA,NA,FALSE,NA,neither,no_value
ZA-Spk,2024,GRA,ICOS,-264.937,0.865153,3.05675,67.53850000000001,67.6078,TRUE,NA,NA,NA,NA,NA,FALSE,NA,VUT_only,NA
ZA-Uby,2023,GRA,ICOS,NA,NA,NA,NA,NA,FALSE,NA,NA,NA,NA,NA,FALSE,NA,neither,no_value
ZA-Uby,2024,GRA,ICOS,-392.971,0.975808,5.04359,2.0449999999999875,5.4423,TRUE,NA,NA,NA,NA,NA,FALSE,NA,VUT_only,NA
DE-Hai,2000,DBF,ICOS,-582.4,0.920082,6.39557,33.24349999999998,33.853,TRUE,-581.158,0.922131,6.39022,34.107500000000016,34.7008,TRUE,-1.2419999999999618,both,NA
DE-Hai,2001,DBF,ICOS,-637.841,0.915183,5.94766,14.974499999999978,16.1124,TRUE,-638.298,0.920833,5.93536,20.176499999999976,21.0317,TRUE,0.45699999999999363,both,NA
DE-Hai,2002,DBF,ICOS,-622.72,0.923402,6.02536,27.277999999999963,27.9355,TRUE,-624.959,0.923231,6.01708,28.464499999999987,29.0939,TRUE,2.238999999999919,both,NA
DE-Hai,2003,DBF,ICOS,-497.478,0.935217,5.76205,10.974000000000018,12.3945,TRUE,-491.673,0.947317,5.82579,12.560999999999979,13.8465,TRUE,-5.805000000000007,both,NA
DE-Hai,2004,DBF,ICOS,-400.509,0.960952,5.07669,7.9059999999999775,9.39584,TRUE,-397.722,0.966189,5.15503,10.927000000000021,12.0821,TRUE,-2.7870000000000346,both,NA
DE-Hai,2005,DBF,ICOS,-631.751,0.928025,5.57397,20.637,21.3761,TRUE,-621.235,0.941781,5.64789,19.581000000000017,20.379,TRUE,-10.515999999999963,both,NA
DE-Hai,2006,DBF,ICOS,-550.447,0.933505,5.48387,32.307000000000016,32.769,TRUE,-541.722,0.954395,5.42564,28.690499999999986,29.1989,TRUE,-8.725000000000023,both,NA
DE-Hai,2007,DBF,ICOS,-539.738,0.943836,5.65173,19.257000000000005,20.0689,TRUE,-548.557,0.960331,5.58294,12.911000000000001,14.0665,TRUE,8.81899999999996,both,NA
DE-Hai,2008,DBF,ICOS,-535.572,0.951218,5.65763,23.081000000000017,23.7641,TRUE,-531.934,0.971027,5.64799,15.941500000000019,16.9123,TRUE,-3.6380000000000337,both,NA
DE-Hai,2009,DBF,ICOS,-579.023,0.930137,6.00312,33.9495,34.4762,TRUE,-565.482,0.935445,5.9266,28.35899999999998,28.971800000000002,TRUE,-13.541000000000054,both,NA
DE-Hai,2010,DBF,ICOS,-469.006,0.784932,5.44643,9.674999999999983,11.1026,TRUE,-469.732,0.784475,5.41974,12.328499999999991,13.4671,TRUE,0.7260000000000559,both,NA
DE-Hai,2011,DBF,ICOS,-427.08,0.920719,5.44232,15.499500000000012,16.4274,TRUE,-427.466,0.909304,5.25739,28.224000000000018,28.7097,TRUE,0.3860000000000241,both,NA
DE-Hai,2012,DBF,ICOS,-522.737,0.94046,5.60898,20.627999999999986,21.3769,TRUE,-525.689,0.93972,5.60678,26.505999999999972,27.0925,TRUE,2.951999999999998,both,NA
DE-Hai,2013,DBF,ICOS,-527.407,0.874658,7.61481,39.278999999999996,40.0102,TRUE,-542.377,0.869806,7.63273,41.47799999999998,42.1744,TRUE,14.969999999999914,both,NA
DE-Hai,2014,DBF,ICOS,-485.555,0.911187,7.32625,31.444999999999993,32.2871,TRUE,-486.492,0.917979,7.2276300000000004,31.903500000000008,32.712,TRUE,0.9370000000000118,both,NA
DE-Hai,2015,DBF,ICOS,-473.474,0.896861,5.6295,3.693000000000012,6.73261,TRUE,-475.296,0.889954,5.60697,3.8034999999999854,6.77546,TRUE,1.8220000000000027,both,NA
DE-Hai,2016,DBF,ICOS,-516.516,0.698144,8.6648,23.511000000000024,25.0565,TRUE,-530.683,0.664105,9.11982,39.34699999999998,40.39,TRUE,14.16700000000003,both,NA
DE-Hai,2017,DBF,ICOS,-677.435,0.94218,6.58507,13.850999999999999,15.3367,TRUE,-696.321,0.914783,6.49814,19.652500000000032,20.6989,TRUE,18.88600000000008,both,NA
DE-Hai,2018,DBF,ICOS,-436.652,0.843893,5.13287,7.896500000000003,9.41829,TRUE,-449.596,0.804224,5.13407,17.90549999999999,18.6272,TRUE,12.944000000000017,both,NA
DE-Hai,2019,DBF,ICOS,-359.925,0.807534,6.24958,26.098000000000013,26.8358,TRUE,-371.391,0.792523,6.30925,35.333,35.8917,TRUE,11.466000000000008,both,NA
DE-Hai,2020,DBF,ICOS,-380.117,0.886612,4.7244,22.083,22.5824,TRUE,-379.353,0.869934,4.5603,24.089,24.5165,TRUE,-0.76400000000001,both,NA
DE-Hai,2021,DBF,ICOS,NA,NA,NA,NA,NA,FALSE,NA,NA,NA,NA,NA,FALSE,NA,neither,no_value
DE-Hai,2022,DBF,ICOS,NA,NA,NA,NA,NA,FALSE,NA,NA,NA,NA,NA,FALSE,NA,neither,no_value
DE-Hai,2023,DBF,ICOS,NA,NA,NA,NA,NA,FALSE,NA,NA,NA,NA,NA,FALSE,NA,neither,no_value
DE-Hai,2024,DBF,ICOS,-709.769,0.680726,11.0284,47.36099999999999,48.628,TRUE,-690.187,0.698998,11.4537,38.42349999999999,40.0947,TRUE,-19.581999999999994,both,NA
DE-RuW,2011,ENF,ICOS,NA,NA,NA,NA,NA,FALSE,NA,NA,NA,NA,NA,FALSE,NA,neither,no_value
DE-RuW,2012,ENF,ICOS,-796.39,0.643101,13.223,20.424500000000023,24.331,TRUE,-876.45,0.594092,14.107,62.34250000000003,63.9189,TRUE,80.06000000000006,both,NA
DE-RuW,2013,ENF,ICOS,-724.937,0.884189,10.3824,24.767000000000053,26.8553,TRUE,-795.686,0.839612,11.1473,53.46800000000002,54.6178,TRUE,70.74900000000002,both,NA
DE-RuW,2014,ENF,ICOS,NA,NA,NA,NA,NA,FALSE,NA,NA,NA,NA,NA,FALSE,NA,neither,no_value
DE-RuW,2015,ENF,ICOS,-851.219,0.65879,10.611,16.668499999999995,19.7593,TRUE,-853.266,0.640982,10.5922,24.700999999999965,26.876,TRUE,2.046999999999912,both,NA
DE-RuW,2016,ENF,ICOS,-616.19,0.825194,9.41617,25.233499999999992,26.9334,TRUE,-617.298,0.820981,9.73008,38.438000000000045,39.6506,TRUE,1.1079999999999472,both,NA
DE-RuW,2017,ENF,ICOS,NA,NA,NA,NA,NA,FALSE,NA,NA,NA,NA,NA,FALSE,NA,neither,no_value
DE-RuW,2018,ENF,ICOS,NA,NA,NA,NA,NA,FALSE,NA,NA,NA,NA,NA,FALSE,NA,neither,no_value
DE-RuW,2019,ENF,ICOS,-605.468,0.849486,9.33146,28.892000000000024,30.3618,TRUE,-563.953,0.88282,8.73016,32.036,33.2045,TRUE,-41.514999999999986,both,NA
DE-RuW,2020,ENF,ICOS,-405.999,0.920423,8.31625,12.307999999999993,14.8545,TRUE,-402.181,0.91883,8.26603,41.926499999999976,42.7335,TRUE,-3.8180000000000405,both,NA
DE-RuW,2021,ENF,ICOS,-475.771,0.898402,12.8628,28.409999999999997,31.1861,TRUE,-425.364,0.907763,13.0605,49.542,51.2348,TRUE,-50.40700000000004,both,NA
DE-RuW,2022,ENF,ICOS,-373.794,0.490925,13.4288,84.4785,85.5391,FALSE,-257.835,0.856279,8.18088,83.023,83.425,TRUE,-115.959,CUT_only,NA
DE-RuW,2023,ENF,ICOS,95.989,0.623288,23.6152,159.5394,161.278,TRUE,-184.873,0.881735,12.9133,148.9275,149.486,TRUE,280.86199999999997,both,NA
DE-RuW,2024,ENF,ICOS,46.3517,0.625626,49.1259,43.552550000000004,65.6521,TRUE,-129.671,0.961464,16.7354,34.2075,38.0817,TRUE,176.0227,both,NA
FI-Let,2009,ENF,ICOS,NA,NA,NA,NA,NA,FALSE,NA,NA,NA,NA,NA,FALSE,NA,neither,no_value
FI-Let,2010,ENF,ICOS,-209.375,0.782934,4.4908,25.57849999999999,25.9701,TRUE,-209.361,0.782934,4.49108,25.389499999999998,25.7836,TRUE,-0.014000000000010004,both,NA
FI-Let,2011,ENF,ICOS,-175.136,0.866039,4.59446,7.9480000000000075,9.18017,TRUE,-183.281,0.863299,4.5765,13.329999999999998,14.0939,TRUE,8.14500000000001,both,NA
FI-Let,2012,ENF,ICOS,-117.58,0.95082,4.71874,31.321399999999997,31.6749,TRUE,-111.242,0.950023,4.69466,28.508550000000007,28.8925,TRUE,-6.337999999999994,both,NA
FI-Let,2013,ENF,ICOS,-73.6922,0.830251,5.08428,44.163250000000005,44.455,TRUE,-114.072,0.839897,5.25781,38.2605,38.6199,TRUE,40.3798,both,NA
FI-Let,2014,ENF,ICOS,-170.237,0.801598,3.69597,22.588499999999996,22.8889,TRUE,-179.524,0.804338,3.66425,19.227999999999994,19.5736,TRUE,9.287000000000006,both,NA
FI-Let,2015,ENF,ICOS,-135.45,0.953253,4.64816,21.632999999999996,22.1268,TRUE,-134.327,0.952968,4.61507,21.147999999999996,21.6456,TRUE,-1.1229999999999905,both,NA
FI-Let,2016,ENF,ICOS,253.019,0.835553,4.28128,2.8034999999999997,5.11753,TRUE,254.422,0.83174,4.17653,6.703000000000003,7.89773,TRUE,-1.4029999999999916,both,NA
FI-Let,2017,ENF,ICOS,-10.5949,0.837614,4.61635,11.00026,11.9296,TRUE,-16.7306,0.835103,4.54547,18.1175,18.679,TRUE,6.135699999999998,both,NA
FI-Let,2018,ENF,ICOS,155.815,0.793265,4.21887,9.294999999999987,10.2079,TRUE,155.449,0.793208,4.21706,12.312999999999988,13.0152,TRUE,0.36599999999998545,both,NA
FI-Let,2019,ENF,ICOS,NA,NA,NA,NA,NA,FALSE,NA,NA,NA,NA,NA,FALSE,NA,neither,no_value
FI-Let,2020,ENF,ICOS,-99.6439,0.888092,6.5873100000000004,18.658300000000004,19.7869,TRUE,-100.666,0.887978,6.58022,19.429950000000005,20.5139,TRUE,1.0220999999999947,both,NA
FI-Let,2021,ENF,ICOS,-84.3812,0.744749,6.70802,41.4219,41.9617,TRUE,-106.074,0.738071,6.74756,49.649800000000006,50.1062,TRUE,21.69279999999999,both,NA
FI-Let,2022,ENF,ICOS,17.647,0.566267,5.82162,35.67002,36.1419,TRUE,-5.06939,0.565811,5.54173,21.90825,22.5983,TRUE,22.716389999999997,both,NA
FI-Let,2023,ENF,ICOS,-43.7627,0.876427,4.00152,16.0214,16.5136,TRUE,-34.8692,0.887614,4.1118,14.6544,15.2203,TRUE,-8.893500000000003,both,NA
FI-Let,2024,ENF,ICOS,NA,NA,NA,NA,NA,FALSE,NA,NA,NA,NA,NA,FALSE,NA,neither,no_value
FR-CLt,2019,GRA,ICOS,NA,NA,NA,NA,NA,FALSE,NA,NA,NA,NA,NA,FALSE,NA,neither,no_value
FR-CLt,2020,GRA,ICOS,-26.0438,0.911259,3.14955,4.869900000000001,5.79963,TRUE,-25.2333,0.910747,3.18691,5.114699999999999,6.02633,TRUE,-0.8105000000000011,both,NA
FR-CLt,2021,GRA,ICOS,65.2858,0.970605,3.54167,7.8940499999999965,8.65214,TRUE,68.0486,0.96621,3.53116,7.426499999999997,8.22327,TRUE,-2.7627999999999986,both,NA
FR-CLt,2022,GRA,ICOS,NA,NA,NA,NA,NA,FALSE,NA,NA,NA,NA,NA,FALSE,NA,neither,no_value
FR-CLt,2023,GRA,ICOS,186.514,0.919578,4.12194,25.8035,26.1311,TRUE,185.529,0.916267,4.12683,21.622500000000002,22.0128,TRUE,0.9850000000000136,both,NA
FR-CLt,2024,GRA,ICOS,226.271,0.879041,5.57274,8.7975,10.4142,TRUE,225.012,0.892475,6.30392,12.930000000000007,14.3845,TRUE,1.2589999999999861,both,NA
FR-EM2,2017,CRO,ICOS,-647.776,0.928881,8.10779,11.624500000000012,14.1728,TRUE,-661.897,0.914441,7.9829,13.74449999999996,15.8944,TRUE,14.121000000000095,both,NA
FR-EM2,2018,CRO,ICOS,-195.415,0.932249,5.01913,24.35900000000001,24.8706,TRUE,-191.547,0.928425,5.06934,23.929999999999993,24.461,TRUE,-3.867999999999995,both,NA
FR-EM2,2019,CRO,ICOS,-119.819,0.900114,5.51246,42.35594999999999,42.7131,TRUE,-138.961,0.917751,5.51358,43.107499999999995,43.4584,TRUE,19.14200000000001,both,NA
FR-EM2,2020,CRO,ICOS,-119.02,0.889913,4.21436,26.469749999999998,26.803,TRUE,-122.116,0.905567,4.20646,26.176449999999996,26.5123,TRUE,3.0960000000000036,both,NA
FR-EM2,2021,CRO,ICOS,-489.932,0.923801,6.06744,21.768500000000017,22.5982,TRUE,-491.139,0.91524,6.07706,21.388499999999993,22.2349,TRUE,1.2069999999999936,both,NA
FR-EM2,2022,CRO,ICOS,41.7043,0.93105,4.26368,30.569850000000002,30.8657,TRUE,61.7623,0.909589,4.20131,50.75445,50.9283,TRUE,-20.058,both,NA
FR-EM2,2023,CRO,ICOS,-275.853,0.945662,9.43711,42.90400000000001,43.9299,TRUE,-283.754,0.947203,9.53965,39.00800000000001,40.1573,TRUE,7.9010000000000105,both,NA
FR-EM2,2024,CRO,ICOS,-54.5604,0.98964,12.2962,14.289050000000003,18.8513,TRUE,-55.8991,0.990266,12.3086,11.279899999999998,16.6954,TRUE,1.3386999999999958,both,NA
US-xHA,2024,DBF,AmeriFlux,-314.683,0.834984,5.65704,8.989000000000004,10.6209,TRUE,-312.594,0.833447,5.50634,11.209000000000003,12.4882,TRUE,-2.0889999999999986,both,NA
ES-LgS,2009,OSH,ICOS,NA,NA,NA,NA,NA,FALSE,NA,NA,NA,NA,NA,FALSE,NA,neither,no_value
IT-Ro1,2008,DBF,ICOS,NA,NA,NA,NA,NA,FALSE,NA,NA,NA,NA,NA,FALSE,NA,neither,no_value
US-xHA,2019,DBF,AmeriFlux,-429.284,0.669863,5.98949,26.464500000000015,27.1339,TRUE,-421.262,0.730993,5.99925,22.323000000000008,23.1152,TRUE,-8.021999999999991,both,NA
US-xTA,2022,ENF,AmeriFlux,NA,NA,NA,NA,NA,FALSE,NA,NA,NA,NA,NA,FALSE,NA,neither,no_value
ES-Ln2,2009,OSH,ICOS,NA,NA,NA,NA,NA,FALSE,NA,NA,NA,NA,NA,FALSE,NA,neither,no_value
US-LS2,2003,SAV,AmeriFlux,NA,NA,NA,NA,NA,FALSE,NA,NA,NA,NA,NA,FALSE,NA,neither,no_value
FI-Si2,2012,WET,ICOS,NA,NA,NA,NA,NA,FALSE,NA,NA,NA,NA,NA,FALSE,NA,neither,no_value
ES-Pdu,2017,WET,ICOS,NA,NA,NA,NA,NA,FALSE,NA,NA,NA,NA,NA,FALSE,NA,neither,no_value
IT-Ro1,2003,DBF,ICOS,-38.386,0.892009,4.43087,44.178615,44.4003,TRUE,-67.3393,0.900742,4.4813,51.37180000000001,51.5667,TRUE,28.95329999999999,both,NA
IT-Cpz,2007,EBF,ICOS,-370.616,0.982249,5.73996,11.197499999999991,12.5829,TRUE,-372.512,0.979566,5.72356,11.190000000000026,12.5687,TRUE,1.896000000000015,both,NA
US-KLS,2013,GRA,AmeriFlux,-716.08,0.707021,16.2377,34.730999999999995,38.3394,TRUE,-666.902,0.64589,8.21088,115.04650000000004,115.339,TRUE,-49.178,both,NA
FI-Si2,2013,WET,ICOS,NA,NA,NA,NA,NA,FALSE,NA,NA,NA,NA,NA,FALSE,NA,neither,no_value
JP-Nkm,2023,ENF,ICOS,NA,NA,NA,NA,NA,FALSE,NA,NA,NA,NA,NA,FALSE,NA,neither,no_value
US-LS2,2007,SAV,AmeriFlux,-386.605,0.904566,3.24972,41.7405,41.8668,TRUE,-361.791,0.877397,2.85812,37.03649999999999,37.1463,TRUE,-24.81400000000002,both,NA
IT-PT1,2002,DBF,ICOS,NA,NA,NA,NA,NA,FALSE,NA,NA,NA,NA,NA,FALSE,NA,neither,no_value
IT-MtM,2016,GRA,ICOS,-415.674,0.963798,4.7352,6.771000000000015,8.26253,TRUE,-401.604,0.942281,4.65444,11.138000000000005,12.0716,TRUE,-14.069999999999993,both,NA
JP-Nkm,2022,ENF,ICOS,NA,NA,NA,NA,NA,FALSE,NA,NA,NA,NA,NA,FALSE,NA,neither,no_value
IT-Ro2,2003,DBF,ICOS,-542.144,0.963299,4.98838,27.926999999999992,28.3686,TRUE,-556.733,0.97032,5.11867,28.218000000000018,28.6783,TRUE,14.588999999999942,both,NA
HK-MPM,2016,EBF,ICOS,NA,NA,NA,NA,NA,FALSE,NA,NA,NA,NA,NA,FALSE,NA,neither,no_value
JP-Tgf,2004,GRA,ICOS,-1150.06,0.846881,18.3534,25.75999999999999,31.633,TRUE,-1146.72,0.84671,18.3455,35.39499999999998,39.8651,TRUE,-3.339999999999918,both,NA
ES-Pdu,2014,WET,ICOS,-231.957,0.814384,3.53807,5.472999999999999,6.517,TRUE,-226.092,0.835445,3.69367,5.021000000000001,6.23341,TRUE,-5.864999999999981,both,NA
ES-Pdu,2016,WET,ICOS,12.109,0.956569,NA,28.91735,NA,TRUE,23.6147,0.955943,NA,40.29975,NA,TRUE,-11.5057,both,NA
IT-Ro1,2007,DBF,ICOS,NA,NA,NA,NA,NA,FALSE,NA,NA,NA,NA,NA,FALSE,NA,neither,no_value
US-LS2,2006,SAV,AmeriFlux,-366.944,0.967123,3.31781,35.512,35.6666,TRUE,-369.733,0.940925,3.13984,34.19149999999999,34.3355,TRUE,2.7889999999999873,both,NA
US-LS2,2004,SAV,AmeriFlux,-263.879,0.929133,3.01369,7.477000000000004,8.06132,TRUE,-258.157,0.931637,3.08628,6.585999999999984,7.2731,TRUE,-5.722000000000037,both,NA
IT-Ro1,2005,DBF,ICOS,-458.567,0.945662,5.35055,9.276999999999987,10.7092,TRUE,-454.217,0.937043,5.28509,17.417999999999978,18.2019,TRUE,-4.350000000000023,both,NA
US-KLS,2017,GRA,AmeriFlux,29.0233,0.644235,10.4849,67.31753499999999,68.1291,TRUE,27.6911,0.63847,10.7347,137.573,137.991,TRUE,1.3322000000000003,both,NA
IT-MtP,2018,GRA,ICOS,231.72,0.396062,3.81356,50.558499999999995,50.7022,FALSE,124.362,0.873916,4.6156,23.889500000000005,24.3316,TRUE,107.358,CUT_only,NA
IT-Cpz,2008,EBF,ICOS,-751.868,0.821835,7.77723,23.218500000000006,24.4861,TRUE,-748.341,0.821266,7.84008,22.605500000000006,23.9263,TRUE,-3.5270000000000437,both,NA
US-xKA,2022,GRA,AmeriFlux,-233.645,0.90411,4.85955,11.027999999999992,12.0512,TRUE,-230.381,0.904452,4.85999,11.567999999999998,12.5472,TRUE,-3.26400000000001,both,NA
IT-Ro2,2004,DBF,ICOS,-655.824,0.945867,5.85048,13.683500000000038,14.8816,TRUE,-648.861,0.944558,5.65157,14.639499999999998,15.6927,TRUE,-6.962999999999965,both,NA
US-xTA,2021,ENF,AmeriFlux,-46.1572,0.70976,7.07186,25.279249999999998,26.2498,TRUE,-46.4606,0.70976,7.07237,26.0749,27.017,TRUE,0.30339999999999634,both,NA
IT-MtM,2015,GRA,ICOS,-573.423,0.789041,4.08111,8.09899999999999,9.06922,TRUE,-580.633,0.755537,4.01509,9.130999999999972,9.97479,TRUE,7.210000000000036,both,NA
IT-MtP,2014,GRA,ICOS,NA,NA,NA,NA,NA,FALSE,NA,NA,NA,NA,NA,FALSE,NA,neither,no_value
IT-MtM,2018,GRA,ICOS,-386.689,0.80976,6.78926,155.372,155.52,TRUE,-355.411,0.790354,6.2377,49.394000000000005,49.7864,TRUE,-31.27800000000002,both,NA
ES-Pdu,2015,WET,ICOS,-169.642,0.945205,10.2245,7.385999999999996,12.6132,TRUE,-158.538,0.955936,9.70014,7.197999999999993,12.0789,TRUE,-11.103999999999985,both,NA
US-xKA,2019,GRA,AmeriFlux,52.7244,0.697432,6.21504,11.606200000000001,13.1655,TRUE,44.2306,0.699486,6.38096,9.220149999999997,11.2128,TRUE,8.4938,both,NA
DK-Eng,2008,GRA,ICOS,NA,NA,NA,NA,NA,FALSE,NA,NA,NA,NA,NA,FALSE,NA,neither,no_value
IT-MtP,2016,GRA,ICOS,133.194,0.939378,3.73154,121.1534,121.211,TRUE,164.583,0.989982,4.13624,39.21715,39.4346,TRUE,-31.38900000000001,both,NA
IT-PT1,2004,DBF,ICOS,NA,NA,NA,NA,NA,FALSE,NA,NA,NA,NA,NA,FALSE,NA,neither,no_value
JP-Nkm,2020,ENF,ICOS,NA,NA,NA,NA,NA,FALSE,NA,NA,NA,NA,NA,FALSE,NA,neither,no_value
US-KLS,2015,GRA,AmeriFlux,NA,NA,NA,NA,NA,FALSE,NA,NA,NA,NA,NA,FALSE,NA,neither,no_value
US-xHA,2022,DBF,AmeriFlux,-454.393,0.905936,5.33534,8.536000000000001,10.0661,TRUE,-465.966,0.912329,5.44268,10.134999999999991,11.5039,TRUE,11.573000000000036,both,NA
IT-Ro2,2002,DBF,ICOS,-516.041,0.971575,5.27699,12.573000000000036,13.6355,TRUE,-529.918,0.982078,5.55028,11.793000000000035,13.0341,TRUE,13.876999999999953,both,NA
US-KLS,2019,GRA,AmeriFlux,10.1957,0.900228,6.30049,84.51984999999999,84.7541,TRUE,24.1942,0.894349,5.14077,51.483850000000004,51.7399,TRUE,-13.998499999999998,both,NA
HK-MPM,2017,EBF,ICOS,NA,NA,NA,NA,NA,FALSE,NA,NA,NA,NA,NA,FALSE,NA,neither,no_value
IT-Ro2,2008,DBF,ICOS,NA,NA,NA,NA,NA,FALSE,NA,NA,NA,NA,NA,FALSE,NA,neither,no_value
JP-Nkm,2021,ENF,ICOS,NA,NA,NA,NA,NA,FALSE,-421.026,0.596861,1.23159,11.341499999999996,11.4084,TRUE,NA,CUT_only,NA
US-xTA,2019,ENF,AmeriFlux,-17.8959,0.629167,9.84315,21.933989999999998,24.0414,TRUE,-20.7117,0.629452,9.39928,18.258315999999997,20.5356,TRUE,2.8157999999999994,both,NA
IT-Cpz,2003,EBF,ICOS,-437.611,0.947374,8.85594,7.207499999999982,11.4183,TRUE,-438.331,0.94629,8.74809,6.677500000000009,11.0055,TRUE,0.7200000000000273,both,NA
JP-Tgf,2003,GRA,ICOS,198.628,0.875685,9.10052,89.6165,90.0773,TRUE,196.579,0.875742,9.10501,90.9905,91.4452,TRUE,2.048999999999978,both,NA
US-KLS,2018,GRA,AmeriFlux,74.5262,0.888413,8.53563,13.600649999999998,16.0572,TRUE,81.8783,0.885845,8.30728,28.223799999999997,29.421,TRUE,-7.352099999999993,both,NA
FI-Si2,2016,WET,ICOS,NA,NA,NA,NA,NA,FALSE,NA,NA,NA,NA,NA,FALSE,NA,neither,no_value
DK-Eng,2005,GRA,ICOS,NA,NA,NA,NA,NA,FALSE,NA,NA,NA,NA,NA,FALSE,NA,neither,no_value
IT-Ro2,2007,DBF,ICOS,-852.343,0.952626,10.6457,14.169500000000028,17.7231,TRUE,-870.153,0.930822,9.12641,42.89850000000001,43.8585,TRUE,17.81000000000006,both,NA
US-xHA,2023,DBF,AmeriFlux,-376.564,0.926998,5.38716,12.093499999999977,13.2392,TRUE,-369.317,0.932135,5.49415,18.875999999999976,19.6592,TRUE,-7.247000000000014,both,NA
IT-MtM,2014,GRA,ICOS,-394.495,0.897089,4.32064,4.906499999999994,6.53765,TRUE,-378.632,0.795091,4.60208,15.25399999999999,15.9333,TRUE,-15.863,both,NA
US-xKA,2020,GRA,AmeriFlux,NA,NA,NA,NA,NA,FALSE,NA,NA,NA,NA,NA,FALSE,NA,neither,no_value
DK-Fou,2005,CRO,ICOS,NA,NA,NA,NA,NA,FALSE,NA,NA,NA,NA,NA,FALSE,NA,neither,no_value
IT-MtP,2015,GRA,ICOS,121.929,0.892009,3.9122,11.494499999999995,12.1418,TRUE,128.205,0.924372,4.29462,41.90035,42.1198,TRUE,-6.2760000000000105,both,NA
JP-Nkm,2019,ENF,ICOS,NA,NA,NA,NA,NA,FALSE,NA,NA,NA,NA,NA,FALSE,NA,neither,no_value
US-KLS,2012,GRA,AmeriFlux,NA,NA,NA,NA,NA,FALSE,NA,NA,NA,NA,NA,FALSE,NA,neither,no_value
IT-PT1,2003,DBF,ICOS,-458.418,0.97968,10.5907,37.795999999999964,39.2521,TRUE,-458.418,0.97968,10.5907,38.29399999999998,39.7315,TRUE,0,both,NA
SJ-Adv,2014,WET,ICOS,NA,NA,NA,NA,NA,FALSE,NA,NA,NA,NA,NA,FALSE,NA,neither,no_value
US-xKA,2023,GRA,AmeriFlux,-2.17663,0.939098,4.18622,8.377575,9.36527,TRUE,-5.63309,0.944349,4.28789,8.59085,9.6015,TRUE,3.4564600000000003,both,NA
ES-LgS,2008,OSH,ICOS,-79.9278,0.922643,1.97513,7.799900000000001,8.04611,TRUE,-79.5431,0.912511,1.88476,8.10315,8.31944,TRUE,-0.38470000000000937,both,NA
IT-Ro2,2012,DBF,ICOS,-78.4518,0.953723,6.09788,66.31581,66.5958,TRUE,-81.5926,0.955943,6.10929,51.4497,51.8112,TRUE,3.1407999999999987,both,NA
IT-Ro2,2010,DBF,ICOS,-808.423,0.875571,6.43863,112.45999999999998,112.644,TRUE,-808.423,0.875571,6.43863,103.10949999999997,103.31,TRUE,0,both,NA
US-xKA,2021,GRA,AmeriFlux,-125.049,0.742922,4.22662,5.411500000000004,6.86656,TRUE,-124.309,0.742295,4.24452,5.045000000000002,6.59293,TRUE,-0.7400000000000091,both,NA
HK-MPM,2018,EBF,ICOS,NA,NA,NA,NA,NA,FALSE,NA,NA,NA,NA,NA,FALSE,NA,neither,no_value
IT-MtM,2019,GRA,ICOS,-210.257,0.671975,6.49249,69.4325,69.7355,TRUE,-281.894,0.868151,5.7651,34.15799999999999,34.6413,TRUE,71.637,both,NA
IT-Cpz,2005,EBF,ICOS,-564.445,0.790126,5.84337,16.93950000000001,17.9192,TRUE,-586.526,0.787842,5.63634,20.564999999999998,21.3231,TRUE,22.080999999999904,both,NA
IT-Ro1,2001,DBF,ICOS,-121.139,0.840696,4.63371,27.8129,28.1961,TRUE,-138.248,0.857648,4.78433,46.5541,46.7992,TRUE,17.108999999999995,both,NA
IT-Cpz,2006,EBF,ICOS,-432.237,0.88145,6.32352,17.188000000000017,18.3144,TRUE,-432.327,0.878938,6.32154,14.740499999999997,16.0387,TRUE,0.08999999999997499,both,NA
US-KLS,2014,GRA,AmeriFlux,-442.21,0.665582,22.2438,171.0535,172.494,TRUE,-297.75,0.624943,16.6408,164.00549999999998,164.848,TRUE,-144.45999999999998,both,NA
DK-Eng,2007,GRA,ICOS,-165.004,0.942523,3.0681,1.79849999999999,3.55649,TRUE,-164.455,0.930708,2.92529,1.9124999999999943,3.49493,TRUE,-0.5489999999999782,both,NA
JP-Nkm,2018,ENF,ICOS,NA,NA,NA,NA,NA,FALSE,NA,NA,NA,NA,NA,FALSE,NA,neither,no_value
US-ZF1,2025,CRO,AmeriFlux,-171.888,0.948116,4.44461,11.400499999999994,12.2361,TRUE,NA,NA,NA,NA,NA,FALSE,NA,VUT_only,NA
IT-MtM,2017,GRA,ICOS,-309.654,0.95371,4.66273,2.0279999999999916,5.08469,TRUE,-321.142,0.932477,4.57111,4.571499999999986,6.46487,TRUE,11.488,both,NA
IT-MtP,2019,GRA,ICOS,NA,NA,NA,NA,NA,FALSE,NA,NA,NA,NA,NA,FALSE,NA,neither,no_value
SJ-Adv,2012,WET,ICOS,NA,NA,NA,NA,NA,FALSE,NA,NA,NA,NA,NA,FALSE,NA,neither,no_value
US-LS2,2005,SAV,AmeriFlux,-286.144,0.93145,2.8721,33.18000000000001,33.3037,TRUE,-296.164,0.94395,2.92668,38.30099999999999,38.4131,TRUE,10.019999999999982,both,NA
IT-Ro1,2004,DBF,ICOS,-275.971,0.913194,4.88229,82.149,82.2942,TRUE,-284.639,0.919342,4.93389,56.95649999999999,57.1701,TRUE,8.668000000000006,both,NA
JP-Tgf,2002,GRA,ICOS,NA,NA,NA,NA,NA,FALSE,NA,NA,NA,NA,NA,FALSE,NA,neither,no_value
IT-Cpz,2002,EBF,ICOS,NA,NA,NA,NA,NA,FALSE,NA,NA,NA,NA,NA,FALSE,NA,neither,no_value
IT-Cpz,2004,EBF,ICOS,-606.896,0.760474,7.28274,19.33499999999998,20.6609,TRUE,-604.285,0.759563,7.08456,23.341999999999985,24.3935,TRUE,-2.61099999999999,both,NA
US-xHA,2020,DBF,AmeriFlux,NA,NA,NA,NA,NA,FALSE,NA,NA,NA,NA,NA,FALSE,NA,neither,no_value
US-xKA,2024,GRA,AmeriFlux,-37.5577,0.943761,4.17505,8.01835,9.04016,TRUE,-33.3425,0.953381,4.29541,8.079300000000002,9.15017,TRUE,-4.215199999999996,both,NA
US-xTA,2023,ENF,AmeriFlux,-219.701,0.557591,7.6751,32.65100000000001,33.5408,TRUE,-232.43,0.576655,7.70166,28.060500000000005,29.0982,TRUE,12.729000000000013,both,NA
DK-Eng,2006,GRA,ICOS,-25.5073,0.920833,2.561,1.6178500000000007,3.02921,TRUE,-24.6877,0.895719,2.43514,1.496599999999999,2.85827,TRUE,-0.8196000000000012,both,NA
IT-Ro2,2009,DBF,ICOS,NA,NA,NA,NA,NA,FALSE,NA,NA,NA,NA,NA,FALSE,NA,neither,no_value
US-ZF1,2024,CRO,AmeriFlux,NA,NA,NA,NA,NA,FALSE,NA,NA,NA,NA,NA,FALSE,NA,neither,no_value
US-xTA,2024,ENF,AmeriFlux,-223.042,0.672416,6.13637,48.58049999999999,48.9666,TRUE,-217.671,0.692737,6.40276,49.74900000000001,50.1591,TRUE,-5.371000000000009,both,NA
FI-Si2,2014,WET,ICOS,NA,NA,NA,NA,NA,FALSE,NA,NA,NA,NA,NA,FALSE,NA,neither,no_value
IT-Ro1,2006,DBF,ICOS,-413.916,0.973516,4.63936,40.702,40.9656,TRUE,-373.031,0.958333,4.43645,55.36750000000001,55.5452,TRUE,-40.88499999999999,both,NA
IT-Ro1,2002,DBF,ICOS,74.7124,0.971918,4.85779,35.80765,36.1356,TRUE,35.6091,0.982648,5.06235,40.859035,41.1714,TRUE,39.103300000000004,both,NA
IT-Ro2,2011,DBF,ICOS,-674.128,0.655936,7.40101,44.420000000000016,45.0325,TRUE,-694.861,0.697317,7.72074,34.03699999999998,34.9014,TRUE,20.732999999999947,both,NA
SJ-Adv,2013,WET,ICOS,NA,NA,NA,NA,NA,FALSE,NA,NA,NA,NA,NA,FALSE,NA,neither,no_value
IT-Ro2,2005,DBF,ICOS,-921.53,0.937557,7.43328,14.74449999999996,16.512,TRUE,-942.674,0.925114,6.81381,16.51750000000004,17.868,TRUE,21.144000000000005,both,NA
IT-Ro1,2000,DBF,ICOS,NA,NA,NA,NA,NA,FALSE,NA,NA,NA,NA,NA,FALSE,NA,neither,no_value
US-xTA,2020,ENF,AmeriFlux,33.756100000000004,0.772256,6.14636,25.97099,26.6884,TRUE,40.5626,0.765255,6.21864,24.911195,25.6757,TRUE,-6.8065,both,NA
IT-Ro2,2006,DBF,ICOS,-931.739,0.987043,7.68343,6.066000000000031,9.78948,TRUE,-977.399,0.964783,6.73033,28.89450000000005,29.6682,TRUE,45.65999999999997,both,NA
US-xHA,2021,DBF,AmeriFlux,-382.511,0.897774,5.32532,12.099500000000006,13.2197,TRUE,-380.658,0.909018,5.40424,14.318999999999988,15.3051,TRUE,-1.8530000000000086,both,NA
JP-Nkm,2024,ENF,ICOS,NA,NA,NA,NA,NA,FALSE,NA,NA,NA,NA,NA,FALSE,NA,neither,no_value
US-KLS,2016,GRA,AmeriFlux,NA,NA,NA,NA,NA,FALSE,NA,NA,NA,NA,NA,FALSE,NA,neither,no_value
FI-Si2,2015,WET,ICOS,NA,NA,NA,NA,NA,FALSE,NA,NA,NA,NA,NA,FALSE,NA,neither,no_value
ES-LgS,2007,OSH,ICOS,-119.891,0.971461,2.05891,1.5025000000000048,2.54888,TRUE,-120.986,0.970205,2.05741,4.677999999999997,5.11046,TRUE,1.0949999999999989,both,NA
IT-Cpz,2001,EBF,ICOS,-537.62,0.736473,6.42087,28.537500000000023,29.2505,TRUE,-534.357,0.739212,6.59384,7.096000000000004,9.68654,TRUE,-3.2630000000000337,both,NA
IT-MtP,2017,GRA,ICOS,-112.444,0.786073,2.59125,172.55200000000002,172.571,TRUE,225.724,0.983676,4.04103,49.3765,49.5415,TRUE,-338.168,both,NA
BE-Vie,2013,MF,ICOS,-277.871,0.842808,7.32571,17.117999999999995,18.6192,TRUE,-276.379,0.868664,7.50662,12.54249999999999,14.6173,TRUE,-1.4919999999999618,both,NA
BE-Vie,2016,MF,ICOS,-416.545,0.962546,7.09828,14.231500000000011,15.9034,TRUE,-410.509,0.944672,7.05525,13.838000000000022,15.5329,TRUE,-6.036000000000001,both,NA
BE-Vie,2025,MF,ICOS,-535.135,0.923288,6.49657,12.444000000000017,14.0378,TRUE,-513.047,0.919406,6.54912,15.516500000000036,16.8418,TRUE,-22.087999999999965,both,NA
CH-Dav,2013,ENF,ICOS,-423.091,0.929167,12.164,54.5145,55.8551,TRUE,-453.895,0.907192,12.7074,65.02000000000001,66.2502,TRUE,30.803999999999974,both,NA
CZ-BK1,2015,ENF,ICOS,-957.026,0.974543,6.22592,17.710999999999956,18.7733,TRUE,-978.376,0.962272,6.15281,17.283999999999992,18.3465,TRUE,21.350000000000023,both,NA
CZ-BK1,2021,ENF,ICOS,-465.888,0.952797,7.29696,30.655,31.5116,TRUE,-468.972,0.960559,7.51101,36.86449999999999,37.6219,TRUE,3.084000000000003,both,NA
CZ-Lnz,2019,DBF,ICOS,-401.262,0.947546,7.96979,10.25,12.9837,TRUE,-397.502,0.949486,8.00388,9.927500000000009,12.752,TRUE,-3.759999999999991,both,NA
CZ-wet,2009,WET,ICOS,-161.752,0.964326,3.35629,4.959000000000003,5.98812,TRUE,-160.31,0.964555,3.3041,5.665999999999997,6.559,TRUE,-1.4420000000000073,both,NA
CZ-wet,2025,WET,ICOS,125.633,0.951598,3.87168,4.333499999999994,5.81083,TRUE,122.138,0.95,3.74031,8.526000000000003,9.31023,TRUE,3.4949999999999903,both,NA
DE-Gri,2019,GRA,ICOS,-82.8506,0.972888,5.01025,12.539849999999994,13.5037,TRUE,-82.8506,0.972888,5.01025,12.539849999999994,13.5037,TRUE,0,both,NA
DE-HoH,2015,DBF,ICOS,-333.548,0.956507,6.12989,6.609499999999997,9.01477,TRUE,-333.171,0.938642,6.02458,7.588999999999999,9.68947,TRUE,-0.37700000000000955,both,NA
DE-HoH,2019,DBF,ICOS,-76.6914,0.953482,8.55531,16.528550000000003,18.6115,TRUE,-74.0249,0.947374,8.5169,19.111850000000004,20.9238,TRUE,-2.666499999999999,both,NA
DE-HoH,2024,DBF,ICOS,-275.074,0.869023,8.6311,12.868500000000012,15.4947,TRUE,-281.204,0.865096,8.6225,11.34650000000002,14.2507,TRUE,6.1299999999999955,both,NA
DE-Hte,2011,WET,ICOS,NA,NA,NA,NA,NA,FALSE,NA,NA,NA,NA,NA,FALSE,NA,neither,no_value
DE-Hte,2017,WET,ICOS,-255.754,0.99903,12.713,11.5505,17.1765,TRUE,-254.324,0.99903,12.7394,12.153500000000008,17.6068,TRUE,-1.4299999999999784,both,NA
DE-Hzd,2016,DBF,ICOS,NA,NA,NA,NA,NA,FALSE,NA,NA,NA,NA,NA,FALSE,NA,neither,no_value
DE-Hzd,2018,DBF,ICOS,NA,NA,NA,NA,NA,FALSE,NA,NA,NA,NA,NA,FALSE,NA,neither,no_value
DE-Kli,2008,CRO,ICOS,NA,NA,NA,NA,NA,FALSE,NA,NA,NA,NA,NA,FALSE,NA,neither,no_value
DE-Kli,2014,CRO,ICOS,-268.135,0.955479,4.09112,15.108500000000006,15.6523,TRUE,-260.207,0.969749,4.06477,15.10799999999999,15.6455,TRUE,-7.927999999999997,both,NA
DE-Kli,2018,CRO,ICOS,-105.758,0.912272,4.18519,2.1395000000000053,4.70038,TRUE,-106.392,0.894235,4.28879,13.809000000000005,14.4595,TRUE,0.6340000000000003,both,NA
DE-RuR,2023,GRA,ICOS,-100.828,0.950628,6.74704,2.103449999999995,7.06729,TRUE,-94.9381,0.935103,6.8633,3.296050000000001,7.61379,TRUE,-5.889899999999997,both,NA
DE-Tha,1997,ENF,ICOS,-411.614,0.855308,4.91425,7.002999999999986,8.55522,TRUE,-390.038,0.862272,4.984,6.0504999999999995,7.83874,TRUE,-21.575999999999965,both,NA
DE-Tha,2002,ENF,ICOS,-494.904,0.872489,6.34533,28.24999999999997,28.954,TRUE,-494.995,0.872489,6.34538,24.53049999999999,25.3379,TRUE,0.09100000000000819,both,NA
DE-Tha,2013,ENF,ICOS,-434.757,0.985788,4.49805,6.024000000000001,7.51832,TRUE,-430.414,0.983048,4.47549,8.393499999999989,9.5123,TRUE,-4.343000000000018,both,NA
DE-Tha,2018,ENF,ICOS,-315.528,0.987043,4.58473,7.47999999999999,8.7732,TRUE,-315.545,0.987043,4.58512,8.537999999999982,9.69087,TRUE,0.016999999999995907,both,NA
DE-Tha,2021,ENF,ICOS,-657.547,0.958733,6.78149,40.04250000000002,40.6129,TRUE,-639.944,0.966039,7.01169,29.733499999999992,30.5489,TRUE,-17.603000000000065,both,NA
DE-Tha,2025,ENF,ICOS,-724.885,0.986073,7.36588,19.01550000000003,20.3922,TRUE,-731.49,0.98516,7.37511,27.284999999999968,28.2641,TRUE,6.605000000000018,both,NA
FI-Hyy,1999,ENF,ICOS,NA,NA,NA,NA,NA,FALSE,NA,NA,NA,NA,NA,FALSE,NA,neither,no_value
FI-Hyy,2012,ENF,ICOS,-245.023,0.926799,3.61513,1.6089999999999947,3.95691,TRUE,-246.341,0.923782,3.57575,2.1025000000000063,4.14796,TRUE,1.318000000000012,both,NA
FI-Var,2019,ENF,ICOS,-5.18254,0.922546,3.36491,6.949125,7.72094,TRUE,-0.755618,0.924715,3.37329,6.727215000000001,7.52559,TRUE,-4.426922,both,NA
FR-Bil,2015,ENF,ICOS,-473.932,0.930251,5.4471,12.903500000000008,14.0063,TRUE,-469.177,0.928881,5.44723,7.055000000000007,8.91292,TRUE,-4.7549999999999955,both,NA
FR-Gri,2013,CRO,ICOS,-235.068,0.922374,5.01933,32.043499999999995,32.4345,TRUE,-201.487,0.907534,5.74174,56.071500000000015,56.3644,TRUE,-33.58100000000002,both,NA
FR-Gri,2020,CRO,ICOS,-329.799,0.856899,8.03422,20.24599999999998,21.782,TRUE,-329.439,0.859973,8.05654,20.406499999999994,21.9393,TRUE,-0.3599999999999568,both,NA
FR-Hes,2010,DBF,ICOS,NA,NA,NA,NA,NA,FALSE,-521.74,0.947032,6.75483,100.41949999999997,100.646,TRUE,NA,CUT_only,NA
FR-Hes,2013,DBF,ICOS,NA,NA,NA,NA,NA,FALSE,NA,NA,NA,NA,NA,FALSE,NA,neither,no_value
FR-Hes,2014,DBF,ICOS,NA,NA,NA,NA,NA,FALSE,-627.844,0.982192,9.69848,35.698000000000036,36.9921,TRUE,NA,CUT_only,NA
FR-Hes,2015,DBF,ICOS,NA,NA,NA,NA,NA,FALSE,-405.121,0.988527,8.04735,16.265500000000003,18.1474,TRUE,NA,CUT_only,NA
FR-Mej,2021,GRA,ICOS,-193.498,0.980137,5.73792,6.149499999999989,8.41064,TRUE,-191.39,0.980194,5.91139,6.458999999999989,8.75602,TRUE,-2.108000000000004,both,NA
FR-Pue,2008,EBF,ICOS,-270.247,0.95247,3.26764,26.64049999999999,26.8405,TRUE,-265.933,0.950592,3.27088,27.614499999999992,27.8072,TRUE,-4.314000000000021,both,NA
GF-Guy,2007,EBF,ICOS,-225.952,0.937386,18.3401,34.92,39.4434,TRUE,-226.284,0.937386,18.3445,23.355500000000006,29.6986,TRUE,0.33199999999999363,both,NA
GL-Dsk,2025,OSH,ICOS,-122.606,0.929737,1.8122,4.7010000000000005,5.03799,TRUE,-119.651,0.920947,1.74988,5.023000000000003,5.31915,TRUE,-2.9549999999999983,both,NA
GL-ZaH,2020,GRA,ICOS,NA,NA,NA,NA,NA,FALSE,NA,NA,NA,NA,NA,FALSE,NA,neither,no_value
IT-BCi,2015,CRO,ICOS,326.406,0.86661,12.1335,30.36500000000001,32.6993,TRUE,326.658,0.870605,12.2803,54.1515,55.5265,TRUE,-0.25200000000000955,both,NA
IT-BCi,2018,CRO,ICOS,303.904,0.889954,10.7306,20.335499999999996,22.9929,TRUE,307.245,0.885046,10.67,19.91149999999999,22.5901,TRUE,-3.341000000000008,both,NA
IT-Cp2,2012,MF,ICOS,NA,NA,NA,NA,NA,FALSE,NA,NA,NA,NA,NA,FALSE,NA,neither,no_value
IT-MBo,2014,GRA,ICOS,NA,NA,NA,NA,NA,FALSE,NA,NA,NA,NA,NA,FALSE,NA,neither,no_value
IT-Niv,2025,GRA,ICOS,NA,NA,NA,NA,NA,FALSE,NA,NA,NA,NA,NA,FALSE,NA,neither,no_value
IT-Ren,2008,ENF,ICOS,-945.081,0.889515,12.669,49.64500000000004,51.2358,TRUE,-883.294,0.875911,12.4827,54.57750000000004,55.9866,TRUE,-61.787000000000035,both,NA
IT-SR2,2025,ENF,ICOS,NA,NA,NA,NA,NA,FALSE,NA,NA,NA,NA,NA,FALSE,NA,neither,no_value
IT-Tor,2017,GRA,ICOS,-97.048,0.938984,2.70682,23.410850000000003,23.5667,TRUE,-104.039,0.944863,2.71629,27.5659,27.6996,TRUE,6.991,both,NA
IT-Tor,2023,GRA,ICOS,-138.809,0.98379,3.732,29.962200000000003,30.1936,TRUE,-108.614,0.975628,3.41674,47.384750000000004,47.5076,TRUE,-30.194999999999993,both,NA
IT-TrF,2014,DNF,ICOS,-770.409,0.891039,6.24481,6.737500000000011,9.18669,TRUE,-772.684,0.892466,6.17244,6.187000000000012,8.73939,TRUE,2.2749999999999773,both,NA
JP-Api,2017,DBF,ICOS,-313.242,0.935445,5.98033,40.37550000000002,40.8157,TRUE,-360.713,0.949372,6.33039,45.74199999999999,46.1781,TRUE,47.471000000000004,both,NA
NL-Loo,2003,ENF,ICOS,-492.32,0.994521,8.04799,7.3799999999999955,10.9197,TRUE,-494.206,0.994406,7.99652,10.185000000000002,12.949,TRUE,1.886000000000024,both,NA
NL-Loo,2025,ENF,ICOS,-268.708,0.915925,5.6172,4.9809999999999945,7.50752,TRUE,-271.378,0.915811,5.53135,7.639499999999998,9.43146,TRUE,2.669999999999959,both,NA
BE-Maa,2024,CSH,ICOS,-24.4428,0.975524,2.69894,2.0509500000000003,3.38978,TRUE,-25.1776,0.980077,2.78884,2.211549999999999,3.5593,TRUE,0.7348000000000035,both,NA
BE-Vie,2018,MF,ICOS,-463.518,0.936986,6.07917,14.658999999999992,15.8695,TRUE,-449.282,0.919121,6.00559,15.966499999999996,17.0586,TRUE,-14.23599999999999,both,NA
BE-Vie,2022,MF,ICOS,-752.255,0.861644,7.57222,36.46100000000001,37.2391,TRUE,-776.463,0.852226,7.50457,36.690499999999986,37.4503,TRUE,24.20799999999997,both,NA
CH-Dav,2006,ENF,ICOS,-568.053,0.908333,12.3872,91.04849999999999,91.8875,TRUE,-467.453,0.896518,12.5264,85.15599999999998,86.0723,TRUE,-100.60000000000002,both,NA
CZ-BK1,2007,ENF,ICOS,-724.501,0.686358,8.01091,15.799499999999966,17.7143,TRUE,-709.261,0.633562,8.00974,27.519999999999982,28.6618,TRUE,-15.240000000000009,both,NA
CZ-wet,2016,WET,ICOS,-3.6592,0.984517,3.94716,7.496948,8.47257,TRUE,-3.97868,0.98577,3.93606,5.121989500000001,6.45969,TRUE,0.31948000000000043,both,NA
DE-Fen,2024,GRA,ICOS,-245.625,0.91143,8.94536,16.608000000000004,18.8639,TRUE,-267.778,0.891109,8.95421,20.075500000000005,21.9818,TRUE,22.15300000000002,both,NA
DE-Gri,2024,GRA,ICOS,-24.9785,0.943021,4.7104799999999996,20.866750000000003,21.3918,TRUE,-19.666,0.938582,4.54741,11.130249999999998,12.0234,TRUE,-5.3125,both,NA
DE-Hzd,2013,DBF,ICOS,NA,NA,NA,NA,NA,FALSE,NA,NA,NA,NA,NA,FALSE,NA,neither,no_value
DE-Kli,2021,CRO,ICOS,-349.867,0.973116,4.19404,13.098500000000001,13.7536,TRUE,-363.32,0.961644,4.18921,25.900499999999994,26.2371,TRUE,13.452999999999975,both,NA
DE-Tha,1999,ENF,ICOS,-548.35,0.974087,5.01752,8.0625,9.49657,TRUE,-550.569,0.972831,5.03199,11.351499999999987,12.4165,TRUE,2.2189999999999372,both,NA
FI-Hyy,2014,ENF,ICOS,-264.942,0.982648,3.61226,1.8410000000000082,4.05437,TRUE,-268.17,0.977112,3.58537,2.8795000000000073,4.59859,TRUE,3.2280000000000086,both,NA
FI-Hyy,2024,ENF,ICOS,-291.221,0.874772,3.7539,4.303999999999974,5.71104,TRUE,-286.554,0.900216,3.89062,9.421500000000009,10.1928,TRUE,-4.66700000000003,both,NA
FI-Var,2025,ENF,ICOS,NA,NA,NA,NA,NA,FALSE,NA,NA,NA,NA,NA,FALSE,NA,neither,no_value
FR-Aur,2013,CRO,ICOS,-219.26,0.975514,3.9073,3.6739999999999924,5.36324,TRUE,-225.829,0.979566,3.996,3.3859999999999957,5.23775,TRUE,6.569000000000017,both,NA
FR-Hes,2007,DBF,ICOS,NA,NA,NA,NA,NA,FALSE,-599.193,0.950114,8.00683,101.51749999999998,101.833,TRUE,NA,CUT_only,NA
FR-Hes,2011,DBF,ICOS,NA,NA,NA,NA,NA,FALSE,NA,NA,NA,NA,NA,FALSE,NA,neither,no_value
FR-Mej,2022,GRA,ICOS,357.737,0.976313,8.58017,8.00800000000001,11.7366,TRUE,358.213,0.976655,8.57621,8.567000000000007,12.1221,TRUE,-0.4759999999999991,both,NA
FR-Tou,2018,GRA,ICOS,141.698,0.930194,3.52577,24.755999999999993,25.006,TRUE,133.393,0.935959,3.55923,26.618500000000004,26.8556,TRUE,8.305000000000007,both,NA
FR-Tou,2024,GRA,ICOS,43.5655,0.934597,4.14412,33.404765000000005,33.6608,TRUE,33.2185,0.940915,4.1556,39.9378,40.1534,TRUE,10.347000000000001,both,NA
GF-Guy,2012,EBF,ICOS,-263.444,0.968921,18.7614,32.112999999999985,37.1918,TRUE,-287.823,0.973019,19.635,40.57300000000001,45.0745,TRUE,24.378999999999962,both,NA
IE-Cra,2024,WET,ICOS,-15.0653,0.931637,2.21312,3.7943500000000006,4.39261,TRUE,-15.0853,0.931694,2.2129,3.9639999999999995,4.53987,TRUE,0.019999999999999574,both,NA
IT-BCi,2009,CRO,ICOS,8.8822,0.950228,4.9396,50.361549999999994,50.6032,TRUE,5.23874,0.955651,4.91882,38.9951,39.3041,TRUE,3.6434599999999993,both,NA
IT-MBo,2021,GRA,ICOS,NA,NA,NA,NA,NA,FALSE,NA,NA,NA,NA,NA,FALSE,NA,neither,no_value
IT-MBo,2022,GRA,ICOS,NA,NA,NA,NA,NA,FALSE,NA,NA,NA,NA,NA,FALSE,NA,neither,no_value
IT-SR2,2018,ENF,ICOS,-242.249,0.944007,8.41032,19.034999999999997,20.8098,TRUE,-226.811,0.956906,8.5995,19.025999999999996,20.8792,TRUE,-15.437999999999988,both,NA
IT-Tor,2008,GRA,ICOS,NA,NA,NA,NA,NA,FALSE,NA,NA,NA,NA,NA,FALSE,NA,neither,no_value
IT-Tor,2022,GRA,ICOS,-115.369,0.955708,3.156,31.861749999999994,32.0178,TRUE,-115.057,0.956336,3.1481,30.957800000000006,31.1173,TRUE,-0.3119999999999976,both,NA
IT-TrF,2022,DNF,ICOS,-887.571,0.974144,5.68764,23.581500000000005,24.2579,TRUE,-902.24,0.975742,5.75334,25.63549999999998,26.2732,TRUE,14.668999999999983,both,NA
JP-Api,2008,DBF,ICOS,-235.488,0.903062,5.28581,25.758499999999998,26.2952,TRUE,-201.239,0.865949,5.10623,35.456,35.8219,TRUE,-34.248999999999995,both,NA
BE-Vie,2007,MF,ICOS,-602.037,0.932934,6.58211,10.33499999999998,12.253,TRUE,-611.33,0.930651,6.34175,14.086999999999989,15.4485,TRUE,9.293000000000006,both,NA
CD-Ygb,2020,MF,ICOS,NA,NA,NA,NA,NA,FALSE,NA,NA,NA,NA,NA,FALSE,NA,neither,no_value
CH-Dav,2011,ENF,ICOS,-523.128,0.913299,12.5838,83.906,84.8447,TRUE,-530.458,0.886358,12.8541,75.57700000000003,76.6623,TRUE,7.329999999999927,both,NA
CH-Dav,2012,ENF,ICOS,-775.875,0.913194,13.1322,76.63850000000002,77.7557,TRUE,-918.007,0.883254,13.3216,105.82300000000004,106.658,TRUE,142.13199999999995,both,NA
CZ-Lnz,2015,DBF,ICOS,-511.963,0.972546,5.48914,12.845499999999987,13.9694,TRUE,-507.622,0.975742,5.54205,15.286000000000001,16.2594,TRUE,-4.341000000000008,both,NA
CZ-wet,2017,WET,ICOS,198.484,0.97403,4.03415,5.147999999999996,6.54034,TRUE,205.645,0.974144,4.05931,5.344999999999999,6.71165,TRUE,-7.161000000000001,both,NA
CZ-wet,2022,WET,ICOS,153.424,0.949658,3.69544,20.537000000000006,20.867,TRUE,160.354,0.949201,3.75127,26.600499999999997,26.8636,TRUE,-6.930000000000007,both,NA
CZ-wet,2024,WET,ICOS,285.112,0.966758,4.4046,9.14500000000001,10.1504,TRUE,282.442,0.966473,4.36134,9.748999999999995,10.6799,TRUE,2.670000000000016,both,NA
DE-Brs,2025,CRO,ICOS,-238.847,0.972831,5.42808,7.53949999999999,9.28997,TRUE,-238.292,0.971747,5.42268,6.720500000000001,8.6352,TRUE,-0.5550000000000068,both,NA
DE-Gri,2017,GRA,ICOS,-73.1921,0.957991,5.17738,12.781550000000003,13.7904,TRUE,-81.5342,0.956564,4.90137,12.770000000000003,13.6783,TRUE,8.342100000000002,both,NA
DE-Gri,2020,GRA,ICOS,NA,NA,NA,NA,NA,FALSE,NA,NA,NA,NA,NA,FALSE,NA,neither,no_value
DE-GsB,2019,GRA,ICOS,203.469,0.970434,6.12929,22.9045,23.7101,TRUE,202.391,0.969635,6.10658,25.487499999999997,26.2088,TRUE,1.078000000000003,both,NA
DE-HoH,2016,DBF,ICOS,-426.726,0.953381,6.74474,8.163999999999987,10.5898,TRUE,-418.214,0.944103,6.64044,9.577499999999986,11.6544,TRUE,-8.512,both,NA
DE-Msr,2023,ENF,ICOS,-213.928,0.902055,19.1738,30.870500000000007,36.3403,TRUE,-222.441,0.904167,19.4849,54.76849999999999,58.1317,TRUE,8.513000000000005,both,NA
DE-RuS,2013,CRO,ICOS,-582.333,0.871005,5.32158,5.319500000000005,7.52422,TRUE,-582.891,0.870947,5.31678,5.095000000000027,7.36385,TRUE,0.5579999999999927,both,NA
DE-RuS,2016,CRO,ICOS,-276.46,0.978711,5.19372,9.792000000000002,11.0841,TRUE,-287.333,0.981216,5.26122,8.825500000000005,10.2749,TRUE,10.873000000000047,both,NA
DE-Tha,2003,ENF,ICOS,-299.946,0.968721,4.3301,4.314999999999998,6.11281,TRUE,-301.016,0.969977,4.34587,3.3540000000000134,5.48958,TRUE,1.0699999999999932,both,NA
DE-Tha,2004,ENF,ICOS,-339.913,0.982639,4.55253,2.7920000000000016,5.34051,TRUE,-339.9,0.982639,4.55259,3.2309999999999945,5.58282,TRUE,-0.013000000000033651,both,NA
DE-Tha,2014,ENF,ICOS,-527.319,0.969635,5.01926,7.173999999999978,8.75539,TRUE,-531.364,0.967808,4.96995,7.846499999999992,9.28794,TRUE,4.045000000000073,both,NA
FI-Hyy,2007,ENF,ICOS,-238.475,0.978368,3.44791,3.5690000000000026,4.96244,TRUE,-236.399,0.979338,3.46531,3.9710000000000036,5.27053,TRUE,-2.0759999999999934,both,NA
FI-Ken,2020,ENF,ICOS,132.212,0.956853,2.42535,4.002499999999998,4.68002,TRUE,132.095,0.956113,2.41115,4.169500000000006,4.81653,TRUE,0.11699999999999022,both,NA
FI-Ken,2021,ENF,ICOS,24.6546,0.958048,1.83815,2.8977499999999985,3.4316,TRUE,28.6298,0.954281,1.84001,4.425700000000001,4.79295,TRUE,-3.975200000000001,both,NA
FI-Ken,2022,ENF,ICOS,61.0943,0.923687,2.70175,9.073800000000002,9.4675,TRUE,63.9524,0.917808,2.61838,23.039500000000004,23.1878,TRUE,-2.8581000000000003,both,NA
FR-Aur,2008,CRO,ICOS,-578.687,0.815289,7.37898,27.90949999999998,28.8688,TRUE,-472.388,0.696152,3.14817,332.39985,332.415,TRUE,-106.29900000000004,both,NA
FR-Aur,2015,CRO,ICOS,-147.618,0.952968,4.11827,13.911500000000004,14.5079,TRUE,-147.983,0.955137,4.11452,13.203500000000005,13.8296,TRUE,0.3650000000000091,both,NA
FR-Aur,2019,CRO,ICOS,-150.703,0.956221,7.97382,6.013000000000005,9.98691,TRUE,-150.704,0.956849,8.00297,5.914999999999992,9.95164,TRUE,0.0010000000000047748,both,NA
FR-Bil,2023,ENF,ICOS,-487.704,0.952283,4.72047,8.0745,9.35312,TRUE,-483.689,0.950799,4.67461,8.905000000000001,10.0577,TRUE,-4.014999999999986,both,NA
FR-Gri,2021,CRO,ICOS,116.817,0.894521,5.9492,46.299150000000004,46.68,TRUE,101.269,0.901941,6.0695,45.9921,46.3911,TRUE,15.547999999999988,both,NA
FR-Gri,2023,CRO,ICOS,-254.395,0.912728,5.26467,21.966499999999996,22.5884,TRUE,-275.212,0.934132,5.15373,39.535,39.8694,TRUE,20.81699999999998,both,NA
FR-Hes,2002,DBF,ICOS,NA,NA,NA,NA,NA,FALSE,-640.485,0.971005,6.44637,36.099500000000035,36.6707,TRUE,NA,CUT_only,NA
FR-Hes,2004,DBF,ICOS,NA,NA,NA,NA,NA,FALSE,NA,NA,NA,NA,NA,FALSE,NA,neither,no_value
FR-Hes,2017,DBF,ICOS,NA,NA,NA,NA,NA,FALSE,-559.416,0.972774,9.34426,47.93799999999996,48.8403,TRUE,NA,CUT_only,NA
FR-LGt,2021,WET,ICOS,NA,NA,NA,NA,NA,FALSE,NA,NA,NA,NA,NA,FALSE,NA,neither,no_value
FR-LGt,2024,WET,ICOS,NA,NA,NA,NA,NA,FALSE,NA,NA,NA,NA,NA,FALSE,NA,neither,no_value
FR-Pue,2012,EBF,ICOS,-274.147,0.788934,4.02205,20.062500000000014,20.4616,TRUE,-266.851,0.787113,3.92175,20.83699999999999,21.2026,TRUE,-7.295999999999992,both,NA
FR-Pue,2019,EBF,ICOS,-338.441,0.945605,4.82181,16.268,16.9677,TRUE,-334.607,0.939897,4.77194,19.989000000000004,20.5505,TRUE,-3.8339999999999463,both,NA
FR-Pue,2020,EBF,ICOS,-286.304,0.923554,5.14967,57.56200000000001,57.7916,TRUE,-292.701,0.943192,5.1259,38.5145,38.8537,TRUE,6.397000000000048,both,NA
FR-Tou,2025,GRA,ICOS,216.883,0.932363,4.05908,57.142499999999984,57.2868,TRUE,198.266,0.942466,4.04392,56.058499999999995,56.2044,TRUE,18.61700000000002,both,NA
GF-Guy,2004,EBF,ICOS,-128.329,0.984347,18.071,14.0475,22.8887,TRUE,-131.874,0.984347,17.9407,18.433,25.7224,TRUE,3.5449999999999875,both,NA
GF-Guy,2022,EBF,ICOS,20.4871,0.979966,19.4942,17.593115,26.2592,TRUE,6.15916,0.982877,20.3223,14.114335,24.7429,TRUE,14.327940000000002,both,NA
GF-Guy,2025,EBF,ICOS,157.816,0.847089,16.932,5.980000000000004,17.957,TRUE,161.693,0.850285,17.121,10.268500000000003,19.9642,TRUE,-3.8770000000000095,both,NA
IT-BCi,2022,CRO,ICOS,NA,NA,NA,NA,NA,FALSE,NA,NA,NA,NA,NA,FALSE,NA,neither,no_value
IT-Cp2,2025,MF,ICOS,NA,NA,NA,NA,NA,FALSE,NA,NA,NA,NA,NA,FALSE,NA,neither,no_value
IT-MBo,2016,GRA,ICOS,-77.4257,0.942851,5.32644,8.735700000000001,10.2315,TRUE,-85.0187,0.935622,5.0299,15.6573,16.4454,TRUE,7.592999999999989,both,NA
IT-Ren,2003,ENF,ICOS,-764.492,0.869121,8.68978,37.62650000000002,38.6171,TRUE,-787.351,0.845662,9.36679,38.918000000000006,40.0294,TRUE,22.859000000000037,both,NA
IT-Ren,2005,ENF,ICOS,-671.209,0.949543,9.79067,22.750499999999988,24.7679,TRUE,-678.655,0.942523,9.68388,22.563500000000033,24.5537,TRUE,7.446000000000026,both,NA
IT-Ren,2021,ENF,ICOS,NA,NA,NA,NA,NA,FALSE,NA,NA,NA,NA,NA,FALSE,NA,neither,no_value
IT-TrF,2020,DNF,ICOS,-773.665,0.980988,5.46167,12.132499999999993,13.3052,TRUE,-767.386,0.971653,5.27633,24.170500000000004,24.7398,TRUE,-6.278999999999996,both,NA
JP-Api,2001,DBF,ICOS,-212.415,0.952568,8.63116,22.516999999999996,24.1143,TRUE,-198.823,0.935445,8.27112,20.432000000000002,22.0427,TRUE,-13.591999999999985,both,NA
NL-Loo,2000,ENF,ICOS,-228.496,0.941712,7.18292,7.721999999999994,10.5462,TRUE,-232.005,0.949397,7.31267,5.971500000000006,9.44088,TRUE,3.508999999999986,both,NA
NL-Loo,2004,ENF,ICOS,-579.628,0.951047,10.5975,11.78649999999999,15.8501,TRUE,-582.565,0.950706,10.5606,14.098500000000001,17.6151,TRUE,2.937000000000012,both,NA
NL-Loo,2008,ENF,ICOS,-535.289,0.89498,8.30028,56.19399999999999,56.804,TRUE,-529.837,0.896573,8.35815,35.644000000000005,36.6112,TRUE,-5.451999999999998,both,NA
NL-Loo,2014,ENF,ICOS,-544.068,0.90742,9.93544,7.602000000000032,12.5099,TRUE,-548.421,0.905422,9.84471,21.787500000000023,23.9083,TRUE,4.3530000000000655,both,NA
NL-Loo,2017,ENF,ICOS,-1031.25,0.962443,10.9934,53.80600000000004,54.9192,TRUE,-995.555,0.975514,10.7656,28.234500000000025,30.218,TRUE,-35.69500000000005,both,NA
BE-Vie,2009,MF,ICOS,NA,NA,NA,NA,NA,FALSE,NA,NA,NA,NA,NA,FALSE,NA,neither,no_value
CZ-BK1,2018,ENF,ICOS,-825.721,0.869749,9.1973,20.648000000000025,22.6037,TRUE,-822.244,0.897717,9.0157,28.024500000000046,29.4393,TRUE,-3.4769999999999754,both,NA
CZ-Lnz,2024,DBF,ICOS,-515.026,0.981728,8.19421,4.350500000000011,9.27769,TRUE,-513.324,0.977914,8.07489,8.374500000000012,11.6334,TRUE,-1.7019999999999982,both,NA
CZ-wet,2010,WET,ICOS,-188.88,0.934989,3.1486,4.0434999999999945,5.12461,TRUE,-193.35,0.931735,3.09907,17.512,17.784,TRUE,4.469999999999999,both,NA
DE-Gri,2015,GRA,ICOS,-87.1856,0.965639,5.94124,7.08925,9.24967,TRUE,-87.1856,0.965639,5.94124,18.23585,19.1792,TRUE,0,both,NA
DE-Gwg,2023,GRA,ICOS,NA,NA,NA,NA,NA,FALSE,NA,NA,NA,NA,NA,FALSE,NA,neither,no_value
DE-Hte,2016,WET,ICOS,-86.9642,0.863843,9.30085,6.139749999999999,11.1446,TRUE,-91.5028,0.864583,9.47572,5.2468,10.8314,TRUE,4.538599999999988,both,NA
DE-Kli,2023,CRO,ICOS,-244.745,0.919692,7.14121,34.881,35.6046,TRUE,-235.226,0.958904,6.67234,24.372500000000002,25.2696,TRUE,-9.519000000000005,both,NA
DE-RuR,2015,GRA,ICOS,-87.448,0.945377,5.23666,10.0246,11.31,TRUE,-75.1765,0.929795,5.25083,12.93705,13.962,TRUE,-12.271499999999989,both,NA
DE-Tha,2006,ENF,ICOS,-303.845,0.917237,4.87612,9.581999999999994,10.7512,TRUE,-303.814,0.917237,4.87538,9.583499999999987,10.7525,TRUE,-0.03100000000000591,both,NA
DE-Tha,2022,ENF,ICOS,-513.791,0.979053,7.23907,25.740499999999997,26.739,TRUE,-485.065,0.981849,7.14472,21.333999999999975,22.4988,TRUE,-28.726000000000056,both,NA
FI-Hyy,2004,ENF,ICOS,-214.746,0.96579,3.50325,2.8970000000000056,4.54581,TRUE,-218.747,0.95913,3.51943,2.4724999999999966,4.30094,TRUE,4.001000000000005,both,NA
FI-Hyy,2010,ENF,ICOS,-191.046,0.889441,4.18486,4.9820000000000135,6.50664,TRUE,-191.632,0.888413,4.20463,5.647000000000006,7.0404,TRUE,0.5860000000000127,both,NA
FI-Hyy,2011,ENF,ICOS,-267.837,0.948516,6.16585,5.682000000000016,8.38492,TRUE,-271.309,0.94726,6.01725,13.359499999999997,14.6519,TRUE,3.472000000000037,both,NA
FI-Hyy,2013,ENF,ICOS,-250.127,0.992637,4.15557,6.430000000000007,7.65615,TRUE,-244.086,0.991495,4.1085,8.384499999999989,9.33707,TRUE,-6.040999999999997,both,NA
FI-Hyy,2015,ENF,ICOS,-275.108,0.992295,4.17101,10.496999999999986,11.2952,TRUE,-267.966,0.988927,4.09214,12.119500000000016,12.7917,TRUE,-7.141999999999996,both,NA
FI-Ken,2025,ENF,ICOS,21.6395,0.910674,2.19412,14.658047,14.8214,TRUE,10.8292,0.944064,2.23069,11.673585000000001,11.8848,TRUE,10.810300000000002,both,NA
FR-Aur,2025,CRO,ICOS,-239.017,0.998231,NA,2.360500000000002,NA,TRUE,-240.86,0.998858,NA,5.594999999999999,NA,TRUE,1.8430000000000177,both,NA
FR-Bil,2025,ENF,ICOS,-464.528,0.87032,6.81403,11.185000000000002,13.0973,TRUE,-460.853,0.857078,6.66019,12.263000000000005,13.9547,TRUE,-3.6750000000000114,both,NA
FR-Gri,2018,CRO,ICOS,NA,NA,NA,NA,NA,FALSE,NA,NA,NA,NA,NA,FALSE,NA,neither,no_value
FR-Hes,2006,DBF,ICOS,NA,NA,NA,NA,NA,FALSE,-487.95,0.973573,6.29739,49.099500000000035,49.5016,TRUE,NA,CUT_only,NA
FR-Pue,2002,EBF,ICOS,-262.915,0.951884,3.6094,28.809499999999986,29.0346,TRUE,-261.029,0.949829,3.57258,30.245500000000007,30.4559,TRUE,-1.886000000000024,both,NA
IT-BCi,2011,CRO,ICOS,NA,NA,NA,NA,NA,FALSE,NA,NA,NA,NA,NA,FALSE,NA,neither,no_value
IT-MBo,2003,GRA,ICOS,-14.4366,0.772146,8.00384,17.181985,18.9547,TRUE,-6.4233,0.786416,8.29856,19.310165,21.0178,TRUE,-8.013300000000001,both,NA
IT-MBo,2005,GRA,ICOS,11.1945,0.991324,6.58667,3.9938906499999995,7.70295,TRUE,5.22326,0.992979,6.75876,4.84509,8.31599,TRUE,5.97124,both,NA
IT-MBo,2011,GRA,ICOS,-161.647,0.957991,6.0395,14.208000000000013,15.4382,TRUE,-176.996,0.950856,5.95713,31.9495,32.5001,TRUE,15.349000000000018,both,NA
IT-MBo,2018,GRA,ICOS,89.0194,0.877911,6.48493,11.510950000000001,13.212,TRUE,82.3801,0.857934,6.32415,16.04185,17.2434,TRUE,6.639300000000006,both,NA
IT-Ren,1999,ENF,ICOS,-317.84,0.838584,5.997,51.311499999999995,51.6611,TRUE,-275.589,0.692009,7.00577,26.319000000000017,27.2355,TRUE,-42.250999999999976,both,NA
IT-Ren,2024,ENF,ICOS,-987.369,0.932548,8.5269,16.372500000000002,18.4583,TRUE,-1011.77,0.923497,8.53408,28.695500000000038,29.9402,TRUE,24.400999999999954,both,NA
IT-Tor,2024,GRA,ICOS,-90.7626,0.917407,4.42812,6.7056499999999986,8.03577,TRUE,-21.8609,0.887921,3.69693,58.797700000000006,58.9138,TRUE,-68.9017,both,NA
JP-Api,2020,DBF,ICOS,-526.921,0.733094,5.58381,90.89500000000001,91.0666,TRUE,-532.872,0.744536,5.68907,62.228999999999985,62.4887,TRUE,5.950999999999908,both,NA
NL-Loo,2024,ENF,ICOS,-151.595,0.994479,5.70399,3.828000000000003,6.86951,TRUE,-151.655,0.994365,5.62219,4.467999999999989,7.1811,TRUE,0.060000000000002274,both,NA
NL-Vkp,2017,GRA,ICOS,-74.0895,0.962215,8.29766,12.51455,15.0155,TRUE,-76.354,0.962329,8.36223,14.140750000000004,16.4283,TRUE,2.264499999999998,both,NA
SE-Svb,2016,ENF,ICOS,-146.499,0.958959,4.10447,5.6845,7.01149,TRUE,-145.572,0.963855,4.10713,3.8940000000000055,5.6596,TRUE,-0.9269999999999925,both,NA
BE-Vie,2008,MF,ICOS,-700.544,0.950934,6.35818,3.514499999999998,7.26508,TRUE,-701.401,0.95025,6.33677,2.8845000000000027,6.96238,TRUE,0.8569999999999709,both,NA
CH-Dav,2004,ENF,ICOS,65.545,0.921505,8.57943,28.136464999999998,29.4154,TRUE,63.3683,0.922302,8.5802600000000009,62.2276,62.8164,TRUE,2.176700000000004,both,NA
CH-Dav,2010,ENF,ICOS,-813.489,0.928025,14.3723,68.043,69.5442,TRUE,-808.97,0.914384,14.5944,66.61599999999999,68.196,TRUE,-4.5190000000000055,both,NA
CH-Dav,2025,ENF,ICOS,-154.861,0.958505,6.42965,27.86850000000001,28.6006,TRUE,-170.25,0.926884,7.63103,66.1795,66.6178,TRUE,15.38900000000001,both,NA
CZ-BK1,2006,ENF,ICOS,-654.515,0.596176,6.74403,17.38549999999998,18.6479,TRUE,-639.483,0.531221,7.32498,10.748999999999967,13.0075,TRUE,-15.032000000000039,both,NA
CZ-BK1,2017,ENF,ICOS,-840.045,0.942979,7.87255,14.235000000000014,16.2669,TRUE,-842.736,0.948687,7.84868,18.287499999999966,19.9007,TRUE,2.691000000000031,both,NA
CZ-BK1,2023,ENF,ICOS,-503.609,0.949543,8.50467,10.486499999999978,13.5016,TRUE,-498.027,0.959247,9.14174,10.768,14.125,TRUE,-5.581999999999994,both,NA
CZ-Lnz,2017,DBF,ICOS,-484.693,0.971689,5.83722,5.3034999999999854,7.88672,TRUE,-483.359,0.978938,6.0363,7.9775000000000205,10.0038,TRUE,-1.3340000000000032,both,NA
CZ-Lnz,2018,DBF,ICOS,-667.63,0.87774,7.60014,12.40949999999998,14.5521,TRUE,-661.313,0.882078,7.90251,17.019999999999982,18.7651,TRUE,-6.317000000000007,both,NA
CZ-Lnz,2023,DBF,ICOS,-511.074,0.979338,8.92833,14.172499999999985,16.7505,TRUE,-515.924,0.972146,8.51498,9.773499999999984,12.9624,TRUE,4.849999999999966,both,NA
CZ-wet,2006,WET,ICOS,NA,NA,NA,NA,NA,FALSE,NA,NA,NA,NA,NA,FALSE,NA,neither,no_value
DE-Amv,2024,WET,ICOS,-22.5169,0.948372,3.0927,7.7322500000000005,8.32784,TRUE,-20.3892,0.947746,3.09104,7.7322,8.32715,TRUE,-2.127700000000001,both,NA
DE-Hte,2014,WET,ICOS,NA,NA,NA,NA,NA,FALSE,NA,NA,NA,NA,NA,FALSE,NA,neither,no_value
DE-Hzd,2025,DBF,ICOS,-220.172,0.942237,6.9989,10.494500000000002,12.6143,TRUE,-272.834,0.967295,7.24207,44.794499999999985,45.376,TRUE,52.662000000000006,both,NA
DE-Kli,2013,CRO,ICOS,NA,NA,NA,NA,NA,FALSE,NA,NA,NA,NA,NA,FALSE,NA,neither,no_value
DE-Kli,2019,CRO,ICOS,15.8364,0.966495,4.22986,3.785400000000001,5.67635,TRUE,20.4149,0.94766,4.17276,4.653100000000001,6.25006,TRUE,-4.5785,both,NA
DE-RuR,2013,GRA,ICOS,-86.2767,0.908048,4.67398,10.524650000000001,11.5159,TRUE,-99.3632,0.892751,4.68784,9.619700000000002,10.7013,TRUE,13.086500000000001,both,NA
DE-RuS,2019,CRO,ICOS,-257.471,0.969463,3.91296,9.958500000000015,10.6996,TRUE,-260.42,0.963242,3.85244,10.827500000000015,11.4923,TRUE,2.9490000000000123,both,NA
ES-LMa,2021,SAV,ICOS,8.66442,0.941667,4.21176,12.234499999999999,12.9392,TRUE,5.86826,0.938299,4.16634,11.737925,12.4554,TRUE,2.7961599999999995,both,NA
FI-Hyy,2001,ENF,ICOS,-186,0.922089,3.23007,3.316999999999993,4.62971,TRUE,-186.896,0.921575,3.22196,3.916499999999999,5.07159,TRUE,0.8959999999999866,both,NA
FI-Hyy,2019,ENF,ICOS,-223.039,0.90645,3.09562,6.149500000000003,6.88452,TRUE,-222.368,0.918436,3.2285,5.263999999999996,6.17488,TRUE,-0.6709999999999923,both,NA
FR-Aur,2017,CRO,ICOS,-264.656,0.980137,4.58329,3.880500000000012,6.00541,TRUE,-265.621,0.978767,4.54601,7.526499999999999,8.79303,TRUE,0.964999999999975,both,NA
FR-Aur,2021,CRO,ICOS,-236.267,0.953196,4.01439,13.337000000000003,13.9283,TRUE,-238.573,0.953539,4.03697,17.771,18.2238,TRUE,2.3060000000000116,both,NA
FR-Bil,2019,ENF,ICOS,-199.713,0.969235,5.63683,8.400499999999994,10.1164,TRUE,-200.961,0.969178,5.63683,9.096999999999994,10.7017,TRUE,1.2480000000000189,both,NA
FR-Bil,2020,ENF,ICOS,-418.233,0.950023,6.17931,16.246499999999997,17.3822,TRUE,-417.415,0.949795,6.17881,14.852000000000004,16.086,TRUE,-0.8179999999999836,both,NA
FR-Gri,2004,CRO,ICOS,NA,NA,NA,NA,NA,FALSE,NA,NA,NA,NA,NA,FALSE,NA,neither,no_value
FR-Gri,2012,CRO,ICOS,-318.097,0.838058,8.42028,34.83100000000002,35.8347,TRUE,-274.905,0.821266,10.7334,40.238,41.6448,TRUE,-43.19200000000001,both,NA
FR-Gri,2017,CRO,ICOS,-46.2626,0.942808,4.26942,26.680299999999995,27.0198,TRUE,-47.2901,0.943436,4.28259,34.43055,34.6959,TRUE,1.0275000000000034,both,NA
FR-Hes,2000,DBF,ICOS,NA,NA,NA,NA,NA,FALSE,NA,NA,NA,NA,NA,FALSE,NA,neither,no_value
FR-Hes,2018,DBF,ICOS,NA,NA,NA,NA,NA,FALSE,-423.806,0.983333,10.2278,32.04150000000001,33.6346,TRUE,NA,CUT_only,NA
FR-Hes,2023,DBF,ICOS,NA,NA,NA,NA,NA,FALSE,-429.466,0.946918,8.45762,42.95099999999999,43.776,TRUE,NA,CUT_only,NA
FR-Pue,2013,EBF,ICOS,-202.099,0.957877,3.25013,3.2704999999999984,4.61084,TRUE,-191.687,0.942123,3.18902,6.063500000000005,6.85119,TRUE,-10.411999999999978,both,NA
FR-Pue,2018,EBF,ICOS,-236.11,0.951084,4.76989,20.677999999999997,21.2213,TRUE,-227.934,0.948116,4.77943,23.733500000000006,24.2101,TRUE,-8.176000000000016,both,NA
FR-Tou,2020,GRA,ICOS,74.5651,0.953893,4.02831,45.202600000000004,45.3816,TRUE,80.9164,0.950023,4.00909,37.965,38.1759,TRUE,-6.351299999999995,both,NA
FR-Tou,2022,GRA,ICOS,210.374,0.943151,4.05401,31.295500000000004,31.5571,TRUE,210.236,0.943379,4.05467,36.132000000000005,36.3592,TRUE,0.13800000000000523,both,NA
GL-NuF,2024,WET,ICOS,NA,NA,NA,NA,NA,FALSE,NA,NA,NA,NA,NA,FALSE,NA,neither,no_value
GL-ZaH,2023,GRA,ICOS,NA,NA,NA,NA,NA,FALSE,NA,NA,NA,NA,NA,FALSE,NA,neither,no_value
IT-BCi,2004,CRO,ICOS,NA,NA,NA,NA,NA,FALSE,NA,NA,NA,NA,NA,FALSE,NA,neither,no_value
IT-BCi,2013,CRO,ICOS,-73.3483,0.934589,7.42992,20.668499999999998,21.9634,TRUE,-69.572,0.926826,7.64888,36.31405,37.1109,TRUE,-3.776299999999992,both,NA
IT-BCi,2017,CRO,ICOS,242.584,0.690468,19.4189,38.99950000000001,43.5664,TRUE,245.017,0.686701,19.4448,37.12350000000001,41.9079,TRUE,-2.4329999999999927,both,NA
IT-Cp2,2016,MF,ICOS,NA,NA,NA,NA,NA,FALSE,NA,NA,NA,NA,NA,FALSE,NA,neither,no_value
IT-Lsn,2019,OSH,ICOS,135.553,0.915811,3.25262,3.5294999999999987,4.7998,TRUE,134.094,0.917352,3.25843,3.6894999999999953,4.92257,TRUE,1.4590000000000032,both,NA
IT-MBo,2009,GRA,ICOS,29.7666,0.900114,6.5997,7.751799999999999,10.1807,TRUE,23.0256,0.889726,6.31475,16.90016,18.0414,TRUE,6.741,both,NA
IT-Niv,2019,GRA,ICOS,NA,NA,NA,NA,NA,FALSE,NA,NA,NA,NA,NA,FALSE,NA,neither,no_value
IT-Ren,2013,ENF,ICOS,-579.784,0.889098,6.5152,84.97649999999999,85.2257,TRUE,-569.418,0.914612,6.47111,100.89949999999999,101.107,TRUE,-10.365999999999985,both,NA
IT-Ren,2025,ENF,ICOS,-953.768,0.940411,7.35451,13.164500000000032,15.0799,TRUE,-952.111,0.915297,7.21986,43.18149999999997,43.7794,TRUE,-1.657000000000039,both,NA
IT-SR2,2022,ENF,ICOS,-163.006,0.923973,7.65594,12.670000000000002,14.8038,TRUE,-168.559,0.944806,7.62813,24.825000000000003,25.9705,TRUE,5.552999999999997,both,NA
IT-Tor,2016,GRA,ICOS,-52.4022,0.913138,3.58753,14.309750000000001,14.7526,TRUE,-52.4959,0.917236,3.58272,34.316950000000006,34.5035,TRUE,0.09369999999999834,both,NA
IT-Tor,2020,GRA,ICOS,-233.678,0.953552,4.0417,73.50399999999999,73.6148,TRUE,-257.71,0.966929,4.16937,82.7035,82.8085,TRUE,24.031999999999982,both,NA
IT-TrF,2018,DNF,ICOS,-890.741,0.91621,5.96977,32.63749999999999,33.1791,TRUE,-884.976,0.91621,5.9815,27.88050000000004,28.5152,TRUE,-5.764999999999986,both,NA
JP-Api,2006,DBF,ICOS,-245.838,0.944007,6.84849,33.2795,33.9769,TRUE,-240.116,0.930708,6.73695,33.1095,33.7879,TRUE,-5.72199999999998,both,NA
JP-Api,2013,DBF,ICOS,-278.94,0.947317,6.87073,17.257499999999993,18.5747,TRUE,-278.435,0.942409,6.85968,39.431,40.0234,TRUE,-0.5049999999999955,both,NA
JP-Api,2016,DBF,ICOS,-387.69,0.944615,6.59835,42.85250000000002,43.3576,TRUE,-403.714,0.958276,6.71237,45.92699999999999,46.4151,TRUE,16.024,both,NA
NL-Loo,1997,ENF,ICOS,-304.5,0.955365,7.15145,3.3019999999999925,7.87687,TRUE,-300.157,0.957534,7.16397,4.142499999999984,8.27559,TRUE,-4.343000000000018,both,NA
NL-Loo,2007,ENF,ICOS,-423.318,0.986929,8.36555,26.792,28.0678,TRUE,-407.391,0.989384,8.55275,19.233000000000004,21.0491,TRUE,-15.926999999999964,both,NA
NL-Loo,2009,ENF,ICOS,-657.493,0.933733,8.78824,55.85149999999999,56.5389,TRUE,-635.074,0.938584,8.91908,23.420500000000004,25.0612,TRUE,-22.419000000000096,both,NA
ZM-Mon,2008,DBF,ICOS,53.7136,0.95987,5.30567,14.655099999999997,15.5861,TRUE,53.8959,0.959813,5.30767,14.717999999999996,15.6459,TRUE,-0.1822999999999979,both,NA
BE-Maa,2022,CSH,ICOS,32.789,0.97226,2.13941,2.6010500000000008,3.36787,TRUE,30.7727,0.974886,2.2224,3.3368,4.00916,TRUE,2.016300000000001,both,NA
BE-Vie,2010,MF,ICOS,-368.463,0.906507,7.11155,9.611499999999978,11.9563,TRUE,-364.137,0.915582,7.46719,9.46950000000001,12.0594,TRUE,-4.326000000000022,both,NA
BE-Vie,2015,MF,ICOS,-444.065,0.948916,6.69605,12.938999999999993,14.5687,TRUE,-447.085,0.946404,6.7129200000000004,6.1815,9.12562,TRUE,3.019999999999982,both,NA
CH-Dav,2005,ENF,ICOS,-293.742,0.916895,8.46857,35.837999999999994,36.8249,TRUE,-256.27,0.911473,8.60627,45.50449999999999,46.311,TRUE,-37.47200000000004,both,NA
CH-Dav,2021,ENF,ICOS,-140.37,0.928082,6.32189,32.185500000000005,32.8004,TRUE,-143.932,0.848916,6.67322,43.870999999999995,44.3757,TRUE,3.5619999999999834,both,NA
CH-Dav,2023,ENF,ICOS,-94.8219,0.929452,7.13718,39.86705,40.5008,TRUE,-60.21,0.875685,6.58788,92.09705000000001,92.3321,TRUE,-34.6119,both,NA
CZ-BK1,2013,ENF,ICOS,-845.23,0.851998,8.70715,4.7964999999999804,9.9409,TRUE,-839.783,0.834018,8.3558,13.896999999999991,16.2157,TRUE,-5.447000000000003,both,NA
CZ-Lnz,2022,DBF,ICOS,NA,NA,NA,NA,NA,FALSE,NA,NA,NA,NA,NA,FALSE,NA,neither,no_value
DE-Amv,2023,WET,ICOS,102.207,0.912043,2.45394,4.081499999999998,4.76253,TRUE,101.103,0.914612,2.47917,2.9584500000000062,3.8599,TRUE,1.1039999999999992,both,NA
DE-Gri,2014,GRA,ICOS,-52.2993,0.953311,4.81671,14.087350000000004,14.888,TRUE,-52.2993,0.953311,4.81671,20.03475,20.6056,TRUE,0,both,NA
DE-Har,2020,ENF,ICOS,-161.152,0.893898,5.59852,15.127499999999998,16.1302,TRUE,-161.86,0.906535,5.85233,15.27300000000001,16.3556,TRUE,0.7080000000000268,both,NA
DE-Kli,2004,CRO,ICOS,NA,NA,NA,NA,NA,FALSE,NA,NA,NA,NA,NA,FALSE,NA,neither,no_value
DE-Kli,2005,CRO,ICOS,-38.1071,0.829852,4.15901,5.664550000000002,7.02742,TRUE,-28.298,0.883733,3.99877,7.742400000000002,8.71408,TRUE,-9.809100000000004,both,NA
DE-Tha,2011,ENF,ICOS,-469.996,0.981678,4.882,10.087999999999994,11.2071,TRUE,-469.996,0.981678,4.882,7.891499999999979,9.27927,TRUE,0,both,NA
DE-Tha,2015,ENF,ICOS,-492.532,0.988813,4.50836,4.310000000000002,6.23708,TRUE,-492.532,0.988813,4.50836,7.407499999999999,8.67159,TRUE,0,both,NA
DE-Tha,2023,ENF,ICOS,-635.651,0.968037,6.44035,12.706000000000017,14.2451,TRUE,-630.721,0.978025,6.54588,11.906999999999982,13.5874,TRUE,-4.92999999999995,both,NA
DK-RCW,2025,DBF,ICOS,-212.739,0.987043,3.3587,16.4225,16.762,TRUE,-215.464,0.989212,3.38261,14.986000000000004,15.3629,TRUE,2.7249999999999943,both,NA
ES-LMa,2025,SAV,ICOS,7.92968,0.932763,4.58852,21.223351700000002,21.7137,TRUE,9.25114,0.933219,4.60233,21.4995415,21.9866,TRUE,-1.3214599999999992,both,NA
FI-Hyy,2000,ENF,ICOS,NA,NA,NA,NA,NA,FALSE,NA,NA,NA,NA,NA,FALSE,NA,neither,no_value
FI-Ken,2023,ENF,ICOS,-69.6639,0.646804,3.67598,17.276850000000003,17.6636,TRUE,-61.8561,0.685388,3.56265,10.599449999999997,11.1822,TRUE,-7.8078,both,NA
FI-Var,2016,ENF,ICOS,26.145,0.998805,NA,8.634899999999998,NA,TRUE,29.5843,0.998748,NA,10.806199999999999,NA,TRUE,-3.4392999999999994,both,NA
FI-Var,2017,ENF,ICOS,38.5449,0.997317,2.55999,8.16895,8.56066,TRUE,42.8228,0.996461,2.54617,9.55875,9.89204,TRUE,-4.2779000000000025,both,NA
FI-Var,2021,ENF,ICOS,-10.6173,0.984361,4.75899,13.769425,14.5686,TRUE,-9.61138,0.983676,4.77208,7.39141,8.79805,TRUE,-1.0059199999999997,both,NA
FR-Aur,2009,CRO,ICOS,-125.687,0.811187,8.0353,28.554499999999997,29.6632,TRUE,-246.511,0.721233,7.96781,238.39800000000002,238.531,TRUE,120.824,both,NA
FR-Aur,2020,CRO,ICOS,-3.79318,0.891166,3.75969,9.07235,9.82051,TRUE,-6.24131,0.895606,3.81889,11.01211,11.6555,TRUE,2.4481300000000004,both,NA
FR-Bil,2016,ENF,ICOS,-375.385,0.973474,4.97758,4.795000000000016,6.91153,TRUE,-373.368,0.967896,4.77845,5.8644999999999925,7.56459,TRUE,-2.016999999999996,both,NA
FR-Gri,2024,CRO,ICOS,-373.34,0.874658,4.60664,14.978499999999997,15.671,TRUE,-381.599,0.918204,4.63747,26.22750000000002,26.6339,TRUE,8.259000000000015,both,NA
FR-Gri,2025,CRO,ICOS,-82.1598,0.830422,4.56688,32.2592,32.5809,TRUE,-118.041,0.868208,4.79203,49.934749999999994,50.1641,TRUE,35.88119999999999,both,NA
FR-Mej,2019,GRA,ICOS,-50.9257,0.81855,5.9984,13.969649999999998,15.203,TRUE,-48.7727,0.818779,6.00288,14.146900000000002,15.3678,TRUE,-2.1529999999999987,both,NA
FR-Mej,2020,GRA,ICOS,-37.8649,0.982525,6.81937,6.087999999999999,9.14153,TRUE,-38.6946,0.982867,6.84701,5.71585,8.9192,TRUE,0.8297000000000025,both,NA
FR-Pue,2006,EBF,ICOS,-120.122,0.916724,3.05949,24.283749999999998,24.4757,TRUE,-122.305,0.917123,3.0737,22.582600000000006,22.7909,TRUE,2.183000000000007,both,NA
GF-Guy,2008,EBF,ICOS,-249.761,0.989982,17.0421,28.710000000000008,33.3867,TRUE,-247.031,0.991462,17.4433,11.436000000000007,20.8578,TRUE,-2.7299999999999898,both,NA
GF-Guy,2017,EBF,ICOS,-254.576,0.990696,24.8945,39.354,46.5671,TRUE,-234.862,0.993094,25.2432,32.0185,40.7725,TRUE,-19.714,both,NA
GF-Guy,2021,EBF,ICOS,-7.7329,0.985046,19.4822,16.15934,25.3116,TRUE,-7.24702,0.9875,19.9969,16.15934,25.7099,TRUE,-0.48587999999999987,both,NA
IE-Cra,2022,WET,ICOS,NA,NA,NA,NA,NA,FALSE,NA,NA,NA,NA,NA,FALSE,NA,neither,no_value
IT-Lsn,2025,OSH,ICOS,-42.3894,0.933619,3.94622,15.3336,15.8332,TRUE,-37.1032,0.933219,3.93809,16.5315,16.9941,TRUE,-5.286200000000001,both,NA
IT-Ren,2006,ENF,ICOS,-569.49,0.736301,11.6233,163.175,163.589,TRUE,-567.756,0.737158,11.6343,127.60999999999999,128.139,TRUE,-1.7340000000000373,both,NA
IT-Ren,2007,ENF,ICOS,-629.985,0.903482,8.69228,114.0865,114.417,TRUE,-527.569,0.83379,8.00537,107.543,107.841,TRUE,-102.41600000000005,both,NA
IT-Ren,2014,ENF,ICOS,-691.169,0.902797,7.35786,39.56899999999996,40.2472,TRUE,-708.642,0.926826,7.38874,55.709,56.1967,TRUE,17.47300000000007,both,NA
IT-Ren,2015,ENF,ICOS,NA,NA,NA,NA,NA,FALSE,NA,NA,NA,NA,NA,FALSE,NA,neither,no_value
IT-SR2,2014,ENF,ICOS,-61.4359,0.980879,11.7457,20.907249999999998,23.9807,TRUE,-81.4947,0.976598,11.5335,55.75035,56.931,TRUE,20.058799999999998,both,NA
IT-SR2,2015,ENF,ICOS,-300.36,0.94766,10.6285,45.45049999999999,46.6766,TRUE,-302.316,0.947831,10.5018,47.35599999999998,48.5066,TRUE,1.9559999999999604,both,NA
IT-Tor,2010,GRA,ICOS,44.9953,0.898459,3.44401,56.385419999999996,56.4907,TRUE,45.0211,0.898459,3.44401,52.06711,52.1811,TRUE,-0.025799999999996714,both,NA
IT-Tor,2013,GRA,ICOS,-18.8366,0.891039,3.93789,71.1151,71.224,TRUE,-41.4411,0.903995,3.88548,76.46855,76.5673,TRUE,22.604499999999998,both,NA
IT-TrF,2015,DNF,ICOS,-955.939,0.980879,6.13751,12.943500000000029,14.3248,TRUE,-966.149,0.982363,6.2023,12.274000000000001,13.7521,TRUE,10.210000000000036,both,NA
IT-TrF,2017,DNF,ICOS,-930.337,0.967523,5.4579,19.563999999999965,20.311,TRUE,-931.144,0.970034,5.4399,4.9430000000000405,7.35001,TRUE,0.8070000000000164,both,NA
JP-Api,2015,DBF,ICOS,-262.848,0.967295,6.1883,28.081500000000005,28.7553,TRUE,-262.848,0.967295,6.1883,33.95599999999999,34.5151,TRUE,0,both,NA
SE-Svb,2015,ENF,ICOS,-169.417,0.945034,5.18329,4.91449999999999,7.14257,TRUE,-167.112,0.946347,5.23029,4.612500000000011,6.97366,TRUE,-2.305000000000007,both,NA
SE-Svb,2023,ENF,ICOS,-58.231,0.974658,2.11271,6.0018499999999975,6.36286,TRUE,-59.975,0.974658,2.11298,5.977550000000001,6.33999,TRUE,1.7439999999999998,both,NA
ZM-Mon,2009,DBF,ICOS,NA,NA,NA,NA,NA,FALSE,NA,NA,NA,NA,NA,FALSE,NA,neither,no_value
BE-Vie,1999,MF,ICOS,-588.818,0.890753,7.88487,14.214499999999987,16.255,TRUE,-581.886,0.879966,7.62511,20.40700000000004,21.7853,TRUE,-6.932000000000016,both,NA
BE-Vie,2005,MF,ICOS,-444.51,0.950514,6.85236,6.185999999999979,9.23146,TRUE,-451.384,0.947203,6.81268,8.192499999999995,10.6553,TRUE,6.874000000000024,both,NA
CH-Dav,2016,ENF,ICOS,-312.036,0.933003,12.4841,48.58500000000001,50.163,TRUE,-298.567,0.93972,12.2164,49.400000000000006,50.8882,TRUE,-13.468999999999994,both,NA
CH-Dav,2017,ENF,ICOS,-313.144,0.930194,9.90788,53.687,54.5937,TRUE,-285.285,0.948516,9.61601,66.46999999999998,67.1622,TRUE,-27.85899999999998,both,NA
CH-Dav,2022,ENF,ICOS,2.31085,0.953368,7.15845,32.73845,33.5119,TRUE,29.2388,0.90742,7.13069,62.728849999999994,63.1327,TRUE,-26.927950000000003,both,NA
CZ-BK1,2016,ENF,ICOS,-923.918,0.899704,7.70332,24.92149999999998,26.085,TRUE,-916.127,0.892133,7.688,26.689499999999953,27.7747,TRUE,-7.791000000000054,both,NA
CZ-wet,2021,WET,ICOS,-12.6656,0.96992,4.04455,9.5697,10.3893,TRUE,-7.11468,0.970548,4.16762,11.338595,12.0803,TRUE,-5.55092,both,NA
DE-Gri,2011,GRA,ICOS,-159.925,0.904509,3.9705,4.286500000000004,5.84278,TRUE,-159.925,0.904509,3.9705,4.286500000000004,5.84278,TRUE,0,both,NA
DE-Gwg,2024,GRA,ICOS,318.373,0.870788,12.9923,27.409999999999997,30.3331,TRUE,318.13,0.870788,12.9772,26.7295,29.7134,TRUE,0.242999999999995,both,NA
DE-HoH,2022,DBF,ICOS,-202.652,0.954053,7.30673,7.134,10.2117,TRUE,-204.963,0.952397,7.26337,7.433499999999995,10.393,TRUE,2.311000000000007,both,NA
DE-Hte,2012,WET,ICOS,-237.461,0.886954,10.0213,2.896000000000001,10.4313,TRUE,-238.844,0.886954,10.0189,5.461500000000001,11.4109,TRUE,1.3829999999999814,both,NA
DE-Msr,2020,ENF,ICOS,NA,NA,NA,NA,NA,FALSE,NA,NA,NA,NA,NA,FALSE,NA,neither,no_value
DE-RuS,2011,CRO,ICOS,NA,NA,NA,NA,NA,FALSE,NA,NA,NA,NA,NA,FALSE,NA,neither,no_value
DE-RuS,2017,CRO,ICOS,-572.793,0.907991,4.92394,5.712499999999977,7.54206,TRUE,-569.126,0.918721,4.99362,8.226499999999987,9.62346,TRUE,-3.66700000000003,both,NA
DE-RuS,2021,CRO,ICOS,-594.098,0.935388,5.01593,14.83299999999997,15.658,TRUE,-593.458,0.9371,5.03201,15.703499999999963,16.4901,TRUE,-0.6399999999999864,both,NA
DE-RuS,2025,CRO,ICOS,-440.701,0.948002,5.27934,4.866000000000014,7.17973,TRUE,-440.739,0.947945,5.27838,4.88900000000001,7.19473,TRUE,0.03799999999995407,both,NA
DE-Tha,1998,ENF,ICOS,-464.706,0.886301,5.20997,11.100999999999999,12.2625,TRUE,-464.713,0.886301,5.20987,11.4255,12.5571,TRUE,0.007000000000005002,both,NA
DE-Tha,2012,ENF,ICOS,-499.307,0.988046,4.60249,4.851500000000016,6.68736,TRUE,-499.316,0.988046,4.60251,6.400000000000006,7.88278,TRUE,0.008999999999957708,both,NA
FI-Var,2022,ENF,ICOS,12.4929,0.992466,5.18866,25.808915,26.3253,TRUE,28.4606,0.990297,5.09637,26.589385,27.0734,TRUE,-15.967699999999999,both,NA
FI-Var,2023,ENF,ICOS,-76.3221,0.792352,6.05112,25.128249999999998,25.8466,TRUE,-71.3997,0.789155,6.12645,14.462549999999997,15.7066,TRUE,-4.92240000000001,both,NA
FR-Aur,2005,CRO,ICOS,NA,NA,NA,NA,NA,FALSE,NA,NA,NA,NA,NA,FALSE,NA,neither,no_value
FR-Aur,2014,CRO,ICOS,-254.201,0.935674,4.22001,8.126000000000019,9.15654,TRUE,-256.08,0.938185,4.22567,4.5105000000000075,6.1808,TRUE,1.8789999999999907,both,NA
FR-Gri,2014,CRO,ICOS,-323.51,0.842352,4.08061,26.759000000000015,27.0682,TRUE,-330.651,0.808447,11.0446,24.91149999999999,27.25,TRUE,7.1410000000000196,both,NA
FR-LGt,2022,WET,ICOS,NA,NA,NA,NA,NA,FALSE,NA,NA,NA,NA,NA,FALSE,NA,neither,no_value
GF-Guy,2019,EBF,ICOS,-519.788,0.949486,17.5516,27.571500000000015,32.6843,TRUE,-503.528,0.951484,17.9554,26.90500000000003,32.3463,TRUE,-16.25999999999999,both,NA
GL-Dsk,2022,OSH,ICOS,67.0838,0.910217,1.58172,7.853100000000001,8.0108,TRUE,71.2859,0.886587,1.57288,6.60745,6.7921,TRUE,-4.2021000000000015,both,NA
GL-NuF,2021,WET,ICOS,NA,NA,NA,NA,NA,FALSE,NA,NA,NA,NA,NA,FALSE,NA,neither,no_value
GL-ZaH,2025,GRA,ICOS,NA,NA,NA,NA,NA,FALSE,NA,NA,NA,NA,NA,FALSE,NA,neither,no_value
IT-BCi,2005,CRO,ICOS,-348.806,0.932135,10.294,15.173000000000002,18.3354,TRUE,-348.268,0.929795,10.3767,8.865000000000009,13.6478,TRUE,-0.5380000000000109,both,NA
IT-Cp2,2013,MF,ICOS,-614.139,0.951712,7.52907,26.872000000000014,27.9067,TRUE,-609.906,0.952454,7.59604,26.886000000000024,27.9383,TRUE,-4.233000000000061,both,NA
IT-Cp2,2021,MF,ICOS,NA,NA,NA,NA,NA,FALSE,NA,NA,NA,NA,NA,FALSE,NA,neither,no_value
IT-Lsn,2017,OSH,ICOS,-1.23774,0.972888,3.20437,10.35435,10.8389,TRUE,-2.24754,0.974201,3.22856,7.531395,8.19425,TRUE,1.0097999999999998,both,NA
IT-Lsn,2020,OSH,ICOS,NA,NA,NA,NA,NA,FALSE,NA,NA,NA,NA,NA,FALSE,NA,neither,no_value
IT-MBo,2008,GRA,ICOS,-83.7511,0.89424,6.6229,8.106850000000001,10.4682,TRUE,-84.5315,0.896744,6.62086,7.751350000000002,10.1941,TRUE,0.7804000000000002,both,NA
IT-MBo,2025,GRA,ICOS,-27.4929,0.904053,3.7421,1.8923500000000004,4.19338,TRUE,-27.0244,0.919007,3.8024,4.356349999999999,5.7824,TRUE,-0.4684999999999988,both,NA
IT-Ren,2011,ENF,ICOS,-922.23,0.920662,10.8525,68.51500000000004,69.3694,TRUE,-949.06,0.893094,11.4121,71.1445,72.0541,TRUE,26.829999999999927,both,NA
IT-Ren,2012,ENF,ICOS,-689.236,0.850467,8.13255,45.80150000000003,46.518,TRUE,-679.698,0.849214,8.09838,64.3055,64.8135,TRUE,-9.538000000000011,both,NA
IT-Ren,2023,ENF,ICOS,-1333.72,0.585674,9.74276,315.1285,315.281,TRUE,-1199.88,0.583162,9.56166,458.49999999999994,458.6,TRUE,-133.83999999999992,both,NA
IT-SR2,2024,ENF,ICOS,NA,NA,NA,NA,NA,FALSE,NA,NA,NA,NA,NA,FALSE,NA,neither,no_value
IT-Tor,2009,GRA,ICOS,117.647,0.785616,4.07086,48.56575000000001,48.7359,TRUE,117.491,0.78105,4.12385,40.581900000000005,40.7911,TRUE,0.1560000000000059,both,NA
IT-Tor,2012,GRA,ICOS,129.793,0.930783,3.2367,31.062799999999996,31.2309,TRUE,116.628,0.938126,3.2252,30.3429,30.5137,TRUE,13.165000000000006,both,NA
IT-Tor,2014,GRA,ICOS,-54.1874,0.930993,3.86423,49.208099999999995,49.3596,TRUE,-53.1444,0.939726,3.90248,52.92375,53.0672,TRUE,-1.0429999999999993,both,NA
IT-Tor,2021,GRA,ICOS,-186.089,0.951998,3.84318,38.971500000000006,39.1605,TRUE,-200.691,0.959475,3.77849,48.637,48.7835,TRUE,14.602000000000004,both,NA
IT-TrF,2024,DNF,ICOS,-1005.06,0.957593,5.76824,9.750999999999976,11.3304,TRUE,-1012.21,0.959244,5.82285,9.447500000000048,11.0971,TRUE,7.150000000000091,both,NA
JP-Api,2003,DBF,ICOS,-368.462,0.963014,8.02894,15.58450000000002,17.531,TRUE,-353.441,0.944692,7.84077,15.200000000000017,17.1031,TRUE,-15.021000000000015,both,NA
JP-Api,2009,DBF,ICOS,-203.806,0.965982,5.68839,20.957000000000008,21.7152,TRUE,-220.853,0.947317,5.80316,33.751000000000005,34.2463,TRUE,17.046999999999997,both,NA
NL-Loo,2002,ENF,ICOS,-446.664,0.980365,8.96681,11.45399999999998,14.5464,TRUE,-435.589,0.98476,9.10147,14.593000000000018,17.1988,TRUE,-11.074999999999989,both,NA
NL-Vkp,2025,GRA,ICOS,-35.7074,0.970719,8.5618,31.792247,32.9249,TRUE,-30.3478,0.970434,8.45037,31.063570000000002,32.1925,TRUE,-5.3596,both,NA
SE-Svb,2014,ENF,ICOS,NA,NA,NA,NA,NA,FALSE,NA,NA,NA,27.663999999999987,NA,FALSE,NA,neither,no_value
BE-Maa,2019,CSH,ICOS,NA,NA,NA,NA,NA,FALSE,NA,NA,NA,NA,NA,FALSE,NA,neither,no_value
BE-Maa,2020,CSH,ICOS,7.43279,0.980704,2.03239,3.727585,4.24564,TRUE,8.20787,0.981102,2.04406,3.671015,4.20174,TRUE,-0.77508,both,NA
BE-Vie,2024,MF,ICOS,-271.575,0.9375,6.93367,14.888999999999996,16.4244,TRUE,-255.828,0.928279,7.11034,14.979000000000013,16.581,TRUE,-15.746999999999986,both,NA
CH-Dav,2001,ENF,ICOS,-169.153,0.906221,11.7842,91.331,92.088,TRUE,-147.068,0.900913,11.9995,113.6595,114.292,TRUE,-22.08499999999998,both,NA
CH-Dav,2014,ENF,ICOS,-985.785,0.935674,12.6398,95.1875,96.023,TRUE,-986.087,0.924429,12.686,88.68700000000001,89.5894,TRUE,0.3020000000000209,both,NA
CZ-BK1,2014,ENF,ICOS,-1082.15,0.965753,5.82386,21.800000000000068,22.5654,TRUE,-1097.81,0.941324,5.60602,36.90000000000009,37.321,TRUE,15.659999999999854,both,NA
CZ-Lnz,2016,DBF,ICOS,-507.837,0.95913,6.24683,11.888500000000022,13.4295,TRUE,-506.812,0.969718,6.27335,10.811499999999995,12.5,TRUE,-1.0249999999999773,both,NA
CZ-wet,2008,WET,ICOS,-75.1989,0.96949,3.09246,2.879799999999996,4.22572,TRUE,-79.9642,0.968352,3.04376,5.573050000000002,6.3501,TRUE,4.7653000000000105,both,NA
CZ-wet,2013,WET,ICOS,33.8881,0.938584,3.64701,46.527,46.6697,TRUE,66.1302,0.947888,3.84041,27.7767,28.0409,TRUE,-32.2421,both,NA
CZ-wet,2014,WET,ICOS,77.0948,0.927854,2.82325,18.1402,18.3584,TRUE,93.0089,0.958961,3.29715,11.370149999999995,11.8385,TRUE,-15.91409999999999,both,NA
CZ-wet,2019,WET,ICOS,184.663,0.969463,4.02464,10.569999999999993,11.3103,TRUE,180.412,0.973687,4.74382,24.599500000000006,25.0525,TRUE,4.251000000000005,both,NA
CZ-wet,2023,WET,ICOS,475.509,0.954167,3.79544,24.74249999999998,25.0318,TRUE,468.637,0.954452,3.88861,25.08699999999999,25.3865,TRUE,6.872000000000014,both,NA
DE-Gri,2004,GRA,ICOS,NA,NA,NA,NA,NA,FALSE,NA,NA,NA,NA,NA,FALSE,NA,neither,no_value
DE-Gri,2007,GRA,ICOS,-98.5627,0.901484,3.78256,1.8724500000000006,4.22066,TRUE,-98.2501,0.916096,3.83812,3.459150000000001,5.16676,TRUE,-0.3126000000000033,both,NA
DE-Gri,2022,GRA,ICOS,-110.806,0.964155,4.79611,16.158899999999996,16.8555,TRUE,-105.224,0.95839,4.68255,14.863999999999997,15.5839,TRUE,-5.581999999999994,both,NA
DE-Hzd,2017,DBF,ICOS,NA,NA,NA,NA,NA,FALSE,NA,NA,NA,NA,NA,FALSE,NA,neither,no_value
DE-Hzd,2024,DBF,ICOS,-177.85,0.912739,15.2888,30.9675,34.536,TRUE,-231.46,0.960553,11.4915,105.16899999999998,105.795,TRUE,53.610000000000014,both,NA
DE-Kli,2007,CRO,ICOS,-51.1327,0.929452,4.00675,28.819650000000003,29.0969,TRUE,-24.088,0.943607,4.09285,23.4937,23.8476,TRUE,-27.0447,both,NA
DE-Kli,2011,CRO,ICOS,-294.653,0.948516,3.68222,3.852499999999992,5.32897,TRUE,-296.485,0.954167,3.68285,4.8065,6.05523,TRUE,1.8319999999999936,both,NA
DE-Msr,2021,ENF,ICOS,NA,NA,NA,NA,NA,FALSE,NA,NA,NA,NA,NA,FALSE,NA,neither,no_value
DE-RuR,2014,GRA,ICOS,-64.9551,0.948516,4.98825,17.637850000000004,18.3296,TRUE,-64.1921,0.94589,4.96891,15.304250000000003,16.0907,TRUE,-0.7630000000000052,both,NA
DE-RuR,2017,GRA,ICOS,-176.844,0.93847,6.14754,6.334500000000006,8.827,TRUE,-177.596,0.926598,6.48947,6.531499999999994,9.20729,TRUE,0.7520000000000095,both,NA
FI-Hyy,2008,ENF,ICOS,-215.313,0.986225,3.34248,3.7849999999999966,5.04954,TRUE,-215.181,0.985883,3.34317,5.088499999999996,6.08853,TRUE,-0.13199999999997658,both,NA
FI-Hyy,2025,ENF,ICOS,-291.547,0.908505,3.19564,5.753499999999974,6.58106,TRUE,-292.62,0.914726,3.27399,3.285500000000013,4.63832,TRUE,1.072999999999979,both,NA
FR-Aur,2010,CRO,ICOS,-382.744,0.94024,8.23212,39.86149999999998,40.7026,TRUE,-417.98,0.908447,8.83313,48.02850000000001,48.834,TRUE,35.23599999999999,both,NA
FR-Aur,2018,CRO,ICOS,5.13538,0.971233,3.69784,2.61036325,4.52637,TRUE,2.9564,0.969635,3.63978,3.8725899999999998,5.3146,TRUE,2.1789799999999997,both,NA
FR-Aur,2024,CRO,ICOS,-153.149,0.998065,NA,24.616499999999988,NA,TRUE,-144.043,0.998179,NA,17.1575,NA,TRUE,-9.105999999999995,both,NA
FR-Bil,2018,ENF,ICOS,-351.974,0.929566,5.76996,19.772500000000008,20.5972,TRUE,-354.256,0.928995,5.73369,18.47,19.3397,TRUE,2.2819999999999823,both,NA
FR-Gri,2005,CRO,ICOS,-271.021,0.972317,4.5385,8.0035000000000025,9.20081,TRUE,-257.717,0.944863,4.54397,13.681500000000014,14.4163,TRUE,-13.30400000000003,both,NA
FR-Hes,2020,DBF,ICOS,NA,NA,NA,NA,NA,FALSE,-282.829,0.917862,8.65036,34.303,35.3773,TRUE,NA,CUT_only,NA
FR-LGt,2025,WET,ICOS,242.579,0.902568,6.18088,13.959999999999994,15.2669,TRUE,244.339,0.89532,5.95235,13.725000000000009,14.9603,TRUE,-1.759999999999991,both,NA
FR-Tou,2019,GRA,ICOS,146.137,0.930879,3.17286,29.095999999999997,29.2687,TRUE,141.623,0.931792,3.16919,28.768,28.9423,TRUE,4.51400000000001,both,NA
GF-Guy,2015,EBF,ICOS,-439.998,0.886301,20.4521,64.31599999999997,67.4898,TRUE,-419.834,0.888927,20.9664,53.62100000000001,57.574,TRUE,-20.163999999999987,both,NA
GL-Dsk,2020,OSH,ICOS,-5.21761,0.988957,1.38945,6.47959,6.62689,TRUE,0.803074,0.974158,1.26658,10.885779999999999,10.9592,TRUE,-6.020683999999999,both,NA
GL-ZaH,2022,GRA,ICOS,NA,NA,NA,NA,NA,FALSE,NA,NA,NA,NA,NA,FALSE,NA,neither,no_value
IT-Lsn,2024,OSH,ICOS,-87.3437,0.9338,5.08407,12.296500000000002,13.3061,TRUE,-85.9824,0.933459,5.06376,12.87435,13.8344,TRUE,-1.3613,both,NA
IT-MBo,2024,GRA,ICOS,NA,NA,NA,NA,NA,FALSE,NA,NA,NA,NA,NA,FALSE,NA,neither,no_value
IT-Noe,2023,CSH,ICOS,-78.3241,0.921347,6.00709,102.94805,103.123,TRUE,-94.8081,0.915868,5.92994,102.8735,103.044,TRUE,16.483999999999995,both,NA
IT-Noe,2024,CSH,ICOS,213.829,0.916382,7.776,25.341499999999996,26.5074,TRUE,218.714,0.924693,8.19908,53.7055,54.3279,TRUE,-4.884999999999991,both,NA
IT-Ren,2002,ENF,ICOS,-665.466,0.873459,7.53739,14.563999999999965,16.3989,TRUE,-662.086,0.852797,7.19192,13.584499999999991,15.3709,TRUE,-3.3799999999999955,both,NA
IT-Ren,2020,ENF,ICOS,-602.295,0.643898,6.25532,48.96199999999999,49.3602,TRUE,-633.617,0.689834,6.49773,77.78649999999999,78.0577,TRUE,31.322000000000003,both,NA
IT-SR2,2019,ENF,ICOS,-225.631,0.782306,12.4991,19.572000000000017,23.2224,TRUE,-223.889,0.800628,12.4153,21.60050000000001,24.9146,TRUE,-1.7419999999999902,both,NA
IT-Tor,2015,GRA,ICOS,-86.1456,0.848288,3.35909,25.090799999999994,25.3149,TRUE,-81.2883,0.8504,3.28807,42.016450000000006,42.145,TRUE,-4.857299999999995,both,NA
IT-TrF,2012,DNF,ICOS,NA,NA,NA,NA,NA,FALSE,NA,NA,NA,NA,NA,FALSE,NA,neither,no_value
JP-Api,2014,DBF,ICOS,-305.482,0.969806,6.41991,27.404500000000013,28.1465,TRUE,-294.566,0.961929,6.16694,30.69550000000001,31.3091,TRUE,-10.916000000000054,both,NA
NL-Loo,1999,ENF,ICOS,-303.879,0.726427,7.3669,3.3325000000000102,8.08557,TRUE,-298.282,0.73008,7.34781,5.264499999999998,9.03889,TRUE,-5.597000000000037,both,NA
NL-Loo,2020,ENF,ICOS,-945.291,0.919456,14.1836,30.232000000000028,33.3937,TRUE,-945.8,0.919228,14.3584,29.846499999999992,33.1205,TRUE,0.5089999999999009,both,NA
NL-Vkp,2021,GRA,ICOS,-250.496,0.925057,8.69037,26.766999999999996,28.1423,TRUE,-250.165,0.924715,8.75415,20.239000000000004,22.0512,TRUE,-0.3310000000000173,both,NA
BE-Vie,2000,MF,ICOS,-302.365,0.949795,7.73549,9.757999999999981,12.4519,TRUE,-289.503,0.936305,7.6658,16.79400000000001,18.4604,TRUE,-12.862000000000023,both,NA
CH-Dav,1998,ENF,ICOS,173.09,0.844292,8.99819,90.6769,91.122,TRUE,173.492,0.845491,8.9963,104.0354,104.424,TRUE,-0.4019999999999868,both,NA
CZ-BK1,2019,ENF,ICOS,-160.115,0.94726,10.1676,46.641999999999996,47.7377,TRUE,-230.594,0.967352,8.89128,91.6425,92.0728,TRUE,70.478999999999985,both,NA
CZ-Lnz,2025,DBF,ICOS,-488.069,0.965183,6.59509,7.223000000000013,9.78071,TRUE,-495.814,0.963242,6.53187,9.97399999999999,11.9227,TRUE,7.7450000000000045,both,NA
CZ-wet,2015,WET,ICOS,232.538,0.960388,3.25122,4.834999999999994,5.82674,TRUE,236.382,0.964612,3.33107,3.629000000000005,4.9258,TRUE,-3.843999999999994,both,NA
CZ-wet,2018,WET,ICOS,219.117,0.980537,4.85867,7.180499999999995,8.66963,TRUE,213.082,0.981735,5.02872,8.00500000000001,9.45338,TRUE,6.034999999999997,both,NA
DE-Brs,2023,CRO,ICOS,NA,NA,NA,NA,NA,FALSE,NA,NA,NA,NA,NA,FALSE,NA,neither,no_value
DE-Gri,2009,GRA,ICOS,-120.575,0.836644,3.43073,1.4239999999999995,3.71452,TRUE,-117.301,0.841724,3.52858,2.8125,4.51257,TRUE,-3.274000000000001,both,NA
DE-GsB,2020,GRA,ICOS,189.65,0.966018,5.79374,8.149000000000001,9.99841,TRUE,186.006,0.964139,5.67085,8.382499999999993,10.1204,TRUE,3.6440000000000055,both,NA
DE-GsB,2022,GRA,ICOS,NA,NA,NA,NA,NA,FALSE,NA,NA,NA,NA,NA,FALSE,NA,neither,no_value
DE-GsB,2023,GRA,ICOS,410.824,0.947603,7.59279,28.8425,29.8251,TRUE,398.509,0.948459,7.8716,17.878000000000014,19.5346,TRUE,12.314999999999998,both,NA
DE-HoH,2020,DBF,ICOS,-207.604,0.914162,7.42315,29.533,30.4515,TRUE,-203.072,0.908584,7.15662,31.927999999999997,32.7202,TRUE,-4.532000000000011,both,NA
DE-Hte,2015,WET,ICOS,-235.139,0.987443,9.81951,2.701499999999996,10.1844,TRUE,-236.467,0.991381,9.83981,2.785999999999987,10.2266,TRUE,1.328000000000003,both,NA
DE-Hzd,2015,DBF,ICOS,NA,NA,NA,NA,NA,FALSE,NA,NA,NA,NA,NA,FALSE,NA,neither,no_value
DE-Hzd,2020,DBF,ICOS,-41.6623,0.679645,6.29919,8.39275,10.4937,TRUE,-58.1247,0.698429,6.73347,43.24835,43.7693,TRUE,16.462399999999995,both,NA
DE-Kli,2015,CRO,ICOS,-60.6842,0.964555,4.31222,2.6319499999999962,5.05196,TRUE,-60.6843,0.964555,4.31221,4.54195,6.26293,TRUE,1.0000000000331966e-4,both,NA
DE-Msr,2025,ENF,ICOS,-749.071,0.983505,18.6612,39.989499999999964,44.129,TRUE,-761.093,0.984932,19.5886,43.571000000000026,47.772,TRUE,12.021999999999935,both,NA
DE-RuR,2012,GRA,ICOS,-269.073,0.844262,4.88563,17.393500000000017,18.0667,TRUE,-265.653,0.849499,4.92547,2.934500000000014,5.73338,TRUE,-3.419999999999959,both,NA
DE-RuR,2018,GRA,ICOS,-201.026,0.920205,5.38651,3.868000000000009,6.63133,TRUE,-200.997,0.909418,5.38288,4.728499999999997,7.16477,TRUE,-0.028999999999996362,both,NA
DE-RuR,2020,GRA,ICOS,-222.542,0.937671,5.18649,4.904000000000011,7.13795,TRUE,-218.819,0.92344,5.42204,6.922499999999999,8.79324,TRUE,-3.723000000000013,both,NA
DE-RuR,2024,GRA,ICOS,-203.679,0.914219,5.9794,9.115499999999997,10.9016,TRUE,-233.744,0.894353,6.34176,24.62700000000001,25.4304,TRUE,30.064999999999998,both,NA
DE-Tha,2008,ENF,ICOS,-480.433,0.974328,5.14659,8.082999999999998,9.58243,TRUE,-482.843,0.975808,5.08561,8.361500000000007,9.78655,TRUE,2.410000000000025,both,NA
DE-Tha,2016,ENF,ICOS,-468.772,0.986794,4.89639,4.6924999999999955,6.78188,TRUE,-468.772,0.986794,4.89645,5.782499999999999,7.57713,TRUE,0,both,NA
DE-Tha,2019,ENF,ICOS,-469.737,0.957135,4.73807,5.534999999999997,7.28597,TRUE,-470.113,0.966381,4.75239,5.349500000000006,7.15559,TRUE,0.37599999999997635,both,NA
FI-Hyy,2005,ENF,ICOS,NA,NA,NA,NA,NA,FALSE,NA,NA,NA,NA,NA,FALSE,NA,neither,no_value
FR-Gri,2006,CRO,ICOS,-277.66,0.973801,4.85771,13.508499999999998,14.3556,TRUE,-265.365,0.936073,5.1667,20.158500000000004,20.8101,TRUE,-12.295000000000016,both,NA
FR-Gri,2009,CRO,ICOS,-512.764,0.854852,9.19427,19.80449999999999,21.8349,TRUE,-480.207,0.80879,8.4429,55.513000000000005,56.151,TRUE,-32.557000000000016,both,NA
FR-Gri,2016,CRO,ICOS,-237.693,0.903005,3.94827,37.128,37.3374,TRUE,-221.696,0.864242,3.90631,40.16749999999999,40.3571,TRUE,-15.997000000000014,both,NA
FR-Gri,2019,CRO,ICOS,-241.223,0.834189,9.14263,43.54950000000001,44.4988,TRUE,-258.421,0.843037,8.73636,38.417000000000016,39.3977,TRUE,17.19799999999998,both,NA
FR-Hes,1997,DBF,ICOS,NA,NA,NA,NA,NA,FALSE,NA,NA,NA,NA,NA,FALSE,NA,neither,no_value
FR-Pue,2000,EBF,ICOS,NA,NA,NA,NA,NA,FALSE,NA,NA,NA,NA,NA,FALSE,NA,neither,no_value
FR-Pue,2004,EBF,ICOS,-355.928,0.914561,3.3011,21.572000000000003,21.8234,TRUE,-355.852,0.914561,3.29962,25.52449999999999,25.7373,TRUE,-0.07600000000002183,both,NA
FR-Pue,2011,EBF,ICOS,-259.356,0.856849,3.47762,24.688999999999993,24.9325,TRUE,-258.706,0.855708,3.47444,23.491000000000014,23.747,TRUE,-0.6499999999999773,both,NA
FR-Pue,2017,EBF,ICOS,-144.131,0.963128,4.35743,40.04195,40.2783,TRUE,-149.042,0.964098,4.35994,34.3985,34.6738,TRUE,4.911000000000001,both,NA
GF-Guy,2005,EBF,ICOS,-119.303,0.898973,20.7604,41.8434,46.7105,TRUE,-117.874,0.898402,20.4921,31.961550000000003,37.9667,TRUE,-1.429000000000002,both,NA
GF-Guy,2023,EBF,ICOS,-8.37182,0.941667,15.5723,9.538215,18.2613,TRUE,-9.63346,0.944292,15.979,4.920540000000001,16.7195,TRUE,1.2616399999999999,both,NA
GL-Dsk,2024,OSH,ICOS,-135.649,0.903745,1.8654,8.866,9.06024,TRUE,-139.591,0.886441,2.16119,9.360000000000007,9.6063,TRUE,3.9420000000000073,both,NA
GL-ZaH,2021,GRA,ICOS,NA,NA,NA,NA,NA,FALSE,NA,NA,NA,NA,NA,FALSE,NA,neither,no_value
IE-Cra,2023,WET,ICOS,NA,NA,NA,NA,NA,FALSE,NA,NA,NA,NA,NA,FALSE,NA,neither,no_value
IT-BFt,2024,DBF,ICOS,72.3208,0.974328,11.5383,54.910565000000005,56.1096,TRUE,47.9129,0.972279,11.0834,70.52885,71.3946,TRUE,24.407900000000005,both,NA
IT-Cp2,2014,MF,ICOS,NA,NA,NA,NA,NA,FALSE,NA,NA,NA,NA,NA,FALSE,NA,neither,no_value
IT-Cp2,2020,MF,ICOS,NA,NA,NA,NA,NA,FALSE,NA,NA,NA,NA,NA,FALSE,NA,neither,no_value
IT-MBo,2013,GRA,ICOS,92.3434,0.883733,5.96425,4.918300000000002,7.73058,TRUE,93.6911,0.871575,5.7637,14.411299999999997,15.5211,TRUE,-1.3477000000000032,both,NA
IT-Niv,2021,GRA,ICOS,NA,NA,NA,NA,NA,FALSE,NA,NA,NA,NA,NA,FALSE,NA,neither,no_value
IT-Ren,2019,ENF,ICOS,-523.223,0.774943,7.80315,134.66,134.886,TRUE,-629.534,0.816438,7.87392,151.578,151.782,TRUE,106.31100000000004,both,NA
IT-SR2,2016,ENF,ICOS,-138.796,0.959927,12.5274,18.259999999999998,22.1443,TRUE,-141.65,0.973588,12.3357,15.235999999999997,19.6036,TRUE,2.8540000000000134,both,NA
IT-Tor,2018,GRA,ICOS,-9.45175,0.922774,4.67696,32.76849,33.1006,TRUE,-44.1677,0.94258,4.11939,45.276755,45.4638,TRUE,34.71595000000001,both,NA
JP-Api,2007,DBF,ICOS,-35.0009,0.960046,5.28345,22.139825000000002,22.7615,TRUE,-18.689,0.952112,5.18853,22.805895,23.3887,TRUE,-16.3119,both,NA
JP-Api,2019,DBF,ICOS,-408.515,0.932591,5.85252,28.22200000000001,28.8224,TRUE,-418.168,0.946404,5.99852,18.002499999999998,18.9758,TRUE,9.65300000000002,both,NA
NL-Loo,2018,ENF,ICOS,-507.931,0.932877,13.1402,81.56599999999997,82.6179,TRUE,-473.431,0.943151,13.2831,18.903500000000008,23.1038,TRUE,-34.5,both,NA
NL-Loo,2019,ENF,ICOS,-630.736,0.588185,14.3403,66.4855,68.0141,TRUE,-592.747,0.658105,14.2667,11.113500000000045,18.0846,TRUE,-37.98900000000003,both,NA
NL-Vkp,2023,GRA,ICOS,-121.224,0.974943,13.3912,31.6545,34.3703,TRUE,-121.311,0.974144,13.3655,27.842499999999994,30.884,TRUE,0.0870000000000033,both,NA
BE-Maa,2025,CSH,ICOS,6.63406,0.965811,2.17791,1.326405,2.55003,TRUE,3.56955,0.97266,2.22097,2.451535,3.30798,TRUE,3.06451,both,NA
BE-Vie,1996,MF,ICOS,NA,NA,NA,NA,NA,FALSE,NA,NA,NA,NA,NA,FALSE,NA,neither,no_value
BE-Vie,2001,MF,ICOS,-509.645,0.963185,6.21689,9.679499999999962,11.5042,TRUE,-516.486,0.954909,6.00045,10.39100000000002,11.999,TRUE,6.841000000000008,both,NA
BE-Vie,2003,MF,ICOS,-675.017,0.881393,5.79031,13.022999999999968,14.2525,TRUE,-675.41,0.876769,5.73193,13.613999999999976,14.7714,TRUE,0.3929999999999154,both,NA
BE-Vie,2006,MF,ICOS,-543.798,0.884475,6.04459,7.710499999999968,9.79761,TRUE,-539.347,0.879281,6.15141,8.154499999999985,10.2147,TRUE,-4.451000000000022,both,NA
BE-Vie,2012,MF,ICOS,-137.959,0.903404,7.737,27.7155,28.775,TRUE,-170.684,0.910747,8.29065,37.1335,38.0479,TRUE,32.724999999999994,both,NA
CD-Ygb,2021,MF,ICOS,NA,NA,NA,NA,NA,FALSE,NA,NA,NA,NA,NA,FALSE,NA,neither,no_value
CH-Dav,2008,ENF,ICOS,-785.812,0.927482,14.3482,72.12950000000001,73.5424,TRUE,-762.743,0.914504,14.8859,96.9305,98.0667,TRUE,-23.06899999999996,both,NA
CH-Dav,2019,ENF,ICOS,-176.746,0.923059,9.05943,101.25399999999999,101.659,TRUE,-132.648,0.945947,8.99307,101.77950000000001,102.176,TRUE,-44.09800000000001,both,NA
CH-Dav,2020,ENF,ICOS,31.9447,0.786714,8.07428,86.03985,86.4181,TRUE,15.9996,0.893215,6.34923,91.8503,92.0695,TRUE,15.945100000000002,both,NA
CZ-BK1,2025,ENF,ICOS,-455.483,0.901598,8.92975,30.881500000000017,32.1464,TRUE,-474.296,0.929053,9.17366,26.649500000000018,28.184,TRUE,18.812999999999988,both,NA
CZ-wet,2011,WET,ICOS,-28.192,0.958276,3.28057,13.169300000000002,13.5717,TRUE,-33.4975,0.953196,3.27687,13.3271,13.724,TRUE,5.305500000000002,both,NA
DE-Brs,2024,CRO,ICOS,-351.297,0.95395,5.46316,30.823999999999984,31.3043,TRUE,-351.297,0.95395,5.46318,30.837000000000018,31.3173,TRUE,0,both,NA
DE-Gri,2005,GRA,ICOS,-76.391,0.840011,3.55123,8.024799999999999,8.77547,TRUE,-83.0603,0.848002,3.61934,7.3917,8.23026,TRUE,6.669299999999993,both,NA
DE-Gri,2012,GRA,ICOS,-101.139,0.962375,4.28529,3.8622000000000014,5.76885,TRUE,-101.139,0.962375,4.28529,5.837200000000003,7.2415,TRUE,0,both,NA
DE-Gri,2016,GRA,ICOS,-138.4,0.970913,5.07532,7.8870000000000005,9.37878,TRUE,-138.4,0.970913,5.07531,8.006,9.47915,TRUE,0,both,NA
DE-Gri,2018,GRA,ICOS,-16.6629,0.953025,3.91026,18.905715,19.3058,TRUE,-16.6629,0.953025,3.91026,20.360515,20.7326,TRUE,0,both,NA
DE-Gri,2023,GRA,ICOS,-177.214,0.965982,6.69017,16.132000000000005,17.4642,TRUE,-177.203,0.965982,6.69017,16.123499999999993,17.4567,TRUE,-0.01099999999999568,both,NA
DE-Hte,2009,WET,ICOS,NA,NA,NA,NA,NA,FALSE,NA,NA,NA,NA,NA,FALSE,NA,neither,no_value
DE-Kli,2012,CRO,ICOS,171.514,0.961179,3.92081,12.21050000000001,12.8244,TRUE,177.776,0.969092,3.854,11.974999999999994,12.5798,TRUE,-6.2620000000000005,both,NA
DE-Kli,2020,CRO,ICOS,-88.5328,0.984973,4.22473,4.685749999999999,6.30907,TRUE,-94.3158,0.97541,4.16089,15.710299999999997,16.2518,TRUE,5.783000000000001,both,NA
DE-Msr,2022,ENF,ICOS,NA,NA,NA,NA,NA,FALSE,NA,NA,NA,NA,NA,FALSE,NA,neither,no_value
DE-RuR,2021,GRA,ICOS,-166.657,0.926826,6.41762,8.990500000000011,11.0463,TRUE,-160.625,0.913185,6.71219,6.737000000000009,9.50999,TRUE,-6.032000000000011,both,NA
DE-RuS,2015,CRO,ICOS,-502.285,0.951027,5.14507,8.363,9.81908,TRUE,-509.667,0.961187,5.19938,4.648500000000013,6.97413,TRUE,7.381999999999948,both,NA
DE-RuS,2022,CRO,ICOS,-247.043,0.941781,3.92096,6.939499999999995,7.97073,TRUE,-246.089,0.946062,3.92364,7.891999999999996,8.81346,TRUE,-0.9540000000000077,both,NA
DE-Tha,1996,ENF,ICOS,NA,NA,NA,NA,NA,FALSE,NA,NA,NA,NA,NA,FALSE,NA,neither,no_value
ES-LMa,2022,SAV,ICOS,140.155,0.892466,3.82132,8.394000000000005,9.22294,TRUE,138.868,0.891895,3.81137,8.509500000000003,9.32442,TRUE,1.2870000000000061,both,NA
ES-LMa,2024,SAV,ICOS,-0.100156,0.952072,5.13516,5.10162,7.23854,TRUE,-0.147698,0.954064,5.15389,5.937355,7.86223,TRUE,0.047542,both,NA
FI-Hyy,2016,ENF,ICOS,-262.711,0.909893,4.74926,3.281000000000006,5.77263,TRUE,-261.281,0.90995,4.69578,3.835499999999996,6.06325,TRUE,-1.4300000000000068,both,NA
FR-Aur,2006,CRO,ICOS,-272.384,0.952626,4.24501,9.21350000000001,10.1443,TRUE,-267.136,0.949486,4.13742,19.607000000000014,20.0387,TRUE,-5.2479999999999905,both,NA
FR-Aur,2016,CRO,ICOS,16.9867,0.9815,3.83584,6.233750000000001,7.31938,TRUE,15.3396,0.980476,3.82264,5.979900000000001,7.09727,TRUE,1.6470999999999982,both,NA
FR-Bil,2017,ENF,ICOS,-439.726,0.953139,5.55449,9.720500000000015,11.1959,TRUE,-442.644,0.945263,5.50654,8.796500000000009,10.3781,TRUE,2.9180000000000064,both,NA
FR-Bil,2021,ENF,ICOS,-578.788,0.938642,5.25534,4.6749999999999545,7.03366,TRUE,-578.297,0.932877,5.20562,4.847500000000025,7.11303,TRUE,-0.49099999999998545,both,NA
FR-Bil,2024,ENF,ICOS,-707.517,0.974727,5.41274,5.791999999999973,7.92759,TRUE,-702.804,0.971027,5.27154,14.566000000000031,15.4907,TRUE,-4.713000000000079,both,NA
FR-Hes,1999,DBF,ICOS,NA,NA,NA,NA,NA,FALSE,-233.042,0.986872,8.04438,34.59299999999999,35.5159,TRUE,NA,CUT_only,NA
FR-Hes,2019,DBF,ICOS,NA,NA,NA,NA,NA,FALSE,-313.252,0.981279,8.97144,37.1465,38.2147,TRUE,NA,CUT_only,NA
FR-Hes,2021,DBF,ICOS,NA,NA,NA,NA,NA,FALSE,NA,NA,NA,NA,NA,FALSE,NA,neither,no_value
FR-Mej,2024,GRA,ICOS,118.465,0.98224,6.51872,5.215999999999994,8.34845,TRUE,117.265,0.984062,6.58324,7.368000000000002,9.88059,TRUE,1.2000000000000028,both,NA
FR-Pue,2009,EBF,ICOS,-296.991,0.909247,3.55329,6.536000000000001,7.43931,TRUE,-296.638,0.904566,3.48677,14.770999999999987,15.1769,TRUE,-0.35300000000000864,both,NA
GF-Guy,2010,EBF,ICOS,-173.558,0.988984,21.4272,34.215,40.3708,TRUE,-187.364,0.990639,21.9395,34.215,40.645,TRUE,13.806000000000012,both,NA
GF-Guy,2014,EBF,ICOS,-57.5716,0.98847,16.6111,24.6957,29.7625,TRUE,-66.7881,0.990411,17.1463,23.678100000000004,29.2345,TRUE,9.216500000000003,both,NA
IT-BCi,2008,CRO,ICOS,-550.139,0.909665,6.07549,36.585500000000025,37.0861,TRUE,-552.312,0.912853,6.07562,32.80799999999999,33.3659,TRUE,2.173000000000002,both,NA
IT-BCi,2019,CRO,ICOS,686.456,0.90234,5.78283,27.27800000000002,27.8839,TRUE,685.936,0.901998,5.77979,41.25200000000001,41.6547,TRUE,0.5199999999999818,both,NA
IT-Lsn,2016,OSH,ICOS,-11.3198,0.90033,3.29455,8.05229,8.70021,TRUE,-13.6112,0.900786,3.34359,7.66248,8.36023,TRUE,2.2913999999999994,both,NA
IT-MBo,2006,GRA,ICOS,-90.0328,0.988242,5.09632,2.801499999999997,5.81557,TRUE,-90.6903,0.990411,5.2308,4.037200000000006,6.60757,TRUE,0.6574999999999989,both,NA
IT-MBo,2017,GRA,ICOS,-30.8409,0.979281,5.56266,2.9062,6.27606,TRUE,-21.0949,0.976142,5.38938,4.08095,6.76014,TRUE,-9.746000000000002,both,NA
IT-Niv,2022,GRA,ICOS,NA,NA,NA,NA,NA,FALSE,NA,NA,NA,NA,NA,FALSE,NA,neither,no_value
IT-Noe,2022,CSH,ICOS,NA,NA,NA,NA,NA,FALSE,NA,NA,NA,NA,NA,FALSE,NA,neither,no_value
IT-Ren,2004,ENF,ICOS,-818.116,0.883026,11.8234,62.56650000000002,63.6739,TRUE,-848.426,0.845401,15.0327,69.31299999999999,70.9241,TRUE,30.31000000000006,both,NA
IT-Ren,2009,ENF,ICOS,-769.433,0.972603,8.22019,84.56900000000002,84.9674,TRUE,-750.885,0.945719,7.989,82.4545,82.8404,TRUE,-18.548000000000002,both,NA
IT-Ren,2017,ENF,ICOS,-646.761,0.897945,9.54436,21.67199999999997,23.6807,TRUE,-664.718,0.920148,8.73711,47.46500000000003,48.2622,TRUE,17.956999999999994,both,NA
IT-SR2,2021,ENF,ICOS,-412.216,0.879852,8.52022,6.835499999999996,10.9232,TRUE,-436.87,0.91621,8.51533,26.652499999999975,27.9799,TRUE,24.653999999999996,both,NA
IT-Tor,2019,GRA,ICOS,-49.1868,0.9375,3.38914,47.286905000000004,47.4084,TRUE,-96.5216,0.948345,3.48124,69.4537,69.5407,TRUE,47.33480000000001,both,NA
IT-Tor,2025,GRA,ICOS,-62.0841,0.909646,3.93089,3.9479499999999987,5.57117,TRUE,-12.3405,0.870605,3.42656,27.86815,28.078,TRUE,-49.7436,both,NA
JP-Api,2004,DBF,ICOS,-190.577,0.948714,8.54848,51.491499999999995,52.1963,TRUE,-145.928,0.932263,8.50481,47.2405,48,TRUE,-44.649,both,NA
JP-Api,2012,DBF,ICOS,-297.959,0.9486,6.45079,16.599500000000006,17.8089,TRUE,-302.565,0.946209,6.33617,19.285499999999985,20.3001,TRUE,4.6059999999999945,both,NA
JP-Api,2021,DBF,ICOS,-171.797,0.913356,4.92293,43.008500000000005,43.2891,TRUE,-163.768,0.925285,5.18773,18.186499999999995,18.9116,TRUE,-8.028999999999996,both,NA
NL-Loo,2016,ENF,ICOS,-519.605,0.795822,16.1482,16.73600000000002,23.2562,TRUE,-481.808,0.794968,15.3497,24.573499999999996,28.9734,TRUE,-37.797000000000025,both,NA
NL-Loo,2021,ENF,ICOS,-610.454,0.835674,14.3908,19.531000000000006,24.2605,TRUE,-608.556,0.838242,14.4894,30.266999999999996,33.5564,TRUE,-1.8979999999999109,both,NA
NL-Vkp,2024,GRA,ICOS,-142.738,0.988502,11.7752,33.217000000000006,35.2426,TRUE,-142.954,0.988843,11.7693,33.2575,35.2783,TRUE,0.21600000000000819,both,NA
SE-Svb,2021,ENF,ICOS,NA,NA,NA,NA,NA,FALSE,NA,NA,NA,NA,NA,FALSE,NA,neither,no_value
SE-Svb,2025,ENF,ICOS,-124.922,0.960046,3.45751,1.5764999999999958,3.79994,TRUE,-124.541,0.959989,3.45607,1.6694999999999993,3.83831,TRUE,-0.3810000000000002,both,NA
BE-Maa,2021,CSH,ICOS,9.68889,0.973288,2.42277,1.5365200000000003,2.86892,TRUE,8.2399,0.975856,2.48175,1.259875,2.78323,TRUE,1.4489900000000002,both,NA
BE-Vie,2021,MF,ICOS,-771.682,0.7625,8.60853,19.34299999999996,21.172,TRUE,-770.449,0.753253,8.63632,20.56450000000001,22.3043,TRUE,-1.233000000000061,both,NA
CD-Ygb,2024,MF,ICOS,132.725,0.910178,112.798,66.6787,131.032,TRUE,133.385,0.909608,113.609,60.23955,128.592,TRUE,-0.6599999999999966,both,NA
CH-Dav,1997,ENF,ICOS,228.471,0.888813,10.1893,114.5168105,114.969,TRUE,229.251,0.894406,10.098,101.2261,101.728,TRUE,-0.7800000000000011,both,NA
CH-Dav,2000,ENF,ICOS,-232.65,0.920879,11.0054,32.757000000000005,34.5566,TRUE,-228.975,0.918887,11.0634,66.57,67.4831,TRUE,-3.6750000000000114,both,NA
CZ-BK1,2011,ENF,ICOS,-1043.74,0.94863,5.31968,27.059999999999945,27.5777,TRUE,-1014.58,0.922945,5.25802,53.886000000000024,54.1406,TRUE,-29.159999999999968,both,NA
CZ-Lnz,2020,DBF,ICOS,-592.031,0.963456,7.82169,27.149,28.2534,TRUE,-593.344,0.959358,7.76282,26.48449999999997,27.5987,TRUE,1.3130000000001019,both,NA
CZ-wet,2020,WET,ICOS,26.5982,0.965107,4.04834,7.52165,8.54191,TRUE,22.2873,0.967782,4.41056,7.300549999999999,8.5294,TRUE,4.3109,both,NA
DE-Gri,2025,GRA,ICOS,-245.215,0.898973,6.00677,45.43000000000001,45.8251,TRUE,-245.215,0.898973,6.00671,46.64500000000001,47.0304,TRUE,0,both,NA
DE-Gwg,2025,GRA,ICOS,210.431,0.838014,8.68817,20.245000000000005,22.0306,TRUE,210.431,0.838014,8.68817,20.245000000000005,22.0306,TRUE,0,both,NA
DE-HoH,2023,DBF,ICOS,-126.177,0.941495,8.70412,8.186499999999995,11.9488,TRUE,-123.696,0.937386,8.69775,7.949999999999996,11.7836,TRUE,-2.4810000000000088,both,NA
DE-Hte,2010,WET,ICOS,NA,NA,NA,NA,NA,FALSE,NA,NA,NA,NA,NA,FALSE,NA,neither,no_value
DE-Hte,2013,WET,ICOS,-137.743,0.856393,8.52802,2.7134999999999962,8.94943,TRUE,-137.394,0.856393,8.53533,8.619,12.13,TRUE,-0.34899999999998954,both,NA
DE-Hzd,2012,DBF,ICOS,NA,NA,NA,NA,NA,FALSE,NA,NA,NA,NA,NA,FALSE,NA,neither,no_value
DE-Kli,2016,CRO,ICOS,-334.379,0.89054,6.37843,4.204999999999984,7.63984,TRUE,-332.008,0.887637,6.45146,7.992500000000007,10.2717,TRUE,-2.3710000000000377,both,NA
DE-Kli,2022,CRO,ICOS,101.378,0.891667,3.14574,52.36145,52.4557,TRUE,104.974,0.914612,3.12685,23.933949999999996,24.1373,TRUE,-3.5960000000000036,both,NA
DE-RuR,2011,GRA,ICOS,NA,NA,NA,NA,NA,FALSE,NA,NA,NA,NA,NA,FALSE,NA,neither,no_value
DE-RuR,2016,GRA,ICOS,-242.679,0.939549,6.11799,16.695999999999998,17.7819,TRUE,-257.279,0.922188,6.45156,24.625,25.456,TRUE,14.599999999999994,both,NA
DE-Tha,2009,ENF,ICOS,-456.22,0.989041,4.78112,3.8499999999999943,6.13834,TRUE,-456.184,0.989041,4.78104,3.748500000000007,6.07516,TRUE,-0.036000000000001364,both,NA
DE-Tha,2010,ENF,ICOS,-483.332,0.97911,4.74307,4.561499999999995,6.58071,TRUE,-479.695,0.980479,4.78323,4.718500000000006,6.71912,TRUE,-3.6370000000000005,both,NA
FI-Hyy,2003,ENF,ICOS,-122.037,0.95839,3.27205,2.6084999999999994,4.18457,TRUE,-119.004,0.956906,3.27417,3.4029999999999987,4.72239,TRUE,-3.0330000000000013,both,NA
FI-Hyy,2022,ENF,ICOS,-193.139,0.87774,3.94586,7.990499999999997,8.91155,TRUE,-187.649,0.898973,3.94358,5.518000000000001,6.78238,TRUE,-5.490000000000009,both,NA
FI-Ken,2024,ENF,ICOS,14.4248,0.735656,2.6305,40.559650000000005,40.6448,TRUE,-8.22384,0.758367,2.57539,22.07235,22.2221,TRUE,22.64864,both,NA
FR-Aur,2007,CRO,ICOS,-71.6461,0.981678,3.49368,3.3766000000000034,4.85873,TRUE,-67.5621,0.973858,3.45831,3.755200000000002,5.10504,TRUE,-4.084000000000003,both,NA
FR-LGt,2017,WET,ICOS,NA,NA,NA,NA,NA,FALSE,NA,NA,NA,NA,NA,FALSE,NA,neither,no_value
FR-LGt,2023,WET,ICOS,NA,NA,NA,NA,NA,FALSE,NA,NA,NA,NA,NA,FALSE,NA,neither,no_value
FR-Mej,2023,GRA,ICOS,210.326,0.978596,7.73936,15.855500000000006,17.6434,TRUE,210.122,0.978995,7.7709,11.441000000000003,13.8303,TRUE,0.2039999999999793,both,NA
FR-Pue,2001,EBF,ICOS,-216.496,0.950856,3.6093,31.143,31.3516,TRUE,-217.045,0.947546,3.57616,30.130499999999998,30.342,TRUE,0.5489999999999782,both,NA
FR-Pue,2010,EBF,ICOS,-177.223,0.873059,3.06166,13.6725,14.0111,TRUE,-172.379,0.87089,3.05378,15.558999999999997,15.8557,TRUE,-4.8440000000000225,both,NA
FR-Pue,2015,EBF,ICOS,-328.19,0.962443,5.61099,28.477499999999992,29.025,TRUE,-302.817,0.953539,5.62474,27.015000000000015,27.5941,TRUE,-25.37299999999999,both,NA
GL-NuF,2019,WET,ICOS,NA,NA,NA,NA,NA,FALSE,NA,NA,NA,NA,NA,FALSE,NA,neither,no_value
GL-NuF,2023,WET,ICOS,NA,NA,NA,NA,NA,FALSE,NA,NA,NA,NA,NA,FALSE,NA,neither,no_value
IT-BCi,2012,CRO,ICOS,-150.295,0.808459,8.28886,7.049000000000007,10.8809,TRUE,-142.661,0.788593,8.77651,31.896299999999997,33.0816,TRUE,-7.633999999999986,both,NA
IT-BFt,2020,DBF,ICOS,-313.984,0.967327,13.860900000000001,144.885,145.546,TRUE,-278.386,0.973645,13.8757,106.61699999999999,107.516,TRUE,-35.597999999999956,both,NA
IT-BFt,2021,DBF,ICOS,-366.004,0.977283,12.6894,71.3485,72.4685,TRUE,-407.107,0.97403,12.7668,101.298,102.099,TRUE,41.10300000000001,both,NA
IT-Cp2,2015,MF,ICOS,NA,NA,NA,NA,NA,FALSE,NA,NA,NA,NA,NA,FALSE,NA,neither,no_value
IT-Cp2,2019,MF,ICOS,-485.446,0.92774,19.795,28.59499999999997,34.7782,TRUE,-502.496,0.927226,19.6605,46.716499999999996,50.6847,TRUE,17.049999999999955,both,NA
IT-MBo,2019,GRA,ICOS,10.6101,0.928196,6.38934,4.517625,7.82514,TRUE,10.1354,0.922032,6.05534,7.089845,9.32378,TRUE,0.47469999999999857,both,NA
IT-SR2,2020,ENF,ICOS,-488.105,0.663081,10.1677,25.688500000000005,27.6272,TRUE,-517.126,0.67862,10.1783,31.55849999999998,33.1593,TRUE,29.020999999999958,both,NA
IT-SR2,2023,ENF,ICOS,-146.659,0.74121,9.02768,35.8985,37.0162,TRUE,-160.473,0.75371,8.78002,33.5085,34.6398,TRUE,13.814000000000021,both,NA
IT-TrF,2019,DNF,ICOS,-708.844,0.986872,5.79,8.708000000000027,10.4573,TRUE,-689.304,0.97968,5.70868,17.759000000000015,18.6544,TRUE,-19.540000000000077,both,NA
IT-TrF,2025,DNF,ICOS,-1048.36,0.874372,6.18977,4.215000000000032,7.48957,TRUE,-1049.31,0.872146,6.14274,4.944999999999936,7.8874,TRUE,0.9500000000000455,both,NA
JP-Api,2000,DBF,ICOS,NA,NA,NA,NA,NA,FALSE,NA,NA,NA,NA,NA,FALSE,NA,neither,no_value
JP-Om2,2023,GRA,ICOS,431.789,0.835388,11.809,17.09450000000001,20.7769,TRUE,433.05,0.847374,10.9894,11.503500000000003,15.909,TRUE,-1.261000000000024,both,NA
NL-Loo,2001,ENF,ICOS,-269.733,0.966495,8.3144,15.252499999999984,17.3714,TRUE,-250.883,0.973059,8.42647,12.963000000000008,15.4612,TRUE,-18.849999999999994,both,NA
NL-Loo,2012,ENF,ICOS,-562.444,0.993852,8.53077,10.105999999999995,13.2254,TRUE,-566.276,0.993966,8.49537,21.415999999999997,23.0392,TRUE,3.8319999999999936,both,NA
NL-Loo,2013,ENF,ICOS,-505.936,0.878253,9.21892,7.749999999999972,12.0439,TRUE,-521.738,0.877397,9.06994,21.52150000000003,23.3543,TRUE,15.802000000000078,both,NA
NL-Loo,2022,ENF,ICOS,-400.303,0.936587,7.8068,18.809500000000014,20.3652,TRUE,-398.184,0.937443,7.81715,24.902500000000003,26.1007,TRUE,-2.1189999999999714,both,NA
NL-Vkp,2015,GRA,ICOS,-39.7725,0.975057,8.9558,14.7297,17.2387,TRUE,-39.5845,0.974772,8.96796,19.1022,21.1025,TRUE,-0.1880000000000024,both,NA
SE-Svb,2018,ENF,ICOS,-91.6537,0.887842,3.79672,21.409749999999995,21.7439,TRUE,-89.5064,0.884247,3.73741,19.993100000000005,20.3396,TRUE,-2.1473000000000013,both,NA
SE-Svb,2024,ENF,ICOS,-108.375,0.955658,3.673,5.241500000000002,6.40027,TRUE,-108.93,0.95321,3.63515,4.0959999999999965,5.47655,TRUE,0.5550000000000068,both,NA
ZM-Mon,2007,DBF,ICOS,NA,NA,NA,NA,NA,FALSE,NA,NA,NA,NA,NA,FALSE,NA,neither,no_value
BE-Vie,2017,MF,ICOS,-356.121,0.976712,7.12583,11.093499999999977,13.1847,TRUE,-365.774,0.954737,6.63358,11.596499999999992,13.3599,TRUE,9.65300000000002,both,NA
CD-Ygb,2022,MF,ICOS,309.487,0.818493,NA,65.52850000000001,NA,TRUE,228.674,0.818151,NA,88.467,NA,TRUE,80.81300000000002,both,NA
CH-Dav,1999,ENF,ICOS,23.2983,0.892922,12.04,41.94843,43.6421,TRUE,26.0019,0.892237,12.087,57.91415,59.162,TRUE,-2.703599999999998,both,NA
CH-Dav,2002,ENF,ICOS,-173.276,0.945263,8.92655,37.2355,38.2905,TRUE,-182.658,0.942523,8.91618,57.7015,58.3859,TRUE,9.381999999999977,both,NA
CH-Dav,2007,ENF,ICOS,-368.437,0.931906,11.5451,39.505000000000024,41.1573,TRUE,-412.802,0.908105,11.5284,35.59100000000001,37.4117,TRUE,44.36500000000001,both,NA
CH-Dav,2015,ENF,ICOS,-683.962,0.935274,12.4214,80.83949999999999,81.7881,TRUE,-661.853,0.938984,12.0694,65.82150000000001,66.919,TRUE,-22.109000000000037,both,NA
CH-Dav,2018,ENF,ICOS,16.9488,0.816324,9.82675,155.56695,155.877,TRUE,-3.08677,0.827797,9.80431,152.80499999999998,153.119,TRUE,20.03557,both,NA
CZ-Lnz,2021,DBF,ICOS,-541.352,0.989155,7.61781,15.824999999999989,17.5632,TRUE,-566.657,0.982477,7.20175,14.873000000000047,16.525,TRUE,25.305000000000064,both,NA
DE-GsB,2017,GRA,ICOS,78.4296,0.96992,6.60009,7.543549999999996,10.0233,TRUE,77.6181,0.970377,6.68179,6.674749999999996,9.4445,TRUE,0.8114999999999952,both,NA
DE-Har,2023,ENF,ICOS,-148.935,0.949201,5.97228,25.933999999999997,26.6125,TRUE,-162.532,0.960616,6.05967,23.3455,24.1189,TRUE,13.597000000000008,both,NA
DE-Har,2025,ENF,ICOS,-314.405,0.868094,7.36741,12.853499999999997,14.815,TRUE,-313.698,0.867751,7.34134,13.769499999999994,15.6045,TRUE,-0.7069999999999936,both,NA
DE-HoH,2017,DBF,ICOS,-411.464,0.961016,7.85857,6.4909999999999854,10.1925,TRUE,-418.05,0.93949800000000006,7.62919,5.856999999999999,9.61804,TRUE,6.586000000000013,both,NA
DE-HoH,2018,DBF,ICOS,-417.698,0.951084,5.01772,8.143999999999977,9.566,TRUE,-407.423,0.935845,4.98745,6.9325000000000045,8.54033,TRUE,-10.274999999999977,both,NA
DE-HoH,2021,DBF,ICOS,-144.003,0.958562,7.64903,9.742999999999995,12.387,TRUE,-139.847,0.957477,7.58997,7.347999999999999,10.564,TRUE,-4.1559999999999775,both,NA
DE-RuR,2019,GRA,ICOS,-113.277,0.919292,5.45593,3.799999999999997,6.64861,TRUE,-113.137,0.91484,5.36127,10.293999999999997,11.606,TRUE,-0.14000000000000057,both,NA
DE-RuS,2023,CRO,ICOS,-595.761,0.829909,4.92942,6.0160000000000196,7.77753,TRUE,-601.689,0.844406,4.93279,5.271999999999991,7.21965,TRUE,5.927999999999997,both,NA
DE-Tha,2024,ENF,ICOS,-703.367,0.953723,6.96238,11.245000000000005,13.2257,TRUE,-702.221,0.955601,6.98814,11.692499999999995,13.6214,TRUE,-1.1459999999999582,both,NA
DK-RCW,2024,DBF,ICOS,-300.135,0.92031,4.45779,17.498999999999995,18.0579,TRUE,-301.195,0.920367,4.45344,17.516999999999996,18.0741,TRUE,1.0600000000000023,both,NA
FI-Hyy,1998,ENF,ICOS,-295.089,0.963128,3.82671,7.336500000000001,8.27448,TRUE,-301.919,0.955251,3.76699,9.106500000000011,9.85489,TRUE,6.829999999999984,both,NA
FR-Aur,2023,CRO,ICOS,-25.2722,0.817009,9.75953,14.294559549999999,17.3085,TRUE,-27.1756,0.817237,9.82611,13.967625,17.0777,TRUE,1.9033999999999978,both,NA
FR-Gri,2011,CRO,ICOS,-637.416,0.846176,7.51575,12.368999999999971,14.4734,TRUE,-618.277,0.79766,8.11268,110.02199999999999,110.321,TRUE,-19.13900000000001,both,NA
FR-Hes,2005,DBF,ICOS,NA,NA,NA,NA,NA,FALSE,-363.682,0.944007,6.45276,23.89099999999999,24.747,TRUE,NA,CUT_only,NA
FR-Hes,2012,DBF,ICOS,NA,NA,NA,NA,NA,FALSE,NA,NA,NA,NA,NA,FALSE,NA,neither,no_value
FR-Hes,2016,DBF,ICOS,NA,NA,NA,NA,NA,FALSE,-422.427,0.973759,9.48684,44.9845,45.974,TRUE,NA,CUT_only,NA
FR-Tou,2023,GRA,ICOS,54.9821,0.920148,4.0338,25.56435,25.8806,TRUE,47.4573,0.930422,4.0735,32.091800000000006,32.3493,TRUE,7.524800000000006,both,NA
GF-Guy,2018,EBF,ICOS,-303.336,0.973973,17.583,41.510999999999996,45.0813,TRUE,-285.378,0.97774,18.1618,33.59100000000001,38.1868,TRUE,-17.958000000000027,both,NA
IE-Cra,2021,WET,ICOS,NA,NA,NA,NA,NA,FALSE,NA,NA,NA,NA,NA,FALSE,NA,neither,no_value
IT-BCi,2010,CRO,ICOS,-343.392,0.953995,5.71546,15.208500000000015,16.2473,TRUE,-342.318,0.953881,5.70617,19.60250000000002,20.4162,TRUE,-1.0740000000000123,both,NA
IT-BCi,2023,CRO,ICOS,NA,NA,NA,NA,NA,FALSE,NA,NA,NA,NA,NA,FALSE,NA,neither,no_value
IT-BFt,2022,DBF,ICOS,-31.4314,0.976998,11.3317,82.88255,83.6536,TRUE,-103.226,0.967808,10.9377,102.491405,103.073,TRUE,71.7946,both,NA
IT-BFt,2023,DBF,ICOS,105.065,0.991438,10.1966,21.904199999999996,24.1614,TRUE,100.351,0.989726,10.0518,41.883449999999996,43.0728,TRUE,4.713999999999999,both,NA
IT-MBo,2020,GRA,ICOS,NA,NA,NA,NA,NA,FALSE,NA,NA,NA,NA,NA,FALSE,NA,neither,no_value
IT-Ren,2000,ENF,ICOS,NA,NA,NA,NA,NA,FALSE,NA,NA,NA,NA,NA,FALSE,NA,neither,no_value
IT-TrF,2016,DNF,ICOS,-991.366,0.871129,7.92484,10.466000000000008,13.1289,TRUE,-996.072,0.871699,7.61586,8.490000000000009,11.4063,TRUE,4.706000000000017,both,NA
IT-TrF,2021,DNF,ICOS,-750.734,0.821804,5.5397,19.58299999999997,20.3512,TRUE,-724.367,0.820377,5.52115,20.557500000000005,21.2857,TRUE,-26.367000000000075,both,NA
NL-Loo,2006,ENF,ICOS,-350.29,0.994121,8.81593,13.285499999999985,15.9444,TRUE,-353.083,0.995548,8.88055,13.124500000000012,15.8468,TRUE,2.7930000000000064,both,NA
NL-Loo,2015,ENF,ICOS,-508.811,0.74121,9.31328,3.535500000000013,9.96181,TRUE,-516.433,0.738014,9.28577,13.290500000000009,16.213,TRUE,7.622000000000014,both,NA
BE-Maa,2017,CSH,ICOS,-19.8002,0.981221,1.93613,1.5487000000000002,2.47933,TRUE,-20.0359,0.982363,1.95271,2.8469999999999995,3.45235,TRUE,0.23570000000000135,both,NA
BE-Maa,2018,CSH,ICOS,NA,NA,NA,NA,NA,FALSE,NA,NA,NA,NA,NA,FALSE,NA,neither,no_value
BE-Vie,2011,MF,ICOS,-184.887,0.930822,7.34503,5.9565000000000055,9.45676,TRUE,-179.663,0.936815,7.35607,16.368499999999997,17.9457,TRUE,-5.2239999999999895,both,NA
BE-Vie,2020,MF,ICOS,-451.689,0.920993,6.44913,6.5745000000000005,9.20966,TRUE,-442.669,0.91809,6.29166,8.391999999999996,10.4886,TRUE,-9.020000000000039,both,NA
CZ-BK1,2009,ENF,ICOS,-758.965,0.93105,7.1732,26.333499999999958,27.2932,TRUE,-751.64,0.907306,6.79071,32.41999999999996,33.1235,TRUE,-7.3250000000000455,both,NA
CZ-wet,2007,WET,ICOS,-215.824,0.947888,3.75565,7.882999999999996,8.73177,TRUE,-216.647,0.947774,3.76389,19.20299999999999,19.5684,TRUE,0.8229999999999791,both,NA
DE-Gri,2010,GRA,ICOS,-74.7003,0.954452,3.79671,3.299600000000005,5.03014,TRUE,-71.2857,0.956849,3.83167,6.34995,7.41644,TRUE,-3.414599999999993,both,NA
DE-GsB,2018,GRA,ICOS,247.292,0.962386,5.14662,9.976500000000001,11.2257,TRUE,251.821,0.96524,5.26685,10.77600000000001,11.9942,TRUE,-4.528999999999996,both,NA
DE-GsB,2021,GRA,ICOS,217.681,0.981507,6.37229,6.034499999999994,8.77612,TRUE,219.236,0.981849,6.26681,9.644999999999996,11.5024,TRUE,-1.5549999999999784,both,NA
DE-Hzd,2010,DBF,ICOS,NA,NA,NA,NA,NA,FALSE,NA,NA,NA,NA,NA,FALSE,NA,neither,no_value
DE-Hzd,2019,DBF,ICOS,-104.377,0.850514,9.03094,13.398000000000003,16.1574,TRUE,-121.263,0.861244,8.31043,15.790500000000002,17.8438,TRUE,16.88600000000001,both,NA
DE-Hzd,2021,DBF,ICOS,-165.412,0.834247,9.96078,27.864499999999992,29.5915,TRUE,-117.981,0.846689,10.156,34.51499999999999,35.9786,TRUE,-47.43100000000001,both,NA
DE-Kli,2006,CRO,ICOS,59.2795,0.868151,4.59247,5.639699999999998,7.27301,TRUE,53.0866,0.910103,4.59506,11.471549999999999,12.3576,TRUE,6.192900000000002,both,NA
DE-Kli,2009,CRO,ICOS,NA,NA,NA,NA,NA,FALSE,NA,NA,NA,NA,NA,FALSE,NA,neither,no_value
DE-Kli,2017,CRO,ICOS,-54.4366,0.881279,7.68193,5.708300000000005,9.57061,TRUE,-56.4414,0.874829,7.5799,6.6911999999999985,10.1108,TRUE,2.004800000000003,both,NA
DE-Tha,2001,ENF,ICOS,-460.145,0.977226,5.47772,23.47550000000001,24.1062,TRUE,-460.145,0.977226,5.47772,18.53450000000001,19.3267,TRUE,0,both,NA
DE-Tha,2005,ENF,ICOS,-385.875,0.964669,4.93922,5.989000000000004,7.76292,TRUE,-387.656,0.963242,4.93088,6.2394999999999925,7.9527,TRUE,1.781000000000006,both,NA
ES-LMa,2020,SAV,ICOS,51.3496,0.963229,4.27776,4.7774,6.41268,TRUE,53.5018,0.961692,4.26582,4.943200000000001,6.52937,TRUE,-2.1522000000000006,both,NA
FI-Hyy,2009,ENF,ICOS,-283.842,0.98105,3.45624,9.668500000000023,10.2675,TRUE,-280.29,0.97968,3.43073,12.891999999999996,13.3407,TRUE,-3.551999999999964,both,NA
FI-Hyy,2023,ENF,ICOS,-261.802,0.870605,3.39489,4.575500000000005,5.69748,TRUE,-253.985,0.899943,3.43612,4.827500000000001,5.92549,TRUE,-7.817000000000007,both,NA
FI-Ken,2018,ENF,ICOS,-18.651,0.756107,3.08725,3.7981999999999996,4.89464,TRUE,-16.0295,0.771404,3.12907,4.166450000000001,5.2106,TRUE,-2.621500000000001,both,NA
FR-Gri,2015,CRO,ICOS,-63.5342,0.388756,14.6689,12.2972,19.1415,FALSE,-69.0246,0.292466,33.7866,20.161150000000003,39.3447,FALSE,5.490400000000008,neither,fails_qc
FR-Hes,2001,DBF,ICOS,NA,NA,NA,NA,NA,FALSE,-589.034,0.925057,7.30672,26.552999999999997,27.5402,TRUE,NA,CUT_only,NA
FR-Hes,2025,DBF,ICOS,NA,NA,NA,NA,NA,FALSE,-569.44,0.97597,9.90652,25.641500000000008,27.4887,TRUE,NA,CUT_only,NA
FR-Pue,2022,EBF,ICOS,44.6862,0.923687,3.83424,31.722034999999998,31.9529,TRUE,30.3523,0.927911,3.85037,27.26067,27.5312,TRUE,14.3339,both,NA
GF-Guy,2006,EBF,ICOS,-116.054,0.960103,18.9574,23.9105,30.5139,TRUE,-116.462,0.960103,18.9576,26.396649999999994,32.4987,TRUE,0.40800000000000125,both,NA
GF-Guy,2020,EBF,ICOS,-760.899,0.886157,22.806,23.917500000000018,33.0477,TRUE,-746.419,0.891564,22.8908,23.618499999999983,32.891,TRUE,-14.480000000000018,both,NA
IT-BFt,2025,DBF,ICOS,186.202,0.947489,11.2713,32.573499999999996,34.4686,TRUE,164.604,0.946347,10.9337,42.33749999999999,43.7263,TRUE,21.597999999999985,both,NA
IT-Lsn,2018,OSH,ICOS,-45.9041,0.978253,3.77208,9.57065,10.2872,TRUE,-47.3535,0.978539,3.80663,10.2025,10.8895,TRUE,1.4493999999999971,both,NA
IT-Niv,2020,GRA,ICOS,NA,NA,NA,NA,NA,FALSE,NA,NA,NA,NA,NA,FALSE,NA,neither,no_value
IT-Niv,2024,GRA,ICOS,NA,NA,NA,NA,NA,FALSE,NA,NA,NA,NA,NA,FALSE,NA,neither,no_value
IT-Ren,2001,ENF,ICOS,-392.364,0.773288,5.20361,35.41999999999999,35.8002,TRUE,-394.878,0.731164,4.90553,49.791,50.0318,TRUE,2.51400000000001,both,NA
IT-Ren,2016,ENF,ICOS,-671.164,0.896801,7.50183,27.293999999999983,28.3063,TRUE,-692.437,0.940972,7.32327,38.64749999999998,39.3354,TRUE,21.273000000000025,both,NA
IT-SR2,2013,ENF,ICOS,-414.41,0.976313,12.5764,9.674499999999995,15.8671,TRUE,-393.475,0.971747,12.4451,11.084499999999991,16.6659,TRUE,-20.935000000000002,both,NA
IT-Tor,2011,GRA,ICOS,-47.7807,0.877397,3.32489,83.64272,83.7089,TRUE,-51.4825,0.903425,3.316,82.19834999999999,82.2653,TRUE,3.7017999999999986,both,NA
JP-Api,2002,DBF,ICOS,-224.651,0.884018,7.84682,20.754500000000007,22.1883,TRUE,-223.087,0.865411,7.73438,23.558499999999995,24.7956,TRUE,-1.5640000000000214,both,NA
JP-Om2,2024,GRA,ICOS,283.158,0.84005,11.5595,6.581000000000017,13.3016,TRUE,286.262,0.852914,11.4553,6.418000000000006,13.1309,TRUE,-3.103999999999985,both,NA
NL-Loo,1998,ENF,ICOS,-270.54,0.762158,8.09892,3.783999999999992,8.93927,TRUE,-268.75,0.768607,8.11791,6.705999999999989,10.5296,TRUE,-1.7900000000000205,both,NA
NL-Vkp,2016,GRA,ICOS,-73.9504,0.970059,8.35878,31.0295,32.1358,TRUE,-62.4167,0.967839,8.3686,35.809200000000004,36.7741,TRUE,-11.533700000000003,both,NA
NL-Vkp,2019,GRA,ICOS,119.412,0.952911,6.91683,29.8245,30.6162,TRUE,104.664,0.956164,7.03932,26.167899999999996,27.0982,TRUE,14.748000000000005,both,NA
NL-Vkp,2020,GRA,ICOS,12.9014,0.972393,9.24806,37.6473,38.7666,TRUE,14.3017,0.97245,9.27418,28.7314,30.1911,TRUE,-1.4002999999999997,both,NA
BE-Maa,2016,CSH,ICOS,-75.0595,0.963684,2.15333,3.483249999999998,4.0951,TRUE,-75.5205,0.96505,2.15607,3.444899999999997,4.06402,TRUE,0.4609999999999985,both,NA
BE-Maa,2023,CSH,ICOS,18.547,0.979053,2.40613,3.1961500000000003,4.00061,TRUE,16.1937,0.98516,2.4586,2.5778499999999998,3.56231,TRUE,2.353300000000001,both,NA
BE-Vie,2004,MF,ICOS,-525.552,0.810451,6.64001,7.259500000000003,9.83827,TRUE,-527.215,0.807036,6.56583,9.450999999999965,11.5081,TRUE,1.663000000000011,both,NA
BE-Vie,2014,MF,ICOS,-369.987,0.930651,6.99728,11.62100000000001,13.5649,TRUE,-361.738,0.938242,7.24071,11.521000000000015,13.6077,TRUE,-8.249000000000024,both,NA
CH-Dav,2009,ENF,ICOS,-296.295,0.937443,11.9125,103.2165,103.902,TRUE,-300.873,0.917922,12.0093,82.5695,83.4379,TRUE,4.5779999999999745,both,NA
CH-Dav,2024,ENF,ICOS,-98.6841,0.94268,6.96885,33.96695,34.6747,TRUE,-54.2397,0.900046,7.52269,95.3782,95.6742,TRUE,-44.4444,both,NA
CZ-BK1,2010,ENF,ICOS,-800.434,0.872089,7.70461,5.881000000000029,9.69253,TRUE,-793.476,0.858904,7.71652,8.76400000000001,11.6772,TRUE,-6.95799999999997,both,NA
CZ-BK1,2022,ENF,ICOS,-359.933,0.954224,7.05561,15.258499999999998,16.8105,TRUE,-357.019,0.963356,7.93752,22.3185,23.6877,TRUE,-2.9139999999999873,both,NA
CZ-BK1,2024,ENF,ICOS,-527.606,0.943078,8.02672,14.87700000000001,16.9041,TRUE,-553.811,0.966416,8.49593,19.460000000000036,21.2336,TRUE,26.20500000000004,both,NA
DE-Gri,2008,GRA,ICOS,-88.0222,0.958846,3.81358,0.855000000000004,3.90826,TRUE,-87.6798,0.961919,3.86613,1.4900999999999982,4.14335,TRUE,-0.3423999999999978,both,NA
DE-GsB,2024,GRA,ICOS,25.0484,0.899135,6.41595,13.35697,14.818,TRUE,27.2166,0.896289,6.22979,12.718355,14.1622,TRUE,-2.168199999999999,both,NA
DE-Har,2022,ENF,ICOS,73.9041,0.917352,5.67734,9.13925,10.7591,TRUE,71.1856,0.935616,5.77366,8.823650000000004,10.5447,TRUE,2.718500000000006,both,NA
DE-Hzd,2011,DBF,ICOS,NA,NA,NA,NA,NA,FALSE,NA,NA,NA,NA,NA,FALSE,NA,neither,no_value
DE-Hzd,2023,DBF,ICOS,-244.527,0.942009,9.1383,54.48750000000001,55.2483,TRUE,-300.57,0.974429,9.22795,68.4495,69.0682,TRUE,56.043000000000006,both,NA
DE-Msr,2024,ENF,ICOS,-713.513,0.886783,28.0113,9.377499999999998,29.5392,TRUE,-709.98,0.889173,29.625,28.245000000000005,40.9318,TRUE,-3.5330000000000155,both,NA
DE-RuS,2014,CRO,ICOS,NA,NA,NA,NA,NA,FALSE,NA,NA,NA,NA,NA,FALSE,NA,neither,no_value
DE-RuS,2018,CRO,ICOS,-293.414,0.951084,4.63021,3.116500000000002,5.58132,TRUE,-297.199,0.947146,4.57322,3.1210000000000093,5.5367,TRUE,3.785000000000025,both,NA
DE-Tha,2000,ENF,ICOS,-472.623,0.921676,4.91498,11.045000000000016,12.0892,TRUE,-485.405,0.916154,4.87823,16.666500000000013,17.366,TRUE,12.781999999999982,both,NA
DE-Tha,2007,ENF,ICOS,-394.149,0.982934,5.27658,7.537499999999994,9.20097,TRUE,-392.966,0.984247,5.38237,7.130499999999984,8.93396,TRUE,-1.1829999999999927,both,NA
FI-Hyy,1997,ENF,ICOS,-238.544,0.940582,2.86861,8.507000000000005,8.97787,TRUE,-237.183,0.937443,2.81369,16.223,16.4649,TRUE,-1.3610000000000184,both,NA
FI-Hyy,2002,ENF,ICOS,-236.095,0.897032,3.21422,2.7005000000000052,4.19813,TRUE,-237.261,0.897774,3.23606,5.567999999999998,6.4397,TRUE,1.1659999999999968,both,NA
FI-Hyy,2017,ENF,ICOS,-256.076,0.84863,4.19933,3.4594999999999914,5.44087,TRUE,-252.242,0.845091,4.1143,6.2309999999999945,7.46692,TRUE,-3.8340000000000316,both,NA
FI-Hyy,2018,ENF,ICOS,NA,NA,NA,NA,NA,FALSE,NA,NA,NA,NA,NA,FALSE,NA,neither,no_value
FR-Aur,2011,CRO,ICOS,32.5207,0.962957,3.07578,8.992450000000002,9.50392,TRUE,31.8224,0.971404,3.12343,4.13805,5.18453,TRUE,0.6982999999999997,both,NA
FR-Aur,2012,CRO,ICOS,-258.305,0.941826,4.24604,10.040500000000009,10.9014,TRUE,-263.805,0.960383,4.32137,9.396,10.3422,TRUE,5.5,both,NA
FR-Aur,2022,CRO,ICOS,195.234,0.742237,4.00548,10.470500000000001,11.2105,TRUE,196.301,0.741724,3.99872,15.470500000000001,15.9792,TRUE,-1.0669999999999789,both,NA
FR-Bil,2014,ENF,ICOS,NA,NA,NA,NA,NA,FALSE,NA,NA,NA,NA,NA,FALSE,NA,neither,no_value
FR-Gri,2022,CRO,ICOS,-139.934,0.919578,5.40505,38.2485,38.6284,TRUE,-161.333,0.93613,5.43887,46.655,46.9706,TRUE,21.399,both,NA
FR-Hes,1998,DBF,ICOS,NA,NA,NA,NA,NA,FALSE,NA,NA,NA,NA,NA,FALSE,NA,neither,no_value
FR-Hes,2003,DBF,ICOS,NA,NA,NA,NA,NA,FALSE,-514.182,0.969235,5.81828,23.617999999999995,24.3239,TRUE,NA,CUT_only,NA
FR-Hes,2008,DBF,ICOS,NA,NA,NA,NA,NA,FALSE,-613.185,0.967156,7.54222,57.815,58.3052,TRUE,NA,CUT_only,NA
FR-Hes,2024,DBF,ICOS,NA,NA,NA,NA,NA,FALSE,-168.899,0.98372,9.3176,32.708,34.0096,TRUE,NA,CUT_only,NA
FR-LGt,2018,WET,ICOS,-4.31847,0.753196,4.93377,16.0018,16.7451,TRUE,6.67692,0.768836,4.77386,37.537549999999996,37.8399,TRUE,-10.99539,both,NA
FR-LGt,2020,WET,ICOS,260.498,0.803791,4.0755,23.238,23.5926,TRUE,279.068,0.820811,3.75354,17.084000000000003,17.4914,TRUE,-18.569999999999993,both,NA
FR-Pue,2016,EBF,ICOS,-200.711,0.89202,4.96656,65.38199999999999,65.5702,TRUE,-232.566,0.919399,5.11798,35.111000000000004,35.4823,TRUE,31.85499999999999,both,NA
FR-Pue,2021,EBF,ICOS,-211.394,0.95137,3.84434,39.3215,39.5089,TRUE,-213.625,0.958904,3.86475,31.484499999999997,31.7204,TRUE,2.2309999999999945,both,NA
FR-Pue,2024,EBF,ICOS,-250.859,0.921619,3.70371,19.966499999999996,20.3071,TRUE,-242.952,0.913593,3.65426,23.235499999999988,23.5211,TRUE,-7.907000000000011,both,NA
GF-Guy,2016,EBF,ICOS,-315.557,0.987762,18.4494,23.524,29.8959,TRUE,-288.815,0.993682,18.7957,24.25399999999999,30.6847,TRUE,-26.74200000000002,both,NA
GL-Dsk,2023,OSH,ICOS,49.6827,0.763071,0.930325,2.465399999999999,2.63509,TRUE,48.2174,0.758219,0.932741,2.8876000000000026,3.03448,TRUE,1.4652999999999992,both,NA
GL-NuF,2020,WET,ICOS,NA,NA,NA,NA,NA,FALSE,NA,NA,NA,NA,NA,FALSE,NA,neither,no_value
GL-ZaH,2024,GRA,ICOS,NA,NA,NA,NA,NA,FALSE,NA,NA,NA,NA,NA,FALSE,NA,neither,no_value
IE-Cra,2025,WET,ICOS,-22.1891,0.898801,4.18586,3.6672499999999992,5.56508,TRUE,-22.5953,0.898858,4.18636,3.6500500000000002,5.55414,TRUE,0.4062000000000019,both,NA
IT-BCi,2020,CRO,ICOS,-36.7203,0.896118,8.08517,17.2454,19.0466,TRUE,-33.0859,0.895093,8.11359,31.556175,32.5826,TRUE,-3.6343999999999994,both,NA
IT-Cp2,2023,MF,ICOS,-684.547,0.875514,9.50862,26.89699999999999,28.5283,TRUE,-658.511,0.879737,9.89485,19.46199999999999,21.833,TRUE,-26.036000000000058,both,NA
IT-Lsn,2022,OSH,ICOS,-77.9774,0.979281,3.51731,13.526149999999994,13.976,TRUE,-71.8649,0.971918,3.46851,11.812900000000003,12.3116,TRUE,-6.112499999999997,both,NA
IT-Lsn,2023,OSH,ICOS,-132.381,0.832991,5.57304,3.8434999999999917,6.76981,TRUE,-134.923,0.830822,5.57108,3.994000000000007,6.85493,TRUE,2.5420000000000016,both,NA
IT-MBo,2004,GRA,ICOS,-1.29467,0.98429,5.87614,4.230035,7.24032,TRUE,1.32594,0.989014,5.91824,3.7166300000000003,6.98849,TRUE,-2.62061,both,NA
IT-Niv,2023,GRA,ICOS,NA,NA,NA,NA,NA,FALSE,NA,NA,NA,NA,NA,FALSE,NA,neither,no_value
IT-Ren,2018,ENF,ICOS,-492.27,0.820719,8.55496,21.948000000000008,23.5566,TRUE,-500.435,0.85411,8.51525,39.89899999999997,40.7974,TRUE,8.16500000000002,both,NA
IT-SR2,2017,ENF,ICOS,-173.052,0.87089,12.0843,13.8275,18.364,TRUE,-167.126,0.887785,11.9693,22.828000000000003,25.7758,TRUE,-5.925999999999988,both,NA
IT-TrF,2023,DNF,ICOS,-892.386,0.938527,6.01043,12.788999999999987,14.131,TRUE,-892.849,0.940411,5.89402,17.997500000000002,18.9379,TRUE,0.4630000000000791,both,NA
JP-Api,2005,DBF,ICOS,-258.712,0.946689,7.82085,24.124500000000012,25.3606,TRUE,-229.421,0.920662,8.18043,24.352999999999994,25.6903,TRUE,-29.290999999999997,both,NA
JP-Api,2010,DBF,ICOS,-142.67,0.909304,6.13945,14.344499999999996,15.6033,TRUE,-136.105,0.89726,6.21432,13.909499999999994,15.2347,TRUE,-6.564999999999998,both,NA
JP-Om2,2025,GRA,ICOS,317.729,0.836073,12.4753,13.52000000000001,18.3963,TRUE,320.652,0.849943,12.305,13.082999999999998,17.9605,TRUE,-2.923000000000002,both,NA
NL-Vkp,2014,GRA,ICOS,NA,NA,NA,NA,NA,FALSE,NA,NA,NA,NA,NA,FALSE,NA,neither,no_value
NL-Vkp,2018,GRA,ICOS,93.156,0.962785,9.87223,48.1084,49.1107,TRUE,90.0836,0.964441,9.81656,50.82504999999999,51.7643,TRUE,3.072400000000002,both,NA
BE-Vie,1997,MF,ICOS,-441.092,0.922603,7.27122,22.913999999999987,24.0397,TRUE,-416.966,0.909247,7.35639,25.21350000000001,26.2651,TRUE,-24.125999999999976,both,NA
BE-Vie,2002,MF,ICOS,-609.887,0.915696,5.76667,11.622499999999945,12.9743,TRUE,-620.9,0.907363,5.77574,17.034500000000037,17.9871,TRUE,11.013000000000034,both,NA
BE-Vie,2019,MF,ICOS,-572.296,0.940297,6.82059,42.24200000000002,42.789,TRUE,-602.376,0.924087,7.31003,45.49000000000001,46.0733,TRUE,30.079999999999927,both,NA
CD-Ygb,2025,MF,ICOS,-90.2927,0.833733,24.1112,110.4083,113.01,TRUE,-53.1164,0.834132,24.154,123.96000000000001,126.292,TRUE,-37.1763,both,NA
CH-Dav,2003,ENF,ICOS,249.112,0.927283,10.8389,114.4499,114.962,TRUE,249.541,0.927283,10.8207,157.0101,157.382,TRUE,-0.42900000000000205,both,NA
DE-Amv,2025,WET,ICOS,47.2416,0.811187,2.83531,4.584199999999999,5.39016,TRUE,47.8137,0.811073,2.83157,6.091649999999998,6.71757,TRUE,-0.5720999999999989,both,NA
DE-Fen,2023,GRA,ICOS,NA,NA,NA,NA,NA,FALSE,NA,NA,NA,NA,NA,FALSE,NA,neither,no_value
DE-Fen,2025,GRA,ICOS,-141.946,0.912785,8.89037,44.69900000000001,45.5745,TRUE,-112.61,0.909247,7.82034,62.32050000000001,62.8092,TRUE,-29.336,both,NA
DE-Gri,2006,GRA,ICOS,-60.2952,0.948345,3.24756,3.6655499999999996,4.89722,TRUE,-61.0935,0.95371,3.32346,3.2162000000000006,4.62488,TRUE,0.7982999999999976,both,NA
DE-Gri,2013,GRA,ICOS,-77.8726,0.977968,4.45142,10.586750000000002,11.4845,TRUE,-77.8726,0.977968,4.45142,12.141649999999998,12.9319,TRUE,0,both,NA
DE-Gri,2021,GRA,ICOS,-121.377,0.982135,5.39517,15.614500000000007,16.5201,TRUE,-133.365,0.980422,5.24586,17.397999999999996,18.1715,TRUE,11.988000000000014,both,NA
DE-GsB,2016,GRA,ICOS,191.131,0.960098,5.78996,12.025999999999996,13.347,TRUE,189.181,0.959529,5.76803,11.506500000000003,12.8712,TRUE,1.9499999999999886,both,NA
DE-Hzd,2014,DBF,ICOS,608.319,0.85605,7.26948,14.559500000000014,16.2733,TRUE,523.425,0.799429,6.31336,115.32649999999998,115.499,TRUE,84.894,both,NA
DE-Hzd,2022,DBF,ICOS,-96.6599,0.691838,8.65197,38.22935,39.1963,TRUE,-208.362,0.72637,8.24622,100.3685,100.707,TRUE,111.7021,both,NA
DE-RuR,2025,GRA,ICOS,-178.677,0.869863,6.16467,4.541499999999999,7.65699,TRUE,-192.464,0.836872,6.76861,7.081000000000003,9.79568,TRUE,13.787000000000006,both,NA
DE-RuS,2012,CRO,ICOS,NA,NA,NA,NA,NA,FALSE,NA,NA,NA,NA,NA,FALSE,NA,neither,no_value
DE-RuS,2020,CRO,ICOS,-633.332,0.885815,5.37757,21.861000000000047,22.5124,TRUE,-636.297,0.885018,5.37502,23.110000000000014,23.7273,TRUE,2.965000000000032,both,NA
DE-Tha,2017,ENF,ICOS,-585.449,0.982534,4.78217,8.186499999999967,9.48118,TRUE,-582.573,0.983048,4.81435,10.896000000000015,11.9121,TRUE,-2.8759999999999764,both,NA
DE-Tha,2020,ENF,ICOS,-328.257,0.89885,4.47526,22.900499999999994,23.3336,TRUE,-314.39,0.913024,4.77533,15.48350000000002,16.2034,TRUE,-13.867000000000019,both,NA
DK-RCW,2023,DBF,ICOS,-447.431,0.963927,4.63422,2.393999999999977,5.21603,TRUE,-445.943,0.966381,4.6818,4.805499999999995,6.709,TRUE,-1.4879999999999995,both,NA
ES-LMa,2023,SAV,ICOS,108.24,0.953938,3.94996,2.3130000000000024,4.57731,TRUE,108.096,0.953938,3.95139,2.192,4.51873,TRUE,0.14399999999999125,both,NA
FI-Hyy,2006,ENF,ICOS,-175.843,0.942066,3.2644,12.792000000000002,13.202,TRUE,-176.77,0.943208,3.27476,14.217499999999987,14.5901,TRUE,0.9270000000000209,both,NA
FI-Hyy,2020,ENF,ICOS,100.938,0.939834,3.17297,8.955649999999999,9.501,TRUE,105.759,0.961407,3.24242,9.504650000000005,10.0423,TRUE,-4.820999999999998,both,NA
FI-Ken,2019,ENF,ICOS,41.406,0.840868,2.37092,13.365,13.5736,TRUE,43.2396,0.847203,2.37769,14.1959,14.3937,TRUE,-1.8336000000000041,both,NA
FI-Var,2018,ENF,ICOS,16.9595,0.987215,2.48043,8.257195,8.62172,TRUE,19.5911,0.985274,2.45362,10.4085,10.6938,TRUE,-2.6316000000000024,both,NA
FI-Var,2020,ENF,ICOS,34.8112,0.988046,4.69343,8.75535,9.93399,TRUE,34.3668,0.98816,4.69769,9.6078,10.6948,TRUE,0.4444000000000017,both,NA
FR-Gri,2008,CRO,ICOS,-551.629,0.867031,8.50251,11.456999999999994,14.2671,TRUE,-620.161,0.828381,11.1833,37.96599999999995,39.5789,TRUE,68.53199999999993,both,NA
FR-Hes,2009,DBF,ICOS,NA,NA,NA,NA,NA,FALSE,-588.822,0.959817,7.18686,89.02449999999999,89.314,TRUE,NA,CUT_only,NA
FR-LGt,2019,WET,ICOS,222.896,0.863584,3.52118,22.040999999999997,22.3206,TRUE,242.931,0.872603,3.66178,16.37899999999999,16.7834,TRUE,-20.035000000000025,both,NA
FR-Pue,2003,EBF,ICOS,-138.799,0.91895,3.29736,21.877500000000012,22.1245,TRUE,-143.104,0.916495,3.2934,28.100500000000004,28.2928,TRUE,4.305000000000007,both,NA
FR-Pue,2007,EBF,ICOS,-371.43,0.951826,3.4189,28.596000000000004,28.7997,TRUE,-365.886,0.944178,3.3956,27.541500000000013,27.7503,TRUE,-5.543999999999983,both,NA
FR-Pue,2014,EBF,ICOS,-171.385,0.962272,3.12946,3.6075000000000017,4.77564,TRUE,-169.314,0.951598,3.03828,2.4499999999999886,3.90293,TRUE,-2.070999999999998,both,NA
GF-Guy,2011,EBF,ICOS,-252.338,0.975114,25.6396,22.70150000000001,34.2454,TRUE,-250.036,0.980422,26.1386,22.781499999999994,34.673,TRUE,-2.3019999999999925,both,NA
GL-NuF,2022,WET,ICOS,NA,NA,NA,NA,NA,FALSE,NA,NA,NA,NA,NA,FALSE,NA,neither,no_value
GL-NuF,2025,WET,ICOS,NA,NA,NA,NA,NA,FALSE,NA,NA,NA,NA,NA,FALSE,NA,neither,no_value
IT-BCi,2014,CRO,ICOS,95.7333,0.922203,8.21742,22.66955,24.1129,TRUE,95.6086,0.925742,8.13265,25.46935,26.7361,TRUE,0.12470000000000425,both,NA
IT-BCi,2016,CRO,ICOS,261.389,0.648395,15.6778,76.27250000000001,77.8675,TRUE,254.44,0.652607,15.7603,72.5985,74.2896,TRUE,6.949000000000012,both,NA
IT-Cp2,2017,MF,ICOS,NA,NA,NA,NA,NA,FALSE,NA,NA,NA,NA,NA,FALSE,NA,neither,no_value
IT-Cp2,2018,MF,ICOS,NA,NA,NA,NA,NA,FALSE,NA,NA,NA,NA,NA,FALSE,NA,neither,no_value
IT-Cp2,2024,MF,ICOS,-900.799,0.792122,9.79675,40.22649999999999,41.4024,TRUE,-877.028,0.806011,10.2128,45.33349999999996,46.4692,TRUE,-23.770999999999958,both,NA
IT-MBo,2007,GRA,ICOS,-166.881,0.993836,6.14104,16.607499999999987,17.7067,TRUE,-157.498,0.99532,6.28207,16.0475,17.233,TRUE,-9.38300000000001,both,NA
IT-MBo,2010,GRA,ICOS,-29.2969,0.913413,5.87486,15.1785,16.2758,TRUE,-47.7805,0.902626,5.44313,22.12365,22.7834,TRUE,18.483600000000003,both,NA
IT-MBo,2012,GRA,ICOS,22.9743,0.970685,5.80814,14.251149999999999,15.3893,TRUE,14.5104,0.968295,5.60598,24.627750000000002,25.2577,TRUE,8.463899999999999,both,NA
IT-MBo,2015,GRA,ICOS,31.7159,0.95468,5.90303,11.152299999999999,12.6182,TRUE,2.55909,0.944463,5.33671,25.0706,25.6323,TRUE,29.15681,both,NA
IT-MBo,2023,GRA,ICOS,NA,NA,NA,NA,NA,FALSE,NA,NA,NA,NA,NA,FALSE,NA,neither,no_value
JP-Api,2011,DBF,ICOS,-287.632,0.940411,5.87031,32.72750000000002,33.2494,TRUE,-283.222,0.927454,5.84801,48.834500000000006,49.183,TRUE,-4.410000000000025,both,NA
JP-Om2,2022,GRA,ICOS,NA,NA,NA,NA,NA,FALSE,NA,NA,NA,NA,NA,FALSE,NA,neither,no_value
NL-Loo,2010,ENF,ICOS,-579.838,0.995605,9.2842,35.4905,36.6847,TRUE,-575.153,0.995833,9.28102,27.934000000000026,29.4353,TRUE,-4.684999999999945,both,NA
NL-Loo,2023,ENF,ICOS,-244.458,0.961244,10.0265,14.033000000000001,17.2467,TRUE,-246.878,0.960902,10.0026,29.95649999999999,31.5824,TRUE,2.4199999999999875,both,NA
SE-Svb,2017,ENF,ICOS,NA,NA,NA,NA,NA,FALSE,NA,NA,NA,NA,NA,FALSE,NA,neither,no_value
SE-Svb,2022,ENF,ICOS,-57.5772,0.993151,NA,11.152550000000002,NA,TRUE,-58.0285,0.993037,NA,15.799249999999997,NA,TRUE,0.45130000000000337,both,NA
BE-Vie,1998,MF,ICOS,-436.309,0.94766,7.62852,18.710499999999996,20.2058,TRUE,-457.366,0.944007,7.75733,21.317499999999995,22.685,TRUE,21.05699999999996,both,NA
BE-Vie,2023,MF,ICOS,NA,NA,NA,NA,NA,FALSE,NA,NA,NA,NA,NA,FALSE,NA,neither,no_value
CD-Ygb,2023,MF,ICOS,417.052,0.864155,NA,59.31,NA,TRUE,437.284,0.872317,NA,66.185,NA,TRUE,-20.23199999999997,both,NA
CZ-BK1,2004,ENF,ICOS,NA,NA,NA,NA,NA,FALSE,NA,NA,NA,NA,NA,FALSE,NA,neither,no_value
CZ-BK1,2005,ENF,ICOS,-713.319,0.649486,12.9904,14.620499999999993,19.5582,TRUE,-683.374,0.530537,13.9682,26.35549999999995,29.8279,TRUE,-29.944999999999936,both,NA
CZ-BK1,2008,ENF,ICOS,-795.568,0.835212,7.63041,8.624000000000024,11.515,TRUE,-788.387,0.796903,8.00943,13.740000000000009,15.9042,TRUE,-7.18100000000004,both,NA
CZ-BK1,2012,ENF,ICOS,-884.981,0.90033,5.53147,6.3279999999999745,8.40488,TRUE,-887.969,0.883937,5.45069,6.817000000000007,8.72823,TRUE,2.9880000000000564,both,NA
CZ-BK1,2020,ENF,ICOS,-177.959,0.944331,8.21666,31.5265,32.5796,TRUE,-204.002,0.965164,9.67134,31.293999999999997,32.7548,TRUE,26.043000000000006,both,NA
CZ-wet,2012,WET,ICOS,137.485,0.958219,4.90204,74.3087,74.4701,TRUE,138.746,0.958447,4.93252,64.80845,64.9959,TRUE,-1.2609999999999957,both,NA
DE-GsB,2015,GRA,ICOS,27.025,0.957192,5.23901,18.6164,19.3395,TRUE,40.5869,0.953995,5.16689,20.43,21.0733,TRUE,-13.561900000000001,both,NA
DE-GsB,2025,GRA,ICOS,NA,NA,NA,NA,NA,FALSE,NA,NA,NA,NA,NA,FALSE,NA,neither,no_value
DE-Har,2021,ENF,ICOS,-257.302,0.940639,6.43333,9.656500000000008,11.6036,TRUE,-259.283,0.948801,6.62976,10.267499999999998,12.2218,TRUE,1.9809999999999945,both,NA
DE-Har,2024,ENF,ICOS,-289.287,0.913764,6.89102,18.120499999999993,19.3863,TRUE,-285.143,0.925148,7.30819,14.336500000000001,16.0919,TRUE,-4.1440000000000055,both,NA
DE-HoH,2025,DBF,ICOS,NA,NA,NA,NA,NA,FALSE,NA,NA,NA,NA,NA,FALSE,NA,neither,no_value
DE-Hte,2018,WET,ICOS,-95.6993,0.919292,8.48525,4.171949999999995,9.45537,TRUE,-95.8398,0.919292,8.48625,1.919550000000001,8.70067,TRUE,0.14050000000000296,both,NA
DE-Kli,2010,CRO,ICOS,-48.319,0.9121,3.72078,3.1423999999999985,4.87023,TRUE,-50.914,0.917352,3.69016,3.2830499999999994,4.93921,TRUE,2.594999999999999,both,NA
DE-Kli,2024,CRO,ICOS,93.1598,0.932662,4.68898,13.443350000000002,14.2376,TRUE,69.8143,0.969547,4.73985,12.331799999999994,13.2113,TRUE,23.3455,both,NA
DE-Kli,2025,CRO,ICOS,-242.972,0.951655,4.00104,4.9055000000000035,6.33023,TRUE,-242.983,0.951655,4.00103,7.911000000000001,8.86541,TRUE,0.01099999999999568,both,NA
DE-RuR,2022,GRA,ICOS,-289.199,0.954224,6.08333,8.823499999999996,10.7174,TRUE,-300.568,0.928767,6.25714,9.572499999999991,11.4359,TRUE,11.368999999999971,both,NA
DE-RuS,2024,CRO,ICOS,-272.057,0.970059,4.72559,3.5204999999999984,5.89295,TRUE,-274.36,0.976605,4.73707,4.836000000000013,6.76934,TRUE,2.3029999999999973,both,NA
FI-Hyy,2021,ENF,ICOS,-173.967,0.839384,4.26755,7.6569999999999965,8.76575,TRUE,-171.138,0.851712,4.20791,9.905500000000004,10.7623,TRUE,-2.8290000000000077,both,NA
FI-Var,2024,ENF,ICOS,8.33072,0.875114,4.22658,21.6632,22.0717,TRUE,8.347,0.876025,4.26018,18.3664,18.854,TRUE,-0.016280000000000072,both,NA
FR-Bil,2022,ENF,ICOS,-164.513,0.943493,4.19606,6.695499999999996,7.90193,TRUE,-165.47,0.941895,4.15329,7.268000000000001,8.37136,TRUE,0.9569999999999936,both,NA
FR-Gri,2007,CRO,ICOS,-402.672,0.918379,4.2913,19.38250000000002,19.8521,TRUE,-381.905,0.880936,4.15498,35.6935,35.9348,TRUE,-20.767000000000053,both,NA
FR-Gri,2010,CRO,ICOS,-599.444,0.889041,8.04358,23.334000000000003,24.6814,TRUE,-655.605,0.867523,8.98679,32.26350000000002,33.4918,TRUE,56.16100000000006,both,NA
FR-Hes,2022,DBF,ICOS,NA,NA,NA,NA,NA,FALSE,NA,NA,NA,NA,NA,FALSE,NA,neither,no_value
FR-Mej,2025,GRA,ICOS,304.227,0.968037,8.26117,26.56649999999999,27.8214,TRUE,297.419,0.96992,8.32669,27.603499999999997,28.8324,TRUE,6.807999999999993,both,NA
FR-Pue,2005,EBF,ICOS,-61.9716,0.944578,2.66527,28.052999999999997,28.1793,TRUE,-61.9045,0.939098,2.63483,30.890349999999998,31.0025,TRUE,-0.06710000000000349,both,NA
FR-Pue,2023,EBF,ICOS,63.9193,0.813185,3.66141,30.0455,30.2678,TRUE,83.0944,0.808048,3.64479,32.91585,33.1169,TRUE,-19.175099999999993,both,NA
FR-Pue,2025,EBF,ICOS,NA,NA,NA,NA,NA,FALSE,NA,NA,NA,NA,NA,FALSE,NA,neither,no_value
FR-Tou,2021,GRA,ICOS,28.9902,0.95097,3.85367,33.7719,33.9911,TRUE,31.3647,0.949144,3.86212,27.459365000000002,27.7296,TRUE,-2.3744999999999976,both,NA
GF-Guy,2009,EBF,ICOS,-397.922,0.984475,18.2453,24.692499999999995,30.7021,TRUE,-411.126,0.986644,19.065,17.701999999999998,26.0161,TRUE,13.203999999999951,both,NA
GF-Guy,2013,EBF,ICOS,-247.682,0.954909,19.6792,11.9525,23.0246,TRUE,-247.577,0.955993,21.125,15.073000000000008,25.9511,TRUE,-0.10499999999998977,both,NA
GF-Guy,2024,EBF,ICOS,25.7742,0.834244,16.2144,23.769,28.7728,TRUE,9.33315,0.835553,16.5028,23.98385,29.113,TRUE,16.44105,both,NA
GL-Dsk,2021,OSH,ICOS,6.13085,0.960103,1.05797,3.56208,3.71586,TRUE,8.99103,0.956393,0.99445,3.144285,3.29779,TRUE,-2.8601800000000006,both,NA
IE-Cra,2020,WET,ICOS,-38.4836,0.981387,2.41425,6.028199999999998,6.49371,TRUE,-41.1196,0.981671,2.42337,7.333599999999999,7.7236,TRUE,2.6359999999999957,both,NA
IT-BCi,2006,CRO,ICOS,-307.117,0.876941,5.37599,17.232,18.0513,TRUE,-313.679,0.886986,5.41597,11.089499999999987,12.3412,TRUE,6.561999999999955,both,NA
IT-BCi,2007,CRO,ICOS,-374.834,0.961815,5.94036,6.390500000000003,8.72516,TRUE,-375.613,0.961929,5.92906,5.813000000000017,8.30352,TRUE,0.7789999999999964,both,NA
IT-BCi,2021,CRO,ICOS,NA,NA,NA,NA,NA,FALSE,NA,NA,NA,NA,NA,FALSE,NA,neither,no_value
IT-BCi,2024,CRO,ICOS,-18.562,0.959756,8.6126,20.13563,21.9002,TRUE,-13.7446,0.959415,8.61803,22.48218,24.0774,TRUE,-4.817400000000001,both,NA
IT-BCi,2025,CRO,ICOS,-166.509,0.933505,6.4641,38.68950000000001,39.2257,TRUE,-166.947,0.935331,6.46441,50.8005,51.2101,TRUE,0.4380000000000166,both,NA
IT-BFt,2019,DBF,ICOS,1.26545,0.968037,11.6487,48.7082,50.0818,TRUE,37.7181,0.977626,11.7741,37.126045,38.9483,TRUE,-36.45265,both,NA
IT-Cp2,2022,MF,ICOS,NA,NA,NA,NA,NA,FALSE,NA,NA,NA,NA,NA,FALSE,NA,neither,no_value
IT-Lsn,2021,OSH,ICOS,NA,NA,NA,NA,NA,FALSE,NA,NA,NA,NA,NA,FALSE,NA,neither,no_value
IT-Ren,2010,ENF,ICOS,-911.438,0.924658,12.7783,45.227499999999964,46.9977,TRUE,-956.932,0.904509,13.1216,45.76850000000002,47.6122,TRUE,45.49400000000003,both,NA
IT-Ren,2022,ENF,ICOS,-712.552,0.836016,7.44994,17.418499999999995,18.9449,TRUE,-714.483,0.836073,7.45099,101.9445,102.217,TRUE,1.9309999999999263,both,NA
IT-TrF,2013,DNF,ICOS,-689.912,0.957078,5.29553,30.639999999999986,31.0943,TRUE,-692.667,0.95742,5.3352,26.783999999999992,27.3101,TRUE,2.7549999999999955,both,NA
JP-Api,2018,DBF,ICOS,-287.616,0.937043,5.99491,24.37900000000002,25.1053,TRUE,-305.945,0.96524,6.12513,19.9555,20.8743,TRUE,18.329000000000008,both,NA
JP-Api,2022,DBF,ICOS,-313.803,0.863413,4.96485,14.730999999999995,15.545,TRUE,-299.758,0.872546,5.06777,14.47399999999999,15.3353,TRUE,-14.045000000000016,both,NA
NL-Loo,2005,ENF,ICOS,-568.664,0.993836,8.40927,27.45949999999999,28.7185,TRUE,-565.6,0.994064,8.42483,25.747500000000002,27.0907,TRUE,-3.0639999999999645,both,NA
NL-Loo,2011,ENF,ICOS,-549.528,0.964326,8.08496,42.03750000000002,42.808,TRUE,-546.733,0.965068,8.08465,20.70300000000003,22.2254,TRUE,-2.7950000000000728,both,NA
NL-Vkp,2022,GRA,ICOS,-52.8517,0.956107,8.56037,44.3095,45.1286,TRUE,-38.2062,0.950342,8.37321,24.923450000000003,26.2924,TRUE,-14.645499999999998,both,NA
SE-Svb,2019,ENF,ICOS,-127.625,0.951884,3.50023,5.1640000000000015,6.23846,TRUE,-127.622,0.951884,3.5006,5.238500000000002,6.30041,TRUE,-0.0030000000000001137,both,NA
SE-Svb,2020,ENF,ICOS,-33.4655,0.940118,3.81283,7.7012,8.59339,TRUE,-33.3635,0.937102,3.80171,8.09355,8.94197,TRUE,-0.10199999999999676,both,NA
