biomass_bin,biomass_bin_label,biomass_min_mg_ha,biomass_max_mg_ha,global_land_area_km2,global_land_fraction
1,Bare/ice/desert,0,5,77160568.36155841,0.5237514884752135
2,Sparse vegetation,5,25,22566773.8893933,0.15317903516819828
3,Shrubland/savanna,25,50,12218869.712654144,0.08293939942873249
4,Open forest,50,100,13395469.408272803,0.0909259378252896
5,Temperate forest,100,200,12594554.655792594,0.08548947846968105
6,Wet/boreal forest,200,400,9334025.252468914,0.06335761546672836
7,Tropical forest,400,NA,52600.91581144929,3.570451661568027e-4
