aggregation_level,weighted_jaccard,hellinger_distance
5class,0.40076152635518586,0.32906435705269277
13class_twoletter,0.37349175650470684,0.4104296759189438
30class,0.3496424510156036,0.4403558175001664
