axis,aggregation_level,n_classes,weighted_jaccard,hellinger_distance
koppen_beck2023,5class,5,0.40076152635518586,0.32906435705269277
koppen_beck2023,13class_twoletter,13,0.3734917565047069,0.4104296759189438
koppen_beck2023,30class,30,0.3496424510156036,0.4403558175001664
aridity_unep5,unep5,5,0.6935065461161923,0.21081980460399916
aridity_unep7,unep7,7,0.6668684481311914,0.21749744647293717
koppen_beck2023_future_ssp245_2041_2070,5class,5,0.3969984680343212,0.3310708529216906
koppen_beck2023_future_ssp245_2041_2070,13class_twoletter,13,0.38078082041366323,0.4058009177516726
koppen_beck2023_future_ssp245_2041_2070,30class,30,0.36760853840575375,0.4325969415683639
