axis,aggregation_level,n_classes,weighted_jaccard,hellinger_distance
koppen_beck2023,5class,5,0.40076152635518586,0.32906435705269277
koppen_beck2023,13class_twoletter,13,0.3734917565047069,0.4104296759189438
koppen_beck2023,30class,30,0.3496424510156036,0.4403558175001664
aridity_unep,5class,5,0.6935065461161923,0.21081980460399916
