site_id,year,n_months_present,has_data
AR-Bal,2012,0,FALSE
AR-Bal,2013,6,TRUE
AR-CCa,2012,2,TRUE
AR-CCa,2013,12,TRUE
AR-CCa,2014,12,TRUE
AR-CCa,2015,8,TRUE
AR-CCa,2016,12,TRUE
AR-CCa,2017,12,TRUE
AR-CCa,2018,12,TRUE
AR-CCa,2019,12,TRUE
AR-CCa,2020,12,TRUE
AR-CCg,2018,10,TRUE
AR-CCg,2019,12,TRUE
AR-CCg,2020,12,TRUE
AR-CCg,2021,12,TRUE
AR-CCg,2022,3,TRUE
AR-CCg,2023,9,TRUE
AR-CCg,2024,12,TRUE
AR-TF1,2016,11,TRUE
AR-TF1,2017,12,TRUE
AR-TF1,2018,5,TRUE
AR-TF2,2016,11,TRUE
AR-TF2,2017,12,TRUE
AR-TF2,2018,4,TRUE
AT-Mmg,2021,7,TRUE
AT-Mmg,2022,12,TRUE
AT-Mmg,2023,12,TRUE
AT-Mmg,2024,12,TRUE
AT-Neu,2002,12,TRUE
AT-Neu,2003,12,TRUE
AT-Neu,2004,12,TRUE
AT-Neu,2005,12,TRUE
AT-Neu,2006,12,TRUE
AT-Neu,2007,12,TRUE
AT-Neu,2008,12,TRUE
AT-Neu,2009,12,TRUE
AT-Neu,2010,12,TRUE
AT-Neu,2011,12,TRUE
AT-Neu,2012,12,TRUE
AT-Neu,2013,12,TRUE
AT-Neu,2014,12,TRUE
AT-Neu,2015,12,TRUE
AT-Neu,2016,12,TRUE
AT-Neu,2017,12,TRUE
AT-Neu,2018,12,TRUE
AT-Neu,2019,12,TRUE
AT-Neu,2020,12,TRUE
AT-Nsd,2018,6,TRUE
AT-Nsd,2019,12,TRUE
AT-Nsd,2020,12,TRUE
AT-Nsd,2021,12,TRUE
AT-Nsd,2022,12,TRUE
AT-PsM,2015,7,TRUE
AT-PsM,2016,12,TRUE
AT-PsM,2017,12,TRUE
AT-PsM,2018,12,TRUE
AT-PsM,2019,12,TRUE
AT-Zoe,2014,7,TRUE
AT-Zoe,2015,12,TRUE
AT-Zoe,2016,10,TRUE
AT-Zoe,2017,10,TRUE
AT-Zoe,2018,7,TRUE
AT-Zoe,2019,10,TRUE
AT-Zoe,2020,9,TRUE
AT-Zoe,2021,8,TRUE
AT-Zoe,2022,12,TRUE
AT-Zoe,2023,12,TRUE
AT-Zoe,2024,9,TRUE
AU-APL,2017,9,TRUE
AU-APL,2018,12,TRUE
AU-APL,2019,12,TRUE
AU-APL,2020,12,TRUE
AU-APL,2021,12,TRUE
AU-APL,2022,6,TRUE
AU-ASM,2010,4,TRUE
AU-ASM,2011,12,TRUE
AU-ASM,2012,12,TRUE
AU-ASM,2013,12,TRUE
AU-ASM,2014,12,TRUE
AU-ASM,2015,12,TRUE
AU-ASM,2016,12,TRUE
AU-ASM,2017,12,TRUE
AU-ASM,2018,12,TRUE
AU-ASM,2019,12,TRUE
AU-ASM,2020,12,TRUE
AU-ASM,2021,5,TRUE
AU-ASM,2022,7,TRUE
AU-ASM,2023,2,TRUE
AU-ASM,2024,4,TRUE
AU-ASM,2025,12,TRUE
AU-Ade,2007,3,TRUE
AU-Ade,2008,12,TRUE
AU-Ade,2009,5,TRUE
AU-Boy,2017,2,TRUE
AU-Boy,2018,12,TRUE
AU-Boy,2019,11,TRUE
AU-Boy,2020,12,TRUE
AU-Boy,2021,12,TRUE
AU-Boy,2022,12,TRUE
AU-Boy,2023,12,TRUE
AU-Boy,2024,12,TRUE
AU-Boy,2025,11,TRUE
AU-Col,2017,5,TRUE
AU-Col,2018,11,TRUE
AU-Col,2019,10,TRUE
AU-Cow,2009,10,TRUE
AU-Cow,2010,12,TRUE
AU-Cow,2011,12,TRUE
AU-Cow,2012,12,TRUE
AU-Cow,2013,12,TRUE
AU-Cow,2014,12,TRUE
AU-Cow,2015,12,TRUE
AU-Cow,2016,12,TRUE
AU-Cow,2017,12,TRUE
AU-Cow,2018,12,TRUE
AU-Cow,2019,12,TRUE
AU-Cow,2020,9,TRUE
AU-Cow,2021,12,TRUE
AU-Cow,2022,12,TRUE
AU-Cow,2023,7,TRUE
AU-Cow,2024,12,TRUE
AU-Cow,2025,11,TRUE
AU-Cpr,2010,5,TRUE
AU-Cpr,2011,12,TRUE
AU-Cpr,2012,12,TRUE
AU-Cpr,2013,12,TRUE
AU-Cpr,2014,10,TRUE
AU-Cpr,2015,12,TRUE
AU-Cpr,2016,12,TRUE
AU-Cpr,2017,12,TRUE
AU-Cpr,2018,12,TRUE
AU-Cpr,2019,12,TRUE
AU-Cpr,2020,12,TRUE
AU-Cpr,2021,12,TRUE
AU-Cpr,2022,12,TRUE
AU-Cpr,2023,12,TRUE
AU-Cpr,2024,12,TRUE
AU-Cpr,2025,12,TRUE
AU-Ctr,2010,12,TRUE
AU-Ctr,2011,12,TRUE
AU-Ctr,2012,12,TRUE
AU-Ctr,2013,12,TRUE
AU-Ctr,2014,10,TRUE
AU-Ctr,2015,12,TRUE
AU-Ctr,2016,12,TRUE
AU-Ctr,2017,12,TRUE
AU-Ctr,2018,9,TRUE
AU-Cum,2014,12,TRUE
AU-Cum,2015,12,TRUE
AU-Cum,2016,12,TRUE
AU-Cum,2017,12,TRUE
AU-Cum,2018,12,TRUE
AU-Cum,2019,12,TRUE
AU-Cum,2020,12,TRUE
AU-Cum,2021,12,TRUE
AU-Cum,2022,12,TRUE
AU-Cum,2023,12,TRUE
AU-Cum,2024,12,TRUE
AU-Cum,2025,12,TRUE
AU-DaP,2008,12,TRUE
AU-DaP,2009,12,TRUE
AU-DaP,2010,12,TRUE
AU-DaP,2011,12,TRUE
AU-DaP,2012,7,TRUE
AU-DaP,2013,8,TRUE
AU-DaS,2007,0,FALSE
AU-DaS,2008,12,TRUE
AU-DaS,2009,12,TRUE
AU-DaS,2010,12,TRUE
AU-DaS,2011,10,TRUE
AU-DaS,2012,12,TRUE
AU-DaS,2013,12,TRUE
AU-DaS,2014,12,TRUE
AU-DaS,2015,12,TRUE
AU-DaS,2016,12,TRUE
AU-DaS,2017,12,TRUE
AU-DaS,2018,12,TRUE
AU-DaS,2019,12,TRUE
AU-DaS,2020,12,TRUE
AU-DaS,2021,12,TRUE
AU-DaS,2022,11,TRUE
AU-DaS,2023,12,TRUE
AU-DaS,2024,12,TRUE
AU-DaS,2025,12,TRUE
AU-Dry,2009,1,TRUE
AU-Dry,2010,12,TRUE
AU-Dry,2011,11,TRUE
AU-Dry,2012,12,TRUE
AU-Dry,2013,3,TRUE
AU-Dry,2014,12,TRUE
AU-Dry,2015,10,TRUE
AU-Dry,2016,7,TRUE
AU-Dry,2017,9,TRUE
AU-Dry,2018,12,TRUE
AU-Dry,2019,12,TRUE
AU-Dry,2020,12,TRUE
AU-Dry,2021,11,TRUE
AU-Dry,2022,12,TRUE
AU-Dry,2023,12,TRUE
AU-Dry,2024,12,TRUE
AU-Dry,2025,3,TRUE
AU-Emr,2011,7,TRUE
AU-Emr,2012,12,TRUE
AU-Emr,2013,12,TRUE
AU-Fle,2022,9,TRUE
AU-Fle,2023,12,TRUE
AU-Fle,2024,12,TRUE
AU-Fle,2025,12,TRUE
AU-Fog,2006,11,TRUE
AU-Fog,2007,12,TRUE
AU-Fog,2008,10,TRUE
AU-GWW,2013,12,TRUE
AU-GWW,2014,12,TRUE
AU-GWW,2015,12,TRUE
AU-GWW,2016,12,TRUE
AU-GWW,2017,12,TRUE
AU-GWW,2018,12,TRUE
AU-GWW,2019,12,TRUE
AU-GWW,2020,12,TRUE
AU-GWW,2021,12,TRUE
AU-GWW,2022,7,TRUE
AU-GWW,2023,12,TRUE
AU-GWW,2024,12,TRUE
AU-GWW,2025,6,TRUE
AU-Gin,2011,3,TRUE
AU-Gin,2012,10,TRUE
AU-Gin,2013,12,TRUE
AU-Gin,2014,12,TRUE
AU-Gin,2015,12,TRUE
AU-Gin,2016,12,TRUE
AU-Gin,2017,12,TRUE
AU-Gin,2018,12,TRUE
AU-Gin,2019,12,TRUE
AU-Gin,2020,12,TRUE
AU-Gin,2021,12,TRUE
AU-Gin,2022,12,TRUE
AU-Gin,2023,12,TRUE
AU-Gin,2024,12,TRUE
AU-Gin,2025,6,TRUE
AU-How,2002,12,TRUE
AU-How,2003,12,TRUE
AU-How,2004,12,TRUE
AU-How,2005,12,TRUE
AU-How,2006,8,TRUE
AU-How,2007,10,TRUE
AU-How,2008,12,TRUE
AU-How,2009,10,TRUE
AU-How,2010,12,TRUE
AU-How,2011,12,TRUE
AU-How,2012,12,TRUE
AU-How,2013,12,TRUE
AU-How,2014,12,TRUE
AU-How,2015,12,TRUE
AU-How,2016,12,TRUE
AU-How,2017,12,TRUE
AU-How,2018,12,TRUE
AU-How,2019,12,TRUE
AU-How,2020,12,TRUE
AU-How,2021,12,TRUE
AU-How,2022,12,TRUE
AU-How,2023,12,TRUE
AU-How,2024,12,TRUE
AU-How,2025,8,TRUE
AU-Lit,2015,6,TRUE
AU-Lit,2016,12,TRUE
AU-Lit,2017,12,TRUE
AU-Lit,2018,12,TRUE
AU-Lit,2019,12,TRUE
AU-Lit,2020,12,TRUE
AU-Lit,2021,12,TRUE
AU-Lit,2022,8,TRUE
AU-Lit,2023,4,TRUE
AU-Lit,2024,10,TRUE
AU-Lit,2025,11,TRUE
AU-Lon,2018,3,TRUE
AU-Lon,2019,12,TRUE
AU-Lon,2020,12,TRUE
AU-Lon,2021,8,TRUE
AU-Lon,2022,12,TRUE
AU-Lon,2023,3,TRUE
AU-Lon,2024,10,TRUE
AU-Lox,2008,4,TRUE
AU-Lox,2009,5,TRUE
AU-MvA,2023,1,TRUE
AU-MvA,2024,12,TRUE
AU-MvB,2024,12,TRUE
AU-Otw,2007,5,TRUE
AU-Otw,2008,12,TRUE
AU-Otw,2009,12,TRUE
AU-Otw,2010,12,TRUE
AU-RDF,2011,3,TRUE
AU-RDF,2012,12,TRUE
AU-RDF,2013,7,TRUE
AU-Rgf,2015,2,TRUE
AU-Rgf,2016,12,TRUE
AU-Rgf,2017,9,TRUE
AU-Rgf,2018,10,TRUE
AU-Rgf,2019,12,TRUE
AU-Rgf,2020,12,TRUE
AU-Rgf,2021,12,TRUE
AU-Rgf,2022,11,TRUE
AU-Rgf,2023,12,TRUE
AU-Rgf,2024,12,TRUE
AU-Rgf,2025,9,TRUE
AU-Rig,2011,12,TRUE
AU-Rig,2012,12,TRUE
AU-Rig,2013,10,TRUE
AU-Rig,2014,12,TRUE
AU-Rig,2015,12,TRUE
AU-Rig,2016,12,TRUE
AU-Rig,2017,6,TRUE
AU-Rob,2013,5,TRUE
AU-Rob,2014,12,TRUE
AU-Rob,2015,12,TRUE
AU-Rob,2016,12,TRUE
AU-Rob,2017,12,TRUE
AU-Rob,2018,12,TRUE
AU-Rob,2019,12,TRUE
AU-Rob,2020,12,TRUE
AU-Rob,2021,12,TRUE
AU-Rob,2022,12,TRUE
AU-Rob,2023,12,TRUE
AU-Rob,2024,12,TRUE
AU-Rob,2025,11,TRUE
AU-Sam,2010,7,TRUE
AU-Sam,2011,8,TRUE
AU-Sam,2012,12,TRUE
AU-Sam,2013,12,TRUE
AU-Sam,2014,12,TRUE
AU-Sam,2015,12,TRUE
AU-Sam,2016,12,TRUE
AU-Sam,2017,12,TRUE
AU-Sil,2019,1,TRUE
AU-Sil,2020,12,TRUE
AU-Sil,2021,12,TRUE
AU-Sil,2022,12,TRUE
AU-Sil,2023,12,TRUE
AU-Sil,2024,12,TRUE
AU-Sno,2024,12,TRUE
AU-Sno,2025,7,TRUE
AU-Stp,2008,4,TRUE
AU-Stp,2009,9,TRUE
AU-Stp,2010,12,TRUE
AU-Stp,2011,12,TRUE
AU-Stp,2012,12,TRUE
AU-Stp,2013,11,TRUE
AU-Stp,2014,12,TRUE
AU-Stp,2015,12,TRUE
AU-Stp,2016,12,TRUE
AU-Stp,2017,12,TRUE
AU-Stp,2018,12,TRUE
AU-Stp,2019,12,TRUE
AU-Stp,2020,12,TRUE
AU-Stp,2021,12,TRUE
AU-Stp,2022,12,TRUE
AU-Stp,2023,12,TRUE
AU-Stp,2024,12,TRUE
AU-Stp,2025,6,TRUE
AU-TTE,2012,6,TRUE
AU-TTE,2013,12,TRUE
AU-TTE,2014,12,TRUE
AU-TTE,2015,12,TRUE
AU-TTE,2016,12,TRUE
AU-TTE,2017,12,TRUE
AU-TTE,2018,12,TRUE
AU-TTE,2019,12,TRUE
AU-TTE,2020,1,TRUE
AU-TTE,2021,12,TRUE
AU-TTE,2022,1,TRUE
AU-TTE,2023,0,FALSE
AU-TTE,2024,0,FALSE
AU-TTE,2025,7,TRUE
AU-Tum,2002,12,TRUE
AU-Tum,2003,12,TRUE
AU-Tum,2004,9,TRUE
AU-Tum,2005,12,TRUE
AU-Tum,2006,12,TRUE
AU-Tum,2007,12,TRUE
AU-Tum,2008,12,TRUE
AU-Tum,2009,12,TRUE
AU-Tum,2010,12,TRUE
AU-Tum,2011,12,TRUE
AU-Tum,2012,12,TRUE
AU-Tum,2013,12,TRUE
AU-Tum,2014,12,TRUE
AU-Tum,2015,12,TRUE
AU-Tum,2016,12,TRUE
AU-Tum,2017,12,TRUE
AU-Tum,2018,12,TRUE
AU-Tum,2019,12,TRUE
AU-Tum,2020,2,TRUE
AU-Tum,2021,12,TRUE
AU-Tum,2022,9,TRUE
AU-Wac,2005,3,TRUE
AU-Wac,2006,11,TRUE
AU-Wac,2007,10,TRUE
AU-Wac,2008,11,TRUE
AU-Wel,2024,12,TRUE
AU-Wel,2025,12,TRUE
AU-Wgt,2024,6,TRUE
AU-Wgt,2025,8,TRUE
AU-Whr,2011,1,TRUE
AU-Whr,2012,12,TRUE
AU-Whr,2013,12,TRUE
AU-Whr,2014,12,TRUE
AU-Whr,2015,12,TRUE
AU-Whr,2016,12,TRUE
AU-Whr,2017,7,TRUE
AU-Whr,2018,0,FALSE
AU-Whr,2019,7,TRUE
AU-Whr,2020,12,TRUE
AU-Whr,2021,12,TRUE
AU-Whr,2022,0,FALSE
AU-Whr,2023,6,TRUE
AU-Whr,2024,5,TRUE
AU-Whr,2025,12,TRUE
AU-Wom,2010,11,TRUE
AU-Wom,2011,12,TRUE
AU-Wom,2012,12,TRUE
AU-Wom,2013,12,TRUE
AU-Wom,2014,12,TRUE
AU-Wom,2015,12,TRUE
AU-Wom,2016,6,TRUE
AU-Wom,2017,11,TRUE
AU-Wom,2018,12,TRUE
AU-Wom,2019,10,TRUE
AU-Wom,2020,10,TRUE
AU-Wom,2021,5,TRUE
AU-Wom,2022,0,FALSE
AU-Wom,2023,0,FALSE
AU-Wom,2024,8,TRUE
AU-Wom,2025,12,TRUE
AU-Wrr,2013,10,TRUE
AU-Wrr,2014,7,TRUE
AU-Wrr,2015,5,TRUE
AU-Wrr,2016,10,TRUE
AU-Wrr,2017,12,TRUE
AU-Wrr,2018,7,TRUE
AU-Wrr,2019,9,TRUE
AU-Wrr,2020,12,TRUE
AU-Wrr,2021,9,TRUE
AU-Ya1,2023,12,TRUE
AU-Ya1,2024,12,TRUE
AU-Ya1,2025,6,TRUE
AU-Ya2,2023,12,TRUE
AU-Ya2,2024,12,TRUE
AU-Ya2,2025,6,TRUE
AU-Ync,2012,2,TRUE
AU-Ync,2013,12,TRUE
AU-Ync,2014,12,TRUE
AU-Ync,2015,12,TRUE
AU-Ync,2016,8,TRUE
AU-Ync,2017,12,TRUE
AU-Ync,2018,12,TRUE
AU-Ync,2019,12,TRUE
AU-Ync,2020,12,TRUE
AU-Ync,2021,12,TRUE
AU-Ync,2022,12,TRUE
AU-Ync,2023,12,TRUE
AU-Ync,2024,12,TRUE
AU-Ync,2025,9,TRUE
BE-Bra,1999,12,TRUE
BE-Bra,2000,12,TRUE
BE-Bra,2001,12,TRUE
BE-Bra,2002,12,TRUE
BE-Bra,2003,0,FALSE
BE-Bra,2004,0,FALSE
BE-Bra,2005,12,TRUE
BE-Bra,2006,12,TRUE
BE-Bra,2007,12,TRUE
BE-Bra,2008,12,TRUE
BE-Bra,2009,12,TRUE
BE-Bra,2010,12,TRUE
BE-Bra,2011,12,TRUE
BE-Bra,2012,12,TRUE
BE-Bra,2013,12,TRUE
BE-Bra,2014,12,TRUE
BE-Bra,2015,12,TRUE
BE-Bra,2016,12,TRUE
BE-Bra,2017,12,TRUE
BE-Bra,2018,12,TRUE
BE-Bra,2019,12,TRUE
BE-Bra,2020,12,TRUE
BE-Bra,2021,12,TRUE
BE-Bra,2022,12,TRUE
BE-Bra,2023,12,TRUE
BE-Bra,2024,12,TRUE
BE-Dor,2011,12,TRUE
BE-Dor,2012,12,TRUE
BE-Dor,2013,12,TRUE
BE-Dor,2014,12,TRUE
BE-Dor,2015,12,TRUE
BE-Dor,2016,12,TRUE
BE-Dor,2017,12,TRUE
BE-Dor,2018,12,TRUE
BE-Dor,2019,12,TRUE
BE-Dor,2020,12,TRUE
BE-Dor,2021,12,TRUE
BE-Dor,2022,12,TRUE
BE-Dor,2023,12,TRUE
BE-Dor,2024,12,TRUE
BE-Lcr,2019,12,TRUE
BE-Lcr,2020,12,TRUE
BE-Lcr,2021,12,TRUE
BE-Lcr,2022,12,TRUE
BE-Lon,2004,9,TRUE
BE-Lon,2005,12,TRUE
BE-Lon,2006,12,TRUE
BE-Lon,2007,12,TRUE
BE-Lon,2008,12,TRUE
BE-Lon,2009,12,TRUE
BE-Lon,2010,12,TRUE
BE-Lon,2011,12,TRUE
BE-Lon,2012,12,TRUE
BE-Lon,2013,12,TRUE
BE-Lon,2014,12,TRUE
BE-Lon,2015,12,TRUE
BE-Lon,2016,12,TRUE
BE-Lon,2017,12,TRUE
BE-Lon,2018,12,TRUE
BE-Lon,2019,12,TRUE
BE-Lon,2020,12,TRUE
BE-Lon,2021,12,TRUE
BE-Lon,2022,12,TRUE
BE-Lon,2023,12,TRUE
BE-Lon,2024,12,TRUE
BE-Maa,2016,12,TRUE
BE-Maa,2017,12,TRUE
BE-Maa,2018,12,TRUE
BE-Maa,2019,12,TRUE
BE-Maa,2020,12,TRUE
BE-Maa,2021,12,TRUE
BE-Maa,2022,12,TRUE
BE-Maa,2023,12,TRUE
BE-Maa,2024,12,TRUE
BE-Vie,1996,5,TRUE
BE-Vie,1997,12,TRUE
BE-Vie,1998,12,TRUE
BE-Vie,1999,12,TRUE
BE-Vie,2000,12,TRUE
BE-Vie,2001,12,TRUE
BE-Vie,2002,12,TRUE
BE-Vie,2003,12,TRUE
BE-Vie,2004,12,TRUE
BE-Vie,2005,12,TRUE
BE-Vie,2006,12,TRUE
BE-Vie,2007,12,TRUE
BE-Vie,2008,12,TRUE
BE-Vie,2009,10,TRUE
BE-Vie,2010,12,TRUE
BE-Vie,2011,12,TRUE
BE-Vie,2012,12,TRUE
BE-Vie,2013,12,TRUE
BE-Vie,2014,12,TRUE
BE-Vie,2015,12,TRUE
BE-Vie,2016,12,TRUE
BE-Vie,2017,12,TRUE
BE-Vie,2018,12,TRUE
BE-Vie,2019,12,TRUE
BE-Vie,2020,12,TRUE
BE-Vie,2021,12,TRUE
BE-Vie,2022,12,TRUE
BE-Vie,2023,12,TRUE
BE-Vie,2024,12,TRUE
BJ-Bfg,2008,6,TRUE
BJ-Bfg,2009,12,TRUE
BJ-Bfg,2010,10,TRUE
BJ-Bfg,2011,7,TRUE
BJ-Bfg,2012,10,TRUE
BJ-Bfg,2013,12,TRUE
BJ-Bfg,2014,12,TRUE
BJ-Bfg,2015,6,TRUE
BJ-Bfg,2016,8,TRUE
BJ-Bfg,2017,12,TRUE
BJ-Db1,2022,8,TRUE
BJ-Db1,2023,12,TRUE
BJ-Db1,2024,12,TRUE
BJ-Nhu,2008,12,TRUE
BJ-Nhu,2009,12,TRUE
BJ-Nhu,2010,12,TRUE
BJ-Nhu,2011,10,TRUE
BJ-Nhu,2012,11,TRUE
BJ-Nhu,2013,12,TRUE
BJ-Nhu,2014,12,TRUE
BJ-Nhu,2015,10,TRUE
BJ-Nhu,2016,12,TRUE
BJ-Nhu,2017,12,TRUE
BR-CST,2014,7,TRUE
BR-CST,2015,7,TRUE
BR-ITA,2020,2,TRUE
BR-ITA,2021,12,TRUE
BR-ITA,2022,12,TRUE
BR-ITA,2023,12,TRUE
BR-ITA,2024,8,TRUE
BR-Ji3,2004,9,TRUE
BR-Ji3,2005,12,TRUE
BR-Ji3,2006,12,TRUE
BR-Ji3,2007,7,TRUE
BR-Ji3,2008,12,TRUE
BR-Ji3,2009,12,TRUE
BR-Ji3,2010,7,TRUE
BR-Ma2,1999,6,TRUE
BR-Ma2,2000,12,TRUE
BR-Ma2,2001,9,TRUE
BR-Ma2,2002,12,TRUE
BR-Ma2,2003,12,TRUE
BR-Ma2,2004,12,TRUE
BR-Ma2,2005,12,TRUE
BR-Ma2,2006,12,TRUE
BR-Ma2,2007,12,TRUE
BR-Ma2,2008,12,TRUE
BR-Ma2,2009,12,TRUE
BR-Ma2,2010,12,TRUE
BR-Ma2,2011,12,TRUE
BR-Ma2,2012,12,TRUE
BR-Ma2,2013,12,TRUE
BR-Ma2,2014,12,TRUE
BR-Ma2,2015,10,TRUE
BR-Ma2,2016,12,TRUE
BR-Ma3,2008,6,TRUE
BR-Ma3,2009,11,TRUE
BR-Ma3,2010,1,TRUE
BR-Ma3,2011,9,TRUE
BR-Ma3,2012,10,TRUE
BR-Ma3,2013,8,TRUE
BR-Ma3,2014,8,TRUE
BR-Ma3,2015,11,TRUE
BR-Ma3,2016,4,TRUE
BR-Ma3,2017,9,TRUE
BR-Ma3,2018,8,TRUE
BR-Npw,2013,1,TRUE
BR-Npw,2014,6,TRUE
BR-Npw,2015,12,TRUE
BR-Npw,2016,12,TRUE
BR-Npw,2017,6,TRUE
BR-SM1,2015,4,TRUE
BR-SM1,2016,8,TRUE
BR-Sa1,2002,12,TRUE
BR-Sa1,2003,12,TRUE
BR-Sa1,2004,12,TRUE
BR-Sa1,2005,12,TRUE
BR-Sa1,2006,1,TRUE
BR-Sa1,2007,0,FALSE
BR-Sa1,2008,5,TRUE
BR-Sa1,2009,12,TRUE
BR-Sa1,2010,12,TRUE
BR-Sa1,2011,12,TRUE
BR-Sa3,2000,6,TRUE
BR-Sa3,2001,12,TRUE
BR-Sa3,2002,12,TRUE
BR-Sa3,2003,12,TRUE
BR-Sa3,2004,2,TRUE
BR-Xpw,2017,1,TRUE
BR-Xpw,2018,12,TRUE
BR-Xpw,2019,12,TRUE
BR-Xpw,2020,12,TRUE
BR-Xpw,2021,12,TRUE
BR-Xpw,2022,8,TRUE
BW-Gum,2018,10,TRUE
BW-Gum,2019,12,TRUE
BW-Gum,2020,9,TRUE
BW-Nxr,2019,10,TRUE
BW-Nxr,2020,9,TRUE
CA-ARB,2011,9,TRUE
CA-ARB,2012,12,TRUE
CA-ARB,2013,12,TRUE
CA-ARB,2014,12,TRUE
CA-ARB,2015,12,TRUE
CA-ARB,2016,12,TRUE
CA-ARB,2017,12,TRUE
CA-ARB,2018,10,TRUE
CA-ARB,2019,9,TRUE
CA-ARB,2020,9,TRUE
CA-ARB,2021,7,TRUE
CA-ARB,2022,10,TRUE
CA-ARB,2023,0,FALSE
CA-ARB,2024,9,TRUE
CA-ARF,2011,9,TRUE
CA-ARF,2012,11,TRUE
CA-ARF,2013,12,TRUE
CA-ARF,2014,12,TRUE
CA-ARF,2015,12,TRUE
CA-ARF,2016,12,TRUE
CA-ARF,2017,12,TRUE
CA-ARF,2018,12,TRUE
CA-ARF,2019,11,TRUE
CA-ARF,2020,8,TRUE
CA-ARF,2021,7,TRUE
CA-ARF,2022,9,TRUE
CA-ARF,2023,11,TRUE
CA-ARF,2024,9,TRUE
CA-BOU,2018,5,TRUE
CA-BOU,2019,9,TRUE
CA-BOU,2020,5,TRUE
CA-CF1,2007,3,TRUE
CA-CF1,2008,5,TRUE
CA-CF2,2008,4,TRUE
CA-CF2,2009,4,TRUE
CA-CF2,2010,6,TRUE
CA-CF2,2011,6,TRUE
CA-CF3,2022,4,TRUE
CA-CF3,2023,12,TRUE
CA-CF3,2024,12,TRUE
CA-CF3,2025,12,TRUE
CA-Ca1,1997,3,TRUE
CA-Ca1,1998,12,TRUE
CA-Ca1,1999,12,TRUE
CA-Ca1,2000,12,TRUE
CA-Ca1,2001,12,TRUE
CA-Ca1,2002,12,TRUE
CA-Ca1,2003,12,TRUE
CA-Ca1,2004,12,TRUE
CA-Ca1,2005,12,TRUE
CA-Ca1,2006,12,TRUE
CA-Ca1,2007,12,TRUE
CA-Ca1,2008,12,TRUE
CA-Ca1,2009,12,TRUE
CA-Ca1,2010,12,TRUE
CA-Ca2,2000,5,TRUE
CA-Ca2,2001,12,TRUE
CA-Ca2,2002,12,TRUE
CA-Ca2,2003,12,TRUE
CA-Ca2,2004,12,TRUE
CA-Ca2,2005,12,TRUE
CA-Ca2,2006,12,TRUE
CA-Ca2,2007,12,TRUE
CA-Ca2,2008,12,TRUE
CA-Ca2,2009,12,TRUE
CA-Ca2,2010,12,TRUE
CA-Ca3,2001,4,TRUE
CA-Ca3,2002,12,TRUE
CA-Ca3,2003,12,TRUE
CA-Ca3,2004,12,TRUE
CA-Ca3,2005,12,TRUE
CA-Ca3,2006,12,TRUE
CA-Ca3,2007,12,TRUE
CA-Ca3,2008,12,TRUE
CA-Ca3,2009,12,TRUE
CA-Ca3,2010,12,TRUE
CA-Ca3,2011,12,TRUE
CA-Ca3,2012,12,TRUE
CA-Ca3,2013,12,TRUE
CA-Ca3,2014,12,TRUE
CA-Ca3,2015,12,TRUE
CA-Ca3,2016,12,TRUE
CA-Ca3,2017,12,TRUE
CA-Ca3,2018,12,TRUE
CA-Ca3,2019,12,TRUE
CA-Ca3,2020,12,TRUE
CA-Ca3,2021,12,TRUE
CA-Ca3,2022,12,TRUE
CA-Ca3,2023,12,TRUE
CA-Ca3,2024,12,TRUE
CA-Cbo,1996,12,TRUE
CA-Cbo,1997,12,TRUE
CA-Cbo,1998,12,TRUE
CA-Cbo,1999,12,TRUE
CA-Cbo,2000,12,TRUE
CA-Cbo,2001,10,TRUE
CA-Cbo,2002,12,TRUE
CA-Cbo,2003,10,TRUE
CA-Cbo,2004,0,FALSE
CA-Cbo,2005,9,TRUE
CA-Cbo,2006,12,TRUE
CA-Cbo,2007,12,TRUE
CA-Cbo,2008,12,TRUE
CA-Cbo,2009,12,TRUE
CA-Cbo,2010,12,TRUE
CA-Cbo,2011,12,TRUE
CA-Cbo,2012,12,TRUE
CA-Cbo,2013,12,TRUE
CA-Cbo,2014,12,TRUE
CA-Cbo,2015,12,TRUE
CA-Cbo,2016,12,TRUE
CA-Cbo,2017,12,TRUE
CA-Cbo,2018,12,TRUE
CA-Cbo,2019,12,TRUE
CA-Cbo,2020,12,TRUE
CA-Cbo,2021,12,TRUE
CA-Cbo,2022,12,TRUE
CA-Cbo,2023,12,TRUE
CA-Cbo,2024,12,TRUE
CA-DB2,2019,2,TRUE
CA-DB2,2020,12,TRUE
CA-DB2,2021,12,TRUE
CA-DB2,2022,12,TRUE
CA-DB2,2023,12,TRUE
CA-DB2,2024,12,TRUE
CA-DBB,2015,8,TRUE
CA-DBB,2016,12,TRUE
CA-DBB,2017,12,TRUE
CA-DBB,2018,12,TRUE
CA-DBB,2019,12,TRUE
CA-DBB,2020,12,TRUE
CA-DBB,2021,12,TRUE
CA-DBB,2022,0,FALSE
CA-DBB,2023,12,TRUE
CA-DBB,2024,12,TRUE
CA-DSM,2021,4,TRUE
CA-DSM,2022,12,TRUE
CA-DSM,2023,12,TRUE
CA-DSM,2024,12,TRUE
CA-EM1,2021,8,TRUE
CA-EM1,2022,12,TRUE
CA-EM1,2023,12,TRUE
CA-EM2,2021,8,TRUE
CA-EM2,2022,12,TRUE
CA-EM2,2023,12,TRUE
CA-Gro,2003,4,TRUE
CA-Gro,2004,12,TRUE
CA-Gro,2005,12,TRUE
CA-Gro,2006,12,TRUE
CA-Gro,2007,12,TRUE
CA-Gro,2008,12,TRUE
CA-Gro,2009,12,TRUE
CA-Gro,2010,12,TRUE
CA-Gro,2011,12,TRUE
CA-Gro,2012,12,TRUE
CA-Gro,2013,12,TRUE
CA-Gro,2014,5,TRUE
CA-HPC,2018,8,TRUE
CA-KLP,2011,9,TRUE
CA-KLP,2012,12,TRUE
CA-KLP,2013,12,TRUE
CA-KLP,2014,12,TRUE
CA-KLP,2015,12,TRUE
CA-KLP,2016,12,TRUE
CA-KLP,2017,12,TRUE
CA-KLP,2018,10,TRUE
CA-KLP,2019,9,TRUE
CA-KLP,2020,9,TRUE
CA-LP1,2007,11,TRUE
CA-LP1,2008,12,TRUE
CA-LP1,2009,12,TRUE
CA-LP1,2010,12,TRUE
CA-LP1,2011,12,TRUE
CA-LP1,2012,11,TRUE
CA-LP1,2013,12,TRUE
CA-LP1,2014,12,TRUE
CA-LP1,2015,12,TRUE
CA-LP1,2016,12,TRUE
CA-LP1,2017,12,TRUE
CA-LP1,2018,12,TRUE
CA-LP1,2019,12,TRUE
CA-LP1,2020,12,TRUE
CA-LP1,2021,10,TRUE
CA-LP1,2022,12,TRUE
CA-LP1,2023,12,TRUE
CA-LP1,2024,12,TRUE
CA-LU1,2020,4,TRUE
CA-LU1,2021,11,TRUE
CA-LU1,2022,12,TRUE
CA-LU1,2023,5,TRUE
CA-LU2,2020,2,TRUE
CA-LU2,2021,7,TRUE
CA-LU2,2022,12,TRUE
CA-LU2,2023,10,TRUE
CA-MA1,2009,7,TRUE
CA-MA1,2010,9,TRUE
CA-MA1,2011,8,TRUE
CA-MA2,2009,8,TRUE
CA-MA2,2010,7,TRUE
CA-MA2,2011,9,TRUE
CA-MA3,2009,8,TRUE
CA-MA3,2010,8,TRUE
CA-MA3,2011,9,TRUE
CA-Man,1994,9,TRUE
CA-Man,1995,12,TRUE
CA-Man,1996,12,TRUE
CA-Man,1997,10,TRUE
CA-Man,1998,12,TRUE
CA-Man,1999,12,TRUE
CA-Man,2000,12,TRUE
CA-Man,2001,12,TRUE
CA-Man,2002,12,TRUE
CA-Man,2003,12,TRUE
CA-Man,2004,12,TRUE
CA-Man,2005,12,TRUE
CA-Man,2006,12,TRUE
CA-Man,2007,12,TRUE
CA-Man,2008,11,TRUE
CA-Mer,1998,7,TRUE
CA-Mer,1999,12,TRUE
CA-Mer,2000,12,TRUE
CA-Mer,2001,12,TRUE
CA-Mer,2002,12,TRUE
CA-Mer,2003,12,TRUE
CA-Mer,2004,12,TRUE
CA-Mer,2005,12,TRUE
CA-Mer,2006,12,TRUE
CA-Mer,2007,12,TRUE
CA-Mer,2008,12,TRUE
CA-Mer,2009,12,TRUE
CA-Mer,2010,12,TRUE
CA-Mer,2011,12,TRUE
CA-Mer,2012,12,TRUE
CA-Mer,2013,12,TRUE
CA-Mer,2014,12,TRUE
CA-Mer,2015,12,TRUE
CA-Mer,2016,12,TRUE
CA-Mer,2017,12,TRUE
CA-Mer,2018,12,TRUE
CA-Mer,2019,12,TRUE
CA-Mer,2020,12,TRUE
CA-Mtk,2024,4,TRUE
CA-Na1,2003,5,TRUE
CA-Na1,2004,12,TRUE
CA-Na1,2005,12,TRUE
CA-Ojp,1999,5,TRUE
CA-Ojp,2000,12,TRUE
CA-Ojp,2001,12,TRUE
CA-Ojp,2002,12,TRUE
CA-Ojp,2003,12,TRUE
CA-Ojp,2004,12,TRUE
CA-Ojp,2005,12,TRUE
CA-Ojp,2006,12,TRUE
CA-Ojp,2007,12,TRUE
CA-Ojp,2008,12,TRUE
CA-Ojp,2009,12,TRUE
CA-Ojp,2010,12,TRUE
CA-PB1,2016,3,TRUE
CA-PB1,2017,8,TRUE
CA-PB1,2018,2,TRUE
CA-PB1,2019,11,TRUE
CA-PB1,2020,2,TRUE
CA-PB1,2021,3,TRUE
CA-PB1,2022,8,TRUE
CA-PB1,2023,2,TRUE
CA-PB1,2024,9,TRUE
CA-PB2,2017,4,TRUE
CA-PB2,2018,12,TRUE
CA-PB2,2019,10,TRUE
CA-PB2,2020,1,TRUE
CA-PB2,2021,3,TRUE
CA-PB2,2022,10,TRUE
CA-PB2,2023,8,TRUE
CA-PB2,2024,10,TRUE
CA-Qc2,2007,6,TRUE
CA-Qc2,2008,12,TRUE
CA-Qc2,2009,12,TRUE
CA-Qc2,2010,12,TRUE
CA-Qfo,2003,6,TRUE
CA-Qfo,2004,12,TRUE
CA-Qfo,2005,12,TRUE
CA-Qfo,2006,12,TRUE
CA-Qfo,2007,12,TRUE
CA-Qfo,2008,12,TRUE
CA-Qfo,2009,12,TRUE
CA-Qfo,2010,12,TRUE
CA-RBM,2022,7,TRUE
CA-RBM,2023,12,TRUE
CA-RBM,2024,12,TRUE
CA-SCB,2014,8,TRUE
CA-SCB,2015,7,TRUE
CA-SCB,2016,12,TRUE
CA-SCB,2017,9,TRUE
CA-SCB,2018,9,TRUE
CA-SCB,2019,7,TRUE
CA-SCC,2013,8,TRUE
CA-SCC,2014,12,TRUE
CA-SCC,2015,12,TRUE
CA-SCC,2016,12,TRUE
CA-SCC,2017,12,TRUE
CA-SCC,2018,12,TRUE
CA-SCC,2019,7,TRUE
CA-SCC,2020,0,FALSE
CA-SCC,2021,0,FALSE
CA-SCC,2022,0,FALSE
CA-SCC,2023,10,TRUE
CA-SCC,2024,5,TRUE
CA-SF1,2003,6,TRUE
CA-SF1,2004,12,TRUE
CA-SF1,2005,12,TRUE
CA-SF1,2006,11,TRUE
CA-SF2,2001,5,TRUE
CA-SF2,2002,9,TRUE
CA-SF2,2003,12,TRUE
CA-SF2,2004,12,TRUE
CA-SF2,2005,10,TRUE
CA-SF3,2001,9,TRUE
CA-SF3,2002,5,TRUE
CA-SF3,2003,12,TRUE
CA-SF3,2004,12,TRUE
CA-SF3,2005,12,TRUE
CA-SF3,2006,9,TRUE
CA-SJ2,2003,9,TRUE
CA-SJ2,2004,12,TRUE
CA-SJ2,2005,12,TRUE
CA-SJ2,2006,12,TRUE
CA-SJ2,2007,12,TRUE
CA-SJ2,2008,7,TRUE
CA-SMC,2018,11,TRUE
CA-TP1,2002,7,TRUE
CA-TP1,2003,10,TRUE
CA-TP1,2004,11,TRUE
CA-TP1,2005,10,TRUE
CA-TP1,2006,10,TRUE
CA-TP1,2007,10,TRUE
CA-TP1,2008,8,TRUE
CA-TP1,2009,12,TRUE
CA-TP1,2010,12,TRUE
CA-TP1,2011,12,TRUE
CA-TP1,2012,12,TRUE
CA-TP1,2013,12,TRUE
CA-TP1,2014,12,TRUE
CA-TP1,2015,12,TRUE
CA-TP1,2016,12,TRUE
CA-TP1,2017,12,TRUE
CA-TP1,2018,12,TRUE
CA-TP1,2019,12,TRUE
CA-TP1,2020,12,TRUE
CA-TP1,2021,12,TRUE
CA-TP1,2022,12,TRUE
CA-TP1,2023,12,TRUE
CA-TP2,2002,6,TRUE
CA-TP2,2003,12,TRUE
CA-TP2,2004,12,TRUE
CA-TP2,2005,12,TRUE
CA-TP2,2006,10,TRUE
CA-TP2,2007,7,TRUE
CA-TP3,2002,5,TRUE
CA-TP3,2003,12,TRUE
CA-TP3,2004,12,TRUE
CA-TP3,2005,12,TRUE
CA-TP3,2006,9,TRUE
CA-TP3,2007,10,TRUE
CA-TP3,2008,12,TRUE
CA-TP3,2009,12,TRUE
CA-TP3,2010,12,TRUE
CA-TP3,2011,12,TRUE
CA-TP3,2012,12,TRUE
CA-TP3,2013,12,TRUE
CA-TP3,2014,12,TRUE
CA-TP3,2015,12,TRUE
CA-TP3,2016,12,TRUE
CA-TP3,2017,12,TRUE
CA-TP3,2018,12,TRUE
CA-TP3,2019,12,TRUE
CA-TP3,2020,12,TRUE
CA-TP3,2021,12,TRUE
CA-TP3,2022,12,TRUE
CA-TP3,2023,12,TRUE
CA-TP4,2002,8,TRUE
CA-TP4,2003,10,TRUE
CA-TP4,2004,12,TRUE
CA-TP4,2005,12,TRUE
CA-TP4,2006,12,TRUE
CA-TP4,2007,12,TRUE
CA-TP4,2008,12,TRUE
CA-TP4,2009,12,TRUE
CA-TP4,2010,12,TRUE
CA-TP4,2011,12,TRUE
CA-TP4,2012,12,TRUE
CA-TP4,2013,12,TRUE
CA-TP4,2014,12,TRUE
CA-TP4,2015,12,TRUE
CA-TP4,2016,12,TRUE
CA-TP4,2017,12,TRUE
CA-TP4,2018,12,TRUE
CA-TP4,2019,12,TRUE
CA-TP4,2020,12,TRUE
CA-TP4,2021,12,TRUE
CA-TP4,2022,12,TRUE
CA-TP4,2023,12,TRUE
CA-TPA,2020,6,TRUE
CA-TPA,2021,12,TRUE
CA-TPA,2022,12,TRUE
CA-TPA,2023,12,TRUE
CA-TPD,2012,12,TRUE
CA-TPD,2013,12,TRUE
CA-TPD,2014,12,TRUE
CA-TPD,2015,12,TRUE
CA-TPD,2016,12,TRUE
CA-TPD,2017,12,TRUE
CA-TPD,2018,12,TRUE
CA-TPD,2019,12,TRUE
CA-TPD,2020,12,TRUE
CA-TPD,2021,12,TRUE
CA-TPD,2022,12,TRUE
CA-TPD,2023,12,TRUE
CA-TVC,2017,9,TRUE
CD-Ygb,2020,3,TRUE
CD-Ygb,2021,6,TRUE
CD-Ygb,2022,12,TRUE
CD-Ygb,2023,12,TRUE
CD-Ygb,2024,12,TRUE
CG-Tch,2006,6,TRUE
CG-Tch,2007,12,TRUE
CG-Tch,2008,11,TRUE
CG-Tch,2009,10,TRUE
CH-Aws,2006,3,TRUE
CH-Aws,2007,5,TRUE
CH-Aws,2008,5,TRUE
CH-Aws,2009,5,TRUE
CH-Aws,2010,6,TRUE
CH-Aws,2011,6,TRUE
CH-Aws,2012,0,FALSE
CH-Aws,2013,6,TRUE
CH-Aws,2014,7,TRUE
CH-Aws,2015,12,TRUE
CH-Aws,2016,12,TRUE
CH-Aws,2017,12,TRUE
CH-Aws,2018,12,TRUE
CH-Aws,2019,12,TRUE
CH-Aws,2020,12,TRUE
CH-Aws,2021,12,TRUE
CH-Aws,2022,12,TRUE
CH-Aws,2023,12,TRUE
CH-Aws,2024,12,TRUE
CH-Cha,2005,5,TRUE
CH-Cha,2006,12,TRUE
CH-Cha,2007,12,TRUE
CH-Cha,2008,12,TRUE
CH-Cha,2009,0,FALSE
CH-Cha,2010,12,TRUE
CH-Cha,2011,12,TRUE
CH-Cha,2012,12,TRUE
CH-Cha,2013,12,TRUE
CH-Cha,2014,12,TRUE
CH-Cha,2015,12,TRUE
CH-Cha,2016,12,TRUE
CH-Cha,2017,12,TRUE
CH-Cha,2018,12,TRUE
CH-Cha,2019,12,TRUE
CH-Cha,2020,12,TRUE
CH-Cha,2021,12,TRUE
CH-Cha,2022,12,TRUE
CH-Cha,2023,12,TRUE
CH-Cha,2024,12,TRUE
CH-Crs,2015,12,TRUE
CH-Crs,2016,12,TRUE
CH-Dav,1997,12,TRUE
CH-Dav,1998,12,TRUE
CH-Dav,1999,12,TRUE
CH-Dav,2000,12,TRUE
CH-Dav,2001,12,TRUE
CH-Dav,2002,12,TRUE
CH-Dav,2003,12,TRUE
CH-Dav,2004,12,TRUE
CH-Dav,2005,12,TRUE
CH-Dav,2006,12,TRUE
CH-Dav,2007,12,TRUE
CH-Dav,2008,12,TRUE
CH-Dav,2009,12,TRUE
CH-Dav,2010,12,TRUE
CH-Dav,2011,12,TRUE
CH-Dav,2012,12,TRUE
CH-Dav,2013,12,TRUE
CH-Dav,2014,12,TRUE
CH-Dav,2015,12,TRUE
CH-Dav,2016,12,TRUE
CH-Dav,2017,12,TRUE
CH-Dav,2018,12,TRUE
CH-Dav,2019,12,TRUE
CH-Dav,2020,12,TRUE
CH-Dav,2021,12,TRUE
CH-Dav,2022,12,TRUE
CH-Dav,2023,12,TRUE
CH-Dav,2024,12,TRUE
CH-For,2024,10,TRUE
CH-Frk,2013,7,TRUE
CH-Frk,2014,10,TRUE
CH-Fru,2005,6,TRUE
CH-Fru,2006,12,TRUE
CH-Fru,2007,12,TRUE
CH-Fru,2008,12,TRUE
CH-Fru,2009,8,TRUE
CH-Fru,2010,11,TRUE
CH-Fru,2011,12,TRUE
CH-Fru,2012,12,TRUE
CH-Fru,2013,12,TRUE
CH-Fru,2014,12,TRUE
CH-Fru,2015,12,TRUE
CH-Fru,2016,12,TRUE
CH-Fru,2017,12,TRUE
CH-Fru,2018,12,TRUE
CH-Fru,2019,12,TRUE
CH-Fru,2020,12,TRUE
CH-Fru,2021,12,TRUE
CH-Fru,2022,12,TRUE
CH-Fru,2023,12,TRUE
CH-Fru,2024,12,TRUE
CH-Lae,2004,9,TRUE
CH-Lae,2005,12,TRUE
CH-Lae,2006,12,TRUE
CH-Lae,2007,12,TRUE
CH-Lae,2008,12,TRUE
CH-Lae,2009,12,TRUE
CH-Lae,2010,12,TRUE
CH-Lae,2011,12,TRUE
CH-Lae,2012,12,TRUE
CH-Lae,2013,12,TRUE
CH-Lae,2014,12,TRUE
CH-Lae,2015,12,TRUE
CH-Lae,2016,12,TRUE
CH-Lae,2017,12,TRUE
CH-Lae,2018,12,TRUE
CH-Lae,2019,12,TRUE
CH-Lae,2020,12,TRUE
CH-Lae,2021,12,TRUE
CH-Lae,2022,12,TRUE
CH-Lae,2023,12,TRUE
CH-Lae,2024,12,TRUE
CH-Oe1,2002,12,TRUE
CH-Oe1,2003,12,TRUE
CH-Oe1,2004,12,TRUE
CH-Oe1,2005,12,TRUE
CH-Oe1,2006,12,TRUE
CH-Oe1,2007,12,TRUE
CH-Oe1,2008,12,TRUE
CH-Oe1,2009,12,TRUE
CH-Oe1,2010,12,TRUE
CH-Oe1,2011,12,TRUE
CH-Oe2,2004,12,TRUE
CH-Oe2,2005,12,TRUE
CH-Oe2,2006,12,TRUE
CH-Oe2,2007,12,TRUE
CH-Oe2,2008,12,TRUE
CH-Oe2,2009,12,TRUE
CH-Oe2,2010,12,TRUE
CH-Oe2,2011,12,TRUE
CH-Oe2,2012,12,TRUE
CH-Oe2,2013,12,TRUE
CH-Oe2,2014,12,TRUE
CH-Oe2,2015,12,TRUE
CH-Oe2,2016,12,TRUE
CH-Oe2,2017,12,TRUE
CH-Oe2,2018,12,TRUE
CH-Oe2,2019,12,TRUE
CH-Oe2,2020,12,TRUE
CH-Oe2,2021,12,TRUE
CH-Oe2,2022,12,TRUE
CH-Oe2,2023,12,TRUE
CH-Oe2,2024,12,TRUE
CH-Oe3,2002,9,TRUE
CH-Oe3,2003,12,TRUE
CH-Oe3,2004,12,TRUE
CH-Oe3,2005,12,TRUE
CH-Oe3,2006,12,TRUE
CH-Oe3,2007,12,TRUE
CH-Oe3,2008,12,TRUE
CH-Oe3,2009,12,TRUE
CH-Oe3,2010,12,TRUE
CH-Oe3,2011,12,TRUE
CH-Rh1,2018,10,TRUE
CH-Rh1,2019,12,TRUE
CH-Rh1,2020,12,TRUE
CH-Rh1,2021,12,TRUE
CH-Rh2,2018,10,TRUE
CH-Rh2,2019,12,TRUE
CH-Rh2,2020,12,TRUE
CH-Rh2,2021,12,TRUE
CH-Rtb,2009,8,TRUE
CH-Rtb,2010,12,TRUE
CH-Rtb,2011,12,TRUE
CH-Rtb,2012,12,TRUE
CH-Rtb,2013,12,TRUE
CH-Rtb,2014,12,TRUE
CH-Rtb,2015,12,TRUE
CH-Rtb,2016,12,TRUE
CH-Rtb,2017,12,TRUE
CH-Rtb,2018,12,TRUE
CH-Rtb,2019,12,TRUE
CH-Rtb,2020,12,TRUE
CH-Rtb,2021,12,TRUE
CH-Rtb,2022,12,TRUE
CH-Tnk,2024,12,TRUE
CL-ACF,2018,11,TRUE
CL-ACF,2019,12,TRUE
CL-ACF,2020,12,TRUE
CL-SDF,2014,12,TRUE
CL-SDF,2015,10,TRUE
CL-SDF,2016,11,TRUE
CL-SDF,2017,10,TRUE
CL-SDF,2018,12,TRUE
CL-SDF,2019,12,TRUE
CL-SDF,2020,12,TRUE
CL-SDF,2021,10,TRUE
CL-SDP,2014,12,TRUE
CL-SDP,2015,12,TRUE
CL-SDP,2016,12,TRUE
CL-SDP,2017,12,TRUE
CL-SDP,2018,12,TRUE
CL-SDP,2019,12,TRUE
CL-SDP,2020,12,TRUE
CL-SDP,2021,12,TRUE
CN-Aro,2013,6,TRUE
CN-Aro,2014,12,TRUE
CN-Aro,2015,12,TRUE
CN-Aro,2016,12,TRUE
CN-Aro,2017,12,TRUE
CN-Aro,2018,12,TRUE
CN-Aro,2019,12,TRUE
CN-Aro,2020,12,TRUE
CN-Aro,2021,12,TRUE
CN-Aro,2022,12,TRUE
CN-Aro,2023,12,TRUE
CN-Aro,2024,12,TRUE
CN-Ash,2009,12,TRUE
CN-Ash,2010,12,TRUE
CN-Ash,2011,12,TRUE
CN-Ash,2012,12,TRUE
CN-Ash,2013,12,TRUE
CN-Ash,2014,12,TRUE
CN-Ash,2015,12,TRUE
CN-Ash,2016,12,TRUE
CN-Ash,2017,12,TRUE
CN-Ash,2018,12,TRUE
CN-Ash,2019,12,TRUE
CN-BeO,2012,12,TRUE
CN-BeO,2013,12,TRUE
CN-BeO,2014,12,TRUE
CN-BeO,2015,12,TRUE
CN-BeO,2016,12,TRUE
CN-BeO,2017,12,TRUE
CN-BeO,2018,12,TRUE
CN-BeO,2019,12,TRUE
CN-BeO,2020,12,TRUE
CN-DaW,2011,12,TRUE
CN-DaW,2012,0,FALSE
CN-DaW,2013,0,FALSE
CN-DaW,2014,0,FALSE
CN-DaW,2015,0,FALSE
CN-DaW,2016,12,TRUE
CN-DaW,2017,12,TRUE
CN-DaW,2018,12,TRUE
CN-DaW,2019,11,TRUE
CN-Dan,2011,12,TRUE
CN-Dan,2012,0,FALSE
CN-Dan,2013,0,FALSE
CN-Dan,2014,0,FALSE
CN-Dan,2015,0,FALSE
CN-Dan,2016,12,TRUE
CN-Dan,2017,12,TRUE
CN-Dan,2018,12,TRUE
CN-Dan,2019,12,TRUE
CN-Dan,2020,12,TRUE
CN-Dda,2011,12,TRUE
CN-Dda,2012,12,TRUE
CN-Dda,2013,0,FALSE
CN-Dda,2014,12,TRUE
CN-Din,2010,12,TRUE
CN-Din,2011,12,TRUE
CN-Din,2012,12,TRUE
CN-Din,2013,12,TRUE
CN-Din,2014,12,TRUE
CN-Din,2015,12,TRUE
CN-Din,2016,0,FALSE
CN-Din,2017,0,FALSE
CN-Din,2018,0,FALSE
CN-Din,2019,12,TRUE
CN-Din,2020,12,TRUE
CN-Dmn,2012,7,TRUE
CN-Dmn,2013,12,TRUE
CN-Dmn,2014,12,TRUE
CN-Dmn,2015,12,TRUE
CN-Dmn,2016,12,TRUE
CN-Dmn,2017,12,TRUE
CN-Dmn,2018,12,TRUE
CN-Dmn,2019,12,TRUE
CN-Dmn,2020,12,TRUE
CN-Dmn,2021,12,TRUE
CN-Dmn,2022,12,TRUE
CN-Dmn,2023,12,TRUE
CN-Dmn,2024,12,TRUE
CN-Dsh,2013,5,TRUE
CN-Dsh,2014,12,TRUE
CN-Dsh,2015,12,TRUE
CN-Dsh,2016,12,TRUE
CN-Dsh,2017,12,TRUE
CN-Dsh,2018,12,TRUE
CN-Dsh,2019,12,TRUE
CN-Dsh,2020,12,TRUE
CN-Dsh,2021,12,TRUE
CN-Dsh,2022,12,TRUE
CN-Dsh,2023,12,TRUE
CN-Dsh,2024,12,TRUE
CN-Du2,2011,10,TRUE
CN-Du2,2012,8,TRUE
CN-Du2,2013,12,TRUE
CN-Du2,2014,12,TRUE
CN-Du2,2015,12,TRUE
CN-Du2,2016,12,TRUE
CN-Du2,2017,0,FALSE
CN-Du2,2018,12,TRUE
CN-Du2,2019,12,TRUE
CN-Dzo,2010,12,TRUE
CN-Dzo,2011,0,FALSE
CN-Dzo,2012,11,TRUE
CN-Dzo,2013,12,TRUE
CN-Dzo,2014,12,TRUE
CN-Dzo,2015,12,TRUE
CN-Dzo,2016,12,TRUE
CN-Dzo,2017,0,FALSE
CN-Dzo,2018,12,TRUE
CN-Dzo,2019,12,TRUE
CN-Dzo,2020,12,TRUE
CN-Erg,2016,11,TRUE
CN-Erg,2017,0,FALSE
CN-Erg,2018,12,TRUE
CN-Erg,2019,12,TRUE
CN-GuT,2015,12,TRUE
CN-GuT,2016,12,TRUE
CN-GuT,2017,12,TRUE
CN-Ha2,2011,12,TRUE
CN-Ha2,2012,12,TRUE
CN-Ha2,2013,12,TRUE
CN-Ha2,2014,12,TRUE
CN-Ha2,2015,8,TRUE
CN-Ha2,2016,12,TRUE
CN-Ha2,2017,11,TRUE
CN-Ha2,2018,12,TRUE
CN-Ha2,2019,12,TRUE
CN-HaM,2001,5,TRUE
CN-HaM,2002,12,TRUE
CN-HaM,2003,12,TRUE
CN-HaM,2004,12,TRUE
CN-HaM,2005,12,TRUE
CN-HaM,2006,12,TRUE
CN-HaM,2007,12,TRUE
CN-HaM,2008,12,TRUE
CN-HaM,2009,9,TRUE
CN-HaM,2010,12,TRUE
CN-HaM,2011,11,TRUE
CN-HaM,2012,12,TRUE
CN-HaM,2013,12,TRUE
CN-HaM,2014,12,TRUE
CN-HaW,2011,11,TRUE
CN-HaW,2012,12,TRUE
CN-HaW,2013,0,FALSE
CN-HaW,2014,8,TRUE
CN-HaW,2015,8,TRUE
CN-HaW,2016,0,FALSE
CN-HaW,2017,10,TRUE
CN-HaW,2018,11,TRUE
CN-HeD,2019,3,TRUE
CN-HeD,2020,12,TRUE
CN-HeD,2021,12,TRUE
CN-HeD,2022,12,TRUE
CN-HeD,2023,12,TRUE
CN-HeD,2024,5,TRUE
CN-HeM,2013,6,TRUE
CN-HeM,2014,12,TRUE
CN-HeM,2015,12,TRUE
CN-HeM,2016,12,TRUE
CN-HeM,2017,12,TRUE
CN-HeM,2018,12,TRUE
CN-HeM,2019,12,TRUE
CN-HeM,2020,12,TRUE
CN-HeM,2021,12,TRUE
CN-HeM,2022,12,TRUE
CN-HeM,2023,12,TRUE
CN-HeM,2024,12,TRUE
CN-Huz,2015,12,TRUE
CN-Huz,2016,12,TRUE
CN-Huz,2017,12,TRUE
CN-Huz,2018,12,TRUE
CN-Huz,2019,12,TRUE
CN-Huz,2020,12,TRUE
CN-Huz,2021,12,TRUE
CN-Huz,2022,12,TRUE
CN-Huz,2023,12,TRUE
CN-Huz,2024,12,TRUE
CN-Jng,2018,4,TRUE
CN-Jng,2019,12,TRUE
CN-Jng,2020,12,TRUE
CN-Jng,2021,12,TRUE
CN-Jng,2022,12,TRUE
CN-Jng,2023,12,TRUE
CN-Jng,2024,12,TRUE
CN-Jzh,2011,12,TRUE
CN-Jzh,2012,12,TRUE
CN-Jzh,2013,12,TRUE
CN-Jzh,2014,12,TRUE
CN-Jzh,2015,0,FALSE
CN-Jzh,2016,12,TRUE
CN-Lch,2008,11,TRUE
CN-Lch,2009,11,TRUE
CN-Lch,2010,10,TRUE
CN-Lch,2011,12,TRUE
CN-Lch,2012,12,TRUE
CN-Lch,2013,12,TRUE
CN-Lch,2014,11,TRUE
CN-Lch,2015,12,TRUE
CN-Lch,2016,12,TRUE
CN-Lch,2017,12,TRUE
CN-Lch,2018,0,FALSE
CN-Lch,2019,12,TRUE
CN-Lch,2020,12,TRUE
CN-Lsh,2002,5,TRUE
CN-Lsh,2003,12,TRUE
CN-Lsh,2004,12,TRUE
CN-Lsh,2005,12,TRUE
CN-Lsh,2006,12,TRUE
CN-Mxn,2015,12,TRUE
CN-Mxn,2016,10,TRUE
CN-Mxn,2017,0,FALSE
CN-Mxn,2018,0,FALSE
CN-Mxn,2019,11,TRUE
CN-Nmn,2015,12,TRUE
CN-Nmn,2016,12,TRUE
CN-Nmn,2017,12,TRUE
CN-Nmn,2018,12,TRUE
CN-Nmn,2019,12,TRUE
CN-Qng,2022,8,TRUE
CN-Qng,2023,12,TRUE
CN-Qng,2024,9,TRUE
CN-Sb1,2020,5,TRUE
CN-Sb1,2021,12,TRUE
CN-Sb1,2022,12,TRUE
CN-Sb1,2023,12,TRUE
CN-Sb1,2024,12,TRUE
CN-Sb2,2020,5,TRUE
CN-Sb2,2021,12,TRUE
CN-Sb2,2022,12,TRUE
CN-Sb2,2023,12,TRUE
CN-Sb2,2024,12,TRUE
CN-Sdq,2013,6,TRUE
CN-Sdq,2014,12,TRUE
CN-Sdq,2015,12,TRUE
CN-Sdq,2016,12,TRUE
CN-Sdq,2017,12,TRUE
CN-Sdq,2018,12,TRUE
CN-Sdq,2019,12,TRUE
CN-Sdq,2020,12,TRUE
CN-Sdq,2021,12,TRUE
CN-Sdq,2022,12,TRUE
CN-Sdq,2023,12,TRUE
CN-Sdq,2024,12,TRUE
CN-SnB,2021,7,TRUE
CN-Wnb,2021,12,TRUE
CN-Xi2,2011,10,TRUE
CN-Xi2,2012,0,FALSE
CN-Xi2,2013,12,TRUE
CN-Xi2,2014,11,TRUE
CN-Xi2,2015,10,TRUE
CN-Xi2,2016,0,FALSE
CN-Xi2,2017,8,TRUE
CN-Xi2,2018,10,TRUE
CN-Xi2,2019,11,TRUE
CN-Xi2,2020,12,TRUE
CN-YaS,2011,7,TRUE
CN-YaS,2012,12,TRUE
CN-YaS,2013,12,TRUE
CN-YaS,2014,12,TRUE
CN-YaS,2015,12,TRUE
CN-YaS,2016,12,TRUE
CN-YaS,2017,12,TRUE
CN-YaS,2018,12,TRUE
CN-YaS,2019,12,TRUE
CN-YaS,2020,12,TRUE
CN-Yan,2016,12,TRUE
CN-Yan,2017,9,TRUE
CN-Yan,2018,10,TRUE
CN-You,2015,12,TRUE
CN-You,2016,12,TRUE
CN-You,2017,12,TRUE
CN-You,2018,12,TRUE
CN-You,2019,12,TRUE
CN-You,2020,12,TRUE
CN-You,2021,12,TRUE
CN-You,2022,12,TRUE
CN-You,2023,12,TRUE
CN-You,2024,12,TRUE
CN-Yuc,2011,12,TRUE
CN-Yuc,2012,12,TRUE
CN-Yuc,2013,12,TRUE
CN-Yuc,2014,8,TRUE
CN-Yuc,2015,9,TRUE
CN-Yuc,2016,9,TRUE
CN-Yuc,2017,12,TRUE
CN-Yuc,2018,12,TRUE
CN-Yuc,2019,0,FALSE
CN-Yuc,2020,10,TRUE
CN-Zha,2012,6,TRUE
CN-Zha,2013,12,TRUE
CN-Zha,2014,12,TRUE
CN-Zha,2015,10,TRUE
CN-Zha,2016,10,TRUE
CN-Zha,2017,12,TRUE
CN-Zha,2018,12,TRUE
CN-Zha,2019,12,TRUE
CN-Zha,2020,12,TRUE
CN-Zha,2021,12,TRUE
CN-Zha,2022,12,TRUE
CN-Zha,2023,12,TRUE
CN-Zha,2024,12,TRUE
CR-AqC,2009,9,TRUE
CR-AqC,2010,12,TRUE
CR-AqC,2011,12,TRUE
CR-AqC,2012,12,TRUE
CR-AqC,2013,12,TRUE
CR-AqC,2014,12,TRUE
CR-AqC,2015,11,TRUE
CR-AqC,2016,12,TRUE
CR-Fsc,2015,12,TRUE
CR-Fsc,2016,12,TRUE
CR-Fsc,2017,12,TRUE
CR-Fsc,2018,12,TRUE
CZ-BK1,2004,12,TRUE
CZ-BK1,2005,12,TRUE
CZ-BK1,2006,12,TRUE
CZ-BK1,2007,12,TRUE
CZ-BK1,2008,12,TRUE
CZ-BK1,2009,12,TRUE
CZ-BK1,2010,12,TRUE
CZ-BK1,2011,12,TRUE
CZ-BK1,2012,12,TRUE
CZ-BK1,2013,12,TRUE
CZ-BK1,2014,12,TRUE
CZ-BK1,2015,12,TRUE
CZ-BK1,2016,12,TRUE
CZ-BK1,2017,12,TRUE
CZ-BK1,2018,12,TRUE
CZ-BK1,2019,12,TRUE
CZ-BK1,2020,12,TRUE
CZ-BK1,2021,12,TRUE
CZ-BK1,2022,12,TRUE
CZ-BK1,2023,12,TRUE
CZ-BK1,2024,12,TRUE
CZ-BK2,2006,6,TRUE
CZ-BK2,2007,8,TRUE
CZ-BK2,2008,9,TRUE
CZ-BK2,2009,12,TRUE
CZ-BK2,2010,12,TRUE
CZ-BK2,2011,12,TRUE
CZ-BK2,2012,12,TRUE
CZ-KrP,2014,12,TRUE
CZ-KrP,2015,12,TRUE
CZ-KrP,2016,12,TRUE
CZ-KrP,2017,12,TRUE
CZ-KrP,2018,12,TRUE
CZ-KrP,2019,12,TRUE
CZ-KrP,2020,12,TRUE
CZ-KrP,2021,12,TRUE
CZ-KrP,2022,12,TRUE
CZ-KrP,2023,12,TRUE
CZ-LnG,2019,8,TRUE
CZ-LnG,2020,12,TRUE
CZ-LnG,2021,12,TRUE
CZ-LnG,2022,12,TRUE
CZ-LnG,2023,12,TRUE
CZ-LnG,2024,12,TRUE
CZ-Lnz,2015,12,TRUE
CZ-Lnz,2016,12,TRUE
CZ-Lnz,2017,12,TRUE
CZ-Lnz,2018,12,TRUE
CZ-Lnz,2019,12,TRUE
CZ-Lnz,2020,12,TRUE
CZ-Lnz,2021,12,TRUE
CZ-Lnz,2022,8,TRUE
CZ-Lnz,2023,12,TRUE
CZ-Lnz,2024,12,TRUE
CZ-RAJ,2012,12,TRUE
CZ-RAJ,2013,12,TRUE
CZ-RAJ,2014,12,TRUE
CZ-RAJ,2015,12,TRUE
CZ-RAJ,2016,12,TRUE
CZ-RAJ,2017,12,TRUE
CZ-RAJ,2018,12,TRUE
CZ-RAJ,2019,12,TRUE
CZ-RAJ,2020,12,TRUE
CZ-RAJ,2021,12,TRUE
CZ-RAJ,2022,12,TRUE
CZ-RAJ,2023,12,TRUE
CZ-RAJ,2024,12,TRUE
CZ-Stn,2010,12,TRUE
CZ-Stn,2011,12,TRUE
CZ-Stn,2012,12,TRUE
CZ-Stn,2013,12,TRUE
CZ-Stn,2014,12,TRUE
CZ-Stn,2015,12,TRUE
CZ-Stn,2016,12,TRUE
CZ-Stn,2017,12,TRUE
CZ-Stn,2018,12,TRUE
CZ-Stn,2019,12,TRUE
CZ-Stn,2020,12,TRUE
CZ-Stn,2021,12,TRUE
CZ-Stn,2022,12,TRUE
CZ-Stn,2023,12,TRUE
CZ-Stn,2024,12,TRUE
CZ-wet,2006,8,TRUE
CZ-wet,2007,12,TRUE
CZ-wet,2008,12,TRUE
CZ-wet,2009,12,TRUE
CZ-wet,2010,12,TRUE
CZ-wet,2011,12,TRUE
CZ-wet,2012,12,TRUE
CZ-wet,2013,12,TRUE
CZ-wet,2014,12,TRUE
CZ-wet,2015,12,TRUE
CZ-wet,2016,12,TRUE
CZ-wet,2017,12,TRUE
CZ-wet,2018,12,TRUE
CZ-wet,2019,12,TRUE
CZ-wet,2020,12,TRUE
CZ-wet,2021,12,TRUE
CZ-wet,2022,12,TRUE
CZ-wet,2023,12,TRUE
CZ-wet,2024,12,TRUE
DE-Akm,2009,3,TRUE
DE-Akm,2010,11,TRUE
DE-Akm,2011,8,TRUE
DE-Akm,2012,10,TRUE
DE-Akm,2013,12,TRUE
DE-Akm,2014,9,TRUE
DE-Akm,2015,7,TRUE
DE-Akm,2016,7,TRUE
DE-Akm,2017,6,TRUE
DE-Akm,2018,6,TRUE
DE-Akm,2019,0,FALSE
DE-Akm,2020,8,TRUE
DE-Akm,2021,8,TRUE
DE-Akm,2022,8,TRUE
DE-Akm,2023,10,TRUE
DE-Akm,2024,7,TRUE
DE-Amv,2023,12,TRUE
DE-Amv,2024,12,TRUE
DE-Brs,2023,8,TRUE
DE-Brs,2024,12,TRUE
DE-Etn,2024,8,TRUE
DE-Fen,2023,4,TRUE
DE-Fen,2024,12,TRUE
DE-Geb,2020,2,TRUE
DE-Geb,2021,12,TRUE
DE-Geb,2022,12,TRUE
DE-Geb,2023,10,TRUE
DE-Geb,2024,12,TRUE
DE-Gri,2004,11,TRUE
DE-Gri,2005,12,TRUE
DE-Gri,2006,12,TRUE
DE-Gri,2007,12,TRUE
DE-Gri,2008,12,TRUE
DE-Gri,2009,12,TRUE
DE-Gri,2010,12,TRUE
DE-Gri,2011,12,TRUE
DE-Gri,2012,12,TRUE
DE-Gri,2013,12,TRUE
DE-Gri,2014,12,TRUE
DE-Gri,2015,12,TRUE
DE-Gri,2016,12,TRUE
DE-Gri,2017,12,TRUE
DE-Gri,2018,12,TRUE
DE-Gri,2019,12,TRUE
DE-Gri,2020,12,TRUE
DE-Gri,2021,12,TRUE
DE-Gri,2022,12,TRUE
DE-Gri,2023,12,TRUE
DE-Gri,2024,12,TRUE
DE-GsB,2015,12,TRUE
DE-GsB,2016,12,TRUE
DE-GsB,2017,12,TRUE
DE-GsB,2018,12,TRUE
DE-GsB,2019,12,TRUE
DE-GsB,2020,12,TRUE
DE-GsB,2021,12,TRUE
DE-GsB,2022,10,TRUE
DE-GsB,2023,12,TRUE
DE-GsB,2024,12,TRUE
DE-Gwg,2023,3,TRUE
DE-Gwg,2024,12,TRUE
DE-Hai,2000,12,TRUE
DE-Hai,2001,12,TRUE
DE-Hai,2002,12,TRUE
DE-Hai,2003,12,TRUE
DE-Hai,2004,12,TRUE
DE-Hai,2005,12,TRUE
DE-Hai,2006,12,TRUE
DE-Hai,2007,12,TRUE
DE-Hai,2008,12,TRUE
DE-Hai,2009,12,TRUE
DE-Hai,2010,12,TRUE
DE-Hai,2011,12,TRUE
DE-Hai,2012,12,TRUE
DE-Hai,2013,12,TRUE
DE-Hai,2014,12,TRUE
DE-Hai,2015,12,TRUE
DE-Hai,2016,12,TRUE
DE-Hai,2017,12,TRUE
DE-Hai,2018,12,TRUE
DE-Hai,2019,12,TRUE
DE-Hai,2020,12,TRUE
DE-Hai,2021,9,TRUE
DE-Hai,2022,11,TRUE
DE-Hai,2023,10,TRUE
DE-Hai,2024,12,TRUE
DE-Har,2020,12,TRUE
DE-Har,2021,12,TRUE
DE-Har,2022,12,TRUE
DE-Har,2023,12,TRUE
DE-Har,2024,12,TRUE
DE-Hdn,2020,10,TRUE
DE-Hdn,2021,12,TRUE
DE-Hdn,2022,12,TRUE
DE-Hdn,2023,2,TRUE
DE-HoH,2015,12,TRUE
DE-HoH,2016,12,TRUE
DE-HoH,2017,12,TRUE
DE-HoH,2018,12,TRUE
DE-HoH,2019,12,TRUE
DE-HoH,2020,12,TRUE
DE-HoH,2021,12,TRUE
DE-HoH,2022,12,TRUE
DE-HoH,2023,12,TRUE
DE-HoH,2024,12,TRUE
DE-Hte,2009,11,TRUE
DE-Hte,2010,8,TRUE
DE-Hte,2011,11,TRUE
DE-Hte,2012,12,TRUE
DE-Hte,2013,12,TRUE
DE-Hte,2014,10,TRUE
DE-Hte,2015,12,TRUE
DE-Hte,2016,12,TRUE
DE-Hte,2017,12,TRUE
DE-Hte,2018,12,TRUE
DE-Hzd,2022,12,TRUE
DE-Hzd,2023,12,TRUE
DE-Hzd,2024,12,TRUE
DE-Kli,2018,12,TRUE
DE-Kli,2019,12,TRUE
DE-Kli,2020,12,TRUE
DE-Kli,2021,12,TRUE
DE-Kli,2022,12,TRUE
DE-Kli,2023,12,TRUE
DE-Kli,2024,12,TRUE
DE-Lkb,2009,8,TRUE
DE-Lkb,2010,11,TRUE
DE-Lkb,2011,12,TRUE
DE-Lkb,2012,12,TRUE
DE-Lkb,2013,10,TRUE
DE-Lnf,2002,9,TRUE
DE-Lnf,2003,12,TRUE
DE-Lnf,2004,12,TRUE
DE-Lnf,2005,12,TRUE
DE-Lnf,2006,12,TRUE
DE-Lnf,2007,0,FALSE
DE-Lnf,2008,0,FALSE
DE-Lnf,2009,0,FALSE
DE-Lnf,2010,12,TRUE
DE-Lnf,2011,12,TRUE
DE-Lnf,2012,12,TRUE
DE-Lnf,2013,12,TRUE
DE-Lnf,2014,12,TRUE
DE-Lnf,2015,12,TRUE
DE-Lnf,2016,12,TRUE
DE-Lnf,2017,12,TRUE
DE-Lnf,2018,12,TRUE
DE-Lnf,2019,12,TRUE
DE-Lnf,2020,12,TRUE
DE-Lnf,2021,12,TRUE
DE-Lnf,2022,6,TRUE
DE-Lnf,2023,12,TRUE
DE-Lnf,2024,12,TRUE
DE-Msr,2020,7,TRUE
DE-Msr,2021,11,TRUE
DE-Msr,2022,5,TRUE
DE-Msr,2023,12,TRUE
DE-Msr,2024,12,TRUE
DE-Obe,2008,12,TRUE
DE-Obe,2009,12,TRUE
DE-Obe,2010,12,TRUE
DE-Obe,2011,12,TRUE
DE-Obe,2012,12,TRUE
DE-Obe,2013,12,TRUE
DE-Obe,2014,12,TRUE
DE-Obe,2015,12,TRUE
DE-Obe,2016,12,TRUE
DE-Obe,2017,12,TRUE
DE-Obe,2018,12,TRUE
DE-Obe,2019,12,TRUE
DE-Obe,2020,12,TRUE
DE-Obe,2021,12,TRUE
DE-Obe,2022,12,TRUE
DE-Obe,2023,12,TRUE
DE-Obe,2024,12,TRUE
DE-Rns,2021,9,TRUE
DE-Rns,2022,12,TRUE
DE-Rns,2023,12,TRUE
DE-Rns,2024,12,TRUE
DE-RuC,2013,3,TRUE
DE-RuC,2014,12,TRUE
DE-RuC,2015,12,TRUE
DE-RuC,2016,12,TRUE
DE-RuC,2017,12,TRUE
DE-RuC,2018,12,TRUE
DE-RuC,2019,12,TRUE
DE-RuC,2020,12,TRUE
DE-RuC,2021,12,TRUE
DE-RuC,2022,12,TRUE
DE-RuC,2023,12,TRUE
DE-RuC,2024,12,TRUE
DE-RuM,2011,8,TRUE
DE-RuM,2012,12,TRUE
DE-RuM,2013,12,TRUE
DE-RuM,2014,10,TRUE
DE-RuM,2015,12,TRUE
DE-RuM,2016,12,TRUE
DE-RuM,2017,12,TRUE
DE-RuM,2018,12,TRUE
DE-RuM,2019,11,TRUE
DE-RuR,2011,8,TRUE
DE-RuR,2012,12,TRUE
DE-RuR,2013,12,TRUE
DE-RuR,2014,12,TRUE
DE-RuR,2015,12,TRUE
DE-RuR,2016,12,TRUE
DE-RuR,2017,12,TRUE
DE-RuR,2018,12,TRUE
DE-RuR,2019,12,TRUE
DE-RuR,2020,12,TRUE
DE-RuR,2021,12,TRUE
DE-RuR,2022,12,TRUE
DE-RuR,2023,12,TRUE
DE-RuR,2024,12,TRUE
DE-RuS,2011,6,TRUE
DE-RuS,2012,6,TRUE
DE-RuS,2013,12,TRUE
DE-RuS,2014,11,TRUE
DE-RuS,2015,12,TRUE
DE-RuS,2016,12,TRUE
DE-RuS,2017,12,TRUE
DE-RuS,2018,12,TRUE
DE-RuS,2019,12,TRUE
DE-RuS,2020,12,TRUE
DE-RuS,2021,12,TRUE
DE-RuS,2022,12,TRUE
DE-RuS,2023,12,TRUE
DE-RuS,2024,12,TRUE
DE-RuW,2011,12,TRUE
DE-RuW,2012,12,TRUE
DE-RuW,2013,12,TRUE
DE-RuW,2014,10,TRUE
DE-RuW,2015,12,TRUE
DE-RuW,2016,12,TRUE
DE-RuW,2017,10,TRUE
DE-RuW,2018,11,TRUE
DE-RuW,2019,12,TRUE
DE-RuW,2020,12,TRUE
DE-RuW,2021,12,TRUE
DE-RuW,2022,12,TRUE
DE-RuW,2023,12,TRUE
DE-RuW,2024,12,TRUE
DE-SbM,2023,8,TRUE
DE-SbM,2024,12,TRUE
DE-Seh,2007,7,TRUE
DE-Seh,2008,12,TRUE
DE-Seh,2009,12,TRUE
DE-Seh,2010,9,TRUE
DE-SfS,2010,6,TRUE
DE-SfS,2011,12,TRUE
DE-SfS,2012,12,TRUE
DE-SfS,2013,12,TRUE
DE-SfS,2014,12,TRUE
DE-SfS,2015,12,TRUE
DE-SfS,2016,12,TRUE
DE-SfS,2017,12,TRUE
DE-SfS,2018,12,TRUE
DE-SfS,2019,12,TRUE
DE-SfS,2020,9,TRUE
DE-Spw,2010,8,TRUE
DE-Spw,2011,12,TRUE
DE-Spw,2012,12,TRUE
DE-Spw,2013,10,TRUE
DE-Spw,2014,12,TRUE
DE-Spw,2015,10,TRUE
DE-Tha,1996,7,TRUE
DE-Tha,1997,12,TRUE
DE-Tha,1998,12,TRUE
DE-Tha,1999,12,TRUE
DE-Tha,2000,12,TRUE
DE-Tha,2001,12,TRUE
DE-Tha,2002,12,TRUE
DE-Tha,2003,12,TRUE
DE-Tha,2004,12,TRUE
DE-Tha,2005,12,TRUE
DE-Tha,2006,12,TRUE
DE-Tha,2007,12,TRUE
DE-Tha,2008,12,TRUE
DE-Tha,2009,12,TRUE
DE-Tha,2010,12,TRUE
DE-Tha,2011,12,TRUE
DE-Tha,2012,12,TRUE
DE-Tha,2013,12,TRUE
DE-Tha,2014,12,TRUE
DE-Tha,2015,12,TRUE
DE-Tha,2016,12,TRUE
DE-Tha,2017,12,TRUE
DE-Tha,2018,12,TRUE
DE-Tha,2019,12,TRUE
DE-Tha,2020,12,TRUE
DE-Tha,2021,12,TRUE
DE-Tha,2022,12,TRUE
DE-Tha,2023,12,TRUE
DE-Tha,2024,12,TRUE
DE-Zrk,2013,8,TRUE
DE-Zrk,2014,12,TRUE
DE-Zrk,2015,12,TRUE
DE-Zrk,2016,12,TRUE
DE-Zrk,2017,12,TRUE
DE-Zrk,2018,12,TRUE
DE-Zrk,2019,12,TRUE
DE-Zrk,2020,12,TRUE
DE-Zrk,2021,12,TRUE
DE-Zrk,2022,12,TRUE
DK-Eng,2005,8,TRUE
DK-Eng,2006,12,TRUE
DK-Eng,2007,12,TRUE
DK-Eng,2008,6,TRUE
DK-Fou,2005,10,TRUE
DK-Gds,2020,6,TRUE
DK-Gds,2021,12,TRUE
DK-Gds,2022,10,TRUE
DK-RCW,2023,12,TRUE
DK-RCW,2024,12,TRUE
DK-Skj,2020,5,TRUE
DK-Skj,2021,12,TRUE
DK-Skj,2022,12,TRUE
DK-Sor,1996,7,TRUE
DK-Sor,1997,12,TRUE
DK-Sor,1998,12,TRUE
DK-Sor,1999,12,TRUE
DK-Sor,2000,12,TRUE
DK-Sor,2001,12,TRUE
DK-Sor,2002,12,TRUE
DK-Sor,2003,12,TRUE
DK-Sor,2004,12,TRUE
DK-Sor,2005,12,TRUE
DK-Sor,2006,12,TRUE
DK-Sor,2007,12,TRUE
DK-Sor,2008,12,TRUE
DK-Sor,2009,12,TRUE
DK-Sor,2010,12,TRUE
DK-Sor,2011,12,TRUE
DK-Sor,2012,12,TRUE
DK-Sor,2013,11,TRUE
DK-Sor,2014,9,TRUE
DK-Sor,2015,12,TRUE
DK-Sor,2016,12,TRUE
DK-Sor,2017,12,TRUE
DK-Sor,2018,12,TRUE
DK-Sor,2019,12,TRUE
DK-Sor,2020,12,TRUE
DK-Sor,2021,12,TRUE
DK-Sor,2022,12,TRUE
DK-Sor,2023,12,TRUE
DK-Sor,2024,12,TRUE
DK-Vng,2020,2,TRUE
DK-Vng,2021,12,TRUE
DK-Vng,2022,12,TRUE
DK-Vng,2023,12,TRUE
EE-Pts,2022,4,TRUE
EE-Pts,2023,12,TRUE
EE-Pts,2024,12,TRUE
EE-Rng,2023,2,TRUE
EE-Rng,2024,12,TRUE
EE-Stg,2016,11,TRUE
EE-Stg,2017,12,TRUE
EE-Stg,2018,12,TRUE
EE-Stg,2019,12,TRUE
EE-Stg,2020,12,TRUE
EE-Stg,2021,12,TRUE
EE-Stg,2022,12,TRUE
EE-Stg,2023,12,TRUE
EE-Stg,2024,12,TRUE
ES-Abr,2015,2,TRUE
ES-Abr,2016,12,TRUE
ES-Abr,2017,12,TRUE
ES-Abr,2018,12,TRUE
ES-Abr,2019,12,TRUE
ES-Abr,2020,12,TRUE
ES-Agu,2006,7,TRUE
ES-Agu,2007,12,TRUE
ES-Agu,2008,12,TRUE
ES-Agu,2009,12,TRUE
ES-Agu,2010,12,TRUE
ES-Agu,2011,12,TRUE
ES-Agu,2012,12,TRUE
ES-Agu,2013,12,TRUE
ES-Agu,2014,11,TRUE
ES-Agu,2015,8,TRUE
ES-Agu,2016,7,TRUE
ES-Agu,2017,12,TRUE
ES-Agu,2018,12,TRUE
ES-Agu,2019,0,FALSE
ES-Agu,2020,0,FALSE
ES-Agu,2021,0,FALSE
ES-Agu,2022,0,FALSE
ES-Agu,2023,10,TRUE
ES-Agu,2024,12,TRUE
ES-Amo,2007,6,TRUE
ES-Amo,2008,5,TRUE
ES-Amo,2009,12,TRUE
ES-Amo,2010,12,TRUE
ES-Amo,2011,12,TRUE
ES-Amo,2012,12,TRUE
ES-Amo,2013,11,TRUE
ES-Amo,2014,12,TRUE
ES-Amo,2015,12,TRUE
ES-Amo,2016,8,TRUE
ES-Amo,2017,6,TRUE
ES-Amo,2018,11,TRUE
ES-Amo,2019,12,TRUE
ES-Cnd,2014,3,TRUE
ES-Cnd,2015,12,TRUE
ES-Cnd,2016,12,TRUE
ES-Cnd,2017,12,TRUE
ES-Cnd,2018,12,TRUE
ES-Cnd,2019,12,TRUE
ES-Cnd,2020,10,TRUE
ES-Cnd,2021,10,TRUE
ES-Crg,2021,2,TRUE
ES-Crg,2022,12,TRUE
ES-Crg,2023,12,TRUE
ES-Crg,2024,12,TRUE
ES-Dnn,2024,5,TRUE
ES-FtD,2021,12,TRUE
ES-FtD,2022,12,TRUE
ES-FtD,2023,10,TRUE
ES-FtD,2024,12,TRUE
ES-Gdn,2014,4,TRUE
ES-Gdn,2015,12,TRUE
ES-Gdn,2016,12,TRUE
ES-Gdn,2017,12,TRUE
ES-Gdn,2018,12,TRUE
ES-Gdn,2019,12,TRUE
ES-Gdn,2020,9,TRUE
ES-Gdn,2021,10,TRUE
ES-HdD,2024,10,TRUE
ES-HeB,2019,12,TRUE
ES-HeB,2020,12,TRUE
ES-HeB,2021,12,TRUE
ES-HeB,2022,12,TRUE
ES-HeB,2023,12,TRUE
ES-HeB,2024,12,TRUE
ES-Hen,2019,12,TRUE
ES-Hen,2020,12,TRUE
ES-Hen,2021,12,TRUE
ES-Hen,2022,12,TRUE
ES-Hen,2023,12,TRUE
ES-Hen,2024,12,TRUE
ES-LJu,2004,8,TRUE
ES-LJu,2005,12,TRUE
ES-LJu,2006,10,TRUE
ES-LJu,2007,12,TRUE
ES-LJu,2008,12,TRUE
ES-LJu,2009,12,TRUE
ES-LJu,2010,12,TRUE
ES-LJu,2011,12,TRUE
ES-LJu,2012,12,TRUE
ES-LJu,2013,12,TRUE
ES-LJu,2014,12,TRUE
ES-LJu,2015,12,TRUE
ES-LJu,2016,12,TRUE
ES-LJu,2017,10,TRUE
ES-LJu,2018,10,TRUE
ES-LJu,2019,7,TRUE
ES-LJu,2020,12,TRUE
ES-LJu,2021,8,TRUE
ES-LJu,2022,12,TRUE
ES-LJu,2023,10,TRUE
ES-LJu,2024,12,TRUE
ES-LM1,2014,10,TRUE
ES-LM1,2015,12,TRUE
ES-LM1,2016,12,TRUE
ES-LM1,2017,12,TRUE
ES-LM1,2018,12,TRUE
ES-LM1,2019,12,TRUE
ES-LM1,2020,12,TRUE
ES-LM1,2021,12,TRUE
ES-LM1,2022,12,TRUE
ES-LM1,2023,12,TRUE
ES-LM1,2024,12,TRUE
ES-LM2,2014,10,TRUE
ES-LM2,2015,12,TRUE
ES-LM2,2016,12,TRUE
ES-LM2,2017,12,TRUE
ES-LM2,2018,12,TRUE
ES-LM2,2019,12,TRUE
ES-LM2,2020,12,TRUE
ES-LM2,2021,12,TRUE
ES-LM2,2022,12,TRUE
ES-LM2,2023,12,TRUE
ES-LM2,2024,12,TRUE
ES-LMa,2020,12,TRUE
ES-LMa,2021,12,TRUE
ES-LMa,2022,12,TRUE
ES-LMa,2023,12,TRUE
ES-LMa,2024,12,TRUE
ES-LgS,2007,12,TRUE
ES-LgS,2008,12,TRUE
ES-LgS,2009,8,TRUE
ES-Ln2,2009,7,TRUE
ES-Mcd,2018,6,TRUE
ES-Mcd,2019,12,TRUE
ES-Mcd,2020,12,TRUE
ES-Mcd,2021,12,TRUE
ES-Mcd,2022,12,TRUE
ES-Mcd,2023,12,TRUE
ES-Mcd,2024,12,TRUE
ES-MtB,2021,11,TRUE
ES-MtB,2022,12,TRUE
ES-MtB,2023,12,TRUE
ES-MtB,2024,12,TRUE
ES-MtN,2024,7,TRUE
ES-Mzn,2023,7,TRUE
ES-Mzn,2024,12,TRUE
ES-Pdu,2014,12,TRUE
ES-Pdu,2015,12,TRUE
ES-Pdu,2016,12,TRUE
ES-Pdu,2017,5,TRUE
ES-Pzb,2020,3,TRUE
ES-Pzb,2021,12,TRUE
ES-Pzb,2022,12,TRUE
ES-Pzb,2023,12,TRUE
ES-Pzb,2024,12,TRUE
ES-Srn,2023,7,TRUE
ES-Srn,2024,12,TRUE
ES-TzM,2020,5,TRUE
ES-TzM,2021,8,TRUE
ES-TzM,2022,10,TRUE
ES-TzM,2023,8,TRUE
ES-TzM,2024,10,TRUE
ES-VDA,2022,5,TRUE
ES-VDA,2023,12,TRUE
ES-VDA,2024,12,TRUE
ES-Yst,2019,9,TRUE
ES-Yst,2020,5,TRUE
ES-Yst,2021,12,TRUE
ES-Yst,2022,12,TRUE
ES-Yst,2023,12,TRUE
ES-Yst,2024,12,TRUE
FI-Ant,2022,12,TRUE
FI-Hyy,1997,12,TRUE
FI-Hyy,1998,12,TRUE
FI-Hyy,1999,9,TRUE
FI-Hyy,2000,7,TRUE
FI-Hyy,2001,12,TRUE
FI-Hyy,2002,12,TRUE
FI-Hyy,2003,12,TRUE
FI-Hyy,2004,12,TRUE
FI-Hyy,2005,12,TRUE
FI-Hyy,2006,12,TRUE
FI-Hyy,2007,12,TRUE
FI-Hyy,2008,12,TRUE
FI-Hyy,2009,12,TRUE
FI-Hyy,2010,12,TRUE
FI-Hyy,2011,12,TRUE
FI-Hyy,2012,12,TRUE
FI-Hyy,2013,12,TRUE
FI-Hyy,2014,12,TRUE
FI-Hyy,2015,12,TRUE
FI-Hyy,2016,12,TRUE
FI-Hyy,2017,12,TRUE
FI-Hyy,2018,12,TRUE
FI-Hyy,2019,12,TRUE
FI-Hyy,2020,12,TRUE
FI-Hyy,2021,12,TRUE
FI-Hyy,2022,12,TRUE
FI-Hyy,2023,12,TRUE
FI-Hyy,2024,12,TRUE
FI-Jok,2000,11,TRUE
FI-Jok,2001,12,TRUE
FI-Jok,2002,12,TRUE
FI-Jok,2003,9,TRUE
FI-Ken,2018,12,TRUE
FI-Ken,2019,12,TRUE
FI-Ken,2020,12,TRUE
FI-Ken,2021,12,TRUE
FI-Ken,2022,12,TRUE
FI-Ken,2023,12,TRUE
FI-Ken,2024,12,TRUE
FI-Let,2009,4,TRUE
FI-Let,2010,12,TRUE
FI-Let,2011,12,TRUE
FI-Let,2012,12,TRUE
FI-Let,2013,12,TRUE
FI-Let,2014,12,TRUE
FI-Let,2015,12,TRUE
FI-Let,2016,12,TRUE
FI-Let,2017,12,TRUE
FI-Let,2018,12,TRUE
FI-Let,2019,10,TRUE
FI-Let,2020,12,TRUE
FI-Let,2021,12,TRUE
FI-Let,2022,12,TRUE
FI-Let,2023,12,TRUE
FI-Let,2024,11,TRUE
FI-Nsv,2021,4,TRUE
FI-Nsv,2022,12,TRUE
FI-Nsv,2023,12,TRUE
FI-Nsv,2024,12,TRUE
FI-Pap,2022,12,TRUE
FI-Qvd,2018,8,TRUE
FI-Qvd,2019,12,TRUE
FI-Qvd,2020,12,TRUE
FI-Qvd,2021,12,TRUE
FI-Qvd,2022,12,TRUE
FI-Qvd,2023,12,TRUE
FI-Rk2,2020,12,TRUE
FI-Rk2,2021,12,TRUE
FI-Rk2,2022,12,TRUE
FI-Rk2,2023,12,TRUE
FI-Ruk,2020,12,TRUE
FI-Ruk,2021,12,TRUE
FI-Ruk,2022,12,TRUE
FI-Ruk,2023,12,TRUE
FI-Sar,2022,12,TRUE
FI-Si2,2012,6,TRUE
FI-Si2,2013,8,TRUE
FI-Si2,2014,8,TRUE
FI-Si2,2015,10,TRUE
FI-Si2,2016,5,TRUE
FI-Sii,2018,9,TRUE
FI-Sii,2019,12,TRUE
FI-Sii,2020,12,TRUE
FI-Sii,2021,12,TRUE
FI-Sii,2022,12,TRUE
FI-Sii,2023,12,TRUE
FI-Sii,2024,12,TRUE
FI-Sod,2023,8,TRUE
FI-Sod,2024,12,TRUE
FI-Var,2016,12,TRUE
FI-Var,2017,12,TRUE
FI-Var,2018,12,TRUE
FI-Var,2019,12,TRUE
FI-Var,2020,12,TRUE
FI-Var,2021,12,TRUE
FI-Var,2022,12,TRUE
FI-Var,2023,12,TRUE
FI-Var,2024,12,TRUE
FR-Aur,2005,10,TRUE
FR-Aur,2006,12,TRUE
FR-Aur,2007,12,TRUE
FR-Aur,2008,12,TRUE
FR-Aur,2009,12,TRUE
FR-Aur,2010,12,TRUE
FR-Aur,2011,12,TRUE
FR-Aur,2012,12,TRUE
FR-Aur,2013,12,TRUE
FR-Aur,2014,12,TRUE
FR-Aur,2015,12,TRUE
FR-Aur,2016,12,TRUE
FR-Aur,2017,12,TRUE
FR-Aur,2018,12,TRUE
FR-Aur,2019,12,TRUE
FR-Aur,2020,12,TRUE
FR-Aur,2021,12,TRUE
FR-Aur,2022,12,TRUE
FR-Aur,2023,12,TRUE
FR-Aur,2024,12,TRUE
FR-Bil,2014,6,TRUE
FR-Bil,2015,12,TRUE
FR-Bil,2016,12,TRUE
FR-Bil,2017,12,TRUE
FR-Bil,2018,12,TRUE
FR-Bil,2019,12,TRUE
FR-Bil,2020,12,TRUE
FR-Bil,2021,12,TRUE
FR-Bil,2022,12,TRUE
FR-Bil,2023,12,TRUE
FR-Bil,2024,12,TRUE
FR-CLt,2019,8,TRUE
FR-CLt,2020,12,TRUE
FR-CLt,2021,12,TRUE
FR-CLt,2022,12,TRUE
FR-CLt,2023,12,TRUE
FR-CLt,2024,12,TRUE
FR-EM2,2017,12,TRUE
FR-EM2,2018,12,TRUE
FR-EM2,2019,12,TRUE
FR-EM2,2020,12,TRUE
FR-EM2,2021,12,TRUE
FR-EM2,2022,12,TRUE
FR-EM2,2023,12,TRUE
FR-EM2,2024,12,TRUE
FR-FBn,2008,12,TRUE
FR-FBn,2009,12,TRUE
FR-FBn,2010,12,TRUE
FR-FBn,2011,12,TRUE
FR-FBn,2012,12,TRUE
FR-FBn,2013,12,TRUE
FR-FBn,2014,12,TRUE
FR-FBn,2015,12,TRUE
FR-FBn,2016,12,TRUE
FR-FBn,2017,12,TRUE
FR-FBn,2018,12,TRUE
FR-FBn,2019,12,TRUE
FR-FBn,2020,12,TRUE
FR-FBn,2021,12,TRUE
FR-FBn,2022,12,TRUE
FR-FBn,2023,12,TRUE
FR-FBn,2024,12,TRUE
FR-Fon,2019,2,TRUE
FR-Fon,2020,12,TRUE
FR-Fon,2021,12,TRUE
FR-Fon,2022,12,TRUE
FR-Fon,2023,12,TRUE
FR-Fon,2024,12,TRUE
FR-Gri,2004,8,TRUE
FR-Gri,2005,12,TRUE
FR-Gri,2006,12,TRUE
FR-Gri,2007,12,TRUE
FR-Gri,2008,12,TRUE
FR-Gri,2009,12,TRUE
FR-Gri,2010,12,TRUE
FR-Gri,2011,12,TRUE
FR-Gri,2012,12,TRUE
FR-Gri,2013,12,TRUE
FR-Gri,2014,12,TRUE
FR-Gri,2015,12,TRUE
FR-Gri,2016,12,TRUE
FR-Gri,2017,12,TRUE
FR-Gri,2018,4,TRUE
FR-Gri,2019,12,TRUE
FR-Gri,2020,12,TRUE
FR-Gri,2021,12,TRUE
FR-Gri,2022,12,TRUE
FR-Gri,2023,12,TRUE
FR-Gri,2024,12,TRUE
FR-Hes,1997,12,TRUE
FR-Hes,1998,12,TRUE
FR-Hes,1999,12,TRUE
FR-Hes,2000,9,TRUE
FR-Hes,2001,12,TRUE
FR-Hes,2002,12,TRUE
FR-Hes,2003,12,TRUE
FR-Hes,2004,12,TRUE
FR-Hes,2005,12,TRUE
FR-Hes,2006,12,TRUE
FR-Hes,2007,12,TRUE
FR-Hes,2008,12,TRUE
FR-Hes,2009,12,TRUE
FR-Hes,2010,12,TRUE
FR-Hes,2011,0,FALSE
FR-Hes,2012,0,FALSE
FR-Hes,2013,0,FALSE
FR-Hes,2014,12,TRUE
FR-Hes,2015,12,TRUE
FR-Hes,2016,12,TRUE
FR-Hes,2017,12,TRUE
FR-Hes,2018,12,TRUE
FR-Hes,2019,12,TRUE
FR-Hes,2020,12,TRUE
FR-Hes,2021,0,FALSE
FR-Hes,2022,7,TRUE
FR-Hes,2023,12,TRUE
FR-Hes,2024,12,TRUE
FR-LBr,1998,12,TRUE
FR-LBr,1999,6,TRUE
FR-LBr,2000,9,TRUE
FR-LBr,2001,12,TRUE
FR-LBr,2002,12,TRUE
FR-LBr,2003,12,TRUE
FR-LBr,2004,12,TRUE
FR-LBr,2005,12,TRUE
FR-LBr,2006,12,TRUE
FR-LBr,2007,12,TRUE
FR-LBr,2008,12,TRUE
FR-LGt,2017,12,TRUE
FR-LGt,2018,12,TRUE
FR-LGt,2019,12,TRUE
FR-LGt,2020,12,TRUE
FR-LGt,2021,7,TRUE
FR-LGt,2022,12,TRUE
FR-LGt,2023,5,TRUE
FR-LGt,2024,12,TRUE
FR-Lam,2021,12,TRUE
FR-Lam,2022,12,TRUE
FR-Lam,2023,12,TRUE
FR-Lam,2024,8,TRUE
FR-Lqu,2022,1,TRUE
FR-Lqu,2023,12,TRUE
FR-Lqu,2024,12,TRUE
FR-Lus,2022,1,TRUE
FR-Lus,2023,12,TRUE
FR-Lus,2024,12,TRUE
FR-Mau,2005,9,TRUE
FR-Mau,2006,12,TRUE
FR-Mau,2007,12,TRUE
FR-Mau,2008,12,TRUE
FR-Mau,2009,12,TRUE
FR-Mau,2010,12,TRUE
FR-Mau,2011,12,TRUE
FR-Mej,2019,12,TRUE
FR-Mej,2020,12,TRUE
FR-Mej,2021,12,TRUE
FR-Mej,2022,12,TRUE
FR-Mej,2023,12,TRUE
FR-Mej,2024,12,TRUE
FR-Nzn,2016,12,TRUE
FR-Nzn,2017,12,TRUE
FR-Nzn,2018,12,TRUE
FR-Nzn,2019,12,TRUE
FR-Nzn,2020,12,TRUE
FR-Nzn,2021,12,TRUE
FR-Nzn,2022,12,TRUE
FR-Nzn,2023,11,TRUE
FR-Nzn,2024,12,TRUE
FR-Pue,2000,6,TRUE
FR-Pue,2001,12,TRUE
FR-Pue,2002,12,TRUE
FR-Pue,2003,12,TRUE
FR-Pue,2004,12,TRUE
FR-Pue,2005,12,TRUE
FR-Pue,2006,12,TRUE
FR-Pue,2007,12,TRUE
FR-Pue,2008,12,TRUE
FR-Pue,2009,12,TRUE
FR-Pue,2010,12,TRUE
FR-Pue,2011,12,TRUE
FR-Pue,2012,12,TRUE
FR-Pue,2013,12,TRUE
FR-Pue,2014,12,TRUE
FR-Pue,2015,12,TRUE
FR-Pue,2016,12,TRUE
FR-Pue,2017,12,TRUE
FR-Pue,2018,12,TRUE
FR-Pue,2019,12,TRUE
FR-Pue,2020,12,TRUE
FR-Pue,2021,12,TRUE
FR-Pue,2022,12,TRUE
FR-Pue,2023,12,TRUE
FR-Pue,2024,12,TRUE
FR-Tou,2018,12,TRUE
FR-Tou,2019,12,TRUE
FR-Tou,2020,12,TRUE
FR-Tou,2021,12,TRUE
FR-Tou,2022,12,TRUE
FR-Tou,2023,12,TRUE
FR-Tou,2024,12,TRUE
GF-Guy,2017,12,TRUE
GF-Guy,2018,12,TRUE
GF-Guy,2019,12,TRUE
GF-Guy,2020,12,TRUE
GF-Guy,2021,12,TRUE
GF-Guy,2022,12,TRUE
GF-Guy,2023,12,TRUE
GF-Guy,2024,12,TRUE
GH-Ank,2011,12,TRUE
GH-Ank,2012,12,TRUE
GH-Ank,2013,0,FALSE
GH-Ank,2014,12,TRUE
GL-Dsk,2020,12,TRUE
GL-Dsk,2021,12,TRUE
GL-Dsk,2022,12,TRUE
GL-Dsk,2023,12,TRUE
GL-Dsk,2024,12,TRUE
GL-NuF,2019,3,TRUE
GL-NuF,2020,4,TRUE
GL-NuF,2021,1,TRUE
GL-NuF,2022,6,TRUE
GL-NuF,2023,4,TRUE
GL-NuF,2024,4,TRUE
GL-ZaF,2023,8,TRUE
GL-ZaF,2024,9,TRUE
GL-ZaH,2020,5,TRUE
GL-ZaH,2021,5,TRUE
GL-ZaH,2022,7,TRUE
GL-ZaH,2023,5,TRUE
GL-ZaH,2024,6,TRUE
HK-MPM,2016,11,TRUE
HK-MPM,2017,11,TRUE
HK-MPM,2018,11,TRUE
ID-JOP,2014,7,TRUE
ID-JOP,2015,12,TRUE
ID-JOP,2016,12,TRUE
ID-JOP,2017,12,TRUE
ID-JOP,2018,12,TRUE
ID-JOP,2019,12,TRUE
ID-JOP,2020,12,TRUE
ID-JOP,2021,11,TRUE
ID-JOP,2022,10,TRUE
ID-JOP,2023,12,TRUE
ID-JOP,2024,9,TRUE
ID-PaB,2004,9,TRUE
ID-PaB,2005,12,TRUE
ID-PaB,2006,12,TRUE
ID-PaB,2007,12,TRUE
ID-PaB,2008,12,TRUE
ID-PaB,2009,10,TRUE
ID-PaB,2010,12,TRUE
ID-PaB,2011,12,TRUE
ID-PaB,2012,12,TRUE
ID-PaB,2013,12,TRUE
ID-PaB,2014,12,TRUE
ID-PaB,2015,12,TRUE
ID-PaB,2016,11,TRUE
ID-PaD,2001,2,TRUE
ID-PaD,2002,12,TRUE
ID-PaD,2003,12,TRUE
ID-PaD,2004,12,TRUE
ID-PaD,2005,12,TRUE
ID-PaD,2006,12,TRUE
ID-PaD,2007,12,TRUE
ID-PaD,2008,5,TRUE
ID-PaD,2009,11,TRUE
ID-PaD,2010,12,TRUE
ID-PaD,2011,12,TRUE
ID-PaD,2012,12,TRUE
ID-PaD,2013,12,TRUE
ID-PaD,2014,12,TRUE
ID-PaD,2015,12,TRUE
ID-PaD,2016,12,TRUE
ID-PaD,2017,5,TRUE
ID-Pag,2004,6,TRUE
ID-Pag,2005,12,TRUE
ID-Pag,2006,9,TRUE
ID-Pag,2007,12,TRUE
ID-Pag,2008,0,FALSE
ID-Pag,2009,11,TRUE
ID-Pag,2010,10,TRUE
ID-Pag,2011,11,TRUE
ID-Pag,2012,12,TRUE
ID-Pag,2013,12,TRUE
ID-Pag,2014,10,TRUE
ID-Pag,2015,12,TRUE
ID-Pag,2016,12,TRUE
ID-Pag,2017,10,TRUE
ID-Pag,2018,10,TRUE
IE-CaC,2003,11,TRUE
IE-CaC,2004,12,TRUE
IE-CaC,2005,11,TRUE
IE-CaC,2006,12,TRUE
IE-CaC,2007,10,TRUE
IE-CaN,2003,11,TRUE
IE-CaN,2004,12,TRUE
IE-CaN,2005,11,TRUE
IE-CaN,2006,12,TRUE
IE-CaN,2007,7,TRUE
IE-Cra,2020,12,TRUE
IE-Cra,2021,0,FALSE
IE-Cra,2022,0,FALSE
IE-Cra,2023,0,FALSE
IE-Cra,2024,12,TRUE
IE-Gwr,2016,5,TRUE
IL-RmH,2015,2,TRUE
IL-RmH,2016,12,TRUE
IL-RmH,2017,6,TRUE
IL-RmH,2018,3,TRUE
IL-RmH,2019,5,TRUE
IL-RmH,2020,3,TRUE
IL-Yat,2000,3,TRUE
IL-Yat,2001,12,TRUE
IL-Yat,2002,12,TRUE
IL-Yat,2003,8,TRUE
IL-Yat,2004,12,TRUE
IL-Yat,2005,12,TRUE
IL-Yat,2006,12,TRUE
IL-Yat,2007,12,TRUE
IL-Yat,2008,12,TRUE
IL-Yat,2009,12,TRUE
IL-Yat,2010,12,TRUE
IL-Yat,2011,9,TRUE
IL-Yat,2012,12,TRUE
IL-Yat,2013,12,TRUE
IL-Yat,2014,12,TRUE
IL-Yat,2015,12,TRUE
IL-Yat,2016,12,TRUE
IL-Yat,2017,12,TRUE
IL-Yat,2018,12,TRUE
IL-Yat,2019,12,TRUE
IL-Yat,2020,12,TRUE
IL-Yat,2021,12,TRUE
IL-Yat,2022,12,TRUE
IL-Yat,2023,12,TRUE
IL-Yat,2024,12,TRUE
IT-Arz,2016,7,TRUE
IT-Arz,2017,12,TRUE
IT-Arz,2018,12,TRUE
IT-Arz,2019,12,TRUE
IT-Arz,2020,12,TRUE
IT-Arz,2021,12,TRUE
IT-Arz,2022,12,TRUE
IT-Arz,2023,12,TRUE
IT-Arz,2024,9,TRUE
IT-BCi,2004,8,TRUE
IT-BCi,2005,12,TRUE
IT-BCi,2006,12,TRUE
IT-BCi,2007,12,TRUE
IT-BCi,2008,12,TRUE
IT-BCi,2009,12,TRUE
IT-BCi,2010,12,TRUE
IT-BCi,2011,10,TRUE
IT-BCi,2012,12,TRUE
IT-BCi,2013,12,TRUE
IT-BCi,2014,12,TRUE
IT-BCi,2015,12,TRUE
IT-BCi,2016,12,TRUE
IT-BCi,2017,12,TRUE
IT-BCi,2018,12,TRUE
IT-BCi,2019,12,TRUE
IT-BCi,2020,12,TRUE
IT-BCi,2021,0,FALSE
IT-BCi,2022,0,FALSE
IT-BCi,2023,8,TRUE
IT-BCi,2024,12,TRUE
IT-BFt,2019,12,TRUE
IT-BFt,2020,12,TRUE
IT-BFt,2021,12,TRUE
IT-BFt,2022,12,TRUE
IT-BFt,2023,0,FALSE
IT-BFt,2024,12,TRUE
IT-BsB,2021,9,TRUE
IT-BsB,2022,12,TRUE
IT-BsB,2023,12,TRUE
IT-BsB,2024,12,TRUE
IT-Bsn,2020,6,TRUE
IT-Bsn,2021,10,TRUE
IT-CA1,2011,7,TRUE
IT-CA1,2012,12,TRUE
IT-CA1,2013,12,TRUE
IT-CA1,2014,12,TRUE
IT-CA2,2011,6,TRUE
IT-CA2,2012,12,TRUE
IT-CA2,2013,12,TRUE
IT-CA2,2014,12,TRUE
IT-CA3,2011,2,TRUE
IT-CA3,2012,12,TRUE
IT-CA3,2013,12,TRUE
IT-CA3,2014,12,TRUE
IT-Cp2,2012,11,TRUE
IT-Cp2,2013,12,TRUE
IT-Cp2,2014,10,TRUE
IT-Cp2,2015,11,TRUE
IT-Cp2,2016,9,TRUE
IT-Cp2,2017,7,TRUE
IT-Cp2,2018,6,TRUE
IT-Cp2,2019,12,TRUE
IT-Cp2,2020,10,TRUE
IT-Cp2,2021,7,TRUE
IT-Cp2,2022,10,TRUE
IT-Cp2,2023,12,TRUE
IT-Cp2,2024,12,TRUE
IT-Cpz,2001,12,TRUE
IT-Cpz,2002,12,TRUE
IT-Cpz,2003,12,TRUE
IT-Cpz,2004,12,TRUE
IT-Cpz,2005,12,TRUE
IT-Cpz,2006,12,TRUE
IT-Cpz,2007,12,TRUE
IT-Cpz,2008,12,TRUE
IT-Lav,2003,12,TRUE
IT-Lav,2004,12,TRUE
IT-Lav,2005,12,TRUE
IT-Lav,2006,12,TRUE
IT-Lav,2007,12,TRUE
IT-Lav,2008,12,TRUE
IT-Lav,2009,12,TRUE
IT-Lav,2010,12,TRUE
IT-Lav,2011,12,TRUE
IT-Lav,2012,12,TRUE
IT-Lav,2013,12,TRUE
IT-Lav,2014,12,TRUE
IT-Lav,2015,12,TRUE
IT-Lav,2016,12,TRUE
IT-Lav,2017,12,TRUE
IT-Lav,2018,12,TRUE
IT-Lav,2019,12,TRUE
IT-Lav,2020,12,TRUE
IT-Lsn,2016,12,TRUE
IT-Lsn,2017,12,TRUE
IT-Lsn,2018,12,TRUE
IT-Lsn,2019,12,TRUE
IT-Lsn,2020,12,TRUE
IT-Lsn,2021,9,TRUE
IT-Lsn,2022,12,TRUE
IT-Lsn,2023,12,TRUE
IT-Lsn,2024,12,TRUE
IT-MBo,2003,12,TRUE
IT-MBo,2004,12,TRUE
IT-MBo,2005,12,TRUE
IT-MBo,2006,12,TRUE
IT-MBo,2007,12,TRUE
IT-MBo,2008,12,TRUE
IT-MBo,2009,12,TRUE
IT-MBo,2010,12,TRUE
IT-MBo,2011,12,TRUE
IT-MBo,2012,12,TRUE
IT-MBo,2013,12,TRUE
IT-MBo,2014,10,TRUE
IT-MBo,2015,12,TRUE
IT-MBo,2016,12,TRUE
IT-MBo,2017,12,TRUE
IT-MBo,2018,12,TRUE
IT-MBo,2019,12,TRUE
IT-MBo,2020,12,TRUE
IT-MBo,2021,0,FALSE
IT-MBo,2022,1,TRUE
IT-MBo,2023,12,TRUE
IT-MBo,2024,11,TRUE
IT-MtM,2014,12,TRUE
IT-MtM,2015,12,TRUE
IT-MtM,2016,12,TRUE
IT-MtM,2017,12,TRUE
IT-MtM,2018,12,TRUE
IT-MtM,2019,12,TRUE
IT-MtP,2014,7,TRUE
IT-MtP,2015,12,TRUE
IT-MtP,2016,12,TRUE
IT-MtP,2017,12,TRUE
IT-MtP,2018,12,TRUE
IT-MtP,2019,5,TRUE
IT-NiG,2020,11,TRUE
IT-NiG,2021,12,TRUE
IT-NiG,2022,12,TRUE
IT-NiG,2023,10,TRUE
IT-NiG,2024,12,TRUE
IT-Niv,2019,4,TRUE
IT-Niv,2020,5,TRUE
IT-Niv,2021,6,TRUE
IT-Niv,2022,2,TRUE
IT-Niv,2023,3,TRUE
IT-Niv,2024,2,TRUE
IT-Noe,2022,3,TRUE
IT-Noe,2023,12,TRUE
IT-Noe,2024,12,TRUE
IT-PT1,2002,9,TRUE
IT-PT1,2003,12,TRUE
IT-PT1,2004,10,TRUE
IT-Ren,1999,12,TRUE
IT-Ren,2000,9,TRUE
IT-Ren,2001,12,TRUE
IT-Ren,2002,12,TRUE
IT-Ren,2003,12,TRUE
IT-Ren,2004,12,TRUE
IT-Ren,2005,12,TRUE
IT-Ren,2006,12,TRUE
IT-Ren,2007,12,TRUE
IT-Ren,2008,12,TRUE
IT-Ren,2009,12,TRUE
IT-Ren,2010,12,TRUE
IT-Ren,2011,12,TRUE
IT-Ren,2012,12,TRUE
IT-Ren,2013,12,TRUE
IT-Ren,2014,12,TRUE
IT-Ren,2015,12,TRUE
IT-Ren,2016,12,TRUE
IT-Ren,2017,12,TRUE
IT-Ren,2018,12,TRUE
IT-Ren,2019,12,TRUE
IT-Ren,2020,12,TRUE
IT-Ren,2021,0,FALSE
IT-Ren,2022,12,TRUE
IT-Ren,2023,12,TRUE
IT-Ren,2024,12,TRUE
IT-Ro1,2000,8,TRUE
IT-Ro1,2001,12,TRUE
IT-Ro1,2002,12,TRUE
IT-Ro1,2003,12,TRUE
IT-Ro1,2004,12,TRUE
IT-Ro1,2005,12,TRUE
IT-Ro1,2006,12,TRUE
IT-Ro1,2007,7,TRUE
IT-Ro1,2008,11,TRUE
IT-Ro2,2002,12,TRUE
IT-Ro2,2003,12,TRUE
IT-Ro2,2004,12,TRUE
IT-Ro2,2005,12,TRUE
IT-Ro2,2006,12,TRUE
IT-Ro2,2007,12,TRUE
IT-Ro2,2008,9,TRUE
IT-Ro2,2009,0,FALSE
IT-Ro2,2010,12,TRUE
IT-Ro2,2011,12,TRUE
IT-Ro2,2012,12,TRUE
IT-SR2,2013,12,TRUE
IT-SR2,2014,12,TRUE
IT-SR2,2015,12,TRUE
IT-SR2,2016,12,TRUE
IT-SR2,2017,12,TRUE
IT-SR2,2018,12,TRUE
IT-SR2,2019,12,TRUE
IT-SR2,2020,12,TRUE
IT-SR2,2021,12,TRUE
IT-SR2,2022,12,TRUE
IT-SR2,2023,12,TRUE
IT-SR2,2024,11,TRUE
IT-SRo,1999,12,TRUE
IT-SRo,2000,12,TRUE
IT-SRo,2001,12,TRUE
IT-SRo,2002,12,TRUE
IT-SRo,2003,12,TRUE
IT-SRo,2004,12,TRUE
IT-SRo,2005,9,TRUE
IT-SRo,2006,12,TRUE
IT-SRo,2007,12,TRUE
IT-SRo,2008,9,TRUE
IT-SRo,2009,12,TRUE
IT-SRo,2010,12,TRUE
IT-SRo,2011,12,TRUE
IT-SRo,2012,12,TRUE
IT-Tor,2008,6,TRUE
IT-Tor,2009,12,TRUE
IT-Tor,2010,12,TRUE
IT-Tor,2011,12,TRUE
IT-Tor,2012,12,TRUE
IT-Tor,2013,12,TRUE
IT-Tor,2014,12,TRUE
IT-Tor,2015,12,TRUE
IT-Tor,2016,12,TRUE
IT-Tor,2017,12,TRUE
IT-Tor,2018,12,TRUE
IT-Tor,2019,12,TRUE
IT-Tor,2020,12,TRUE
IT-Tor,2021,12,TRUE
IT-Tor,2022,12,TRUE
IT-Tor,2023,12,TRUE
IT-Tor,2024,11,TRUE
IT-TrF,2012,7,TRUE
IT-TrF,2013,12,TRUE
IT-TrF,2014,12,TRUE
IT-TrF,2015,12,TRUE
IT-TrF,2016,12,TRUE
IT-TrF,2017,12,TRUE
IT-TrF,2018,12,TRUE
IT-TrF,2019,12,TRUE
IT-TrF,2020,12,TRUE
IT-TrF,2021,12,TRUE
IT-TrF,2022,12,TRUE
IT-TrF,2023,12,TRUE
IT-TrF,2024,12,TRUE
JP-Api,2000,9,TRUE
JP-Api,2001,12,TRUE
JP-Api,2002,12,TRUE
JP-Api,2003,12,TRUE
JP-Api,2004,12,TRUE
JP-Api,2005,12,TRUE
JP-Api,2006,12,TRUE
JP-Api,2007,12,TRUE
JP-Api,2008,12,TRUE
JP-Api,2009,12,TRUE
JP-Api,2010,12,TRUE
JP-Api,2011,12,TRUE
JP-Api,2012,12,TRUE
JP-Api,2013,12,TRUE
JP-Api,2014,12,TRUE
JP-Api,2015,12,TRUE
JP-Api,2016,12,TRUE
JP-Api,2017,12,TRUE
JP-Api,2018,12,TRUE
JP-Api,2019,12,TRUE
JP-Api,2020,12,TRUE
JP-Api,2021,12,TRUE
JP-Api,2022,12,TRUE
JP-BBY,2014,9,TRUE
JP-BBY,2015,10,TRUE
JP-BBY,2016,12,TRUE
JP-BBY,2017,12,TRUE
JP-BBY,2018,12,TRUE
JP-BBY,2019,12,TRUE
JP-BBY,2020,12,TRUE
JP-Fhk,2006,12,TRUE
JP-Fhk,2007,12,TRUE
JP-Fhk,2008,12,TRUE
JP-Fhk,2009,12,TRUE
JP-Fhk,2010,12,TRUE
JP-Fhk,2011,12,TRUE
JP-Fhk,2012,12,TRUE
JP-Fhk,2013,12,TRUE
JP-Fhk,2014,12,TRUE
JP-Fhk,2015,12,TRUE
JP-Fhk,2016,12,TRUE
JP-Fhk,2017,12,TRUE
JP-Fhk,2018,12,TRUE
JP-Fhk,2019,12,TRUE
JP-Fhk,2020,12,TRUE
JP-Fhk,2021,12,TRUE
JP-Fhk,2022,12,TRUE
JP-Fhk,2023,12,TRUE
JP-Fjy,2001,12,TRUE
JP-Fjy,2002,12,TRUE
JP-Fjy,2003,12,TRUE
JP-Fjy,2004,12,TRUE
JP-Fjy,2005,12,TRUE
JP-Fjy,2006,12,TRUE
JP-Fjy,2007,12,TRUE
JP-Fjy,2008,12,TRUE
JP-Fjy,2009,12,TRUE
JP-Fjy,2010,12,TRUE
JP-Fjy,2011,12,TRUE
JP-Fjy,2012,12,TRUE
JP-Fjy,2013,12,TRUE
JP-Fjy,2014,12,TRUE
JP-Fjy,2015,12,TRUE
JP-Fjy,2016,12,TRUE
JP-Fjy,2017,12,TRUE
JP-Fjy,2018,12,TRUE
JP-Fjy,2019,12,TRUE
JP-Fjy,2020,12,TRUE
JP-Fjy,2021,5,TRUE
JP-Fmt,2014,12,TRUE
JP-Fmt,2015,12,TRUE
JP-Fmt,2016,10,TRUE
JP-Fmt,2017,12,TRUE
JP-Fmt,2018,12,TRUE
JP-Fmt,2019,12,TRUE
JP-Fmt,2020,12,TRUE
JP-Fmt,2021,12,TRUE
JP-Fmt,2022,12,TRUE
JP-Fmt,2023,11,TRUE
JP-Hc2,2003,5,TRUE
JP-Hc2,2004,5,TRUE
JP-Hc3,2005,5,TRUE
JP-Hc3,2006,4,TRUE
JP-Hc3,2007,12,TRUE
JP-Hc3,2008,12,TRUE
JP-KaP,1997,7,TRUE
JP-Khw,2000,12,TRUE
JP-Khw,2001,12,TRUE
JP-Khw,2002,12,TRUE
JP-Khw,2003,12,TRUE
JP-Khw,2004,0,FALSE
JP-Khw,2005,0,FALSE
JP-Khw,2006,0,FALSE
JP-Khw,2007,12,TRUE
JP-Khw,2008,12,TRUE
JP-Khw,2009,9,TRUE
JP-Khw,2010,12,TRUE
JP-Khw,2011,8,TRUE
JP-Khw,2012,8,TRUE
JP-Khw,2013,11,TRUE
JP-Khw,2014,11,TRUE
JP-Khw,2015,2,TRUE
JP-Khw,2016,0,FALSE
JP-Khw,2017,6,TRUE
JP-Khw,2018,12,TRUE
JP-Khw,2019,9,TRUE
JP-Khw,2020,8,TRUE
JP-Khw,2021,11,TRUE
JP-Kzw,2001,5,TRUE
JP-Kzw,2002,12,TRUE
JP-Kzw,2003,12,TRUE
JP-Kzw,2004,12,TRUE
JP-Kzw,2005,12,TRUE
JP-Kzw,2006,12,TRUE
JP-Kzw,2007,12,TRUE
JP-Kzw,2008,12,TRUE
JP-MBF,2004,5,TRUE
JP-MBF,2005,12,TRUE
JP-MBF,2006,12,TRUE
JP-MBF,2007,12,TRUE
JP-MBF,2008,12,TRUE
JP-MBF,2009,12,TRUE
JP-MBF,2010,12,TRUE
JP-MBF,2011,11,TRUE
JP-MMF,2004,5,TRUE
JP-MMF,2005,12,TRUE
JP-MMF,2006,12,TRUE
JP-MMF,2007,12,TRUE
JP-MMF,2008,12,TRUE
JP-MMF,2009,12,TRUE
JP-MMF,2010,12,TRUE
JP-MMF,2011,11,TRUE
JP-Mse,2002,12,TRUE
JP-Mse,2003,12,TRUE
JP-Mse,2004,12,TRUE
JP-Mse,2005,12,TRUE
JP-Mse,2006,12,TRUE
JP-Mse,2007,12,TRUE
JP-Mse,2008,12,TRUE
JP-Mse,2009,12,TRUE
JP-Nkm,2018,2,TRUE
JP-Nkm,2019,5,TRUE
JP-Nkm,2020,7,TRUE
JP-Nkm,2021,12,TRUE
JP-Nkm,2022,8,TRUE
JP-Nkm,2023,7,TRUE
JP-Nkm,2024,10,TRUE
JP-NsC,2004,3,TRUE
JP-NsC,2005,12,TRUE
JP-NsC,2006,12,TRUE
JP-NsC,2007,12,TRUE
JP-NsC,2008,12,TRUE
JP-NsC,2009,12,TRUE
JP-NsC,2010,12,TRUE
JP-NsC,2011,12,TRUE
JP-NsC,2012,12,TRUE
JP-NsC,2013,12,TRUE
JP-NsC,2014,12,TRUE
JP-NsC,2015,11,TRUE
JP-NsM,2004,3,TRUE
JP-NsM,2005,12,TRUE
JP-NsM,2006,12,TRUE
JP-NsM,2007,12,TRUE
JP-NsM,2008,12,TRUE
JP-NsM,2009,12,TRUE
JP-NsM,2010,12,TRUE
JP-NsM,2011,12,TRUE
JP-NsM,2012,12,TRUE
JP-NsM,2013,12,TRUE
JP-NsM,2014,12,TRUE
JP-NsM,2015,11,TRUE
JP-Nuf,2000,12,TRUE
JP-Nuf,2001,12,TRUE
JP-Om2,2022,9,TRUE
JP-Om2,2023,12,TRUE
JP-SMF,2002,3,TRUE
JP-SMF,2003,12,TRUE
JP-SMF,2004,10,TRUE
JP-SMF,2005,12,TRUE
JP-SMF,2006,12,TRUE
JP-SMF,2007,12,TRUE
JP-SMF,2008,12,TRUE
JP-SMF,2009,12,TRUE
JP-SMF,2010,10,TRUE
JP-SMF,2011,10,TRUE
JP-SMF,2012,12,TRUE
JP-SMF,2013,12,TRUE
JP-SMF,2014,12,TRUE
JP-Sb1,2007,3,TRUE
JP-Sb1,2008,7,TRUE
JP-Sb1,2009,6,TRUE
JP-Sb1,2010,6,TRUE
JP-Sb2,2007,4,TRUE
JP-Sb2,2008,7,TRUE
JP-Sb2,2009,5,TRUE
JP-Sb2,2010,6,TRUE
JP-Shn,2014,2,TRUE
JP-Shn,2015,12,TRUE
JP-Shn,2016,0,FALSE
JP-Shn,2017,0,FALSE
JP-Shn,2018,12,TRUE
JP-Shn,2019,12,TRUE
JP-Shn,2020,12,TRUE
JP-Spp,2000,12,TRUE
JP-Spp,2001,12,TRUE
JP-Spp,2002,12,TRUE
JP-Spp,2003,12,TRUE
JP-Spp,2004,8,TRUE
JP-Spp,2005,8,TRUE
JP-Spp,2006,12,TRUE
JP-Spp,2007,12,TRUE
JP-Spp,2008,12,TRUE
JP-Spp,2009,12,TRUE
JP-Spp,2010,12,TRUE
JP-Spp,2011,12,TRUE
JP-Spp,2012,12,TRUE
JP-Spp,2013,12,TRUE
JP-Spp,2014,12,TRUE
JP-Spp,2015,12,TRUE
JP-Spp,2016,12,TRUE
JP-Spp,2017,12,TRUE
JP-Spp,2018,8,TRUE
JP-Srk,2010,9,TRUE
JP-Srk,2011,8,TRUE
JP-Srk,2012,12,TRUE
JP-Srk,2013,12,TRUE
JP-Srk,2014,12,TRUE
JP-Srk,2015,12,TRUE
JP-Srk,2016,8,TRUE
JP-Ta2,2005,7,TRUE
JP-Ta2,2006,12,TRUE
JP-Ta2,2007,12,TRUE
JP-Ta2,2008,12,TRUE
JP-Ta2,2009,12,TRUE
JP-Ta2,2010,12,TRUE
JP-Ta2,2011,12,TRUE
JP-Ta2,2012,12,TRUE
JP-Ta2,2013,12,TRUE
JP-Ta2,2014,12,TRUE
JP-Ta2,2015,12,TRUE
JP-Tak,1998,6,TRUE
JP-Tak,1999,12,TRUE
JP-Tak,2000,12,TRUE
JP-Tak,2001,12,TRUE
JP-Tak,2002,12,TRUE
JP-Tak,2003,12,TRUE
JP-Tak,2004,12,TRUE
JP-Tak,2005,12,TRUE
JP-Tak,2006,12,TRUE
JP-Tak,2007,12,TRUE
JP-Tak,2008,12,TRUE
JP-Tak,2009,12,TRUE
JP-Tak,2010,12,TRUE
JP-Tak,2011,12,TRUE
JP-Tak,2012,12,TRUE
JP-Tak,2013,12,TRUE
JP-Tak,2014,12,TRUE
JP-Tak,2015,12,TRUE
JP-Tak,2016,12,TRUE
JP-Tak,2017,12,TRUE
JP-Tak,2018,12,TRUE
JP-Tak,2019,12,TRUE
JP-Tak,2020,12,TRUE
JP-Tak,2021,12,TRUE
JP-Tef,2001,4,TRUE
JP-Tef,2002,12,TRUE
JP-Tef,2003,12,TRUE
JP-Tef,2004,12,TRUE
JP-Tef,2005,12,TRUE
JP-Tef,2006,12,TRUE
JP-Tef,2007,12,TRUE
JP-Tef,2008,12,TRUE
JP-Tef,2009,12,TRUE
JP-Tef,2010,12,TRUE
JP-Tef,2011,12,TRUE
JP-Tef,2012,12,TRUE
JP-Tef,2013,12,TRUE
JP-Tef,2014,12,TRUE
JP-Tef,2015,12,TRUE
JP-Tef,2016,12,TRUE
JP-Tef,2017,12,TRUE
JP-Tef,2018,12,TRUE
JP-Tef,2019,12,TRUE
JP-Tef,2020,12,TRUE
JP-Tef,2021,12,TRUE
JP-Tef,2022,12,TRUE
JP-Tef,2023,12,TRUE
JP-Tgf,2002,10,TRUE
JP-Tgf,2003,12,TRUE
JP-Tgf,2004,12,TRUE
JP-Tkb,2018,7,TRUE
JP-Tkb,2019,6,TRUE
JP-Tmd,2005,4,TRUE
JP-Tmd,2006,8,TRUE
JP-Tmd,2007,8,TRUE
JP-Tmd,2008,7,TRUE
JP-Tmd,2009,8,TRUE
JP-Tmd,2010,9,TRUE
JP-Tmd,2011,8,TRUE
JP-Tmd,2012,9,TRUE
JP-Tmd,2013,8,TRUE
JP-Tmd,2014,9,TRUE
JP-Tmd,2015,12,TRUE
JP-Tmd,2016,12,TRUE
JP-Tmd,2017,12,TRUE
JP-Tmd,2018,12,TRUE
JP-Tmd,2019,12,TRUE
JP-Tmd,2020,12,TRUE
JP-Tmd,2021,11,TRUE
JP-Tmd,2022,9,TRUE
JP-Tmd,2023,12,TRUE
JP-Tmk,2001,12,TRUE
JP-Tmk,2002,12,TRUE
JP-Tmk,2003,12,TRUE
JP-Toc,2011,12,TRUE
JP-Toc,2012,12,TRUE
JP-Toc,2013,12,TRUE
JP-Toc,2014,12,TRUE
JP-Yms,2000,7,TRUE
JP-Yms,2001,12,TRUE
JP-Yms,2002,12,TRUE
JP-Yms,2003,12,TRUE
JP-Yms,2004,12,TRUE
JP-Yms,2005,12,TRUE
JP-Yms,2006,12,TRUE
JP-Yms,2007,12,TRUE
JP-Yms,2008,12,TRUE
JP-Yms,2009,12,TRUE
JP-Yms,2010,12,TRUE
JP-Yms,2011,12,TRUE
JP-Yms,2012,12,TRUE
JP-Yms,2013,12,TRUE
JP-Yms,2014,12,TRUE
JP-Yms,2015,12,TRUE
JP-Yms,2016,12,TRUE
JP-Yms,2017,12,TRUE
JP-Yms,2018,12,TRUE
JP-Yms,2019,12,TRUE
JP-Yms,2020,12,TRUE
JP-Yms,2021,12,TRUE
JP-Yms,2022,12,TRUE
JP-Yms,2023,12,TRUE
JP-Ynf,2013,6,TRUE
JP-Ynf,2014,12,TRUE
JP-Ynf,2015,12,TRUE
JP-Ynf,2016,12,TRUE
JP-Ynf,2017,12,TRUE
JP-Ynf,2018,10,TRUE
JP-Ynf,2019,4,TRUE
JP-Ynf,2020,12,TRUE
JP-Ynf,2021,9,TRUE
JP-Ynf,2022,12,TRUE
KE-Aq1,2019,7,TRUE
KE-Aq2,2022,4,TRUE
KE-Aq2,2023,11,TRUE
KE-Aq2,2024,3,TRUE
KE-Chk,2022,3,TRUE
KE-Chk,2023,12,TRUE
KE-Chk,2024,8,TRUE
KE-Kpt,2018,5,TRUE
KE-Kpt,2019,12,TRUE
KE-Kpt,2020,6,TRUE
KE-Kpt,2021,0,FALSE
KE-Kpt,2022,10,TRUE
KE-Kpt,2023,9,TRUE
KE-Kpt,2024,7,TRUE
KE-Mkt,2019,12,TRUE
KE-Mkt,2020,10,TRUE
KE-Mkt,2021,4,TRUE
KE-Mkt,2022,11,TRUE
KE-Mkt,2023,5,TRUE
KE-Mkt,2024,6,TRUE
KH-Kmp,2011,4,TRUE
KH-Kmp,2012,12,TRUE
KH-Kmp,2013,4,TRUE
KH-Kmp,2014,6,TRUE
KR-AdC,2015,9,TRUE
KR-AdC,2016,12,TRUE
KR-AdC,2017,12,TRUE
KR-AdC,2018,11,TRUE
KR-CRK,2015,8,TRUE
KR-CRK,2016,12,TRUE
KR-CRK,2017,12,TRUE
KR-CRK,2018,12,TRUE
KR-CRK,2019,12,TRUE
KR-CRK,2020,12,TRUE
KR-CRK,2021,12,TRUE
KR-CmF,2012,12,TRUE
KR-CmF,2013,12,TRUE
KR-CmF,2014,12,TRUE
KR-CmF,2015,12,TRUE
KR-CmF,2016,12,TRUE
KR-CmF,2017,12,TRUE
KR-CmF,2018,10,TRUE
KR-CmF,2019,8,TRUE
KR-GmP,2011,6,TRUE
KR-GmP,2012,12,TRUE
KR-GmP,2013,8,TRUE
KR-GmP,2014,7,TRUE
KR-GmR,2017,11,TRUE
KR-GmR,2018,12,TRUE
KR-GmR,2019,12,TRUE
KR-GmS,2017,12,TRUE
KR-GmS,2018,12,TRUE
KR-GmS,2019,12,TRUE
KR-HPK,2016,7,TRUE
KR-HPK,2017,12,TRUE
KR-HPK,2018,10,TRUE
KR-HcM,2015,12,TRUE
KR-HcM,2016,12,TRUE
KR-HcM,2017,12,TRUE
KR-HcM,2018,12,TRUE
KR-Hnm,2016,12,TRUE
KR-Hnm,2017,12,TRUE
KR-Hnm,2018,12,TRUE
KR-Hnm,2019,11,TRUE
KR-JjM,2015,12,TRUE
KR-JjM,2016,12,TRUE
KR-JjM,2017,12,TRUE
KR-JjM,2018,12,TRUE
KR-Kw1,2016,12,TRUE
KR-Kw1,2017,12,TRUE
KR-Kw1,2018,12,TRUE
KR-Kw1,2019,12,TRUE
KR-Kw1,2020,12,TRUE
KR-Kw2,2016,4,TRUE
KR-Kw2,2017,12,TRUE
KR-Kw2,2018,12,TRUE
KR-Kw2,2019,12,TRUE
KR-Kw2,2020,12,TRUE
KR-Nj1,2023,9,TRUE
KR-Nj1,2024,12,TRUE
KR-Nj2,2023,12,TRUE
KR-Nj2,2024,12,TRUE
KR-PcD,2015,12,TRUE
KR-PcD,2016,12,TRUE
KR-PcD,2017,12,TRUE
KR-PcD,2018,12,TRUE
KR-ScC,2015,12,TRUE
KR-ScC,2016,12,TRUE
KR-ScC,2017,12,TRUE
KR-ScC,2018,12,TRUE
KR-SmM,2015,12,TRUE
KR-SmM,2016,12,TRUE
KR-SmM,2017,12,TRUE
KR-SmM,2018,12,TRUE
KR-SmM,2019,11,TRUE
KR-SmM,2020,10,TRUE
KR-SmM,2021,11,TRUE
KR-TwB,2024,10,TRUE
KR-TwC,2024,12,TRUE
KR-UAO,2017,7,TRUE
KR-UAO,2018,12,TRUE
KR-UAO,2019,12,TRUE
KR-WdE,2015,12,TRUE
KR-WdE,2016,11,TRUE
KR-WdE,2017,11,TRUE
KR-WdE,2018,12,TRUE
ML-Kem,2007,7,TRUE
ML-Kem,2008,12,TRUE
ML-Kem,2009,4,TRUE
MN-Hst,2015,6,TRUE
MN-Hst,2016,12,TRUE
MN-Hst,2017,12,TRUE
MN-Hst,2018,12,TRUE
MN-Hst,2019,12,TRUE
MN-Hst,2020,9,TRUE
MN-Kbu,2003,9,TRUE
MN-Kbu,2004,12,TRUE
MN-Kbu,2005,12,TRUE
MN-Kbu,2006,12,TRUE
MN-Kbu,2007,12,TRUE
MN-Kbu,2008,12,TRUE
MN-Nkh,2015,9,TRUE
MN-Nkh,2016,12,TRUE
MN-Nkh,2017,12,TRUE
MN-Nkh,2018,12,TRUE
MN-Nkh,2019,12,TRUE
MN-Nkh,2020,10,TRUE
MN-Udg,2010,10,TRUE
MN-Udg,2011,12,TRUE
MN-Udg,2012,11,TRUE
MX-Aog,2016,10,TRUE
MX-Aog,2017,12,TRUE
MX-Aog,2018,12,TRUE
MX-PMm,2017,7,TRUE
MX-PMm,2018,10,TRUE
MX-Tes,2004,6,TRUE
MX-Tes,2005,12,TRUE
MX-Tes,2006,12,TRUE
MX-Tes,2007,12,TRUE
MX-Tes,2008,12,TRUE
MY-LHP,2009,2,TRUE
MY-LHP,2010,9,TRUE
MY-LHP,2011,7,TRUE
MY-LHP,2012,12,TRUE
MY-LHP,2013,12,TRUE
MY-LHP,2014,12,TRUE
MY-LHP,2015,12,TRUE
MY-LHP,2016,12,TRUE
MY-LHP,2017,9,TRUE
MY-LHP,2018,11,TRUE
MY-LHP,2019,11,TRUE
NL-Hrw,2001,7,TRUE
NL-Hrw,2002,12,TRUE
NL-Hrw,2003,9,TRUE
NL-Hrw,2004,1,TRUE
NL-Hrw,2005,12,TRUE
NL-Hrw,2006,12,TRUE
NL-Hrw,2007,12,TRUE
NL-Hrw,2008,12,TRUE
NL-Hrw,2009,11,TRUE
NL-Hrw,2010,12,TRUE
NL-Loo,1997,12,TRUE
NL-Loo,1998,12,TRUE
NL-Loo,1999,12,TRUE
NL-Loo,2000,12,TRUE
NL-Loo,2001,12,TRUE
NL-Loo,2002,12,TRUE
NL-Loo,2003,12,TRUE
NL-Loo,2004,12,TRUE
NL-Loo,2005,12,TRUE
NL-Loo,2006,12,TRUE
NL-Loo,2007,12,TRUE
NL-Loo,2008,12,TRUE
NL-Loo,2009,12,TRUE
NL-Loo,2010,12,TRUE
NL-Loo,2011,12,TRUE
NL-Loo,2012,12,TRUE
NL-Loo,2013,12,TRUE
NL-Loo,2014,12,TRUE
NL-Loo,2015,12,TRUE
NL-Loo,2016,12,TRUE
NL-Loo,2017,12,TRUE
NL-Loo,2018,12,TRUE
NL-Loo,2019,12,TRUE
NL-Loo,2020,12,TRUE
NL-Loo,2021,12,TRUE
NL-Loo,2022,12,TRUE
NL-Loo,2023,12,TRUE
NL-Loo,2024,12,TRUE
NL-Vkp,2014,8,TRUE
NL-Vkp,2015,12,TRUE
NL-Vkp,2016,12,TRUE
NL-Vkp,2017,12,TRUE
NL-Vkp,2018,12,TRUE
NL-Vkp,2019,12,TRUE
NL-Vkp,2020,12,TRUE
NL-Vkp,2021,12,TRUE
NL-Vkp,2022,12,TRUE
NL-Vkp,2023,12,TRUE
NL-Vkp,2024,12,TRUE
NO-And,2008,7,TRUE
NO-And,2009,12,TRUE
NO-And,2010,12,TRUE
NO-And,2011,12,TRUE
NO-And,2012,12,TRUE
NO-And,2013,12,TRUE
NO-And,2014,12,TRUE
NO-Fns,2017,9,TRUE
NO-Fns,2018,9,TRUE
NO-Fns,2019,11,TRUE
NO-Fns,2020,12,TRUE
NO-Fns,2021,12,TRUE
NO-Fns,2022,12,TRUE
NO-Fns,2023,11,TRUE
NO-Fns,2024,9,TRUE
NO-Hur,2023,3,TRUE
NO-Hur,2024,12,TRUE
NO-Ikr,2019,9,TRUE
NO-Ikr,2020,12,TRUE
NO-Ikr,2021,11,TRUE
NO-Ikr,2022,2,TRUE
NZ-ADd,2016,12,TRUE
NZ-ADd,2017,12,TRUE
NZ-ADd,2018,12,TRUE
NZ-ADd,2019,12,TRUE
NZ-ADd,2020,8,TRUE
NZ-ADw,2015,6,TRUE
NZ-ADw,2016,12,TRUE
NZ-ADw,2017,12,TRUE
NZ-ADw,2018,12,TRUE
NZ-ADw,2019,12,TRUE
NZ-ADw,2020,12,TRUE
NZ-ADw,2021,12,TRUE
NZ-ADw,2022,8,TRUE
NZ-BFm,2012,5,TRUE
NZ-BFm,2013,12,TRUE
NZ-BFm,2014,12,TRUE
NZ-BFm,2015,7,TRUE
NZ-BFu,2012,5,TRUE
NZ-BFu,2013,12,TRUE
NZ-BFu,2014,8,TRUE
NZ-Cla,2022,3,TRUE
NZ-Cla,2023,12,TRUE
NZ-Cla,2024,12,TRUE
NZ-Cla,2025,3,TRUE
NZ-Kop,2012,12,TRUE
NZ-Kop,2013,12,TRUE
NZ-Kop,2014,12,TRUE
NZ-Kop,2015,12,TRUE
NZ-Lau,2019,4,TRUE
NZ-Lau,2020,12,TRUE
NZ-Lau,2021,12,TRUE
NZ-Lau,2022,12,TRUE
NZ-Lau,2023,12,TRUE
NZ-Lau,2024,12,TRUE
NZ-Lau,2025,12,TRUE
NZ-Oxf,2006,12,TRUE
NZ-Oxf,2007,12,TRUE
NZ-Oxf,2008,12,TRUE
NZ-Oxf,2009,12,TRUE
NZ-Oxf,2010,12,TRUE
NZ-ScF,2008,12,TRUE
NZ-ScF,2009,12,TRUE
NZ-ScF,2010,12,TRUE
NZ-ScF,2011,12,TRUE
PA-SPn,2007,11,TRUE
PA-SPn,2008,12,TRUE
PA-SPn,2009,6,TRUE
PA-SPs,2007,9,TRUE
PA-SPs,2008,12,TRUE
PA-SPs,2009,12,TRUE
PA-SPs,2010,1,TRUE
PE-QFR,2018,12,TRUE
PE-QFR,2019,12,TRUE
PE-QFR,2020,0,FALSE
PE-QFR,2021,0,FALSE
PE-QFR,2022,12,TRUE
PR-xGU,2019,10,TRUE
PR-xGU,2020,3,TRUE
PR-xGU,2021,10,TRUE
PR-xGU,2022,12,TRUE
PR-xGU,2023,12,TRUE
PR-xGU,2024,12,TRUE
PR-xLA,2019,3,TRUE
PR-xLA,2020,6,TRUE
PR-xLA,2021,11,TRUE
PR-xLA,2022,12,TRUE
PR-xLA,2023,12,TRUE
PR-xLA,2024,12,TRUE
RU-Ch2,2014,11,TRUE
RU-Ch2,2015,12,TRUE
RU-Ch2,2016,3,TRUE
RU-Ch2,2017,9,TRUE
RU-Ch2,2018,11,TRUE
RU-Ch2,2019,11,TRUE
RU-Ch2,2020,12,TRUE
RU-Ch2,2021,11,TRUE
RU-Che,2013,5,TRUE
RU-Che,2014,12,TRUE
RU-Che,2015,12,TRUE
RU-Che,2016,12,TRUE
RU-Che,2017,12,TRUE
RU-Che,2018,6,TRUE
RU-Che,2019,7,TRUE
RU-Che,2020,12,TRUE
RU-Che,2021,8,TRUE
RU-Ege,2010,6,TRUE
RU-Ege,2011,6,TRUE
RU-Ege,2012,6,TRUE
RU-Ege,2013,6,TRUE
RU-Ege,2014,7,TRUE
RU-Ege,2015,6,TRUE
RU-Ege,2016,6,TRUE
RU-Ege,2017,7,TRUE
RU-Ege,2018,7,TRUE
RU-Fy2,2015,8,TRUE
RU-Fy2,2016,12,TRUE
RU-Fy2,2017,12,TRUE
RU-Fy2,2018,12,TRUE
RU-Fy2,2019,12,TRUE
RU-Fy2,2020,12,TRUE
RU-Fy2,2021,12,TRUE
RU-Fy2,2022,12,TRUE
RU-Fy2,2023,10,TRUE
RU-Fy2,2024,12,TRUE
RU-Fy3,2016,7,TRUE
RU-Fy3,2017,6,TRUE
RU-Fy3,2018,9,TRUE
RU-Fy4,2015,6,TRUE
RU-Fy4,2016,10,TRUE
RU-Fy4,2017,7,TRUE
RU-Fy4,2018,8,TRUE
RU-Fy4,2019,12,TRUE
RU-Fy4,2020,12,TRUE
RU-Fyo,1998,7,TRUE
RU-Fyo,1999,12,TRUE
RU-Fyo,2000,12,TRUE
RU-Fyo,2001,12,TRUE
RU-Fyo,2002,12,TRUE
RU-Fyo,2003,12,TRUE
RU-Fyo,2004,12,TRUE
RU-Fyo,2005,12,TRUE
RU-Fyo,2006,12,TRUE
RU-Fyo,2007,12,TRUE
RU-Fyo,2008,12,TRUE
RU-Fyo,2009,12,TRUE
RU-Fyo,2010,12,TRUE
RU-Fyo,2011,12,TRUE
RU-Fyo,2012,12,TRUE
RU-Fyo,2013,12,TRUE
RU-Fyo,2014,12,TRUE
RU-Fyo,2015,12,TRUE
RU-Fyo,2016,12,TRUE
RU-Fyo,2017,12,TRUE
RU-Fyo,2018,12,TRUE
RU-Fyo,2019,12,TRUE
RU-Fyo,2020,12,TRUE
RU-Fyo,2021,12,TRUE
RU-Fyo,2022,12,TRUE
RU-Fyo,2023,12,TRUE
RU-Fyo,2024,12,TRUE
RU-Ha1,2002,6,TRUE
RU-Ha1,2003,6,TRUE
RU-Ha1,2004,7,TRUE
RU-NeB,1999,2,TRUE
RU-NeB,2000,5,TRUE
RU-NeC,2001,5,TRUE
RU-NeC,2002,5,TRUE
RU-NeC,2003,6,TRUE
RU-NeC,2004,5,TRUE
RU-NeC,2005,5,TRUE
RU-NeC,2006,5,TRUE
RU-NeF,2000,5,TRUE
RU-NeF,2001,5,TRUE
RU-NeF,2002,5,TRUE
RU-NeF,2003,6,TRUE
RU-NeF,2004,5,TRUE
RU-NeF,2005,4,TRUE
RU-NeF,2006,5,TRUE
RU-Sk2,2004,8,TRUE
RU-Sk2,2005,6,TRUE
RU-Sk2,2006,8,TRUE
RU-Sk2,2007,6,TRUE
RU-Sk2,2008,6,TRUE
RU-SkP,2004,8,TRUE
RU-SkP,2005,8,TRUE
RU-SkP,2006,8,TRUE
RU-SkP,2007,7,TRUE
RU-SkP,2008,0,FALSE
RU-SkP,2009,6,TRUE
RU-SkP,2010,8,TRUE
RU-SkP,2011,7,TRUE
RU-SkP,2012,7,TRUE
RU-SkP,2013,7,TRUE
RU-SkP,2014,7,TRUE
RU-Tur,2004,3,TRUE
SD-Dem,2007,6,TRUE
SD-Dem,2008,12,TRUE
SD-Dem,2009,12,TRUE
SE-Deg,2019,2,TRUE
SE-Deg,2020,12,TRUE
SE-Deg,2021,12,TRUE
SE-Deg,2022,12,TRUE
SE-Deg,2023,12,TRUE
SE-Deg,2024,12,TRUE
SE-HfM,2020,7,TRUE
SE-HfM,2021,12,TRUE
SE-HfM,2022,12,TRUE
SE-HfM,2023,12,TRUE
SE-Hmr,2020,9,TRUE
SE-Hmr,2021,12,TRUE
SE-Hmr,2022,12,TRUE
SE-Hmr,2023,12,TRUE
SE-Htm,2018,8,TRUE
SE-Htm,2019,12,TRUE
SE-Htm,2020,12,TRUE
SE-Htm,2021,12,TRUE
SE-Htm,2022,12,TRUE
SE-Htm,2023,12,TRUE
SE-Htm,2024,12,TRUE
SE-Nor,2018,2,TRUE
SE-Nor,2019,12,TRUE
SE-Nor,2020,12,TRUE
SE-Nor,2021,12,TRUE
SE-Nor,2022,12,TRUE
SE-Nor,2023,12,TRUE
SE-Nor,2024,12,TRUE
SE-Ros,2014,6,TRUE
SE-Ros,2015,12,TRUE
SE-Ros,2016,12,TRUE
SE-Ros,2017,12,TRUE
SE-Ros,2018,12,TRUE
SE-Ros,2019,12,TRUE
SE-Ros,2020,12,TRUE
SE-Srj,2020,9,TRUE
SE-Srj,2021,12,TRUE
SE-Srj,2022,11,TRUE
SE-Srj,2023,7,TRUE
SE-St1,2012,7,TRUE
SE-St1,2013,12,TRUE
SE-St1,2014,12,TRUE
SE-St1,2015,6,TRUE
SE-St1,2016,12,TRUE
SE-St1,2017,12,TRUE
SE-St1,2018,12,TRUE
SE-St1,2019,10,TRUE
SE-Sto,2022,8,TRUE
SE-Sto,2023,12,TRUE
SE-Sto,2024,12,TRUE
SE-Svb,2014,12,TRUE
SE-Svb,2015,12,TRUE
SE-Svb,2016,12,TRUE
SE-Svb,2017,9,TRUE
SE-Svb,2018,12,TRUE
SE-Svb,2019,12,TRUE
SE-Svb,2020,12,TRUE
SE-Svb,2021,12,TRUE
SE-Svb,2022,12,TRUE
SE-Svb,2023,12,TRUE
SE-Svb,2024,12,TRUE
SE-Trb,2021,12,TRUE
SE-Trb,2022,12,TRUE
SE-Trb,2023,7,TRUE
SJ-Adv,2012,9,TRUE
SJ-Adv,2013,11,TRUE
SJ-Adv,2014,11,TRUE
SN-Dhr,2010,4,TRUE
SN-Dhr,2011,8,TRUE
SN-Dhr,2012,12,TRUE
SN-Dhr,2013,8,TRUE
SN-Dhr,2014,0,FALSE
SN-Dhr,2015,6,TRUE
SN-Dhr,2016,12,TRUE
SN-Dhr,2017,12,TRUE
SN-Dhr,2018,0,FALSE
SN-Dhr,2019,10,TRUE
SN-Dhr,2020,8,TRUE
SN-Dhr,2021,8,TRUE
SN-Dhr,2022,12,TRUE
SN-Nkr,2018,10,TRUE
SN-Nkr,2019,12,TRUE
SN-Nkr,2020,12,TRUE
SN-Nkr,2021,12,TRUE
SN-Nkr,2022,12,TRUE
SN-Nkr,2023,12,TRUE
SN-Nkr,2024,12,TRUE
TH-Kog,2005,2,TRUE
TH-Kog,2006,12,TRUE
TH-Kog,2007,12,TRUE
TH-Kog,2008,10,TRUE
TH-Kog,2009,12,TRUE
TH-Kog,2010,12,TRUE
TH-Kog,2011,8,TRUE
TH-Kog,2012,7,TRUE
TH-Kog,2013,1,TRUE
TH-Mae,2005,2,TRUE
TH-Mae,2006,12,TRUE
TH-Mae,2007,10,TRUE
TH-Mae,2008,12,TRUE
TH-Mae,2009,9,TRUE
TH-Mae,2010,12,TRUE
TH-Mae,2011,12,TRUE
TH-Mae,2012,12,TRUE
TH-Mae,2013,0,FALSE
TH-Mae,2014,12,TRUE
TH-Mae,2015,12,TRUE
TH-Mae,2016,9,TRUE
UK-AMo,2003,12,TRUE
UK-AMo,2004,12,TRUE
UK-AMo,2005,12,TRUE
UK-AMo,2006,12,TRUE
UK-AMo,2007,12,TRUE
UK-AMo,2008,12,TRUE
UK-AMo,2009,12,TRUE
UK-AMo,2010,12,TRUE
UK-AMo,2011,12,TRUE
UK-AMo,2012,12,TRUE
UK-AMo,2013,12,TRUE
UK-AMo,2014,12,TRUE
UK-AMo,2015,12,TRUE
UK-AMo,2016,12,TRUE
UK-AMo,2017,12,TRUE
UK-AMo,2018,12,TRUE
UK-AMo,2019,12,TRUE
UK-AMo,2020,12,TRUE
UK-AMo,2021,12,TRUE
UK-AMo,2022,12,TRUE
UK-AMo,2023,12,TRUE
UK-AMo,2024,12,TRUE
UK-Ags,2023,9,TRUE
UK-Ags,2024,9,TRUE
UK-BnB,2021,7,TRUE
UK-BnB,2022,12,TRUE
UK-BnB,2023,12,TRUE
UK-BnB,2024,12,TRUE
UK-CCr,2022,11,TRUE
UK-CCr,2023,12,TRUE
UK-CCr,2024,12,TRUE
UK-Cvn,2023,4,TRUE
UK-Cvn,2024,12,TRUE
UK-GaB,2022,10,TRUE
UK-GaB,2023,12,TRUE
UK-GaB,2024,12,TRUE
UK-Gnn,2022,10,TRUE
UK-Gnn,2023,12,TRUE
UK-Gnn,2024,12,TRUE
UK-Gwr,2022,10,TRUE
UK-Gwr,2023,12,TRUE
UK-Gwr,2024,12,TRUE
UK-HgF,2023,7,TRUE
UK-HgF,2024,12,TRUE
UK-HpF,2023,11,TRUE
UK-HpF,2024,12,TRUE
US-A03,2015,12,TRUE
US-A03,2016,10,TRUE
US-A03,2017,12,TRUE
US-A03,2018,12,TRUE
US-A03,2019,12,TRUE
US-A03,2020,12,TRUE
US-A03,2021,4,TRUE
US-A10,2011,1,TRUE
US-A10,2012,10,TRUE
US-A10,2013,12,TRUE
US-A10,2014,12,TRUE
US-A10,2015,12,TRUE
US-A10,2016,10,TRUE
US-A10,2017,12,TRUE
US-A10,2018,12,TRUE
US-A10,2019,12,TRUE
US-A10,2020,12,TRUE
US-A10,2021,12,TRUE
US-A10,2022,8,TRUE
US-A32,2015,5,TRUE
US-A32,2016,12,TRUE
US-A32,2017,6,TRUE
US-A37,2024,12,TRUE
US-A39,2024,12,TRUE
US-A74,2016,10,TRUE
US-A74,2017,8,TRUE
US-ABa,2013,6,TRUE
US-ABa,2014,12,TRUE
US-ABa,2015,12,TRUE
US-ABb,2013,6,TRUE
US-ABb,2014,12,TRUE
US-ABb,2015,12,TRUE
US-ABc,2013,6,TRUE
US-ABc,2014,12,TRUE
US-ABc,2015,11,TRUE
US-ABd,2013,6,TRUE
US-ABd,2014,12,TRUE
US-ABd,2015,11,TRUE
US-ABe,2013,6,TRUE
US-ABe,2014,12,TRUE
US-ABe,2015,12,TRUE
US-ADR,2011,7,TRUE
US-ADR,2012,12,TRUE
US-ADR,2013,12,TRUE
US-ADR,2014,12,TRUE
US-ADR,2015,5,TRUE
US-ADR,2016,10,TRUE
US-ADR,2017,5,TRUE
US-ALQ,2015,4,TRUE
US-ALQ,2016,12,TRUE
US-ALQ,2017,3,TRUE
US-ALQ,2018,4,TRUE
US-ALQ,2019,12,TRUE
US-ALQ,2020,12,TRUE
US-ALQ,2021,12,TRUE
US-ALQ,2022,12,TRUE
US-ALQ,2023,12,TRUE
US-ALQ,2024,12,TRUE
US-ALQ,2025,12,TRUE
US-AR1,2009,8,TRUE
US-AR1,2010,12,TRUE
US-AR1,2011,12,TRUE
US-AR1,2012,10,TRUE
US-AR2,2009,8,TRUE
US-AR2,2010,12,TRUE
US-AR2,2011,12,TRUE
US-AR2,2012,5,TRUE
US-ARM,2003,12,TRUE
US-ARM,2004,12,TRUE
US-ARM,2005,12,TRUE
US-ARM,2006,12,TRUE
US-ARM,2007,12,TRUE
US-ARM,2008,12,TRUE
US-ARM,2009,12,TRUE
US-ARM,2010,12,TRUE
US-ARM,2011,12,TRUE
US-ARM,2012,12,TRUE
US-ARM,2013,12,TRUE
US-ARM,2014,12,TRUE
US-ARM,2015,7,TRUE
US-ARM,2016,12,TRUE
US-ARM,2017,12,TRUE
US-ARM,2018,12,TRUE
US-ARM,2019,12,TRUE
US-ARM,2020,12,TRUE
US-ARM,2021,12,TRUE
US-ARM,2022,12,TRUE
US-ARM,2023,12,TRUE
US-ARM,2024,12,TRUE
US-ARM,2025,12,TRUE
US-ARb,2005,10,TRUE
US-ARb,2006,10,TRUE
US-ARc,2005,10,TRUE
US-ARc,2006,10,TRUE
US-ASH,2016,3,TRUE
US-ASM,2016,3,TRUE
US-Akn,2011,11,TRUE
US-Akn,2012,10,TRUE
US-Akn,2013,5,TRUE
US-Akn,2014,0,FALSE
US-Akn,2015,0,FALSE
US-Akn,2016,9,TRUE
US-Akn,2017,12,TRUE
US-Akn,2018,12,TRUE
US-Akn,2019,10,TRUE
US-Akn,2020,12,TRUE
US-Akn,2021,12,TRUE
US-Akn,2022,4,TRUE
US-Aud,2002,7,TRUE
US-Aud,2003,12,TRUE
US-Aud,2004,12,TRUE
US-Aud,2005,12,TRUE
US-Aud,2006,12,TRUE
US-Aud,2007,12,TRUE
US-Aud,2008,12,TRUE
US-Aud,2009,12,TRUE
US-Aud,2010,8,TRUE
US-Aud,2011,12,TRUE
US-Aud,2012,12,TRUE
US-Aud,2013,12,TRUE
US-Aud,2014,0,FALSE
US-Aud,2015,10,TRUE
US-Aud,2016,12,TRUE
US-Aud,2017,12,TRUE
US-Aud,2018,12,TRUE
US-Aud,2019,12,TRUE
US-Aud,2020,12,TRUE
US-Aud,2021,12,TRUE
US-Aud,2022,12,TRUE
US-Aud,2023,8,TRUE
US-Aud,2024,12,TRUE
US-BRG,2017,12,TRUE
US-BRG,2018,12,TRUE
US-BRG,2019,12,TRUE
US-BRG,2020,10,TRUE
US-BZB,2011,11,TRUE
US-BZB,2012,11,TRUE
US-BZB,2013,0,FALSE
US-BZB,2014,12,TRUE
US-BZB,2015,12,TRUE
US-BZB,2016,12,TRUE
US-BZB,2017,12,TRUE
US-BZB,2018,12,TRUE
US-BZB,2019,12,TRUE
US-BZB,2020,12,TRUE
US-BZB,2021,12,TRUE
US-BZB,2022,12,TRUE
US-BZB,2023,12,TRUE
US-BZB,2024,12,TRUE
US-BZB,2025,8,TRUE
US-BZF,2011,6,TRUE
US-BZF,2012,11,TRUE
US-BZF,2013,0,FALSE
US-BZF,2014,12,TRUE
US-BZF,2015,12,TRUE
US-BZF,2016,12,TRUE
US-BZF,2017,12,TRUE
US-BZF,2018,12,TRUE
US-BZF,2019,12,TRUE
US-BZF,2020,12,TRUE
US-BZF,2021,12,TRUE
US-BZF,2022,12,TRUE
US-BZF,2023,12,TRUE
US-BZF,2024,12,TRUE
US-BZF,2025,8,TRUE
US-BZo,2018,9,TRUE
US-BZo,2019,12,TRUE
US-BZo,2020,12,TRUE
US-BZo,2021,12,TRUE
US-BZo,2022,12,TRUE
US-BZo,2023,12,TRUE
US-BZo,2024,12,TRUE
US-BZo,2025,8,TRUE
US-Bar,2004,11,TRUE
US-Bar,2005,12,TRUE
US-Bar,2006,12,TRUE
US-Bar,2007,12,TRUE
US-Bar,2008,12,TRUE
US-Bar,2009,12,TRUE
US-Bar,2010,12,TRUE
US-Bar,2011,12,TRUE
US-Bar,2012,12,TRUE
US-Bar,2013,12,TRUE
US-Bar,2014,12,TRUE
US-Bar,2015,12,TRUE
US-Bar,2016,12,TRUE
US-Bar,2017,12,TRUE
US-Bar,2018,12,TRUE
US-Bar,2019,12,TRUE
US-Bar,2020,12,TRUE
US-Bar,2021,12,TRUE
US-Bar,2022,12,TRUE
US-Bar,2023,12,TRUE
US-Bi1,2016,5,TRUE
US-Bi1,2017,12,TRUE
US-Bi1,2018,12,TRUE
US-Bi1,2019,12,TRUE
US-Bi1,2020,12,TRUE
US-Bi1,2021,12,TRUE
US-Bi1,2022,12,TRUE
US-Bi1,2023,12,TRUE
US-Bi1,2024,12,TRUE
US-Bi2,2017,8,TRUE
US-Bi2,2018,12,TRUE
US-Bi2,2019,12,TRUE
US-Bi2,2020,12,TRUE
US-Bi2,2021,12,TRUE
US-Bi2,2022,12,TRUE
US-Bi2,2023,12,TRUE
US-Bi2,2024,12,TRUE
US-Bi2,2025,4,TRUE
US-CAK,2024,4,TRUE
US-CAK,2025,6,TRUE
US-CF1,2017,8,TRUE
US-CF1,2018,12,TRUE
US-CF1,2019,12,TRUE
US-CF1,2020,12,TRUE
US-CF1,2021,10,TRUE
US-CF2,2017,8,TRUE
US-CF2,2018,12,TRUE
US-CF2,2019,12,TRUE
US-CF2,2020,12,TRUE
US-CF3,2017,6,TRUE
US-CF3,2018,11,TRUE
US-CF3,2019,10,TRUE
US-CF3,2020,12,TRUE
US-CF3,2021,4,TRUE
US-CF4,2017,7,TRUE
US-CF4,2018,11,TRUE
US-CF4,2019,12,TRUE
US-CF4,2020,8,TRUE
US-CF4,2021,8,TRUE
US-CGG,2019,7,TRUE
US-CGG,2020,12,TRUE
US-CGG,2021,12,TRUE
US-CGG,2022,12,TRUE
US-CGG,2023,10,TRUE
US-CGG,2024,8,TRUE
US-CLF,2017,6,TRUE
US-CLF,2018,9,TRUE
US-CLF,2019,12,TRUE
US-CLF,2020,10,TRUE
US-CMW,2001,9,TRUE
US-CMW,2002,10,TRUE
US-CMW,2003,12,TRUE
US-CMW,2004,12,TRUE
US-CMW,2005,12,TRUE
US-CMW,2006,12,TRUE
US-CMW,2007,12,TRUE
US-CMW,2008,12,TRUE
US-CMW,2009,12,TRUE
US-CMW,2010,12,TRUE
US-CMW,2011,12,TRUE
US-CMW,2012,12,TRUE
US-CMW,2013,12,TRUE
US-CMW,2014,12,TRUE
US-CMW,2015,12,TRUE
US-CMW,2016,12,TRUE
US-CMW,2017,12,TRUE
US-CMW,2018,12,TRUE
US-CMW,2019,12,TRUE
US-CMW,2020,12,TRUE
US-CMW,2021,12,TRUE
US-CRK,2022,12,TRUE
US-CRK,2023,10,TRUE
US-CRK,2024,12,TRUE
US-CRK,2025,6,TRUE
US-CRT,2011,12,TRUE
US-CRT,2012,12,TRUE
US-CRT,2013,12,TRUE
US-CS1,2018,6,TRUE
US-CS1,2019,4,TRUE
US-CS2,2018,3,TRUE
US-CS2,2019,10,TRUE
US-CS2,2020,12,TRUE
US-CS2,2021,9,TRUE
US-CS2,2022,1,TRUE
US-CS3,2019,8,TRUE
US-CS3,2020,3,TRUE
US-CS4,2020,9,TRUE
US-CS4,2021,3,TRUE
US-CS5,2021,7,TRUE
US-CS6,2022,7,TRUE
US-CS6,2023,5,TRUE
US-CS8,2023,4,TRUE
US-CdM,2019,7,TRUE
US-CdM,2020,12,TRUE
US-CdM,2021,12,TRUE
US-CdM,2022,12,TRUE
US-CdM,2023,12,TRUE
US-CdM,2024,12,TRUE
US-Ced,2005,6,TRUE
US-Ced,2006,12,TRUE
US-Ced,2007,12,TRUE
US-Ced,2008,12,TRUE
US-Ced,2009,12,TRUE
US-Ced,2010,12,TRUE
US-Ced,2011,12,TRUE
US-Ced,2012,12,TRUE
US-Ced,2013,12,TRUE
US-Ced,2014,12,TRUE
US-ChR,2006,12,TRUE
US-ChR,2007,12,TRUE
US-ChR,2008,12,TRUE
US-ChR,2009,12,TRUE
US-ChR,2010,12,TRUE
US-ChR,2011,12,TRUE
US-ChR,2012,12,TRUE
US-ChR,2013,12,TRUE
US-ChR,2014,12,TRUE
US-ChR,2015,12,TRUE
US-ChR,2016,12,TRUE
US-ChR,2017,11,TRUE
US-ChR,2018,12,TRUE
US-ChR,2019,12,TRUE
US-Cms,1999,4,TRUE
US-Cms,2000,5,TRUE
US-Cms,2001,9,TRUE
US-Cms,2002,6,TRUE
US-Cms,2003,12,TRUE
US-Cms,2004,10,TRUE
US-Cms,2005,7,TRUE
US-Cop,2001,10,TRUE
US-Cop,2002,12,TRUE
US-Cop,2003,12,TRUE
US-Cop,2004,0,FALSE
US-Cop,2005,0,FALSE
US-Cop,2006,12,TRUE
US-Cop,2007,10,TRUE
US-Cst,2013,8,TRUE
US-Cst,2014,11,TRUE
US-Cst,2015,11,TRUE
US-Cst,2016,12,TRUE
US-Cst,2017,12,TRUE
US-Cwt,2011,12,TRUE
US-Cwt,2012,12,TRUE
US-Cwt,2013,12,TRUE
US-Cwt,2014,12,TRUE
US-Cwt,2015,12,TRUE
US-Cwt,2016,12,TRUE
US-Cwt,2017,9,TRUE
US-Cwt,2018,12,TRUE
US-Cwt,2019,12,TRUE
US-Cwt,2020,12,TRUE
US-Cwt,2021,12,TRUE
US-Cwt,2022,12,TRUE
US-Cwt,2023,12,TRUE
US-Cwt,2024,9,TRUE
US-DFC,2018,3,TRUE
US-DFC,2019,12,TRUE
US-DFC,2020,12,TRUE
US-DFC,2021,12,TRUE
US-DFC,2022,12,TRUE
US-DFC,2023,11,TRUE
US-DFC,2024,10,TRUE
US-DFK,2018,1,TRUE
US-DFK,2019,11,TRUE
US-DFK,2020,12,TRUE
US-DPW,2013,8,TRUE
US-DPW,2014,12,TRUE
US-DPW,2015,12,TRUE
US-DPW,2016,12,TRUE
US-DS1,2018,6,TRUE
US-DS1,2019,12,TRUE
US-DS2,2020,9,TRUE
US-DS2,2021,12,TRUE
US-DS2,2022,12,TRUE
US-DS2,2023,11,TRUE
US-DS3,2021,5,TRUE
US-DS3,2022,12,TRUE
US-DS3,2023,12,TRUE
US-DS3,2024,12,TRUE
US-DS3,2025,4,TRUE
US-Dix,2005,12,TRUE
US-Dix,2006,12,TRUE
US-Dix,2007,12,TRUE
US-Dix,2008,4,TRUE
US-Dk1,2001,9,TRUE
US-Dk1,2002,12,TRUE
US-Dk1,2003,12,TRUE
US-Dk1,2004,12,TRUE
US-Dk1,2005,12,TRUE
US-Dk1,2006,12,TRUE
US-Dk1,2007,12,TRUE
US-Dk1,2008,10,TRUE
US-Dk2,2001,8,TRUE
US-Dk2,2002,12,TRUE
US-Dk2,2003,12,TRUE
US-Dk2,2004,12,TRUE
US-Dk2,2005,12,TRUE
US-Dk2,2006,12,TRUE
US-Dk2,2007,12,TRUE
US-Dk2,2008,12,TRUE
US-Dk3,2001,9,TRUE
US-Dk3,2002,12,TRUE
US-Dk3,2003,12,TRUE
US-Dk3,2004,12,TRUE
US-Dk3,2005,12,TRUE
US-Dk3,2006,12,TRUE
US-Dk3,2007,12,TRUE
US-Dk3,2008,11,TRUE
US-Dmg,2021,4,TRUE
US-Dmg,2022,12,TRUE
US-Dmg,2023,12,TRUE
US-Dmg,2024,12,TRUE
US-Dmg,2025,12,TRUE
US-EA4,2021,10,TRUE
US-EA4,2022,11,TRUE
US-EA4,2023,12,TRUE
US-EA4,2024,11,TRUE
US-EA4,2025,4,TRUE
US-EA5,2021,9,TRUE
US-EA5,2022,12,TRUE
US-EA6,2023,5,TRUE
US-EDN,2018,10,TRUE
US-EDN,2019,12,TRUE
US-EDN,2020,12,TRUE
US-EDN,2021,12,TRUE
US-EDN,2022,12,TRUE
US-EDN,2023,12,TRUE
US-EDN,2024,12,TRUE
US-EKH,2022,6,TRUE
US-EKH,2023,12,TRUE
US-EKH,2024,12,TRUE
US-EKN,2023,6,TRUE
US-EKN,2024,12,TRUE
US-EKP,2022,6,TRUE
US-EKP,2023,9,TRUE
US-EKP,2024,12,TRUE
US-EML,2008,7,TRUE
US-EML,2009,7,TRUE
US-EML,2010,8,TRUE
US-EML,2011,12,TRUE
US-EML,2012,12,TRUE
US-EML,2013,12,TRUE
US-EML,2014,12,TRUE
US-EML,2015,10,TRUE
US-EML,2016,11,TRUE
US-EML,2017,12,TRUE
US-EML,2018,12,TRUE
US-EML,2019,12,TRUE
US-EML,2020,9,TRUE
US-EML,2021,12,TRUE
US-EML,2022,11,TRUE
US-EML,2023,3,TRUE
US-Elm,2008,5,TRUE
US-Elm,2009,12,TRUE
US-Elm,2010,12,TRUE
US-Elm,2011,12,TRUE
US-Elm,2012,12,TRUE
US-Elm,2013,12,TRUE
US-Elm,2014,0,FALSE
US-Elm,2015,12,TRUE
US-Elm,2016,12,TRUE
US-Elm,2017,12,TRUE
US-Elm,2018,12,TRUE
US-Elm,2019,12,TRUE
US-Elm,2020,8,TRUE
US-Elm,2021,12,TRUE
US-Elm,2022,12,TRUE
US-Elm,2023,7,TRUE
US-Elm,2024,9,TRUE
US-Esm,2008,12,TRUE
US-Esm,2009,12,TRUE
US-Esm,2010,12,TRUE
US-Esm,2011,12,TRUE
US-Esm,2012,12,TRUE
US-Esm,2013,12,TRUE
US-Esm,2014,0,FALSE
US-Esm,2015,1,TRUE
US-Esm,2016,12,TRUE
US-Esm,2017,12,TRUE
US-Esm,2018,12,TRUE
US-Esm,2019,12,TRUE
US-Esm,2020,12,TRUE
US-Esm,2021,12,TRUE
US-Esm,2022,12,TRUE
US-Esm,2023,12,TRUE
US-Esm,2024,12,TRUE
US-EvM,2020,8,TRUE
US-EvM,2021,12,TRUE
US-EvM,2022,12,TRUE
US-EvM,2023,6,TRUE
US-Fcr,2011,4,TRUE
US-Fcr,2012,10,TRUE
US-Fcr,2013,12,TRUE
US-Fcr,2014,9,TRUE
US-Fmf,2005,5,TRUE
US-Fmf,2006,12,TRUE
US-Fmf,2007,12,TRUE
US-Fmf,2008,12,TRUE
US-Fmf,2009,12,TRUE
US-Fmf,2010,12,TRUE
US-Fo1,2013,2,TRUE
US-Fo1,2014,2,TRUE
US-Fo1,2015,0,FALSE
US-Fo1,2016,0,FALSE
US-Fo1,2017,0,FALSE
US-Fo1,2018,0,FALSE
US-Fo1,2019,0,FALSE
US-Fo1,2020,0,FALSE
US-Fo1,2021,0,FALSE
US-Fo1,2022,0,FALSE
US-Fo1,2023,6,TRUE
US-Fo1,2024,4,TRUE
US-Fo2,2023,5,TRUE
US-Fo2,2024,4,TRUE
US-Fuf,2005,4,TRUE
US-Fuf,2006,12,TRUE
US-Fuf,2007,12,TRUE
US-Fuf,2008,12,TRUE
US-Fuf,2009,10,TRUE
US-Fuf,2010,12,TRUE
US-Fwf,2005,7,TRUE
US-Fwf,2006,12,TRUE
US-Fwf,2007,12,TRUE
US-Fwf,2008,12,TRUE
US-Fwf,2009,12,TRUE
US-Fwf,2010,12,TRUE
US-GLE,2005,12,TRUE
US-GLE,2006,12,TRUE
US-GLE,2007,12,TRUE
US-GLE,2008,12,TRUE
US-GLE,2009,12,TRUE
US-GLE,2010,12,TRUE
US-GLE,2011,12,TRUE
US-GLE,2012,12,TRUE
US-GLE,2013,12,TRUE
US-GLE,2014,12,TRUE
US-GLE,2015,12,TRUE
US-GLE,2016,12,TRUE
US-GLE,2017,12,TRUE
US-GLE,2018,12,TRUE
US-GLE,2019,12,TRUE
US-GLE,2020,9,TRUE
US-HB1,2018,12,TRUE
US-HB1,2019,9,TRUE
US-HB1,2020,12,TRUE
US-HB1,2021,12,TRUE
US-HB1,2022,12,TRUE
US-HB1,2023,12,TRUE
US-HB1,2024,12,TRUE
US-HB2,2018,4,TRUE
US-HB2,2019,12,TRUE
US-HB2,2020,12,TRUE
US-HB2,2021,12,TRUE
US-HB2,2022,12,TRUE
US-HB2,2023,12,TRUE
US-HB2,2024,12,TRUE
US-HB3,2019,12,TRUE
US-HB3,2020,12,TRUE
US-HB3,2021,12,TRUE
US-HB3,2022,12,TRUE
US-HB3,2023,12,TRUE
US-HB3,2024,12,TRUE
US-HB4,2020,10,TRUE
US-HB4,2021,12,TRUE
US-HB4,2022,12,TRUE
US-HB4,2023,12,TRUE
US-HB4,2024,12,TRUE
US-HBK,2016,4,TRUE
US-HBK,2017,10,TRUE
US-HBK,2018,12,TRUE
US-HBK,2019,12,TRUE
US-HBK,2020,10,TRUE
US-HBK,2021,11,TRUE
US-HBK,2022,12,TRUE
US-HBK,2023,12,TRUE
US-HBK,2024,7,TRUE
US-HRA,2015,4,TRUE
US-HRA,2016,4,TRUE
US-HRA,2017,5,TRUE
US-HRA,2018,12,TRUE
US-HRA,2019,9,TRUE
US-HRA,2020,10,TRUE
US-HRA,2021,9,TRUE
US-HRA,2022,12,TRUE
US-HRA,2023,12,TRUE
US-HRA,2024,7,TRUE
US-HRC,2015,4,TRUE
US-HRC,2016,4,TRUE
US-HRC,2017,5,TRUE
US-HRC,2018,12,TRUE
US-HRC,2019,10,TRUE
US-HRC,2020,10,TRUE
US-HRC,2021,8,TRUE
US-HRC,2022,12,TRUE
US-HRC,2023,12,TRUE
US-HRC,2024,7,TRUE
US-HVs,1995,3,TRUE
US-HWB,2015,6,TRUE
US-HWB,2016,12,TRUE
US-HWB,2017,12,TRUE
US-HWB,2018,8,TRUE
US-Ha1,1991,2,TRUE
US-Ha1,1992,12,TRUE
US-Ha1,1993,12,TRUE
US-Ha1,1994,12,TRUE
US-Ha1,1995,12,TRUE
US-Ha1,1996,12,TRUE
US-Ha1,1997,12,TRUE
US-Ha1,1998,12,TRUE
US-Ha1,1999,12,TRUE
US-Ha1,2000,12,TRUE
US-Ha1,2001,12,TRUE
US-Ha1,2002,12,TRUE
US-Ha1,2003,12,TRUE
US-Ha1,2004,12,TRUE
US-Ha1,2005,12,TRUE
US-Ha1,2006,12,TRUE
US-Ha1,2007,12,TRUE
US-Ha1,2008,12,TRUE
US-Ha1,2009,12,TRUE
US-Ha1,2010,12,TRUE
US-Ha1,2011,12,TRUE
US-Ha1,2012,12,TRUE
US-Ha1,2013,12,TRUE
US-Ha1,2014,12,TRUE
US-Ha1,2015,12,TRUE
US-Ha1,2016,12,TRUE
US-Ha1,2017,12,TRUE
US-Ha1,2018,12,TRUE
US-Ha1,2019,12,TRUE
US-Ha1,2020,12,TRUE
US-Ha1,2021,12,TRUE
US-Ha1,2022,12,TRUE
US-Ha1,2023,12,TRUE
US-Ha1,2024,12,TRUE
US-Ha1,2025,10,TRUE
US-Hn2,2015,1,TRUE
US-Hn2,2016,9,TRUE
US-Hn2,2017,11,TRUE
US-Hn2,2018,11,TRUE
US-Hn3,2017,2,TRUE
US-Hn3,2018,10,TRUE
US-Ho2,1999,12,TRUE
US-Ho2,2000,12,TRUE
US-Ho2,2001,12,TRUE
US-Ho2,2002,12,TRUE
US-Ho2,2003,12,TRUE
US-Ho2,2004,12,TRUE
US-Ho2,2005,12,TRUE
US-Ho2,2006,12,TRUE
US-Ho2,2007,12,TRUE
US-Ho2,2008,12,TRUE
US-Ho2,2009,12,TRUE
US-Ho2,2010,12,TRUE
US-Ho2,2011,12,TRUE
US-Ho2,2012,12,TRUE
US-Ho2,2013,12,TRUE
US-Ho2,2014,12,TRUE
US-Ho2,2015,10,TRUE
US-Ho2,2016,12,TRUE
US-Ho2,2017,12,TRUE
US-Ho2,2018,12,TRUE
US-Ho2,2019,7,TRUE
US-Ho2,2020,12,TRUE
US-Ho2,2021,12,TRUE
US-Ho2,2022,12,TRUE
US-Ho2,2023,12,TRUE
US-Ho2,2024,12,TRUE
US-Ho2,2025,8,TRUE
US-Ho3,2003,6,TRUE
US-Ho3,2004,12,TRUE
US-Ho3,2005,12,TRUE
US-Ho3,2006,12,TRUE
US-Ho3,2007,12,TRUE
US-Ho3,2008,12,TRUE
US-Ho3,2009,11,TRUE
US-Ho3,2010,12,TRUE
US-Ho3,2011,10,TRUE
US-Ho3,2012,6,TRUE
US-Ho3,2013,11,TRUE
US-Ho3,2014,12,TRUE
US-Ho3,2015,12,TRUE
US-Ho3,2016,12,TRUE
US-Ho3,2017,9,TRUE
US-Ho3,2018,12,TRUE
US-Ho3,2019,10,TRUE
US-Ho3,2020,12,TRUE
US-Ho3,2021,12,TRUE
US-Hsm,2021,10,TRUE
US-Hsm,2022,12,TRUE
US-Hsm,2023,12,TRUE
US-Hsm,2024,12,TRUE
US-Hsm,2025,12,TRUE
US-IAB,2019,7,TRUE
US-IAB,2020,12,TRUE
US-IAB,2021,10,TRUE
US-IAB,2022,12,TRUE
US-IAB,2023,12,TRUE
US-IAB,2024,10,TRUE
US-IAC,2019,7,TRUE
US-IAC,2020,12,TRUE
US-IAC,2021,12,TRUE
US-IAC,2022,12,TRUE
US-IAC,2023,12,TRUE
US-IAC,2024,10,TRUE
US-IAM,2019,7,TRUE
US-IAM,2020,12,TRUE
US-IAM,2021,12,TRUE
US-IAM,2022,12,TRUE
US-IAM,2023,10,TRUE
US-IAM,2024,7,TRUE
US-ICh,2007,4,TRUE
US-ICh,2008,12,TRUE
US-ICh,2009,11,TRUE
US-ICh,2010,12,TRUE
US-ICh,2011,12,TRUE
US-ICh,2012,12,TRUE
US-ICh,2013,12,TRUE
US-ICh,2014,12,TRUE
US-ICh,2015,12,TRUE
US-ICh,2016,12,TRUE
US-ICh,2017,12,TRUE
US-ICh,2018,12,TRUE
US-ICh,2019,12,TRUE
US-ICh,2020,12,TRUE
US-ICh,2021,12,TRUE
US-ICh,2022,12,TRUE
US-ICh,2023,12,TRUE
US-ICh,2024,12,TRUE
US-ICh,2025,12,TRUE
US-ICs,2007,4,TRUE
US-ICs,2008,12,TRUE
US-ICs,2009,10,TRUE
US-ICs,2010,12,TRUE
US-ICs,2011,12,TRUE
US-ICs,2012,12,TRUE
US-ICs,2013,12,TRUE
US-ICs,2014,12,TRUE
US-ICs,2015,12,TRUE
US-ICs,2016,12,TRUE
US-ICs,2017,12,TRUE
US-ICs,2018,12,TRUE
US-ICs,2019,12,TRUE
US-ICs,2020,12,TRUE
US-ICs,2021,12,TRUE
US-ICs,2022,12,TRUE
US-ICs,2023,12,TRUE
US-ICs,2024,12,TRUE
US-ICs,2025,12,TRUE
US-ICt,2007,4,TRUE
US-ICt,2008,4,TRUE
US-ICt,2009,6,TRUE
US-ICt,2010,5,TRUE
US-ICt,2011,8,TRUE
US-ICt,2012,9,TRUE
US-ICt,2013,12,TRUE
US-ICt,2014,11,TRUE
US-ICt,2015,9,TRUE
US-ICt,2016,12,TRUE
US-ICt,2017,12,TRUE
US-ICt,2018,12,TRUE
US-ICt,2019,12,TRUE
US-ICt,2020,12,TRUE
US-ICt,2021,12,TRUE
US-ICt,2022,12,TRUE
US-ICt,2023,10,TRUE
US-ICt,2024,12,TRUE
US-ICt,2025,12,TRUE
US-Jo1,2010,12,TRUE
US-Jo1,2011,12,TRUE
US-Jo1,2012,12,TRUE
US-Jo1,2013,12,TRUE
US-Jo1,2014,12,TRUE
US-Jo1,2015,12,TRUE
US-Jo1,2016,12,TRUE
US-Jo1,2017,6,TRUE
US-Jo1,2018,12,TRUE
US-Jo1,2019,12,TRUE
US-Jo1,2020,12,TRUE
US-Jo1,2021,12,TRUE
US-Jo1,2022,9,TRUE
US-Jo2,2010,5,TRUE
US-Jo2,2011,12,TRUE
US-Jo2,2012,12,TRUE
US-Jo2,2013,11,TRUE
US-Jo2,2014,12,TRUE
US-Jo2,2015,12,TRUE
US-Jo2,2016,12,TRUE
US-Jo2,2017,10,TRUE
US-Jo2,2018,12,TRUE
US-Jo2,2019,12,TRUE
US-Jo2,2020,12,TRUE
US-KFS,2007,7,TRUE
US-KFS,2008,12,TRUE
US-KFS,2009,12,TRUE
US-KFS,2010,11,TRUE
US-KFS,2011,12,TRUE
US-KFS,2012,12,TRUE
US-KFS,2013,12,TRUE
US-KFS,2014,12,TRUE
US-KFS,2015,12,TRUE
US-KFS,2016,12,TRUE
US-KFS,2017,12,TRUE
US-KFS,2018,12,TRUE
US-KFS,2019,12,TRUE
US-KLS,2012,8,TRUE
US-KLS,2013,12,TRUE
US-KLS,2014,12,TRUE
US-KLS,2015,11,TRUE
US-KLS,2016,12,TRUE
US-KLS,2017,12,TRUE
US-KLS,2018,12,TRUE
US-KLS,2019,12,TRUE
US-KPL,2021,9,TRUE
US-KPL,2022,12,TRUE
US-KPL,2023,12,TRUE
US-KPL,2024,12,TRUE
US-KS1,2002,10,TRUE
US-KS1,2003,1,TRUE
US-KS2,2003,12,TRUE
US-KS2,2004,12,TRUE
US-KS2,2005,12,TRUE
US-KS2,2006,12,TRUE
US-KS3,2018,9,TRUE
US-Kon,2004,12,TRUE
US-Kon,2005,12,TRUE
US-Kon,2006,7,TRUE
US-Kon,2007,12,TRUE
US-Kon,2008,12,TRUE
US-Kon,2009,12,TRUE
US-Kon,2010,12,TRUE
US-Kon,2011,12,TRUE
US-Kon,2012,12,TRUE
US-Kon,2013,12,TRUE
US-Kon,2014,12,TRUE
US-Kon,2015,12,TRUE
US-Kon,2016,12,TRUE
US-Kon,2017,12,TRUE
US-Kon,2018,12,TRUE
US-Kon,2019,12,TRUE
US-LA2,2011,1,TRUE
US-LA2,2012,12,TRUE
US-LA2,2013,11,TRUE
US-LA2,2014,0,FALSE
US-LA2,2015,0,FALSE
US-LA2,2016,0,FALSE
US-LA2,2017,0,FALSE
US-LA2,2018,0,FALSE
US-LA2,2019,0,FALSE
US-LA2,2020,0,FALSE
US-LA2,2021,6,TRUE
US-LA2,2022,11,TRUE
US-LA2,2023,7,TRUE
US-LA3,2019,0,FALSE
US-LA3,2020,7,TRUE
US-LA3,2021,5,TRUE
US-LA3,2022,12,TRUE
US-LA3,2023,12,TRUE
US-LS1,2003,11,TRUE
US-LS1,2004,12,TRUE
US-LS1,2005,12,TRUE
US-LS1,2006,12,TRUE
US-LS1,2007,12,TRUE
US-LS2,2003,12,TRUE
US-LS2,2004,12,TRUE
US-LS2,2005,12,TRUE
US-LS2,2006,12,TRUE
US-LS2,2007,12,TRUE
US-Lin,2009,2,TRUE
US-Lin,2010,11,TRUE
US-Los,2000,4,TRUE
US-Los,2001,12,TRUE
US-Los,2002,12,TRUE
US-Los,2003,12,TRUE
US-Los,2004,12,TRUE
US-Los,2005,12,TRUE
US-Los,2006,12,TRUE
US-Los,2007,12,TRUE
US-Los,2008,12,TRUE
US-Los,2009,0,FALSE
US-Los,2010,7,TRUE
US-Los,2011,0,FALSE
US-Los,2012,0,FALSE
US-Los,2013,0,FALSE
US-Los,2014,12,TRUE
US-Los,2015,12,TRUE
US-Los,2016,12,TRUE
US-Los,2017,12,TRUE
US-Los,2018,12,TRUE
US-Los,2019,12,TRUE
US-Los,2020,12,TRUE
US-Los,2021,12,TRUE
US-Los,2022,12,TRUE
US-Los,2023,12,TRUE
US-Los,2024,12,TRUE
US-Los,2025,11,TRUE
US-MBP,2009,12,TRUE
US-MBP,2010,12,TRUE
US-MBP,2011,12,TRUE
US-MBP,2012,12,TRUE
US-MBP,2013,12,TRUE
US-MBP,2014,12,TRUE
US-MBP,2015,12,TRUE
US-MBP,2016,12,TRUE
US-MBP,2017,12,TRUE
US-MBP,2018,12,TRUE
US-MBP,2019,12,TRUE
US-MBP,2020,12,TRUE
US-MBP,2021,12,TRUE
US-MBP,2022,12,TRUE
US-MBP,2023,12,TRUE
US-MBP,2024,12,TRUE
US-MEF,2024,12,TRUE
US-MEF,2025,12,TRUE
US-MMS,1999,12,TRUE
US-MMS,2000,12,TRUE
US-MMS,2001,12,TRUE
US-MMS,2002,12,TRUE
US-MMS,2003,12,TRUE
US-MMS,2004,12,TRUE
US-MMS,2005,12,TRUE
US-MMS,2006,12,TRUE
US-MMS,2007,12,TRUE
US-MMS,2008,12,TRUE
US-MMS,2009,12,TRUE
US-MMS,2010,12,TRUE
US-MMS,2011,12,TRUE
US-MMS,2012,12,TRUE
US-MMS,2013,12,TRUE
US-MMS,2014,12,TRUE
US-MMS,2015,12,TRUE
US-MMS,2016,12,TRUE
US-MMS,2017,12,TRUE
US-MMS,2018,12,TRUE
US-MMS,2019,12,TRUE
US-MMS,2020,12,TRUE
US-MMS,2021,12,TRUE
US-MMS,2022,12,TRUE
US-MMS,2023,12,TRUE
US-MN1,2017,7,TRUE
US-MN1,2018,12,TRUE
US-MN1,2019,12,TRUE
US-MN1,2020,12,TRUE
US-MN1,2021,12,TRUE
US-MN1,2022,12,TRUE
US-MN1,2023,12,TRUE
US-MN1,2024,12,TRUE
US-MN2,2017,7,TRUE
US-MN2,2018,12,TRUE
US-MN2,2019,12,TRUE
US-MN2,2020,12,TRUE
US-MN2,2021,12,TRUE
US-MN2,2022,12,TRUE
US-MN2,2023,12,TRUE
US-MN2,2024,12,TRUE
US-MN3,2020,8,TRUE
US-MN3,2021,12,TRUE
US-MN3,2022,12,TRUE
US-MN3,2023,12,TRUE
US-MN3,2024,12,TRUE
US-MOz,2004,7,TRUE
US-MOz,2005,12,TRUE
US-MOz,2006,9,TRUE
US-MOz,2007,12,TRUE
US-MOz,2008,12,TRUE
US-MOz,2009,12,TRUE
US-MOz,2010,12,TRUE
US-MOz,2011,12,TRUE
US-MOz,2012,12,TRUE
US-MOz,2013,12,TRUE
US-MOz,2014,12,TRUE
US-MOz,2015,12,TRUE
US-MOz,2016,12,TRUE
US-MOz,2017,12,TRUE
US-MOz,2018,12,TRUE
US-MOz,2019,12,TRUE
US-MOz,2020,12,TRUE
US-MOz,2021,12,TRUE
US-MZA,2024,3,TRUE
US-MZA,2025,5,TRUE
US-Me1,2004,8,TRUE
US-Me1,2005,5,TRUE
US-Me3,2004,12,TRUE
US-Me3,2005,12,TRUE
US-Me3,2006,9,TRUE
US-Me3,2007,11,TRUE
US-Me3,2008,12,TRUE
US-Me3,2009,9,TRUE
US-Me5,2000,10,TRUE
US-Me5,2001,12,TRUE
US-Me5,2002,12,TRUE
US-Me6,2010,11,TRUE
US-Me6,2011,12,TRUE
US-Me6,2012,12,TRUE
US-Me6,2013,12,TRUE
US-Me6,2014,12,TRUE
US-Me6,2015,12,TRUE
US-Me6,2016,12,TRUE
US-Me6,2017,12,TRUE
US-Me6,2018,12,TRUE
US-Me6,2019,11,TRUE
US-Me6,2020,11,TRUE
US-Me6,2021,12,TRUE
US-Me6,2022,12,TRUE
US-Me6,2023,12,TRUE
US-Me6,2024,12,TRUE
US-Me6,2025,12,TRUE
US-Me7,2022,7,TRUE
US-Me7,2023,12,TRUE
US-Mo1,2015,3,TRUE
US-Mo1,2016,12,TRUE
US-Mo1,2017,11,TRUE
US-Mo1,2018,12,TRUE
US-Mo1,2019,12,TRUE
US-Mo1,2020,12,TRUE
US-Mo1,2021,12,TRUE
US-Mo1,2022,12,TRUE
US-Mo1,2023,12,TRUE
US-Mo1,2024,12,TRUE
US-Mo2,2018,12,TRUE
US-Mo2,2019,12,TRUE
US-Mo2,2020,12,TRUE
US-Mo2,2021,12,TRUE
US-Mo2,2022,12,TRUE
US-Mo2,2023,11,TRUE
US-Mo2,2024,12,TRUE
US-Mo3,2016,7,TRUE
US-Mo3,2017,12,TRUE
US-Mo3,2018,12,TRUE
US-Mo3,2019,12,TRUE
US-Mo3,2020,12,TRUE
US-Mo3,2021,12,TRUE
US-Mo3,2022,12,TRUE
US-Mo3,2023,12,TRUE
US-Mpj,2008,12,TRUE
US-Mpj,2009,12,TRUE
US-Mpj,2010,12,TRUE
US-Mpj,2011,12,TRUE
US-Mpj,2012,12,TRUE
US-Mpj,2013,12,TRUE
US-Mpj,2014,12,TRUE
US-Mpj,2015,12,TRUE
US-Mpj,2016,12,TRUE
US-Mpj,2017,12,TRUE
US-Mpj,2018,12,TRUE
US-Mpj,2019,12,TRUE
US-Mpj,2020,12,TRUE
US-Mpj,2021,12,TRUE
US-Mpj,2022,12,TRUE
US-Mpj,2023,12,TRUE
US-Mpj,2024,12,TRUE
US-Mpj,2025,12,TRUE
US-MtB,2009,0,FALSE
US-MtB,2010,12,TRUE
US-MtB,2011,12,TRUE
US-MtB,2012,10,TRUE
US-MtB,2013,12,TRUE
US-MtB,2014,10,TRUE
US-MtB,2015,12,TRUE
US-MtB,2016,12,TRUE
US-MtB,2017,12,TRUE
US-MtB,2018,12,TRUE
US-MtB,2019,12,TRUE
US-MtB,2020,12,TRUE
US-MtB,2021,12,TRUE
US-MtB,2022,12,TRUE
US-MtB,2023,12,TRUE
US-MtB,2024,12,TRUE
US-Myb,2010,3,TRUE
US-Myb,2011,12,TRUE
US-Myb,2012,12,TRUE
US-Myb,2013,12,TRUE
US-Myb,2014,12,TRUE
US-Myb,2015,12,TRUE
US-Myb,2016,12,TRUE
US-Myb,2017,12,TRUE
US-Myb,2018,12,TRUE
US-Myb,2019,12,TRUE
US-Myb,2020,12,TRUE
US-Myb,2021,12,TRUE
US-Myb,2022,12,TRUE
US-Myb,2023,12,TRUE
US-Myb,2024,12,TRUE
US-Myb,2025,9,TRUE
US-NC1,2005,12,TRUE
US-NC1,2006,12,TRUE
US-NC1,2007,12,TRUE
US-NC1,2008,9,TRUE
US-NC1,2009,12,TRUE
US-NC1,2010,12,TRUE
US-NC1,2011,12,TRUE
US-NC1,2012,12,TRUE
US-NC2,2005,12,TRUE
US-NC2,2006,12,TRUE
US-NC2,2007,12,TRUE
US-NC2,2008,12,TRUE
US-NC2,2009,12,TRUE
US-NC2,2010,12,TRUE
US-NC2,2011,8,TRUE
US-NC2,2012,9,TRUE
US-NC2,2013,12,TRUE
US-NC2,2014,12,TRUE
US-NC2,2015,12,TRUE
US-NC2,2016,12,TRUE
US-NC2,2017,12,TRUE
US-NC2,2018,12,TRUE
US-NC2,2019,12,TRUE
US-NC2,2020,12,TRUE
US-NC2,2021,12,TRUE
US-NC2,2022,12,TRUE
US-NC2,2023,12,TRUE
US-NC2,2024,9,TRUE
US-NC2,2025,11,TRUE
US-NC3,2013,10,TRUE
US-NC3,2014,12,TRUE
US-NC3,2015,12,TRUE
US-NC3,2016,12,TRUE
US-NC3,2017,12,TRUE
US-NC3,2018,12,TRUE
US-NC3,2019,12,TRUE
US-NC3,2020,9,TRUE
US-NC3,2021,2,TRUE
US-NC4,2009,11,TRUE
US-NC4,2010,12,TRUE
US-NC4,2011,12,TRUE
US-NC4,2012,11,TRUE
US-NC4,2013,12,TRUE
US-NC4,2014,12,TRUE
US-NC4,2015,12,TRUE
US-NC4,2016,12,TRUE
US-NC4,2017,12,TRUE
US-NC4,2018,12,TRUE
US-NC4,2019,12,TRUE
US-NC4,2020,8,TRUE
US-NC4,2021,11,TRUE
US-NC4,2022,0,FALSE
US-NC4,2023,0,FALSE
US-NC4,2024,3,TRUE
US-NC4,2025,9,TRUE
US-NC5,2025,8,TRUE
US-NGB,2012,3,TRUE
US-NGB,2013,6,TRUE
US-NGB,2014,7,TRUE
US-NGB,2015,7,TRUE
US-NGB,2016,5,TRUE
US-NGB,2017,6,TRUE
US-NGB,2018,6,TRUE
US-NGB,2019,7,TRUE
US-NGB,2020,0,FALSE
US-NGB,2021,4,TRUE
US-NGB,2022,6,TRUE
US-NGB,2023,4,TRUE
US-NGC,2017,4,TRUE
US-NGC,2018,7,TRUE
US-NGC,2019,12,TRUE
US-NGC,2020,5,TRUE
US-NGC,2021,4,TRUE
US-NGC,2022,6,TRUE
US-NGC,2023,2,TRUE
US-NR1,1998,2,TRUE
US-NR1,1999,12,TRUE
US-NR1,2000,12,TRUE
US-NR1,2001,12,TRUE
US-NR1,2002,12,TRUE
US-NR1,2003,12,TRUE
US-NR1,2004,12,TRUE
US-NR1,2005,12,TRUE
US-NR1,2006,12,TRUE
US-NR1,2007,12,TRUE
US-NR1,2008,12,TRUE
US-NR1,2009,12,TRUE
US-NR1,2010,12,TRUE
US-NR1,2011,12,TRUE
US-NR1,2012,12,TRUE
US-NR1,2013,12,TRUE
US-NR1,2014,12,TRUE
US-NR1,2015,12,TRUE
US-NR1,2016,12,TRUE
US-NR1,2017,12,TRUE
US-NR1,2018,12,TRUE
US-NR1,2019,12,TRUE
US-NR1,2020,12,TRUE
US-NR1,2021,12,TRUE
US-NR1,2022,12,TRUE
US-NR1,2023,12,TRUE
US-NR1,2024,12,TRUE
US-NR1,2025,10,TRUE
US-NR3,2007,8,TRUE
US-NR3,2008,12,TRUE
US-NR3,2009,12,TRUE
US-NR3,2010,12,TRUE
US-NR3,2011,9,TRUE
US-NR3,2012,3,TRUE
US-NR3,2013,12,TRUE
US-NR3,2014,12,TRUE
US-NR3,2015,10,TRUE
US-NR3,2016,8,TRUE
US-NR3,2017,5,TRUE
US-NR3,2018,0,FALSE
US-NR3,2019,8,TRUE
US-NR3,2020,7,TRUE
US-NR3,2021,12,TRUE
US-NR3,2022,6,TRUE
US-NR3,2023,3,TRUE
US-NR3,2024,11,TRUE
US-NSa,2023,4,TRUE
US-NSa,2024,10,TRUE
US-NSa,2025,4,TRUE
US-NSb,2023,4,TRUE
US-NSb,2024,9,TRUE
US-NSb,2025,4,TRUE
US-Ne1,2001,7,TRUE
US-Ne1,2002,12,TRUE
US-Ne1,2003,12,TRUE
US-Ne1,2004,12,TRUE
US-Ne1,2005,12,TRUE
US-Ne1,2006,12,TRUE
US-Ne1,2007,12,TRUE
US-Ne1,2008,12,TRUE
US-Ne1,2009,12,TRUE
US-Ne1,2010,12,TRUE
US-Ne1,2011,12,TRUE
US-Ne1,2012,12,TRUE
US-Ne1,2013,12,TRUE
US-Ne1,2014,12,TRUE
US-Ne1,2015,12,TRUE
US-Ne1,2016,12,TRUE
US-Ne1,2017,12,TRUE
US-Ne1,2018,12,TRUE
US-Ne1,2019,12,TRUE
US-Ne1,2020,12,TRUE
US-Ne1,2021,12,TRUE
US-Ne1,2022,12,TRUE
US-Ne1,2023,12,TRUE
US-Ne1,2024,12,TRUE
US-Ne2,2001,7,TRUE
US-Ne2,2002,12,TRUE
US-Ne2,2003,12,TRUE
US-Ne2,2004,12,TRUE
US-Ne2,2005,12,TRUE
US-Ne2,2006,12,TRUE
US-Ne2,2007,12,TRUE
US-Ne2,2008,12,TRUE
US-Ne2,2009,12,TRUE
US-Ne2,2010,12,TRUE
US-Ne2,2011,12,TRUE
US-Ne2,2012,12,TRUE
US-Ne2,2013,12,TRUE
US-Ne2,2014,12,TRUE
US-Ne2,2015,12,TRUE
US-Ne2,2016,12,TRUE
US-Ne2,2017,12,TRUE
US-Ne2,2018,12,TRUE
US-Ne2,2019,12,TRUE
US-Ne2,2020,12,TRUE
US-Ne2,2021,12,TRUE
US-Ne2,2022,12,TRUE
US-Ne2,2023,12,TRUE
US-Ne2,2024,12,TRUE
US-Ne3,2001,7,TRUE
US-Ne3,2002,12,TRUE
US-Ne3,2003,12,TRUE
US-Ne3,2004,12,TRUE
US-Ne3,2005,12,TRUE
US-Ne3,2006,12,TRUE
US-Ne3,2007,12,TRUE
US-Ne3,2008,12,TRUE
US-Ne3,2009,12,TRUE
US-Ne3,2010,12,TRUE
US-Ne3,2011,12,TRUE
US-Ne3,2012,12,TRUE
US-Ne3,2013,12,TRUE
US-Ne3,2014,12,TRUE
US-Ne3,2015,5,TRUE
US-Ne3,2016,12,TRUE
US-Ne3,2017,12,TRUE
US-Ne3,2018,12,TRUE
US-Ne3,2019,12,TRUE
US-Ne3,2020,12,TRUE
US-Ne3,2021,12,TRUE
US-Ne3,2022,12,TRUE
US-Ne3,2023,12,TRUE
US-Ne3,2024,12,TRUE
US-ONA,2016,8,TRUE
US-ONA,2017,12,TRUE
US-ONA,2018,12,TRUE
US-ONA,2019,12,TRUE
US-ONA,2020,12,TRUE
US-ONA,2021,12,TRUE
US-ONA,2022,12,TRUE
US-OPE,2022,12,TRUE
US-OWC,2015,4,TRUE
US-OWC,2016,7,TRUE
US-OWC,2017,0,FALSE
US-OWC,2018,0,FALSE
US-OWC,2019,7,TRUE
US-OWC,2020,11,TRUE
US-OWC,2021,8,TRUE
US-OWC,2022,4,TRUE
US-OWC,2023,12,TRUE
US-OWC,2024,12,TRUE
US-OWC,2025,9,TRUE
US-Oho,2004,12,TRUE
US-Oho,2005,12,TRUE
US-Oho,2006,12,TRUE
US-Oho,2007,12,TRUE
US-Oho,2008,12,TRUE
US-Oho,2009,12,TRUE
US-Oho,2010,12,TRUE
US-Oho,2011,12,TRUE
US-Oho,2012,12,TRUE
US-Oho,2013,12,TRUE
US-PAS,2021,11,TRUE
US-PAS,2022,12,TRUE
US-PFL,2019,3,TRUE
US-PFb,2019,3,TRUE
US-PFc,2019,3,TRUE
US-PFd,2019,3,TRUE
US-PFf,2019,4,TRUE
US-PFg,2019,3,TRUE
US-PFh,2019,3,TRUE
US-PFi,2019,3,TRUE
US-PFj,2019,3,TRUE
US-PFk,2019,3,TRUE
US-PFm,2019,3,TRUE
US-PFn,2019,3,TRUE
US-PFp,2019,3,TRUE
US-PFq,2019,3,TRUE
US-PFr,2019,3,TRUE
US-PFt,2019,3,TRUE
US-PLo,2022,7,TRUE
US-PLo,2023,12,TRUE
US-PSH,2016,3,TRUE
US-PSL,2016,3,TRUE
US-Prr,2010,2,TRUE
US-Prr,2011,12,TRUE
US-Prr,2012,12,TRUE
US-Prr,2013,12,TRUE
US-Prr,2014,12,TRUE
US-Prr,2015,12,TRUE
US-Prr,2016,12,TRUE
US-Prr,2017,12,TRUE
US-Prr,2018,12,TRUE
US-Prr,2019,10,TRUE
US-Prr,2020,12,TRUE
US-Prr,2021,10,TRUE
US-Prr,2022,11,TRUE
US-RC1,2011,4,TRUE
US-RC1,2012,12,TRUE
US-RC1,2013,12,TRUE
US-RC1,2014,12,TRUE
US-RC1,2015,12,TRUE
US-RC1,2016,9,TRUE
US-RC2,2012,6,TRUE
US-RC2,2013,12,TRUE
US-RC2,2014,12,TRUE
US-RC2,2015,12,TRUE
US-RC2,2016,9,TRUE
US-RC3,2012,12,TRUE
US-RC3,2013,12,TRUE
US-RC3,2014,12,TRUE
US-RC3,2015,12,TRUE
US-RC3,2016,9,TRUE
US-RC4,2012,6,TRUE
US-RC4,2013,12,TRUE
US-RC4,2014,12,TRUE
US-RC4,2015,12,TRUE
US-RC4,2016,9,TRUE
US-RC5,2013,5,TRUE
US-RC5,2014,12,TRUE
US-RC5,2015,9,TRUE
US-RGA,2021,9,TRUE
US-RGA,2022,12,TRUE
US-RGA,2023,11,TRUE
US-RGA,2024,12,TRUE
US-RGB,2021,11,TRUE
US-RGB,2022,12,TRUE
US-RGB,2023,12,TRUE
US-RGB,2024,5,TRUE
US-RGF,2023,10,TRUE
US-RGF,2024,12,TRUE
US-RGW,2022,9,TRUE
US-RGW,2023,12,TRUE
US-RGW,2024,12,TRUE
US-RGo,2021,6,TRUE
US-RGo,2022,12,TRUE
US-RGo,2023,12,TRUE
US-RGo,2024,12,TRUE
US-RRC,2022,7,TRUE
US-RRC,2023,12,TRUE
US-RRC,2024,10,TRUE
US-Rls,2014,3,TRUE
US-Rls,2015,11,TRUE
US-Rls,2016,12,TRUE
US-Rls,2017,12,TRUE
US-Rls,2018,12,TRUE
US-Rls,2019,12,TRUE
US-Rls,2020,12,TRUE
US-Rls,2021,12,TRUE
US-Rls,2022,12,TRUE
US-Rls,2023,9,TRUE
US-Rms,2014,4,TRUE
US-Rms,2015,11,TRUE
US-Rms,2016,12,TRUE
US-Rms,2017,12,TRUE
US-Rms,2018,12,TRUE
US-Rms,2019,12,TRUE
US-Rms,2020,12,TRUE
US-Rms,2021,12,TRUE
US-Rms,2022,12,TRUE
US-Rms,2023,9,TRUE
US-Ro1,2004,12,TRUE
US-Ro1,2005,12,TRUE
US-Ro1,2006,12,TRUE
US-Ro1,2007,12,TRUE
US-Ro1,2008,12,TRUE
US-Ro1,2009,12,TRUE
US-Ro1,2010,12,TRUE
US-Ro1,2011,12,TRUE
US-Ro1,2012,12,TRUE
US-Ro1,2013,12,TRUE
US-Ro1,2014,12,TRUE
US-Ro1,2015,12,TRUE
US-Ro1,2016,12,TRUE
US-Ro2,2008,12,TRUE
US-Ro2,2009,8,TRUE
US-Ro2,2010,10,TRUE
US-Ro2,2011,10,TRUE
US-Ro2,2012,12,TRUE
US-Ro2,2013,7,TRUE
US-Ro2,2014,0,FALSE
US-Ro2,2015,8,TRUE
US-Ro2,2016,12,TRUE
US-Ro3,2004,7,TRUE
US-Ro3,2005,12,TRUE
US-Ro3,2006,12,TRUE
US-Ro3,2007,12,TRUE
US-Ro4,2014,11,TRUE
US-Ro4,2015,12,TRUE
US-Ro4,2016,12,TRUE
US-Ro4,2017,12,TRUE
US-Ro4,2018,12,TRUE
US-Ro4,2019,12,TRUE
US-Ro4,2020,12,TRUE
US-Ro4,2021,12,TRUE
US-Ro4,2022,12,TRUE
US-Ro4,2023,12,TRUE
US-Ro4,2024,12,TRUE
US-Ro4,2025,12,TRUE
US-Ro5,2017,12,TRUE
US-Ro5,2018,12,TRUE
US-Ro5,2019,12,TRUE
US-Ro5,2020,12,TRUE
US-Ro5,2021,12,TRUE
US-Ro5,2022,12,TRUE
US-Ro5,2023,12,TRUE
US-Ro5,2024,12,TRUE
US-Ro6,2017,12,TRUE
US-Ro6,2018,12,TRUE
US-Ro6,2019,12,TRUE
US-Ro6,2020,12,TRUE
US-Ro6,2021,12,TRUE
US-Ro6,2022,12,TRUE
US-Ro6,2023,12,TRUE
US-Ro6,2024,12,TRUE
US-Rpf,2008,4,TRUE
US-Rpf,2009,12,TRUE
US-Rpf,2010,12,TRUE
US-Rpf,2011,12,TRUE
US-Rpf,2012,12,TRUE
US-Rpf,2013,12,TRUE
US-Rpf,2014,12,TRUE
US-Rpf,2015,12,TRUE
US-Rpf,2016,12,TRUE
US-Rpf,2017,12,TRUE
US-Rpf,2018,12,TRUE
US-Rpf,2019,12,TRUE
US-Rpf,2020,11,TRUE
US-Rpf,2021,9,TRUE
US-Rpf,2022,12,TRUE
US-Rpf,2023,12,TRUE
US-Rpf,2024,12,TRUE
US-Rwe,2003,11,TRUE
US-Rwe,2004,12,TRUE
US-Rwe,2005,12,TRUE
US-Rwe,2006,12,TRUE
US-Rwe,2007,9,TRUE
US-Rwf,2014,7,TRUE
US-Rwf,2015,12,TRUE
US-Rwf,2016,12,TRUE
US-Rwf,2017,12,TRUE
US-Rwf,2018,12,TRUE
US-Rwf,2019,12,TRUE
US-Rwf,2020,12,TRUE
US-Rwf,2021,12,TRUE
US-Rwf,2022,12,TRUE
US-Rwf,2023,9,TRUE
US-Rws,2014,4,TRUE
US-Rws,2015,12,TRUE
US-Rws,2016,12,TRUE
US-Rws,2017,12,TRUE
US-Rws,2018,12,TRUE
US-Rws,2019,12,TRUE
US-Rws,2020,12,TRUE
US-Rws,2021,12,TRUE
US-Rws,2022,12,TRUE
US-Rws,2023,9,TRUE
US-SD1,2023,3,TRUE
US-SD1,2024,12,TRUE
US-SD1,2025,9,TRUE
US-SD2,2023,3,TRUE
US-SD2,2024,12,TRUE
US-SD2,2025,9,TRUE
US-SHC,2017,6,TRUE
US-SHC,2018,12,TRUE
US-SHC,2019,12,TRUE
US-SHC,2020,9,TRUE
US-SP1,2000,6,TRUE
US-SP1,2001,12,TRUE
US-SP1,2002,6,TRUE
US-SP1,2003,12,TRUE
US-SP1,2004,12,TRUE
US-SP1,2005,12,TRUE
US-SP1,2006,12,TRUE
US-SP1,2007,12,TRUE
US-SP1,2008,12,TRUE
US-SP1,2009,12,TRUE
US-SP1,2010,12,TRUE
US-SP1,2011,12,TRUE
US-SP1,2012,12,TRUE
US-SP1,2013,12,TRUE
US-SP1,2014,6,TRUE
US-SP1,2015,12,TRUE
US-SP1,2016,12,TRUE
US-SP1,2017,12,TRUE
US-SP1,2018,12,TRUE
US-SP1,2019,12,TRUE
US-SP1,2020,12,TRUE
US-SRC,2008,10,TRUE
US-SRC,2009,12,TRUE
US-SRC,2010,12,TRUE
US-SRC,2011,12,TRUE
US-SRC,2012,12,TRUE
US-SRC,2013,7,TRUE
US-SRC,2014,6,TRUE
US-SRG,2008,10,TRUE
US-SRG,2009,12,TRUE
US-SRG,2010,12,TRUE
US-SRG,2011,12,TRUE
US-SRG,2012,12,TRUE
US-SRG,2013,12,TRUE
US-SRG,2014,12,TRUE
US-SRG,2015,12,TRUE
US-SRG,2016,12,TRUE
US-SRG,2017,12,TRUE
US-SRG,2018,12,TRUE
US-SRG,2019,12,TRUE
US-SRG,2020,12,TRUE
US-SRG,2021,12,TRUE
US-SRG,2022,12,TRUE
US-SRG,2023,12,TRUE
US-SRG,2024,12,TRUE
US-SRG,2025,12,TRUE
US-SRM,2004,12,TRUE
US-SRM,2005,12,TRUE
US-SRM,2006,12,TRUE
US-SRM,2007,12,TRUE
US-SRM,2008,12,TRUE
US-SRM,2009,12,TRUE
US-SRM,2010,12,TRUE
US-SRM,2011,12,TRUE
US-SRM,2012,12,TRUE
US-SRM,2013,12,TRUE
US-SRM,2014,12,TRUE
US-SRM,2015,12,TRUE
US-SRM,2016,12,TRUE
US-SRM,2017,12,TRUE
US-SRM,2018,12,TRUE
US-SRM,2019,12,TRUE
US-SRM,2020,12,TRUE
US-SRM,2021,12,TRUE
US-SRM,2022,12,TRUE
US-SRM,2023,12,TRUE
US-SRM,2024,12,TRUE
US-SRM,2025,12,TRUE
US-SRS,2011,7,TRUE
US-SRS,2012,12,TRUE
US-SRS,2013,12,TRUE
US-SRS,2014,12,TRUE
US-SRS,2015,12,TRUE
US-SRS,2016,12,TRUE
US-SRS,2017,12,TRUE
US-SRS,2018,12,TRUE
US-SSH,2016,12,TRUE
US-SSH,2017,9,TRUE
US-SSH,2018,2,TRUE
US-SSH,2019,12,TRUE
US-SSH,2020,12,TRUE
US-SSH,2021,10,TRUE
US-Sag,1996,3,TRUE
US-Seg,2007,12,TRUE
US-Seg,2008,12,TRUE
US-Seg,2009,12,TRUE
US-Seg,2010,12,TRUE
US-Seg,2011,12,TRUE
US-Seg,2012,12,TRUE
US-Seg,2013,12,TRUE
US-Seg,2014,12,TRUE
US-Seg,2015,12,TRUE
US-Seg,2016,12,TRUE
US-Seg,2017,12,TRUE
US-Seg,2018,12,TRUE
US-Seg,2019,12,TRUE
US-Seg,2020,12,TRUE
US-Seg,2021,12,TRUE
US-Seg,2022,12,TRUE
US-Seg,2023,12,TRUE
US-Seg,2024,12,TRUE
US-Seg,2025,12,TRUE
US-Ses,2007,12,TRUE
US-Ses,2008,12,TRUE
US-Ses,2009,12,TRUE
US-Ses,2010,12,TRUE
US-Ses,2011,12,TRUE
US-Ses,2012,12,TRUE
US-Ses,2013,12,TRUE
US-Ses,2014,12,TRUE
US-Ses,2015,12,TRUE
US-Ses,2016,12,TRUE
US-Ses,2017,12,TRUE
US-Ses,2018,12,TRUE
US-Ses,2019,12,TRUE
US-Ses,2020,12,TRUE
US-Ses,2021,12,TRUE
US-Ses,2022,12,TRUE
US-Ses,2023,12,TRUE
US-Ses,2024,12,TRUE
US-Ses,2025,12,TRUE
US-Slt,2005,12,TRUE
US-Slt,2006,12,TRUE
US-Slt,2007,12,TRUE
US-Slt,2008,12,TRUE
US-Slt,2009,12,TRUE
US-Slt,2010,12,TRUE
US-Slt,2011,12,TRUE
US-Slt,2012,12,TRUE
US-Slt,2013,12,TRUE
US-Slt,2014,12,TRUE
US-Slt,2015,12,TRUE
US-Slt,2016,12,TRUE
US-Slt,2017,12,TRUE
US-Slt,2018,12,TRUE
US-Slt,2019,12,TRUE
US-Slt,2020,12,TRUE
US-Slt,2021,12,TRUE
US-Slt,2022,12,TRUE
US-Sne,2016,7,TRUE
US-Sne,2017,12,TRUE
US-Sne,2018,12,TRUE
US-Sne,2019,12,TRUE
US-Sne,2020,12,TRUE
US-Snf,2018,5,TRUE
US-Snf,2019,12,TRUE
US-Snf,2020,6,TRUE
US-Srr,2014,10,TRUE
US-Srr,2015,12,TRUE
US-Srr,2016,12,TRUE
US-Srr,2017,9,TRUE
US-StJ,2015,12,TRUE
US-StJ,2016,10,TRUE
US-StJ,2017,12,TRUE
US-StJ,2018,12,TRUE
US-StJ,2019,12,TRUE
US-StJ,2020,12,TRUE
US-Sta,2005,2,TRUE
US-Sta,2006,2,TRUE
US-Sta,2007,10,TRUE
US-Sta,2008,12,TRUE
US-Sta,2009,11,TRUE
US-Syv,2001,5,TRUE
US-Syv,2002,12,TRUE
US-Syv,2003,12,TRUE
US-Syv,2004,12,TRUE
US-Syv,2005,12,TRUE
US-Syv,2006,12,TRUE
US-Syv,2007,12,TRUE
US-Syv,2008,9,TRUE
US-Syv,2009,0,FALSE
US-Syv,2010,0,FALSE
US-Syv,2011,0,FALSE
US-Syv,2012,8,TRUE
US-Syv,2013,12,TRUE
US-Syv,2014,12,TRUE
US-Syv,2015,12,TRUE
US-Syv,2016,12,TRUE
US-Syv,2017,12,TRUE
US-Syv,2018,12,TRUE
US-Syv,2019,5,TRUE
US-Syv,2020,11,TRUE
US-Syv,2021,12,TRUE
US-Syv,2022,12,TRUE
US-Syv,2023,12,TRUE
US-Syv,2024,12,TRUE
US-Syv,2025,12,TRUE
US-TKs,2018,10,TRUE
US-TKs,2019,12,TRUE
US-TKs,2020,12,TRUE
US-TKs,2021,12,TRUE
US-TKs,2022,12,TRUE
US-TKs,2023,12,TRUE
US-TKs,2024,10,TRUE
US-TKs,2025,8,TRUE
US-TLR,2024,11,TRUE
US-TaS,2017,12,TRUE
US-TaS,2018,12,TRUE
US-TaS,2019,12,TRUE
US-TaS,2020,12,TRUE
US-TaS,2021,12,TRUE
US-TaS,2022,12,TRUE
US-TaS,2023,6,TRUE
US-Ton,2001,8,TRUE
US-Ton,2002,12,TRUE
US-Ton,2003,12,TRUE
US-Ton,2004,12,TRUE
US-Ton,2005,12,TRUE
US-Ton,2006,12,TRUE
US-Ton,2007,12,TRUE
US-Ton,2008,12,TRUE
US-Ton,2009,12,TRUE
US-Ton,2010,12,TRUE
US-Ton,2011,12,TRUE
US-Ton,2012,12,TRUE
US-Ton,2013,12,TRUE
US-Ton,2014,12,TRUE
US-Ton,2015,12,TRUE
US-Ton,2016,12,TRUE
US-Ton,2017,12,TRUE
US-Ton,2018,12,TRUE
US-Ton,2019,12,TRUE
US-Ton,2020,12,TRUE
US-Ton,2021,12,TRUE
US-Ton,2022,12,TRUE
US-Ton,2023,12,TRUE
US-Ton,2024,12,TRUE
US-Ton,2025,12,TRUE
US-Tw1,2011,9,TRUE
US-Tw1,2012,10,TRUE
US-Tw1,2013,12,TRUE
US-Tw1,2014,12,TRUE
US-Tw1,2015,12,TRUE
US-Tw1,2016,12,TRUE
US-Tw1,2017,12,TRUE
US-Tw1,2018,12,TRUE
US-Tw1,2019,12,TRUE
US-Tw1,2020,12,TRUE
US-Tw1,2021,12,TRUE
US-Tw1,2022,12,TRUE
US-Tw1,2023,12,TRUE
US-Tw2,2012,7,TRUE
US-Tw2,2013,4,TRUE
US-Tw3,2013,7,TRUE
US-Tw3,2014,12,TRUE
US-Tw3,2015,12,TRUE
US-Tw3,2016,12,TRUE
US-Tw3,2017,12,TRUE
US-Tw3,2018,5,TRUE
US-Tw4,2013,1,TRUE
US-Tw4,2014,12,TRUE
US-Tw4,2015,12,TRUE
US-Tw4,2016,12,TRUE
US-Tw4,2017,12,TRUE
US-Tw4,2018,12,TRUE
US-Tw4,2019,12,TRUE
US-Tw4,2020,12,TRUE
US-Tw4,2021,12,TRUE
US-Tw4,2022,12,TRUE
US-Tw4,2023,12,TRUE
US-Tw4,2024,12,TRUE
US-Tw5,2018,8,TRUE
US-Tw5,2019,12,TRUE
US-Twt,2009,9,TRUE
US-Twt,2010,12,TRUE
US-Twt,2011,12,TRUE
US-Twt,2012,12,TRUE
US-Twt,2013,12,TRUE
US-Twt,2014,12,TRUE
US-Twt,2015,12,TRUE
US-Twt,2016,12,TRUE
US-Twt,2017,3,TRUE
US-UC1,2019,8,TRUE
US-UC1,2020,12,TRUE
US-UC1,2021,12,TRUE
US-UC1,2022,12,TRUE
US-UC1,2023,12,TRUE
US-UC1,2024,12,TRUE
US-UC2,2019,7,TRUE
US-UC2,2020,12,TRUE
US-UC2,2021,12,TRUE
US-UC2,2022,12,TRUE
US-UC2,2023,12,TRUE
US-UC2,2024,12,TRUE
US-UMd,2007,7,TRUE
US-UMd,2008,12,TRUE
US-UMd,2009,12,TRUE
US-UMd,2010,12,TRUE
US-UMd,2011,12,TRUE
US-UMd,2012,12,TRUE
US-UMd,2013,12,TRUE
US-UMd,2014,10,TRUE
US-UMd,2015,12,TRUE
US-UMd,2016,12,TRUE
US-UMd,2017,12,TRUE
US-UMd,2018,12,TRUE
US-UMd,2019,12,TRUE
US-UMd,2020,12,TRUE
US-UMd,2021,12,TRUE
US-UMd,2022,12,TRUE
US-UMd,2023,12,TRUE
US-UMd,2024,12,TRUE
US-UMd,2025,9,TRUE
US-UTB,2021,1,TRUE
US-UTB,2022,12,TRUE
US-UTB,2023,8,TRUE
US-UTD,2023,3,TRUE
US-UTD,2024,9,TRUE
US-UTE,2024,6,TRUE
US-UTE,2025,9,TRUE
US-UTJ,2024,7,TRUE
US-UTJ,2025,9,TRUE
US-UTL,2024,2,TRUE
US-UTL,2025,9,TRUE
US-UTM,2022,2,TRUE
US-UTM,2023,10,TRUE
US-UTM,2024,7,TRUE
US-UTP,2024,5,TRUE
US-UTV,2023,3,TRUE
US-UTV,2024,12,TRUE
US-UTV,2025,9,TRUE
US-UTW,2021,7,TRUE
US-UTW,2022,12,TRUE
US-UTW,2023,12,TRUE
US-UTW,2024,11,TRUE
US-Uaf,2003,12,TRUE
US-Uaf,2004,12,TRUE
US-Uaf,2005,12,TRUE
US-Uaf,2006,12,TRUE
US-Uaf,2007,12,TRUE
US-Uaf,2008,12,TRUE
US-Uaf,2009,12,TRUE
US-Uaf,2010,12,TRUE
US-Uaf,2011,12,TRUE
US-Uaf,2012,12,TRUE
US-Uaf,2013,12,TRUE
US-Uaf,2014,12,TRUE
US-Uaf,2015,12,TRUE
US-Uaf,2016,12,TRUE
US-Uaf,2017,12,TRUE
US-Uaf,2018,12,TRUE
US-Uaf,2019,9,TRUE
US-Uaf,2020,12,TRUE
US-Uaf,2021,12,TRUE
US-Uaf,2022,12,TRUE
US-Uaf,2023,12,TRUE
US-Uaf,2024,12,TRUE
US-Uaf,2025,12,TRUE
US-UiA,2008,7,TRUE
US-UiA,2009,12,TRUE
US-UiA,2010,12,TRUE
US-UiA,2011,12,TRUE
US-UiA,2012,12,TRUE
US-UiA,2013,12,TRUE
US-UiA,2014,12,TRUE
US-UiA,2015,12,TRUE
US-UiA,2016,6,TRUE
US-UiA,2017,0,FALSE
US-UiA,2018,0,FALSE
US-UiA,2019,0,FALSE
US-UiA,2020,0,FALSE
US-UiA,2021,0,FALSE
US-UiA,2022,0,FALSE
US-UiA,2023,0,FALSE
US-UiA,2024,7,TRUE
US-UiB,2008,6,TRUE
US-UiB,2009,12,TRUE
US-UiB,2010,12,TRUE
US-UiB,2011,12,TRUE
US-UiB,2012,12,TRUE
US-UiB,2013,12,TRUE
US-UiB,2014,12,TRUE
US-UiB,2015,12,TRUE
US-UiB,2016,11,TRUE
US-UiB,2017,11,TRUE
US-UiB,2018,12,TRUE
US-UiB,2019,12,TRUE
US-UiB,2020,12,TRUE
US-UiB,2021,9,TRUE
US-UiB,2022,10,TRUE
US-UiB,2023,12,TRUE
US-UiB,2024,12,TRUE
US-UiC,2008,7,TRUE
US-UiC,2009,12,TRUE
US-UiC,2010,12,TRUE
US-UiC,2011,12,TRUE
US-UiC,2012,12,TRUE
US-UiC,2013,12,TRUE
US-UiC,2014,12,TRUE
US-UiC,2015,12,TRUE
US-UiC,2016,12,TRUE
US-UiC,2017,12,TRUE
US-UiC,2018,12,TRUE
US-UiC,2019,12,TRUE
US-UiC,2020,12,TRUE
US-UiC,2021,12,TRUE
US-UiC,2022,10,TRUE
US-UiC,2023,12,TRUE
US-UiC,2024,12,TRUE
US-UiD,2008,5,TRUE
US-UiD,2009,12,TRUE
US-UiD,2010,12,TRUE
US-UiD,2011,12,TRUE
US-UiD,2012,12,TRUE
US-UiD,2013,12,TRUE
US-UiD,2014,12,TRUE
US-UiD,2015,12,TRUE
US-UiD,2016,3,TRUE
US-UiD,2017,0,FALSE
US-UiD,2018,0,FALSE
US-UiD,2019,0,FALSE
US-UiD,2020,0,FALSE
US-UiD,2021,0,FALSE
US-UiD,2022,0,FALSE
US-UiD,2023,0,FALSE
US-UiD,2024,7,TRUE
US-UiE,2018,6,TRUE
US-UiE,2019,12,TRUE
US-UiE,2020,12,TRUE
US-UiE,2021,12,TRUE
US-UiE,2022,12,TRUE
US-UiE,2023,12,TRUE
US-UiE,2024,12,TRUE
US-UiF,2018,6,TRUE
US-UiF,2019,12,TRUE
US-UiF,2020,12,TRUE
US-UiF,2021,12,TRUE
US-UiF,2022,12,TRUE
US-UiF,2023,12,TRUE
US-UiG,2018,6,TRUE
US-UiG,2019,12,TRUE
US-UiG,2020,12,TRUE
US-UiG,2021,12,TRUE
US-UiG,2022,12,TRUE
US-UiG,2023,12,TRUE
US-VT1,2023,3,TRUE
US-VT1,2024,12,TRUE
US-VT1,2025,7,TRUE
US-VT2,2023,3,TRUE
US-VT2,2024,12,TRUE
US-VT2,2025,6,TRUE
US-Var,2000,2,TRUE
US-Var,2001,12,TRUE
US-Var,2002,12,TRUE
US-Var,2003,12,TRUE
US-Var,2004,12,TRUE
US-Var,2005,12,TRUE
US-Var,2006,12,TRUE
US-Var,2007,12,TRUE
US-Var,2008,12,TRUE
US-Var,2009,12,TRUE
US-Var,2010,12,TRUE
US-Var,2011,12,TRUE
US-Var,2012,12,TRUE
US-Var,2013,12,TRUE
US-Var,2014,12,TRUE
US-Var,2015,12,TRUE
US-Var,2016,12,TRUE
US-Var,2017,12,TRUE
US-Var,2018,12,TRUE
US-Var,2019,12,TRUE
US-Var,2020,12,TRUE
US-Var,2021,12,TRUE
US-Var,2022,12,TRUE
US-Var,2023,12,TRUE
US-Var,2024,12,TRUE
US-Var,2025,12,TRUE
US-Vcm,2007,12,TRUE
US-Vcm,2008,12,TRUE
US-Vcm,2009,12,TRUE
US-Vcm,2010,11,TRUE
US-Vcm,2011,12,TRUE
US-Vcm,2012,12,TRUE
US-Vcm,2013,6,TRUE
US-Vcm,2014,12,TRUE
US-Vcm,2015,12,TRUE
US-Vcm,2016,12,TRUE
US-Vcm,2017,12,TRUE
US-Vcm,2018,12,TRUE
US-Vcm,2019,12,TRUE
US-Vcm,2020,12,TRUE
US-Vcm,2021,12,TRUE
US-Vcm,2022,12,TRUE
US-Vcm,2023,12,TRUE
US-Vcm,2024,12,TRUE
US-Vcm,2025,12,TRUE
US-Vcp,2007,12,TRUE
US-Vcp,2008,12,TRUE
US-Vcp,2009,12,TRUE
US-Vcp,2010,12,TRUE
US-Vcp,2011,12,TRUE
US-Vcp,2012,12,TRUE
US-Vcp,2013,10,TRUE
US-Vcp,2014,12,TRUE
US-Vcp,2015,11,TRUE
US-Vcp,2016,12,TRUE
US-Vcp,2017,12,TRUE
US-Vcp,2018,12,TRUE
US-Vcp,2019,12,TRUE
US-Vcp,2020,12,TRUE
US-Vcp,2021,12,TRUE
US-Vcp,2022,12,TRUE
US-Vcp,2023,12,TRUE
US-Vcp,2024,12,TRUE
US-Vcp,2025,12,TRUE
US-WCr,1999,11,TRUE
US-WCr,2000,12,TRUE
US-WCr,2001,12,TRUE
US-WCr,2002,12,TRUE
US-WCr,2003,12,TRUE
US-WCr,2004,12,TRUE
US-WCr,2005,12,TRUE
US-WCr,2006,12,TRUE
US-WCr,2007,0,FALSE
US-WCr,2008,0,FALSE
US-WCr,2009,0,FALSE
US-WCr,2010,2,TRUE
US-WCr,2011,12,TRUE
US-WCr,2012,12,TRUE
US-WCr,2013,12,TRUE
US-WCr,2014,12,TRUE
US-WCr,2015,12,TRUE
US-WCr,2016,12,TRUE
US-WCr,2017,12,TRUE
US-WCr,2018,12,TRUE
US-WCr,2019,12,TRUE
US-WCr,2020,12,TRUE
US-WCr,2021,12,TRUE
US-WCr,2022,12,TRUE
US-WCr,2023,12,TRUE
US-WCr,2024,9,TRUE
US-WCr,2025,11,TRUE
US-WPT,2011,12,TRUE
US-WPT,2012,12,TRUE
US-WPT,2013,12,TRUE
US-WT1,2023,5,TRUE
US-WT1,2024,12,TRUE
US-Whs,2007,6,TRUE
US-Whs,2008,12,TRUE
US-Whs,2009,12,TRUE
US-Whs,2010,12,TRUE
US-Whs,2011,12,TRUE
US-Whs,2012,12,TRUE
US-Whs,2013,12,TRUE
US-Whs,2014,12,TRUE
US-Whs,2015,12,TRUE
US-Whs,2016,12,TRUE
US-Whs,2017,12,TRUE
US-Whs,2018,12,TRUE
US-Whs,2019,12,TRUE
US-Whs,2020,12,TRUE
US-Whs,2021,12,TRUE
US-Whs,2022,12,TRUE
US-Whs,2023,12,TRUE
US-Whs,2024,12,TRUE
US-Whs,2025,12,TRUE
US-Wjs,2007,8,TRUE
US-Wjs,2008,12,TRUE
US-Wjs,2009,12,TRUE
US-Wjs,2010,12,TRUE
US-Wjs,2011,12,TRUE
US-Wjs,2012,12,TRUE
US-Wjs,2013,12,TRUE
US-Wjs,2014,12,TRUE
US-Wjs,2015,12,TRUE
US-Wjs,2016,12,TRUE
US-Wjs,2017,12,TRUE
US-Wjs,2018,12,TRUE
US-Wjs,2019,12,TRUE
US-Wjs,2020,12,TRUE
US-Wjs,2021,12,TRUE
US-Wjs,2022,12,TRUE
US-Wjs,2023,12,TRUE
US-Wjs,2024,12,TRUE
US-Wjs,2025,9,TRUE
US-Wkg,2004,8,TRUE
US-Wkg,2005,12,TRUE
US-Wkg,2006,12,TRUE
US-Wkg,2007,12,TRUE
US-Wkg,2008,12,TRUE
US-Wkg,2009,12,TRUE
US-Wkg,2010,12,TRUE
US-Wkg,2011,12,TRUE
US-Wkg,2012,12,TRUE
US-Wkg,2013,12,TRUE
US-Wkg,2014,12,TRUE
US-Wkg,2015,12,TRUE
US-Wkg,2016,12,TRUE
US-Wkg,2017,12,TRUE
US-Wkg,2018,12,TRUE
US-Wkg,2019,12,TRUE
US-Wkg,2020,12,TRUE
US-Wkg,2021,12,TRUE
US-Wkg,2022,12,TRUE
US-Wkg,2023,12,TRUE
US-Wkg,2024,12,TRUE
US-Wkg,2025,12,TRUE
US-YK1,2019,3,TRUE
US-YK1,2020,12,TRUE
US-YK1,2021,12,TRUE
US-YK1,2022,12,TRUE
US-YK1,2023,10,TRUE
US-YK1,2024,10,TRUE
US-YK1,2025,7,TRUE
US-YK2,2019,6,TRUE
US-YK2,2020,12,TRUE
US-YK2,2021,8,TRUE
US-YK2,2022,12,TRUE
US-YK2,2023,11,TRUE
US-YK2,2024,6,TRUE
US-YK2,2025,4,TRUE
US-ZF1,2024,1,TRUE
US-ZF1,2025,12,TRUE
US-ZF2,2024,1,TRUE
US-ZF2,2025,12,TRUE
US-xAB,2019,10,TRUE
US-xAB,2020,12,TRUE
US-xAB,2021,12,TRUE
US-xAB,2022,12,TRUE
US-xAB,2023,12,TRUE
US-xAB,2024,10,TRUE
US-xAE,2019,12,TRUE
US-xAE,2020,12,TRUE
US-xAE,2021,12,TRUE
US-xAE,2022,12,TRUE
US-xAE,2023,12,TRUE
US-xAE,2024,12,TRUE
US-xBA,2019,12,TRUE
US-xBA,2020,12,TRUE
US-xBA,2021,12,TRUE
US-xBA,2022,10,TRUE
US-xBA,2023,12,TRUE
US-xBA,2024,11,TRUE
US-xBL,2019,9,TRUE
US-xBL,2020,10,TRUE
US-xBL,2021,12,TRUE
US-xBL,2022,12,TRUE
US-xBL,2023,12,TRUE
US-xBL,2024,12,TRUE
US-xBN,2019,12,TRUE
US-xBN,2020,10,TRUE
US-xBN,2021,12,TRUE
US-xBN,2022,12,TRUE
US-xBN,2023,12,TRUE
US-xBN,2024,12,TRUE
US-xBR,2019,12,TRUE
US-xBR,2020,11,TRUE
US-xBR,2021,12,TRUE
US-xBR,2022,12,TRUE
US-xBR,2023,12,TRUE
US-xBR,2024,12,TRUE
US-xCL,2019,12,TRUE
US-xCL,2020,12,TRUE
US-xCL,2021,12,TRUE
US-xCL,2022,12,TRUE
US-xCL,2023,12,TRUE
US-xCL,2024,12,TRUE
US-xCP,2019,12,TRUE
US-xCP,2020,10,TRUE
US-xCP,2021,9,TRUE
US-xCP,2022,12,TRUE
US-xCP,2023,12,TRUE
US-xCP,2024,12,TRUE
US-xDC,2019,12,TRUE
US-xDC,2020,12,TRUE
US-xDC,2021,12,TRUE
US-xDC,2022,12,TRUE
US-xDC,2023,12,TRUE
US-xDC,2024,12,TRUE
US-xDJ,2019,12,TRUE
US-xDJ,2020,12,TRUE
US-xDJ,2021,12,TRUE
US-xDJ,2022,12,TRUE
US-xDJ,2023,12,TRUE
US-xDJ,2024,12,TRUE
US-xDL,2019,3,TRUE
US-xDL,2020,11,TRUE
US-xDL,2021,12,TRUE
US-xDL,2022,12,TRUE
US-xDL,2023,12,TRUE
US-xDL,2024,12,TRUE
US-xDS,2019,8,TRUE
US-xDS,2020,12,TRUE
US-xDS,2021,12,TRUE
US-xDS,2022,11,TRUE
US-xDS,2023,12,TRUE
US-xDS,2024,12,TRUE
US-xGR,2019,11,TRUE
US-xGR,2020,12,TRUE
US-xGR,2021,12,TRUE
US-xGR,2022,12,TRUE
US-xGR,2023,12,TRUE
US-xGR,2024,12,TRUE
US-xHA,2019,12,TRUE
US-xHA,2020,10,TRUE
US-xHA,2021,12,TRUE
US-xHA,2022,12,TRUE
US-xHA,2023,12,TRUE
US-xHA,2024,12,TRUE
US-xHE,2019,8,TRUE
US-xHE,2020,6,TRUE
US-xHE,2021,12,TRUE
US-xHE,2022,12,TRUE
US-xHE,2023,12,TRUE
US-xHE,2024,12,TRUE
US-xJE,2019,9,TRUE
US-xJE,2020,12,TRUE
US-xJE,2021,12,TRUE
US-xJE,2022,12,TRUE
US-xJE,2023,12,TRUE
US-xJE,2024,12,TRUE
US-xJR,2019,12,TRUE
US-xJR,2020,12,TRUE
US-xJR,2021,12,TRUE
US-xJR,2022,12,TRUE
US-xJR,2023,12,TRUE
US-xJR,2024,12,TRUE
US-xKA,2019,12,TRUE
US-xKA,2020,2,TRUE
US-xKA,2021,12,TRUE
US-xKA,2022,12,TRUE
US-xKA,2023,12,TRUE
US-xKA,2024,12,TRUE
US-xKZ,2019,12,TRUE
US-xKZ,2020,12,TRUE
US-xKZ,2021,12,TRUE
US-xKZ,2022,12,TRUE
US-xKZ,2023,12,TRUE
US-xKZ,2024,12,TRUE
US-xLE,2019,7,TRUE
US-xLE,2020,7,TRUE
US-xLE,2021,12,TRUE
US-xLE,2022,12,TRUE
US-xLE,2023,12,TRUE
US-xLE,2024,12,TRUE
US-xMB,2019,4,TRUE
US-xMB,2020,10,TRUE
US-xMB,2021,12,TRUE
US-xMB,2022,12,TRUE
US-xMB,2023,12,TRUE
US-xMB,2024,12,TRUE
US-xML,2019,12,TRUE
US-xML,2020,12,TRUE
US-xML,2021,12,TRUE
US-xML,2022,12,TRUE
US-xML,2023,12,TRUE
US-xML,2024,12,TRUE
US-xNG,2019,12,TRUE
US-xNG,2020,5,TRUE
US-xNG,2021,11,TRUE
US-xNG,2022,12,TRUE
US-xNG,2023,12,TRUE
US-xNG,2024,12,TRUE
US-xNQ,2019,12,TRUE
US-xNQ,2020,10,TRUE
US-xNQ,2021,12,TRUE
US-xNQ,2022,2,TRUE
US-xNQ,2023,12,TRUE
US-xNQ,2024,12,TRUE
US-xNW,2019,10,TRUE
US-xNW,2020,3,TRUE
US-xNW,2021,10,TRUE
US-xNW,2022,12,TRUE
US-xNW,2023,12,TRUE
US-xNW,2024,10,TRUE
US-xPU,2019,7,TRUE
US-xPU,2020,12,TRUE
US-xPU,2021,11,TRUE
US-xPU,2022,11,TRUE
US-xPU,2023,12,TRUE
US-xPU,2024,12,TRUE
US-xRM,2019,12,TRUE
US-xRM,2020,10,TRUE
US-xRM,2021,12,TRUE
US-xRM,2022,12,TRUE
US-xRM,2023,12,TRUE
US-xRM,2024,12,TRUE
US-xRN,2019,12,TRUE
US-xRN,2020,12,TRUE
US-xRN,2021,12,TRUE
US-xRN,2022,12,TRUE
US-xRN,2023,12,TRUE
US-xRN,2024,12,TRUE
US-xSB,2019,8,TRUE
US-xSB,2020,12,TRUE
US-xSB,2021,12,TRUE
US-xSB,2022,9,TRUE
US-xSB,2023,12,TRUE
US-xSB,2024,12,TRUE
US-xSC,2019,8,TRUE
US-xSC,2020,9,TRUE
US-xSC,2021,12,TRUE
US-xSC,2022,12,TRUE
US-xSC,2023,12,TRUE
US-xSC,2024,12,TRUE
US-xSE,2019,7,TRUE
US-xSE,2020,12,TRUE
US-xSE,2021,12,TRUE
US-xSE,2022,12,TRUE
US-xSE,2023,12,TRUE
US-xSE,2024,12,TRUE
US-xSJ,2019,7,TRUE
US-xSJ,2020,11,TRUE
US-xSJ,2021,12,TRUE
US-xSJ,2022,12,TRUE
US-xSJ,2023,12,TRUE
US-xSJ,2024,12,TRUE
US-xSL,2019,12,TRUE
US-xSL,2020,10,TRUE
US-xSL,2021,12,TRUE
US-xSL,2022,12,TRUE
US-xSL,2023,12,TRUE
US-xSL,2024,12,TRUE
US-xSP,2019,12,TRUE
US-xSP,2020,12,TRUE
US-xSP,2021,12,TRUE
US-xSP,2022,12,TRUE
US-xSP,2023,12,TRUE
US-xSP,2024,12,TRUE
US-xSR,2019,12,TRUE
US-xSR,2020,12,TRUE
US-xSR,2021,12,TRUE
US-xSR,2022,12,TRUE
US-xSR,2023,12,TRUE
US-xSR,2024,12,TRUE
US-xST,2019,12,TRUE
US-xST,2020,12,TRUE
US-xST,2021,7,TRUE
US-xST,2022,12,TRUE
US-xST,2023,12,TRUE
US-xST,2024,12,TRUE
US-xTA,2019,12,TRUE
US-xTA,2020,12,TRUE
US-xTA,2021,12,TRUE
US-xTA,2022,2,TRUE
US-xTA,2023,12,TRUE
US-xTA,2024,12,TRUE
US-xTE,2019,12,TRUE
US-xTE,2020,12,TRUE
US-xTE,2021,12,TRUE
US-xTE,2022,12,TRUE
US-xTE,2023,12,TRUE
US-xTE,2024,12,TRUE
US-xTL,2019,12,TRUE
US-xTL,2020,1,TRUE
US-xTL,2021,12,TRUE
US-xTL,2022,12,TRUE
US-xTL,2023,12,TRUE
US-xTL,2024,12,TRUE
US-xTR,2019,12,TRUE
US-xTR,2020,12,TRUE
US-xTR,2021,12,TRUE
US-xTR,2022,12,TRUE
US-xTR,2023,12,TRUE
US-xTR,2024,12,TRUE
US-xUK,2019,1,TRUE
US-xUK,2020,12,TRUE
US-xUK,2021,12,TRUE
US-xUK,2022,12,TRUE
US-xUK,2023,12,TRUE
US-xUK,2024,12,TRUE
US-xUN,2019,12,TRUE
US-xUN,2020,12,TRUE
US-xUN,2021,12,TRUE
US-xUN,2022,12,TRUE
US-xUN,2023,12,TRUE
US-xUN,2024,12,TRUE
US-xWD,2019,12,TRUE
US-xWD,2020,12,TRUE
US-xWD,2021,12,TRUE
US-xWD,2022,12,TRUE
US-xWD,2023,12,TRUE
US-xWD,2024,12,TRUE
US-xWR,2019,12,TRUE
US-xWR,2020,12,TRUE
US-xWR,2021,12,TRUE
US-xWR,2022,12,TRUE
US-xWR,2023,12,TRUE
US-xWR,2024,12,TRUE
US-xYE,2019,12,TRUE
US-xYE,2020,7,TRUE
US-xYE,2021,11,TRUE
US-xYE,2022,12,TRUE
US-xYE,2023,9,TRUE
US-xYE,2024,12,TRUE
VU-Coc,2001,3,TRUE
VU-Coc,2002,12,TRUE
VU-Coc,2003,12,TRUE
VU-Coc,2004,9,TRUE
ZA-BfK,2020,8,TRUE
ZA-BfK,2021,12,TRUE
ZA-BfK,2022,12,TRUE
ZA-BfK,2023,12,TRUE
ZA-BfK,2024,12,TRUE
ZA-BfS,2020,10,TRUE
ZA-BfS,2021,12,TRUE
ZA-BfS,2022,12,TRUE
ZA-BfS,2023,6,TRUE
ZA-BfS,2024,9,TRUE
ZA-Jks,2024,12,TRUE
ZA-Spk,2023,9,TRUE
ZA-Spk,2024,12,TRUE
ZA-Uby,2023,11,TRUE
ZA-Uby,2024,12,TRUE
ZM-Mon,2007,4,TRUE
ZM-Mon,2008,12,TRUE
ZM-Mon,2009,7,TRUE
