site_id,n_years_used,mat_degc,map_mm,kg_class,kg_second,kg_main,koppen_class,koppen_twoletter,koppen_main,koppen_method,koppen_class_code,koppen_class_name,koppen_main_name,badm_kg_class,beck2023_kg_class,agree_badm,agree_beck2023,ratio,ref_source,excluded_grp_era_down,excluded_p_era_ratio,excluded_fig4_geo_vs_data
AR-Bal,30,13.340605555555555,422.3624666666667,BSk,BS,B,BSk,BS,B,era5_local,NA,NA,NA,NA,NA,NA,NA,0.4561149748020159,badm_map,FALSE,FALSE,FALSE
AR-CCa,30,16.533752777777778,3554.8036,Cfa,Cf,C,Cfa,Cf,C,era5_local,NA,NA,NA,NA,NA,NA,NA,3.3535883018867927,badm_map,TRUE,FALSE,TRUE
AR-CCg,30,14.349816666666666,3460.3583333333336,Cfb,Cf,C,Cfb,Cf,C,era5_local,NA,NA,NA,NA,NA,NA,NA,3.264488993710692,badm_map,TRUE,FALSE,TRUE
AR-TF1,30,6.021894444444444,3586.6913333333337,ET,ET,E,ET,ET,E,era5_local,NA,NA,NA,NA,NA,NA,NA,5.450898682877407,worldclim_bio12,TRUE,FALSE,TRUE
AR-TF2,30,5.161247222222222,3849.4612666666667,ET,ET,E,ET,ET,E,era5_local,NA,NA,NA,NA,NA,NA,NA,7.263134465408805,badm_map,TRUE,FALSE,TRUE
AT-Mmg,30,7.949513888888889,812.6036333333334,Dfb,Df,D,Dfb,Df,D,era5_local,NA,NA,NA,NA,NA,NA,NA,1.0580776475694444,badm_map,FALSE,FALSE,FALSE
AT-Neu,30,6.601152777777778,769.6289333333333,Dfb,Df,D,Dfb,Df,D,era5_local,NA,NA,NA,NA,NA,NA,NA,0.9033203442879498,badm_map,FALSE,FALSE,FALSE
AT-Nsd,30,11.218380555555555,490.7579999999999,BSk,BS,B,BSk,BS,B,era5_local,NA,NA,NA,NA,NA,NA,NA,0.981123550579768,badm_map,FALSE,FALSE,FALSE
AT-PsM,30,7.221102777777778,1263.2589,Dfb,Df,D,Dfb,Df,D,era5_local,NA,NA,NA,NA,NA,NA,NA,1.0245408759124088,badm_map,FALSE,FALSE,FALSE
AT-Zoe,30,7.345805555555556,1781.0322333333331,Dfb,Df,D,Dfb,Df,D,era5_local,NA,NA,NA,NA,NA,NA,NA,1.0826943667679836,badm_map,FALSE,FALSE,FALSE
AU-APL,30,6.068438888888889,4208.4393,Cfc,Cf,C,Cfc,Cf,C,era5_local,NA,NA,NA,NA,NA,NA,NA,2.5428636253776435,worldclim_bio12,TRUE,FALSE,TRUE
AU-ASM,30,22.74806388888889,311.54563333333334,BWh,BW,B,BWh,BW,B,era5_local,NA,NA,NA,NA,NA,NA,NA,0.851217577413479,worldclim_bio12,FALSE,FALSE,FALSE
AU-Ade,30,27.085116666666668,1611.3440666666668,Aw,Aw,A,Aw,Aw,A,era5_local,NA,NA,NA,NA,NA,NA,NA,1.1436082801040928,worldclim_bio12,FALSE,FALSE,FALSE
AU-Boy,30,16.24181666666667,508.7504333333333,BSk,BS,B,BSk,BS,B,era5_local,NA,NA,NA,NA,NA,NA,NA,1.0847557213930348,worldclim_bio12,FALSE,FALSE,FALSE
AU-Col,30,15.769119444444446,2023.5442333333333,Cfb,Cf,C,Cfb,Cf,C,era5_local,NA,NA,NA,NA,NA,NA,NA,2.638258452846588,worldclim_bio12,TRUE,FALSE,TRUE
AU-Cow,30,24.090477777777778,3341.9243666666666,Am,Am,A,Am,Am,A,era5_local,NA,NA,NA,NA,NA,NA,NA,1.0763041438539989,worldclim_bio12,FALSE,FALSE,FALSE
AU-Cpr,30,17.955202777777778,256.22166666666664,BWk,BW,B,BWk,BW,B,era5_local,NA,NA,NA,NA,NA,NA,NA,0.9560509950248756,worldclim_bio12,FALSE,FALSE,FALSE
AU-Ctr,30,23.91161388888889,3882.7596333333336,Af,Af,A,Af,Af,A,era5_local,NA,NA,NA,NA,NA,NA,NA,1.2516955620030088,worldclim_bio12,FALSE,FALSE,FALSE
AU-Cum,30,18.068469444444446,839.5806,Cfa,Cf,C,Cfa,Cf,C,era5_local,NA,NA,NA,NA,NA,NA,NA,0.9959437722419929,worldclim_bio12,FALSE,FALSE,FALSE
AU-DaP,30,25.576172222222223,1249.5877,Aw,Aw,A,Aw,Aw,A,era5_local,NA,NA,NA,NA,NA,NA,NA,1.0643847529812607,worldclim_bio12,FALSE,FALSE,FALSE
AU-DaS,30,26.655430555555554,1165.4386333333334,Aw,Aw,A,Aw,Aw,A,era5_local,NA,NA,NA,NA,NA,NA,NA,1.022314590643275,worldclim_bio12,FALSE,FALSE,FALSE
AU-Dry,30,26.712747222222223,868.1355333333331,Aw,Aw,A,Aw,Aw,A,era5_local,NA,NA,NA,NA,NA,NA,NA,1.0165521467603433,worldclim_bio12,FALSE,FALSE,FALSE
AU-Emr,30,22.30276388888889,650.5638666666666,BSh,BS,B,BSh,BS,B,era5_local,NA,NA,NA,NA,NA,NA,NA,1.0359297239915073,worldclim_bio12,FALSE,FALSE,FALSE
AU-Fle,30,23.495247222222222,560.8474,BSh,BS,B,BSh,BS,B,era5_local,NA,NA,NA,NA,NA,NA,NA,0.8446496987951807,worldclim_bio12,FALSE,FALSE,FALSE
AU-Fog,30,26.028594444444444,5851.212966666666,Am,Am,A,Am,Am,A,era5_local,NA,NA,NA,NA,NA,NA,NA,3.991277603456116,worldclim_bio12,TRUE,FALSE,TRUE
AU-GWW,30,19.376738888888887,340.5570666666667,BSh,BS,B,BSh,BS,B,era5_local,NA,NA,NA,NA,NA,NA,NA,1.2899888888888889,worldclim_bio12,FALSE,FALSE,FALSE
AU-Gin,30,18.102819444444446,623.8964333333334,Csa,Cs,C,Csa,Cs,C,era5_local,NA,NA,NA,NA,NA,NA,NA,0.8925556986170722,worldclim_bio12,FALSE,FALSE,FALSE
AU-How,30,26.85321666666667,1675.783733333333,Aw,Aw,A,Aw,Aw,A,era5_local,NA,NA,NA,NA,NA,NA,NA,1.0174764622546042,worldclim_bio12,FALSE,FALSE,FALSE
AU-Lit,30,26.25025,1649.2909333333337,Aw,Aw,A,Aw,Aw,A,era5_local,NA,NA,NA,NA,NA,NA,NA,1.0405621030494219,worldclim_bio12,FALSE,FALSE,FALSE
AU-Lon,30,23.67893888888889,277.0809333333333,BWh,BW,B,BWh,BW,B,era5_local,NA,NA,NA,NA,NA,NA,NA,0.6612910103420843,worldclim_bio12,FALSE,FALSE,FALSE
AU-Lox,30,16.916272222222222,143.38846666666666,BWk,BW,B,BWk,BW,B,era5_local,NA,NA,NA,NA,NA,NA,NA,0.5176478941034898,worldclim_bio12,FALSE,FALSE,FALSE
AU-MvA,30,18.52945,560.3471999999999,BSh,BS,B,BSh,BS,B,era5_local,NA,NA,NA,NA,NA,NA,NA,0.895123322683706,worldclim_bio12,FALSE,FALSE,FALSE
AU-MvB,30,17.608627777777777,593.9288333333334,BSk,BS,B,BSk,BS,B,era5_local,NA,NA,NA,NA,NA,NA,NA,0.9579497311827958,worldclim_bio12,FALSE,FALSE,FALSE
AU-Otw,30,12.87566111111111,719.6304666666665,Csb,Cs,C,Csb,Cs,C,era5_local,NA,NA,NA,NA,NA,NA,NA,0.8214959665144594,worldclim_bio12,FALSE,FALSE,FALSE
AU-RDF,30,26.79982777777778,999.6309000000001,Aw,Aw,A,Aw,Aw,A,era5_local,NA,NA,NA,NA,NA,NA,NA,1.0467339267015707,worldclim_bio12,FALSE,FALSE,FALSE
AU-Rgf,30,16.458216666666665,585.0512333333334,BSk,BS,B,BSk,BS,B,era5_local,NA,NA,NA,NA,NA,NA,NA,1.283007090643275,worldclim_bio12,FALSE,FALSE,FALSE
AU-Rig,30,15.416730555555555,465.1422333333333,BSk,BS,B,BSk,BS,B,era5_local,NA,NA,NA,NA,NA,NA,NA,0.7526573354908306,worldclim_bio12,FALSE,FALSE,FALSE
AU-Rob,30,18.863869444444443,1752.6281999999999,Cwb,Cw,C,Cwb,Cw,C,era5_local,NA,NA,NA,NA,NA,NA,NA,0.6653865603644646,worldclim_bio12,FALSE,FALSE,FALSE
AU-Sam,30,19.49236388888889,1000.4260666666668,Cfa,Cf,C,Cfa,Cf,C,era5_local,NA,NA,NA,NA,NA,NA,NA,0.8113755609624224,worldclim_bio12,FALSE,FALSE,FALSE
AU-Sil,30,7.1657472222222225,683.9892,Cfc,Cf,C,Cfc,Cf,C,era5_local,NA,NA,NA,NA,NA,NA,NA,0.8270727932285369,worldclim_bio12,FALSE,FALSE,FALSE
AU-Sno,30,7.465119444444444,1341.243,Cfb,Cf,C,Cfb,Cf,C,era5_local,NA,NA,NA,NA,NA,NA,NA,0.8060354567307692,worldclim_bio12,FALSE,FALSE,FALSE
AU-Stp,30,26.250030555555554,650.5608333333333,BSh,BS,B,BSh,BS,B,era5_local,NA,NA,NA,NA,NA,NA,NA,1.0149154966198648,worldclim_bio12,FALSE,FALSE,FALSE
AU-TTE,30,22.97738888888889,323.7930333333333,BWh,BW,B,BWh,BW,B,era5_local,NA,NA,NA,NA,NA,NA,NA,1.300373627844712,worldclim_bio12,FALSE,FALSE,FALSE
AU-Tum,30,9.735175,1129.0455333333334,Cfb,Cf,C,Cfb,Cf,C,era5_local,NA,NA,NA,NA,NA,NA,NA,0.7791894639981597,worldclim_bio12,FALSE,FALSE,FALSE
AU-Wac,30,10.567672222222223,2962.6132000000007,Cfb,Cf,C,Cfb,Cf,C,era5_local,NA,NA,NA,NA,NA,NA,NA,2.321797178683386,worldclim_bio12,TRUE,FALSE,TRUE
AU-Wel,30,15.988299999999999,751.6952,Cfa,Cf,C,Cfa,Cf,C,era5_local,NA,NA,NA,NA,NA,NA,NA,1.1529067484662576,worldclim_bio12,FALSE,FALSE,FALSE
AU-Wgt,30,7.460116666666667,582.3777666666667,Cfb,Cf,C,Cfb,Cf,C,era5_local,NA,NA,NA,NA,NA,NA,NA,0.6413852055800294,worldclim_bio12,FALSE,FALSE,FALSE
AU-Whr,30,15.133083333333333,307.99336666666665,BSk,BS,B,BSk,BS,B,era5_local,NA,NA,NA,NA,NA,NA,NA,0.5301090648307515,worldclim_bio12,FALSE,FALSE,FALSE
AU-Wom,30,10.878591666666667,852.7280999999999,Cfb,Cf,C,Cfb,Cf,C,era5_local,NA,NA,NA,NA,NA,NA,NA,0.7969421495327103,worldclim_bio12,FALSE,FALSE,FALSE
AU-Wrr,30,10.154363888888888,1179.5359666666666,Cfb,Cf,C,Cfb,Cf,C,era5_local,NA,NA,NA,NA,NA,NA,NA,0.758544030010718,worldclim_bio12,FALSE,FALSE,FALSE
AU-Ya1,30,16.703055555555554,742.3492666666666,Cfa,Cf,C,Cfa,Cf,C,era5_local,NA,NA,NA,NA,NA,NA,NA,0.8806041122973507,worldclim_bio12,FALSE,FALSE,FALSE
AU-Ya2,30,16.707730555555557,790.8596666666667,Cfa,Cf,C,Cfa,Cf,C,era5_local,NA,NA,NA,NA,NA,NA,NA,0.9337186147186148,worldclim_bio12,FALSE,FALSE,FALSE
AU-Ync,30,17.007675,503.6259,BSk,BS,B,BSk,BS,B,era5_local,NA,NA,NA,NA,NA,NA,NA,1.1577606896551724,worldclim_bio12,FALSE,FALSE,FALSE
BE-Bra,30,10.750363888888888,811.3813666666666,Cfb,Cf,C,Cfb,Cf,C,era5_local,NA,NA,NA,NA,NA,NA,NA,0.8812657398356322,badm_map,FALSE,FALSE,FALSE
BE-Dor,30,9.587702777777778,643.6931333333332,Cfb,Cf,C,Cfb,Cf,C,era5_local,NA,NA,NA,NA,NA,NA,NA,0.7775010669565566,badm_map,FALSE,FALSE,FALSE
BE-Lcr,30,10.698736111111112,696.4490666666667,Cfb,Cf,C,Cfb,Cf,C,era5_local,NA,NA,NA,NA,NA,NA,NA,0.808602190487248,badm_map,FALSE,FALSE,FALSE
BE-Lon,30,10.864816666666668,675.7650333333333,Cfb,Cf,C,Cfb,Cf,C,era5_local,NA,NA,NA,NA,NA,NA,NA,0.9099986982673489,badm_map,FALSE,FALSE,FALSE
BJ-Bfg,30,25.74162777777778,1396.9521,Aw,Aw,A,Aw,Aw,A,era5_local,NA,NA,NA,NA,NA,NA,NA,1.1641267499999999,badm_map,FALSE,FALSE,FALSE
BJ-Db1,30,26.286519444444444,1404.9051333333334,Aw,Aw,A,Aw,Aw,A,era5_local,NA,NA,NA,NA,NA,NA,NA,0.9756285648148149,badm_map,FALSE,FALSE,FALSE
BJ-Nhu,30,25.233825,1349.8548666666666,Aw,Aw,A,Aw,Aw,A,era5_local,NA,NA,NA,NA,NA,NA,NA,1.1343318207282913,badm_map,FALSE,FALSE,FALSE
BR-CST,30,26.22723611111111,661.4289333333332,BSh,BS,B,BSh,BS,B,era5_local,NA,NA,NA,NA,NA,NA,NA,1.0302631360332293,badm_map,FALSE,FALSE,FALSE
BR-ITA,30,19.59907777777778,2457.0402,Cfa,Cf,C,Cfa,Cf,C,era5_local,NA,NA,NA,NA,NA,NA,NA,1.698023635107118,badm_map,FALSE,FALSE,FALSE
BR-Ji3,30,25.513958333333335,6879.8211,Am,Am,A,Am,Am,A,era5_local,NA,NA,NA,NA,NA,NA,NA,3.30284258281325,worldclim_bio12,TRUE,FALSE,TRUE
BR-Ma2,30,25.803466666666665,2495.351366666667,Af,Af,A,Af,Af,A,era5_local,NA,NA,NA,NA,NA,NA,NA,1.108060109532268,badm_map,FALSE,FALSE,FALSE
BR-Ma3,30,25.31111111111111,2134.5123000000003,Af,Af,A,Af,Af,A,era5_local,NA,NA,NA,NA,NA,NA,NA,0.764510136103152,badm_map,FALSE,FALSE,FALSE
BR-Npw,30,25.094725,1433.2037,Aw,Aw,A,Aw,Aw,A,era5_local,NA,NA,NA,NA,NA,NA,NA,0.9644708613728129,badm_map,FALSE,FALSE,FALSE
BR-SM1,30,19.111208333333334,5637.838066666666,Cfa,Cf,C,Cfa,Cf,C,era5_local,NA,NA,NA,NA,NA,NA,NA,3.3163753333333332,badm_map,TRUE,FALSE,TRUE
BR-Sa1,30,25.704055555555556,2009.152166666667,Am,Am,A,Am,Am,A,era5_local,NA,NA,NA,NA,NA,NA,NA,0.9683641075321681,badm_map,FALSE,FALSE,FALSE
BR-Sa3,30,26.059825,1457.5392666666667,Aw,Aw,A,Aw,Aw,A,era5_local,NA,NA,NA,NA,NA,NA,NA,0.7131620811865653,badm_map,FALSE,FALSE,FALSE
BR-Xpw,30,25.790905555555558,1431.8699666666666,Aw,Aw,A,Aw,Aw,A,era5_local,NA,NA,NA,NA,NA,NA,NA,0.9609865548098434,badm_map,FALSE,FALSE,FALSE
BW-Gum,30,22.24528611111111,2356.7997666666665,Cwa,Cw,C,Cwa,Cw,C,era5_local,NA,NA,NA,NA,NA,NA,NA,5.101298196248196,worldclim_bio12,TRUE,FALSE,TRUE
BW-Nxr,30,22.31198888888889,2185.233133333333,Cwa,Cw,C,Cwa,Cw,C,era5_local,NA,NA,NA,NA,NA,NA,NA,5.012002599388379,worldclim_bio12,TRUE,FALSE,TRUE
CA-ARB,30,-1.4357055555555553,488.89663333333334,Dfc,Df,D,Dfc,Df,D,era5_local,NA,NA,NA,NA,NA,NA,NA,0.698423761904762,badm_map,FALSE,FALSE,FALSE
CA-ARF,30,-1.2990694444444448,488.89456666666666,Dfc,Df,D,Dfc,Df,D,era5_local,NA,NA,NA,NA,NA,NA,NA,0.6984208095238095,badm_map,FALSE,FALSE,FALSE
CA-BOU,30,1.413741666666667,711.3454333333334,Dfb,Df,D,Dfb,Df,D,era5_local,NA,NA,NA,NA,NA,NA,NA,0.7036057698648204,badm_map,FALSE,FALSE,FALSE
CA-CF1,30,-7.989119444444444,3649.1881,Dfc,Df,D,Dfc,Df,D,era5_local,NA,NA,NA,NA,NA,NA,NA,8.073425,badm_map,FALSE,TRUE,TRUE
CA-CF2,30,-8.192002777777777,4963.8835,Dfc,Df,D,Dfc,Df,D,era5_local,NA,NA,NA,NA,NA,NA,NA,10.98204314159292,badm_map,FALSE,TRUE,TRUE
CA-CF3,30,-6.517899999999999,252.51989999999998,Dfc,Df,D,Dfc,Df,D,era5_local,NA,NA,NA,NA,NA,NA,NA,0.6055633093525179,worldclim_bio12,FALSE,FALSE,FALSE
CA-Ca1,30,13.160538888888889,1315.8228666666666,Cfb,Cf,C,Cfb,Cf,C,era5_local,NA,NA,NA,NA,NA,NA,NA,0.9611562210859508,badm_map,FALSE,FALSE,FALSE
CA-Ca2,30,8.645327777777778,1178.4454666666666,Cfb,Cf,C,Cfb,Cf,C,era5_local,NA,NA,NA,NA,NA,NA,NA,0.7994881049298959,badm_map,FALSE,FALSE,FALSE
CA-Ca3,30,8.030536111111111,1772.5385666666666,Cfb,Cf,C,Cfb,Cf,C,era5_local,NA,NA,NA,NA,NA,NA,NA,1.0576005767700876,badm_map,FALSE,FALSE,FALSE
CA-Cbo,30,7.6991000000000005,3332.777966666667,Dfb,Df,D,Dfb,Df,D,era5_local,NA,NA,NA,NA,NA,NA,NA,3.803064982388875,badm_map,TRUE,FALSE,TRUE
CA-DB2,30,9.253038888888888,1196.4158333333332,Csb,Cs,C,Csb,Cs,C,era5_local,NA,NA,NA,NA,NA,NA,NA,0.8915170144063586,worldclim_bio12,FALSE,FALSE,FALSE
CA-DBB,30,10.155986111111112,1139.3527,Csb,Cs,C,Csb,Cs,C,era5_local,NA,NA,NA,NA,NA,NA,NA,1.01006445035461,badm_map,FALSE,FALSE,FALSE
CA-DSM,30,10.517008333333333,1166.4762333333335,Csb,Cs,C,Csb,Cs,C,era5_local,NA,NA,NA,NA,NA,NA,NA,1.0822752211294615,badm_map,FALSE,FALSE,FALSE
CA-EM1,30,1.7598666666666671,395.9318333333333,Dfb,Df,D,Dfb,Df,D,era5_local,NA,NA,NA,NA,NA,NA,NA,0.784334059693608,badm_map,FALSE,FALSE,FALSE
CA-EM2,30,1.7242861111111107,298.7585666666667,BSk,BS,B,BSk,BS,B,era5_local,NA,NA,NA,NA,NA,NA,NA,0.6310911843402338,badm_map,FALSE,FALSE,FALSE
CA-Gro,30,2.9224916666666667,822.5417666666667,Dfb,Df,D,Dfb,Df,D,era5_local,NA,NA,NA,NA,NA,NA,NA,0.9898216205375051,badm_map,FALSE,FALSE,FALSE
CA-HPC,30,-6.772805555555555,1114.4470666666666,Dfc,Df,D,Dfc,Df,D,era5_local,NA,NA,NA,NA,NA,NA,NA,4.631949570518149,badm_map,FALSE,TRUE,TRUE
CA-KLP,30,-0.41770277777777826,573.9364666666665,Dfb,Df,D,Dfb,Df,D,era5_local,NA,NA,NA,NA,NA,NA,NA,0.8440242156862743,badm_map,FALSE,FALSE,FALSE
CA-LP1,30,2.732380555555556,537.0924333333334,Dfc,Df,D,Dfc,Df,D,era5_local,NA,NA,NA,NA,NA,NA,NA,0.9422674269005848,badm_map,FALSE,FALSE,FALSE
CA-LU1,30,-0.6644138888888889,384.5509333333333,Dfc,Df,D,Dfc,Df,D,era5_local,NA,NA,NA,NA,NA,NA,NA,1.0146462620932277,badm_map,FALSE,FALSE,FALSE
CA-LU2,30,-1.5852250000000008,358.30706666666674,Dfc,Df,D,Dfc,Df,D,era5_local,NA,NA,NA,NA,NA,NA,NA,0.9454012313104664,badm_map,FALSE,FALSE,FALSE
CA-MA1,30,2.0292166666666662,443.61256666666674,Dfb,Df,D,Dfb,Df,D,era5_local,NA,NA,NA,NA,NA,NA,NA,0.863059468223087,badm_map,FALSE,FALSE,FALSE
CA-MA2,30,2.692897222222223,462.4175666666667,Dfb,Df,D,Dfb,Df,D,era5_local,NA,NA,NA,NA,NA,NA,NA,0.8996450713359274,badm_map,FALSE,FALSE,FALSE
CA-MA3,30,2.7040500000000005,473.8713333333333,Dfb,Df,D,Dfb,Df,D,era5_local,NA,NA,NA,NA,NA,NA,NA,0.921928664072633,badm_map,FALSE,FALSE,FALSE
CA-Man,30,-1.2681166666666661,328.08063333333337,Dfc,Df,D,Dfc,Df,D,era5_local,NA,NA,NA,NA,NA,NA,NA,0.6309242948717949,badm_map,FALSE,FALSE,FALSE
CA-Mer,30,5.9646083333333335,882.907,Dfb,Df,D,Dfb,Df,D,era5_local,NA,NA,NA,NA,NA,NA,NA,0.9362746553552492,badm_map,FALSE,FALSE,FALSE
CA-Mtk,30,-10.684536111111111,206.77140000000003,ET,ET,E,ET,ET,E,era5_local,NA,NA,NA,NA,NA,NA,NA,1.1952104046242775,badm_map,FALSE,FALSE,FALSE
CA-Na1,30,4.086630555555556,1287.7088333333334,Dfb,Df,D,Dfb,Df,D,era5_local,NA,NA,NA,NA,NA,NA,NA,1.1677780296847133,badm_map,FALSE,FALSE,FALSE
CA-Ojp,30,1.3009527777777776,494.6377,Dfb,Df,D,Dfb,Df,D,era5_local,NA,NA,NA,NA,NA,NA,NA,1.1489842044134726,badm_map,FALSE,FALSE,FALSE
CA-PB1,30,-4.3908555555555555,344.53830000000005,Dfc,Df,D,Dfc,Df,D,era5_local,NA,NA,NA,NA,NA,NA,NA,0.7031393877551021,badm_map,FALSE,FALSE,FALSE
CA-PB2,30,-4.459811111111112,475.4521333333333,Dfc,Df,D,Dfc,Df,D,era5_local,NA,NA,NA,NA,NA,NA,NA,0.9703104761904761,badm_map,FALSE,FALSE,FALSE
CA-Qc2,30,0.8505749999999996,827.3690999999999,Dfb,Df,D,Dfb,Df,D,era5_local,NA,NA,NA,NA,NA,NA,NA,0.8573773056994818,worldclim_bio12,FALSE,FALSE,FALSE
CA-Qfo,30,0.5516722222222218,975.0215,Dfb,Df,D,Dfb,Df,D,era5_local,NA,NA,NA,NA,NA,NA,NA,1.013198831989359,badm_map,FALSE,FALSE,FALSE
CA-RBM,30,10.415905555555556,974.1024333333335,Csb,Cs,C,Csb,Cs,C,era5_local,NA,NA,NA,NA,NA,NA,NA,0.8455750289351853,badm_map,FALSE,FALSE,FALSE
CA-SCB,30,-2.3312194444444456,342.5516666666667,Dfc,Df,D,Dfc,Df,D,era5_local,NA,NA,NA,NA,NA,NA,NA,0.8828651202749142,badm_map,FALSE,FALSE,FALSE
CA-SCC,30,-1.3102916666666669,269.28866666666664,Dfc,Df,D,Dfc,Df,D,era5_local,NA,NA,NA,NA,NA,NA,NA,0.6947592019263845,badm_map,FALSE,FALSE,FALSE
CA-SF1,30,-0.3706138888888888,421.06910000000005,Dfc,Df,D,Dfc,Df,D,era5_local,NA,NA,NA,NA,NA,NA,NA,0.8958917021276597,badm_map,FALSE,FALSE,FALSE
CA-SF2,30,0.013655555555555162,346.47696666666667,Dfc,Df,D,Dfc,Df,D,era5_local,NA,NA,NA,NA,NA,NA,NA,0.7371850354609929,badm_map,FALSE,FALSE,FALSE
CA-SF3,30,0.8161416666666658,387.4114333333333,Dfb,Df,D,Dfb,Df,D,era5_local,NA,NA,NA,NA,NA,NA,NA,0.8242796453900709,badm_map,FALSE,FALSE,FALSE
CA-SJ2,30,0.1601472222222228,499.29089999999997,Dfc,Df,D,Dfc,Df,D,era5_local,NA,NA,NA,NA,NA,NA,NA,1.161060623677418,badm_map,FALSE,FALSE,FALSE
CA-SMC,30,-3.741866666666667,1656.6342333333334,Dfc,Df,D,Dfc,Df,D,era5_local,NA,NA,NA,NA,NA,NA,NA,4.269675859106529,badm_map,TRUE,FALSE,TRUE
CA-TP1,30,8.771566666666667,669.2239666666667,Dfb,Df,D,Dfb,Df,D,era5_local,NA,NA,NA,NA,NA,NA,NA,0.6459690797940798,badm_map,FALSE,FALSE,FALSE
CA-TP2,30,8.501330555555555,0,BWk,BW,B,BWk,BW,B,era5_local,NA,NA,NA,NA,NA,NA,NA,0,badm_map,FALSE,FALSE,FALSE
CA-TP3,30,8.89566388888889,1099.2175666666667,Dfb,Df,D,Dfb,Df,D,era5_local,NA,NA,NA,NA,NA,NA,NA,1.0610208172458173,badm_map,FALSE,FALSE,FALSE
CA-TP4,30,9.193266666666666,1099.2175666666667,Dfa,Df,D,Dfa,Df,D,era5_local,NA,NA,NA,NA,NA,NA,NA,1.0610208172458173,badm_map,FALSE,FALSE,FALSE
CA-TPA,30,8.509227777777777,1108.8337333333334,Dfb,Df,D,Dfb,Df,D,era5_local,NA,NA,NA,NA,NA,NA,NA,1.1598679218967922,badm_map,FALSE,FALSE,FALSE
CA-TPD,30,9.721463888888888,931.4757333333333,Dfa,Df,D,Dfa,Df,D,era5_local,NA,NA,NA,NA,NA,NA,NA,0.8991078507078507,badm_map,FALSE,FALSE,FALSE
CA-TVC,30,-8.122349999999999,104.27626666666667,BSk,BS,B,BSk,BS,B,era5_local,NA,NA,NA,NA,NA,NA,NA,0.4334009420892214,badm_map,FALSE,FALSE,FALSE
CG-Tch,30,24.33162777777778,1590.3380666666667,Aw,Aw,A,Aw,Aw,A,era5_local,NA,NA,NA,NA,NA,NA,NA,1.3829026666666666,badm_map,FALSE,FALSE,FALSE
CH-Aws,30,3.1771027777777774,1332.9461333333334,Dfc,Df,D,Dfc,Df,D,era5_local,NA,NA,NA,NA,NA,NA,NA,1.45201103848947,badm_map,FALSE,FALSE,FALSE
CH-Cha,30,9.579927777777778,1182.5493666666666,Cfb,Cf,C,Cfb,Cf,C,era5_local,NA,NA,NA,NA,NA,NA,NA,1.0409765551643193,badm_map,FALSE,FALSE,FALSE
CH-Crs,30,10.930263888888888,905.8019,Cfb,Cf,C,Cfb,Cf,C,era5_local,NA,NA,NA,NA,NA,NA,NA,0.9465014629049112,badm_map,FALSE,FALSE,FALSE
CH-For,30,8.647594444444445,1072.3002333333334,Cfb,Cf,C,Cfb,Cf,C,era5_local,NA,NA,NA,NA,NA,NA,NA,0.9316248769186215,badm_map,FALSE,FALSE,FALSE
CH-Frk,30,-0.24713888888888852,1197.6444666666669,ET,ET,E,ET,ET,E,era5_local,NA,NA,NA,NA,NA,NA,NA,0.8259617011494255,badm_map,FALSE,FALSE,FALSE
CH-Fru,30,7.574483333333333,1503.4291999999998,Dfb,Df,D,Dfb,Df,D,era5_local,NA,NA,NA,NA,NA,NA,NA,1.0076603217158175,badm_map,FALSE,FALSE,FALSE
CH-Lae,30,8.609002777777778,883.6265666666667,Cfb,Cf,C,Cfb,Cf,C,era5_local,NA,NA,NA,NA,NA,NA,NA,0.8032968787878788,badm_map,FALSE,FALSE,FALSE
CH-Oe1,30,9.275186111111111,1175.8516666666667,Cfb,Cf,C,Cfb,Cf,C,era5_local,NA,NA,NA,NA,NA,NA,NA,1.0689560606060606,badm_map,FALSE,FALSE,FALSE
CH-Oe2,30,9.610075,1148.4836666666667,Cfb,Cf,C,Cfb,Cf,C,era5_local,NA,NA,NA,NA,NA,NA,NA,0.994358152958153,badm_map,FALSE,FALSE,FALSE
CH-Oe3,30,9.292516666666666,1160.512966666667,Cfb,Cf,C,Cfb,Cf,C,era5_local,NA,NA,NA,NA,NA,NA,NA,1.0550117878787881,badm_map,FALSE,FALSE,FALSE
CH-Rh1,30,9.849805555555555,1677.0118333333335,Cfb,Cf,C,Cfb,Cf,C,era5_local,NA,NA,NA,NA,NA,NA,NA,1.1919060649135278,badm_map,FALSE,FALSE,FALSE
CH-Rh2,30,9.849805555555555,1677.0118333333335,Cfb,Cf,C,Cfb,Cf,C,era5_local,NA,NA,NA,NA,NA,NA,NA,1.1919060649135278,badm_map,FALSE,FALSE,FALSE
CH-Rtb,30,7.845152777777778,1436.3975666666668,Dfb,Df,D,Dfb,Df,D,era5_local,NA,NA,NA,NA,NA,NA,NA,1.0016719432821943,badm_map,FALSE,FALSE,FALSE
CH-Tnk,30,9.512911111111112,1168.7216333333333,Cfb,Cf,C,Cfb,Cf,C,era5_local,NA,NA,NA,NA,NA,NA,NA,0.999761876247505,badm_map,FALSE,FALSE,FALSE
CL-ACF,30,7.483147222222222,3172.804066666666,Cfc,Cf,C,Cfc,Cf,C,era5_local,NA,NA,NA,NA,NA,NA,NA,0.7050675703703703,badm_map,FALSE,FALSE,FALSE
CL-SDF,30,11.248511111111112,1506.9242333333334,Cfb,Cf,C,Cfb,Cf,C,era5_local,NA,NA,NA,NA,NA,NA,NA,0.7141821011058452,badm_map,FALSE,FALSE,FALSE
CL-SDP,30,11.597308333333334,1421.9918333333335,Cfb,Cf,C,Cfb,Cf,C,era5_local,NA,NA,NA,NA,NA,NA,NA,0.6739297788309637,badm_map,FALSE,FALSE,FALSE
CN-Aro,30,-0.3629111111111105,2471.672066666666,Dwc,Dw,D,Dwc,Dw,D,era5_local,NA,NA,NA,NA,NA,NA,NA,6.179180166666665,badm_map,TRUE,FALSE,TRUE
CN-Ash,30,11.288372222222222,1466.8425666666667,Cfb,Cf,C,Cfb,Cf,C,era5_local,NA,NA,NA,NA,NA,NA,NA,1.4846584682861,worldclim_bio12,FALSE,FALSE,FALSE
CN-BeO,30,13.506983333333334,532.4038666666667,BSk,BS,B,BSk,BS,B,era5_local,NA,NA,NA,NA,NA,NA,NA,0.9750986568986569,worldclim_bio12,FALSE,FALSE,FALSE
CN-DaW,30,2.3266472222222223,311.1937,BSk,BS,B,BSk,BS,B,era5_local,NA,NA,NA,NA,NA,NA,NA,0.7427057279236277,worldclim_bio12,FALSE,FALSE,FALSE
CN-Dan,30,2.3760111111111115,372.06173333333334,Dwc,Dw,D,Dwc,Dw,D,era5_local,NA,NA,NA,NA,NA,NA,NA,0.8879754972155927,worldclim_bio12,FALSE,FALSE,FALSE
CN-Dda,30,4.218333333333334,1158.7745666666667,Dwb,Dw,D,Dwb,Dw,D,era5_local,NA,NA,NA,NA,NA,NA,NA,4.439749297573436,worldclim_bio12,TRUE,FALSE,TRUE
CN-Din,30,20.142558333333334,1502.0699,Cfa,Cf,C,Cfa,Cf,C,era5_local,NA,NA,NA,NA,NA,NA,NA,0.8185667029972752,worldclim_bio12,FALSE,FALSE,FALSE
CN-Dmn,30,6.941225,1534.9444,Dwb,Dw,D,Dwb,Dw,D,era5_local,NA,NA,NA,NA,NA,NA,NA,11.807264615384616,badm_map,TRUE,FALSE,TRUE
CN-Dsh,30,-3.814827777777778,2499.1318333333334,ET,ET,E,ET,ET,E,era5_local,NA,NA,NA,NA,NA,NA,NA,6.576662719298246,badm_map,TRUE,FALSE,TRUE
CN-Du2,30,2.751672222222222,476.40950000000004,Dwb,Dw,D,Dwb,Dw,D,era5_local,NA,NA,NA,NA,NA,NA,NA,1.1940087719298247,worldclim_bio12,FALSE,FALSE,FALSE
CN-Dzo,30,23.67485,1668.2482666666667,Cwa,Cw,C,Cwa,Cw,C,era5_local,NA,NA,NA,NA,NA,NA,NA,1.0129011940902652,worldclim_bio12,FALSE,FALSE,FALSE
CN-Erg,30,-2.370222222222222,357.0635666666667,Dwb,Dw,D,Dwb,Dw,D,era5_local,NA,NA,NA,NA,NA,NA,NA,0.9918432407407408,worldclim_bio12,FALSE,FALSE,FALSE
CN-GuT,30,-0.4928888888888888,52.53059999999999,BWk,BW,B,BWk,BW,B,era5_local,NA,NA,NA,NA,NA,NA,NA,0.09248345070422534,worldclim_bio12,FALSE,FALSE,FALSE
CN-Ha2,30,-1.1062694444444447,457.11086666666665,ET,ET,E,ET,ET,E,era5_local,NA,NA,NA,NA,NA,NA,NA,0.976732621082621,worldclim_bio12,FALSE,FALSE,FALSE
CN-HaM,30,-1.2142694444444448,3057.3432333333335,Dwc,Dw,D,Dwc,Dw,D,era5_local,NA,NA,NA,NA,NA,NA,NA,5.392139741328631,badm_map,TRUE,FALSE,TRUE
CN-HaW,30,-1.1719861111111112,470.30376666666666,Dwc,Dw,D,Dwc,Dw,D,era5_local,NA,NA,NA,NA,NA,NA,NA,1.0049225783475784,worldclim_bio12,FALSE,FALSE,FALSE
CN-HeD,30,9.656791666666667,151.21866666666665,BWk,BW,B,BWk,BW,B,era5_local,NA,NA,NA,NA,NA,NA,NA,4.086990990990991,badm_map,TRUE,FALSE,TRUE
CN-HeM,30,10.163994444444445,152.75446666666664,BWk,BW,B,BWk,BW,B,era5_local,NA,NA,NA,NA,NA,NA,NA,4.128499099099098,badm_map,TRUE,FALSE,TRUE
CN-Huz,30,8.852586111111112,1534.9444,Dwb,Dw,D,Dwb,Dw,D,era5_local,NA,NA,NA,NA,NA,NA,NA,11.807264615384616,badm_map,TRUE,FALSE,TRUE
CN-Jng,30,-3.4540305555555553,2983.7575666666667,ET,ET,E,ET,ET,E,era5_local,NA,NA,NA,NA,NA,NA,NA,7.4593939166666665,badm_map,TRUE,FALSE,TRUE
CN-Jzh,30,8.882674999999999,570.5362333333334,Dwa,Dw,D,Dwa,Dw,D,era5_local,NA,NA,NA,NA,NA,NA,NA,1.0392281117182758,worldclim_bio12,FALSE,FALSE,FALSE
CN-Lch,30,12.584316666666666,427.32430000000005,BSk,BS,B,BSk,BS,B,era5_local,NA,NA,NA,NA,NA,NA,NA,0.899630105263158,worldclim_bio12,FALSE,FALSE,FALSE
CN-Lsh,30,4.240194444444445,453.5005,Dwb,Dw,D,Dwb,Dw,D,era5_local,NA,NA,NA,NA,NA,NA,NA,0.626381906077348,badm_map,FALSE,FALSE,FALSE
CN-Mxn,30,9.326297222222223,945.7413000000003,Dfb,Df,D,Dfb,Df,D,era5_local,NA,NA,NA,NA,NA,NA,NA,1.185139473684211,worldclim_bio12,FALSE,FALSE,FALSE
CN-Nmn,30,7.050538888888889,326.66613333333333,BSk,BS,B,BSk,BS,B,era5_local,NA,NA,NA,NA,NA,NA,NA,0.7579260634184068,worldclim_bio12,FALSE,FALSE,FALSE
CN-Qng,30,6.565211111111111,4503.760066666667,Dfb,Df,D,Dfb,Df,D,era5_local,NA,NA,NA,NA,NA,NA,NA,5.147154361904762,worldclim_bio12,TRUE,FALSE,TRUE
CN-Sb1,30,0.3469361111111106,2080.993133333333,Dwc,Dw,D,Dwc,Dw,D,era5_local,NA,NA,NA,NA,NA,NA,NA,4.603967109144542,badm_map,TRUE,FALSE,TRUE
CN-Sb2,30,-0.5146166666666662,2080.993133333333,Dwc,Dw,D,Dwc,Dw,D,era5_local,NA,NA,NA,NA,NA,NA,NA,4.603967109144542,badm_map,TRUE,FALSE,TRUE
CN-Sdq,30,10.44533611111111,152.75446666666664,BWk,BW,B,BWk,BW,B,era5_local,NA,NA,NA,NA,NA,NA,NA,4.128499099099098,badm_map,TRUE,FALSE,TRUE
CN-SnB,30,16.28708888888889,880.7532666666666,Cfa,Cf,C,Cfa,Cf,C,era5_local,NA,NA,NA,NA,NA,NA,NA,0.8617938030006522,badm_map,FALSE,FALSE,FALSE
CN-Wnb,30,8.63423888888889,127.28223333333332,BWk,BW,B,BWk,BW,B,era5_local,NA,NA,NA,NA,NA,NA,NA,1.0022223097112861,worldclim_bio12,FALSE,FALSE,FALSE
CN-Xi2,30,1.3329083333333336,321.57426666666674,Dwb,Dw,D,Dwb,Dw,D,era5_local,NA,NA,NA,NA,NA,NA,NA,0.9986778467908906,worldclim_bio12,FALSE,FALSE,FALSE
CN-YaS,30,9.271894444444444,311.3360666666666,BSk,BS,B,BSk,BS,B,era5_local,NA,NA,NA,NA,NA,NA,NA,1.007560086299892,worldclim_bio12,FALSE,FALSE,FALSE
CN-Yan,30,9.468244444444444,343.6119666666667,BSk,BS,B,BSk,BS,B,era5_local,NA,NA,NA,NA,NA,NA,NA,1.0704422637590862,worldclim_bio12,FALSE,FALSE,FALSE
CN-You,30,-4.693247222222222,2649.448966666667,ET,ET,E,ET,ET,E,era5_local,NA,NA,NA,NA,NA,NA,NA,6.623622416666667,badm_map,TRUE,FALSE,TRUE
CN-Yuc,30,13.233125000000001,545.4328,Dwa,Dw,D,Dwa,Dw,D,era5_local,NA,NA,NA,NA,NA,NA,NA,0.8985713344316311,worldclim_bio12,FALSE,FALSE,FALSE
CN-Zha,30,8.935302777777778,631.1700666666667,Dwb,Dw,D,Dwb,Dw,D,era5_local,NA,NA,NA,NA,NA,NA,NA,4.855154358974359,badm_map,TRUE,FALSE,TRUE
CR-AqC,30,19.33938611111111,3000.089966666667,Af,Af,A,Af,Af,A,era5_local,NA,NA,NA,NA,NA,NA,NA,0.9354817482590168,badm_map,FALSE,FALSE,FALSE
CR-Fsc,30,27.249488888888887,1835.0328666666665,Aw,Aw,A,Aw,Aw,A,era5_local,NA,NA,NA,NA,NA,NA,NA,1.0060487207602338,worldclim_bio12,FALSE,FALSE,FALSE
CZ-BK2,30,6.082172222222222,1092.0189,Dfb,Df,D,Dfb,Df,D,era5_local,NA,NA,NA,NA,NA,NA,NA,0.8298015957446808,badm_map,FALSE,FALSE,FALSE
CZ-KrP,30,8.311947222222223,604.5559666666667,Dfb,Df,D,Dfb,Df,D,era5_local,NA,NA,NA,NA,NA,NA,NA,0.9750902688172043,badm_map,FALSE,FALSE,FALSE
CZ-LnG,30,9.491227777777778,500.80443333333335,Dfb,Df,D,Dfb,Df,D,era5_local,NA,NA,NA,NA,NA,NA,NA,0.7740408552292632,worldclim_bio12,FALSE,FALSE,FALSE
CZ-RAJ,30,7.672125,660.3521,Dfb,Df,D,Dfb,Df,D,era5_local,NA,NA,NA,NA,NA,NA,NA,0.9696800293685756,badm_map,FALSE,FALSE,FALSE
CZ-Stn,30,8.516633333333333,671.8468,Dfb,Df,D,Dfb,Df,D,era5_local,NA,NA,NA,NA,NA,NA,NA,0.9807982481751826,badm_map,FALSE,FALSE,FALSE
DE-Akm,30,9.296177777777778,2403.402066666667,Cfb,Cf,C,Cfb,Cf,C,era5_local,NA,NA,NA,NA,NA,NA,NA,4.276516132858838,badm_map,TRUE,FALSE,TRUE
DE-Etn,30,10.006983333333332,4270.398866666667,Cfb,Cf,C,Cfb,Cf,C,era5_local,NA,NA,NA,NA,NA,NA,NA,3.5885704761904766,badm_map,TRUE,FALSE,TRUE
DE-Geb,30,9.544538888888889,611.8403000000001,Cfb,Cf,C,Cfb,Cf,C,era5_local,NA,NA,NA,NA,NA,NA,NA,1.1457683520599253,badm_map,FALSE,FALSE,FALSE
DE-Hdn,30,9.272658333333332,2464.5783333333334,Cfb,Cf,C,Cfb,Cf,C,era5_local,NA,NA,NA,NA,NA,NA,NA,4.4089057841383426,worldclim_bio12,TRUE,FALSE,TRUE
DE-Lkb,30,4.611516666666667,4786.6331666666665,Dfc,Df,D,Dfc,Df,D,era5_local,NA,NA,NA,NA,NA,NA,NA,2.993516677089848,badm_map,TRUE,FALSE,TRUE
DE-Lnf,30,8.311613888888889,572.2909333333334,Cfb,Cf,C,Cfb,Cf,C,era5_local,NA,NA,NA,NA,NA,NA,NA,0.6740764821358463,worldclim_bio12,FALSE,FALSE,FALSE
DE-Obe,30,6.405933333333333,965.4549999999999,Dfb,Df,D,Dfb,Df,D,era5_local,NA,NA,NA,NA,NA,NA,NA,0.9841539245667685,badm_map,FALSE,FALSE,FALSE
DE-Rns,30,9.248494444444445,492.0482,Cfb,Cf,C,Cfb,Cf,C,era5_local,NA,NA,NA,NA,NA,NA,NA,0.7628654263565892,badm_map,FALSE,FALSE,FALSE
DE-RuC,30,7.699975,1153.0368666666668,Cfb,Cf,C,Cfb,Cf,C,era5_local,NA,NA,NA,NA,NA,NA,NA,0.9224294933333335,badm_map,FALSE,FALSE,FALSE
DE-RuM,30,10.703675,507.6691333333333,Cfb,Cf,C,Cfb,Cf,C,era5_local,NA,NA,NA,NA,NA,NA,NA,0.6768921777777778,badm_map,FALSE,FALSE,FALSE
DE-SbM,30,5.990602777777777,3300.857833333333,Dfb,Df,D,Dfb,Df,D,era5_local,NA,NA,NA,NA,NA,NA,NA,2.9056847124413143,badm_map,TRUE,FALSE,TRUE
DE-Seh,30,10.602147222222222,513.2817333333334,Cfb,Cf,C,Cfb,Cf,C,era5_local,NA,NA,NA,NA,NA,NA,NA,0.7406662818662819,badm_map,FALSE,FALSE,FALSE
DE-SfS,30,8.457775,5251.853666666666,Dfb,Df,D,Dfb,Df,D,era5_local,NA,NA,NA,NA,NA,NA,NA,4.660029872818692,badm_map,TRUE,FALSE,TRUE
DE-Spw,30,10.609283333333334,2414.6585666666665,Cfb,Cf,C,Cfb,Cf,C,era5_local,NA,NA,NA,NA,NA,NA,NA,4.327345101553166,badm_map,TRUE,FALSE,TRUE
DE-Zrk,30,9.009527777777778,2655.0587333333333,Cfb,Cf,C,Cfb,Cf,C,era5_local,NA,NA,NA,NA,NA,NA,NA,4.546333447488585,badm_map,TRUE,FALSE,TRUE
DK-Gds,30,8.236197222222222,918.4582666666666,Cfb,Cf,C,Cfb,Cf,C,era5_local,NA,NA,NA,NA,NA,NA,NA,1.0401565873914684,badm_map,FALSE,FALSE,FALSE
DK-Skj,30,8.879155555555556,779.0029666666668,Cfb,Cf,C,Cfb,Cf,C,era5_local,NA,NA,NA,NA,NA,NA,NA,0.9629208487845078,badm_map,FALSE,FALSE,FALSE
DK-Sor,30,8.504508333333334,775.8816333333334,Cfb,Cf,C,Cfb,Cf,C,era5_local,NA,NA,NA,NA,NA,NA,NA,1.2123150520833335,badm_map,FALSE,FALSE,FALSE
DK-Vng,30,8.589719444444444,886.9529,Cfb,Cf,C,Cfb,Cf,C,era5_local,NA,NA,NA,NA,NA,NA,NA,0.9229478668054111,badm_map,FALSE,FALSE,FALSE
EE-Pts,30,6.624263888888889,579.7667666666669,Dfb,Df,D,Dfb,Df,D,era5_local,NA,NA,NA,NA,NA,NA,NA,0.666015814665901,badm_map,FALSE,FALSE,FALSE
EE-Rng,30,5.726216666666667,697.6556666666665,Dfb,Df,D,Dfb,Df,D,era5_local,NA,NA,NA,NA,NA,NA,NA,6.514058512293806,badm_map,FALSE,TRUE,TRUE
EE-Stg,30,7.186158333333333,2750.296833333333,Dfb,Df,D,Dfb,Df,D,era5_local,NA,NA,NA,NA,NA,NA,NA,4.0745138271604935,badm_map,TRUE,FALSE,TRUE
ES-Abr,30,17.032325,372.74316666666664,Csa,Cs,C,Csa,Cs,C,era5_local,NA,NA,NA,NA,NA,NA,NA,0.666803518187239,worldclim_bio12,FALSE,FALSE,FALSE
ES-Agu,30,17.368272222222224,265.89203333333336,BWk,BW,B,BWk,BW,B,era5_local,NA,NA,NA,NA,NA,NA,NA,1.0468190288713912,worldclim_bio12,FALSE,FALSE,FALSE
ES-Amo,30,17.96547222222222,240.41310000000001,BSk,BS,B,BSk,BS,B,era5_local,NA,NA,NA,NA,NA,NA,NA,1.0977767123287672,worldclim_bio12,FALSE,FALSE,FALSE
ES-Cnd,30,16.24651111111111,2141.209233333333,Csa,Cs,C,Csa,Cs,C,era5_local,NA,NA,NA,NA,NA,NA,NA,4.51731905766526,badm_map,TRUE,FALSE,TRUE
ES-Crg,30,12.683875,471.4329333333333,BSk,BS,B,BSk,BS,B,era5_local,NA,NA,NA,NA,NA,NA,NA,0.8571507878787878,badm_map,FALSE,FALSE,FALSE
ES-Dnn,30,17.528844444444445,1910.701833333333,Csa,Cs,C,Csa,Cs,C,era5_local,NA,NA,NA,NA,NA,NA,NA,3.482868817596305,badm_map,TRUE,FALSE,TRUE
ES-FtD,30,23.214730555555555,1910.701833333333,Csa,Cs,C,Csa,Cs,C,era5_local,NA,NA,NA,NA,NA,NA,NA,3.482868817596305,badm_map,TRUE,FALSE,TRUE
ES-Gdn,30,15.598513888888888,2141.209233333333,Csa,Cs,C,Csa,Cs,C,era5_local,NA,NA,NA,NA,NA,NA,NA,4.5460917905166305,badm_map,TRUE,FALSE,TRUE
ES-HdD,30,14.878916666666667,347.63956666666667,BSk,BS,B,BSk,BS,B,era5_local,NA,NA,NA,NA,NA,NA,NA,0.8690989166666667,badm_map,FALSE,FALSE,FALSE
ES-HeB,30,16.493230555555556,226.37313333333333,BWk,BW,B,BWk,BW,B,era5_local,NA,NA,NA,NA,NA,NA,NA,0.6818467871485944,badm_map,FALSE,FALSE,FALSE
ES-Hen,30,16.62997222222222,196.66839999999996,BWk,BW,B,BWk,BW,B,era5_local,NA,NA,NA,NA,NA,NA,NA,0.5923746987951806,badm_map,FALSE,FALSE,FALSE
ES-LJu,30,11.700041666666667,540.1769666666667,Csb,Cs,C,Csb,Cs,C,era5_local,NA,NA,NA,NA,NA,NA,NA,1.3504424166666666,badm_map,FALSE,FALSE,FALSE
ES-LM1,30,16.135819444444444,695.5762,Csa,Cs,C,Csa,Cs,C,era5_local,NA,NA,NA,NA,NA,NA,NA,0.9936802857142857,badm_map,FALSE,FALSE,FALSE
ES-LM2,30,16.693844444444444,673.2625666666668,Csa,Cs,C,Csa,Cs,C,era5_local,NA,NA,NA,NA,NA,NA,NA,0.9618036666666668,badm_map,FALSE,FALSE,FALSE
ES-Mcd,30,17.56341388888889,366.7046666666667,BSk,BS,B,BSk,BS,B,era5_local,NA,NA,NA,NA,NA,NA,NA,0.780222695035461,badm_map,FALSE,FALSE,FALSE
ES-MtB,30,19.044127777777778,1910.701833333333,Csa,Cs,C,Csa,Cs,C,era5_local,NA,NA,NA,NA,NA,NA,NA,3.482868817596305,badm_map,TRUE,FALSE,TRUE
ES-MtN,30,21.307458333333333,1910.701833333333,Csa,Cs,C,Csa,Cs,C,era5_local,NA,NA,NA,NA,NA,NA,NA,3.482868817596305,badm_map,TRUE,FALSE,TRUE
ES-Mzn,30,13.030333333333333,2128.8712666666665,Cfb,Cf,C,Cfb,Cf,C,era5_local,NA,NA,NA,NA,NA,NA,NA,4.157951692708333,badm_map,TRUE,FALSE,TRUE
ES-Pzb,30,18.77597777777778,502.4209,BSh,BS,B,BSh,BS,B,era5_local,NA,NA,NA,NA,NA,NA,NA,1.0048418000000001,badm_map,FALSE,FALSE,FALSE
ES-Srn,30,13.265802777777777,2009.6956666666667,Cfa,Cf,C,Cfa,Cf,C,era5_local,NA,NA,NA,NA,NA,NA,NA,4.222049719887956,badm_map,TRUE,FALSE,TRUE
ES-TzM,30,14.834352777777777,1359.1763666666666,Csa,Cs,C,Csa,Cs,C,era5_local,NA,NA,NA,NA,NA,NA,NA,4.328587154989384,badm_map,TRUE,FALSE,TRUE
ES-VDA,30,7.3557805555555555,771.4939,Cfb,Cf,C,Cfb,Cf,C,era5_local,NA,NA,NA,NA,NA,NA,NA,1.102134142857143,badm_map,FALSE,FALSE,FALSE
ES-Yst,30,13.636244444444444,398.38280000000003,BSk,BS,B,BSk,BS,B,era5_local,NA,NA,NA,NA,NA,NA,NA,0.7516656603773586,badm_map,FALSE,FALSE,FALSE
FI-Ant,30,3.736730555555555,431.30663333333337,Dfc,Df,D,Dfc,Df,D,era5_local,NA,NA,NA,NA,NA,NA,NA,0.7047494008714598,badm_map,FALSE,FALSE,FALSE
FI-Jok,30,4.669277777777777,2532.407733333333,Dfc,Df,D,Dfc,Df,D,era5_local,NA,NA,NA,NA,NA,NA,NA,4.038927804359383,badm_map,TRUE,FALSE,TRUE
FI-Nsv,30,3.181011111111111,2571.0564666666664,Dfc,Df,D,Dfc,Df,D,era5_local,NA,NA,NA,NA,NA,NA,NA,4.061700579252237,badm_map,TRUE,FALSE,TRUE
FI-Pap,30,3.4983166666666667,449.9577333333333,Dfc,Df,D,Dfc,Df,D,era5_local,NA,NA,NA,NA,NA,NA,NA,0.7352250544662309,badm_map,FALSE,FALSE,FALSE
FI-Qvd,30,5.863019444444445,678.2785,Dfb,Df,D,Dfb,Df,D,era5_local,NA,NA,NA,NA,NA,NA,NA,1.0435053846153846,badm_map,FALSE,FALSE,FALSE
FI-Rk2,30,4.670988888888889,544.0927,Dfb,Df,D,Dfb,Df,D,era5_local,NA,NA,NA,NA,NA,NA,NA,0.8448644409937889,badm_map,FALSE,FALSE,FALSE
FI-Ruk,30,2.919305555555555,2184.7617999999998,Dfc,Df,D,Dfc,Df,D,era5_local,NA,NA,NA,NA,NA,NA,NA,3.9507446654611207,badm_map,TRUE,FALSE,TRUE
FI-Sar,30,3.4101972222222217,503.3880666666667,Dfc,Df,D,Dfc,Df,D,era5_local,NA,NA,NA,NA,NA,NA,NA,0.8225295206971678,badm_map,FALSE,FALSE,FALSE
FI-Sii,30,4.050830555555556,574.4363999999998,Dfc,Df,D,Dfc,Df,D,era5_local,NA,NA,NA,NA,NA,NA,NA,0.8079274261603373,badm_map,FALSE,FALSE,FALSE
FI-Sod,30,0.446780555555556,496.3022,Dfc,Df,D,Dfc,Df,D,era5_local,NA,NA,NA,NA,NA,NA,NA,0.20471979540485913,badm_map,FALSE,FALSE,FALSE
FR-FBn,30,13.733844444444443,625.6768333333334,Csa,Cs,C,Csa,Cs,C,era5_local,NA,NA,NA,NA,NA,NA,NA,0.8938240476190478,badm_map,FALSE,FALSE,FALSE
FR-Fon,30,11.487180555555556,499.10013333333336,BSk,BS,B,BSk,BS,B,era5_local,NA,NA,NA,NA,NA,NA,NA,0.7350625684227063,badm_map,FALSE,FALSE,FALSE
FR-LBr,30,13.301313888888888,1013.2421333333333,Cfb,Cf,C,Cfb,Cf,C,era5_local,NA,NA,NA,NA,NA,NA,NA,1.1258245925925925,badm_map,FALSE,FALSE,FALSE
FR-Lam,30,8.938155555555555,667.7423666666667,Cfb,Cf,C,Cfb,Cf,C,era5_local,NA,NA,NA,NA,NA,NA,NA,0.9863255046774989,badm_map,FALSE,FALSE,FALSE
FR-Lqu,30,8.136505555555555,1311.602933333333,Cfb,Cf,C,Cfb,Cf,C,era5_local,NA,NA,NA,NA,NA,NA,NA,1.212650641025641,badm_map,FALSE,FALSE,FALSE
FR-Lus,30,11.906283333333333,771.5567,Cfb,Cf,C,Cfb,Cf,C,era5_local,NA,NA,NA,NA,NA,NA,NA,0.9729592686002522,badm_map,FALSE,FALSE,FALSE
FR-Mau,30,12.879455555555555,572.2459333333334,Cfb,Cf,C,Cfb,Cf,C,era5_local,NA,NA,NA,NA,NA,NA,NA,0.9537432222222223,badm_map,FALSE,FALSE,FALSE
FR-Nzn,30,11.417919444444445,912.8695999999999,Cfb,Cf,C,Cfb,Cf,C,era5_local,NA,NA,NA,NA,NA,NA,NA,1.3924185478950577,badm_map,FALSE,FALSE,FALSE
GH-Ank,30,25.028458333333333,1861.9027,Af,Af,A,Af,Af,A,era5_local,NA,NA,NA,NA,NA,NA,NA,0.9799487894736842,badm_map,FALSE,FALSE,FALSE
GL-ZaF,30,-9.415441666666666,780.7409666666666,ET,ET,E,ET,ET,E,era5_local,NA,NA,NA,NA,NA,NA,NA,3.0859326745718048,badm_map,FALSE,TRUE,TRUE
ID-JOP,30,26.40626111111111,2024.7450666666666,Af,Af,A,Af,Af,A,era5_local,NA,NA,NA,NA,NA,NA,NA,0.9059262043251305,badm_map,FALSE,FALSE,FALSE
ID-PaB,30,26.297138888888888,2539.1999333333333,Af,Af,A,Af,Af,A,era5_local,NA,NA,NA,NA,NA,NA,NA,0.9618181565656566,badm_map,FALSE,FALSE,FALSE
ID-PaD,30,26.115222222222222,2484.8323333333333,Af,Af,A,Af,Af,A,era5_local,NA,NA,NA,NA,NA,NA,NA,1.0370752643294379,worldclim_bio12,FALSE,FALSE,FALSE
ID-Pag,30,25.99124722222222,2590.343366666667,Af,Af,A,Af,Af,A,era5_local,NA,NA,NA,NA,NA,NA,NA,0.9727162473400928,badm_map,FALSE,FALSE,FALSE
IE-CaC,30,9.814355555555554,507.08189999999996,Cfb,Cf,C,Cfb,Cf,C,era5_local,NA,NA,NA,NA,NA,NA,NA,0.6306988805970148,badm_map,FALSE,FALSE,FALSE
IE-CaN,30,9.814355555555554,507.08189999999996,Cfb,Cf,C,Cfb,Cf,C,era5_local,NA,NA,NA,NA,NA,NA,NA,0.6306988805970148,badm_map,FALSE,FALSE,FALSE
IE-Gwr,30,11.100744444444445,3274.0240000000003,Cfb,Cf,C,Cfb,Cf,C,era5_local,NA,NA,NA,NA,NA,NA,NA,3.818549101936086,badm_map,TRUE,FALSE,TRUE
IL-RmH,30,20.379869444444445,560.337,Csa,Cs,C,Csa,Cs,C,era5_local,NA,NA,NA,NA,NA,NA,NA,1.085924418604651,badm_map,FALSE,FALSE,FALSE
IL-Yat,30,18.12018888888889,241.5669333333333,BSh,BS,B,BSh,BS,B,era5_local,NA,NA,NA,NA,NA,NA,NA,0.8765128205128203,badm_map,FALSE,FALSE,FALSE
IT-Arz,30,13.800997222222222,3927.658033333333,Cfa,Cf,C,Cfa,Cf,C,era5_local,NA,NA,NA,NA,NA,NA,NA,4.364064481481481,badm_map,TRUE,FALSE,TRUE
IT-BsB,30,11.800749999999999,843.7054,Cfb,Cf,C,Cfb,Cf,C,era5_local,NA,NA,NA,NA,NA,NA,NA,0.8556849898580122,worldclim_bio12,FALSE,FALSE,FALSE
IT-Bsn,30,11.493086111111111,627.7203,Cfb,Cf,C,Cfb,Cf,C,era5_local,NA,NA,NA,NA,NA,NA,NA,0.6366331643002028,worldclim_bio12,FALSE,FALSE,FALSE
IT-CA1,30,14.703697222222223,710.4101666666667,Csa,Cs,C,Csa,Cs,C,era5_local,NA,NA,NA,NA,NA,NA,NA,0.9274284160139251,badm_map,FALSE,FALSE,FALSE
IT-CA2,30,14.538294444444444,712.5680000000001,Csa,Cs,C,Csa,Cs,C,era5_local,NA,NA,NA,NA,NA,NA,NA,0.9302454308093996,badm_map,FALSE,FALSE,FALSE
IT-CA3,30,14.398919444444445,657.6251,Csa,Cs,C,Csa,Cs,C,era5_local,NA,NA,NA,NA,NA,NA,NA,0.858518407310705,badm_map,FALSE,FALSE,FALSE
IT-Lav,30,7.030272222222223,1093.9326666666666,Dfb,Df,D,Dfb,Df,D,era5_local,NA,NA,NA,NA,NA,NA,NA,0.8473529563645752,badm_map,FALSE,FALSE,FALSE
IT-NiG,30,0.9624972222222221,1052.6584,ET,ET,E,ET,ET,E,era5_local,NA,NA,NA,NA,NA,NA,NA,0.7310127777777778,worldclim_bio12,FALSE,FALSE,FALSE
IT-SRo,30,15.229891666666667,913.3800333333332,Csa,Cs,C,Csa,Cs,C,era5_local,NA,NA,NA,NA,NA,NA,NA,0.9928043840579709,badm_map,FALSE,FALSE,FALSE
JP-BBY,30,6.723008333333333,4008.1986666666667,Dfb,Df,D,Dfb,Df,D,era5_local,NA,NA,NA,NA,NA,NA,NA,3.425810826210826,badm_map,TRUE,FALSE,TRUE
JP-Fhk,30,9.316225000000001,1844.729033333333,Dfb,Df,D,Dfb,Df,D,era5_local,NA,NA,NA,NA,NA,NA,NA,1.0074981066812305,badm_map,FALSE,FALSE,FALSE
JP-Fjy,30,9.625124999999999,1969.4295333333332,Dfb,Df,D,Dfb,Df,D,era5_local,NA,NA,NA,NA,NA,NA,NA,1.0078963834868644,badm_map,FALSE,FALSE,FALSE
JP-Fmt,30,14.409633333333334,5939.714199999999,Cfa,Cf,C,Cfa,Cf,C,era5_local,NA,NA,NA,NA,NA,NA,NA,3.6151638466220324,badm_map,TRUE,FALSE,TRUE
JP-Hc2,30,13.929411111111111,4683.106866666666,Cfa,Cf,C,Cfa,Cf,C,era5_local,NA,NA,NA,NA,NA,NA,NA,4.516014336226293,badm_map,TRUE,FALSE,TRUE
JP-Hc3,30,15.698969444444446,4683.106866666666,Cfa,Cf,C,Cfa,Cf,C,era5_local,NA,NA,NA,NA,NA,NA,NA,4.516014336226293,badm_map,TRUE,FALSE,TRUE
JP-KaP,30,14.50385,5287.457766666666,Cfa,Cf,C,Cfa,Cf,C,era5_local,NA,NA,NA,NA,NA,NA,NA,293.7476537037037,badm_map,TRUE,FALSE,TRUE
JP-Khw,30,15.009036111111111,2291.236,Cfa,Cf,C,Cfa,Cf,C,era5_local,NA,NA,NA,NA,NA,NA,NA,1.0756976525821595,badm_map,FALSE,FALSE,FALSE
JP-Kzw,30,6.95008611111111,5583.8523000000005,Dfb,Df,D,Dfb,Df,D,era5_local,NA,NA,NA,NA,NA,NA,NA,4.660978547579299,badm_map,TRUE,FALSE,TRUE
JP-MBF,30,3.901186111111111,5175.140933333334,Dfb,Df,D,Dfb,Df,D,era5_local,NA,NA,NA,NA,NA,NA,NA,4.408126859738785,worldclim_bio12,TRUE,FALSE,TRUE
JP-MMF,30,5.480500000000001,1143.6482333333336,Dfb,Df,D,Dfb,Df,D,era5_local,NA,NA,NA,NA,NA,NA,NA,0.9893150807381779,worldclim_bio12,FALSE,FALSE,FALSE
JP-Mse,30,13.797794444444444,5187.7739,Cfa,Cf,C,Cfa,Cf,C,era5_local,NA,NA,NA,NA,NA,NA,NA,4.323144916666667,badm_map,TRUE,FALSE,TRUE
JP-NsC,30,12.065752777777778,3140.8003,Cfa,Cf,C,Cfa,Cf,C,era5_local,NA,NA,NA,NA,NA,NA,NA,2.0120437540038436,badm_map,FALSE,FALSE,FALSE
JP-NsM,30,12.065752777777778,3140.8003,Cfa,Cf,C,Cfa,Cf,C,era5_local,NA,NA,NA,NA,NA,NA,NA,2.0120437540038436,badm_map,FALSE,FALSE,FALSE
JP-Nuf,30,15.589230555555556,5431.5632,Cfa,Cf,C,Cfa,Cf,C,era5_local,NA,NA,NA,NA,NA,NA,NA,3.4053687774294668,badm_map,TRUE,FALSE,TRUE
JP-SMF,30,14.698194444444445,5431.5632,Cfa,Cf,C,Cfa,Cf,C,era5_local,NA,NA,NA,NA,NA,NA,NA,3.363197027863777,badm_map,TRUE,FALSE,TRUE
JP-Sb1,30,6.554413888888889,4275.823066666667,Dfb,Df,D,Dfb,Df,D,era5_local,NA,NA,NA,NA,NA,NA,NA,3.9849236408822617,badm_map,TRUE,FALSE,TRUE
JP-Sb2,30,5.334708333333334,4275.823066666667,Dfb,Df,D,Dfb,Df,D,era5_local,NA,NA,NA,NA,NA,NA,NA,3.9849236408822617,badm_map,TRUE,FALSE,TRUE
JP-Shn,30,11.126677777777777,6020.625366666666,Dfa,Df,D,Dfa,Df,D,era5_local,NA,NA,NA,NA,NA,NA,NA,3.748832731423827,badm_map,TRUE,FALSE,TRUE
JP-Spp,30,7.411608333333334,1191.5768666666668,Dfb,Df,D,Dfb,Df,D,era5_local,NA,NA,NA,NA,NA,NA,NA,1.0361537971014494,badm_map,FALSE,FALSE,FALSE
JP-Srk,30,7.946458333333333,2521.6108666666664,Dfb,Df,D,Dfb,Df,D,era5_local,NA,NA,NA,NA,NA,NA,NA,0.8405369555555555,badm_map,FALSE,FALSE,FALSE
JP-Ta2,30,9.209722222222222,1755.0042333333333,Dfb,Df,D,Dfb,Df,D,era5_local,NA,NA,NA,NA,NA,NA,NA,1.0191662214479287,badm_map,FALSE,FALSE,FALSE
JP-Tak,30,6.605205555555555,8803.888466666667,Dfb,Df,D,Dfb,Df,D,era5_local,NA,NA,NA,NA,NA,NA,NA,3.8698410842490847,badm_map,TRUE,FALSE,TRUE
JP-Tef,30,5.698475,926.4751666666667,Dfb,Df,D,Dfb,Df,D,era5_local,NA,NA,NA,NA,NA,NA,NA,0.7720626388888889,badm_map,FALSE,FALSE,FALSE
JP-Tkb,30,12.891066666666667,5411.865833333333,Cfa,Cf,C,Cfa,Cf,C,era5_local,NA,NA,NA,NA,NA,NA,NA,3.5911518469365182,badm_map,TRUE,FALSE,TRUE
JP-Tmd,30,6.450086111111111,4656.8277,Dfb,Df,D,Dfb,Df,D,era5_local,NA,NA,NA,NA,NA,NA,NA,3.6495514890282132,badm_map,TRUE,FALSE,TRUE
JP-Tmk,30,7.1682805555555555,4656.8277,Dfb,Df,D,Dfb,Df,D,era5_local,NA,NA,NA,NA,NA,NA,NA,4.464839597315436,badm_map,TRUE,FALSE,TRUE
JP-Toc,30,7.298130555555556,4656.831833333333,Dfb,Df,D,Dfb,Df,D,era5_local,NA,NA,NA,NA,NA,NA,NA,4.1210901179940995,badm_map,TRUE,FALSE,TRUE
JP-Yms,30,14.895058333333333,4913.387,Cfa,Cf,C,Cfa,Cf,C,era5_local,NA,NA,NA,NA,NA,NA,NA,4.4871114155251135,badm_map,TRUE,FALSE,TRUE
JP-Ynf,30,20.65843333333333,6652.8439,Cfa,Cf,C,Cfa,Cf,C,era5_local,NA,NA,NA,NA,NA,NA,NA,2.6595418348990605,badm_map,TRUE,FALSE,TRUE
KE-Aq1,30,17.908672222222222,2703.4056000000005,Cfb,Cf,C,Cfb,Cf,C,era5_local,NA,NA,NA,NA,NA,NA,NA,4.91528290909091,badm_map,TRUE,FALSE,TRUE
KE-Aq2,30,19.233338888888888,2703.4056000000005,Cfb,Cf,C,Cfb,Cf,C,era5_local,NA,NA,NA,NA,NA,NA,NA,4.91528290909091,badm_map,TRUE,FALSE,TRUE
KE-Chk,30,22.865222222222222,436.1654333333334,BSh,BS,B,BSh,BS,B,era5_local,NA,NA,NA,NA,NA,NA,NA,0.8723308666666668,badm_map,FALSE,FALSE,FALSE
KE-Kpt,30,18.076183333333333,3002.6111666666666,Cwb,Cw,C,Cwb,Cw,C,era5_local,NA,NA,NA,NA,NA,NA,NA,5.249320221445221,worldclim_bio12,TRUE,FALSE,TRUE
KE-Mkt,30,21.92071388888889,287.7273333333333,BWh,BW,B,BWh,BW,B,era5_local,NA,NA,NA,NA,NA,NA,NA,0.639394074074074,badm_map,FALSE,FALSE,FALSE
KH-Kmp,30,26.712680555555554,6637.125233333333,Am,Am,A,Am,Am,A,era5_local,NA,NA,NA,NA,NA,NA,NA,4.4247501555555555,badm_map,TRUE,FALSE,TRUE
KR-AdC,30,12.478880555555556,1130.5095999999999,Cfa,Cf,C,Cfa,Cf,C,era5_local,NA,NA,NA,NA,NA,NA,NA,0.9488917240221586,badm_map,FALSE,FALSE,FALSE
KR-CRK,30,10.247697222222222,1473.6751666666664,Dwa,Dw,D,Dwa,Dw,D,era5_local,NA,NA,NA,NA,NA,NA,NA,1.2479254523386114,badm_map,FALSE,FALSE,FALSE
KR-CmF,30,10.806269444444444,887.1627000000001,Dwa,Dw,D,Dwa,Dw,D,era5_local,NA,NA,NA,NA,NA,NA,NA,0.6741870202902956,badm_map,FALSE,FALSE,FALSE
KR-GmP,30,12.339641666666667,1183.7456000000002,Dfa,Df,D,Dfa,Df,D,era5_local,NA,NA,NA,NA,NA,NA,NA,1.0861047802550694,badm_map,FALSE,FALSE,FALSE
KR-GmR,30,12.467786111111112,855.4794666666666,Dfa,Df,D,Dfa,Df,D,era5_local,NA,NA,NA,NA,NA,NA,NA,0.784915558002263,badm_map,FALSE,FALSE,FALSE
KR-GmS,30,12.366894444444444,1091.9351333333334,Dfa,Df,D,Dfa,Df,D,era5_local,NA,NA,NA,NA,NA,NA,NA,1.0018672661100407,badm_map,FALSE,FALSE,FALSE
KR-HPK,30,13.614927777777778,917.2693,Cfa,Cf,C,Cfa,Cf,C,era5_local,NA,NA,NA,NA,NA,NA,NA,0.7154986739469579,badm_map,FALSE,FALSE,FALSE
KR-HcM,30,9.569127777777778,1108.4790333333333,Dwa,Dw,D,Dwa,Dw,D,era5_local,NA,NA,NA,NA,NA,NA,NA,0.7980985192118463,badm_map,FALSE,FALSE,FALSE
KR-Hnm,30,13.9421,4536.481366666667,Cfa,Cf,C,Cfa,Cf,C,era5_local,NA,NA,NA,NA,NA,NA,NA,3.5385970098803954,badm_map,TRUE,FALSE,TRUE
KR-JjM,30,11.760425,3410.1683666666663,Cfa,Cf,C,Cfa,Cf,C,era5_local,NA,NA,NA,NA,NA,NA,NA,1.7139969675646696,badm_map,FALSE,FALSE,FALSE
KR-Kw1,30,11.253569444444445,1376.1622666666667,Dwa,Dw,D,Dwa,Dw,D,era5_local,NA,NA,NA,NA,NA,NA,NA,1.0331548548548548,badm_map,FALSE,FALSE,FALSE
KR-Kw2,30,10.463141666666667,1286.2524000000003,Dwa,Dw,D,Dwa,Dw,D,era5_local,NA,NA,NA,NA,NA,NA,NA,0.9656549549549552,badm_map,FALSE,FALSE,FALSE
KR-Nj1,30,13.930647222222222,4503.488766666667,Cfa,Cf,C,Cfa,Cf,C,era5_local,NA,NA,NA,NA,NA,NA,NA,3.436728301790802,badm_map,TRUE,FALSE,TRUE
KR-Nj2,30,13.900027777777778,4503.488766666667,Cfa,Cf,C,Cfa,Cf,C,era5_local,NA,NA,NA,NA,NA,NA,NA,3.436728301790802,badm_map,TRUE,FALSE,TRUE
KR-PcD,30,5.1013527777777785,808.1656999999999,Dfb,Df,D,Dfb,Df,D,era5_local,NA,NA,NA,NA,NA,NA,NA,0.6832071180995857,badm_map,FALSE,FALSE,FALSE
KR-ScC,30,12.303633333333334,1278.1100666666664,Cfa,Cf,C,Cfa,Cf,C,era5_local,NA,NA,NA,NA,NA,NA,NA,1.0158242462777511,badm_map,FALSE,FALSE,FALSE
KR-SmM,30,10.601141666666667,960.8168000000002,Dwa,Dw,D,Dwa,Dw,D,era5_local,NA,NA,NA,NA,NA,NA,NA,0.7414854144158051,badm_map,FALSE,FALSE,FALSE
KR-TwB,30,11.800319444444446,4529.786033333333,Dwa,Dw,D,Dwa,Dw,D,era5_local,NA,NA,NA,NA,NA,NA,NA,3.449951282051282,badm_map,TRUE,FALSE,TRUE
KR-TwC,30,11.185563888888888,4529.786033333333,Dwa,Dw,D,Dwa,Dw,D,era5_local,NA,NA,NA,NA,NA,NA,NA,3.449951282051282,badm_map,TRUE,FALSE,TRUE
KR-UAO,30,11.060980555555554,941.6040333333333,Dfa,Df,D,Dfa,Df,D,era5_local,NA,NA,NA,NA,NA,NA,NA,0.9311748747362868,badm_map,FALSE,FALSE,FALSE
KR-WdE,30,13.127877777777778,1398.0235666666665,Cfa,Cf,C,Cfa,Cf,C,era5_local,NA,NA,NA,NA,NA,NA,NA,0.9128459462400695,badm_map,FALSE,FALSE,FALSE
ML-Kem,30,28.410875,869.8877666666667,Aw,Aw,A,Aw,Aw,A,era5_local,NA,NA,NA,NA,NA,NA,NA,2.880423068432671,badm_map,TRUE,FALSE,TRUE
MN-Hst,30,0.8515499999999999,1005.7275000000002,Dwb,Dw,D,Dwb,Dw,D,era5_local,NA,NA,NA,NA,NA,NA,NA,5.194873450413224,badm_map,TRUE,FALSE,TRUE
MN-Kbu,30,0.2025944444444452,1089.3188666666665,Dwb,Dw,D,Dwb,Dw,D,era5_local,NA,NA,NA,NA,NA,NA,NA,5.557749319727891,badm_map,TRUE,FALSE,TRUE
MN-Nkh,30,-2.290580555555555,1332.8405000000002,Dwc,Dw,D,Dwc,Dw,D,era5_local,NA,NA,NA,NA,NA,NA,NA,8.043696439348222,badm_map,TRUE,FALSE,TRUE
MN-Udg,30,0.15912777777777767,1504.4765,Dwc,Dw,D,Dwc,Dw,D,era5_local,NA,NA,NA,NA,NA,NA,NA,6.541202173913043,badm_map,TRUE,FALSE,TRUE
MX-Aog,30,24.490655555555556,788.7900999999999,Aw,Aw,A,Aw,Aw,A,era5_local,NA,NA,NA,NA,NA,NA,NA,1.0775821038251365,badm_map,FALSE,FALSE,FALSE
MX-PMm,30,26.516147222222223,4232.0490666666665,Af,Af,A,Af,Af,A,era5_local,NA,NA,NA,NA,NA,NA,NA,3.4632152755046373,badm_map,TRUE,FALSE,TRUE
MX-Tes,30,23.506841666666666,599.7412333333333,BSh,BS,B,BSh,BS,B,era5_local,NA,NA,NA,NA,NA,NA,NA,0.9269570839773312,badm_map,FALSE,FALSE,FALSE
MY-LHP,30,26.10653888888889,2605.4372666666663,Af,Af,A,Af,Af,A,era5_local,NA,NA,NA,NA,NA,NA,NA,0.9470873379377195,badm_map,FALSE,FALSE,FALSE
NL-Hrw,30,10.462441666666667,858.1188000000001,Cfb,Cf,C,Cfb,Cf,C,era5_local,NA,NA,NA,NA,NA,NA,NA,1.0119325471698115,badm_map,FALSE,FALSE,FALSE
NO-And,30,4.186694444444444,9318.330766666668,Dfc,Df,D,Dfc,Df,D,era5_local,NA,NA,NA,NA,NA,NA,NA,8.790878081761008,badm_map,FALSE,TRUE,TRUE
NO-Fns,30,-0.982816666666667,3066.5747666666666,ET,ET,E,ET,ET,E,era5_local,NA,NA,NA,NA,NA,NA,NA,2.42608763185654,worldclim_bio12,FALSE,FALSE,FALSE
NO-Hur,30,5.200005555555555,852.9431333333333,Dfb,Df,D,Dfb,Df,D,era5_local,NA,NA,NA,NA,NA,NA,NA,1.009400157790927,badm_map,FALSE,FALSE,FALSE
NO-Ikr,30,-1.0077472222222221,2169.292633333333,Dfc,Df,D,Dfc,Df,D,era5_local,NA,NA,NA,NA,NA,NA,NA,5.202140607513988,badm_map,TRUE,FALSE,TRUE
NZ-ADd,30,11.018933333333333,674.0571666666667,Cfb,Cf,C,Cfb,Cf,C,era5_local,NA,NA,NA,NA,NA,NA,NA,1.0212987373737374,worldclim_bio12,FALSE,FALSE,FALSE
NZ-ADw,30,11.243916666666667,948.7962333333332,Cfb,Cf,C,Cfb,Cf,C,era5_local,NA,NA,NA,NA,NA,NA,NA,1.4375700505050504,worldclim_bio12,FALSE,FALSE,FALSE
NZ-BFm,30,9.774761111111111,862.2820333333334,Cfb,Cf,C,Cfb,Cf,C,era5_local,NA,NA,NA,NA,NA,NA,NA,1.0942665397631135,worldclim_bio12,FALSE,FALSE,FALSE
NZ-BFu,30,9.85861388888889,883.3865000000001,Cfb,Cf,C,Cfb,Cf,C,era5_local,NA,NA,NA,NA,NA,NA,NA,1.1210488578680204,worldclim_bio12,FALSE,FALSE,FALSE
NZ-Cla,30,9.711947222222223,1293.1538999999998,Cfb,Cf,C,Cfb,Cf,C,era5_local,NA,NA,NA,NA,NA,NA,NA,1.6369036708860756,worldclim_bio12,FALSE,FALSE,FALSE
NZ-Kop,30,13.655180555555555,1203.6286666666667,Cfb,Cf,C,Cfb,Cf,C,era5_local,NA,NA,NA,NA,NA,NA,NA,0.900245823984044,worldclim_bio12,FALSE,FALSE,FALSE
NZ-Lau,30,10.739666666666666,1027.5003000000002,Cfb,Cf,C,Cfb,Cf,C,era5_local,NA,NA,NA,NA,NA,NA,NA,1.7385791878172592,worldclim_bio12,FALSE,FALSE,FALSE
NZ-Oxf,30,10.9461,969.3006333333332,Cfb,Cf,C,Cfb,Cf,C,era5_local,NA,NA,NA,NA,NA,NA,NA,1.0734226282761166,worldclim_bio12,FALSE,FALSE,FALSE
NZ-ScF,30,13.630341666666666,1244.2229,Cfb,Cf,C,Cfb,Cf,C,era5_local,NA,NA,NA,NA,NA,NA,NA,0.980475098502758,worldclim_bio12,FALSE,FALSE,FALSE
PA-SPn,30,25.167569444444446,2166.4429666666665,Am,Am,A,Am,Am,A,era5_local,NA,NA,NA,NA,NA,NA,NA,0.9218906241134751,badm_map,FALSE,FALSE,FALSE
PA-SPs,30,25.097841666666667,2220.400633333333,Am,Am,A,Am,Am,A,era5_local,NA,NA,NA,NA,NA,NA,NA,0.9448513333333333,badm_map,FALSE,FALSE,FALSE
PE-QFR,30,25.546119444444443,10291.840033333334,Af,Af,A,Af,Af,A,era5_local,NA,NA,NA,NA,NA,NA,NA,3.804746777572397,worldclim_bio12,TRUE,FALSE,TRUE
PR-xGU,30,25.938472222222224,673.1688333333335,BSh,BS,B,BSh,BS,B,era5_local,NA,NA,NA,NA,NA,NA,NA,0.5763431792237445,badm_map,FALSE,FALSE,FALSE
PR-xLA,30,25.16195,964.7648333333333,Aw,Aw,A,Aw,Aw,A,era5_local,NA,NA,NA,NA,NA,NA,NA,0.8259972888127853,badm_map,FALSE,FALSE,FALSE
RU-Ch2,30,-10.69250277777778,170.49943333333334,Dfc,Df,D,Dfc,Df,D,era5_local,NA,NA,NA,NA,NA,NA,NA,0.8524971666666668,badm_map,FALSE,FALSE,FALSE
RU-Che,30,-10.559472222222222,109.45376666666667,Dfc,Df,D,Dfc,Df,D,era5_local,NA,NA,NA,NA,NA,NA,NA,0.5556028764805414,badm_map,FALSE,FALSE,FALSE
RU-Ege,30,-6.792805555555555,1349.8303666666666,Dfc,Df,D,Dfc,Df,D,era5_local,NA,NA,NA,NA,NA,NA,NA,4.32637938034188,badm_map,TRUE,FALSE,TRUE
RU-Fy2,30,5.54545,585.4687,Dfb,Df,D,Dfb,Df,D,era5_local,NA,NA,NA,NA,NA,NA,NA,0.8234440225035162,badm_map,FALSE,FALSE,FALSE
RU-Fy3,30,4.690844444444445,712.9970666666666,Dfb,Df,D,Dfb,Df,D,era5_local,NA,NA,NA,NA,NA,NA,NA,0.7465937870855147,badm_map,FALSE,FALSE,FALSE
RU-Fy4,30,4.736577777777778,452.93016666666665,Dfb,Df,D,Dfb,Df,D,era5_local,NA,NA,NA,NA,NA,NA,NA,0.5821724507283633,badm_map,FALSE,FALSE,FALSE
RU-Fyo,30,5.196563888888889,557.2262666666667,Dfb,Df,D,Dfb,Df,D,era5_local,NA,NA,NA,NA,NA,NA,NA,0.7837218940459447,badm_map,FALSE,FALSE,FALSE
RU-Ha1,30,1.7373777777777777,377.7314666666667,Dfb,Df,D,Dfb,Df,D,era5_local,NA,NA,NA,NA,NA,NA,NA,0.8229443718228032,worldclim_bio12,FALSE,FALSE,FALSE
RU-NeB,30,-10.550066666666666,1069.2168666666666,Dfd,Df,D,Dfd,Df,D,era5_local,NA,NA,NA,NA,NA,NA,NA,4.5498590070921985,badm_map,TRUE,FALSE,TRUE
RU-NeC,30,-9.078041666666667,1069.2168666666666,Dfc,Df,D,Dfc,Df,D,era5_local,NA,NA,NA,NA,NA,NA,NA,4.5498590070921985,badm_map,TRUE,FALSE,TRUE
RU-NeF,30,-7.600122222222222,1069.2168666666666,Dfc,Df,D,Dfc,Df,D,era5_local,NA,NA,NA,NA,NA,NA,NA,4.5498590070921985,badm_map,TRUE,FALSE,TRUE
RU-Sk2,30,-8.42811388888889,1018.6925000000001,Dfc,Df,D,Dfc,Df,D,era5_local,NA,NA,NA,NA,NA,NA,NA,4.141026422764228,worldclim_bio12,TRUE,FALSE,TRUE
RU-SkP,30,-5.661133333333332,1069.2126666666668,Dfc,Df,D,Dfc,Df,D,era5_local,NA,NA,NA,NA,NA,NA,NA,4.242907407407408,worldclim_bio12,TRUE,FALSE,TRUE
RU-Tur,30,-8.093494444444445,1764.6893,Dfc,Df,D,Dfc,Df,D,era5_local,NA,NA,NA,NA,NA,NA,NA,5.566843217665615,badm_map,TRUE,FALSE,TRUE
SD-Dem,30,27.071066666666667,320.2158,BWh,BW,B,BWh,BW,B,era5_local,NA,NA,NA,NA,NA,NA,NA,1.000674375,badm_map,FALSE,FALSE,FALSE
SE-Deg,30,2.5251083333333337,551.8516999999999,Dfc,Df,D,Dfc,Df,D,era5_local,NA,NA,NA,NA,NA,NA,NA,1.055165774378585,badm_map,FALSE,FALSE,FALSE
SE-HfM,30,2.690716666666667,453.65529999999995,Dfc,Df,D,Dfc,Df,D,era5_local,NA,NA,NA,NA,NA,NA,NA,0.7033415503875968,badm_map,FALSE,FALSE,FALSE
SE-Hmr,30,2.9233111111111114,543.2816666666666,Dfc,Df,D,Dfc,Df,D,era5_local,NA,NA,NA,NA,NA,NA,NA,0.8422971576227389,badm_map,FALSE,FALSE,FALSE
SE-Htm,30,7.682802777777777,866.0847000000001,Cfb,Cf,C,Cfb,Cf,C,era5_local,NA,NA,NA,NA,NA,NA,NA,1.225013719943423,badm_map,FALSE,FALSE,FALSE
SE-Nor,30,6.3957194444444445,544.4536666666667,Dfb,Df,D,Dfb,Df,D,era5_local,NA,NA,NA,NA,NA,NA,NA,0.9291018202502844,badm_map,FALSE,FALSE,FALSE
SE-Ros,30,3.530630555555556,619.4648333333333,Dfc,Df,D,Dfc,Df,D,era5_local,NA,NA,NA,NA,NA,NA,NA,0.9619019151138717,worldclim_bio12,FALSE,FALSE,FALSE
SE-Srj,30,2.7753444444444444,512.0480333333334,Dfc,Df,D,Dfc,Df,D,era5_local,NA,NA,NA,NA,NA,NA,NA,0.7938729198966409,badm_map,FALSE,FALSE,FALSE
SE-St1,30,-0.1879416666666664,205.19340000000003,BSk,BS,B,BSk,BS,B,era5_local,NA,NA,NA,NA,NA,NA,NA,0.6765361028684471,badm_map,FALSE,FALSE,FALSE
SE-Sto,30,0.0983444444444445,390.50699999999995,Dfc,Df,D,Dfc,Df,D,era5_local,NA,NA,NA,NA,NA,NA,NA,1.1762259036144578,badm_map,FALSE,FALSE,FALSE
SE-Trb,30,2.7544583333333326,2565.8848999999996,Dfc,Df,D,Dfc,Df,D,era5_local,NA,NA,NA,NA,NA,NA,NA,4.040763622047243,badm_map,TRUE,FALSE,TRUE
SN-Dhr,30,28.789058333333333,379.9324,BWh,BW,B,BWh,BW,B,era5_local,NA,NA,NA,NA,NA,NA,NA,0.9132990384615384,badm_map,FALSE,FALSE,FALSE
SN-Nkr,30,27.13858611111111,570.6593999999999,BSh,BS,B,BSh,BS,B,era5_local,NA,NA,NA,NA,NA,NA,NA,0.9759866598255513,badm_map,FALSE,FALSE,FALSE
TH-Kog,30,19.792480555555557,1857.1944333333333,Cwb,Cw,C,Cwb,Cw,C,era5_local,NA,NA,NA,NA,NA,NA,NA,1.057627809415338,badm_map,FALSE,FALSE,FALSE
TH-Mae,30,25.500194444444443,1320.5500999999997,Aw,Aw,A,Aw,Aw,A,era5_local,NA,NA,NA,NA,NA,NA,NA,0.9119821132596683,badm_map,FALSE,FALSE,FALSE
UK-AMo,30,7.614497222222222,1007.6969,Cfb,Cf,C,Cfb,Cf,C,era5_local,NA,NA,NA,NA,NA,NA,NA,1.0496842708333334,badm_map,FALSE,FALSE,FALSE
UK-Ags,30,11.390261111111112,1259.5997666666667,Cfb,Cf,C,Cfb,Cf,C,era5_local,NA,NA,NA,NA,NA,NA,NA,0.9681781450166539,badm_map,FALSE,FALSE,FALSE
UK-BnB,30,9.286091666666668,1000.1563666666666,Cfb,Cf,C,Cfb,Cf,C,era5_local,NA,NA,NA,NA,NA,NA,NA,0.7914507926459338,badm_map,FALSE,FALSE,FALSE
UK-CCr,30,9.24736388888889,1243.8745999999999,Cfb,Cf,C,Cfb,Cf,C,era5_local,NA,NA,NA,NA,NA,NA,NA,0.801465592783505,badm_map,FALSE,FALSE,FALSE
UK-Cvn,30,10.266777777777778,611.6592,Cfb,Cf,C,Cfb,Cf,C,era5_local,NA,NA,NA,NA,NA,NA,NA,0.733932325413967,badm_map,FALSE,FALSE,FALSE
UK-GaB,30,9.082269444444444,979.9505333333333,Cfb,Cf,C,Cfb,Cf,C,era5_local,NA,NA,NA,NA,NA,NA,NA,0.6524304482911673,badm_map,FALSE,FALSE,FALSE
UK-Gnn,30,9.073491666666667,1232.0132333333331,Cfb,Cf,C,Cfb,Cf,C,era5_local,NA,NA,NA,NA,NA,NA,NA,0.8869785697144227,badm_map,FALSE,FALSE,FALSE
UK-Gwr,30,7.442666666666667,1531.2825666666668,Cfb,Cf,C,Cfb,Cf,C,era5_local,NA,NA,NA,NA,NA,NA,NA,1.201477102131555,badm_map,FALSE,FALSE,FALSE
UK-HgF,30,9.964113888888889,608.0013666666667,Cfb,Cf,C,Cfb,Cf,C,era5_local,NA,NA,NA,NA,NA,NA,NA,0.7068796989567347,badm_map,FALSE,FALSE,FALSE
UK-HpF,30,10.439208333333333,624.1721333333332,Cfb,Cf,C,Cfb,Cf,C,era5_local,NA,NA,NA,NA,NA,NA,NA,0.749846387954509,badm_map,FALSE,FALSE,FALSE
US-A03,30,-9.606255555555554,904.299,ET,ET,E,ET,ET,E,era5_local,NA,NA,NA,NA,NA,NA,NA,7.856637706342311,badm_map,TRUE,FALSE,TRUE
US-A10,30,-9.903658333333333,914.8648666666667,ET,ET,E,ET,ET,E,era5_local,NA,NA,NA,NA,NA,NA,NA,7.948434984071822,badm_map,TRUE,FALSE,TRUE
US-A32,30,14.690997222222222,796.7445999999999,Cfa,Cf,C,Cfa,Cf,C,era5_local,NA,NA,NA,NA,NA,NA,NA,0.8962256467941506,badm_map,FALSE,FALSE,FALSE
US-A37,30,14.690713888888888,28.183500000000002,BWk,BW,B,BWk,BW,B,era5_local,NA,NA,NA,NA,NA,NA,NA,0.034286496350364966,worldclim_bio12,FALSE,FALSE,FALSE
US-A39,30,14.938302777777778,28.213433333333334,BWk,BW,B,BWk,BW,B,era5_local,NA,NA,NA,NA,NA,NA,NA,0.02923671848013817,badm_map,FALSE,FALSE,FALSE
US-A74,30,14.385191666666667,334.8814,BSk,BS,B,BSk,BS,B,era5_local,NA,NA,NA,NA,NA,NA,NA,0.3766944881889764,badm_map,FALSE,FALSE,FALSE
US-ABa,30,21.787866666666666,1163.3433,Cfa,Cf,C,Cfa,Cf,C,era5_local,NA,NA,NA,NA,NA,NA,NA,0.8485363238512035,badm_map,FALSE,FALSE,FALSE
US-ABb,30,21.496797222222224,1387.2422333333334,Cfa,Cf,C,Cfa,Cf,C,era5_local,NA,NA,NA,NA,NA,NA,NA,1.011846997325553,badm_map,FALSE,FALSE,FALSE
US-ABc,30,21.73658888888889,1262.7893333333332,Cfa,Cf,C,Cfa,Cf,C,era5_local,NA,NA,NA,NA,NA,NA,NA,0.9210717238025771,badm_map,FALSE,FALSE,FALSE
US-ABd,30,21.73763888888889,1254.9155,Cfa,Cf,C,Cfa,Cf,C,era5_local,NA,NA,NA,NA,NA,NA,NA,0.9153285922684172,badm_map,FALSE,FALSE,FALSE
US-ABe,30,22.2623,4224.1391,Cfa,Cf,C,Cfa,Cf,C,era5_local,NA,NA,NA,NA,NA,NA,NA,3.081064259664479,badm_map,TRUE,FALSE,TRUE
US-ADR,30,16.87057777777778,137.15643333333333,BWk,BW,B,BWk,BW,B,era5_local,NA,NA,NA,NA,NA,NA,NA,1.2468766666666666,badm_map,FALSE,FALSE,FALSE
US-ALQ,30,3.6816305555555564,762.6937333333333,Dfb,Df,D,Dfb,Df,D,era5_local,NA,NA,NA,NA,NA,NA,NA,0.9439278877887788,worldclim_bio12,FALSE,FALSE,FALSE
US-AR1,30,14.615466666666666,671.5477666666667,Cfa,Cf,C,Cfa,Cf,C,era5_local,NA,NA,NA,NA,NA,NA,NA,1.1499105593607306,worldclim_bio12,FALSE,FALSE,FALSE
US-AR2,30,14.521666666666667,553.8860000000001,BSk,BS,B,BSk,BS,B,era5_local,NA,NA,NA,NA,NA,NA,NA,0.9231433333333334,worldclim_bio12,FALSE,FALSE,FALSE
US-ARM,30,15.065322222222221,633.0905666666666,Cfa,Cf,C,Cfa,Cf,C,era5_local,NA,NA,NA,NA,NA,NA,NA,0.7509971134835903,badm_map,FALSE,FALSE,FALSE
US-ARb,30,15.076186111111111,1120.4619666666667,Cfa,Cf,C,Cfa,Cf,C,era5_local,NA,NA,NA,NA,NA,NA,NA,1.4129406893652796,worldclim_bio12,FALSE,FALSE,FALSE
US-ARc,30,14.677175,1192.0474333333332,Cfa,Cf,C,Cfa,Cf,C,era5_local,NA,NA,NA,NA,NA,NA,NA,1.5032124001681377,worldclim_bio12,FALSE,FALSE,FALSE
US-ASH,30,17.369308333333333,1028.2872666666667,Csa,Cs,C,Csa,Cs,C,era5_local,NA,NA,NA,NA,NA,NA,NA,4.896606031746032,badm_map,TRUE,FALSE,TRUE
US-ASM,30,17.367233333333335,1028.2872666666667,Csa,Cs,C,Csa,Cs,C,era5_local,NA,NA,NA,NA,NA,NA,NA,4.896606031746032,badm_map,TRUE,FALSE,TRUE
US-Akn,30,16.437705555555556,45.66973333333333,BWk,BW,B,BWk,BW,B,era5_local,NA,NA,NA,NA,NA,NA,NA,0.03821735006973501,worldclim_bio12,FALSE,FALSE,FALSE
US-Aud,30,15.494333333333334,411.8452666666667,BSk,BS,B,BSk,BS,B,era5_local,NA,NA,NA,NA,NA,NA,NA,0.9395352267974602,badm_map,FALSE,FALSE,FALSE
US-BRG,30,11.874836111111112,4220.8321000000005,Dfa,Df,D,Dfa,Df,D,era5_local,NA,NA,NA,NA,NA,NA,NA,3.5173600833333336,badm_map,FALSE,TRUE,TRUE
US-BZB,30,-2.208383333333333,232.59470000000005,BSk,BS,B,BSk,BS,B,era5_local,NA,NA,NA,NA,NA,NA,NA,0.8488857664233578,badm_map,FALSE,FALSE,FALSE
US-BZF,30,-1.9009944444444453,220.65093333333334,BSk,BS,B,BSk,BS,B,era5_local,NA,NA,NA,NA,NA,NA,NA,0.8052953771289538,badm_map,FALSE,FALSE,FALSE
US-BZo,30,-2.3623555555555553,158.46103333333332,BSk,BS,B,BSk,BS,B,era5_local,NA,NA,NA,NA,NA,NA,NA,0.5783249391727493,badm_map,FALSE,FALSE,FALSE
US-Bar,30,7.1303777777777775,1160.2874000000002,Dfb,Df,D,Dfb,Df,D,era5_local,NA,NA,NA,NA,NA,NA,NA,0.931381715726017,badm_map,FALSE,FALSE,FALSE
US-Bi1,30,14.347241666666667,362.50073333333336,Csb,Cs,C,Csb,Cs,C,era5_local,NA,NA,NA,NA,NA,NA,NA,1.0724873767258383,badm_map,FALSE,FALSE,FALSE
US-Bi2,30,14.924583333333333,323.3949999999999,Csb,Cs,C,Csb,Cs,C,era5_local,NA,NA,NA,NA,NA,NA,NA,0.9567899408284022,badm_map,FALSE,FALSE,FALSE
US-CAK,30,-3.1859027777777778,340.0868333333333,Dfc,Df,D,Dfc,Df,D,era5_local,NA,NA,NA,NA,NA,NA,NA,0.8234548022598869,worldclim_bio12,FALSE,FALSE,FALSE
US-CF1,30,8.717641666666667,8.998866666666666,BWk,BW,B,BWk,BW,B,era5_local,NA,NA,NA,NA,NA,NA,NA,0.016361575757575755,badm_map,FALSE,FALSE,FALSE
US-CF2,30,8.628958333333333,14.574033333333333,BWk,BW,B,BWk,BW,B,era5_local,NA,NA,NA,NA,NA,NA,NA,0.026498242424242424,badm_map,FALSE,FALSE,FALSE
US-CF3,30,8.757544444444445,15.796166666666668,BWk,BW,B,BWk,BW,B,era5_local,NA,NA,NA,NA,NA,NA,NA,0.028720303030303033,badm_map,FALSE,FALSE,FALSE
US-CF4,30,8.828513888888889,23.586,BWk,BW,B,BWk,BW,B,era5_local,NA,NA,NA,NA,NA,NA,NA,0.04288363636363636,badm_map,FALSE,FALSE,FALSE
US-CGG,30,15.359027777777778,525.0985333333334,Csb,Cs,C,Csb,Cs,C,era5_local,NA,NA,NA,NA,NA,NA,NA,1.2532184566428006,badm_map,FALSE,FALSE,FALSE
US-CLF,30,9.484852777777778,603.9065333333333,Dfb,Df,D,Dfb,Df,D,era5_local,NA,NA,NA,NA,NA,NA,NA,0.5751490793650793,badm_map,FALSE,FALSE,FALSE
US-CMW,30,16.584744444444446,278.78473333333335,BWk,BW,B,BWk,BW,B,era5_local,NA,NA,NA,NA,NA,NA,NA,0.9680025462962963,badm_map,FALSE,FALSE,FALSE
US-CRK,30,18.91546111111111,1013.1134333333332,Cfa,Cf,C,Cfa,Cf,C,era5_local,NA,NA,NA,NA,NA,NA,NA,0.8825029907084784,badm_map,FALSE,FALSE,FALSE
US-CRT,30,10.255372222222222,768.9276,Dfa,Df,D,Dfa,Df,D,era5_local,NA,NA,NA,NA,NA,NA,NA,0.9056862190812721,badm_map,FALSE,FALSE,FALSE
US-CS1,30,7.191352777777778,721.6422,Dfb,Df,D,Dfb,Df,D,era5_local,NA,NA,NA,NA,NA,NA,NA,0.8694484337349397,badm_map,FALSE,FALSE,FALSE
US-CS2,30,7.142080555555555,3231.0546666666664,Dfb,Df,D,Dfb,Df,D,era5_local,NA,NA,NA,NA,NA,NA,NA,3.892836947791164,badm_map,TRUE,FALSE,TRUE
US-CS3,30,7.092380555555556,994.6649666666665,Dfb,Df,D,Dfb,Df,D,era5_local,NA,NA,NA,NA,NA,NA,NA,1.1983915261044173,badm_map,FALSE,FALSE,FALSE
US-CS4,30,7.337780555555556,909.2061,Dfb,Df,D,Dfb,Df,D,era5_local,NA,NA,NA,NA,NA,NA,NA,1.0954290361445782,badm_map,FALSE,FALSE,FALSE
US-CS5,30,7.260105555555556,1516.8693000000003,Dfb,Df,D,Dfb,Df,D,era5_local,NA,NA,NA,NA,NA,NA,NA,1.8275533734939762,badm_map,FALSE,FALSE,FALSE
US-CS6,30,7.002658333333334,829.1552333333333,Dfb,Df,D,Dfb,Df,D,era5_local,NA,NA,NA,NA,NA,NA,NA,0.9989822088353413,badm_map,FALSE,FALSE,FALSE
US-CS8,30,6.990016666666666,1571.122,Dfb,Df,D,Dfb,Df,D,era5_local,NA,NA,NA,NA,NA,NA,NA,1.8929180722891568,badm_map,FALSE,FALSE,FALSE
US-CdM,30,11.405283333333333,175.45656666666665,BWk,BW,B,BWk,BW,B,era5_local,NA,NA,NA,NA,NA,NA,NA,0.5041855363984674,badm_map,FALSE,FALSE,FALSE
US-Ced,30,11.895744444444444,1220.0665999999999,Cfa,Cf,C,Cfa,Cf,C,era5_local,NA,NA,NA,NA,NA,NA,NA,1.0721147627416518,badm_map,FALSE,FALSE,FALSE
US-ChR,30,14.583541666666667,1399.8499000000002,Cfa,Cf,C,Cfa,Cf,C,era5_local,NA,NA,NA,NA,NA,NA,NA,1.030172498804136,badm_map,FALSE,FALSE,FALSE
US-Cms,30,-11.405669444444445,77.05356666666667,ET,ET,E,ET,ET,E,era5_local,NA,NA,NA,NA,NA,NA,NA,0.28121739659367395,badm_map,FALSE,FALSE,FALSE
US-Cop,30,13.473483333333334,197.0277,BWk,BW,B,BWk,BW,B,era5_local,NA,NA,NA,NA,NA,NA,NA,0.5970536363636364,worldclim_bio12,FALSE,FALSE,FALSE
US-Cst,30,17.131419444444443,1141.0507666666667,Cfa,Cf,C,Cfa,Cf,C,era5_local,NA,NA,NA,NA,NA,NA,NA,0.8092558628841608,badm_map,FALSE,FALSE,FALSE
US-Cwt,30,12.927477777777778,5593.431333333333,Cfb,Cf,C,Cfb,Cf,C,era5_local,NA,NA,NA,NA,NA,NA,NA,3.1074618518518515,badm_map,TRUE,FALSE,TRUE
US-DFC,30,9.816183333333333,745.6671,Dfa,Df,D,Dfa,Df,D,era5_local,NA,NA,NA,NA,NA,NA,NA,0.9474804320203304,badm_map,FALSE,FALSE,FALSE
US-DFK,30,7.687002777777777,3277.5183666666667,Dfb,Df,D,Dfb,Df,D,era5_local,NA,NA,NA,NA,NA,NA,NA,4.164572257518,badm_map,TRUE,FALSE,TRUE
US-DPW,30,22.097402777777777,3911.3174666666664,Cfa,Cf,C,Cfa,Cf,C,era5_local,NA,NA,NA,NA,NA,NA,NA,3.4249715119673088,badm_map,TRUE,FALSE,TRUE
US-DS1,30,15.002097222222222,1578.2313333333334,Csb,Cs,C,Csb,Cs,C,era5_local,NA,NA,NA,NA,NA,NA,NA,3.6533132716049384,badm_map,FALSE,TRUE,TRUE
US-DS2,30,15.0671,1542.8013666666668,Csb,Cs,C,Csb,Cs,C,era5_local,NA,NA,NA,NA,NA,NA,NA,3.5712994598765437,badm_map,FALSE,TRUE,TRUE
US-DS3,30,14.883386111111111,419.11136666666675,Csb,Cs,C,Csb,Cs,C,era5_local,NA,NA,NA,NA,NA,NA,NA,0.9701652006172842,badm_map,FALSE,FALSE,FALSE
US-Dix,30,12.266241666666668,1139.0100666666665,Cfa,Cf,C,Cfa,Cf,C,era5_local,NA,NA,NA,NA,NA,NA,NA,1.01098858246866,badm_map,FALSE,FALSE,FALSE
US-Dk1,30,15.127441666666666,1138.0428666666667,Cfa,Cf,C,Cfa,Cf,C,era5_local,NA,NA,NA,NA,NA,NA,NA,0.972894094179668,badm_map,FALSE,FALSE,FALSE
US-Dk2,30,15.314194444444444,1137.5497666666665,Cfa,Cf,C,Cfa,Cf,C,era5_local,NA,NA,NA,NA,NA,NA,NA,0.9733545821960199,badm_map,FALSE,FALSE,FALSE
US-Dk3,30,14.9472,1136.6637666666666,Cfa,Cf,C,Cfa,Cf,C,era5_local,NA,NA,NA,NA,NA,NA,NA,0.9717649690658777,badm_map,FALSE,FALSE,FALSE
US-Dmg,30,15.585294444444445,357.4943666666667,Csb,Cs,C,Csb,Cs,C,era5_local,NA,NA,NA,NA,NA,NA,NA,0.9794366210045662,badm_map,FALSE,FALSE,FALSE
US-EA4,30,19.813994444444443,731.8793000000001,Cfa,Cf,C,Cfa,Cf,C,era5_local,NA,NA,NA,NA,NA,NA,NA,0.8754537081339714,badm_map,FALSE,FALSE,FALSE
US-EA5,30,21.441941666666665,659.1300666666666,BSh,BS,B,BSh,BS,B,era5_local,NA,NA,NA,NA,NA,NA,NA,1.0429273206751053,badm_map,FALSE,FALSE,FALSE
US-EA6,30,19.670325,971.9215,Cfa,Cf,C,Cfa,Cf,C,era5_local,NA,NA,NA,NA,NA,NA,NA,1.3825341394025605,badm_map,FALSE,FALSE,FALSE
US-EDN,30,14.744408333333334,415.8975,Csb,Cs,C,Csb,Cs,C,era5_local,NA,NA,NA,NA,NA,NA,NA,1.044968592964824,worldclim_bio12,FALSE,FALSE,FALSE
US-EKH,30,12.734122222222222,16.560000000000002,BWk,BW,B,BWk,BW,B,era5_local,NA,NA,NA,NA,NA,NA,NA,0.018523489932885908,badm_map,FALSE,FALSE,FALSE
US-EKN,30,12.646466666666667,17.549833333333332,BWk,BW,B,BWk,BW,B,era5_local,NA,NA,NA,NA,NA,NA,NA,0.019630686055182697,badm_map,FALSE,FALSE,FALSE
US-EKP,30,12.222877777777777,13.200566666666667,BWk,BW,B,BWk,BW,B,era5_local,NA,NA,NA,NA,NA,NA,NA,0.014765734526472781,badm_map,FALSE,FALSE,FALSE
US-EML,30,-1.7419472222222214,2134.550333333333,Dfc,Df,D,Dfc,Df,D,era5_local,NA,NA,NA,NA,NA,NA,NA,5.646958553791887,badm_map,TRUE,FALSE,TRUE
US-Elm,30,24.509611111111113,1087.0007,Aw,Aw,A,Aw,Aw,A,era5_local,NA,NA,NA,NA,NA,NA,NA,0.8093825018615042,worldclim_bio12,FALSE,FALSE,FALSE
US-Esm,30,24.199230555555555,1081.8721333333333,Aw,Aw,A,Aw,Aw,A,era5_local,NA,NA,NA,NA,NA,NA,NA,0.7700157532621589,worldclim_bio12,FALSE,FALSE,FALSE
US-EvM,30,24.907316666666667,1184.8167,Aw,Aw,A,Aw,Aw,A,era5_local,NA,NA,NA,NA,NA,NA,NA,0.9873472500000001,badm_map,FALSE,FALSE,FALSE
US-Fcr,30,-2.7777194444444446,259.7326,Dfc,Df,D,Dfc,Df,D,era5_local,NA,NA,NA,NA,NA,NA,NA,0.8834442176870748,worldclim_bio12,FALSE,FALSE,FALSE
US-Fmf,30,9.4702,543.0659666666667,Csb,Cs,C,Csb,Cs,C,era5_local,NA,NA,NA,NA,NA,NA,NA,0.9946263125763126,badm_map,FALSE,FALSE,FALSE
US-Fo1,30,-10.467663888888888,57.9562,BSk,BS,B,BSk,BS,B,era5_local,NA,NA,NA,NA,NA,NA,NA,0.3491337349397591,worldclim_bio12,FALSE,FALSE,FALSE
US-Fo2,30,-10.393194444444443,63.41126666666666,BSk,BS,B,BSk,BS,B,era5_local,NA,NA,NA,NA,NA,NA,NA,0.3797081836327345,worldclim_bio12,FALSE,FALSE,FALSE
US-Fuf,30,8.587102777777778,640.0857666666667,Dsb,Ds,D,Dsb,Ds,D,era5_local,NA,NA,NA,NA,NA,NA,NA,1.1389426453143536,badm_map,FALSE,FALSE,FALSE
US-Fwf,30,8.378275,498.22723333333334,Dsb,Ds,D,Dsb,Ds,D,era5_local,NA,NA,NA,NA,NA,NA,NA,0.8944833632555357,badm_map,FALSE,FALSE,FALSE
US-GLE,30,0.004958333333333176,1379.5923000000003,Dfc,Df,D,Dfc,Df,D,era5_local,NA,NA,NA,NA,NA,NA,NA,1.1496602500000002,badm_map,FALSE,FALSE,FALSE
US-HB1,30,19.15888888888889,647.0659333333333,BSh,BS,B,BSh,BS,B,era5_local,NA,NA,NA,NA,NA,NA,NA,0.45281031024026125,badm_map,FALSE,FALSE,FALSE
US-HB2,30,18.936622222222223,1335.0056000000002,Cfa,Cf,C,Cfa,Cf,C,era5_local,NA,NA,NA,NA,NA,NA,NA,0.9342236529041289,badm_map,FALSE,FALSE,FALSE
US-HB3,30,17.97426388888889,1842.2669999999998,Cfa,Cf,C,Cfa,Cf,C,era5_local,NA,NA,NA,NA,NA,NA,NA,1.2892001399580124,badm_map,FALSE,FALSE,FALSE
US-HB4,30,19.734294444444444,658044.5751,Cfa,Cf,C,Cfa,Cf,C,era5_local,NA,NA,NA,NA,NA,NA,NA,460.4930546536039,badm_map,FALSE,TRUE,TRUE
US-HBK,30,6.330955555555557,4481.950400000001,Dfb,Df,D,Dfb,Df,D,era5_local,NA,NA,NA,NA,NA,NA,NA,3.2013931428571434,badm_map,TRUE,FALSE,TRUE
US-HRA,30,16.850052777777776,530.8393333333333,BSk,BS,B,BSk,BS,B,era5_local,NA,NA,NA,NA,NA,NA,NA,0.42467146666666666,badm_map,FALSE,FALSE,FALSE
US-HRC,30,17.0559,504.8086333333334,BSk,BS,B,BSk,BS,B,era5_local,NA,NA,NA,NA,NA,NA,NA,0.4038469066666667,badm_map,FALSE,FALSE,FALSE
US-HVs,30,-8.839355555555555,1515.1631666666667,Dfc,Df,D,Dfc,Df,D,era5_local,NA,NA,NA,NA,NA,NA,NA,6.982318740399386,badm_map,TRUE,FALSE,TRUE
US-HWB,30,10.182344444444444,1033.7404666666666,Dfb,Df,D,Dfb,Df,D,era5_local,NA,NA,NA,NA,NA,NA,NA,1.027217634686408,badm_map,FALSE,FALSE,FALSE
US-Ha1,30,8.221716666666667,1210.9178333333332,Dfb,Df,D,Dfb,Df,D,era5_local,NA,NA,NA,NA,NA,NA,NA,1.1306422346716463,badm_map,FALSE,FALSE,FALSE
US-Hn2,30,11.682722222222223,42.845466666666674,BWk,BW,B,BWk,BW,B,era5_local,NA,NA,NA,NA,NA,NA,NA,0.21748967851099835,badm_map,FALSE,FALSE,FALSE
US-Hn3,30,11.914005555555555,13.158766666666665,BWk,BW,B,BWk,BW,B,era5_local,NA,NA,NA,NA,NA,NA,NA,0.06679576988155668,badm_map,FALSE,FALSE,FALSE
US-Ho2,30,6.891261111111111,796.8249,Dfb,Df,D,Dfb,Df,D,era5_local,NA,NA,NA,NA,NA,NA,NA,0.7488955827067669,badm_map,FALSE,FALSE,FALSE
US-Ho3,30,6.605291666666666,1118.2289666666668,Dfb,Df,D,Dfb,Df,D,era5_local,NA,NA,NA,NA,NA,NA,NA,1.0431240360696519,badm_map,FALSE,FALSE,FALSE
US-Hsm,30,14.949719444444444,505.55929999999995,Csb,Cs,C,Csb,Cs,C,era5_local,NA,NA,NA,NA,NA,NA,NA,1.123465111111111,badm_map,FALSE,FALSE,FALSE
US-IAB,30,8.586252777777778,3589.8597333333328,Dfa,Df,D,Dfa,Df,D,era5_local,NA,NA,NA,NA,NA,NA,NA,3.9362497076023386,badm_map,TRUE,FALSE,TRUE
US-IAC,30,7.216341666666667,3589.8597333333328,Dfb,Df,D,Dfb,Df,D,era5_local,NA,NA,NA,NA,NA,NA,NA,3.9362497076023386,badm_map,TRUE,FALSE,TRUE
US-IAM,30,8.785916666666667,3589.8597333333328,Dfa,Df,D,Dfa,Df,D,era5_local,NA,NA,NA,NA,NA,NA,NA,3.9362497076023386,badm_map,TRUE,FALSE,TRUE
US-ICh,30,-7.081330555555555,213.0248666666667,ET,ET,E,ET,ET,E,era5_local,NA,NA,NA,NA,NA,NA,NA,0.6698895178197066,badm_map,FALSE,FALSE,FALSE
US-ICs,30,-7.177700000000001,220.42793333333333,Dfc,Df,D,Dfc,Df,D,era5_local,NA,NA,NA,NA,NA,NA,NA,0.6931696016771488,badm_map,FALSE,FALSE,FALSE
US-ICt,30,-6.427966666666666,286.46073333333334,Dfc,Df,D,Dfc,Df,D,era5_local,NA,NA,NA,NA,NA,NA,NA,0.9008199161425576,badm_map,FALSE,FALSE,FALSE
US-Jo1,30,16.785766666666667,243.9739,BWk,BW,B,BWk,BW,B,era5_local,NA,NA,NA,NA,NA,NA,NA,0.9954055487556099,badm_map,FALSE,FALSE,FALSE
US-Jo2,30,17.087522222222223,332.1813,BSk,BS,B,BSk,BS,B,era5_local,NA,NA,NA,NA,NA,NA,NA,1.1766960680127525,badm_map,FALSE,FALSE,FALSE
US-KFS,30,12.838741666666667,599.5625333333334,Dfa,Df,D,Dfa,Df,D,era5_local,NA,NA,NA,NA,NA,NA,NA,0.5912845496383958,badm_map,FALSE,FALSE,FALSE
US-KPL,30,1.4349333333333332,382.6372333333333,Dfc,Df,D,Dfc,Df,D,era5_local,NA,NA,NA,NA,NA,NA,NA,1.0181938087635267,badm_map,FALSE,FALSE,FALSE
US-KS1,30,23.381433333333334,1227.4967333333334,Cfa,Cf,C,Cfa,Cf,C,era5_local,NA,NA,NA,NA,NA,NA,NA,0.9695866771985255,badm_map,FALSE,FALSE,FALSE
US-KS2,30,22.033863888888888,1240.9408333333336,Cfa,Cf,C,Cfa,Cf,C,era5_local,NA,NA,NA,NA,NA,NA,NA,0.9589960072127771,badm_map,FALSE,FALSE,FALSE
US-KS3,30,22.238511111111112,274.10203333333334,BWh,BW,B,BWh,BW,B,era5_local,NA,NA,NA,NA,NA,NA,NA,0.20455375621890548,badm_map,FALSE,FALSE,FALSE
US-Kon,30,12.934375,722.2409666666666,Dfa,Df,D,Dfa,Df,D,era5_local,NA,NA,NA,NA,NA,NA,NA,0.8330345636293732,badm_map,FALSE,FALSE,FALSE
US-LA2,30,21.477261111111112,891.8103666666666,Cfa,Cf,C,Cfa,Cf,C,era5_local,NA,NA,NA,NA,NA,NA,NA,0.538858227593152,badm_map,FALSE,FALSE,FALSE
US-LA3,30,21.254155555555556,546.9458333333333,BSh,BS,B,BSh,BS,B,era5_local,NA,NA,NA,NA,NA,NA,NA,0.3369968165947833,badm_map,FALSE,FALSE,FALSE
US-LS1,30,15.49451111111111,311.8808666666667,BSk,BS,B,BSk,BS,B,era5_local,NA,NA,NA,NA,NA,NA,NA,1.082919675925926,badm_map,FALSE,FALSE,FALSE
US-Lin,30,17.367930555555557,327.6041333333333,BSk,BS,B,BSk,BS,B,era5_local,NA,NA,NA,NA,NA,NA,NA,0.9927397979797979,worldclim_bio12,FALSE,FALSE,FALSE
US-Los,30,3.7318249999999997,753.3599999999999,Dfb,Df,D,Dfb,Df,D,era5_local,NA,NA,NA,NA,NA,NA,NA,0.909855072463768,badm_map,FALSE,FALSE,FALSE
US-MBP,30,3.7945138888888885,2870.626166666666,Dfb,Df,D,Dfb,Df,D,era5_local,NA,NA,NA,NA,NA,NA,NA,3.6802899572649563,badm_map,TRUE,FALSE,TRUE
US-MEF,30,6.044066666666667,419.4433,Dfb,Df,D,Dfb,Df,D,era5_local,NA,NA,NA,NA,NA,NA,NA,1.138337720845659,badm_map,FALSE,FALSE,FALSE
US-MMS,30,12.22785,1103.896433333333,Dfa,Df,D,Dfa,Df,D,era5_local,NA,NA,NA,NA,NA,NA,NA,1.0696670865633073,badm_map,FALSE,FALSE,FALSE
US-MN1,30,6.143780555555555,456.37523333333337,Dfb,Df,D,Dfb,Df,D,era5_local,NA,NA,NA,NA,NA,NA,NA,0.666727879230582,badm_map,FALSE,FALSE,FALSE
US-MN2,30,5.976780555555556,473.41060000000004,Dfb,Df,D,Dfb,Df,D,era5_local,NA,NA,NA,NA,NA,NA,NA,0.6916151935719504,badm_map,FALSE,FALSE,FALSE
US-MN3,30,6.343938888888888,501.7547666666666,Dfb,Df,D,Dfb,Df,D,era5_local,NA,NA,NA,NA,NA,NA,NA,0.7330237643048453,badm_map,FALSE,FALSE,FALSE
US-MOz,30,13.248075,908.8695,Dfa,Df,D,Dfa,Df,D,era5_local,NA,NA,NA,NA,NA,NA,NA,0.9217743407707911,badm_map,FALSE,FALSE,FALSE
US-MZA,30,9.421094444444444,504.29119999999995,Dfb,Df,D,Dfb,Df,D,era5_local,NA,NA,NA,NA,NA,NA,NA,0.53648,badm_map,FALSE,FALSE,FALSE
US-Me1,30,8.613505555555555,166.06796666666665,BSk,BS,B,BSk,BS,B,era5_local,NA,NA,NA,NA,NA,NA,NA,0.23568778000122997,badm_map,FALSE,FALSE,FALSE
US-Me3,30,8.037058333333333,383.1930666666667,Dsb,Ds,D,Dsb,Ds,D,era5_local,NA,NA,NA,NA,NA,NA,NA,0.5329528048215114,badm_map,FALSE,FALSE,FALSE
US-Me5,30,8.183902777777778,479.1358,Csb,Cs,C,Csb,Cs,C,era5_local,NA,NA,NA,NA,NA,NA,NA,0.8109811953081364,badm_map,FALSE,FALSE,FALSE
US-Me6,30,7.361877777777778,322.8073333333333,Dsb,Ds,D,Dsb,Ds,D,era5_local,NA,NA,NA,NA,NA,NA,NA,0.6534561403508772,badm_map,FALSE,FALSE,FALSE
US-Me7,30,7.20565,2553.5444666666663,Dsb,Ds,D,Dsb,Ds,D,era5_local,NA,NA,NA,NA,NA,NA,NA,4.882494200127469,badm_map,TRUE,FALSE,TRUE
US-Mo1,30,12.3291,921.9112666666666,Dfa,Df,D,Dfa,Df,D,era5_local,NA,NA,NA,NA,NA,NA,NA,0.939766836561332,badm_map,FALSE,FALSE,FALSE
US-Mo2,30,12.677141666666667,743.9494666666668,Dfa,Df,D,Dfa,Df,D,era5_local,NA,NA,NA,NA,NA,NA,NA,0.7583582738702006,badm_map,FALSE,FALSE,FALSE
US-Mo3,30,12.353905555555556,937.9848666666666,Dfa,Df,D,Dfa,Df,D,era5_local,NA,NA,NA,NA,NA,NA,NA,0.9561517499150526,badm_map,FALSE,FALSE,FALSE
US-Mpj,30,10.770433333333333,416.31350000000003,BSk,BS,B,BSk,BS,B,era5_local,NA,NA,NA,NA,NA,NA,NA,1.0813337662337663,badm_map,FALSE,FALSE,FALSE
US-MtB,30,9.447041666666667,624.9588,Csb,Cs,C,Csb,Cs,C,era5_local,NA,NA,NA,NA,NA,NA,NA,0.7910870886075949,badm_map,FALSE,FALSE,FALSE
US-Myb,30,15.311386111111112,273.3820333333333,BSk,BS,B,BSk,BS,B,era5_local,NA,NA,NA,NA,NA,NA,NA,0.8088225838264299,badm_map,FALSE,FALSE,FALSE
US-NC1,30,15.396902777777777,1132.5543,Cfa,Cf,C,Cfa,Cf,C,era5_local,NA,NA,NA,NA,NA,NA,NA,0.8579956818181819,badm_map,FALSE,FALSE,FALSE
US-NC2,30,15.779216666666667,1239.1141,Cfa,Cf,C,Cfa,Cf,C,era5_local,NA,NA,NA,NA,NA,NA,NA,0.9387228030303031,badm_map,FALSE,FALSE,FALSE
US-NC3,30,15.55708888888889,1449.9727333333333,Cfa,Cf,C,Cfa,Cf,C,era5_local,NA,NA,NA,NA,NA,NA,NA,1.098464191919192,badm_map,FALSE,FALSE,FALSE
US-NC4,30,16.669708333333332,889.0554333333333,Cfa,Cf,C,Cfa,Cf,C,era5_local,NA,NA,NA,NA,NA,NA,NA,0.6781505975082635,badm_map,FALSE,FALSE,FALSE
US-NC5,30,16.218,636.7940999999998,Cfa,Cf,C,Cfa,Cf,C,era5_local,NA,NA,NA,NA,NA,NA,NA,0.47879255639097734,badm_map,FALSE,FALSE,FALSE
US-NGB,30,-10.814788888888888,914.8648666666667,ET,ET,E,ET,ET,E,era5_local,NA,NA,NA,NA,NA,NA,NA,5.35008693957115,badm_map,TRUE,FALSE,TRUE
US-NGC,30,-3.029847222222222,2398.5839333333333,Dfc,Df,D,Dfc,Df,D,era5_local,NA,NA,NA,NA,NA,NA,NA,5.807709281678774,worldclim_bio12,TRUE,FALSE,TRUE
US-NR1,30,2.2005944444444445,709.2242000000001,Dfc,Df,D,Dfc,Df,D,era5_local,NA,NA,NA,NA,NA,NA,NA,0.8865302500000002,badm_map,FALSE,FALSE,FALSE
US-NR3,30,-1.1204305555555554,2853.956100000001,ET,ET,E,ET,ET,E,era5_local,NA,NA,NA,NA,NA,NA,NA,3.2284571266968336,badm_map,TRUE,FALSE,TRUE
US-NSa,30,17.96129722222222,1815.2083999999995,Csa,Cs,C,Csa,Cs,C,era5_local,NA,NA,NA,NA,NA,NA,NA,6.070931103678928,worldclim_bio12,TRUE,FALSE,TRUE
US-NSb,30,17.006186111111113,900.7200333333333,Csa,Cs,C,Csa,Cs,C,era5_local,NA,NA,NA,NA,NA,NA,NA,5.236744379844961,worldclim_bio12,TRUE,FALSE,TRUE
US-Ne1,30,10.271655555555556,3120.0039999999995,Dfa,Df,D,Dfa,Df,D,era5_local,NA,NA,NA,NA,NA,NA,NA,3.9475233118665933,badm_map,TRUE,FALSE,TRUE
US-Ne2,30,10.224427777777779,3120.0039999999995,Dfa,Df,D,Dfa,Df,D,era5_local,NA,NA,NA,NA,NA,NA,NA,3.954929077564679,badm_map,TRUE,FALSE,TRUE
US-Ne3,30,10.430422222222223,3120.0039999999995,Dfa,Df,D,Dfa,Df,D,era5_local,NA,NA,NA,NA,NA,NA,NA,3.981221927317272,badm_map,TRUE,FALSE,TRUE
US-ONA,30,21.769308333333335,733.4929999999999,Cfa,Cf,C,Cfa,Cf,C,era5_local,NA,NA,NA,NA,NA,NA,NA,0.5784645110410094,badm_map,FALSE,FALSE,FALSE
US-OPE,30,13.847105555555556,891.1683333333334,Cfa,Cf,C,Cfa,Cf,C,era5_local,NA,NA,NA,NA,NA,NA,NA,0.7476244407158837,badm_map,FALSE,FALSE,FALSE
US-OWC,30,11.713816666666666,564.5961666666667,Dfa,Df,D,Dfa,Df,D,era5_local,NA,NA,NA,NA,NA,NA,NA,0.6070926523297492,badm_map,FALSE,FALSE,FALSE
US-Oho,30,10.292275,839.0880999999999,Dfa,Df,D,Dfa,Df,D,era5_local,NA,NA,NA,NA,NA,NA,NA,0.9883252061248528,badm_map,FALSE,FALSE,FALSE
US-PAS,30,21.365702777777777,4443.1348333333335,Cfa,Cf,C,Cfa,Cf,C,era5_local,NA,NA,NA,NA,NA,NA,NA,3.504049553101998,badm_map,TRUE,FALSE,TRUE
US-PFL,30,5.455783333333333,3162.742066666667,Dfb,Df,D,Dfb,Df,D,era5_local,NA,NA,NA,NA,NA,NA,NA,3.8429429728635083,badm_map,TRUE,FALSE,TRUE
US-PFb,30,5.958808333333334,3162.742066666667,Dfb,Df,D,Dfb,Df,D,era5_local,NA,NA,NA,NA,NA,NA,NA,3.8429429728635083,badm_map,TRUE,FALSE,TRUE
US-PFc,30,5.038244444444444,3162.742066666667,Dfb,Df,D,Dfb,Df,D,era5_local,NA,NA,NA,NA,NA,NA,NA,3.8429429728635083,badm_map,TRUE,FALSE,TRUE
US-PFd,30,4.1477861111111105,3162.742066666667,Dfb,Df,D,Dfb,Df,D,era5_local,NA,NA,NA,NA,NA,NA,NA,3.8429429728635083,badm_map,TRUE,FALSE,TRUE
US-PFf,30,4.581841666666667,3162.742066666667,Dfb,Df,D,Dfb,Df,D,era5_local,NA,NA,NA,NA,NA,NA,NA,3.8429429728635083,badm_map,TRUE,FALSE,TRUE
US-PFg,30,5.503886111111111,3162.742066666667,Dfb,Df,D,Dfb,Df,D,era5_local,NA,NA,NA,NA,NA,NA,NA,3.8429429728635083,badm_map,TRUE,FALSE,TRUE
US-PFh,30,5.657277777777777,3162.742066666667,Dfb,Df,D,Dfb,Df,D,era5_local,NA,NA,NA,NA,NA,NA,NA,3.8429429728635083,badm_map,TRUE,FALSE,TRUE
US-PFi,30,5.545772222222222,3162.742066666667,Dfb,Df,D,Dfb,Df,D,era5_local,NA,NA,NA,NA,NA,NA,NA,3.8429429728635083,badm_map,TRUE,FALSE,TRUE
US-PFj,30,5.471522222222222,3162.742066666667,Dfb,Df,D,Dfb,Df,D,era5_local,NA,NA,NA,NA,NA,NA,NA,3.8429429728635083,badm_map,TRUE,FALSE,TRUE
US-PFk,30,5.4893027777777785,3162.742066666667,Dfb,Df,D,Dfb,Df,D,era5_local,NA,NA,NA,NA,NA,NA,NA,3.8429429728635083,badm_map,TRUE,FALSE,TRUE
US-PFm,30,5.6579500000000005,3162.742066666667,Dfb,Df,D,Dfb,Df,D,era5_local,NA,NA,NA,NA,NA,NA,NA,3.8429429728635083,badm_map,TRUE,FALSE,TRUE
US-PFn,30,5.356736111111111,3162.742066666667,Dfb,Df,D,Dfb,Df,D,era5_local,NA,NA,NA,NA,NA,NA,NA,3.8429429728635083,badm_map,TRUE,FALSE,TRUE
US-PFp,30,5.006555555555556,3162.742066666667,Dfb,Df,D,Dfb,Df,D,era5_local,NA,NA,NA,NA,NA,NA,NA,3.8429429728635083,badm_map,TRUE,FALSE,TRUE
US-PFq,30,5.608005555555556,3162.742066666667,Dfb,Df,D,Dfb,Df,D,era5_local,NA,NA,NA,NA,NA,NA,NA,3.8429429728635083,badm_map,TRUE,FALSE,TRUE
US-PFr,30,3.7365888888888885,3162.742066666667,Dfb,Df,D,Dfb,Df,D,era5_local,NA,NA,NA,NA,NA,NA,NA,3.8429429728635083,badm_map,TRUE,FALSE,TRUE
US-PFt,30,5.464875000000001,3162.742066666667,Dfb,Df,D,Dfb,Df,D,era5_local,NA,NA,NA,NA,NA,NA,NA,3.8429429728635083,badm_map,TRUE,FALSE,TRUE
US-PLo,30,9.146016666666666,4001.6261333333337,Dfb,Df,D,Dfb,Df,D,era5_local,NA,NA,NA,NA,NA,NA,NA,3.1708606444796623,badm_map,TRUE,FALSE,TRUE
US-PSH,30,17.299616666666665,900.7205000000001,Csa,Cs,C,Csa,Cs,C,era5_local,NA,NA,NA,NA,NA,NA,NA,4.715814136125655,badm_map,TRUE,FALSE,TRUE
US-PSL,30,16.3191,1206.1900666666668,Csa,Cs,C,Csa,Cs,C,era5_local,NA,NA,NA,NA,NA,NA,NA,3.878424651661308,badm_map,TRUE,FALSE,TRUE
US-Prr,30,-2.4159972222222215,375.23940000000005,Dfc,Df,D,Dfc,Df,D,era5_local,NA,NA,NA,NA,NA,NA,NA,1.3645069090909092,badm_map,FALSE,FALSE,FALSE
US-RC1,30,9.156744444444445,510.8742666666667,Dsb,Ds,D,Dsb,Ds,D,era5_local,NA,NA,NA,NA,NA,NA,NA,0.928862303030303,badm_map,FALSE,FALSE,FALSE
US-RC2,30,9.149386111111111,441.5242666666666,BSk,BS,B,BSk,BS,B,era5_local,NA,NA,NA,NA,NA,NA,NA,0.8027713939393939,badm_map,FALSE,FALSE,FALSE
US-RC3,30,10.197841666666667,258.66540000000003,Dsa,Ds,D,Dsa,Ds,D,era5_local,NA,NA,NA,NA,NA,NA,NA,0.9238050000000001,badm_map,FALSE,FALSE,FALSE
US-RC4,30,8.395013888888888,634.6162666666667,Dsb,Ds,D,Dsb,Ds,D,era5_local,NA,NA,NA,NA,NA,NA,NA,0.9332592156862745,badm_map,FALSE,FALSE,FALSE
US-RC5,30,10.069297222222222,136.2416,BSk,BS,B,BSk,BS,B,era5_local,NA,NA,NA,NA,NA,NA,NA,0.5923547826086957,badm_map,FALSE,FALSE,FALSE
US-RGA,30,17.937313888888887,1105.6634666666669,Cfa,Cf,C,Cfa,Cf,C,era5_local,NA,NA,NA,NA,NA,NA,NA,0.8845307733333335,badm_map,FALSE,FALSE,FALSE
US-RGB,30,16.472533333333335,438.8813,Csa,Cs,C,Csa,Cs,C,era5_local,NA,NA,NA,NA,NA,NA,NA,0.5954970149253731,badm_map,FALSE,FALSE,FALSE
US-RGF,30,16.119666666666667,276.97476666666665,BSk,BS,B,BSk,BS,B,era5_local,NA,NA,NA,NA,NA,NA,NA,8.934669892473117,badm_map,FALSE,TRUE,TRUE
US-RGW,30,16.94661111111111,1283.4840666666666,Cfa,Cf,C,Cfa,Cf,C,era5_local,NA,NA,NA,NA,NA,NA,NA,1.0003772928033254,badm_map,FALSE,FALSE,FALSE
US-RGo,30,18.41233888888889,381.3772333333333,Csa,Cs,C,Csa,Cs,C,era5_local,NA,NA,NA,NA,NA,NA,NA,0.6252085792349726,badm_map,FALSE,FALSE,FALSE
US-RRC,30,14.818127777777779,1228.6875666666667,Cfa,Cf,C,Cfa,Cf,C,era5_local,NA,NA,NA,NA,NA,NA,NA,1.09998886899433,badm_map,FALSE,FALSE,FALSE
US-Rls,30,8.166094444444445,1305.9504666666664,Dsb,Ds,D,Dsb,Ds,D,era5_local,NA,NA,NA,NA,NA,NA,NA,3.9217731731731726,badm_map,TRUE,FALSE,TRUE
US-Rms,30,4.8743,1484.0106,Dsb,Ds,D,Dsb,Ds,D,era5_local,NA,NA,NA,NA,NA,NA,NA,1.85501325,badm_map,TRUE,FALSE,TRUE
US-Ro1,30,7.144997222222223,812.8240000000001,Dfb,Df,D,Dfb,Df,D,era5_local,NA,NA,NA,NA,NA,NA,NA,0.9247144482366326,badm_map,FALSE,FALSE,FALSE
US-Ro2,30,7.046575000000001,823.6855333333334,Dfb,Df,D,Dfb,Df,D,era5_local,NA,NA,NA,NA,NA,NA,NA,0.9370711414486159,badm_map,FALSE,FALSE,FALSE
US-Ro3,30,7.769774999999999,805.9235333333336,Dfa,Df,D,Dfa,Df,D,era5_local,NA,NA,NA,NA,NA,NA,NA,0.9168640879787641,badm_map,FALSE,FALSE,FALSE
US-Ro4,30,7.009530555555555,779.9886999999999,Dfb,Df,D,Dfb,Df,D,era5_local,NA,NA,NA,NA,NA,NA,NA,0.8873591581342434,badm_map,FALSE,FALSE,FALSE
US-Ro5,30,7.111133333333333,753.4834333333332,Dfb,Df,D,Dfb,Df,D,era5_local,NA,NA,NA,NA,NA,NA,NA,0.8572052711414485,badm_map,FALSE,FALSE,FALSE
US-Ro6,30,7.097341666666667,753.4834333333332,Dfb,Df,D,Dfb,Df,D,era5_local,NA,NA,NA,NA,NA,NA,NA,0.8572052711414485,badm_map,FALSE,FALSE,FALSE
US-Rpf,30,-0.8939833333333338,320.12906666666674,Dfc,Df,D,Dfc,Df,D,era5_local,NA,NA,NA,NA,NA,NA,NA,0.7113979259259261,badm_map,FALSE,FALSE,FALSE
US-Rwe,30,5.421325,1484.0106,Dsb,Ds,D,Dsb,Ds,D,era5_local,NA,NA,NA,NA,NA,NA,NA,1.85501325,badm_map,TRUE,FALSE,TRUE
US-Rwf,30,6.396555555555556,1484.0106,Dsb,Ds,D,Dsb,Ds,D,era5_local,NA,NA,NA,NA,NA,NA,NA,2.9386348514851486,badm_map,TRUE,FALSE,TRUE
US-Rws,30,9.340272222222222,1305.9504666666664,Dsb,Ds,D,Dsb,Ds,D,era5_local,NA,NA,NA,NA,NA,NA,NA,4.503277471264367,badm_map,TRUE,FALSE,TRUE
US-SD1,30,10.042716666666667,960.3414666666667,Dfa,Df,D,Dfa,Df,D,era5_local,NA,NA,NA,NA,NA,NA,NA,1.0149884445196022,badm_map,FALSE,FALSE,FALSE
US-SD2,30,10.164516666666668,397.94016666666664,BSk,BS,B,BSk,BS,B,era5_local,NA,NA,NA,NA,NA,NA,NA,0.4119463423050379,worldclim_bio12,FALSE,FALSE,FALSE
US-SHC,30,5.755372222222222,844.1197,Dsb,Ds,D,Dsb,Ds,D,era5_local,NA,NA,NA,NA,NA,NA,NA,1.020700967351874,badm_map,FALSE,FALSE,FALSE
US-SP1,30,20.275366666666667,1706.5929666666664,Cfa,Cf,C,Cfa,Cf,C,era5_local,NA,NA,NA,NA,NA,NA,NA,1.302971488632864,badm_map,FALSE,FALSE,FALSE
US-SRC,30,19.411202777777778,327.47316666666666,BWh,BW,B,BWh,BW,B,era5_local,NA,NA,NA,NA,NA,NA,NA,0.9923429292929292,badm_map,FALSE,FALSE,FALSE
US-SRG,30,18.481994444444442,434.67410000000007,BSh,BS,B,BSh,BS,B,era5_local,NA,NA,NA,NA,NA,NA,NA,1.0349383333333335,badm_map,FALSE,FALSE,FALSE
US-SRM,30,19.261747222222223,378.23949999999996,BSh,BS,B,BSh,BS,B,era5_local,NA,NA,NA,NA,NA,NA,NA,0.9953671052631577,badm_map,FALSE,FALSE,FALSE
US-SRS,30,18.912177777777778,409.99339999999995,BSh,BS,B,BSh,BS,B,era5_local,NA,NA,NA,NA,NA,NA,NA,1.0566840206185566,badm_map,FALSE,FALSE,FALSE
US-SSH,30,10.197283333333333,934.9181666666666,Dfa,Df,D,Dfa,Df,D,era5_local,NA,NA,NA,NA,NA,NA,NA,0.8903982539682539,badm_map,FALSE,FALSE,FALSE
US-Sag,30,-3.938247222222223,22.827066666666667,BWk,BW,B,BWk,BW,B,era5_local,NA,NA,NA,NA,NA,NA,NA,0.1886534435261708,badm_map,FALSE,FALSE,FALSE
US-Seg,30,13.540183333333333,252.56323333333333,BWk,BW,B,BWk,BW,B,era5_local,NA,NA,NA,NA,NA,NA,NA,0.924111002156329,badm_map,FALSE,FALSE,FALSE
US-Ses,30,13.904911111111112,253.19693333333333,BWk,BW,B,BWk,BW,B,era5_local,NA,NA,NA,NA,NA,NA,NA,0.9204416622437431,badm_map,FALSE,FALSE,FALSE
US-Slt,30,12.172402777777778,1059.4663,Cfa,Cf,C,Cfa,Cf,C,era5_local,NA,NA,NA,NA,NA,NA,NA,0.930989718804921,badm_map,FALSE,FALSE,FALSE
US-Sne,30,14.970355555555555,338.27716666666674,Csb,Cs,C,Csb,Cs,C,era5_local,NA,NA,NA,NA,NA,NA,NA,1.0877079314040732,badm_map,FALSE,FALSE,FALSE
US-Snf,30,14.960238888888888,343.7930666666666,Csb,Cs,C,Csb,Cs,C,era5_local,NA,NA,NA,NA,NA,NA,NA,1.0231936507936505,worldclim_bio12,FALSE,FALSE,FALSE
US-Srr,30,15.043336111111111,1963.2860333333333,Csb,Cs,C,Csb,Cs,C,era5_local,NA,NA,NA,NA,NA,NA,NA,6.022349795501023,badm_map,TRUE,FALSE,TRUE
US-StJ,30,13.878533333333333,564.8426000000001,Cfa,Cf,C,Cfa,Cf,C,era5_local,NA,NA,NA,NA,NA,NA,NA,0.5038738626226584,badm_map,FALSE,FALSE,FALSE
US-Sta,30,6.015866666666667,1727.4923666666668,Dfb,Df,D,Dfb,Df,D,era5_local,NA,NA,NA,NA,NA,NA,NA,5.895878384527873,worldclim_bio12,TRUE,FALSE,TRUE
US-Syv,30,4.4334805555555565,3158.259966666667,Dfb,Df,D,Dfb,Df,D,era5_local,NA,NA,NA,NA,NA,NA,NA,3.8235592816787736,badm_map,TRUE,FALSE,TRUE
US-TKs,30,-8.726166666666666,216.6600333333333,Dfc,Df,D,Dfc,Df,D,era5_local,NA,NA,NA,NA,NA,NA,NA,0.685633016877637,badm_map,FALSE,FALSE,FALSE
US-TLR,30,17.15073611111111,1.0004666666666666,BWk,BW,B,BWk,BW,B,era5_local,NA,NA,NA,NA,NA,NA,NA,0.0021313733844624343,badm_map,FALSE,FALSE,FALSE
US-TaS,30,24.854708333333335,3536.1759333333334,Af,Af,A,Af,Af,A,era5_local,NA,NA,NA,NA,NA,NA,NA,3.58347784083232,badm_map,TRUE,FALSE,TRUE
US-Ton,30,16.45591388888889,607.5981333333335,Csa,Cs,C,Csa,Cs,C,era5_local,NA,NA,NA,NA,NA,NA,NA,1.0869376267143713,badm_map,FALSE,FALSE,FALSE
US-Tw1,30,14.64033888888889,1717.7816666666665,Csb,Cs,C,Csb,Cs,C,era5_local,NA,NA,NA,NA,NA,NA,NA,4.080241488519398,badm_map,TRUE,FALSE,TRUE
US-Tw2,30,15.379844444444444,1717.7816666666665,Csb,Cs,C,Csb,Cs,C,era5_local,NA,NA,NA,NA,NA,NA,NA,4.080241488519398,badm_map,TRUE,FALSE,TRUE
US-Tw3,30,15.342336111111111,265.8597,BSk,BS,B,BSk,BS,B,era5_local,NA,NA,NA,NA,NA,NA,NA,0.6314957244655581,badm_map,FALSE,FALSE,FALSE
US-Tw4,30,14.5157,366.2459333333333,Csb,Cs,C,Csb,Cs,C,era5_local,NA,NA,NA,NA,NA,NA,NA,0.8699428345209818,badm_map,FALSE,FALSE,FALSE
US-Tw5,30,14.519652777777777,1717.7816666666665,Csb,Cs,C,Csb,Cs,C,era5_local,NA,NA,NA,NA,NA,NA,NA,4.080241488519398,badm_map,TRUE,FALSE,TRUE
US-Twt,30,14.724355555555555,373.8043666666666,Csb,Cs,C,Csb,Cs,C,era5_local,NA,NA,NA,NA,NA,NA,NA,0.887896357878068,badm_map,FALSE,FALSE,FALSE
US-UC1,30,9.234511111111111,1084.6863666666666,Dfb,Df,D,Dfb,Df,D,era5_local,NA,NA,NA,NA,NA,NA,NA,1.0778420695251816,badm_map,FALSE,FALSE,FALSE
US-UC2,30,9.041413888888888,1036.5163666666667,Dfb,Df,D,Dfb,Df,D,era5_local,NA,NA,NA,NA,NA,NA,NA,1.0299760189463574,badm_map,FALSE,FALSE,FALSE
US-UMd,30,6.969772222222222,3229.198833333334,Dfb,Df,D,Dfb,Df,D,era5_local,NA,NA,NA,NA,NA,NA,NA,4.021418223329182,badm_map,TRUE,FALSE,TRUE
US-UTB,30,11.689994444444444,42.33186666666667,BWk,BW,B,BWk,BW,B,era5_local,NA,NA,NA,NA,NA,NA,NA,0.3054467614305987,badm_map,FALSE,FALSE,FALSE
US-UTD,30,12.198080555555556,67.78120000000001,BWk,BW,B,BWk,BW,B,era5_local,NA,NA,NA,NA,NA,NA,NA,0.31431115233016466,badm_map,FALSE,FALSE,FALSE
US-UTE,30,10.320072222222223,228.46273333333332,BWk,BW,B,BWk,BW,B,era5_local,NA,NA,NA,NA,NA,NA,NA,0.8844243658333268,badm_map,FALSE,FALSE,FALSE
US-UTJ,30,12.322072222222221,824.7116,Dsa,Ds,D,Dsa,Ds,D,era5_local,NA,NA,NA,NA,NA,NA,NA,4.189543307086614,badm_map,TRUE,FALSE,TRUE
US-UTL,30,8.906119444444444,98.10723333333334,BWk,BW,B,BWk,BW,B,era5_local,NA,NA,NA,NA,NA,NA,NA,0.5542781544256121,badm_map,FALSE,FALSE,FALSE
US-UTM,30,12.212563888888889,73.7891,BWk,BW,B,BWk,BW,B,era5_local,NA,NA,NA,NA,NA,NA,NA,0.30741615631379415,badm_map,FALSE,FALSE,FALSE
US-UTP,30,8.878388888888889,285.49806666666666,BSk,BS,B,BSk,BS,B,era5_local,NA,NA,NA,NA,NA,NA,NA,0.6813796340493238,badm_map,FALSE,FALSE,FALSE
US-UTV,30,8.158602777777778,128.37,BWk,BW,B,BWk,BW,B,era5_local,NA,NA,NA,NA,NA,NA,NA,0.7252542372881357,badm_map,FALSE,FALSE,FALSE
US-UTW,30,8.289425,822.7638333333334,Dsa,Ds,D,Dsa,Ds,D,era5_local,NA,NA,NA,NA,NA,NA,NA,3.6531561732232194,badm_map,TRUE,FALSE,TRUE
US-Uaf,30,-4.3039861111111115,258.19873333333334,Dfc,Df,D,Dfc,Df,D,era5_local,NA,NA,NA,NA,NA,NA,NA,0.9817442332065907,badm_map,FALSE,FALSE,FALSE
US-UiA,30,11.292155555555556,3837.7169000000004,Dfa,Df,D,Dfa,Df,D,era5_local,NA,NA,NA,NA,NA,NA,NA,3.6514908658420557,badm_map,TRUE,FALSE,TRUE
US-UiB,30,11.385091666666666,3837.7169000000004,Dfa,Df,D,Dfa,Df,D,era5_local,NA,NA,NA,NA,NA,NA,NA,3.6514908658420557,badm_map,TRUE,FALSE,TRUE
US-UiC,30,11.680444444444445,3837.7169000000004,Dfa,Df,D,Dfa,Df,D,era5_local,NA,NA,NA,NA,NA,NA,NA,3.6514908658420557,badm_map,TRUE,FALSE,TRUE
US-UiD,30,10.93548611111111,3837.7169000000004,Dfa,Df,D,Dfa,Df,D,era5_local,NA,NA,NA,NA,NA,NA,NA,3.6514908658420557,badm_map,TRUE,FALSE,TRUE
US-UiE,30,11.35235,985.3755666666667,Dfa,Df,D,Dfa,Df,D,era5_local,NA,NA,NA,NA,NA,NA,NA,0.9651082925236697,badm_map,FALSE,FALSE,FALSE
US-UiF,30,10.82576388888889,954.1183333333333,Dfa,Df,D,Dfa,Df,D,era5_local,NA,NA,NA,NA,NA,NA,NA,0.9344939601697682,badm_map,FALSE,FALSE,FALSE
US-UiG,30,11.188269444444444,954.1183333333333,Dfa,Df,D,Dfa,Df,D,era5_local,NA,NA,NA,NA,NA,NA,NA,0.9344939601697682,badm_map,FALSE,FALSE,FALSE
US-VT1,30,10.555080555555556,812.4177,Dfa,Df,D,Dfa,Df,D,era5_local,NA,NA,NA,NA,NA,NA,NA,0.760427286426987,badm_map,FALSE,FALSE,FALSE
US-VT2,30,10.612858333333334,810.1182666666666,Dfa,Df,D,Dfa,Df,D,era5_local,NA,NA,NA,NA,NA,NA,NA,0.7582750046020261,badm_map,FALSE,FALSE,FALSE
US-Var,30,15.912975,584.9927333333334,Csa,Cs,C,Csa,Cs,C,era5_local,NA,NA,NA,NA,NA,NA,NA,1.0464986285032798,badm_map,FALSE,FALSE,FALSE
US-Vcm,30,4.810852777777778,538.4859666666666,Dfc,Df,D,Dfc,Df,D,era5_local,NA,NA,NA,NA,NA,NA,NA,0.8335696078431372,badm_map,FALSE,FALSE,FALSE
US-Vcp,30,7.058705555555555,505.1534,Dfb,Df,D,Dfb,Df,D,era5_local,NA,NA,NA,NA,NA,NA,NA,0.9184607272727272,badm_map,FALSE,FALSE,FALSE
US-WCr,30,5.180000000000001,687.0006666666666,Dfb,Df,D,Dfb,Df,D,era5_local,NA,NA,NA,NA,NA,NA,NA,0.8729360440491316,badm_map,FALSE,FALSE,FALSE
US-WPT,30,10.812330555555555,812.0837,Dfa,Df,D,Dfa,Df,D,era5_local,NA,NA,NA,NA,NA,NA,NA,0.9565179034157834,badm_map,FALSE,FALSE,FALSE
US-WT1,30,14.180988888888889,1763.8166333333336,Cfa,Cf,C,Cfa,Cf,C,era5_local,NA,NA,NA,NA,NA,NA,NA,3.6593706085753808,badm_map,TRUE,FALSE,TRUE
US-Whs,30,17.238058333333335,310.37823333333336,BWk,BW,B,BWk,BW,B,era5_local,NA,NA,NA,NA,NA,NA,NA,0.9699319791666667,badm_map,FALSE,FALSE,FALSE
US-Wjs,30,11.813477777777777,375.64719999999994,BSk,BS,B,BSk,BS,B,era5_local,NA,NA,NA,NA,NA,NA,NA,1.0405739612188365,badm_map,FALSE,FALSE,FALSE
US-Wkg,30,17.10551388888889,334.9805666666667,BSk,BS,B,BSk,BS,B,era5_local,NA,NA,NA,NA,NA,NA,NA,0.8230480753480753,badm_map,FALSE,FALSE,FALSE
US-YK1,30,-1.1432916666666668,362.50516666666664,Dfc,Df,D,Dfc,Df,D,era5_local,NA,NA,NA,NA,NA,NA,NA,0.6904860317460317,worldclim_bio12,FALSE,FALSE,FALSE
US-YK2,30,-0.7629750000000001,400.88443333333333,Dfc,Df,D,Dfc,Df,D,era5_local,NA,NA,NA,NA,NA,NA,NA,0.7563857232704403,worldclim_bio12,FALSE,FALSE,FALSE
US-ZF2,30,10.175936111111112,457.00069999999994,BSk,BS,B,BSk,BS,B,era5_local,NA,NA,NA,NA,NA,NA,NA,0.5000007658643325,badm_map,FALSE,FALSE,FALSE
US-xAB,30,9.628647222222222,2201.8873,Csb,Cs,C,Csb,Cs,C,era5_local,NA,NA,NA,NA,NA,NA,NA,0.8985131335719152,badm_map,FALSE,FALSE,FALSE
US-xAE,30,15.66703888888889,790.6705,Cfa,Cf,C,Cfa,Cf,C,era5_local,NA,NA,NA,NA,NA,NA,NA,1.0151768633241316,badm_map,FALSE,FALSE,FALSE
US-xBA,30,-10.049655555555557,70.94716666666667,BSk,BS,B,BSk,BS,B,era5_local,NA,NA,NA,NA,NA,NA,NA,0.6449742424242425,badm_map,FALSE,FALSE,FALSE
US-xBL,30,12.217336111111111,1093.0072666666667,Cfa,Cf,C,Cfa,Cf,C,era5_local,NA,NA,NA,NA,NA,NA,NA,1.1124189778297968,badm_map,FALSE,FALSE,FALSE
US-xBN,30,-2.176252777777777,379.3319,Dfc,Df,D,Dfc,Df,D,era5_local,NA,NA,NA,NA,NA,NA,NA,1.3793887272727274,badm_map,FALSE,FALSE,FALSE
US-xBR,30,7.112183333333333,1342.6421666666668,Dfb,Df,D,Dfb,Df,D,era5_local,NA,NA,NA,NA,NA,NA,NA,1.0775619315141787,badm_map,FALSE,FALSE,FALSE
US-xCL,30,17.62056388888889,947.5983333333334,Cfa,Cf,C,Cfa,Cf,C,era5_local,NA,NA,NA,NA,NA,NA,NA,1.023755505378435,badm_map,FALSE,FALSE,FALSE
US-xCP,30,9.074297222222222,323.6106666666667,BSk,BS,B,BSk,BS,B,era5_local,NA,NA,NA,NA,NA,NA,NA,1.0112833333333335,badm_map,FALSE,FALSE,FALSE
US-xDC,30,4.746563888888889,377.5992,Dfb,Df,D,Dfb,Df,D,era5_local,NA,NA,NA,NA,NA,NA,NA,0.7710197247519092,badm_map,FALSE,FALSE,FALSE
US-xDJ,30,-1.0789805555555554,239.51666666666665,BSk,BS,B,BSk,BS,B,era5_local,NA,NA,NA,NA,NA,NA,NA,0.7983888888888888,badm_map,FALSE,FALSE,FALSE
US-xDL,30,18.156188888888888,1300.6067,Cfa,Cf,C,Cfa,Cf,C,era5_local,NA,NA,NA,NA,NA,NA,NA,0.9479640670553936,badm_map,FALSE,FALSE,FALSE
US-xDS,30,21.913438888888887,1150.9070666666667,Cfa,Cf,C,Cfa,Cf,C,era5_local,NA,NA,NA,NA,NA,NA,NA,0.9463995811713498,badm_map,FALSE,FALSE,FALSE
US-xGR,30,13.83938888888889,1378.7163666666665,Cfa,Cf,C,Cfa,Cf,C,era5_local,NA,NA,NA,NA,NA,NA,NA,1.002702812121212,badm_map,FALSE,FALSE,FALSE
US-xHE,30,-1.6606416666666663,256.20869999999996,Dfc,Df,D,Dfc,Df,D,era5_local,NA,NA,NA,NA,NA,NA,NA,0.8006521874999999,badm_map,FALSE,FALSE,FALSE
US-xJE,30,19.42616388888889,1203.0439999999999,Cfa,Cf,C,Cfa,Cf,C,era5_local,NA,NA,NA,NA,NA,NA,NA,0.9197795056461538,badm_map,FALSE,FALSE,FALSE
US-xJR,30,16.370444444444445,203.24796666666663,BWk,BW,B,BWk,BW,B,era5_local,NA,NA,NA,NA,NA,NA,NA,0.7490803326822196,badm_map,FALSE,FALSE,FALSE
US-xKZ,30,12.556750000000001,891.7298333333333,Dfa,Df,D,Dfa,Df,D,era5_local,NA,NA,NA,NA,NA,NA,NA,1.0245293243564113,badm_map,FALSE,FALSE,FALSE
US-xLE,30,18.021008333333334,1463.2431000000001,Cfa,Cf,C,Cfa,Cf,C,era5_local,NA,NA,NA,NA,NA,NA,NA,1.0555481734764545,badm_map,FALSE,FALSE,FALSE
US-xMB,30,10.8851,192.30396666666664,BWk,BW,B,BWk,BW,B,era5_local,NA,NA,NA,NA,NA,NA,NA,0.6019657129739768,badm_map,FALSE,FALSE,FALSE
US-xML,30,8.723436111111111,1361.8994666666667,Dfb,Df,D,Dfb,Df,D,era5_local,NA,NA,NA,NA,NA,NA,NA,1.1092012401383482,badm_map,FALSE,FALSE,FALSE
US-xNG,30,5.847347222222222,336.91363333333334,BSk,BS,B,BSk,BS,B,era5_local,NA,NA,NA,NA,NA,NA,NA,0.7380202697275708,badm_map,FALSE,FALSE,FALSE
US-xNQ,30,9.745138888888889,233.8227,BWk,BW,B,BWk,BW,B,era5_local,NA,NA,NA,NA,NA,NA,NA,0.8110114113280843,badm_map,FALSE,FALSE,FALSE
US-xNW,30,-1.1337111111111111,1610.897433333333,ET,ET,E,ET,ET,E,era5_local,NA,NA,NA,NA,NA,NA,NA,1.6036170120984063,badm_map,FALSE,FALSE,FALSE
US-xPU,30,12.884316666666667,2372.7130666666667,Cfb,Cf,C,Cfb,Cf,C,era5_local,NA,NA,NA,NA,NA,NA,NA,0.8836920173805091,badm_map,FALSE,FALSE,FALSE
US-xRM,30,4.505397222222221,416.0914333333333,Dfb,Df,D,Dfb,Df,D,era5_local,NA,NA,NA,NA,NA,NA,NA,0.5695279614193095,badm_map,FALSE,FALSE,FALSE
US-xRN,30,14.699630555555556,1545.3926666666666,Cfa,Cf,C,Cfa,Cf,C,era5_local,NA,NA,NA,NA,NA,NA,NA,1.1530027655087343,badm_map,FALSE,FALSE,FALSE
US-xSB,30,20.535755555555557,1101.3257666666666,Cfa,Cf,C,Cfa,Cf,C,era5_local,NA,NA,NA,NA,NA,NA,NA,0.8458138582330459,badm_map,FALSE,FALSE,FALSE
US-xSC,30,12.398972222222222,1040.1001666666668,Cfa,Cf,C,Cfa,Cf,C,era5_local,NA,NA,NA,NA,NA,NA,NA,0.9241227602547017,badm_map,FALSE,FALSE,FALSE
US-xSE,30,13.696,1121.9486333333334,Cfa,Cf,C,Cfa,Cf,C,era5_local,NA,NA,NA,NA,NA,NA,NA,1.0440130585151755,badm_map,FALSE,FALSE,FALSE
US-xSJ,30,17.875655555555554,421.12636666666657,Csa,Cs,C,Csa,Cs,C,era5_local,NA,NA,NA,NA,NA,NA,NA,0.7804128213681231,badm_map,FALSE,FALSE,FALSE
US-xSL,30,8.983819444444444,416.7661666666668,BSk,BS,B,BSk,BS,B,era5_local,NA,NA,NA,NA,NA,NA,NA,0.9632425790248151,badm_map,FALSE,FALSE,FALSE
US-xSP,30,14.244277777777778,568.4880999999999,Csa,Cs,C,Csa,Cs,C,era5_local,NA,NA,NA,NA,NA,NA,NA,0.6314078969289719,badm_map,FALSE,FALSE,FALSE
US-xSR,30,19.80621111111111,313.4504333333333,BWh,BW,B,BWh,BW,B,era5_local,NA,NA,NA,NA,NA,NA,NA,0.9059261078998072,badm_map,FALSE,FALSE,FALSE
US-xST,30,5.51715,727.1521333333333,Dfb,Df,D,Dfb,Df,D,era5_local,NA,NA,NA,NA,NA,NA,NA,0.9117209154588161,badm_map,FALSE,FALSE,FALSE
US-xTE,30,8.602125,555.1968999999999,Csb,Cs,C,Csb,Cs,C,era5_local,NA,NA,NA,NA,NA,NA,NA,0.45414879345603265,badm_map,FALSE,FALSE,FALSE
US-xTL,30,-6.597691666666667,367.4055333333333,Dfc,Df,D,Dfc,Df,D,era5_local,NA,NA,NA,NA,NA,NA,NA,1.1099865055387714,badm_map,FALSE,FALSE,FALSE
US-xTR,30,5.513688888888889,682.6324999999999,Dfb,Df,D,Dfb,Df,D,era5_local,NA,NA,NA,NA,NA,NA,NA,0.8559011234264506,badm_map,FALSE,FALSE,FALSE
US-xUK,30,12.857063888888888,926.3591666666666,Dfa,Df,D,Dfa,Df,D,era5_local,NA,NA,NA,NA,NA,NA,NA,0.9351212528054538,badm_map,FALSE,FALSE,FALSE
US-xUN,30,4.740788888888888,659.0398333333334,Dfb,Df,D,Dfb,Df,D,era5_local,NA,NA,NA,NA,NA,NA,NA,0.8214381569653912,badm_map,FALSE,FALSE,FALSE
US-xWD,30,4.586149999999999,560.4637333333333,Dfb,Df,D,Dfb,Df,D,era5_local,NA,NA,NA,NA,NA,NA,NA,1.135093432706848,badm_map,FALSE,FALSE,FALSE
US-xWR,30,9.099213888888888,2135.3224333333333,Csb,Cs,C,Csb,Cs,C,era5_local,NA,NA,NA,NA,NA,NA,NA,0.959691162436723,badm_map,FALSE,FALSE,FALSE
US-xYE,30,2.963650000000001,488.4209333333333,Dfb,Df,D,Dfb,Df,D,era5_local,NA,NA,NA,NA,NA,NA,NA,0.9898284154777345,badm_map,FALSE,FALSE,FALSE
VU-Coc,30,24.728580555555556,2593.5981,Af,Af,A,Af,Af,A,era5_local,NA,NA,NA,NA,NA,NA,NA,0.9386891422366993,badm_map,FALSE,FALSE,FALSE
ZA-BfK,30,18.229297222222222,479.7237666666667,BSh,BS,B,BSh,BS,B,era5_local,NA,NA,NA,NA,NA,NA,NA,1.0878089947089948,badm_map,FALSE,FALSE,FALSE
ZA-BfS,30,18.62238888888889,393.14160000000004,BSh,BS,B,BSh,BS,B,era5_local,NA,NA,NA,NA,NA,NA,NA,0.8834642696629215,badm_map,FALSE,FALSE,FALSE
ZA-Jks,30,17.190177777777777,1747.7135,Cfb,Cf,C,Cfb,Cf,C,era5_local,NA,NA,NA,NA,NA,NA,NA,1.698458211856171,badm_map,FALSE,FALSE,FALSE
ZA-Spk,30,17.553005555555554,461.5525666666667,BSk,BS,B,BSk,BS,B,era5_local,NA,NA,NA,NA,NA,NA,NA,0.5614994728304947,badm_map,FALSE,FALSE,FALSE
ZA-Uby,30,21.440344444444445,1091.3175333333334,Cfa,Cf,C,Cfa,Cf,C,era5_local,NA,NA,NA,NA,NA,NA,NA,1.2515109327217127,badm_map,FALSE,FALSE,FALSE
BE-Vie,30,8.375705555555555,918.7797333333334,Cfb,Cf,C,Cfb,Cf,C,era5_local,NA,NA,NA,NA,NA,NA,NA,1.0034728411242173,badm_map,FALSE,FALSE,FALSE
CD-Ygb,30,23.90563611111111,2433.6065999999996,Af,Af,A,Af,Af,A,era5_local,NA,NA,NA,NA,NA,NA,NA,1.343272396092068,badm_map,FALSE,FALSE,FALSE
CZ-Lnz,30,10.510530555555555,518.4126,Cfb,Cf,C,Cfb,Cf,C,era5_local,NA,NA,NA,NA,NA,NA,NA,1.0007366354523186,badm_map,FALSE,FALSE,FALSE
DE-Gwg,30,6.164938888888889,1172.6762,Dfb,Df,D,Dfb,Df,D,era5_local,NA,NA,NA,NA,NA,NA,NA,0.7256659653465347,badm_map,FALSE,FALSE,FALSE
DE-Hai,30,8.316305555555555,729.2309333333333,Cfb,Cf,C,Cfb,Cf,C,era5_local,NA,NA,NA,NA,NA,NA,NA,0.9801491039426522,badm_map,FALSE,FALSE,FALSE
DE-RuW,30,8.175958333333334,1095.6655999999998,Cfb,Cf,C,Cfb,Cf,C,era5_local,NA,NA,NA,NA,NA,NA,NA,0.8765324799999998,badm_map,FALSE,FALSE,FALSE
DE-Tha,30,9.037730555555555,804.5215333333333,Cfb,Cf,C,Cfb,Cf,C,era5_local,NA,NA,NA,NA,NA,NA,NA,0.9704722959388822,badm_map,FALSE,FALSE,FALSE
FI-Hyy,30,4.365738888888889,688.5662333333333,Dfc,Df,D,Dfc,Df,D,era5_local,NA,NA,NA,NA,NA,NA,NA,0.9684475855602438,badm_map,FALSE,FALSE,FALSE
FI-Ken,30,0.8841305555555551,627.2816000000001,Dfc,Df,D,Dfc,Df,D,era5_local,NA,NA,NA,NA,NA,NA,NA,1.2960363636363639,badm_map,FALSE,FALSE,FALSE
FR-CLt,30,3.7200055555555553,1523.7227666666665,Dfc,Df,D,Dfc,Df,D,era5_local,NA,NA,NA,NA,NA,NA,NA,1.1613740599593494,badm_map,FALSE,FALSE,FALSE
FR-EM2,30,10.395261111111111,647.6893333333333,Cfb,Cf,C,Cfb,Cf,C,era5_local,NA,NA,NA,NA,NA,NA,NA,0.95248431372549,badm_map,FALSE,FALSE,FALSE
FR-Gri,30,11.266666666666666,574.3015,Cfb,Cf,C,Cfb,Cf,C,era5_local,NA,NA,NA,NA,NA,NA,NA,0.9613671364960328,badm_map,FALSE,FALSE,FALSE
FR-Hes,30,10.290436111111111,915.2581333333333,Cfb,Cf,C,Cfb,Cf,C,era5_local,NA,NA,NA,NA,NA,NA,NA,1.029536707911511,badm_map,FALSE,FALSE,FALSE
FR-Pue,30,13.901080555555556,930.8250333333334,Csa,Cs,C,Csa,Cs,C,era5_local,NA,NA,NA,NA,NA,NA,NA,1.0073863997113999,badm_map,FALSE,FALSE,FALSE
IT-BCi,30,17.3736,952.5521666666667,Csa,Cs,C,Csa,Cs,C,era5_local,NA,NA,NA,NA,NA,NA,NA,1.0057142203546114,badm_map,FALSE,FALSE,FALSE
JP-Om2,30,16.049341666666667,5337.6410000000005,Cfa,Cf,C,Cfa,Cf,C,era5_local,NA,NA,NA,NA,NA,NA,NA,4.42260419255945,badm_map,TRUE,FALSE,TRUE
NL-Loo,30,10.088475,1033.0346333333334,Cfb,Cf,C,Cfb,Cf,C,era5_local,NA,NA,NA,NA,NA,NA,NA,1.1478162592592593,badm_map,FALSE,FALSE,FALSE
DK-Fou,30,8.28058888888889,721.6794333333333,Cfb,Cf,C,Cfb,Cf,C,era5_local,NA,NA,NA,NA,NA,NA,NA,1.0107555088702147,worldclim_bio12,FALSE,FALSE,FALSE
ES-Pdu,30,16.579180555555556,2328.5836333333336,Csa,Cs,C,Csa,Cs,C,era5_local,NA,NA,NA,NA,NA,NA,NA,5.106543055555556,worldclim_bio12,TRUE,FALSE,TRUE
IT-Cpz,30,15.464227777777777,855.9554,Csa,Cs,C,Csa,Cs,C,era5_local,NA,NA,NA,NA,NA,NA,NA,1.1218288335517694,worldclim_bio12,FALSE,FALSE,FALSE
IT-PT1,30,13.633688888888889,789.2592000000002,Cfa,Cf,C,Cfa,Cf,C,era5_local,NA,NA,NA,NA,NA,NA,NA,1.0276812500000003,worldclim_bio12,FALSE,FALSE,FALSE
SJ-Adv,30,-5.047338888888889,150.65223333333336,BSk,BS,B,BSk,BS,B,era5_local,NA,NA,NA,NA,NA,NA,NA,0.48913062770562776,worldclim_bio12,FALSE,FALSE,FALSE
IT-MtP,30,5.8109166666666665,571.6022666666667,Dfb,Df,D,Dfb,Df,D,era5_local,NA,NA,NA,NA,NA,NA,NA,1.0430698296836982,worldclim_bio12,FALSE,FALSE,FALSE
IT-Ro1,30,15.591922222222223,860.8764666666666,Csa,Cs,C,Csa,Cs,C,era5_local,NA,NA,NA,NA,NA,NA,NA,2.2714418645558485,worldclim_bio12,FALSE,FALSE,FALSE
JP-Nkm,30,-0.4741833333333335,8195.526133333333,Dfc,Df,D,Dfc,Df,D,era5_local,NA,NA,NA,NA,NA,NA,NA,4.200679719801811,worldclim_bio12,TRUE,FALSE,TRUE
JP-Tgf,30,14.206725,1127.2060333333334,Cfa,Cf,C,Cfa,Cf,C,era5_local,NA,NA,NA,NA,NA,NA,NA,0.8456159289822456,worldclim_bio12,FALSE,FALSE,FALSE
US-xTA,30,17.64024722222222,1236.4183333333333,Cfa,Cf,C,Cfa,Cf,C,era5_local,NA,NA,NA,NA,NA,NA,NA,0.8532907752472969,worldclim_bio12,FALSE,FALSE,FALSE
ES-LgS,30,6.329566666666667,468.66670000000005,Dsb,Ds,D,Dsb,Ds,D,era5_local,NA,NA,NA,NA,NA,NA,NA,0.6166667105263158,worldclim_bio12,FALSE,FALSE,FALSE
FI-Si2,30,4.688863888888888,2563.5688,Dfb,Df,D,Dfb,Df,D,era5_local,NA,NA,NA,NA,NA,NA,NA,3.8841951515151516,worldclim_bio12,TRUE,FALSE,TRUE
IT-Ro2,30,15.39983611111111,793.803,Csa,Cs,C,Csa,Cs,C,era5_local,NA,NA,NA,NA,NA,NA,NA,2.0944670184696568,worldclim_bio12,FALSE,FALSE,FALSE
US-KLS,30,13.43845,352.75226666666674,BSk,BS,B,BSk,BS,B,era5_local,NA,NA,NA,NA,NA,NA,NA,0.46784120247568534,worldclim_bio12,FALSE,FALSE,FALSE
DK-Eng,30,8.195244444444445,2593.977366666667,Cfb,Cf,C,Cfb,Cf,C,era5_local,NA,NA,NA,NA,NA,NA,NA,4.280490704070408,worldclim_bio12,TRUE,FALSE,TRUE
ES-Ln2,30,8.775391666666668,2328.5836333333336,Csb,Cs,C,Csb,Cs,C,era5_local,NA,NA,NA,NA,NA,NA,NA,2.958810207539179,worldclim_bio12,TRUE,FALSE,TRUE
IT-MtM,30,6.037722222222222,694.7573,Dfb,Df,D,Dfb,Df,D,era5_local,NA,NA,NA,NA,NA,NA,NA,1.202002249134948,worldclim_bio12,FALSE,FALSE,FALSE
HK-MPM,30,23.557108333333332,1647.0130666666666,Cfa,Cf,C,Cfa,Cf,C,era5_local,NA,NA,NA,NA,NA,NA,NA,0.8623105061082025,worldclim_bio12,FALSE,FALSE,FALSE
US-xKA,30,12.549080555555555,868.9191333333332,Dfa,Df,D,Dfa,Df,D,era5_local,NA,NA,NA,NA,NA,NA,NA,0.9785125375375374,worldclim_bio12,FALSE,FALSE,FALSE
US-LS2,30,15.898594444444445,316.22999999999996,BSk,BS,B,BSk,BS,B,era5_local,NA,NA,NA,NA,NA,NA,NA,0.8808635097493035,worldclim_bio12,FALSE,FALSE,FALSE
US-ZF1,30,10.242347222222222,318.59880000000004,BSk,BS,B,BSk,BS,B,era5_local,NA,NA,NA,NA,NA,NA,NA,0.3308398753894081,worldclim_bio12,FALSE,FALSE,FALSE
US-xHA,30,8.002308333333334,1127.1006999999997,Dfb,Df,D,Dfb,Df,D,era5_local,NA,NA,NA,NA,NA,NA,NA,1.0218501359927468,worldclim_bio12,FALSE,FALSE,FALSE
BE-Maa,30,10.224916666666667,704.4602333333335,Cfb,Cf,C,Cfb,Cf,C,era5_local,NA,NA,NA,NA,NA,NA,NA,0.8395426448973108,badm_map,FALSE,FALSE,FALSE
CH-Dav,30,4.089433333333333,879.0585333333333,Dfc,Df,D,Dfc,Df,D,era5_local,NA,NA,NA,NA,NA,NA,NA,1.0034914764079148,badm_map,FALSE,FALSE,FALSE
CZ-BK1,30,6.3718611111111105,1218.5815,Dfb,Df,D,Dfb,Df,D,era5_local,NA,NA,NA,NA,NA,NA,NA,0.9106668310764356,badm_map,FALSE,FALSE,FALSE
CZ-wet,30,8.273824999999999,575.1535666666666,Dfb,Df,D,Dfb,Df,D,era5_local,NA,NA,NA,NA,NA,NA,NA,0.9538201768933111,badm_map,FALSE,FALSE,FALSE
DE-Amv,30,10.346322222222222,675.4397666666666,Cfb,Cf,C,Cfb,Cf,C,era5_local,NA,NA,NA,NA,NA,NA,NA,0.8089099001996007,badm_map,FALSE,FALSE,FALSE
DE-Brs,30,9.950480555555556,671.8451,Cfb,Cf,C,Cfb,Cf,C,era5_local,NA,NA,NA,NA,NA,NA,NA,1.08730393267519,badm_map,FALSE,FALSE,FALSE
DE-Fen,30,8.019316666666667,948.8637333333331,Dfb,Df,D,Dfb,Df,D,era5_local,NA,NA,NA,NA,NA,NA,NA,0.87776478569226,badm_map,FALSE,FALSE,FALSE
DE-Gri,30,8.372483333333333,912.2571666666665,Dfb,Df,D,Dfb,Df,D,era5_local,NA,NA,NA,NA,NA,NA,NA,1.1547559071729956,worldclim_bio12,FALSE,FALSE,FALSE
DE-GsB,30,9.153455555555556,513.3818666666665,Cfb,Cf,C,Cfb,Cf,C,era5_local,NA,NA,NA,NA,NA,NA,NA,0.8836176706827307,badm_map,FALSE,FALSE,FALSE
DE-Har,30,11.4488,610.4904333333333,Cfb,Cf,C,Cfb,Cf,C,era5_local,NA,NA,NA,NA,NA,NA,NA,0.952403172126885,badm_map,FALSE,FALSE,FALSE
DE-HoH,30,9.3361,491.82596666666666,Cfb,Cf,C,Cfb,Cf,C,era5_local,NA,NA,NA,NA,NA,NA,NA,0.8735807578448787,badm_map,FALSE,FALSE,FALSE
DE-Hte,30,9.659405555555555,607.5053,Cfb,Cf,C,Cfb,Cf,C,era5_local,NA,NA,NA,NA,NA,NA,NA,0.9418686821705426,badm_map,FALSE,FALSE,FALSE
DE-Hzd,30,9.128919444444444,3285.067666666667,Cfb,Cf,C,Cfb,Cf,C,era5_local,NA,NA,NA,NA,NA,NA,NA,3.745801216267579,badm_map,TRUE,FALSE,TRUE
DE-Kli,30,7.830205555555556,782.8155999999999,Dfb,Df,D,Dfb,Df,D,era5_local,NA,NA,NA,NA,NA,NA,NA,1.0354703703703703,badm_map,FALSE,FALSE,FALSE
DE-Msr,30,7.60685,1160.6923,Dfb,Df,D,Dfb,Df,D,era5_local,NA,NA,NA,NA,NA,NA,NA,0.8392569052783803,badm_map,FALSE,FALSE,FALSE
DE-RuR,30,8.0344,885.9961000000001,Cfb,Cf,C,Cfb,Cf,C,era5_local,NA,NA,NA,NA,NA,NA,NA,0.8576922555663118,badm_map,FALSE,FALSE,FALSE
DE-RuS,30,10.717916666666666,578.2699666666667,Cfb,Cf,C,Cfb,Cf,C,era5_local,NA,NA,NA,NA,NA,NA,NA,0.82846700095510994,badm_map,FALSE,FALSE,FALSE
DK-RCW,30,9.000625,455.2713666666667,BSk,BS,B,BSk,BS,B,era5_local,NA,NA,NA,NA,NA,NA,NA,0.6241724248240564,badm_map,FALSE,FALSE,FALSE
ES-LMa,30,16.550741666666667,696.9402333333334,Csa,Cs,C,Csa,Cs,C,era5_local,NA,NA,NA,NA,NA,NA,NA,1.0402093034825872,badm_map,FALSE,FALSE,FALSE
FI-Let,30,5.1246,577.1783333333334,Dfb,Df,D,Dfb,Df,D,era5_local,NA,NA,NA,NA,NA,NA,NA,0.9205396065922383,badm_map,FALSE,FALSE,FALSE
FI-Var,30,-0.32580000000000015,519.2669,Dfc,Df,D,Dfc,Df,D,era5_local,NA,NA,NA,NA,NA,NA,NA,0.8640048252911813,badm_map,FALSE,FALSE,FALSE
FR-Aur,30,13.078005555555556,688.4235,Cfb,Cf,C,Cfb,Cf,C,era5_local,NA,NA,NA,NA,NA,NA,NA,1.0298032909498878,badm_map,FALSE,FALSE,FALSE
FR-Bil,30,13.567677777777778,935.3115666666666,Cfb,Cf,C,Cfb,Cf,C,era5_local,NA,NA,NA,NA,NA,NA,NA,0.9741814047147866,badm_map,FALSE,FALSE,FALSE
FR-LGt,30,10.368036111111111,687.4911333333333,Cfb,Cf,C,Cfb,Cf,C,era5_local,NA,NA,NA,NA,NA,NA,NA,0.9824810765749672,badm_map,FALSE,FALSE,FALSE
FR-Mej,30,11.671352777777777,716.1552333333334,Cfb,Cf,C,Cfb,Cf,C,era5_local,NA,NA,NA,NA,NA,NA,NA,0.9919047553093261,badm_map,FALSE,FALSE,FALSE
FR-Tou,30,14.028172222222222,603.8277666666667,Cfa,Cf,C,Cfa,Cf,C,era5_local,NA,NA,NA,NA,NA,NA,NA,1.109977512254902,badm_map,FALSE,FALSE,FALSE
GF-Guy,30,25.638069444444444,2783.7333666666664,Af,Af,A,Af,Af,A,era5_local,NA,NA,NA,NA,NA,NA,NA,0.897688928302698,badm_map,FALSE,FALSE,FALSE
GL-Dsk,30,-3.184191666666667,2107.908033333333,ET,ET,E,ET,ET,E,era5_local,NA,NA,NA,NA,NA,NA,NA,4.971481210691824,worldclim_bio12,TRUE,FALSE,TRUE
GL-NuF,30,-0.9770972222222225,853.3002666666667,ET,ET,E,ET,ET,E,era5_local,NA,NA,NA,NA,NA,NA,NA,1.091176811594203,badm_map,FALSE,FALSE,FALSE
GL-ZaH,30,-9.34176388888889,628.1780333333332,ET,ET,E,ET,ET,E,era5_local,NA,NA,NA,NA,NA,NA,NA,2.482917127799736,badm_map,FALSE,FALSE,FALSE
IE-Cra,30,9.562808333333333,3474.4631333333327,Cfb,Cf,C,Cfb,Cf,C,era5_local,NA,NA,NA,NA,NA,NA,NA,3.934839335598338,badm_map,TRUE,FALSE,TRUE
IT-BFt,30,14.995361111111112,594.1236333333335,Cfa,Cf,C,Cfa,Cf,C,era5_local,NA,NA,NA,NA,NA,NA,NA,0.8524011956001916,badm_map,FALSE,FALSE,FALSE
IT-Cp2,30,16.283844444444444,777.9245999999999,Csa,Cs,C,Csa,Cs,C,era5_local,NA,NA,NA,NA,NA,NA,NA,1.294383693843594,badm_map,FALSE,FALSE,FALSE
IT-Lsn,30,13.670041666666666,1014.1034666666666,Cfa,Cf,C,Cfa,Cf,C,era5_local,NA,NA,NA,NA,NA,NA,NA,0.9219122424242423,badm_map,FALSE,FALSE,FALSE
IT-MBo,30,5.009930555555555,1136.8581,Dfc,Df,D,Dfc,Df,D,era5_local,NA,NA,NA,NA,NA,NA,NA,0.8328630769230768,badm_map,FALSE,FALSE,FALSE
IT-Niv,30,0.1016055555555555,5981.665933333333,ET,ET,E,ET,ET,E,era5_local,NA,NA,NA,NA,NA,NA,NA,5.253065718216679,badm_map,FALSE,TRUE,TRUE
IT-Noe,30,16.383166666666668,552.2558333333333,Csa,Cs,C,Csa,Cs,C,era5_local,NA,NA,NA,NA,NA,NA,NA,0.91281955922865,badm_map,FALSE,FALSE,FALSE
IT-Ren,30,4.385725,870.9434,Dfc,Df,D,Dfc,Df,D,era5_local,NA,NA,NA,NA,NA,NA,NA,0.8971398846312321,badm_map,FALSE,FALSE,FALSE
IT-SR2,30,14.985897222222222,977.5978333333334,Csa,Cs,C,Csa,Cs,C,era5_local,NA,NA,NA,NA,NA,NA,NA,1.029050350877193,badm_map,FALSE,FALSE,FALSE
IT-Tor,30,2.9865055555555555,863.2786666666667,Dfc,Df,D,Dfc,Df,D,era5_local,NA,NA,NA,NA,NA,NA,NA,0.9135223985890653,badm_map,FALSE,FALSE,FALSE
IT-TrF,30,3.8526527777777777,936.2529333333334,Dfc,Df,D,Dfc,Df,D,era5_local,NA,NA,NA,NA,NA,NA,NA,1.0579129190207157,badm_map,FALSE,FALSE,FALSE
JP-Api,30,6.1159888888888885,5371.742266666666,Dfb,Df,D,Dfb,Df,D,era5_local,NA,NA,NA,NA,NA,NA,NA,2.8741264134118065,badm_map,TRUE,FALSE,TRUE
NL-Vkp,30,10.304252777777778,813.6464666666668,Cfb,Cf,C,Cfb,Cf,C,era5_local,NA,NA,NA,NA,NA,NA,NA,0.9594887578616353,badm_map,FALSE,FALSE,FALSE
SE-Svb,30,3.0011166666666664,580.8159666666667,Dfc,Df,D,Dfc,Df,D,era5_local,NA,NA,NA,NA,NA,NA,NA,0.9459543431053203,badm_map,FALSE,FALSE,FALSE
ZM-Mon,30,22.414797222222223,503.8849666666666,BSh,BS,B,BSh,BS,B,era5_local,NA,NA,NA,NA,NA,NA,NA,0.5332116049382716,badm_map,FALSE,FALSE,FALSE
