site_id,PET_mm,P_mm,n_months,n_years_min,ai_value,unep_class_7,ratio,ref_source,excluded_grp_era_down,excluded_p_era_ratio,excluded_fig4_geo_vs_data,invalid_era5_input
AR-Bal,773.66718909979,422.3624666666667,12,30,0.5459226817646381,Dry Sub-Humid,0.4561149748020159,badm_map,FALSE,FALSE,FALSE,FALSE
AR-CCa,720.3310896763302,3554.8036,12,30,4.934957897759622,Hyper-Humid,3.3535883018867927,badm_map,TRUE,FALSE,TRUE,FALSE
AR-CCg,918.4271050988303,3460.3583333333336,12,30,3.767700576477401,Hyper-Humid,3.264488993710692,badm_map,TRUE,FALSE,TRUE,FALSE
AR-TF1,452.1619055977328,3586.6913333333337,12,30,7.9323164754269335,Hyper-Humid,5.450898682877407,worldclim_bio12,TRUE,FALSE,TRUE,FALSE
AR-TF2,399.65870110257094,3849.4612666666667,12,30,9.631871534503928,Hyper-Humid,7.263134465408805,badm_map,TRUE,FALSE,TRUE,FALSE
BR-CST,1583.3176334648037,661.4289333333332,12,30,0.41774873174747373,Semi-Arid,1.0302631360332293,badm_map,FALSE,FALSE,FALSE,FALSE
BR-ITA,1123.2144870937598,2457.0402,12,30,2.18750757600841,Hyper-Humid,1.698023635107118,badm_map,FALSE,FALSE,FALSE,FALSE
BR-Ji3,1286.5284453585766,6879.8211,12,30,5.347585686752912,Hyper-Humid,3.30284258281325,worldclim_bio12,TRUE,FALSE,TRUE,FALSE
BR-Ma2,1288.7317793322954,2495.351366666667,12,30,1.9362844982060838,Humid (moderate),1.108060109532268,badm_map,FALSE,FALSE,FALSE,FALSE
BR-Ma3,1253.7727909567966,2134.5123000000003,12,30,1.7024713850833224,Humid (moderate),0.764510136103152,badm_map,FALSE,FALSE,FALSE,FALSE
BR-Npw,1470.760515403128,1433.2037,12,30,0.974464357038553,Humid (low),0.9644708613728129,badm_map,FALSE,FALSE,FALSE,FALSE
BR-Sa1,1295.3735464039873,2009.152166666667,12,30,1.551021458052899,Humid (moderate),0.9683641075321681,badm_map,FALSE,FALSE,FALSE,FALSE
BR-Sa3,1317.0678536592118,1457.5392666666667,12,30,1.1066546515558655,Humid (moderate),0.7131620811865653,badm_map,FALSE,FALSE,FALSE,FALSE
BR-SM1,988.5216386723503,5637.838066666666,12,30,5.703302635072971,Hyper-Humid,3.3163753333333332,badm_map,TRUE,FALSE,TRUE,FALSE
BR-Xpw,1410.8370270613716,1431.8699666666666,12,30,1.0149081284385515,Humid (moderate),0.9609865548098434,badm_map,FALSE,FALSE,FALSE,FALSE
CA-ARB,644.8244046614091,488.89663333333334,12,30,0.7581856855899369,Humid (low),0.698423761904762,badm_map,FALSE,FALSE,FALSE,FALSE
CA-ARF,659.7606254275998,488.89456666666666,12,30,0.741018102360697,Humid (low),0.6984208095238095,badm_map,FALSE,FALSE,FALSE,FALSE
CA-BOU,610.0508688688783,711.3454333333334,12,30,1.1660428164822874,Humid (moderate),0.7036057698648204,badm_map,FALSE,FALSE,FALSE,FALSE
CA-Ca1,485.5904581258185,1315.8228666666666,12,30,2.709737896714872,Hyper-Humid,0.9611562210859508,badm_map,FALSE,FALSE,FALSE,FALSE
CA-Ca2,466.89427752868033,1178.4454666666666,12,30,2.5240092316065645,Hyper-Humid,0.7994881049298959,badm_map,FALSE,FALSE,FALSE,FALSE
CA-Ca3,608.1661180168384,1772.5385666666666,12,30,2.9145631664695766,Hyper-Humid,1.0576005767700876,badm_map,FALSE,FALSE,FALSE,FALSE
CA-Cbo,687.788495205494,3332.777966666667,12,30,4.845643667928636,Hyper-Humid,3.803064982388875,badm_map,TRUE,FALSE,TRUE,FALSE
CA-CF1,382.98351851318716,3649.1881,12,30,9.528316294567512,Hyper-Humid,8.073425,badm_map,FALSE,TRUE,TRUE,FALSE
CA-CF2,425.1877810138807,4963.8835,12,30,11.674567618484664,Hyper-Humid,10.98204314159292,badm_map,FALSE,TRUE,TRUE,FALSE
CA-CF3,407.3222663132595,252.51989999999998,12,30,0.6199511317797549,Dry Sub-Humid,0.6055633093525179,worldclim_bio12,FALSE,FALSE,FALSE,FALSE
CA-DB2,611.8196258076033,1196.4158333333332,12,30,1.9555041761762082,Humid (moderate),0.8915170144063586,worldclim_bio12,FALSE,FALSE,FALSE,FALSE
CA-DBB,633.66000967088155,1139.3527,12,30,1.7980505043892094,Humid (moderate),1.01006445035461,badm_map,FALSE,FALSE,FALSE,FALSE
CA-DSM,686.8856038381101,1166.4762333333335,12,30,1.6982103378137716,Humid (moderate),1.0822752211294615,badm_map,FALSE,FALSE,FALSE,FALSE
CA-EM1,694.3790798328323,395.9318333333333,12,30,0.5701955096755674,Dry Sub-Humid,0.784334059693608,badm_map,FALSE,FALSE,FALSE,FALSE
CA-EM2,658.4992539118188,298.7585666666667,12,30,0.4536961354046943,Semi-Arid,0.6310911843402338,badm_map,FALSE,FALSE,FALSE,FALSE
CA-Gro,646.50457947417,822.5417666666667,12,30,1.2722907041674405,Humid (moderate),0.9898216205375051,badm_map,FALSE,FALSE,FALSE,FALSE
CA-HPC,448.9587474017492,1114.4470666666666,12,30,2.482292801100961,Hyper-Humid,4.631949570518149,badm_map,FALSE,TRUE,TRUE,FALSE
CA-KLP,643.2488833149113,573.9364666666665,12,30,0.8922463474929783,Humid (low),0.8440242156862743,badm_map,FALSE,FALSE,FALSE,FALSE
CA-LP1,561.0679766171227,537.0924333333334,12,30,0.9572680240488036,Humid (low),0.9422674269005848,badm_map,FALSE,FALSE,FALSE,FALSE
CA-LU1,596.5286308771889,384.5509333333333,12,30,0.6446479069543658,Dry Sub-Humid,1.0146462620932277,badm_map,FALSE,FALSE,FALSE,FALSE
CA-LU2,607.918752397843,358.30706666666674,12,30,0.5893995953462186,Dry Sub-Humid,0.9454012313104664,badm_map,FALSE,FALSE,FALSE,FALSE
CA-MA1,777.4443483477324,443.61256666666674,12,30,0.5706036291979697,Dry Sub-Humid,0.863059468223087,badm_map,FALSE,FALSE,FALSE,FALSE
CA-MA2,926.9168813283051,462.4175666666667,12,30,0.4988770578911086,Semi-Arid,0.8996450713359274,badm_map,FALSE,FALSE,FALSE,FALSE
CA-MA3,955.254459363289,473.8713333333333,12,30,0.49606817187661745,Semi-Arid,0.921928664072633,badm_map,FALSE,FALSE,FALSE,FALSE
CA-Man,570.4267938748409,328.08063333333337,12,30,0.5751494089271665,Dry Sub-Humid,0.6309242948717949,badm_map,FALSE,FALSE,FALSE,FALSE
CA-Mer,698.720938454486,882.907,12,30,1.263604611524765,Humid (moderate),0.9362746553552492,badm_map,FALSE,FALSE,FALSE,FALSE
CA-Mtk,293.33774182799857,206.77140000000003,12,30,0.7048919062083816,Humid (low),1.1952104046242775,badm_map,FALSE,FALSE,FALSE,FALSE
CA-Na1,595.7529409127853,1287.7088333333334,12,30,2.161481286790402,Hyper-Humid,1.1677780296847133,badm_map,FALSE,FALSE,FALSE,FALSE
CA-Ojp,632.9021948243377,494.6377,12,30,0.7815389234623952,Humid (low),1.1489842044134726,badm_map,FALSE,FALSE,FALSE,FALSE
CA-PB1,454.87634470902043,344.53830000000005,12,30,0.7574328804026895,Humid (low),0.7031393877551021,badm_map,FALSE,FALSE,FALSE,FALSE
CA-PB2,459.20557281126247,475.4521333333333,12,30,1.0353797111446388,Humid (moderate),0.9703104761904761,badm_map,FALSE,FALSE,FALSE,FALSE
CA-Qc2,568.5550685916351,827.3690999999999,12,30,1.45521365599549,Humid (moderate),0.8573773056994818,worldclim_bio12,FALSE,FALSE,FALSE,FALSE
CA-Qfo,542.6647196285523,975.0215,12,30,1.796729112346553,Humid (moderate),1.013198831989359,badm_map,FALSE,FALSE,FALSE,FALSE
CA-RBM,711.4324438030657,974.1024333333335,12,30,1.3692128350601038,Humid (moderate),0.8455750289351853,badm_map,FALSE,FALSE,FALSE,FALSE
CA-SCB,568.4930561412059,342.5516666666667,12,30,0.6025608632615937,Dry Sub-Humid,0.8828651202749142,badm_map,FALSE,FALSE,FALSE,FALSE
CA-SCC,687.2348454600171,269.28866666666664,12,30,0.39184373208900924,Semi-Arid,0.6947592019263845,badm_map,FALSE,FALSE,FALSE,FALSE
CA-SF1,522.5244642824538,421.06910000000005,12,30,0.8058361450659056,Humid (low),0.8958917021276597,badm_map,FALSE,FALSE,FALSE,FALSE
CA-SF2,535.0751693006292,346.47696666666667,12,30,0.6475295183656716,Dry Sub-Humid,0.7371850354609929,badm_map,FALSE,FALSE,FALSE,FALSE
CA-SF3,534.8040862496755,387.4114333333333,12,30,0.7243987906862565,Humid (low),0.8242796453900709,badm_map,FALSE,FALSE,FALSE,FALSE
CA-SJ2,620.4057756328548,499.29089999999997,12,30,0.8047811925843056,Humid (low),1.161060623677418,badm_map,FALSE,FALSE,FALSE,FALSE
CA-SMC,540.3859775408889,1656.6342333333334,12,30,3.065649928356963,Hyper-Humid,4.269675859106529,badm_map,TRUE,FALSE,TRUE,FALSE
CA-TP1,747.787343168497,669.2239666666667,12,30,0.8949388790549135,Humid (low),0.6459690797940798,badm_map,FALSE,FALSE,FALSE,FALSE
CA-TP2,675.2140836414827,0,12,30,0,Hyper-Arid,0,badm_map,FALSE,FALSE,FALSE,FALSE
CA-TP3,747.2447080423951,1099.2175666666667,12,30,1.4710275694643022,Humid (moderate),1.0610208172458173,badm_map,FALSE,FALSE,FALSE,FALSE
CA-TP4,766.117862315046,1099.2175666666667,12,30,1.4347891110971671,Humid (moderate),1.0610208172458173,badm_map,FALSE,FALSE,FALSE,FALSE
CA-TPA,678.3504726851857,1108.8337333333334,12,30,1.6346030230422348,Humid (moderate),1.1598679218967922,badm_map,FALSE,FALSE,FALSE,FALSE
CA-TPD,916.6372589195025,931.4757333333333,12,30,1.0161879459616576,Humid (moderate),0.8991078507078507,badm_map,FALSE,FALSE,FALSE,FALSE
CA-TVC,406.4218376490945,104.27626666666667,12,30,0.2565715151278338,Semi-Arid,0.4334009420892214,badm_map,FALSE,FALSE,FALSE,FALSE
CL-ACF,670.2816840321196,3172.804066666666,12,30,4.733538364916185,Hyper-Humid,0.7050675703703703,badm_map,FALSE,FALSE,FALSE,FALSE
CL-SDF,590.33761311716,1506.9242333333334,12,30,2.552648179363535,Hyper-Humid,0.7141821011058452,badm_map,FALSE,FALSE,FALSE,FALSE
CL-SDP,538.7416059359618,1421.9918333333335,12,30,2.639469121496364,Hyper-Humid,0.6739297788309637,badm_map,FALSE,FALSE,FALSE,FALSE
CR-Fsc,2001.9919640365588,1835.0328666666665,12,30,0.9166035127167755,Humid (low),1.0060487207602338,worldclim_bio12,FALSE,FALSE,FALSE,FALSE
MX-Aog,1587.6666106639793,788.7900999999999,12,30,0.4968235111212167,Semi-Arid,1.0775821038251365,badm_map,FALSE,FALSE,FALSE,FALSE
MX-PMm,1561.0513445005813,4232.0490666666665,12,30,2.7110249009910707,Hyper-Humid,3.4632152755046373,badm_map,TRUE,FALSE,TRUE,FALSE
MX-Tes,1372.1816547830317,599.7412333333333,12,30,0.43707130994122195,Semi-Arid,0.9269570839773312,badm_map,FALSE,FALSE,FALSE,FALSE
PE-QFR,946.3510105668452,10291.840033333334,12,30,10.875288258178886,Hyper-Humid,3.804746777572397,worldclim_bio12,TRUE,FALSE,TRUE,FALSE
PR-xGU,1692.2369865233059,673.1688333333335,12,30,0.39779820361706913,Semi-Arid,0.5763431792237445,badm_map,FALSE,FALSE,FALSE,FALSE
PR-xLA,1592.702520934703,964.7648333333333,12,30,0.6057407586491077,Dry Sub-Humid,0.8259972888127853,badm_map,FALSE,FALSE,FALSE,FALSE
US-A03,846.4908008390466,904.299,12,30,1.0682915858077293,Humid (moderate),7.856637706342311,badm_map,TRUE,FALSE,TRUE,FALSE
US-A10,635.5571007074201,914.8648666666667,12,30,1.4394691926946568,Humid (moderate),7.948434984071822,badm_map,TRUE,FALSE,TRUE,FALSE
US-A32,1226.1846621136963,796.7445999999999,12,30,0.6497753761057262,Dry Sub-Humid,0.8962256467941506,badm_map,FALSE,FALSE,FALSE,FALSE
US-A37,1361.3448534899173,28.183500000000002,12,30,0.020702689643810182,Hyper-Arid,0.034286496350364966,worldclim_bio12,FALSE,FALSE,FALSE,FALSE
US-A39,1405.7330707672838,28.213433333333334,12,30,0.020070263636846608,Hyper-Arid,0.02923671848013817,badm_map,FALSE,FALSE,FALSE,FALSE
US-A74,1220.466722176212,334.8814,12,30,0.2743879811838487,Semi-Arid,0.3766944881889764,badm_map,FALSE,FALSE,FALSE,FALSE
US-ABa,1504.9313314848578,1163.3433,12,30,0.7730208519561979,Humid (low),0.8485363238512035,badm_map,FALSE,FALSE,FALSE,FALSE
US-ABb,1457.115485933408,1387.2422333333334,12,30,0.9520468670639961,Humid (low),1.011846997325553,badm_map,FALSE,FALSE,FALSE,FALSE
US-ABc,1633.5401244700902,1262.7893333333332,12,30,0.773038454591358,Humid (low),0.9210717238025771,badm_map,FALSE,FALSE,FALSE,FALSE
US-ABd,1639.578823400793,1254.9155,12,30,0.7653889414093985,Humid (low),0.9153285922684172,badm_map,FALSE,FALSE,FALSE,FALSE
US-ABe,1154.0403697410293,4224.1391,12,30,3.660304449269753,Hyper-Humid,3.081064259664479,badm_map,TRUE,FALSE,TRUE,FALSE
US-ADR,1423.1475332524637,137.15643333333333,12,30,0.09637541444482273,Arid,1.2468766666666666,badm_map,FALSE,FALSE,FALSE,FALSE
US-Akn,971.9446064366387,45.66973333333333,12,30,0.04698800017088274,Hyper-Arid,0.03821735006973501,worldclim_bio12,FALSE,FALSE,FALSE,FALSE
US-ALQ,590.8739752557348,762.6937333333333,12,30,1.2907891788654824,Humid (moderate),0.9439278877887788,worldclim_bio12,FALSE,FALSE,FALSE,FALSE
US-AR1,1264.2685790191024,671.5477666666667,12,30,0.5311749242298618,Dry Sub-Humid,1.1499105593607306,worldclim_bio12,FALSE,FALSE,FALSE,FALSE
US-AR2,1331.6770615925211,553.8860000000001,12,30,0.41593117128384033,Semi-Arid,0.9231433333333334,worldclim_bio12,FALSE,FALSE,FALSE,FALSE
US-ARb,1137.8042500899148,1120.4619666666667,12,30,0.9847581133381444,Humid (low),1.4129406893652796,worldclim_bio12,FALSE,FALSE,FALSE,FALSE
US-ARc,1146.729097839291,1192.0474333333332,12,30,1.039519652531215,Humid (moderate),1.5032124001681377,worldclim_bio12,FALSE,FALSE,FALSE,FALSE
US-ARM,1266.0563353242842,633.0905666666666,12,30,0.5000492861200434,Dry Sub-Humid,0.7509971134835903,badm_map,FALSE,FALSE,FALSE,FALSE
US-ASH,1182.5975508478455,1028.2872666666667,12,30,0.8695158094395271,Humid (low),4.896606031746032,badm_map,TRUE,FALSE,TRUE,FALSE
US-ASM,1166.4028339274876,1028.2872666666667,12,30,0.8815884501962663,Humid (low),4.896606031746032,badm_map,TRUE,FALSE,TRUE,FALSE
US-Aud,1416.7611951781494,411.8452666666667,12,30,0.29069490897150074,Semi-Arid,0.9395352267974602,badm_map,FALSE,FALSE,FALSE,FALSE
US-Bar,626.487815379588,1160.2874000000002,12,30,1.8520510240043275,Humid (moderate),0.931381715726017,badm_map,FALSE,FALSE,FALSE,FALSE
US-Bi1,1206.4760207067857,362.50073333333336,12,30,0.3004624436057758,Semi-Arid,1.0724873767258383,badm_map,FALSE,FALSE,FALSE,FALSE
US-Bi2,2342.3641829306016,323.3949999999999,12,30,0.13806350112278049,Arid,0.9567899408284022,badm_map,FALSE,FALSE,FALSE,FALSE
US-BRG,883.5546281156701,4220.8321000000005,12,30,4.777103719100697,Hyper-Humid,3.5173600833333336,badm_map,FALSE,TRUE,TRUE,FALSE
US-BZB,475.07322619396456,232.59470000000005,12,30,0.48959757606932675,Semi-Arid,0.8488857664233578,badm_map,FALSE,FALSE,FALSE,FALSE
US-BZF,482.3038043240271,220.65093333333334,12,30,0.4574936613709416,Semi-Arid,0.8052953771289538,badm_map,FALSE,FALSE,FALSE,FALSE
US-BZo,377.4851143089126,158.46103333333332,12,30,0.4197808796339919,Semi-Arid,0.5783249391727493,badm_map,FALSE,FALSE,FALSE,FALSE
US-CAK,414.648604300421,340.0868333333333,12,30,0.8201808225234823,Humid (low),0.8234548022598869,worldclim_bio12,FALSE,FALSE,FALSE,FALSE
US-CdM,1328.3808954657964,175.45656666666665,12,30,0.13208302472999875,Arid,0.5041855363984674,badm_map,FALSE,FALSE,FALSE,FALSE
US-Ced,774.5031887312949,1220.0665999999999,12,30,1.5752893180447423,Humid (moderate),1.0721147627416518,badm_map,FALSE,FALSE,FALSE,FALSE
US-CF1,926.9492094367953,8.998866666666666,12,30,0.009708047188620275,Hyper-Arid,0.016361575757575755,badm_map,FALSE,FALSE,FALSE,FALSE
US-CF2,1000.7293992966637,14.574033333333333,12,30,0.01456341079174481,Hyper-Arid,0.026498242424242424,badm_map,FALSE,FALSE,FALSE,FALSE
US-CF3,883.6192959740106,15.796166666666668,12,30,0.017876665594151162,Hyper-Arid,0.028720303030303033,badm_map,FALSE,FALSE,FALSE,FALSE
US-CF4,857.0555021861951,23.586,12,30,0.027519804656566973,Hyper-Arid,0.04288363636363636,badm_map,FALSE,FALSE,FALSE,FALSE
US-CGG,1186.191171353385,525.0985333333334,12,30,0.44267614362212976,Semi-Arid,1.2532184566428006,badm_map,FALSE,FALSE,FALSE,FALSE
US-ChR,1018.99531112827,1399.8499000000002,12,30,1.3737549964288192,Humid (moderate),1.030172498804136,badm_map,FALSE,FALSE,FALSE,FALSE
US-CLF,711.248105267064,603.9065333333333,12,30,0.849079988911288,Humid (low),0.5751490793650793,badm_map,FALSE,FALSE,FALSE,FALSE
US-Cms,249.3080168297814,77.05356666666667,12,30,0.30906975093093814,Semi-Arid,0.28121739659367395,badm_map,FALSE,FALSE,FALSE,FALSE
US-CMW,1331.748410313548,278.78473333333335,12,30,0.20933738773354046,Semi-Arid,0.9680025462962963,badm_map,FALSE,FALSE,FALSE,FALSE
US-Cop,1068.0511739833748,197.0277,12,30,0.1844740259637287,Arid,0.5970536363636364,worldclim_bio12,FALSE,FALSE,FALSE,FALSE
US-CRK,1155.8924484042677,1013.1134333333332,12,30,0.8764772490139167,Humid (low),0.8825029907084784,badm_map,FALSE,FALSE,FALSE,FALSE
US-CRT,958.4231929589089,768.9276,12,30,0.8022840073664272,Humid (low),0.9056862190812721,badm_map,FALSE,FALSE,FALSE,FALSE
US-CS1,696.2009233633935,721.6422,12,30,1.036543009040692,Humid (moderate),0.8694484337349397,badm_map,FALSE,FALSE,FALSE,FALSE
US-CS2,673.4386583044435,3231.0546666666664,12,30,4.797845545133516,Hyper-Humid,3.892836947791164,badm_map,TRUE,FALSE,TRUE,FALSE
US-CS3,685.1817830310566,994.6649666666665,12,30,1.4516804026320447,Humid (moderate),1.1983915261044173,badm_map,FALSE,FALSE,FALSE,FALSE
US-CS4,696.0986900641624,909.2061,12,30,1.3061453971651558,Humid (moderate),1.0954290361445782,badm_map,FALSE,FALSE,FALSE,FALSE
US-CS5,657.2866738748628,1516.8693000000003,12,30,2.3077743095835057,Hyper-Humid,1.8275533734939762,badm_map,FALSE,FALSE,FALSE,FALSE
US-CS6,594.5985611852419,829.1552333333333,12,30,1.394479044282479,Humid (moderate),0.9989822088353413,badm_map,FALSE,FALSE,FALSE,FALSE
US-CS8,706.7606346730668,1571.122,12,30,2.222990250053711,Hyper-Humid,1.8929180722891568,badm_map,FALSE,FALSE,FALSE,FALSE
US-Cst,1156.6255221530268,1141.0507666666667,12,30,0.9865343145313202,Humid (low),0.8092558628841608,badm_map,FALSE,FALSE,FALSE,FALSE
US-Cwt,867.0794223635829,5593.431333333333,12,30,6.450886953453614,Hyper-Humid,3.1074618518518515,badm_map,TRUE,FALSE,TRUE,FALSE
US-DFC,1051.878315185683,745.6671,12,30,0.7088910278261331,Humid (low),0.9474804320203304,badm_map,FALSE,FALSE,FALSE,FALSE
US-DFK,761.0435315953409,3277.5183666666667,12,30,4.306610897534539,Hyper-Humid,4.164572257518,badm_map,TRUE,FALSE,TRUE,FALSE
US-Dix,776.3402954285926,1139.0100666666665,12,30,1.4671530942984938,Humid (moderate),1.01098858246866,badm_map,FALSE,FALSE,FALSE,FALSE
US-Dk1,901.7967420428341,1138.0428666666667,12,30,1.2619726969612528,Humid (moderate),0.972894094179668,badm_map,FALSE,FALSE,FALSE,FALSE
US-Dk2,886.2763461620367,1137.5497666666665,12,30,1.283515882594355,Humid (moderate),0.9733545821960199,badm_map,FALSE,FALSE,FALSE,FALSE
US-Dk3,797.2620461540272,1136.6637666666666,12,30,1.4257091155284578,Humid (moderate),0.9717649690658777,badm_map,FALSE,FALSE,FALSE,FALSE
US-Dmg,1169.3740754767227,357.4943666666667,12,30,0.305714291229627,Semi-Arid,0.9794366210045662,badm_map,FALSE,FALSE,FALSE,FALSE
US-DPW,1016.8393809551623,3911.3174666666664,12,30,3.8465440461133524,Hyper-Humid,3.4249715119673088,badm_map,TRUE,FALSE,TRUE,FALSE
US-DS1,1058.250581513116,1578.2313333333334,12,30,1.4913588151085488,Humid (moderate),3.6533132716049384,badm_map,FALSE,TRUE,TRUE,FALSE
US-DS2,1137.480148194171,1542.8013666666668,12,30,1.3563325646746198,Humid (moderate),3.5712994598765437,badm_map,FALSE,TRUE,TRUE,FALSE
US-DS3,1201.7196768482204,419.11136666666675,12,30,0.3487596772700605,Semi-Arid,0.9701652006172842,badm_map,FALSE,FALSE,FALSE,FALSE
US-EA4,1267.084489917312,731.8793000000001,12,30,0.5776089170247529,Dry Sub-Humid,0.8754537081339714,badm_map,FALSE,FALSE,FALSE,FALSE
US-EA5,1122.3075540019624,659.1300666666666,12,30,0.5872989665946008,Dry Sub-Humid,1.0429273206751053,badm_map,FALSE,FALSE,FALSE,FALSE
US-EA6,1461.753113091422,971.9215,12,30,0.6649012690963316,Humid (low),1.3825341394025605,badm_map,FALSE,FALSE,FALSE,FALSE
US-EDN,989.9837818465271,415.8975,12,30,0.4201053670033503,Semi-Arid,1.044968592964824,worldclim_bio12,FALSE,FALSE,FALSE,FALSE
US-EKH,886.2905763737518,16.560000000000002,12,30,0.01868461703356371,Hyper-Arid,0.018523489932885908,badm_map,FALSE,FALSE,FALSE,FALSE
US-EKN,929.5242282170104,17.549833333333332,12,30,0.01888044743814475,Hyper-Arid,0.019630686055182697,badm_map,FALSE,FALSE,FALSE,FALSE
US-EKP,913.7787416271138,13.200566666666667,12,30,0.014446130190292202,Hyper-Arid,0.014765734526472781,badm_map,FALSE,FALSE,FALSE,FALSE
US-Elm,1110.9429651040266,1087.0007,12,30,0.9784487000178406,Humid (low),0.8093825018615042,worldclim_bio12,FALSE,FALSE,FALSE,FALSE
US-EML,569.0465789072176,2134.550333333333,12,30,3.7510994924747085,Hyper-Humid,5.646958553791887,badm_map,TRUE,FALSE,TRUE,FALSE
US-Esm,1167.731279812925,1081.8721333333333,12,30,0.9264735406476851,Humid (low),0.7700157532621589,worldclim_bio12,FALSE,FALSE,FALSE,FALSE
US-EvM,1400.59288760749,1184.8167,12,30,0.8459393950114359,Humid (low),0.9873472500000001,badm_map,FALSE,FALSE,FALSE,FALSE
US-Fcr,373.719627099111,259.7326,12,30,0.6949932012297511,Humid (low),0.8834442176870748,worldclim_bio12,FALSE,FALSE,FALSE,FALSE
US-Fmf,1102.013050871154,543.0659666666667,12,30,0.4927944966145063,Semi-Arid,0.9946263125763126,badm_map,FALSE,FALSE,FALSE,FALSE
US-Fo1,292.94451914611307,57.9562,12,30,0.19784019229625172,Arid,0.3491337349397591,worldclim_bio12,FALSE,FALSE,FALSE,FALSE
US-Fo2,272.80686348098055,63.41126666666666,12,30,0.23244014412814634,Semi-Arid,0.3797081836327345,worldclim_bio12,FALSE,FALSE,FALSE,FALSE
US-Fuf,1056.4821027378184,640.0857666666667,12,30,0.6058652247945495,Dry Sub-Humid,1.1389426453143536,badm_map,FALSE,FALSE,FALSE,FALSE
US-Fwf,1123.2988094500652,498.22723333333334,12,30,0.44353935848757026,Semi-Arid,0.8944833632555357,badm_map,FALSE,FALSE,FALSE,FALSE
US-GLE,773.8747502706343,1379.5923000000003,12,30,1.7827074723881848,Humid (moderate),1.1496602500000002,badm_map,FALSE,FALSE,FALSE,FALSE
US-Ha1,655.2869250233533,1210.9178333333332,12,30,1.8479200287571405,Humid (moderate),1.1306422346716463,badm_map,FALSE,FALSE,FALSE,FALSE
US-HB1,1086.996917374259,647.0659333333333,12,30,0.5952785357444992,Dry Sub-Humid,0.45281031024026125,badm_map,FALSE,FALSE,FALSE,FALSE
US-HB2,1121.5233485492415,1335.0056000000002,12,30,1.1903502514922324,Humid (moderate),0.9342236529041289,badm_map,FALSE,FALSE,FALSE,FALSE
US-HB3,1055.1725759664162,1842.2669999999998,12,30,1.7459390453857238,Humid (moderate),1.2892001399580124,badm_map,FALSE,FALSE,FALSE,FALSE
US-HB4,1087.1402185781642,658044.5751,12,30,605.2987129485794,Hyper-Humid,460.4930546536039,badm_map,FALSE,TRUE,TRUE,FALSE
US-HBK,770.8436022916634,4481.950400000001,12,30,5.814344682469284,Hyper-Humid,3.2013931428571434,badm_map,TRUE,FALSE,TRUE,FALSE
US-Hn2,566.2885145471831,42.845466666666674,12,30,0.07566013713155892,Arid,0.21748967851099835,badm_map,FALSE,FALSE,FALSE,FALSE
US-Hn3,1017.99999516194,13.158766666666665,12,30,0.012926096983500883,Hyper-Arid,0.06679576988155668,badm_map,FALSE,FALSE,FALSE,FALSE
US-Ho2,653.2320541730758,796.8249,12,30,1.21981904425786,Humid (moderate),0.7488955827067669,badm_map,FALSE,FALSE,FALSE,FALSE
US-Ho3,667.0875374470759,1118.2289666666668,12,30,1.6762852008090208,Humid (moderate),1.0431240360696519,badm_map,FALSE,FALSE,FALSE,FALSE
US-HRA,1078.9055831376093,530.8393333333333,12,30,0.4920164856220114,Semi-Arid,0.42467146666666666,badm_map,FALSE,FALSE,FALSE,FALSE
US-HRC,1069.3749493114374,504.8086333333334,12,30,0.4720595275383774,Semi-Arid,0.4038469066666667,badm_map,FALSE,FALSE,FALSE,FALSE
US-Hsm,1192.804220201078,505.55929999999995,12,30,0.4238409719197463,Semi-Arid,1.123465111111111,badm_map,FALSE,FALSE,FALSE,FALSE
US-HVs,275.3235713732752,1515.1631666666667,12,30,5.503209039128929,Hyper-Humid,6.982318740399386,badm_map,TRUE,FALSE,TRUE,FALSE
US-HWB,1025.0802292727574,1033.7404666666666,12,30,1.008448350818407,Humid (moderate),1.027217634686408,badm_map,FALSE,FALSE,FALSE,FALSE
US-IAB,840.646394400759,3589.8597333333328,12,30,4.270356427201838,Hyper-Humid,3.9362497076023386,badm_map,TRUE,FALSE,TRUE,FALSE
US-IAC,931.1918351402311,3589.8597333333328,12,30,3.855123721947932,Hyper-Humid,3.9362497076023386,badm_map,TRUE,FALSE,TRUE,FALSE
US-IAM,854.0371799753733,3589.8597333333328,12,30,4.203399825563623,Hyper-Humid,3.9362497076023386,badm_map,TRUE,FALSE,TRUE,FALSE
US-ICh,337.91060812854164,213.0248666666667,12,30,0.6304178132982192,Dry Sub-Humid,0.6698895178197066,badm_map,FALSE,FALSE,FALSE,FALSE
US-ICs,335.5754705726155,220.42793333333333,12,30,0.6568654525231001,Humid (low),0.6931696016771488,badm_map,FALSE,FALSE,FALSE,FALSE
US-ICt,370.83952465476455,286.46073333333334,12,30,0.7724654851718296,Humid (low),0.9008199161425576,badm_map,FALSE,FALSE,FALSE,FALSE
US-Jo1,1638.256460844395,243.9739,12,30,0.14892289811221024,Arid,0.9954055487556099,badm_map,FALSE,FALSE,FALSE,FALSE
US-Jo2,1578.80404842821,332.1813,12,30,0.2104005879201447,Semi-Arid,1.1766960680127525,badm_map,FALSE,FALSE,FALSE,FALSE
US-KFS,1065.7624322337829,599.5625333333334,12,30,0.5625667739823418,Dry Sub-Humid,0.5912845496383958,badm_map,FALSE,FALSE,FALSE,FALSE
US-KLS,1226.9469780836878,352.75226666666674,12,30,0.2875040836871487,Semi-Arid,0.46784120247568534,worldclim_bio12,FALSE,FALSE,FALSE,FALSE
US-Kon,1176.8743062404574,722.2409666666666,12,30,0.6136942261692128,Dry Sub-Humid,0.8330345636293732,badm_map,FALSE,FALSE,FALSE,FALSE
US-KPL,451.8967474793853,382.6372333333333,12,30,0.8467359755688185,Humid (low),1.0181938087635267,badm_map,FALSE,FALSE,FALSE,FALSE
US-KS1,1223.7303394551875,1227.4967333333334,12,30,1.0030777972537828,Humid (moderate),0.9695866771985255,badm_map,FALSE,FALSE,FALSE,FALSE
US-KS2,1154.106194874869,1240.9408333333336,12,30,1.0752397299694585,Humid (moderate),0.9589960072127771,badm_map,FALSE,FALSE,FALSE,FALSE
US-KS3,1280.8818296233069,274.10203333333334,12,30,0.2139947862434302,Semi-Arid,0.20455375621890548,badm_map,FALSE,FALSE,FALSE,FALSE
US-LA2,991.6706251810604,891.8103666666666,12,30,0.8993009816176,Humid (low),0.538858227593152,badm_map,FALSE,FALSE,FALSE,FALSE
US-LA3,801.6669273611186,546.9458333333333,12,30,0.6822606928961612,Humid (low),0.3369968165947833,badm_map,FALSE,FALSE,FALSE,FALSE
US-Lin,1002.4740137303297,327.6041333333333,12,30,0.32679563644176457,Semi-Arid,0.9927397979797979,worldclim_bio12,FALSE,FALSE,FALSE,FALSE
US-Los,792.5256001694529,753.3599999999999,12,30,0.9505812807042714,Humid (low),0.909855072463768,badm_map,FALSE,FALSE,FALSE,FALSE
US-LS1,1172.8627320431922,311.8808666666667,12,30,0.26591420986098935,Semi-Arid,1.082919675925926,badm_map,FALSE,FALSE,FALSE,FALSE
US-LS2,1176.9254520750967,316.22999999999996,12,30,0.26869161461538527,Semi-Arid,0.8808635097493035,worldclim_bio12,FALSE,FALSE,FALSE,FALSE
US-MBP,631.6336435206183,2870.626166666666,12,30,4.5447645104308965,Hyper-Humid,3.6802899572649563,badm_map,TRUE,FALSE,TRUE,FALSE
US-Me1,770.5792836555646,166.06796666666665,12,30,0.21551055185243742,Semi-Arid,0.23568778000122997,badm_map,FALSE,FALSE,FALSE,FALSE
US-Me3,993.4340835908115,383.1930666666667,12,30,0.38572570943167,Semi-Arid,0.5329528048215114,badm_map,FALSE,FALSE,FALSE,FALSE
US-Me5,654.6990869964579,479.1358,12,30,0.731841252747298,Humid (low),0.8109811953081364,badm_map,FALSE,FALSE,FALSE,FALSE
US-Me6,910.4296867651249,322.8073333333333,12,30,0.3545659132451071,Semi-Arid,0.6534561403508772,badm_map,FALSE,FALSE,FALSE,FALSE
US-Me7,348.69835970538674,2553.5444666666663,12,30,7.3230756486039725,Hyper-Humid,4.882494200127469,badm_map,TRUE,FALSE,TRUE,FALSE
US-MEF,1189.6410212870662,419.4433,12,30,0.3525797215249072,Semi-Arid,1.138337720845659,badm_map,FALSE,FALSE,FALSE,FALSE
US-MMS,970.7966508308104,1103.896433333333,12,30,1.137103668815313,Humid (moderate),1.0696670865633073,badm_map,FALSE,FALSE,FALSE,FALSE
US-MN1,831.2954083332448,456.37523333333337,12,30,0.5489928474985445,Dry Sub-Humid,0.666727879230582,badm_map,FALSE,FALSE,FALSE,FALSE
US-MN2,787.7352241923792,473.41060000000004,12,30,0.6009768072582529,Dry Sub-Humid,0.6916151935719504,badm_map,FALSE,FALSE,FALSE,FALSE
US-MN3,1025.4564662100763,501.7547666666666,12,30,0.48929894461641293,Semi-Arid,0.7330237643048453,badm_map,FALSE,FALSE,FALSE,FALSE
US-Mo1,977.103018779507,921.9112666666666,12,30,0.9435149098384937,Humid (low),0.939766836561332,badm_map,FALSE,FALSE,FALSE,FALSE
US-Mo2,983.3271953237137,743.9494666666668,12,30,0.756563502163445,Humid (low),0.7583582738702006,badm_map,FALSE,FALSE,FALSE,FALSE
US-Mo3,967.0578122519302,937.9848666666666,12,30,0.9699367036624593,Humid (low),0.9561517499150526,badm_map,FALSE,FALSE,FALSE,FALSE
US-MOz,1003.5593738942099,908.8695,12,30,0.9056459673862888,Humid (low),0.9217743407707911,badm_map,FALSE,FALSE,FALSE,FALSE
US-Mpj,1282.420684517195,416.31350000000003,12,30,0.32463099279838387,Semi-Arid,1.0813337662337663,badm_map,FALSE,FALSE,FALSE,FALSE
US-MtB,1353.6416915002105,624.9588,12,30,0.4616870209629642,Semi-Arid,0.7910870886075949,badm_map,FALSE,FALSE,FALSE,FALSE
US-Myb,1226.4611337605077,273.3820333333333,12,30,0.2229031363554949,Semi-Arid,0.8088225838264299,badm_map,FALSE,FALSE,FALSE,FALSE
US-MZA,683.4990430407676,504.29119999999995,12,30,0.7378082019785963,Humid (low),0.53648,badm_map,FALSE,FALSE,FALSE,FALSE
US-NC1,885.7084156288468,1132.5543,12,30,1.2786988133062893,Humid (moderate),0.8579956818181819,badm_map,FALSE,FALSE,FALSE,FALSE
US-NC2,881.9207395616236,1239.1141,12,30,1.4050175309585378,Humid (moderate),0.9387228030303031,badm_map,FALSE,FALSE,FALSE,FALSE
US-NC3,859.3511205921837,1449.9727333333333,12,30,1.687287883367335,Humid (moderate),1.098464191919192,badm_map,FALSE,FALSE,FALSE,FALSE
US-NC4,1076.4931409360665,889.0554333333333,12,30,0.8258811872784007,Humid (low),0.6781505975082635,badm_map,FALSE,FALSE,FALSE,FALSE
US-NC5,1174.30349848853,636.7940999999998,12,30,0.5422738677178689,Dry Sub-Humid,0.47879255639097734,badm_map,FALSE,FALSE,FALSE,FALSE
US-Ne1,937.8964167217277,3120.0039999999995,12,30,3.326597633143212,Hyper-Humid,3.9475233118665933,badm_map,TRUE,FALSE,TRUE,FALSE
US-Ne2,906.9370352624788,3120.0039999999995,12,30,3.4401550258635445,Hyper-Humid,3.954929077564679,badm_map,TRUE,FALSE,TRUE,FALSE
US-Ne3,924.6419921066084,3120.0039999999995,12,30,3.374283264911759,Hyper-Humid,3.981221927317272,badm_map,TRUE,FALSE,TRUE,FALSE
US-NGB,228.47802460931172,914.8648666666667,12,30,4.004170065068835,Hyper-Humid,5.35008693957115,badm_map,TRUE,FALSE,TRUE,FALSE
US-NGC,667.5843211436437,2398.5839333333333,12,30,3.5929302971410433,Hyper-Humid,5.807709281678774,worldclim_bio12,TRUE,FALSE,TRUE,FALSE
US-NR1,879.656812043957,709.2242000000001,12,30,0.8062510177714167,Humid (low),0.8865302500000002,badm_map,FALSE,FALSE,FALSE,FALSE
US-NR3,905.5172533563515,2853.956100000001,12,30,3.151741272097963,Hyper-Humid,3.2284571266968336,badm_map,TRUE,FALSE,TRUE,FALSE
US-NSa,1140.1839771216694,1815.2083999999995,12,30,1.5920311427129432,Humid (moderate),6.070931103678928,worldclim_bio12,TRUE,FALSE,TRUE,FALSE
US-NSb,1421.3044417979688,900.7200333333333,12,30,0.6337277270405984,Dry Sub-Humid,5.236744379844961,worldclim_bio12,TRUE,FALSE,TRUE,FALSE
US-Oho,785.8322195104863,839.0880999999999,12,30,1.0677700394146323,Humid (moderate),0.9883252061248528,badm_map,FALSE,FALSE,FALSE,FALSE
US-ONA,1296.6689636805813,733.4929999999999,12,30,0.5656748333961721,Dry Sub-Humid,0.5784645110410094,badm_map,FALSE,FALSE,FALSE,FALSE
US-OPE,890.6255449695896,891.1683333333334,12,30,1.0006094462109352,Humid (moderate),0.7476244407158837,badm_map,FALSE,FALSE,FALSE,FALSE
US-OWC,776.8632321767766,564.5961666666667,12,30,0.7267639183858193,Humid (low),0.6070926523297492,badm_map,FALSE,FALSE,FALSE,FALSE
US-PAS,1271.9776517349765,4443.1348333333335,12,30,3.4930919008466077,Hyper-Humid,3.504049553101998,badm_map,TRUE,FALSE,TRUE,FALSE
US-PFb,701.8647926051726,3162.742066666667,12,30,4.50619848721467,Hyper-Humid,3.8429429728635083,badm_map,TRUE,FALSE,TRUE,FALSE
US-PFc,623.1466430964126,3162.742066666667,12,30,5.075437863150506,Hyper-Humid,3.8429429728635083,badm_map,TRUE,FALSE,TRUE,FALSE
US-PFd,741.4952238972122,3162.742066666667,12,30,4.265357300676415,Hyper-Humid,3.8429429728635083,badm_map,TRUE,FALSE,TRUE,FALSE
US-PFf,636.9316952507062,3162.742066666667,12,30,4.965590643784437,Hyper-Humid,3.8429429728635083,badm_map,TRUE,FALSE,TRUE,FALSE
US-PFg,766.490278915688,3162.742066666667,12,30,4.126265072977606,Hyper-Humid,3.8429429728635083,badm_map,TRUE,FALSE,TRUE,FALSE
US-PFh,778.0246952407864,3162.742066666667,12,30,4.065092131410878,Hyper-Humid,3.8429429728635083,badm_map,TRUE,FALSE,TRUE,FALSE
US-PFi,716.282852667598,3162.742066666667,12,30,4.4154932020051945,Hyper-Humid,3.8429429728635083,badm_map,TRUE,FALSE,TRUE,FALSE
US-PFj,686.6045051909713,3162.742066666667,12,30,4.606352045107811,Hyper-Humid,3.8429429728635083,badm_map,TRUE,FALSE,TRUE,FALSE
US-PFk,746.7780646656465,3162.742066666667,12,30,4.235183404968804,Hyper-Humid,3.8429429728635083,badm_map,TRUE,FALSE,TRUE,FALSE
US-PFL,779.5256631936326,3162.742066666667,12,30,4.057264841941514,Hyper-Humid,3.8429429728635083,badm_map,TRUE,FALSE,TRUE,FALSE
US-PFm,802.5083362332621,3162.742066666667,12,30,3.941070670382874,Hyper-Humid,3.8429429728635083,badm_map,TRUE,FALSE,TRUE,FALSE
US-PFn,833.4599485923248,3162.742066666667,12,30,3.7947139175774334,Hyper-Humid,3.8429429728635083,badm_map,TRUE,FALSE,TRUE,FALSE
US-PFp,806.0496315231497,3162.742066666667,12,30,3.9237559859560993,Hyper-Humid,3.8429429728635083,badm_map,TRUE,FALSE,TRUE,FALSE
US-PFq,771.8540868423773,3162.742066666667,12,30,4.097590620534656,Hyper-Humid,3.8429429728635083,badm_map,TRUE,FALSE,TRUE,FALSE
US-PFr,788.7892076800756,3162.742066666667,12,30,4.009616302901346,Hyper-Humid,3.8429429728635083,badm_map,TRUE,FALSE,TRUE,FALSE
US-PFt,783.7473693427464,3162.742066666667,12,30,4.03541012114523,Hyper-Humid,3.8429429728635083,badm_map,TRUE,FALSE,TRUE,FALSE
US-PLo,760.0532065284309,4001.6261333333337,12,30,5.264928953606943,Hyper-Humid,3.1708606444796623,badm_map,TRUE,FALSE,TRUE,FALSE
US-Prr,489.0601453639362,375.23940000000005,12,30,0.767266365000493,Humid (low),1.3645069090909092,badm_map,FALSE,FALSE,FALSE,FALSE
US-PSH,1305.6535958143568,900.7205000000001,12,30,0.6898617695286984,Humid (low),4.715814136125655,badm_map,TRUE,FALSE,TRUE,FALSE
US-PSL,1133.9304175217633,1206.1900666666668,12,30,1.063724941167756,Humid (moderate),3.878424651661308,badm_map,TRUE,FALSE,TRUE,FALSE
US-RC1,939.5736396426572,510.8742666666667,12,30,0.543729884611242,Dry Sub-Humid,0.928862303030303,badm_map,FALSE,FALSE,FALSE,FALSE
US-RC2,1035.3443882891893,441.5242666666666,12,30,0.4264515958754986,Semi-Arid,0.8027713939393939,badm_map,FALSE,FALSE,FALSE,FALSE
US-RC3,1131.4409049371711,258.66540000000003,12,30,0.2286159169880496,Semi-Arid,0.9238050000000001,badm_map,FALSE,FALSE,FALSE,FALSE
US-RC4,791.4920941899726,634.6162666666667,12,30,0.801797353789294,Humid (low),0.9332592156862745,badm_map,FALSE,FALSE,FALSE,FALSE
US-RC5,894.5916962337907,136.2416,12,30,0.15229472906307295,Arid,0.5923547826086957,badm_map,FALSE,FALSE,FALSE,FALSE
US-RGA,1132.0947295165802,1105.6634666666669,12,30,0.9766527816438119,Humid (low),0.8845307733333335,badm_map,FALSE,FALSE,FALSE,FALSE
US-RGB,1092.7689998518772,438.8813,12,30,0.40162312442930714,Semi-Arid,0.5954970149253731,badm_map,FALSE,FALSE,FALSE,FALSE
US-RGF,1131.5041277102566,276.97476666666665,12,30,0.24478458353232924,Semi-Arid,8.934669892473117,badm_map,FALSE,TRUE,TRUE,FALSE
US-RGo,1153.0103152225774,381.3772333333333,12,30,0.3307665406789636,Semi-Arid,0.6252085792349726,badm_map,FALSE,FALSE,FALSE,FALSE
US-RGW,1148.4429960325572,1283.4840666666666,12,30,1.1175862198651794,Humid (moderate),1.0003772928033254,badm_map,FALSE,FALSE,FALSE,FALSE
US-Rls,993.6805204707413,1305.9504666666664,12,30,1.3142558797952404,Humid (moderate),3.9217731731731726,badm_map,TRUE,FALSE,TRUE,FALSE
US-Rms,909.3625464747347,1484.0106,12,30,1.631924039265709,Humid (moderate),1.85501325,badm_map,TRUE,FALSE,TRUE,FALSE
US-Ro1,747.3537695221868,812.8240000000001,12,30,1.0876027299891335,Humid (moderate),0.9247144482366326,badm_map,FALSE,FALSE,FALSE,FALSE
US-Ro2,744.3097003290499,823.6855333333334,12,30,1.1066435557257852,Humid (moderate),0.9370711414486159,badm_map,FALSE,FALSE,FALSE,FALSE
US-Ro3,703.6408796541798,805.9235333333336,12,30,1.1453620115554157,Humid (moderate),0.9168640879787641,badm_map,FALSE,FALSE,FALSE,FALSE
US-Ro4,748.8981838898571,779.9886999999999,12,30,1.0415150106903122,Humid (moderate),0.8873591581342434,badm_map,FALSE,FALSE,FALSE,FALSE
US-Ro5,765.0932163458923,753.4834333333332,12,30,0.9848256620702929,Humid (low),0.8572052711414485,badm_map,FALSE,FALSE,FALSE,FALSE
US-Ro6,805.4600419136755,753.4834333333332,12,30,0.9354696622108626,Humid (low),0.8572052711414485,badm_map,FALSE,FALSE,FALSE,FALSE
US-Rpf,533.3945795918612,320.12906666666674,12,30,0.6001730780834343,Dry Sub-Humid,0.7113979259259261,badm_map,FALSE,FALSE,FALSE,FALSE
US-RRC,736.7016509909719,1228.6875666666667,12,30,1.6678224692640522,Humid (moderate),1.09998886899433,badm_map,FALSE,FALSE,FALSE,FALSE
US-Rwe,938.2706587158268,1484.0106,12,30,1.5816444713629918,Humid (moderate),1.85501325,badm_map,TRUE,FALSE,TRUE,FALSE
US-Rwf,870.921184280753,1484.0106,12,30,1.703955107287423,Humid (moderate),2.9386348514851486,badm_map,TRUE,FALSE,TRUE,FALSE
US-Rws,918.1597587749931,1305.9504666666664,12,30,1.422356462680376,Humid (moderate),4.503277471264367,badm_map,TRUE,FALSE,TRUE,FALSE
US-Sag,350.01576303215376,22.827066666666667,12,30,0.06521725327144677,Arid,0.1886534435261708,badm_map,FALSE,FALSE,FALSE,FALSE
US-SD1,862.3110814900359,960.3414666666667,12,30,1.1136833183301305,Humid (moderate),1.0149884445196022,badm_map,FALSE,FALSE,FALSE,FALSE
US-SD2,858.0386785228028,397.94016666666664,12,30,0.4637788209638281,Semi-Arid,0.4119463423050379,worldclim_bio12,FALSE,FALSE,FALSE,FALSE
US-Seg,1436.1123311916228,252.56323333333333,12,30,0.17586593182705107,Arid,0.924111002156329,badm_map,FALSE,FALSE,FALSE,FALSE
US-Ses,1383.6363567519857,253.19693333333333,12,30,0.18299384234720456,Arid,0.9204416622437431,badm_map,FALSE,FALSE,FALSE,FALSE
US-SHC,911.6621970627699,844.1197,12,30,0.9259128027021619,Humid (low),1.020700967351874,badm_map,FALSE,FALSE,FALSE,FALSE
US-Slt,857.9657909358399,1059.4663,12,30,1.23485844213482,Humid (moderate),0.930989718804921,badm_map,FALSE,FALSE,FALSE,FALSE
US-Sne,NA,NA,NA,NA,NA,NA,NA,NA,NA,NA,NA,TRUE
US-Snf,1280.122381240583,343.7930666666666,12,30,0.2685626559653557,Semi-Arid,1.0231936507936505,worldclim_bio12,FALSE,FALSE,FALSE,FALSE
US-SP1,1121.0661657587425,1706.5929666666664,12,30,1.5222945966901398,Humid (moderate),1.302971488632864,badm_map,FALSE,FALSE,FALSE,FALSE
US-SRC,1533.1367503749673,327.47316666666666,12,30,0.21359684097754153,Semi-Arid,0.9923429292929292,badm_map,FALSE,FALSE,FALSE,FALSE
US-SRG,1442.8398455838128,434.67410000000007,12,30,0.30126288883026997,Semi-Arid,1.0349383333333335,badm_map,FALSE,FALSE,FALSE,FALSE
US-SRM,1662.2528765605791,378.23949999999996,12,30,0.22754630497775252,Semi-Arid,0.9953671052631577,badm_map,FALSE,FALSE,FALSE,FALSE
US-Srr,1241.520392372617,1963.2860333333333,12,30,1.5813562510893444,Humid (moderate),6.022349795501023,badm_map,TRUE,FALSE,TRUE,FALSE
US-SRS,1472.4404087375658,409.99339999999995,12,30,0.278444816895183,Semi-Arid,1.0566840206185566,badm_map,FALSE,FALSE,FALSE,FALSE
US-SSH,795.8815699580658,934.9181666666666,12,30,1.1746950827318774,Humid (moderate),0.8903982539682539,badm_map,FALSE,FALSE,FALSE,FALSE
US-Sta,977.3307621356296,1727.4923666666668,12,30,1.7675616419683853,Humid (moderate),5.895878384527873,worldclim_bio12,TRUE,FALSE,TRUE,FALSE
US-StJ,743.7627407015403,564.8426000000001,12,30,0.759439225830569,Humid (low),0.5038738626226584,badm_map,FALSE,FALSE,FALSE,FALSE
US-Syv,763.5396112143729,3158.259966666667,12,30,4.13634069572842,Hyper-Humid,3.8235592816787736,badm_map,TRUE,FALSE,TRUE,FALSE
US-TaS,1468.0256498434449,3536.1759333333334,12,30,2.4087971035863323,Hyper-Humid,3.58347784083232,badm_map,TRUE,FALSE,TRUE,FALSE
US-TKs,361.96117309605984,216.6600333333333,12,30,0.5985725802580337,Dry Sub-Humid,0.685633016877637,badm_map,FALSE,FALSE,FALSE,FALSE
US-TLR,1009.9457226672907,1.0004666666666666,12,30,9.906142916516448e-4,Hyper-Arid,0.0021313733844624343,badm_map,FALSE,FALSE,FALSE,FALSE
US-Ton,1115.1277990638364,607.5981333333335,12,30,0.5448686095382248,Dry Sub-Humid,1.0869376267143713,badm_map,FALSE,FALSE,FALSE,FALSE
US-Tw1,1258.7384388067467,1717.7816666666665,12,30,1.3646851591305034,Humid (moderate),4.080241488519398,badm_map,TRUE,FALSE,TRUE,FALSE
US-Tw2,1378.8307775682454,1717.7816666666665,12,30,1.24582486452486,Humid (moderate),4.080241488519398,badm_map,TRUE,FALSE,TRUE,FALSE
US-Tw3,1216.303762299281,265.8597,12,30,0.21858001943315794,Semi-Arid,0.6314957244655581,badm_map,FALSE,FALSE,FALSE,FALSE
US-Tw4,1344.1175999411876,366.2459333333333,12,30,0.2724805726443568,Semi-Arid,0.8699428345209818,badm_map,FALSE,FALSE,FALSE,FALSE
US-Tw5,1220.973948190469,1717.7816666666665,12,30,1.4068946100057957,Humid (moderate),4.080241488519398,badm_map,TRUE,FALSE,TRUE,FALSE
US-Twt,1168.1872317263874,373.8043666666666,12,30,0.3199866909298826,Semi-Arid,0.887896357878068,badm_map,FALSE,FALSE,FALSE,FALSE
US-Uaf,437.9785798966946,258.19873333333334,12,30,0.5895236552304323,Dry Sub-Humid,0.9817442332065907,badm_map,FALSE,FALSE,FALSE,FALSE
US-UC1,793.4586584893797,1084.6863666666666,12,30,1.3670357681038336,Humid (moderate),1.0778420695251816,badm_map,FALSE,FALSE,FALSE,FALSE
US-UC2,767.1026668886424,1036.5163666666667,12,30,1.3512094422390193,Humid (moderate),1.0299760189463574,badm_map,FALSE,FALSE,FALSE,FALSE
US-UiA,962.0771094019833,3837.7169000000004,12,30,3.9889909680789346,Hyper-Humid,3.6514908658420557,badm_map,TRUE,FALSE,TRUE,FALSE
US-UiB,926.0523696703374,3837.7169000000004,12,30,4.144168327506335,Hyper-Humid,3.6514908658420557,badm_map,TRUE,FALSE,TRUE,FALSE
US-UiC,986.3258191744643,3837.7169000000004,12,30,3.890922071990466,Hyper-Humid,3.6514908658420557,badm_map,TRUE,FALSE,TRUE,FALSE
US-UiD,915.5329003864938,3837.7169000000004,12,30,4.1917848046530075,Hyper-Humid,3.6514908658420557,badm_map,TRUE,FALSE,TRUE,FALSE
US-UiE,915.1753381058251,985.3755666666667,12,30,1.0767068622130245,Humid (moderate),0.9651082925236697,badm_map,FALSE,FALSE,FALSE,FALSE
US-UiF,864.8957295838893,954.1183333333333,12,30,1.103159954081829,Humid (moderate),0.9344939601697682,badm_map,FALSE,FALSE,FALSE,FALSE
US-UiG,867.7727644809524,954.1183333333333,12,30,1.0995025107800283,Humid (moderate),0.9344939601697682,badm_map,FALSE,FALSE,FALSE,FALSE
US-UMd,752.2025505704636,3229.198833333334,12,30,4.292991071200621,Hyper-Humid,4.021418223329182,badm_map,TRUE,FALSE,TRUE,FALSE
US-UTB,1564.2894302372802,42.33186666666667,12,30,0.02706140299129013,Hyper-Arid,0.3054467614305987,badm_map,FALSE,FALSE,FALSE,FALSE
US-UTD,1380.9304564476515,67.78120000000001,12,30,0.04908371720206858,Hyper-Arid,0.31431115233016466,badm_map,FALSE,FALSE,FALSE,FALSE
US-UTE,1246.5765601205715,228.46273333333332,12,30,0.1832721235438888,Arid,0.8844243658333268,badm_map,FALSE,FALSE,FALSE,FALSE
US-UTJ,1228.831586087085,824.7116,12,30,0.671134766828458,Humid (low),4.189543307086614,badm_map,TRUE,FALSE,TRUE,FALSE
US-UTL,1116.9054885417147,98.10723333333334,12,30,0.08783843784439348,Arid,0.5542781544256121,badm_map,FALSE,FALSE,FALSE,FALSE
US-UTM,1349.742290786387,73.7891,12,30,0.05466902867584374,Arid,0.30741615631379415,badm_map,FALSE,FALSE,FALSE,FALSE
US-UTP,1154.2769526013883,285.49806666666666,12,30,0.24733931143928767,Semi-Arid,0.6813796340493238,badm_map,FALSE,FALSE,FALSE,FALSE
US-UTV,1112.921552202156,128.37,12,30,0.11534505711205988,Arid,0.7252542372881357,badm_map,FALSE,FALSE,FALSE,FALSE
US-UTW,1260.4613198257127,822.7638333333334,12,30,0.652748180679673,Humid (low),3.6531561732232194,badm_map,TRUE,FALSE,TRUE,FALSE
US-Var,1106.7628617145751,584.9927333333334,12,30,0.5285619472513509,Dry Sub-Humid,1.0464986285032798,badm_map,FALSE,FALSE,FALSE,FALSE
US-Vcm,1064.2494313841885,538.4859666666666,12,30,0.5059772181097609,Dry Sub-Humid,0.8335696078431372,badm_map,FALSE,FALSE,FALSE,FALSE
US-Vcp,896.6121760469093,505.1534,12,30,0.5634023421666885,Dry Sub-Humid,0.9184607272727272,badm_map,FALSE,FALSE,FALSE,FALSE
US-VT1,926.959329040084,812.4177,12,30,0.8764329507760626,Humid (low),0.760427286426987,badm_map,FALSE,FALSE,FALSE,FALSE
US-VT2,909.112715472748,810.1182666666666,12,30,0.8911087182906651,Humid (low),0.7582750046020261,badm_map,FALSE,FALSE,FALSE,FALSE
US-WCr,628.3234106954825,687.0006666666666,12,30,1.0933870280374163,Humid (moderate),0.8729360440491316,badm_map,FALSE,FALSE,FALSE,FALSE
US-Whs,1652.3943612128094,310.37823333333336,12,30,0.18783544692413787,Arid,0.9699319791666667,badm_map,FALSE,FALSE,FALSE,FALSE
US-Wjs,1316.2322518965939,375.64719999999994,12,30,0.28539583303685195,Semi-Arid,1.0405739612188365,badm_map,FALSE,FALSE,FALSE,FALSE
US-Wkg,1662.5733988385339,334.9805666666667,12,30,0.2014831747582889,Semi-Arid,0.8230480753480753,badm_map,FALSE,FALSE,FALSE,FALSE
US-WPT,876.1974557981907,812.0837,12,30,0.9268272746355045,Humid (low),0.9565179034157834,badm_map,FALSE,FALSE,FALSE,FALSE
US-WT1,1368.7249545324216,1763.8166333333336,12,30,1.2886567366895723,Humid (moderate),3.6593706085753808,badm_map,TRUE,FALSE,TRUE,FALSE
US-xAB,712.1596206952314,2201.8873,12,30,3.091845193147081,Hyper-Humid,0.8985131335719152,badm_map,FALSE,FALSE,FALSE,FALSE
US-xAE,1490.3441179162037,790.6705,12,30,0.5305288157915595,Dry Sub-Humid,1.0151768633241316,badm_map,FALSE,FALSE,FALSE,FALSE
US-xBA,239.97781452068875,70.94716666666667,12,30,0.2956405233057502,Semi-Arid,0.6449742424242425,badm_map,FALSE,FALSE,FALSE,FALSE
US-xBL,870.9721358736504,1093.0072666666667,12,30,1.2549279381599256,Humid (moderate),1.1124189778297968,badm_map,FALSE,FALSE,FALSE,FALSE
US-xBN,474.8762455510257,379.3319,12,30,0.7988015900012851,Humid (low),1.3793887272727274,badm_map,FALSE,FALSE,FALSE,FALSE
US-xBR,757.6655767829467,1342.6421666666668,12,30,1.7720775600859877,Humid (moderate),1.0775619315141787,badm_map,FALSE,FALSE,FALSE,FALSE
US-xCL,1316.1386460077474,947.5983333333334,12,30,0.7199836705712502,Humid (low),1.023755505378435,badm_map,FALSE,FALSE,FALSE,FALSE
US-xCP,1253.3850304945545,323.6106666666667,12,30,0.25818935027409573,Semi-Arid,1.0112833333333335,badm_map,FALSE,FALSE,FALSE,FALSE
US-xDC,864.3226296543203,377.5992,12,30,0.43687297664648456,Semi-Arid,0.7710197247519092,badm_map,FALSE,FALSE,FALSE,FALSE
US-xDJ,555.8319062516857,239.51666666666665,12,30,0.43091564908872165,Semi-Arid,0.7983888888888888,badm_map,FALSE,FALSE,FALSE,FALSE
US-xDL,1124.011005945183,1300.6067,12,30,1.1571120684056981,Humid (moderate),0.9479640670553936,badm_map,FALSE,FALSE,FALSE,FALSE
US-xDS,1324.141161155259,1150.9070666666667,12,30,0.8691724873672436,Humid (low),0.9463995811713498,badm_map,FALSE,FALSE,FALSE,FALSE
US-xGR,940.4589804809209,1378.7163666666665,12,30,1.4660037229498672,Humid (moderate),1.002702812121212,badm_map,FALSE,FALSE,FALSE,FALSE
US-xHA,789.1202525482065,1127.1006999999997,12,30,1.4283003082995216,Humid (moderate),1.0218501359927468,worldclim_bio12,FALSE,FALSE,FALSE,FALSE
US-xHE,510.19645337265223,256.20869999999996,12,30,0.5021765602374009,Dry Sub-Humid,0.8006521874999999,badm_map,FALSE,FALSE,FALSE,FALSE
US-xJE,1263.5659270897636,1203.0439999999999,12,30,0.9521022799109838,Humid (low),0.9197795056461538,badm_map,FALSE,FALSE,FALSE,FALSE
US-xJR,1675.430762881066,203.24796666666663,12,30,0.12131087190804711,Arid,0.7490803326822196,badm_map,FALSE,FALSE,FALSE,FALSE
US-xKA,1121.389836367341,868.9191333333332,12,30,0.77485911246363,Humid (low),0.9785125375375374,worldclim_bio12,FALSE,FALSE,FALSE,FALSE
US-xKZ,1229.1385104058847,891.7298333333333,12,30,0.7254917373298045,Humid (low),1.0245293243564113,badm_map,FALSE,FALSE,FALSE,FALSE
US-xLE,1102.6216888104757,1463.2431000000001,12,30,1.3270581513579405,Humid (moderate),1.0555481734764545,badm_map,FALSE,FALSE,FALSE,FALSE
US-xMB,1344.4669273213387,192.30396666666664,12,30,0.143033616341761,Arid,0.6019657129739768,badm_map,FALSE,FALSE,FALSE,FALSE
US-xML,831.4461041884335,1361.8994666666667,12,30,1.6379888724068334,Humid (moderate),1.1092012401383482,badm_map,FALSE,FALSE,FALSE,FALSE
US-xNG,931.5229434931559,336.91363333333334,12,30,0.3616804456473473,Semi-Arid,0.7380202697275708,badm_map,FALSE,FALSE,FALSE,FALSE
US-xNQ,1216.7000180294642,233.8227,12,30,0.1921777731035898,Arid,0.8110114113280843,badm_map,FALSE,FALSE,FALSE,FALSE
US-xNW,894.4537566771198,1610.897433333333,12,30,1.8009845912188787,Humid (moderate),1.6036170120984063,badm_map,FALSE,FALSE,FALSE,FALSE
US-xPU,1028.4247272807775,2372.7130666666667,12,30,2.3071334281705536,Hyper-Humid,0.8836920173805091,badm_map,FALSE,FALSE,FALSE,FALSE
US-xRM,962.6698019464378,416.0914333333333,12,30,0.43222653550784623,Semi-Arid,0.5695279614193095,badm_map,FALSE,FALSE,FALSE,FALSE
US-xRN,995.9544155515741,1545.3926666666666,12,30,1.5516700790073867,Humid (moderate),1.1530027655087343,badm_map,FALSE,FALSE,FALSE,FALSE
US-xSB,1195.2304718039882,1101.3257666666666,12,30,0.9214338093342039,Humid (low),0.8458138582330459,badm_map,FALSE,FALSE,FALSE,FALSE
US-xSC,1028.9770988761336,1040.1001666666668,12,30,1.0108098302699662,Humid (moderate),0.9241227602547017,badm_map,FALSE,FALSE,FALSE,FALSE
US-xSE,1009.8691799520514,1121.9486333333334,12,30,1.1109841310204196,Humid (moderate),1.0440130585151755,badm_map,FALSE,FALSE,FALSE,FALSE
US-xSJ,1509.6400017309545,421.12636666666657,12,30,0.2789581398106851,Semi-Arid,0.7804128213681231,badm_map,FALSE,FALSE,FALSE,FALSE
US-xSL,1232.5229589459798,416.7661666666668,12,30,0.3381406923430245,Semi-Arid,0.9632425790248151,badm_map,FALSE,FALSE,FALSE,FALSE
US-xSP,1150.793739066487,568.4880999999999,12,30,0.4939965179695469,Semi-Arid,0.6314078969289719,badm_map,FALSE,FALSE,FALSE,FALSE
US-xSR,1705.0249186328672,313.4504333333333,12,30,0.18383920956689942,Arid,0.9059261078998072,badm_map,FALSE,FALSE,FALSE,FALSE
US-xST,703.2575496168455,727.1521333333333,12,30,1.0339770027772985,Humid (moderate),0.9117209154588161,badm_map,FALSE,FALSE,FALSE,FALSE
US-xTA,1233.199714771097,1236.4183333333333,12,30,1.0026099734890335,Humid (moderate),0.8532907752472969,worldclim_bio12,FALSE,FALSE,FALSE,FALSE
US-xTE,983.9640850461965,555.1968999999999,12,30,0.5642450862156557,Dry Sub-Humid,0.45414879345603265,badm_map,FALSE,FALSE,FALSE,FALSE
US-xTL,425.77179730485113,367.4055333333333,12,30,0.8629165568481095,Humid (low),1.1099865055387714,badm_map,FALSE,FALSE,FALSE,FALSE
US-xTR,711.2751505214159,682.6324999999999,12,30,0.9597305620751424,Humid (low),0.8559011234264506,badm_map,FALSE,FALSE,FALSE,FALSE
US-xUK,1122.456736245529,926.3591666666666,12,30,0.825296099843649,Humid (low),0.9351212528054538,badm_map,FALSE,FALSE,FALSE,FALSE
US-xUN,697.5638505116686,659.0398333333334,12,30,0.9447734896954916,Humid (low),0.8214381569653912,badm_map,FALSE,FALSE,FALSE,FALSE
US-xWD,855.4282117795251,560.4637333333333,12,30,0.6551850004659246,Humid (low),1.135093432706848,badm_map,FALSE,FALSE,FALSE,FALSE
US-xWR,769.6607402846535,2135.3224333333333,12,30,2.774368395799427,Hyper-Humid,0.959691162436723,badm_map,FALSE,FALSE,FALSE,FALSE
US-xYE,776.1656328372051,488.4209333333333,12,30,0.6292741042243183,Dry Sub-Humid,0.9898284154777345,badm_map,FALSE,FALSE,FALSE,FALSE
US-YK1,398.681906293788,362.50516666666664,12,30,0.9092591385362174,Humid (low),0.6904860317460317,worldclim_bio12,FALSE,FALSE,FALSE,FALSE
US-YK2,398.8552144728448,400.88443333333333,12,30,1.0050876077003794,Humid (moderate),0.7563857232704403,worldclim_bio12,FALSE,FALSE,FALSE,FALSE
US-ZF1,971.5816589178745,318.59880000000004,12,30,0.327917676374056,Semi-Arid,0.3308398753894081,worldclim_bio12,FALSE,FALSE,FALSE,FALSE
US-ZF2,880.4836223685542,457.00069999999994,12,30,0.5190337314516316,Dry Sub-Humid,0.5000007658643325,badm_map,FALSE,FALSE,FALSE,FALSE
ZA-Uby,1486.965316021874,1091.3175333333334,12,30,0.7339226554745542,Humid (low),1.2515109327217127,badm_map,FALSE,FALSE,FALSE,FALSE
ZA-Spk,1402.107271131847,461.5525666666667,12,30,0.3291849177089565,Semi-Arid,0.5614994728304947,badm_map,FALSE,FALSE,FALSE,FALSE
ZA-Jks,1545.7003394466617,1747.7135,12,30,1.1306936120785587,Humid (moderate),1.698458211856171,badm_map,FALSE,FALSE,FALSE,FALSE
ZA-BfS,1750.6065078227057,393.14160000000004,12,30,0.22457451074425905,Semi-Arid,0.8834642696629215,badm_map,FALSE,FALSE,FALSE,FALSE
ZA-BfK,1892.1962131109087,479.7237666666667,12,30,0.25352749537425917,Semi-Arid,1.0878089947089948,badm_map,FALSE,FALSE,FALSE,FALSE
KR-WdE,975.7780333769231,1398.0235666666665,12,30,1.4327270330409647,Humid (moderate),0.9128459462400695,badm_map,FALSE,FALSE,FALSE,FALSE
KR-UAO,827.2258456769164,941.6040333333333,12,30,1.1382671833262434,Humid (moderate),0.9311748747362868,badm_map,FALSE,FALSE,FALSE,FALSE
KR-TwC,970.1929938270147,4529.786033333333,12,30,4.668953560945827,Hyper-Humid,3.449951282051282,badm_map,TRUE,FALSE,TRUE,FALSE
KR-TwB,818.4728641272019,4529.786033333333,12,30,5.534436426507284,Hyper-Humid,3.449951282051282,badm_map,TRUE,FALSE,TRUE,FALSE
KR-SmM,661.2420075030376,960.8168000000002,12,30,1.4530486404337921,Humid (moderate),0.7414854144158051,badm_map,FALSE,FALSE,FALSE,FALSE
KR-ScC,952.9329216342899,1278.1100666666664,12,30,1.341238231621481,Humid (moderate),1.0158242462777511,badm_map,FALSE,FALSE,FALSE,FALSE
KR-PcD,776.6113698276636,808.1656999999999,12,30,1.040630785742087,Humid (moderate),0.6832071180995857,badm_map,FALSE,FALSE,FALSE,FALSE
KR-Nj2,927.8948347264637,4503.488766666667,12,30,4.853447393091978,Hyper-Humid,3.436728301790802,badm_map,TRUE,FALSE,TRUE,FALSE
KR-Nj1,918.9383117133711,4503.488766666667,12,30,4.900751997454389,Hyper-Humid,3.436728301790802,badm_map,TRUE,FALSE,TRUE,FALSE
KR-Kw2,760.2903859527474,1286.2524000000003,12,30,1.6917909574618004,Humid (moderate),0.9656549549549552,badm_map,FALSE,FALSE,FALSE,FALSE
KR-Kw1,769.9240619136817,1376.1622666666667,12,30,1.787399997924668,Humid (moderate),1.0331548548548548,badm_map,FALSE,FALSE,FALSE,FALSE
KR-JjM,714.6029234297868,3410.1683666666663,12,30,4.7721164507686655,Hyper-Humid,1.7139969675646696,badm_map,FALSE,FALSE,FALSE,FALSE
KR-Hnm,986.3271608797376,4536.481366666667,12,30,4.599367782410484,Hyper-Humid,3.5385970098803954,badm_map,TRUE,FALSE,TRUE,FALSE
KR-HcM,789.2341528045278,1108.4790333333333,12,30,1.4044995764493657,Humid (moderate),0.7980985192118463,badm_map,FALSE,FALSE,FALSE,FALSE
KR-HPK,849.6793463597543,917.2693,12,30,1.0795476010212777,Humid (moderate),0.7154986739469579,badm_map,FALSE,FALSE,FALSE,FALSE
KR-GmS,817.741668439296,1091.9351333333334,12,30,1.335305727317712,Humid (moderate),1.0018672661100407,badm_map,FALSE,FALSE,FALSE,FALSE
KR-GmR,984.1366325003194,855.4794666666666,12,30,0.8692690002740945,Humid (low),0.784915558002263,badm_map,FALSE,FALSE,FALSE,FALSE
KR-GmP,790.6649135207515,1183.7456000000002,12,30,1.497152054881125,Humid (moderate),1.0861047802550694,badm_map,FALSE,FALSE,FALSE,FALSE
KR-CmF,732.5648524131266,887.1627000000001,12,30,1.2110363977709495,Humid (moderate),0.6741870202902956,badm_map,FALSE,FALSE,FALSE,FALSE
KR-CRK,814.4587865630043,1473.6751666666664,12,30,1.8093919434346564,Humid (moderate),1.2479254523386114,badm_map,FALSE,FALSE,FALSE,FALSE
KR-AdC,954.2455567613155,1130.5095999999999,12,30,1.1847156028024064,Humid (moderate),0.9488917240221586,badm_map,FALSE,FALSE,FALSE,FALSE
TH-Mae,1294.759616182572,1320.5500999999997,12,30,1.0199191289989933,Humid (moderate),0.9119821132596683,badm_map,FALSE,FALSE,FALSE,FALSE
TH-Kog,1005.2293255534316,1857.1944333333333,12,30,1.8475330813800623,Humid (moderate),1.057627809415338,badm_map,FALSE,FALSE,FALSE,FALSE
RU-Tur,434.2145305609091,1764.6893,12,30,4.064095454660192,Hyper-Humid,5.566843217665615,badm_map,TRUE,FALSE,TRUE,FALSE
RU-SkP,594.8419503683823,1069.2126666666668,12,30,1.7974735406682554,Humid (moderate),4.242907407407408,worldclim_bio12,TRUE,FALSE,TRUE,FALSE
RU-Sk2,520.8149965011891,1018.6925000000001,12,30,1.9559584628774689,Humid (moderate),4.141026422764228,worldclim_bio12,TRUE,FALSE,TRUE,FALSE
RU-NeF,570.5237657916849,1069.2168666666666,12,30,1.8740969803124192,Humid (moderate),4.5498590070921985,badm_map,TRUE,FALSE,TRUE,FALSE
RU-NeC,439.09092879596886,1069.2168666666666,12,30,2.4350693593205532,Hyper-Humid,4.5498590070921985,badm_map,TRUE,FALSE,TRUE,FALSE
RU-NeB,467.786564489825,1069.2168666666666,12,30,2.285693835248925,Hyper-Humid,4.5498590070921985,badm_map,TRUE,FALSE,TRUE,FALSE
RU-Ege,638.1919206362168,1349.8303666666666,12,30,2.115085326246396,Hyper-Humid,4.32637938034188,badm_map,TRUE,FALSE,TRUE,FALSE
MY-LHP,1260.3997550448555,2605.4372666666663,12,30,2.0671515177928157,Hyper-Humid,0.9470873379377195,badm_map,FALSE,FALSE,FALSE,FALSE
MN-Udg,648.6536256952049,1504.4765,12,30,2.3193834743273856,Hyper-Humid,6.541202173913043,badm_map,TRUE,FALSE,TRUE,FALSE
MN-Nkh,726.0244792339676,1332.8405000000002,12,30,1.8358065576608211,Humid (moderate),8.043696439348222,badm_map,TRUE,FALSE,TRUE,FALSE
MN-Kbu,929.4290511577225,1089.3188666666665,12,30,1.172030146152394,Humid (moderate),5.557749319727891,badm_map,TRUE,FALSE,TRUE,FALSE
MN-Hst,871.0246121090767,1005.7275000000002,12,30,1.1546487734310484,Humid (moderate),5.194873450413224,badm_map,TRUE,FALSE,TRUE,FALSE
KH-Kmp,1394.3254350176023,6637.125233333333,12,30,4.76009765485598,Hyper-Humid,4.4247501555555555,badm_map,TRUE,FALSE,TRUE,FALSE
JP-Ynf,1004.0541428977772,6652.8439,12,30,6.625981225274748,Hyper-Humid,2.6595418348990605,badm_map,TRUE,FALSE,TRUE,FALSE
JP-Yms,894.2008794988745,4913.387,12,30,5.494723962644216,Hyper-Humid,4.4871114155251135,badm_map,TRUE,FALSE,TRUE,FALSE
JP-Toc,534.6711284090187,4656.831833333333,12,30,8.709712542718217,Hyper-Humid,4.1210901179940995,badm_map,TRUE,FALSE,TRUE,FALSE
JP-Tmk,550.763835149502,4656.8277,12,30,8.455216923848909,Hyper-Humid,4.464839597315436,badm_map,TRUE,FALSE,TRUE,FALSE
JP-Tmd,567.349357747561,4656.8277,12,30,8.208042604451188,Hyper-Humid,3.6495514890282132,badm_map,TRUE,FALSE,TRUE,FALSE
JP-Tkb,857.6002883046652,5411.865833333333,12,30,6.310475762585973,Hyper-Humid,3.5911518469365182,badm_map,TRUE,FALSE,TRUE,FALSE
JP-Tgf,693.0959228000222,1127.2060333333334,12,30,1.6263348206977755,Humid (moderate),0.8456159289822456,worldclim_bio12,FALSE,FALSE,FALSE,FALSE
JP-Tef,378.4562226164069,926.4751666666667,12,30,2.4480378741340374,Hyper-Humid,0.7720626388888889,badm_map,FALSE,FALSE,FALSE,FALSE
JP-Tak,637.4563906489857,8803.888466666667,12,30,13.810965888511287,Hyper-Humid,3.8698410842490847,badm_map,TRUE,FALSE,TRUE,FALSE
JP-Ta2,726.5363633504852,1755.0042333333333,12,30,2.415576593083352,Hyper-Humid,1.0191662214479287,badm_map,FALSE,FALSE,FALSE,FALSE
JP-Srk,517.8139006723665,2521.6108666666664,12,30,4.869724168069701,Hyper-Humid,0.8405369555555555,badm_map,FALSE,FALSE,FALSE,FALSE
JP-Spp,664.4971918911936,1191.5768666666668,12,30,1.7932007557103093,Humid (moderate),1.0361537971014494,badm_map,FALSE,FALSE,FALSE,FALSE
JP-Shn,681.2277708934325,6020.625366666666,12,30,8.837903596869804,Hyper-Humid,3.748832731423827,badm_map,TRUE,FALSE,TRUE,FALSE
JP-Sb2,591.0215103502213,4275.823066666667,12,30,7.234631890356993,Hyper-Humid,3.9849236408822617,badm_map,TRUE,FALSE,TRUE,FALSE
JP-Sb1,571.6347439229396,4275.823066666667,12,30,7.4799915717563135,Hyper-Humid,3.9849236408822617,badm_map,TRUE,FALSE,TRUE,FALSE
JP-SMF,868.5903884879599,5431.5632,12,30,6.253307971154564,Hyper-Humid,3.363197027863777,badm_map,TRUE,FALSE,TRUE,FALSE
JP-Om2,794.4723770974327,5337.6410000000005,12,30,6.7184727296634525,Hyper-Humid,4.42260419255945,badm_map,TRUE,FALSE,TRUE,FALSE
JP-Nuf,696.8905923503047,5431.5632,12,30,7.793997019936418,Hyper-Humid,3.4053687774294668,badm_map,TRUE,FALSE,TRUE,FALSE
JP-NsM,656.665569992894,3140.8003,12,30,4.7829526071147415,Hyper-Humid,2.0120437540038436,badm_map,FALSE,FALSE,FALSE,FALSE
JP-NsC,653.6298845718378,3140.8003,12,30,4.8051663091527566,Hyper-Humid,2.0120437540038436,badm_map,FALSE,FALSE,FALSE,FALSE
JP-Nkm,589.9253016134361,8195.526133333333,12,30,13.892481151289328,Hyper-Humid,4.200679719801811,worldclim_bio12,TRUE,FALSE,TRUE,FALSE
JP-Mse,772.779238953028,5187.7739,12,30,6.713138291640013,Hyper-Humid,4.323144916666667,badm_map,TRUE,FALSE,TRUE,FALSE
JP-MMF,528.4573218188937,1143.6482333333336,12,30,2.164126006234559,Hyper-Humid,0.9893150807381779,worldclim_bio12,FALSE,FALSE,FALSE,FALSE
JP-MBF,474.8888985414091,5175.140933333334,12,30,10.8975824645058,Hyper-Humid,4.408126859738785,worldclim_bio12,TRUE,FALSE,TRUE,FALSE
JP-Kzw,852.4308571238658,5583.8523000000005,12,30,6.550504657750343,Hyper-Humid,4.660978547579299,badm_map,TRUE,FALSE,TRUE,FALSE
JP-Khw,790.0725386695516,2291.236,12,30,2.900032450005595,Hyper-Humid,1.0756976525821595,badm_map,FALSE,FALSE,FALSE,FALSE
JP-KaP,763.1862760436527,5287.457766666666,12,30,6.9281352831405405,Hyper-Humid,293.7476537037037,badm_map,TRUE,FALSE,TRUE,FALSE
JP-Hc3,744.4753081216934,4683.106866666666,12,30,6.290479772233301,Hyper-Humid,4.516014336226293,badm_map,TRUE,FALSE,TRUE,FALSE
JP-Hc2,823.6760744650411,4683.106866666666,12,30,5.685617212698861,Hyper-Humid,4.516014336226293,badm_map,TRUE,FALSE,TRUE,FALSE
JP-Fmt,935.6088544451458,5939.714199999999,12,30,6.348501483050299,Hyper-Humid,3.6151638466220324,badm_map,TRUE,FALSE,TRUE,FALSE
JP-Fjy,671.6353775785459,1969.4295333333332,12,30,2.9322897498844362,Hyper-Humid,1.0078963834868644,badm_map,FALSE,FALSE,FALSE,FALSE
JP-Fhk,688.0008088565514,1844.729033333333,12,30,2.6812890473184896,Hyper-Humid,1.0074981066812305,badm_map,FALSE,FALSE,FALSE,FALSE
JP-BBY,610.5716470243498,4008.1986666666667,12,30,6.564665565787103,Hyper-Humid,3.425810826210826,badm_map,TRUE,FALSE,TRUE,FALSE
JP-Api,619.6092759489308,5371.742266666666,12,30,8.669563990048164,Hyper-Humid,2.8741264134118065,badm_map,TRUE,FALSE,TRUE,FALSE
ID-Pag,1329.3713272097914,2590.343366666667,12,30,1.9485476432709898,Humid (moderate),0.9727162473400928,badm_map,FALSE,FALSE,FALSE,FALSE
ID-PaD,1308.2128787758734,2484.8323333333333,12,30,1.8994097777560877,Humid (moderate),1.0370752643294379,worldclim_bio12,FALSE,FALSE,FALSE,FALSE
ID-PaB,1278.9142503839985,2539.1999333333333,12,30,1.9854340762650269,Humid (moderate),0.9618181565656566,badm_map,FALSE,FALSE,FALSE,FALSE
CN-Lsh,628.6274430415003,453.5005,12,30,0.721413780164957,Humid (low),0.626381906077348,badm_map,FALSE,FALSE,FALSE,FALSE
CN-HaM,699.0905484110301,3057.3432333333335,12,30,4.373315073823268,Hyper-Humid,5.392139741328631,badm_map,TRUE,FALSE,TRUE,FALSE
UK-AMo,418.3064185593729,1007.6969,12,30,2.4089922011487643,Hyper-Humid,1.0496842708333334,badm_map,FALSE,FALSE,FALSE,FALSE
SE-Svb,475.0893743389164,580.8159666666667,12,30,1.2225404272088132,Humid (moderate),0.9459543431053203,badm_map,FALSE,FALSE,FALSE,FALSE
SE-Sto,386.19377825520564,390.50699999999995,12,30,1.0111685428084345,Humid (moderate),1.1762259036144578,badm_map,FALSE,FALSE,FALSE,FALSE
SE-Nor,512.95010849824,544.4536666666667,12,30,1.0614164177889727,Humid (moderate),0.9291018202502844,badm_map,FALSE,FALSE,FALSE,FALSE
SE-Htm,519.945973299177,866.0847000000001,12,30,1.665720564204956,Humid (moderate),1.225013719943423,badm_map,FALSE,FALSE,FALSE,FALSE
SE-Deg,429.92833276428155,551.8516999999999,12,30,1.2835899798736126,Humid (moderate),1.055165774378585,badm_map,FALSE,FALSE,FALSE,FALSE
NO-Hur,518.2988067389978,852.9431333333333,12,30,1.6456590720318869,Humid (moderate),1.009400157790927,badm_map,FALSE,FALSE,FALSE,FALSE
NL-Loo,665.7134974653001,1033.0346333333334,12,30,1.551770599915138,Humid (moderate),1.1478162592592593,badm_map,FALSE,FALSE,FALSE,FALSE
IT-TrF,641.2292417691544,936.2529333333334,12,30,1.4600908260986465,Humid (moderate),1.0579129190207157,badm_map,FALSE,FALSE,FALSE,FALSE
IT-Tor,619.3972036152023,863.2786666666667,12,30,1.3937400130772541,Humid (moderate),0.9135223985890653,badm_map,FALSE,FALSE,FALSE,FALSE
IT-SR2,860.6365925173171,977.5978333333334,12,30,1.1359008457610555,Humid (moderate),1.029050350877193,badm_map,FALSE,FALSE,FALSE,FALSE
IT-Ren,606.1241191120332,870.9434,12,30,1.4369060272274345,Humid (moderate),0.8971398846312321,badm_map,FALSE,FALSE,FALSE,FALSE
IT-Noe,1020.6841540699534,552.2558333333333,12,30,0.5410643744504375,Dry Sub-Humid,0.91281955922865,badm_map,FALSE,FALSE,FALSE,FALSE
IT-Niv,846.0748404309716,5981.665933333333,12,30,7.06990167712162,Hyper-Humid,5.253065718216679,badm_map,FALSE,TRUE,TRUE,FALSE
IT-MBo,576.819750641437,1136.8581,12,30,1.9709070272572795,Humid (moderate),0.8328630769230768,badm_map,FALSE,FALSE,FALSE,FALSE
IT-Lsn,828.0707844745707,1014.1034666666666,12,30,1.2246579467359637,Humid (moderate),0.9219122424242423,badm_map,FALSE,FALSE,FALSE,FALSE
IT-Cp2,688.37785133233,777.9245999999999,12,30,1.130083715643023,Humid (moderate),1.294383693843594,badm_map,FALSE,FALSE,FALSE,FALSE
IT-BFt,579.9128387834753,594.1236333333335,12,30,1.0245050524828339,Humid (moderate),0.8524011956001916,badm_map,FALSE,FALSE,FALSE,FALSE
IT-BCi,956.8521972327584,952.5521666666667,12,30,0.9955060660585539,Humid (low),1.0057142203546114,badm_map,FALSE,FALSE,FALSE,FALSE
IE-Cra,476.63718863100536,3474.4631333333327,12,30,7.28953429612294,Hyper-Humid,3.934839335598338,badm_map,TRUE,FALSE,TRUE,FALSE
GL-ZaH,331.687594243991,628.1780333333332,12,30,1.893884619848768,Humid (moderate),2.482917127799736,badm_map,FALSE,FALSE,FALSE,FALSE
GL-ZaF,340.99374820248266,780.7409666666666,12,30,2.2896049290706095,Hyper-Humid,3.0859326745718048,badm_map,FALSE,TRUE,TRUE,FALSE
GL-NuF,394.7039660852413,853.3002666666667,12,30,2.161874062553468,Hyper-Humid,1.091176811594203,badm_map,FALSE,FALSE,FALSE,FALSE
GL-Dsk,351.1088703532821,2107.908033333333,12,30,6.003573852213925,Hyper-Humid,4.971481210691824,worldclim_bio12,TRUE,FALSE,TRUE,FALSE
GF-Guy,1305.8595711161158,2783.7333666666664,12,30,2.131724902308917,Hyper-Humid,0.897688928302698,badm_map,FALSE,FALSE,FALSE,FALSE
FR-Tou,873.7825443649419,603.8277666666667,12,30,0.6910503884070193,Humid (low),1.109977512254902,badm_map,FALSE,FALSE,FALSE,FALSE
FR-Pue,946.8322462595033,930.8250333333334,12,30,0.983093929268456,Humid (low),1.0073863997113999,badm_map,FALSE,FALSE,FALSE,FALSE
FR-Mej,665.340992988097,716.1552333333334,12,30,1.076373229487974,Humid (moderate),0.9919047553093261,badm_map,FALSE,FALSE,FALSE,FALSE
FR-Lus,822.9262891536205,771.5567,12,30,0.9375769253811856,Humid (low),0.9729592686002522,badm_map,FALSE,FALSE,FALSE,FALSE
FR-Lqu,749.2605704061823,1311.602933333333,12,30,1.7505297691326516,Humid (moderate),1.212650641025641,badm_map,FALSE,FALSE,FALSE,FALSE
FR-Lam,735.0926176528259,667.7423666666667,12,30,0.9083785507175808,Humid (low),0.9863255046774989,badm_map,FALSE,FALSE,FALSE,FALSE
FR-LGt,669.6122382806569,687.4911333333333,12,30,1.0267003707975582,Humid (moderate),0.9824810765749672,badm_map,FALSE,FALSE,FALSE,FALSE
FR-Hes,734.8646968130946,915.2581333333333,12,30,1.2454784361019862,Humid (moderate),1.029536707911511,badm_map,FALSE,FALSE,FALSE,FALSE
FR-Gri,749.5989277090019,574.3015,12,30,0.766145039394916,Humid (low),0.9613671364960328,badm_map,FALSE,FALSE,FALSE,FALSE
FR-Fon,707.1313978768112,499.10013333333336,12,30,0.7058096060108495,Humid (low),0.7350625684227063,badm_map,FALSE,FALSE,FALSE,FALSE
FR-FBn,1006.8808591591963,625.6768333333334,12,30,0.6214010601570177,Dry Sub-Humid,0.8938240476190478,badm_map,FALSE,FALSE,FALSE,FALSE
FR-EM2,621.8322328367175,647.6893333333333,12,30,1.041582116736952,Humid (moderate),0.95248431372549,badm_map,FALSE,FALSE,FALSE,FALSE
FR-CLt,778.0592496471036,1523.7227666666665,12,30,1.95836341172959,Humid (moderate),1.1613740599593494,badm_map,FALSE,FALSE,FALSE,FALSE
FR-Bil,806.6940813107702,935.3115666666666,12,30,1.1594377451572597,Humid (moderate),0.9741814047147866,badm_map,FALSE,FALSE,FALSE,FALSE
FR-Aur,794.5733609376161,688.4235,12,30,0.8664064689856243,Humid (low),1.0298032909498878,badm_map,FALSE,FALSE,FALSE,FALSE
FI-Var,341.62296475661213,519.2669,12,30,1.5199999811779326,Humid (moderate),0.8640048252911813,badm_map,FALSE,FALSE,FALSE,FALSE
FI-Sod,405.2752252730459,496.3022,12,30,1.2246053275662891,Humid (moderate),0.20471979540485913,badm_map,FALSE,FALSE,FALSE,FALSE
FI-Sii,468.6303693279383,574.4363999999998,12,30,1.2257771531618784,Humid (moderate),0.8079274261603373,badm_map,FALSE,FALSE,FALSE,FALSE
FI-Let,705.6832875936,577.1783333333334,12,30,0.8178999609038892,Humid (low),0.9205396065922383,badm_map,FALSE,FALSE,FALSE,FALSE
FI-Ken,351.0626107907358,627.2816000000001,12,30,1.7868083376555164,Humid (moderate),1.2960363636363639,badm_map,FALSE,FALSE,FALSE,FALSE
FI-Hyy,500.19729454016465,688.5662333333333,12,30,1.3765892795688504,Humid (moderate),0.9684475855602438,badm_map,FALSE,FALSE,FALSE,FALSE
FI-Ant,470.48926416554656,431.30663333333337,12,30,0.9167193944335649,Humid (low),0.7047494008714598,badm_map,FALSE,FALSE,FALSE,FALSE
ES-LMa,1195.8691460845605,696.9402333333334,12,30,0.5827897104087109,Dry Sub-Humid,1.0402093034825872,badm_map,FALSE,FALSE,FALSE,FALSE
DK-Vng,564.0588479007163,886.9529,12,30,1.572447455262892,Humid (moderate),0.9229478668054111,badm_map,FALSE,FALSE,FALSE,FALSE
DK-Sor,572.1646286614363,775.8816333333334,12,30,1.3560461350931245,Humid (moderate),1.2123150520833335,badm_map,FALSE,FALSE,FALSE,FALSE
DK-Skj,551.0423740631014,779.0029666666668,12,30,1.4136897693052204,Humid (moderate),0.9629208487845078,badm_map,FALSE,FALSE,FALSE,FALSE
DK-RCW,436.5596322831034,455.2713666666667,12,30,1.042861806268494,Humid (moderate),0.6241724248240564,badm_map,FALSE,FALSE,FALSE,FALSE
DK-Gds,492.50503665148017,918.4582666666666,12,30,1.864870810075819,Humid (moderate),1.0401565873914684,badm_map,FALSE,FALSE,FALSE,FALSE
DE-Tha,694.8515481753828,804.5215333333333,12,30,1.1578322527249654,Humid (moderate),0.9704722959388822,badm_map,FALSE,FALSE,FALSE,FALSE
DE-RuS,617.1306562166402,578.2699666666667,12,30,0.937030045163837,Humid (low),0.82846700095510994,badm_map,FALSE,FALSE,FALSE,FALSE
DE-RuR,597.2141070234298,885.9961000000001,12,30,1.4835485123013692,Humid (moderate),0.8576922555663118,badm_map,FALSE,FALSE,FALSE,FALSE
DE-Msr,663.2885436208741,1160.6923,12,30,1.7499055443711002,Humid (moderate),0.8392569052783803,badm_map,FALSE,FALSE,FALSE,FALSE
DE-Kli,628.1305262316465,782.8155999999999,12,30,1.246262627445219,Humid (moderate),1.0354703703703703,badm_map,FALSE,FALSE,FALSE,FALSE
DE-RuW,599.4472831608308,1095.6655999999998,12,30,1.8277930866958894,Humid (moderate),0.8765324799999998,badm_map,FALSE,FALSE,FALSE,FALSE
DE-Hzd,555.992493204405,3285.067666666667,12,30,5.908474856798012,Hyper-Humid,3.745801216267579,badm_map,TRUE,FALSE,TRUE,FALSE
DE-HoH,712.9944849065448,491.82596666666666,12,30,0.689803325380746,Humid (low),0.8735807578448787,badm_map,FALSE,FALSE,FALSE,FALSE
DE-Har,733.767409978538,610.4904333333333,12,30,0.8319944781292338,Humid (low),0.952403172126885,badm_map,FALSE,FALSE,FALSE,FALSE
DE-Hai,621.738604963314,729.2309333333333,12,30,1.1728899050371209,Humid (moderate),0.9801491039426522,badm_map,FALSE,FALSE,FALSE,FALSE
DE-Gwg,416.11059621952126,1172.6762,12,30,2.818183941130278,Hyper-Humid,0.7256659653465347,badm_map,FALSE,FALSE,FALSE,FALSE
DE-GsB,631.0673457324166,513.3818666666665,12,30,0.8135135974605621,Humid (low),0.8836176706827307,badm_map,FALSE,FALSE,FALSE,FALSE
DE-Gri,599.1087353509554,912.2571666666665,12,30,1.5226904781020596,Humid (moderate),1.1547559071729956,worldclim_bio12,FALSE,FALSE,FALSE,FALSE
DE-Geb,467.7451646765181,611.8403000000001,12,30,1.3080633349211315,Humid (moderate),1.1457683520599253,badm_map,FALSE,FALSE,FALSE,FALSE
DE-Fen,497.12311748497126,948.8637333333331,12,30,1.9087097339866088,Humid (moderate),0.87776478569226,badm_map,FALSE,FALSE,FALSE,FALSE
DE-Brs,658.9952605429985,671.8451,12,30,1.0194991378942748,Humid (moderate),1.08730393267519,badm_map,FALSE,FALSE,FALSE,FALSE
DE-Amv,576.2893684570654,675.4397666666666,12,30,1.1720496744110733,Humid (moderate),0.8089099001996007,badm_map,FALSE,FALSE,FALSE,FALSE
CZ-wet,607.0675688830393,575.1535666666666,12,30,0.9474292420609914,Humid (low),0.9538201768933111,badm_map,FALSE,FALSE,FALSE,FALSE
CZ-Lnz,735.070338036345,518.4126,12,30,0.7052557737329995,Humid (low),1.0007366354523186,badm_map,FALSE,FALSE,FALSE,FALSE
CZ-BK1,553.4331097181973,1218.5815,12,30,2.201858686446298,Hyper-Humid,0.9106668310764356,badm_map,FALSE,FALSE,FALSE,FALSE
CH-Dav,597.0375131795478,879.0585333333333,12,30,1.4723673369398032,Humid (moderate),1.0034914764079148,badm_map,FALSE,FALSE,FALSE,FALSE
CD-Ygb,NA,NA,NA,NA,NA,NA,NA,NA,NA,NA,NA,TRUE
BE-Vie,581.3624866225186,918.7797333333334,12,30,1.5803904697585025,Humid (moderate),1.0034728411242173,badm_map,FALSE,FALSE,FALSE,FALSE
BE-Maa,614.5700731418125,704.4602333333335,12,30,1.14626511136799,Humid (moderate),0.8395426448973108,badm_map,FALSE,FALSE,FALSE,FALSE
BE-Lon,601.1381682119031,675.7650333333333,12,30,1.1241426165691812,Humid (moderate),0.9099986982673489,badm_map,FALSE,FALSE,FALSE,FALSE
BE-Dor,567.4801485744782,643.6931333333332,12,30,1.1343007062895567,Humid (moderate),0.7775010669565566,badm_map,FALSE,FALSE,FALSE,FALSE
BE-Bra,645.7123560354572,811.3813666666666,12,30,1.2565678186001945,Humid (moderate),0.8812657398356322,badm_map,FALSE,FALSE,FALSE,FALSE
VU-Coc,1261.3250428105425,2593.5981,12,30,2.0562487954895636,Hyper-Humid,0.9386891422366993,badm_map,FALSE,FALSE,FALSE,FALSE
ML-Kem,1816.1041914606851,869.8877666666667,12,30,0.478985605978377,Semi-Arid,2.880423068432671,badm_map,TRUE,FALSE,TRUE,FALSE
KE-Mkt,1321.044446163623,287.7273333333333,12,30,0.21780291660050305,Semi-Arid,0.639394074074074,badm_map,FALSE,FALSE,FALSE,FALSE
KE-Kpt,1403.4365858301821,3002.6111666666666,12,30,2.1394704947716012,Hyper-Humid,5.249320221445221,worldclim_bio12,TRUE,FALSE,TRUE,FALSE
KE-Chk,1593.4148808207583,436.1654333333334,12,30,0.2737299861971085,Semi-Arid,0.8723308666666668,badm_map,FALSE,FALSE,FALSE,FALSE
KE-Aq2,122.25588923722964,2703.4056000000005,12,30,22.112681989120514,Hyper-Humid,4.91528290909091,badm_map,TRUE,FALSE,TRUE,FALSE
KE-Aq1,1474.0562523545668,2703.4056000000005,12,30,1.833990796268288,Humid (moderate),4.91528290909091,badm_map,TRUE,FALSE,TRUE,FALSE
ID-JOP,1266.672449647591,2024.7450666666666,12,30,1.5984756495098507,Humid (moderate),0.9059262043251305,badm_map,FALSE,FALSE,FALSE,FALSE
HK-MPM,1000.3472989253918,1647.0130666666666,12,30,1.646441259386561,Humid (moderate),0.8623105061082025,worldclim_bio12,FALSE,FALSE,FALSE,FALSE
CR-AqC,1125.9640552173669,3000.089966666667,12,30,2.6644633572139216,Hyper-Humid,0.9354817482590168,badm_map,FALSE,FALSE,FALSE,FALSE
CN-SnB,1008.5888446391593,880.7532666666666,12,30,0.8732530320437678,Humid (low),0.8617938030006522,badm_map,FALSE,FALSE,FALSE,FALSE
CN-Sb2,811.7073775292158,2080.993133333333,12,30,2.5637233206722105,Hyper-Humid,4.603967109144542,badm_map,TRUE,FALSE,TRUE,FALSE
CN-Sb1,787.4433601226773,2080.993133333333,12,30,2.6427210371157757,Hyper-Humid,4.603967109144542,badm_map,TRUE,FALSE,TRUE,FALSE
BW-Nxr,1530.9490625586338,2185.233133333333,12,30,1.4273715479999132,Humid (moderate),5.012002599388379,worldclim_bio12,TRUE,FALSE,TRUE,FALSE
BW-Gum,1375.9094536647635,2356.7997666666665,12,30,1.7129032440247294,Humid (moderate),5.101298196248196,worldclim_bio12,TRUE,FALSE,TRUE,FALSE
BJ-Nhu,1416.898827899466,1349.8548666666666,12,30,0.9526826051989956,Humid (low),1.1343318207282913,badm_map,FALSE,FALSE,FALSE,FALSE
BJ-Db1,1139.0251818862764,1404.9051333333334,12,30,1.23342763239593,Humid (moderate),0.9756285648148149,badm_map,FALSE,FALSE,FALSE,FALSE
BJ-Bfg,1466.578206839428,1396.9521,12,30,0.9525247910307648,Humid (low),1.1641267499999999,badm_map,FALSE,FALSE,FALSE,FALSE
ZM-Mon,1519.6972962557577,503.8849666666666,12,30,0.3315692986413429,Semi-Arid,0.5332116049382716,badm_map,FALSE,FALSE,FALSE,FALSE
UK-HpF,606.1589726737908,624.1721333333332,12,30,1.0297168918907291,Humid (moderate),0.749846387954509,badm_map,FALSE,FALSE,FALSE,FALSE
UK-HgF,568.8703013209947,608.0013666666667,12,30,1.0687873233227405,Humid (moderate),0.7068796989567347,badm_map,FALSE,FALSE,FALSE,FALSE
UK-Gwr,435.9640861143609,1531.2825666666668,12,30,3.512405299974606,Hyper-Humid,1.201477102131555,badm_map,FALSE,FALSE,FALSE,FALSE
UK-Gnn,469.2765746001809,1232.0132333333331,12,30,2.625345691680853,Hyper-Humid,0.8869785697144227,badm_map,FALSE,FALSE,FALSE,FALSE
UK-GaB,508.68084152796246,979.9505333333333,12,30,1.9264545729494804,Humid (moderate),0.6524304482911673,badm_map,FALSE,FALSE,FALSE,FALSE
UK-Cvn,598.3901123300631,611.6592,12,30,1.0221746439262986,Humid (moderate),0.733932325413967,badm_map,FALSE,FALSE,FALSE,FALSE
UK-CCr,586.4468210025366,1243.8745999999999,12,30,2.1210356258280743,Hyper-Humid,0.801465592783505,badm_map,FALSE,FALSE,FALSE,FALSE
UK-BnB,485.88581666705494,1000.1563666666666,12,30,2.0584185262440102,Hyper-Humid,0.7914507926459338,badm_map,FALSE,FALSE,FALSE,FALSE
UK-Ags,675.3577033566824,1259.5997666666667,12,30,1.8650853620328423,Humid (moderate),0.9681781450166539,badm_map,FALSE,FALSE,FALSE,FALSE
SN-Nkr,2366.404109993936,570.6593999999999,12,30,0.24115044323577609,Semi-Arid,0.9759866598255513,badm_map,FALSE,FALSE,FALSE,FALSE
SN-Dhr,2048.1255734684964,379.9324,12,30,0.18550249307057146,Arid,0.9132990384615384,badm_map,FALSE,FALSE,FALSE,FALSE
SJ-Adv,308.39775454075993,150.65223333333336,12,30,0.4884997737991706,Semi-Arid,0.48913062770562776,worldclim_bio12,FALSE,FALSE,FALSE,FALSE
SE-Trb,494.6319723538366,2565.8848999999996,12,30,5.187462686226206,Hyper-Humid,4.040763622047243,badm_map,TRUE,FALSE,TRUE,FALSE
SE-St1,451.7204270001814,205.19340000000003,12,30,0.45424866296763156,Semi-Arid,0.6765361028684471,badm_map,FALSE,FALSE,FALSE,FALSE
SE-Srj,397.6181247467526,512.0480333333334,12,30,1.2877884620060076,Humid (moderate),0.7938729198966409,badm_map,FALSE,FALSE,FALSE,FALSE
SE-Ros,386.11706211823383,619.4648333333333,12,30,1.6043446252671567,Humid (moderate),0.9619019151138717,worldclim_bio12,FALSE,FALSE,FALSE,FALSE
SE-Hmr,505.68044516081613,543.2816666666666,12,30,1.07435767363694,Humid (moderate),0.8422971576227389,badm_map,FALSE,FALSE,FALSE,FALSE
SE-HfM,409.93384063643856,453.65529999999995,12,30,1.1066549160608017,Humid (moderate),0.7033415503875968,badm_map,FALSE,FALSE,FALSE,FALSE
SD-Dem,2134.5753680940716,320.2158,12,30,0.15001381763620536,Arid,1.000674375,badm_map,FALSE,FALSE,FALSE,FALSE
RU-Ha1,628.0747051131673,377.7314666666667,12,30,0.6014116849342095,Dry Sub-Humid,0.8229443718228032,worldclim_bio12,FALSE,FALSE,FALSE,FALSE
RU-Fyo,479.2318729753123,557.2262666666667,12,30,1.1627487612773457,Humid (moderate),0.7837218940459447,badm_map,FALSE,FALSE,FALSE,FALSE
RU-Fy4,508.5404657254031,452.93016666666665,12,30,0.8906472487309114,Humid (low),0.5821724507283633,badm_map,FALSE,FALSE,FALSE,FALSE
RU-Fy3,461.72333915571176,712.9970666666666,12,30,1.5442084170369719,Humid (moderate),0.7465937870855147,badm_map,FALSE,FALSE,FALSE,FALSE
RU-Fy2,553.2673540421224,585.4687,12,30,1.0582021435434739,Humid (moderate),0.8234440225035162,badm_map,FALSE,FALSE,FALSE,FALSE
RU-Che,399.76287791695296,109.45376666666667,12,30,0.2737967247909514,Semi-Arid,0.5556028764805414,badm_map,FALSE,FALSE,FALSE,FALSE
RU-Ch2,392.54577001926884,170.49943333333334,12,30,0.4343428113490156,Semi-Arid,0.8524971666666668,badm_map,FALSE,FALSE,FALSE,FALSE
PA-SPs,1094.232271357228,2220.400633333333,12,30,2.0291858423982188,Hyper-Humid,0.9448513333333333,badm_map,FALSE,FALSE,FALSE,FALSE
PA-SPn,1105.0027900304947,2166.4429666666665,12,30,1.9605769199975318,Humid (moderate),0.9218906241134751,badm_map,FALSE,FALSE,FALSE,FALSE
NO-Ikr,340.6411677321113,2169.292633333333,12,30,6.368263260062914,Hyper-Humid,5.202140607513988,badm_map,TRUE,FALSE,TRUE,FALSE
NO-Fns,479.09879514200276,3066.5747666666666,12,30,6.400714837443386,Hyper-Humid,2.42608763185654,worldclim_bio12,FALSE,FALSE,FALSE,FALSE
NO-And,341.3690139930826,9318.330766666668,12,30,27.296943731558166,Hyper-Humid,8.790878081761008,badm_map,FALSE,TRUE,TRUE,FALSE
NL-Vkp,675.7230416196974,813.6464666666668,12,30,1.2041123604670476,Humid (moderate),0.9594887578616353,badm_map,FALSE,FALSE,FALSE,FALSE
NL-Hrw,577.8167886579879,858.1188000000001,12,30,1.4851053428077599,Humid (moderate),1.0119325471698115,badm_map,FALSE,FALSE,FALSE,FALSE
IT-SRo,753.3775941623769,913.3800333333332,12,30,1.2123801403316896,Humid (moderate),0.9928043840579709,badm_map,FALSE,FALSE,FALSE,FALSE
IT-Ro2,870.110581172212,793.803,12,30,0.9123012835111021,Humid (low),2.0944670184696568,worldclim_bio12,FALSE,FALSE,FALSE,FALSE
IT-Ro1,744.1409564155633,860.8764666666666,12,30,1.156872846796935,Humid (moderate),2.2714418645558485,worldclim_bio12,FALSE,FALSE,FALSE,FALSE
IT-PT1,688.6877074195708,789.2592000000002,12,30,1.1460335236086303,Humid (moderate),1.0276812500000003,worldclim_bio12,FALSE,FALSE,FALSE,FALSE
IT-NiG,683.598458778986,1052.6584,12,30,1.5398782523299028,Humid (moderate),0.7310127777777778,worldclim_bio12,FALSE,FALSE,FALSE,FALSE
IT-MtP,880.4453324779057,571.6022666666667,12,30,0.6492194865273031,Dry Sub-Humid,1.0430698296836982,worldclim_bio12,FALSE,FALSE,FALSE,FALSE
IT-MtM,751.9359099275989,694.7573,12,30,0.9239581337017081,Humid (low),1.202002249134948,worldclim_bio12,FALSE,FALSE,FALSE,FALSE
IT-Lav,565.6929254767721,1093.9326666666666,12,30,1.9337923763934088,Humid (moderate),0.8473529563645752,badm_map,FALSE,FALSE,FALSE,FALSE
IT-Cpz,924.220090306293,855.9554,12,30,0.9261380584318726,Humid (low),1.1218288335517694,worldclim_bio12,FALSE,FALSE,FALSE,FALSE
IT-CA3,1014.9675744505599,657.6251,12,30,0.6479272013748786,Dry Sub-Humid,0.858518407310705,badm_map,FALSE,FALSE,FALSE,FALSE
IT-CA2,1105.5851394195263,712.5680000000001,12,30,0.6445166225498699,Dry Sub-Humid,0.9302454308093996,badm_map,FALSE,FALSE,FALSE,FALSE
IT-CA1,1027.9275678156098,710.4101666666667,12,30,0.6911091684955184,Humid (low),0.9274284160139251,badm_map,FALSE,FALSE,FALSE,FALSE
IT-Bsn,778.4363870328831,627.7203,12,30,0.8063861228181302,Humid (low),0.6366331643002028,worldclim_bio12,FALSE,FALSE,FALSE,FALSE
IT-BsB,891.4382760975931,843.7054,12,30,0.9464540873132002,Humid (low),0.8556849898580122,worldclim_bio12,FALSE,FALSE,FALSE,FALSE
IT-Arz,821.7272898650999,3927.658033333333,12,30,4.779758542494217,Hyper-Humid,4.364064481481481,badm_map,TRUE,FALSE,TRUE,FALSE
IL-Yat,1339.8673263396313,241.5669333333333,12,30,0.18029168156019398,Arid,0.8765128205128203,badm_map,FALSE,FALSE,FALSE,FALSE
IL-RmH,1511.4788587926575,560.337,12,30,0.3707210304268412,Semi-Arid,1.085924418604651,badm_map,FALSE,FALSE,FALSE,FALSE
IE-Gwr,364.40638249273377,3274.0240000000003,12,30,8.984540769028062,Hyper-Humid,3.818549101936086,badm_map,TRUE,FALSE,TRUE,FALSE
IE-CaN,459.364169610186,507.08189999999996,12,30,1.1038777805206421,Humid (moderate),0.6306988805970148,badm_map,FALSE,FALSE,FALSE,FALSE
IE-CaC,459.364169610186,507.08189999999996,12,30,1.1038777805206421,Humid (moderate),0.6306988805970148,badm_map,FALSE,FALSE,FALSE,FALSE
GH-Ank,859.6861910226305,1861.9027,12,30,2.165793424906818,Hyper-Humid,0.9799487894736842,badm_map,FALSE,FALSE,FALSE,FALSE
FR-Nzn,597.6183657899618,912.8695999999999,12,30,1.5275126272154025,Humid (moderate),1.3924185478950577,badm_map,FALSE,FALSE,FALSE,FALSE
FR-Mau,871.1277824871468,572.2459333333334,12,30,0.6569024026527092,Humid (low),0.9537432222222223,badm_map,FALSE,FALSE,FALSE,FALSE
FR-LBr,NA,NA,NA,NA,NA,NA,NA,NA,NA,NA,NA,TRUE
FI-Si2,390.04639401122364,2563.5688,12,30,6.57247147867808,Hyper-Humid,3.8841951515151516,worldclim_bio12,TRUE,FALSE,TRUE,FALSE
FI-Sar,409.5747337813054,503.3880666666667,12,30,1.2290505862489396,Humid (moderate),0.8225295206971678,badm_map,FALSE,FALSE,FALSE,FALSE
FI-Ruk,454.6149765903363,2184.7617999999998,12,30,4.805740929139555,Hyper-Humid,3.9507446654611207,badm_map,TRUE,FALSE,TRUE,FALSE
FI-Rk2,470.00464748747004,544.0927,12,30,1.1576325955681217,Humid (moderate),0.8448644409937889,badm_map,FALSE,FALSE,FALSE,FALSE
FI-Qvd,458.0247328847156,678.2785,12,30,1.4808774533377045,Humid (moderate),1.0435053846153846,badm_map,FALSE,FALSE,FALSE,FALSE
FI-Pap,466.2935238309397,449.9577333333333,12,30,0.9649667223267524,Humid (low),0.7352250544662309,badm_map,FALSE,FALSE,FALSE,FALSE
FI-Nsv,461.8083029637817,2571.0564666666664,12,30,5.567367347373802,Hyper-Humid,4.061700579252237,badm_map,TRUE,FALSE,TRUE,FALSE
FI-Jok,437.46189316372516,2532.407733333333,12,30,5.78886475121057,Hyper-Humid,4.038927804359383,badm_map,TRUE,FALSE,TRUE,FALSE
ES-Yst,1140.8742695853161,398.38280000000003,12,30,0.3491908009677559,Semi-Arid,0.7516656603773586,badm_map,FALSE,FALSE,FALSE,FALSE
ES-VDA,757.8623874533653,771.4939,12,30,1.0179867912332219,Humid (moderate),1.102134142857143,badm_map,FALSE,FALSE,FALSE,FALSE
ES-TzM,1904.1243929870425,1359.1763666666666,12,30,0.7138064990252534,Humid (low),4.328587154989384,badm_map,TRUE,FALSE,TRUE,FALSE
ES-Srn,954.665036591564,2009.6956666666667,12,30,2.1051317369303413,Hyper-Humid,4.222049719887956,badm_map,TRUE,FALSE,TRUE,FALSE
ES-Pzb,1051.5065453199834,502.4209,12,30,0.47781053026836706,Semi-Arid,1.0048418000000001,badm_map,FALSE,FALSE,FALSE,FALSE
ES-Pdu,939.7039384122559,2328.5836333333336,12,30,2.4779970990307425,Hyper-Humid,5.106543055555556,worldclim_bio12,TRUE,FALSE,TRUE,FALSE
ES-Mzn,944.1733782745647,2128.8712666666665,12,30,2.2547461257137806,Hyper-Humid,4.157951692708333,badm_map,TRUE,FALSE,TRUE,FALSE
ES-MtN,1442.2967677659658,1910.701833333333,12,30,1.3247633053306356,Humid (moderate),3.482868817596305,badm_map,TRUE,FALSE,TRUE,FALSE
ES-MtB,1316.7039160087236,1910.701833333333,12,30,1.4511248961157295,Humid (moderate),3.482868817596305,badm_map,TRUE,FALSE,TRUE,FALSE
ES-Mcd,729.122232228838,366.7046666666667,12,30,0.5029399056255562,Dry Sub-Humid,0.780222695035461,badm_map,FALSE,FALSE,FALSE,FALSE
ES-Ln2,1370.772770872701,2328.5836333333336,12,30,1.698737881881651,Humid (moderate),2.958810207539179,worldclim_bio12,TRUE,FALSE,TRUE,FALSE
ES-LgS,1101.9991490673917,468.66670000000005,12,30,0.4252877149647773,Semi-Arid,0.6166667105263158,worldclim_bio12,FALSE,FALSE,FALSE,FALSE
ES-LM2,1232.1255627995356,673.2625666666668,12,30,0.5464236657317086,Dry Sub-Humid,0.9618036666666668,badm_map,FALSE,FALSE,FALSE,FALSE
ES-LM1,1214.1280829187704,695.5762,12,30,0.5729018295399535,Dry Sub-Humid,0.9936802857142857,badm_map,FALSE,FALSE,FALSE,FALSE
ES-LJu,1121.4092366730408,540.1769666666667,12,30,0.48169477207914346,Semi-Arid,1.3504424166666666,badm_map,FALSE,FALSE,FALSE,FALSE
ES-Hen,1073.4217124576126,196.66839999999996,12,30,0.1832163423914029,Arid,0.5923746987951806,badm_map,FALSE,FALSE,FALSE,FALSE
ES-HeB,1103.8256316548145,226.37313333333333,12,30,0.2050805189167089,Semi-Arid,0.6818467871485944,badm_map,FALSE,FALSE,FALSE,FALSE
ES-HdD,1095.123316075424,347.63956666666667,12,30,0.3174433066702452,Semi-Arid,0.8690989166666667,badm_map,FALSE,FALSE,FALSE,FALSE
ES-Gdn,1126.1838630215764,2141.209233333333,12,30,1.9012963190472478,Humid (moderate),4.5460917905166305,badm_map,TRUE,FALSE,TRUE,FALSE
ES-FtD,1469.6887000129072,1910.701833333333,12,30,1.3000724801902286,Humid (moderate),3.482868817596305,badm_map,TRUE,FALSE,TRUE,FALSE
ES-Dnn,1637.1633303668943,1910.701833333333,12,30,1.1670807657933175,Humid (moderate),3.482868817596305,badm_map,TRUE,FALSE,TRUE,FALSE
ES-Crg,987.4224133559645,471.4329333333333,12,30,0.47743795052318944,Semi-Arid,0.8571507878787878,badm_map,FALSE,FALSE,FALSE,FALSE
ES-Cnd,1172.7264549875606,2141.209233333333,12,30,1.8258386039019179,Humid (moderate),4.51731905766526,badm_map,TRUE,FALSE,TRUE,FALSE
ES-Amo,1080.2632369812502,240.41310000000001,12,30,0.2225504782258667,Semi-Arid,1.0977767123287672,worldclim_bio12,FALSE,FALSE,FALSE,FALSE
ES-Agu,994.7418204069143,265.89203333333336,12,30,0.2672975317601166,Semi-Arid,1.0468190288713912,worldclim_bio12,FALSE,FALSE,FALSE,FALSE
ES-Abr,1203.6006391410262,372.74316666666664,12,30,0.30969007039800367,Semi-Arid,0.666803518187239,worldclim_bio12,FALSE,FALSE,FALSE,FALSE
EE-Stg,513.2509400195332,2750.296833333333,12,30,5.3585811907693,Hyper-Humid,4.0745138271604935,badm_map,TRUE,FALSE,TRUE,FALSE
EE-Rng,527.7966088496586,697.6556666666665,12,30,1.321826732057295,Humid (moderate),6.514058512293806,badm_map,FALSE,TRUE,TRUE,FALSE
EE-Pts,528.1929010994695,579.7667666666669,12,30,1.0976421028375103,Humid (moderate),0.666015814665901,badm_map,FALSE,FALSE,FALSE,FALSE
DK-Fou,506.757230896728,721.6794333333333,12,30,1.4241127493263226,Humid (moderate),1.0107555088702147,worldclim_bio12,FALSE,FALSE,FALSE,FALSE
DK-Eng,560.8911704284461,2593.977366666667,12,30,4.624742736964844,Hyper-Humid,4.280490704070408,worldclim_bio12,TRUE,FALSE,TRUE,FALSE
DE-Zrk,NA,NA,NA,NA,NA,NA,NA,NA,NA,NA,NA,TRUE
DE-Spw,722.0538265593092,2414.6585666666665,12,30,3.3441531335314205,Hyper-Humid,4.327345101553166,badm_map,TRUE,FALSE,TRUE,FALSE
DE-SfS,575.8197978572592,5251.853666666666,12,30,9.12065491011227,Hyper-Humid,4.660029872818692,badm_map,TRUE,FALSE,TRUE,FALSE
DE-Seh,606.1260463614306,513.2817333333334,12,30,0.8468234229737515,Humid (low),0.7406662818662819,badm_map,FALSE,FALSE,FALSE,FALSE
DE-SbM,0,3300.857833333333,12,30,Inf,NA,2.9056847124413143,badm_map,TRUE,FALSE,TRUE,FALSE
DE-RuM,637.0277789638719,507.6691333333333,12,30,0.7969340586042559,Humid (low),0.6768921777777778,badm_map,FALSE,FALSE,FALSE,FALSE
DE-RuC,539.9077244873006,1153.0368666666668,12,30,2.1356183924977126,Hyper-Humid,0.9224294933333335,badm_map,FALSE,FALSE,FALSE,FALSE
DE-Rns,621.4123298972336,492.0482,12,30,0.7918223960592683,Humid (low),0.7628654263565892,badm_map,FALSE,FALSE,FALSE,FALSE
DE-Obe,553.8921944479605,965.4549999999999,12,30,1.7430377421408252,Humid (moderate),0.9841539245667685,badm_map,FALSE,FALSE,FALSE,FALSE
DE-Lnf,598.9299092118206,572.2909333333334,12,30,0.9555223817198518,Humid (low),0.6740764821358463,worldclim_bio12,FALSE,FALSE,FALSE,FALSE
DE-Lkb,507.6333335121902,4786.6331666666665,12,30,9.429312164252748,Hyper-Humid,2.993516677089848,badm_map,TRUE,FALSE,TRUE,FALSE
DE-Hte,554.7641547707527,607.5053,12,30,1.0950694899367492,Humid (moderate),0.9418686821705426,badm_map,FALSE,FALSE,FALSE,FALSE
DE-Hdn,665.3593586558661,2464.5783333333334,12,30,3.704131160508784,Hyper-Humid,4.4089057841383426,worldclim_bio12,TRUE,FALSE,TRUE,FALSE
DE-Etn,751.9232970097189,4270.398866666667,12,30,5.679301178257642,Hyper-Humid,3.5885704761904766,badm_map,TRUE,FALSE,TRUE,FALSE
DE-Akm,651.3901258977702,2403.402066666667,12,30,3.689650750161754,Hyper-Humid,4.276516132858838,badm_map,TRUE,FALSE,TRUE,FALSE
CZ-Stn,630.8825239318355,671.8468,12,30,1.0649317020431375,Humid (moderate),0.9807982481751826,badm_map,FALSE,FALSE,FALSE,FALSE
CZ-RAJ,636.7863542355169,660.3521,12,30,1.0370073033251073,Humid (moderate),0.9696800293685756,badm_map,FALSE,FALSE,FALSE,FALSE
CZ-LnG,692.0703959957609,500.80443333333335,12,30,0.7236322146286415,Humid (low),0.7740408552292632,worldclim_bio12,FALSE,FALSE,FALSE,FALSE
CZ-KrP,642.0975220221679,604.5559666666667,12,30,0.9415329384276846,Humid (low),0.9750902688172043,badm_map,FALSE,FALSE,FALSE,FALSE
CZ-BK2,453.71989520372256,1092.0189,12,30,2.4068129071344293,Hyper-Humid,0.8298015957446808,badm_map,FALSE,FALSE,FALSE,FALSE
CH-Tnk,645.0657026749044,1168.7216333333333,12,30,1.8117869675708635,Humid (moderate),0.999761876247505,badm_map,FALSE,FALSE,FALSE,FALSE
CH-Rtb,622.792215099754,1436.3975666666668,12,30,2.3063833038384973,Hyper-Humid,1.0016719432821943,badm_map,FALSE,FALSE,FALSE,FALSE
CH-Rh2,476.45686965676583,1677.0118333333335,12,30,3.519755806105669,Hyper-Humid,1.1919060649135278,badm_map,FALSE,FALSE,FALSE,FALSE
CH-Rh1,478.54702432698593,1677.0118333333335,12,30,3.504382533131059,Hyper-Humid,1.1919060649135278,badm_map,FALSE,FALSE,FALSE,FALSE
CH-Oe3,686.7912938271523,1160.512966666667,12,30,1.689760742597209,Humid (moderate),1.0550117878787881,badm_map,FALSE,FALSE,FALSE,FALSE
CH-Oe2,687.1861625666457,1148.4836666666667,12,30,1.6712846230446072,Humid (moderate),0.994358152958153,badm_map,FALSE,FALSE,FALSE,FALSE
CH-Oe1,686.3596572740372,1175.8516666666667,12,30,1.713171300505493,Humid (moderate),1.0689560606060606,badm_map,FALSE,FALSE,FALSE,FALSE
CH-Lae,673.6962818878758,883.6265666666667,12,30,1.3116096829130637,Humid (moderate),0.8032968787878788,badm_map,FALSE,FALSE,FALSE,FALSE
CH-Fru,608.489497439154,1503.4291999999998,12,30,2.4707562025757652,Hyper-Humid,1.0076603217158175,badm_map,FALSE,FALSE,FALSE,FALSE
CH-Frk,613.9404687692139,1197.6444666666669,12,30,1.9507501583461717,Humid (moderate),0.8259617011494255,badm_map,FALSE,FALSE,FALSE,FALSE
CH-For,649.206544063061,1072.3002333333334,12,30,1.65170891011409,Humid (moderate),0.9316248769186215,badm_map,FALSE,FALSE,FALSE,FALSE
CH-Crs,627.3116793666459,905.8019,12,30,1.4439423492234784,Humid (moderate),0.9465014629049112,badm_map,FALSE,FALSE,FALSE,FALSE
CH-Cha,642.4830078331241,1182.5493666666666,12,30,1.8405924394094124,Humid (moderate),1.0409765551643193,badm_map,FALSE,FALSE,FALSE,FALSE
CH-Aws,662.7694266787363,1332.9461333333334,12,30,2.0111762547843828,Hyper-Humid,1.45201103848947,badm_map,FALSE,FALSE,FALSE,FALSE
CG-Tch,959.070835930077,1590.3380666666667,12,30,1.6582070970017626,Humid (moderate),1.3829026666666666,badm_map,FALSE,FALSE,FALSE,FALSE
BE-Lcr,676.4564421674195,696.4490666666667,12,30,1.0295549325174422,Humid (moderate),0.808602190487248,badm_map,FALSE,FALSE,FALSE,FALSE
AT-Zoe,537.336900464926,1781.0322333333331,12,30,3.314554112684818,Hyper-Humid,1.0826943667679836,badm_map,FALSE,FALSE,FALSE,FALSE
AT-PsM,606.0125828813543,1263.2589,12,30,2.084542360479868,Hyper-Humid,1.0245408759124088,badm_map,FALSE,FALSE,FALSE,FALSE
AT-Nsd,836.5846905619868,490.7579999999999,12,30,0.586620823374531,Dry Sub-Humid,0.981123550579768,badm_map,FALSE,FALSE,FALSE,FALSE
AT-Neu,505.5363168517661,769.6289333333333,12,30,1.5224008793793635,Humid (moderate),0.9033203442879498,badm_map,FALSE,FALSE,FALSE,FALSE
AT-Mmg,714.1081324576046,812.6036333333334,12,30,1.137927992133007,Humid (moderate),1.0580776475694444,badm_map,FALSE,FALSE,FALSE,FALSE
CN-Zha,1065.9345422004978,631.1700666666667,12,30,0.5921283546770982,Dry Sub-Humid,4.855154358974359,badm_map,TRUE,FALSE,TRUE,FALSE
CN-Yuc,1559.5375685797123,545.4328,12,30,0.3497400838485293,Semi-Arid,0.8985713344316311,worldclim_bio12,FALSE,FALSE,FALSE,FALSE
CN-You,679.6460396802128,2649.448966666667,12,30,3.898277650397678,Hyper-Humid,6.623622416666667,badm_map,TRUE,FALSE,TRUE,FALSE
CN-Yan,892.58523843492,343.6119666666667,12,30,0.38496263647510465,Semi-Arid,1.0704422637590862,worldclim_bio12,FALSE,FALSE,FALSE,FALSE
CN-YaS,1087.6766145282313,311.3360666666666,12,30,0.28623955181909055,Semi-Arid,1.007560086299892,worldclim_bio12,FALSE,FALSE,FALSE,FALSE
CN-Xi2,915.6846542428963,321.57426666666674,12,30,0.35118451005663065,Semi-Arid,0.9986778467908906,worldclim_bio12,FALSE,FALSE,FALSE,FALSE
CN-Wnb,1603.7599057981463,127.28223333333332,12,30,0.07936489300746581,Arid,1.0022223097112861,worldclim_bio12,FALSE,FALSE,FALSE,FALSE
CN-Sdq,1655.0463977269753,152.75446666666664,12,30,0.09229618388732676,Arid,4.128499099099098,badm_map,TRUE,FALSE,TRUE,FALSE
CN-Qng,434.08541418237786,4503.760066666667,12,30,10.375285415082951,Hyper-Humid,5.147154361904762,worldclim_bio12,TRUE,FALSE,TRUE,FALSE
CN-Nmn,1802.6846942335055,326.66613333333333,12,30,0.18121090969390546,Arid,0.7579260634184068,worldclim_bio12,FALSE,FALSE,FALSE,FALSE
CN-Mxn,1645.4101198445094,945.7413000000003,12,30,0.5747754244330116,Dry Sub-Humid,1.185139473684211,worldclim_bio12,FALSE,FALSE,FALSE,FALSE
CN-Lch,1391.163856391052,427.32430000000005,12,30,0.3071703581406736,Semi-Arid,0.899630105263158,worldclim_bio12,FALSE,FALSE,FALSE,FALSE
CN-Jzh,943.2504763649988,570.5362333333334,12,30,0.6048618554978175,Dry Sub-Humid,1.0392281117182758,worldclim_bio12,FALSE,FALSE,FALSE,FALSE
CN-Jng,679.131683455127,2983.7575666666667,12,30,4.393488979172057,Hyper-Humid,7.4593939166666665,badm_map,TRUE,FALSE,TRUE,FALSE
CN-Huz,1062.20534107314,1534.9444,12,30,1.445054304141659,Humid (moderate),11.807264615384616,badm_map,TRUE,FALSE,TRUE,FALSE
CN-HeM,1497.5398795862463,152.75446666666664,12,30,0.10200360521208357,Arid,4.128499099099098,badm_map,TRUE,FALSE,TRUE,FALSE
CN-HeD,1603.5458792245195,151.21866666666665,12,30,0.09430267548053975,Arid,4.086990990990991,badm_map,TRUE,FALSE,TRUE,FALSE
CN-HaW,743.0299598503714,470.30376666666666,12,30,0.6329539750474862,Dry Sub-Humid,1.0049225783475784,worldclim_bio12,FALSE,FALSE,FALSE,FALSE
CN-Ha2,644.7879391185,457.11086666666665,12,30,0.7089320983447523,Humid (low),0.976732621082621,worldclim_bio12,FALSE,FALSE,FALSE,FALSE
CN-GuT,736.1896837870237,52.53059999999999,12,30,0.07135470810970622,Arid,0.09248345070422534,worldclim_bio12,FALSE,FALSE,FALSE,FALSE
CN-Erg,763.0272377091163,357.0635666666667,12,30,0.4679565145520894,Semi-Arid,0.9918432407407408,worldclim_bio12,FALSE,FALSE,FALSE,FALSE
CN-Dzo,1248.4385401883421,1668.2482666666667,12,30,1.3362678361523437,Humid (moderate),1.0129011940902652,worldclim_bio12,FALSE,FALSE,FALSE,FALSE
CN-Du2,938.2121083579586,476.40950000000004,12,30,0.5077844292947818,Dry Sub-Humid,1.1940087719298247,worldclim_bio12,FALSE,FALSE,FALSE,FALSE
CN-Dsh,710.1048449218284,2499.1318333333334,12,30,3.5193842869899714,Hyper-Humid,6.576662719298246,badm_map,TRUE,FALSE,TRUE,FALSE
CN-Dmn,807.9831383885022,1534.9444,12,30,1.8997233074212416,Humid (moderate),11.807264615384616,badm_map,TRUE,FALSE,TRUE,FALSE
CN-Din,818.5740994637282,1502.0699,12,30,1.8349834193190937,Humid (moderate),0.8185667029972752,worldclim_bio12,FALSE,FALSE,FALSE,FALSE
CN-Dda,1012.0980562965784,1158.7745666666667,12,30,1.1449232210827478,Humid (moderate),4.439749297573436,worldclim_bio12,TRUE,FALSE,TRUE,FALSE
CN-Dan,834.505864214567,372.06173333333334,12,30,0.4458467570908157,Semi-Arid,0.8879754972155927,worldclim_bio12,FALSE,FALSE,FALSE,FALSE
CN-DaW,796.3505038065496,311.1937,12,30,0.3907747888806454,Semi-Arid,0.7427057279236277,worldclim_bio12,FALSE,FALSE,FALSE,FALSE
CN-BeO,972.3712458777742,532.4038666666667,12,30,0.5475314792819256,Dry Sub-Humid,0.9750986568986569,worldclim_bio12,FALSE,FALSE,FALSE,FALSE
CN-Ash,807.119367793327,1466.8425666666667,12,30,1.817379962863523,Humid (moderate),1.4846584682861,worldclim_bio12,FALSE,FALSE,FALSE,FALSE
CN-Aro,734.9565625371611,2471.672066666666,12,30,3.3630178879336055,Hyper-Humid,6.179180166666665,badm_map,TRUE,FALSE,TRUE,FALSE
AU-Tum,834.1229533346941,1129.0455333333334,12,30,1.3535720709034378,Humid (moderate),0.7791894639981597,worldclim_bio12,FALSE,FALSE,FALSE,FALSE
AU-Lox,1304.5718918943228,143.38846666666666,12,30,0.109912276630809,Arid,0.5176478941034898,worldclim_bio12,FALSE,FALSE,FALSE,FALSE
NZ-Kop,864.4971276909437,1203.6286666666667,12,30,1.3922876411186436,Humid (moderate),0.900245823984044,worldclim_bio12,FALSE,FALSE,FALSE,FALSE
NZ-ADd,806.7556610141582,674.0571666666667,12,30,0.8355158807554215,Humid (low),1.0212987373737374,worldclim_bio12,FALSE,FALSE,FALSE,FALSE
AU-Lit,1364.9743457189147,1649.2909333333337,12,30,1.2082944551347397,Humid (moderate),1.0405621030494219,worldclim_bio12,FALSE,FALSE,FALSE,FALSE
AU-Sil,849.0955272109552,683.9892,12,30,0.8055503510267167,Humid (low),0.8270727932285369,worldclim_bio12,FALSE,FALSE,FALSE,FALSE
AU-How,1369.128855518531,1675.783733333333,12,30,1.223978098612685,Humid (moderate),1.0174764622546042,worldclim_bio12,FALSE,FALSE,FALSE,FALSE
AU-Sno,1008.2484536930132,1341.243,12,30,1.3302703268101173,Humid (moderate),0.8060354567307692,worldclim_bio12,FALSE,FALSE,FALSE,FALSE
NZ-Cla,717.085077496594,1293.1538999999998,12,30,1.803347943753776,Humid (moderate),1.6369036708860756,worldclim_bio12,FALSE,FALSE,FALSE,FALSE
AU-Emr,1712.504876285072,650.5638666666666,12,30,0.3798902272780277,Semi-Arid,1.0359297239915073,worldclim_bio12,FALSE,FALSE,FALSE,FALSE
AU-Ctr,1216.5748729220272,3882.7596333333336,12,30,3.1915500802737586,Hyper-Humid,1.2516955620030088,worldclim_bio12,FALSE,FALSE,FALSE,FALSE
NZ-BFu,663.4541091121878,883.3865000000001,12,30,1.3314960113550558,Humid (moderate),1.1210488578680204,worldclim_bio12,FALSE,FALSE,FALSE,FALSE
AU-DaP,1684.770845905757,1249.5877,12,30,0.7416959422325496,Humid (low),1.0643847529812607,worldclim_bio12,FALSE,FALSE,FALSE,FALSE
AU-Rob,1230.1599280231678,1752.6281999999999,12,30,1.4247157301054536,Humid (moderate),0.6653865603644646,worldclim_bio12,FALSE,FALSE,FALSE,FALSE
AU-Ya2,1002.7987220474903,790.8596666666667,12,30,0.7886524476735556,Humid (low),0.9337186147186148,worldclim_bio12,FALSE,FALSE,FALSE,FALSE
AU-Stp,2093.618386009828,650.5608333333333,12,30,0.3107351548307808,Semi-Arid,1.0149154966198648,worldclim_bio12,FALSE,FALSE,FALSE,FALSE
AU-Cpr,1426.663016020407,256.22166666666664,12,30,0.17959508572765978,Arid,0.9560509950248756,worldclim_bio12,FALSE,FALSE,FALSE,FALSE
AU-Wac,893.1004151448836,2962.6132000000007,12,30,3.317222956972189,Hyper-Humid,2.321797178683386,worldclim_bio12,TRUE,FALSE,TRUE,FALSE
AU-Sam,1200.255843000829,1000.4260666666668,12,30,0.8335106823270644,Humid (low),0.8113755609624224,worldclim_bio12,FALSE,FALSE,FALSE,FALSE
AU-Wgt,710.190793001805,582.3777666666667,12,30,0.8200300150401789,Humid (low),0.6413852055800294,worldclim_bio12,FALSE,FALSE,FALSE,FALSE
AU-Rgf,1354.2607400509505,585.0512333333334,12,30,0.4320078224458625,Semi-Arid,1.283007090643275,worldclim_bio12,FALSE,FALSE,FALSE,FALSE
NZ-ADw,788.2799554977815,948.7962333333332,12,30,1.2036285163869087,Humid (moderate),1.4375700505050504,worldclim_bio12,FALSE,FALSE,FALSE,FALSE
AU-Col,1243.8549946587298,2023.5442333333333,12,30,1.6268329041750746,Humid (moderate),2.638258452846588,worldclim_bio12,TRUE,FALSE,TRUE,FALSE
AU-Fog,1340.8688480959866,5851.212966666666,12,30,4.3637474127132565,Hyper-Humid,3.991277603456116,worldclim_bio12,TRUE,FALSE,TRUE,FALSE
AU-Gin,1469.1204602767157,623.8964333333334,12,30,0.4246734357071167,Semi-Arid,0.8925556986170722,worldclim_bio12,FALSE,FALSE,FALSE,FALSE
NZ-Oxf,737.6023458800141,969.3006333333332,12,30,1.314123577219492,Humid (moderate),1.0734226282761166,worldclim_bio12,FALSE,FALSE,FALSE,FALSE
AU-Fle,1599.719356363449,560.8474,12,30,0.3505911194791957,Semi-Arid,0.8446496987951807,worldclim_bio12,FALSE,FALSE,FALSE,FALSE
AU-RDF,1836.3382442670497,999.6309000000001,12,30,0.5443609874819056,Dry Sub-Humid,1.0467339267015707,worldclim_bio12,FALSE,FALSE,FALSE,FALSE
AU-TTE,1995.4930932853879,323.7930333333333,12,30,0.16226216689141187,Arid,1.300373627844712,worldclim_bio12,FALSE,FALSE,FALSE,FALSE
AU-APL,785.6354614415428,4208.4393,12,30,5.356732869819853,Hyper-Humid,2.5428636253776435,worldclim_bio12,TRUE,FALSE,TRUE,FALSE
AU-ASM,1955.5403357060136,311.54563333333334,12,30,0.15931434787861598,Arid,0.851217577413479,worldclim_bio12,FALSE,FALSE,FALSE,FALSE
AU-DaS,1708.586118183829,1165.4386333333334,12,30,0.6821070480030333,Humid (low),1.022314590643275,worldclim_bio12,FALSE,FALSE,FALSE,FALSE
AU-Wrr,674.709747453769,1179.5359666666666,12,30,1.748212429297219,Humid (moderate),0.758544030010718,worldclim_bio12,FALSE,FALSE,FALSE,FALSE
AU-GWW,1820.7364983788402,340.5570666666667,12,30,0.18704357658007856,Arid,1.2899888888888889,worldclim_bio12,FALSE,FALSE,FALSE,FALSE
AU-Boy,1589.3329893647774,508.7504333333333,12,30,0.32010311038511197,Semi-Arid,1.0847557213930348,worldclim_bio12,FALSE,FALSE,FALSE,FALSE
AU-Wom,961.3953601167266,852.7280999999999,12,30,0.8869692276198078,Humid (low),0.7969421495327103,worldclim_bio12,FALSE,FALSE,FALSE,FALSE
AU-Cum,1031.9444318197916,839.5806,12,30,0.8135909009358518,Humid (low),0.9959437722419929,worldclim_bio12,FALSE,FALSE,FALSE,FALSE
NZ-BFm,651.5005856770983,862.2820333333334,12,30,1.3235322458492833,Humid (moderate),1.0942665397631135,worldclim_bio12,FALSE,FALSE,FALSE,FALSE
AU-Rig,1157.5994677116341,465.1422333333333,12,30,0.4018162121764239,Semi-Arid,0.7526573354908306,worldclim_bio12,FALSE,FALSE,FALSE,FALSE
NZ-Lau,581.2322429574294,1027.5003000000002,12,30,1.7677964573538916,Humid (moderate),1.7385791878172592,worldclim_bio12,FALSE,FALSE,FALSE,FALSE
AU-Dry,1840.499298722872,868.1355333333331,12,30,0.4716847944118941,Semi-Arid,1.0165521467603433,worldclim_bio12,FALSE,FALSE,FALSE,FALSE
AU-Ync,1194.8900804747843,503.6259,12,30,0.42148303700026235,Semi-Arid,1.1577606896551724,worldclim_bio12,FALSE,FALSE,FALSE,FALSE
AU-MvA,1344.7976994099831,560.3471999999999,12,30,0.41667769081241496,Semi-Arid,0.895123322683706,worldclim_bio12,FALSE,FALSE,FALSE,FALSE
AU-Wel,1195.8293576314047,751.6952,12,30,0.6285973790515503,Dry Sub-Humid,1.1529067484662576,worldclim_bio12,FALSE,FALSE,FALSE,FALSE
AU-Ya1,977.1528428947173,742.3492666666666,12,30,0.7597063980978978,Humid (low),0.8806041122973507,worldclim_bio12,FALSE,FALSE,FALSE,FALSE
AU-Lon,2090.543503133473,277.0809333333333,12,30,0.1325401422730607,Arid,0.6612910103420843,worldclim_bio12,FALSE,FALSE,FALSE,FALSE
AU-Whr,1038.3379167313794,307.99336666666665,12,30,0.29662151569713435,Semi-Arid,0.5301090648307515,worldclim_bio12,FALSE,FALSE,FALSE,FALSE
AU-Ade,1594.6934140595313,1611.3440666666668,12,30,1.0104412876232736,Humid (moderate),1.1436082801040928,worldclim_bio12,FALSE,FALSE,FALSE,FALSE
AU-MvB,1331.9207744390092,593.9288333333334,12,30,0.44591904017976586,Semi-Arid,0.9579497311827958,worldclim_bio12,FALSE,FALSE,FALSE,FALSE
AU-Cow,1031.723825917386,3341.9243666666666,12,30,3.239165639792317,Hyper-Humid,1.0763041438539989,worldclim_bio12,FALSE,FALSE,FALSE,FALSE
NZ-ScF,637.562850193497,1244.2229,12,30,1.951529797607224,Humid (moderate),0.980475098502758,worldclim_bio12,FALSE,FALSE,FALSE,FALSE
AU-Otw,741.716564032062,719.6304666666665,12,30,0.9702229956341641,Humid (low),0.8214959665144594,worldclim_bio12,FALSE,FALSE,FALSE,FALSE
