site_id,data_hub,product_source_network,era5_map_mm,bio12_mm,badm_map_mm,measured_map_mm,n_complete_measured_years,n_matched_months,ratio_to_bio12,ratio_to_badm_map,ratio_to_measured,ratio_to_measured_month_matched,cluster_membership
AR-Bal,AmeriFlux,AMF,422.36246666666665,835,926,NA,0,1,0.5058233133732535,0.4561149748020158,NA,0.8512518409425625,not_in_4x_or_8x_cluster
AR-CCa,AmeriFlux,AMF,3554.8036,1018,1060,NA,0,0,3.491948526522594,3.3535883018867927,NA,NA,4x_cluster
AR-CCg,AmeriFlux,AMF,3460.358333333333,1004,1060,NA,0,0,3.446572045152722,3.2644889937106916,NA,NA,not_in_4x_or_8x_cluster
AR-TF1,AmeriFlux,AMF,3586.691333333333,658,NA,NA,0,0,5.450898682877406,NA,NA,NA,not_in_4x_or_8x_cluster
AR-TF2,AmeriFlux,AMF,3849.4612666666662,596,530,NA,0,0,6.458827628635347,7.263134465408805,NA,NA,8x_cluster
AT-Mmg,ICOS,EUF,812.6036333333334,1150,768,891.6356666666667,3,38,0.7066118550724638,1.0580776475694444,0.9113628623350271,1.0889659516774746,not_in_4x_or_8x_cluster
AT-Neu,ICOS,EUF,769.6289333333333,997,852,767.5662105263158,19,227,0.771944767636242,0.9033203442879498,1.0026873548870827,1.0413080895008604,not_in_4x_or_8x_cluster
AT-Nsd,ICOS,EUF,490.758,576,500.2,468.30899999999997,4,54,0.8520104166666667,0.981123550579768,1.0479362984696001,1.0287408219719167,not_in_4x_or_8x_cluster
AT-PsM,ICOS,EUF,1263.2589,1165,1233,1378.834,3,54,1.0843424034334763,1.0245408759124088,0.9161791049538958,1.0250178553408231,not_in_4x_or_8x_cluster
AT-Zoe,ICOS,EUF,1781.0322333333334,936,1645,1678.3722,5,119,1.902812215099715,1.0826943667679838,1.0611664285986941,0.9800058806233461,not_in_4x_or_8x_cluster
AU-APL,TERN,TERN,4208.4393,1655,NA,NA,0,0,2.5428636253776435,NA,NA,NA,not_in_4x_or_8x_cluster
AU-ASM,TERN,TERN,311.54563333333334,366,NA,348.3426666666667,9,111,0.851217577413479,NA,0.8943654141324443,0.8185185185185184,not_in_4x_or_8x_cluster
AU-Ade,TERN,TERN,1611.3440666666663,1409,NA,1794.027,1,14,1.1436082801040923,NA,0.898171580843915,0.9881383966474608,not_in_4x_or_8x_cluster
AU-Boy,TERN,TERN,508.7504333333333,469,NA,462.66133333333335,3,84,1.0847557213930348,NA,1.0996173587015412,1.144047619047619,not_in_4x_or_8x_cluster
AU-Col,TERN,TERN,2023.5442333333333,767,NA,NA,0,0,2.638258452846588,NA,NA,NA,not_in_4x_or_8x_cluster
AU-Cow,TERN,TERN,3341.924366666666,3105,NA,4781.555333333333,3,116,1.0763041438539989,NA,0.6989199399972087,0.9345831605040689,not_in_4x_or_8x_cluster
AU-Cpr,TERN,TERN,256.2216666666667,268,NA,219.5872727272727,11,173,0.9560509950248756,NA,1.1668329565934994,1.0978260869565217,not_in_4x_or_8x_cluster
AU-Ctr,TERN,TERN,3882.7596333333336,3102,NA,4430.486833333333,6,96,1.2516955620030088,NA,0.8763731344647941,0.9607587324307668,not_in_4x_or_8x_cluster
AU-Cum,TERN,TERN,839.5806,843,NA,947.5778181818182,11,141,0.9959437722419928,NA,0.8860281276011296,1.0442946557534907,not_in_4x_or_8x_cluster
AU-DaP,TERN,TERN,1249.5877,1174,NA,1424.79,1,34,1.064384752981261,NA,0.877032896075913,0.9648283784496409,not_in_4x_or_8x_cluster
AU-DaS,TERN,TERN,1165.4386333333332,1140,NA,1249.281125,8,118,1.022314590643275,NA,0.932887410216282,0.8969214125930545,not_in_4x_or_8x_cluster
AU-Dry,TERN,TERN,868.1355333333333,854,NA,863.71,4,87,1.0165521467603436,NA,1.0051238648774858,0.9650053022269353,not_in_4x_or_8x_cluster
AU-Emr,TERN,TERN,650.5638666666666,628,NA,642.054,2,29,1.0359297239915073,NA,1.0132541291957788,0.8748224792047068,not_in_4x_or_8x_cluster
AU-Fle,TERN,TERN,560.8474,664,NA,768.9110000000001,2,41,0.8446496987951807,NA,0.7294048335893231,1.2332789559543231,not_in_4x_or_8x_cluster
AU-Fog,TERN,TERN,5851.212966666667,1466,NA,NA,0,0,3.991277603456117,NA,NA,NA,4x_cluster
AU-GWW,TERN,TERN,340.5570666666667,264,NA,324.31600000000003,8,130,1.2899888888888889,NA,1.0500779075551827,1.1172737466526104,not_in_4x_or_8x_cluster
AU-Gin,TERN,TERN,623.8964333333333,699,NA,756.8530000000001,3,132,0.892555698617072,NA,0.8243297355408954,1.069772313085085,not_in_4x_or_8x_cluster
AU-How,TERN,TERN,1675.7837333333332,1647,NA,1622.091777777778,9,182,1.0174764622546042,NA,1.033100442460236,0.9986477763838932,not_in_4x_or_8x_cluster
AU-Lit,TERN,TERN,1649.2909333333332,1585,NA,1465.834,3,78,1.0405621030494216,NA,1.1251553268196353,0.8952782174927048,not_in_4x_or_8x_cluster
AU-Lon,TERN,TERN,277.08093333333335,419,NA,189.70149999999998,2,47,0.6612910103420844,NA,1.460615405430813,1.2772122161315584,not_in_4x_or_8x_cluster
AU-Lox,TERN,TERN,143.38846666666666,277,NA,NA,0,8,0.5176478941034898,NA,NA,0.9761904761904762,not_in_4x_or_8x_cluster
AU-MvA,TERN,TERN,560.3472,626,NA,574.7650000000001,1,13,0.8951233226837061,NA,0.974915313214966,1.0976017847183492,not_in_4x_or_8x_cluster
AU-MvB,TERN,TERN,593.9288333333334,620,NA,NA,0,11,0.9579497311827958,NA,NA,1.0174999999999998,not_in_4x_or_8x_cluster
AU-Otw,TERN,TERN,719.6304666666666,876,NA,NA,0,32,0.8214959665144597,NA,NA,1.039378762336339,not_in_4x_or_8x_cluster
AU-RDF,TERN,TERN,999.6309,955,NA,NA,0,12,1.0467339267015707,NA,NA,0.9843749052393151,not_in_4x_or_8x_cluster
AU-Rgf,TERN,TERN,585.0512333333334,456,NA,470.178,1,59,1.283007090643275,NA,1.2443186055777458,1.112814895947426,not_in_4x_or_8x_cluster
AU-Rig,TERN,TERN,465.1422333333333,618,NA,287.31399999999996,2,52,0.7526573354908306,NA,1.6189334085124059,0.9204411192519564,not_in_4x_or_8x_cluster
AU-Rob,TERN,TERN,1752.6282,2634,NA,2359.8289999999997,10,137,0.6653865603644646,NA,0.7426928815604861,0.7670697012802276,not_in_4x_or_8x_cluster
AU-Sam,TERN,TERN,1000.4260666666668,1233,NA,1229.203,2,75,0.8113755609624222,NA,0.8138818947453487,1.048149361283983,not_in_4x_or_8x_cluster
AU-Sil,TERN,TERN,683.9892,827,NA,726.3465000000001,2,57,0.8270727932285369,NA,0.9416844439947049,1.0424762765476727,not_in_4x_or_8x_cluster
AU-Sno,TERN,TERN,1341.243,1664,NA,NA,0,6,0.8060354567307692,NA,NA,1.0482317108932757,not_in_4x_or_8x_cluster
AU-Stp,TERN,TERN,650.5608333333333,641,NA,711.741,6,101,1.0149154966198648,NA,0.9140415310250967,0.9587628865979381,not_in_4x_or_8x_cluster
AU-TTE,TERN,TERN,323.7930333333333,249,NA,287.39816666666667,6,71,1.300373627844712,NA,1.126635695310049,0.6403225806451613,not_in_4x_or_8x_cluster
AU-Tum,TERN,TERN,1129.0455333333334,1449,NA,1087.3826,10,208,0.7791894639981597,NA,1.038314879540406,1.0684923318255892,not_in_4x_or_8x_cluster
AU-Wac,TERN,TERN,2962.6132,1276,NA,NA,0,0,2.3217971786833855,NA,NA,NA,not_in_4x_or_8x_cluster
AU-Wel,TERN,TERN,751.6952,652,NA,613.2599999999999,1,22,1.1529067484662576,NA,1.225736555457718,1.02427627510707,not_in_4x_or_8x_cluster
AU-Wgt,TERN,TERN,582.3777666666666,908,NA,NA,0,11,0.6413852055800293,NA,NA,1.059817945383615,not_in_4x_or_8x_cluster
AU-Whr,TERN,TERN,307.9933666666667,581,NA,NA,0,54,0.5301090648307516,NA,NA,0.8723226459932214,not_in_4x_or_8x_cluster
AU-Wom,TERN,TERN,852.7281,1070,NA,920.611,2,119,0.7969421495327104,NA,0.9262632099768524,1.0338560228082678,not_in_4x_or_8x_cluster
AU-Wrr,TERN,TERN,1179.5359666666666,1555,NA,1284.2604999999999,2,82,0.758544030010718,NA,0.9184553808722348,1.027388512050801,not_in_4x_or_8x_cluster
AU-Ya1,TERN,TERN,742.3492666666666,843,NA,705.0945,2,29,0.8806041122973507,NA,1.05283655831476,1.0891774891774892,not_in_4x_or_8x_cluster
AU-Ya2,TERN,TERN,790.8596666666667,847,NA,738.21,2,27,0.9337186147186148,NA,1.0713207172304178,0.988118811881188,not_in_4x_or_8x_cluster
AU-Ync,TERN,TERN,503.6259,435,NA,474.69050000000004,8,140,1.1577606896551724,NA,1.0609563494529592,1.0734045251728856,not_in_4x_or_8x_cluster
BE-Bra,ICOS,ICOS,811.3813666666666,808,920.7,834.9317333333333,15,269,1.0041848597359735,0.8812657398356322,0.9717936620127665,1.069828722002635,not_in_4x_or_8x_cluster
BE-Dor,ICOS,ICOS,643.6931333333333,849,827.9,636.444,3,143,0.7581780133490381,0.7775010669565567,1.0113900568366319,1.0386712940009917,not_in_4x_or_8x_cluster
BE-Lcr,ICOS,EUF,696.4490666666667,782,861.3,687.026,3,47,0.8905998294970162,0.808602190487248,1.0137157351638317,1.0827876520112254,not_in_4x_or_8x_cluster
BE-Lon,ICOS,ICOS,675.7650333333333,800,742.6,699.6771428571428,7,201,0.8447062916666667,0.9099986982673488,0.9658240807665033,1.03749484960857,not_in_4x_or_8x_cluster
BE-Maa,ICOS,ICOS,697.2788666666667,757,839.1,710.1875,4,79,0.9211081461911051,0.83098422913439,0.9818236263897445,0.9692579505300353,not_in_4x_or_8x_cluster
BE-Vie,ICOS,ICOS,918.7797333333332,1103,915.6,971.9330909090909,22,319,0.8329825324871563,1.0034728411242173,0.9453117111939865,1.0330401711433326,not_in_4x_or_8x_cluster
BJ-Bfg,ICOS,FLX,1396.9521,1173,1200,1342.1749,10,92,1.1909225063938618,1.16412675,1.0408122667172512,1.0245158990599326,not_in_4x_or_8x_cluster
BJ-Db1,ICOS,FLX,1404.9051333333332,1194,1440,1235.2215,2,32,1.176637465103294,0.9756285648148147,1.1373710167231812,1.0297718727017218,not_in_4x_or_8x_cluster
BJ-Nhu,ICOS,FLX,1349.8548666666666,1205,1190,1289.6695,10,92,1.120211507607192,1.1343318207282913,1.0466672792267062,1.0083842613541745,not_in_4x_or_8x_cluster
BR-CST,AmeriFlux,AMF,661.4289333333334,745,642,NA,0,13,0.887824071588367,1.0302631360332295,NA,0.75197328476017,not_in_4x_or_8x_cluster
BR-ITA,AmeriFlux,AMF,2457.0402,1279,1447,NA,0,20,1.921063487099296,1.698023635107118,NA,0.9797459893048128,not_in_4x_or_8x_cluster
BR-Ji3,AmeriFlux,AMF,6879.8211,2083,NA,NA,0,0,3.30284258281325,NA,NA,NA,not_in_4x_or_8x_cluster
BR-Ma2,AmeriFlux,AMF,2495.3513666666668,2352,2252,2433.4488571428574,7,174,1.0609487103174604,1.1080601095322675,1.025438179784263,1.0662450765207436,not_in_4x_or_8x_cluster
BR-Ma3,AmeriFlux,AMF,2134.5123,2395,2792,2472.2405,4,93,0.8912368684759916,0.7645101361031518,0.8633918504287912,0.8860412444868281,not_in_4x_or_8x_cluster
BR-Npw,AmeriFlux,AMF,1433.2037,1320,1486,1381.4810000000002,2,34,1.085760378787879,0.9644708613728128,1.0374400371774928,0.9685377537027411,not_in_4x_or_8x_cluster
BR-SM1,AmeriFlux,AMF,5637.838066666666,1473,1700,NA,0,0,3.8274528626386055,3.3163753333333332,NA,NA,4x_cluster
BR-Sa1,AmeriFlux,AMF,2009.1521666666667,1868,2074.79,NA,0,17,1.0755632583868666,0.968364107532168,NA,1.068297331639136,not_in_4x_or_8x_cluster
BR-Sa3,AmeriFlux,AMF,1457.539266666667,1852,2043.77,1408.0079999999998,3,44,0.7870082433405328,0.7131620811865653,1.0351782565629364,0.9418910377954746,not_in_4x_or_8x_cluster
BR-Xpw,AmeriFlux,AMF,1431.8699666666666,1341,1490,1090.7225,4,48,1.0677628386776037,0.9609865548098434,1.3127720081566727,1.0739310479078885,not_in_4x_or_8x_cluster
BW-Gum,ICOS,FLX,2356.7997666666665,462,NA,NA,0,0,5.101298196248196,NA,NA,NA,not_in_4x_or_8x_cluster
BW-Nxr,ICOS,FLX,2185.233133333333,436,NA,NA,0,0,5.012002599388379,NA,NA,NA,not_in_4x_or_8x_cluster
CA-ARB,AmeriFlux,AMF,488.89663333333334,625,700,NA,0,74,0.7822346133333333,0.698423761904762,NA,0.9526042643858867,not_in_4x_or_8x_cluster
CA-ARF,AmeriFlux,AMF,488.89456666666666,625,700,NA,0,74,0.7822313066666666,0.6984208095238095,NA,0.9526042643858867,not_in_4x_or_8x_cluster
CA-BOU,AmeriFlux,AMF,711.3454333333333,1032,1011,NA,0,18,0.6892882105943152,0.7036057698648203,NA,0.7669222078760491,not_in_4x_or_8x_cluster
CA-CF1,AmeriFlux,AMF,3649.1881,417,452,NA,0,3,8.751050599520383,8.073425,NA,0.8995196383159084,8x_cluster
CA-CF2,AmeriFlux,AMF,4963.8835,417,452,NA,0,12,11.903797362110312,10.98204314159292,NA,0.9859514981516966,not_in_4x_or_8x_cluster
CA-CF3,AmeriFlux,AMF,252.5199,417,NA,NA,0,14,0.605563309352518,NA,NA,2.8441228172975506,not_in_4x_or_8x_cluster
CA-Ca1,AmeriFlux,AMF,1315.8228666666666,1692,1369,1337.6853846153847,13,162,0.7776730890464932,0.9611562210859508,0.9836564574898125,1.0662886085114684,not_in_4x_or_8x_cluster
CA-Ca2,AmeriFlux,AMF,1178.4454666666666,1587,1474,1156.2646,10,125,0.7425617307288385,0.7994881049298959,1.0191832100253406,1.0862944162436547,not_in_4x_or_8x_cluster
CA-Ca3,AmeriFlux,AMF,1772.5385666666666,1582,1676,1721.4183333333333,9,158,1.120441571849979,1.0576005767700876,1.029696577725151,1.1560052355071468,not_in_4x_or_8x_cluster
CA-Cbo,AmeriFlux,AMF,3332.7779666666665,874,876.34,NA,0,0,3.8132471014492753,3.8030649823888742,NA,NA,4x_cluster
CA-DB2,AmeriFlux,AMF,1196.4158333333332,1342,NA,1229.2352,5,60,0.8915170144063586,NA,0.973300986933447,0.9941878966030783,not_in_4x_or_8x_cluster
CA-DBB,AmeriFlux,AMF,1139.3527,1469,1128,1179.228,8,107,0.7755974812797821,1.01006445035461,0.9661852500110241,1.0510046367851624,not_in_4x_or_8x_cluster
CA-DSM,AmeriFlux,AMF,1166.4762333333333,1464,1077.8,1106.9613333333334,3,39,0.796773383424408,1.0822752211294613,1.0537642085661527,1.0165684830633284,not_in_4x_or_8x_cluster
CA-EM1,AmeriFlux,AMF,395.9318333333333,480,504.8,406.392,1,30,0.824857986111111,0.784334059693608,0.974260894243325,1.377985538357248,not_in_4x_or_8x_cluster
CA-EM2,AmeriFlux,AMF,298.75856666666664,480,473.4,238.23150000000004,2,32,0.6224136805555555,0.6310911843402337,1.2540682767252298,1.4167684167684167,not_in_4x_or_8x_cluster
CA-Gro,AmeriFlux,AMF,822.5417666666667,740,831,804.9324999999999,2,85,1.111542927927928,0.9898216205375052,1.0218766998060915,1.0232815964523283,not_in_4x_or_8x_cluster
CA-HPC,AmeriFlux,AMF,1114.4470666666666,238,240.6,NA,0,0,4.682550700280112,4.631949570518149,NA,NA,not_in_4x_or_8x_cluster
CA-KLP,AmeriFlux,AMF,573.9364666666667,648,680,NA,0,52,0.8857044238683127,0.8440242156862745,NA,0.9863510474793431,not_in_4x_or_8x_cluster
CA-LP1,AmeriFlux,AMF,537.0924333333334,723,570,539.2512777777778,18,214,0.7428664361456893,0.9422674269005848,0.9959965890978676,0.9720760233918129,not_in_4x_or_8x_cluster
CA-LU1,AmeriFlux,AMF,384.5509333333333,350,379,NA,0,13,1.0987169523809523,1.0146462620932275,NA,1.0932979037496309,not_in_4x_or_8x_cluster
CA-LU2,AmeriFlux,AMF,358.3070666666667,355,379,NA,0,15,1.0093156807511738,0.9454012313104662,NA,1.0021598272138228,not_in_4x_or_8x_cluster
CA-MA1,AmeriFlux,AMF,443.6125666666667,519,514,578.5139999999999,1,28,0.8547448298008992,0.8630594682230869,0.7668138829253341,1.1032946455987318,not_in_4x_or_8x_cluster
CA-MA2,AmeriFlux,AMF,462.4175666666667,518,514,NA,0,24,0.8926980051480052,0.8996450713359274,NA,1.091045307509206,not_in_4x_or_8x_cluster
CA-MA3,AmeriFlux,AMF,473.8713333333333,519,514,NA,0,24,0.9130468850353244,0.921928664072633,NA,1.1307720259144045,not_in_4x_or_8x_cluster
CA-Man,AmeriFlux,AMF,328.0806333333333,509,520,NA,0,100,0.6445592010478061,0.6309242948717948,NA,1.279620539772258,not_in_4x_or_8x_cluster
CA-Mer,AmeriFlux,AMF,882.9069999999999,943,943,NA,0,159,0.9362746553552492,0.9362746553552492,NA,0.9935350400827515,not_in_4x_or_8x_cluster
CA-Mtk,AmeriFlux,AMF,206.7714,197,173,NA,0,4,1.0496010152284263,1.1952104046242775,NA,1.3435966738962217,not_in_4x_or_8x_cluster
CA-Na1,AmeriFlux,AMF,1287.7088333333334,1147,1102.7,1104.897,2,24,1.1226755303690787,1.1677780296847131,1.1654559957474167,1.3718762637353081,not_in_4x_or_8x_cluster
CA-Ojp,AmeriFlux,AMF,494.6377,473,430.5,466.0723636363636,11,143,1.045745665961945,1.1489842044134726,1.0612894876254098,1.018410852713178,not_in_4x_or_8x_cluster
CA-PB1,AmeriFlux,AMF,344.5383,525,490,NA,0,21,0.6562634285714286,0.703139387755102,NA,0.9958071278825996,not_in_4x_or_8x_cluster
CA-PB2,AmeriFlux,AMF,475.45213333333334,524,490,NA,0,19,0.907351399491094,0.9703104761904762,NA,1.014785992217899,not_in_4x_or_8x_cluster
CA-Qc2,AmeriFlux,AMF,827.3691,965,NA,836.271,2,36,0.8573773056994819,NA,0.9893552448907114,0.927324241244603,not_in_4x_or_8x_cluster
CA-Qfo,AmeriFlux,AMF,975.0215,983,962.32,916.6116666666667,3,75,0.991883519837233,1.013198831989359,1.0637236416003142,1.0743162901307968,not_in_4x_or_8x_cluster
CA-RBM,AmeriFlux,AMF,974.1024333333334,1180,1152,920.5995,2,31,0.8255105367231639,0.8455750289351852,1.0581174911927862,1.0764802631578947,not_in_4x_or_8x_cluster
CA-SCB,AmeriFlux,AMF,342.5516666666667,414,388,NA,0,40,0.8274194847020934,0.8828651202749142,NA,1.1099784084235529,not_in_4x_or_8x_cluster
CA-SCC,AmeriFlux,AMF,269.28866666666664,414,387.6,247.2295,4,74,0.6504557165861513,0.6947592019263845,1.0892254632504075,1.0798801049082054,not_in_4x_or_8x_cluster
CA-SF1,AmeriFlux,AMF,421.0691,494,470,499.922,2,35,0.8523665991902833,0.8958917021276596,0.8422695940566728,0.9451476793248946,not_in_4x_or_8x_cluster
CA-SF2,AmeriFlux,AMF,346.47696666666667,486,470,241.166,2,40,0.7129155692729767,0.7371850354609929,1.4366741856922893,1.0581403293024527,not_in_4x_or_8x_cluster
CA-SF3,AmeriFlux,AMF,387.4114333333333,481,470,462.8695,2,38,0.8054291753291754,0.8242796453900709,0.8369776650510204,1.1159132322203762,not_in_4x_or_8x_cluster
CA-SJ2,AmeriFlux,AMF,499.2909,477,430.03,NA,0,23,1.0467314465408806,1.161060623677418,NA,1.1300708306503542,not_in_4x_or_8x_cluster
CA-SMC,AmeriFlux,AMF,1656.6342333333332,349,388,NA,0,0,4.746802960840497,4.2696758591065285,NA,NA,4x_cluster
CA-TP1,AmeriFlux,AMF,669.2239666666667,986,1036,564.9703,10,191,0.6787261325219743,0.6459690797940798,1.1845294640561932,1.1220423412204235,not_in_4x_or_8x_cluster
CA-TP2,AmeriFlux,AMF,0,970,1036,NA,0,0,0,0,NA,NA,not_in_4x_or_8x_cluster
CA-TP3,AmeriFlux,AMF,1099.2175666666667,970,1036,1118.3335625,16,190,1.1332139862542956,1.061020817245817,0.9829067136368508,1.039527259308108,not_in_4x_or_8x_cluster
CA-TP4,AmeriFlux,AMF,1099.2175666666667,976,1036,1118.3335625,16,190,1.126247506830601,1.061020817245817,0.9829067136368508,1.039527259308108,not_in_4x_or_8x_cluster
CA-TPA,AmeriFlux,AMF,1108.8337333333334,970,956,1090.21475,4,46,1.143127560137457,1.1598679218967922,1.0170782713528075,1.0060052407954136,not_in_4x_or_8x_cluster
CA-TPD,AmeriFlux,AMF,931.4757333333332,986,1036,911.30925,8,124,0.9447015551048006,0.8991078507078507,1.0221291327102553,0.9955076344576117,not_in_4x_or_8x_cluster
CA-TVC,AmeriFlux,AMF,104.27626666666669,219,240.6,138.468,1,12,0.47614733637747336,0.4334009420892214,0.7530712270464417,1.1960490442693819,not_in_4x_or_8x_cluster
CD-Ygb,ICOS,ICOS,2433.6066,1774,1811.7,NA,0,39,1.3718188275084555,1.3432723960920685,NA,0.9524640209332752,not_in_4x_or_8x_cluster
CG-Tch,ICOS,EUF,1590.3380666666667,1320,1150,1616.866,3,42,1.2048015656565656,1.3829026666666666,0.983592992039332,1.329826380687372,not_in_4x_or_8x_cluster
CH-Aws,ICOS,EUF,1332.9461333333334,1158,918,1454.7567272727274,11,155,1.1510761082325849,1.45201103848947,0.9162673788298915,1.1163734776725305,not_in_4x_or_8x_cluster
CH-Cha,ICOS,EUF,1182.5493666666666,1194,1136,1212.6965454545455,11,206,0.990409854829704,1.0409765551643193,0.97514037712,1.0327751183231053,not_in_4x_or_8x_cluster
CH-Crs,ICOS,EUF,905.8019,1016,957,887.8344999999999,2,24,0.8915373031496063,0.9465014629049112,1.0202373302681977,1.04495480538646,not_in_4x_or_8x_cluster
CH-Dav,ICOS,ICOS,873.3136333333333,1094,876,902.7952307692308,26,333,0.7982757160268129,0.9969333713850836,0.9673440926235537,1.0893066980023502,not_in_4x_or_8x_cluster
CH-For,ICOS,EUF,1072.3002333333334,1238,1151,NA,0,9,0.8661552773290253,0.9316248769186216,NA,1.0478837109876016,not_in_4x_or_8x_cluster
CH-Frk,ICOS,EUF,1197.6444666666666,1224,1450,1242.3069999999998,2,24,0.9784677015250544,0.8259617011494252,0.96404871474335,1.0966123593356936,not_in_4x_or_8x_cluster
CH-Fru,ICOS,EUF,1503.4292,1398,1492,1438.0274615384615,13,218,1.0754143061516452,1.0076603217158178,1.0454801735090435,1.0079702761596439,not_in_4x_or_8x_cluster
CH-Lae,ICOS,EUF,883.6265666666667,1160,1100,874.6508,20,251,0.761747040229885,0.8032968787878788,1.0102621145109187,1.0909690177982863,not_in_4x_or_8x_cluster
CH-Oe1,ICOS,EUF,1175.8516666666667,1126,1100,1146.1089000000002,10,120,1.0442732386027236,1.0689560606060606,1.0259510825425633,1.0711486180364562,not_in_4x_or_8x_cluster
CH-Oe2,ICOS,EUF,1148.4836666666667,1126,1155,1126.7334,10,192,1.0199677323860272,0.994358152958153,1.019303827033677,1.0373295356112493,not_in_4x_or_8x_cluster
CH-Oe3,ICOS,EUF,1160.512966666667,1126,1100,1108.4726666666668,9,117,1.0306509473060983,1.055011787878788,1.0469477521322132,1.0769869842148987,not_in_4x_or_8x_cluster
CH-Rh1,ICOS,EUF,1677.0118333333332,1351,1407,1717.2063333333333,3,46,1.241311497656057,1.1919060649135276,0.9765930865617197,1.193729036507543,not_in_4x_or_8x_cluster
CH-Rh2,ICOS,EUF,1677.0118333333332,1351,1407,1717.2063333333333,3,46,1.241311497656057,1.1919060649135276,0.9765930865617197,1.193729036507543,not_in_4x_or_8x_cluster
CH-Rtb,ICOS,EUF,1436.3975666666668,1275,1434,1407.5067142857145,14,167,1.1265863267973857,1.0016719432821943,1.0205262625660823,1.012813522355507,not_in_4x_or_8x_cluster
CH-Tnk,ICOS,EUF,1168.721633333333,1094,1169,NA,0,10,1.0683013101767216,0.999761876247505,NA,1.0323912023881459,not_in_4x_or_8x_cluster
CL-ACF,AmeriFlux,AMF,3172.8040666666666,1914,4500,2868.8634999999995,2,35,1.6576823754789272,0.7050675703703704,1.1059445897884885,1.0322484025559107,not_in_4x_or_8x_cluster
CL-SDF,AmeriFlux,AMF,1506.9242333333334,2409,2110,NA,0,44,0.6255393247543932,0.7141821011058452,NA,0.9872606145643592,not_in_4x_or_8x_cluster
CL-SDP,AmeriFlux,AMF,1421.9918333333333,2354,2110,1203.3440000000003,1,69,0.6040746955536674,0.6739297788309636,1.1817001899152138,0.8869926199261993,not_in_4x_or_8x_cluster
CN-Aro,ICOS,CNF,2471.6720666666665,411,400,NA,0,0,6.013800648824006,6.179180166666666,NA,NA,not_in_4x_or_8x_cluster
CN-Ash,ICOS,CNF,1466.8425666666667,988,NA,1194.8657500000002,8,125,1.4846584682861,NA,1.22762123415678,1.1312649164677806,not_in_4x_or_8x_cluster
CN-BeO,ICOS,CNF,532.4038666666667,546,NA,504.55574999999993,4,85,0.9750986568986568,NA,1.055193339223003,1.1293103448275863,not_in_4x_or_8x_cluster
CN-DaW,ICOS,CNF,311.1937,419,NA,321.157,2,36,0.7427057279236277,NA,0.968976855556628,1.5567484662576687,not_in_4x_or_8x_cluster
CN-Dan,ICOS,CNF,372.06173333333334,419,NA,389.137,1,34,0.8879754972155927,NA,0.9561201667621771,2.3817854887764462,not_in_4x_or_8x_cluster
CN-Dda,ICOS,CNF,1158.7745666666667,261,NA,NA,0,0,4.439749297573436,NA,NA,NA,4x_cluster
CN-Din,ICOS,CNF,1502.0699,1835,NA,1651.617,4,78,0.8185667029972752,NA,0.9094541288930788,1.017363493735644,not_in_4x_or_8x_cluster
CN-Dmn,ICOS,CNF,1534.9444,222,130,NA,0,0,6.914163963963963,11.807264615384614,NA,NA,not_in_4x_or_8x_cluster
CN-Dsh,ICOS,CNF,2499.131833333334,345,380,NA,0,0,7.24386038647343,6.576662719298246,NA,NA,8x_cluster
CN-Du2,ICOS,CNF,476.4095,399,NA,426.03225,4,64,1.1940087719298245,NA,1.1182475035634039,1.2964264055020065,not_in_4x_or_8x_cluster
CN-Dzo,ICOS,CNF,1668.2482666666667,1647,NA,1866.34275,4,56,1.0129011940902652,NA,0.8938595371437892,1.2008255791980562,not_in_4x_or_8x_cluster
CN-Erg,ICOS,CNF,357.0635666666667,360,NA,312.43499999999995,3,21,0.9918432407407408,NA,1.1428411242871854,1.405684754521964,not_in_4x_or_8x_cluster
CN-GuT,ICOS,CNF,52.5306,568,NA,NA,0,1,0.09248345070422535,NA,NA,0.5636363636363636,not_in_4x_or_8x_cluster
CN-Ha2,ICOS,CNF,457.11086666666665,468,NA,NA,0,59,0.976732621082621,NA,NA,1.1052364006100661,not_in_4x_or_8x_cluster
CN-HaM,ICOS,JPF,3057.3432333333335,468,567,NA,0,0,6.532784686609687,5.392139741328631,NA,NA,not_in_4x_or_8x_cluster
CN-HaW,ICOS,CNF,470.30376666666666,468,NA,NA,0,57,1.0049225783475784,NA,NA,1.1196196196196198,not_in_4x_or_8x_cluster
CN-HeD,ICOS,CNF,151.21866666666665,34,37,NA,0,0,4.447607843137255,4.086990990990991,NA,NA,4x_cluster
CN-HeM,ICOS,CNF,152.75446666666667,41,37,NA,0,0,3.725718699186992,4.128499099099099,NA,NA,4x_cluster
CN-Huz,ICOS,CNF,1534.9444,260,130,NA,0,0,5.903632307692307,11.807264615384614,NA,NA,8x_cluster
CN-Jng,ICOS,CNF,2983.7575666666667,481,400,NA,0,0,6.2032381843381845,7.459393916666667,NA,NA,8x_cluster
CN-Jzh,ICOS,CNF,570.5362333333334,549,NA,629.017,2,48,1.0392281117182758,NA,0.9070283209091858,1.1475648749293248,not_in_4x_or_8x_cluster
CN-Lch,ICOS,CNF,427.3243,475,NA,445.21128571428574,7,119,0.8996301052631579,NA,0.9598236022126252,0.9617851416354891,not_in_4x_or_8x_cluster
CN-Lsh,ICOS,JPF,453.5005,587,724,285.801,2,47,0.7725732538330494,0.626381906077348,1.5867701652548452,1.1532567049808429,not_in_4x_or_8x_cluster
CN-Mxn,ICOS,CNF,945.7413,798,NA,915.6010000000001,1,12,1.1851394736842105,NA,1.0329185966376182,1.095787761537458,not_in_4x_or_8x_cluster
CN-Nmn,ICOS,CNF,326.66613333333333,431,NA,NA,0,21,0.7579260634184068,NA,NA,1.289473684210526,not_in_4x_or_8x_cluster
CN-Qng,ICOS,CNF,4503.760066666667,875,NA,NA,0,0,5.147154361904762,NA,NA,NA,not_in_4x_or_8x_cluster
CN-Sb1,ICOS,FLX,2080.9931333333334,446,452,NA,0,0,4.665903886397609,4.603967109144543,NA,NA,not_in_4x_or_8x_cluster
CN-Sb2,ICOS,FLX,2080.9931333333334,460,452,NA,0,0,4.523898115942029,4.603967109144543,NA,NA,4x_cluster
CN-Sdq,ICOS,CNF,152.75446666666667,41,37,NA,0,0,3.725718699186992,4.128499099099099,NA,NA,4x_cluster
CN-SnB,ICOS,FLX,880.7532666666667,1021,1022,NA,0,5,0.86263787136794,0.8617938030006523,NA,1,not_in_4x_or_8x_cluster
CN-Wnb,ICOS,CNF,127.28223333333334,127,NA,72.615,1,11,1.002222309711286,NA,1.7528366499116346,1.2597402597402598,not_in_4x_or_8x_cluster
CN-Xi2,ICOS,CNF,321.5742666666667,322,NA,238.6326,5,60,0.9986778467908904,NA,1.3475705610493567,1.3671576416026108,not_in_4x_or_8x_cluster
CN-YaS,ICOS,CNF,311.3360666666667,309,NA,305.29,8,84,1.007560086299892,NA,1.0198043390437508,1.1008191556395714,not_in_4x_or_8x_cluster
CN-Yan,ICOS,CNF,343.61196666666666,321,NA,NA,0,16,1.0704422637590862,NA,NA,0.9870419202163625,not_in_4x_or_8x_cluster
CN-You,ICOS,CNF,2649.448966666667,452,400,NA,0,0,5.861612758112095,6.623622416666667,NA,NA,not_in_4x_or_8x_cluster
CN-Yuc,ICOS,CNF,545.4328,607,NA,481.17955555555557,9,99,0.8985713344316311,NA,1.1335327814795864,1.2319667877529838,not_in_4x_or_8x_cluster
CN-Zha,ICOS,CNF,631.1700666666667,188,130,NA,0,0,3.3572875886524822,4.855154358974359,NA,NA,4x_cluster
CR-AqC,ICOS,FLX,3000.089966666667,3307,3207,3054.10525,8,96,0.9071938211873803,0.9354817482590168,0.9823138762708544,1.1103150292518105,not_in_4x_or_8x_cluster
CR-Fsc,AmeriFlux,AMF,1835.032866666667,1824,NA,1690.837,3,42,1.006048720760234,NA,1.085280761342854,1.1161848948313624,not_in_4x_or_8x_cluster
CZ-BK1,ICOS,ICOS,1223.8335333333334,1013,1338.12,1174.1314166666666,12,216,1.2081278710102008,0.914591765561634,1.0423309656492883,1.082841405911259,not_in_4x_or_8x_cluster
CZ-BK2,ICOS,EUF,1092.0189,1003,1316,1144.368,2,40,1.0887526420737788,0.8298015957446808,0.9542550123736421,1.02287816611098,not_in_4x_or_8x_cluster
CZ-KrP,ICOS,EUF,604.5559666666667,576,620,614.7625,8,112,1.0495763310185184,0.9750902688172044,0.98339759934392,1.0903160800552105,not_in_4x_or_8x_cluster
CZ-LnG,ICOS,EUF,500.80443333333335,647,0,510.626,3,58,0.7740408552292632,Inf,0.9807656353834967,1.1035200377690764,not_in_4x_or_8x_cluster
CZ-Lnz,ICOS,ICOS,518.4126,647,518.031,469.6356,5,103,0.8012559505409582,1.0007366354523186,1.1038613767780807,1.0865892291446673,not_in_4x_or_8x_cluster
CZ-RAJ,ICOS,EUF,660.3521000000001,606,681,683.9315384615385,13,156,1.0896899339933994,0.9696800293685756,0.9655236860189561,1.0395292797012026,not_in_4x_or_8x_cluster
CZ-Stn,ICOS,EUF,671.8468,794,685,666.382,10,162,0.8461546599496222,0.9807982481751826,1.008200701699626,1.0655710041592394,not_in_4x_or_8x_cluster
CZ-wet,ICOS,ICOS,571.4314666666667,632,603,588.6888125,16,212,0.9041637130801689,0.9476475400773908,0.9706851133113161,1.1546753812636166,not_in_4x_or_8x_cluster
DE-Akm,ICOS,EUF,2403.4020666666665,563,562,NA,0,0,4.26892018946122,4.276516132858838,NA,NA,4x_cluster
DE-Amv,ICOS,ICOS,750.4336333333333,773,835,NA,0,18,0.9708067701595516,0.8987229141716566,NA,1.0382156084396097,not_in_4x_or_8x_cluster
DE-Brs,ICOS,ICOS,669.0684,624,617.9,762.5569999999999,1,20,1.072225,1.08281016345687,0.8774011647653881,1.076233969092579,not_in_4x_or_8x_cluster
DE-Etn,ICOS,EUF,4270.398866666666,1062,1190,NA,0,0,4.021091211550534,3.588570476190476,NA,NA,4x_cluster
DE-Fen,ICOS,ICOS,1042.6085333333333,1131,1081,1103.6699999999998,1,16,0.921846625405246,0.9644852297255628,0.944674162868732,1.1136937947808208,not_in_4x_or_8x_cluster
DE-Geb,ICOS,ICOS,611.8403,500,534,NA,0,41,1.2236806,1.145768352059925,NA,1.3226452905811623,not_in_4x_or_8x_cluster
DE-Gri,ICOS,ICOS,913.0325333333334,790,NA,935.3751111111111,9,225,1.1557373839662448,NA,0.9761137777642624,1.0440324449594438,not_in_4x_or_8x_cluster
DE-GsB,ICOS,ICOS,516.6206666666667,505,581,550.2518749999999,8,115,1.0230112211221123,0.8891921973608721,0.9388803385116439,1.1071080817916261,not_in_4x_or_8x_cluster
DE-Gwg,ICOS,ICOS,1172.6762,1331,1616,1363.9729999999997,1,16,0.8810489857250187,0.7256659653465346,0.8597503029752057,1.1894807556279985,not_in_4x_or_8x_cluster
DE-Hai,ICOS,ICOS,729.2309333333334,865,744,694.6766470588235,17,267,0.8430415414258189,0.9801491039426524,1.0497415400687622,1.011764705882353,not_in_4x_or_8x_cluster
DE-Har,ICOS,ICOS,594.0937666666666,797,641,603.8879999999999,3,57,0.745412505227938,0.9268233489339572,0.9837813744712044,1.0462311557788944,not_in_4x_or_8x_cluster
DE-Hdn,ICOS,EUF,2464.5783333333334,559,NA,NA,0,0,4.4089057841383426,NA,NA,NA,4x_cluster
DE-HoH,ICOS,ICOS,494.7356666666667,572,563,463.12325000000004,4,97,0.8649224941724942,0.8787489638839551,1.0682591873041716,1.0526992287917736,not_in_4x_or_8x_cluster
DE-Hte,ICOS,EUF,607.5053,584,645,615.3076,10,120,1.040248801369863,0.9418686821705426,0.9873196755573961,1.0528747325851129,not_in_4x_or_8x_cluster
DE-Hzd,ICOS,ICOS,3285.0614666666665,759,877,NA,0,0,4.328144224857268,3.7457941467122766,NA,NA,4x_cluster
DE-Kli,ICOS,ICOS,785.4598666666667,826,756,738.2796666666667,3,72,0.9509199354318,1.038968077601411,1.063905593137921,1.1017540728839812,not_in_4x_or_8x_cluster
DE-Lkb,ICOS,EUF,4786.6331666666665,1332,1599,NA,0,0,3.593568443443443,2.993516677089848,NA,NA,not_in_4x_or_8x_cluster
DE-Lnf,ICOS,EUF,572.2909333333333,849,0,518.4509166666667,12,205,0.674076482135846,Inf,1.103847857021502,1.0538573508005822,not_in_4x_or_8x_cluster
DE-Msr,ICOS,ICOS,1160.6819666666668,1146,1383,1033.783,1,34,1.0128114892379292,0.8392494335984575,1.1227520346791027,1.0777503302987896,not_in_4x_or_8x_cluster
DE-Obe,ICOS,EUF,965.455,809,981,1008.2733333333333,9,182,1.1933930778739184,0.9841539245667684,0.9575330102287078,1.0067962451424843,not_in_4x_or_8x_cluster
DE-Rns,ICOS,EUF,492.0482,655,645,532.906,2,40,0.7512186259541985,0.7628654263565892,0.9233301933173956,1.0180816218580568,not_in_4x_or_8x_cluster
DE-RuC,ICOS,EUF,1153.0368666666666,1131,1250,1258.9227999999998,5,123,1.0194844090775124,0.9224294933333332,0.9158916390001569,1.0544432736213558,not_in_4x_or_8x_cluster
DE-RuM,ICOS,EUF,507.6691333333333,719,750,477.2439999999999,1,74,0.7060766805748725,0.6768921777777778,1.063751735660026,0.9857391541645851,not_in_4x_or_8x_cluster
DE-RuR,ICOS,ICOS,884.6440333333334,1066,1033,887.6936666666667,12,157,0.8298724515322077,0.8563833817360439,0.9965645430987642,1.0266976204294835,not_in_4x_or_8x_cluster
DE-RuS,ICOS,ICOS,571.5275666666666,714,698,624.500625,8,132,0.800458776844071,0.8188074021012416,0.9151753317567403,1.0779277521686494,not_in_4x_or_8x_cluster
DE-RuW,ICOS,ICOS,1095.6656,1152,1250,1258.4164,5,152,0.9510986111111112,0.8765324800000001,0.8706701533768949,1.1022723812962505,not_in_4x_or_8x_cluster
DE-SbM,ICOS,EUF,3300.8578333333335,1500,1136,NA,0,0,2.2005718888888888,2.9056847124413148,NA,NA,not_in_4x_or_8x_cluster
DE-Seh,ICOS,EUF,513.2817333333334,714,693,NA,0,36,0.7188819794584501,0.7406662818662819,NA,1.0377766251728908,not_in_4x_or_8x_cluster
DE-SfS,ICOS,EUF,5251.853666666667,1115,1127,NA,0,0,4.710182660687593,4.660029872818693,NA,NA,not_in_4x_or_8x_cluster
DE-Spw,ICOS,EUF,2414.6585666666665,553,558,NA,0,0,4.366471187462326,4.327345101553166,NA,NA,4x_cluster
DE-Tha,ICOS,ICOS,804.5215333333333,737,829,812.2585625,16,311,1.0916167345092718,0.9704722959388822,0.990474672076274,1.0442314780685589,not_in_4x_or_8x_cluster
DE-Zrk,ICOS,EUF,2655.0587333333333,594,584,NA,0,0,4.469795847362514,4.546333447488585,NA,NA,4x_cluster
DK-Eng,ICOS,EUF,2593.9773666666665,606,NA,NA,0,0,4.280490704070407,NA,NA,NA,4x_cluster
DK-Fou,ICOS,EUF,721.6794333333333,714,NA,NA,0,11,1.0107555088702147,NA,NA,0.9572564612326043,not_in_4x_or_8x_cluster
DK-Gds,ICOS,ICOS,918.4582666666666,795,883,945.742,1,23,1.1552934171907756,1.0401565873914684,0.9711509763409754,0.9770017035775128,not_in_4x_or_8x_cluster
DK-RCW,ICOS,ICOS,451.0605,606,729.4,548.907,2,24,0.7443242574257426,0.6183993693446669,0.8217430275073919,1.0665888283479745,not_in_4x_or_8x_cluster
DK-Skj,ICOS,ICOS,779.0029666666667,813,809,NA,0,18,0.9581832308323084,0.9629208487845076,NA,1.028733037169785,not_in_4x_or_8x_cluster
DK-Sor,ICOS,ICOS,775.8816333333333,613,640,642.2074545454545,11,288,1.2657122892876562,1.2123150520833332,1.2081479712540732,1.136237261649966,not_in_4x_or_8x_cluster
DK-Vng,ICOS,ICOS,886.9529,822,961,937.988,1,34,1.0790181265206813,0.9229478668054112,0.9455908817596813,1.0233539656316268,not_in_4x_or_8x_cluster
EE-Pts,ICOS,EUF,579.7667666666667,684,870.5,NA,0,22,0.847612231968811,0.6660158146659009,NA,1.0044396690428532,not_in_4x_or_8x_cluster
EE-Rng,ICOS,EUF,697.6556666666667,647,107.1,NA,0,10,1.0782931478619269,6.514058512293807,NA,1.079473909759992,4x_cluster
EE-Stg,ICOS,EUF,2750.2968333333333,659,675,NA,0,0,4.17343980778958,4.0745138271604935,NA,NA,4x_cluster
ES-Abr,ICOS,EUF,372.7431666666667,559,NA,339.8155,4,53,0.6668035181872392,NA,1.0968986602043365,0.9705882352941178,not_in_4x_or_8x_cluster
ES-Agu,ICOS,EUF,265.89203333333336,254,0,291.49566666666664,6,129,1.0468190288713912,Inf,0.9121646176558372,1,not_in_4x_or_8x_cluster
ES-Amo,ICOS,EUF,240.4131,219,0,270.119,7,103,1.0977767123287672,Inf,0.8900266178980374,1.0229709035222052,not_in_4x_or_8x_cluster
ES-Cnd,ICOS,EUF,2141.2092333333335,368,474,NA,0,0,5.818503351449276,4.517319057665261,NA,NA,not_in_4x_or_8x_cluster
ES-Crg,ICOS,EUF,471.4329333333333,410,550,NA,0,34,1.1498364227642277,0.8571507878787878,NA,1.1812917112877854,not_in_4x_or_8x_cluster
ES-Dnn,ICOS,EUF,1910.7018333333333,505,548.6,NA,0,0,3.78356798679868,3.4828688175963056,NA,NA,4x_cluster
ES-FtD,ICOS,EUF,1910.7018333333333,511,548.6,NA,0,0,3.7391425309849966,3.4828688175963056,NA,NA,4x_cluster
ES-Gdn,ICOS,EUF,2141.2092333333335,368,471,NA,0,0,5.818503351449276,4.546091790516631,NA,NA,not_in_4x_or_8x_cluster
ES-HdD,ICOS,EUF,347.63956666666667,580,400,NA,0,5,0.5993785632183908,0.8690989166666667,NA,0.8120382442416341,not_in_4x_or_8x_cluster
ES-HeB,ICOS,EUF,226.37313333333333,339,332,277.38399999999996,3,60,0.667767354965585,0.6818467871485944,0.8161001836203002,1.117803870282974,not_in_4x_or_8x_cluster
ES-Hen,ICOS,EUF,196.6684,329,332,225.7768,5,68,0.597776291793313,0.5923746987951807,0.8710744416609677,1.1138687241077876,not_in_4x_or_8x_cluster
ES-LJu,ICOS,EUF,540.1769666666667,527,400,704.518125,8,170,1.025003731815307,1.3504424166666666,0.7667325332001453,1.6094786855656422,not_in_4x_or_8x_cluster
ES-LM1,ICOS,EUF,695.5762,465,700,671.934,10,120,1.4958627956989248,0.9936802857142856,1.0351853009372944,1.0586005969468264,not_in_4x_or_8x_cluster
ES-LM2,ICOS,EUF,673.2625666666667,465,700,650.5450000000001,10,120,1.447876487455197,0.9618036666666666,1.0349208227972955,1.087826458102621,not_in_4x_or_8x_cluster
ES-LMa,ICOS,ICOS,723.3152666666666,465,670,730.2950000000001,4,56,1.5555167025089605,1.0795750248756215,0.9904425837047585,1.2369563960111543,not_in_4x_or_8x_cluster
ES-LgS,ICOS,EUF,468.6667,760,NA,401.71799999999996,1,28,0.6166667105263158,NA,1.1666559626404593,1.6757426462039298,not_in_4x_or_8x_cluster
ES-Ln2,ICOS,EUF,2328.583633333333,787,NA,NA,0,0,2.958810207539178,NA,NA,NA,not_in_4x_or_8x_cluster
ES-Mcd,ICOS,EUF,366.7046666666667,427,470,407.51975,4,67,0.858793130366901,0.780222695035461,0.8998451404297994,0.9747172322022623,not_in_4x_or_8x_cluster
ES-MtB,ICOS,EUF,1910.7018333333333,500,548.6,NA,0,0,3.8214036666666664,3.4828688175963056,NA,NA,4x_cluster
ES-MtN,ICOS,EUF,1910.7018333333333,507,548.6,NA,0,0,3.7686426692965154,3.4828688175963056,NA,NA,4x_cluster
ES-Mzn,ICOS,EUF,2128.8712666666665,424,512,NA,0,0,5.020922798742138,4.157951692708333,NA,NA,4x_cluster
ES-Pdu,ICOS,EUF,2328.583633333333,456,NA,NA,0,0,5.106543055555555,NA,NA,NA,not_in_4x_or_8x_cluster
ES-Pzb,ICOS,EUF,502.4209,571,500,388.30999999999995,1,41,0.8798964973730298,1.0048418,1.2938654683114008,1.0738592420726993,not_in_4x_or_8x_cluster
ES-Srn,ICOS,EUF,2009.6956666666667,421,476,NA,0,0,4.7736239113222485,4.222049719887956,NA,NA,4x_cluster
ES-TzM,ICOS,EUF,1359.1763666666666,403,314,NA,0,0,3.372646071133168,4.328587154989384,NA,NA,4x_cluster
ES-VDA,ICOS,EUF,771.4939,974,700,737.3824999999999,2,29,0.7920881930184805,1.102134142857143,1.0462601160184846,1.05344295991778,not_in_4x_or_8x_cluster
ES-Yst,ICOS,EUF,398.3828,451,530,NA,0,54,0.8833321507760532,0.7516656603773585,NA,1.219833890713773,not_in_4x_or_8x_cluster
FI-Ant,ICOS,ICOS,431.3066333333333,607,612,453.56399999999996,1,12,0.7105545853926414,0.7047494008714597,0.9509278367183757,1.1417624097879224,not_in_4x_or_8x_cluster
FI-Hyy,ICOS,ICOS,688.5662333333333,663,711,702.7880769230769,13,226,1.0385614379084966,0.9684475855602438,0.9797636811768219,0.9974343009438189,not_in_4x_or_8x_cluster
FI-Jok,ICOS,EUF,2532.4077333333335,612,627,NA,0,0,4.1379211328976035,4.038927804359384,NA,NA,4x_cluster
FI-Ken,ICOS,ICOS,627.2816,524,484,667.2111666666667,6,81,1.197102290076336,1.2960363636363637,0.9401545287886118,1.0245989304812833,not_in_4x_or_8x_cluster
FI-Let,ICOS,ICOS,567.3241666666667,664,627,523.5581428571429,7,124,0.8544038654618473,0.9048232323232324,1.0835934354314218,0.9707705407335518,not_in_4x_or_8x_cluster
FI-Nsv,ICOS,EUF,2571.0564666666664,607,633,NA,0,0,4.235677869302581,4.061700579252237,NA,NA,4x_cluster
FI-Pap,ICOS,EUF,449.95773333333335,607,612,473.29099999999994,1,12,0.7412812740252609,0.735225054466231,0.9506999569679825,1.049487363070448,not_in_4x_or_8x_cluster
FI-Qvd,ICOS,EUF,678.2785,677,650,790.497,1,57,1.0018884785819793,1.0435053846153846,0.8580405744740335,1.047491382612026,not_in_4x_or_8x_cluster
FI-Rk2,ICOS,EUF,544.0927,643,644,610.661,1,41,0.8461783825816486,0.8448644409937889,0.8909897635512994,0.969309462915601,not_in_4x_or_8x_cluster
FI-Ruk,ICOS,EUF,2184.7618,518,553,NA,0,0,4.217686872586873,3.9507446654611216,NA,NA,4x_cluster
FI-Sar,ICOS,EUF,503.38806666666665,606,612,529.4209999999999,1,12,0.8306733773377337,0.8225295206971677,0.950827539267741,0.9725545581179383,not_in_4x_or_8x_cluster
FI-Si2,ICOS,EUF,2563.5688,660,NA,NA,0,0,3.884195151515152,NA,NA,NA,4x_cluster
FI-Sii,ICOS,ICOS,574.4364,665,711,648.689,4,80,0.863814135338346,0.8079274261603376,0.8855343623832068,0.990091159608729,not_in_4x_or_8x_cluster
FI-Sod,ICOS,ICOS,496.3022,514,2424.3,NA,0,12,0.9655684824902724,0.2047197954048591,NA,0.9423153210593557,not_in_4x_or_8x_cluster
FI-Var,ICOS,ICOS,521.9297333333334,576,601,559.2865555555555,9,108,0.9061280092592594,0.8684354963948975,0.9332062931762868,1.0262304707131178,not_in_4x_or_8x_cluster
FR-Aur,ICOS,ICOS,685.2822333333334,830,668.5,707.8485384615384,13,227,0.8256412449799198,1.0251043131388682,0.9681198675958964,0.9754464285714286,not_in_4x_or_8x_cluster
FR-Bil,ICOS,ICOS,927.2640666666668,934,960.1,961.9643333333333,3,111,0.992788079942898,0.9657994653334724,0.963927699329116,1.032695652173913,not_in_4x_or_8x_cluster
FR-CLt,ICOS,ICOS,1523.7227666666668,1403,1312,1602.7643333333333,3,68,1.086046162984082,1.1613740599593496,0.9506842241103028,1.1524103510604304,not_in_4x_or_8x_cluster
FR-EM2,ICOS,ICOS,647.6893333333334,666,680,733.656,6,91,0.9725065065065066,0.9524843137254904,0.8828242845875088,1.0244525547445253,not_in_4x_or_8x_cluster
FR-FBn,ICOS,ICOS,625.6768333333333,691,700,585.3764615384615,13,193,0.9054657501205982,0.8938240476190475,1.0688452208839352,1.1455748552522746,not_in_4x_or_8x_cluster
FR-Fon,ICOS,ICOS,499.1001333333333,627,678.99,588.4259999999999,1,38,0.7960129718234981,0.7350625684227062,0.8481952417692851,1.0890776198568046,not_in_4x_or_8x_cluster
FR-Gri,ICOS,ICOS,574.3015,626,597.38,591.502,14,224,0.917414536741214,0.9613671364960328,0.9709206393215916,0.9825888236855937,not_in_4x_or_8x_cluster
FR-Hes,ICOS,ICOS,915.2581333333334,776,889,901.8498125,16,266,1.179456357388316,1.0295367079115112,1.0148675762277584,1.021785791639593,not_in_4x_or_8x_cluster
FR-LBr,ICOS,EUF,1013.2421333333332,909,900,944.062375,8,106,1.1146778144481115,1.1258245925925925,1.073278800389999,1.0162333804809052,not_in_4x_or_8x_cluster
FR-LGt,ICOS,ICOS,676.7709333333333,705,699.75,698.5514285714286,7,94,0.9599587706855792,0.9671610337025128,0.9688204842947106,0.9783436826047601,not_in_4x_or_8x_cluster
FR-Lam,ICOS,ICOS,667.7423666666667,771,677,655.6583333333333,3,43,0.8660731085170774,0.9863255046774988,1.018430381677449,1.045400238948626,not_in_4x_or_8x_cluster
FR-Lqu,ICOS,ICOS,1311.602933333333,904,1081.6,NA,0,22,1.4508882005899706,1.2126506410256412,NA,1.0285042796849733,not_in_4x_or_8x_cluster
FR-Lus,ICOS,ICOS,771.5567,835,793,NA,0,21,0.92402,0.9729592686002522,NA,1.1023746701846966,not_in_4x_or_8x_cluster
FR-Mau,ICOS,EUF,572.2459333333334,776,600,505.4505,2,70,0.7374303264604811,0.9537432222222224,1.132150296286844,0.9618738150545834,not_in_4x_or_8x_cluster
FR-Mej,ICOS,ICOS,720.1868,742,722,707.31475,4,59,0.9706021563342316,0.9974886426592796,1.0181984752898197,1.0582750582750582,not_in_4x_or_8x_cluster
FR-Nzn,ICOS,EUF,912.8696,918,655.6,890.53125,8,107,0.9944113289760348,1.392418547895058,1.0250842965926237,1.0125268432355048,not_in_4x_or_8x_cluster
FR-Pue,ICOS,ICOS,930.8250333333332,666,924,928.6979523809524,21,291,1.3976351851851851,1.0073863997113996,1.002290390483717,1.0676855895196506,not_in_4x_or_8x_cluster
FR-Tou,ICOS,ICOS,616.5935333333333,693,544,642.126,7,84,0.8897453583453583,1.1334439950980393,0.9602376065341278,1.0262089654836881,not_in_4x_or_8x_cluster
GF-Guy,ICOS,ICOS,2487.7836333333335,2796,3101,3243.809625,8,96,0.8897652479732953,0.8022520584757605,0.766932687467235,1.09189642920634,not_in_4x_or_8x_cluster
GH-Ank,ICOS,EUF,1861.9027,1874,1900,NA,0,15,0.9935446638207044,0.9799487894736842,NA,1.1346811819595646,not_in_4x_or_8x_cluster
GL-Dsk,ICOS,ICOS,2107.9039,424,NA,NA,0,0,4.971471462264151,NA,NA,NA,not_in_4x_or_8x_cluster
GL-NuF,ICOS,ICOS,861.8119,726,782,654.6389999999999,1,42,1.1870687327823692,1.102061253196931,1.316468924094043,1.0158199231354172,not_in_4x_or_8x_cluster
GL-ZaF,ICOS,ICOS,780.7409666666666,248,253,NA,0,13,3.1481490591397847,3.0859326745718048,NA,1.8238786279683379,not_in_4x_or_8x_cluster
GL-ZaH,ICOS,ICOS,677.7331666666666,248,253,NA,0,30,2.7327950268817203,2.6787872200263503,NA,1.392802369400161,not_in_4x_or_8x_cluster
HK-MPM,ICOS,FLX,1647.0130666666666,1910,NA,NA,0,25,0.8623105061082025,NA,NA,1.1502286087524494,not_in_4x_or_8x_cluster
ID-JOP,ICOS,FLX,2024.7450666666664,2569,2235,1422.5320000000002,1,69,0.788145218632412,0.9059262043251304,1.4233388540058616,0.9344450234497133,not_in_4x_or_8x_cluster
ID-PaB,ICOS,JPF,2539.1999333333333,2396,2640,2640.5959166666667,12,152,1.0597662493043962,0.9618181565656566,0.9616010981864542,1.1337745744614032,not_in_4x_or_8x_cluster
ID-PaD,ICOS,JPF,2484.8323333333333,2396,NA,2545.2555333333335,15,190,1.037075264329438,NA,0.9762604582492084,1.1143541161350785,not_in_4x_or_8x_cluster
ID-Pag,ICOS,JPF,2590.3433666666665,2401,2663,2675.4445384615383,13,160,1.0788602110231846,0.9727162473400924,0.9681917638091622,1.0580559872825486,not_in_4x_or_8x_cluster
IE-CaC,ICOS,EUF,507.0819,883,804,587.9100000000001,1,40,0.5742716874292186,0.630698880597015,0.862516201459407,1.0757601410283248,not_in_4x_or_8x_cluster
IE-CaN,ICOS,EUF,507.0819,883,804,587.9100000000001,1,40,0.5742716874292186,0.630698880597015,0.862516201459407,1.0757601410283248,not_in_4x_or_8x_cluster
IE-Cra,ICOS,ICOS,3474.463133333333,1026,883,NA,0,0,3.386416309291748,3.934839335598338,NA,NA,4x_cluster
IE-Gwr,ICOS,EUF,3274.024,969,857.4,NA,0,0,3.378765737874097,3.8185491019360858,NA,NA,4x_cluster
IL-RmH,ICOS,EUF,560.337,561,516,544.51,2,39,0.9988181818181818,1.085924418604651,1.0290665001561037,1.5588235294117647,not_in_4x_or_8x_cluster
IL-Yat,ICOS,EUF,241.56693333333337,300,275.6,219.5755,16,138,0.8052231111111111,0.8765128205128204,1.1001543129052802,1.1006607875450454,not_in_4x_or_8x_cluster
IT-Arz,ICOS,EUF,3927.6580333333336,935,900,NA,0,0,4.200703778966132,4.364064481481482,NA,NA,4x_cluster
IT-BCi,ICOS,ICOS,952.5521666666668,1039,947.14,1019.918,5,139,0.916797080526147,1.0057142203546114,0.9339497554378556,1.0816283924843424,not_in_4x_or_8x_cluster
IT-BFt,ICOS,ICOS,593.8098666666667,678,697,673.7666,5,60,0.8758257620452311,0.8519510282161646,0.8813287370829405,0.9670365535248041,not_in_4x_or_8x_cluster
IT-BsB,ICOS,EUF,843.7054,986,NA,779.23975,4,48,0.8556849898580122,NA,1.0827289033959062,1.2779620044679048,not_in_4x_or_8x_cluster
IT-Bsn,ICOS,EUF,627.7203000000001,986,NA,565.524,1,18,0.6366331643002029,NA,1.109979947800624,1.1539996890682835,not_in_4x_or_8x_cluster
IT-CA1,ICOS,EUF,710.4101666666667,332,766,NA,0,23,2.139789658634538,0.9274284160139252,NA,1.2712177121771215,not_in_4x_or_8x_cluster
IT-CA2,ICOS,EUF,712.568,332,766,NA,0,24,2.146289156626506,0.9302454308093996,NA,1.2187986433498121,not_in_4x_or_8x_cluster
IT-CA3,ICOS,EUF,657.6251,332,766,NA,0,20,1.9807984939759036,0.858518407310705,NA,1.0439174062412095,not_in_4x_or_8x_cluster
IT-Cp2,ICOS,ICOS,732.0159,752,601,602.9575,2,88,0.9734253989361702,1.2179965058236273,1.2140422832455025,1.0964775852844122,not_in_4x_or_8x_cluster
IT-Cpz,ICOS,EUF,855.9554,763,NA,925.2024,5,87,1.1218288335517694,NA,0.9251547553270506,1.0607979734008868,not_in_4x_or_8x_cluster
IT-Lav,ICOS,EUF,1093.9326666666666,575,1291,1156.1203999999998,5,160,1.9024915942028984,0.8473529563645752,0.9462099852806566,1.0473441043399911,not_in_4x_or_8x_cluster
IT-Lsn,ICOS,ICOS,997.6444666666666,970,1100,993.7484999999999,6,91,1.0284994501718212,0.9069495151515152,1.003920475519376,1.0164762741652023,not_in_4x_or_8x_cluster
IT-MBo,ICOS,ICOS,24150.380833333333,407,1365,1341.8354444444444,9,211,59.33754504504504,17.692586691086692,17.998019752215022,22.504074505238652,not_in_4x_or_8x_cluster
IT-MtM,ICOS,EUF,694.7573,578,NA,740.7936,5,70,1.202002249134948,NA,0.9378554296365411,1.1658331984442156,not_in_4x_or_8x_cluster
IT-MtP,ICOS,EUF,571.6022666666667,548,NA,565.43575,4,59,1.0430698296836982,NA,1.010905777830048,1.0436681222707425,not_in_4x_or_8x_cluster
IT-NiG,ICOS,EUF,1052.6584,1440,NA,NA,0,9,0.7310127777777778,NA,NA,1.0922131147540983,not_in_4x_or_8x_cluster
IT-Niv,ICOS,ICOS,915.4489666666668,1469,1138.7,NA,0,2,0.6231783299296574,0.8039421855332104,NA,1.1670702742206056,not_in_4x_or_8x_cluster
IT-Noe,ICOS,ICOS,552.2558333333334,758,605,NA,0,20,0.7285697009674583,0.9128195592286502,NA,1.0112261818821298,not_in_4x_or_8x_cluster
IT-PT1,ICOS,EUF,789.2592000000001,768,NA,741.9660000000001,1,31,1.02768125,NA,1.0637403870258204,1.0065868263473055,not_in_4x_or_8x_cluster
IT-Ren,ICOS,ICOS,866.1938666666667,684,970.8,918.5360000000001,8,116,1.2663653021442496,0.8922474934761709,0.9430156974431777,1.1758400284466184,not_in_4x_or_8x_cluster
IT-Ro1,ICOS,EUF,860.8764666666666,379,NA,872.6663333333335,3,85,2.2714418645558485,NA,0.9864898344117012,1.041988950276243,not_in_4x_or_8x_cluster
IT-Ro2,ICOS,EUF,793.803,379,NA,728.4435,4,105,2.0944670184696568,NA,1.0897248722790442,1.0314183123877916,not_in_4x_or_8x_cluster
IT-SR2,ICOS,ICOS,974.5438,886,950,1131.149,6,95,1.0999365688487586,1.0258355789473683,0.8615521032154032,1.0867459269044475,not_in_4x_or_8x_cluster
IT-SRo,ICOS,EUF,913.3800333333334,886,920,460.64166666666665,3,125,1.0309029721595184,0.992804384057971,1.9828428460299945,1.0855072463768116,not_in_4x_or_8x_cluster
IT-Tor,ICOS,ICOS,851.8813,1272,945,837.38275,12,192,0.6697180031446541,0.9014616931216932,1.0173141254701032,1.010127543579157,not_in_4x_or_8x_cluster
IT-TrF,ICOS,ICOS,926.6391666666668,1092,885,918.4163,10,148,0.8485706654456655,1.0470499058380416,1.0089533108968851,1.043157084782529,not_in_4x_or_8x_cluster
JP-Api,ICOS,JPF,5371.734,1478,1869,NA,0,0,3.634461434370772,2.8741219903691815,NA,NA,not_in_4x_or_8x_cluster
JP-BBY,ICOS,JPF,4008.198666666666,1154,1170,NA,0,0,3.473309069901791,3.425810826210826,NA,NA,4x_cluster
JP-Fhk,ICOS,JPF,1844.7290333333333,1693,1831,1811.9086363636363,11,202,1.089621401850758,1.0074981066812307,1.0181137151791302,1.1286349987805133,not_in_4x_or_8x_cluster
JP-Fjy,ICOS,JPF,1969.4295333333332,1693,1954,1995.575,20,246,1.163277928726127,1.0078963834868644,0.9868982791091957,1.158293115855121,not_in_4x_or_8x_cluster
JP-Fmt,ICOS,JPF,5939.7142,1516,1643,NA,0,0,3.9180172823219,3.6151638466220337,NA,NA,4x_cluster
JP-Hc2,ICOS,JPF,4683.106866666667,1427,1037,NA,0,0,3.2817847699135716,4.516014336226294,NA,NA,4x_cluster
JP-Hc3,ICOS,JPF,4683.106866666667,1423,1037,NA,0,0,3.2910097446708835,4.516014336226294,NA,NA,4x_cluster
JP-KaP,ICOS,JPF,5287.457766666666,1337,18,NA,0,0,3.954717850909997,293.7476537037037,NA,NA,not_in_4x_or_8x_cluster
JP-Khw,ICOS,JPF,2291.236,2127,2130,2238.0955,10,124,1.0772148566055475,1.0756976525821595,1.0237436248810652,1.1360751384945247,not_in_4x_or_8x_cluster
JP-Kzw,ICOS,JPF,5583.8523,1589,1198,NA,0,0,3.5140668974197604,4.660978547579298,NA,NA,4x_cluster
JP-MBF,ICOS,JPF,5175.140933333333,1174,NA,NA,0,0,4.408126859738784,NA,NA,NA,4x_cluster
JP-MMF,ICOS,JPF,1143.648233333333,1156,NA,1014.41925,4,71,0.9893150807381776,NA,1.1273920850115307,0.9789366400543571,not_in_4x_or_8x_cluster
JP-Mse,ICOS,JPF,5187.7739,1307,1200,NA,0,0,3.969222570772762,4.323144916666667,NA,NA,4x_cluster
JP-Nkm,ICOS,JPF,8195.526133333333,1951,NA,NA,0,0,4.200679719801811,NA,NA,NA,4x_cluster
JP-NsC,ICOS,JPF,3140.8003,1326,1561,2390.8599999999997,3,51,2.368627677224736,2.0120437540038436,1.313669683712137,2.064741035856574,not_in_4x_or_8x_cluster
JP-NsM,ICOS,JPF,3140.8003,1326,1561,2390.8599999999997,3,51,2.368627677224736,2.0120437540038436,1.313669683712137,2.064741035856574,not_in_4x_or_8x_cluster
JP-Nuf,ICOS,JPF,5431.5632,1969,1595,NA,0,0,2.7585389537836464,3.4053687774294668,NA,NA,not_in_4x_or_8x_cluster
JP-Om2,ICOS,JPF,5337.641,1372,1206.9,NA,0,0,3.89040889212828,4.422604192559449,NA,NA,4x_cluster
JP-SMF,ICOS,JPF,5431.5632,2065,1615,NA,0,0,2.6302969491525423,3.363197027863777,NA,NA,not_in_4x_or_8x_cluster
JP-Sb1,ICOS,JPF,4275.823066666667,1125,1073,NA,0,0,3.800731614814815,3.9849236408822617,NA,NA,4x_cluster
JP-Sb2,ICOS,JPF,4275.823066666667,1125,1073,NA,0,0,3.800731614814815,3.9849236408822617,NA,NA,4x_cluster
JP-Shn,ICOS,JPF,6020.625366666666,1340,1606,NA,0,0,4.493004004975124,3.748832731423827,NA,NA,4x_cluster
JP-Spp,ICOS,JPF,1191.5768666666663,1239,1150,1246.2899166666666,12,145,0.9617246704331448,1.0361537971014492,0.9560992596760021,0.9823860967590418,not_in_4x_or_8x_cluster
JP-Srk,ICOS,JPF,2521.610866666667,1534,3000,2564.266,5,69,1.6438141242937854,0.8405369555555556,0.9833655582793154,0.9928501331837936,not_in_4x_or_8x_cluster
JP-Ta2,ICOS,JPF,1755.004233333333,1765,1722,1717.2872857142856,7,118,0.9943366761095372,1.019166221447929,1.0219630972247953,1.0570016330443834,not_in_4x_or_8x_cluster
JP-Tak,ICOS,JPF,8803.888466666667,1804,2275,NA,0,0,4.880204249815225,3.8698410842490847,NA,NA,4x_cluster
JP-Tef,ICOS,JPF,926.4751666666666,1113,1200,903.064052631579,19,261,0.8324125486672656,0.7720626388888888,1.0259240902866926,1.1095227622608315,not_in_4x_or_8x_cluster
JP-Tgf,ICOS,JPF,1127.2060333333334,1333,NA,1622.461,1,30,0.8456159289822456,NA,0.6947507726431226,1.0279252394008398,not_in_4x_or_8x_cluster
JP-Tkb,ICOS,JPF,5411.865833333333,1353,1507,NA,0,0,3.99990083764474,3.5911518469365182,NA,NA,4x_cluster
JP-Tmd,ICOS,JPF,4656.8277,1206,1276,NA,0,0,3.861382835820895,3.649551489028213,NA,NA,4x_cluster
JP-Tmk,ICOS,JPF,4656.8277,1206,1043,NA,0,0,3.861382835820895,4.464839597315436,NA,NA,4x_cluster
JP-Toc,ICOS,JPF,4656.831833333334,1189,1130,NA,0,0,3.9165953181945614,4.1210901179941,NA,NA,4x_cluster
JP-Yms,ICOS,JPF,4913.387,1502,1095,NA,0,0,3.2712296937416774,4.4871114155251135,NA,NA,4x_cluster
JP-Ynf,ICOS,JPF,6652.8439,2150,2501.5,NA,0,0,3.094346,2.6595418348990605,NA,NA,not_in_4x_or_8x_cluster
KE-Aq1,ICOS,FLX,2703.4056,558,550,NA,0,0,4.844812903225806,4.91528290909091,NA,NA,not_in_4x_or_8x_cluster
KE-Aq2,ICOS,FLX,2703.4056,564,550,NA,0,0,4.793272340425532,4.91528290909091,NA,NA,not_in_4x_or_8x_cluster
KE-Chk,ICOS,FLX,436.16543333333334,700,500,513.544,1,18,0.6230934761904762,0.8723308666666667,0.8493243681813698,0.6850727632825282,not_in_4x_or_8x_cluster
KE-Kpt,ICOS,FLX,3002.6111666666666,572,0,NA,0,0,5.249320221445221,Inf,NA,NA,not_in_4x_or_8x_cluster
KE-Mkt,ICOS,FLX,287.7273333333333,645,450,273.5394,5,55,0.44608888888888887,0.639394074074074,1.0518679697818059,1.231939163498099,not_in_4x_or_8x_cluster
KH-Kmp,ICOS,JPF,6637.125233333333,1714,1500,NA,0,0,3.872301769739401,4.4247501555555555,NA,NA,4x_cluster
KR-AdC,ICOS,KOF,1130.5096,1166,1191.4,977.5150000000001,2,41,0.9695622641509436,0.9488917240221588,1.1565138130872672,1.1972624798711755,not_in_4x_or_8x_cluster
KR-CRK,ICOS,KOF,1473.6751666666669,1248,1180.9,1320.3926,5,71,1.1808294604700855,1.2479254523386116,1.1160886289931244,1.2587614018242916,not_in_4x_or_8x_cluster
KR-CmF,ICOS,KOF,887.1627,1281,1315.9,839.43075,4,85,0.6925548009367681,0.6741870202902955,1.0568622843516275,1.010351966873706,not_in_4x_or_8x_cluster
KR-GmP,ICOS,KOF,1183.7456,1230,1089.9,NA,0,7,0.9623947967479676,1.0861047802550692,NA,1.0484156880124085,not_in_4x_or_8x_cluster
KR-GmR,ICOS,KOF,855.4794666666667,1230,1089.9,976.9989999999999,1,30,0.6955117615176152,0.7849155580022631,0.8756195929235002,0.9324417138860619,not_in_4x_or_8x_cluster
KR-GmS,ICOS,KOF,1091.9351333333334,1217,1089.9,998.7835,2,35,0.8972351136674884,1.0018672661100407,1.0932650903157024,1.243661971830986,not_in_4x_or_8x_cluster
KR-HPK,ICOS,KOF,917.2693,1301,1282,647.6949999999999,1,26,0.7050494235203689,0.7154986739469579,1.41620562147307,1.008114927632533,not_in_4x_or_8x_cluster
KR-HcM,ICOS,KOF,1108.4790333333333,1297,1388.9,873.89075,4,48,0.8546484451297867,0.7980985192118463,1.2684412019847255,1.1520709975150871,not_in_4x_or_8x_cluster
KR-Hnm,ICOS,KOF,4536.481366666667,1307,1282,NA,0,0,3.4709115276715123,3.5385970098803954,NA,NA,4x_cluster
KR-JjM,ICOS,KOF,3410.1683666666668,1956,1989.6,3731.517,1,33,1.7434398602590322,1.7139969675646698,0.9138825755494795,1.2693810405099732,not_in_4x_or_8x_cluster
KR-Kw1,ICOS,KOF,1376.1622666666667,1301,1332,NA,0,41,1.0577726876761466,1.0331548548548548,NA,1.1156482861400894,not_in_4x_or_8x_cluster
KR-Kw2,ICOS,KOF,1286.2524,1301,1332,1473.1255,2,46,0.9886644119907764,0.9656549549549548,0.8731451597301112,1.1192509105009862,not_in_4x_or_8x_cluster
KR-Nj1,ICOS,KOF,4503.488766666666,1306,1310.4,NA,0,0,3.4483068657478304,3.4367283017908012,NA,NA,4x_cluster
KR-Nj2,ICOS,KOF,4503.488766666666,1306,1310.4,NA,0,0,3.4483068657478304,3.4367283017908012,NA,NA,4x_cluster
KR-PcD,ICOS,KOF,808.1657,1375,1182.9,631.0325,2,39,0.5877568727272727,0.6832071180995857,1.2807037672386128,1.2098581030619866,not_in_4x_or_8x_cluster
KR-ScC,ICOS,KOF,1278.1100666666666,1226,1258.2,1279.65,3,39,1.0425041326808049,1.0158242462777511,0.9987965980281065,1.1022368421052633,not_in_4x_or_8x_cluster
KR-SmM,ICOS,KOF,960.8168,1262,1295.8,547.6733333333333,3,74,0.7613445324881141,0.7414854144158048,1.7543611155068106,1.344078784644024,not_in_4x_or_8x_cluster
KR-TwB,ICOS,KOF,4529.786033333333,1318,1313,NA,0,0,3.4368634547293877,3.449951282051282,NA,NA,4x_cluster
KR-TwC,ICOS,KOF,4529.786033333333,1318,1313,NA,0,0,3.4368634547293877,3.449951282051282,NA,NA,4x_cluster
KR-UAO,ICOS,KOF,941.6040333333332,1137,1011.2,907.9135,2,29,0.8281477865728525,0.9311748747362868,1.037107646635206,1.0965417867435159,not_in_4x_or_8x_cluster
KR-WdE,ICOS,KOF,1398.0235666666665,1490,1531.5,1773.0860000000002,1,40,0.9382708501118568,0.91284594624006965,0.7884691248290643,1.0042344886205126,not_in_4x_or_8x_cluster
ML-Kem,ICOS,FLX,869.8877666666667,306,302,NA,0,0,2.8427704793028323,2.880423068432671,NA,NA,not_in_4x_or_8x_cluster
MN-Hst,ICOS,JPF,1005.7275,244,193.6,NA,0,0,4.121834016393443,5.1948734504132235,NA,NA,not_in_4x_or_8x_cluster
MN-Kbu,ICOS,JPF,1089.3188666666667,250,196,NA,0,0,4.357275466666667,5.5577493197278915,NA,NA,not_in_4x_or_8x_cluster
MN-Nkh,ICOS,JPF,1332.8405,268,165.7,NA,0,0,4.973285447761194,8.04369643934822,NA,NA,not_in_4x_or_8x_cluster
MN-Udg,ICOS,JPF,1504.4765,298,230,NA,0,0,5.048578859060402,6.541202173913043,NA,NA,not_in_4x_or_8x_cluster
MX-Aog,AmeriFlux,AMF,788.7901,689,732,721.52,3,27,1.144833236574746,1.0775821038251368,1.0932338673910633,1.6323835997220293,not_in_4x_or_8x_cluster
MX-PMm,AmeriFlux,AMF,4232.0490666666665,1269,1222,NA,0,0,3.334948043078539,3.4632152755046373,NA,NA,not_in_4x_or_8x_cluster
MX-Tes,AmeriFlux,AMF,599.7412333333333,676,647,651.104,2,35,0.8871911735700196,0.9269570839773312,0.9211143432283219,1.240344827586207,not_in_4x_or_8x_cluster
MY-LHP,ICOS,JPF,2605.437266666667,3088,2751,2797.6733333333336,9,121,0.8437296848013818,0.9470873379377196,0.9312871648107593,1.0649260628465804,not_in_4x_or_8x_cluster
NL-Hrw,ICOS,EUF,858.1188,800,848,856.2308888888889,9,115,1.0726485,1.0119325471698113,1.0022049089043739,1.0450571620712845,not_in_4x_or_8x_cluster
NL-Loo,ICOS,ICOS,1033.0346333333334,826,900,1201.955,1,19,1.2506472558514932,1.1478162592592591,0.8594619876229422,1.1165534501251342,not_in_4x_or_8x_cluster
NL-Vkp,ICOS,EUF,819.0740333333333,798,848,872.1175454545455,11,132,1.0264085630743525,0.9658891902515724,0.9391784829950118,1.0284447433880541,not_in_4x_or_8x_cluster
NO-And,ICOS,EUF,9318.330766666666,1202,1060,8964.265500000001,2,28,7.752355047143649,8.790878081761006,1.039497409650201,0.9809234690269211,8x_cluster
NO-Fns,ICOS,EUF,3066.5747666666666,1264,NA,3818.3250000000003,1,62,2.42608763185654,NA,0.8031204171113424,1.0262567115239651,not_in_4x_or_8x_cluster
NO-Hur,ICOS,ICOS,852.9431333333333,765,845,968.8619999999999,1,14,1.1149583442265796,1.009400157790927,0.8803556474847124,1.029017426040984,not_in_4x_or_8x_cluster
NO-Ikr,ICOS,EUF,2169.2926333333335,429,417,NA,0,0,5.056626184926185,5.202140607513989,NA,NA,not_in_4x_or_8x_cluster
NZ-ADd,TERN,TERN,674.0571666666667,660,NA,773.97525,4,56,1.0212987373737374,NA,0.8709027409683536,1.0236032563573496,not_in_4x_or_8x_cluster
NZ-ADw,TERN,TERN,948.7962333333334,660,NA,1046.6076666666668,6,85,1.4375700505050506,NA,0.9065443179440369,1.1001177856301532,not_in_4x_or_8x_cluster
NZ-BFm,TERN,TERN,862.2820333333333,788,NA,934.3264999999999,2,34,1.0942665397631133,NA,0.9228915516506632,1.0511348273593324,not_in_4x_or_8x_cluster
NZ-BFu,TERN,TERN,883.3865,788,NA,1102.0909999999997,1,23,1.1210488578680202,NA,0.8015549532661098,1.0125954198473281,not_in_4x_or_8x_cluster
NZ-Cla,TERN,TERN,1293.1539,790,NA,1163.844,2,29,1.636903670886076,NA,1.111105869858847,0.9670940170940171,not_in_4x_or_8x_cluster
NZ-Kop,TERN,TERN,1203.6286666666667,1337,NA,1115.968,4,48,0.900245823984044,NA,1.0785512368335533,0.9921863801943989,not_in_4x_or_8x_cluster
NZ-Lau,TERN,TERN,1027.5003,591,NA,1003.8700000000001,2,69,1.7385791878172587,NA,1.0235392032832935,1.0824800910125143,not_in_4x_or_8x_cluster
NZ-Oxf,TERN,TERN,969.3006333333334,903,NA,982.5083999999999,5,60,1.0734226282761168,NA,0.9865570954236457,1.0398677370958822,not_in_4x_or_8x_cluster
NZ-ScF,TERN,TERN,1244.2229,1269,NA,1319.6074999999998,4,48,0.980475098502758,NA,0.942873468057737,1.0859163629394435,not_in_4x_or_8x_cluster
PA-SPn,ICOS,EUF,2166.4429666666665,2671,2350,2073.617,1,27,0.81109807812305,0.9218906241134752,1.0447652419259035,1.0206445115810676,not_in_4x_or_8x_cluster
PA-SPs,ICOS,EUF,2220.400633333333,2671,2350,2153.3495000000003,2,33,0.8312993760139772,0.9448513333333332,1.0311380634371397,1.04607250755287,not_in_4x_or_8x_cluster
PE-QFR,AmeriFlux,AMF,10291.840033333334,2705,NA,NA,0,0,3.804746777572397,NA,NA,NA,4x_cluster
PR-xGU,AmeriFlux,AMF,673.1688333333334,1027,1168,722.212,6,71,0.6554711132749108,0.5763431792237443,0.932093115779485,1.177461139896373,not_in_4x_or_8x_cluster
PR-xLA,AmeriFlux,AMF,964.7648333333332,1047,1168,1076.0808333333334,6,71,0.9214563833174148,0.8259972888127853,0.8965542396520705,1.112518265952265,not_in_4x_or_8x_cluster
RU-Ch2,ICOS,EUF,170.49943333333334,171,200,162.15125000000003,4,70,0.9970727095516568,0.8524971666666668,1.0514839283282325,1.8607484321990335,not_in_4x_or_8x_cluster
RU-Che,ICOS,EUF,109.45376666666668,171,197,126.3014,5,72,0.6400805068226121,0.5556028764805414,0.86660770717242,1.5136031027301733,not_in_4x_or_8x_cluster
RU-Ege,ICOS,JPF,1349.8303666666666,324,312,NA,0,0,4.166143106995884,4.32637938034188,NA,NA,4x_cluster
RU-Fy2,ICOS,EUF,585.4687,695,711,524.7633333333333,3,90,0.8424010071942446,0.8234440225035162,1.11568141829015,0.9990902260679397,not_in_4x_or_8x_cluster
RU-Fy3,ICOS,EUF,712.9970666666667,687,955,NA,0,11,1.037841436196021,0.7465937870855148,NA,1.0509022353891733,not_in_4x_or_8x_cluster
RU-Fy4,ICOS,EUF,452.93016666666665,690,778,NA,0,41,0.6564205314009661,0.5821724507283633,NA,0.9958634953464323,not_in_4x_or_8x_cluster
RU-Fyo,ICOS,EUF,557.2262666666667,689,711,550.0546,5,205,0.8087463957426222,0.7837218940459447,1.013038099611687,1.005842259006816,not_in_4x_or_8x_cluster
RU-Ha1,ICOS,EUF,377.7314666666667,459,NA,NA,0,17,0.8229443718228032,NA,NA,1.0611353711790392,not_in_4x_or_8x_cluster
RU-NeB,ICOS,JPF,1069.2168666666666,253,235,NA,0,0,4.226153623188406,4.5498590070921985,NA,NA,4x_cluster
RU-NeC,ICOS,JPF,1069.2168666666666,256,235,NA,0,0,4.176628385416667,4.5498590070921985,NA,NA,4x_cluster
RU-NeF,ICOS,JPF,1069.2168666666666,253,235,NA,0,0,4.226153623188406,4.5498590070921985,NA,NA,4x_cluster
RU-Sk2,ICOS,JPF,1018.6925,246,NA,NA,0,0,4.141026422764227,NA,NA,NA,4x_cluster
RU-SkP,ICOS,JPF,1069.2126666666666,252,NA,NA,0,0,4.242907407407407,NA,NA,NA,4x_cluster
RU-Tur,ICOS,JPF,1764.6893,380,317,NA,0,0,4.643919210526316,5.566843217665615,NA,NA,not_in_4x_or_8x_cluster
SD-Dem,ICOS,EUF,320.2158,291,320,265.2355,2,15,1.1003979381443298,1.000674375,1.2072886170968817,0.8162285136501517,not_in_4x_or_8x_cluster
SE-Deg,ICOS,ICOS,551.8517,608,523,486.5605,2,43,0.9076508223684212,1.0551657743785852,1.1341892734819208,1.2054380664652569,not_in_4x_or_8x_cluster
SE-HfM,ICOS,EUF,453.6553,635,645,416.463,3,38,0.7144177952755906,0.7033415503875969,1.0893051723682536,0.9869458885066623,not_in_4x_or_8x_cluster
SE-Hmr,ICOS,EUF,543.2816666666666,635,645,547.33,3,38,0.8555616797900262,0.8422971576227389,0.9926034872319562,0.8859581148210347,not_in_4x_or_8x_cluster
SE-Htm,ICOS,ICOS,866.0847,864,707,871.507,5,76,1.0024128472222222,1.225013719943423,0.9937782484822268,1.0135584082099647,not_in_4x_or_8x_cluster
SE-Nor,ICOS,ICOS,544.4536666666667,599,586,743.62,1,54,0.908937673900946,0.9291018202502844,0.7321665187416512,1.006941424434407,not_in_4x_or_8x_cluster
SE-Ros,ICOS,EUF,619.4648333333333,644,NA,643.3728333333332,6,78,0.9619019151138716,NA,0.9628395873103129,1.0599630913667841,not_in_4x_or_8x_cluster
SE-Srj,ICOS,EUF,512.0480333333334,608,645,503.5096666666667,3,42,0.8421842653508772,0.7938729198966409,1.0169577015734224,0.9521867021867022,not_in_4x_or_8x_cluster
SE-St1,ICOS,EUF,205.1934,379,303.3,290.33199999999994,1,52,0.5414073878627969,0.676536102868447,0.7067543364148632,1.2140715109573241,not_in_4x_or_8x_cluster
SE-Sto,ICOS,ICOS,390.507,379,332,273.157,1,29,1.0303614775725594,1.1762259036144578,1.42960641682256,1.2237851662404091,not_in_4x_or_8x_cluster
SE-Svb,ICOS,ICOS,571.2178333333334,622,614,581.7266666666667,3,102,0.9183566452304396,0.93032220412595,0.9819351012503008,1.0000221627984711,not_in_4x_or_8x_cluster
SE-Trb,ICOS,EUF,2565.8849,630,635,NA,0,0,4.072833174603175,4.040763622047244,NA,NA,4x_cluster
SJ-Adv,ICOS,EUF,150.65223333333333,308,NA,NA,0,3,0.4891306277056277,NA,NA,1.056092843326886,not_in_4x_or_8x_cluster
SN-Dhr,ICOS,EUF,379.9324,387,416,377.04644444444443,9,86,0.9817374677002584,0.9132990384615384,1.0076541115771767,0.6723423588978643,not_in_4x_or_8x_cluster
SN-Nkr,ICOS,EUF,570.6594,529,584.7,606.3991666666667,6,49,1.0787512287334593,0.9759866598255516,0.941062309067597,0.843607305936073,not_in_4x_or_8x_cluster
TH-Kog,ICOS,JPF,1857.194433333333,1104,1756,1857.116857142857,7,82,1.6822413345410627,1.057627809415338,1.000041772379685,0.9647866499672275,not_in_4x_or_8x_cluster
TH-Mae,ICOS,JPF,1320.5501,1122,1448,1332.7007,10,106,1.1769608734402852,0.9119821132596684,0.9908827240805079,1.0889739064367245,not_in_4x_or_8x_cluster
UK-AMo,ICOS,ICOS,1007.6969,843,960,1013.642076923077,13,243,1.195369988137604,1.0496842708333334,0.9941348360940939,1.014890646812471,not_in_4x_or_8x_cluster
UK-Ags,ICOS,EUF,1259.5997666666667,984,1301,1486.765,1,18,1.280081063685637,0.968178145016654,0.8472083797147946,0.9968385682381625,not_in_4x_or_8x_cluster
UK-BnB,ICOS,EUF,1000.1563666666668,1138,1263.7,1038.9823333333334,3,43,0.8788720269478618,0.7914507926459339,0.9626307729967819,1.034847816497574,not_in_4x_or_8x_cluster
UK-CCr,ICOS,EUF,1243.8746,1482,1552,1492.7779999999998,1,33,0.8393215924426451,0.8014655927835053,0.833261610232734,1.0716867469879519,not_in_4x_or_8x_cluster
UK-Cvn,ICOS,EUF,611.6592,551,833.4,708.177,1,16,1.1100892921960073,0.733932325413967,0.8637094963547249,1.0325700536804954,not_in_4x_or_8x_cluster
UK-GaB,ICOS,EUF,979.9505333333332,1170,1502,1147.608,1,31,0.8375645584045583,0.6524304482911673,0.8539070251630637,1.0339805825242718,not_in_4x_or_8x_cluster
UK-Gnn,ICOS,EUF,1232.0132333333331,1449,1389,1442.886,1,32,0.8502506786289395,0.8869785697144229,0.8538534806861617,0.9960627771799582,not_in_4x_or_8x_cluster
UK-Gwr,ICOS,EUF,1531.2825666666663,1278,1274.5,1846.753,1,33,1.1981866718831506,1.201477102131555,0.8291756215729263,1.049203049203049,not_in_4x_or_8x_cluster
UK-HgF,ICOS,EUF,608.0013666666666,616,860.12,NA,0,14,0.9870152056277056,0.7068796989567346,NA,1.0457056296059808,not_in_4x_or_8x_cluster
UK-HpF,ICOS,EUF,624.1721333333332,581,832.4,NA,0,22,1.0743065978198507,0.749846387954509,NA,1.0233551573709683,not_in_4x_or_8x_cluster
US-A03,AmeriFlux,AMF,904.299,146,115.1,NA,0,0,6.1938287671232874,7.856637706342311,NA,NA,8x_cluster
US-A10,AmeriFlux,AMF,914.8648666666668,107,115.1,NA,0,0,8.550138940809969,7.948434984071822,NA,NA,8x_cluster
US-A32,AmeriFlux,AMF,796.7446,816,889,NA,0,17,0.9764026960784312,0.8962256467941507,NA,1.0751083293211363,not_in_4x_or_8x_cluster
US-A37,AmeriFlux,AMF,28.1835,822,NA,22.439999999999998,1,12,0.03428649635036496,NA,1.2559491978609627,1.010971786833856,not_in_4x_or_8x_cluster
US-A39,AmeriFlux,AMF,28.21343333333333,999,965,28.467000000000006,1,12,0.02824167500834167,0.02923671848013816,0.9910926101567894,1.0925155925155927,not_in_4x_or_8x_cluster
US-A74,AmeriFlux,AMF,334.8814,823,889,NA,0,14,0.4069032806804374,0.3766944881889764,NA,1.3686120022326413,not_in_4x_or_8x_cluster
US-ABa,AmeriFlux,AMF,1163.3433,1206,1371,1033.347,2,30,0.9646296019900498,0.8485363238512035,1.125801207145325,1.0497202993315486,not_in_4x_or_8x_cluster
US-ABb,AmeriFlux,AMF,1387.2422333333334,1206,1371,1272.045,2,30,1.1502837755666115,1.011846997325553,1.0905606588865435,1.0245521605474934,not_in_4x_or_8x_cluster
US-ABc,AmeriFlux,AMF,1262.7893333333334,1206,1371,1201.031,1,27,1.0470889994472083,0.9210717238025772,1.0514210984839971,1.0057042562527423,not_in_4x_or_8x_cluster
US-ABd,AmeriFlux,AMF,1254.9155,1213,1371,1196.4795,2,30,1.0345552349546578,0.9153285922684172,1.048839950872539,1.009611998131108,not_in_4x_or_8x_cluster
US-ABe,AmeriFlux,AMF,4224.1391,1219,1371,NA,0,0,3.4652494667760463,3.081064259664479,NA,NA,not_in_4x_or_8x_cluster
US-ADR,AmeriFlux,AMF,137.15643333333333,108,110,76.3315,2,44,1.269966975308642,1.2468766666666666,1.796852326147571,1.2200802040513574,not_in_4x_or_8x_cluster
US-ALQ,AmeriFlux,AMF,762.6937333333333,808,NA,NA,0,21,0.9439278877887788,NA,NA,0.9099307159353348,not_in_4x_or_8x_cluster
US-AR1,AmeriFlux,AMF,671.5477666666667,584,NA,516.4213333333333,3,42,1.1499105593607306,NA,1.3003873452168255,1.1639476513887244,not_in_4x_or_8x_cluster
US-AR2,AmeriFlux,AMF,553.886,600,NA,395.951,1,35,0.9231433333333332,NA,1.3988751133347306,1.081418253447144,not_in_4x_or_8x_cluster
US-ARM,AmeriFlux,AMF,633.0905666666666,859,843,514.6358888888889,9,229,0.7370088086922778,0.7509971134835903,1.2301718172697287,1.0704751735184197,not_in_4x_or_8x_cluster
US-ARb,AmeriFlux,AMF,1120.4619666666667,793,NA,NA,0,19,1.4129406893652796,NA,NA,1.2316141356255972,not_in_4x_or_8x_cluster
US-ARc,AmeriFlux,AMF,1192.0474333333334,793,NA,NA,0,19,1.503212400168138,NA,NA,1.167577058134998,not_in_4x_or_8x_cluster
US-ASH,AmeriFlux,AMF,1028.2872666666667,175,210,NA,0,0,5.8759272380952385,4.896606031746032,NA,NA,not_in_4x_or_8x_cluster
US-ASM,AmeriFlux,AMF,1028.2872666666667,175,210,NA,0,0,5.8759272380952385,4.896606031746032,NA,NA,not_in_4x_or_8x_cluster
US-Akn,AmeriFlux,AMF,45.66973333333333,1195,NA,48.9645,6,74,0.03821735006973501,NA,0.9327111138341724,1.0037037037037035,not_in_4x_or_8x_cluster
US-Aud,AmeriFlux,AMF,411.84526666666665,462,438.35,386.82604545454546,22,241,0.8914399711399711,0.93953522679746,1.0646782229534777,1.126839826839827,not_in_4x_or_8x_cluster
US-BRG,AmeriFlux,AMF,4220.8321,1103,1200,NA,0,0,3.826683680870353,3.517360083333333,NA,NA,4x_cluster
US-BZB,AmeriFlux,AMF,232.5947,294,274,236.86171428571427,7,128,0.7911384353741497,0.8488857664233578,0.9819852089706351,0.9520564182842298,not_in_4x_or_8x_cluster
US-BZF,AmeriFlux,AMF,220.65093333333337,294,274,223.35983333333334,6,121,0.7505133786848073,0.8052953771289538,0.9878720360793012,0.9726027397260274,not_in_4x_or_8x_cluster
US-BZo,AmeriFlux,AMF,158.46103333333335,294,274,NA,0,52,0.5389831065759637,0.5783249391727494,NA,8.008664180741391,not_in_4x_or_8x_cluster
US-Bar,AmeriFlux,AMF,1160.2874,1233,1245.77,1209.8430555555556,18,235,0.9410278994322788,0.9313817157260168,0.9590395999481107,0.976476414510338,not_in_4x_or_8x_cluster
US-Bi1,AmeriFlux,AMF,362.50073333333336,386,338,351.5668333333333,6,75,0.9391210708117445,1.0724873767258385,1.0311004877688028,0.9110356536502546,not_in_4x_or_8x_cluster
US-Bi2,AmeriFlux,AMF,323.395,379,338,322.75120000000004,5,59,0.8532849604221635,0.9567899408284024,1.0019947253488133,0.9052488070892979,not_in_4x_or_8x_cluster
US-CAK,AmeriFlux,AMF,340.08683333333335,413,NA,NA,0,7,0.823454802259887,NA,NA,1.991701244813278,not_in_4x_or_8x_cluster
US-CF1,AmeriFlux,AMF,8.998866666666666,611,550,NA,0,28,0.01472809601745771,0.01636157575757575,NA,1.1535714285714285,not_in_4x_or_8x_cluster
US-CF2,AmeriFlux,AMF,14.574033333333333,583,550,NA,0,27,0.02499834190966266,0.02649824242424242,NA,1.0135135135135136,not_in_4x_or_8x_cluster
US-CF3,AmeriFlux,AMF,15.796166666666666,559,550,NA,0,29,0.02825790101371496,0.02872030303030303,NA,1.4833333333333334,not_in_4x_or_8x_cluster
US-CF4,AmeriFlux,AMF,23.586,559,550,NA,0,30,0.04219320214669052,0.04288363636363637,NA,0.9132625994694961,not_in_4x_or_8x_cluster
US-CGG,AmeriFlux,AMF,525.0985333333333,507,419,482.71999999999997,5,42,1.0356973044049966,1.2532184566428002,1.0877911280521488,1.1055287385214803,not_in_4x_or_8x_cluster
US-CLF,AmeriFlux,AMF,603.9065333333333,980,1050,823.2080000000001,2,36,0.616231156462585,0.5751490793650793,0.7336013903331032,0.9090037735849057,not_in_4x_or_8x_cluster
US-CMW,AmeriFlux,AMF,278.78473333333335,352,288,257.9454736842105,19,221,0.7920020833333333,0.9680025462962965,1.0807893984394363,1.2534246575342467,not_in_4x_or_8x_cluster
US-CRK,AmeriFlux,AMF,1013.1134333333332,1080,1148,NA,0,31,0.9380679938271604,0.8825029907084785,NA,0.9481178076848059,not_in_4x_or_8x_cluster
US-CRT,AmeriFlux,AMF,768.9276,854,849,810.9999999999999,3,36,0.900383606557377,0.905686219081272,0.9481228113440199,1.0250436510940713,not_in_4x_or_8x_cluster
US-CS1,AmeriFlux,AMF,721.6422,808,830,NA,0,8,0.8931215346534653,0.8694484337349397,NA,0.9802395689251109,not_in_4x_or_8x_cluster
US-CS2,AmeriFlux,AMF,3231.0546666666664,809,830,NA,0,0,3.99388710341986,3.892836947791164,NA,NA,4x_cluster
US-CS3,AmeriFlux,AMF,994.6649666666668,814,830,NA,0,11,1.2219471334971337,1.1983915261044178,NA,1.300438090846207,not_in_4x_or_8x_cluster
US-CS4,AmeriFlux,AMF,909.2061,814,830,NA,0,10,1.1169608108108109,1.0954290361445782,NA,1.243995030756647,not_in_4x_or_8x_cluster
US-CS5,AmeriFlux,AMF,1516.8692999999998,808,830,NA,0,8,1.8773134900990096,1.8275533734939755,NA,1.7710899136005942,not_in_4x_or_8x_cluster
US-CS6,AmeriFlux,AMF,829.1552333333333,818,830,NA,0,9,1.0136372045639772,0.9989822088353412,NA,0.8977882037533511,not_in_4x_or_8x_cluster
US-CS8,AmeriFlux,AMF,1571.122,822,830,NA,0,4,1.9113406326034064,1.8929180722891568,NA,1.102132266574052,not_in_4x_or_8x_cluster
US-CdM,AmeriFlux,AMF,175.45656666666667,297,348,252.848,1,48,0.5907628507295174,0.5041855363984674,0.6939211172984032,1.0091620856238548,not_in_4x_or_8x_cluster
US-Ced,AmeriFlux,AMF,1220.0666,1147,1138,1183.9816250000001,8,113,1.06370235396687,1.0721147627416518,1.0304776478266713,1.0064102564102564,not_in_4x_or_8x_cluster
US-ChR,AmeriFlux,AMF,1399.8499,1241,1358.85,1418.1212222222223,9,162,1.1280015310233682,1.030172498804136,0.9871158248421169,0.9976507782002594,not_in_4x_or_8x_cluster
US-Cms,AmeriFlux,AMF,77.05356666666667,107,274,45.324,2,33,0.7201267912772585,0.28121739659367395,1.700061041979231,1.4080996884735202,not_in_4x_or_8x_cluster
US-Cop,AmeriFlux,AMF,197.0277,330,NA,174.06833333333333,3,49,0.5970536363636364,NA,1.1318985838894688,1.0786825251601098,not_in_4x_or_8x_cluster
US-Cst,AmeriFlux,AMF,1141.0507666666667,1409,1410,1070.3890000000001,1,30,0.8098302105512184,0.8092558628841608,1.0660150344096087,0.9853857407492808,not_in_4x_or_8x_cluster
US-Cwt,AmeriFlux,AMF,5593.431333333333,1808,1800,NA,0,0,3.093712020648967,3.1074618518518515,NA,NA,not_in_4x_or_8x_cluster
US-DFC,AmeriFlux,AMF,745.6671,799,787,NA,0,49,0.9332504380475596,0.9474804320203304,NA,1.1814420803782506,not_in_4x_or_8x_cluster
US-DFK,AmeriFlux,AMF,3277.5183666666667,799,787,NA,0,0,4.102025490196079,4.164572257518,NA,NA,4x_cluster
US-DPW,AmeriFlux,AMF,3911.317466666667,1223,1142,NA,0,0,3.1981336603979287,3.424971511967309,NA,NA,not_in_4x_or_8x_cluster
US-DS1,AmeriFlux,AMF,1578.2313333333334,392,432,NA,0,9,4.026100340136055,3.6533132716049384,NA,0.949549404570325,4x_cluster
US-DS2,AmeriFlux,AMF,1542.8013666666666,392,432,1810.226,2,33,3.935717772108843,3.571299459876543,0.8522700296353419,0.8758300132802125,4x_cluster
US-DS3,AmeriFlux,AMF,419.11136666666664,373,432,107.289,1,31,1.123622966934763,0.9701652006172838,3.906377789583896,1.5,not_in_4x_or_8x_cluster
US-Dix,AmeriFlux,AMF,1139.0100666666667,1153,1126.63,1139.296,4,48,0.987866493206129,1.0109885824686602,0.9997490262992819,1.090821444432248,not_in_4x_or_8x_cluster
US-Dk1,AmeriFlux,AMF,1138.042866666667,1165,1169.75,1054.074625,8,96,0.9768608297567954,0.972894094179668,1.0796606233326858,1.0350182083477093,not_in_4x_or_8x_cluster
US-Dk2,AmeriFlux,AMF,1137.5497666666668,1165,1168.69,1053.624625,8,96,0.9764375679542204,0.97335458219602,1.0796537397430956,1.0343838232963232,not_in_4x_or_8x_cluster
US-Dk3,AmeriFlux,AMF,1136.6637666666666,1165,1169.69,1052.81,8,96,0.975677052932761,0.9717649690658776,1.0796475780688506,1.0271939295403367,not_in_4x_or_8x_cluster
US-Dmg,AmeriFlux,AMF,357.4943666666667,334,365,500.805,1,30,1.0703424151696608,0.9794366210045662,0.7138394518159097,1.0804736724668582,not_in_4x_or_8x_cluster
US-EA4,AmeriFlux,AMF,731.8793,854,836,501.12600000000003,1,44,0.8570015222482434,0.8754537081339713,1.4604696224103317,1.12593941214864,not_in_4x_or_8x_cluster
US-EA5,AmeriFlux,AMF,659.1300666666666,619,632,512.092,1,20,1.064830479267636,1.0429273206751053,1.2871321299037413,0.988558634793033,not_in_4x_or_8x_cluster
US-EA6,AmeriFlux,AMF,971.9215,668,703,NA,0,5,1.4549723053892216,1.3825341394025603,NA,1.0213270142180095,not_in_4x_or_8x_cluster
US-EDN,AmeriFlux,AMF,415.8975,398,NA,344.391,1,52,1.0449685929648242,NA,1.2076317325365644,1.225423174955885,not_in_4x_or_8x_cluster
US-EKH,AmeriFlux,AMF,16.56,553,894,NA,0,18,0.02994575045207956,0.0185234899328859,NA,1.102422378160146,not_in_4x_or_8x_cluster
US-EKN,AmeriFlux,AMF,17.549833333333332,539,894,18.712999999999997,1,13,0.0325599876314162,0.01963068605518269,0.9378417855679653,1.2278481012658229,not_in_4x_or_8x_cluster
US-EKP,AmeriFlux,AMF,13.200566666666669,539,894,12.943000000000001,1,17,0.0244908472479901,0.01476573452647278,1.0199000746864457,1.5,not_in_4x_or_8x_cluster
US-EML,AmeriFlux,AMF,2134.550333333333,424,378,NA,0,0,5.0343168238993705,5.646958553791887,NA,NA,not_in_4x_or_8x_cluster
US-Elm,AmeriFlux,AMF,1087.0007,1343,NA,1169.8476923076923,13,189,0.8093825018615042,NA,0.9291813858740323,1.0219894450663682,not_in_4x_or_8x_cluster
US-Esm,AmeriFlux,AMF,1081.8721333333333,1405,NA,1170.751,9,160,0.7700157532621589,NA,0.9240838857565216,0.928606814247466,not_in_4x_or_8x_cluster
US-EvM,AmeriFlux,AMF,1184.8167,1377,1200,1374.1793333333333,3,44,0.8604333333333334,0.98734725,0.8621994751776698,1.0354302304842231,not_in_4x_or_8x_cluster
US-Fcr,AmeriFlux,AMF,259.7326,294,NA,NA,0,26,0.8834442176870748,NA,NA,0.9575718727347883,not_in_4x_or_8x_cluster
US-Fmf,AmeriFlux,AMF,543.0659666666667,561,546,368.40599999999995,1,52,0.9680320261437908,0.9946263125763126,1.474096422606219,1.2874068981695674,not_in_4x_or_8x_cluster
US-Fo1,AmeriFlux,AMF,57.956199999999995,166,NA,NA,0,13,0.349133734939759,NA,NA,0.5862068965517241,not_in_4x_or_8x_cluster
US-Fo2,AmeriFlux,AMF,63.41126666666667,167,NA,NA,0,12,0.37970818363273456,NA,NA,1.0138888888888888,not_in_4x_or_8x_cluster
US-Fuf,AmeriFlux,AMF,640.0857666666666,580,562,NA,0,49,1.1035961494252873,1.1389426453143534,NA,1.1374432879637042,not_in_4x_or_8x_cluster
US-Fwf,AmeriFlux,AMF,498.22723333333334,526,557,493.8676666666666,3,61,0.9472000633713562,0.8944833632555357,1.0088273984326437,1.085308056872038,not_in_4x_or_8x_cluster
US-GLE,AmeriFlux,AMF,1379.5923,510,1200,1411.4126666666666,3,126,2.7050829411764705,1.14966025,0.9774549517528301,1.123570517033849,not_in_4x_or_8x_cluster
US-HB1,AmeriFlux,AMF,647.0659333333333,1372,1429,700.5835714285714,7,84,0.4716224003887269,0.4528103102402613,0.9236099156791395,1.0883050432139014,not_in_4x_or_8x_cluster
US-HB2,AmeriFlux,AMF,1335.0056,1370,1429,1580.27425,4,73,0.9744566423357665,0.9342236529041288,0.844793617310413,1.01138353765324,not_in_4x_or_8x_cluster
US-HB3,AmeriFlux,AMF,1842.267,1370,1429,1950.9611666666665,6,72,1.3447204379562043,1.2892001399580126,0.944286863047932,1.3239745915528833,not_in_4x_or_8x_cluster
US-HB4,AmeriFlux,AMF,658044.5751,1350,1429,9581.273666666666,3,55,487.440426,460.4930546536039,68.68028176560104,445.70266753415746,not_in_4x_or_8x_cluster
US-HBK,AmeriFlux,AMF,4481.9504,1152,1400,NA,0,0,3.890581944444444,3.2013931428571425,NA,NA,4x_cluster
US-HRA,AmeriFlux,AMF,530.8393333333333,1289,1250,NA,0,35,0.4118226014998707,0.42467146666666666,NA,0.9964943032427696,not_in_4x_or_8x_cluster
US-HRC,AmeriFlux,AMF,504.8086333333333,1289,1250,NA,0,31,0.3916281096457202,0.4038469066666666,NA,0.9545454545454545,not_in_4x_or_8x_cluster
US-HVs,AmeriFlux,AMF,1515.1631666666667,196,217,NA,0,0,7.7304243197278915,6.982318740399386,NA,NA,8x_cluster
US-HWB,AmeriFlux,AMF,1033.7404666666666,1007,1006.35,917.9659999999999,2,35,1.0265545845746442,1.027217634686408,1.1261206478961823,1.1754563894523324,not_in_4x_or_8x_cluster
US-Ha1,AmeriFlux,AMF,1210.9178333333334,1103,1071,1275.4799,20,245,1.0978402840737385,1.1306422346716465,0.9493821371339003,1.0165242165242165,not_in_4x_or_8x_cluster
US-Hn2,AmeriFlux,AMF,42.84546666666667,167,197,NA,0,27,0.25655968063872253,0.21748967851099832,NA,1.5988372093023258,not_in_4x_or_8x_cluster
US-Hn3,AmeriFlux,AMF,13.158766666666668,167,197,NA,0,3,0.07879500998003992,0.06679576988155668,NA,1.4878048780487805,not_in_4x_or_8x_cluster
US-Ho2,AmeriFlux,AMF,796.8249,1062,1064,813.390375,8,269,0.7503059322033898,0.7488955827067669,0.9796340410347246,1.0030355594102343,not_in_4x_or_8x_cluster
US-Ho3,AmeriFlux,AMF,1118.2289666666666,1064,1072,1166.4397222222221,18,227,1.050967073934837,1.0431240360696517,0.9586684552685606,1.0158839779005524,not_in_4x_or_8x_cluster
US-Hsm,AmeriFlux,AMF,505.5593,546,450,603.9984999999999,2,34,0.925932783882784,1.1234651111111111,0.8370207873032799,1.0597356410796275,not_in_4x_or_8x_cluster
US-IAB,AmeriFlux,AMF,3589.859733333333,849,912,NA,0,0,4.228338908519827,3.936249707602339,NA,NA,4x_cluster
US-IAC,AmeriFlux,AMF,3589.859733333333,851,912,NA,0,0,4.218401566784175,3.936249707602339,NA,NA,4x_cluster
US-IAM,AmeriFlux,AMF,3589.859733333333,851,912,NA,0,0,4.218401566784175,3.936249707602339,NA,NA,4x_cluster
US-ICh,AmeriFlux,AMF,213.02486666666667,243,318,181.606625,8,88,0.8766455418381345,0.6698895178197065,1.1730016273727164,1.2178918453178185,not_in_4x_or_8x_cluster
US-ICs,AmeriFlux,AMF,220.42793333333333,243,318,220.390875,8,135,0.9071108367626886,0.6931696016771488,1.0001681482199902,1.2751054852320673,not_in_4x_or_8x_cluster
US-ICt,AmeriFlux,AMF,286.46073333333334,243,318,257.3874285714286,7,124,1.178850754458162,0.9008199161425576,1.112955418698068,1.3372703682346159,not_in_4x_or_8x_cluster
US-Jo1,AmeriFlux,AMF,243.9739,283,245.1,203.97674999999998,4,106,0.8620985865724381,0.99540554875561,1.1960868089132708,1,not_in_4x_or_8x_cluster
US-Jo2,AmeriFlux,AMF,332.1813,298,282.3,289.8679,10,114,1.1147023489932886,1.1766960680127525,1.1459747698865588,1.17702781693773,not_in_4x_or_8x_cluster
US-KFS,AmeriFlux,AMF,599.5625333333334,996,1014,618.0210000000001,5,97,0.6019704149933066,0.5912845496383958,0.9701329458599842,1.059871703492516,not_in_4x_or_8x_cluster
US-KLS,AmeriFlux,AMF,352.7522666666666,754,NA,388.716,2,43,0.4678412024756852,NA,0.9074806971327823,1.061283115225024,not_in_4x_or_8x_cluster
US-KPL,AmeriFlux,AMF,382.63723333333337,850,375.8,NA,0,13,0.4501614509803922,1.0181938087635267,NA,1.0277357539082197,not_in_4x_or_8x_cluster
US-KS1,AmeriFlux,AMF,1227.4967333333334,1229,1266,NA,0,9,0.9987768375372932,0.9695866771985256,NA,0.9416264090177133,not_in_4x_or_8x_cluster
US-KS2,AmeriFlux,AMF,1240.940833333333,1276,1294,1157.5510000000002,3,47,0.9725241640543364,0.9589960072127768,1.0720398784445204,1.1598124866822928,not_in_4x_or_8x_cluster
US-KS3,AmeriFlux,AMF,274.10203333333334,1290,1340,NA,0,8,0.2124821963824289,0.20455375621890548,NA,181.58749999999998,not_in_4x_or_8x_cluster
US-Kon,AmeriFlux,AMF,722.2409666666667,892,867,660.949375,8,145,0.809687182361734,0.8330345636293734,1.092732656970387,1.1633888048411496,not_in_4x_or_8x_cluster
US-LA2,AmeriFlux,AMF,891.8103666666666,1614,1655,NA,0,8,0.5525466955803386,0.538858227593152,NA,1.1986034605229652,not_in_4x_or_8x_cluster
US-LA3,AmeriFlux,AMF,546.9458333333333,1557,1623,NA,0,14,0.3512818454292443,0.3369968165947833,NA,0.8324761904761906,not_in_4x_or_8x_cluster
US-LS1,AmeriFlux,AMF,311.8808666666667,359,288,300.86233333333337,3,49,0.8687489322191273,1.082919675925926,1.0366231731677944,1.1544117647058822,not_in_4x_or_8x_cluster
US-LS2,AmeriFlux,AMF,316.23,359,NA,305.0643333333333,3,49,0.8808635097493037,NA,1.0366010229536284,1.2113821138211383,not_in_4x_or_8x_cluster
US-Lin,AmeriFlux,AMF,327.6041333333333,330,NA,NA,0,8,0.99273979797979806,NA,NA,1.012793009887376,not_in_4x_or_8x_cluster
US-Los,AmeriFlux,AMF,753.36,834,828,775.3827272727273,22,273,0.9033093525179856,0.9098550724637682,0.9715976039984946,1.1098392596200684,not_in_4x_or_8x_cluster
US-MBP,AmeriFlux,AMF,2870.626166666667,695,780,NA,0,0,4.130397362110312,3.6802899572649577,NA,NA,4x_cluster
US-MEF,AmeriFlux,AMF,419.4433,430,368.47,418.581,2,24,0.975449534883721,1.138337720845659,1.0020600552820123,1.0835840729290744,not_in_4x_or_8x_cluster
US-MMS,AmeriFlux,AMF,1103.896433333333,1092,1032,1124.5724736842105,19,287,1.0108941697191698,1.0696670865633076,0.9816143104737922,1.0483506552191595,not_in_4x_or_8x_cluster
US-MN1,AmeriFlux,AMF,456.3752333333333,598,684.5,456.3948571428571,7,89,0.7631692865105908,0.6667278792305819,0.999957002562109,1.425115207373272,not_in_4x_or_8x_cluster
US-MN2,AmeriFlux,AMF,473.4106,597,684.5,481.3356,5,87,0.7929825795644891,0.6916151935719503,0.9835353960937026,1.1912,not_in_4x_or_8x_cluster
US-MN3,AmeriFlux,AMF,501.7547666666667,598,684.5,469.06725,4,55,0.8390547937569677,0.7330237643048454,1.0696862052651654,1.5232974910394264,not_in_4x_or_8x_cluster
US-MOz,AmeriFlux,AMF,908.8695,1013,986,907.3929230769231,13,193,0.8972058242843041,0.9217743407707912,1.0016272740127505,1.074529835152078,not_in_4x_or_8x_cluster
US-MZA,AmeriFlux,AMF,504.2912,962,940,NA,0,3,0.5242112266112267,0.53648,NA,0.7421572840567254,not_in_4x_or_8x_cluster
US-Me1,AmeriFlux,AMF,166.06796666666668,608,704.61,NA,0,9,0.27313810307017544,0.23568778000123,NA,1.2925764192139737,not_in_4x_or_8x_cluster
US-Me3,AmeriFlux,AMF,383.19306666666665,537,719,435.5045,2,51,0.713581129733085,0.5329528048215113,0.8798831393628921,1.0902255639097742,not_in_4x_or_8x_cluster
US-Me5,AmeriFlux,AMF,479.1358,821,590.81,402.4526666666667,3,35,0.5836002436053593,0.8109811953081364,1.1905395085798909,0.9947447447447446,not_in_4x_or_8x_cluster
US-Me6,AmeriFlux,AMF,322.80733333333336,537,494,279.0949090909091,11,168,0.601130974549969,0.6534561403508773,1.1566220766434185,0.9836753731343283,not_in_4x_or_8x_cluster
US-Me7,AmeriFlux,AMF,2553.5444666666667,821,523,NA,0,0,3.110285586682907,4.88249420012747,NA,NA,4x_cluster
US-Mo1,AmeriFlux,AMF,921.9112666666666,1014,981,944.3364999999999,4,100,0.9091827087442472,0.939766836561332,0.976252921142693,1.1444142723662696,not_in_4x_or_8x_cluster
US-Mo2,AmeriFlux,AMF,743.9494666666667,1018,981,800.7105,2,25,0.7307951538965292,0.7583582738702005,0.9291116660349361,1,not_in_4x_or_8x_cluster
US-Mo3,AmeriFlux,AMF,937.9848666666668,1017,981,964.47275,4,84,0.922305670272042,0.9561517499150528,0.9725364108697387,1.0857268391811434,not_in_4x_or_8x_cluster
US-Mpj,AmeriFlux,AMF,416.3135,407,385,347.3538571428571,14,206,1.0228832923832922,1.081333766233766,1.1985285075696788,1.1270351843390012,not_in_4x_or_8x_cluster
US-MtB,AmeriFlux,AMF,624.9588,717,790,610.5481666666667,12,163,0.8716301255230126,0.7910870886075949,1.0236027788143387,1.0809911857641776,not_in_4x_or_8x_cluster
US-Myb,AmeriFlux,AMF,273.38203333333337,356,338,343.3796666666667,3,73,0.7679270599250937,0.8088225838264301,0.7961509077901138,0.9761904761904762,not_in_4x_or_8x_cluster
US-NC1,AmeriFlux,AMF,1132.5543,1248,1320,1080.3733333333332,6,93,0.9074954326923076,0.8579956818181819,1.048299013921114,1.025956738768719,not_in_4x_or_8x_cluster
US-NC2,AmeriFlux,AMF,1239.1141,1252,1320,1292.2582499999999,8,198,0.9897077476038338,0.9387228030303032,0.9588749771959283,0.9930996137046237,not_in_4x_or_8x_cluster
US-NC3,AmeriFlux,AMF,1449.9727333333333,1254,1320,1061.8255,2,89,1.156278096757044,1.098464191919192,1.3655471010381022,1.1226072207414588,not_in_4x_or_8x_cluster
US-NC4,AmeriFlux,AMF,889.0554333333333,1327,1311,938.466,2,119,0.6699739512685254,0.6781505975082635,0.9473496464798228,0.9938879456706282,not_in_4x_or_8x_cluster
US-NC5,AmeriFlux,AMF,636.7941,1142,1330,NA,0,6,0.557613047285464,0.4787925563909774,NA,1.355294282022106,not_in_4x_or_8x_cluster
US-NGB,AmeriFlux,AMF,914.8648666666668,109,171,NA,0,0,8.393255657492356,5.35008693957115,NA,NA,8x_cluster
US-NGC,AmeriFlux,AMF,2398.5839333333333,413,NA,NA,0,0,5.807709281678774,NA,NA,NA,not_in_4x_or_8x_cluster
US-NR1,AmeriFlux,AMF,709.2242,567,800,729.237,5,120,1.250836331569665,0.88653025,0.9725565214052496,0.9566981780134407,not_in_4x_or_8x_cluster
US-NR3,AmeriFlux,AMF,2853.9561,686,884,NA,0,0,4.160285860058309,3.2284571266968323,NA,NA,4x_cluster
US-NSa,AmeriFlux,AMF,1815.2084,299,NA,NA,0,0,6.070931103678929,NA,NA,NA,not_in_4x_or_8x_cluster
US-NSb,AmeriFlux,AMF,900.7200333333332,172,NA,NA,0,0,5.236744379844961,NA,NA,NA,not_in_4x_or_8x_cluster
US-Ne1,AmeriFlux,AMF,3120.004,799,790.37,NA,0,0,3.904886107634543,3.9475233118665938,NA,NA,4x_cluster
US-Ne2,AmeriFlux,AMF,3120.004,799,788.89,NA,0,0,3.904886107634543,3.954929077564679,NA,NA,4x_cluster
US-Ne3,AmeriFlux,AMF,3120.004,797,783.68,NA,0,0,3.914685069008782,3.981221927317272,NA,NA,4x_cluster
US-ONA,AmeriFlux,AMF,733.493,1285,1268,1144.3055,4,79,0.570811673151751,0.5784645110410095,0.6409940352467065,1.0147383935151069,not_in_4x_or_8x_cluster
US-OPE,AmeriFlux,AMF,891.1683333333333,1127,1192,1035.905,1,12,0.7907438627624963,0.7476244407158836,0.8602799806288544,1.0659105982888892,not_in_4x_or_8x_cluster
US-OWC,AmeriFlux,AMF,564.5961666666667,897,930,593.438,2,69,0.6294271646228169,0.6070926523297492,0.9513987420196662,1.0439921208141827,not_in_4x_or_8x_cluster
US-Oho,AmeriFlux,AMF,839.0880999999999,855,849,839.2495,4,96,0.9813895906432748,0.9883252061248528,0.9998076853188473,1.0550126459363638,not_in_4x_or_8x_cluster
US-PAS,AmeriFlux,AMF,4443.1348333333335,1285,1268,NA,0,0,3.457692477302205,3.504049553101998,NA,NA,4x_cluster
US-PFL,AmeriFlux,AMF,3162.7420666666667,825,823,NA,0,0,3.833626747474747,3.8429429728635074,NA,NA,4x_cluster
US-PFb,AmeriFlux,AMF,3162.7420666666667,829,823,NA,0,0,3.815129151588259,3.8429429728635074,NA,NA,4x_cluster
US-PFc,AmeriFlux,AMF,3162.7420666666667,829,823,NA,0,0,3.815129151588259,3.8429429728635074,NA,NA,4x_cluster
US-PFd,AmeriFlux,AMF,3162.7420666666667,829,823,NA,0,0,3.815129151588259,3.8429429728635074,NA,NA,4x_cluster
US-PFf,AmeriFlux,AMF,3162.7420666666667,825,823,NA,0,0,3.833626747474747,3.8429429728635074,NA,NA,4x_cluster
US-PFg,AmeriFlux,AMF,3162.7420666666667,828,823,NA,0,0,3.8197367954911434,3.8429429728635074,NA,NA,4x_cluster
US-PFh,AmeriFlux,AMF,3162.7420666666667,827,823,NA,0,0,3.824355582426441,3.8429429728635074,NA,NA,4x_cluster
US-PFi,AmeriFlux,AMF,3162.7420666666667,834,823,NA,0,0,3.792256674660272,3.8429429728635074,NA,NA,4x_cluster
US-PFj,AmeriFlux,AMF,3162.7420666666667,834,823,NA,0,0,3.792256674660272,3.8429429728635074,NA,NA,4x_cluster
US-PFk,AmeriFlux,AMF,3162.7420666666667,817,823,NA,0,0,3.871165320277438,3.8429429728635074,NA,NA,4x_cluster
US-PFm,AmeriFlux,AMF,3162.7420666666667,825,823,NA,0,0,3.833626747474747,3.8429429728635074,NA,NA,4x_cluster
US-PFn,AmeriFlux,AMF,3162.7420666666667,824,823,NA,0,0,3.838279207119741,3.8429429728635074,NA,NA,4x_cluster
US-PFp,AmeriFlux,AMF,3162.7420666666667,824,823,NA,0,0,3.838279207119741,3.8429429728635074,NA,NA,4x_cluster
US-PFq,AmeriFlux,AMF,3162.7420666666667,827,823,NA,0,0,3.824355582426441,3.8429429728635074,NA,NA,4x_cluster
US-PFr,AmeriFlux,AMF,3162.7420666666667,827,823,NA,0,0,3.824355582426441,3.8429429728635074,NA,NA,4x_cluster
US-PFt,AmeriFlux,AMF,3162.7420666666667,827,823,NA,0,0,3.824355582426441,3.8429429728635074,NA,NA,4x_cluster
US-PLo,AmeriFlux,AMF,4001.626133333333,1098,1262,NA,0,0,3.644468245294475,3.170860644479662,NA,NA,4x_cluster
US-PSH,AmeriFlux,AMF,900.7205,171,191,NA,0,0,5.26737134502924,4.715814136125655,NA,NA,not_in_4x_or_8x_cluster
US-PSL,AmeriFlux,AMF,1206.1900666666666,226,311,NA,0,0,5.33712418879056,3.878424651661307,NA,NA,not_in_4x_or_8x_cluster
US-Prr,AmeriFlux,AMF,375.2394,319,275,456.763,3,113,1.1762990595611285,1.364506909090909,0.8215188182930754,1.2043795620437956,not_in_4x_or_8x_cluster
US-RC1,AmeriFlux,AMF,510.87426666666664,611,550,521.27275,4,55,0.8361280960174576,0.928862303030303,0.9800517419463547,1.1127292340884574,not_in_4x_or_8x_cluster
US-RC2,AmeriFlux,AMF,441.5242666666667,611,550,384.4253333333333,3,50,0.7226256410256411,0.802771393939394,1.1485306205973247,0.9314784232503961,not_in_4x_or_8x_cluster
US-RC3,AmeriFlux,AMF,258.66540000000003,260,280,236.27724999999998,4,53,0.9948669230769231,0.923805,1.0947537268188117,1.084090909090909,not_in_4x_or_8x_cluster
US-RC4,AmeriFlux,AMF,634.6162666666667,678,680,607.875,3,49,0.9360121927236972,0.9332592156862743,1.0439913907738707,1.0435403283369022,not_in_4x_or_8x_cluster
US-RC5,AmeriFlux,AMF,136.2416,190,230,117.06300000000003,1,22,0.7170610526315789,0.5923547826086957,1.1638314411897865,0.9391121687525706,not_in_4x_or_8x_cluster
US-RGA,AmeriFlux,AMF,1105.6634666666666,1291,1250,NA,0,37,0.8564395558998192,0.8845307733333333,NA,1.0067512827437215,not_in_4x_or_8x_cluster
US-RGB,AmeriFlux,AMF,438.8813,573,737,269.707,1,27,0.7659359511343805,0.5954970149253731,1.6272521662396602,0.9448329448329449,not_in_4x_or_8x_cluster
US-RGF,AmeriFlux,AMF,276.97476666666665,287,31,358.43499999999995,1,15,0.9650688734030196,8.934669892473117,0.7727335965144774,1.0229885057471264,not_in_4x_or_8x_cluster
US-RGW,AmeriFlux,AMF,1283.4840666666666,1340,1283,NA,0,16,0.9578239303482587,1.0003772928033254,NA,0.9340892786445076,not_in_4x_or_8x_cluster
US-RGo,AmeriFlux,AMF,381.3772333333333,560,610,542.286,1,32,0.6810307738095238,0.6252085792349726,0.7032769301315789,0.7535733333821905,not_in_4x_or_8x_cluster
US-RRC,AmeriFlux,AMF,1228.6875666666667,1137,1117,NA,0,21,1.080639900322486,1.09998886899433,NA,1.1020408163265305,not_in_4x_or_8x_cluster
US-Rls,AmeriFlux,AMF,1305.950466666667,375,333,NA,0,0,3.482534577777778,3.921773173173173,NA,NA,4x_cluster
US-Rms,AmeriFlux,AMF,1484.0106,448,800,NA,0,0,3.312523660714286,1.85501325,NA,NA,not_in_4x_or_8x_cluster
US-Ro1,AmeriFlux,AMF,812.8240000000001,768,879,786.8088333333334,12,147,1.0583645833333335,0.9247144482366326,1.033064151753931,1.115754968244212,not_in_4x_or_8x_cluster
US-Ro2,AmeriFlux,AMF,823.6855333333333,768,879,828.226375,8,99,1.072507204861111,0.9370711414486158,0.994517390650996,1.1258546467460115,not_in_4x_or_8x_cluster
US-Ro3,AmeriFlux,AMF,805.9235333333334,768,879,719.9982500000001,4,48,1.0493796006944445,0.9168640879787636,1.1193409613611327,1.050078862866222,not_in_4x_or_8x_cluster
US-Ro4,AmeriFlux,AMF,779.9887,766,879,867.5987777777777,9,108,1.0182620104438642,0.8873591581342435,0.8990200539445461,1.137523601307888,not_in_4x_or_8x_cluster
US-Ro5,AmeriFlux,AMF,753.4834333333333,766,879,820.9502857142857,7,84,0.9836598346388165,0.8572052711414486,0.9178185895602055,1.1444081311946772,not_in_4x_or_8x_cluster
US-Ro6,AmeriFlux,AMF,753.4834333333333,766,879,820.9502857142857,7,84,0.9836598346388165,0.8572052711414486,0.9178185895602055,1.1444081311946772,not_in_4x_or_8x_cluster
US-Rpf,AmeriFlux,AMF,320.1290666666667,321,450,366.84277777777777,9,137,0.9972868120456906,0.711397925925926,0.8726601314217263,1.0958205912334353,not_in_4x_or_8x_cluster
US-Rwe,AmeriFlux,AMF,1484.0106,463,800,NA,0,0,3.2052064794816415,1.85501325,NA,NA,not_in_4x_or_8x_cluster
US-Rwf,AmeriFlux,AMF,1484.0106,449,505,NA,0,0,3.3051461024498887,2.9386348514851486,NA,NA,not_in_4x_or_8x_cluster
US-Rws,AmeriFlux,AMF,1305.950466666667,309,290,NA,0,0,4.226376914778856,4.503277471264368,NA,NA,4x_cluster
US-SD1,AmeriFlux,AMF,960.3414666666666,970,946.16,1046.644,1,23,0.9900427491408934,1.014988444519602,0.9175435646377055,0.9601924759405074,not_in_4x_or_8x_cluster
US-SD2,AmeriFlux,AMF,397.94016666666664,966,NA,450.06500000000005,1,23,0.4119463423050379,NA,0.8841837660486076,1.0359605911330052,not_in_4x_or_8x_cluster
US-SHC,AmeriFlux,AMF,844.1197,825,827,1011.9434999999999,2,33,1.023175393939394,1.020700967351874,0.8341569465093654,1.067983367983368,not_in_4x_or_8x_cluster
US-SP1,AmeriFlux,AMF,1706.5929666666666,1307,1309.77,1689.4543999999999,5,129,1.3057329507778628,1.3029714886328645,1.0101444387410912,1.630970489808336,not_in_4x_or_8x_cluster
US-SRC,AmeriFlux,AMF,327.47316666666666,395,330,295.0555,2,57,0.8290459915611814,0.9923429292929292,1.1098697250743221,1.1463321930824781,not_in_4x_or_8x_cluster
US-SRG,AmeriFlux,AMF,434.6741,566,420,415.8341,10,174,0.7679754416961131,1.0349383333333333,1.0453065296953763,1.0107975361620762,not_in_4x_or_8x_cluster
US-SRM,AmeriFlux,AMF,378.2395,474,380,342.9354285714286,21,227,0.7979736286919832,0.995367105263158,1.1029467021696713,1.105092966855295,not_in_4x_or_8x_cluster
US-SRS,AmeriFlux,AMF,409.9934,474,388,406.5692857142857,7,85,0.8649649789029537,1.0566840206185568,1.008421969897944,1.0466911764705882,not_in_4x_or_8x_cluster
US-SSH,AmeriFlux,AMF,934.9181666666668,989,1050,1106.3652,5,68,0.9453166498146276,0.890398253968254,0.8450357681773314,0.9957682640195373,not_in_4x_or_8x_cluster
US-Sag,AmeriFlux,AMF,22.827066666666667,179,121,NA,0,3,0.12752551210428306,0.1886534435261708,NA,1.043010752688172,not_in_4x_or_8x_cluster
US-Seg,AmeriFlux,AMF,252.56323333333333,255,273.304,224.15733333333333,9,182,0.9904440522875816,0.924111002156329,1.1267230457178887,1.2295780818224709,not_in_4x_or_8x_cluster
US-Ses,AmeriFlux,AMF,253.19693333333333,248,275.082,213.0217,10,188,1.020955376344086,0.9204416622437432,1.1885969050727383,1.2220976581963128,not_in_4x_or_8x_cluster
US-Slt,AmeriFlux,AMF,1059.4663,1162,1138,1065.3711,10,120,0.9117610154905336,0.930989718804921,0.9944575181361687,1.004491817310131,not_in_4x_or_8x_cluster
US-Sne,AmeriFlux,AMF,338.2771666666667,340,311,436.6,2,38,0.9949328431372548,1.087707931404073,0.7747988242479767,0.9289531876004667,not_in_4x_or_8x_cluster
US-Snf,AmeriFlux,AMF,343.7930666666667,336,NA,452.2899999999999,1,16,1.0231936507936508,NA,0.7601164444640977,1.0189123260864403,not_in_4x_or_8x_cluster
US-Srr,AmeriFlux,AMF,1963.2860333333333,530,326,NA,0,0,3.704313270440251,6.022349795501023,NA,NA,not_in_4x_or_8x_cluster
US-StJ,AmeriFlux,AMF,564.8426,1133,1121,620.5273333333333,3,69,0.49853715798764336,0.5038738626226583,0.9102622393211794,1.0155979202772965,not_in_4x_or_8x_cluster
US-Sta,AmeriFlux,AMF,1727.4923666666666,293,NA,NA,0,0,5.895878384527872,NA,NA,NA,not_in_4x_or_8x_cluster
US-Syv,AmeriFlux,AMF,3158.2599666666665,836,826,NA,0,0,3.777822926634769,3.823559281678773,NA,NA,4x_cluster
US-TKs,AmeriFlux,AMF,216.66003333333333,236,316,225.07199999999997,1,55,0.918050988700565,0.6856330168776371,0.9626254413402527,1.1727642276422763,not_in_4x_or_8x_cluster
US-TLR,AmeriFlux,AMF,1.0004666666666666,1276,469.4,NA,0,2,7.840647857889236e-4,0.00213137338446243,NA,0.8571428571428572,not_in_4x_or_8x_cluster
US-TaS,AmeriFlux,AMF,3536.1759333333334,1257,986.8,NA,0,0,2.813186900026518,3.58347784083232,NA,NA,not_in_4x_or_8x_cluster
US-Ton,AmeriFlux,AMF,607.5981333333333,623,559,621.9844,5,43,0.9752779026217228,1.0869376267143709,0.9768703738121619,1.1173708920187793,not_in_4x_or_8x_cluster
US-Tw1,AmeriFlux,AMF,1717.7816666666663,370,421,NA,0,0,4.6426531531531525,4.080241488519398,NA,NA,4x_cluster
US-Tw2,AmeriFlux,AMF,1717.7816666666663,370,421,NA,0,0,4.6426531531531525,4.080241488519398,NA,NA,4x_cluster
US-Tw3,AmeriFlux,AMF,265.85970000000003,370,421,NA,0,6,0.7185397297297298,0.6314957244655582,NA,1.5980943738656987,not_in_4x_or_8x_cluster
US-Tw4,AmeriFlux,AMF,366.24593333333337,370,421,390.902,7,95,0.989853873873874,0.8699428345209819,0.9369251969376811,0.9958630527817404,not_in_4x_or_8x_cluster
US-Tw5,AmeriFlux,AMF,1717.7816666666663,370,421,NA,0,0,4.6426531531531525,4.080241488519398,NA,NA,4x_cluster
US-Twt,AmeriFlux,AMF,373.8043666666667,370,421,349.16200000000003,7,77,1.0102820720720722,0.8878963578780681,1.070575740391757,0.9746059544658493,not_in_4x_or_8x_cluster
US-UC1,AmeriFlux,AMF,1084.6863666666668,1010,1006.35,1042.9994,5,67,1.073946897689769,1.0778420695251818,1.0399683515318099,1.0226060452120904,not_in_4x_or_8x_cluster
US-UC2,AmeriFlux,AMF,1036.5163666666667,1009,1006.35,1001.438,5,67,1.02727092831186,1.0299760189463574,1.0350279964078324,1.0468027210884354,not_in_4x_or_8x_cluster
US-UMd,AmeriFlux,AMF,3229.198833333334,793,803,NA,0,0,4.072129676334594,4.021418223329182,NA,NA,4x_cluster
US-UTB,AmeriFlux,AMF,42.33186666666666,165,138.59,NA,0,15,0.25655676767676766,0.3054467614305986,NA,1.2595870206489674,not_in_4x_or_8x_cluster
US-UTD,AmeriFlux,AMF,67.7812,271,215.65,NA,0,7,0.2501151291512915,0.3143111523301646,NA,1.2666666666666666,not_in_4x_or_8x_cluster
US-UTE,AmeriFlux,AMF,228.46273333333335,225,258.318,NA,0,11,1.015389925925926,0.884424365833327,NA,1.106646058732612,not_in_4x_or_8x_cluster
US-UTJ,AmeriFlux,AMF,824.7116,212,196.85,NA,0,0,3.8901490566037737,4.189543307086614,NA,NA,4x_cluster
US-UTL,AmeriFlux,AMF,98.10723333333334,211,177,NA,0,8,0.4649631911532386,0.5542781544256121,NA,0.8733675821010178,not_in_4x_or_8x_cluster
US-UTM,AmeriFlux,AMF,73.7891,236,240.03,NA,0,10,0.31266567796610173,0.30741615631379415,NA,0.9256073631873889,not_in_4x_or_8x_cluster
US-UTP,AmeriFlux,AMF,285.49806666666666,436,419,NA,0,1,0.6548120795107033,0.6813796340493238,NA,0.766355140186916,not_in_4x_or_8x_cluster
US-UTV,AmeriFlux,AMF,128.37,206,177,NA,0,20,0.6231553398058253,0.7252542372881357,NA,1.4248177982355197,not_in_4x_or_8x_cluster
US-UTW,AmeriFlux,AMF,822.7638333333333,228,225.22,NA,0,0,3.6086133040935673,3.6531561732232185,NA,NA,4x_cluster
US-Uaf,AmeriFlux,AMF,258.19873333333334,301,263,264.187947368421,19,207,0.8578031007751938,0.9817442332065908,0.9773297226662068,0.9677966101694915,not_in_4x_or_8x_cluster
US-UiA,AmeriFlux,AMF,3837.7169,1015,1051,NA,0,0,3.781001871921182,3.6514908658420553,NA,NA,4x_cluster
US-UiB,AmeriFlux,AMF,3837.7169,1015,1051,NA,0,0,3.781001871921182,3.6514908658420553,NA,NA,4x_cluster
US-UiC,AmeriFlux,AMF,3837.7169,1015,1051,NA,0,0,3.781001871921182,3.6514908658420553,NA,NA,4x_cluster
US-UiD,AmeriFlux,AMF,3837.7169,1015,1051,NA,0,0,3.781001871921182,3.6514908658420553,NA,NA,4x_cluster
US-UiE,AmeriFlux,AMF,985.3755666666668,1015,1021,1022.2373333333333,6,78,0.970813366174056,0.9651082925236696,0.9639401091462129,1.010829041802493,not_in_4x_or_8x_cluster
US-UiF,AmeriFlux,AMF,954.1183333333332,1015,1021,976.8678,5,66,0.9400180623973728,0.9344939601697682,0.9767118266497609,0.9969703599421658,not_in_4x_or_8x_cluster
US-UiG,AmeriFlux,AMF,954.1183333333332,1015,1021,976.8678,5,66,0.9400180623973728,0.9344939601697682,0.9767118266497609,0.9969703599421658,not_in_4x_or_8x_cluster
US-VT1,AmeriFlux,AMF,812.4177,973,1068.37,NA,0,21,0.8349616649537512,0.760427286426987,NA,1.0503246753246753,not_in_4x_or_8x_cluster
US-VT2,AmeriFlux,AMF,810.1182666666667,973,1068.37,NA,0,20,0.8325984241178487,0.7582750046020262,NA,1.0526436172209293,not_in_4x_or_8x_cluster
US-Var,AmeriFlux,AMF,584.9927333333334,640,559,559.4496190476191,21,219,0.9140511458333334,1.0464986285032798,1.0456575774047316,0.9463327370304114,not_in_4x_or_8x_cluster
US-Vcm,AmeriFlux,AMF,538.4859666666666,700,646,568.45575,4,127,0.7692656666666666,0.8335696078431372,0.9472785993750027,1.1816593886462883,not_in_4x_or_8x_cluster
US-Vcp,AmeriFlux,AMF,505.1534,597,550,440.82820000000004,5,153,0.8461530988274707,0.9184607272727272,1.1459189770527383,1.0120698510529018,not_in_4x_or_8x_cluster
US-WCr,AmeriFlux,AMF,687.0006666666667,818,787,692.7487727272727,22,312,0.8398541157294214,0.8729360440491317,0.9917024666272936,1.0522235008578484,not_in_4x_or_8x_cluster
US-WPT,AmeriFlux,AMF,812.0837,882,849,843.4626666666667,3,36,0.9207298185941044,0.9565179034157834,0.9627974445025822,1.0933747042904676,not_in_4x_or_8x_cluster
US-WT1,AmeriFlux,AMF,1763.8166333333334,491,482,NA,0,0,3.5922945689069925,3.65937060857538,NA,NA,4x_cluster
US-Whs,AmeriFlux,AMF,310.37823333333336,360,320,292.0036111111111,18,187,0.8621617592592593,0.9699319791666668,1.062926010237697,1.2401668653158522,not_in_4x_or_8x_cluster
US-Wjs,AmeriFlux,AMF,375.6472,344,361,310.35322222222226,9,179,1.0919976744186046,1.0405739612188365,1.2103860153609918,1.2157772621809746,not_in_4x_or_8x_cluster
US-Wkg,AmeriFlux,AMF,334.9805666666667,410,407,316,21,225,0.8170257723577236,0.8230480753480753,1.0600650843881856,1.3682619647355163,not_in_4x_or_8x_cluster
US-YK1,AmeriFlux,AMF,362.5051666666667,525,NA,NA,0,16,0.6904860317460318,NA,NA,1.0939674675791877,not_in_4x_or_8x_cluster
US-YK2,AmeriFlux,AMF,400.88443333333333,530,NA,NA,0,24,0.7563857232704403,NA,NA,0.9914212092299386,not_in_4x_or_8x_cluster
US-ZF1,AmeriFlux,AMF,318.5988,963,NA,NA,0,11,0.33083987538940807,NA,NA,1.4909344490934449,not_in_4x_or_8x_cluster
US-ZF2,AmeriFlux,AMF,457.0007,963,914,NA,0,11,0.47455939771547245,0.5000007658643326,NA,2.0027932960893855,not_in_4x_or_8x_cluster
US-xAB,AmeriFlux,AMF,2201.8873,2372,2450.59,2078.25225,4,65,0.9282830101180438,0.8985131335719152,1.0594899151438426,0.9814521601447637,not_in_4x_or_8x_cluster
US-xAE,AmeriFlux,AMF,790.6705000000001,700,778.85,582.4159999999999,2,46,1.1295292857142858,1.0151768633241318,1.3575700186808057,1.229698601343229,not_in_4x_or_8x_cluster
US-xBA,AmeriFlux,AMF,70.94716666666666,109,110,85.797,4,35,0.6508914373088684,0.6449742424242424,0.8269189676406712,1.206896551724138,not_in_4x_or_8x_cluster
US-xBL,AmeriFlux,AMF,1093.0072666666667,991,982.55,988.9673333333333,3,58,1.102933669693912,1.1124189778297968,1.1052005762239536,1.0725932871868147,not_in_4x_or_8x_cluster
US-xBN,AmeriFlux,AMF,379.3319,329,275,NA,0,38,1.152984498480243,1.3793887272727272,NA,1.1198291819578043,not_in_4x_or_8x_cluster
US-xBR,AmeriFlux,AMF,1342.6421666666668,1233,1246,1501.55125,4,66,1.0889230873208977,1.077561931514179,0.8941700569105895,1.0000041755794706,not_in_4x_or_8x_cluster
US-xCL,AmeriFlux,AMF,947.5983333333334,870,925.61,NA,0,48,1.0891934865900383,1.023755505378435,NA,1.0914623521867293,not_in_4x_or_8x_cluster
US-xCP,AmeriFlux,AMF,323.6106666666667,367,320,NA,0,29,0.8817729336966396,1.0112833333333335,NA,1.0797687861271676,not_in_4x_or_8x_cluster
US-xDC,AmeriFlux,AMF,377.5992,438,489.74,446.97333333333336,3,62,0.8620986301369863,0.7710197247519092,0.8447913372908152,2.173847609219126,not_in_4x_or_8x_cluster
US-xDJ,AmeriFlux,AMF,239.51666666666668,290,300,258.12166666666667,3,56,0.8259195402298851,0.7983888888888889,0.9279215873651314,2.1208584337349397,not_in_4x_or_8x_cluster
US-xDL,AmeriFlux,AMF,1300.6067,1402,1372,1364.2662500000001,4,69,0.9276795292439372,0.9479640670553936,0.953337884009078,1.0469296850143177,not_in_4x_or_8x_cluster
US-xDS,AmeriFlux,AMF,1150.9070666666669,1221,1216.09,1331.1499999999999,5,70,0.94259383019383,0.9463995811713498,0.8645960760745723,1.0004768105282729,not_in_4x_or_8x_cluster
US-xGR,AmeriFlux,AMF,1378.7163666666663,1367,1375,1517.4360000000001,2,54,1.008570860765667,1.002702812121212,0.9085828770812516,1.0332540025670602,not_in_4x_or_8x_cluster
US-xHA,AmeriFlux,AMF,1127.1007,1103,NA,1192.38525,4,69,1.021850135992747,NA,0.9452487776077404,1.0674333507579716,not_in_4x_or_8x_cluster
US-xHE,AmeriFlux,AMF,256.2087,419,320,260.74,1,51,0.6114766109785204,0.8006521875000001,0.9826213852880264,1.6704545454545454,not_in_4x_or_8x_cluster
US-xJE,AmeriFlux,AMF,1203.044,1355,1307.97,1260.9858333333334,6,71,0.8878553505535056,0.919779505646154,0.954050369320829,0.9978906376764562,not_in_4x_or_8x_cluster
US-xJR,AmeriFlux,AMF,203.24796666666663,273,271.33,176.65750000000003,2,49,0.7444980463980464,0.7490803326822197,1.150519885465755,1.1199999999999999,not_in_4x_or_8x_cluster
US-xKA,AmeriFlux,AMF,868.9191333333333,888,NA,692.6615,2,47,0.9785125375375376,NA,1.2544643138579714,1.063665975718093,not_in_4x_or_8x_cluster
US-xKZ,AmeriFlux,AMF,891.7298333333333,892,870.38,873.4365,2,62,0.9996971225710016,1.0245293243564113,1.0209440907648504,1.045500667146054,not_in_4x_or_8x_cluster
US-xLE,AmeriFlux,AMF,1463.2431,1513,1386.24,1461.8885,2,57,0.9671137475214804,1.0555481734764542,1.0009266096559346,1.0208410867138071,not_in_4x_or_8x_cluster
US-xMB,AmeriFlux,AMF,192.30396666666667,306,319.46,201.83633333333333,3,46,0.6284443355119825,0.6019657129739769,0.9527718002540012,1.152675440282601,not_in_4x_or_8x_cluster
US-xML,AmeriFlux,AMF,1361.8994666666667,1122,1227.82,1087.811,2,51,1.2138141414141417,1.1092012401383482,1.2519633159314134,1.1087539079946405,not_in_4x_or_8x_cluster
US-xNG,AmeriFlux,AMF,336.91363333333334,428,456.51,321.88474999999994,4,53,0.7871813862928349,0.7380202697275708,1.0466902620684373,1.6987951807228916,not_in_4x_or_8x_cluster
US-xNQ,AmeriFlux,AMF,233.8227,297,288.31,312.30949999999996,2,55,0.7872818181818182,0.8110114113280843,0.7486890408392958,1.0586319218241043,not_in_4x_or_8x_cluster
US-xNW,AmeriFlux,AMF,1610.8974333333333,623,1004.54,NA,0,9,2.585710165864098,1.6036170120984066,NA,2.2124773960216997,not_in_4x_or_8x_cluster
US-xPU,AmeriFlux,AMF,2372.7130666666667,2155,2685,NA,0,44,1.1010269450889405,0.8836920173805091,NA,0.8849520913541145,not_in_4x_or_8x_cluster
US-xRM,AmeriFlux,AMF,416.0914333333333,548,730.59,430.426,1,55,0.7592909367396593,0.5695279614193095,0.966696791860467,1.4516923076923076,not_in_4x_or_8x_cluster
US-xRN,AmeriFlux,AMF,1545.3926666666666,1220,1340.32,1536.3273333333334,3,62,1.266715300546448,1.1530027655087345,1.0059006522481537,1.05793106736454,not_in_4x_or_8x_cluster
US-xSB,AmeriFlux,AMF,1101.3257666666666,1290,1302.09,1041.9815,4,70,0.8537409043927648,0.8458138582330459,1.0569532824399153,0.988268534057551,not_in_4x_or_8x_cluster
US-xSC,AmeriFlux,AMF,1040.1001666666666,1027,1125.5,940.2570000000001,1,53,1.0127557611165203,0.9241227602547016,1.1061871027460222,1.0370689655172416,not_in_4x_or_8x_cluster
US-xSE,AmeriFlux,AMF,1121.9486333333334,1104,1074.65,1128.5345,2,51,1.0162578200483092,1.0440130585151757,0.9941642309857017,1.0850751741840852,not_in_4x_or_8x_cluster
US-xSJ,AmeriFlux,AMF,421.1263666666667,542,539.62,582.0310000000001,1,38,0.7769859163591636,0.7804128213681233,0.7235462830444884,0.9823298864507631,not_in_4x_or_8x_cluster
US-xSL,AmeriFlux,AMF,416.76616666666666,429,432.67,254.425,1,49,0.971482905982906,0.9632425790248148,1.6380708132717565,1.5616740088105725,not_in_4x_or_8x_cluster
US-xSP,AmeriFlux,AMF,568.4881,842,900.35,605.2246666666666,3,41,0.6751640142517815,0.631407896928972,0.9393009427903909,1.0411466458658347,not_in_4x_or_8x_cluster
US-xSR,AmeriFlux,AMF,313.45043333333336,395,346,324.694,3,55,0.7935454008438819,0.9059261078998074,0.9653718064803579,1.1527777777777777,not_in_4x_or_8x_cluster
US-xST,AmeriFlux,AMF,727.1521333333334,803,797.56,790.6990000000001,2,60,0.905544375259444,0.9117209154588162,0.919632038656092,1.1413211045503693,not_in_4x_or_8x_cluster
US-xTA,AmeriFlux,AMF,1236.4183333333333,1449,NA,1143.6175,2,64,0.8532907752472969,NA,1.081146741225395,0.9818230127653316,not_in_4x_or_8x_cluster
US-xTE,AmeriFlux,AMF,555.1969,831,1222.5,579.592,3,47,0.6681069795427197,0.4541487934560328,0.9579098745324298,1.1484079870480304,not_in_4x_or_8x_cluster
US-xTL,AmeriFlux,AMF,367.4055333333333,239,331,NA,0,33,1.5372616457461643,1.1099865055387714,NA,1.0630568882796434,not_in_4x_or_8x_cluster
US-xTR,AmeriFlux,AMF,682.6325,803,797.56,721.65975,4,61,0.8501027397260275,0.8559011234264507,0.9459201514287031,1.1256391526661795,not_in_4x_or_8x_cluster
US-xUK,AmeriFlux,AMF,926.3591666666666,998,990.63,840.64075,4,67,0.9282155978623914,0.9351212528054538,1.1019679532150524,1.229018492176387,not_in_4x_or_8x_cluster
US-xUN,AmeriFlux,AMF,659.0398333333334,843,802.3,694.6305,2,60,0.7817791617240016,0.8214381569653912,0.9487631673721977,1.2116126857432445,not_in_4x_or_8x_cluster
US-xWD,AmeriFlux,AMF,560.4637333333334,423,493.76,347.7045,2,55,1.324973364854216,1.1350934327068485,1.6118966919707205,1.1770320197044335,not_in_4x_or_8x_cluster
US-xWR,AmeriFlux,AMF,2135.3224333333333,1966,2225.01,2149.5771999999997,5,63,1.086125347575449,0.959691162436723,0.9933685718909437,1.075492341356674,not_in_4x_or_8x_cluster
US-xYE,AmeriFlux,AMF,488.4209333333333,590,493.44,673.2059999999999,1,37,0.8278320903954802,0.9898284154777344,0.7255148250807827,1.0841423948220066,not_in_4x_or_8x_cluster
VU-Coc,ICOS,FLX,2593.5981,2897,2763,2734.398,2,35,0.8952703141180532,0.9386891422366992,0.9485078982649929,1.0830916473317866,not_in_4x_or_8x_cluster
ZA-BfK,ICOS,SAEON,479.7237666666667,440,441,NA,0,39,1.090281287878788,1.0878089947089948,NA,1.0649452269170578,not_in_4x_or_8x_cluster
ZA-BfS,ICOS,SAEON,393.1416,437,445,NA,0,38,0.899637528604119,0.8834642696629215,NA,0.8488138086734458,not_in_4x_or_8x_cluster
ZA-Jks,ICOS,SAEON,1747.7135,839,1029,2041.5190000000002,1,12,2.083091179976162,1.698458211856171,0.85608485642308485,1.0157691524538424,not_in_4x_or_8x_cluster
ZA-Spk,ICOS,SAEON,461.5525666666667,801,822,NA,0,12,0.5762204327923429,0.5614994728304947,NA,1.0430366714299621,not_in_4x_or_8x_cluster
ZA-Uby,ICOS,SAEON,1091.3175333333334,793,872,848.241,1,22,1.3761885666246323,1.2515109327217129,1.2865654139959437,1.3448185834165096,not_in_4x_or_8x_cluster
ZM-Mon,ICOS,EUF,503.8849666666667,877,945,682.777,1,15,0.5745552641581148,0.5332116049382716,0.7379934688290125,0.43918376705261947,not_in_4x_or_8x_cluster
