axis,site_id,igbp_class,measured_abs,trendy_abs,diff,ratio
nee,AR-CCa,CRO,212.893,53.33772659301758,159.55527340698242,3.9914149627042734
nee,AR-CCg,GRA,53.8944,53.33772659301758,0.5566734069824193,1.0104367666666785
nee,AR-TF1,WET,69.2258,30.2711124420166,38.954687557983405,2.286860125560299
nee,AR-TF2,WET,7.49191,27.65923118591309,-20.16732118591309,0.27086472323264166
nee,BR-ITA,EBF,326.932,82.89170837402344,244.04029162597658,3.944085680136058
nee,BR-Ji3,EBF,1523.075,73.0145034790039,1450.0604965209961,20.859896697619487
nee,BR-Ma2,EBF,338.394,74.04943084716797,264.34456915283204,4.569839310425192
nee,BR-Npw,WSA,523.3885,56.33428192138672,467.0542180786133,9.29076367264923
nee,BR-Sa1,EBF,384.899,104.15416717529295,280.74483282470703,3.6954738388163526
nee,BR-Sa3,EBF,78.2333,82.80094146728516,-4.567641467285156,0.9448358752165898
nee,BR-Xpw,GRA,238.111,56.33428192138672,181.77671807861327,4.226751311613039
nee,CA-ARB,WET,79.21255,31.542436599731445,47.67011340026855,2.511300918353099
nee,CA-ARF,WET,60.6579,31.542436599731445,29.115463400268553,1.9230568890329938
nee,CA-Ca1,ENF,321.887,39.27870559692383,282.6082944030762,8.194949276159678
nee,CA-Ca2,ENF,535.6765,39.27870559692383,496.3977944030762,13.637834848660399
nee,CA-Ca3,ENF,455.1275,34.668235778808594,420.4592642211914,13.12808367013018
nee,CA-Cbo,DBF,275.9335,54.47175979614258,221.4617402038574,5.065624849145047
nee,CA-CF3,WET,40.7518,17.044178009033203,23.7076219909668,2.3909513253383095
nee,CA-DB2,WET,35.9919,44.23484420776367,-8.24294420776367,0.8136549510822749
nee,CA-DBB,WET,10.7323,44.23484420776367,-33.50254420776367,0.24262095170025197
nee,CA-DSM,WET,77.231,44.23484420776367,32.99615579223632,1.745931321409405
nee,CA-EM1,WET,12.13975,34.91756820678711,-22.77781820678711,0.34766882756859147
nee,CA-EM2,WET,185.395,36.8778190612793,148.5171809387207,5.0272766860733284
nee,CA-Gro,MF,122.7895,43.88124084472656,78.90825915527344,2.798223059245059
nee,CA-KLP,WET,39.3197,33.743804931640625,5.575895068359372,1.1652420371577898
nee,CA-LP1,ENF,163.981,32.54167556762695,131.43932443237304,5.039107456505136
nee,CA-LU1,OSH,110.884,40.09105682373047,70.79294317626953,2.765803867119965
nee,CA-Man,ENF,29.325449999999996,38.28171920776367,-8.956269207763675,0.7660431821476996
nee,CA-Mer,WET,77.8467,49.05195236206055,28.79474763793945,1.5870255158326965
nee,CA-Na1,ENF,224.055,35.81625747680664,188.23874252319337,6.255678727602687
nee,CA-Ojp,ENF,55.1167,43.04402160644531,12.072678393554689,1.2804728262599643
nee,CA-PB2,WET,51.3287,24.534223556518555,26.794476443481443,2.0921265301816474
nee,CA-Qc2,MF,205.048,30.38699722290039,174.6610027770996,6.747886225673881
nee,CA-Qfo,ENF,12.5391,27.242523193359375,-14.703423193359376,0.46027674863305335
nee,CA-RBM,WET,117.95775,27.921222686767575,90.03652731323243,4.224662770799881
nee,CA-SCB,WET,8.91747,44.37926483154297,-35.46179483154297,0.20093775851964601
nee,CA-SCC,ENF,25.7324,44.37926483154297,-18.64686483154297,0.5798293436738154
nee,CA-SJ2,ENF,97.67465,43.04402160644531,54.63062839355469,2.269180396131351
nee,CA-TP1,ENF,115.5235,54.433258056640625,61.09024194335937,2.122296260124496
nee,CA-TP3,ENF,539.8505,45.19938659667969,494.6511134033203,11.943757219918933
nee,CA-TP4,ENF,108.0305,45.19938659667969,62.831113403320316,2.3900877453043985
nee,CA-TPA,CRO,29.0915,45.19938659667969,-16.107886596679688,0.6436259912017709
nee,CA-TPD,DBF,192.565,54.433258056640625,138.13174194335937,3.537635020847478
nee,CL-SDF,EBF,182.1475,50.4748420715332,131.6726579284668,3.608678948254254
nee,CL-SDP,WET,97.8241,50.4748420715332,47.3492579284668,1.938076395788682
nee,CR-Fsc,CRO,1244.54,49.45722579956055,1195.0827742004394,25.16396704182017
nee,MX-Aog,DBF,95.8542,74.293914794921875,21.56028520507813,1.2902025726412767
nee,MX-Tes,DBF,75.6316,84.15974426269531,-8.528144262695307,0.8986671794524987
nee,PE-QFR,WET,281.13375,53.77628707885742,227.3574629211426,5.22783861198424
nee,PR-xGU,EBF,212.80815,46.69971466064453,166.10843533935548,4.556947543393468
nee,PR-xLA,GRA,35.6097,75.88023376464844,-40.27053376464844,0.46928822215344923
nee,US-A03,BSV,101.306,22.313817977905273,78.99218202209472,4.540056753188151
nee,US-A10,BSV,103.7047,1.4065983295440674,102.29810167045594,73.7273021173107
nee,US-A37,CVM,36.8252,44.94148254394531,-8.11628254394531,0.8194033199503614
nee,US-A39,CRO,32.5491,48.040279388427734,-15.491179388427732,0.6775376915863784
nee,US-ABa,GRA,366.11,60.35102081298828,305.75897918701173,6.066343121758906
nee,US-ABb,GRA,141.19265,60.35102081298828,80.8416291870117,2.339523807517993
nee,US-ABc,GRA,300.578,60.35102081298828,240.2269791870117,4.9804957058043975
nee,US-ABd,GRA,233.785,60.35102081298828,173.43397918701172,3.87375386282922
nee,US-ABe,WET,219.2511,60.35102081298828,158.90007918701173,3.632931092903974
nee,US-ADR,BSV,7.98931,6.490658283233643,1.4986517167663571,1.2308936399621595
nee,US-Akn,MF,729.749,81.972900390625,647.776099609375,8.90232011460533
nee,US-ALQ,WET,252.427,53.117305755615234,199.30969424438476,4.752255341439545
nee,US-AR1,GRA,44.91499999999999,45.322269439697266,-0.4072694396972736,0.9910139221903007
nee,US-AR2,GRA,44.129349999999995,46.737571716308594,-2.6082217163085986,0.944194325453188
nee,US-ARM,CRO,184.4875,50.62029647827149,133.86720352172853,3.6445361413319723
nee,US-Aud,GRA,76.35794999999999,24.90163230895996,51.45631769104003,3.0663833218887144
nee,US-Bar,DBF,205.99,50.10931015014648,155.88068984985352,4.110812928431382
nee,US-Bi1,CRO,41.9759,30.1633243560791,11.812575643920901,1.3916204826919285
nee,US-Bi2,CRO,1677.81,28.40679931640625,1649.4032006835937,59.06367631607784
nee,US-BRG,GRA,79.0157,51.758331298828125,27.25736870117187,1.5266276562086347
nee,US-BZB,WET,17.5658,33.81850814819336,-16.25270814819336,0.5194138050982712
nee,US-BZF,WET,71.5795,33.81850814819336,37.76099185180664,2.116577694271351
nee,US-BZo,WET,44.4419,33.81850814819336,10.623391851806637,1.3141295235512676
nee,US-CdM,WSA,143.5195,36.292476654052734,107.22702334594726,3.954524828053402
nee,US-Ced,CSH,120.15,56.53850555419922,63.61149444580079,2.125100386405177
nee,US-CF1,CRO,205.988,34.60606002807617,171.38193997192383,5.952367875247292
nee,US-CF2,CRO,180.6265,34.60606002807617,146.02043997192382,5.219504903287351
nee,US-CF3,CRO,220.684,34.60606002807617,186.07793997192383,6.377033381464325
nee,US-CGG,GRA,101.11715,39.14134216308594,61.97580783691406,2.583384840986961
nee,US-ChR,DBF,805.7909999999999,59.42998123168945,746.3610187683105,13.558661525713783
nee,US-Cms,WET,147.48,1.4065983295440674,146.07340167045592,104.84869553897731
nee,US-CMW,DBF,287.339,26.135007858276367,261.20399214172363,10.99441031577904
nee,US-Cop,GRA,23.6426,33.458717346191406,-9.816117346191405,0.7066200343358718
nee,US-CRK,ENF,77.55675,85.23509216308594,-7.678342163085944,0.9099157170101434
nee,US-CRT,CRO,95.7867,38.56884002685547,57.21785997314453,2.4835255593194856
nee,US-CS2,ENF,663.484,47.8526611328125,615.6313388671875,13.865143218650593
nee,US-Cst,ENF,502.609,86.20417022705078,416.4048297729492,5.83044879007816
nee,US-Cwt,DBF,384.945,67.5728759765625,317.3721240234375,5.6967384388599545
nee,US-DFC,CRO,608.32,48.91641998291016,559.4035800170899,12.435905984381678
nee,US-DFK,CRO,688.193,48.91641998291016,639.2765800170898,14.068752378862408
nee,US-Dix,MF,46.2801,56.53850555419922,-10.258405554199221,0.8185589545806926
nee,US-Dk1,GRA,57.5398,61.59457015991211,-4.05477015991211,0.9341700063920392
nee,US-Dk2,DBF,948.503,61.59457015991211,886.9084298400879,15.399133357656238
nee,US-Dk3,ENF,1073.55,61.59457015991211,1011.9554298400878,17.429296076145096
nee,US-Dmg,WET,716.827,28.40679931640625,688.4202006835937,25.234345904855214
nee,US-DPW,WET,166.8645,59.167388916015625,107.69711108398437,2.820210644023072
nee,US-DS1,CRO,177.57,28.40679931640625,149.16320068359374,6.250968228491868
nee,US-DS2,CRO,831.117,28.40679931640625,802.7102006835937,29.257678443202547
nee,US-DS3,CRO,145.208,28.40679931640625,116.80120068359375,5.111733933225473
nee,US-EA4,MF,48.133,78.46392059326172,-30.330920593261716,0.6134411795391924
nee,US-EA5,CSH,88.08,61.79172134399414,26.288278656005858,1.4254336678801869
nee,US-EDN,WET,485.516,38.41838073730469,447.09761926269533,12.637596657699797
nee,US-EKH,WET,186.802,38.8272705078125,147.9747294921875,4.811103061246946
nee,US-EKN,WET,223.54,38.8272705078125,184.7127294921875,5.757293703017861
nee,US-EKP,WET,109.061,38.8272705078125,70.2337294921875,2.808876301980992
nee,US-Elm,WET,13.0015,103.3156509399414,-90.31415093994141,0.12584250190281357
nee,US-EML,OSH,56.6147,30.57876205444336,26.03593794555664,1.8514385866635628
nee,US-Esm,WET,104.0636,107.30545806884766,-3.2418580688476624,0.9697885072465963
nee,US-EvM,WET,79.73235,103.13263702392578,-23.400287023925785,0.7731049287676302
nee,US-Fcr,OSH,78.6753,35.595184326171875,43.08011567382812,2.2102793254016904
nee,US-Fmf,ENF,10.1019,48.335914611816406,-38.234014611816406,0.20899366612027337
nee,US-Fuf,ENF,81.6968,48.335914611816406,33.36088538818359,1.6901883548931138
nee,US-Fwf,GRA,64.9559,48.335914611816406,16.619985388183593,1.343843403433202
nee,US-GLE,ENF,9.75326,30.56537628173828,-20.812116281738284,0.31909504107192105
nee,US-Ha1,DBF,247.36649999999997,57.04385757446289,190.32264242553708,4.336426576289956
nee,US-HB1,WET,360.915,53.956058502197266,306.95894149780275,6.6890542048267365
nee,US-HB2,ENF,591.78,53.956058502197266,537.8239414978027,10.967813743768938
nee,US-HB3,ENF,61.10894999999999,53.956058502197266,7.152891497802727,1.1325688290873106
nee,US-HB4,WET,175.9655,53.956058502197266,122.00944149780273,3.261274171700924
nee,US-HBK,DBF,587.9125,53.97808837890625,533.9344116210938,10.891688047065902
nee,US-Ho2,ENF,329.485,49.381099700927734,280.1039002990723,6.672289641087315
nee,US-Hsm,WET,330.3905,43.81649017333984,286.57400982666013,7.540323259415841
nee,US-HWB,CVM,70.408,62.82831954956055,7.579680450439454,1.120641145661399
nee,US-IAB,CRO,73.91055,41.4586296081543,32.451920391845704,1.7827542950301207
nee,US-IAC,CRO,448.357,42.34272766113281,406.0142723388672,10.588760449921496
nee,US-IAM,CRO,704.007,42.34272766113281,661.6642723388671,16.6263969962951
nee,US-ICh,OSH,37.3005,27.298269271850582,10.002230728149417,1.3664053068178763
nee,US-ICs,WET,82.81660000000001,27.298269271850582,55.51833072814942,3.03376742222258
nee,US-ICt,OSH,4.2661999999999995,27.298269271850582,-23.03206927185058,0.15628096995875185
nee,US-Jo1,OSH,153.096,16.812679290771484,136.28332070922852,9.10598467693574
nee,US-Jo2,OSH,125.646,16.812679290771484,108.83332070922852,7.473288333583295
nee,US-KFS,GRA,63.0111,55.88271713256836,7.12838286743164,1.1275597042019496
nee,US-KLS,GRA,42.36095,62.112152099609375,-19.751202099609372,0.6820074424738282
nee,US-Kon,GRA,152.9445,52.32865905761719,100.61584094238282,2.9227674233272127
nee,US-KPL,WET,31.0224,33.23625183105469,-2.2138518310546864,0.9333904484083206
nee,US-KS2,CSH,344.168,67.67423248291016,276.49376751708985,5.085657973098004
nee,US-LA2,WET,396.464,63.95899200439453,332.50500799560547,6.198721830587316
nee,US-LA3,WET,656.212,48.15446472167969,608.0575352783203,13.62723070005523
nee,US-Los,WET,103.324,53.117305755615234,50.206694244384764,1.9452040823640084
nee,US-LS1,GRA,119.5771,26.135007858276367,93.44209214172363,4.5753611649339
nee,US-LS2,SAV,326.544,26.135007858276367,300.4089921417236,12.494505521894874
nee,US-MBP,WET,222.787,58.99855422973633,163.78844577026368,3.7761433802679756
nee,US-Me3,ENF,13.8546,40.241119384765625,-26.386519384765627,0.3442896274213743
nee,US-Me5,ENF,146.1815,40.241119384765625,105.94038061523437,3.632640001941422
nee,US-Me6,ENF,29.7946,40.241119384765625,-10.446519384765626,0.7404018689221542
nee,US-Me7,ENF,402.985,40.241119384765625,362.7438806152344,10.014259199572887
nee,US-MEF,ENF,86.37735,50.36993408203125,36.00741591796876,1.7148593019662872
nee,US-MMS,DBF,430.4275,60.12395095825195,370.30354904174806,7.159002246856239
nee,US-MN1,CRO,207.021,42.490013122558594,164.5309868774414,4.872227254975579
nee,US-MN2,CRO,59.5408,42.490013122558594,17.050786877441404,1.4012892824546783
nee,US-MN3,CRO,289.70079999999996,42.490013122558594,247.21078687744136,6.818091563407718
nee,US-Mo1,CRO,371.2295,51.681034088134766,319.5484659118652,7.183089629493869
nee,US-Mo2,GRA,19.99185,63.39969253540039,-43.40784253540039,0.3153303935793881
nee,US-Mo3,CRO,243.935,51.681034088134766,192.25396591186524,4.720010044381136
nee,US-MOz,DBF,360.44,65.41484832763672,295.0251516723633,5.51006398722658
nee,US-Mpj,WSA,100.759,27.18646240234375,73.57253759765625,3.7062196069803313
nee,US-MtB,ENF,519.716,24.007251739501953,495.70874826049806,21.64829217601989
nee,US-Myb,WET,436.315,28.40679931640625,407.90820068359375,15.359526961842821
nee,US-NC1,ENF,223.141,56.50391387939453,166.63708612060546,3.949124665528233
nee,US-NC2,ENF,665.348,56.50391387939453,608.8440861206054,11.775255098614233
nee,US-NC3,ENF,85.73435,56.50391387939453,29.230436120605475,1.5173170160034708
nee,US-NC4,WET,41.0472,37.83340072631836,3.213799273681637,1.0849460849932528
nee,US-Ne1,CRO,329.489,41.15948867797851,288.32951132202146,8.005177192016136
nee,US-Ne2,CRO,437.83,41.15948867797851,396.67051132202147,10.637401339590776
nee,US-Ne3,CRO,68.3637,41.15948867797851,27.204211322021486,1.6609462895630311
nee,US-NR1,ENF,174.809,33.657047271728516,141.15195272827148,5.1938305398179505
nee,US-Oho,DBF,843.5145,58.87558364868164,784.6389163513184,14.327068161792877
nee,US-ONA,GRA,303.493,54.40349960327149,249.0895003967285,5.578556567374754
nee,US-OPE,CRO,30.7913,57.39830780029297,-26.60700780029297,0.5364496128898566
nee,US-OWC,WET,99.0276,50.49251556396485,48.535084436035156,1.9612332420742637
nee,US-PAS,GRA,333.858,54.40349960327149,279.4545003967285,6.136700808488501
nee,US-PLo,WET,253.568,52.21377182006836,201.35422817993165,4.856343281879919
nee,US-Prr,ENF,21.7209,31.61534118652344,-9.89444118652344,0.6870367101797684
nee,US-RC1,CRO,275.79200000000003,34.60606002807617,241.18593997192386,7.969471236432225
nee,US-RC2,CRO,159.97,34.60606002807617,125.36393997192383,4.622600777731272
nee,US-RC3,CRO,163.58865,24.3714656829834,139.2171843170166,6.712302498664271
nee,US-RC4,CRO,256.152,38.57835006713867,217.57364993286131,6.639786293457692
nee,US-RGA,CRO,235.831815,62.92298889160156,172.90882610839844,3.7479436236932617
nee,US-RGB,CRO,83.22855000000001,36.21014404296875,47.01840595703126,2.2984871283924444
nee,US-RGF,CRO,183.188,28.982013702392575,154.2059862976074,6.3207478224633205
nee,US-RGo,CRO,203.635,40.197940826416016,163.43705917358398,5.065806750632897
nee,US-RGW,CRO,297.44399999999996,65.06080627441406,232.3831937255859,4.571784720057694
nee,US-Rls,CSH,31.4451,27.956377029418945,3.4887229705810547,1.1247916697828841
nee,US-Rms,CSH,17.385,27.956377029418945,-10.571377029418944,0.6218616948006348
nee,US-Ro1,CRO,58.8655,39.060001373291016,19.80549862670898,1.5070531984223599
nee,US-Ro2,CRO,167.74,39.060001373291016,128.679998626709,4.29441869182062
nee,US-Ro3,CRO,391.998,39.060001373291016,352.937998626709,10.03579073778645
nee,US-Ro4,GRA,276.381,39.060001373291016,237.32099862670896,7.075806202838169
nee,US-Ro5,CRO,169.66975,39.060001373291016,130.60974862670898,4.343823451988384
nee,US-Ro6,CRO,201.1,39.060001373291016,162.03999862670898,5.14848932231505
nee,US-Rpf,DBF,29.1982,31.61534118652344,-2.417141186523441,0.9235453075687892
nee,US-RRC,WET,367.193,67.10773468017578,300.0852653198242,5.47169416088891
nee,US-Rwe,CSH,88.267,27.956377029418945,60.31062297058105,3.157311832900065
nee,US-Rwf,CSH,40.123000000000005,27.956377029418945,12.16662297058106,1.435200274977617
nee,US-Rws,OSH,67.84585,27.956377029418945,39.88947297058105,2.426847009846974
nee,US-SD1,CRO,253.115,43.83010482788086,209.28489517211915,5.774912038060893
nee,US-SD2,CRO,46.9349,45.59328079223633,1.3416192077636708,1.0294258097783593
nee,US-Seg,GRA,15.89975,18.8623104095459,-2.9625604095458993,0.8429375646343622
nee,US-Ses,OSH,19.63635,18.8623104095459,0.7740395904541018,1.0410363085776795
nee,US-SHC,ENF,56.260450000000006,37.540283203125,18.720166796875006,1.4986687685754236
nee,US-Slt,DBF,149.524,59.29898452758789,90.22501547241211,2.521527159211915
nee,US-Sne,GRA,126.8395,28.40679931640625,98.43270068359375,4.465110573958407
nee,US-Snf,GRA,417.23,28.40679931640625,388.82320068359377,14.687680767999451
nee,US-SP1,ENF,339.445,58.737823486328125,280.70717651367187,5.778984985356319
nee,US-SRC,OSH,58.1546,24.90163230895996,33.25296769104004,2.3353730100285492
nee,US-SRG,GRA,12.4634,24.90163230895996,-12.438232308959961,0.5005053421945955
nee,US-SRM,WSA,30.0664,24.90163230895996,5.164767691040041,1.2074067927338918
nee,US-SRS,WSA,168.854,24.90163230895996,143.95236769104005,6.780840625425344
nee,US-SSH,DBF,366.474,62.82831954956055,303.64568045043944,5.832942893067769
nee,US-Sta,OSH,317.509,36.54007339477539,280.9689266052246,8.68933667892956
nee,US-StJ,WET,18.18365,53.63750457763672,-35.45385457763672,0.3390099920416763
nee,US-Syv,MF,37.656,57.82821273803711,-20.17221273803711,0.6511700468866708
nee,US-TaS,WET,414.6195,107.30545806884766,307.31404193115236,3.8639180845207175
nee,US-TKs,CSH,34.2983,29.282676696777344,5.015623303222654,1.1712829518680796
nee,US-Ton,WSA,5.86273,37.63893127441406,-31.776201274414063,0.15576239286011095
nee,US-Tw1,WET,563.805,28.40679931640625,535.3982006835937,19.847536982963664
nee,US-Tw3,CRO,84.9391,28.40679931640625,56.532300683593746,2.990097513412703
nee,US-Tw4,WET,465.719,28.40679931640625,437.31220068359374,16.394631257560423
nee,US-Tw5,WET,569.87,28.40679931640625,541.4632006835938,20.061042205162252
nee,US-Twt,CRO,207.825,28.40679931640625,179.41820068359374,7.316030140712522
nee,US-Uaf,ENF,108.269,36.42315673828125,71.84584326171876,2.972532028949807
nee,US-UC1,CVM,679.706,62.71988677978515,616.9861132202149,10.837168797617661
nee,US-UC2,CVM,411.515,62.82831954956055,348.68668045043944,6.549832988536112
nee,US-UiA,CRO,457.462,45.558631896972656,411.90336810302733,10.04117070579545
nee,US-UiB,CRO,844.718,45.558631896972656,799.1593681030273,18.541338157613353
nee,US-UiC,CRO,114.954,45.558631896972656,69.39536810302734,2.5232100968255504
nee,US-UiD,GRA,366.001,45.558631896972656,320.4423681030273,8.03362578638628
nee,US-UiE,CRO,320.886,45.558631896972656,275.32736810302737,7.043363389964366
nee,US-UiF,CRO,836.122,45.558631896972656,790.5633681030273,18.352658216138394
nee,US-UiG,CRO,282.565,45.558631896972656,237.00636810302734,6.202227508477406
nee,US-UMd,DBF,401.7965,29.353097915649418,372.44340208435057,13.688384822434184
nee,US-UTB,BSV,80.5143,7.734132766723633,72.78016723327637,10.4102557362883
nee,US-UTV,CRO,488.528,13.971945762634276,474.55605423736574,34.96492244526812
nee,US-UTW,CRO,569.101,17.76900863647461,551.3319913635254,32.02772938225721
nee,US-Var,GRA,56.3159,37.63893127441406,18.676968725585937,1.4962141084564227
nee,US-Vcm,ENF,25.5938,32.967247009277344,-7.373447009277342,0.7763402261886662
nee,US-Vcp,ENF,295.229,32.967247009277344,262.26175299072264,8.955221523863345
nee,US-VT1,CRO,26.9308,46.74776077270508,-19.816960772705077,0.5760874864347356
nee,US-VT2,CRO,46.2741,46.74776077270508,-0.473660772705081,0.989867733451275
nee,US-WCr,DBF,384.049,54.42844009399414,329.62055990600584,7.05603539871387
nee,US-Whs,OSH,26.392650000000003,26.135007858276367,0.2576421417236361,1.0098581237518949
nee,US-Wjs,SAV,128.0015,27.884550094604492,100.1169499053955,4.5904093688342344
nee,US-Wkg,GRA,24.861,20.214353561401367,4.6466464385986335,1.2298686635951224
nee,US-WPT,WET,189.398,50.49251556396485,138.90548443603515,3.751011370389481
nee,US-WT1,CRO,41.3489,32.98202133178711,8.366878668212891,1.253679984742146
nee,US-xAB,ENF,91.813,55.1087532043457,36.7042467956543,1.6660329741003814
nee,US-xAE,GRA,27.1097,43.58831024169922,-16.47861024169922,0.6219488631166349
nee,US-xBL,DBF,333.428,60.5860595703125,272.8419404296875,5.503378208860798
nee,US-xBN,ENF,29.644895000000002,35.2994270324707,-5.654532032470701,0.8398123565215578
nee,US-xBR,DBF,205.0965,50.10931015014648,154.9871898498535,4.092981910655987
nee,US-xCL,GRA,108.8289,61.13059997558594,47.69830002441407,1.7802688022604654
nee,US-xCP,GRA,99.792,36.24602890014648,63.545971099853524,2.753184363310948
nee,US-xDC,GRA,55.24775,39.45013427734375,15.797615722656253,1.4004451698844746
nee,US-xDJ,ENF,8.71894,27.92876625061035,-19.20982625061035,0.31218493225813215
nee,US-xDL,MF,459.837,68.69799041748047,391.1390095825195,6.69360191186892
nee,US-xDS,CVM,88.38884999999999,59.167388916015625,29.221461083984366,1.4938778205247891
nee,US-xGR,DBF,436.8505,59.668182373046875,377.18231762695314,7.321330776741286
nee,US-xHA,DBF,379.5375,57.04385757446289,322.49364242553713,6.653433272891234
nee,US-xHE,OSH,6.64101,30.57876205444336,-23.937752054443358,0.21717720253606548
nee,US-xJE,ENF,41.5367,74.03142547607422,-32.494725476074215,0.5610684885896734
nee,US-xJR,OSH,22.12245,16.812679290771484,5.309770709228516,1.3158194251729445
nee,US-xKA,GRA,37.5577,52.32865905761719,-14.77095905761719,0.7177271628276691
nee,US-xKZ,GRA,128.073,52.32865905761719,75.74434094238282,2.447473378956328
nee,US-xLE,DBF,324.756,81.80547332763672,242.95052667236325,3.9698566219319966
nee,US-xMB,OSH,31.1025,33.458717346191406,-2.356217346191407,0.9295783720035635
nee,US-xML,DBF,74.8473,64.19834899902344,10.648951000976567,1.1658757766673806
nee,US-xNG,GRA,46.68535,40.45231246948242,6.233037530517578,1.1540835900350526
nee,US-xNQ,OSH,9.60008,34.287193298339844,-24.687113298339845,0.27999025515059667
nee,US-xPU,EBF,467.968,70.52405548095703,397.443944519043,6.63557982887642
nee,US-xRM,ENF,74.3359,33.657047271728516,40.67885272827148,2.208628089084962
nee,US-xRN,DBF,61.6004,59.42998123168945,2.1704187683105474,1.0365206032936323
nee,US-xSB,ENF,61.8348,70.84510040283203,-9.01030040283203,0.8728168871015978
nee,US-xSC,DBF,63.5893,60.81470489501953,2.7745951049804702,1.0456237534946535
nee,US-xSE,DBF,448.924,65.1939468383789,383.7300531616211,6.8859767167175665
nee,US-xSJ,SAV,214.743,37.558589935302734,177.18441006469726,5.717546914564941
nee,US-xSL,CRO,11.75195,36.86944961547851,-25.117499615478508,0.318744926288954
nee,US-xSP,ENF,7.160800000000002,39.64801788330078,-32.48721788330078,0.18060928092488668
nee,US-xSR,OSH,43.9752,24.90163230895996,19.07356769104004,1.765956522624306
nee,US-xST,DBF,367.484,53.34514617919922,314.13885382080076,6.888799193942267
nee,US-xTE,ENF,197.09,39.64801788330078,157.44198211669922,4.97099251165874
nee,US-xTL,WET,31.26805,27.298269271850582,3.9697807281494164,1.1454224327782925
nee,US-xTR,DBF,235.173,50.79132843017578,184.38167156982422,4.630180136424246
nee,US-xUK,DBF,62.0863,55.88271713256836,6.203582867431642,1.1110107594216496
nee,US-xUN,MF,291.4055,53.117305755615234,238.28819424438478,5.486074563734709
nee,US-xWD,GRA,26.6073,39.45013427734375,-12.842834277343751,0.6744539781016815
nee,US-xWR,ENF,3.66793,43.65202331542969,-39.98409331542969,0.08402657474764741
nee,US-xYE,ENF,86.9218,36.13092422485352,50.79087577514648,2.405745268486898
nee,US-YK2,WET,82.8301,36.035980224609375,46.79411977539063,2.298538834901302
nee,US-ZF1,CRO,171.888,42.05294418334961,129.8350558166504,4.087418927211692
nee,US-ZF2,CRO,135.474,42.05294418334961,93.42105581665038,3.2215104704521353
nee,ZA-Uby,GRA,392.971,51.27582931518555,341.69517068481446,7.663864344045237
nee,ZA-Spk,GRA,264.937,70.4773941040039,194.4596058959961,3.7591770151011956
nee,ZA-BfS,OSH,270.6945,44.27429962158203,226.42020037841797,6.114032346387401
nee,ZA-BfK,OSH,41.75039,44.27429962158203,-2.5239096215820283,0.9429937990402062
nee,KR-WdE,EBF,521.624,54.88365936279297,466.74034063720705,9.50417676328671
nee,KR-UAO,CRO,12.047000000000011,73.69659423828125,-61.64959423828124,0.1634675268852827
nee,KR-TwC,ENF,1228.91,61.33024215698242,1167.5797578430177,20.037585973563438
nee,KR-SmM,MF,440.197,57.572139739990234,382.62486026000977,7.646007287344826
nee,KR-ScC,ENF,215.3345,60.37056350708008,154.9639364929199,3.5668790796485808
nee,KR-PcD,DBF,98.223,68.44498443603516,29.778015563964843,1.4350649767740644
nee,KR-Nj2,CRO,28.85946,65.70423126220703,-36.84477126220703,0.4392328993977579
nee,KR-Nj1,CRO,116.384,65.70423126220703,50.67976873779297,1.7713318878284159
nee,KR-Kw2,DBF,173.3465,55.52059555053711,117.82590444946288,3.1222017393925996
nee,KR-Kw1,ENF,227.877,55.52059555053711,172.3564044494629,4.104368797567689
nee,KR-JjM,MF,604.6020000000001,46.28160095214844,558.3203990478517,13.063549824586046
nee,KR-Hnm,CRO,42.2848,67.89179992675781,-25.606999926757815,0.6228263213763247
nee,KR-HcM,MF,359.228,63.79624557495117,295.43175442504884,5.630864273634412
nee,KR-HPK,CRO,698.317,53.85786056518555,644.4591394348145,12.965925357447295
nee,KR-GmS,CRO,465.879,68.04566192626953,397.8333380737305,6.846564304199148
nee,KR-GmR,CRO,787.193,68.04566192626953,719.1473380737305,11.568599345142063
nee,KR-GmP,CRO,626.388,68.04566192626953,558.3423380737305,9.205406814599275
nee,KR-CmF,CRO,206.838,66.542449951171875,140.29555004882812,3.1083616571342874
nee,KR-CRK,CRO,54.6396,59.69864273071289,-5.059042730712889,0.9152569891155969
nee,KR-AdC,ENF,497.9215,57.16377258300781,440.75772741699217,8.71043805369853
nee,TH-Mae,DBF,705.803,68.048309326171875,637.7546906738281,10.37208722728021
nee,TH-Kog,EBF,1251.395,67.13160705566406,1184.263392944336,18.64092124239437
nee,MY-LHP,EBF,390.968,88.0777587890625,302.8902412109375,4.43889587309243
nee,MN-Nkh,GRA,73.6226,40.14131546020508,33.48128453979493,1.8340853844958642
nee,MN-Kbu,GRA,501.727,22.16849136352539,479.5585086364746,22.632437714075092
nee,MN-Hst,GRA,63.4314,29.715261459350582,33.71613854064941,2.1346404805076977
nee,KH-Kmp,EBF,82.1288,57.764381408691406,24.364418591308592,1.421789656482717
nee,JP-Ynf,EBF,403.8945,37.3284797668457,366.5660202331543,10.820009347359754
nee,JP-Yms,DBF,234.085,51.1522216796875,182.9327783203125,4.576243070454063
nee,JP-Toc,DBF,512.474,47.24391555786133,465.2300844421387,10.847407416355122
nee,JP-Tmk,DNF,327.675,47.24391555786133,280.4310844421387,6.935813768413937
nee,JP-Tmd,GRA,161.50799999999998,47.24391555786133,114.26408444213865,3.4185989474601297
nee,JP-Tgf,GRA,475.7159999999999,56.80345153808594,418.91254846191396,8.374772784379816
nee,JP-Tef,DNF,20.93625,40.27547073364258,-19.339220733642577,0.5198263265117272
nee,JP-Tak,DBF,349.33000000000004,69.935150146484375,279.39484985351567,4.995056123684619
nee,JP-Ta2,ENF,716.331,69.935150146484375,646.3958498535156,10.242789191123368
nee,JP-Srk,DBF,798.606,58.993350982666016,739.612649017334,13.537220495147901
nee,JP-Spp,DBF,388.929,49.82006072998047,339.1089392700195,7.806674546383124
nee,JP-Shn,MF,273.8905,59.838401794433594,214.05209820556638,4.577169372619815
nee,JP-SMF,MF,66.6383,69.69227600097656,-3.0539760009765615,0.956179132377112
nee,JP-Om2,GRA,397.4,51.1522216796875,346.2477783203125,7.768968520829803
nee,JP-Nuf,DBF,184.62865,44.31618118286133,140.31246881713867,4.166167866273698
nee,JP-NsM,GRA,317.8655,56.06325149536133,261.80224850463867,5.6697656935987775
nee,JP-NsC,GRA,413.605,56.06325149536133,357.5417485046387,7.377470784658676
nee,JP-Mse,CRO,174.284,56.80345153808594,117.48054846191405,3.068193838241413
nee,JP-MMF,MF,742.4135,46.45514678955078,695.9583532104492,15.981297042569933
nee,JP-MBF,DBF,314.411,46.45514678955078,267.9558532104492,6.768055247448295
nee,JP-Kzw,MF,157.265,61.89708709716797,95.36791290283202,2.540749611578983
nee,JP-Khw,ENF,881.298,49.906829833984375,831.3911701660156,17.658865588771068
nee,JP-Hc3,CRO,656.5395000000001,66.056854248046875,590.4826457519532,9.939006443368626
nee,JP-Fmt,MF,334.403,63.18525695800781,271.2177430419922,5.2924213036316425
nee,JP-Fjy,ENF,423.5065,60.32946014404297,363.17703985595705,7.019895404149705
nee,JP-Fhk,DNF,143.13150000000002,60.32946014404297,82.80203985595705,2.372497609928191
nee,JP-Api,DBF,262.848,64.948455810546875,197.89954418945314,4.047024624676551
nee,ID-Pag,EBF,833.316,100.92154693603516,732.3944530639649,8.257067249753534
nee,ID-PaD,EBF,364.7495,160.35751342773438,204.39198657226564,2.2746018705532967
nee,ID-PaB,OSH,217.177,160.35751342773438,56.81948657226562,1.3543300551231827
nee,CN-Lsh,DNF,192.66,53.82399368286133,138.83600631713867,3.579444534256976
nee,CN-HaM,GRA,104.917,16.70560073852539,88.21139926147461,6.280348826848657
nee,UK-AMo,WET,17.381749999999997,27.879932403564453,-10.498182403564456,0.6234502203376123
nee,SE-Svb,ENF,91.0312,39.83535385131836,51.19584614868164,2.2851861775789724
nee,SE-Sto,WET,41.53615,30.920011520385746,10.616138479614253,1.3433419962542694
nee,SE-Nor,ENF,241.961,50.034324645996094,191.92667535400392,4.835900188758968
nee,SE-Htm,ENF,152.6635,55.36368560791016,97.29981439208984,2.7574663486310236
nee,SE-Deg,WET,58.4473,39.83535385131836,18.61194614868164,1.4672218105090504
nee,NO-Hur,ENF,52.6024,59.34525680541992,-6.742856805419919,0.8863791789202586
nee,NL-Loo,ENF,506.081,49.95448684692383,456.1265131530762,10.130841731009879
nee,IT-TrF,DNF,896.355,57.62307357788086,838.7319264221192,15.555487486944362
nee,IT-Tor,GRA,60.5102,57.62307357788086,2.887126422119138,1.0501036519375702
nee,IT-SR2,ENF,224.553,41.5406379699707,183.0123620300293,5.405622324874429
nee,IT-Ren,ENF,692.663,63.27781677246094,629.3851832275391,10.946379558111635
nee,IT-Noe,CSH,67.75245000000001,27.630332946777344,40.12211705322267,2.4521040021670206
nee,IT-MBo,GRA,3.0159,65.46407318115234,-62.44817318115234,0.04606954400246978
nee,IT-Lsn,OSH,47.3485,48.91958999633789,-1.5710899963378893,0.9678842362240668
nee,IT-Cp2,MF,650.5145,29.470170974731445,621.0443290252686,22.073658838212015
nee,IT-BFt,DBF,14.7668,61.91380310058594,-47.147003100585934,0.2385057815946094
nee,IT-BCi,CRO,50.69105,47.55440139770508,3.136648602294919,1.0659591648744062
nee,IE-Cra,WET,29.48375,39.71290588378906,-10.229155883789062,0.7424223774074252
nee,GL-Dsk,OSH,1.5027299999999997,1.313657522201538,0.1890724777984616,1.1439282877028694
nee,GF-Guy,EBF,131.34295,63.6606559753418,67.6822940246582,2.0631730538697894
nee,FR-Tou,GRA,60.634,48.2670783996582,12.366921600341797,1.2562185657466554
nee,FR-Pue,EBF,217.991,53.22159194946289,164.76940805053712,4.095912805595812
nee,FR-Mej,GRA,46.5754,51.7945671081543,-5.219167108154295,0.8992333096006779
nee,FR-Lus,GRA,280.5725,56.75392150878906,223.81857849121093,4.943667195870329
nee,FR-Lqu,GRA,108.85645,54.03435897827149,54.822091021728504,2.014578354557214
nee,FR-Lam,CRO,115.253,57.532012939453125,57.720987060546875,2.003284677720083
nee,FR-LGt,WET,268.72450000000003,64.8869857788086,203.83751422119144,4.1414236888125355
nee,FR-Hes,DBF,487.887,54.7104606628418,433.1765393371582,8.917618204800872
nee,FR-Gri,CRO,283.11350000000004,52.27886199951172,230.83463800048833,5.415448790806584
nee,FR-Fon,DBF,399.907,54.74135208129883,345.16564791870115,7.305391350328363
nee,FR-FBn,ENF,581.181,50.55841445922851,530.6225855407715,11.495237859341456
nee,FR-EM2,CRO,157.617,62.980003356933594,94.6369966430664,2.5026515020445395
nee,FR-CLt,GRA,125.8999,54.520751953125,71.379148046875,2.3092106306282103
nee,FR-Bil,ENF,429.4605,73.4719009399414,355.9885990600586,5.845234634000509
nee,FR-Aur,CRO,150.481,48.2670783996582,102.21392160034179,3.1176736813029398
nee,FI-Var,ENF,10.96584,28.076984405517575,-17.111144405517575,0.3905633112737363
nee,FI-Sod,ENF,168.909,33.52534484863281,135.38365515136718,5.038247951292535
nee,FI-Sii,WET,27.5675,44.574954986572266,-17.007454986572267,0.6184526716472157
nee,FI-Let,ENF,99.6439,50.84433364868164,48.79956635131836,1.9597837723375042
nee,FI-Ken,ENF,52.296049999999994,34.69854736328125,17.597502636718744,1.5071538716730488
nee,FI-Hyy,ENF,238.058,44.574954986572266,193.48304501342773,5.340622330896632
nee,FI-Ant,GRA,285.376,36.18063735961914,249.19536264038084,7.887533797801621
nee,ES-LMa,SAV,52.382,40.43504333496094,11.94695666503906,1.2954604639859377
nee,DK-Vng,CRO,179.544,49.97478866577149,129.56921133422853,3.5926915309393292
nee,DK-Sor,DBF,253.6875,47.66714859008789,206.0203514099121,5.322061577074339
nee,DK-Skj,WET,106.79965,45.63901901245117,61.16063098754883,2.3400952148174587
nee,DK-RCW,DBF,371.2664999999999,44.86714172363281,326.3993582763671,8.274797228824657
nee,DK-Gds,ENF,973.05,49.97478866577149,923.0752113342285,19.470817705857694
nee,DE-Tha,ENF,471.522,48.800445556640625,422.72155444335937,9.662247846748125
nee,DE-RuS,CRO,502.143,49.80929183959961,452.33370816040036,10.081311768435622
nee,DE-RuR,GRA,180.789,49.80929183959961,130.97970816040038,3.629623978236693
nee,DE-Msr,ENF,558.9010000000001,43.055877685546875,515.8451223144532,12.980829332567842
nee,DE-Kli,CRO,88.5328,48.800445556640625,39.73235444335937,1.814180157376713
nee,DE-RuW,ENF,440.885,49.80929183959961,391.0757081604004,8.851460916565081
nee,DE-Hzd,DBF,222.248,49.371822357177734,172.87617764282226,4.501515021911872
nee,DE-HoH,DBF,269.41200000000003,60.306766510009766,209.10523348999027,4.467359395819751
nee,DE-Har,ENF,157.284,49.140411376953125,108.14358862304687,3.200705805929949
nee,DE-Hai,DBF,527.407,62.16096496582031,465.2460350341797,8.484536884039668
nee,DE-Gwg,GRA,291.293,43.055877685546875,248.23712231445313,6.76546422134096
nee,DE-GsB,GRA,190.964,60.306766510009766,130.65723348999023,3.166543508319313
nee,DE-Gri,GRA,87.1856,48.800445556640625,38.38515444335937,1.7865738520523822
nee,DE-Geb,CRO,330.6605,59.7928466796875,270.8676533203125,5.5301013141481725
nee,DE-Fen,GRA,318.75,43.055877685546875,275.6941223144531,7.403170417938059
nee,DE-Brs,CRO,339.819,57.67007827758789,282.1489217224121,5.892466425384802
nee,DE-Amv,WET,41.2415,46.28093719482422,-5.039437194824217,0.891112032290742
nee,CZ-wet,WET,55.48915,59.287166595458984,-3.798016595458982,0.9359386387719549
nee,CZ-Lnz,DBF,508.422,53.69292068481445,454.7290793151856,9.469069544279662
nee,CZ-BK1,ENF,799.823,47.54872131347656,752.2742786865234,16.821125319584755
nee,CH-Dav,ENF,202.963,44.95481491088867,158.00818508911132,4.514822281046464
nee,CD-Ygb,MF,289.782,55.21232986450195,234.56967013549803,5.2485015704130165
nee,BE-Vie,MF,445.797,64.06279754638672,381.7342024536133,6.958750118229015
nee,BE-Maa,CSH,2.61355,40.517391204833984,-37.90384120483398,0.06450439977212025
nee,BE-Lon,CRO,396.811,46.74032211303711,350.07067788696287,8.489693311063402
nee,BE-Dor,GRA,93.5894,39.634647369384766,53.95475263061523,2.361302703863384
nee,BE-Bra,ENF,130.7425,55.38290786743164,75.35959213256837,2.3607012530464146
nee,VU-Coc,EBF,419.591,182.65301513671875,236.93798486328126,2.2972027025446544
nee,ML-Kem,WSA,578.232,21.619678497314453,556.6123215026855,26.74563361669909
nee,KE-Mkt,CRO,403.892,85.30619812011719,318.5858018798828,4.7346149388968355
nee,KE-Kpt,GRA,176.513,65.75337982177734,110.75962017822266,2.684470372145636
nee,ID-JOP,EBF,788.92,97.96643829345705,690.9535617065429,8.052961950467175
nee,CR-AqC,EBF,826.82,67.92513275146484,758.8948672485352,12.172519456462442
nee,CN-Sb2,ENF,1257.4,39.05424499511719,1218.345755004883,32.19624397187062
nee,CN-Sb1,DNF,1829.84,39.05424499511719,1790.7857550048827,46.853805526871106
nee,BW-Gum,WET,175.615,35.16694641113281,140.4480535888672,4.9937517448033395
nee,BJ-Nhu,SAV,169.975,40.78215026855469,129.1928497314453,4.167877340471186
nee,BJ-Db1,CRO,1163.975,75.01407623291016,1088.9609237670898,15.516754434007694
nee,BJ-Bfg,DBF,675.1675,40.78215026855469,634.3853497314453,16.555465946595557
nee,ZM-Mon,DBF,53.4048,48.99747467041016,4.407325329589838,1.0899500506758044
nee,UK-HpF,CRO,183.934,47.244964599609375,136.68903540039062,3.893197964244443
nee,UK-HgF,GRA,154.931,51.89935302734375,103.03164697265626,2.9852202573387165
nee,UK-Gwr,GRA,140.2755,29.219207763671875,111.05629223632812,4.800797514243489
nee,UK-Gnn,GRA,94.83175,32.34343719482422,62.48831280517578,2.9320244916695346
nee,UK-GaB,GRA,77.49154999999999,23.172704696655273,54.318845303344716,3.3440874086305965
nee,UK-Cvn,GRA,17.076,56.02509689331055,-38.949096893310546,0.3047919762194805
nee,UK-CCr,GRA,103.2975,33.24832534790039,70.04917465209961,3.106848207214237
nee,UK-BnB,GRA,120.4015,32.34343719482422,88.05806280517578,3.722594456326594
nee,SN-Nkr,CRO,300.7255,34.93783950805664,265.78766049194337,8.607444084533416
nee,SN-Dhr,GRA,153.30485,31.520397186279297,121.78445281372069,4.863671263214062
nee,SE-Trb,WET,94.4321,39.83535385131836,54.596746148681646,2.37056008972479
nee,SE-St1,WET,143.034,30.920011520385746,112.11398847961425,4.62593618070604
nee,SE-Srj,WET,10.6979,39.83535385131836,-29.13745385131836,0.26855290503829554
nee,SE-Ros,ENF,284.3875,39.83535385131836,244.55214614868163,7.139073021955549
nee,SE-Hmr,WET,29.2098,39.83535385131836,-10.625553851318358,0.7332632241456366
nee,SE-HfM,WET,29.07915,39.83535385131836,-10.75620385131836,0.7299834741906684
nee,SD-Dem,SAV,130.11665,22.006938934326172,108.10971106567382,5.912528334281218
nee,RU-Fyo,ENF,49.7866,59.79362106323242,-10.007021063232422,0.8326406582292468
nee,RU-Fy4,WET,182.428,63.39430618286133,119.03369381713867,2.87767168669352
nee,RU-Fy2,ENF,57.852,59.79362106323242,-1.9416210632324251,0.9675279565159779
nee,RU-Che,WET,13.7663,12.055904388427734,1.710395611572265,1.1418720285484385
nee,RU-Ch2,WET,84.6416,12.055904388427734,72.58569561157226,7.020759063189493
nee,PA-SPs,GRA,503.196,50.86760330200195,452.3283966979981,9.892268700227836
nee,PA-SPn,DBF,523.457,50.86760330200195,472.58939669799804,10.290577224411884
nee,NO-Ikr,WET,4.00243,30.20183563232422,-26.19940563232422,0.1325227396349481
nee,NO-Fns,SNO,5.90925,16.912399291992188,-11.003149291992187,0.3494034109517481
nee,NO-And,WET,14.6242,24.466962814331055,-9.842762814331055,0.597712111265161
nee,NL-Vkp,GRA,63.4205,49.616695404052734,13.803804595947263,1.2782088666634528
nee,NL-Hrw,GRA,12.5408,49.616695404052734,-37.07589540405273,0.2527536325802072
nee,IT-SRo,ENF,382.3485,41.5406379699707,340.8078620300293,9.204203851572904
nee,IT-Ro2,DBF,732.1234999999999,41.641876220703125,690.4816237792968,17.581424432456515
nee,IT-Ro1,DBF,198.555,41.641876220703125,156.91312377929688,4.768156913671538
nee,IT-PT1,DBF,458.418,63.19791793823242,395.2200820617676,7.2536883327080925
nee,IT-NiG,GRA,37.148,41.30828475952149,-4.160284759521488,0.8992869158392603
nee,IT-MtP,GRA,128.778,28.973783493041992,99.804216506958,4.4446387207568465
nee,IT-MtM,GRA,386.689,28.973783493041992,357.71521650695803,13.346168618015067
nee,IT-Lav,ENF,1904.45,67.190673828125,1837.259326171875,28.34396340289158
nee,IT-Cpz,EBF,434.924,29.470170974731445,405.45382902526853,14.75810915290977
nee,IT-CA3,DBF,425.8945,46.11323547363281,379.7812645263672,9.23584076514265
nee,IT-CA2,CRO,19.4482,46.11323547363281,-26.665035473632813,0.42174876258943766
nee,IT-CA1,DBF,308.969,46.11323547363281,262.8557645263672,6.7002238473738425
nee,IT-BsB,DBF,663.487,56.88527297973633,606.6017270202636,11.663598770745942
nee,IT-Arz,OSH,45.1379,62.665035247802734,-17.527135247802732,0.7203043901835625
nee,IL-Yat,ENF,88.05075,23.51824378967285,64.53250621032714,3.7439338918097342
nee,IE-CaN,CRO,71.8391,44.26632308959961,27.572776910400393,1.6228838310015097
nee,FR-Nzn,GRA,149.616,51.96451187133789,97.65148812866212,2.8791957166930273
nee,FR-Mau,GRA,169.985,57.532012939453125,112.45298706054689,2.954615896698987
nee,FR-LBr,ENF,298.1165,60.20866394042969,237.9078360595703,4.951388728621445
nee,FI-Sar,CRO,119.022,36.18063735961914,82.84136264038086,3.289660124474184
nee,FI-Ruk,CRO,301.02,40.14377212524414,260.87622787475584,7.498547945640255
nee,FI-Rk2,ENF,265.846,45.22942733764648,220.61657266235352,5.877721997570473
nee,FI-Qvd,CRO,164.56,36.190799713134766,128.36920028686524,4.547011983829583
nee,FI-Pap,CRO,62.7471,36.18063735961914,26.566462640380863,1.7342729310244664
nee,FI-Nsv,CVM,15.4518,42.83170318603515,-27.37990318603515,0.36075614207743917
nee,FI-Jok,CRO,122.4737,50.84433364868164,71.62936635131835,2.408797425613929
nee,ES-Yst,ENF,261.09,44.229942321777344,216.86005767822263,5.903014706656038
nee,ES-VDA,GRA,89.19775000000001,62.10927200317383,27.088477996826185,1.4361422557881849
nee,ES-Srn,EBF,41.7058,46.694541931152344,-4.98874193115234,0.8931622042998543
nee,ES-Pzb,GRA,35.219260000000006,43.14710998535156,-7.927849985351557,0.8162600000778022
nee,ES-Pdu,WET,169.642,28.84754180908203,140.79445819091796,5.880639713522899
nee,ES-Mzn,EBF,46.4223,46.694541931152344,-0.27224193115234385,0.9941697269125427
nee,ES-MtB,OSH,407.74,42.05439376831055,365.68560623168946,9.69553864564911
nee,ES-Mcd,EBF,225.16699999999997,49.14435195922851,176.02264804077146,4.58174726134968
nee,ES-LgS,OSH,99.9094,38.98956298828125,60.919837011718755,2.562465243071047
nee,ES-LM2,SAV,16.848504999999996,40.43504333496094,-23.58653833496094,0.4166807702029206
nee,ES-LM1,SAV,20.9788,40.43504333496094,-19.456243334960938,0.5188271922009123
nee,ES-LJu,OSH,11.4445,23.964752197265625,-12.520252197265625,0.4775555326337076
nee,ES-Hen,ENF,129.2315,36.011253356933594,93.22024664306642,3.5886421035972584
nee,ES-HeB,ENF,199.8075,36.011253356933594,163.7962466430664,5.548473917849048
nee,ES-FtD,WET,152.373,36.071258544921875,116.30174145507812,4.224221891516206
nee,ES-Crg,CSH,246.338,43.72518539428711,202.61281460571288,5.633778285413174
nee,ES-Amo,OSH,136.575,19.923980712890625,116.65101928710936,6.854804868970651
nee,ES-Agu,OSH,94.6871,19.923980712890625,74.76311928710938,4.752418774363616
nee,ES-Abr,SAV,34.988,41.142093658447266,-6.154093658447266,0.8504185589207682
nee,EE-Stg,ENF,148.1705,54.41523742675781,93.75526257324219,2.7229597261141336
nee,EE-Rng,WET,281.253,52.97477722167969,228.2782227783203,5.3091870273103945
nee,EE-Pts,WET,5.844299999999999,60.28432846069336,-54.44002846069336,0.09694559347726009
nee,DK-Eng,GRA,95.25565,44.86714172363281,50.38850827636719,2.123060358663902
nee,DE-Zrk,WET,88.8471,64.98432922363281,23.862770776367185,1.3672080801857232
nee,DE-Spw,WET,452.209,54.11660385131836,398.09239614868164,8.356196949136223
nee,DE-SfS,WET,416.862,43.055877685546875,373.80612231445315,9.681883691803908
nee,DE-Seh,CRO,287.712,49.80929183959961,237.90270816040038,5.7762716427793475
nee,DE-SbM,WET,326.229,58.397857666015625,267.83114233398436,5.586317941074874
nee,DE-RuM,CRO,377.9605,49.80929183959961,328.1512081604004,7.588152451898787
nee,DE-RuC,OSH,88.7538,49.80929183959961,38.94450816040039,1.7818723519662358
nee,DE-Rns,CRO,403.752,58.73293685913086,345.01906314086915,6.874371035938263
nee,DE-Obe,ENF,219.709,48.800445556640625,170.90855444335938,4.502192500373649
nee,DE-Lnf,DBF,612.181,62.16096496582031,550.0200350341797,9.84831880162434
nee,DE-Lkb,ENF,234.648,52.669918060302734,181.97808193969726,4.45506673717144
nee,DE-Hte,WET,186.663,34.67137145996094,151.99162854003907,5.38377895479449
nee,DE-Hdn,CRO,349.142,68.08853912353516,281.05346087646484,5.127764591432059
nee,DE-Akm,WET,59.4566,58.70156478881836,0.7550352111816423,1.012862267196759
nee,CZ-Stn,DBF,287.515,62.66642379760742,224.84857620239256,4.5880231003540555
nee,CZ-RAJ,ENF,463.639,56.972293853759766,406.66670614624024,8.137973190795146
nee,CZ-LnG,GRA,70.1683,53.69292068481445,16.47537931518555,1.3068445356492806
nee,CZ-KrP,CRO,113.8755,58.66859436035156,55.20690563964844,1.9409958810425745
nee,CZ-BK2,GRA,41.09401,65.25325775146484,-24.159247751464846,0.6297618144448504
nee,CH-Tnk,CRO,267.377,42.29243087768555,225.08456912231446,6.32210053787838
nee,CH-Rtb,GRA,476.632,42.29243087768555,434.33956912231446,11.269912608676318
nee,CH-Rh2,GRA,335.161,44.44468307495117,290.71631692504883,7.541082010525018
nee,CH-Rh1,GRA,59.8304,44.44468307495117,15.385716925048825,1.3461767721259812
nee,CH-Oe3,GRA,273.646,41.9445686340332,231.7014313659668,6.523991279718817
nee,CH-Oe2,CRO,95.1505,41.9445686340332,53.20593136596679,2.2684820251744413
nee,CH-Oe1,GRA,299.773,41.9445686340332,257.8284313659668,7.146884799687
nee,CH-Lae,MF,179.5035,40.59477233886719,138.90872766113282,4.421837829304332
nee,CH-Fru,GRA,382.369,42.29243087768555,340.0765691223145,9.041074066086532
nee,CH-Crs,GRA,88.33035,49.48601913452149,38.844330865478504,1.7849556611107695
nee,CH-Cha,GRA,38.15714,40.59477233886719,-2.437632338867189,0.939952062829201
nee,CH-Aws,GRA,309.6945,44.95481491088867,264.73968508911133,6.889017352510281
nee,BE-Lcr,DBF,290.6805,42.541473388671875,248.13902661132812,6.832873355002406
nee,AT-PsM,WET,33.0949,49.76620864868164,-16.671308648681638,0.665007459853519
nee,AT-Nsd,WET,175.9245,65.431640625,110.492859375,2.68867627832005
nee,AT-Neu,GRA,463.086,42.53130340576172,420.5546965942383,10.888121522682178
nee,AT-Mmg,ENF,219.08,43.81122970581055,175.26877029418947,5.000544414550959
nee,CN-Zha,WET,599.792,12.299339294433594,587.4926607055664,48.766196755906435
nee,CN-Yuc,CRO,551.1659999999999,43.17654800415039,507.98945199584955,12.765402179604969
nee,CN-You,GRA,137.033,14.114885330200195,122.91811466979979,9.708403348258473
nee,CN-Yan,OSH,252.992,33.543392181396484,219.4486078186035,7.542230631650665
nee,CN-YaS,OSH,1.8252650000000004,33.543392181396484,-31.718127181396483,0.054415039186534966
nee,CN-Xi2,GRA,148.6058,27.475004196166992,121.130795803833,5.4087635051474106
nee,CN-Wnb,BSV,13.7206,13.453845977783203,0.2667540222167961,1.0198273432487108
nee,CN-Sdq,OSH,229.41,0.3016234338283539,229.10837656617164,760.5841399264465
nee,CN-Nmn,CRO,437.9855,31.049715042114254,406.93578495788574,14.105942660212461
nee,CN-Mxn,MF,1204.07,60.210227966308594,1143.8597720336913,19.997765174942582
nee,CN-Lch,CRO,708.977,38.44184494018555,670.5351550598144,18.442845318770434
nee,CN-Jzh,CRO,479.222,41.14002990722656,438.0819700927734,11.648557404568658
nee,CN-Jng,GRA,167.163,16.70560073852539,150.45739926147462,10.00640459546596
nee,CN-Huz,BSV,228.163,12.299339294433594,215.86366070556642,18.55083387310581
nee,CN-HeM,DBF,365.973,0.33216091990470886,365.6408390800953,1101.7942752115187
nee,CN-HeD,BSV,16.8924,0.16872170567512512,16.723678294324873,100.119898221788
nee,CN-HaW,WET,378.08,16.70560073852539,361.3743992614746,22.63193080678003
nee,CN-Ha2,OSH,292.592,16.70560073852539,275.8863992614746,17.514605106372677
nee,CN-GuT,GRA,158.779,17.795347213745117,140.98365278625488,8.922500813996997
nee,CN-Erg,GRA,46.04915,33.759883880615234,12.289266119384763,1.36401979825651
nee,CN-Dzo,EBF,834.411,35.855133056640625,798.5558669433593,23.271730680287103
nee,CN-Du2,GRA,112.147,29.532695770263672,82.61430422973633,3.797384460680365
nee,CN-Dsh,GRA,281.15,7.749342441558838,273.40065755844114,36.28049761902696
nee,CN-Dmn,CRO,636.287,12.299339294433594,623.9876607055664,51.73342931420465
nee,CN-Din,EBF,658.8054999999999,49.32162857055664,609.4838714294433,13.357334684469132
nee,CN-Dda,GRA,98.95080000000002,15.131333351135254,83.81946664886476,6.539463357508812
nee,CN-Dan,GRA,204.421,25.141857147216797,179.2791428527832,8.130704060683497
nee,CN-DaW,WET,157.5001,25.141857147216797,132.3582428527832,6.264457676207712
nee,CN-BeO,MF,28.2106,42.87428283691406,-14.663682836914063,0.6579841838359831
nee,CN-Ash,EBF,1373.68,69.4875717163086,1304.1924282836915,19.768714981266214
nee,CN-Aro,GRA,422.007,14.114885330200195,407.8921146697998,29.89801122203056
nee,AU-Tum,EBF,613.722,94.27025604248048,519.4517439575195,6.510240088065973
nee,NZ-Kop,WET,249.7235,57.336448669433594,192.3870513305664,4.35540578105475
nee,NZ-ADd,GRA,145.32695,48.52565383911133,96.80129616088868,2.9948478485593846
nee,AU-Lit,WSA,423.202,68.342254638671875,354.8597453613281,6.1923915480618135
nee,AU-Sil,GRA,33.1007,74.97530364990234,-41.87460364990234,0.4414880419099592
nee,AU-How,WSA,721.889,65.01715087890625,656.8718491210938,11.103054966904203
nee,AU-Sno,EBF,351.886,105.63445281982422,246.2515471801758,3.331166968793748
nee,NZ-Cla,GRA,223.31,79.89745330810547,143.41254669189453,2.794957670789058
nee,AU-Emr,GRA,51.4578,45.10855484008789,6.349245159912108,1.1407547899155825
nee,AU-Ctr,EBF,93.7203,96.56652069091795,-2.84622069091796,0.97052580262234045
nee,NZ-BFu,GRA,187.882,79.89745330810547,107.98454669189454,2.3515392821780927
nee,AU-DaP,GRA,219.843,74.403167724609375,145.43983227539061,2.9547532278963087
nee,AU-Rob,EBF,922.97,102.27227783203124,820.6977221679688,9.024635214597028
nee,AU-Ya2,GRA,97.8772,104.5349578857422,-6.6577578857422,0.9363107038985063
nee,AU-Stp,GRA,98.6597,28.941402435302734,69.71829756469727,3.40894675786875
nee,AU-Cpr,WSA,209.868,19.83385848999023,190.03414151000976,10.581299655128444
nee,AU-Sam,GRA,116.5681,152.0650634765625,-35.4969634765625,0.7665672662410483
nee,AU-Rgf,CVM,24.6967,40.14148712158203,-15.444787121582031,0.6152412820481143
nee,NZ-ADw,GRA,160.641,48.52565383911133,112.11534616088866,3.310434528767225
nee,AU-Fog,GRA,483.152,86.48979949951172,396.66220050048827,5.586231009851371
nee,AU-Gin,EBF,412.189,49.5048942565918,362.6841057434082,8.326227258734427
nee,NZ-Oxf,GRA,168.14,49.94406509399414,118.19593490600585,3.366566171247024
nee,AU-Fle,WSA,422.542,90.16706085205078,332.3749391479492,4.686212415122651
nee,AU-RDF,WSA,287.393,72.3729019165039,215.02009808349607,3.971002853133666
nee,AU-TTE,SAV,6.227795,25.08450698852539,-18.85671198852539,0.2482725693133547
nee,AU-APL,WET,375.355,104.91413116455078,270.44086883544924,3.5777353902047846
nee,AU-ASM,SAV,48.0011,21.87087631225586,26.13022368774414,2.1947497354324783
nee,AU-DaS,WSA,415.405,74.403167724609375,341.0018322753906,5.583162823625342
nee,AU-Wrr,EBF,111.613,57.713680267333984,53.899319732666015,1.9339089013731308
nee,AU-GWW,EBF,162.475,26.322608947753903,136.1523910522461,6.172450471094504
nee,AU-Boy,EBF,432.6295,39.72734451293945,392.90215548706055,10.889967736431258
nee,AU-Wom,EBF,1324.015,74.85282897949219,1249.162171020508,17.688242622904035
nee,AU-Cum,EBF,373.3455,104.5349578857422,268.8105421142578,3.5714894572212916
nee,NZ-BFm,GRA,416.065,79.89745330810547,336.16754669189453,5.20748763287291
nee,AU-Rig,GRA,159.345,76.82098388671875,82.52401611328125,2.074237948253465
nee,NZ-Lau,GRA,41.19775,39.50421142578125,1.6935385742187492,1.042869823573127
nee,AU-Dry,WSA,402.096,69.32249450683594,332.77350549316407,5.800368305562764
nee,AU-Ync,GRA,50.2008,47.44911575317383,2.751684246826173,1.0579923187850369
nee,AU-MvA,CRO,147.123,81.99638366699219,65.1266163330078,1.794262056696345
nee,AU-Wel,GRA,341.847,70.20125579833984,271.64574420166014,4.869528274280303
nee,AU-Ya1,GRA,41.6339,104.5349578857422,-62.901057885742205,0.39827729251592836
nee,AU-Lon,GRA,12.7076,26.72619247436523,-14.018592474365231,0.4754736392843334
nee,AU-Whr,EBF,363.098,71.84769439697266,291.25030560302736,5.053718188837238
nee,AU-Ade,WSA,282.266,88.94895935058594,193.31704064941408,3.173347974622939
nee,AU-MvB,CRO,946.365,81.99638366699219,864.3686163330078,11.54154558624713
nee,AU-Cow,EBF,819.788,96.56652069091795,723.221479309082,8.489360433973891
nee,NZ-ScF,GRA,249.8475,67.24654388427734,182.60095611572265,3.7153954027727494
nee,AU-Otw,GRA,209.925,57.1107063293457,152.8142936706543,3.6757556243378553
et,AR-CCa,CRO,723.9068707591837,769.0166625976564,-45.10979183847269,0.9413409435289781
et,AR-CCg,GRA,754.8938578285714,769.0166625976564,-14.12280476908495,0.9816352421787851
et,AR-TF1,WET,309.4782988408163,305.5079345703125,3.970364270503808,1.0129959448552064
et,AR-TF2,WET,312.536165877551,315.72100830078125,-3.1848424232302364,0.9899124786140424
et,BR-ITA,EBF,824.831939755102,915.5062255859376,-90.67428583083563,0.9009572154762763
et,BR-Ji3,EBF,1399.2028008979592,1090.2716064453125,308.93119445264665,1.2833525083349426
et,BR-Ma2,EBF,1143.046541534694,1175.1846923828125,-32.138150848118585,0.9726526808454635
et,BR-Npw,WSA,1244.4346700081633,1024.5352783203125,219.89939168785077,1.2146333038412964
et,BR-Sa1,EBF,1256.9044302367347,1111.390625,145.5138052367347,1.1309294877637956
et,BR-Sa3,EBF,1197.1510806857143,1118.89794921875,78.2531314669643,1.0699376842379622
et,BR-Xpw,GRA,938.3201537142857,1024.5352783203125,-86.21512460602685,0.9158495305819304
et,CA-ARB,WET,296.2679010612245,323.6162414550781,-27.34834039385362,0.9154914466873261
et,CA-ARF,WET,262.3840551183673,323.6162414550781,-61.23218633671081,0.8107876599104171
et,CA-Ca1,ENF,405.28073211428574,460.1975708007813,-54.916838686495566,0.8806668218805767
et,CA-Ca2,ENF,294.36864876734694,460.1975708007813,-165.82892203343437,0.639657111303568
et,CA-Ca3,ENF,381.53653626122446,432.8990173339844,-51.36248107275992,0.881352280748807
et,CA-Cbo,DBF,454.05203686530615,516.54071044921875,-62.4886735839126,0.879024688045269
et,CA-CF3,WET,188.91281005714285,223.15382385253903,-34.241013795396185,0.8465586956823882
et,CA-DB2,WET,390.2116560979592,487.0632019042969,-96.8515458063377,0.8011519954131783
et,CA-DBB,WET,445.35630798367345,487.0632019042969,-41.70689392062343,0.9143706735438856
et,CA-DSM,WET,574.3727932408163,487.0632019042969,87.30959133651947,1.1792572113745414
et,CA-EM1,WET,507.7276502693877,372.9131164550781,134.81453381430958,1.3615172753800138
et,CA-EM2,WET,492.7120289632653,382.1851806640625,110.52684829920281,1.2891971062487506
et,CA-Gro,MF,376.5156576979592,383.2193298339844,-6.703672136025148,0.982506957206649
et,CA-KLP,WET,263.43511640816325,354.1218566894531,-90.68674028128987,0.7439109205822968
et,CA-LP1,ENF,322.6893406530612,357.32696533203125,-34.63762467897004,0.9030646213705578
et,CA-LU1,OSH,262.1985737142857,308.8749694824219,-46.67639576813616,0.8488825564390949
et,CA-Man,ENF,277.35910236734696,323.7563781738281,-46.39727580648116,0.8566907745009119
et,CA-Mer,WET,430.9389930122449,505.5522155761719,-74.61322256392697,0.8524124308724645
et,CA-Na1,ENF,503.4235800489796,466.2590026855469,37.16457736343273,1.079708010246179
et,CA-Ojp,ENF,230.0471756081633,360.9790954589844,-130.9319198508211,0.6372866974904977
et,CA-PB2,WET,171.61151686530613,280.1656494140625,-108.55413254875637,0.6125358951899131
et,CA-Qc2,MF,376.166592,395.6280822753906,-19.461490275390645,0.9508086226754657
et,CA-Qfo,ENF,281.1563188897959,386.6043395996094,-105.44802070981348,0.7272456361482601
et,CA-RBM,WET,561.2493398693878,444.1163635253906,117.13297634399714,1.2637438877824652
et,CA-SCB,WET,349.7264754612245,299.4892883300781,50.23718713114636,1.1677428512093497
et,CA-SCC,ENF,326.4485592489796,299.4892883300781,26.959270918901495,1.0900174796541928
et,CA-SF1,ENF,428.9457119510204,376.0792541503906,52.8664578006298,1.1405726511558358
et,CA-SF2,ENF,363.40508497959183,376.0792541503906,-12.674169170798791,0.9662992068003556
et,CA-SF3,OSH,306.05075706122454,373.7274475097656,-67.67669044854108,0.8189143160356915
et,CA-SJ2,ENF,178.34230212244898,360.9790954589844,-182.6367933365354,0.49405160677154175
et,CA-TP1,ENF,429.4648022693878,552.3470458984375,-122.8822436290497,0.7775271099184179
et,CA-TP3,ENF,432.04286497959185,521.9127197265625,-89.86985474697065,0.8278067359729138
et,CA-TP4,ENF,424.4349072489796,521.9127197265625,-97.47781247758292,0.8132296669668198
et,CA-TPA,CRO,663.3240071510204,521.9127197265625,141.4112874244579,1.2709481529757414
et,CA-TPD,DBF,391.4700959020408,552.3470458984375,-160.87694999639672,0.7087393674121725
et,CL-ACF,ENF,611.3640967346939,671.5965576171875,-60.23246088249357,0.9103145181443496
et,CL-SDF,EBF,764.4628949877551,630.2615966796875,134.20129830806763,1.2129295184968594
et,CL-SDP,WET,628.1933139918367,630.2615966796875,-2.0682826878507967,0.9967183742453184
et,CR-Fsc,CRO,1218.7796292734693,1137.9222412109375,80.85738806253175,1.0710570416274543
et,MX-Aog,DBF,623.7469125551021,507.5567932128906,116.19011934221146,1.228920429981274
et,MX-Tes,DBF,393.26823506938774,527.9259033203125,-134.65766825092476,0.7449307423560483
et,PE-QFR,WET,1003.23928917551,1262.9129638671875,-259.67367469167755,0.7943851380727566
et,PR-xGU,EBF,464.6296291591837,1008.443603515625,-543.8139743564413,0.4607393289415462
et,PR-xLA,GRA,993.307661632653,984.8255615234376,8.4821001092153665,1.00861279442838
et,US-A03,BSV,124.01119228408164,122.4742202758789,1.5369720082027385,1.0125493512409438
et,US-A10,BSV,103.06209814530612,79.7755126953125,23.286585449993623,1.291901420163006
et,US-A37,CVM,530.8993010938776,702.7076416015625,-171.80834050768487,0.7555052338464525
et,US-A39,CRO,550.2872600816327,724.5789794921875,-174.29171941055483,0.7594579413099934
et,US-ABa,GRA,654.0872908408164,987.5606689453124,-333.47337810449596,0.6623261855287976
et,US-ABb,GRA,597.0852487836735,987.5606689453124,-390.4754201616389,0.6046061447762435
et,US-ABc,GRA,707.7815811918367,987.5606689453124,-279.77908775347566,0.7166968100782385
et,US-ABd,GRA,650.4794199183674,987.5606689453124,-337.081249026945,0.6586728698025829
et,US-ABe,WET,884.370826432653,987.5606689453124,-103.18984251265942,0.895510376468452
et,US-ADR,BSV,67.2410019820408,93.8951416015625,-26.6541396195217,0.7161286604942065
et,US-Akn,MF,703.1381057632652,838.2723999023436,-135.1342941390784,0.8387942938896459
et,US-ALQ,WET,443.4345145469388,489.5101013183594,-46.0755867714206,0.9058740838088349
et,US-AR1,GRA,498.2687426938776,579.11083984375,-80.84209714987242,0.8604030669298395
et,US-AR2,GRA,408.30961768163263,559.46588134765625,-151.15626366602362,0.7298204078112602
et,US-ARM,CRO,657.6024210612245,719.3955078125,-61.793086751275496,0.9141041526111656
et,US-Aud,GRA,386.5509744979592,363.3477478027344,23.203226695224828,1.0638595583309411
et,US-Bar,DBF,332.0889972244898,480.1797790527344,-148.0907818282446,0.6915930485028172
et,US-Bi1,CRO,851.3119863183674,368.7318115234375,482.5801747949299,2.308756553444958
et,US-Bi2,CRO,723.1095583346939,388.1703186035156,334.9392397311783,1.8628666945380012
et,US-BRG,GRA,677.6962398367348,669.37823486328125,8.318004973453526,1.0124264646506655
et,US-BZB,WET,268.57578504489794,238.8722381591797,29.703546885718254,1.1243490960465836
et,US-BZF,WET,307.1346640163265,238.8722381591797,68.26242585714681,1.285769607984575
et,US-BZo,WET,281.5189092734694,238.8722381591797,42.64667111428969,1.1785333927581438
et,US-CdM,WSA,341.6979644081633,296.7003173828125,44.99764702535077,1.151660259153998
et,US-Ced,CSH,708.3509060571429,647.7071533203125,60.64375273683038,1.0936283510625984
et,US-CF1,CRO,433.5885433469387,357.47283935546875,76.11570399146996,1.2129272370138895
et,US-CF2,CRO,446.4711285061224,357.47283935546875,88.99828915065365,1.2489651781968092
et,US-CF3,CRO,436.2084681795919,357.47283935546875,78.73562882412313,1.220256254897813
et,US-CF4,CRO,453.9064854857143,357.47283935546875,96.43364613024556,1.2697649597774128
et,US-CGG,GRA,367.39744339591834,350.66912841796875,16.728314977949594,1.0477039853876466
et,US-ChR,DBF,684.7103994612245,758.343017578125,-73.63261811690052,0.9029032820107494
et,US-Cms,WET,111.22559844244898,79.7755126953125,31.450085747136484,1.3942323237364096
et,US-CMW,DBF,667.3247379918369,327.7666015625,339.55813642933686,2.035975400820661
et,US-Cop,GRA,129.57808173061224,320.2561340332031,-190.67805230259088,0.4046076498168744
et,US-CRK,ENF,854.0394646040817,832.28656005859375,21.752904545487922,1.026136316011106
et,US-CRT,CRO,722.5582663836735,554.0106201171875,168.54764626648603,1.3042317965508203
et,US-CS2,ENF,571.4488849959183,544.78759765625,26.66128733966832,1.048938866182653
et,US-Cst,ENF,779.2363600163266,881.02593994140625,-101.78957992507969,0.88446471856226
et,US-Cwt,DBF,726.6182482285715,757.42169189453125,-30.803443665959776,0.9593311836779965
et,US-DFC,CRO,638.3619455510204,600.51507568359375,37.846869867426676,1.0630240128848454
et,US-Dix,MF,414.4833146938776,647.7071533203125,-233.22383862643488,0.6399239418140283
et,US-Dk1,GRA,654.2766364408163,793.1142578125,-138.83762137168367,0.8249462545855452
et,US-Dk2,DBF,693.4222291591836,793.1142578125,-99.69202865331636,0.8743030683519946
et,US-Dk3,ENF,807.3033030367346,793.1142578125,14.189045224234633,1.0178902914485104
et,US-Dmg,WET,1221.740247379592,388.1703186035156,833.5699287760763,3.147433455950299
et,US-DPW,WET,1043.9228318693877,946.7945556640624,97.12827620532528,1.1025864329534525
et,US-DS1,CRO,821.4262950857143,388.1703186035156,433.25597648219866,2.1161491636992844
et,US-DS2,CRO,811.977048,388.1703186035156,423.80672939648434,2.0918061198526834
et,US-DS3,CRO,1103.9003047836736,388.1703186035156,715.729986180158,2.843855523923296
et,US-EA4,MF,482.20656832653066,681.562255859375,-199.35568753284434,0.707501866749533
et,US-EA5,CSH,401.4886678530612,475.18023681640625,-73.69156896334505,0.844918699782085
et,US-EDN,WET,1003.6501820081633,321.350341796875,682.2998402112883,3.1232273673527593
et,US-EKH,WET,553.4926105959183,396.4926452636719,156.99996533224646,1.395971948553648
et,US-EKN,WET,829.3582012408164,396.4926452636719,432.8655559771445,2.0917366592999076
et,US-EKP,WET,609.9156672979592,396.4926452636719,213.42302203428733,1.5382773793757478
et,US-Elm,WET,1178.770388767347,1022.3404541015624,156.42993466578457,1.153011586344058
et,US-EML,OSH,255.77112783673468,207.4659881591797,48.30513967755499,1.2328340182704673
et,US-Esm,WET,1111.440639085714,1086.97802734375,24.46261174196411,1.0225051575345487
et,US-EvM,WET,1332.8944870040818,1068.2672119140625,264.62727509001934,1.24771636921803
et,US-Fcr,OSH,187.08633345306123,224.67872619628903,-37.592392743227805,0.8326837908526085
et,US-Fmf,ENF,452.03879079183673,381.8478698730469,70.19092091878986,1.1838190715640924
et,US-Fuf,ENF,513.389341322449,381.8478698730469,131.54147144940214,1.344486592247158
et,US-Fwf,GRA,404.9715964408163,381.8478698730469,23.123726567769438,1.0605574324022218
et,US-GLE,ENF,551.932119477551,305.6682434082031,246.26387606934793,1.8056573797902717
et,US-Ha1,DBF,441.79609547755103,548.44464111328125,-106.64854563573022,0.8055436453545328
et,US-HB1,WET,917.157884767347,802.1455078125,115.01237695484701,1.1433809400347985
et,US-HB2,ENF,811.9905726857144,802.1455078125,9.845064873214369,1.012273415206254
et,US-HB3,ENF,637.7855363265305,802.1455078125,-164.35997148596948,0.795099555024388
et,US-HB4,WET,973.9776655836732,802.1455078125,171.83215777117323,1.214215695403905
et,US-HBK,DBF,640.9303477714286,522.53143310546875,118.39891466595986,1.2265871623498332
et,US-Ho2,ENF,383.4274161306123,517.37811279296875,-133.95069666235645,0.741097094464919
et,US-Ho3,ENF,315.7421604244898,517.37811279296875,-201.63595236847897,0.6102735168289491
et,US-Hsm,WET,1186.9657042775511,397.72418212890625,789.2415221486449,2.984394104286181
et,US-HWB,CVM,546.2446671183674,609.2137451171875,-62.969077998820126,0.8966387766140971
et,US-IAB,CRO,574.4384845714286,622.350341796875,-47.9118572254464,0.9230146526679598
et,US-IAC,CRO,587.3255779591836,588.06866455078125,-0.7430865915976028,0.9987363948525207
et,US-IAM,CRO,737.5333136326531,588.06866455078125,149.4646490818718,1.2541618999475956
et,US-ICh,OSH,133.44163361632656,132.50074768066406,0.940885935662493,1.0071009858595674
et,US-ICs,WET,158.9485468408163,132.50074768066406,26.447799160152243,1.1996049050522588
et,US-ICt,OSH,130.8609947755102,132.50074768066406,-1.6397529051538697,0.9876245762091412
et,US-Jo1,OSH,233.9976719020408,259.2829284667969,-25.285256564756082,0.9024800563836811
et,US-Jo2,OSH,250.80048382040815,259.2829284667969,-8.482444646388728,0.9672849859551206
et,US-KFS,GRA,504.86750125714286,694.3011474609375,-189.43364620379464,0.7271592494171235
et,US-KLS,GRA,511.265321632653,652.94146728515625,-141.67614565250324,0.78301861230904235
et,US-Kon,GRA,669.5827164734694,640.5924072265625,28.990309246906918,1.0452554680946347
et,US-KPL,WET,228.9484559020408,272.77703857421875,-43.82858267217796,0.8393245160909949
et,US-KS2,CSH,931.0709221714284,961.21820068359375,-30.14727851216537,0.9686363840273463
et,US-LA2,WET,590.2301652244897,921.3145751953124,-331.08440997082266,0.640639127085735
et,US-LA3,WET,880.1878343510206,940.895263671875,-60.70742932085443,0.9354790786341706
et,US-Los,WET,464.7481311673469,489.5101013183594,-24.761970151012463,0.9494147922906535
et,US-LS1,GRA,553.4005139265306,327.7666015625,225.6339123640306,1.6883981201513776
et,US-LS2,SAV,583.8671226122449,327.7666015625,256.1005210497449,1.7813502651853028
et,US-MBP,WET,548.6836187755102,466.4736022949219,82.21001648058837,1.176237232023715
et,US-Me3,ENF,343.7846302040816,423.4471435546875,-79.66251335060588,0.8118714116669496
et,US-Me5,ENF,369.46994047346936,423.4471435546875,-53.977203081218136,0.8725290655449962
et,US-Me6,ENF,296.74319715918364,423.4471435546875,-126.70394639550386,0.7007797824968909
et,US-Me7,ENF,70.42381135346939,423.4471435546875,-353.0233322012181,0.16631074840247273
et,US-MEF,ENF,440.2536372734694,371.29681396484375,68.95682330862564,1.185718866187618
et,US-MMS,DBF,507.82489920000006,676.22943115234375,-168.4045319523437,0.7509653910428444
et,US-MN1,CRO,460.9431862530612,491.2110900878906,-30.26790383482944,0.9383810658073422
et,US-MN2,CRO,495.6552581877552,491.2110900878906,4.444168099864555,1.0090473692258646
et,US-MN3,CRO,557.1210905632653,491.2110900878906,65.91000047537466,1.1341785676369434
et,US-Mo1,CRO,663.6415152489797,723.87725830078125,-60.23574305180159,0.9167873526056087
et,US-Mo2,GRA,657.7949868244898,724.483642578125,-66.6886557536352,0.9079500877116852
et,US-Mo3,CRO,578.1068945632653,723.87725830078125,-145.77036373751594,0.7986255790385028
et,US-MOz,DBF,582.6196313632654,722.5723876953125,-139.9527563320471,0.8063131684585475
et,US-Mpj,WSA,337.19810826122455,311.2225646972656,25.975543563958922,1.0834629185362121
et,US-MtB,ENF,708.3682949387755,334.2968444824219,374.07145045635366,2.1189799025339684
et,US-Myb,WET,1029.9821010612245,388.1703186035156,641.8117824577089,2.6534282805720326
et,US-NC1,ENF,615.1014182204082,841.90106201171875,-226.7996437913106,0.7306100989475249
et,US-NC2,ENF,787.2030439346938,841.90106201171875,-54.698018077024926,0.9350303491168852
et,US-NC3,ENF,950.6334140081632,841.90106201171875,108.73235199644444,1.129150985671201
et,US-NC4,WET,1027.4317317551022,737.7730712890625,289.6586604660397,1.3926121347312639
et,US-Ne1,CRO,672.2039293714286,566.23126220703125,105.97266716439731,1.18715439121348
et,US-Ne2,CRO,651.6876251755101,566.23126220703125,85.45636296847886,1.1509213084339265
et,US-Ne3,CRO,590.6172288489796,566.23126220703125,24.385966641948357,1.0430671498901312
et,US-NGC,GRA,190.3219535020408,207.1805725097656,-16.858619007724798,0.9186283790825506
et,US-NR1,ENF,601.3616256,339.7502136230469,261.61141197695315,1.7700110301246528
et,US-NR3,GRA,335.088901322449,339.7502136230469,-4.661312300597899,0.9862801784555473
et,US-Oho,DBF,604.3203116081633,563.61822509765625,40.702086510507,1.0722157032864839
et,US-ONA,GRA,879.046608489796,987.92230224609375,-108.87569375629778,0.8897932625786834
et,US-OPE,CRO,541.6907122285714,634.4901123046875,-92.79940007611606,0.8537417711065086
et,US-OWC,WET,852.6258129306123,609.33782958984375,243.2879833407685,1.3992661730924043
et,US-PAS,GRA,924.7536058775512,987.92230224609375,-63.168696368542555,0.9360590440919037
et,US-PLo,WET,524.7140114938776,513.7030029296875,11.011008564190092,1.0214345808792114
et,US-Prr,ENF,193.09773423673468,215.7005157470703,-22.60278151033563,0.8952122046066892
et,US-RC1,CRO,445.11415170612247,357.47283935546875,87.64131235065372,1.245169150497344
et,US-RC2,CRO,429.9420304653062,357.47283935546875,72.46919110983742,1.2027264259866595
et,US-RC3,CRO,227.69388029387753,243.69113159179688,-15.997251297919348,0.9343543969227568
et,US-RC4,CRO,484.63585949387755,413.6740417480469,70.96181774583067,1.171540417295632
et,US-RC5,CRO,712.6453157877552,196.109619140625,516.5356966471302,3.6339131089573744
et,US-RGA,CRO,734.5604589061224,836.91552734375,-102.35506843762755,0.8776996422058414
et,US-RGB,CRO,812.923131967347,462.67926025390625,350.24387171344074,1.7569906451420279
et,US-RGF,CRO,1000.5201833142856,306.0780334472656,694.44214986702,3.2688402106016077
et,US-RGo,CRO,747.7180460081632,429.9253234863281,317.7927225218351,1.739181213948522
et,US-RGW,CRO,790.7838654857143,833.06903076171875,-42.28516527600448,0.9492417030106846
et,US-Rls,CSH,409.77865616326534,276.09149169921875,133.6871644640466,1.4842132716269607
et,US-Rms,CSH,470.5753386122449,276.09149169921875,194.48384691302613,1.7044181105186027
et,US-Ro1,CRO,511.9995188571428,482.013671875,29.98584698214279,1.062209536226431
et,US-Ro2,CRO,610.4089963102041,482.013671875,128.3953244352041,1.2663727855182096
et,US-Ro3,CRO,487.3407966367347,482.013671875,5.327124761734694,1.0110518125782875
et,US-Ro4,GRA,386.9683076571429,482.013671875,-95.04536421785713,0.8028160407812973
et,US-Ro5,CRO,447.77915882448985,482.013671875,-34.234513050510145,0.928976053900421
et,US-Ro6,CRO,527.0080558040816,482.013671875,44.99438392908155,1.0933466964828125
et,US-Rpf,DBF,257.45784935510204,215.7005157470703,41.75733360803173,1.1935894008570487
et,US-RRC,WET,949.1289537306124,738.4185791015625,210.71037462904985,1.285353565839882
et,US-Rwe,CSH,486.17767366530614,276.09149169921875,210.0861819660874,1.7609295769061972
et,US-Rwf,CSH,478.2605802612245,276.09149169921875,202.16908856200575,1.732253961604344
et,US-Rws,OSH,297.59396429387755,276.09149169921875,21.502472594658798,1.077881692269185
et,US-SD1,CRO,742.9689492244897,652.48046875,90.48848047448973,1.1386838147781566
et,US-SD2,CRO,658.6573465469388,659.38848876953125,-0.7311422225924389,0.9988911813975448
et,US-Seg,GRA,221.69793629387755,249.7068328857422,-28.00889659186464,0.8878328787875797
et,US-Ses,OSH,212.7748638857143,249.7068328857422,-36.93196900002789,0.8520986847927915
et,US-SHC,ENF,556.7443314612245,400.0029296875,156.74140177372453,1.3918506344345474
et,US-Slt,DBF,674.7517225469388,638.281005859375,36.47071668756382,1.0571389659926664
et,US-Sne,GRA,1219.1988945306125,388.1703186035156,831.0285759270969,3.1408864513825048
et,US-Snf,GRA,795.1111208816327,388.1703186035156,406.9408022781171,2.0483563084939886
et,US-SP1,ENF,697.7449763265306,929.49005126953125,-231.74507494300065,0.7506750345240653
et,US-SRC,OSH,241.86517479183675,363.3477478027344,-121.48257301089762,0.6656575587834608
et,US-SRG,GRA,427.2036036244898,363.3477478027344,63.855855821755426,1.1757430896652303
et,US-SRM,WSA,332.7143529306122,363.3477478027344,-30.633394872122153,0.9156912487902543
et,US-Srr,WET,842.4417245877551,397.72418212890625,444.7175424588488,2.1181556526897616
et,US-SRS,WSA,403.968193567347,363.3477478027344,40.62044576461261,1.1117949567879692
et,US-SSH,DBF,472.0308524081633,609.2137451171875,-137.1828927090242,0.7748197675962878
et,US-Sta,OSH,448.6833806693878,304.05535888671875,144.62802178266907,1.475663452577242
et,US-StJ,WET,516.8967431510205,636.47015380859375,-119.57341065757328,0.8121303725837666
et,US-Syv,MF,416.0128922448979,485.4760437011719,-69.46315145627398,0.856917447611419
et,US-TaS,WET,946.9843249959184,1086.97802734375,-139.99370234783157,0.8712083420030721
et,US-TKs,CSH,225.76435846530612,152.37313842773438,73.39122003757174,1.4816545802945367
et,US-Ton,WSA,385.98937802448984,417.7388000488281,-31.749422024338287,0.9239969521130735
et,US-Tw1,WET,932.8877382857144,388.1703186035156,544.7174196821987,2.4032948774699676
et,US-Tw3,CRO,891.4860991836734,388.1703186035156,503.3157805801578,2.296636441423163
et,US-Tw4,WET,1000.7443066775512,388.1703186035156,612.5739880740356,2.5781062041988068
et,US-Tw5,WET,979.6676940734694,388.1703186035156,591.4973754699538,2.523808872347399
et,US-Twt,CRO,1037.2004190367347,388.1703186035156,649.0301004332191,2.6720240299881106
et,US-Uaf,ENF,191.0348976489796,239.53225708007812,-48.497359431098516,0.7975330754100257
et,US-UC1,CVM,511.82434197551015,605.18353271484375,-93.3591907393336,0.8457340861200804
et,US-UC2,CVM,474.6591496653062,609.2137451171875,-134.5545954518813,0.7791340124376239
et,US-UiA,CRO,700.2348065632654,690.77618408203125,9.458622481234102,1.0136927454929612
et,US-UiB,CRO,519.1006228897959,690.77618408203125,-171.67556119223536,0.7514744064021632
et,US-UiC,CRO,771.3810937469389,690.77618408203125,80.60490966490761,1.116687447428465
et,US-UiD,GRA,754.8771129795919,690.77618408203125,64.1009288975606,1.0927955108683198
et,US-UiE,CRO,726.4366310204082,690.77618408203125,35.660446938376936,1.0516237353865434
et,US-UiF,CRO,536.6724097959184,690.77618408203125,-154.10377428611287,0.7769121492066196
et,US-UiG,CRO,753.0635170285715,690.77618408203125,62.28733294654023,1.0901700643158587
et,US-UMd,DBF,391.32325645714286,469.7247924804687,-78.40153602332583,0.8330904877102355
et,US-UTB,BSV,91.66761483428571,140.49136352539062,-48.82374869110491,0.6524786473278044
et,US-UTV,CRO,644.9523316897959,190.76414489746097,454.18818679233493,3.380888646744748
et,US-UTW,CRO,756.9051718040816,225.4231719970703,531.4819998070113,3.357707928153538
et,US-Var,GRA,302.784223444898,417.7388000488281,-114.95457660393015,0.724817094819793
et,US-Vcm,ENF,490.81986102857144,390.8061828613281,100.01367816724331,1.255916314923635
et,US-Vcp,ENF,587.1130471836735,390.8061828613281,196.3068643223454,1.5023125859602944
et,US-VT1,CRO,690.9993783183673,694.582275390625,-3.5828970722576514,0.9948416520271228
et,US-VT2,CRO,683.5698176326531,694.582275390625,-11.012457757971902,0.9841452076332086
et,US-WCr,DBF,428.9927263346939,509.120361328125,-80.12763499343112,0.8426155363647118
et,US-Whs,OSH,257.7708492244898,327.7666015625,-69.99575233801022,0.7864463554116476
et,US-Wjs,SAV,329.92247137959185,332.2318115234375,-2.3093401438456453,0.993049009565772
et,US-Wkg,GRA,292.9923509877551,307.04742431640625,-14.055073328651133,0.9542250733418702
et,US-WPT,WET,702.7117561469388,609.33782958984375,93.37392655709505,1.1532383548547227
et,US-WT1,CRO,338.98401080816325,472.8365478515625,-133.85253704339925,0.7169158398360113
et,US-xAB,ENF,473.2313292734694,529.02276611328125,-55.791436839811865,0.8945386845074544
et,US-xAE,GRA,509.21085746938775,625.182373046875,-115.97151557748725,0.8144997034828557
et,US-xBA,WET,70.53973723102041,79.7755126953125,-9.23577546429209,0.8842279397242311
et,US-xBL,DBF,639.840644522449,655.35467529296875,-15.514030770519753,0.9763272753588209
et,US-xBN,ENF,201.69041789387757,223.5985870361328,-21.908169142255247,0.9020200913044457
et,US-xBR,DBF,511.8088851918366,480.1797790527344,31.629106139102248,1.065869300455546
et,US-xCL,GRA,695.939108767347,711.2342529296875,-15.295144162340534,0.9784949275160225
et,US-xCP,GRA,243.6620258938775,383.6994934082031,-140.0374675143256,0.6350334834418321
et,US-xDC,GRA,461.0610442285714,420.4280090332031,40.63303519536828,1.0966468320909593
et,US-xDJ,ENF,253.3894950857143,217.99693298339844,35.39256210231585,1.1623534864364866
et,US-xDL,MF,803.5382881469388,854.5196533203125,-50.98136517337366,0.9403391543128575
et,US-xDS,CVM,699.9140783020408,946.7945556640624,-246.88047736202157,0.739245989655206
et,US-xGR,DBF,639.5849635591836,782.29083251953125,-142.70586896034763,0.8175795202652018
et,US-xHA,DBF,510.5388528,548.44464111328125,-37.90578831328128,0.9308849326409011
et,US-xHE,OSH,202.78140920816327,207.4659881591797,-4.6845789510164195,0.9774200147572037
et,US-xJE,ENF,783.7973992653061,904.17755126953125,-120.38015200422512,0.866862264125887
et,US-xJR,OSH,217.8685181387755,259.2829284667969,-41.414410328021376,0.8402732853531281
et,US-xKA,GRA,545.6405644897959,640.5924072265625,-94.9518427367666,0.851774948211048
et,US-xKZ,GRA,558.7601536653061,640.5924072265625,-81.83225356125638,0.8722553488956446
et,US-xLE,DBF,761.6497603591837,951.17120361328125,-189.52144325409756,0.8007493892433359
et,US-xMB,OSH,240.6492411428571,320.2561340332031,-79.60689289034602,0.751427421895711
et,US-xML,DBF,440.07781635918366,714.16510009765625,-274.0872837384726,0.6162129965452059
et,US-xNG,GRA,438.598473355102,382.8362731933594,55.76220016174261,1.145655477461977
et,US-xNQ,OSH,212.75361080816324,364.9841003417969,-152.23048953363363,0.5829119970128172
et,US-xNW,ENF,534.4942913632652,339.7502136230469,194.74407774021836,1.5731978080705111
et,US-xPU,EBF,667.347923167347,1147.2535400390625,-479.90561687171555,0.5816917532846528
et,US-xRM,ENF,511.4675478857143,339.7502136230469,171.7173342626674,1.505422299610937
et,US-xRN,DBF,742.3751511183674,758.343017578125,-15.967866459757602,0.978943741697849
et,US-xSB,ENF,605.6521711346938,954.4866943359376,-348.83452320124377,0.6345318114214914
et,US-xSC,DBF,617.5036600163264,668.08013916015625,-50.57647914382983,0.9242957900119445
et,US-xSE,DBF,619.8840047020408,648.66705322265625,-28.783048520615466,0.9556273925465802
et,US-xSJ,SAV,318.2744968163265,383.7726440429687,-65.49814722664217,0.8293308597073721
et,US-xSL,CRO,356.1320242285714,389.3233642578125,-33.191340029241076,0.9147460875035962
et,US-xSP,ENF,414.4517570938775,358.7480163574219,55.70374073645564,1.1552726097332837
et,US-xSR,OSH,281.0275123591837,363.3477478027344,-82.3202354435507,0.7734395329505571
et,US-xST,DBF,464.4402835591837,495.2511596679687,-30.81087610878501,0.9377873721094534
et,US-xTA,ENF,715.6130182530612,874.0556640625,-158.44264580943877,0.8187270532942749
et,US-xTE,ENF,514.8925135346939,358.7480163574219,156.144497177272,1.4352483917895862
et,US-xTL,WET,146.93733786122448,132.50074768066406,14.436590180560415,1.1089547827711401
et,US-xTR,DBF,431.6042787428571,539.5924072265625,-107.9881284837054,0.7998709265781725
et,US-xUK,DBF,634.4584636408164,694.3011474609375,-59.842683820121124,0.9138087499365858
et,US-xUN,MF,406.3472501877551,489.5101013183594,-83.16285113060428,0.8301100408211634
et,US-xWD,GRA,358.8575704163265,420.4280090332031,-61.57043861687663,0.8535529572388358
et,US-xWR,ENF,480.0426186122449,477.50738525390625,2.535233358338644,1.0053093071157226
et,US-xYE,ENF,398.77729038367346,364.95599365234375,33.82129673132971,1.0926722599973184
et,US-YK2,WET,273.10977492244893,251.0545196533203,22.055255269128622,1.087850460926115
et,US-ZF1,CRO,531.1285767183674,674.98577880859375,-143.85720209022634,0.7868737288893015
et,US-ZF2,CRO,552.8724071510204,674.98577880859375,-122.11337165757334,0.8190874897051703
et,ZA-Uby,GRA,811.1617026612245,726.78765869140625,84.37404396981822,1.116091740085041
et,ZA-Spk,GRA,753.7577842285714,675.8956298828125,77.86215434575888,1.1151984876115544
et,ZA-Jks,GRA,1082.82755637551,478.9760437011719,603.8515126743382,2.2607133918603135
et,ZA-BfS,OSH,761.2936103020409,394.8325500488281,366.46106025321274,1.9281429816459996
et,ZA-BfK,OSH,539.2086103836734,394.8325500488281,144.3760603348453,1.3656640272363325
et,KR-WdE,EBF,802.5709511020409,719.98309326171875,82.58785784032216,1.1147080516379582
et,KR-UAO,CRO,594.8852332408162,681.0443115234375,-86.1590782826213,0.8734897614960019
et,KR-TwC,ENF,640.3127204571429,636.5023193359375,3.8104011212053592,1.0059864685570679
et,KR-SmM,MF,572.539232277551,631.48150634765625,-58.94227407010521,0.9066603321275174
et,KR-ScC,ENF,446.929035722449,624.96356201171875,-178.03452628926976,0.7151281496857389
et,KR-PcD,DBF,675.6978065142857,659.03057861328125,16.66722790100448,1.025290522840496
et,KR-Nj2,CRO,865.0607953959184,750.03875732421875,115.02203807169963,1.1533547926003764
et,KR-Nj1,CRO,751.2344642938775,750.03875732421875,1.1957069696587723,1.0015941935773085
et,KR-Kw2,DBF,389.2468951836735,634.80120849609375,-245.55431331242028,0.6131791968478407
et,KR-Kw1,ENF,514.4648758530612,634.80120849609375,-120.3363326430325,0.8104346194801345
et,KR-JjM,MF,535.8828257632654,754.529296875,-218.64647111173463,0.7102213631501217
et,KR-Hnm,CRO,804.5474873142857,762.99853515625,41.54895215803572,1.0544548255908868
et,KR-HcM,MF,455.4302667428571,649.75177001953125,-194.32150327667415,0.7009296284474409
et,KR-HPK,CRO,710.2546665795918,708.4224853515625,1.8321812280292988,1.0025862832785721
et,KR-GmS,CRO,683.0623199020408,742.55450439453125,-59.49218449249042,0.9198817270107337
et,KR-GmR,CRO,823.1812840653062,742.55450439453125,80.62677967077491,1.1085802849401833
et,KR-GmP,CRO,900.6448875428572,742.55450439453125,158.09038314832594,1.2129007126247664
et,KR-CmF,CRO,642.9126802775511,635.5013427734375,7.41133750411359,1.0116621901564664
et,KR-CRK,CRO,661.7268061714285,619.86175537109375,41.86505080033476,1.067539335081693
et,KR-AdC,ENF,626.6012652734694,661.6622314453125,-35.06096617184312,0.9470107790567748
et,TH-Mae,DBF,879.5000074775509,925.5718994140624,-46.07189193651152,0.9502233246648072
et,TH-Kog,EBF,932.780828865306,974.27520751953125,-41.494378654225216,0.9574100024982999
et,MY-LHP,EBF,1122.5824039836737,1434.0928955078125,-311.51049152413884,0.7827822085306175
et,MN-Nkh,GRA,284.9374345959184,309.70111083984375,-24.763676243925374,0.9200400793630622
et,MN-Kbu,GRA,125.33789954938776,281.5339660644531,-156.19606651506535,0.4451963693812116
et,MN-Hst,GRA,231.29981911836737,289.2492980957031,-57.94947897733576,0.7996555934315105
et,KH-Kmp,EBF,1346.543471020408,1090.110107421875,256.4333635985331,1.2352362039876883
et,JP-Ynf,EBF,818.6601748408164,849.5781860351564,-30.91801119434001,0.9636078094958754
et,JP-Yms,DBF,932.8632650448978,718.2017822265625,214.66148281833534,1.2988874270860813
et,JP-Toc,DBF,432.4627742693877,518.25640869140625,-85.79363442201856,0.834457166407943
et,JP-Tmk,DNF,592.9125612244898,518.25640869140625,74.65615253308351,1.144052540945108
et,JP-Tmd,GRA,444.25630021224487,518.25640869140625,-74.00010847916138,0.8572133267661636
et,JP-Tgf,GRA,661.0537920489795,694.83892822265625,-33.78513617367673,0.9513770245140173
et,JP-Tef,DNF,275.28145302857143,393.8785705566406,-118.59711752806919,0.6988992892899345
et,JP-Tak,DBF,112.38125063510203,673.09295654296875,-560.7117059078668,0.1669624522774632
et,JP-Ta2,ENF,538.4911580081632,673.09295654296875,-134.60179853480554,0.8000249486696079
et,JP-Srk,DBF,494.9352296816327,630.55035400390625,-135.61512432227357,0.7849257819599393
et,JP-Spp,DBF,475.02818037551026,480.1280517578125,-5.09987138230224,0.989378101605122
et,JP-Shn,MF,694.5145085387754,705.64398193359375,-11.12947339481832,0.9842279199146268
et,JP-SMF,MF,661.8208349387754,784.81414794921875,-122.99331301044333,0.8432835170825672
et,JP-Om2,GRA,926.1794941714288,718.2017822265625,207.97771194486631,1.2895811693756811
et,JP-Nuf,DBF,217.26956777142857,733.1181030273436,-515.8485352559151,0.29636366483685767
et,JP-NsM,GRA,716.7626165387755,699.3720703125,17.390546226275546,1.0248659432718052
et,JP-NsC,GRA,677.1803696816327,699.3720703125,-22.19170063086733,0.968269106570196
et,JP-Nkm,ENF,455.7497069387755,705.64398193359375,-249.89427499481826,0.6458635212758959
et,JP-Mse,CRO,831.2838588734694,694.83892822265625,136.44493065081315,1.1963691513367403
et,JP-MMF,MF,535.0294824979592,454.0787353515625,80.95074714639668,1.1782746930082995
et,JP-MBF,DBF,495.802097632653,454.0787353515625,41.72336228109049,1.0918857436668707
et,JP-Kzw,MF,185.13749064489795,704.542724609375,-519.405233964477,0.2627768113673236
et,JP-Khw,ENF,947.7410633632652,834.63824462890625,113.10281873435895,1.135511186387878
et,JP-Hc3,CRO,633.6025442448979,791.04827880859375,-157.44573456369585,0.8009657074270782
et,JP-Fmt,MF,921.8941008979592,763.53741455078125,158.35668634717797,1.2073987251041856
et,JP-Fjy,ENF,500.76501325714287,798.216064453125,-297.45105119598213,0.6273552181641794
et,JP-Fhk,DNF,542.3398971428571,798.216064453125,-255.87616731026787,0.6794399678167663
et,JP-BBY,WET,554.6827829387755,517.8968505859375,36.78593235283802,1.0710294575285004
et,JP-Api,DBF,222.7818432489796,630.44207763671875,-407.66023438773914,0.3533740071476539
et,ID-Pag,EBF,1443.9340888163265,1390.824462890625,53.109625925701494,1.0381857145475575
et,ID-PaD,EBF,1208.4429051918369,1370.5328369140625,-162.08993172222563,0.8817321793710593
et,ID-PaB,OSH,1174.9570714285717,1370.5328369140625,-195.57576548549082,0.8572994676100897
et,CN-Lsh,DNF,311.25325283265306,490.9331970214844,-179.6799441888313,0.6340032711599902
et,CN-HaM,GRA,413.9494116244898,329.3330993652344,84.61631225925544,1.2569323047769787
et,UK-AMo,WET,123.6321146644898,355.31463623046875,-231.68252156597896,0.34795108914201317
et,SE-Svb,ENF,301.3158289959184,282.06982421875,19.246004777168423,1.0682313495620248
et,SE-Sto,WET,239.2497581877551,178.38104248046875,60.868715707286356,1.341228612978596
et,SE-Nor,ENF,382.3332046530612,333.17401123046875,49.159193422592466,1.147548103290047
et,SE-Htm,ENF,412.99817539591834,459.05328369140625,-46.05510829548791,0.8996737199543747
et,SE-Deg,WET,296.18546488163264,282.06982421875,14.11564066288264,1.0500430724980199
et,NO-Hur,ENF,374.3053376326531,378.6341247558594,-4.3287871232062685,0.9885673613650184
et,NL-Loo,ENF,477.4407266938775,415.8315124511719,61.609214242705605,1.148159079814664
et,IT-TrF,DNF,534.8150196244899,477.9774475097656,56.83757211472425,1.1189126650448564
et,IT-Tor,GRA,496.7475375673469,477.9774475097656,18.770090057581285,1.0392698236190272
et,IT-SR2,ENF,734.9797241632654,552.29400634765625,182.6857178156091,1.3307762092580318
et,IT-Ren,ENF,602.5621024653061,513.18865966796875,89.37344279733736,1.1741531912555543
et,IT-Noe,CSH,362.5407931591837,452.94146728515625,-90.40067412597256,0.8004142242311866
et,IT-MBo,GRA,477.79880884897955,556.2291259765625,-78.43031712758295,0.8589963857252456
et,IT-Lsn,OSH,499.9528880816327,637.47314453125,-137.5202564496173,0.7842728628972451
et,IT-Cp2,MF,517.4338663836734,459.5895385742187,57.84432780945468,1.1258608452857841
et,IT-BFt,DBF,602.349571689796,589.46160888671875,12.887962803077244,1.021863956208137
et,IT-BCi,CRO,760.2573617632654,497.2337646484375,263.0235971148279,1.5289737258707587
et,IE-Cra,WET,221.11315464489795,435.5339660644531,-214.42081141955518,0.5076829176904568
et,GL-Dsk,OSH,105.21020465632652,93.02728271484376,12.18292194148276,1.1309607416872214
et,GF-Guy,EBF,1001.468199379592,1394.0189208984375,-392.55072151884553,0.718403591490818
et,FR-Tou,GRA,522.1881154285715,555.36285400390625,-33.1747385753348,0.9402647506289619
et,FR-Pue,EBF,430.9106555755102,545.8695068359375,-114.95885126042731,0.7894023208462925
et,FR-Mej,GRA,444.3380923591836,494.3447570800781,-50.00666472089455,0.898842530431057
et,FR-Lus,GRA,533.1051129306122,543.27838134765625,-10.173268417044028,0.9812742992058543
et,FR-Lqu,GRA,595.3463606204082,561.31829833984375,34.02806228056443,1.060621687162535
et,FR-Lam,CRO,505.6132910693878,609.148193359375,-103.5349022899872,0.8300333097616109
et,FR-LGt,WET,357.0130608979592,494.3428039550781,-137.32974305711895,0.7221973457317721
et,FR-Hes,DBF,345.70255944489793,500.23486328125,-154.53230383635207,0.6910805000221097
et,FR-Gri,CRO,467.1078668081633,452.6058349609375,14.502031847225794,1.0320411950687234
et,FR-Fon,DBF,462.1642721632653,489.0007019042969,-26.836429741031566,0.9451198543549663
et,FR-FBn,ENF,494.8270321959183,474.1663818359375,20.66065035998082,1.0435725752635274
et,FR-EM2,CRO,458.46044037551025,476.78863525390625,-18.328194878396005,0.9615590777061295
et,FR-CLt,GRA,320.55179627755103,537.47601318359375,-216.92421690604272,0.596402050351697
et,FR-Bil,ENF,561.6776215836735,637.3214111328125,-75.643789549139,0.8813098254228031
et,FR-Aur,CRO,457.6914653877551,555.36285400390625,-97.67138861615115,0.824130497904233
et,FI-Var,ENF,175.22325198367346,217.40773010253903,-42.18447811886557,0.8059660615610608
et,FI-Sod,ENF,76.24741221551021,257.22845458984375,-180.98104237433353,0.2964190425086849
et,FI-Sii,WET,340.2759403102041,298.6543273925781,41.62161291762595,1.139363836717205
et,FI-Let,ENF,367.5829248,326.41558837890625,41.16733642109375,1.1261193946819301
et,FI-Ken,ENF,285.942769567347,237.54763793945312,48.395131627893875,1.203728111328259
et,FI-Hyy,ENF,337.5310731428571,298.6543273925781,38.876745750278985,1.130173053542184
et,FI-Ant,GRA,283.28033857959184,300.1099853515625,-16.82964677197066,0.9439217367184379
et,ES-LMa,SAV,452.44453136326536,360.2332458496094,92.21128551365598,1.2559766111986024
et,DK-Vng,CRO,313.10033848163266,386.9825439453125,-73.88220546367984,0.8090812967674307
et,DK-Sor,DBF,429.0770946122449,372.0376892089844,57.0394054032605,1.1533162017120793
et,DK-Skj,WET,605.3237144816326,381.8221435546875,223.50157092694508,1.5853551835579527
et,DK-RCW,DBF,384.5757263510204,389.3805541992187,-4.804827848198272,0.9876603292168001
et,DK-Gds,ENF,544.8967067755102,386.9825439453125,157.9141628301977,1.4080653386074018
et,DE-Tha,ENF,387.927272277551,450.4152526855469,-62.48798040799585,0.8612658429406669
et,DE-RuS,CRO,565.5907639836735,445.409912109375,120.18085187429847,1.2698207844211307
et,DE-RuR,GRA,535.7643237551019,445.409912109375,90.35441164572694,1.202856760007486
et,DE-Msr,ENF,632.0085634285715,546.5693359375,85.4392274910715,1.156319101481466
et,DE-Kli,CRO,430.9544497959184,450.4152526855469,-19.460802889628496,0.956793641481731
et,DE-RuW,ENF,680.969857812245,445.409912109375,235.55994570286998,1.5288610318241544
et,DE-Hzd,DBF,452.6287247020408,445.2551879882813,7.373536713759506,1.0165602488475745
et,DE-HoH,DBF,540.2422827918367,429.09515380859375,111.14712898324296,1.2590267636367254
et,DE-Har,ENF,466.0709742367346,523.31854248046875,-57.24756824373412,0.8906066504496719
et,DE-Hai,DBF,379.880084277551,465.752197265625,-85.87211298807398,0.8156270362389726
et,DE-Gwg,GRA,506.58578037551024,546.5693359375,-39.98355556198976,0.926846325007589
et,DE-GsB,GRA,441.9867291428572,429.09515380859375,12.89157533426345,1.0300436283650363
et,DE-Gri,GRA,445.9868159510204,450.4152526855469,-4.4284367345264855,0.9901681021943141
et,DE-Geb,CRO,505.73308114285715,450.3780517578125,55.355029385044645,1.1229079196221832
et,DE-Fen,GRA,622.9302791510204,546.5693359375,76.36094321352039,1.1397095266651627
et,DE-Brs,CRO,365.1587858938775,443.9259338378906,-78.76714794401312,0.8225669150188087
et,DE-Amv,WET,358.02870039183676,406.2774658203125,-48.248765428475735,0.8812418371984847
et,CZ-wet,WET,444.0856315591837,502.30322265625,-58.217591097066304,0.8840987107564162
et,CZ-Lnz,DBF,565.628117877551,461.2334899902344,104.39462788731657,1.2263379181106882
et,CZ-BK1,ENF,462.94999200000007,519.78582763671875,-56.835835636718684,0.8906552802812439
et,CH-Dav,ENF,538.6875879673469,459.2020568847656,79.48553108258125,1.17309489339358
et,CD-Ygb,MF,1099.236220310204,1353.129150390625,-253.8929300804209,0.8123660775417288
et,BE-Vie,MF,360.9893184979592,488.7662048339844,-127.7768863360252,0.7385725832263172
et,BE-Maa,CSH,380.8281003428572,450.1946411132813,-69.36654077042408,0.845918777267343
et,BE-Lon,CRO,363.0257497469388,470.2182312011719,-107.19248145423308,0.7720367388129337
et,BE-Dor,GRA,373.2929183020408,494.8986511230469,-121.60573282100609,0.7542815432108114
et,BE-Bra,ENF,350.3679319836735,431.9701843261719,-81.60225234249839,0.8110928594069766
et,VU-Coc,EBF,915.1027765714284,1438.723388671875,-523.6206121004466,0.6360519219863277
et,ML-Kem,WSA,871.7316856163266,343.92816162109375,527.8035239952328,2.5346330510053283
et,KE-Mkt,CRO,439.0744134857143,708.1529541015625,-269.0785406158482,0.6200276521373413
et,KE-Kpt,GRA,566.605759444898,640.82513427734375,-74.21937483244574,0.884181548346816
et,KE-Chk,WSA,552.867254889796,706.16925048828125,-153.3019955984853,0.7829104064040108
et,ID-JOP,EBF,1133.7441338938777,1383.6717529296875,-249.9276190358098,0.8193736205811596
et,CR-AqC,EBF,825.2138511183673,1499.8590087890625,-674.6451576706952,0.5501942824510007
et,CN-Sb2,ENF,357.2294558693877,381.1966247558594,-23.967168886471654,0.9371264923926815
et,CN-Sb1,DNF,300.71430249795924,381.1966247558594,-80.48232225790014,0.7888692684269024
et,BW-Gum,WET,1125.69952202449,452.5456237792969,673.1538982451932,2.487482947296128
et,BJ-Nhu,SAV,761.8127006204082,785.41522216796875,-23.602521547560514,0.9699489889151742
et,BJ-Db1,CRO,1102.832498644898,928.45550537109375,174.37699327380415,1.1878140549170502
et,BJ-Bfg,DBF,1135.6878244408165,785.41522216796875,350.27260227284773,1.4459712421997577
et,ZM-Mon,DBF,715.0681666285715,695.17755126953125,19.890615359040225,1.028612280880929
et,UK-HpF,CRO,484.7659540897959,401.0645446777344,83.70140941206154,1.2086981023947598
et,UK-HgF,GRA,663.8637065142857,399.6946105957031,264.16909591858257,1.660927340313311
et,UK-Gwr,GRA,305.6598292408163,400.5992431640625,-94.9394139232462,0.7630065070183758
et,UK-Gnn,GRA,354.9553765714286,405.3941955566406,-50.43881898521204,0.8755808061929569
et,UK-GaB,GRA,348.4905768,321.5661315917969,26.92444520820311,1.0837291075242388
et,UK-Cvn,GRA,630.0326712489796,393.1223449707031,236.91032627827644,1.6026376503628452
et,UK-CCr,GRA,324.5518830857143,444.6540222167969,-120.1021391310826,0.7298975537602913
et,UK-BnB,GRA,377.92866533877555,405.3941955566406,-27.46553021786508,0.9322498187716955
et,SN-Nkr,CRO,557.171969142857,459.3300476074219,97.84192153543518,1.213010061164251
et,SN-Dhr,GRA,406.50697028571426,386.5001831054687,20.006787180245567,1.051763978530344
et,SE-Trb,WET,91.85766887020408,282.06982421875,-190.21215534854593,0.32565578088554015
et,SE-St1,WET,298.6727189877551,178.38104248046875,120.29167650728635,1.674352357372602
et,SE-Srj,WET,187.3890288,282.06982421875,-94.68079541875,0.6643356102305952
et,SE-Ros,ENF,225.80879671836732,282.06982421875,-56.26102750038268,0.8005421967549734
et,SE-Hmr,WET,216.84321815510205,282.06982421875,-65.22660606364795,0.768757235041691
et,SE-HfM,WET,240.03612205714288,282.06982421875,-42.033702161607124,0.8509812161650824
et,SD-Dem,SAV,392.5668835102041,319.0411071777344,73.52577633246972,1.2304586295568154
et,RU-Fyo,ENF,366.5949787102041,394.759765625,-28.16478691479591,0.9286533497905891
et,RU-Fy4,WET,452.4677165387755,407.5298767089844,44.93783982979113,1.1102688229699564
et,RU-Fy2,ENF,371.0117546448979,394.759765625,-23.748010980102094,0.939841865742059
et,RU-Che,WET,134.99053214693876,117.12652587890624,17.864006268032526,1.1525188776323956
et,RU-Ch2,WET,140.9698601044898,117.12652587890624,23.843334225583575,1.2035690382401891
et,PA-SPs,GRA,993.3855895836734,1358.2677001953125,-364.88211061163906,0.7313621530135991
et,PA-SPn,DBF,1157.2339368489795,1358.2677001953125,-201.033763346333,0.8519925318717178
et,NO-Ikr,WET,101.27696843755103,207.75599670410156,-106.47902826655053,0.4874803617909316
et,NO-Fns,SNO,63.60157345959184,214.26564025878903,-150.6640667991972,0.29683514996979526
et,NO-And,WET,281.8048597714286,315.945068359375,-34.140208587946404,0.8919425811416266
et,NL-Vkp,GRA,644.722412032653,415.8201293945313,228.90228263812168,1.550483890646233
et,NL-Hrw,GRA,629.7138750857143,415.8201293945313,213.89374569118303,1.5143900705399473
et,IT-SRo,ENF,516.1226159020409,552.29400634765625,-36.171390445615316,0.9345070016514967
et,IT-Ro2,DBF,485.2257934040816,483.71343994140625,1.512353462675378,1.0031265483606546
et,IT-Ro1,DBF,444.331008,483.71343994140625,-39.38243194140625,0.9185831347870409
et,IT-PT1,DBF,514.6774066285715,583.0517578125,-68.37435118392852,0.8827302203144775
et,IT-NiG,GRA,497.1867678367347,454.75146484375,42.4353029929847,1.0933153739429189
et,IT-MtP,GRA,493.2858620571428,410.4921875,82.79367455714282,1.2016936669644724
et,IT-MtM,GRA,745.7234768816327,410.4921875,335.2312893816327,1.8166569293882913
et,IT-Lav,ENF,612.3848884897959,577.6485595703125,34.73632891948341,1.0601340180702992
et,IT-Cpz,EBF,405.0900984489796,459.5895385742187,-54.49944012523912,0.8814171438838396
et,IT-CA3,DBF,602.6812485061225,568.42633056640625,34.25491793971628,1.060262722005828
et,IT-CA2,CRO,473.85475288163263,568.42633056640625,-94.57157768477362,0.8336256211239579
et,IT-CA1,DBF,654.5110643265307,568.42633056640625,86.08473376012444,1.1514439587524836
et,IT-BsB,DBF,581.8474362122448,493.3429870605469,88.50444915169794,1.1793973999286544
et,IT-Arz,OSH,707.1774785632654,571.23089599609375,135.94658256717162,1.237988847452154
et,IL-Yat,ENF,266.5651151020408,203.10400390625,63.46111119579081,1.3124562291991229
et,IE-CaN,CRO,141.91517123265305,432.9938659667969,-291.0786947341438,0.3277533064256746
et,IE-CaC,CRO,134.7226145632653,432.9938659667969,-298.27125140353155,0.3111420857255197
et,FR-Nzn,GRA,593.2268491591838,519.51300048828125,73.71384867090251,1.1418902868679324
et,FR-Mau,GRA,571.0747020244899,609.148193359375,-38.07349133488515,0.937497161199946
et,FR-LBr,ENF,582.7400654693878,605.43359375,-22.693528280612213,0.9625168994339237
et,FI-Sar,CRO,289.13717152653055,300.1099853515625,-10.972813825031949,0.9634373584331828
et,FI-Ruk,CRO,373.5215498938776,291.2874450683594,82.23410482551822,1.2823125617591224
et,FI-Rk2,ENF,286.44447100408166,319.9693298339844,-33.52485882990271,0.8952247740516348
et,FI-Qvd,CRO,342.01354040816324,291.5733642578125,50.44017615035074,1.1729930862469007
et,FI-Pap,CRO,325.1630700734694,300.1099853515625,25.053084721906885,1.0834796772675144
et,FI-Nsv,CVM,298.96124561632655,307.2436828613281,-8.282437245001574,0.973042774491348
et,FI-Jok,CRO,223.57335937959184,326.41558837890625,-102.84222899931441,0.6849346885972425
et,ES-Yst,ENF,557.6736705795918,448.9371337890625,108.73653679052927,1.242208827487236
et,ES-VDA,GRA,512.9571954122449,604.847900390625,-91.89070497838009,0.8480763429631898
et,ES-Srn,EBF,392.8251406040816,511.6796875,-118.85454689591842,0.7677168943785395
et,ES-Pzb,GRA,336.8174849632653,429.9270935058594,-93.10960854259406,0.7834293070870978
et,ES-Pdu,WET,815.985507232653,394.2515869140625,421.73392031859055,2.0697076037655076
et,ES-Mzn,EBF,421.6687870040817,511.6796875,-90.01090049591829,0.8240874072299024
et,ES-MtB,OSH,237.64804897959183,389.829345703125,-152.18129672353317,0.6096207266052592
et,ES-Mcd,EBF,370.907421355102,406.8908081054687,-35.98338675036672,0.9115650045821639
et,ES-LgS,OSH,367.32595577142854,446.5724182128906,-79.24646244146209,0.8225451030796004
et,ES-LM2,SAV,449.9559891918368,360.2332458496094,89.72274334222743,1.2490684698760008
et,ES-LM1,SAV,492.7519589877551,360.2332458496094,132.5187131381457,1.367869192155212
et,ES-LJu,OSH,231.67657822040815,313.0164794921875,-81.33990127177935,0.7401417925224302
et,ES-Hen,ENF,359.4867903183674,353.8660583496094,5.620731968758037,1.015883783810667
et,ES-HeB,ENF,442.18187103673466,353.8660583496094,88.31581268712529,1.2495741272814356
et,ES-Gdn,SAV,481.9103133061224,391.44879150390625,90.46152180221617,1.2310941399376205
et,ES-FtD,WET,503.8898596897959,442.3694458007813,61.520413889014606,1.1390702148916496
et,ES-Crg,CSH,509.0575776979591,422.4361877441406,86.6213899538185,1.2050520113259875
et,ES-Cnd,WSA,438.64677580408153,391.44879150390625,47.19798430017528,1.1205725635755457
et,ES-Amo,OSH,191.638356244898,243.16114807128903,-51.52279182639103,0.7881125655349934
et,ES-Agu,OSH,200.9549326040816,243.16114807128903,-42.20621546720744,0.8264269773276708
et,ES-Abr,SAV,346.5011599346939,436.0550537109375,-89.55389377624363,0.7946270934962968
et,EE-Stg,ENF,326.70166408163266,352.829833984375,-26.128169902742343,0.9259468236920707
et,EE-Rng,WET,463.64812339591833,376.5223083496094,87.12581504630896,1.2313961566532485
et,EE-Pts,WET,455.9718982040816,373.5088806152344,82.46301758884721,1.2207792688972112
et,DK-Eng,GRA,308.9952743510204,389.3805541992187,-80.38527984819831,0.7935559981583703
et,DE-Zrk,WET,488.0363519020409,415.4722595214844,72.56409238055653,1.1746544822610574
et,DE-Spw,WET,417.6268380734694,437.7088317871094,-20.081993713639974,0.9541201998788835
et,DE-SfS,WET,592.1249092897959,546.5693359375,45.55557335229594,1.0833482055376507
et,DE-Seh,CRO,556.9362531918367,445.409912109375,111.52634108246173,1.2503903439290216
et,DE-SbM,WET,378.05360767346934,453.5633850097656,-75.50977733629628,0.8335187984041734
et,DE-RuM,CRO,584.4783096000001,445.409912109375,139.0683974906251,1.3122256458820687
et,DE-RuC,OSH,438.0181999346938,445.409912109375,-7.3917121746811745,0.9834046976196029
et,DE-Rns,CRO,459.4966889142857,458.75830078125,0.7383881330356985,1.0016095362891053
et,DE-Obe,ENF,374.1417533387755,450.4152526855469,-76.27349934677136,0.830659599354152
et,DE-Lnf,DBF,349.7251873959184,465.752197265625,-116.0270098697066,0.7508825281965663
et,DE-Lkb,ENF,468.6638496979592,497.5468444824219,-28.882994784462653,0.9419491951265243
et,DE-Hte,WET,531.641870742857,380.35247802734375,151.28939271551326,1.3977610281393698
et,DE-Hdn,CRO,456.4330255836735,418.2064208984375,38.226604685236,1.091406068331312
et,DE-Akm,WET,516.323554089796,421.3583984375,94.96515565229595,1.225378575588976
et,CZ-Stn,DBF,419.1957016163266,507.8115539550781,-88.61585233875155,0.8254946118327378
et,CZ-RAJ,ENF,397.804801077551,462.6687927246094,-64.86399164705836,0.8598046968651573
et,CZ-LnG,GRA,470.41175431836734,461.2334899902344,9.178264328132968,1.019899388330035
et,CZ-KrP,CRO,395.2737527510204,475.18902587890625,-79.91527312788583,0.8318242451410255
et,CZ-BK2,GRA,192.88005120000005,507.7304382324219,-314.85038703242185,0.3798867207400043
et,CH-Tnk,CRO,534.365484832653,520.25347900390625,14.11200582874676,1.027125250283316
et,CH-Rtb,GRA,636.0118704,520.25347900390625,115.75839139609377,1.2225038295135064
et,CH-Rh2,GRA,690.0977326040817,533.37982177734375,156.71791082673792,1.293820471694107
et,CH-Rh1,GRA,618.7788446693878,533.37982177734375,85.39902289204406,1.160109211869836
et,CH-Oe3,GRA,608.4054107265306,529.791015625,78.61439510153059,1.1483875580804035
et,CH-Oe2,CRO,634.4545994448979,529.791015625,104.6635838198979,1.1975563585132247
et,CH-Oe1,GRA,644.2484039999999,529.791015625,114.45738837499994,1.2160425243149384
et,CH-Lae,MF,693.0647910367347,512.12445068359375,180.94034035314098,1.3533132232050593
et,CH-Fru,GRA,585.6742782367346,520.25347900390625,65.42079923282836,1.125747932254264
et,CH-Crs,GRA,659.1577599183674,527.75714111328125,131.4006188050862,1.2489793288782454
et,CH-Cha,GRA,589.3729577632653,512.12445068359375,77.24850707967153,1.1508393262156469
et,CH-Aws,GRA,578.208007689796,459.2020568847656,119.00595080503035,1.2591581396920752
et,CG-Tch,SAV,627.5570097306122,802.67919921875,-175.1221894881378,0.781827921218608
et,BE-Lcr,DBF,403.5012698938775,452.407470703125,-48.90620080924748,0.891897892991824
et,AT-PsM,WET,472.66393650612247,553.633544921875,-80.96960841575253,0.853748731162635
et,AT-Nsd,WET,685.4871028408163,507.757568359375,177.7295344814413,1.3500283315435484
et,AT-Neu,GRA,437.0354061061225,538.36212158203125,-101.32671547590877,0.8117870641081694
et,AT-Mmg,ENF,520.3204207346938,531.167236328125,-10.846815593431188,0.9795792834128597
et,CN-Zha,WET,1300.3148071836736,190.1385955810547,1110.1762116026189,6.838773596754368
et,CN-Yuc,CRO,627.1950633795918,507.76214599609375,119.43291738349808,1.235214299303865
et,CN-You,GRA,327.41074403265304,282.92010498046875,44.49063905218429,1.1572551341137658
et,CN-Yan,OSH,548.6784665142857,277.99542236328125,270.6830441510044,1.9736960481215367
et,CN-YaS,OSH,261.0521955918367,277.99542236328125,-16.94322677144453,0.9390521375229578
et,CN-Xi2,GRA,463.9965450612244,315.6322326660156,148.3643123952088,1.4700543767093637
et,CN-Wnb,BSV,135.434914677551,144.48484802246094,-9.049933344909931,0.9373641356254666
et,CN-Sdq,OSH,500.83843297959186,36.02893829345703,464.8094946861348,13.901004489786636
et,CN-Nmn,CRO,718.0487497469387,367.4521484375,350.5966013094387,1.954128592798449
et,CN-Mxn,MF,649.4979141551021,591.31414794921875,58.18376620588333,1.098397385565143
et,CN-Lch,CRO,702.7117561469388,454.5689697265625,248.1427864203763,1.5458858895926002
et,CN-Jzh,CRO,504.67171533061224,457.8568115234375,46.814903807174744,1.1022479138213679
et,CN-Jng,GRA,349.647259444898,329.3330993652344,20.314160079663623,1.061682716127889
et,CN-Huz,BSV,248.779509355102,190.1385955810547,58.640913774047306,1.3084114174444352
et,CN-HeM,DBF,602.3637404081633,34.183937072753906,568.1798033354094,17.621251148635935
et,CN-HeD,BSV,26.49279840979592,35.17998504638672,-8.687186636590798,0.7530645159417699
et,CN-HaW,WET,471.18974576326536,329.3330993652344,141.856646398031,1.4307391108620706
et,CN-Ha2,OSH,420.76714128979586,329.3330993652344,91.43404192456148,1.277633927779485
et,CN-GuT,GRA,453.0119241306122,322.7206115722656,130.2913125583466,1.403727893063846
et,CN-Erg,GRA,253.87316360816325,339.35260009765625,-85.479436489493,0.7481102650609001
et,CN-Dzo,EBF,931.2956895673468,885.690673828125,45.60501573922181,1.0514909065736326
et,CN-Du2,GRA,350.87156551836733,381.5594787597656,-30.68791324139829,0.9195723997182631
et,CN-Dsh,GRA,477.85805985306126,241.59161376953125,236.26644608353,1.977957977916066
et,CN-Dmn,CRO,695.6145163102042,190.1385955810547,505.4759207291495,3.6584603677356435
et,CN-Din,EBF,627.8989910693878,873.20257568359375,-245.303584614206,0.719075972236834
et,CN-Dda,GRA,227.64686591020404,249.10313415527344,-21.456268245069396,0.9138659241770316
et,CN-Dan,GRA,536.3246321632653,316.0395202636719,220.2851118995934,1.6970176125941765
et,CN-DaW,WET,693.8447145795918,316.0395202636719,377.80519431591995,2.1954365517347862
et,CN-BeO,MF,427.3246817632653,402.4365539550781,24.888127808187164,1.061843606311581
et,CN-Ash,EBF,704.7533396571429,708.8150634765625,-4.061723819419626,0.9942696987850429
et,CN-Aro,GRA,539.088820310204,282.92010498046875,256.1687153297353,1.9054454272432133
et,AU-Tum,EBF,827.7874056,732.27984619140625,95.5075594085938,1.1304249460166484
et,NZ-Kop,WET,561.0767391183674,821.7611083984375,-260.6843692800701,0.6827735376913516
et,NZ-ADd,GRA,546.2079572571429,517.76031494140625,28.44764231573663,1.0549436515213724
et,AU-Lit,WSA,1104.3665844244897,903.6741943359376,200.6923900885521,1.222084896687827
et,AU-Sil,GRA,513.1072550204083,542.84356689453125,-29.736311874122975,0.9452212134625878
et,AU-How,WSA,1130.0415901714289,1013.4210205078124,116.6205696636165,1.1150761305554717
et,AU-Sno,EBF,784.2037838693877,783.8319091796875,0.37187468970023474,1.000474431680243
et,NZ-Cla,GRA,800.0463431020407,612.01666259765625,188.0296805043845,1.3072296752613033
et,AU-Emr,GRA,390.78033693061224,565.19134521484375,-174.4110082842315,0.6914124574608739
et,AU-Ctr,EBF,1258.5016312163266,954.0440063476564,304.4576248686702,1.319123250964301
et,NZ-BFu,GRA,570.4068401632652,612.01666259765625,-41.60982243439105,0.9320119451359683
et,AU-DaP,GRA,739.4029404244898,807.28875732421875,-67.88581689972898,0.9159088785966271
et,AU-Rob,EBF,983.4597583346936,1115.906005859375,-132.44624752468144,0.8813105702189651
et,AU-Ya2,GRA,638.8984247510205,760.1728515625,-121.27442681147954,0.8404646698942148
et,AU-Stp,GRA,498.9436889142857,511.8424987792969,-12.898809865011174,0.9747992597414755
et,AU-Cpr,WSA,214.58266354285712,252.0442047119141,-37.46154116905697,0.8513691627550992
et,AU-Sam,GRA,664.6906444408163,875.661376953125,-210.9707325123087,0.7590726985739806
et,AU-Rgf,CVM,332.16756920816323,445.2626037597656,-113.0950345516024,0.7460037434165008
et,NZ-ADw,GRA,643.5380359836735,517.76031494140625,125.77772104226722,1.2429265384244468
et,AU-Fog,GRA,1206.385220865306,927.01641845703125,279.36880240827486,1.301363381323137
et,AU-Gin,EBF,571.6781606204081,480.2405090332031,91.43765158720498,1.1903997057042996
et,NZ-Oxf,GRA,600.9288356571428,650.2705078125,-49.34167215535717,0.9241213132649337
et,AU-Fle,WSA,596.2608869877552,623.71307373046875,-27.452186742713593,0.9559858725126279
et,AU-RDF,WSA,655.8841419428571,762.9434814453125,-107.05933950245537,0.8596759234384659
et,AU-TTE,SAV,301.84007157551014,285.9890441894531,15.851027386057012,1.0554252958569859
et,AU-APL,WET,588.3399293877551,795.3955078125,-207.0555784247449,0.7396822380928577
et,AU-ASM,SAV,247.6022176653061,291.10125732421875,-43.499039658912636,0.8505707599522153
et,AU-DaS,WSA,924.58293722449,807.28875732421875,117.29417990027127,1.1452939593622562
et,AU-Wrr,EBF,599.235673812245,736.9249267578125,-137.68925294556755,0.813157015123172
et,AU-GWW,EBF,240.8540435265306,289.0340270996094,-48.17998357307877,0.833306880658468
et,AU-Boy,EBF,399.1765906285714,438.5467834472656,-39.37019281869425,0.9102257859259195
et,AU-Wom,EBF,853.2260513632652,590.3258056640625,262.90024569920274,1.445347709987816
et,AU-Cum,EBF,706.363421289796,760.1728515625,-53.80943027270405,0.9292142173163627
et,NZ-BFm,GRA,742.6836427591836,612.01666259765625,130.66698016152736,1.213502324604892
et,AU-Rig,GRA,474.6056949551021,624.84490966796875,-150.23921471286667,0.7595575919907852
et,NZ-Lau,GRA,625.9932984489795,451.255859375,174.73743907397954,1.3872247538591411
et,AU-Dry,WSA,768.8159116897959,696.79241943359375,72.02349225620219,1.1033643453164264
et,AU-Ync,GRA,372.8459596408163,402.7666931152344,-29.920733474418057,0.925711996582951
et,AU-MvA,CRO,448.1617142204081,632.46630859375,-184.3045943733419,0.7085938146126205
et,AU-Wel,GRA,628.5378714612245,615.246337890625,13.29153357059954,1.0216035964003778
et,AU-Ya1,GRA,532.145504277551,760.1728515625,-228.02734728494897,0.7000322402776561
et,AU-Lon,GRA,292.9794703346939,410.8050231933594,-117.8255528586655,0.7131837582151305
et,AU-Whr,EBF,511.5435437387755,531.809326171875,-20.265782433099503,0.9618927660051042
et,AU-Ade,WSA,1001.6420881959184,944.1776123046876,57.46447589123079,1.0608619343885555
et,AU-MvB,CRO,950.3822412734694,632.46630859375,317.9159326797194,1.5026606609079083
et,AU-Cow,EBF,986.5897570285716,954.0440063476564,32.54575068091526,1.0341134690479419
et,NZ-ScF,GRA,752.0826552979591,804.8319091796875,-52.74925388172835,0.9344592910891266
et,AU-Otw,GRA,645.0953069387755,672.779296875,-27.68398993622452,0.9588513052277111
