site_id,n_years,map_a,map_b,map_c,bio12_mm,n_years_pf,pf_obs_mm,ratio_a_bio12,ratio_b_bio12,ratio_c_bio12,ratio_a_pf,ratio_b_pf,ratio_c_pf,excluded,data_hub,product_source_network,oneflux_code_version,fluxnet_product_name
AR-Bal,30,422.36246666666665,13.8959,422.95645625,835,2,432.5245,0.5058233133732535,0.01664179640718563,0.5065346781437126,0.9765053000851204,0.03212742861965045,0.9778786086106105,FALSE,AmeriFlux,AMF,v1.3,AMF_AR-Bal_FLUXNET_2012-2013_v1.3_r1.zip
AR-CCa,30,3554.8036,116.99896666666666,3561.1560479166665,1018,9,3415.2034444444444,3.4919485265225934,0.11493022265880812,3.498188652177472,1.0408760877137921,0.03425827145290287,1.042736137347731,FALSE,AmeriFlux,AMF,v1.3,AMF_AR-CCa_FLUXNET_2012-2020_v1.3_r1.zip
AR-CCg,30,3460.358333333333,113.90646666666667,3467.028079166667,1004,3,2971.905333333333,3.446572045152722,0.11345265604249669,3.4532152182934928,1.1643568503079282,0.03832775741174349,1.1666011162199426,FALSE,AmeriFlux,AMF,v1.3,AMF_AR-CCg_FLUXNET_2018-2024_v1.3_r1.zip
AR-TF1,30,3586.691333333333,117.96666666666667,3590.610416666667,658,3,3430.246,5.450898682877406,0.1792806484295846,5.456854736575481,1.0456076133703918,0.03439014772312734,1.0467501213226884,FALSE,AmeriFlux,AMF,v1.3,AMF_AR-TF1_FLUXNET_2016-2018_v1.3_r1.zip
AR-TF2,30,3849.4612666666667,126.5408,3851.5856,596,3,3784.856333333333,6.458827628635347,0.21231677852348993,6.462391946308725,1.0170693224903562,0.0334334486848422,1.0176305943448845,FALSE,AmeriFlux,AMF,v1.3,AMF_AR-TF2_FLUXNET_2016-2018_v1.3_r1.zip
AT-Mmg,30,812.6036333333334,26.638466666666666,810.8083291666667,1150,NA,NA,0.7066118550724638,0.023163884057971013,0.7050507210144927,NA,NA,NA,FALSE,ICOS,EUF,v1.3,EUF_AT-Mmg_FLUXNET_2021-2024_v1.3_r1.zip
AT-Neu,30,769.6289333333333,25.223466666666667,767.7392666666667,997,19,767.5762631578947,0.771944767636242,0.025299364760949516,0.7700494149114009,1.0026742231019412,0.032861186408884635,1.0002123613204261,FALSE,ICOS,EUF,v1.3,EUF_AT-Neu_FLUXNET_2002-2020_v1.3_r1.zip
AT-Nsd,30,490.758,16.096866666666667,489.94837916666665,576,3,493.2056666666667,0.8520104166666667,0.027945949074074074,0.8506048249421296,0.9950372292289152,0.03263722976959578,0.9933956811120715,FALSE,ICOS,EUF,v1.3,EUF_AT-Nsd_FLUXNET_2018-2022_v1.3_r1.zip
AT-PsM,30,1263.2589,41.4218,1260.7760375,1165,5,1272.5804,1.0843424034334763,0.03555519313304721,1.0822111909871246,0.9926751189944463,0.032549456207246315,0.9907240733080598,FALSE,ICOS,EUF,v1.3,EUF_AT-PsM_FLUXNET_2015-2019_v1.3_r1.zip
AT-Zoe,30,1781.0322333333334,58.408033333333336,1777.7945145833332,936,7,1739.8991428571428,1.902812215099715,0.062401745014245016,1.8993531138710824,1.0236410774986904,0.03356978108364355,1.0217802117334005,FALSE,ICOS,EUF,v1.3,EUF_AT-Zoe_FLUXNET_2014-2024_v1.3_r1.zip
AU-APL,30,4208.4393,138.21266666666668,4206.848041666667,1655,4,3984.294,2.5428636253776435,0.08351218529707956,2.541902139979859,1.0562572189702868,0.03468937449562374,1.0558578362105475,FALSE,TERN,TERN,v1.3,TERN_AU-APL_FLUXNET_2017-2022_v1.3_r1.zip
AU-ASM,30,311.54563333333334,10.289966666666666,313.20086041666667,366,11,349.70181818181817,0.851217577413479,0.028114663023679418,0.8557400557832423,0.8908893724177135,0.029424973310595348,0.8956226251412459,FALSE,TERN,TERN,v1.3,TERN_AU-ASM_FLUXNET_2010-2025_v1.3_r1.zip
AU-Ade,30,1611.3440666666665,53.298566666666666,1622.2751229166665,1409,3,1781.132,1.1436082801040925,0.03782722971374497,1.1513663044121125,0.9046741435596387,0.029923984671920253,0.9108112834515726,FALSE,TERN,TERN,v1.3,TERN_AU-Ade_FLUXNET_2007-2009_v1.3_r1.zip
AU-Boy,30,508.7504333333333,16.665866666666666,507.26731666666666,469,4,473.2255,1.0847557213930348,0.035534896943852166,1.0815934257285003,1.0750697782206016,0.03521760062943917,1.0719357191585548,FALSE,TERN,TERN,v1.3,TERN_AU-Boy_FLUXNET_2017-2025_v1.3_r1.zip
AU-Col,30,2023.5442333333333,66.2477,2016.41436875,767,3,1967.185,2.638258452846588,0.08637249022164276,2.6289626711212515,1.0286496863962125,0.033676395458485095,1.0250252867676402,FALSE,TERN,TERN,v1.3,TERN_AU-Col_FLUXNET_2017-2019_v1.3_r1.zip
AU-Cow,30,3341.9243666666666,110.48246666666667,3362.8100791666666,3105,12,3795.23275,1.0763041438539989,0.03558211486849168,1.0830306213097154,0.8805584760688699,0.029110854048850276,0.8860616201118802,FALSE,TERN,TERN,v1.3,TERN_AU-Cow_FLUXNET_2009-2025_v1.3_r1.zip
AU-Cpr,30,256.2216666666667,8.429366666666667,256.56884791666664,268,11,257.8698181818182,0.9560509950248757,0.03145286069651741,0.9573464474502487,0.9936085908511038,0.032688457788896064,0.994954933949524,FALSE,TERN,TERN,v1.3,TERN_AU-Cpr_FLUXNET_2010-2025_v1.3_r1.zip
AU-Ctr,30,3882.7596333333336,128.33913333333334,3906.3223708333335,3102,9,4401.419777777778,1.2516955620030088,0.04137302815387922,1.2592915444336987,0.8821607184429227,0.029158576053413873,0.8875141586257848,FALSE,TERN,TERN,v1.3,TERN_AU-Ctr_FLUXNET_2010-2018_v1.3_r1.zip
AU-Cum,30,839.5806,27.722466666666666,843.8025791666666,843,7,856.5544285714286,0.9959437722419929,0.032885488335310395,1.0009520512060102,0.9801835960386805,0.03236509641646768,0.9851126221762351,FALSE,TERN,TERN,v1.3,TERN_AU-Cum_FLUXNET_2014-2025_v1.3_r1.zip
AU-DaP,30,1249.5877,41.3455,1258.45365625,1174,6,1363.0953333333334,1.0643847529812607,0.035217632027257244,1.0719366748296422,0.9167280302722773,0.030332067749724523,0.9232323121322401,FALSE,TERN,TERN,v1.3,TERN_AU-DaP_FLUXNET_2008-2013_v1.3_r1.zip
AU-DaS,30,1165.4386333333332,38.561933333333336,1173.7288458333333,1140,14,1188.6494285714286,1.0223145906432747,0.03382625730994152,1.029586706871345,0.9804729681601823,0.03244180530139889,0.9874474488613286,FALSE,TERN,TERN,v1.3,TERN_AU-DaS_FLUXNET_2007-2025_v1.3_r1.zip
AU-Dry,30,868.1355333333333,28.7616,875.4312,854,12,830.5974166666666,1.0165521467603436,0.03367868852459017,1.025095081967213,1.0451941168048822,0.034627605892907004,1.053977754365357,FALSE,TERN,TERN,v1.3,TERN_AU-Dry_FLUXNET_2009-2025_v1.3_r1.zip
AU-Emr,30,650.5638666666666,21.4466,652.7808875,628,3,642.9173333333333,1.0359297239915073,0.03415063694267516,1.0394600119426751,1.0118934938239856,0.0333582544567679,1.015341870027873,FALSE,TERN,TERN,v1.3,TERN_AU-Emr_FLUXNET_2011-2013_v1.3_r1.zip
AU-Fle,30,560.8474,18.643366666666665,567.4574729166667,664,NA,NA,0.8446496987951807,0.028077359437751002,0.8546046278865462,NA,NA,NA,FALSE,TERN,TERN,v1.3,TERN_AU-Fle_FLUXNET_2022-2025_v1.3_r1.zip
AU-Fog,30,5851.212966666667,193.75306666666668,5897.358966666667,1466,3,6376.214666666667,3.991277603456117,0.13216443838108233,4.022755093224193,0.9176624804141893,0.030386848121591894,0.9248996897009532,TRUE,TERN,TERN,v1.3,TERN_AU-Fog_FLUXNET_2006-2008_v1.3_r1.zip
AU-GWW,30,340.5570666666667,11.247466666666666,342.34476666666666,264,8,314.54449999999997,1.2899888888888889,0.0426040404040404,1.2967604797979797,1.0826991623336817,0.035757950517865254,1.0883826188875236,FALSE,TERN,TERN,v1.3,TERN_AU-GWW_FLUXNET_2013-2025_v1.3_r1.zip
AU-Gin,30,623.8964333333333,20.427333333333333,621.7569583333334,699,10,614.5866,0.892555698617072,0.029223652837386743,0.889494933237959,1.0151481228737063,0.033237518249394526,1.011666961715946,FALSE,TERN,TERN,v1.3,TERN_AU-Gin_FLUXNET_2011-2025_v1.3_r1.zip
AU-How,30,1675.7837333333332,55.49093333333333,1689.0052833333334,1647,19,1640.2132631578947,1.0174764622546042,0.03369212709977737,1.0255041185994738,1.0216864910035874,0.033831535556843935,1.0297473635114374,FALSE,TERN,TERN,v1.3,TERN_AU-How_FLUXNET_2002-2025_v1.3_r1.zip
AU-Lit,30,1649.2909333333332,54.534,1659.878625,1585,6,1532.4801666666667,1.0405621030494216,0.03440630914826499,1.0472420347003155,1.0762233464467892,0.03558545238377745,1.0831322069312261,FALSE,TERN,TERN,v1.3,TERN_AU-Lit_FLUXNET_2015-2025_v1.3_r1.zip
AU-Lon,30,277.08093333333335,9.1688,279.07535,419,3,203.77700000000002,0.6612910103420844,0.021882577565632458,0.6660509546539379,1.3597262366868357,0.044994282966183616,1.369513487783214,FALSE,TERN,TERN,v1.3,TERN_AU-Lon_FLUXNET_2018-2024_v1.3_r1.zip
AU-Lox,30,143.38846666666666,4.715966666666667,143.54223541666667,277,2,124.2225,0.5176478941034898,0.017025150421179303,0.518203015944645,1.1542874009673503,0.037963868596000455,1.155525250390764,FALSE,TERN,TERN,v1.3,TERN_AU-Lox_FLUXNET_2008-2009_v1.3_r1.zip
AU-MvA,30,560.3472,18.431233333333335,561.0006645833333,626,NA,NA,0.8951233226837061,0.02944286474973376,0.8961671958200212,NA,NA,NA,FALSE,TERN,TERN,v1.3,TERN_AU-MvA_FLUXNET_2023-2024_v1.3_r1.zip
AU-MvB,30,593.9288333333334,19.528866666666666,594.4098791666667,620,NA,NA,0.9579497311827958,0.03149817204301075,0.9587256115591397,NA,NA,NA,FALSE,TERN,TERN,v1.3,TERN_AU-MvB_FLUXNET_2024-2024_v1.3_r1.zip
AU-Otw,30,719.6304666666666,23.582933333333333,717.8055333333333,876,4,723.4935,0.8214959665144597,0.026921156773211566,0.8194127092846271,0.9946605832210885,0.032595915973444585,0.9921381924417196,FALSE,TERN,TERN,v1.3,TERN_AU-Otw_FLUXNET_2007-2010_v1.3_r1.zip
AU-RDF,30,999.6309,33.1215,1008.13565625,955,3,1064.918,1.0467339267015707,0.03468219895287958,1.0556394306282724,0.9386928383218239,0.03110239473837422,0.9466791398492655,FALSE,TERN,TERN,v1.3,TERN_AU-RDF_FLUXNET_2011-2013_v1.3_r1.zip
AU-Rgf,30,585.0512333333334,19.165366666666667,583.3458479166667,456,6,504.709,1.283007090643275,0.042029312865497076,1.2792672103435674,1.1591852598890318,0.037973102652551605,1.1558063119870394,FALSE,TERN,TERN,v1.3,TERN_AU-Rgf_FLUXNET_2015-2025_v1.3_r1.zip
AU-Rig,30,465.1422333333333,15.270966666666666,464.81004791666663,618,7,482.33757142857144,0.7526573354908306,0.024710302049622438,0.7521198186353829,0.9643499923833229,0.0316603299664955,0.9636612933552069,FALSE,TERN,TERN,v1.3,TERN_AU-Rig_FLUXNET_2011-2017_v1.3_r1.zip
AU-Rob,30,1752.6281999999999,58.02533333333333,1766.1460833333333,2634,8,1976.13175,0.6653865603644646,0.022029359655783343,0.6705186345229056,0.8868984570487266,0.029363089446507465,0.8937390350280711,FALSE,TERN,TERN,v1.3,TERN_AU-Rob_FLUXNET_2013-2025_v1.3_r1.zip
AU-Sam,30,1000.4260666666667,32.989866666666664,1004.1290666666666,1233,8,1151.1802500000001,0.8113755609624222,0.026755771830224383,0.8143788050824546,0.869043806707652,0.028657429335385714,0.8722605053958027,FALSE,TERN,TERN,v1.3,TERN_AU-Sam_FLUXNET_2010-2017_v1.3_r1.zip
AU-Sil,30,683.9892,22.4648,683.77235,827,2,702.194,0.8270727932285369,0.027164207980652964,0.8268105804111245,0.9740744010914363,0.03199229842465188,0.9737655833003415,FALSE,TERN,TERN,v1.3,TERN_AU-Sil_FLUXNET_2019-2024_v1.3_r1.zip
AU-Sno,30,1341.243,44.1135,1342.70465625,1664,NA,NA,0.8060354567307692,0.026510516826923076,0.8069138559194712,NA,NA,NA,FALSE,TERN,TERN,v1.3,TERN_AU-Sno_FLUXNET_2024-2025_v1.3_r1.zip
AU-Stp,30,650.5608333333333,21.629633333333334,658.3519645833334,641,13,645.8429230769231,1.0149154966198648,0.03374357774310972,1.0270701475559023,1.007305042894847,0.03349054787236112,1.0193685508649917,FALSE,TERN,TERN,v1.3,TERN_AU-Stp_FLUXNET_2008-2025_v1.3_r1.zip
AU-TTE,30,323.7930333333333,10.684633333333334,325.2135270833333,249,9,288.11344444444444,1.300373627844712,0.04291017402945114,1.306078422021419,1.1238386808282694,0.03708481342804397,1.1287690087160882,FALSE,TERN,TERN,v1.3,TERN_AU-TTE_FLUXNET_2012-2025_v1.3_r1.zip
AU-Tum,30,1129.0455333333334,37.09073333333333,1128.9491958333333,1449,19,1059.4047368421052,0.7791894639981597,0.02559746951920865,0.7791229784909133,1.0657357797915978,0.03501091890894705,1.0656448442910758,FALSE,TERN,TERN,v1.3,TERN_AU-Tum_FLUXNET_2002-2022_v1.3_r1.zip
AU-Wac,30,2962.6132,97.28823333333334,2961.2106020833335,1276,4,2465.6487500000003,2.3217971786833855,0.07624469696969698,2.3206979640151517,1.2015552499114075,0.03945745854243567,1.2009863943853856,FALSE,TERN,TERN,v1.3,TERN_AU-Wac_FLUXNET_2005-2008_v1.3_r1.zip
AU-Wel,30,751.6952,24.7126,752.1897625,652,NA,NA,1.1529067484662576,0.03790276073619632,1.1536652799079754,NA,NA,NA,FALSE,TERN,TERN,v1.3,TERN_AU-Wel_FLUXNET_2024-2025_v1.3_r1.zip
AU-Wgt,30,582.3777666666666,19.1275,582.19328125,908,NA,NA,0.6413852055800293,0.021065528634361234,0.6411820278083701,NA,NA,NA,FALSE,TERN,TERN,v1.3,TERN_AU-Wgt_FLUXNET_2024-2025_v1.3_r1.zip
AU-Whr,30,307.9933666666667,10.116033333333334,307.9067645833333,581,10,301.2986,0.5301090648307516,0.017411417096959265,0.5299600078886976,1.0222197071830625,0.03357477709266931,1.021932277758122,FALSE,TERN,TERN,v1.3,TERN_AU-Whr_FLUXNET_2011-2025_v1.3_r1.zip
AU-Wom,30,852.7281,28.0026,852.3291375,1070,11,892.1644545454545,0.7969421495327104,0.026170654205607477,0.7965692873831776,0.9557969897315101,0.03138726258071662,0.9553498048005622,FALSE,TERN,TERN,v1.3,TERN_AU-Wom_FLUXNET_2010-2025_v1.3_r1.zip
AU-Wrr,30,1179.5359666666666,38.69546666666667,1177.7932666666668,1555,8,1204.21275,0.758544030010718,0.02488454448017149,0.7574233226152198,0.9795079537786547,0.032133413856203295,0.9780607842481878,FALSE,TERN,TERN,v1.3,TERN_AU-Wrr_FLUXNET_2013-2021_v1.3_r1.zip
AU-Ya1,30,742.3492666666666,24.511966666666666,746.0829854166667,843,NA,NA,0.8806041122973507,0.029077066034005537,0.8850331974100435,NA,NA,NA,FALSE,TERN,TERN,v1.3,TERN_AU-Ya1_FLUXNET_2023-2025_v1.3_r1.zip
AU-Ya2,30,790.8596666666667,26.113733333333332,794.8367583333334,847,NA,NA,0.9337186147186148,0.030830853994490356,0.9384141184573003,NA,NA,NA,FALSE,TERN,TERN,v1.3,TERN_AU-Ya2_FLUXNET_2023-2025_v1.3_r1.zip
AU-Ync,30,503.6259,16.556633333333334,503.94252708333335,435,9,641.0324444444444,1.1577606896551724,0.038061226053639846,1.1584885680076629,0.7856480656551965,0.025828073878042576,0.7861419986629209,FALSE,TERN,TERN,v1.3,TERN_AU-Ync_FLUXNET_2012-2025_v1.3_r1.zip
BE-Bra,30,811.3813666666666,26.636933333333335,810.7616583333333,808,22,822.8657727272728,1.0041848597359735,0.03296650165016502,1.0034178939768976,0.9860434028960243,0.03237093365185062,0.985290293028203,FALSE,ICOS,ICOS,v1.3,ICOS_BE-Bra_FLUXNET_1999-2024_v1.3_r1.zip
BE-Dor,30,643.6931333333333,21.135866666666665,643.3229416666667,849,10,618.0726,0.7581780133490381,0.024895013741656848,0.7577419807616804,1.0414523040389323,0.03419641425079621,1.0408533587586097,FALSE,ICOS,ICOS,v1.3,ICOS_BE-Dor_FLUXNET_2011-2024_v1.3_r1.zip
BE-Lcr,30,696.4490666666667,22.8616,695.84995,782,2,748.4639999999999,0.8905998294970162,0.02923478260869565,0.889833695652174,0.9305044286253804,0.030544688856110648,0.929703967057868,FALSE,ICOS,EUF,v1.3,EUF_BE-Lcr_FLUXNET_2019-2022_v1.3_r1.zip
BE-Lon,30,675.7650333333333,22.1899,675.40508125,800,17,718.4132352941176,0.8447062916666667,0.027737375,0.8442563515625,0.9406355564380379,0.03088737638709493,0.9401345187822018,FALSE,ICOS,ICOS,v1.3,ICOS_BE-Lon_FLUXNET_2004-2024_v1.3_r1.zip
BE-Maa,30,697.2788666666667,22.899033333333332,696.9893270833334,757,5,584.0658,0.9211081461911053,0.03024971378247468,0.9207256632540731,1.1938361511094584,0.039206256098770605,1.1933404200063304,FALSE,ICOS,ICOS,v1.3,ICOS_BE-Maa_FLUXNET_2016-2025_v1.3_r1.zip
BE-Vie,30,918.7797333333333,30.165766666666666,918.1705229166666,1103,25,900.50664,0.8329825324871563,0.027348836506497432,0.8324302111665155,1.020292013985964,0.03349866100561642,1.01961549435845,FALSE,ICOS,ICOS,v1.3,ICOS_BE-Vie_FLUXNET_1996-2025_v1.3_r1.zip
BJ-Bfg,30,1396.9521,45.644133333333336,1389.2933083333335,1173,10,1342.1776,1.1909225063938618,0.03891230463199773,1.184393272236431,1.0408101729607169,0.03400752130964884,1.0351039298624367,FALSE,ICOS,FLX,v1.3,FLX_BJ-Bfg_FLUXNET_2008-2017_v1.3_r1.zip
BJ-Db1,30,1404.9051333333332,46.10313333333333,1403.2641208333334,1194,NA,NA,1.176637465103294,0.038612339475153544,1.1752630827749861,NA,NA,NA,FALSE,ICOS,FLX,v1.3,FLX_BJ-Db1_FLUXNET_2022-2024_v1.3_r1.zip
BJ-Nhu,30,1349.8548666666666,44.110866666666666,1342.6245041666666,1205,10,1289.6543,1.1202115076071921,0.03660652835408022,1.1142112067773167,1.046679615356353,0.034203636328484825,1.041073180748257,FALSE,ICOS,FLX,v1.3,FLX_BJ-Nhu_FLUXNET_2008-2017_v1.3_r1.zip
BR-CST,30,661.4289333333334,21.864233333333335,665.4926020833333,745,2,435.121,0.887824071588367,0.029347964205816555,0.8932786605145413,1.520103450151414,0.050248628159370236,1.5294426196008313,FALSE,AmeriFlux,AMF,v1.3,AMF_BR-CST_FLUXNET_2014-2015_v1.3_r1.zip
BR-ITA,30,2457.0402,80.9709,2464.55176875,1279,1,1954.493,1.9210634870992962,0.06330797498045349,1.9269364884675528,1.257124072585576,0.04142808390718207,1.2609673039248543,FALSE,AmeriFlux,AMF,v1.3,AMF_BR-ITA_FLUXNET_2020-2024_v1.3_r1.zip
BR-Ji3,30,6879.8211,227.0644,6911.272675,2083,7,6554.927,3.30284258281325,0.10900835333653384,3.317941754680749,1.0495648692960273,0.03464026372833748,1.054363027231272,TRUE,AmeriFlux,AMF,v1.3,AMF_BR-Ji3_FLUXNET_2004-2010_v1.3_r1.zip
BR-Ma2,30,2495.3513666666668,82.07866666666666,2498.2694166666665,2352,18,2548.850111111111,1.0609487103174604,0.034897392290249435,1.062189377834467,0.979010635340529,0.032202233591086454,0.980155484928694,FALSE,AmeriFlux,AMF,v1.3,AMF_BR-Ma2_FLUXNET_1999-2016_v1.3_r1.zip
BR-Ma3,30,2134.5123,70.20823333333333,2136.9631020833335,2395,11,2119.054909090909,0.8912368684759916,0.02931450243562978,0.8922601678844816,1.0072944739859158,0.033131861299173795,1.0084510282936026,FALSE,AmeriFlux,AMF,v1.3,AMF_BR-Ma3_FLUXNET_2008-2018_v1.3_r1.zip
BR-Npw,30,1433.2037,47.32026666666667,1440.3106166666666,1320,5,1480.2686,1.085760378787879,0.03584868686868687,1.0911444065656566,0.968205162225288,0.03196735151084517,0.9730062616113498,FALSE,AmeriFlux,AMF,v1.3,AMF_BR-Npw_FLUXNET_2013-2017_v1.3_r1.zip
BR-SM1,30,5637.838066666666,185.24103333333335,5638.273952083333,1473,2,5781.649,3.8274528626386055,0.12575766010409595,3.82774877941842,0.975126312003144,0.03203948100850351,0.9752017031963256,TRUE,AmeriFlux,AMF,v1.3,AMF_BR-SM1_FLUXNET_2015-2016_v1.3_r1.zip
BR-Sa1,30,2009.1521666666667,66.23433333333334,2016.0075208333333,1868,10,2164.2986,1.0755632583868666,0.03545735189150607,1.079233148197716,0.9283156061121449,0.030603140127398936,0.931483077627705,FALSE,AmeriFlux,AMF,v1.3,AMF_BR-Sa1_FLUXNET_2002-2011_v1.3_r1.zip
BR-Sa3,30,1457.5392666666667,48.0575,1462.75015625,1852,5,1535.3652,0.7870082433405328,0.02594897408207343,0.7898218986231101,0.9493111258915251,0.03130037075218326,0.9527050347695779,FALSE,AmeriFlux,AMF,v1.3,AMF_BR-Sa3_FLUXNET_2000-2004_v1.3_r1.zip
BR-Xpw,30,1431.8699666666666,47.2788,1439.048475,1341,4,1191.6280000000002,1.0677628386776037,0.03525637583892617,1.0731159395973155,1.2016081920420354,0.03967580486527674,1.207632310586861,FALSE,AmeriFlux,AMF,v1.3,AMF_BR-Xpw_FLUXNET_2017-2022_v1.3_r1.zip
BW-Gum,30,2356.7997666666665,77.97396666666667,2373.3326104166667,462,3,2178.9333333333334,5.101298196248196,0.16877481962481963,5.1370835723304475,1.081630048341696,0.03578538428588912,1.08921763420175,FALSE,ICOS,FLX,v1.3,FLX_BW-Gum_FLUXNET_2018-2020_v1.3_r1.zip
BW-Nxr,30,2185.233133333333,72.26753333333333,2199.6430458333334,436,2,1852.4725,5.012002599388379,0.16575122324159022,5.045052857415902,1.1796305388249126,0.03901139333152494,1.1874092845282904,FALSE,ICOS,FLX,v1.3,FLX_BW-Nxr_FLUXNET_2019-2020_v1.3_r1.zip
CA-ARB,30,488.89663333333334,16.008233333333333,487.2506020833333,625,10,483.959,0.7822346133333333,0.025613173333333333,0.7796009633333333,1.010202586031737,0.03307766429249861,1.0068014069029263,FALSE,AmeriFlux,AMF,v1.3,AMF_CA-ARB_FLUXNET_2011-2024_v1.3_r1.zip
CA-ARF,30,488.89456666666666,16.008166666666668,487.24857291666666,625,10,483.9585,0.7822313066666666,0.02561306666666667,0.7795977166666667,1.0101993593803325,0.03307756071371133,1.0067982542235887,FALSE,AmeriFlux,AMF,v1.3,AMF_CA-ARF_FLUXNET_2011-2024_v1.3_r1.zip
CA-BOU,30,711.3454333333333,23.335866666666668,710.2854416666667,1032,3,712.8586666666666,0.6892882105943152,0.022612273901808786,0.6882610868863049,0.9978772323265575,0.03273561472680887,0.9963902732472449,FALSE,AmeriFlux,AMF,v1.3,AMF_CA-BOU_FLUXNET_2018-2020_v1.3_r1.zip
CA-CF1,30,3649.1881,119.4562,3635.9480875,417,2,3710.233,8.751050599520383,0.28646570743405275,8.71929997002398,0.9835468823656087,0.03219641461870454,0.9799783699568193,FALSE,AmeriFlux,AMF,v1.3,AMF_CA-CF1_FLUXNET_2007-2008_v1.3_r1.zip
CA-CF2,30,4963.8835,162.49276666666668,4945.873585416667,417,4,5143.842000000001,11.903797362110312,0.38967090327737813,11.860608118505198,0.9650147691161586,0.0315897663004942,0.9615135117712921,TRUE,AmeriFlux,AMF,v1.3,AMF_CA-CF2_FLUXNET_2008-2011_v1.3_r1.zip
CA-CF3,30,252.5199,8.266233333333334,251.60347708333333,417,NA,NA,0.605563309352518,0.019823101518784973,0.6033656524780175,NA,NA,NA,FALSE,AmeriFlux,AMF,v1.3,AMF_CA-CF3_FLUXNET_2022-2025_v1.3_r1.zip
CA-Ca1,30,1315.8228666666666,43.2451,1316.2727312499999,1692,14,1338.2565714285715,0.7776730890464932,0.02555856973995272,0.7779389664598108,0.9832366190154723,0.03231450599479322,0.9835727762165186,FALSE,AmeriFlux,AMF,v1.3,AMF_CA-Ca1_FLUXNET_1997-2010_v1.3_r1.zip
CA-Ca2,30,1178.4454666666666,38.730133333333335,1178.8484333333333,1587,11,1145.531,0.7425617307288385,0.024404620877966816,0.742815647973115,1.028732934042524,0.03380976449640676,1.029084706859381,FALSE,AmeriFlux,AMF,v1.3,AMF_CA-Ca2_FLUXNET_2000-2010_v1.3_r1.zip
CA-Ca3,30,1772.5385666666666,58.26923333333333,1773.5697895833334,1582,20,1678.69,1.120441571849979,0.0368326380109566,1.1210934194584914,1.055905835304116,0.03471113388018832,1.056520137478232,FALSE,AmeriFlux,AMF,v1.3,AMF_CA-Ca3_FLUXNET_2001-2024_v1.3_r1.zip
CA-Cbo,30,3332.7779666666665,109.4074,3330.0877375,874,25,3352.78208,3.8132471014492753,0.12518009153318077,3.8101690360411897,0.9940335778299872,0.03263182556738074,0.9932311907071515,FALSE,AmeriFlux,AMF,v1.3,AMF_CA-Cbo_FLUXNET_1996-2024_v1.3_r1.zip
CA-DB2,30,1196.4158333333332,39.331133333333334,1197.1413708333334,1342,2,1236.9445,0.8915170144063586,0.029307848981619474,0.8920576533780428,0.9672348543797504,0.03179700733002437,0.967821410607617,FALSE,AmeriFlux,AMF,v1.3,AMF_CA-DB2_FLUXNET_2019-2024_v1.3_r1.zip
CA-DBB,30,1139.3527,37.446733333333334,1139.7849458333333,1469,6,1161.1425,0.7755974812797821,0.025491309280689812,0.7758917262309961,0.9812341723776367,0.03224990329208804,0.9816064314529296,FALSE,AmeriFlux,AMF,v1.3,AMF_CA-DBB_FLUXNET_2015-2024_v1.3_r1.zip
CA-DSM,30,1166.4762333333333,38.3469,1167.18376875,1464,NA,NA,0.796773383424408,0.02619323770491803,0.7972566726434426,NA,NA,NA,FALSE,AmeriFlux,AMF,v1.3,AMF_CA-DSM_FLUXNET_2021-2024_v1.3_r1.zip
CA-EM1,30,395.9318333333333,12.964766666666668,394.61508541666666,480,NA,NA,0.824857986111111,0.027009930555555558,0.8221147612847222,NA,NA,NA,FALSE,AmeriFlux,AMF,v1.3,AMF_CA-EM1_FLUXNET_2021-2023_v1.3_r1.zip
CA-EM2,30,298.75856666666664,9.783,297.7700625,480,NA,NA,0.6224136805555555,0.02038125,0.620354296875,NA,NA,NA,FALSE,AmeriFlux,AMF,v1.3,AMF_CA-EM2_FLUXNET_2021-2023_v1.3_r1.zip
CA-Gro,30,822.5417666666667,26.975533333333335,821.0677958333333,740,12,833.25375,1.111542927927928,0.03645342342342343,1.1095510754504505,0.9871443922894637,0.03237373169137653,0.985375458356273,FALSE,AmeriFlux,AMF,v1.3,AMF_CA-Gro_FLUXNET_2003-2014_v1.3_r1.zip
CA-HPC,30,1114.4470666666666,36.513866666666665,1111.3908166666668,238,1,1581.344,4.682550700280112,0.15341960784313724,4.66970931372549,0.7047467639341387,0.023090400739286747,0.7028140725020405,FALSE,AmeriFlux,AMF,v1.3,AMF_CA-HPC_FLUXNET_2018-2018_v1.3_r1.zip
CA-KLP,30,573.9364666666667,18.8073,572.44719375,648,10,578.6282,0.8857044238683127,0.029023611111111115,0.8834061631944444,0.9918916268973179,0.03250325511269586,0.9893178274926802,FALSE,AmeriFlux,AMF,v1.3,AMF_CA-KLP_FLUXNET_2011-2020_v1.3_r1.zip
CA-LP1,30,537.0924333333334,17.6271,536.52485625,723,14,538.5635714285714,0.7428664361456893,0.0243804979253112,0.7420814056016597,0.9972684040041256,0.03272984088627287,0.9962145319759306,FALSE,AmeriFlux,AMF,v1.3,AMF_CA-LP1_FLUXNET_2007-2024_v1.3_r1.zip
CA-LU1,30,384.5509333333333,12.591366666666666,383.24972291666666,350,1,617.749,1.0987169523809523,0.03597533333333333,1.0949992083333333,0.6225035302903498,0.0203826581130308,0.6203971563153751,FALSE,AmeriFlux,AMF,v1.3,AMF_CA-LU1_FLUXNET_2020-2023_v1.3_r1.zip
CA-LU2,30,358.3070666666667,11.732066666666666,357.0947791666667,355,1,532.683,1.0093156807511738,0.033048075117370894,1.0059007863849765,0.6726459576646273,0.022024481101643317,0.6703701435312684,FALSE,AmeriFlux,AMF,v1.3,AMF_CA-LU2_FLUXNET_2020-2023_v1.3_r1.zip
CA-MA1,30,443.6125666666667,14.527566666666667,442.18281041666665,519,3,461.591,0.8547448298008992,0.02799145793192036,0.8519900008028259,0.9610511614538989,0.03147281178936909,0.9579537088389216,FALSE,AmeriFlux,AMF,v1.3,AMF_CA-MA1_FLUXNET_2009-2011_v1.3_r1.zip
CA-MA2,30,462.4175666666667,15.1434,460.9272375,518,3,480.241,0.8926980051480052,0.029234362934362934,0.8898209218146718,0.9628864813014022,0.031532917847497406,0.9597831869832022,FALSE,AmeriFlux,AMF,v1.3,AMF_CA-MA2_FLUXNET_2009-2011_v1.3_r1.zip
CA-MA3,30,473.8713333333333,15.5195,472.37478125,519,3,480.46233333333333,0.9130468850353243,0.029902697495183046,0.910163355009634,0.9862819631368952,0.03230117935016758,0.9831671464707258,FALSE,AmeriFlux,AMF,v1.3,AMF_CA-MA3_FLUXNET_2009-2011_v1.3_r1.zip
CA-Man,30,328.0806333333333,10.7311,326.62785625,509,15,324.88713333333334,0.6445592010478061,0.02108271119842829,0.6417050221021611,1.009829567478511,0.03303024004028476,1.0053579312261673,FALSE,AmeriFlux,AMF,v1.3,AMF_CA-Man_FLUXNET_1994-2008_v1.3_r1.zip
CA-Mer,30,882.9069999999999,28.9739,881.89308125,943,23,884.8837826086957,0.9362746553552491,0.03072523860021209,0.9351994498939555,0.9977660539750564,0.032743169859643075,0.9966202326028861,FALSE,AmeriFlux,AMF,v1.3,AMF_CA-Mer_FLUXNET_1998-2020_v1.3_r1.zip
CA-Mtk,30,206.7714,6.758733333333333,205.71894583333332,197,NA,NA,1.0496010152284263,0.0343082910321489,1.0442586082910321,NA,NA,NA,FALSE,AmeriFlux,AMF,v1.3,AMF_CA-Mtk_FLUXNET_2024-2024_v1.3_r1.zip
CA-Na1,30,1287.7088333333334,42.26123333333333,1286.3262895833334,1147,3,1302.4673333333333,1.1226755303690787,0.03684501598372566,1.1214701740046498,0.9886688137028133,0.03244705817318003,0.9876073331461673,FALSE,AmeriFlux,AMF,v1.3,AMF_CA-Na1_FLUXNET_2003-2005_v1.3_r1.zip
CA-Ojp,30,494.6377,16.19226666666667,492.8521166666667,473,12,487.61075,1.045745665961945,0.03423312191684285,1.0419706483439042,1.0144109825306353,0.03320736195144727,1.0107490793971763,FALSE,AmeriFlux,AMF,v1.3,AMF_CA-Ojp_FLUXNET_1999-2010_v1.3_r1.zip
CA-PB1,30,344.5383,11.282133333333332,343.3999333333333,525,5,316.339,0.6562634285714286,0.021489777777777778,0.6540951111111111,1.0891426602473928,0.035664693045540805,1.0855440945736483,FALSE,AmeriFlux,AMF,v1.3,AMF_CA-PB1_FLUXNET_2016-2024_v1.3_r1.zip
CA-PB2,30,475.45213333333334,15.568999999999999,473.8814375,524,4,443.4325,0.9073513994910941,0.0297118320610687,0.9043538883587786,1.0722085849217937,0.03511019151731098,1.0686664543081528,FALSE,AmeriFlux,AMF,v1.3,AMF_CA-PB2_FLUXNET_2017-2024_v1.3_r1.zip
CA-Qc2,30,827.3691,27.1275,825.69328125,965,4,790.6682500000001,0.8573773056994819,0.02811139896373057,0.8556407059585492,1.0464175082280083,0.03430958559421097,1.0442980115237965,FALSE,AmeriFlux,AMF,v1.3,AMF_CA-Qc2_FLUXNET_2007-2010_v1.3_r1.zip
CA-Qfo,30,975.0215000000001,31.971266666666665,973.1254291666667,983,8,947.183375,0.991883519837233,0.03252417768735164,0.9899546583587657,1.0293904282262134,0.033754041203126764,1.0273886291201708,FALSE,AmeriFlux,AMF,v1.3,AMF_CA-Qfo_FLUXNET_2003-2010_v1.3_r1.zip
CA-RBM,30,974.1024333333334,32.0122,974.3713375,1180,NA,NA,0.8255105367231639,0.027128983050847457,0.8257384216101695,NA,NA,NA,FALSE,AmeriFlux,AMF,v1.3,AMF_CA-RBM_FLUXNET_2022-2024_v1.3_r1.zip
CA-SCB,30,342.5516666666667,11.214266666666667,341.3342416666667,414,6,313.73383333333334,0.8274194847020934,0.027087600644122384,0.824478844605475,1.0918544009970235,0.03574452441905373,1.087973962004948,FALSE,AmeriFlux,AMF,v1.3,AMF_CA-SCB_FLUXNET_2014-2019_v1.3_r1.zip
CA-SCC,30,269.28866666666664,8.815833333333334,268.3319270833333,414,8,252.329125,0.6504557165861513,0.021294283413848633,0.6481447514090176,1.0672119861972598,0.034937834993615316,1.063420352618166,FALSE,AmeriFlux,AMF,v1.3,AMF_CA-SCC_FLUXNET_2013-2024_v1.3_r1.zip
CA-SF1,30,421.0691,13.784833333333333,419.5758645833333,494,4,445.8665,0.8523665991902833,0.027904520917678814,0.8493438554318489,0.9443838009807869,0.030916952346348815,0.941034737041992,FALSE,AmeriFlux,AMF,v1.3,AMF_CA-SF1_FLUXNET_2003-2006_v1.3_r1.zip
CA-SF2,30,346.47696666666667,11.345966666666667,345.34286041666667,486,5,308.5156,0.7129155692729767,0.023345610425240058,0.7105820173182442,1.1230452095993417,0.03677599014982279,1.1193692001852311,FALSE,AmeriFlux,AMF,v1.3,AMF_CA-SF2_FLUXNET_2001-2005_v1.3_r1.zip
CA-SF3,30,387.4114333333333,12.688166666666666,386.19607291666665,481,6,372.523,0.8054291753291754,0.026378724878724877,0.8029024384961885,1.0399664808168443,0.03406008935466177,1.0367039697325175,FALSE,AmeriFlux,AMF,v1.3,AMF_CA-SF3_FLUXNET_2001-2006_v1.3_r1.zip
CA-SJ2,30,499.2909,16.3446,497.4887625,477,6,509.6743333333333,1.0467314465408806,0.03426540880503145,1.0429533805031446,0.9796273175746867,0.03206871315866406,0.9760914567668374,FALSE,AmeriFlux,AMF,v1.3,AMF_CA-SJ2_FLUXNET_2003-2008_v1.3_r1.zip
CA-SMC,30,1656.6342333333332,54.219766666666665,1650.3141479166666,349,1,1524.214,4.746802960840497,0.1553574976122254,4.728693833572111,1.0868777175208555,0.03557227965801828,1.0827312620909313,FALSE,AmeriFlux,AMF,v1.3,AMF_CA-SMC_FLUXNET_2018-2018_v1.3_r1.zip
CA-TP1,30,669.2239666666667,21.967666666666666,668.6408541666667,986,19,739.7631578947369,0.6787261325219743,0.022279580797836377,0.6781347405341447,0.9046462499851777,0.029695540298578252,0.9038580078379757,FALSE,AmeriFlux,AMF,v1.3,AMF_CA-TP1_FLUXNET_2002-2023_v1.3_r1.zip
CA-TP2,30,0,0,0,970,6,0,0,0,0,NA,NA,NA,FALSE,AmeriFlux,AMF,v1.3,AMF_CA-TP2_FLUXNET_2002-2007_v1.3_r1.zip
CA-TP3,30,1099.2175666666667,36.080666666666666,1098.2052916666667,970,19,1113.4463157894736,1.1332139862542956,0.03719656357388316,1.1321704037800686,0.9872209832472092,0.03240449598244364,0.9863118464656282,FALSE,AmeriFlux,AMF,v1.3,AMF_CA-TP3_FLUXNET_2002-2023_v1.3_r1.zip
CA-TP4,30,1099.2175666666667,36.080666666666666,1098.2052916666667,976,19,1113.4463157894736,1.126247506830601,0.03696789617486339,1.1252103398224043,0.9872209832472092,0.03240449598244364,0.9863118464656282,FALSE,AmeriFlux,AMF,v1.3,AMF_CA-TP4_FLUXNET_2002-2023_v1.3_r1.zip
CA-TPA,30,1108.8337333333334,36.3963,1107.81238125,970,1,1126.701,1.143127560137457,0.037521958762886595,1.1420746198453608,0.984141962537828,0.032303423889745365,0.9832354646441248,FALSE,AmeriFlux,AMF,v1.3,AMF_CA-TPA_FLUXNET_2020-2023_v1.3_r1.zip
CA-TPD,30,931.4757333333333,30.57623333333333,930.6641020833333,986,9,905.1165555555556,0.9447015551048006,0.031010378634212302,0.943878399678837,1.0291224125953575,0.03378154243854904,1.0282256979733364,FALSE,AmeriFlux,AMF,v1.3,AMF_CA-TPD_FLUXNET_2012-2023_v1.3_r1.zip
CA-TVC,30,104.27626666666667,3.4160333333333335,103.97551458333334,219,1,138.482,0.47614733637747336,0.015598325722983258,0.4747740391933029,0.7529950944286382,0.024667706513000487,0.7508233169894524,FALSE,AmeriFlux,AMF,v1.3,AMF_CA-TVC_FLUXNET_2017-2017_v1.3_r1.zip
CD-Ygb,30,2433.6066,79.93116666666667,2432.9048854166667,1774,1,2386.996,1.3718188275084555,0.04505702743329575,1.3714232725009394,1.0195268865134253,0.033486091584010474,1.0192329125883188,FALSE,ICOS,ICOS,v1.3,ICOS_CD-Ygb_FLUXNET_2020-2025_v1.3_r1.zip
CG-Tch,30,1590.3380666666667,52.469766666666665,1597.0485229166666,1320,4,1650.9157500000001,1.2048015656565656,0.039749823232323234,1.2098852446338384,0.9633066173526218,0.03178221945406158,0.9673713046329993,FALSE,ICOS,EUF,v1.3,EUF_CG-Tch_FLUXNET_2006-2009_v1.3_r1.zip
CH-Aws,30,1332.9461333333334,43.72496666666667,1330.8786729166666,1158,15,1430.5677333333333,1.1510761082325849,0.037759038572251005,1.14929073654289,0.9317602391516729,0.030564765056446588,0.930315036405593,FALSE,ICOS,EUF,v1.3,EUF_CH-Aws_FLUXNET_2006-2024_v1.3_r2.zip
CH-Cha,30,1182.5493666666666,38.804566666666666,1181.1139979166667,1194,16,1156.145125,0.990409854829704,0.032499637074260186,0.9892077034477945,1.022838172384861,0.033563750629201215,1.021596659776312,FALSE,ICOS,EUF,v1.3,EUF_CH-Cha_FLUXNET_2005-2024_v1.3_r1.zip
CH-Crs,30,905.8019,29.72246666666667,904.6775791666666,1016,2,887.8,0.8915373031496063,0.02925439632545932,0.890430688156168,1.0202769767965758,0.03347878651347902,1.0190105645040175,FALSE,ICOS,EUF,v1.3,EUF_CH-Crs_FLUXNET_2015-2016_v1.3_r1.zip
CH-Dav,30,873.3136333333333,28.646366666666665,871.9237854166666,1094,24,869.918625,0.7982757160268129,0.02618497867154174,0.7970052883150518,1.0039026734636625,0.03292993832229614,1.0023049976848888,FALSE,ICOS,ICOS,v1.3,ICOS_CH-Dav_FLUXNET_1997-2025_v1.3_r1.zip
CH-For,30,1072.3002333333334,35.21243333333333,1071.7784395833332,1238,NA,NA,0.8661552773290253,0.028442999461497035,0.865733796109316,NA,NA,NA,FALSE,ICOS,EUF,v1.3,EUF_CH-For_FLUXNET_2024-2024_v1.3_r2.zip
CH-Frk,30,1197.6444666666666,39.28926666666666,1195.8670541666665,1224,2,1242.3245000000002,0.9784677015250545,0.03209907407407407,0.9770155671296296,0.9640351346742871,0.03162560721185701,0.9626044195108978,FALSE,ICOS,EUF,v1.3,EUF_CH-Frk_FLUXNET_2013-2014_v1.3_r1.zip
CH-Fru,30,1503.4292,49.3372,1501.701025,1398,16,1400.340125,1.0754143061516452,0.035291273247496424,1.0741781294706725,1.0736171685432496,0.03523229758198924,1.0723830576517974,FALSE,ICOS,EUF,v1.3,EUF_CH-Fru_FLUXNET_2005-2024_v1.3_r1.zip
CH-Lae,30,883.6265666666667,28.969466666666666,881.7581416666667,1160,17,840.2898235294117,0.761747040229885,0.02497367816091954,0.7601363290229886,1.051573566552586,0.03447556528173601,1.04935001826284,FALSE,ICOS,EUF,v1.3,EUF_CH-Lae_FLUXNET_2004-2024_v1.3_r1.zip
CH-Oe1,30,1175.8516666666667,38.5548,1173.511725,1126,10,1146.1085,1.0442732386027236,0.0342404973357016,1.0421951376554175,1.025951440606772,0.03363974702220601,1.0239097999883955,FALSE,ICOS,EUF,v1.3,EUF_CH-Oe1_FLUXNET_2002-2011_v1.3_r1.zip
CH-Oe2,30,1148.4836666666667,37.65743333333333,1146.1981270833332,1126,17,1128.2949411764705,1.0199677323860272,0.033443546477205446,1.0179379458999407,1.0178931277216803,0.0333755226218315,1.0158674698019963,FALSE,ICOS,EUF,v1.3,EUF_CH-Oe2_FLUXNET_2004-2024_v1.3_r1.zip
CH-Oe3,30,1160.5129666666667,38.05186666666667,1158.2036916666666,1126,10,1131.1609,1.0306509473060983,0.03379384251036116,1.0286000814091179,1.0259486220454284,0.033639658749402196,1.0239071131849293,FALSE,ICOS,EUF,v1.3,EUF_CH-Oe3_FLUXNET_2002-2011_v1.3_r2.zip
CH-Rh1,30,1677.0118333333332,55.00966666666667,1674.3567291666666,1351,3,1442.6893333333333,1.241311497656057,0.04071773994571922,1.2393462095978287,1.1624206227813427,0.038129946202323996,1.1605802375332366,FALSE,ICOS,EUF,v1.3,EUF_CH-Rh1_FLUXNET_2018-2021_v1.3_r1.zip
CH-Rh2,30,1677.0118333333332,55.00966666666667,1674.3567291666666,1351,3,1442.6893333333333,1.241311497656057,0.04071773994571922,1.2393462095978287,1.1624206227813427,0.038129946202323996,1.1605802375332366,FALSE,ICOS,EUF,v1.3,EUF_CH-Rh2_FLUXNET_2018-2021_v1.3_r1.zip
CH-Rtb,30,1436.3975666666668,47.127233333333336,1434.4351645833333,1275,12,1402.2583333333334,1.1265863267973857,0.03696253594771242,1.1250471879084967,1.02434589442031,0.0336080964634429,1.0229464361060432,FALSE,ICOS,EUF,v1.3,EUF_CH-Rtb_FLUXNET_2009-2022_v1.3_r1.zip
CH-Tnk,30,1168.7216333333333,38.344966666666664,1167.1249229166667,1094,NA,NA,1.0683013101767216,0.03505024375380865,1.066841794256551,NA,NA,NA,FALSE,ICOS,EUF,v1.3,EUF_CH-Tnk_FLUXNET_2024-2024_v1.3_r1.zip
CL-ACF,30,3172.8040666666666,103.88393333333333,3161.967220833333,1914,3,2939.143666666667,1.6576823754789272,0.0542758272378962,1.6520204915534655,1.0794994823322122,0.03534496612448682,1.0758124064140677,FALSE,AmeriFlux,AMF,v1.3,AMF_CL-ACF_FLUXNET_2018-2020_v1.3_r1.zip
CL-SDF,30,1506.9242333333334,49.35516666666667,1502.2478854166666,2409,7,1452.8217142857143,0.6255393247543932,0.020487823439878237,0.6235981259512937,1.0372396134471453,0.03397193625436163,1.034020809742132,FALSE,AmeriFlux,AMF,v1.3,AMF_CL-SDF_FLUXNET_2014-2021_v1.3_r1.zip
CL-SDP,30,1421.9918333333333,46.573433333333334,1417.5788770833333,2354,7,1404.1888571428572,0.6040746955536674,0.019784806003964883,0.6022000327456811,1.0126784770438217,0.03316749958271113,1.00953576854877,FALSE,AmeriFlux,AMF,v1.3,AMF_CL-SDP_FLUXNET_2014-2021_v1.3_r1.zip
CN-Aro,30,2471.6720666666665,80.88116666666667,2461.820510416667,411,8,2525.904125,6.013800648824006,0.19679115977291162,5.989830925587997,0.9785296449708544,0.03202067959197251,0.9746294350806631,FALSE,ICOS,CNF,v1.3,CNF_CN-Aro_FLUXNET_2013-2024_v1.3_r2.zip
CN-Ash,30,1466.8425666666667,47.9574,1459.7033625,988,11,1315.6496363636363,1.4846584682861,0.04853987854251012,1.4774325531376518,1.1149188401867514,0.03645149793264938,1.1094924683250156,FALSE,ICOS,CNF,v1.3,CNF_CN-Ash_FLUXNET_2009-2019_v1.3_r2.zip
CN-BeO,30,532.4038666666667,17.370033333333332,528.7003895833334,546,9,499.1622222222222,0.9750986568986569,0.03181324786324786,0.968315731837607,1.066594872297138,0.03479837327433077,1.0591754865374428,FALSE,ICOS,CNF,v1.3,CNF_CN-BeO_FLUXNET_2012-2020_v1.3_r2.zip
CN-DaW,30,311.1937,10.180633333333333,309.87302708333334,419,9,308.13255555555554,0.7427057279236277,0.02429745425616547,0.7395537639220366,1.0099345050993567,0.03303978482565043,1.005648450630735,FALSE,ICOS,CNF,v1.3,CNF_CN-DaW_FLUXNET_2011-2019_v1.3_r1.zip
CN-Dan,30,372.06173333333334,12.171933333333333,370.48322083333335,419,10,398.4488,0.8879754972155927,0.029049960222752587,0.8842081642800319,0.9337755147796488,0.030548299639334673,0.9298138702722492,FALSE,ICOS,CNF,v1.3,CNF_CN-Dan_FLUXNET_2011-2020_v1.3_r1.zip
CN-Dda,30,1158.7745666666667,37.8738,1152.7837875,261,4,1010.1945,4.439749297573436,0.14511034482758622,4.416796120689655,1.1470806529501663,0.03749159196570562,1.1411503304561648,FALSE,ICOS,CNF,v1.3,CNF_CN-Dda_FLUXNET_2011-2014_v1.3_r1.zip
CN-Din,30,1502.0699,49.25703333333333,1499.2609520833332,1835,11,1603.9835454545455,0.8185667029972752,0.026843069936421434,0.8170359411898274,0.9364621627551268,0.03070918867772712,0.9347109303783192,FALSE,ICOS,CNF,v1.3,CNF_CN-Din_FLUXNET_2010-2020_v1.3_r2.zip
CN-Dmn,30,1534.9443999999999,50.2207,1528.59255625,222,9,1480.4795555555556,6.914163963963963,0.22621936936936937,6.88555205518018,1.036788650164106,0.03392191389036405,1.0324982540379557,FALSE,ICOS,CNF,v1.3,CNF_CN-Dmn_FLUXNET_2012-2024_v1.3_r1.zip
CN-Dsh,30,2499.1318333333334,81.7073,2486.96594375,345,8,2637.797625,7.24386038647343,0.23683275362318842,7.208596938405797,0.9474312243090799,0.03097557569451523,0.9428190852018072,FALSE,ICOS,CNF,v1.3,CNF_CN-Dsh_FLUXNET_2013-2024_v1.3_r1.zip
CN-Du2,30,476.4095,15.584566666666667,474.35524791666666,399,9,474.7766666666667,1.1940087719298245,0.039059064327485384,1.1888602704678362,1.0034391608686188,0.03282504756622412,0.9991123852969466,FALSE,ICOS,CNF,v1.3,CNF_CN-Du2_FLUXNET_2011-2019_v1.3_r1.zip
CN-Dzo,30,1668.2482666666667,54.5349,1659.90601875,1647,11,1913.6643636363635,1.0129011940902652,0.033111657559198544,1.0078360769581056,0.8717559350358833,0.028497630533481984,0.8673966293628578,FALSE,ICOS,CNF,v1.3,CNF_CN-Dzo_FLUXNET_2010-2020_v1.3_r1.zip
CN-Erg,30,357.0635666666667,11.664633333333333,355.0422770833333,360,4,303.39300000000003,0.9918432407407408,0.032401759259259255,0.9862285474537037,1.1769011370290898,0.038447272459593104,1.1702388554888652,FALSE,ICOS,CNF,v1.3,CNF_CN-Erg_FLUXNET_2016-2019_v1.3_r1.zip
CN-GuT,30,52.5306,1.7202333333333333,52.359602083333336,568,3,549.5566666666666,0.09248345070422535,0.003028579812206573,0.09218239803403756,0.09558723091946843,0.003130220116821438,0.09527607480575252,FALSE,ICOS,CNF,v1.3,CNF_CN-GuT_FLUXNET_2015-2017_v1.3_r1.zip
CN-Ha2,30,457.11086666666665,14.963466666666667,455.45051666666666,468,9,564.4713333333333,0.976732621082621,0.031973219373219376,0.9731848646723646,0.8098035093603809,0.026508815918611754,0.8068620845227452,FALSE,ICOS,CNF,v1.3,CNF_CN-Ha2_FLUXNET_2011-2019_v1.3_r2.zip
CN-HaM,30,3057.3432333333335,100.08176666666667,3046.2387729166667,468,14,3047.5010714285713,6.532784686609687,0.21384992877492878,6.509057207086895,1.0032295843952397,0.03284060097795192,0.9995857922664116,FALSE,ICOS,JPF,v1.3,JPF_CN-HaM_FLUXNET_2001-2014_v1.3_r1.zip
CN-HaW,30,470.30376666666666,15.395333333333333,468.59545833333334,468,8,474.208625,1.0049225783475784,0.03289601139601139,1.001272346866097,0.9917655265478705,0.03246531699699332,0.9881630860959844,FALSE,ICOS,CNF,v1.3,CNF_CN-HaW_FLUXNET_2011-2018_v1.3_r1.zip
CN-HeD,30,151.21866666666665,4.936566666666667,150.25674791666665,34,2,118.21549999999999,4.447607843137255,0.14519313725490196,4.419316115196078,1.2791779983730278,0.04175904738944273,1.271041004916163,FALSE,ICOS,CNF,v1.3,CNF_CN-HeD_FLUXNET_2019-2024_v1.3_r1.zip
CN-HeM,30,152.75446666666667,4.988933333333334,151.85065833333334,41,8,142.97175,3.725718699186992,0.12168130081300814,3.703674593495935,1.0684241234136582,0.03489453918926875,1.0621025365733676,FALSE,ICOS,CNF,v1.3,CNF_CN-HeM_FLUXNET_2013-2024_v1.3_r1.zip
CN-Huz,30,1534.9443999999999,50.2207,1528.59255625,260,6,1560.1191666666666,5.903632307692307,0.19315653846153846,5.879202139423077,0.983863561704421,0.03219029742920279,0.9797921780013599,FALSE,ICOS,CNF,v1.3,CNF_CN-Huz_FLUXNET_2015-2024_v1.3_r1.zip
CN-Jng,30,2983.7575666666667,97.62089999999999,2971.33614375,481,3,3073.695,6.2032381843381845,0.20295405405405403,6.17741402027027,0.9707396363876919,0.03176011282837106,0.9666984342135442,FALSE,ICOS,CNF,v1.3,CNF_CN-Jng_FLUXNET_2018-2024_v1.3_r1.zip
CN-Jzh,30,570.5362333333334,18.6116,566.490575,549,6,541.2473333333334,1.0392281117182758,0.03390091074681238,1.0318589708561021,1.0541137077195761,0.03438649736226568,1.0466390134639616,FALSE,ICOS,CNF,v1.3,CNF_CN-Jzh_FLUXNET_2011-2016_v1.3_r2.zip
CN-Lch,30,427.3243,13.934833333333334,424.14148958333334,475,13,413.6646923076923,0.8996301052631579,0.029336491228070177,0.892929451754386,1.0330209658844836,0.03368630098835779,1.0253267863331401,FALSE,ICOS,CNF,v1.3,CNF_CN-Lch_FLUXNET_2008-2020_v1.3_r1.zip
CN-Lsh,30,453.5005,14.8135,450.88590625,587,5,442.6522,0.7725732538330494,0.02523594548551959,0.7681190907155026,1.0245075027301345,0.03346532559874321,1.0186008479117465,FALSE,ICOS,JPF,v1.3,JPF_CN-Lsh_FLUXNET_2002-2006_v1.3_r1.zip
CN-Mxn,30,945.7413,30.950733333333332,942.0629458333333,798,5,834.291,1.1851394736842105,0.03878538011695906,1.1805300073099414,1.133586842001172,0.03709824669489822,1.1291778837759645,FALSE,ICOS,CNF,v1.3,CNF_CN-Mxn_FLUXNET_2015-2019_v1.3_r1.zip
CN-Nmn,30,326.66613333333333,10.660400000000001,324.475925,431,5,339.0538,0.7579260634184068,0.024734106728538284,0.752844373549884,0.963464008760065,0.0314416178199448,0.9570042423945698,FALSE,ICOS,CNF,v1.3,CNF_CN-Nmn_FLUXNET_2015-2019_v1.3_r1.zip
CN-Qng,30,4503.760066666667,147.51546666666667,4490.002016666666,875,NA,NA,5.147154361904762,0.16858910476190475,5.131430876190476,NA,NA,NA,FALSE,ICOS,CNF,v1.3,CNF_CN-Qng_FLUXNET_2022-2024_v1.3_r1.zip
CN-Sb1,30,2080.9931333333334,68.063533333333325,2071.6837958333335,446,1,2111.835,4.665903886397609,0.15260881913303437,4.645030932361735,0.9853957024735992,0.032229569702809796,0.9809875278292733,FALSE,ICOS,FLX,v1.3,FLX_CN-Sb1_FLUXNET_2020-2024_v1.3_r1.zip
CN-Sb2,30,2080.9931333333334,68.063533333333325,2071.6837958333335,460,1,2111.835,4.523898115942029,0.1479642028985507,4.503660425724638,0.9853957024735992,0.032229569702809796,0.9809875278292733,FALSE,ICOS,FLX,v1.3,FLX_CN-Sb2_FLUXNET_2020-2024_v1.3_r1.zip
CN-Sdq,30,152.75446666666667,4.988933333333334,151.85065833333334,41,8,142.97175,3.725718699186992,0.12168130081300814,3.703674593495935,1.0684241234136582,0.03489453918926875,1.0621025365733676,FALSE,ICOS,CNF,v1.3,CNF_CN-Sdq_FLUXNET_2013-2024_v1.3_r1.zip
CN-SnB,30,880.7532666666667,28.938533333333332,880.8166083333333,1021,NA,NA,0.86263787136794,0.02834332353901404,0.8626999102187398,NA,NA,NA,FALSE,ICOS,FLX,v1.3,FLX_CN-SnB_FLUXNET_2021-2021_v1.3_r1.zip
CN-Wnb,30,127.28223333333334,4.1597,126.61086875,127,NA,NA,1.0022223097112861,0.032753543307086616,0.9969359744094488,NA,NA,NA,FALSE,ICOS,CNF,v1.3,CNF_CN-Wnb_FLUXNET_2021-2021_v1.3_r2.zip
CN-Xi2,30,321.5742666666667,10.516066666666667,320.0827791666667,322,10,285.35360000000003,0.9986778467908903,0.03265859213250518,0.9940458980331264,1.1269325730135056,0.0368527562528269,1.1217057684454188,FALSE,ICOS,CNF,v1.3,CNF_CN-Xi2_FLUXNET_2011-2020_v1.3_r1.zip
CN-YaS,30,311.3360666666667,10.182466666666667,309.9288291666667,309,10,299.9664,1.0075600862998921,0.0329529665587918,1.0030059196332255,1.0379031340399014,0.03394535743558834,1.03321181694572,FALSE,ICOS,CNF,v1.3,CNF_CN-YaS_FLUXNET_2011-2020_v1.3_r1.zip
CN-Yan,30,343.61196666666666,11.237233333333332,342.0332895833333,321,3,326.32233333333335,1.0704422637590862,0.03500695742471443,1.0655242666147455,1.0529832977005353,0.034435992224457,1.04814551333191,FALSE,ICOS,CNF,v1.3,CNF_CN-Yan_FLUXNET_2016-2018_v1.3_r1.zip
CN-You,30,2649.448966666667,86.68886666666667,2638.592379166667,452,6,2721.2256666666667,5.861612758112095,0.19178952802359883,5.837593759218289,0.9736233929882332,0.03185655189444658,0.969633798287218,FALSE,ICOS,CNF,v1.3,CNF_CN-You_FLUXNET_2015-2024_v1.3_r1.zip
CN-Yuc,30,545.4328,17.796633333333332,541.6850270833334,607,10,473.12489999999997,0.8985713344316311,0.029319000549148818,0.8923970792147172,1.1528304682336525,0.03761508500891273,1.1449091499587813,FALSE,ICOS,CNF,v1.3,CNF_CN-Yuc_FLUXNET_2011-2020_v1.3_r2.zip
CN-Zha,30,631.1700666666667,20.624166666666667,627.7480729166666,188,9,597.2614444444445,3.3572875886524822,0.10970301418439717,3.3390854942375885,1.0567734993404154,0.03453122055425941,1.0510440256202707,FALSE,ICOS,CNF,v1.3,CNF_CN-Zha_FLUXNET_2012-2024_v1.3_r1.zip
CR-AqC,30,3000.089966666667,98.3571,2993.74423125,3307,8,3054.111875,0.9071938211873803,0.02974209253099486,0.9052749414121561,0.9823117454289938,0.032204812405570445,0.9802339775945503,FALSE,ICOS,FLX,v1.3,FLX_CR-AqC_FLUXNET_2009-2016_v1.3_r1.zip
CR-Fsc,30,1835.0328666666667,60.05436666666667,1827.9047854166668,1824,4,1656.3609999999999,1.006048720760234,0.03292454312865497,1.0021407814784358,1.1078701241255178,0.03625681036118737,1.1035666653686407,FALSE,AmeriFlux,AMF,v1.3,AMF_CR-Fsc_FLUXNET_2015-2018_v1.3_r1.zip
CZ-BK1,30,1223.8335333333334,40.152233333333335,1222.1336020833332,1013,17,1261.222,1.2081278710102008,0.03963695294504772,1.2064497552648896,0.9703553643476989,0.03183597600845318,0.9690075197572935,FALSE,ICOS,ICOS,v1.3,ICOS_CZ-BK1_FLUXNET_2004-2025_v1.3_r1.zip
CZ-BK2,30,1092.0189,35.82756666666667,1090.5015604166667,1003,7,1094.568,1.0887526420737788,0.03572040545031572,1.0872398408939847,0.997671136009823,0.03273215247172096,0.9962848908580068,FALSE,ICOS,EUF,v1.3,EUF_CZ-BK2_FLUXNET_2006-2012_v1.3_r1.zip
CZ-KrP,30,604.5559666666667,19.8217,603.32299375,576,7,626.771,1.0495763310185184,0.03441267361111111,1.0474357530381946,0.964556379709123,0.03162510709653127,0.9625891972506706,FALSE,ICOS,EUF,v1.3,EUF_CZ-KrP_FLUXNET_2014-2023_v1.3_r2.zip
CZ-LnG,30,500.80443333333335,16.4269,499.99376875,647,2,542.5765,0.7740408552292632,0.025389335394126737,0.7727878960587327,0.9230116551920943,0.03027573070341233,0.9215175532851128,FALSE,ICOS,EUF,v1.3,EUF_CZ-LnG_FLUXNET_2019-2024_v1.3_r1.zip
CZ-Lnz,30,518.4126,17.004466666666666,517.5734541666667,647,6,521.1115,0.8012559505409582,0.02628201957753735,0.7999589708912932,0.9948208780654428,0.032631148356285875,0.9932105780944515,FALSE,ICOS,ICOS,v1.3,ICOS_CZ-Lnz_FLUXNET_2015-2025_v1.3_r1.zip
CZ-RAJ,30,660.3521000000001,21.643833333333333,658.7841770833334,606,9,664.8645555555555,1.0896899339933994,0.035715896589658964,1.0871026024477448,0.9932129701939294,0.0325537482070283,0.990854711051424,FALSE,ICOS,EUF,v1.3,EUF_CZ-RAJ_FLUXNET_2012-2024_v1.3_r1.zip
CZ-Stn,30,671.8468,22.0411,670.87598125,794,11,667.8085454545454,0.8461546599496222,0.0277595717884131,0.8449319663098237,1.0060470243649038,0.03300511823339678,1.0045932862290146,FALSE,ICOS,EUF,v1.3,EUF_CZ-Stn_FLUXNET_2010-2024_v1.3_r1.zip
CZ-wet,30,571.4314666666667,18.7292,570.070025,632,15,576.3256666666666,0.9041637130801687,0.029634810126582277,0.902009533227848,0.991507926363393,0.03249759829078119,0.9891456479756527,FALSE,ICOS,ICOS,v1.3,ICOS_CZ-wet_FLUXNET_2006-2025_v1.3_r1.zip
DE-Akm,30,2403.4020666666665,78.8132,2398.876775,563,12,2435.1579166666666,4.26892018946122,0.13998792184724687,4.260882371225578,0.9869594288802968,0.03236471830454527,0.9851011133945968,FALSE,ICOS,EUF,v1.3,EUF_DE-Akm_FLUXNET_2009-2024_v1.3_r2.zip
DE-Amv,30,750.4336333333333,24.626633333333334,749.5731520833333,773,NA,NA,0.9708067701595515,0.03185851660198361,0.9696935990728762,NA,NA,NA,FALSE,ICOS,ICOS,v1.3,ICOS_DE-Amv_FLUXNET_2023-2025_v1.3_r1.zip
DE-Brs,30,669.0684,21.9466,667.9996375,624,NA,NA,1.072225,0.03517083333333333,1.0705122395833333,NA,NA,NA,FALSE,ICOS,ICOS,v1.3,ICOS_DE-Brs_FLUXNET_2023-2025_v1.3_r1.zip
DE-Etn,30,4270.398866666666,140.18656666666666,4266.928622916666,1062,NA,NA,4.021091211550534,0.13200241682360325,4.017823562068424,NA,NA,NA,FALSE,ICOS,EUF,v1.3,EUF_DE-Etn_FLUXNET_2024-2024_v1.3_r1.zip
DE-Fen,30,1042.6085333333333,34.19063333333333,1040.6774020833334,1131,NA,NA,0.9218466254052461,0.030230445033893306,0.9201391707191277,NA,NA,NA,FALSE,ICOS,ICOS,v1.3,ICOS_DE-Fen_FLUXNET_2023-2025_v1.3_r1.zip
DE-Geb,30,611.8403,20.066066666666668,610.7609041666667,500,1,529.725,1.2236806,0.040132133333333334,1.2215218083333335,1.1550149605927602,0.03788015794358708,1.152977307407932,FALSE,ICOS,ICOS,v1.3,ICOS_DE-Geb_FLUXNET_2020-2024_v1.3_r1.zip
DE-Gri,30,913.0325333333334,29.946633333333335,911.5006520833333,790,17,921.8394117647059,1.1557373839662448,0.03790713080168776,1.1537982937763713,0.9904464071301603,0.032485737701326484,0.9887846412841248,FALSE,ICOS,ICOS,v1.3,ICOS_DE-Gri_FLUXNET_2004-2025_v1.3_r1.zip
DE-GsB,30,516.6206666666667,16.943466666666666,515.7167666666667,505,6,500.5828333333333,1.0230112211221123,0.03355141914191419,1.0212213201320133,1.0320383206642125,0.03384747845594652,1.0302326255028722,FALSE,ICOS,ICOS,v1.3,ICOS_DE-GsB_FLUXNET_2015-2025_v1.3_r1.zip
DE-Gwg,30,1172.6761999999999,38.4445,1170.15446875,1331,NA,NA,0.8810489857250187,0.028883921863260706,0.8791543717129977,NA,NA,NA,FALSE,ICOS,ICOS,v1.3,ICOS_DE-Gwg_FLUXNET_2023-2025_v1.3_r1.zip
DE-Hai,30,729.2309333333334,23.923733333333335,728.1786333333333,865,21,717.2336190476191,0.8430415414258189,0.027657495183044317,0.8418250096339114,1.0167272057069006,0.03335556602198952,1.0152600407943058,FALSE,ICOS,ICOS,v1.3,ICOS_DE-Hai_FLUXNET_2000-2025_v1.3_r1.zip
DE-Har,30,594.0937666666666,19.50273333333333,593.6144458333333,797,1,465,0.745412505227938,0.02447017984107068,0.7448110989125889,1.2776210035842293,0.041941362007168456,1.27659020609319,FALSE,ICOS,ICOS,v1.3,ICOS_DE-Har_FLUXNET_2020-2025_v1.3_r1.zip
DE-Hdn,30,2464.5783333333334,80.8274,2460.1839875,559,1,2259.181,4.4089057841383426,0.14459284436493738,4.401044700357782,1.0909167230661614,0.03577730159734877,1.0889716173693034,FALSE,ICOS,EUF,v1.3,EUF_DE-Hdn_FLUXNET_2020-2023_v1.3_r1.zip
DE-HoH,30,494.7356666666667,16.223433333333332,493.80075208333335,572,6,468.08,0.8649224941724942,0.028362645687645686,0.8632880281177157,1.056946818207714,0.03465953113427904,1.0549494788996183,FALSE,ICOS,ICOS,v1.3,ICOS_DE-HoH_FLUXNET_2015-2025_v1.3_r1.zip
DE-Hte,30,607.5053,19.93156666666667,606.6670604166667,584,10,615.3186,1.040248801369863,0.03412939497716895,1.03881345961758,0.9873020253247669,0.0323922707141742,0.9859397398626772,FALSE,ICOS,EUF,v1.3,EUF_DE-Hte_FLUXNET_2009-2018_v1.3_r2.zip
DE-Hzd,30,3285.0614666666665,107.747,3279.5493125,759,NA,NA,4.328144224857268,0.14195915678524373,4.320881834650856,NA,NA,NA,FALSE,ICOS,ICOS,v1.3,ICOS_DE-Hzd_FLUXNET_2010-2025_v1.3_r1.zip
DE-Kli,30,785.4598666666667,25.762366666666665,784.1420354166667,826,3,584.9736666666666,0.9509199354317999,0.031189305891848262,0.9493244980831316,1.3427268805832286,0.04404021605530961,1.3404740761834864,FALSE,ICOS,ICOS,v1.3,ICOS_DE-Kli_FLUXNET_2018-2024_v1.3_r1.zip
DE-Lkb,30,4786.6331666666665,156.94463333333331,4777.002277083333,1332,5,4767.3330000000005,3.593568443443443,0.11782630130130128,3.586338045858358,1.004048420084493,0.03292084554054296,1.0020282361402764,FALSE,ICOS,EUF,v1.3,EUF_DE-Lkb_FLUXNET_2009-2013_v1.3_r1.zip
DE-Lnf,30,572.2909333333333,18.7734,571.4153625,849,19,586.9759473684211,0.674076482135846,0.022112367491166077,0.6730451855123675,0.9749819151859206,0.03198325260884445,0.9734902512817032,FALSE,ICOS,EUF,v1.3,EUF_DE-Lnf_FLUXNET_2002-2024_v1.3_r1.zip
DE-Msr,30,1160.6819666666668,38.06153333333333,1158.4979208333334,1146,1,1151.384,1.0128114892379292,0.03321250727166957,1.0109056900814428,1.0080754697535026,0.03305720188341451,1.0061785823264293,FALSE,ICOS,ICOS,v1.3,ICOS_DE-Msr_FLUXNET_2020-2025_v1.3_r1.zip
DE-Obe,30,965.4549999999999,31.650033333333333,963.3478895833333,809,13,957.9613076923076,1.1933930778739184,0.03912241450350227,1.1907884914503502,1.0078225417326554,0.03303894748064205,1.0056229639420424,FALSE,ICOS,EUF,v1.3,EUF_DE-Obe_FLUXNET_2008-2024_v1.3_r1.zip
DE-Rns,30,492.0482,16.146233333333335,491.4509770833333,655,NA,NA,0.7512186259541985,0.024650737913486008,0.7503068352417303,NA,NA,NA,FALSE,ICOS,EUF,v1.3,EUF_DE-Rns_FLUXNET_2021-2024_v1.3_r2.zip
DE-RuC,30,1153.0368666666666,37.859633333333335,1152.3525895833334,1131,8,1124.664125,1.0194844090775124,0.03347447686413204,1.018879389552019,1.0252277466987458,0.03366305770030082,1.0246193187529062,FALSE,ICOS,EUF,v1.3,EUF_DE-RuC_FLUXNET_2013-2024_v1.3_r1.zip
DE-RuM,30,507.6691333333333,16.672633333333334,507.47327708333336,719,9,497.09722222222223,0.7060766805748725,0.023188641631896153,0.7058042796708391,1.021267290659663,0.03353998491240815,1.020873290771423,FALSE,ICOS,EUF,v1.3,EUF_DE-RuM_FLUXNET_2011-2019_v1.3_r1.zip
DE-RuR,30,884.6440333333334,29.047033333333335,884.1190770833333,1066,10,857.4748,0.8298724515322077,0.027248624140087555,0.8293799972639149,1.0316851682793866,0.03387508686358286,1.0310729564103032,FALSE,ICOS,ICOS,v1.3,ICOS_DE-RuR_FLUXNET_2011-2025_v1.3_r1.zip
DE-RuS,30,571.5275666666666,18.7619,571.06533125,714,10,551.9401,0.800458776844071,0.02627717086834734,0.7998113883053221,1.0354883920676656,0.033992637969228905,1.0346509181884047,FALSE,ICOS,ICOS,v1.3,ICOS_DE-RuS_FLUXNET_2011-2024_v1.3_r1.zip
DE-RuW,30,1095.6656,35.97586666666667,1095.0154416666667,1152,10,1043.629,0.9510986111111112,0.031229050925925927,0.9505342375578704,1.0498612054666938,0.03447189247008915,1.0492382270583385,FALSE,ICOS,ICOS,v1.3,ICOS_DE-Kli_FLUXNET_2004-2025_v1.3_r1.zip
DE-SbM,30,3300.8578333333335,108.30446666666667,3296.5172041666665,1500,NA,NA,2.2005718888888888,0.07220297777777777,2.197678136111111,NA,NA,NA,FALSE,ICOS,EUF,v1.3,EUF_DE-SbM_FLUXNET_2023-2024_v1.3_r1.zip
DE-Seh,30,513.2817333333334,16.849833333333333,512.8668020833334,714,4,559.6405,0.7188819794584501,0.02359920634920635,0.7183008432539683,0.9171633098986464,0.030108316559172062,0.9164218852697998,FALSE,ICOS,EUF,v1.3,EUF_DE-Seh_FLUXNET_2007-2010_v1.3_r1.zip
DE-SfS,30,5251.853666666667,172.23036666666667,5242.2617854166665,1115,11,5117.173727272728,4.710182660687593,0.15446669656203288,4.701580076606875,1.0263192040317377,0.03365732254676828,1.0244447550172595,TRUE,ICOS,EUF,v1.3,EUF_DE-SfS_FLUXNET_2010-2020_v1.3_r1.zip
DE-Spw,30,2414.6585666666665,79.1713,2409.77644375,553,6,2613.9231666666665,4.366471187462326,0.14316690777576854,4.357642755424955,0.923767996496199,0.03028830418950723,0.9219002587681263,FALSE,ICOS,EUF,v1.3,EUF_DE-Spw_FLUXNET_2010-2015_v1.3_r1.zip
DE-Tha,30,804.5215333333333,26.387566666666668,803.1715604166667,737,25,806.28576,1.0916167345092718,0.03580402532790593,1.0897850209181366,0.9978119089357764,0.0327273132873718,0.9961375981843791,FALSE,ICOS,ICOS,v1.3,ICOS_DE-Tha_FLUXNET_1996-2025_v1.3_r1.zip
DE-Zrk,30,2655.0587333333333,87.06563333333334,2650.060214583333,594,8,2561.8345,4.469795847362514,0.14657514029180696,4.461380832631874,1.036389639273471,0.0339856588446027,1.0344384910825946,FALSE,ICOS,EUF,v1.3,EUF_DE-Zrk_FLUXNET_2013-2022_v1.3_r1.zip
DK-Eng,30,2593.9773666666665,85.10473333333333,2590.3753208333333,606,4,2642.8275,4.280490704070407,0.14043685368536854,4.274546734048405,0.9815159584447591,0.032202152177292435,0.9801530068963387,FALSE,ICOS,EUF,v1.3,EUF_DK-Eng_FLUXNET_2005-2008_v1.3_r1.zip
DK-Fou,30,721.6794333333333,23.682666666666666,720.8411666666667,714,1,647.17,1.0107555088702147,0.03316900093370682,1.0095814659197013,1.1151311607975236,0.03659419730003966,1.1138358803199573,FALSE,ICOS,EUF,v1.3,EUF_DK-Fou_FLUXNET_2005-2005_v1.3_r1.zip
DK-Gds,30,918.4582666666666,30.145433333333333,917.5516270833333,795,1,1016.797,1.1552934171907756,0.03791878406708595,1.1541529900419287,0.9032857754956659,0.029647445196369908,0.902394113164509,FALSE,ICOS,ICOS,v1.3,ICOS_DK-Gds_FLUXNET_2020-2022_v1.3_r1.zip
DK-RCW,30,451.0605,14.797566666666667,450.40093541666664,606,NA,NA,0.7443242574257426,0.02441842684268427,0.7432358670242024,NA,NA,NA,FALSE,ICOS,ICOS,v1.3,ICOS_DK-RCW_FLUXNET_2023-2025_v1.3_r1.zip
DK-Skj,30,779.0029666666667,25.5739,778.40558125,813,1,1034.08,0.9581832308323084,0.031456211562115616,0.9574484394218942,0.7533294973954304,0.02473106529475476,0.7527517999090979,FALSE,ICOS,ICOS,v1.3,ICOS_DK-Skj_FLUXNET_2020-2022_v1.3_r1.zip
DK-Sor,30,775.8816333333333,25.454233333333335,774.7632270833334,613,25,819.50424,1.2657122892876562,0.04152403480152257,1.2638878092713433,0.9467695168158414,0.031060526707382668,0.94540478165596,FALSE,ICOS,ICOS,v1.3,ICOS_DK-Sor_FLUXNET_1996-2024_v1.3_r1.zip
DK-Vng,30,886.9529,29.111366666666665,886.0772229166666,822,1,967.114,1.0790181265206813,0.03541528791565288,1.0779528259326845,0.9171130807743451,0.030101277271000797,0.9162076269360868,FALSE,ICOS,ICOS,v1.3,ICOS_DK-Vng_FLUXNET_2020-2023_v1.3_r1.zip
EE-Pts,30,579.7667666666667,19.0208,578.9456,684,NA,NA,0.847612231968811,0.027808187134502924,0.8464116959064327,NA,NA,NA,FALSE,ICOS,EUF,v1.3,EUF_EE-Pts_FLUXNET_2022-2024_v1.3_r1.zip
EE-Rng,30,697.6556666666667,22.892133333333334,696.7793083333333,647,NA,NA,1.0782931478619269,0.03538196805770222,1.0769386527563112,NA,NA,NA,FALSE,ICOS,EUF,v1.3,EUF_EE-Rng_FLUXNET_2023-2024_v1.3_r1.zip
EE-Stg,30,2750.2968333333333,90.24423333333333,2746.8088520833335,659,5,2762.3238,4.17343980778958,0.13694117349519472,4.1681469682599905,0.995646069202073,0.03266967954058584,0.9943833710165816,FALSE,ICOS,EUF,v1.3,EUF_EE-Stg_FLUXNET_2016-2024_v1.3_r1.zip
ES-Abr,30,372.7431666666667,12.267766666666667,373.4001479166667,559,6,337.9535,0.6668035181872392,0.02194591532498509,0.6679787977042339,1.1029421700519944,0.03630016161000453,1.1048861690045129,FALSE,ICOS,EUF,v1.3,EUF_ES-Abr_FLUXNET_2015-2020_v1.3_r1.zip
ES-Agu,30,265.89203333333336,8.7642,266.7603375,254,15,267.098,1.0468190288713912,0.03450472440944882,1.0502375492125984,0.9954849281287518,0.03281267549738298,0.9987358104515944,FALSE,ICOS,EUF,v1.3,EUF_ES-Agu_FLUXNET_2006-2024_v1.3_r1.zip
ES-Amo,30,240.4131,7.928533333333333,241.32473333333334,219,13,250.37907692307692,1.0977767123287672,0.03620334855403348,1.1019394216133942,0.960196446741679,0.0316661177553953,0.9638374591798446,FALSE,ICOS,EUF,v1.3,EUF_ES-Amo_FLUXNET_2007-2019_v1.3_r1.zip
ES-Cnd,30,2141.2092333333335,70.54776666666666,2147.297647916667,368,7,2094.841142857143,5.818503351449276,0.1917058876811594,5.83504795629529,1.0221344184661894,0.03367690524277508,1.0250408033269667,FALSE,ICOS,EUF,v1.3,EUF_ES-Cnd_FLUXNET_2014-2021_v1.3_r1.zip
ES-Crg,30,471.4329333333333,15.5107,472.10693125,410,NA,NA,1.1498364227642277,0.037830975609756096,1.1514803201219512,NA,NA,NA,FALSE,ICOS,EUF,v1.3,EUF_ES-Crg_FLUXNET_2021-2024_v1.3_r1.zip
ES-Dnn,30,1910.7018333333333,62.868766666666666,1913.5680854166667,505,NA,NA,3.78356798679868,0.12449260726072607,3.78924373349835,NA,NA,NA,FALSE,ICOS,EUF,v1.3,EUF_ES-Dnn_FLUXNET_2024-2024_v1.3_r1.zip
ES-FtD,30,1910.7018333333333,62.868766666666666,1913.5680854166667,511,NA,NA,3.7391425309849966,0.12303085453359426,3.7447516348662755,NA,NA,NA,FALSE,ICOS,EUF,v1.3,EUF_ES-FtD_FLUXNET_2021-2024_v1.3_r1.zip
ES-Gdn,30,2141.2092333333335,70.54776666666666,2147.297647916667,368,7,2094.841142857143,5.818503351449276,0.1917058876811594,5.83504795629529,1.0221344184661894,0.03367690524277508,1.0250408033269667,FALSE,ICOS,EUF,v1.3,EUF_ES-Gdn_FLUXNET_2014-2021_v1.3_r1.zip
ES-HdD,30,347.63956666666667,11.4373,348.12281875,580,NA,NA,0.5993785632183908,0.01971948275862069,0.6002117564655173,NA,NA,NA,FALSE,ICOS,EUF,v1.3,EUF_ES-HdD_FLUXNET_2024-2024_v1.3_r1.zip
ES-HeB,30,226.37313333333333,7.447766666666666,226.69139791666666,339,2,276.727,0.667767354965585,0.021969813176007866,0.6687061885447394,0.8180377532128537,0.02691376940691247,0.8191878563228983,FALSE,ICOS,EUF,v1.3,EUF_ES-HeB_FLUXNET_2019-2024_v1.3_r1.zip
ES-Hen,30,196.6684,6.470466666666667,196.94482916666666,329,2,251.7,0.597776291793313,0.019667071935157043,0.5986165020263424,0.7813603496225665,0.02570705866772613,0.7824585981989141,FALSE,ICOS,EUF,v1.3,EUF_ES-Hen_FLUXNET_2019-2024_v1.3_r1.zip
ES-LJu,30,540.1769666666667,17.789433333333335,541.4658770833333,527,17,591.0070000000001,1.0250037318153067,0.03375604048070842,1.0274494821315623,0.9139941940901997,0.030100207498952352,0.9161750657493621,FALSE,ICOS,EUF,v1.3,EUF_ES-LJu_FLUXNET_2004-2024_v1.3_r1.zip
ES-LM1,30,695.5762,22.8621,695.86516875,465,7,649.9127142857143,1.4958627956989248,0.049165806451612906,1.4964842338709676,1.0702609515255785,0.0351771853319204,1.070705578540327,FALSE,ICOS,EUF,v1.3,EUF_ES-LM1_FLUXNET_2014-2024_v1.3_r1.zip
ES-LM2,30,673.2625666666667,22.128700000000002,673.54230625,465,7,615.3104285714286,1.447876487455197,0.04758860215053764,1.4484780779569892,1.0941835785715286,0.03596347302511416,1.094638210201912,FALSE,ICOS,EUF,v1.3,EUF_ES-LM2_FLUXNET_2014-2024_v1.3_r1.zip
ES-LMa,30,723.3152666666666,23.773833333333332,723.6160520833333,465,1,614.6,1.5555167025089605,0.05112652329749104,1.5561635528673836,1.1768878403297536,0.038681798459702786,1.1773772406172036,FALSE,ICOS,ICOS,v1.3,ICOS_ES-LMa_FLUXNET_2020-2025_v1.3_r1.zip
ES-LgS,30,468.6667,15.428233333333333,469.5968520833333,760,3,526.951,0.6166667105263158,0.02030030701754386,0.6178905948464912,0.8893933212006429,0.029278307344199617,0.8911584797890758,FALSE,ICOS,EUF,v1.3,EUF_ES-LgS_FLUXNET_2007-2009_v1.3_r1.zip
ES-Ln2,30,2328.583633333333,76.6736,2333.7527,787,1,3238.352,2.958810207539178,0.0974251588310038,2.9653782719186785,0.7190643985994523,0.02367673433894771,0.7206606014417211,FALSE,ICOS,EUF,v1.3,EUF_ES-Ln2_FLUXNET_2009-2009_v1.3_r1.zip
ES-Mcd,30,366.7046666666667,12.0586,367.0336375,427,3,483.44866666666667,0.858793130366901,0.028240281030444965,0.8595635538641686,0.7585183121820587,0.02494287570000538,0.7591987791189136,FALSE,ICOS,EUF,v1.3,EUF_ES-Mcd_FLUXNET_2018-2024_v1.3_r1.zip
ES-MtB,30,1910.7018333333333,62.868766666666666,1913.5680854166667,500,NA,NA,3.8214036666666664,0.12573753333333332,3.8271361708333336,NA,NA,NA,FALSE,ICOS,EUF,v1.3,EUF_ES-MtB_FLUXNET_2021-2024_v1.3_r1.zip
ES-MtN,30,1910.7018333333333,62.868766666666666,1913.5680854166667,507,NA,NA,3.7686426692965154,0.12400151216305062,3.7742960264628533,NA,NA,NA,FALSE,ICOS,EUF,v1.3,EUF_ES-MtN_FLUXNET_2024-2024_v1.3_r1.zip
ES-Mzn,30,2128.8712666666665,69.9221,2128.25391875,424,NA,NA,5.020922798742138,0.16491061320754716,5.019466789504717,NA,NA,NA,FALSE,ICOS,EUF,v1.3,EUF_ES-Mzn_FLUXNET_2023-2024_v1.3_r1.zip
ES-Pdu,30,2328.583633333333,76.67360000000001,2333.7527,456,4,1969.005,5.106543055555555,0.16814385964912282,5.117878728070176,1.1826194617755328,0.03894027694190721,1.1852446794193006,FALSE,ICOS,EUF,v1.3,EUF_ES-Pdu_FLUXNET_2014-2017_v1.3_r1.zip
ES-Pzb,30,502.4209,16.529466666666668,503.11564166666665,571,1,478.292,0.8798964973730298,0.028948277875072974,0.8811132078225336,1.0504480526540274,0.03455936262088153,1.0519005997730815,FALSE,ICOS,EUF,v1.3,EUF_ES-Pzb_FLUXNET_2020-2024_v1.3_r1.zip
ES-Srn,30,2009.6956666666667,66.0155,2009.34678125,421,NA,NA,4.7736239113222485,0.15680641330166273,4.772795204869359,NA,NA,NA,FALSE,ICOS,EUF,v1.3,EUF_ES-Srn_FLUXNET_2023-2024_v1.3_r1.zip
ES-TzM,30,1359.1763666666666,44.71653333333334,1361.0594833333334,403,1,1521.854,3.372646071133168,0.11095913978494625,3.3773188172043014,0.8931056242364028,0.029382932484544072,0.8943430074983102,FALSE,ICOS,EUF,v1.3,EUF_ES-TzM_FLUXNET_2020-2024_v1.3_r1.zip
ES-VDA,30,771.4939,25.306833333333334,770.2767395833333,974,NA,NA,0.7920881930184805,0.025982375085557837,0.7908385416666667,NA,NA,NA,FALSE,ICOS,EUF,v1.3,EUF_ES-VDA_FLUXNET_2022-2024_v1.3_r1.zip
ES-Yst,30,398.3828,13.107566666666667,398.96156041666666,451,2,448.3275,0.8833321507760532,0.029063340724316336,0.8846154332963784,0.8885977326842542,0.029236588580148815,0.8898886649082794,FALSE,ICOS,EUF,v1.3,EUF_ES-Yst_FLUXNET_2019-2024_v1.3_r2.zip
FI-Ant,30,431.3066333333333,14.1424,430.4593,607,NA,NA,0.7105545853926414,0.023298846787479406,0.7091586490939045,NA,NA,NA,FALSE,ICOS,ICOS,v1.3,ICOS_FI-Ant_FLUXNET_2022-2022_v1.3_r1.zip
FI-Hyy,30,688.5662333333333,22.572766666666666,687.0585854166667,663,24,684.809875,1.0385614379084966,0.03404640522875817,1.0362874591503268,1.0054852572523627,0.03296209282418228,1.0032837003360482,FALSE,ICOS,ICOS,v1.3,ICOS_FI-Hyy_FLUXNET_1997-2025_v1.3_r1.zip
FI-Jok,30,2532.4077333333335,83.02896666666666,2527.1941729166665,612,4,2361.78175,4.1379211328976035,0.13566824618736384,4.1294022433278865,1.0722446023360683,0.03515522408735128,1.0700371331587546,FALSE,ICOS,EUF,v1.3,EUF_FI-Jok_FLUXNET_2000-2003_v1.3_r1.zip
FI-Ken,30,627.2816,20.564866666666667,625.9431291666667,524,3,644.4933333333333,1.197102290076336,0.03924592875318066,1.1945479564249364,0.9732941638910152,0.031908579349152824,0.9712173839398391,FALSE,ICOS,ICOS,v1.3,ICOS_FI-Ken_FLUXNET_2018-2025_v1.3_r1.zip
FI-Let,30,567.3241666666667,18.6052,566.295775,664,12,556.7521666666667,0.8544038654618473,0.028019879518072287,0.8528550828313254,1.0189887002385563,0.03341738230026346,1.0171415737642693,FALSE,ICOS,ICOS,v1.3,ICOS_FI-Let_FLUXNET_2010-2025_v1.3_r1.zip
FI-Nsv,30,2571.0564666666664,84.28403333333334,2565.3952645833333,607,NA,NA,4.235677869302581,0.13885343218012083,4.2263513419824275,NA,NA,NA,FALSE,ICOS,EUF,v1.3,EUF_FI-Nsv_FLUXNET_2021-2024_v1.3_r1.zip
FI-Pap,30,449.95773333333335,14.753966666666667,449.07386041666666,607,NA,NA,0.7412812740252609,0.024306370126304228,0.739825140719385,NA,NA,NA,FALSE,ICOS,EUF,v1.3,EUF_FI-Pap_FLUXNET_2022-2022_v1.3_r1.zip
FI-Qvd,30,678.2785,22.250733333333333,677.2566958333333,677,3,717.543,1.0018884785819793,0.03286666666666667,1.0003791666666666,0.9452792376206025,0.03100961661298812,0.9438552056578258,FALSE,ICOS,EUF,v1.3,EUF_FI-Qvd_FLUXNET_2018-2023_v1.3_r1.zip
FI-Rk2,30,544.0927,17.8402,543.0110875,643,1,656.374,0.8461783825816486,0.0277452566096423,0.8444962480559876,0.8289370084738275,0.027179930953998784,0.8272891484123381,FALSE,ICOS,EUF,v1.3,EUF_FI-Rk2_FLUXNET_2020-2023_v1.3_r1.zip
FI-Ruk,30,2184.7618,71.59256666666667,2179.0987479166665,518,1,2880.146,4.217686872586873,0.13820958815958817,4.206754339607464,0.7585593924752426,0.024857269967101206,0.7565931546236428,FALSE,ICOS,EUF,v1.3,EUF_FI-Ruk_FLUXNET_2020-2023_v1.3_r1.zip
FI-Sar,30,503.38806666666665,16.50593333333333,502.3993458333333,606,NA,NA,0.8306733773377337,0.027237513751375134,0.8290418248074807,NA,NA,NA,FALSE,ICOS,EUF,v1.3,EUF_FI-Sar_FLUXNET_2022-2022_v1.3_r1.zip
FI-Si2,30,2563.5688,84.03963333333333,2557.9563395833334,660,5,2662.2522,3.8841951515151516,0.12733277777777777,3.8756914236111113,0.9629323623058702,0.031567119498796294,0.9608241997446123,FALSE,ICOS,EUF,v1.3,EUF_FI-Si2_FLUXNET_2012-2016_v1.3_r1.zip
FI-Sii,30,574.4364,18.831333333333333,573.1787083333334,665,3,550.4376666666667,0.863814135338346,0.02831779448621554,0.8619228696741855,1.043599366080204,0.034211563767741184,1.0413144721806222,FALSE,ICOS,ICOS,v1.3,ICOS_FI-Sii_FLUXNET_2018-2024_v1.3_r1.zip
FI-Sod,30,496.30219999999997,16.274133333333335,495.3439333333333,514,NA,NA,0.9655684824902723,0.03166173800259404,0.9637041504539559,NA,NA,NA,FALSE,ICOS,ICOS,v1.3,ICOS_FI-Sod_FLUXNET_2023-2024_v1.3_r1.zip
FI-Var,30,521.9297333333334,17.106133333333332,520.6679333333333,576,5,527.6718,0.9061280092592594,0.029698148148148147,0.9039373842592592,0.9891181096532606,0.032418130613258725,0.9867268505410624,FALSE,ICOS,ICOS,v1.3,ICOS_FI-Var_FLUXNET_2016-2025_v1.3_r1.zip
FR-Aur,30,685.2822333333334,22.522266666666667,685.5214916666666,830,16,653.356875,0.8256412449799198,0.027135261044176708,0.8259295080321285,1.0488635836782667,0.03447161502152506,1.0492297822176688,FALSE,ICOS,ICOS,v1.3,ICOS_FR-Aur_FLUXNET_2005-2024_v1.3_r1.zip
FR-Bil,30,927.2640666666667,30.471233333333334,927.4681645833333,934,7,1010.5244285714285,0.992788079942898,0.03262444682369736,0.9930066001962883,0.9176067796575028,0.030153880966945358,0.9178087519313993,FALSE,ICOS,ICOS,v1.3,ICOS_FR-Bil_FLUXNET_2014-2025_v1.3_r1.zip
FR-CLt,30,1523.7227666666668,50.05526666666667,1523.5571791666666,1403,2,1490.0815,1.0860461629840819,0.035677310525065335,1.0859281391066762,1.0225767964146033,0.03359230127121682,1.022465669942662,FALSE,ICOS,ICOS,v1.3,ICOS_FR-CLt_FLUXNET_2019-2025_v1.3_r1.zip
FR-EM2,30,647.6893333333334,21.2615,647.14690625,666,4,630.53975,0.9725065065065066,0.031924174174174175,0.9716920514264265,1.0271982588462238,0.03371952363035003,1.026338000498779,FALSE,ICOS,ICOS,v1.3,ICOS_FR-EM2_FLUXNET_2017-2025_v1.3_r1.zip
FR-FBn,30,625.6768333333333,20.60043333333333,627.0256895833334,691,13,685.2712307692308,0.9054657501205982,0.029812493970091652,0.9074177852146648,0.9130353139602817,0.03006172214498036,0.9150036677878398,FALSE,ICOS,ICOS,v1.3,ICOS_FR-FBn_FLUXNET_2008-2024_v1.3_r1.zip
FR-Fon,30,499.1001333333333,16.3867,498.77018125,627,2,619.219,0.7960129718234981,0.026135087719298247,0.7954867324561403,0.8060155346223764,0.026463496759627853,0.8054826826211727,FALSE,ICOS,ICOS,v1.3,ICOS_FR-Fon_FLUXNET_2019-2024_v1.3_r1.zip
FR-Gri,30,574.3015,18.852466666666665,573.8219541666667,626,17,583.4506470588235,0.9174145367412141,0.030115761448349303,0.9166484890841321,0.9843189015130168,0.03231201604060602,0.9834969882359459,FALSE,ICOS,ICOS,v1.3,ICOS_FR-Gri_FLUXNET_2004-2025_v1.3_r1.zip
FR-Hes,30,915.2581333333334,30.05366666666667,914.7584791666667,776,24,927.8172916666666,1.1794563573883161,0.03872895189003436,1.178812473152921,0.9864637591407972,0.03239179409200312,0.9859252326753449,FALSE,ICOS,ICOS,v1.3,ICOS_FR-Hes_FLUXNET_1997-2025_v1.3_r1.zip
FR-LBr,30,1013.2421333333333,33.28876666666667,1013.2268354166667,909,11,983.4429090909091,1.1146778144481115,0.03662130546387972,1.1146609850568392,1.0303009193182047,0.03384921113258997,1.0302853638482072,FALSE,ICOS,EUF,v1.3,EUF_FR-LBr_FLUXNET_1998-2008_v1.3_r1.zip
FR-LGt,30,676.7709333333333,22.2308,676.649975,705,4,673.6315,0.9599587706855792,0.03153304964539007,0.9597871985815604,1.00466046099883,0.03300142585374942,1.004480899423498,FALSE,ICOS,ICOS,v1.3,ICOS_FR-LGt_FLUXNET_2017-2025_v1.3_r1.zip
FR-Lam,30,667.7423666666667,21.94053333333333,667.8149833333333,771,NA,NA,0.8660731085170774,0.028457241677475136,0.8661672935581496,NA,NA,NA,FALSE,ICOS,ICOS,v1.3,ICOS_FR-Lam_FLUXNET_2021-2024_v1.3_r1.zip
FR-Lqu,30,1311.6029333333333,43.08776666666667,1311.4838979166666,904,NA,NA,1.4508882005899706,0.0476634587020649,1.4507565242441003,NA,NA,NA,FALSE,ICOS,ICOS,v1.3,ICOS_FR-Lqu_FLUXNET_2022-2024_v1.3_r1.zip
FR-Lus,30,771.5567,25.348499999999998,771.5449687500001,835,NA,NA,0.92402,0.030357485029940116,0.9240059505988025,NA,NA,NA,FALSE,ICOS,ICOS,v1.3,ICOS_FR-Lus_FLUXNET_2022-2024_v1.3_r1.zip
FR-Mau,30,572.2459333333334,18.802733333333332,572.3081958333333,776,7,520.702,0.7374303264604811,0.024230326460481098,0.7375105616408935,1.0989893131452029,0.03611035358676044,1.099108887297021,FALSE,ICOS,EUF,v1.3,EUF_FR-Mau_FLUXNET_2005-2011_v1.3_r1.zip
FR-Mej,30,720.1868,23.659466666666667,720.1350166666666,742,2,805.6700000000001,0.9706021563342317,0.03188607367475292,0.9705323674752919,0.8938979979396029,0.029366200388082794,0.8938337243122699,FALSE,ICOS,ICOS,v1.3,ICOS_FR-Mej_FLUXNET_2019-2024_v1.3_r1.zip
FR-Nzn,30,912.8696,29.993933333333334,912.9403458333334,918,5,909.0355999999999,0.9944113289760349,0.03267312999273784,0.994488394153958,1.0042176566022278,0.03299533410279348,1.0042954817537766,FALSE,ICOS,EUF,v1.3,EUF_FR-Nzn_FLUXNET_2016-2024_v1.3_r1.zip
FR-Pue,30,930.8250333333333,30.569833333333335,930.4693020833333,666,21,915.431380952381,1.3976351851851851,0.04590065065065065,1.397101054179179,1.0168157359483758,0.033393910203875256,1.0164271418304531,FALSE,ICOS,ICOS,v1.3,ICOS_FR-Pue_FLUXNET_2000-2025_v1.3_r1.zip
FR-Tou,30,616.5935333333333,20.2599,616.66070625,693,3,703.4173333333333,0.8897453583453583,0.029235064935064933,0.8898422889610389,0.8765685804349433,0.02880210515142267,0.8766640755464277,FALSE,ICOS,ICOS,v1.3,ICOS_FR-Tou_FLUXNET_2018-2024_v1.3_r1.zip
GF-Guy,30,2487.7836333333335,81.70836666666666,2486.9984104166665,2796,4,3039.5,0.8897652479732953,0.02922330710538865,0.889484410020267,0.8184844985469102,0.026882173603114547,0.818226159044799,FALSE,ICOS,ICOS,v1.3,ICOS_GF-Guy_FLUXNET_2017-2024_v1.3_r1.zip
GH-Ank,30,1861.9027,61.18306666666667,1862.2595916666667,1874,4,1904.7355,0.9935446638207044,0.032648381358946994,0.9937351076129491,0.9775124682665914,0.03212155528506014,0.977699838989018,FALSE,ICOS,EUF,v1.3,EUF_GH-Ank_FLUXNET_2011-2014_v1.3_r1.zip
GL-Dsk,30,2107.9039,69.04043333333334,2101.4181895833335,424,1,2339.519,4.971471462264151,0.1628312106918239,4.956174975432391,0.9009988377952904,0.029510524741766724,0.8982265968275247,FALSE,ICOS,ICOS,v1.3,ICOS_GL-Dsk_FLUXNET_2020-2024_v1.3_r1.zip
GL-NuF,30,861.8119,28.3048,861.52735,726,2,666.9875,1.1870687327823692,0.03898732782369146,1.1866767906336086,1.2920960287861467,0.042436777300923934,1.2916694090968721,FALSE,ICOS,ICOS,v1.3,ICOS_GL-NuF_FLUXNET_2019-2024_v1.3_r1.zip
GL-ZaF,30,780.7409666666666,25.745866666666668,783.6398166666667,248,NA,NA,3.1481490591397847,0.10381397849462366,3.1598379704301074,NA,NA,NA,FALSE,ICOS,ICOS,v1.3,ICOS_GL-ZaF_FLUXNET_2023-2024_v1.3_r1.zip
GL-ZaH,30,677.7331666666666,22.34906666666667,680.2497166666667,248,1,897.61,2.7327950268817203,0.09011720430107528,2.7429424059139786,0.7550419075842143,0.02489841542169391,0.7578455193978083,FALSE,ICOS,ICOS,v1.3,ICOS_GL-ZaH_FLUXNET_2020-2024_v1.3_r1.zip
HK-MPM,30,1647.0130666666666,53.967800000000004,1642.6449125,1910,3,1904.7213333333332,0.8623105061082025,0.02825539267015707,0.8600235143979057,0.864700278115924,0.02833369850777822,0.8624069483304995,FALSE,ICOS,FLX,v1.3,FLX_HK-MPM_FLUXNET_2016-2018_v1.3_r1.zip
ID-JOP,30,2024.7450666666666,66.53723333333333,2025.2270395833332,2569,7,1865.2527142857143,0.788145218632412,0.025900051900869338,0.7883328297327105,1.0855071010804178,0.03567196703360022,1.0857654965852066,FALSE,ICOS,FLX,v1.3,FLX_ID-JOP_FLUXNET_2014-2024_v1.3_r1.zip
ID-PaB,30,2539.1999333333333,83.58670000000001,2544.17018125,2396,13,2626.614692307692,1.0597662493043962,0.034885934891485816,1.0618406432595993,0.9667196109005398,0.03182297740311594,0.9686118747073412,FALSE,ICOS,JPF,v1.3,JPF_ID-PaB_FLUXNET_2004-2016_v1.3_r1.zip
ID-PaD,30,2484.8323333333333,81.797,2489.6961875,2396,17,2536.2834117647058,1.0370752643294379,0.0341389816360601,1.0391052535475793,0.9797139869335132,0.03225073334493283,0.9816316961863931,FALSE,ICOS,JPF,v1.3,JPF_ID-PaD_FLUXNET_2001-2017_v1.3_r1.zip
ID-Pag,30,2590.3433666666665,85.27026666666667,2595.4137416666667,2401,15,2678.7514666666666,1.0788602110231846,0.03551448007774539,1.0809719873663752,0.9669965276360589,0.031832093319494714,0.9688893404121204,FALSE,ICOS,JPF,v1.3,JPF_ID-Pag_FLUXNET_2004-2018_v1.3_r1.zip
IE-CaC,30,507.0819,16.652,506.84524999999996,883,5,476.0054,0.5742716874292186,0.018858437146092866,0.5740036806342016,1.0652860240661135,0.034982796413654135,1.0647888658405975,FALSE,ICOS,EUF,v1.3,EUF_IE-CaC_FLUXNET_2003-2007_v1.3_r1.zip
IE-CaN,30,507.0819,16.652,506.84524999999996,883,5,476.0054,0.5742716874292186,0.018858437146092866,0.5740036806342016,1.0652860240661135,0.034982796413654135,1.0647888658405975,FALSE,ICOS,EUF,v1.3,EUF_IE-CaN_FLUXNET_2003-2007_v1.3_r1.zip
IE-Cra,30,3474.463133333333,114.1089,3473.18964375,1026,1,3975.85,3.386416309291748,0.11121725146198831,3.385175091374269,0.873891905714082,0.028700504294679127,0.8735715994692959,FALSE,ICOS,ICOS,v1.3,ICOS_IE-Cra_FLUXNET_2020-2024_v1.3_r1.zip
IE-Gwr,30,3274.024,107.5153,3272.49694375,969,1,2983.523,3.378765737874097,0.11095490196078431,3.3771898284313724,1.0973684466317168,0.03603635701819627,1.096856616741349,FALSE,ICOS,EUF,v1.3,EUF_IE-Gwr_FLUXNET_2016-2016_v1.3_r1.zip
IL-RmH,30,560.337,18.533666666666665,564.1184791666667,561,6,594.5365,0.9988181818181818,0.033036838978015445,1.0055587863933453,0.9424770388361353,0.03117330334919162,0.9488374206910201,FALSE,ICOS,EUF,v1.3,EUF_IL-RmH_FLUXNET_2015-2020_v1.3_r1.zip
IL-Yat,30,241.56693333333334,7.991433333333333,243.23925208333333,300,21,236.59866666666667,0.8052231111111111,0.02663811111111111,0.8107975069444444,1.0209987094883601,0.033776324465057565,1.0280668759051896,FALSE,ICOS,EUF,v1.3,EUF_IL-Yat_FLUXNET_2000-2024_v1.3_r1.zip
IT-Arz,30,3927.6580333333336,129.03306666666666,3927.4439666666667,935,5,4079.668,4.200703778966132,0.1380032798573975,4.2004748306595365,0.9627396232569252,0.031628325311438735,0.9626871516669167,FALSE,ICOS,EUF,v1.3,EUF_IT-Arz_FLUXNET_2016-2024_v1.3_r1.zip
IT-BCi,30,952.5521666666667,31.3883,955.38138125,1039,17,1019.3584117647059,0.916797080526147,0.030210105871029836,0.9195200974494706,0.9344624576331453,0.030792211687016742,0.937237943223572,FALSE,ICOS,ICOS,v1.3,ICOS_IT-BCi_FLUXNET_2004-2025_v1.3_r1.zip
IT-BFt,30,593.8098666666667,19.514533333333333,593.9736083333333,678,2,737.2,0.8758257620452311,0.028782497541789576,0.8760672689282203,0.8054935793090975,0.0264711521070718,0.805715692258998,FALSE,ICOS,ICOS,v1.3,ICOS_IT-BFt_FLUXNET_2019-2024_v1.3_r1.zip
IT-BsB,30,843.7054,27.6973,843.03656875,986,NA,NA,0.8556849898580122,0.02809056795131846,0.8550066620182556,NA,NA,NA,FALSE,ICOS,EUF,v1.3,EUF_IT-BsB_FLUXNET_2021-2024_v1.3_r1.zip
IT-Bsn,30,627.7203000000001,20.6069,627.22251875,986,1,493.342,0.6366331643002029,0.02089949290060852,0.6361283151622718,1.2723836608275803,0.04177000944578001,1.2713746625059288,FALSE,ICOS,EUF,v1.3,EUF_IT-Bsn_FLUXNET_2020-2021_v1.3_r1.zip
IT-CA1,30,710.4101666666667,23.391033333333333,711.9645770833333,332,4,764.681,2.139789658634538,0.07045491967871485,2.1444716177208836,0.9290281394027923,0.03058926968674955,0.9310608960904394,FALSE,ICOS,EUF,v1.3,EUF_IT-CA1_FLUXNET_2011-2014_v1.3_r1.zip
IT-CA2,30,712.568,23.462066666666665,714.1266541666666,332,4,766.81925,2.146289156626506,0.07066887550200802,2.1509838980923695,0.9292515804734949,0.03059660626238408,0.9312842031113155,FALSE,ICOS,EUF,v1.3,EUF_IT-CA2_FLUXNET_2011-2014_v1.3_r2.zip
IT-CA3,30,657.6251,21.653033333333333,659.0642020833334,332,4,708.35275,1.9807984939759036,0.06521997991967872,1.9851331388052211,0.9283864571712328,0.030568150308350372,0.9304180750104145,FALSE,ICOS,EUF,v1.3,EUF_IT-CA3_FLUXNET_2011-2014_v1.3_r2.zip
IT-Cp2,30,732.0159,24.114533333333334,733.9861083333333,752,9,695.5806666666666,0.9734253989361702,0.032067198581560284,0.976045356826241,1.0523810322502734,0.03466820526926664,1.0552134978833032,FALSE,ICOS,ICOS,v1.3,ICOS_IT-Cp2_FLUXNET_2012-2025_v1.3_r1.zip
IT-Cpz,30,855.9554,28.195066666666666,858.1873416666667,763,8,820.642875,1.1218288335517694,0.03695290519877676,1.1247540519877677,1.0430303193700428,0.03435729173505182,1.04575006718564,FALSE,ICOS,EUF,v1.3,EUF_IT-Cpz_FLUXNET_2001-2008_v1.3_r1.zip
IT-Lav,30,1093.9326666666666,35.91983333333334,1093.3099270833334,575,18,1116.0502777777779,1.9024915942028984,0.062469275362318846,1.9014085688405797,0.980182244875965,0.03218478060401998,0.9796242596348581,FALSE,ICOS,EUF,v1.3,EUF_IT-Lav_FLUXNET_2003-2020_v1.3_r1.zip
IT-Lsn,30,997.6444666666666,32.7837,997.85386875,970,5,1060.2976,1.0284994501718212,0.03379762886597938,1.0287153286082473,0.9409098602757061,0.03091933811790199,0.9411073539636418,FALSE,ICOS,ICOS,v1.3,ICOS_IT-Lsn_FLUXNET_2016-2024_v1.3_r1.zip
IT-MBo,30,24150.380833333333,792.7350666666666,24128.873591666666,407,18,27391.54988888889,59.33754504504504,1.9477520065520064,59.2847016994267,0.8816726666178789,0.02894086204987735,0.8808874886431418,TRUE,ICOS,ICOS,v1.3,ICOS_IT-MBo_FLUXNET_2003-2025_v1.3_r1.zip
IT-MtM,30,694.7573,22.7942,693.7984625,578,6,722.2466666666667,1.202002249134948,0.0394363321799308,1.2003433607266436,0.9619390882154758,0.03156013181092332,0.9606115119949786,FALSE,ICOS,EUF,v1.3,EUF_IT-MtM_FLUXNET_2014-2019_v1.3_r1.zip
IT-MtP,30,571.6022666666667,18.753633333333333,570.8137145833333,548,6,594.3728333333333,1.0430698296836982,0.03422195863746959,1.0416308660279805,0.9616897587008378,0.031551969204514446,0.9603630626624086,FALSE,ICOS,EUF,v1.3,EUF_IT-MtP_FLUXNET_2014-2019_v1.3_r1.zip
IT-NiG,30,1052.6584,34.5563,1051.80738125,1440,1,892.018,0.7310127777777778,0.023997430555555557,0.7304217925347222,1.1800865004966268,0.03873946489869039,1.1791324628538884,FALSE,ICOS,EUF,v1.3,EUF_IT-NiG_FLUXNET_2020-2024_v1.3_r1.zip
IT-Niv,30,915.4489666666667,30.052033333333334,914.7087645833333,1469,2,916.54,0.6231783299296574,0.020457476741547537,0.6226744483208532,0.9988096173289401,0.03278856714746038,0.9980020125508252,FALSE,ICOS,ICOS,v1.3,ICOS_IT-Niv_FLUXNET_2019-2024_v1.3_r1.zip
IT-Noe,30,552.2558333333334,18.20413333333333,554.0883083333333,758,NA,NA,0.7285697009674583,0.024016007036059803,0.7309872141600703,NA,NA,NA,FALSE,ICOS,ICOS,v1.3,ICOS_IT-Noe_FLUXNET_2022-2024_v1.3_r2.zip
IT-PT1,30,789.2592000000001,25.938,789.487875,768,3,782.0423333333333,1.02768125,0.033773437499999996,1.02797900390625,1.0092282301853226,0.033167002468323326,1.0095206376295913,FALSE,ICOS,EUF,v1.3,EUF_IT-PT1_FLUXNET_2002-2004_v1.3_r1.zip
IT-Ren,30,866.1938666666667,28.428633333333334,865.2965270833333,684,22,1132.1365,1.2663653021442496,0.041562329434697856,1.265053402168616,0.7650966704692117,0.0251106057735382,0.764304063232069,FALSE,ICOS,ICOS,v1.3,ICOS_IT-Ren_FLUXNET_1999-2025_v1.3_r1.zip
IT-Ro1,30,860.8764666666666,28.345299999999998,862.76006875,379,9,805.4947777777778,2.2714418645558485,0.07478970976253298,2.2764117908970976,1.0687548701950338,0.03518992398460959,1.0710933112815546,FALSE,ICOS,EUF,v1.3,EUF_IT-Ro1_FLUXNET_2000-2008_v1.3_r1.zip
IT-Ro2,30,793.803,26.136833333333335,795.5398645833334,379,11,792.8847272727273,2.0944670184696568,0.06896262093227792,2.0990497746262093,1.0011581415251007,0.03296422851179865,1.0033487053278713,FALSE,ICOS,EUF,v1.3,EUF_IT-Ro2_FLUXNET_2002-2012_v1.3_r2.zip
IT-SR2,30,974.5438,32.075266666666664,976.2909291666667,886,8,1086.39825,1.0999365688487586,0.03620233258088788,1.1019084979307752,0.8970410252409741,0.029524409365227405,0.8986492100541094,FALSE,ICOS,ICOS,v1.3,ICOS_IT-SR2_FLUXNET_2013-2025_v1.3_r1.zip
IT-SRo,30,913.3800333333334,30.062166666666666,915.0171979166666,886,14,887.7940714285714,1.0309029721595184,0.033930210684725355,1.032750787716328,1.0288197034967703,0.03386164385879812,1.0306637849521678,FALSE,ICOS,EUF,v1.3,EUF_IT-SRo_FLUXNET_1999-2012_v1.3_r1.zip
IT-Tor,30,851.8813,27.985966666666666,851.8228604166667,1272,13,838.8526923076923,0.6697180031446541,0.02200154612159329,0.6696720600759958,1.015531460781828,0.033362194486945,1.0154617946963886,FALSE,ICOS,ICOS,v1.3,ICOS_IT-Tor_FLUXNET_2008-2024_v1.3_r1.zip
IT-TrF,30,926.6391666666667,30.4419,926.57533125,1092,9,934.1725555555555,0.8485706654456655,0.027877197802197804,0.8485122081043955,0.9919357629978665,0.03258702026618209,0.9918674293519173,FALSE,ICOS,ICOS,v1.3,ICOS_IT-TrF_FLUXNET_2012-2024_v1.3_r1.zip
JP-Api,30,5371.734,176.20246666666668,5363.162579166667,1478,21,5389.963952380953,3.6344614343707717,0.11921682453766352,3.628662096865133,0.9966177969756366,0.032690843245590046,0.9950275412876468,TRUE,ICOS,JPF,v1.3,JPF_JP-Api_FLUXNET_2000-2022_v1.3_r2.zip
JP-BBY,30,4008.1986666666667,131.34983333333332,3997.9605520833334,1154,7,4014.7374285714286,3.473309069901791,0.11382134604274985,3.464437220176199,0.9983713101987124,0.03271691752455945,0.9958211771537784,FALSE,ICOS,JPF,v1.3,JPF_JP-BBY_FLUXNET_2014-2020_v1.3_r1.zip
JP-Fhk,30,1844.7290333333333,60.533166666666666,1842.4782604166667,1693,15,1864.8364666666666,1.089621401850758,0.035754971451073043,1.0882919435420357,0.9892175889453327,0.03246030831586412,0.9880106343641142,FALSE,ICOS,JPF,v1.3,JPF_JP-Fhk_FLUXNET_2006-2023_v1.3_r1.zip
JP-Fjy,30,1969.4295333333332,64.6251,1967.02648125,1693,20,1989.99465,1.163277928726127,0.038171943295924396,1.1618585240696988,0.9896657427362094,0.03247501193030845,0.9884581756287636,FALSE,ICOS,JPF,v1.3,JPF_JP-Fjy_FLUXNET_2001-2021_v1.3_r1.zip
JP-Fmt,30,5939.7142,194.7923,5928.99063125,1516,7,5984.811857142857,3.9180172823219,0.12849096306068603,3.9109436881596302,0.992464649145314,0.0325477733719425,0.9906728520084997,TRUE,ICOS,JPF,v1.3,JPF_JP-Fmt_FLUXNET_2014-2023_v1.3_r1.zip
JP-Hc2,30,4683.106866666667,153.76156666666668,4680.117685416667,1427,2,5811.4685,3.2817847699135716,0.10775162345246439,3.2796900388343846,0.8058388110796207,0.026458298219575085,0.8053244520583166,FALSE,ICOS,JPF,v1.3,JPF_JP-Hc2_FLUXNET_2003-2004_v1.3_r1.zip
JP-Hc3,30,4683.106866666667,153.76156666666668,4680.117685416667,1423,4,4058.619,3.2910097446708835,0.10805450925275241,3.2889091253806515,1.1538670830316091,0.03788519362538506,1.1531305809726577,FALSE,ICOS,JPF,v1.3,JPF_JP-Hc3_FLUXNET_2005-2008_v1.3_r1.zip
JP-KaP,30,5287.457766666666,173.4057,5278.03599375,1337,1,4037,3.954717850909997,0.12969760658189977,3.947670900336574,1.3097492610023944,0.04295409957889522,1.3074154059326233,TRUE,ICOS,JPF,v1.3,JPF_JP-KaP_FLUXNET_1997-1997_v1.3_r1.zip
JP-Khw,30,2291.236,75.2599,2290.7232062499997,2127,21,2276.9242380952383,1.0772148566055477,0.035383121767748,1.0769737688058296,1.0062855679013432,0.033053317603118276,1.0060603545449123,FALSE,ICOS,JPF,v1.3,JPF_JP-Khw_FLUXNET_2000-2021_v1.3_r1.zip
JP-Kzw,30,5583.8523,183.11336666666668,5573.513097916667,1589,8,5463.0488749999995,3.5140668974197604,0.11523811621564926,3.5075601623138244,1.0221128215698052,0.03351852982766271,1.0202202516294836,TRUE,ICOS,JPF,v1.3,JPF_JP-Kzw_FLUXNET_2001-2008_v1.3_r1.zip
JP-MBF,30,5175.140933333333,169.74526666666668,5166.621554166667,1174,8,5058.79125,4.408126859738784,0.14458710959682,4.400870148353209,1.0229995027633,0.03355451100431683,1.0213154286938935,TRUE,ICOS,JPF,v1.3,JPF_JP-MBF_FLUXNET_2004-2011_v1.3_r1.zip
JP-MMF,30,1143.6482333333333,37.502966666666666,1141.4965479166667,1156,8,1122.766875,0.9893150807381776,0.03244201268742791,0.9874537611735871,1.018598124684907,0.03340227388403017,1.0166817113451683,FALSE,ICOS,JPF,v1.3,JPF_JP-MMF_FLUXNET_2004-2011_v1.3_r1.zip
JP-Mse,30,5187.7739,170.09383333333335,5177.231052083333,1307,8,5331.150625,3.969222570772762,0.13014065289466975,3.9611561224815097,0.9731058574245405,0.03190565138709307,0.9711282640946453,TRUE,ICOS,JPF,v1.3,JPF_JP-Mse_FLUXNET_2002-2009_v1.3_r1.zip
JP-Nkm,30,8195.526133333333,268.8828,8184.120225,1951,3,9287.866333333333,4.200679719801811,0.1378179395181958,4.194833534085085,0.8823906201061822,0.028949899831676444,0.8811625761266518,TRUE,ICOS,JPF,v1.3,JPF_JP-Nkm_FLUXNET_2018-2024_v1.3_r1.zip
JP-NsC,30,3140.8003,102.91863333333333,3132.585902083333,1326,12,3218.0779166666666,2.368627677224736,0.07761586224233283,2.362432807001005,0.9759864059641191,0.03198139883447508,0.9734338270243352,FALSE,ICOS,JPF,v1.3,JPF_JP-NsC_FLUXNET_2004-2015_v1.3_r1.zip
JP-NsM,30,3140.8003,102.91863333333333,3132.585902083333,1326,12,3218.0779166666666,2.368627677224736,0.07761586224233283,2.362432807001005,0.9759864059641191,0.03198139883447508,0.9734338270243352,FALSE,ICOS,JPF,v1.3,JPF_JP-NsM_FLUXNET_2004-2015_v1.3_r1.zip
JP-Nuf,30,5431.5632,178.19676666666666,5423.864085416667,1969,2,5306.446,2.7585389537836464,0.09050115117657016,2.754628788936855,1.0235783422652374,0.03358118911728616,1.0221274437573975,TRUE,ICOS,JPF,v1.3,JPF_JP-Nuf_FLUXNET_2000-2001_v1.3_r1.zip
JP-Om2,30,5337.641,175.23983333333334,5333.862427083333,1372,NA,NA,3.8904088921282796,0.1277258260447036,3.887654830235666,NA,NA,NA,TRUE,ICOS,JPF,v1.3,JPF_JP-Om2_FLUXNET_2022-2025_v1.3_r1.zip
JP-SMF,30,5431.5632,178.19676666666666,5423.864085416667,2065,13,5362.3067692307695,2.6302969491525423,0.08629383373688458,2.6265685643664245,1.012915417515206,0.033231363727485745,1.0114796334553473,TRUE,ICOS,JPF,v1.3,JPF_JP-SMF_FLUXNET_2002-2014_v1.3_r1.zip
JP-Sb1,30,4275.823066666667,140.21903333333333,4267.916827083333,1125,4,4125.787,3.800731614814815,0.12463914074074074,3.7937038462962964,1.0363654417124943,0.033986008810763454,1.0344491431776126,FALSE,ICOS,JPF,v1.3,JPF_JP-Sb1_FLUXNET_2007-2010_v1.3_r1.zip
JP-Sb2,30,4275.823066666667,140.21903333333333,4267.916827083333,1125,4,4125.787,3.800731614814815,0.12463914074074074,3.7937038462962964,1.0363654417124943,0.033986008810763454,1.0344491431776126,FALSE,ICOS,JPF,v1.3,JPF_JP-Sb2_FLUXNET_2007-2010_v1.3_r1.zip
JP-Shn,30,6020.625366666666,197.58933333333334,6014.125333333333,1340,7,6166.110285714286,4.493004004975124,0.1474547263681592,4.488153233830846,0.9764057221965878,0.03204440468590232,0.9753515676271518,TRUE,ICOS,JPF,v1.3,JPF_JP-Shn_FLUXNET_2014-2020_v1.3_r1.zip
JP-Spp,30,1191.5768666666665,39.04456666666667,1188.4189979166667,1239,19,1214.3558421052633,0.9617246704331449,0.031512967446865756,0.9591759466639764,0.9812419270787168,0.03215249213852935,0.9786414794664872,FALSE,ICOS,JPF,v1.3,JPF_JP-Spp_FLUXNET_2000-2018_v1.3_r1.zip
JP-Srk,30,2521.610866666667,82.69223333333333,2516.9448520833334,1534,7,2663.060857142857,1.6438141242937854,0.05390627987831378,1.6407723937961756,0.9468844318383512,0.031051574774018542,0.9451323071841894,FALSE,ICOS,JPF,v1.3,JPF_JP-Srk_FLUXNET_2010-2016_v1.3_r1.zip
JP-Ta2,30,1755.0042333333333,57.600966666666665,1753.2294229166666,1765,11,1702.5146363636363,0.9943366761095372,0.032635108593012274,0.9933311177998111,1.0308306289112488,0.03383287605074298,1.0297881647944895,FALSE,ICOS,JPF,v1.3,JPF_JP-Ta2_FLUXNET_2005-2015_v1.3_r1.zip
JP-Tak,30,8803.888466666667,288.85923333333335,8792.152914583334,1804,23,8833.047695652174,4.880204249815225,0.16012152623798967,4.87369895486881,0.9966988484620252,0.0327021027493734,0.9953702524340529,TRUE,ICOS,JPF,v1.3,JPF_JP-Tak_FLUXNET_1998-2021_v1.3_r1.zip
JP-Tef,30,926.4751666666666,30.38876666666667,924.9580854166667,1113,20,905.94625,0.8324125486672656,0.027303474094040135,0.8310494927373465,1.022660192772658,0.03354367509845829,1.0209856108093243,FALSE,ICOS,JPF,v1.3,JPF_JP-Tef_FLUXNET_2001-2023_v1.3_r1.zip
JP-Tgf,30,1127.2060333333334,36.9582,1124.9152125,1333,3,1201.0743333333332,0.8456159289822456,0.027725581395348836,0.8438973837209303,0.938498144577785,0.030770951450964874,0.9365908347887434,FALSE,ICOS,JPF,v1.3,JPF_JP-Tgf_FLUXNET_2002-2004_v1.3_r1.zip
JP-Tkb,30,5411.865833333333,177.43986666666666,5400.825941666667,1353,2,5407.743,3.99990083764474,0.13114550381867454,3.991741272480907,1.000762394465368,0.03281218553963579,0.9987208973626643,TRUE,ICOS,JPF,v1.3,JPF_JP-Tkb_FLUXNET_2018-2019_v1.3_r1.zip
JP-Tmd,30,4656.8277,152.58683333333335,4644.3617395833335,1206,16,4703.2988125,3.8613828358208955,0.12652307904919846,3.851046218559978,0.9901194641564143,0.03244251309906186,0.9874689924526953,FALSE,ICOS,JPF,v1.3,JPF_JP-Tmd_FLUXNET_2005-2023_v1.3_r1.zip
JP-Tmk,30,4656.8277,152.58683333333335,4644.3617395833335,1206,3,4304.843666666667,3.8613828358208955,0.12652307904919846,3.851046218559978,1.0817646494479745,0.03544538318890558,1.0788688508123137,FALSE,ICOS,JPF,v1.3,JPF_JP-Tmk_FLUXNET_2001-2003_v1.3_r1.zip
JP-Toc,30,4656.831833333334,152.58696666666668,4644.365797916666,1189,4,4920.8275,3.9165953181945614,0.128332183908046,3.9061108477011492,0.9463513673936615,0.031008395776252404,0.9438180464396824,FALSE,ICOS,JPF,v1.3,JPF_JP-Toc_FLUXNET_2011-2014_v1.3_r1.zip
JP-Yms,30,4913.387,161.28753333333333,4909.189295833334,1502,21,4981.983571428572,3.2712296937416774,0.10738184642698624,3.268434950621394,0.9862310723339254,0.032374160014960573,0.9853884954553624,TRUE,ICOS,JPF,v1.3,JPF_JP-Yms_FLUXNET_2000-2023_v1.3_r1.zip
JP-Ynf,30,6652.8439,218.48,6649.985,2150,8,7171.617249999999,3.094346,0.10161860465116279,3.0930162790697673,0.9276629898228326,0.03046453713072878,0.9272643489165572,TRUE,ICOS,JPF,v1.3,JPF_JP-Ynf_FLUXNET_2013-2022_v1.3_r1.zip
KE-Aq1,30,2703.4056,88.9366,2707.0077625,558,1,4151.143,4.844812903225806,0.15938458781362008,4.851268391577061,0.6512436695146373,0.021424605223187926,0.6521114214807825,FALSE,ICOS,FLX,v1.3,FLX_KE-Aq1_FLUXNET_2019-2019_v1.3_r1.zip
KE-Aq2,30,2703.4056,88.9366,2707.0077625,564,NA,NA,4.793272340425532,0.15768900709219857,4.799659153368794,NA,NA,NA,FALSE,ICOS,FLX,v1.3,FLX_KE-Aq2_FLUXNET_2022-2024_v1.3_r1.zip
KE-Chk,30,436.16543333333334,14.320733333333333,435.8873208333333,700,NA,NA,0.6230934761904762,0.020458190476190477,0.6226961726190476,NA,NA,NA,FALSE,ICOS,FLX,v1.3,FLX_KE-Chk_FLUXNET_2022-2024_v1.3_r1.zip
KE-Kpt,30,3002.6111666666666,98.81083333333333,3007.5547395833332,572,3,4018.04,5.249320221445221,0.17274621212121213,5.257962831439394,0.7472825473779919,0.024591799318407315,0.7485128917540227,FALSE,ICOS,FLX,v1.3,FLX_KE-Kpt_FLUXNET_2018-2024_v1.3_r1.zip
KE-Mkt,30,287.7273333333333,9.4506,287.65263749999997,645,2,443.552,0.44608888888888887,0.014652093023255814,0.4459730813953488,0.6486890676478368,0.021306633720510785,0.648520663868047,FALSE,ICOS,FLX,v1.3,FLX_KE-Mkt_FLUXNET_2019-2024_v1.3_r1.zip
KH-Kmp,30,6637.125233333333,217.17260000000002,6610.1910125,1714,4,6804.43725,3.872301769739401,0.1267051341890315,3.8565875218786467,0.9754113366734822,0.03191632048631208,0.9714530048021238,TRUE,ICOS,JPF,v1.3,JPF_KH-Kmp_FLUXNET_2011-2014_v1.3_r1.zip
KR-AdC,30,1130.5096,36.981233333333336,1125.6162895833334,1166,4,897.80925,0.9695622641509435,0.03171632361349343,0.9653655999857061,1.2591868484313344,0.0411905238594204,1.2537365699711083,FALSE,ICOS,KOF,v1.3,KOF_KR-AdC_FLUXNET_2015-2018_v1.3_r1.zip
KR-CRK,30,1473.6751666666667,48.11273333333334,1464.4313208333333,1248,6,1291.8545,1.1808294604700855,0.038551869658119665,1.173422532719017,1.1407439202067002,0.037243151866818855,1.1335884349462988,FALSE,ICOS,KOF,v1.3,KOF_KR-CRK_FLUXNET_2015-2021_v1.3_r1.zip
KR-CmF,30,887.1627,28.997400000000003,882.6083625,1281,8,768.104,0.6925548009367681,0.022636533957845435,0.6889995023419204,1.155003358920146,0.037751919010967264,1.149074034896316,FALSE,ICOS,KOF,v1.3,KOF_KR-CmF_FLUXNET_2012-2019_v1.3_r1.zip
KR-GmP,30,1183.7456,38.751533333333334,1179.4997958333333,1230,4,1222.69375,0.9623947967479675,0.031505311653116534,0.9589429234417344,0.9681456210927717,0.03169357276368947,0.9646731209947981,FALSE,ICOS,KOF,v1.3,KOF_KR-GmP_FLUXNET_2011-2014_v1.3_r1.zip
KR-GmR,30,855.4794666666667,28.005300000000002,852.41131875,1230,3,755.748,0.6955117615176152,0.022768536585365855,0.6930173323170732,1.1319639174257379,0.03705639975229839,1.127904167460582,FALSE,ICOS,KOF,v1.3,KOF_KR-GmR_FLUXNET_2017-2019_v1.3_r1.zip
KR-GmS,30,1091.9351333333334,35.746,1088.018875,1217,3,964.7013333333333,0.8972351136674884,0.029372226787181595,0.8940171528348397,1.131889317039056,0.037053955213772555,1.1278297618192021,FALSE,ICOS,KOF,v1.3,KOF_KR-GmS_FLUXNET_2017-2019_v1.3_r1.zip
KR-HPK,30,917.2692999999999,30.0644,915.085175,1301,3,920.428,0.7050494235203689,0.023108685626441198,0.703370618754804,0.9965682269552859,0.03266350002390192,0.9941952819775148,FALSE,ICOS,KOF,v1.3,KOF_KR-HPK_FLUXNET_2016-2018_v1.3_r1.zip
KR-HcM,30,1108.4790333333333,36.220933333333335,1102.4746583333333,1297,4,873.877,0.8546484451297867,0.027926702647134413,0.8500190118221537,1.2684611602471896,0.04144854863251159,1.2615901990020717,FALSE,ICOS,KOF,v1.3,KOF_KR-HcM_FLUXNET_2015-2018_v1.3_r1.zip
KR-Hnm,30,4536.481366666667,148.68763333333334,4525.679839583333,1307,4,4567.515,3.4709115276715123,0.1137625350675848,3.462647161119612,0.9932055760444501,0.032553288458457896,0.9908407174543121,FALSE,ICOS,KOF,v1.3,KOF_KR-Hnm_FLUXNET_2016-2019_v1.3_r1.zip
KR-JjM,30,3410.1683666666668,111.85783333333333,3404.6728020833334,1956,4,3586.64075,1.7434398602590322,0.05718703135650988,1.7406302669137697,0.9507973071087944,0.031187353607503993,0.9492650754284029,FALSE,ICOS,KOF,v1.3,KOF_KR-JjM_FLUXNET_2015-2018_v1.3_r1.zip
KR-Kw1,30,1376.1622666666667,44.9317,1367.60861875,1301,5,1207.8444,1.0577726876761466,0.03453627978478094,1.0511980159492698,1.1393539322338762,0.037199907537759,1.1322721856805398,FALSE,ICOS,KOF,v1.3,KOF_KR-Kw1_FLUXNET_2016-2020_v1.3_r1.zip
KR-Kw2,30,1286.2523999999999,41.99616666666667,1278.2583229166667,1301,5,1144.6086,0.9886644119907763,0.03227991288752242,0.9825198485139636,1.1237486770586904,0.036690416852246846,1.1167645629402634,FALSE,ICOS,KOF,v1.3,KOF_KR-Kw2_FLUXNET_2016-2020_v1.3_r1.zip
KR-Nj1,30,4503.488766666666,147.45273333333333,4488.092570833333,1306,NA,NA,3.4483068657478304,0.11290408371618173,3.436518048111281,NA,NA,NA,FALSE,ICOS,KOF,v1.3,KOF_KR-Nj1_FLUXNET_2023-2024_v1.3_r1.zip
KR-Nj2,30,4503.488766666666,147.45273333333333,4488.092570833333,1306,NA,NA,3.4483068657478304,0.11290408371618173,3.436518048111281,NA,NA,NA,FALSE,ICOS,KOF,v1.3,KOF_KR-Nj2_FLUXNET_2023-2024_v1.3_r1.zip
KR-PcD,30,808.1657,26.4415,804.81315625,1375,4,672.217,0.5877568727272727,0.01923018181818182,0.5853186590909091,1.202239306652465,0.03933476838580399,1.197252012742909,FALSE,ICOS,KOF,v1.3,KOF_KR-PcD_FLUXNET_2015-2018_v1.3_r1.zip
KR-ScC,30,1278.1100666666666,41.9057,1275.50474375,1226,4,1195.22975,1.0425041326808047,0.03418083197389886,1.0403790732055465,1.0693425817644404,0.035060790613687456,1.0671628143041119,FALSE,ICOS,KOF,v1.3,KOF_KR-ScC_FLUXNET_2015-2018_v1.3_r1.zip
KR-SmM,30,960.8168,31.364766666666664,954.6650854166667,1262,6,865.2261666666666,0.7613445324881141,0.02485322239830956,0.7564699567485473,1.1104805159806965,0.03625036767843167,1.1033705662122641,FALSE,ICOS,KOF,v1.3,KOF_KR-SmM_FLUXNET_2015-2021_v1.3_r1.zip
KR-TwB,30,4529.786033333333,147.99156666666667,4504.493310416667,1318,NA,NA,3.4368634547293877,0.11228495194739505,3.4176732248988366,NA,NA,NA,FALSE,ICOS,KOF,v1.3,KOF_KR-TwB_FLUXNET_2024-2024_v1.3_r1.zip
KR-TwC,30,4529.786033333333,147.99156666666667,4504.493310416667,1318,NA,NA,3.4368634547293877,0.11228495194739505,3.4176732248988366,NA,NA,NA,FALSE,ICOS,KOF,v1.3,KOF_KR-TwC_FLUXNET_2024-2024_v1.3_r1.zip
KR-UAO,30,941.6040333333333,30.8166,937.9802625,1137,3,876.9983333333333,0.8281477865728525,0.027103430079155673,0.8249606530343008,1.0736668446728328,0.03513872128225253,1.0695348290285613,FALSE,ICOS,KOF,v1.3,KOF_KR-UAO_FLUXNET_2017-2019_v1.3_r1.zip
KR-WdE,30,1398.0235666666665,45.8371,1395.1667312499999,1490,4,1464.716,0.9382708501118567,0.03076315436241611,0.9363535109060402,0.9544673279097563,0.031294189453791726,0.9525168914997856,FALSE,ICOS,KOF,v1.3,KOF_KR-WdE_FLUXNET_2015-2018_v1.3_r1.zip
ML-Kem,30,869.8877666666667,28.290333333333333,861.0870208333333,306,3,705.3026666666667,2.8427704793028323,0.0924520697167756,2.814009872004357,1.2333538603757819,0.040110912194670084,1.2208758899252707,FALSE,ICOS,FLX,v1.3,FLX_ML-Kem_FLUXNET_2007-2009_v1.3_r1.zip
MN-Hst,30,1005.7275,32.874833333333335,1000.6277395833333,244,6,883.4641666666666,4.121834016393443,0.13473292349726776,4.100933358948088,1.138390823245991,0.03721128097064869,1.1326183645441195,FALSE,ICOS,JPF,v1.3,JPF_MN-Hst_FLUXNET_2015-2020_v1.3_r1.zip
MN-Kbu,30,1089.3188666666667,35.5897,1083.26149375,250,6,930.0341666666666,4.357275466666667,0.1423588,4.333045975,1.1712675788792708,0.03826708875390779,1.1647545139470683,FALSE,ICOS,JPF,v1.3,JPF_MN-Kbu_FLUXNET_2003-2008_v1.3_r1.zip
MN-Nkh,30,1332.8405,43.55786666666667,1325.7925666666667,268,6,1215.0886666666665,4.973285447761194,0.16252935323383086,4.946987189054727,1.096908017137844,0.03584747999185794,1.091107672252176,FALSE,ICOS,JPF,v1.3,JPF_MN-Nkh_FLUXNET_2015-2020_v1.3_r1.zip
MN-Udg,30,1504.4765,49.204233333333335,1497.6538520833333,298,3,1329.1716666666666,5.048578859060402,0.1651148769574944,5.025684067393736,1.1318902875600467,0.03701871967879745,1.1267572802233972,FALSE,ICOS,JPF,v1.3,JPF_MN-Udg_FLUXNET_2010-2012_v1.3_r1.zip
MX-Aog,30,788.7901,25.7829,784.76701875,689,3,721.5333333333333,1.144833236574746,0.037420754716981135,1.1389942216981133,1.0932136653423266,0.035733484246512064,1.0876379267532108,FALSE,AmeriFlux,AMF,v1.3,AMF_MX-Aog_FLUXNET_2016-2018_v1.3_r1.zip
MX-PMm,30,4232.0490666666665,138.7669,4223.71751875,1269,2,4242.003500000001,3.334948043078539,0.10935137903861307,3.3283825994877856,0.9976533651296293,0.03271258498490159,0.995689305477942,FALSE,AmeriFlux,AMF,v1.3,AMF_MX-PMm_FLUXNET_2017-2018_v1.3_r1.zip
MX-Tes,30,599.7412333333333,19.6129,596.96764375,676,5,639.6286,0.8871911735700196,0.029013165680473373,0.8830882303994082,0.9376398011804558,0.03066295034337114,0.933303551076359,FALSE,AmeriFlux,AMF,v1.3,AMF_MX-Tes_FLUXNET_2004-2008_v1.3_r1.zip
MY-LHP,30,2605.437266666667,85.48783333333333,2602.0359270833333,3088,11,2728.3804545454545,0.8437296848013818,0.027683883851468045,0.8426282147290587,0.9549391333331224,0.03133281254486025,0.9536924818341839,FALSE,ICOS,JPF,v1.3,JPF_MY-LHP_FLUXNET_2009-2019_v1.3_r1.zip
NL-Hrw,30,858.1188,28.163866666666667,857.2376916666667,800,10,874.4547,1.0726485,0.03520483333333333,1.0715471145833333,0.981318757849892,0.03220734780963115,0.9803111489556483,FALSE,ICOS,EUF,v1.3,EUF_NL-Hrw_FLUXNET_2001-2010_v1.3_r2.zip
NL-Loo,30,1033.0346333333334,33.89886666666666,1031.7967541666667,826,24,1096.2353333333333,1.2506472558514932,0.04103979015334947,1.2491486127925746,0.9423475068917685,0.030922983082099766,0.9412182975614117,FALSE,ICOS,ICOS,v1.3,ICOS_NL-Loo_FLUXNET_1997-2025_v1.3_r1.zip
NL-Vkp,30,819.0740333333333,26.882166666666667,818.2259479166667,798,7,825.6704285714286,1.0264085630743525,0.03368692564745197,1.0253457993943191,0.9920108617072452,0.032557986499744306,0.9909837140859673,FALSE,ICOS,EUF,v1.3,EUF_NL-Vkp_FLUXNET_2014-2024_v1.3_r1.zip
NO-And,30,9318.330766666666,306.2985,9322.96059375,1202,7,8593.768285714286,7.752355047143649,0.25482404326123126,7.7562068167637275,1.0843125456566993,0.03564193143410329,1.084851288025519,TRUE,ICOS,EUF,v1.3,EUF_NO-And_FLUXNET_2008-2014_v1.3_r1.zip
NO-Fns,30,3066.5747666666666,100.70993333333334,3065.3585958333333,1264,4,3327.4685,2.42608763185654,0.07967558016877638,2.4251254713871306,0.9215939284373892,0.030266231921754733,0.9212284341184096,FALSE,ICOS,EUF,v1.3,EUF_NO-Fns_FLUXNET_2017-2024_v1.3_r1.zip
NO-Hur,30,852.9431333333333,27.9756,851.507325,765,NA,NA,1.1149583442265796,0.036569411764705885,1.1130814705882353,NA,NA,NA,FALSE,ICOS,ICOS,v1.3,ICOS_NO-Hur_FLUXNET_2023-2024_v1.3_r2.zip
NO-Ikr,30,2169.2926333333335,71.11903333333333,2164.685577083333,429,2,2374.8755,5.056626184926185,0.16577863247863248,5.045887126068376,0.9134342551149874,0.029946425963522438,0.9114943402647141,FALSE,ICOS,EUF,v1.3,EUF_NO-Ikr_FLUXNET_2019-2022_v1.3_r1.zip
NZ-ADd,30,674.0571666666667,22.135566666666666,673.7513104166667,660,5,730.6952,1.0212987373737374,0.03353873737373737,1.0208353188131314,0.9224874703798064,0.030293844364471897,0.9220688878436134,FALSE,TERN,TERN,v1.3,TERN_NZ-ADd_FLUXNET_2016-2020_v1.3_r1.zip
NZ-ADw,30,948.7962333333334,31.1578,948.3655375,660,6,1010.7828333333334,1.4375700505050506,0.047208787878787885,1.436917481060606,0.938674660910512,0.03082541469095653,0.9382485596559893,FALSE,TERN,TERN,v1.3,TERN_NZ-ADw_FLUXNET_2015-2022_v1.3_r1.zip
NZ-BFm,30,862.2820333333333,28.322333333333333,862.0610208333334,788,4,843.37075,1.0942665397631133,0.035942047377326564,1.0939860670473773,1.0224234517658257,0.033582304500521666,1.0221613932346283,FALSE,TERN,TERN,v1.3,TERN_NZ-BFm_FLUXNET_2012-2015_v1.3_r1.zip
NZ-BFu,30,883.3865,29.015533333333334,883.1602958333333,788,3,919.376,1.1210488578680202,0.036821742808798644,1.1207617967428087,0.9608544273507248,0.031560029121201046,0.9606083863765569,FALSE,TERN,TERN,v1.3,TERN_NZ-BFu_FLUXNET_2012-2014_v1.3_r1.zip
NZ-Cla,30,1293.1539,42.48886666666667,1293.2548791666666,790,NA,NA,1.636903670886076,0.05378337552742616,1.6370314926160336,NA,NA,NA,FALSE,TERN,TERN,v1.3,TERN_NZ-Cla_FLUXNET_2022-2025_v1.3_r1.zip
NZ-Kop,30,1203.6286666666667,39.5097,1202.57649375,1337,4,1115.975,0.900245823984044,0.029551009723261034,0.8994588584517577,1.0785444715756776,0.035403750084007264,1.077601643181971,FALSE,TERN,TERN,v1.3,TERN_NZ-Kop_FLUXNET_2012-2015_v1.3_r1.zip
NZ-Lau,30,1027.5003,33.75613333333333,1027.4523083333333,591,2,954.4855,1.7385791878172587,0.057116976875352506,1.7384979836435421,1.0764964999468298,0.03536578956236981,1.0764462198046312,FALSE,TERN,TERN,v1.3,TERN_NZ-Lau_FLUXNET_2019-2025_v1.3_r1.zip
NZ-Oxf,30,969.3006333333334,31.839333333333332,969.1097083333333,903,5,982.5,1.0734226282761168,0.03525950535252861,1.0732111941675895,0.986565530110263,0.03240644614079728,0.9863712044105173,FALSE,TERN,TERN,v1.3,TERN_NZ-Oxf_FLUXNET_2006-2010_v1.3_r1.zip
NZ-ScF,30,1244.2229,40.84433333333333,1243.1993958333333,1269,4,1319.6,0.980475098502758,0.03218623588127134,0.9796685546361964,0.9428788269172477,0.030952056178639994,0.9421032099373547,FALSE,TERN,TERN,v1.3,TERN_NZ-ScF_FLUXNET_2008-2011_v1.3_r1.zip
PA-SPn,30,2166.4429666666665,70.91676666666666,2158.5290854166665,2671,3,2244.8686666666667,0.81109807812305,0.02655064270560339,0.8081351873518032,0.9650644595986757,0.03159060827017943,0.9615391392235862,FALSE,ICOS,EUF,v1.3,EUF_PA-SPn_FLUXNET_2007-2009_v1.3_r1.zip
PA-SPs,30,2220.400633333333,72.68303333333333,2212.2898270833334,2671,4,2387.07525,0.8312993760139772,0.027211918133033818,0.8282627581742169,0.9301762201813006,0.03044857229923243,0.9267784193578873,FALSE,ICOS,EUF,v1.3,EUF_PA-SPs_FLUXNET_2007-2010_v1.3_r1.zip
PE-QFR,30,10291.840033333334,338.41063333333335,10300.373652083334,2705,3,10147.885,3.804746777572397,0.1251055945779421,3.807901534966112,1.014185717844983,0.033347897944579916,1.0150266436881512,TRUE,AmeriFlux,AMF,v1.3,AMF_PE-QFR_FLUXNET_2018-2022_v1.3_r1.zip
PR-xGU,30,673.1688333333334,22.0732,671.853025,1027,2,706.6645,0.6554711132749108,0.021492891918208374,0.6541898977604674,0.9526003263689253,0.031235756147365547,0.9507383277354389,FALSE,AmeriFlux,AMF,v1.3,AMF_PR-xGU_FLUXNET_2019-2024_v1.3_r1.zip
PR-xLA,30,964.7648333333333,31.628866666666667,962.7036291666667,1047,2,1024.2224999999999,0.9214563833174148,0.03020904170646291,0.9194877069404649,0.9419484861280957,0.03088085515272968,0.9399360287112095,FALSE,AmeriFlux,AMF,v1.3,AMF_PR-xLA_FLUXNET_2019-2024_v1.3_r1.zip
RU-Ch2,30,170.49943333333334,5.583566666666667,169.94981041666668,171,7,201.29571428571427,0.9970727095516569,0.03265243664717349,0.9938585404483432,0.8470097534780625,0.027738129877626146,0.8442793281502458,FALSE,ICOS,EUF,v1.3,EUF_RU-Ch2_FLUXNET_2014-2021_v1.3_r1.zip
RU-Che,30,109.45376666666667,3.5844333333333336,109.10118958333334,171,8,118.718,0.6400805068226121,0.02096159844054581,0.638018652534113,0.921964374961393,0.03019283792965964,0.9189945044840153,FALSE,ICOS,EUF,v1.3,EUF_RU-Che_FLUXNET_2013-2021_v1.3_r1.zip
RU-Ege,30,1349.8303666666666,44.16,1344.12,324,9,1366.6585555555555,4.166143106995884,0.13629629629629628,4.148518518518518,0.9876866179774888,0.032312386894653926,0.9835082761060289,FALSE,ICOS,JPF,v1.3,JPF_RU-Ege_FLUXNET_2010-2018_v1.3_r1.zip
RU-Fy2,30,585.4687,19.19546666666667,584.2620166666667,695,6,579.4583333333334,0.8424010071942446,0.02761937649880096,0.8406647721822542,1.01037238800604,0.03312656935356295,1.0082899546990725,FALSE,ICOS,EUF,v1.3,EUF_RU-Fy2_FLUXNET_2015-2024_v1.3_r1.zip
RU-Fy3,30,712.9970666666667,23.376666666666665,711.5272916666667,687,3,710.5976666666667,1.0378414361960213,0.03402717127607957,1.035702025715672,1.0033765942565718,0.03289719029943339,1.0013082297390037,FALSE,ICOS,EUF,v1.3,EUF_RU-Fy3_FLUXNET_2016-2018_v1.3_r1.zip
RU-Fy4,30,452.93016666666665,14.85,451.996875,690,6,445.09683333333334,0.6564205314009661,0.021521739130434783,0.6550679347826087,1.0175991666232929,0.03336352651351897,1.0155023382552335,FALSE,ICOS,EUF,v1.3,EUF_RU-Fy4_FLUXNET_2015-2020_v1.3_r1.zip
RU-Fyo,30,557.2262666666667,18.2695,556.07790625,689,23,552.3383913043479,0.8087463957426222,0.026515965166908566,0.8070796897677793,1.0088494217299944,0.03307664339039796,1.0067703331952378,FALSE,ICOS,EUF,v1.3,EUF_RU-Fyo_FLUXNET_1998-2024_v1.3_r1.zip
RU-Ha1,30,377.7314666666667,12.372066666666667,376.57477916666664,459,3,400.2456666666667,0.8229443718228032,0.026954393609295572,0.8204243554829339,0.9437490474600183,0.03091118204902489,0.9408591036171949,FALSE,ICOS,EUF,v1.3,EUF_RU-Ha1_FLUXNET_2002-2004_v1.3_r1.zip
RU-NeB,30,1069.2168666666666,34.9973,1065.23031875,253,2,1153.0125,4.226153623188406,0.13832924901185772,4.2103965167984185,0.9273246098083643,0.030352923320432348,0.9238671035656594,FALSE,ICOS,JPF,v1.3,JPF_RU-NeB_FLUXNET_1999-2000_v1.3_r1.zip
RU-NeC,30,1069.2168666666666,34.9973,1065.23031875,256,6,1079.2038333333335,4.176628385416667,0.136708203125,4.161055932617187,0.9907459866633163,0.032428813648580135,0.9870520154286576,FALSE,ICOS,JPF,v1.3,JPF_RU-NeC_FLUXNET_2001-2006_v1.3_r1.zip
RU-NeF,30,1069.2168666666666,34.9973,1065.23031875,253,7,1081.1675714285714,4.226153623188406,0.13832924901185772,4.2103965167984185,0.9889464824161217,0.032369912791369866,0.9852592205873201,FALSE,ICOS,JPF,v1.3,JPF_RU-NeF_FLUXNET_2000-2006_v1.3_r1.zip
RU-Sk2,30,1018.6925,33.3453,1014.94756875,246,5,1178.1632,4.141026422764227,0.13555,4.125803125,0.8646446434585633,0.02830278521685281,0.8614660250379574,FALSE,ICOS,JPF,v1.3,JPF_RU-Sk2_FLUXNET_2004-2008_v1.3_r1.zip
RU-SkP,30,1069.2126666666666,34.9974,1065.2333625,252,11,1132.4013636363636,4.242907407407407,0.13887857142857143,4.2271165178571435,0.9441993810685765,0.030905473203967596,0.9406853406457638,FALSE,ICOS,JPF,v1.3,JPF_RU-SkP_FLUXNET_2004-2014_v1.3_r1.zip
RU-Tur,30,1764.6893,57.7589,1758.03651875,380,1,1580.536,4.643919210526316,0.15199710526315788,4.626411891447368,1.1165131955235439,0.036543868662276595,1.1123040024080437,FALSE,ICOS,JPF,v1.3,JPF_RU-Tur_FLUXNET_2004-2004_v1.3_r1.zip
SD-Dem,30,320.2158,10.4308,317.487475,291,3,287.5876666666667,1.1003979381443298,0.0358446735395189,1.0910222508591065,1.1134545639996152,0.036269983761473314,1.103967630739844,FALSE,ICOS,EUF,v1.3,EUF_SD-Dem_FLUXNET_2007-2009_v1.3_r1.zip
SE-Deg,30,551.8517,18.085066666666666,550.4642166666666,608,2,631.9929999999999,0.9076508223684211,0.02974517543859649,0.9053687774122806,0.873192741058841,0.028615928762924063,0.8709973317215012,FALSE,ICOS,ICOS,v1.3,ICOS_SE-Deg_FLUXNET_2019-2024_v1.3_r1.zip
SE-HfM,30,453.6553,14.867,452.5143125,635,1,704.164,0.7144177952755906,0.023412598425196853,0.7126209645669291,0.6442466527683892,0.021112979362762085,0.642626309354071,FALSE,ICOS,EUF,v1.3,EUF_SE-HfM_FLUXNET_2020-2023_v1.3_r1.zip
SE-Hmr,30,543.2816666666666,17.8042,541.9153375,635,1,697.442,0.8555616797900262,0.028038110236220475,0.8534099803149606,0.7789632208365235,0.0255278575135997,0.7770041630701907,FALSE,ICOS,EUF,v1.3,EUF_SE-Hmr_FLUXNET_2020-2023_v1.3_r1.zip
SE-Htm,30,866.0847,28.424166666666668,865.1605729166668,864,3,824.5606666666666,1.0024128472222222,0.03289834104938272,1.0013432556905866,1.050358979044194,0.03447189250679756,1.049238228175651,FALSE,ICOS,ICOS,v1.3,ICOS_SE-Htm_FLUXNET_2018-2024_v1.3_r1.zip
SE-Nor,30,544.4536666666667,17.854233333333333,543.4382270833333,599,3,587.204,0.908937673900946,0.02980673344462994,0.9072424492209238,0.9271967947538959,0.030405503595570423,0.9254675156901748,FALSE,ICOS,ICOS,v1.3,ICOS_SE-Nor_FLUXNET_2018-2024_v1.3_r1.zip
SE-Ros,30,619.4648333333333,20.300966666666667,617.9106729166667,644,7,629.0604285714286,0.9619019151138717,0.03152324016563147,0.959488622541408,0.9847461471072239,0.032271886363555505,0.9822755411907207,FALSE,ICOS,EUF,v1.3,EUF_SE-Ros_FLUXNET_2014-2020_v1.3_r1.zip
SE-Srj,30,512.0480333333334,16.780633333333334,510.76052708333333,608,1,694.318,0.8421842653508772,0.027599725877192983,0.8400666563870614,0.7374834489863915,0.024168512602774715,0.7356291023469553,FALSE,ICOS,EUF,v1.3,EUF_SE-Srj_FLUXNET_2020-2023_v1.3_r1.zip
SE-St1,30,205.1934,6.7298333333333336,204.83930208333334,379,8,215.445875,0.5414073878627969,0.017756816182937556,0.5404730925681618,0.952412757960671,0.031236770410820507,0.9507691993793491,FALSE,ICOS,EUF,v1.3,EUF_SE-St1_FLUXNET_2012-2019_v1.3_r1.zip
SE-Sto,30,390.507,12.807666666666666,389.83335416666665,379,NA,NA,1.0303614775725594,0.03379331574318382,1.0285840479331574,NA,NA,NA,FALSE,ICOS,ICOS,v1.3,ICOS_SE-Sto_FLUXNET_2022-2024_v1.3_r1.zip
SE-Svb,30,571.2178333333334,18.719833333333334,569.7849270833333,622,7,568.96,0.9183566452304395,0.03009619506966774,0.9160529374330117,1.0039683516122984,0.03290184430071241,1.001449885902934,FALSE,ICOS,ICOS,v1.3,ICOS_SE-Svb_FLUXNET_2014-2025_v1.3_r1.zip
SE-Trb,30,2565.8849,84.08863333333333,2559.447777083333,630,NA,NA,4.072833174603175,0.13347402116402116,4.062615519179894,NA,NA,NA,FALSE,ICOS,EUF,v1.3,EUF_SE-Trb_FLUXNET_2021-2023_v1.3_r1.zip
SJ-Adv,30,150.65223333333333,4.947933333333333,150.60272083333334,308,3,152.52866666666668,0.4891306277056277,0.016064718614718615,0.48896987283549787,0.9876978316644301,0.03243936658901277,0.9873732205530763,FALSE,ICOS,EUF,v1.3,EUF_SJ-Adv_FLUXNET_2012-2014_v1.3_r1.zip
SN-Dhr,30,379.9324,12.407333333333334,377.64820833333334,387,11,377.09827272727273,0.9817374677002584,0.032060292850990525,0.9758351636520242,1.0075156198733823,0.03290212188881236,1.0014583349907262,FALSE,ICOS,EUF,v1.3,EUF_SN-Dhr_FLUXNET_2010-2022_v1.3_r1.zip
SN-Nkr,30,570.6594,18.6187,566.70668125,529,3,522.7673333333333,1.0787512287334593,0.03519603024574669,1.071279170604915,1.0916125848210358,0.03561565310762851,1.0840514414634426,FALSE,ICOS,EUF,v1.3,EUF_SN-Nkr_FLUXNET_2018-2024_v1.3_r1.zip
TH-Kog,30,1857.1944333333333,60.6791,1846.9201062500001,1104,9,1890.9874444444445,1.6822413345410627,0.05496295289855072,1.6729348788496379,0.9821294365489353,0.03208857900049515,0.9766961233275714,FALSE,ICOS,JPF,v1.3,JPF_TH-Kog_FLUXNET_2005-2013_v1.3_r1.zip
TH-Mae,30,1320.5501,43.1495,1313.36290625,1122,12,1324.45175,1.1769608734402852,0.038457664884135476,1.1705551749108734,0.9970541395713358,0.03257914076522607,0.9916275970415683,FALSE,ICOS,JPF,v1.3,JPF_TH-Mae_FLUXNET_2005-2016_v1.3_r1.zip
UK-AMo,30,1007.6969,33.09203333333333,1007.2387645833334,843,18,1034.527388888889,1.1953699881376039,0.039255081059707396,1.194826529754844,0.9740649796447578,0.03198758552818509,0.9736221345141337,FALSE,ICOS,ICOS,v1.3,ICOS_UK-AMo_FLUXNET_2003-2024_v1.3_r1.zip
UK-Ags,30,1259.5997666666667,41.386266666666664,1259.6944916666666,984,NA,NA,1.280081063685637,0.04205921409214092,1.2801773289295393,NA,NA,NA,FALSE,ICOS,EUF,v1.3,EUF_UK-Ags_FLUXNET_2023-2024_v1.3_r1.zip
UK-BnB,30,1000.1563666666667,32.84393333333333,999.6872208333333,1138,NA,NA,0.8788720269478618,0.028861101347393087,0.878459772261277,NA,NA,NA,FALSE,ICOS,EUF,v1.3,EUF_UK-BnB_FLUXNET_2021-2024_v1.3_r1.zip
UK-CCr,30,1243.8746,40.85236666666667,1243.4439104166668,1482,NA,NA,0.8393215924426451,0.02756569950517319,0.839030978688709,NA,NA,NA,FALSE,ICOS,EUF,v1.3,EUF_UK-CCr_FLUXNET_2022-2024_v1.3_r1.zip
UK-Cvn,30,611.6592,20.077166666666667,611.0987604166667,551,NA,NA,1.1100892921960073,0.03643768905021174,1.1090721604658198,NA,NA,NA,FALSE,ICOS,EUF,v1.3,EUF_UK-Cvn_FLUXNET_2023-2024_v1.3_r1.zip
UK-GaB,30,979.9505333333333,32.174733333333336,979.3184458333333,1170,NA,NA,0.8375645584045583,0.027499772079772083,0.8370243126780627,NA,NA,NA,FALSE,ICOS,EUF,v1.3,EUF_UK-GaB_FLUXNET_2022-2024_v1.3_r1.zip
UK-Gnn,30,1232.0132333333333,40.4582,1231.4464625,1449,NA,NA,0.8502506786289395,0.027921463077984817,0.8498595324361629,NA,NA,NA,FALSE,ICOS,EUF,v1.3,EUF_UK-Gnn_FLUXNET_2022-2024_v1.3_r1.zip
UK-Gwr,30,1531.2825666666665,50.2738,1530.2087875,1278,NA,NA,1.1981866718831506,0.0393378716744914,1.1973464690923317,NA,NA,NA,FALSE,ICOS,EUF,v1.3,EUF_UK-Gwr_FLUXNET_2022-2024_v1.3_r1.zip
UK-HgF,30,608.0013666666666,19.959133333333334,607.5061208333333,616,NA,NA,0.9870152056277056,0.03240119047619048,0.9862112351190475,NA,NA,NA,FALSE,ICOS,EUF,v1.3,EUF_UK-HgF_FLUXNET_2023-2024_v1.3_r1.zip
UK-HpF,30,624.1721333333332,20.487333333333332,623.5832083333333,581,NA,NA,1.0743065978198507,0.035262191623637404,1.0732929575444636,NA,NA,NA,FALSE,ICOS,EUF,v1.3,EUF_UK-HpF_FLUXNET_2023-2024_v1.3_r1.zip
US-A03,30,904.299,29.630333333333333,901.8732708333333,146,6,1018.0685000000001,6.1938287671232874,0.2029474885844749,6.177214183789954,0.8882496610002175,0.029104459408510655,0.8858669832465431,FALSE,AmeriFlux,AMF,v1.3,AMF_US-A03_FLUXNET_2015-2021_v1.3_r1.zip
US-A10,30,914.8648666666667,29.974066666666666,912.3356541666667,107,10,997.0532000000001,8.550138940809969,0.28013146417445484,8.52650144080997,0.9175687582835766,0.03006265529930265,0.9150320706725245,FALSE,AmeriFlux,AMF,v1.3,AMF_US-A10_FLUXNET_2011-2022_v1.3_r1.zip
US-A32,30,796.7446,26.145766666666667,795.8117729166667,816,3,824.052,0.9764026960784313,0.03204138071895425,0.9752595256331699,0.9668620426866266,0.031728297081575756,0.9657300424204621,FALSE,AmeriFlux,AMF,v1.3,AMF_US-A32_FLUXNET_2015-2017_v1.3_r1.zip
US-A37,30,28.1835,0.9248666666666667,28.150629166666665,822,NA,NA,0.03428649635036496,0.0011251419302514194,0.034246507502027575,NA,NA,NA,FALSE,AmeriFlux,AMF,v1.3,AMF_US-A37_FLUXNET_2024-2024_v1.3_r1.zip
US-A39,30,28.21343333333333,0.9264333333333333,28.19831458333333,999,NA,NA,0.028241675008341672,9.273606940273607e-4,0.02822654112445779,NA,NA,NA,FALSE,AmeriFlux,AMF,v1.3,AMF_US-A39_FLUXNET_2024-2024_v1.3_r1.zip
US-A74,30,334.8814,10.992333333333333,334.5791458333333,823,2,340.731,0.4069032806804374,0.013356419603078169,0.40653602166869174,0.9828322048771612,0.03226103094034101,0.9819451292466295,FALSE,AmeriFlux,AMF,v1.3,AMF_US-A74_FLUXNET_2016-2017_v1.3_r1.zip
US-ABa,30,1163.3433,38.144533333333335,1161.0242333333333,1206,3,1115.6486666666667,0.9646296019900498,0.03162896627971255,0.9627066611387507,1.0427505851603223,0.03419045302792456,1.0406719140374538,FALSE,AmeriFlux,AMF,v1.3,AMF_US-ABa_FLUXNET_2013-2015_v1.3_r1.zip
US-ABb,30,1387.2422333333334,45.4859,1384.47708125,1206,3,1330.3626666666667,1.1502837755666115,0.03771633499170813,1.1479909463101161,1.0427549329907033,0.034190601660499594,1.0406764380414564,FALSE,AmeriFlux,AMF,v1.3,AMF_US-ABb_FLUXNET_2013-2015_v1.3_r1.zip
US-ABc,30,1262.7893333333334,41.405233333333335,1260.2717895833334,1206,3,1211.1543333333334,1.0470889994472083,0.03433269762299613,1.0450014838999448,1.0426328821842963,0.03418658728601337,1.040554250518032,FALSE,AmeriFlux,AMF,v1.3,AMF_US-ABc_FLUXNET_2013-2015_v1.3_r1.zip
US-ABd,30,1254.9155,41.14706666666667,1252.4138416666667,1213,3,1203.466,1.0345552349546578,0.03392173674086287,1.0324928620500138,1.042751103894917,0.03419046875164456,1.0406723926281813,FALSE,AmeriFlux,AMF,v1.3,AMF_US-ABd_FLUXNET_2013-2015_v1.3_r1.zip
US-ABe,30,4224.1391,138.5041,4215.71854375,1219,3,4050.9896666666664,3.4652494667760463,0.11362108285479901,3.458341709392945,1.0427425018528396,0.03419018842226949,1.0406638601028277,FALSE,AmeriFlux,AMF,v1.3,AMF_US-ABe_FLUXNET_2013-2015_v1.3_r1.zip
US-ADR,30,137.15643333333333,4.541666666666667,138.23697916666669,108,7,99.76185714285714,1.269966975308642,0.04205246913580247,1.2799720293209877,1.3748384128106983,0.04552508139622024,1.3856696649974538,FALSE,AmeriFlux,AMF,v1.3,AMF_US-ADR_FLUXNET_2011-2017_v1.3_r1.zip
US-ALQ,30,762.6937333333333,25.008433333333333,761.1941895833334,808,6,896.0826666666667,0.9439278877887788,0.030951031353135313,0.9420720168110561,0.8511421565272251,0.027908623013948117,0.8494687129870458,FALSE,AmeriFlux,AMF,v1.3,AMF_US-ALQ_FLUXNET_2015-2025_v1.3_r1.zip
US-AR1,30,671.5477666666667,22.024533333333334,670.3717333333334,584,4,500.4915,1.1499105593607306,0.037713242009132425,1.1478968036529682,1.341776566968004,0.044005808956462465,1.3394268101123263,FALSE,AmeriFlux,AMF,v1.3,AMF_US-AR1_FLUXNET_2009-2012_v1.3_r1.zip
US-AR2,30,553.886,18.16496666666667,552.8961729166666,600,4,414.3295,0.9231433333333333,0.030274944444444448,0.9214936215277777,1.3368249183319072,0.04384183763566598,1.334435933035583,FALSE,AmeriFlux,AMF,v1.3,AMF_US-AR2_FLUXNET_2009-2012_v1.3_r1.zip
US-ARM,30,633.0905666666666,20.78033333333333,632.5013958333333,859,18,642.517388888889,0.7370088086922778,0.024191307722157544,0.7363229287931703,0.9853283002370967,0.032342055939169126,0.9844113276484604,FALSE,AmeriFlux,AMF,v1.3,AMF_US-ARM_FLUXNET_2003-2025_v1.3_r1.zip
US-ARb,30,1120.4619666666667,36.804766666666666,1120.2450854166666,793,2,747.4559999999999,1.4129406893652796,0.04641206389239176,1.412667194724674,1.49903401225847,0.04924004445300682,1.4987438530383952,FALSE,AmeriFlux,AMF,v1.3,AMF_US-ARb_FLUXNET_2005-2006_v1.3_r1.zip
US-ARc,30,1192.0474333333334,39.1562,1191.8168375,793,2,794.947,1.503212400168138,0.04937730138713745,1.5029216109709962,1.4995307024661184,0.04925636551870753,1.4992406254756607,FALSE,AmeriFlux,AMF,v1.3,AMF_US-ARc_FLUXNET_2005-2006_v1.3_r1.zip
US-ASH,30,1028.2872666666667,33.9977,1034.80499375,175,1,1008.947,5.8759272380952385,0.19427257142857143,5.9131713928571425,1.0191687637375073,0.03369621992037243,1.0256286938263357,FALSE,AmeriFlux,AMF,v1.3,AMF_US-ASH_FLUXNET_2016-2016_v1.3_r1.zip
US-ASM,30,1028.2872666666667,33.9977,1034.80499375,175,1,1008.947,5.8759272380952385,0.19427257142857143,5.9131713928571425,1.0191687637375073,0.03369621992037243,1.0256286938263357,FALSE,AmeriFlux,AMF,v1.3,AMF_US-ASM_FLUXNET_2016-2016_v1.3_r1.zip
US-Akn,30,45.66973333333333,1.5003333333333333,45.66639583333333,1195,10,46.9481,0.03821735006973501,0.0012555090655509064,0.038214557182705715,0.9727706410554067,0.03195727480629319,0.972699551916549,FALSE,AmeriFlux,AMF,v1.3,AMF_US-Akn_FLUXNET_2011-2022_v1.3_r1.zip
US-Aud,30,411.84526666666665,13.4754,410.1574875,462,19,386.75600000000003,0.8914399711399711,0.029167532467532467,0.8877867694805195,1.064871047033961,0.034842122682001056,1.060507109133407,FALSE,AmeriFlux,AMF,v1.3,AMF_US-Aud_FLUXNET_2002-2024_v1.3_r1.zip
US-BRG,30,4220.8321,138.64616666666666,4220.042697916667,1103,4,4770.376,3.826683680870353,0.12569915382290722,3.825967994484739,0.8848007159184097,0.029063991321997815,0.8846352358633086,FALSE,AmeriFlux,AMF,v1.3,AMF_US-BRG_FLUXNET_2017-2020_v1.3_r1.zip
US-BZB,30,232.59470000000002,7.619033333333333,231.90432708333333,294,10,264.87,0.7911384353741497,0.025915079365079367,0.7887902281746032,0.8781466379733455,0.028765180402964975,0.8755401785152465,FALSE,AmeriFlux,AMF,v1.3,AMF_US-BZB_FLUXNET_2011-2025_v1.3_r1.zip
US-BZF,30,220.65093333333334,7.2278,219.9961625,294,10,261.1884,0.7505133786848073,0.0245843537414966,0.7482862670068027,0.8447960680234395,0.027672745037681613,0.8422891770844341,FALSE,AmeriFlux,AMF,v1.3,AMF_US-BZF_FLUXNET_2011-2025_v1.3_r1.zip
US-BZo,30,158.46103333333335,5.190666666666667,157.99091666666666,294,3,357.558,0.5389831065759637,0.017655328798185942,0.5373840702947845,0.44317574584636155,0.014516992115032155,0.4418609475012912,FALSE,AmeriFlux,AMF,v1.3,AMF_US-BZo_FLUXNET_2018-2025_v1.3_r1.zip
US-Bar,30,1160.2874,38.0909,1159.39176875,1233,17,1207.9148235294117,0.9410278994322789,0.030892862935928626,0.9403015156123277,0.9605705447092295,0.03153442548929239,0.9598290758303372,FALSE,AmeriFlux,AMF,v1.3,AMF_US-Bar_FLUXNET_2004-2023_v1.3_r1.zip
US-Bi1,30,362.50073333333336,11.9796,364.629075,386,5,380.67179999999996,0.9391210708117445,0.03103523316062176,0.9446349093264249,0.9522657925628675,0.03146962816788636,0.957856807360041,FALSE,AmeriFlux,AMF,v1.3,AMF_US-Bi1_FLUXNET_2016-2024_v1.3_r1.zip
US-Bi2,30,323.395,10.687266666666666,325.29367916666666,379,4,351.5065,0.8532849604221635,0.0281985927880387,0.8582946679859279,0.9200256609763973,0.030404179344241614,0.9254272087903542,FALSE,AmeriFlux,AMF,v1.3,AMF_US-Bi2_FLUXNET_2017-2025_v1.3_r1.zip
US-CAK,30,340.08683333333335,11.178966666666666,340.2597979166667,413,NA,NA,0.823454802259887,0.027067715899919288,0.8238736027037934,NA,NA,NA,FALSE,AmeriFlux,AMF,v1.3,AMF_US-CAK_FLUXNET_2024-2025_v1.3_r1.zip
US-CF1,30,8.998866666666666,0.2960666666666667,9.011529166666666,611,4,15.77525,0.014728096017457719,4.8456082924168035e-4,0.014748820240043642,0.570442095476564,0.01876779554470875,0.5712447768920724,FALSE,AmeriFlux,AMF,v1.3,AMF_US-CF1_FLUXNET_2017-2021_v1.3_r1.zip
US-CF2,30,14.574033333333333,0.47950000000000004,14.59478125,583,4,19.47275,0.02499834190966266,8.224699828473414e-4,0.025033930102915953,0.7484322108245282,0.0246241542668601,0.7494976954975543,FALSE,AmeriFlux,AMF,v1.3,AMF_US-CF2_FLUXNET_2017-2020_v1.3_r1.zip
US-CF3,30,15.796166666666666,0.5196333333333334,15.816339583333333,559,4,24.170749999999998,0.028257901013714965,9.295766249254623e-4,0.028293988521168753,0.6535240597278391,0.02149843647107903,0.6543586600884679,FALSE,AmeriFlux,AMF,v1.3,AMF_US-CF3_FLUXNET_2017-2021_v1.3_r1.zip
US-CF4,30,23.586000000000002,0.7759,23.61645625,559,4,32.0325,0.04219320214669052,0.0013880143112701253,0.042247685599284435,0.7363146804027161,0.024222274252712093,0.7372654725669242,FALSE,AmeriFlux,AMF,v1.3,AMF_US-CF4_FLUXNET_2017-2021_v1.3_r1.zip
US-CGG,30,525.0985333333333,17.374066666666668,528.8231541666667,507,2,434.0235,1.0356973044049966,0.03426837606837607,1.0430436965811967,1.2098389449726417,0.04003024413808623,1.2184205559529995,FALSE,AmeriFlux,AMF,v1.3,AMF_US-CGG_FLUXNET_2019-2024_v1.3_r1.zip
US-CLF,30,603.9065333333333,19.835166666666666,603.7328854166667,980,4,686.49325,0.616231156462585,0.02023996598639456,0.6160539647108844,0.8796977003536937,0.028893462050306636,0.8794447511562083,FALSE,AmeriFlux,AMF,v1.3,AMF_US-CLF_FLUXNET_2017-2020_v1.3_r1.zip
US-CMW,30,278.78473333333335,9.131433333333334,277.93800208333334,352,20,260.25715,0.7920020833333333,0.025941571969696972,0.7895965968276516,1.0711895267174536,0.035086195838743846,1.0679360858417657,FALSE,AmeriFlux,AMF,v1.3,AMF_US-CMW_FLUXNET_2001-2021_v1.3_r1.zip
US-CRK,30,1013.1134333333333,33.30076666666667,1013.5920854166667,1080,NA,NA,0.9380679938271604,0.030834043209876545,0.9385111902006174,NA,NA,NA,FALSE,AmeriFlux,AMF,v1.3,AMF_US-CRK_FLUXNET_2022-2025_v1.3_r1.zip
US-CRT,30,768.9276,25.254733333333334,768.6909458333333,854,3,811.0206666666667,0.900383606557377,0.029572287275565965,0.900106493950039,0.9480986510002622,0.031139444864125947,0.9478068530518334,FALSE,AmeriFlux,AMF,v1.3,AMF_US-CRT_FLUXNET_2011-2013_v1.3_r1.zip
US-CS1,30,721.6422,23.6772,720.674775,808,2,898.7275,0.8931215346534653,0.029303465346534652,0.8919242264851485,0.8029599628363436,0.02634524925519693,0.8018835242050566,FALSE,AmeriFlux,AMF,v1.3,AMF_US-CS1_FLUXNET_2018-2019_v1.3_r1.zip
US-CS2,30,3231.0546666666664,105.99923333333334,3226.3516645833333,809,3,3884.3596666666667,3.9938871034198598,0.13102501030078287,3.988073751030078,0.831811403664216,0.02728872772595123,0.8306006501586405,FALSE,AmeriFlux,AMF,v1.3,AMF_US-CS2_FLUXNET_2018-2022_v1.3_r1.zip
US-CS3,30,994.6649666666667,32.631366666666665,993.2172229166666,814,2,1220.1480000000001,1.2219471334971335,0.040087674037674034,1.2201685785217036,0.8152002598591864,0.0267437775308132,0.8140137285941267,FALSE,AmeriFlux,AMF,v1.3,AMF_US-CS3_FLUXNET_2019-2020_v1.3_r1.zip
US-CS4,30,909.2061,29.82776666666667,907.8826479166667,814,1,1103.345,1.1169608108108109,0.03664344799344799,1.1153349483005732,0.8240451536010949,0.027033943749839504,0.8228456628857399,FALSE,AmeriFlux,AMF,v1.3,AMF_US-CS4_FLUXNET_2020-2021_v1.3_r1.zip
US-CS5,30,1516.8692999999998,49.76873333333334,1514.8358208333334,808,NA,NA,1.8773134900990096,0.061594966996699675,1.8747968079620463,NA,NA,NA,FALSE,AmeriFlux,AMF,v1.3,AMF_US-CS5_FLUXNET_2021-2021_v1.3_r1.zip
US-CS6,30,829.1552333333333,27.193566666666666,827.7041854166666,818,NA,NA,1.0136372045639772,0.03324396903015485,1.0118633073553382,NA,NA,NA,FALSE,AmeriFlux,AMF,v1.3,AMF_US-CS6_FLUXNET_2022-2023_v1.3_r1.zip
US-CS8,30,1571.122,51.527633333333334,1568.3723395833333,822,NA,NA,1.9113406326034064,0.06268568532035686,1.9079955469383616,NA,NA,NA,FALSE,AmeriFlux,AMF,v1.3,AMF_US-CS8_FLUXNET_2023-2023_v1.3_r1.zip
US-CdM,30,175.45656666666667,5.7791,175.90135625,297,2,188.73950000000002,0.5907628507295174,0.019458249158249157,0.5922604587542087,0.9296229282511963,0.03061945167810659,0.9319795604523694,FALSE,AmeriFlux,AMF,v1.3,AMF_US-CdM_FLUXNET_2019-2024_v1.3_r1.zip
US-Ced,30,1220.0665999999999,40.03763333333333,1218.6454645833333,1147,10,1206.492,1.06370235396687,0.034906393490264455,1.0624633518599245,1.0112512971490901,0.03318516271416083,1.0100733901122703,FALSE,AmeriFlux,AMF,v1.3,AMF_US-Ced_FLUXNET_2005-2014_v1.3_r1.zip
US-ChR,30,1399.8499,46.0272,1400.9529,1241,14,1391.8013571428571,1.1280015310233682,0.03708879935535858,1.1288903303787268,1.0057828244065412,0.0330702364700135,1.0065753225560359,FALSE,AmeriFlux,AMF,v1.3,AMF_US-ChR_FLUXNET_2006-2019_v1.3_r1.zip
US-Cms,30,77.05356666666667,2.5245333333333333,76.84048333333334,107,7,71.48171428571429,0.7201267912772585,0.023593769470404983,0.7181353582554517,1.0779479400659242,0.035317190676803126,1.0749669912251951,FALSE,AmeriFlux,AMF,v1.3,AMF_US-Cms_FLUXNET_1999-2005_v1.3_r1.zip
US-Cop,30,197.0277,6.4786,197.1923875,330,7,195.57642857142858,0.5970536363636364,0.019632121212121212,0.5975526893939394,1.0074204823105326,0.033125668810512515,1.0082625444199746,FALSE,AmeriFlux,AMF,v1.3,AMF_US-Cop_FLUXNET_2001-2007_v1.3_r1.zip
US-Cst,30,1141.0507666666667,37.54026666666667,1142.6318666666666,1409,5,1101.0472,0.8098302105512184,0.026643198485923825,0.8109523539153063,1.036332290447373,0.03409505665757714,1.037768287015004,FALSE,AmeriFlux,AMF,v1.3,AMF_US-Cst_FLUXNET_2013-2017_v1.3_r1.zip
US-Cwt,30,5593.431333333333,183.81586666666666,5594.895441666667,1808,10,5811.3071,3.0937120206489674,0.10166806784660767,3.0945218150811207,0.9625083027075497,0.03163072670289042,0.962760244019227,TRUE,AmeriFlux,AMF,v1.3,AMF_US-Cwt_FLUXNET_2011-2024_v1.3_r1.zip
US-DFC,30,745.6671,24.4769,745.01564375,799,3,951.8506666666667,0.9332504380475595,0.03063441802252816,0.9324350985607008,0.7833866446837598,0.02571506314716034,0.7827022345416927,FALSE,AmeriFlux,AMF,v1.3,AMF_US-DFC_FLUXNET_2018-2024_v1.3_r1.zip
US-DFK,30,3277.5183666666667,107.5862,3274.6549625,799,3,4042.8213333333333,4.102025490196079,0.13465106382978725,4.098441755319149,0.8107007696935078,0.026611663274096375,0.8099925009053083,FALSE,AmeriFlux,AMF,v1.3,AMF_US-DFK_FLUXNET_2018-2020_v1.3_r1.zip
US-DPW,30,3911.317466666667,128.28876666666667,3904.7893354166667,1223,4,3937.3115,3.1981336603979287,0.10489678386481331,3.1927958588852547,0.9933980246842717,0.03258283391259916,0.991740007214737,FALSE,AmeriFlux,AMF,v1.3,AMF_US-DPW_FLUXNET_2013-2016_v1.3_r1.zip
US-DS1,30,1578.2313333333334,52.1474,1587.2364875,392,2,1851.0859999999998,4.026100340136055,0.13302908163265306,4.049072672193878,0.8525975202304666,0.028171246500702834,0.8574623153651425,FALSE,AmeriFlux,AMF,v1.3,AMF_US-DS1_FLUXNET_2018-2019_v1.3_r1.zip
US-DS2,30,1542.8013666666666,50.97673333333333,1551.6043208333333,392,1,661.11,3.9357177721088434,0.1300426870748299,3.958174287840136,2.3336530481563833,0.07710779345847639,2.3469684633923755,FALSE,AmeriFlux,AMF,v1.3,AMF_US-DS2_FLUXNET_2020-2023_v1.3_r1.zip
US-DS3,30,419.11136666666664,13.8504,421.57155,373,NA,NA,1.123622966934763,0.03713243967828418,1.1302186327077748,NA,NA,NA,FALSE,AmeriFlux,AMF,v1.3,AMF_US-DS3_FLUXNET_2021-2025_v1.3_r1.zip
US-Dix,30,1139.0100666666667,37.3848,1137.89985,1153,4,1139.3285,0.987866493206129,0.03242393755420642,0.9869035993061579,0.9997205078839567,0.03281301222606123,0.9987460596307386,FALSE,AmeriFlux,AMF,v1.3,AMF_US-Dix_FLUXNET_2005-2008_v1.3_r1.zip
US-Dk1,30,1138.0428666666667,37.374766666666666,1137.5944604166666,1165,8,1054.065375,0.9768608297567954,0.032081344778254646,0.9764759316881259,1.0796700979449845,0.03545773113614198,1.0792446914563214,FALSE,AmeriFlux,AMF,v1.3,AMF_US-Dk1_FLUXNET_2001-2008_v1.3_r1.zip
US-Dk2,30,1137.5497666666668,37.35856666666667,1137.1013729166666,1165,8,1053.616375,0.9764375679542204,0.03206743919885551,0.9760526806151645,1.0796621936202033,0.03545746587952059,1.0792366177079078,FALSE,AmeriFlux,AMF,v1.3,AMF_US-Dk2_FLUXNET_2001-2008_v1.3_r1.zip
US-Dk3,30,1136.6637666666666,37.32946666666667,1136.2156416666667,1165,8,1052.80175,0.975677052932761,0.03204246065808298,0.9752923962804005,1.079656038439019,0.035457261223840734,1.0792303885006522,FALSE,AmeriFlux,AMF,v1.3,AMF_US-Dk3_FLUXNET_2001-2008_v1.3_r1.zip
US-Dmg,30,357.4943666666667,11.8198,359.7651625,334,NA,NA,1.0703424151696608,0.03538862275449102,1.0771412050898204,NA,NA,NA,FALSE,AmeriFlux,AMF,v1.3,AMF_US-Dmg_FLUXNET_2021-2025_v1.3_r1.zip
US-EA4,30,731.8793,24.041633333333333,731.7672145833334,854,NA,NA,0.8570015222482434,0.028151795472287276,0.856870274687744,NA,NA,NA,FALSE,AmeriFlux,AMF,v1.3,AMF_US-EA4_FLUXNET_2021-2025_v1.3_r1.zip
US-EA5,30,659.1300666666666,21.643266666666666,658.7669291666666,619,NA,NA,1.064830479267636,0.034964889606892834,1.0642438274098007,NA,NA,NA,FALSE,AmeriFlux,AMF,v1.3,AMF_US-EA5_FLUXNET_2021-2022_v1.3_r1.zip
US-EA6,30,971.9215,31.921733333333332,971.6177583333333,668,NA,NA,1.4549723053892216,0.047787025948103794,1.4545176022954092,NA,NA,NA,FALSE,AmeriFlux,AMF,v1.3,AMF_US-EA6_FLUXNET_2023-2023_v1.3_r1.zip
US-EDN,30,415.89750000000004,13.758966666666666,418.7885479166667,398,3,218.40266666666665,1.0449685929648242,0.03457026800670016,1.0522325324539363,1.9042693312657968,0.06299816241559933,1.9175065685248045,FALSE,AmeriFlux,AMF,v1.3,AMF_US-EDN_FLUXNET_2018-2024_v1.3_r1.zip
US-EKH,30,16.56,0.5476666666666666,16.669604166666666,553,NA,NA,0.029945750452079565,9.90355635925256e-4,0.030143949668474983,NA,NA,NA,FALSE,AmeriFlux,AMF,v1.3,AMF_US-EKH_FLUXNET_2022-2024_v1.3_r1.zip
US-EKN,30,17.549833333333332,0.5804,17.665925,539,NA,NA,0.0325599876314162,0.001076808905380334,0.032775371057513915,NA,NA,NA,FALSE,AmeriFlux,AMF,v1.3,AMF_US-EKN_FLUXNET_2023-2024_v1.3_r1.zip
US-EKP,30,13.200566666666667,0.4365666666666667,13.287997916666667,539,NA,NA,0.024490847247990107,8.099567099567101e-4,0.02465305735930736,NA,NA,NA,FALSE,AmeriFlux,AMF,v1.3,AMF_US-EKP_FLUXNET_2022-2024_v1.3_r1.zip
US-EML,30,2134.550333333333,69.8737,2126.78074375,424,13,2182.913846153846,5.0343168238993705,0.16479646226415096,5.015992320165094,0.9778445159868648,0.032009371383626965,0.9742852414891459,FALSE,AmeriFlux,AMF,v1.3,AMF_US-EML_FLUXNET_2008-2023_v1.3_r1.zip
US-Elm,30,1087.0007,35.6376,1084.71945,1343,13,1206.1476923076923,0.8093825018615042,0.026535815338793744,0.8076838793745347,0.9012169130964954,0.029546630339950714,0.8993255609722499,FALSE,AmeriFlux,AMF,v1.3,AMF_US-Elm_FLUXNET_2008-2024_v1.3_r1.zip
US-Esm,30,1081.8721333333333,35.4685,1079.57246875,1405,13,1318.8478461538461,0.7700157532621589,0.025244483985765124,0.768378981316726,0.8203161088584974,0.026893549626241367,0.8185724167487216,FALSE,AmeriFlux,AMF,v1.3,AMF_US-Esm_FLUXNET_2008-2024_v1.3_r1.zip
US-EvM,30,1184.8167,38.85543333333333,1182.6622520833334,1377,1,1515.661,0.8604333333333334,0.02821745340111353,0.8588687378963932,0.7817161621233244,0.025635965650190464,0.7802947044776724,FALSE,AmeriFlux,AMF,v1.3,AMF_US-EvM_FLUXNET_2020-2023_v1.3_r1.zip
US-Fcr,30,259.7326,8.511833333333334,259.0789270833333,294,4,253.72175,0.8834442176870748,0.02895181405895692,0.8812208404195011,1.0236907163063473,0.03354790566174691,1.0211143785794214,FALSE,AmeriFlux,AMF,v1.3,AMF_US-Fcr_FLUXNET_2011-2014_v1.3_r1.zip
US-Fmf,30,543.0659666666667,17.782966666666667,541.2690479166666,561,6,580.0643333333334,0.9680320261437908,0.031698692810457514,0.9648289624183006,0.9362167874482887,0.030656886908521065,0.9331189952781098,FALSE,AmeriFlux,AMF,v1.3,AMF_US-Fmf_FLUXNET_2005-2010_v1.3_r1.zip
US-Fo1,30,57.956199999999995,1.8985666666666667,57.78762291666666,166,8,60.769999999999996,0.349133734939759,0.01143714859437751,0.3481182103413654,0.9536975481323021,0.031241840820580333,0.9509235299764138,FALSE,AmeriFlux,AMF,v1.3,AMF_US-Fo1_FLUXNET_2013-2024_v1.3_r1.zip
US-Fo2,30,63.41126666666667,2.0772333333333335,63.22578958333333,167,NA,NA,0.37970818363273456,0.012438522954091816,0.37859754241516963,NA,NA,NA,FALSE,AmeriFlux,AMF,v1.3,AMF_US-Fo2_FLUXNET_2023-2024_v1.3_r1.zip
US-Fuf,30,640.0857666666666,21.059733333333334,641.0056333333333,580,6,672.3255,1.1035961494252873,0.036309885057471264,1.1051821264367816,0.9520474333736658,0.031323716463726774,0.9534156198646835,FALSE,AmeriFlux,AMF,v1.3,AMF_US-Fuf_FLUXNET_2005-2010_v1.3_r1.zip
US-Fwf,30,498.22723333333334,16.328833333333336,497.0088645833333,526,6,526.6765,0.9472000633713562,0.031043409378960714,0.9448837729721166,0.9459834136008219,0.031003535060579568,0.9436700984063904,FALSE,AmeriFlux,AMF,v1.3,AMF_US-Fwf_FLUXNET_2005-2010_v1.3_r1.zip
US-GLE,30,1379.5923,45.3117,1379.17486875,510,16,1350.9175,2.7050829411764705,0.0888464705882353,2.704264448529412,1.0212261666608065,0.03354142647496979,1.020917168331893,FALSE,AmeriFlux,AMF,v1.3,AMF_US-GLE_FLUXNET_2005-2020_v1.3_r1.zip
US-HB1,30,647.0659333333333,21.250333333333334,646.8070208333334,1372,3,748.6650000000001,0.4716224003887269,0.015488581146744413,0.47143368865403307,0.8642930193522246,0.028384301835044153,0.8639471871041564,FALSE,AmeriFlux,AMF,v1.3,AMF_US-HB1_FLUXNET_2018-2024_v1.3_r1.zip
US-HB2,30,1335.0056,43.843,1334.4713125,1370,3,1392.0696666666668,0.9744566423357663,0.0320021897810219,0.974066651459854,0.9590077508094063,0.03149483179601404,0.9586239427911774,FALSE,AmeriFlux,AMF,v1.3,AMF_US-HB2_FLUXNET_2018-2024_v1.3_r1.zip
US-HB3,30,1842.267,60.501999999999995,1841.5296250000001,1370,2,1477.954,1.3447204379562043,0.044162043795620436,1.3441822080291972,1.24649819953801,0.04093632142813646,1.2459992834689038,FALSE,AmeriFlux,AMF,v1.3,AMF_US-HB3_FLUXNET_2019-2024_v1.3_r1.zip
US-HB4,30,658044.5751,21610.881733333335,657781.2127583333,1350,1,2016.091,487.440426,16.00806054320988,487.2453427839506,326.39626638876916,10.719199546713584,326.2656362030947,TRUE,AmeriFlux,AMF,v1.3,AMF_US-HB4_FLUXNET_2020-2024_v1.3_r1.zip
US-HBK,30,4481.9504,147.10999999999999,4477.6606249999995,1152,5,4457.702,3.890581944444444,0.12769965277777776,3.8868581814236105,1.0054396637550018,0.03300130874607589,1.0044773349586849,FALSE,AmeriFlux,AMF,v1.3,AMF_US-HBK_FLUXNET_2016-2024_v1.3_r1.zip
US-HRA,30,530.8393333333333,17.4432,530.9274,1289,6,646.6495,0.4118226014998707,0.013532350659425912,0.4118909231962762,0.8209073591386575,0.026974736700484576,0.8210435483209994,FALSE,AmeriFlux,AMF,v1.3,AMF_US-HRA_FLUXNET_2015-2024_v1.3_r1.zip
US-HRC,30,504.8086333333333,16.587833333333332,504.8921770833333,1289,6,580.9266666666666,0.3916281096457202,0.012868761313679854,0.39169292248513055,0.8689713561092048,0.028554091738486786,0.8691151672901916,FALSE,AmeriFlux,AMF,v1.3,AMF_US-HRC_FLUXNET_2015-2024_v1.3_r1.zip
US-HVs,30,1515.1631666666667,49.60723333333333,1509.9201645833334,196,1,1669.294,7.7304243197278915,0.25309812925170067,7.7036743090986395,0.9076670536566157,0.029717493343493315,0.9045262036425779,FALSE,AmeriFlux,AMF,v1.3,AMF_US-HVs_FLUXNET_1995-1995_v1.3_r1.zip
US-HWB,30,1033.7404666666666,33.960300000000004,1033.66663125,1007,4,1104.81325,1.0265545845746442,0.03372423038728898,1.026481262413108,0.93566986698129,0.030738498112690093,0.9356030363050045,FALSE,AmeriFlux,AMF,v1.3,AMF_US-HWB_FLUXNET_2015-2018_v1.3_r1.zip
US-Ha1,30,1210.9178333333334,39.7637,1210.30761875,1103,30,1208.5902666666666,1.0978402840737385,0.03605049864007253,1.0972870523572076,1.0019258525663013,0.032900893790638944,1.001420954752573,FALSE,AmeriFlux,AMF,v1.3,AMF_US-Ha1_FLUXNET_1991-2025_v1.3_r1.zip
US-Hn2,30,42.84546666666667,1.4087666666666667,42.87933541666666,167,4,51.0995,0.25655968063872253,0.008435728542914172,0.25676248752495007,0.8384713483824043,0.027569089064798418,0.8391341484098017,FALSE,AmeriFlux,AMF,v1.3,AMF_US-Hn2_FLUXNET_2015-2018_v1.3_r1.zip
US-Hn3,30,13.158766666666667,0.4326666666666667,13.169291666666666,167,2,15.42,0.07879500998003992,0.0025908183632734534,0.07885803393213572,0.853357111975789,0.028058798097708604,0.8540396670990056,FALSE,AmeriFlux,AMF,v1.3,AMF_US-Hn3_FLUXNET_2017-2018_v1.3_r1.zip
US-Ho2,30,796.8249,26.1632,796.3424,1062,22,808.8544545454546,0.7503059322033898,0.024635781544256122,0.7498516007532957,0.98512766483778,0.03234599235124782,0.9845311421911055,FALSE,AmeriFlux,AMF,v1.3,AMF_US-Ho2_FLUXNET_1999-2025_v1.3_r1.zip
US-Ho3,30,1118.2289666666666,36.71626666666667,1117.5513666666666,1064,18,1184.0795555555555,1.050967073934837,0.0345077694235589,1.0503302318295737,0.9443866853540996,0.03100827684626296,0.9438144265081287,FALSE,AmeriFlux,AMF,v1.3,AMF_US-Ho3_FLUXNET_2003-2021_v1.3_r1.zip
US-Hsm,30,505.5593,16.720633333333332,508.9342770833333,546,NA,NA,0.9259327838827839,0.03062387057387057,0.9321140605921856,NA,NA,NA,FALSE,AmeriFlux,AMF,v1.3,AMF_US-Hsm_FLUXNET_2021-2025_v1.3_r1.zip
US-IAB,30,3589.859733333333,117.77156666666667,3584.6720604166667,849,2,3525.6705,4.228338908519827,0.13871798193953672,4.222228575284649,1.018206248523035,0.03340401965148662,1.0167348481421241,FALSE,AmeriFlux,AMF,v1.3,AMF_US-IAB_FLUXNET_2019-2024_v1.3_r1.zip
US-IAC,30,3589.859733333333,117.77156666666667,3584.6720604166667,851,2,3525.6705,4.218401566784175,0.13839197023110067,4.212305593909127,1.018206248523035,0.03340401965148662,1.0167348481421241,FALSE,AmeriFlux,AMF,v1.3,AMF_US-IAC_FLUXNET_2019-2024_v1.3_r1.zip
US-IAM,30,3589.859733333333,117.77156666666667,3584.6720604166667,851,2,3525.6705,4.218401566784175,0.13839197023110067,4.212305593909127,1.018206248523035,0.03340401965148662,1.0167348481421241,FALSE,AmeriFlux,AMF,v1.3,AMF_US-IAM_FLUXNET_2019-2024_v1.3_r1.zip
US-ICh,30,213.02486666666667,6.9728666666666665,212.23662916666666,243,14,231.91307142857144,0.8766455418381345,0.028694924554183814,0.8734017661179698,0.9185548074304113,0.03006672553519386,0.9151559584774631,FALSE,AmeriFlux,AMF,v1.3,AMF_US-ICh_FLUXNET_2007-2025_v1.3_r1.zip
US-ICs,30,220.42793333333333,7.215199999999999,219.61265,243,14,216.62742857142857,0.9071108367626886,0.029692181069958846,0.9037557613168724,1.0175439684021899,0.03330695492985982,1.0137804406776085,FALSE,AmeriFlux,AMF,v1.3,AMF_US-ICs_FLUXNET_2007-2025_v1.3_r1.zip
US-ICt,30,286.46073333333334,9.376633333333334,285.40127708333335,243,14,314.23885714285717,1.178850754458162,0.03858696844993142,1.1744908521947874,0.9116018812501742,0.02983919117638145,0.9082303814311103,FALSE,AmeriFlux,AMF,v1.3,AMF_US-ICt_FLUXNET_2007-2025_v1.3_r1.zip
US-Jo1,30,243.9739,7.990066666666666,243.19765416666667,283,11,224.52454545454546,0.8620985865724381,0.028233451118963485,0.8593556684334511,1.0866246249650777,0.0355866065800999,1.0831673377817908,FALSE,AmeriFlux,AMF,v1.3,AMF_US-Jo1_FLUXNET_2010-2022_v1.3_r1.zip
US-Jo2,30,332.1813,10.874666666666666,330.99766666666665,298,11,292.4707272727273,1.1147023489932886,0.036492170022371366,1.1107304250559284,1.135776229975463,0.03718206867426463,1.1317292152729295,FALSE,AmeriFlux,AMF,v1.3,AMF_US-Jo2_FLUXNET_2010-2020_v1.3_r1.zip
US-KFS,30,599.5625333333334,19.672466666666665,598.7807041666666,996,13,608.9629230769231,0.6019704149933066,0.01975147255689424,0.6011854459504685,0.9845632806409754,0.03230486770404194,0.9832794107417764,FALSE,AmeriFlux,AMF,v1.3,AMF_US-KFS_FLUXNET_2007-2019_v1.3_r1.zip
US-KLS,30,352.7522666666666,11.563233333333333,351.9559145833333,754,8,365.898,0.46784120247568517,0.015335853227232537,0.4667850326038903,0.9640726832796752,0.03160234090739313,0.9618962513687784,FALSE,AmeriFlux,AMF,v1.3,AMF_US-KLS_FLUXNET_2012-2019_v1.3_r1.zip
US-KPL,30,382.63723333333337,12.564666666666668,382.4370416666667,850,NA,NA,0.4501614509803922,0.014781960784313727,0.44992593137254905,NA,NA,NA,FALSE,AmeriFlux,AMF,v1.3,AMF_US-KPL_FLUXNET_2021-2024_v1.3_r1.zip
US-KS1,30,1227.4967333333334,40.302166666666665,1226.6971979166667,1229,2,1243.659,0.9987768375372933,0.03279264985082723,0.9981262798345538,0.9870042618863638,0.03240612311466942,0.9863613723027507,FALSE,AmeriFlux,AMF,v1.3,AMF_US-KS1_FLUXNET_2002-2003_v1.3_r1.zip
US-KS2,30,1240.9408333333333,40.743566666666666,1240.1323104166668,1276,4,1144.16,0.9725241640543365,0.03193069487983281,0.9718905254049113,1.084586800214422,0.035610025404372345,1.0838801482455833,FALSE,AmeriFlux,AMF,v1.3,AMF_US-KS2_FLUXNET_2003-2006_v1.3_r1.zip
US-KS3,30,274.10203333333334,8.999600000000001,273.925325,1290,1,314.813,0.21248219638242893,0.006976434108527133,0.21234521317829455,0.8706820662848528,0.02858712950227596,0.8701207542255244,FALSE,AmeriFlux,AMF,v1.3,AMF_US-KS3_FLUXNET_2018-2018_v1.3_r1.zip
US-Kon,30,722.2409666666667,23.682,720.820875,892,16,713.558875,0.809687182361734,0.026549327354260088,0.8080951513452915,1.012167309483281,0.03318857186101147,1.0101771560195367,FALSE,AmeriFlux,AMF,v1.3,AMF_US-Kon_FLUXNET_2004-2019_v1.3_r1.zip
US-LA2,30,891.8103666666666,29.270533333333333,890.9218583333334,1614,10,950.4649000000001,0.5525466955803386,0.018135398595621643,0.5519961947542338,0.9382885855823466,0.03079601712102502,0.937353771121199,FALSE,AmeriFlux,AMF,v1.3,AMF_US-LA2_FLUXNET_2011-2023_v1.3_r1.zip
US-LA3,30,546.9458333333333,17.94943333333333,546.3358770833333,1557,2,575.4380000000001,0.3512818454292443,0.01152821665596232,0.3508900944658531,0.9504861224551268,0.031192645138717515,0.9494261364097144,FALSE,AmeriFlux,AMF,v1.3,AMF_US-LA3_FLUXNET_2019-2023_v1.3_r1.zip
US-LS1,30,311.8808666666667,10.208233333333334,310.71310208333335,359,5,290.1606,0.8687489322191273,0.02843519034354689,0.8654961060817085,1.0748560165186682,0.035181321424526055,1.0708314708590116,FALSE,AmeriFlux,AMF,v1.3,AMF_US-LS1_FLUXNET_2003-2007_v1.3_r1.zip
US-LS2,30,316.23,10.3506,315.0463875,359,5,294.0088,0.8808635097493037,0.02883175487465181,0.8775665389972145,1.0755800506651503,0.03520506869182147,1.071554278307316,FALSE,AmeriFlux,AMF,v1.3,AMF_US-LS2_FLUXNET_2003-2007_v1.3_r1.zip
US-Lin,30,327.6041333333333,10.824233333333334,329.46260208333337,330,2,398.54200000000003,0.9927397979797979,0.03280070707070707,0.9983715214646466,0.8220065471978695,0.027159580002442233,0.8266697163243355,FALSE,AmeriFlux,AMF,v1.3,AMF_US-Lin_FLUXNET_2009-2010_v1.3_r1.zip
US-Los,30,753.36,24.7015,751.85190625,834,21,775.3181428571428,0.9033093525179856,0.02961810551558753,0.9015010866306954,0.9716785385980724,0.03185982454760046,0.969733409667589,FALSE,AmeriFlux,AMF,v1.3,AMF_US-Los_FLUXNET_2000-2025_v1.3_r1.zip
US-MBP,30,2870.626166666667,94.07286666666667,2863.3428791666665,695,12,2830.697,4.130397362110312,0.13535664268585132,4.119917811750599,1.0141057720648543,0.033233110667325635,1.011532805936724,FALSE,AmeriFlux,AMF,v1.3,AMF_US-MBP_FLUXNET_2009-2024_v1.3_r1.zip
US-MEF,30,419.4433,13.729033333333334,417.8774520833333,430,NA,NA,0.975449534883721,0.03192798449612403,0.9718080281007752,NA,NA,NA,FALSE,AmeriFlux,AMF,v1.3,AMF_US-MEF_FLUXNET_2024-2025_v1.3_r1.zip
US-MMS,30,1103.8964333333333,36.260866666666665,1103.6901291666666,1092,22,1097.4105909090908,1.0108941697191698,0.033205921855921854,1.0107052464896213,1.0059101328873359,0.033042205868113864,1.0057221411107158,FALSE,AmeriFlux,AMF,v1.3,AMF_US-MMS_FLUXNET_1999-2023_v1.3_r1.zip
US-MN1,30,456.3752333333333,14.962333333333333,455.41602083333333,598,4,347.51625,0.7631692865105908,0.025020624303233,0.7615652522296544,1.3132486130744485,0.043055060974366906,1.3104884184072927,FALSE,AmeriFlux,AMF,v1.3,AMF_US-MN1_FLUXNET_2017-2024_v1.3_r1.zip
US-MN2,30,473.4106,15.518833333333333,472.35448958333336,597,4,342.7565,0.7929825795644891,0.02599469570072585,0.7912135503908432,1.3811863524105303,0.045276554444141345,1.3781051258935522,FALSE,AmeriFlux,AMF,v1.3,AMF_US-MN2_FLUXNET_2017-2024_v1.3_r1.zip
US-MN3,30,501.7547666666667,16.4501,500.69991875,598,1,404.416,0.8390547937569677,0.027508528428093645,0.8372908340301003,1.240689702352693,0.04067618491849976,1.2380813784568365,FALSE,AmeriFlux,AMF,v1.3,AMF_US-MN3_FLUXNET_2020-2024_v1.3_r1.zip
US-MOz,30,908.8695,29.8614,908.9063625,1013,17,899.6168235294118,0.8972058242843041,0.029478183613030604,0.8972422137216189,1.0102851305451221,0.03319346550550999,1.0103261063239604,FALSE,AmeriFlux,AMF,v1.3,AMF_US-MOz_FLUXNET_2004-2021_v1.3_r1.zip
US-MZA,30,504.2912,16.5542,503.8684625,962,NA,NA,0.5242112266112267,0.01720810810810811,0.5237717905405406,NA,NA,NA,FALSE,AmeriFlux,AMF,v1.3,AMF_US-MZA_FLUXNET_2024-2025_v1.3_r1.zip
US-Me1,30,166.06796666666668,5.466866666666666,166.39775416666666,608,2,160.96949999999998,0.27313810307017544,0.00899155701754386,0.27368051672149124,1.031673495082402,0.033962127400946555,1.0337222527663108,FALSE,AmeriFlux,AMF,v1.3,AMF_US-Me1_FLUXNET_2004-2005_v1.3_r1.zip
US-Me3,30,383.19306666666665,12.610933333333334,383.8452833333333,537,6,377.17516666666666,0.713581129733085,0.023484047175667287,0.714795685909373,1.0159551861623977,0.03343521644010674,1.017684400395749,FALSE,AmeriFlux,AMF,v1.3,AMF_US-Me3_FLUXNET_2004-2009_v1.3_r1.zip
US-Me5,30,479.1358,15.772866666666667,480.0866291666667,821,3,402.43333333333334,0.5836002436053593,0.019211774259033698,0.5847583790093382,1.1905967033877247,0.03919373809326596,1.192959403213783,FALSE,AmeriFlux,AMF,v1.3,AMF_US-Me5_FLUXNET_2000-2002_v1.3_r1.zip
US-Me6,30,322.80733333333336,10.623633333333334,323.35683958333334,537,11,306.73545454545456,0.601130974549969,0.01978330229671012,0.6021542636561142,1.0523965474147599,0.034634513799770214,1.0541880137805058,FALSE,AmeriFlux,AMF,v1.3,AMF_US-Me6_FLUXNET_2010-2025_v1.3_r1.zip
US-Me7,30,2553.5444666666667,84.06116666666667,2558.6117604166666,821,NA,NA,3.110285586682907,0.10238875355257815,3.1164576862565974,NA,NA,NA,FALSE,AmeriFlux,AMF,v1.3,AMF_US-Me7_FLUXNET_2022-2023_v1.3_r1.zip
US-Mo1,30,921.9112666666666,30.282766666666667,921.7317104166667,1014,6,981.7801666666667,0.9091827087442471,0.0298646614069691,0.909005631574622,0.9390200555759173,0.030844752924152573,0.938837167128894,FALSE,AmeriFlux,AMF,v1.3,AMF_US-Mo1_FLUXNET_2015-2024_v1.3_r1.zip
US-Mo2,30,743.9494666666667,24.440633333333334,743.9117770833334,1018,3,795.3353333333333,0.7307951538965292,0.024008480681074,0.73075813073019,0.9353909420177485,0.030729973017670536,0.9353435537253469,FALSE,AmeriFlux,AMF,v1.3,AMF_US-Mo2_FLUXNET_2018-2024_v1.3_r1.zip
US-Mo3,30,937.9848666666667,30.809333333333335,937.7590833333334,1017,5,957.4208,0.9223056702720419,0.030294329727958046,0.9220836610947231,0.9796996959609262,0.03217951117558062,0.9794638714067351,FALSE,AmeriFlux,AMF,v1.3,AMF_US-Mo3_FLUXNET_2016-2023_v1.3_r1.zip
US-Mpj,30,416.3135,13.623666666666667,414.67035416666664,407,13,352.1257692307692,1.0228832923832922,0.033473382473382475,1.018846079033579,1.1822863771357917,0.03868977466894295,1.1776200164859512,FALSE,AmeriFlux,AMF,v1.3,AMF_US-Mpj_FLUXNET_2008-2025_v1.3_r1.zip
US-MtB,30,624.9588,20.516833333333334,624.4811145833334,717,12,565.1645,0.8716301255230126,0.02861483031148303,0.8709638976057648,1.1057998158058406,0.03630240988833045,1.104954600976058,FALSE,AmeriFlux,AMF,v1.3,AMF_US-MtB_FLUXNET_2009-2024_v1.3_r1.zip
US-Myb,30,273.38203333333337,9.0388,275.118475,356,11,256.84327272727273,0.7679270599250937,0.02538988764044944,0.7728047050561797,1.0643924227815855,0.035191889217195065,1.0711531280483746,FALSE,AmeriFlux,AMF,v1.3,AMF_US-Myb_FLUXNET_2010-2025_v1.3_r1.zip
US-NC1,30,1132.5543,37.16543333333333,1131.2228770833333,1248,8,1074.254125,0.9074954326923077,0.029779994658119657,0.9064285874065171,1.0542703757362812,0.034596500463364134,1.053030982853646,FALSE,AmeriFlux,AMF,v1.3,AMF_US-NC1_FLUXNET_2005-2012_v1.3_r1.zip
US-NC2,30,1239.1141,40.66226666666667,1237.6577416666667,1252,16,1276.769375,0.9897077476038338,0.03247784877529287,0.9885445220979766,0.9705073792203075,0.031847777259433926,0.96936672033402,FALSE,AmeriFlux,AMF,v1.3,AMF_US-NC2_FLUXNET_2005-2025_v1.3_r1.zip
US-NC3,30,1449.9727333333333,47.5817,1448.26799375,1254,8,1614.5597500000001,1.156278096757044,0.03794393939393939,1.1549186553030302,0.8980607458679266,0.029470386586807947,0.897004891735967,FALSE,AmeriFlux,AMF,v1.3,AMF_US-NC3_FLUXNET_2013-2021_v1.3_r1.zip
US-NC4,30,889.0554333333333,29.173566666666666,887.9704354166666,1327,12,975.34975,0.6699739512685254,0.02198460185882944,0.669156319078121,0.9115247462085609,0.029910877269068523,0.9104123268772731,FALSE,AmeriFlux,AMF,v1.3,AMF_US-NC4_FLUXNET_2009-2025_v1.3_r1.zip
US-NC5,30,636.7941,20.9112,636.48465,1142,NA,NA,0.557613047285464,0.01831103327495622,0.5573420753064798,NA,NA,NA,FALSE,AmeriFlux,AMF,v1.3,AMF_US-NC5_FLUXNET_2025-2025_v1.3_r1.zip
US-NGB,30,914.8648666666667,29.974066666666666,912.3356541666667,109,9,1016.1747777777778,8.393255657492356,0.2749914373088685,8.370051873088686,0.9003026710300164,0.029496959895241117,0.8978137168114015,FALSE,AmeriFlux,AMF,v1.3,AMF_US-NGB_FLUXNET_2012-2023_v1.3_r1.zip
US-NGC,30,2398.5839333333333,78.8436,2399.802075,413,4,2868.0874999999996,5.807709281678774,0.1909046004842615,5.81065877723971,0.8363008218310403,0.027489956286201173,0.8367255444612482,FALSE,AmeriFlux,AMF,v1.3,AMF_US-NGC_FLUXNET_2017-2023_v1.3_r1.zip
US-NR1,30,709.2242,23.244166666666665,707.4943229166666,567,23,660.3380434782608,1.250836331569665,0.040995002939447384,1.2477854019694297,1.074032015881194,0.03520040515041428,1.071412331765735,FALSE,AmeriFlux,AMF,v1.3,AMF_US-NR1_FLUXNET_1998-2025_v1.3_r1.zip
US-NR3,30,2853.9561,93.53576666666667,2846.9948979166666,686,14,2745.3849285714286,4.160285860058309,0.13634951409135085,4.150138335155491,1.0395467937113891,0.034070182907042605,1.0370111922331091,FALSE,AmeriFlux,AMF,v1.3,AMF_US-NR3_FLUXNET_2007-2024_v1.3_r1.zip
US-NSa,30,1815.2084,59.95043333333333,1824.7413145833334,299,NA,NA,6.070931103678929,0.20050312151616498,6.102813761148273,NA,NA,NA,FALSE,AmeriFlux,AMF,v1.3,AMF_US-NSa_FLUXNET_2023-2025_v1.3_r1.zip
US-NSb,30,900.7200333333333,29.767633333333333,906.0523395833333,172,NA,NA,5.236744379844961,0.17306763565891473,5.267746160368216,NA,NA,NA,FALSE,AmeriFlux,AMF,v1.3,AMF_US-NSb_FLUXNET_2023-2025_v1.3_r1.zip
US-Ne1,30,3120.004,102.3419,3115.03158125,799,20,3059.57075,3.904886107634543,0.1280874843554443,3.898662805068836,1.019752198899143,0.03344975761714286,1.018126997471786,FALSE,AmeriFlux,AMF,v1.3,AMF_US-Ne1_FLUXNET_2001-2024_v1.3_r1.zip
US-Ne2,30,3120.004,102.3419,3115.03158125,799,20,3059.57075,3.904886107634543,0.1280874843554443,3.898662805068836,1.019752198899143,0.03344975761714286,1.018126997471786,FALSE,AmeriFlux,AMF,v1.3,AMF_US-Ne2_FLUXNET_2001-2024_v1.3_r1.zip
US-Ne3,30,3120.004,102.3419,3115.03158125,797,20,3059.57075,3.9146850690087827,0.12840890840652447,3.9084461496235883,1.019752198899143,0.03344975761714286,1.018126997471786,FALSE,AmeriFlux,AMF,v1.3,AMF_US-Ne3_FLUXNET_2001-2024_v1.3_r1.zip
US-ONA,30,733.493,24.049333333333333,732.0015833333333,1285,5,1062.7282,0.570811673151751,0.01871543450064851,0.569651037613489,0.6901981146261105,0.022629806316735862,0.6887947297656478,FALSE,AmeriFlux,AMF,v1.3,AMF_US-ONA_FLUXNET_2016-2022_v1.3_r1.zip
US-OPE,30,891.1683333333333,29.2497,890.28774375,1127,NA,NA,0.7907438627624963,0.025953593611357587,0.7899625055456966,NA,NA,NA,FALSE,AmeriFlux,AMF,v1.3,AMF_US-OPE_FLUXNET_2022-2022_v1.3_r1.zip
US-OWC,30,564.5961666666667,18.542566666666666,564.3893729166667,897,6,604.054,0.6294271646228169,0.020671757710888146,0.629196625325158,0.9346783013880658,0.03069686926444766,0.9343359582366257,FALSE,AmeriFlux,AMF,v1.3,AMF_US-OWC_FLUXNET_2015-2025_v1.3_r1.zip
US-Oho,30,839.0880999999999,27.5467,838.45268125,855,10,832.9424,0.9813895906432748,0.032218362573099416,0.9806464108187134,1.0073783013087099,0.033071554527660016,1.0066154409356516,FALSE,AmeriFlux,AMF,v1.3,AMF_US-Oho_FLUXNET_2004-2013_v1.3_r1.zip
US-PAS,30,4443.1348333333335,145.67886666666666,4434.100504166667,1285,NA,NA,3.457692477302205,0.11336876783398184,3.4506618709468224,NA,NA,NA,FALSE,AmeriFlux,AMF,v1.3,AMF_US-PAS_FLUXNET_2021-2022_v1.3_r1.zip
US-PFL,30,3162.7420666666667,103.70126666666667,3156.4073041666666,825,1,3818.91,3.8336267474747476,0.12569850505050506,3.8259482474747473,0.8281792623200512,0.027154676770771418,0.826520474210355,FALSE,AmeriFlux,AMF,v1.3,AMF_US-PFL_FLUXNET_2019-2019_v1.3_r1.zip
US-PFb,30,3162.7420666666667,103.70126666666667,3156.4073041666666,829,1,3818.91,3.815129151588259,0.1250919983916365,3.807487701045436,0.8281792623200512,0.027154676770771418,0.826520474210355,FALSE,AmeriFlux,AMF,v1.3,AMF_US-PFb_FLUXNET_2019-2019_v1.3_r1.zip
US-PFc,30,3162.7420666666667,103.70126666666667,3156.4073041666666,829,1,3818.91,3.815129151588259,0.1250919983916365,3.807487701045436,0.8281792623200512,0.027154676770771418,0.826520474210355,FALSE,AmeriFlux,AMF,v1.3,AMF_US-PFc_FLUXNET_2019-2019_v1.3_r1.zip
US-PFd,30,3162.7420666666667,103.70126666666667,3156.4073041666666,829,1,3818.91,3.815129151588259,0.1250919983916365,3.807487701045436,0.8281792623200512,0.027154676770771418,0.826520474210355,FALSE,AmeriFlux,AMF,v1.3,AMF_US-PFd_FLUXNET_2019-2019_v1.3_r1.zip
US-PFf,30,3162.7420666666667,103.70126666666667,3156.4073041666666,825,1,3818.91,3.8336267474747476,0.12569850505050506,3.8259482474747473,0.8281792623200512,0.027154676770771418,0.826520474210355,FALSE,AmeriFlux,AMF,v1.3,AMF_US-PFf_FLUXNET_2019-2019_v1.3_r1.zip
US-PFg,30,3162.7420666666667,103.70126666666667,3156.4073041666666,828,1,3818.91,3.8197367954911434,0.12524307568438003,3.812086116143317,0.8281792623200512,0.027154676770771418,0.826520474210355,FALSE,AmeriFlux,AMF,v1.3,AMF_US-PFg_FLUXNET_2019-2019_v1.3_r1.zip
US-PFh,30,3162.7420666666667,103.70126666666667,3156.4073041666666,827,1,3818.91,3.824355582426441,0.12539451833937929,3.816695651954857,0.8281792623200512,0.027154676770771418,0.826520474210355,FALSE,AmeriFlux,AMF,v1.3,AMF_US-PFh_FLUXNET_2019-2019_v1.3_r1.zip
US-PFi,30,3162.7420666666667,103.70126666666667,3156.4073041666666,834,1,3818.91,3.7922566746602717,0.12434204636290967,3.784661036171063,0.8281792623200512,0.027154676770771418,0.826520474210355,FALSE,AmeriFlux,AMF,v1.3,AMF_US-PFi_FLUXNET_2019-2019_v1.3_r1.zip
US-PFj,30,3162.7420666666667,103.70126666666667,3156.4073041666666,834,1,3818.91,3.7922566746602717,0.12434204636290967,3.784661036171063,0.8281792623200512,0.027154676770771418,0.826520474210355,FALSE,AmeriFlux,AMF,v1.3,AMF_US-PFj_FLUXNET_2019-2019_v1.3_r1.zip
US-PFk,30,3162.7420666666667,103.70126666666667,3156.4073041666666,817,1,3818.91,3.871165320277438,0.12692933496532027,3.863411633006936,0.8281792623200512,0.027154676770771418,0.826520474210355,FALSE,AmeriFlux,AMF,v1.3,AMF_US-PFk_FLUXNET_2019-2019_v1.3_r1.zip
US-PFm,30,3162.7420666666667,103.70126666666667,3156.4073041666666,825,1,3818.91,3.8336267474747476,0.12569850505050506,3.8259482474747473,0.8281792623200512,0.027154676770771418,0.826520474210355,FALSE,AmeriFlux,AMF,v1.3,AMF_US-PFm_FLUXNET_2019-2019_v1.3_r1.zip
US-PFn,30,3162.7420666666667,103.70126666666667,3156.4073041666666,824,1,3818.91,3.838279207119741,0.12585105177993527,3.8305913885517797,0.8281792623200512,0.027154676770771418,0.826520474210355,FALSE,AmeriFlux,AMF,v1.3,AMF_US-PFn_FLUXNET_2019-2019_v1.3_r1.zip
US-PFp,30,3162.7420666666667,103.70126666666667,3156.4073041666666,824,1,3818.91,3.838279207119741,0.12585105177993527,3.8305913885517797,0.8281792623200512,0.027154676770771418,0.826520474210355,FALSE,AmeriFlux,AMF,v1.3,AMF_US-PFp_FLUXNET_2019-2019_v1.3_r1.zip
US-PFq,30,3162.7420666666667,103.70126666666667,3156.4073041666666,827,1,3818.91,3.824355582426441,0.12539451833937929,3.816695651954857,0.8281792623200512,0.027154676770771418,0.826520474210355,FALSE,AmeriFlux,AMF,v1.3,AMF_US-PFq_FLUXNET_2019-2019_v1.3_r1.zip
US-PFr,30,3162.7420666666667,103.70126666666667,3156.4073041666666,827,1,3818.91,3.824355582426441,0.12539451833937929,3.816695651954857,0.8281792623200512,0.027154676770771418,0.826520474210355,FALSE,AmeriFlux,AMF,v1.3,AMF_US-PFr_FLUXNET_2019-2019_v1.3_r1.zip
US-PFt,30,3162.7420666666667,103.70126666666667,3156.4073041666666,827,1,3818.91,3.824355582426441,0.12539451833937929,3.816695651954857,0.8281792623200512,0.027154676770771418,0.826520474210355,FALSE,AmeriFlux,AMF,v1.3,AMF_US-PFt_FLUXNET_2019-2019_v1.3_r1.zip
US-PLo,30,4001.626133333333,131.42416666666665,4000.2230729166668,1098,NA,NA,3.6444682452944748,0.11969414086217363,3.6431904124924106,NA,NA,NA,FALSE,AmeriFlux,AMF,v1.3,AMF_US-PLo_FLUXNET_2022-2023_v1.3_r1.zip
US-PSH,30,900.7205,29.766766666666665,906.0259604166666,171,1,888.579,5.26737134502924,0.17407465886939572,5.298397429337232,1.0136639510949506,0.03349929119039125,1.0196346756075336,FALSE,AmeriFlux,AMF,v1.3,AMF_US-PSH_FLUXNET_2016-2016_v1.3_r1.zip
US-PSL,30,1206.1900666666666,39.82513333333333,1212.1774958333333,226,1,1400.709,5.33712418879056,0.1762174041297935,5.3636172382005896,0.8611282333922795,0.02843212496909303,0.8654028037467691,FALSE,AmeriFlux,AMF,v1.3,AMF_US-PSL_FLUXNET_2016-2016_v1.3_r1.zip
US-Prr,30,375.2394,12.290466666666667,374.09107916666665,319,11,374.2218181818182,1.1762990595611285,0.03852810867293626,1.1726993077324974,1.00271919425523,0.032842731421649125,0.9996506376464452,FALSE,AmeriFlux,AMF,v1.3,AMF_US-Prr_FLUXNET_2010-2022_v1.3_r1.zip
US-RC1,30,510.87426666666664,16.8084,511.605675,611,6,511.4193333333333,0.8361280960174576,0.02750965630114566,0.8373251636661212,0.9989342079363445,0.03286618026433624,1.0003643617957345,FALSE,AmeriFlux,AMF,v1.3,AMF_US-RC1_FLUXNET_2011-2016_v1.3_r1.zip
US-RC2,30,441.5242666666667,14.5267,442.15643124999997,611,5,443.0472,0.7226256410256411,0.023775286415711947,0.7236602802782324,0.9965625934813869,0.0327881543998021,0.9979894495439764,FALSE,AmeriFlux,AMF,v1.3,AMF_US-RC2_FLUXNET_2012-2016_v1.3_r1.zip
US-RC3,30,258.66540000000003,8.505033333333333,258.8719520833333,260,5,255.4662,0.9948669230769233,0.03271166666666667,0.9956613541666667,1.0125229873854156,0.033292205909561945,1.0133315173722917,FALSE,AmeriFlux,AMF,v1.3,AMF_US-RC3_FLUXNET_2012-2016_v1.3_r1.zip
US-RC4,30,634.6162666666667,20.879666666666665,635.5248541666666,678,5,636.8032000000001,0.9360121927236972,0.030795968534906584,0.9373522922812192,0.9965657626511089,0.03278825650792374,0.9979925574599289,FALSE,AmeriFlux,AMF,v1.3,AMF_US-RC4_FLUXNET_2012-2016_v1.3_r1.zip
US-RC5,30,136.2416,4.478266666666666,136.30724166666667,190,3,113.925,0.7170610526315789,0.023569824561403507,0.7174065350877193,1.195888523151196,0.039308902055445835,1.1964647063126326,FALSE,AmeriFlux,AMF,v1.3,AMF_US-RC5_FLUXNET_2013-2015_v1.3_r1.zip
US-RGA,30,1105.6634666666666,36.33173333333333,1105.8471333333334,1291,NA,NA,0.8564395558998192,0.0281423186160599,0.8565818228763233,NA,NA,NA,FALSE,AmeriFlux,AMF,v1.3,AMF_US-RGA_FLUXNET_2021-2024_v1.3_r1.zip
US-RGB,30,438.8813,14.493500000000001,441.14590625,573,NA,NA,0.7659359511343805,0.02529406631762653,0.7698881435427574,NA,NA,NA,FALSE,AmeriFlux,AMF,v1.3,AMF_US-RGB_FLUXNET_2021-2024_v1.3_r1.zip
US-RGF,30,276.97476666666665,9.1511,278.53660625,287,NA,NA,0.9650688734030197,0.03188536585365854,0.9705108231707317,NA,NA,NA,FALSE,AmeriFlux,AMF,v1.3,AMF_US-RGF_FLUXNET_2023-2024_v1.3_r1.zip
US-RGW,30,1283.4840666666666,42.212633333333336,1284.8470270833334,1340,NA,NA,0.9578239303482587,0.03150196517412936,0.9588410649875623,NA,NA,NA,FALSE,AmeriFlux,AMF,v1.3,AMF_US-RGW_FLUXNET_2022-2024_v1.3_r1.zip
US-RGo,30,381.3772333333333,12.598166666666668,383.45669791666666,560,NA,NA,0.6810307738095238,0.022496726190476192,0.684744103422619,NA,NA,NA,FALSE,AmeriFlux,AMF,v1.3,AMF_US-RGo_FLUXNET_2021-2024_v1.3_r1.zip
US-RRC,30,1228.6875666666667,40.33003333333333,1227.5453895833334,1137,NA,NA,1.080639900322486,0.035470565816476105,1.0796353470389917,NA,NA,NA,FALSE,AmeriFlux,AMF,v1.3,AMF_US-RRC_FLUXNET_2022-2024_v1.3_r1.zip
US-Rls,30,1305.9504666666667,42.942766666666664,1307.0704604166667,375,7,1311.5462857142857,3.482534577777778,0.11451404444444443,3.485521227777778,0.9957334185544421,0.03274209010723511,0.9965873676389687,FALSE,AmeriFlux,AMF,v1.3,AMF_US-Rls_FLUXNET_2014-2023_v1.3_r1.zip
US-Rms,30,1484.0106,48.798833333333334,1485.3144895833334,448,7,1506.351,3.312523660714286,0.10892596726190476,3.315434128534226,0.985169193634153,0.032395393459647405,0.986034788428018,FALSE,AmeriFlux,AMF,v1.3,AMF_US-Rms_FLUXNET_2014-2023_v1.3_r1.zip
US-Ro1,30,812.8240000000001,26.6482,811.1045875,768,13,789.1557692307692,1.0583645833333335,0.03469817708333333,1.0561257649739584,1.0299918364561935,0.03376798477438158,1.0278130365702394,FALSE,AmeriFlux,AMF,v1.3,AMF_US-Ro1_FLUXNET_2004-2016_v1.3_r1.zip
US-Ro2,30,823.6855333333333,27.0043,821.94338125,768,9,828.0733333333334,1.072507204861111,0.03516184895833333,1.0702387776692708,0.9947011939361248,0.03261100063601452,0.992597331858692,FALSE,AmeriFlux,AMF,v1.3,AMF_US-Ro2_FLUXNET_2008-2016_v1.3_r1.zip
US-Ro3,30,805.9235333333334,26.421966666666666,804.2186104166667,768,4,720.00575,1.0493796006944445,0.034403602430555555,1.0471596489800348,1.1193293016525678,0.03669688286054197,1.1169613720677463,FALSE,AmeriFlux,AMF,v1.3,AMF_US-Ro3_FLUXNET_2004-2007_v1.3_r1.zip
US-Ro4,30,779.9887,25.5717,778.33861875,766,7,947.0532857142857,1.0182620104438642,0.033383420365535245,1.0161078573759792,0.8235953686721202,0.027001331800156667,0.8218530366672685,FALSE,AmeriFlux,AMF,v1.3,AMF_US-Ro4_FLUXNET_2014-2025_v1.3_r1.zip
US-Ro5,30,753.4834333333333,24.702733333333335,751.8894458333333,766,4,922.3565,0.9836598346388163,0.032248999129677984,0.9815789110095735,0.8169112846641546,0.02678219683314785,0.8151831161089376,FALSE,AmeriFlux,AMF,v1.3,AMF_US-Ro5_FLUXNET_2017-2024_v1.3_r1.zip
US-Ro6,30,753.4834333333333,24.702733333333335,751.8894458333333,766,4,922.3565,0.9836598346388163,0.032248999129677984,0.9815789110095735,0.8169112846641546,0.02678219683314785,0.8151831161089376,FALSE,AmeriFlux,AMF,v1.3,AMF_US-Ro6_FLUXNET_2017-2024_v1.3_r1.zip
US-Rpf,30,320.1290666666667,10.4854,319.1493625,321,13,332.60415384615385,0.9972868120456906,0.03266479750778816,0.9942347741433022,0.9624926897778386,0.031525162505487,0.9595471337607606,FALSE,AmeriFlux,AMF,v1.3,AMF_US-Rpf_FLUXNET_2008-2024_v1.3_r1.zip
US-Rwe,30,1484.0106,48.798833333333334,1485.3144895833334,463,5,1546.0076,3.2052064794816415,0.10539704823614111,3.2080226556875453,0.9598986447414619,0.031564420080039284,0.9607420361861957,FALSE,AmeriFlux,AMF,v1.3,AMF_US-Rwe_FLUXNET_2003-2007_v1.3_r1.zip
US-Rwf,30,1484.0106,48.798833333333334,1485.3144895833334,449,7,1506.351,3.3051461024498887,0.10868337045285821,3.308050088158872,0.985169193634153,0.032395393459647405,0.986034788428018,FALSE,AmeriFlux,AMF,v1.3,AMF_US-Rwf_FLUXNET_2014-2023_v1.3_r1.zip
US-Rws,30,1305.9504666666667,42.942766666666664,1307.0704604166667,309,7,1311.5462857142857,4.226376914778856,0.13897335490830637,4.230001490021575,0.9957334185544421,0.03274209010723511,0.9965873676389687,FALSE,AmeriFlux,AMF,v1.3,AMF_US-Rws_FLUXNET_2014-2023_v1.3_r1.zip
US-SD1,30,960.3414666666666,31.520433333333333,959.4031895833333,970,NA,NA,0.9900427491408934,0.03249529209621993,0.9890754531786942,NA,NA,NA,FALSE,AmeriFlux,AMF,v1.3,AMF_US-SD1_FLUXNET_2023-2025_v1.3_r1.zip
US-SD2,30,397.94016666666664,13.061233333333334,397.55128958333336,966,NA,NA,0.4119463423050379,0.013520945479641132,0.411543778036577,NA,NA,NA,FALSE,AmeriFlux,AMF,v1.3,AMF_US-SD2_FLUXNET_2023-2025_v1.3_r1.zip
US-SHC,30,844.1197,27.845033333333333,847.5332020833333,825,4,996.7112500000001,1.023175393939394,0.033751555555555555,1.0273129722222223,0.8469049586828682,0.027936910848887612,0.8503297239630166,FALSE,AmeriFlux,AMF,v1.3,AMF_US-SHC_FLUXNET_2017-2020_v1.3_r1.zip
US-SP1,30,1706.5929666666666,55.988166666666665,1704.1398229166666,1307,21,1654.6172857142858,1.3057329507778628,0.04283715888803876,1.30385602365468,1.0314125093465003,0.033837532793873235,1.0299299044135166,FALSE,AmeriFlux,AMF,v1.3,AMF_US-SP1_FLUXNET_2000-2020_v1.3_r1.zip
US-SRC,30,327.47316666666666,10.739066666666666,326.87034166666666,395,7,297.513,0.8290459915611814,0.027187510548523204,0.827519852320675,1.1007020421516596,0.03609612577153491,1.098675828171094,FALSE,AmeriFlux,AMF,v1.3,AMF_US-SRC_FLUXNET_2008-2014_v1.3_r1.zip
US-SRG,30,434.6741,14.232133333333334,433.19055833333334,566,13,411.303,0.7679754416961131,0.025145111896348646,0.7653543433451119,1.0568220995227362,0.03460255172788269,1.0532151682174293,FALSE,AmeriFlux,AMF,v1.3,AMF_US-SRG_FLUXNET_2008-2025_v1.3_r1.zip
US-SRM,30,378.2395,12.384333333333334,376.94814583333334,474,17,350.1064705882353,0.7979736286919832,0.026127285513361465,0.7952492528129396,1.0803556397129612,0.03537304898285844,1.0766671784157535,FALSE,AmeriFlux,AMF,v1.3,AMF_US-SRM_FLUXNET_2004-2025_v1.3_r1.zip
US-SRS,30,409.9934,13.424033333333332,408.5940145833333,474,8,403.03875,0.8649649789029537,0.028320745428973275,0.8620126889943741,1.0172555368435419,0.03330705380892863,1.013783450309265,FALSE,AmeriFlux,AMF,v1.3,AMF_US-SRS_FLUXNET_2011-2018_v1.3_r1.zip
US-SSH,30,934.9181666666667,30.707166666666666,934.6493854166666,989,5,1106.34,0.9453166498146276,0.03104870239298955,0.9450448790866195,0.8450550162397336,0.027755632686756935,0.8448120699031643,FALSE,AmeriFlux,AMF,v1.3,AMF_US-SSH_FLUXNET_2016-2021_v1.3_r1.zip
US-Sag,30,22.827066666666667,0.7475,22.75203125,179,1,29.192,0.12752551210428306,0.004175977653631285,0.12710631983240225,0.781963094911848,0.025606330501507263,0.7793926846396273,FALSE,AmeriFlux,AMF,v1.3,AMF_US-Sag_FLUXNET_1996-1996_v1.3_r1.zip
US-Seg,30,252.56323333333333,8.2771,251.93423125,255,14,229.27242857142858,0.9904440522875817,0.032459215686274516,0.9879773774509805,1.101585720127916,0.03610159342566267,1.0988422498936075,FALSE,AmeriFlux,AMF,v1.3,AMF_US-Seg_FLUXNET_2007-2025_v1.3_r1.zip
US-Ses,30,253.19693333333333,8.297866666666666,252.56631666666667,248,14,215.73707142857143,1.020955376344086,0.03345913978494623,1.0184125672043012,1.1736366478728462,0.03846286876761472,1.170713568114273,FALSE,AmeriFlux,AMF,v1.3,AMF_US-Ses_FLUXNET_2007-2025_v1.3_r1.zip
US-Slt,30,1059.4663,34.774,1058.433625,1162,16,1096.3509375,0.9117610154905336,0.029925989672977625,0.9108723106712564,0.9663569061343553,0.031717946152620496,0.9654149860203862,FALSE,AmeriFlux,AMF,v1.3,AMF_US-Slt_FLUXNET_2005-2022_v1.3_r1.zip
US-Sne,30,338.2771666666667,11.184433333333333,340.4261895833333,340,5,355.60519999999997,0.9949328431372549,0.03289539215686274,1.0012534987745099,0.9512717099375001,0.03145182728861483,0.9573149930972139,FALSE,AmeriFlux,AMF,v1.3,AMF_US-Sne_FLUXNET_2016-2020_v1.3_r1.zip
US-Snf,30,343.7930666666667,11.3668,345.976975,336,3,302.60266666666666,1.0231936507936508,0.033829761904761904,1.0296933779761903,1.1361204131270048,0.037563449539990836,1.143337495373471,FALSE,AmeriFlux,AMF,v1.3,AMF_US-Snf_FLUXNET_2018-2020_v1.3_r1.zip
US-Srr,30,1963.2860333333333,64.9328,1976.3921,530,4,1973.871,3.7043132704402515,0.12251471698113207,3.7290416981132077,0.9946374577332223,0.0328961720396115,1.0012772364556752,FALSE,AmeriFlux,AMF,v1.3,AMF_US-Srr_FLUXNET_2014-2017_v1.3_r1.zip
US-StJ,30,564.8426,18.5397,564.30211875,1133,6,640.5736666666667,0.49853715798764336,0.016363371579876433,0.49806012246248893,0.8817761787481116,0.028942338664145317,0.880932433089923,FALSE,AmeriFlux,AMF,v1.3,AMF_US-StJ_FLUXNET_2015-2020_v1.3_r1.zip
US-Sta,30,1727.4923666666666,56.8021,1728.91391875,293,5,1804.549,5.895878384527872,0.19386382252559728,5.9007300981228665,0.9572986749967258,0.03147717241260836,0.9580864353087669,FALSE,AmeriFlux,AMF,v1.3,AMF_US-Sta_FLUXNET_2005-2009_v1.3_r1.zip
US-Syv,30,3158.2599666666665,103.56166666666667,3152.158229166667,836,20,3175.69405,3.7778229266347685,0.12387759170653907,3.7705241975677835,0.9945101502037536,0.03261071911718532,0.9925887631293282,FALSE,AmeriFlux,AMF,v1.3,AMF_US-Syv_FLUXNET_2001-2025_v1.3_r1.zip
US-TKs,30,216.66003333333333,7.092066666666667,215.86477916666666,236,3,273.62933333333336,0.918050988700565,0.030051129943502824,0.9146812676553672,0.7918011957782303,0.025918517507869523,0.7888948766457786,FALSE,AmeriFlux,AMF,v1.3,AMF_US-TKs_FLUXNET_2018-2025_v1.3_r1.zip
US-TLR,30,1.0004666666666666,0.03283333333333334,0.9993645833333333,1276,NA,NA,7.840647857889236e-4,2.573145245559039e-5,7.832010841170324e-4,NA,NA,NA,FALSE,AmeriFlux,AMF,v1.3,AMF_US-TLR_FLUXNET_2024-2024_v1.3_r1.zip
US-TaS,30,3536.1759333333334,115.9729,3529.92514375,1257,4,4573.9884999999995,2.813186900026518,0.09226165473349243,2.808214115950676,0.7731055583837463,0.02535487354198639,0.7717389634342108,FALSE,AmeriFlux,AMF,v1.3,AMF_US-TaS_FLUXNET_2017-2023_v1.3_r1.zip
US-Ton,30,607.5981333333333,20.063766666666666,610.6908979166667,623,20,578.55145,0.9752779026217228,0.032205082932049225,0.9802422117442483,1.0502058776852659,0.03467931273297589,1.0555515813099539,FALSE,AmeriFlux,AMF,v1.3,AMF_US-Ton_FLUXNET_2001-2025_v1.3_r1.zip
US-Tw1,30,1717.7816666666665,56.794866666666664,1728.6937541666666,370,10,1555.644,4.6426531531531525,0.15349963963963964,4.672145281531531,1.104225431182627,0.03650890992197872,1.1112399457502273,FALSE,AmeriFlux,AMF,v1.3,AMF_US-Tw1_FLUXNET_2011-2023_v1.3_r1.zip
US-Tw2,30,1717.7816666666665,56.794866666666664,1728.6937541666666,370,2,1179.879,4.6426531531531525,0.15349963963963964,4.672145281531531,1.4558964662195586,0.04813617893586263,1.465144946360319,FALSE,AmeriFlux,AMF,v1.3,AMF_US-Tw2_FLUXNET_2012-2013_v1.3_r1.zip
US-Tw3,30,265.85970000000003,8.7901,267.54866875,370,6,232.08716666666666,0.7185397297297298,0.02375702702702703,0.7231045101351351,1.1455165911083696,0.037874132061014434,1.1527938946071268,FALSE,AmeriFlux,AMF,v1.3,AMF_US-Tw3_FLUXNET_2013-2018_v1.3_r1.zip
US-Tw4,30,366.24593333333337,12.109166666666667,368.57276041666665,370,8,334.865,0.989853873873874,0.03272747747747748,0.9961425957207207,1.0937121924755748,0.03616133864890827,1.1006607451261452,FALSE,AmeriFlux,AMF,v1.3,AMF_US-Tw4_FLUXNET_2013-2024_v1.3_r1.zip
US-Tw5,30,1717.7816666666665,56.794866666666664,1728.6937541666666,370,2,1974.0569999999998,4.6426531531531525,0.15349963963963964,4.672145281531531,0.8701783518240186,0.028770631580884783,0.8757060987431806,FALSE,AmeriFlux,AMF,v1.3,AMF_US-Tw5_FLUXNET_2018-2019_v1.3_r1.zip
US-Twt,30,373.8043666666667,12.359066666666667,376.1790916666667,370,9,359.49677777777777,1.0102820720720722,0.03340288288288289,1.0167002477477478,1.0397989349927723,0.034378796781055994,1.0464046270233918,FALSE,AmeriFlux,AMF,v1.3,AMF_US-Twt_FLUXNET_2009-2017_v1.3_r1.zip
US-UC1,30,1084.6863666666668,35.626266666666666,1084.3744916666667,1010,2,1086.891,1.073946897689769,0.03527353135313531,1.0736381105610562,0.9979716150622894,0.03277814119968485,0.9976846727654076,FALSE,AmeriFlux,AMF,v1.3,AMF_US-UC1_FLUXNET_2019-2024_v1.3_r1.zip
US-UC2,30,1036.5163666666667,34.044133333333335,1036.2183083333334,1009,2,1016.2729999999999,1.02727092831186,0.033740469111331356,1.0269755285761482,1.0199192211803982,0.03349900404058096,1.019625935485183,FALSE,AmeriFlux,AMF,v1.3,AMF_US-UC2_FLUXNET_2019-2024_v1.3_r1.zip
US-UMd,30,3229.1988333333334,105.90346666666667,3223.4367666666667,793,14,3326.916642857143,4.072129676334594,0.1335478772593527,4.064863514081547,0.9706281160564667,0.0318323174384427,0.9688961620325997,FALSE,AmeriFlux,AMF,v1.3,AMF_US-UMd_FLUXNET_2007-2025_v1.3_r1.zip
US-UTB,30,42.33186666666666,1.3931333333333333,42.40349583333333,165,NA,NA,0.25655676767676766,0.008443232323232323,0.2569908838383838,NA,NA,NA,FALSE,AmeriFlux,AMF,v1.3,AMF_US-UTB_FLUXNET_2021-2023_v1.3_r1.zip
US-UTD,30,67.7812,2.2287666666666666,67.83808541666667,271,NA,NA,0.2501151291512915,0.008224231242312422,0.2503250384378844,NA,NA,NA,FALSE,AmeriFlux,AMF,v1.3,AMF_US-UTD_FLUXNET_2023-2024_v1.3_r1.zip
US-UTE,30,228.46273333333335,7.519833333333334,228.88492708333334,225,NA,NA,1.015389925925926,0.03342148148148148,1.0172663425925925,NA,NA,NA,FALSE,AmeriFlux,AMF,v1.3,AMF_US-UTE_FLUXNET_2024-2025_v1.3_r1.zip
US-UTJ,30,824.7116,27.152099999999997,826.44204375,212,NA,NA,3.8901490566037733,0.1280759433962264,3.8983115271226416,NA,NA,NA,FALSE,AmeriFlux,AMF,v1.3,AMF_US-UTJ_FLUXNET_2024-2025_v1.3_r1.zip
US-UTL,30,98.10723333333334,3.231,98.3435625,211,NA,NA,0.4649631911532386,0.015312796208530806,0.4660832345971564,NA,NA,NA,FALSE,AmeriFlux,AMF,v1.3,AMF_US-UTL_FLUXNET_2024-2025_v1.3_r1.zip
US-UTM,30,73.7891,2.4272666666666667,73.87992916666667,236,NA,NA,0.31266567796610173,0.01028502824858757,0.3130505473163842,NA,NA,NA,FALSE,AmeriFlux,AMF,v1.3,AMF_US-UTM_FLUXNET_2022-2024_v1.3_r1.zip
US-UTP,30,285.49806666666666,9.397633333333333,286.04046458333335,436,NA,NA,0.6548120795107033,0.02155420489296636,0.6560561114296637,NA,NA,NA,FALSE,AmeriFlux,AMF,v1.3,AMF_US-UTP_FLUXNET_2024-2024_v1.3_r1.zip
US-UTV,30,128.37,4.223733333333334,128.55988333333335,206,NA,NA,0.6231553398058253,0.020503559870550164,0.6240771035598706,NA,NA,NA,FALSE,AmeriFlux,AMF,v1.3,AMF_US-UTV_FLUXNET_2023-2025_v1.3_r1.zip
US-UTW,30,822.7638333333333,27.088833333333334,824.5163645833334,228,NA,NA,3.6086133040935673,0.11881067251461988,3.6162998446637427,NA,NA,NA,FALSE,AmeriFlux,AMF,v1.3,AMF_US-UTW_FLUXNET_2021-2024_v1.3_r1.zip
US-Uaf,30,258.19873333333334,8.459666666666667,257.4911041666667,301,18,263.2439444444444,0.8578031007751938,0.028105204872646734,0.855452173311185,0.9808344646948722,0.032136225144780164,0.9781463528442462,FALSE,AmeriFlux,AMF,v1.3,AMF_US-Uaf_FLUXNET_2003-2025_v1.3_r1.zip
US-UiA,30,3837.7169,126.02843333333333,3835.9904395833332,1015,13,3941.578076923077,3.781001871921182,0.12416594417077174,3.779300925697865,0.973649849147691,0.031974105516568936,0.973211836660567,FALSE,AmeriFlux,AMF,v1.3,AMF_US-UiA_FLUXNET_2008-2024_v1.3_r1.zip
US-UiB,30,3837.7169,126.02843333333333,3835.9904395833332,1015,13,3941.578076923077,3.781001871921182,0.12416594417077174,3.779300925697865,0.973649849147691,0.031974105516568936,0.973211836660567,FALSE,AmeriFlux,AMF,v1.3,AMF_US-UiB_FLUXNET_2008-2024_v1.3_r1.zip
US-UiC,30,3837.7169,126.02843333333333,3835.9904395833332,1015,13,3941.578076923077,3.781001871921182,0.12416594417077174,3.779300925697865,0.973649849147691,0.031974105516568936,0.973211836660567,FALSE,AmeriFlux,AMF,v1.3,AMF_US-UiC_FLUXNET_2008-2024_v1.3_r1.zip
US-UiD,30,3837.7169,126.02843333333333,3835.9904395833332,1015,13,3941.578076923077,3.781001871921182,0.12416594417077174,3.779300925697865,0.973649849147691,0.031974105516568936,0.973211836660567,FALSE,AmeriFlux,AMF,v1.3,AMF_US-UiD_FLUXNET_2008-2024_v1.3_r1.zip
US-UiE,30,985.3755666666667,32.35916666666667,984.9321354166667,1015,3,1074.0993333333333,0.9708133661740559,0.03188095238095238,0.9703764880952381,0.9173970563864671,0.030126791500972288,0.916984216310844,FALSE,AmeriFlux,AMF,v1.3,AMF_US-UiE_FLUXNET_2018-2024_v1.3_r1.zip
US-UiF,30,954.1183333333333,31.3327,953.68905625,1015,3,1067.6726666666666,0.9400180623973727,0.03086965517241379,0.9395951293103448,0.8936431203321368,0.029346728616573496,0.8932410522669558,FALSE,AmeriFlux,AMF,v1.3,AMF_US-UiF_FLUXNET_2018-2023_v1.3_r1.zip
US-UiG,30,954.1183333333333,31.3327,953.68905625,1015,3,1067.6726666666666,0.9400180623973727,0.03086965517241379,0.9395951293103448,0.8936431203321368,0.029346728616573496,0.8932410522669558,FALSE,AmeriFlux,AMF,v1.3,AMF_US-UiG_FLUXNET_2018-2023_v1.3_r1.zip
US-VT1,30,812.4177,26.6725,811.84421875,973,NA,NA,0.8349616649537512,0.02741264131551901,0.8343722700411099,NA,NA,NA,FALSE,AmeriFlux,AMF,v1.3,AMF_US-VT1_FLUXNET_2023-2025_v1.3_r1.zip
US-VT2,30,810.1182666666667,26.597,809.5461875,973,NA,NA,0.8325984241178487,0.027335046248715314,0.8320104701952723,NA,NA,NA,FALSE,AmeriFlux,AMF,v1.3,AMF_US-VT2_FLUXNET_2023-2025_v1.3_r1.zip
US-Var,30,584.9927333333334,19.3173,587.97031875,640,21,560.0314761904762,0.9140511458333334,0.03018328125,0.918703623046875,1.0445711682362073,0.03449323979323951,1.0498879862067279,FALSE,AmeriFlux,AMF,v1.3,AMF_US-Var_FLUXNET_2000-2025_v1.3_r1.zip
US-Vcm,30,538.4859666666666,17.624433333333332,536.4436895833334,700,14,499.2712142857143,0.7692656666666666,0.025177761904761904,0.7663481279761906,1.078543988235042,0.03530031940364887,1.0744534718485625,FALSE,AmeriFlux,AMF,v1.3,AMF_US-Vcm_FLUXNET_2007-2025_v1.3_r1.zip
US-Vcp,30,505.1534,16.5406,503.4545125,597,14,463.04442857142857,0.8461530988274707,0.027706197654941377,0.843307391122278,1.0909393760734467,0.03572141025652892,1.0872704246830989,FALSE,AmeriFlux,AMF,v1.3,AMF_US-Vcp_FLUXNET_2007-2025_v1.3_r1.zip
US-WCr,30,687.0006666666667,22.523366666666668,685.5549729166667,818,22,701.2084090909091,0.8398541157294214,0.027534678076609618,0.8380867639568053,0.9797382030220342,0.032120788020593455,0.9776764853768133,FALSE,AmeriFlux,AMF,v1.3,AMF_US-WCr_FLUXNET_1999-2025_v1.3_r1.zip
US-WPT,30,812.0837,26.662200000000002,811.5307125,882,3,843.4666666666667,0.9207298185941043,0.030229251700680273,0.9201028486394558,0.9627928785962694,0.031610259247549795,0.9621372658472969,FALSE,AmeriFlux,AMF,v1.3,AMF_US-WPT_FLUXNET_2011-2013_v1.3_r1.zip
US-WT1,30,1763.8166333333334,57.85746666666667,1761.0366416666666,491,NA,NA,3.5922945689069925,0.11783598099117447,3.5866326714188728,NA,NA,NA,FALSE,AmeriFlux,AMF,v1.3,AMF_US-WT1_FLUXNET_2023-2024_v1.3_r1.zip
US-Whs,30,310.37823333333336,10.183433333333333,309.9582520833333,360,14,294.6992142857143,0.8621617592592593,0.028287314814814814,0.8609951446759259,1.0532034640323746,0.03455534606027275,1.051778345709552,FALSE,AmeriFlux,AMF,v1.3,AMF_US-Whs_FLUXNET_2007-2025_v1.3_r1.zip
US-Wjs,30,375.6472,12.2912,374.1134,344,14,330.92914285714284,1.0919976744186046,0.035730232558139535,1.0875389534883722,1.1351287975328341,0.037141485617982965,1.1304939684973565,FALSE,AmeriFlux,AMF,v1.3,AMF_US-Wjs_FLUXNET_2007-2025_v1.3_r1.zip
US-Wkg,30,334.9805666666667,10.990633333333333,334.5274020833333,410,17,314.81041176470586,0.8170257723577236,0.026806422764227643,0.8159204928861787,1.0640707999106342,0.034911911812967295,1.062631315807192,FALSE,AmeriFlux,AMF,v1.3,AMF_US-Wkg_FLUXNET_2004-2025_v1.3_r1.zip
US-YK1,30,362.5051666666667,11.909966666666666,362.50961041666665,525,2,454.226,0.6904860317460318,0.022685650793650793,0.690494496031746,0.7980722518452635,0.026220354331690978,0.7980820349708442,FALSE,AmeriFlux,AMF,v1.3,AMF_US-YK1_FLUXNET_2019-2025_v1.3_r1.zip
US-YK2,30,400.88443333333333,13.1709,400.88926875,530,2,522.73,0.7563857232704403,0.02485075471698113,0.7563948466981132,0.766905349479336,0.025196372888489277,0.7669145997933924,FALSE,AmeriFlux,AMF,v1.3,AMF_US-YK2_FLUXNET_2019-2025_v1.3_r1.zip
US-ZF1,30,318.5988,10.4579,318.31233125,963,NA,NA,0.33083987538940807,0.010859709241952233,0.3305424000519211,NA,NA,NA,FALSE,AmeriFlux,AMF,v1.3,AMF_US-ZF1_FLUXNET_2024-2025_v1.3_r1.zip
US-ZF2,30,457.0007,15.0009,456.58989375,963,NA,NA,0.47455939771547245,0.015577258566978194,0.47413280763239873,NA,NA,NA,FALSE,AmeriFlux,AMF,v1.3,AMF_US-ZF2_FLUXNET_2024-2025_v1.3_r1.zip
US-xAB,30,2201.8873,72.4778,2206.0430375,2372,2,2014.928,0.9282830101180438,0.03055556492411467,0.9300350073777404,1.0927870871812788,0.03597041680893809,1.094849561622053,FALSE,AmeriFlux,AMF,v1.3,AMF_US-xAB_FLUXNET_2019-2024_v1.3_r1.zip
US-xAE,30,790.6705000000001,25.963766666666665,790.2721479166667,700,2,877.828,1.1295292857142858,0.037091095238095236,1.1289602113095238,0.9007123263327214,0.029577282413715062,0.9002585334674522,FALSE,AmeriFlux,AMF,v1.3,AMF_US-xAE_FLUXNET_2019-2024_v1.3_r1.zip
US-xBA,30,70.94716666666666,2.324466666666667,70.75095416666667,109,2,34.4695,0.6508914373088684,0.021325382262996944,0.6490913226299695,2.0582592340088097,0.06743546226857561,2.0525668827997703,FALSE,AmeriFlux,AMF,v1.3,AMF_US-xBA_FLUXNET_2019-2024_v1.3_r1.zip
US-xBL,30,1093.0072666666667,35.895633333333336,1092.5733395833333,991,2,1234.1025,1.102933669693912,0.036221627985200136,1.102495801799529,0.8856697613582881,0.029086427856141073,0.8853181478712938,FALSE,AmeriFlux,AMF,v1.3,AMF_US-xBL_FLUXNET_2019-2024_v1.3_r1.zip
US-xBN,30,379.33189999999996,12.4237,378.14636875,329,2,458.62,1.152984498480243,0.037762006079027355,1.1493810600303953,0.82711591295626,0.027089311412498363,0.8245309161179191,FALSE,AmeriFlux,AMF,v1.3,AMF_US-xBN_FLUXNET_2019-2024_v1.3_r1.zip
US-xBR,30,1342.6421666666668,44.0774,1341.6058625,1233,2,1300.717,1.0889230873208977,0.03574809407948094,1.0880826135442012,1.032232350823943,0.03388700232256517,1.0314356331930774,FALSE,AmeriFlux,AMF,v1.3,AMF_US-xBR_FLUXNET_2019-2024_v1.3_r1.zip
US-xCL,30,947.5983333333334,31.131433333333334,947.5630020833333,870,2,943.3265,1.0891934865900383,0.035783256704980844,1.0891528759578544,1.0045284780331447,0.03300175849330357,1.0044910241399274,FALSE,AmeriFlux,AMF,v1.3,AMF_US-xCL_FLUXNET_2019-2024_v1.3_r1.zip
US-xCP,30,323.6106666666667,10.605233333333333,322.79678958333335,367,2,280.4645,0.8817729336966396,0.028897093551316984,0.8795552849682108,1.1538382457197496,0.03781310409457644,1.1509363558786705,FALSE,AmeriFlux,AMF,v1.3,AMF_US-xCP_FLUXNET_2019-2024_v1.3_r1.zip
US-xDC,30,377.5992,12.374733333333333,376.65594583333336,438,2,418.92699999999996,0.8620986301369863,0.02825281582952816,0.8599450818112634,0.9013484449558038,0.029539116202425088,0.8990968494113136,FALSE,AmeriFlux,AMF,v1.3,AMF_US-xDC_FLUXNET_2019-2024_v1.3_r1.zip
US-xDJ,30,239.51666666666668,7.838233333333333,238.57622708333332,290,2,314.317,0.8259195402298851,0.0270283908045977,0.8226766451149425,0.7620226289595112,0.024937350933399507,0.7590306190353475,FALSE,AmeriFlux,AMF,v1.3,AMF_US-xDJ_FLUXNET_2019-2024_v1.3_r1.zip
US-xDL,30,1300.6067,42.762966666666664,1301.5977979166667,1402,2,1517.5774999999999,0.9276795292439373,0.03050140275796481,0.9283864464455539,0.8570281913114817,0.02817844009064886,0.8576812702591247,FALSE,AmeriFlux,AMF,v1.3,AMF_US-xDL_FLUXNET_2019-2024_v1.3_r1.zip
US-xDS,30,1150.9070666666667,37.75803333333334,1149.2601395833333,1221,2,1371.6775,0.9425938301938301,0.030923860223860226,0.9412449955637455,0.8390507729890347,0.02752690288594319,0.8378501065908956,FALSE,AmeriFlux,AMF,v1.3,AMF_US-xDS_FLUXNET_2019-2024_v1.3_r1.zip
US-xGR,30,1378.7163666666665,45.30433333333333,1378.9506458333333,1367,2,1617.934,1.008570860765667,0.033141428919775666,1.0087422427456718,0.8521462350544995,0.02800134822145609,0.8522910364905697,FALSE,AmeriFlux,AMF,v1.3,AMF_US-xGR_FLUXNET_2019-2024_v1.3_r1.zip
US-xHA,30,1127.1007,37.01133333333333,1126.5324583333334,1103,2,1062.7805,1.021850135992747,0.0335551526140828,1.0213349576911455,1.0605206813636492,0.034825002277830024,1.0599860068314513,FALSE,AmeriFlux,AMF,v1.3,AMF_US-xHA_FLUXNET_2019-2024_v1.3_r1.zip
US-xHE,30,256.2087,8.3869,255.27626874999999,419,2,355.9115,0.6114766109785204,0.020016467780429596,0.6092512380668258,0.7198663150811369,0.023564565910345694,0.7172464748961469,FALSE,AmeriFlux,AMF,v1.3,AMF_US-xHE_FLUXNET_2019-2024_v1.3_r1.zip
US-xJE,30,1203.044,39.544266666666665,1203.6286166666666,1355,2,1280.4160000000002,0.8878553505535056,0.029183960639606394,0.8882868019680197,0.9395727638517481,0.030883921058989156,0.9400293472329825,FALSE,AmeriFlux,AMF,v1.3,AMF_US-xJE_FLUXNET_2019-2024_v1.3_r1.zip
US-xJR,30,203.24796666666666,6.6563,202.60113125,273,2,177.9105,0.7444980463980464,0.02438205128205128,0.742128685897436,1.1424169268630386,0.03741375579294083,1.1387811919476365,FALSE,AmeriFlux,AMF,v1.3,AMF_US-xJR_FLUXNET_2019-2024_v1.3_r1.zip
US-xKA,30,868.9191333333333,28.4915,867.21003125,888,2,1022.8815,0.9785125375375375,0.03208502252252252,0.9765878730292793,0.8494817174162729,0.027854155148959094,0.8478108473464424,FALSE,AmeriFlux,AMF,v1.3,AMF_US-xKA_FLUXNET_2019-2024_v1.3_r1.zip
US-xKZ,30,891.7298333333333,29.239466666666665,889.9762666666667,892,2,925.7905000000001,0.9996971225710015,0.0327796711509716,0.997731240657698,0.9632090989628143,0.03158324336517459,0.9613149699275015,FALSE,AmeriFlux,AMF,v1.3,AMF_US-xKZ_FLUXNET_2019-2024_v1.3_r1.zip
US-xLE,30,1463.2431,48.09576666666667,1463.9148979166666,1513,2,1645.252,0.9671137475214805,0.03178834545053977,0.9675577646508041,0.8893732388716136,0.029233069868121523,0.8897815641109488,FALSE,AmeriFlux,AMF,v1.3,AMF_US-xLE_FLUXNET_2019-2024_v1.3_r1.zip
US-xMB,30,192.30396666666667,6.325233333333333,192.52428958333334,306,2,164.1925,0.6284443355119825,0.02067069716775599,0.629164345043573,1.1712104186650831,0.038523278062842906,1.172552276037781,FALSE,AmeriFlux,AMF,v1.3,AMF_US-xMB_FLUXNET_2019-2024_v1.3_r1.zip
US-xML,30,1361.8994666666667,44.74933333333333,1362.0578333333333,1122,2,1745.737,1.2138141414141415,0.039883541295306,1.2139552881758764,0.7801286600826279,0.025633490802642857,0.7802193763054419,FALSE,AmeriFlux,AMF,v1.3,AMF_US-xML_FLUXNET_2019-2024_v1.3_r1.zip
US-xNG,30,336.91363333333334,11.045166666666667,336.1872604166667,428,2,100.9055,0.7871813862928349,0.02580646417445483,0.7854842533099688,3.33890257055694,0.10946050182266245,3.3317040242272884,FALSE,AmeriFlux,AMF,v1.3,AMF_US-xNG_FLUXNET_2019-2024_v1.3_r1.zip
US-xNQ,30,233.8227,7.694266666666667,234.19424166666667,297,2,210.98499999999999,0.7872818181818182,0.025906621773288438,0.7885328002244669,1.1082432400407614,0.036468311333349136,1.1100042262088143,FALSE,AmeriFlux,AMF,v1.3,AMF_US-xNQ_FLUXNET_2019-2024_v1.3_r1.zip
US-xNW,30,1610.8974333333333,52.79566666666667,1606.9681041666668,623,2,1547.8875,2.5857101658640986,0.0847442482611022,2.579403056447298,1.04070704966177,0.03410820661492949,1.0381685388419164,FALSE,AmeriFlux,AMF,v1.3,AMF_US-xNW_FLUXNET_2019-2024_v1.3_r1.zip
US-xPU,30,2372.7130666666667,78.10856666666666,2377.4294979166666,2155,2,2782.952,1.1010269450889405,0.03624527455529775,1.1032155442768754,0.8525885702184826,0.028066803403963364,0.8542833286081349,FALSE,AmeriFlux,AMF,v1.3,AMF_US-xPU_FLUXNET_2019-2024_v1.3_r1.zip
US-xRM,30,416.0914333333333,13.6248,414.70485,548,2,416.7375,0.7592909367396593,0.024862773722627737,0.7567606751824818,0.9984497035503964,0.032693962026455504,0.9951224691802394,FALSE,AmeriFlux,AMF,v1.3,AMF_US-xRM_FLUXNET_2019-2024_v1.3_r1.zip
US-xRN,30,1545.3926666666666,50.812666666666665,1546.6105416666667,1220,2,1775.1225,1.266715300546448,0.04164972677595628,1.2677135587431694,0.8705836733333427,0.028624878940279708,0.8712697527447637,FALSE,AmeriFlux,AMF,v1.3,AMF_US-xRN_FLUXNET_2019-2024_v1.3_r1.zip
US-xSB,30,1101.3257666666666,36.127966666666666,1099.6449854166667,1290,2,1099.0625,0.8537409043927648,0.028006175710594314,0.8524379731912145,1.0020592702113542,0.032871621647237226,1.0005299838877832,FALSE,AmeriFlux,AMF,v1.3,AMF_US-xSB_FLUXNET_2019-2024_v1.3_r1.zip
US-xSC,30,1040.1001666666666,34.155833333333334,1039.6181770833334,1027,2,1110.1245,1.0127557611165205,0.03325787082116196,1.0122864431191172,0.9369220899697888,0.03076757006383819,0.936487913818075,FALSE,AmeriFlux,AMF,v1.3,AMF_US-xSC_FLUXNET_2019-2024_v1.3_r1.zip
US-xSE,30,1121.9486333333334,36.8354,1121.1774875,1104,2,1433.2469999999998,1.0162578200483092,0.03336539855072464,1.0155593183876812,0.7828020106327336,0.025700664295826195,0.7822639695042098,FALSE,AmeriFlux,AMF,v1.3,AMF_US-xSE_FLUXNET_2019-2024_v1.3_r1.zip
US-xSJ,30,421.1263666666667,13.900833333333333,423.10661458333334,542,2,375.039,0.7769859163591636,0.02564729397293973,0.780639510301353,1.1228868642105667,0.03706503412533985,1.128166976190032,FALSE,AmeriFlux,AMF,v1.3,AMF_US-xSJ_FLUXNET_2019-2024_v1.3_r1.zip
US-xSL,30,416.76616666666666,13.654333333333332,415.60377083333333,429,2,241.4905,0.971482905982906,0.031828282828282824,0.9687733585858586,1.7258077094820155,0.056541906755476226,1.7209942868698078,FALSE,AmeriFlux,AMF,v1.3,AMF_US-xSL_FLUXNET_2019-2024_v1.3_r1.zip
US-xSP,30,568.4881,18.779466666666664,571.6000166666666,842,2,599.4415,0.6751640142517815,0.022303404592240693,0.6788598772763261,0.9483629344981954,0.031328272511440505,0.9535542945669705,FALSE,AmeriFlux,AMF,v1.3,AMF_US-xSP_FLUXNET_2019-2024_v1.3_r1.zip
US-xSR,30,313.45043333333336,10.2792,312.87315,395,2,275.89599999999996,0.7935454008438819,0.026023291139240505,0.7920839240506329,1.1361180783097016,0.037257517325368986,1.1340256835909186,FALSE,AmeriFlux,AMF,v1.3,AMF_US-xSR_FLUXNET_2019-2024_v1.3_r1.zip
US-xST,30,727.1521333333334,23.842866666666666,725.7172541666666,803,2,847.3465,0.9055443752594439,0.029692237442922372,0.9037574771689497,0.8581520468112318,0.028138272438331505,0.8564586673417152,FALSE,AmeriFlux,AMF,v1.3,AMF_US-xST_FLUXNET_2019-2024_v1.3_r1.zip
US-xTA,30,1236.4183333333333,40.67446666666667,1238.0290791666666,1449,2,1600.2505,0.8532907752472969,0.028070715435932828,0.8544024010812054,0.7726404918063349,0.025417562229580096,0.7736470503628442,FALSE,AmeriFlux,AMF,v1.3,AMF_US-xTA_FLUXNET_2019-2024_v1.3_r1.zip
US-xTE,30,555.1969,18.326033333333335,557.7986395833334,831,2,555.409,0.6681069795427197,0.0220529883674288,0.6712378334336142,0.9996181192598608,0.032995564229843836,1.0043024862458718,FALSE,AmeriFlux,AMF,v1.3,AMF_US-xTE_FLUXNET_2019-2024_v1.3_r1.zip
US-xTL,30,367.4055333333333,12.0261,366.04441875,239,2,398.921,1.5372616457461645,0.050318410041841004,1.5315666056485355,0.9209982260480981,0.03014657037358274,0.9175862357459246,FALSE,AmeriFlux,AMF,v1.3,AMF_US-xTL_FLUXNET_2019-2024_v1.3_r1.zip
US-xTR,30,682.6325,22.3831,681.28560625,803,2,787.954,0.8501027397260275,0.02787434620174346,0.8484254125155666,0.8663354713600033,0.028406607492315543,0.8646261155473544,FALSE,AmeriFlux,AMF,v1.3,AMF_US-xTR_FLUXNET_2019-2024_v1.3_r1.zip
US-xUK,30,926.3591666666666,30.3951,925.15085625,998,2,1037.557,0.9282155978623914,0.030456012024048094,0.9270048659819639,0.8928272535067149,0.0292948724744761,0.8916626809418663,FALSE,AmeriFlux,AMF,v1.3,AMF_US-xUK_FLUXNET_2019-2024_v1.3_r1.zip
US-xUN,30,659.0398333333334,21.610666666666667,657.7746666666667,843,2,842.769,0.7817791617240016,0.025635429023329378,0.780278370897588,0.7819934446251978,0.025642455603690533,0.7804922424373306,FALSE,AmeriFlux,AMF,v1.3,AMF_US-xUN_FLUXNET_2019-2024_v1.3_r1.zip
US-xWD,30,560.4637333333334,18.367033333333332,559.0465770833333,423,2,539.0899999999999,1.3249733648542161,0.04342088258471237,1.3216231136721828,1.0396478015421051,0.034070439691579024,1.0370190081124364,FALSE,AmeriFlux,AMF,v1.3,AMF_US-xWD_FLUXNET_2019-2024_v1.3_r1.zip
US-xWR,30,2135.3224333333333,70.29783333333333,2139.6903020833333,1966,2,1926.2675,1.0861253475754493,0.03575678195998643,1.0883470509070872,1.1085285056895438,0.036494325597734134,1.1107960353810327,FALSE,AmeriFlux,AMF,v1.3,AMF_US-xWR_FLUXNET_2019-2024_v1.3_r1.zip
US-xYE,30,488.4209333333333,16.065533333333335,488.9946708333333,590,2,466.35450000000003,0.8278320903954802,0.027229717514124296,0.8288045268361581,1.047316865889218,0.03444918690252444,1.0485471263455874,FALSE,AmeriFlux,AMF,v1.3,AMF_US-xYE_FLUXNET_2019-2024_v1.3_r1.zip
VU-Coc,30,2593.5981,85.4175,2599.89515625,2897,4,2406.95175,0.8952703141180532,0.02948481187435278,0.8974439614256128,1.0775446994315527,0.03548783227582356,1.0801608948953796,FALSE,ICOS,FLX,v1.3,FLX_VU-Coc_FLUXNET_2001-2004_v1.3_r1.zip
ZA-BfK,30,479.7237666666667,15.826666666666668,481.72416666666663,440,1,565.57,1.090281287878788,0.03596969696969697,1.0948276515151514,0.8482128943661557,0.027983568199633407,0.8517498570763418,FALSE,ICOS,SAEON,v1.3,SAEON_ZA-BfK_FLUXNET_2020-2024_v1.3_r1.zip
ZA-BfS,30,393.14160000000004,12.9703,394.78350625,437,1,620.701,0.899637528604119,0.029680320366132724,0.9033947511441648,0.6333832231621989,0.020896212508115825,0.6360284682157754,FALSE,ICOS,SAEON,v1.3,SAEON_ZA-BfS_FLUXNET_2020-2024_v1.3_r1.zip
ZA-Jks,30,1747.7135,57.2954,1743.9287375,839,NA,NA,2.083091179976162,0.06829010727056019,2.0785801400476758,NA,NA,NA,FALSE,ICOS,SAEON,v1.3,SAEON_ZA-Jks_FLUXNET_2024-2024_v1.3_r1.zip
ZA-Spk,30,461.5525666666667,15.213066666666666,463.04771666666664,801,NA,NA,0.5762204327923429,0.018992592592592592,0.578087037037037,NA,NA,NA,FALSE,ICOS,SAEON,v1.3,SAEON_ZA-Spk_FLUXNET_2023-2024_v1.3_r1.zip
ZA-Uby,30,1091.3175333333334,35.925666666666665,1093.4874791666666,793,NA,NA,1.3761885666246323,0.04530348886086591,1.378924942202606,NA,NA,NA,FALSE,ICOS,SAEON,v1.3,SAEON_ZA-Uby_FLUXNET_2023-2024_v1.3_r1.zip
ZM-Mon,30,503.8849666666667,16.661566666666666,507.13643541666664,877,3,585.1413333333334,0.5745552641581148,0.018998365640440894,0.5782627541809198,0.8611337773666077,0.028474431248518874,0.8666905011267932,FALSE,ICOS,EUF,v1.3,EUF_ZM-Mon_FLUXNET_2007-2009_v1.3_r1.zip
