site_id,flux,location_lat,location_long,tower_value,model_value,n_tower_years,tower_carbon_src,tower_partition,n_models
AR-CCa,NEE,-35.621,-61.3181,-292.76136173952,-64.75272734036622,7,VUT,NA,17
AR-CCg,NEE,-35.9244,-61.1855,-165.74890628159997,-67.64989004749674,7,VUT,NA,17
AR-TF1,NEE,-54.9733,-66.7335,-91.28409343487999,-13.899706477394886,3,VUT,NA,17
AR-TF2,NEE,-54.8269,-68.4549,-14.410477445759994,-11.94222576002187,2,VUT,NA,17
AT-Mmg,NEE,47.316563,10.970089,-181.93674695040002,-51.223793993000754,4,VUT,NA,17
AT-Neu,NEE,47.116318,11.320229,522.2333910507671,-41.20907592520348,19,VUT,NA,17
AT-Nsd,NEE,47.76914,16.758492,191.34891599327997,-88.20646850775029,5,VUT,NA,17
AT-PsM,NEE,47.58145,14.347197,80.04704132448,-79.97299305899332,5,VUT,NA,17
AT-Zoe,NEE,47.842247,14.444137,-475.7669366243657,-79.15946686172424,10,VUT,NA,17
AU-ASM,NEE,-22.283,133.249,-132.30474530639316,-4.4769110042754505,16,VUT,NA,17
AU-Ade,NEE,-13.0769,131.1178,-441.5343665414399,-82.70159246580852,3,VUT,NA,17
AU-Boy,NEE,-32.477093000000004,116.938559,-388.3410614882263,-27.569862405691765,9,VUT,NA,17
AU-Col,NEE,-33.42,116.237,-214.89179973119997,-47.883098622324496,3,VUT,NA,17
AU-Cow,NEE,-16.238189,145.42715,-703.4651947127156,-76.78774712921881,17,VUT,NA,17
AU-Cpr,NEE,-34.0027,140.5877,-199.82492987841272,-6.85364395752066,16,VUT,NA,17
AU-Ctr,NEE,-16.103219,145.446922,90.68298369490287,-86.8849619442176,9,VUT,NA,17
AU-Cum,NEE,-33.615278000000004,150.723611,-367.5981987468916,-67.59963335788939,12,VUT,NA,17
AU-DaP,NEE,-14.0633,131.3181,-201.14830414079998,-44.86513485607702,6,VUT,NA,17
AU-DaS,NEE,-14.1592,131.3881,-380.31271943842006,-44.81295851506172,18,VUT,NA,17
AU-Dry,NEE,-15.2588,132.3706,-409.44963746607294,-82.75904884009935,16,VUT,NA,17
AU-Emr,NEE,-23.85872,148.4746,73.85074584191999,-29.316464096987573,3,VUT,NA,17
AU-Fle,NEE,-19.887285,146.189138,-477.5659787232,-42.06292693972273,4,VUT,NA,17
AU-Fog,NEE,-12.5452,131.3072,-490.2394608230399,-88.49315819526737,3,VUT,NA,17
AU-GWW,NEE,-30.1914,120.65417,-240.69150997681945,-17.09810230048862,13,VUT,NA,17
AU-Gin,NEE,-31.376351,115.71377,-431.3495547610977,-32.71500608509348,15,VUT,NA,17
AU-How,NEE,-12.4952,131.15005,-761.5323518266719,-91.31401026661933,24,VUT,NA,17
AU-Lit,NEE,-13.17904,130.79455,-437.11410173472007,-69.63866496694709,11,VUT,NA,17
AU-Lon,NEE,-23.52327,144.31042,-132.77238837984,-2.3087308309970602,7,VUT,NA,17
AU-MvA,NEE,-30.543,150.02,108.04829272704,-67.71412104895023,2,VUT,NA,17
AU-Otw,NEE,-38.525,142.81,-274.77785205503994,-66.32413374176053,4,VUT,NA,17
AU-RDF,NEE,-14.563639,132.477567,321.0642614016,-76.7599795873673,3,VUT,NA,17
AU-Rgf,NEE,-32.506102,116.966827,-57.51503455762284,-26.779298548343036,10,VUT,NA,17
AU-Rig,NEE,-36.6499,145.5759,-139.08795810706286,-61.77398890713721,7,VUT,NA,17
AU-Rob,NEE,-17.11746943,145.6301375,-1047.0528517862667,-62.2879246863622,13,VUT,NA,17
AU-Sam,NEE,-27.38806,152.87778,-145.70635772952,-40.18204654337205,8,VUT,NA,17
AU-Sil,NEE,-42.090556,147.0875,-28.913014768896016,-51.155442410247815,5,VUT,NA,17
AU-Stp,NEE,-17.1507,133.3502,-84.3784323066277,-31.725606129188236,18,VUT,NA,17
AU-TTE,NEE,-22.287,133.64,15.274030893654855,-4.369926309977359,11,CUT,NA,17
AU-Tum,NEE,-35.6566,148.1516,-761.8220672899398,-70.1359235920072,20,CUT,NA,17
AU-Wac,NEE,-37.4259,145.1878,-1772.472951936,-52.07478048657936,4,VUT,NA,17
AU-Wel,NEE,-32.5727,148.9843,-232.61595344639994,-62.707140166398744,2,VUT,NA,17
AU-Whr,NEE,-36.6732,145.0294,-404.1430603632,-47.59337345985534,12,VUT,NA,17
AU-Wom,NEE,-37.422506,144.094046,-1258.578905888216,-63.99443699026415,14,VUT,NA,17
AU-Wrr,NEE,-43.09502,146.65452,-99.90387431374633,-68.36138680179556,9,VUT,NA,17
AU-Ya1,NEE,-33.613469,150.734864,11.991229009919998,-67.19380987258387,3,VUT,NA,17
AU-Ya2,NEE,-33.620812,150.763284,-32.568031169280005,-66.15974207414001,3,VUT,NA,17
AU-Ync,NEE,-34.9878,146.2908,-133.775185810176,-34.36525981371068,13,VUT,NA,17
BE-Bra,NEE,51.30761,4.51984,-151.95352303091784,-69.55808177691836,24,VUT,NA,17
BE-Dor,NEE,50.311874,4.968113,-77.14650561768474,-57.62332887213279,14,VUT,NA,17
BE-Lcr,NEE,51.11218,3.85043,-342.5592650976,-74.99910774996863,4,VUT,NA,17
BE-Lon,NEE,50.55162,4.746234,-361.1485691927115,-43.44067168283527,21,VUT,NA,17
BE-Maa,NEE,50.97987,5.631851,6.4916828536320175,-49.76866791803877,10,VUT,NA,17
BE-Vie,NEE,50.304962,5.998099,-488.02508675397326,-95.04549206427669,30,VUT,NA,17
BJ-Bfg,NEE,9.791,1.718,-788.7604218669258,-74.07941033676752,10,VUT,NA,17
BJ-Db1,NEE,6.607338,2.543043,-1173.132596448,-62.43501308214468,3,VUT,NA,17
BJ-Nhu,NEE,9.74,1.6,-164.02349056780804,-72.06832287450493,10,VUT,NA,17
BR-ITA,NEE,-23.0604,-48.6467,-141.0121835712,-30.309135527883882,5,VUT,NA,17
BR-Ji3,NEE,-10.1866,-61.8725,-1478.4545528639999,-46.54820016800181,7,VUT,NA,17
BR-Ma2,NEE,-2.6091,-60.2093,-473.63639727961515,-62.797294307434186,17,VUT,NA,17
BR-Ma3,NEE,-2.3907,-59.8835,-920.9942506458514,-55.92620240751603,10,VUT,NA,17
BR-Npw,NEE,-16.498,-56.412,-417.31852484160004,-53.01761747755563,4,VUT,NA,17
BR-Sa1,NEE,-2.8567,-54.9589,353.1411497046857,-71.88328984902273,8,VUT,NA,17
BR-Sa3,NEE,-3.018,-54.9714,-133.2686860416,-61.567268925390636,5,VUT,NA,17
BR-Xpw,NEE,-16.373,-56.461,268.32666550809597,-57.22654522857647,5,VUT,NA,17
CA-ARB,NEE,52.695,-83.9452,-53.777919771857455,-26.19699325174554,13,VUT,NA,17
CA-ARF,NEE,52.7008,-83.955,-17.462803234286774,-26.191515253597004,14,VUT,NA,17
CA-CF3,NEE,58.6658,-93.8304,-51.42701604643201,-11.714089588613092,4,VUT,NA,17
CA-Ca1,NEE,49.8673,-125.3336,-345.69275413513844,-32.361065734940894,13,VUT,NA,17
CA-Ca2,NEE,49.8705,-125.2909,579.8129367995346,-32.670746695775506,11,VUT,NA,17
CA-Ca3,NEE,49.5346,-124.9004,-458.9801441841614,-33.028667786567894,14,CUT,NA,17
CA-Cbo,NEE,44.3184,-79.9341,-320.1404825361658,-58.26204472794211,28,VUT,NA,17
CA-DB2,NEE,49.119,-122.9951,4.879304307072001,-48.84573349662833,6,VUT,NA,17
CA-DBB,NEE,49.1293,-122.9849,-23.25071071740342,-48.61325381630468,9,VUT,NA,17
CA-DSM,NEE,49.0887,-122.8954,-71.44669342079996,-49.958152015552514,4,VUT,NA,17
CA-EM1,NEE,50.3623,-100.2024,8.09967807360001,-42.94962154215409,3,VUT,NA,17
CA-EM2,NEE,50.3706,-100.5339,-180.26253964224,-41.697185206241556,3,VUT,NA,17
CA-Gro,NEE,48.2167,-82.1556,-121.99151359400723,-50.287198747581215,12,VUT,NA,17
CA-LP1,NEE,55.1119,-122.8414,-168.14536865992144,-35.34410124547958,14,CUT,NA,17
CA-Man,NEE,55.8796,-98.4808,-20.73741946368498,-35.46212974282014,14,VUT,NA,17
CA-Mer,NEE,45.4094,-75.5186,-86.50937814338317,-47.21416668623715,23,VUT,NA,17
CA-Ojp,NEE,53.9163,-104.692,-51.816460931094866,-44.24174937022633,8,CUT,NA,17
CA-Qfo,NEE,49.6925,-74.3421,4.4611868818285725,-30.55721366304101,8,VUT,NA,17
CA-RBM,NEE,49.1313,-123.1964,71.897994144,-47.93983885701164,3,VUT,NA,17
CA-SCC,NEE,61.3079,-121.2992,-36.83709590817599,-41.16823061167224,9,CUT,NA,17
CA-SJ2,NEE,53.945,-104.649,128.838406830336,-43.73667654648841,6,VUT,NA,17
CA-TP1,NEE,42.6609,-80.5595,167.60264163915645,-69.65595719604494,21,VUT,NA,17
CA-TP2,NEE,42.7744,-80.4588,-858.3705212716801,-65.26209267923696,5,VUT,NA,17
CA-TP3,NEE,42.7068,-80.3483,-557.0552981135846,-58.35491899291958,21,VUT,NA,17
CA-TP4,NEE,42.7102,-80.3574,-133.2442739187999,-58.84184819580071,21,VUT,NA,17
CA-TPA,NEE,42.6947,-80.3487,-266.13943507584,-58.376322474365,4,VUT,NA,17
CA-TPD,NEE,42.6353,-80.5577,-180.37052927643924,-69.55964152954084,11,VUT,NA,17
CD-Ygb,NEE,0.814444,24.502472,257.22775474272004,-67.105810673615,6,VUT,NA,17
CG-Tch,NEE,-4.2891665,11.656417,-187.16456113343997,-74.10632430927421,4,VUT,NA,17
CH-Aws,NEE,46.58311,9.790639,-274.6759073712975,-42.873192173910866,18,VUT,NA,17
CH-Cha,NEE,47.21022,8.410444,52.38358795705772,-44.04586690581823,19,VUT,NA,17
CH-Crs,NEE,47.0436,7.0475,-86.11644055680003,-57.026884822941156,2,VUT,NA,17
CH-Dav,NEE,46.81533,9.85591,-260.46620829922807,-45.65870164883296,29,VUT,NA,17
CH-Fru,NEE,47.115833,8.537778,-315.01147961302456,-51.694325050848875,20,VUT,NA,17
CH-Lae,NEE,47.478333,8.364389,-217.84929259573536,-69.28112763187505,21,VUT,NA,17
CH-Oe1,NEE,47.28583,7.731944,-334.29920381406714,-59.32403324733741,10,VUT,NA,17
CH-Oe2,NEE,47.286415,7.73375,-21.931805787238005,-59.26357199786844,21,VUT,NA,17
CH-Oe3,NEE,47.28542,7.732438,-281.6069044565211,-59.32239995938926,10,VUT,NA,17
CH-Rh1,NEE,47.3,9.5,214.83474301151998,-65.35580474853487,4,VUT,NA,17
CH-Rh2,NEE,47.3,9.5,-414.95347154880005,-65.35580474853487,4,VUT,NA,17
CH-Rtb,NEE,47.3804,8.9934,-505.4831988581907,-73.89021257904596,14,VUT,NA,17
CH-Tnk,NEE,47.48058,8.911775,-277.21603661990395,-83.34613922869426,1,VUT,NA,17
CL-SDF,NEE,-41.883,-73.676,-163.33841977344,-72.20129230217344,8,VUT,NA,17
CL-SDP,NEE,-41.879,-73.666,42.63114596140801,-71.58182249575202,8,VUT,NA,17
CN-Aro,NEE,38.04734,100.46432,-352.7599061825281,-20.051429265724536,12,VUT,NA,17
CN-Ash,NEE,24.53806,101.02917,-1461.0853211149963,-82.63192704402218,11,VUT,NA,17
CN-BeO,NEE,40.02621,116.39143,-48.069669188962266,-36.32304983721917,9,VUT,NA,17
CN-DaW,NEE,30.4691,91.0624,-148.649496530688,-18.939452069737484,5,CUT,NA,17
CN-Dan,NEE,30.4978,91.0664,-213.03239105779195,-18.944772198221173,6,CUT,NA,17
CN-Dda,NEE,41.64397,110.33147,-110.29059591551999,-7.225450090210359,3,VUT,NA,17
CN-Din,NEE,23.1733,112.5361,-701.0916723072,-76.89543188694415,8,CUT,NA,17
CN-Dmn,NEE,38.85551,100.37223,-703.7716394224201,-8.232254643716146,13,VUT,NA,17
CN-Dsh,NEE,38.83992,98.9406,-306.3070890057207,-10.174459274549804,12,VUT,NA,17
CN-Du2,NEE,42.0467,116.2836,-104.03697452179887,-23.334038989982446,8,VUT,NA,17
CN-Dzo,NEE,19.546,109.475,-1006.6979438138056,-75.05331274588889,9,VUT,NA,17
CN-Erg,NEE,50.1869,119.3889,-28.829835999359986,-16.376684945694933,3,VUT,NA,17
CN-Ha2,NEE,37.6086,101.3269,-268.174704121056,-23.118534596532754,9,VUT,NA,17
CN-HaM,NEE,37.607433,101.332,-215.8747560119314,-23.12595233801096,14,VUT,NA,17
CN-HaW,NEE,37.607655,101.32899,-308.89373510304,-23.113816922833507,6,VUT,NA,17
CN-HeD,NEE,42.1135,100.9872,15.649255956960001,0,6,VUT,NA,17
CN-HeM,NEE,41.99029,101.13349,-400.85591680629807,2.5701798680096516e-5,12,VUT,NA,17
CN-Huz,NEE,38.76519,100.3186,-228.29881559904,-6.562610069754555,10,VUT,NA,17
CN-Jng,NEE,37.83869,101.1145,-169.51814193887998,-27.199253412547108,7,VUT,NA,17
CN-Jzh,NEE,41.14806,121.20167,-526.4746137912961,-31.72750864526347,5,VUT,NA,17
CN-Lch,NEE,37.88936,114.69289,-623.2123644110088,-35.701143600672026,12,VUT,NA,17
CN-Lsh,NEE,45.27984,127.57821,187.423857072,-56.770856875392155,5,VUT,NA,17
CN-Nmn,NEE,42.94611,120.72694,-437.16264582700796,-29.69970230546585,5,VUT,NA,17
CN-Sb1,NEE,42.40907,117.31461,-1883.3090471423998,-34.12752750315212,5,VUT,NA,17
CN-Sb2,NEE,42.39117,117.37017,-1270.8376968407042,-34.20639984872082,5,VUT,NA,17
CN-Sdq,NEE,42.00119,101.13741,-262.8219294542263,2.593454066093275e-5,12,VUT,NA,17
CN-Xi2,NEE,43.55444,116.6714,-142.68383414043427,-29.57792672026278,8,VUT,NA,17
CN-YaS,NEE,37.70877,107.22655,7.720823202237259,-4.234586027559402,10,VUT,NA,17
CN-Yan,NEE,37.82861,107.49278,-253.00675987200003,-4.64965952146261,3,VUT,NA,17
CN-You,NEE,38.01419,100.24206,-143.53315797657598,-11.750046785124567,10,VUT,NA,17
CN-Yuc,NEE,36.8287,116.5701,-573.3888402116571,-46.093725796125455,9,VUT,NA,17
CN-Zha,NEE,38.97514,100.4464,-650.1715627900008,-9.850547071467673,13,VUT,NA,17
CR-AqC,NEE,9.938369,-83.7289,-837.4366514748342,-154.85880151946458,8,VUT,NA,17
CR-Fsc,NEE,10.4189,-85.4732,-1157.9251548959996,-128.44516627671555,4,VUT,NA,17
CZ-BK1,NEE,49.502075,18.536882,-737.8259119795106,-91.90229731081604,22,VUT,NA,17
CZ-BK2,NEE,49.49443,18.54285,36.745094114742884,-92.09359322365049,7,VUT,NA,17
CZ-KrP,NEE,49.573257,15.078773,-97.25159903915517,-75.75935735799703,10,VUT,NA,17
CZ-LnG,NEE,48.704224,16.926247,37.65858794496002,-81.53824637555226,6,VUT,NA,17
CZ-Lnz,NEE,48.68155,16.946331,-516.7678369909875,-85.18710416918634,11,VUT,NA,17
CZ-RAJ,NEE,49.44372,16.696512,-247.1776412154495,-67.41808366816667,13,VUT,NA,17
CZ-Stn,NEE,49.035976,17.9699,-257.85570066193577,-82.81752413956974,15,VUT,NA,17
CZ-wet,NEE,49.02465,14.77035,74.11022475124548,-68.43136030228766,20,VUT,NA,17
DE-Akm,NEE,53.86617,13.68342,17.106617131012968,-104.48256056648711,15,VUT,NA,17
DE-Amv,NEE,52.1757,6.95537,39.774140812799985,-54.33564847187904,3,VUT,NA,17
DE-Brs,NEE,52.29663,10.44871,-287.27154258048,-91.16491027424331,3,VUT,NA,17
DE-Fen,NEE,47.832905,11.060701,-216.86705918207997,-68.59510830733592,3,VUT,NA,17
DE-Geb,NEE,51.09973,10.91463,-182.87156954880004,-100.3472679317315,5,VUT,NA,17
DE-Gri,NEE,50.950005,13.512533,-96.31955739812501,-87.71919731017033,22,VUT,NA,17
DE-GsB,NEE,52.029648,11.10478,186.54013235231997,-111.71553980117017,11,VUT,NA,17
DE-Hai,NEE,51.079212,10.452168,-522.1038668808477,-94.1917518031388,25,VUT,NA,17
DE-Har,NEE,47.93391,7.59814,-206.39288083968,-78.58965760011915,6,VUT,NA,17
DE-Hdn,NEE,53.86825,13.268543,-336.25548969984,-105.17211938028186,4,VUT,NA,17
DE-HoH,NEE,52.08656,11.22235,-260.84982303359993,-116.06892751740293,11,VUT,NA,17
DE-Hte,NEE,54.213055,12.179944,-233.3689920662606,-41.58947540905024,10,VUT,NA,17
DE-Hzd,NEE,50.96381,13.48978,147.77908581017093,-88.16624683666464,16,VUT,NA,17
DE-Kli,NEE,50.893044,13.5223,-99.80310153077562,-80.61876846372425,22,VUT,NA,17
DE-Lnf,NEE,51.328217,10.3678,-643.8874456750025,-82.99265710564987,20,CUT,NA,17
DE-Msr,NEE,47.80918,11.456168,-353.03324900544,-66.07562651155149,6,VUT,NA,17
DE-Obe,NEE,50.7864,13.72168,-249.75186531578916,-63.2841831240475,17,VUT,NA,17
DE-Rns,NEE,51.494953,9.932118,-455.962566982464,-83.41623975869481,4,VUT,NA,17
DE-RuC,NEE,50.5031,6.336,156.1120265138269,-96.77262990025724,12,VUT,NA,17
DE-RuM,NEE,50.929787,6.2969923,-521.6778157248,-57.278546664278906,9,VUT,NA,17
DE-RuR,NEE,50.621914,6.304126,-171.84289240257547,-92.7414201017732,15,VUT,NA,17
DE-RuS,NEE,50.865906,6.4471445,-484.7332090044314,-54.244105471145076,15,VUT,NA,17
DE-RuW,NEE,50.50493,6.3309627,-452.6991776087887,-97.1418305349847,13,VUT,NA,17
DE-Seh,NEE,50.870625,6.449653,-510.3467603712,-54.19293313323169,4,VUT,NA,17
DE-SfS,NEE,47.80629,11.32757,-465.16272190073016,-68.2235662421208,11,VUT,NA,17
DE-Spw,NEE,51.89225,14.03369,-391.9559693299199,-83.06997523557538,6,VUT,NA,17
DE-Tha,NEE,50.962597,13.565333,-493.1207784918951,-88.11157022631664,30,VUT,NA,17
DE-Zrk,NEE,53.875942,12.88901,15.90035989165714,-101.57273732211854,10,VUT,NA,17
DK-Eng,NEE,55.69053,12.19175,-72.44556914304002,-53.62179885586261,4,VUT,NA,17
DK-RCW,NEE,55.680683,12.101398,-353.1071230271999,-53.43589590464785,3,VUT,NA,17
DK-Sor,NEE,55.48587,11.644645,-249.44013099810178,-54.17578522233225,29,VUT,NA,17
DK-Vng,NEE,56.037476,9.160709,-136.88106979968,-60.98056806112788,4,VUT,NA,17
EE-Pts,NEE,58.562298,24.369932,4.964296740479988,-60.637563831176976,3,VUT,NA,17
EE-Stg,NEE,58.023636,26.070753,-186.83662429553138,-67.8050018376855,9,VUT,NA,17
ES-Abr,NEE,38.70184,-6.785881,-0.31365872179200394,-49.458133169746475,6,VUT,NA,17
ES-Agu,NEE,36.939384,-2.034044,40.20767862799619,-29.236738386526213,15,CUT,NA,17
ES-Amo,NEE,36.833405,-2.2522173,76.81388920279853,-27.139256978937112,13,VUT,NA,17
ES-Crg,NEE,39.11926,-0.95852,-224.06769291456,-47.66971594213351,4,VUT,NA,17
ES-FtD,NEE,36.99854,-6.434575,-153.039399604992,-57.744857921138646,4,VUT,NA,17
ES-HeB,NEE,38.40475,-1.726215,-184.45581194111998,-28.82513091965012,6,VUT,NA,17
ES-Hen,NEE,38.411087,-1.697534,-175.7816017138944,-28.82250532191074,6,VUT,NA,17
ES-LJu,NEE,36.926594,-2.752115,-7.129325895686069,-33.22817904858783,21,VUT,NA,17
ES-LM1,NEE,39.94269,-5.778683,-11.023680896221098,-45.827471840402836,11,VUT,NA,17
ES-LM2,NEE,39.934593,-5.775881,31.04990868978431,-45.64844614316826,11,VUT,NA,17
ES-LMa,NEE,39.94033,-5.77465,50.868493596288,-45.75961817066468,6,VUT,NA,17
ES-LgS,NEE,37.097935,-2.965833,-102.536035538112,-44.087244918685826,3,VUT,NA,17
ES-Mcd,NEE,39.58819,-0.39969,-154.45740446290287,-49.467166593097545,7,VUT,NA,17
ES-MtB,NEE,37.020206,-6.5544033,-407.76335766432,-56.721272376110846,4,VUT,NA,17
ES-Mzn,NEE,40.089497,-0.827409,-20.366102056320017,-61.75681712781682,2,VUT,NA,17
ES-Pdu,NEE,37.016975,-3.609228,-130.761917568,-38.44621388367523,4,VUT,NA,17
ES-Pzb,NEE,38.362118,-4.767329,45.92325182976002,-41.62281666790477,5,VUT,NA,17
ES-Srn,NEE,40.15047,-0.8380832,26.467920288000002,-62.44837141375638,2,VUT,NA,17
ES-VDA,NEE,42.15111,1.4473800000000001,-82.78651595519999,-46.962052245929954,3,VUT,NA,17
ES-Yst,NEE,38.338932,-2.3506052,-339.31041958656,-38.653209670447836,6,VUT,NA,17
FI-Hyy,NEE,61.847410000000004,24.29477,-228.60092958375273,-39.566977670342,29,VUT,NA,17
FI-Jok,NEE,60.8986,23.51345,124.36938745919998,-47.7254898753215,4,VUT,NA,17
FI-Ken,NEE,67.98721,24.24301,53.39903132752457,-33.828338008150354,8,VUT,NA,17
FI-Let,NEE,60.64183,23.95952,-33.206153672982865,-55.310330631930356,16,VUT,NA,17
FI-Nsv,NEE,62.8639,24.08382,34.593834734207995,-49.806552900195584,4,VUT,NA,17
FI-Qvd,NEE,60.295242,22.391607,92.427580185984,-46.6571531783984,6,VUT,NA,17
FI-Rk2,NEE,61.182884,25.262684,296.2116696384,-47.006073933806874,4,VUT,NA,17
FI-Ruk,NEE,64.68398,25.106318,383.97345398496,-39.853306633535226,4,VUT,NA,17
FI-Sar,NEE,63.15143,27.199064,-123.40239114240003,-40.82035387923679,1,VUT,NA,17
FI-Sii,NEE,61.83265,24.19285,-29.994643007999997,-40.42497468576198,7,VUT,NA,17
FI-Sod,NEE,67.36239,26.63859,149.8354920576,-43.60906191289848,2,VUT,NA,17
FI-Var,NEE,67.7549,29.61,13.041644020416005,-30.50094839554214,10,VUT,NA,16
FR-Aur,NEE,43.54965,1.106103,-181.5010717342386,-72.54250450651409,21,VUT,NA,17
FR-Bil,NEE,44.493652,-0.956092,-451.56321605072293,-57.12918996654594,12,VUT,NA,17
FR-CLt,NEE,45.0414,6.41053,111.07936892505597,-48.24873912633734,6,VUT,NA,17
FR-EM2,NEE,49.87211,3.02065,-244.4772965402058,-93.85018379310725,8,VUT,NA,17
FR-FBn,NEE,43.24079,5.67865,-607.0011372792943,-29.36511859493038,16,VUT,NA,17
FR-Fon,NEE,48.476357,2.780096,-314.39438838143997,-74.06540112227867,6,VUT,NA,17
FR-Gri,NEE,48.84422,1.95191,-383.1713522986271,-56.757252528221215,22,VUT,NA,17
FR-Hes,NEE,48.6741,7.06465,-445.1534159832421,-63.05704033045106,25,CUT,NA,17
FR-LBr,NEE,44.71711,-0.7693,-323.7045636928732,-59.93456230895072,11,VUT,NA,17
FR-LGt,NEE,47.322918,2.284102,199.84874704045714,-74.90140739024787,8,VUT,NA,17
FR-Lam,NEE,43.496437,1.237878,-191.5397071776,-67.69132689385219,4,VUT,NA,17
FR-Lqu,NEE,45.6444,2.7349,-99.56440995839999,-75.05380143302568,3,VUT,NA,17
FR-Lus,NEE,46.414246,0.1206518,-340.90413655104,-84.74493974526786,3,VUT,NA,17
FR-Mau,NEE,43.385,1.29306,-216.29804987231995,-83.24341312360207,6,VUT,NA,17
FR-Mej,NEE,48.1184,-1.79635,164.38005505464682,-98.88931747236347,7,VUT,NA,17
FR-Nzn,NEE,48.005814,-2.81721,97.94165119183542,-77.45978780358087,9,VUT,NA,17
FR-Pue,NEE,43.7413,3.5957,-220.16217890765154,-70.09505795314612,26,VUT,NA,17
FR-Tou,NEE,43.572857,1.37474,118.62024770236114,-67.05244320678617,8,VUT,NA,17
GF-Guy,NEE,5.2787,-52.9248,-219.51161905326862,-62.28811467555806,22,VUT,NA,17
GL-Dsk,NEE,69.25349,-53.51413,-20.21645497536001,-0.0011649625621276245,6,VUT,NA,16
HK-MPM,NEE,22.498167,114.029236,-1048.39150176,-67.36924537286382,3,VUT,NA,17
ID-JOP,NEE,-1.69306,103.39139,-781.5427572362605,-171.29551363222845,11,VUT,NA,17
ID-PaB,NEE,-2.340796,114.0379,-150.99732273141615,-116.74926118175927,13,VUT,NA,17
ID-PaD,NEE,-2.3460708,114.03641,-295.99967534458983,-116.536529797394,17,VUT,NA,17
ID-Pag,NEE,-2.3239167,113.90439,-587.808799196791,-117.79282505622723,13,VUT,NA,17
IE-CaC,NEE,52.85879,-6.918136,-169.20415078272003,-72.33038027455552,5,VUT,NA,17
IE-CaN,NEE,52.85879,-6.918136,-184.57262536319993,-72.33038027455552,4,VUT,NA,17
IE-Cra,NEE,53.32308,-7.64177,-29.676745547135997,-60.80292656946949,3,VUT,NA,17
IL-Yat,NEE,31.345045,35.051987,-86.9612016642111,-11.000683251157,25,VUT,NA,17
IT-Arz,NEE,45.61902,10.00228,-86.74862368587429,-82.30603231124473,9,VUT,NA,17
IT-BCi,NEE,40.52375,14.957444,-76.15485573558654,-57.875518098112934,20,VUT,NA,17
IT-BFt,NEE,45.197754,10.741966,-42.013829216859406,-88.56440075318528,7,VUT,NA,17
IT-BsB,NEE,45.11823,7.161995,-569.7474697411199,-57.392128665801465,4,VUT,NA,17
IT-CA1,NEE,42.38041,12.026561,-317.6955113184,-73.8346761525778,4,VUT,NA,17
IT-CA2,NEE,42.37722,12.026039,-171.34972827264002,-73.4318022496551,4,VUT,NA,17
IT-CA3,NEE,42.38,12.0222,-531.8350077064321,-73.9148228342857,4,VUT,NA,17
IT-Cp2,NEE,41.704266,12.357293,-771.1443666843428,-40.562563571054795,14,VUT,NA,17
IT-Cpz,NEE,41.70525,12.376106,-509.2001822283428,-40.02429038563338,8,VUT,NA,17
IT-Lav,NEE,45.9562,11.28132,-2030.3991810625007,-92.01234164312746,18,VUT,NA,17
IT-Lsn,NEE,45.740482,12.750297,-38.03330391278399,-116.50236947524218,10,VUT,NA,17
IT-MBo,NEE,46.01468,11.045831,3.0261056197005054,-83.46489691761798,22,VUT,NA,17
IT-MtM,NEE,46.687134,10.579597,-402.21377708018684,-38.04994758399653,6,VUT,NA,17
IT-MtP,NEE,46.684284,10.5851755,171.09254745792,-38.14510445594851,6,VUT,NA,17
IT-NiG,NEE,45.51919,7.171434,-54.218229783552005,-61.64025263330973,5,VUT,NA,17
IT-Noe,NEE,40.606174,8.151694,53.153960797439986,-41.85352528889973,3,VUT,NA,16
IT-PT1,NEE,45.20087,9.061039,-587.0865045888,-95.0525487105939,3,VUT,NA,17
IT-Ren,NEE,46.58686,11.43369,-732.0473481306758,-85.35257183650151,26,VUT,NA,17
IT-Ro1,NEE,42.40812,11.93001,-216.19447721732575,-78.36758968544791,9,VUT,NA,17
IT-Ro2,NEE,42.39026,11.92093,-668.1405767266286,-77.70121938038449,10,VUT,NA,17
IT-SR2,NEE,43.73202,10.29091,-244.31055974486273,-60.33736372910721,13,VUT,NA,17
IT-SRo,NEE,43.72786,10.284445,-392.3006838174075,-59.73151591390865,14,VUT,NA,17
IT-Tor,NEE,45.84444,7.578055,-66.85406847497345,-56.952187151346834,18,VUT,NA,17
IT-TrF,NEE,45.82376,7.56089,-900.4637297437109,-57.72051834522438,14,VUT,NA,17
JP-Api,NEE,40.001358,140.93658,-262.2892787055841,-69.12384126174925,23,VUT,NA,17
JP-Fhk,NEE,35.443554,138.7647,-170.17649718852712,-75.15326673529512,18,VUT,NA,17
JP-Fjy,NEE,35.45454,138.76225,-419.4322517678123,-74.8184967828713,21,VUT,NA,17
JP-Fmt,NEE,35.638744,139.37975,-45.01679945965712,-79.58311849186043,10,VUT,NA,17
JP-Khw,NEE,33.13658,130.70834,-901.1619677911117,-80.5210020865486,17,CUT,NA,17
JP-Kzw,NEE,36.406788,138.57257,-102.88823924303999,-73.0392915408811,8,VUT,NA,17
JP-MMF,NEE,44.321884,142.26152,-754.9711939254857,-49.570998650475644,8,VUT,NA,17
JP-Mse,NEE,36.05393,140.02693,-208.82345248602516,-77.57178246343801,8,VUT,NA,17
JP-NsC,NEE,36.915054,139.93684,-434.57039381768726,-71.281979827633,12,VUT,NA,17
JP-NsM,NEE,36.91604,139.936,-299.0193590194036,-71.24191625735068,12,VUT,NA,17
JP-Nuf,NEE,35.152416,136.9719,-205.75454065344007,-88.08932221732425,2,VUT,NA,17
JP-SMF,NEE,35.261528,137.07875,231.07132336344688,-84.11503536663395,13,VUT,NA,17
JP-Shn,NEE,35.865753,137.93256,-258.54684273216,-68.21069407272125,4,CUT,NA,17
JP-Spp,NEE,42.986843,141.38533,266.7570689005951,-53.163781079034834,19,VUT,NA,17
JP-Srk,NEE,40.565483,140.12779,-1045.72123924032,-79.97545022558643,6,VUT,NA,17
JP-Ta2,NEE,36.140038,137.37071,-700.3985370959314,-64.98909637585803,11,VUT,NA,17
JP-Tak,NEE,36.146168,137.42311,-368.46201713685264,-65.69632817256229,24,VUT,NA,17
JP-Tef,NEE,45.05581,142.10712,24.628496973254645,-47.32128311091742,23,VUT,NA,17
JP-Tmd,NEE,42.735912,141.52315,197.08221619889486,-58.51251810488793,19,VUT,NA,17
JP-Tmk,NEE,42.739307,141.51483,-311.58253393920006,-58.136241131352335,3,VUT,NA,17
JP-Toc,NEE,42.70973,141.5659,-604.50412165344,-61.235530950216116,4,VUT,NA,17
JP-Yms,NEE,34.79028,135.84094,-202.62486730743638,-77.9559233346049,24,VUT,NA,17
JP-Ynf,NEE,26.751,128.21266,-463.2725225478857,-57.23476969401054,10,VUT,NA,5
KE-Chk,NEE,-3.6663,38.350185,97.72951034879998,-56.73110441974336,3,VUT,NA,17
KE-Kpt,NEE,-1.6141866,37.13311,-265.83642827999995,-54.13071003578534,6,VUT,NA,17
KE-Mkt,NEE,-3.425859,38.140663,-389.91572650367993,-62.928402765568535,6,VUT,NA,17
KH-Kmp,NEE,12.744579,105.47857,-301.58255352960003,-108.0613285686768,4,CUT,NA,17
KR-AdC,NEE,36.50565,126.35909,-438.33375866879993,-83.68197946718954,4,VUT,NA,16
KR-CRK,NEE,38.2013,127.2497,41.81157342720001,-71.74420106183311,7,VUT,NA,17
KR-CmF,NEE,37.1599,127.65365,-186.37112088576004,-69.449861535026,7,VUT,NA,17
KR-GmR,NEE,35.74862,126.86432,-793.37449161216,-88.10847426667101,3,VUT,NA,17
KR-GmS,NEE,35.75089,126.81378,-516.4957161653759,-88.63232634309679,3,VUT,NA,17
KR-HPK,NEE,34.47722,126.48105,-717.6718533542399,-76.16638037323378,3,VUT,NA,17
KR-HcM,NEE,37.61938,127.84571,-587.8397240294399,-65.56888717639026,4,VUT,NA,17
KR-Hnm,NEE,34.5538,126.56992,145.83757443552003,-82.1090224750019,4,VUT,NA,17
KR-JjM,NEE,33.31798,126.56772,-654.750771397344,-74.71951522827146,4,VUT,NA,14
KR-Kw1,NEE,37.74843,127.16261,-383.62664896243194,-77.82116143963185,5,VUT,NA,17
KR-Kw2,NEE,37.74869,127.14888,216.07011880525437,-77.81787536174033,5,VUT,NA,17
KR-Nj1,NEE,35.02753,126.82093,62.69408035199998,-82.45861805776826,2,VUT,NA,17
KR-Nj2,NEE,35.0269,126.8219,-0.5666117184000008,-82.56502723579933,2,VUT,NA,17
KR-PcD,NEE,37.48184,128.51604,-296.82133027776,-77.71503484625828,4,VUT,NA,17
KR-SmM,NEE,37.93894,126.95471,-432.2250043330011,-64.71244556609759,7,VUT,NA,17
KR-UAO,NEE,36.41682,128.79904,4.971302553599999,-74.1655826341239,3,VUT,NA,17
KR-WdE,NEE,34.35956,126.67779,-435.03754440959995,-80.20693795013017,4,VUT,NA,17
ML-Kem,NEE,15.2875,-1.543056,-479.86369982208,-24.715299793950976,3,VUT,NA,17
MN-Hst,NEE,47.59293,105.85497,54.525096324864,-11.294850639498975,6,VUT,NA,17
MN-Kbu,NEE,47.21397,108.737335,-503.78496538751995,-6.66700754985618,6,VUT,NA,17
MN-Nkh,NEE,47.693592,107.48934,-86.896159081344,-12.27692529591232,6,VUT,NA,17
MX-Aog,NEE,26.9968,-108.7892,36.629511795648014,-41.35310453959187,3,VUT,NA,17
MX-Tes,NEE,27.8446,-109.2977,-81.73643618534399,-35.76631571197345,5,VUT,NA,17
MY-LHP,NEE,4.201007,114.03908,-470.4403633385143,-82.88642101869164,11,VUT,NA,17
NL-Hrw,NEE,51.972466,5.641228,-29.221273018697154,-66.8296795056059,9,VUT,NA,17
NL-Loo,NEE,52.166447,5.74355,-501.61572964673564,-65.48924757473219,29,VUT,NA,17
NL-Vkp,NEE,51.980934,5.618825,-57.036860012641746,-66.35901791157164,12,VUT,NA,17
NO-And,NEE,69.1422,16.01975,-19.406212900605244,-17.3601611430486,7,VUT,NA,16
NO-Fns,NEE,60.59384,7.5271025,-0.35483250527999743,-13.185645563102184,7,VUT,NA,17
NO-Hur,NEE,60.37163,11.07949,-28.440028454399986,-69.23882180079158,2,VUT,NA,17
NZ-ADd,NEE,-43.64405,172.35465,-140.91909305241597,-46.455904148258014,5,VUT,NA,17
NZ-ADw,NEE,-43.64935,172.34952,-162.50983365513596,-46.45669706917238,8,VUT,NA,17
NZ-BFm,NEE,-43.593528,171.929611,-468.95507870975996,-46.359342393248426,4,VUT,NA,17
NZ-BFu,NEE,-43.591833,171.926833,-192.02673877631997,-46.4299692785612,3,VUT,NA,17
NZ-Cla,NEE,-43.78628,171.59558,-284.66626608,-47.43158131098335,4,VUT,NA,17
NZ-Kop,NEE,-37.387875,175.55389,-253.54277661599997,-76.20902464257006,4,VUT,NA,17
NZ-Lau,NEE,-45.038904,169.681109,-32.369706597394284,-47.48035816892957,7,VUT,NA,17
NZ-Oxf,NEE,-43.2609,172.21588,-140.54662630195202,-75.35680957530508,5,VUT,NA,17
NZ-ScF,NEE,-37.46,175.22,-316.58231901571196,-101.26476766031874,4,VUT,NA,17
PA-SPn,NEE,9.31814,-79.6346,-380.11162464,-81.82316666015458,3,VUT,NA,17
PA-SPs,NEE,9.31378,-79.63143,466.08453423360004,-82.6093913603529,3,VUT,NA,17
PE-QFR,NEE,-3.8344,-73.319,-361.38463286399985,-69.13068350013691,3,VUT,NA,17
PR-xGU,NEE,17.9696,-66.8687,-209.28225623039995,-99.77459312132487,6,VUT,NA,17
PR-xLA,NEE,18.0212,-67.0769,269.7732480384,-81.06697525765048,5,VUT,NA,17
RU-Ch2,NEE,68.61689,161.35089,-91.82001111338056,-7.479238336102753,8,VUT,NA,17
RU-Che,NEE,68.61304,161.34143,-67.33028657087998,-7.517385458572562,9,VUT,NA,17
RU-Fy2,NEE,56.4476,32.90188,59.41142964646765,-58.68177517627737,10,VUT,NA,17
RU-Fy4,NEE,56.4727,33.0413,-121.66424852544002,-65.70464506921053,6,VUT,NA,17
RU-Fyo,NEE,56.46153,32.922085,85.45125866626555,-59.62367119691794,27,VUT,NA,17
SD-Dem,NEE,13.2829,30.4783,-98.53604830079999,-24.182423677127417,3,VUT,NA,17
SE-Deg,NEE,64.18203,19.55654,-52.582974562368,-48.328302164558636,6,VUT,NA,17
SE-HfM,NEE,64.15955,19.551497,-9.706789681919998,-48.35573434780929,4,VUT,NA,17
SE-Hmr,NEE,64.15955,19.551497,-40.35984497855999,-48.35573434780929,4,VUT,NA,17
SE-Htm,NEE,56.09763,13.41897,-75.22947425417141,-88.56427872607719,7,VUT,NA,17
SE-Nor,NEE,60.0865,17.479504,355.1974638467657,-66.10104783899669,7,VUT,NA,17
SE-Ros,NEE,64.16522,19.79074,-277.26572613451884,-46.94643596487629,7,VUT,NA,17
SE-Srj,NEE,64.17498,19.56381,-5.1977659392,-48.28491016194516,4,VUT,NA,17
SE-St1,NEE,68.35415,19.050333,-113.68648362182401,-17.303434334746015,8,VUT,NA,17
SE-Sto,NEE,68.35594,19.045208,-51.44642881919998,-17.24948323869131,3,VUT,NA,17
SE-Svb,NEE,64.25611,19.7745,-109.85134585839714,-47.104741171076626,12,VUT,NA,17
SN-Dhr,NEE,15.40256,-15.43214,-191.14746065780074,-34.02023672659777,11,VUT,NA,17
SN-Nkr,NEE,14.49581,-16.45357,-311.2316240667429,-36.07489163849945,7,VUT,NA,17
TH-Kog,NEE,18.81267,98.90225,-1343.8132234559998,-108.96110878041554,7,CUT,NA,17
TH-Mae,NEE,18.42264,99.72025,-633.4879202829258,-90.2004696691397,11,VUT,NA,17
UK-AMo,NEE,55.792545,-3.2436917,-15.786354930895868,-59.36970733112861,22,VUT,NA,17
UK-BnB,NEE,54.82326,-6.66984,-100.83799280447998,-58.65352938904573,4,VUT,NA,17
UK-CCr,NEE,52.2542,-3.93357,-100.77852867840002,-64.33839520205265,3,VUT,NA,17
UK-GaB,NEE,55.10994,-6.529928,-80.26376341248,-49.23793919026093,3,VUT,NA,17
UK-Gnn,NEE,54.96185,-6.760763,-78.00610704768,-57.467423062278385,3,VUT,NA,17
UK-Gwr,NEE,54.85464,-5.988278,-147.51830059776003,-49.85011244288626,3,VUT,NA,17
UK-HgF,NEE,52.552177,0.515057,151.92720961919997,-97.99711484764077,2,VUT,NA,17
UK-HpF,NEE,52.24809,-0.0498267,-252.08246960639997,-98.01073696314484,2,VUT,NA,17
US-A03,NEE,70.4953,-149.8823,-70.99109443337144,-4.759393077641789,7,VUT,NA,17
US-A10,NEE,71.3242,-156.6149,-97.91827915606689,-0.2785698276265691,11,CUT,NA,15
US-A39,NEE,36.3776,-96.069,-33.746937983999985,-66.70691820312095,1,VUT,NA,17
US-ABa,NEE,27.1301,-81.2011,-359.45060473728,-93.07270302039342,3,VUT,NA,17
US-ABb,NEE,27.1346,-81.2031,-158.28953606784,-93.16592808356836,3,VUT,NA,17
US-ABc,NEE,27.1633,-81.1873,-478.20485982528004,-93.28079197594775,3,VUT,NA,17
US-ABd,NEE,27.1699,-81.2152,-295.71361747775995,-93.90825054830952,3,VUT,NA,17
US-ABe,NEE,27.1656,-81.2161,-211.57338927744004,-93.85705113451672,3,VUT,NA,17
US-ADR,NEE,36.7653,-116.6933,-3.5546299027199986,-2.6149901598835115,6,VUT,NA,17
US-ALQ,NEE,46.0308,-89.6067,-183.16310262720685,-65.56200949348772,11,CUT,NA,17
US-AR1,NEE,36.4267,-99.42,55.128808820159996,-62.740312272198366,4,VUT,NA,17
US-AR2,NEE,36.6358,-99.5975,-37.76028268464,-60.81548402643455,4,VUT,NA,17
US-ARM,NEE,36.6058,-97.4888,-176.56720922877167,-91.52908276581013,23,VUT,NA,17
US-ARb,NEE,35.5497,-98.0402,42.15922940159997,-75.80077667460841,2,VUT,NA,17
US-ARc,NEE,35.5465,-98.04,-12.140447961600017,-75.69436207457488,2,VUT,NA,17
US-Akn,NEE,33.3825,-81.5653,-707.76898524864,-116.60336288763892,7,CUT,NA,17
US-Aud,NEE,31.5907,-110.5104,148.89291666502555,-11.532419636217185,22,VUT,NA,17
US-BRG,NEE,39.2167,-86.5406,-108.07584433919999,-96.12714392595558,4,VUT,NA,17
US-BZB,NEE,64.6955,-148.3208,5.509297427283112,-32.95227878405069,14,VUT,NA,17
US-BZF,NEE,64.7013,-148.3121,64.14326152875131,-32.93775157168966,14,VUT,NA,17
US-BZo,NEE,64.6936,-148.33,-46.869193543474296,-32.98195041502072,8,VUT,NA,17
US-Bar,NEE,44.0646,-71.2881,-192.2570704346922,-66.67410127674702,20,VUT,NA,17
US-Bi1,NEE,38.0992,-121.4993,0.9447424510628792,-30.431886394271714,9,VUT,NA,17
US-Bi2,NEE,38.1091,-121.5351,1633.06550196,-31.012486198477404,9,VUT,NA,17
US-CF1,NEE,46.7815,-117.0821,-210.11682974688006,-39.50358195297065,5,VUT,NA,17
US-CF2,NEE,46.784,-117.0908,-186.59633321663998,-39.482865693270696,4,VUT,NA,17
US-CF3,NEE,46.7551,-117.1261,-219.9454418304,-39.28956063420753,5,VUT,NA,17
US-CF4,NEE,46.7518,-117.1285,-170.04183577919997,-39.27074565479268,5,VUT,NA,17
US-CGG,NEE,37.938,-121.9761,69.96747028031999,-38.10614474269903,6,VUT,NA,17
US-CLF,NEE,40.6366,-77.9424,0.7564934476799827,-77.31941574817279,3,CUT,NA,17
US-CMW,NEE,31.6637,-110.1777,-281.00792063370403,-6.004548799450333,21,VUT,NA,17
US-CRK,NEE,31.4629,-95.3415,-137.3816800656,-97.53966084575245,4,VUT,NA,17
US-CRT,NEE,41.6285,-83.3471,-64.06447749120001,-61.50956276507088,3,VUT,NA,17
US-CdM,NEE,37.5241,-109.7471,-159.58147697793794,-6.686530036348984,6,VUT,NA,17
US-Ced,NEE,39.8379,-74.3791,-99.47477537794285,-67.40501904766143,10,VUT,NA,17
US-ChR,NEE,35.9311,-84.3324,-791.6265445973718,-97.42926322476887,14,VUT,NA,17
US-Cop,NEE,38.09,-109.39,-33.278224111487994,-8.073386301066051,5,VUT,NA,17
US-Cst,NEE,33.0442,-91.9204,-472.05229425984,-126.32330232003596,5,VUT,NA,17
US-Cwt,NEE,35.0592,-83.4275,397.42277090530905,-111.04155119204074,14,CUT,NA,17
US-DFC,NEE,43.3448,-89.7117,-590.432445989321,-61.072472525290095,7,VUT,NA,17
US-DPW,NEE,28.0521,-81.4361,-157.05458578944,-85.72342790734683,3,VUT,NA,17
US-DS2,NEE,38.1375,-121.514,701.8226769600001,-30.688247897491465,4,VUT,NA,17
US-DS3,NEE,38.1235,-121.549,203.39275962239998,-31.222762909168978,5,VUT,NA,17
US-Dix,NEE,39.9712,-74.4346,2.600047330560006,-62.274533680324566,4,VUT,NA,17
US-Dk1,NEE,35.9712,-79.0934,16.58443765412572,-94.25016433237352,8,VUT,NA,17
US-Dk2,NEE,35.9736,-79.1004,-928.3378918130742,-94.30062759021348,8,VUT,NA,17
US-Dk3,NEE,35.9782,-79.0942,-1023.1466166769371,-94.34481803961171,8,VUT,NA,17
US-Dmg,NEE,38.0015,-121.6691,-763.3178159961601,-33.69162640651041,5,VUT,NA,17
US-EA4,NEE,29.6633,-98.3816,-53.42534791488,-69.02771414215977,4,CUT,NA,17
US-EDN,NEE,37.6156,-122.114,-501.25744296493707,-26.67077578725207,7,VUT,NA,17
US-EKH,NEE,36.8094,-121.7523,-198.71042871168,-46.7555606983442,3,VUT,NA,17
US-EKP,NEE,36.8558,-121.7488,-26.848843545600033,-44.6988448967486,3,VUT,NA,17
US-EML,NEE,63.8784,-149.2536,-16.444608340446308,-15.331010855910932,16,VUT,NA,17
US-Elm,NEE,25.5519,-80.7826,-4.83252674923924,-139.89529055514504,15,VUT,NA,17
US-Esm,NEE,25.4379,-80.5946,-105.22605549102255,-122.38980562010124,15,VUT,NA,17
US-EvM,NEE,25.3539,-80.381,-85.45918348800001,-98.36789198668794,4,VUT,NA,17
US-Fmf,NEE,35.1426,-111.7273,16.198149467519997,-15.342235868345227,6,VUT,NA,17
US-Fuf,NEE,35.089,-111.762,-44.48299191667199,-15.304823977018145,6,VUT,NA,17
US-Fwf,NEE,35.4454,-111.7718,71.007054153984,-11.272951031310356,6,VUT,NA,17
US-GLE,NEE,41.3665,-106.2399,-5.390472515950037,-27.814337547642822,16,VUT,NA,17
US-HB1,NEE,33.3455,-79.1957,-249.69136463999993,-81.31276448567723,7,VUT,NA,17
US-HB2,NEE,33.3242,-79.244,-597.9185538294857,-81.31276448567723,7,VUT,NA,17
US-HB3,NEE,33.3482,-79.2322,-6.007735491840018,-81.31276448567723,6,VUT,NA,17
US-HB4,NEE,33.2015,-79.2975,-138.049589483712,-81.31276448567723,5,VUT,NA,17
US-HBK,NEE,43.9397,-71.7181,-578.1816721110857,-61.203540018613694,9,VUT,NA,17
US-HWB,NEE,40.8608,-77.8488,-176.93069915519996,-76.05746739840606,4,VUT,NA,17
US-Ha1,NEE,42.5378,-72.1715,-303.81360740138524,-82.85426323494198,35,VUT,NA,17
US-Ho2,NEE,45.209,-68.747,-368.1635295481024,-65.80088317023524,27,CUT,NA,17
US-Hsm,NEE,38.2368,-122.0212,366.959060508672,-40.05216640467427,5,VUT,NA,17
US-IAB,NEE,42.0001,-93.7016,-166.31849054016004,-66.98264209402532,6,VUT,NA,17
US-IAC,NEE,41.9984,-93.7016,-383.493439872,-66.9523450014533,6,VUT,NA,17
US-IAM,NEE,41.9994,-93.7042,-586.8195995301119,-66.96637425862241,6,VUT,NA,17
US-ICh,NEE,68.6068,-149.2958,27.20287060831543,-9.060375650351716,19,VUT,NA,17
US-ICs,NEE,68.6058,-149.311,63.51063840388986,-9.333109915126713,18,VUT,NA,17
US-ICt,NEE,68.6063,-149.3041,5.6527450239085635,-9.1953600942648,18,VUT,NA,17
US-Jo1,NEE,32.582,-106.635,-147.7661266477262,-5.4294647531152975,13,VUT,NA,17
US-Jo2,NEE,32.5849,-106.6032,-164.626711161408,-5.753422933974349,10,CUT,NA,17
US-KFS,NEE,39.0561,-95.1907,-137.33253276591904,-95.81196638530014,11,VUT,NA,17
US-KLS,NEE,38.7745,-97.5684,-204.18287528275198,-83.84207917469416,8,VUT,NA,17
US-KPL,NEE,60.5382,-150.5061,-26.734641522912007,-24.458689517713083,4,VUT,NA,17
US-KS2,NEE,28.6086,-80.6715,-333.55321756992,-89.89777367650356,4,VUT,NA,17
US-Kon,NEE,39.0824,-96.5603,-133.8469265980207,-80.01837842499663,15,VUT,NA,17
US-LA2,NEE,29.8587,-90.2869,-373.47876239040005,-92.32275765832674,5,CUT,NA,17
US-LA3,NEE,29.4936,-89.9153,-670.07275780032,-50.16579230498746,4,VUT,NA,17
US-LS1,NEE,31.5615,-110.1403,-114.83466128985599,-8.461076205530674,5,VUT,NA,17
US-LS2,NEE,31.5659,-110.1344,-302.48310532176004,-8.173074018963433,5,VUT,NA,17
US-Los,NEE,46.0827,-89.9786,-110.7854603343644,-61.96884147433923,22,CUT,NA,17
US-MBP,NEE,47.5051,-93.4893,-248.99170744788765,-65.80329221559361,16,VUT,NA,17
US-MEF,NEE,39.1006,-105.1024,-91.07812933056,-25.515291325711075,2,VUT,NA,17
US-MMS,NEE,39.3232,-86.4133,-444.00390715135825,-96.21416782877282,25,VUT,NA,17
US-MN1,NEE,45.6168,-96.1269,-279.78754353881146,-50.21776249025538,8,VUT,NA,17
US-MN2,NEE,45.627,-96.1271,-105.83140302905144,-50.193638877613694,8,VUT,NA,17
US-MN3,NEE,45.6091,-96.1265,-399.9431228256,-50.236458164639544,5,VUT,NA,17
US-MOz,NEE,38.7441,-92.2,-382.2897640672255,-106.07740560963975,18,VUT,NA,17
US-Me3,NEE,44.3154,-121.6078,-58.6013861376,-50.76784030719796,6,VUT,NA,17
US-Me5,NEE,44.4372,-121.5668,-200.98375577279995,-54.04054429892062,3,VUT,NA,17
US-Me6,NEE,44.3232,-121.6044,-51.87179985301281,-51.19003924225672,16,VUT,NA,17
US-Me7,NEE,44.4534,-121.5619,455.74618792319995,-53.44948756859242,2,VUT,NA,17
US-Mo1,NEE,39.2298,-92.1167,-382.43502359279995,-78.4671007678603,10,VUT,NA,17
US-Mo2,NEE,38.9488,-91.9945,-35.672586549942864,-86.55904871813209,7,VUT,NA,17
US-Mo3,NEE,39.2322,-92.1493,-309.4406554896906,-78.51660735562155,8,VUT,NA,17
US-Mpj,NEE,34.4382,-106.2385,-90.06325470935576,-7.69652371168894,18,VUT,NA,17
US-Myb,NEE,38.0499,-121.765,-312.55538596957183,-35.16739395293689,15,VUT,NA,17
US-NC1,NEE,35.8118,-76.7119,19.658227533449143,-108.81943201293939,8,VUT,NA,17
US-NC2,NEE,35.803,-76.6685,-542.512023918486,-103.3007916344477,20,VUT,NA,17
US-NC3,NEE,35.799,-76.656,246.23256622348796,-101.69040400983158,8,VUT,NA,17
US-NC4,NEE,35.7817,-75.9135,-186.8951155980285,-70.50765350228085,14,CUT,NA,17
US-NR1,NEE,40.0329,-105.547,-178.6322933555517,-31.978847783900733,21,CUT,NA,17
US-NR3,NEE,40.052,-105.5864,368.06589143424003,-32.174173451393244,12,CUT,NA,17
US-Ne1,NEE,41.1651,-96.4766,-360.26576887211246,-66.8745670801506,24,VUT,NA,17
US-Ne2,NEE,41.1649,-96.4701,-364.48526220252324,-66.77930830097603,23,VUT,NA,17
US-Ne3,NEE,41.1797,-96.4397,-247.17159476074892,-65.9320170393633,24,VUT,NA,17
US-ONA,NEE,27.3836,-81.9509,-336.38580207277715,-90.15120189477216,7,VUT,NA,17
US-OWC,NEE,41.3793,-82.5124,-13.998982265279992,-70.29807254394518,9,CUT,NA,17
US-Oho,NEE,41.5545,-83.8438,-848.884814942976,-94.82378552777232,10,VUT,NA,17
US-PLo,NEE,42.7496,-70.9157,-176.5212372864,-56.168612459104736,2,VUT,NA,17
US-Prr,NEE,65.1237,-147.4876,18.02372102725682,-36.631286647918955,13,VUT,NA,17
US-RC1,NEE,46.7837,-117.0777,-360.2135343967487,-39.52141942755338,5,VUT,NA,17
US-RC2,NEE,46.7776,-117.0807,-356.4535997606401,-39.49969988656903,5,VUT,NA,17
US-RC4,NEE,46.758,-116.949,-355.55290673472,-39.92414788440237,5,VUT,NA,17
US-RC5,NEE,47.01,-119.248,-531.7999989983999,-20.22401773693825,3,VUT,NA,17
US-RGA,NEE,34.4159,-91.6733,-317.9325190031999,-108.72077113693967,4,VUT,NA,17
US-RGB,NEE,39.5782,-121.8579,-108.67361397120001,-31.29569904135053,4,VUT,NA,17
US-RGF,NEE,37.6995,-121.1369,-37.244660544000126,-25.690360432700118,2,VUT,NA,17
US-RGW,NEE,33.6216,-91.4306,-294.77066738688,-110.68200713847796,3,VUT,NA,17
US-RGo,NEE,39.6805,-122.0026,-163.32823217664,-29.955303209788212,4,VUT,NA,17
US-RRC,NEE,37.3344,-77.2065,323.5834306943999,-104.73431062752684,3,VUT,NA,17
US-Rls,NEE,43.1439,-116.7356,-6.530067638783997,-19.39691293916067,10,VUT,NA,17
US-Rms,NEE,43.0645,-116.7486,1.6202910239794264,-20.177642916309026,10,VUT,NA,17
US-Ro1,NEE,44.7143,-93.0898,-143.03380244592697,-46.173504222571296,13,VUT,NA,17
US-Ro2,NEE,44.7288,-93.0888,-251.03028784402284,-45.53197373815124,8,VUT,NA,17
US-Ro3,NEE,44.7217,-93.0893,-184.25744759808003,-45.558228993059515,4,VUT,NA,17
US-Ro4,NEE,44.6781,-93.0723,-292.99251274637504,-48.35690038640951,12,VUT,NA,17
US-Ro5,NEE,44.691,-93.0576,-220.602356251488,-48.35669245361396,8,VUT,NA,17
US-Ro6,NEE,44.6946,-93.0578,-206.93988217499654,-48.33905179969793,8,VUT,NA,17
US-Rpf,NEE,65.1198,-147.429,-0.2780063788082572,-37.239757839587355,17,VUT,NA,17
US-Rwe,NEE,43.0653,-116.7591,-82.05194067811199,-20.170792271063277,5,VUT,NA,17
US-Rwf,NEE,43.1207,-116.7231,-44.56513954787659,-19.521532187893428,10,VUT,NA,17
US-Rws,NEE,43.1675,-116.7132,-67.13562077999997,-19.034607538642888,10,VUT,NA,17
US-SD1,NEE,41.2048,-86.0296,68.8496925888,-88.06973376837618,3,VUT,NA,17
US-SD2,NEE,41.1785,-85.9977,56.59839214847995,-88.29013516376267,3,VUT,NA,17
US-SHC,NEE,39.4315,-120.2398,-68.77939355711999,-33.87883482755228,4,VUT,NA,17
US-SP1,NEE,29.7381,-82.2188,-342.4733204221366,-80.91296910663641,21,VUT,NA,17
US-SRC,NEE,31.9083,-110.8395,-50.58889174310401,-6.202349864988491,7,VUT,NA,17
US-SRG,NEE,31.7894,-110.8277,-9.18078032346353,-5.6873924786635826,18,VUT,NA,17
US-SRM,NEE,31.8214,-110.8661,39.10236241741615,-5.546327883139526,22,VUT,NA,17
US-SRS,NEE,31.8173,-110.8508,-173.13396046996112,-5.552358954553199,8,VUT,NA,17
US-SSH,NEE,40.6658,-77.9041,-484.3444010717952,-77.31897295938188,6,VUT,NA,17
US-Seg,NEE,34.3603,-106.7003,-12.772131641716012,-6.290374740338677,19,VUT,NA,17
US-Ses,NEE,34.335,-106.7448,-1.350850986933036,-7.036053154170759,18,VUT,NA,17
US-Slt,NEE,39.9138,-74.596,-95.87079846368229,-71.45411709943755,18,VUT,NA,17
US-Sne,NEE,38.0369,-121.7547,125.70821523071997,-35.08917476070155,5,VUT,NA,17
US-StJ,NEE,39.0882,-75.4372,-1.0094531903999986,-78.18928250314661,6,VUT,NA,17
US-Syv,NEE,46.2421,-89.3459,-16.689403610834383,-67.9539212382117,21,CUT,NA,17
US-TaS,NEE,25.1908,-80.6391,-430.4689969489919,-107.40635953786705,6,VUT,NA,17
US-Ton,NEE,38.4309,-120.966,-20.979627869037436,-37.3517527422523,25,VUT,NA,17
US-Tw3,NEE,38.1152,-121.6469,-109.15458633964799,-32.77022239286066,6,VUT,NA,17
US-Tw4,NEE,38.1027,-121.6413,-424.14272356398544,-32.73272032519287,11,VUT,NA,17
US-UC1,NEE,40.7536,-78.0056,-815.3796828239999,-76.56448863112519,6,VUT,NA,17
US-UC2,NEE,40.7559,-77.9998,-458.311293960192,-76.50049670181693,6,VUT,NA,17
US-UMd,NEE,45.5625,-84.6975,-403.3423944387952,-70.26591643269853,19,VUT,NA,17
US-UTV,NEE,40.1266,-109.9546,-332.8610438592,-8.970597080571409,3,VUT,NA,17
US-UTW,NEE,39.4453,-110.7288,-615.695827968,-11.680380719351888,4,VUT,NA,17
US-Uaf,NEE,64.8663,-147.8555,-109.04928898753025,-29.782070147250238,23,CUT,NA,17
US-UiA,NEE,40.0646,-88.1961,-460.4636423528228,-67.92558344973872,10,CUT,NA,17
US-UiB,NEE,40.0628,-88.1984,-879.1495764594044,-67.91122486481572,17,CUT,NA,17
US-UiC,NEE,40.0628,-88.1961,-209.35960952616645,-67.9140339917501,16,CUT,NA,17
US-UiD,NEE,40.0646,-88.1985,-362.83230482811416,-67.92266476267446,10,CUT,NA,17
US-UiE,NEE,40.0629,-88.2033,-403.46471875029937,-67.90588393561143,7,VUT,NA,17
US-UiF,NEE,40.0665,-88.2015,-740.261718728064,-67.93123736597045,6,VUT,NA,17
US-UiG,NEE,40.0629,-88.2009,-255.85073303040002,-67.90881449984249,6,VUT,NA,17
US-VT1,NEE,40.4064,-87.5214,-162.59873022719995,-70.26788398322128,3,VUT,NA,17
US-VT2,NEE,40.4018,-87.5213,-168.33144003839996,-70.2474270087555,3,VUT,NA,17
US-Var,NEE,38.4133,-120.9508,48.08873406223121,-37.50264041455739,26,VUT,NA,17
US-Vcm,NEE,35.8885,-106.5322,-95.57908596898105,-15.435814596700538,18,VUT,NA,17
US-Vcp,NEE,35.8641,-106.5965,-306.768616250026,-16.036951201172883,19,VUT,NA,17
US-WCr,NEE,45.8058,-90.0795,-321.87437750171785,-66.33076921983911,23,CUT,NA,17
US-WPT,NEE,41.4646,-82.9962,201.39889275648,-68.03304672835702,3,VUT,NA,17
US-WT1,NEE,34.3674,-101.8154,-81.68109859584,-22.30895303935972,2,VUT,NA,17
US-Whs,NEE,31.7438,-110.0522,18.86625869790316,-3.648951263236313,19,CUT,NA,17
US-Wjs,NEE,34.4258,-105.8617,-133.98937147273128,-8.995562431496012,19,VUT,NA,17
US-Wkg,NEE,31.7365,-109.9419,-5.627432643510858,-3.5170816239162264,22,VUT,NA,17
US-ZF2,NEE,40.7939,-87.5355,-124.9167125528064,-72.00592481638864,2,VUT,NA,17
US-xAB,NEE,45.7624,-122.3303,-21.50785889280001,-76.95868168476409,6,VUT,NA,17
US-xAE,NEE,35.4106,-99.0588,5.588852710464005,-65.72371574997956,6,VUT,NA,17
US-xBA,NEE,71.2824,-156.6194,22.683108072384,-0.29305755116783416,6,VUT,NA,15
US-xBL,NEE,39.0603,-78.0716,-288.9843435590399,-101.61929332029717,6,VUT,NA,17
US-xBN,NEE,65.154,-147.5026,21.266824193856003,-35.336477581860436,6,VUT,NA,17
US-xBR,NEE,44.0639,-71.2873,-218.78732525760006,-66.70361501407024,6,VUT,NA,17
US-xCL,NEE,33.4012,-97.57,-143.598663167616,-65.96874964192693,6,VUT,NA,17
US-xCP,NEE,40.8155,-104.7456,56.67773287968001,-14.911226759017495,6,VUT,NA,17
US-xDC,NEE,47.1617,-99.1066,51.33430695168,-39.40967907457605,6,VUT,NA,17
US-xDJ,NEE,63.881100000000004,-145.7514,15.741417020140798,-24.900279015355068,6,VUT,NA,17
US-xDL,NEE,32.5417,-87.8039,-455.7751462656,-118.40936441803524,6,VUT,NA,17
US-xDS,NEE,28.125,-81.4362,-117.2522761515648,-88.86860684316025,6,VUT,NA,17
US-xGR,NEE,35.689,-83.5019,353.30983674624,-98.43400684864991,6,VUT,NA,17
US-xHA,NEE,42.5369,-72.1727,-381.38789132928,-82.90034839604891,6,VUT,NA,17
US-xHE,NEE,63.8757,-149.2133,26.475768117503996,-14.810736413499427,6,VUT,NA,17
US-xJE,NEE,31.1948,-84.4686,-67.92290873279997,-126.25211089773734,6,VUT,NA,17
US-xJR,NEE,32.5907,-106.8425,29.9078409867264,-3.5240332009791544,6,VUT,NA,17
US-xKA,NEE,39.1104,-96.6129,-130.76976222144003,-79.88774739527025,5,VUT,NA,17
US-xKZ,NEE,39.1008,-96.5631,-168.00585522047996,-80.03411369329774,6,VUT,NA,17
US-xMB,NEE,38.2483,-109.3883,38.251286551872,-8.23728903424319,6,VUT,NA,17
US-xML,NEE,37.3783,-80.5248,41.744732901119974,-90.01974790911765,6,VUT,NA,17
US-xNG,NEE,46.7697,-100.9154,-12.473411970239995,-35.9762637743911,6,VUT,NA,17
US-xNQ,NEE,40.1776,-112.4524,7.0530147055872066,-21.21547625890102,5,VUT,NA,17
US-xPU,NEE,19.5531,-155.3173,-432.94596773183997,-86.6611827005404,6,VUT,NA,17
US-xRM,NEE,40.2759,-105.5459,85.15919194847999,-28.265732983171972,6,VUT,NA,17
US-xSB,NEE,29.6893,-81.9934,-63.17729153279999,-89.61461804047804,6,VUT,NA,17
US-xSC,NEE,38.8929,-78.1395,-14.851629849600016,-88.02991845782344,5,VUT,NA,17
US-xSE,NEE,38.8901,-76.56,-417.42801626112004,-68.98008907715098,6,VUT,NA,17
US-xSJ,NEE,37.1088,-119.7323,175.25134346111997,-31.328129119550113,6,VUT,NA,17
US-xSL,NEE,40.4619,-103.0293,117.34500557951998,-24.75856979645789,6,VUT,NA,17
US-xSP,NEE,37.0334,-119.26220000000001,-6.304812094079999,-40.515673637254736,6,VUT,NA,17
US-xSR,NEE,31.9107,-110.8355,49.505250870432,-6.265908075871039,6,VUT,NA,17
US-xST,NEE,45.5089,-89.5864,-343.771664523264,-71.98965217612681,6,VUT,NA,17
US-xTE,NEE,37.0058,-119.006,-218.80973387001598,-34.91266665264811,6,VUT,NA,17
US-xTL,NEE,68.6611,-149.3705,-19.786816062719996,-10.52164802303286,5,VUT,NA,17
US-xTR,NEE,45.4937,-89.5857,-243.25804363967995,-72.08222386857517,6,VUT,NA,17
US-xUK,NEE,39.0404,-95.1921,-75.65284355328002,-96.19312810445695,5,VUT,NA,17
US-xUN,NEE,46.2339,-89.5373,-333.245805537024,-65.58389545647265,6,VUT,NA,17
US-xWD,NEE,47.1282,-99.2414,30.214759276799995,-38.03993029370963,6,VUT,NA,17
US-xWR,NEE,45.8205,-121.9519,-46.89370107072,-64.988446855858,6,VUT,NA,17
VU-Coc,NEE,-15.444423,167.19131,-470.14662366720006,-86.52386723314407,4,VUT,NA,12
ZA-BfK,NEE,-28.856483,24.83985,-40.544132279328,-18.93721743706493,5,VUT,NA,17
ZA-BfS,NEE,-28.8906,24.86112,-226.28840797440003,-19.25672297232802,5,VUT,NA,17
ZA-Spk,NEE,-28.70408,29.52614,-287.5991707584001,-52.59476025840411,2,VUT,NA,17
ZA-Uby,NEE,-27.3952,32.5889,-347.29051641408,-41.96589103263591,2,VUT,NA,17
ZM-Mon,NEE,-15.4391,23.2525,58.14785942208001,-93.54773022417044,3,VUT,NA,17
AR-CCa,GPP,-35.621,-61.3181,1571.1487551763198,1653.0855000447787,7,VUT,NT,17
AR-CCg,GPP,-35.9244,-61.1855,1923.44925459456,1622.7103166065563,7,VUT,NT,17
AR-TF1,GPP,-54.9733,-66.7335,743.4361172159998,322.3190739447762,3,VUT,NT,17
AR-TF2,GPP,-54.8269,-68.4549,326.93999601023995,350.1680264454112,2,VUT,NT,17
AT-Mmg,GPP,47.316563,10.970089,1467.3746732831999,1190.5586222734787,4,VUT,NT,17
AT-Neu,GPP,47.116318,11.320229,2426.695834282958,1146.1513220290026,19,VUT,NT,17
AT-Nsd,GPP,47.76914,16.758492,894.6214488637055,1014.5841206748804,5,VUT,NT,17
AT-PsM,GPP,47.58145,14.347197,1045.51798035456,1339.3049899445607,5,VUT,NT,17
AT-Zoe,GPP,47.842247,14.444137,1178.8640254656,1341.3259445860756,10,VUT,NT,17
AU-ASM,GPP,-22.283,133.249,461.9400047921742,192.9092588907117,16,VUT,NT,17
AU-Ade,GPP,-13.0769,131.1178,1756.5327550079996,1703.8895179054402,3,VUT,NT,17
AU-Boy,GPP,-32.477093000000004,116.938559,1241.6744254217144,610.3470705281915,9,VUT,NT,17
AU-Col,GPP,-33.42,116.237,1218.126912768,1190.7515462484484,3,VUT,NT,17
AU-Cow,GPP,-16.238189,145.42715,2108.5508453595426,1846.5209000682826,17,VUT,DT,17
AU-Cpr,GPP,-34.0027,140.5877,499.63900153933184,169.18136835374946,16,VUT,NT,17
AU-Ctr,GPP,-16.103219,145.446922,2832.334955938285,1806.9847895882745,9,VUT,DT,17
AU-Cum,GPP,-33.615278000000004,150.723611,2016.6549147752726,1616.6426216626692,12,VUT,NT,17
AU-DaP,GPP,-14.0633,131.3181,1434.9924611313409,1303.9276651496748,6,VUT,DT,17
AU-DaS,GPP,-14.1592,131.3881,1663.8642016226968,1265.4152600365546,15,VUT,NT,17
AU-Dry,GPP,-15.2588,132.3706,1331.543810685207,1020.2053794191055,15,VUT,NT,17
AU-Emr,GPP,-23.85872,148.4746,454.84631654400005,553.0469976104694,3,VUT,NT,17
AU-Fle,GPP,-19.887285,146.189138,1436.912378784,862.9152076656571,4,VUT,NT,17
AU-Fog,GPP,-12.5452,131.3072,1012.7947522176,1758.0280568886667,3,VUT,DT,17
AU-GWW,GPP,-30.1914,120.65417,597.8079128910895,297.37625043126764,13,VUT,NT,17
AU-Gin,GPP,-31.376351,115.71377,1374.5006625919934,715.0047666352641,15,VUT,NT,17
AU-How,GPP,-12.4952,131.15005,2158.92412919297,1608.6895000850982,23,VUT,NT,17
AU-Lit,GPP,-13.17904,130.79455,1888.3077115614171,1512.7812522816394,9,VUT,NT,17
AU-Lon,GPP,-23.52327,144.31042,509.4279507047041,234.70177085097248,7,VUT,NT,17
AU-MvA,GPP,-30.543,150.02,422.23669424639996,1012.4262137814976,1,VUT,NT,17
AU-Otw,GPP,-38.525,142.81,2042.6924335104,1009.3722863281268,4,VUT,NT,17
AU-RDF,GPP,-14.563639,132.477567,781.5486066624001,1262.6765530619982,3,VUT,DT,17
AU-Rgf,GPP,-32.506102,116.966827,541.6659508130742,586.6702762795611,10,VUT,NT,17
AU-Rig,GPP,-36.6499,145.5759,1040.9213880049372,1069.6041653648188,7,VUT,NT,17
AU-Rob,GPP,-17.11746943,145.6301375,2741.2043646157426,1807.736023700621,13,VUT,DT,17
AU-Sam,GPP,-27.38806,152.87778,1762.7287450381716,1501.0161892320689,8,VUT,NT,17
AU-Sil,GPP,-42.090556,147.0875,1427.4450239615999,1268.3837939481234,5,VUT,NT,17
AU-Stp,GPP,-17.1507,133.3502,459.13319667054446,566.950387593308,18,VUT,DT,17
AU-TTE,GPP,-22.287,133.64,251.9631042514645,195.3783166706035,11,CUT,NT,17
AU-Tum,GPP,-35.6566,148.1516,3043.484499090893,1683.2439583033197,20,CUT,NT,17
AU-Wac,GPP,-37.4259,145.1878,2324.698949376,1295.1976881659468,4,VUT,NT,17
AU-Wel,GPP,-32.5727,148.9843,1636.6482086400001,950.3596662044109,2,VUT,NT,17
AU-Whr,GPP,-36.6732,145.0294,1372.8379978162284,878.7900103390466,12,VUT,NT,17
AU-Wom,GPP,-37.422506,144.094046,2618.4892653586285,1186.4407772554125,14,VUT,NT,17
AU-Wrr,GPP,-43.09502,146.65452,2666.1299316233144,1869.6050134445313,9,VUT,NT,17
AU-Ya1,GPP,-33.613469,150.734864,1251.42335856,1612.7772117002764,3,VUT,NT,17
AU-Ya2,GPP,-33.620812,150.763284,1430.169042816,1618.3326966187603,3,VUT,NT,17
AU-Ync,GPP,-34.9878,146.2908,486.76034826316794,494.1022774668191,13,VUT,NT,17
BE-Bra,GPP,51.30761,4.51984,1586.499441599705,1040.4670934776204,24,VUT,NT,17
BE-Dor,GPP,50.311874,4.968113,2318.867744365187,1117.1776365783564,14,VUT,NT,17
BE-Lcr,GPP,51.11218,3.85043,1996.5147414912,1069.2537570824802,4,VUT,NT,17
BE-Lon,GPP,50.55162,4.746234,1389.0307059933912,1062.247730261641,21,VUT,NT,17
BE-Maa,GPP,50.97987,5.631851,832.30065961344,1084.5138253697223,10,VUT,NT,17
BE-Vie,GPP,50.304962,5.998099,1927.0613400472719,1332.8820346432408,30,VUT,NT,17
BJ-Bfg,GPP,9.791,1.718,2562.6229913417137,1494.8802679245441,9,VUT,NT,17
BJ-Db1,GPP,6.607338,2.543043,3244.4530439039995,1612.7484111217204,3,VUT,DT,17
BJ-Nhu,GPP,9.74,1.6,1736.5375393656684,1519.5994510253906,9,VUT,NT,17
BR-ITA,GPP,-23.0604,-48.6467,1623.7273219200001,2277.3528975760096,5,VUT,NT,17
BR-Ma2,GPP,-2.6091,-60.2093,3538.5176046946904,2709.6568231414303,17,VUT,DT,17
BR-Npw,GPP,-16.498,-56.412,2208.2635777535997,1932.0853196415367,4,VUT,DT,17
BR-Sa1,GPP,-2.8567,-54.9589,3154.2751177755426,2434.0502185714395,8,VUT,DT,17
BR-Sa3,GPP,-3.018,-54.9714,3613.39395984,2503.3767876443467,5,VUT,DT,17
BR-Xpw,GPP,-16.373,-56.461,1377.4011901747199,1903.9557337118003,5,VUT,NT,17
CA-ARB,GPP,52.695,-83.9452,376.9186350491084,902.5737031319986,13,VUT,NT,17
CA-ARF,GPP,52.7008,-83.955,459.3760663566351,902.2719719918616,14,VUT,NT,17
CA-CF3,GPP,58.6658,-93.8304,236.78177243990402,477.516099140246,4,VUT,NT,17
CA-Ca1,GPP,49.8673,-125.3336,2577.8483601407997,1381.1680773855983,11,VUT,NT,17
CA-Ca2,GPP,49.8705,-125.2909,886.0034975245263,1380.2263693442962,11,VUT,NT,17
CA-Ca3,GPP,49.5346,-124.9004,1747.6895202624,1274.1558483447513,8,CUT,NT,17
CA-Cbo,GPP,44.3184,-79.9341,1587.5152207123865,1165.8613895591277,28,VUT,NT,17
CA-DB2,GPP,49.119,-122.9951,483.914680033536,1105.161186914641,6,VUT,NT,17
CA-DBB,GPP,49.1293,-122.9849,398.1834982547383,1115.5091941254193,8,VUT,NT,17
CA-DSM,GPP,49.0887,-122.8954,1523.503675826496,1182.301393089043,4,VUT,NT,17
CA-EM1,GPP,50.3623,-100.2024,682.5340392019199,687.2734965045282,3,VUT,NT,17
CA-EM2,GPP,50.3706,-100.5339,954.7497528768,676.8696558882119,3,VUT,NT,17
CA-Gro,GPP,48.2167,-82.1556,1099.3820152303504,1147.7758784944576,12,VUT,NT,17
CA-LP1,GPP,55.1119,-122.8414,651.2855859346535,1048.8497550567447,14,CUT,NT,17
CA-Man,GPP,55.8796,-98.4808,709.3309850650546,941.0089467469365,14,VUT,NT,17
CA-Mer,GPP,45.4094,-75.5186,717.2298637585635,1257.0452936418471,23,VUT,NT,17
CA-Ojp,GPP,53.9163,-104.692,669.0593594639724,1029.169260881327,8,CUT,NT,17
CA-Qfo,GPP,49.6925,-74.3421,674.0837815993508,956.7442750335674,8,VUT,NT,17
CA-RBM,GPP,49.1313,-123.1964,1049.4348545433597,1102.2488620027887,3,VUT,NT,17
CA-SCC,GPP,61.3079,-121.2992,423.7070818046812,815.5999126247061,9,CUT,NT,17
CA-SJ2,GPP,53.945,-104.649,259.3903715273981,1032.0764057692058,6,VUT,NT,17
CA-TP1,GPP,42.6609,-80.5595,1523.6064153610362,993.6417376807575,21,VUT,NT,17
CA-TP2,GPP,42.7744,-80.4588,2239.3752340032,1014.9053692625424,5,VUT,NT,17
CA-TP3,GPP,42.7068,-80.3483,1756.6311572065154,903.3915123913573,21,VUT,NT,17
CA-TP4,GPP,42.7102,-80.3574,1627.940790114499,903.5361397029621,21,VUT,NT,17
CA-TPA,GPP,42.6947,-80.3487,1177.590481017408,903.3978696358234,4,VUT,NT,17
CA-TPD,GPP,42.6353,-80.5577,1516.1412106379832,985.7400793045595,11,VUT,NT,17
CD-Ygb,GPP,0.814444,24.502472,4065.1861931135995,2764.1941822223844,6,VUT,DT,17
CG-Tch,GPP,-4.2891665,11.656417,1466.9869675391997,1828.0012369791666,3,VUT,NT,17
CH-Aws,GPP,46.58311,9.790639,1478.2791532434665,983.8570900074658,18,VUT,NT,17
CH-Cha,GPP,47.21022,8.410444,2687.2211462989153,1255.23331626531,19,VUT,NT,17
CH-Crs,GPP,47.0436,7.0475,2012.4000111744,1211.3995062886383,2,VUT,NT,17
CH-Dav,GPP,46.81533,9.85591,1400.4935690468415,977.9444654889279,26,VUT,NT,17
CH-Fru,GPP,47.115833,8.537778,2232.5820081804254,1081.2959581113723,20,VUT,NT,17
CH-Lae,GPP,47.478333,8.364389,1779.1530970517197,1216.9016247137215,21,VUT,NT,17
CH-Oe1,GPP,47.28583,7.731944,2112.39747004608,1289.350010843912,10,VUT,NT,17
CH-Oe2,GPP,47.286415,7.73375,1610.6392132581402,1290.1438930251816,21,VUT,NT,17
CH-Oe3,GPP,47.28542,7.732438,2014.8630124595657,1289.5367544309242,10,VUT,NT,17
CH-Rh1,GPP,47.3,9.5,2144.7661114944,1234.1017176310222,4,VUT,NT,17
CH-Rh2,GPP,47.3,9.5,2165.7332777183997,1234.1017176310222,4,VUT,NT,17
CH-Rtb,GPP,47.3804,8.9934,1625.555122454421,1248.2638208358446,14,VUT,NT,17
CH-Tnk,GPP,47.48058,8.911775,2089.56487968,1209.9104009039363,1,VUT,NT,17
CL-SDF,GPP,-41.883,-73.676,2138.6497113791997,1177.9918383139952,8,VUT,DT,17
CL-SDP,GPP,-41.879,-73.666,847.2436236576,1176.9451028485,8,VUT,NT,17
CN-Aro,GPP,38.04734,100.46432,772.6177303675612,215.12508038440924,10,VUT,NT,17
CN-Ash,GPP,24.53806,101.02917,1888.604861403927,1680.0668572676002,11,VUT,NT,17
CN-BeO,GPP,40.02621,116.39143,1575.4833238629064,902.9383943420746,9,VUT,NT,17
CN-DaW,GPP,30.4691,91.0624,647.131823983872,195.37397754703687,5,CUT,NT,17
CN-Dan,GPP,30.4978,91.0664,440.526075873408,192.59182750271077,6,CUT,NT,17
CN-Dda,GPP,41.64397,110.33147,251.71669410048003,163.25984895639004,3,VUT,NT,17
CN-Din,GPP,23.1733,112.5361,1605.4800190189715,2077.094105564976,8,CUT,NT,17
CN-Dmn,GPP,38.85551,100.37223,1353.1018169098868,178.86969701187576,13,VUT,NT,17
CN-Dsh,GPP,38.83992,98.9406,534.8494952288229,105.73420036124566,10,VUT,NT,17
CN-Du2,GPP,42.0467,116.2836,473.57492810948025,584.2944353428275,8,VUT,NT,17
CN-Dzo,GPP,19.546,109.475,2365.571684283428,2065.7102946761056,9,VUT,NT,17
CN-Erg,GPP,50.1869,119.3889,305.7356522303999,496.8823755090465,3,VUT,NT,17
CN-Ha2,GPP,37.6086,101.3269,698.477870801664,276.830126881063,9,VUT,NT,17
CN-HaM,GPP,37.607433,101.332,845.4271469188114,277.04241983960935,11,VUT,NT,17
CN-HaW,GPP,37.607655,101.32899,546.38174179872,276.8788401263813,6,VUT,NT,17
CN-HeM,GPP,41.99029,101.13349,999.8128657233163,1.1815252649463055,12,VUT,NT,17
CN-Huz,GPP,38.76519,100.3186,285.5776953155657,189.19116940795544,10,VUT,DT,17
CN-Jng,GPP,37.83869,101.1145,516.3536893832228,244.48280769825067,7,VUT,DT,17
CN-Jzh,GPP,41.14806,121.20167,1421.7131914231677,788.5421722881244,5,VUT,NT,17
CN-Lch,GPP,37.88936,114.69289,2179.329075056321,902.0569865155912,12,VUT,NT,17
CN-Lsh,GPP,45.27984,127.57821,1326.2628164169598,1005.973668196913,5,VUT,NT,17
CN-Nmn,GPP,42.94611,120.72694,1827.2704080384,635.8685657552328,5,VUT,NT,17
CN-Sb1,GPP,42.40907,117.31461,3393.9315197568003,588.3158359779273,5,VUT,NT,17
CN-Sb2,GPP,42.39117,117.37017,3127.0076573184,605.3292234755114,5,VUT,NT,17
CN-Sdq,GPP,42.00119,101.13741,910.2225039377554,1.1814005442043907,12,VUT,NT,17
CN-Xi2,GPP,43.55444,116.6714,551.7658466586513,361.76184655394115,8,VUT,NT,17
CN-YaS,GPP,37.70877,107.22655,394.15904295031544,232.8102154531776,10,VUT,NT,17
CN-Yan,GPP,37.82861,107.49278,591.0432679296,231.3400236476782,3,VUT,NT,17
CN-You,GPP,38.01419,100.24206,285.73237892995206,193.0384971756357,10,VUT,DT,17
CN-Yuc,GPP,36.8287,116.5701,2069.868548555465,908.5324269744067,9,VUT,NT,17
CN-Zha,GPP,38.97514,100.4464,1369.2900892484745,142.77114736238974,13,VUT,NT,17
CR-AqC,GPP,9.938369,-83.7289,2627.7750185636573,3066.324595632931,8,VUT,DT,17
CR-Fsc,GPP,10.4189,-85.4732,4147.7546231999995,1954.0368366320354,4,VUT,NT,17
CZ-BK1,GPP,49.502075,18.536882,2042.2638264901486,1158.6792297095765,22,VUT,NT,17
CZ-BK2,GPP,49.49443,18.54285,1102.202870334994,1162.3694321157586,7,VUT,NT,17
CZ-KrP,GPP,49.573257,15.078773,1239.5589766815513,962.1731823466546,10,VUT,NT,17
CZ-LnG,GPP,48.704224,16.926247,1629.7871078822398,903.2735142292574,6,VUT,NT,17
CZ-Lnz,GPP,48.68155,16.946331,2010.0322080165465,899.7193417127339,11,VUT,NT,17
CZ-RAJ,GPP,49.44372,16.696512,1658.340638728857,920.6534457190958,13,VUT,NT,17
CZ-Stn,GPP,49.035976,17.9699,1671.6293429320442,1146.6164864289963,15,VUT,NT,17
CZ-wet,GPP,49.02465,14.77035,1192.26625084388,1040.1923692761352,20,VUT,NT,17
DE-Akm,GPP,53.86617,13.68342,1427.4982669301858,895.4989495098904,15,VUT,NT,17
DE-Amv,GPP,52.1757,6.95537,1268.2915438464,1030.4936682834857,3,VUT,NT,17
DE-Brs,GPP,52.29663,10.44871,1977.1519982976,1120.978503527881,3,VUT,NT,17
DE-Fen,GPP,47.832905,11.060701,2227.3419726719994,1247.5482779063643,3,VUT,NT,17
DE-Geb,GPP,51.09973,10.91463,1591.23231742176,1030.94010242197,5,VUT,NT,17
DE-Gri,GPP,50.950005,13.512533,1637.3654371638197,1050.7926920700522,22,VUT,NT,17
DE-GsB,GPP,52.029648,11.10478,1634.6377342760727,1034.711730072565,11,VUT,NT,17
DE-Hai,GPP,51.079212,10.452168,1621.5594200318508,1181.8905422947907,25,VUT,NT,17
DE-Har,GPP,47.93391,7.59814,1716.9175682150399,1231.1774795181384,6,VUT,NT,17
DE-Hdn,GPP,53.86825,13.268543,1595.8103473152,901.1568572295192,4,VUT,NT,17
DE-HoH,GPP,52.08656,11.22235,2039.6470838316222,1028.363362565678,11,VUT,NT,17
DE-Hte,GPP,54.213055,12.179944,938.8431689229255,892.391325046582,10,VUT,NT,17
DE-Hzd,GPP,50.96381,13.48978,1577.705838237761,1050.9727691955134,16,VUT,NT,17
DE-Kli,GPP,50.893044,13.5223,1363.6204497207018,1040.3228389286146,22,VUT,NT,17
DE-Lnf,GPP,51.328217,10.3678,1688.9628378873376,1207.4285205696142,20,CUT,NT,17
DE-Msr,GPP,47.80918,11.456168,1963.0435677696,1310.6820870747254,6,VUT,NT,17
DE-Obe,GPP,50.7864,13.72168,1880.6538294827533,1020.9567008572682,17,VUT,NT,17
DE-Rns,GPP,51.494953,9.932118,1197.2726653478398,1218.5711591072854,4,VUT,NT,17
DE-RuC,GPP,50.5031,6.336,1090.1453667546766,1216.6985732625096,12,VUT,NT,17
DE-RuM,GPP,50.929787,6.2969923,1665.9768893973119,1161.3868721122897,9,VUT,NT,17
DE-RuR,GPP,50.621914,6.304126,2114.1724073614414,1158.5527723272116,15,VUT,NT,17
DE-RuS,GPP,50.865906,6.4471445,1574.1318234425719,1117.392279486847,15,VUT,NT,17
DE-RuW,GPP,50.50493,6.3309627,2312.2328977039792,1216.308948252012,13,VUT,NT,17
DE-Seh,GPP,50.870625,6.449653,1425.9079109721597,1117.4862627716216,4,VUT,NT,17
DE-SfS,GPP,47.80629,11.32757,1122.9285062298763,1278.5745052977443,11,VUT,NT,17
DE-Spw,GPP,51.89225,14.03369,1717.7800698593278,1051.829343093751,6,VUT,NT,17
DE-Tha,GPP,50.962597,13.565333,1621.2165316847195,1051.0475736879496,30,VUT,NT,17
DE-Zrk,GPP,53.875942,12.88901,952.9297578308159,1001.9523173896537,10,VUT,NT,17
DK-Eng,GPP,55.69053,12.19175,835.5672754559998,1003.9611874982681,4,VUT,NT,17
DK-RCW,GPP,55.680683,12.101398,1607.7478204569597,1091.9374002174047,3,VUT,NT,17
DK-Sor,GPP,55.48587,11.644645,2147.960429052729,1122.5548396419483,29,VUT,NT,17
DK-Vng,GPP,56.037476,9.160709,1221.5290565825278,1161.3316202737974,4,VUT,NT,17
EE-Pts,GPP,58.562298,24.369932,559.8787903833597,936.6161522830294,3,VUT,NT,17
EE-Stg,GPP,58.023636,26.070753,1332.2364272321145,1049.1111728701205,9,VUT,NT,17
ES-Abr,GPP,38.70184,-6.785881,888.8120030131198,814.0124844247109,6,VUT,NT,17
ES-Agu,GPP,36.939384,-2.034044,307.9488277049816,396.72165242962046,14,CUT,NT,17
ES-Crg,GPP,39.11926,-0.95852,1316.400415488,666.7984736423424,4,VUT,NT,17
ES-FtD,GPP,36.99854,-6.434575,772.6356579254399,740.7954776130218,4,VUT,NT,17
ES-HeB,GPP,38.40475,-1.726215,997.5144117887999,515.6406856521695,6,VUT,NT,17
ES-Hen,GPP,38.411087,-1.697534,770.4863903347201,516.6897361564221,6,VUT,NT,17
ES-LJu,GPP,36.926594,-2.752115,291.2256066197157,506.9624729250997,21,VUT,DT,17
ES-LM1,GPP,39.94269,-5.778683,1258.4464150830545,774.1613828284021,11,VUT,NT,17
ES-LM2,GPP,39.934593,-5.775881,1291.6136680520726,768.8059237194249,11,VUT,NT,17
ES-LMa,GPP,39.94033,-5.77465,1196.45856539136,772.811836165981,6,VUT,NT,17
ES-LgS,GPP,37.097935,-2.965833,455.30186914944,633.56412953559,3,VUT,NT,17
ES-Mcd,GPP,39.58819,-0.39969,1513.5240438884568,600.1891562798123,7,VUT,NT,17
ES-MtB,GPP,37.020206,-6.5544033,1109.722063968,719.3721943726322,4,VUT,NT,17
ES-Mzn,GPP,40.089497,-0.827409,894.262151232,783.7813932862654,2,VUT,NT,17
ES-Pdu,GPP,37.016975,-3.609228,1397.934062928,555.5650361575887,4,VUT,NT,17
ES-Pzb,GPP,38.362118,-4.767329,1146.9474833356799,789.5759827620793,5,VUT,NT,17
ES-Srn,GPP,40.15047,-0.8380832,749.1543754176,793.7668567778443,2,VUT,NT,17
ES-VDA,GPP,42.15111,1.4473800000000001,1124.4780243072,1158.5325168051463,3,VUT,NT,17
ES-Yst,GPP,38.338932,-2.3506052,1183.7893936320002,745.8815775620003,6,VUT,NT,17
FI-Hyy,GPP,61.847410000000004,24.29477,1194.6406242827727,916.2203137226768,29,VUT,NT,17
FI-Jok,GPP,60.8986,23.51345,497.0140585453439,976.9700304077702,4,VUT,NT,17
FI-Ken,GPP,67.98721,24.24301,741.9564837493301,783.2054043933279,8,VUT,NT,17
FI-Let,GPP,60.64183,23.95952,1330.3131784564198,989.7446367018174,16,VUT,NT,17
FI-Nsv,GPP,62.8639,24.08382,400.9991444254081,961.8699942721972,4,VUT,NT,17
FI-Qvd,GPP,60.295242,22.391607,1317.0293809251841,958.0147134754566,6,VUT,NT,17
FI-Rk2,GPP,61.182884,25.262684,1224.0250851456,878.2587253272005,4,VUT,NT,17
FI-Ruk,GPP,64.68398,25.106318,1210.4661196252798,929.0310328232667,4,VUT,NT,17
FI-Sar,GPP,63.15143,27.199064,1030.64322851712,954.2982845972929,1,VUT,NT,17
FI-Sii,GPP,61.83265,24.19285,397.53002572830724,902.5422959763935,7,VUT,NT,17
FI-Sod,GPP,67.36239,26.63859,692.6240974003199,835.5107608881025,2,VUT,NT,17
FI-Var,GPP,67.7549,29.61,535.9641689024639,790.5440375932926,10,VUT,NT,16
FR-Aur,GPP,43.54965,1.106103,1285.4781099397214,1067.0333158366539,21,VUT,NT,17
FR-Bil,GPP,44.493652,-0.956092,2070.289261115345,1475.9904185383332,12,VUT,NT,17
FR-CLt,GPP,45.0414,6.41053,653.1254469792,900.3257072298511,6,VUT,NT,17
FR-EM2,GPP,49.87211,3.02065,1653.8764393732115,1130.0148071361978,8,VUT,NT,17
FR-FBn,GPP,43.24079,5.67865,1773.5345895186988,794.3133728027344,16,VUT,NT,17
FR-Fon,GPP,48.476357,2.780096,1771.8824981030396,1081.3950618828078,6,VUT,NT,17
FR-Gri,GPP,48.84422,1.95191,1665.8202819988962,962.812857433553,21,VUT,NT,17
FR-Hes,GPP,48.6741,7.06465,1867.4353361958683,1194.0408257188287,23,CUT,NT,17
FR-LBr,GPP,44.71711,-0.7693,1911.0846025728,1635.2076401740333,11,VUT,NT,17
FR-LGt,GPP,47.322918,2.284102,1078.159157060297,1121.1625427803663,8,VUT,NT,17
FR-Lam,GPP,43.496437,1.237878,1473.4885220927997,1078.4235129645635,4,VUT,NT,17
FR-Lqu,GPP,45.6444,2.7349,1954.19695392,1167.2873670214844,3,VUT,NT,17
FR-Lus,GPP,46.414246,0.1206518,2385.6385023360003,1219.8201071819906,3,VUT,NT,17
FR-Mau,GPP,43.385,1.29306,909.988568446464,1098.289887415798,6,VUT,NT,17
FR-Mej,GPP,48.1184,-1.79635,2096.870277789257,1214.670255772068,7,VUT,NT,17
FR-Nzn,GPP,48.005814,-2.81721,2331.7175303794284,1271.5822397676393,9,VUT,NT,17
FR-Pue,GPP,43.7413,3.5957,1385.910164207737,1092.9021395798227,26,VUT,NT,17
FR-Tou,GPP,43.572857,1.37474,1344.4506385734855,1049.2585433557924,8,VUT,NT,17
GF-Guy,GPP,5.2787,-52.9248,3649.6604450511877,2503.4172932942706,22,VUT,DT,17
GL-Dsk,GPP,69.25349,-53.51413,283.65391828300034,8.479019803485855,6,VUT,NT,16
HK-MPM,GPP,22.498167,114.029236,2888.0660021760004,1698.444942220052,3,VUT,NT,17
ID-JOP,GPP,-1.69306,103.39139,4406.619775038171,2181.42586884632,11,VUT,DT,17
ID-PaB,GPP,-2.340796,114.0379,1793.7982497881958,3554.5863638441797,13,VUT,DT,17
ID-PaD,GPP,-2.3460708,114.03641,3198.928019891743,3553.6526404627275,17,VUT,DT,17
ID-Pag,GPP,-2.3239167,113.90439,3667.6664744132568,3563.423815874771,13,VUT,DT,17
IE-CaC,GPP,52.85879,-6.918136,995.9737312569598,1271.255380386462,5,VUT,NT,17
IE-CaN,GPP,52.85879,-6.918136,1168.775534304,1271.255380386462,4,VUT,NT,17
IE-Cra,GPP,53.32308,-7.64177,686.1674588543999,1375.6614290414936,3,VUT,NT,17
IL-Yat,GPP,31.345045,35.051987,597.0136556727439,265.81210755276277,24,VUT,NT,17
IT-Arz,GPP,45.61902,10.00228,1591.4189024615316,1245.3063362172406,9,VUT,NT,17
IT-BCi,GPP,40.52375,14.957444,2154.376229063869,928.301629479806,20,VUT,NT,17
IT-BFt,GPP,45.197754,10.741966,2175.9186805632,1132.1203184113547,7,VUT,NT,17
IT-BsB,GPP,45.11823,7.161995,2168.0265674303996,1032.4125068288442,4,VUT,NT,17
IT-CA1,GPP,42.38041,12.026561,1392.6296283263998,919.1718098971064,4,VUT,NT,17
IT-CA2,GPP,42.37722,12.026039,1211.2022241503998,917.9504988318538,4,VUT,NT,17
IT-CA3,GPP,42.38,12.0222,1387.8254567232,915.9747341132575,4,VUT,NT,17
IT-Cp2,GPP,41.704266,12.357293,2314.6571790817247,753.1665452644834,13,VUT,NT,17
IT-Cpz,GPP,41.70525,12.376106,2056.0468587922287,755.9854278751269,8,VUT,NT,17
IT-Lav,GPP,45.9562,11.28132,2483.2008067664487,1369.60092136089,17,VUT,NT,17
IT-Lsn,GPP,45.740482,12.750297,1430.5336349146971,1203.1246055614058,10,VUT,NT,17
IT-MBo,GPP,46.01468,11.045831,1575.374087587933,1152.1200337596963,22,VUT,NT,17
IT-MtM,GPP,46.687134,10.579597,1619.3299019627518,694.8395223380986,6,VUT,NT,17
IT-MtP,GPP,46.684284,10.5851755,931.3539813648,692.6717070848624,6,VUT,NT,17
IT-NiG,GPP,45.51919,7.171434,569.37354178176,770.9370595144474,5,VUT,NT,17
IT-Noe,GPP,40.606174,8.151694,1569.465666432,700.559238204362,3,VUT,NT,16
IT-PT1,GPP,45.20087,9.061039,1750.3816732415996,1197.480887061683,3,VUT,NT,17
IT-Ren,GPP,46.58686,11.43369,1649.5506179170773,1035.5340338988988,26,VUT,NT,17
IT-Ro1,GPP,42.40812,11.93001,1565.3161928155887,892.3923411038495,9,VUT,NT,17
IT-Ro2,GPP,42.39026,11.92093,1525.150445654016,875.7085271989902,10,VUT,NT,17
IT-SR2,GPP,43.73202,10.29091,2693.218086607045,817.6200762518614,13,VUT,NT,17
IT-SRo,GPP,43.72786,10.284445,2160.383530513371,814.8026772443457,14,VUT,NT,17
IT-Tor,GPP,45.84444,7.578055,854.8303041313436,959.231192557882,18,VUT,NT,17
IT-TrF,GPP,45.82376,7.56089,1240.9752148487005,951.8713163051721,14,VUT,NT,17
JP-Api,GPP,40.001358,140.93658,1290.5086630000424,1493.401033685729,23,VUT,NT,17
JP-Fhk,GPP,35.443554,138.7647,1873.7011493248024,1641.0139715712724,18,VUT,NT,17
JP-Fjy,GPP,35.45454,138.76225,1898.783260673934,1641.3546325953744,21,VUT,NT,17
JP-Fmt,GPP,35.638744,139.37975,2304.235210389943,1577.144071717299,10,VUT,DT,17
JP-Khw,GPP,33.13658,130.70834,2527.179752457667,1946.916338932718,17,CUT,DT,17
JP-Kzw,GPP,36.406788,138.57257,797.7579669405915,1619.883623108029,8,VUT,NT,17
JP-MMF,GPP,44.321884,142.26152,1595.9945284490054,1263.5373541035551,7,VUT,NT,17
JP-Mse,GPP,36.05393,140.02693,995.9073920294812,1420.8773837049978,8,VUT,NT,17
JP-NsC,GPP,36.915054,139.93684,2133.7267546368003,1569.4699361037863,12,VUT,NT,17
JP-NsM,GPP,36.91604,139.936,2191.1164215552003,1569.1317511468305,12,VUT,NT,17
JP-Nuf,GPP,35.152416,136.9719,1832.3608663871996,1760.387444825654,2,VUT,NT,17
JP-SMF,GPP,35.261528,137.07875,2000.802747093943,1777.1777779077424,13,VUT,NT,17
JP-Shn,GPP,35.865753,137.93256,1764.6386571648,1566.6359600693777,4,CUT,NT,17
JP-Spp,GPP,42.986843,141.38533,1355.8324702747636,1141.1671723054942,19,VUT,NT,17
JP-Srk,GPP,40.565483,140.12779,1596.9639823718396,1458.6247239483148,3,VUT,NT,17
JP-Ta2,GPP,36.140038,137.37071,1866.4704055666284,1583.892542160295,11,VUT,DT,17
JP-Tak,GPP,36.146168,137.42311,1122.1532327107393,1577.589190679886,24,VUT,NT,17
JP-Tef,GPP,45.05581,142.10712,1314.5015693788016,1116.9566748899374,23,VUT,NT,17
JP-Tmd,GPP,42.735912,141.52315,1263.2137093941117,1289.2568688248725,19,VUT,NT,17
JP-Tmk,GPP,42.739307,141.51483,1818.517062207744,1291.0090082832053,3,VUT,NT,17
JP-Toc,GPP,42.70973,141.5659,1570.8055047552,1276.4557716430668,4,VUT,NT,17
JP-Yms,GPP,34.79028,135.84094,1857.7182018786573,1753.2027110921335,24,VUT,NT,17
JP-Ynf,GPP,26.751,128.21266,2383.816316165486,1430.797501627604,9,VUT,NT,5
KE-Chk,GPP,-3.6663,38.350185,308.01633609600003,1130.288611673357,2,VUT,NT,17
KE-Kpt,GPP,-1.6141866,37.13311,1396.2772679328,825.8125442686257,6,VUT,NT,17
KE-Mkt,GPP,-3.425859,38.140663,1032.6802264704,1237.4410139135173,5,VUT,NT,17
KR-AdC,GPP,36.50565,126.35909,1836.2564608435198,1737.1288323372228,4,VUT,NT,16
KR-CRK,GPP,38.2013,127.2497,968.6113188675839,1594.8176822908872,7,VUT,NT,17
KR-CmF,GPP,37.1599,127.65365,902.5635297895489,1653.9323434311434,7,VUT,NT,17
KR-GmR,GPP,35.74862,126.86432,1526.8107445056,1846.7125448727022,3,VUT,NT,17
KR-GmS,GPP,35.75089,126.81378,1817.6000759423998,1844.4243385891486,3,VUT,NT,17
KR-HPK,GPP,34.47722,126.48105,1291.7449410047998,1757.3740202783222,3,VUT,NT,17
KR-HcM,GPP,37.61938,127.84571,2165.0064461856,1673.8064560161986,4,VUT,NT,17
KR-Hnm,GPP,34.5538,126.56992,1440.2734244064,1890.6504557291667,4,VUT,NT,17
KR-JjM,GPP,33.31798,126.56772,1924.8973572671996,1533.0166227583477,4,VUT,NT,14
KR-Kw1,GPP,37.74843,127.16261,1509.18355642176,1640.6837162414165,4,VUT,NT,17
KR-Kw2,GPP,37.74869,127.14888,1357.7818795618177,1644.543546922013,5,VUT,NT,17
KR-Nj1,GPP,35.02753,126.82093,1419.4569594816,1857.2213610117772,2,VUT,NT,17
KR-Nj2,GPP,35.0269,126.8219,1246.0996542527998,1857.3338913322084,2,VUT,NT,17
KR-PcD,GPP,37.48184,128.51604,2400.7770790272,1628.9590664882307,4,VUT,NT,17
KR-SmM,GPP,37.93894,126.95471,1530.3038478994288,1613.550795388239,7,VUT,DT,17
KR-UAO,GPP,36.41682,128.79904,1606.4268705215998,1661.3373816063995,3,VUT,NT,17
KR-WdE,GPP,34.35956,126.67779,2334.5130968640005,1730.295822527885,4,VUT,NT,17
ML-Kem,GPP,15.2875,-1.543056,1545.2487993024004,253.45102220183134,3,VUT,NT,17
MN-Hst,GPP,47.59293,105.85497,607.9054277145601,359.5651503259026,6,VUT,NT,17
MN-Kbu,GPP,47.21397,108.737335,703.384687498752,241.1779719969084,6,VUT,NT,17
MN-Nkh,GPP,47.693592,107.48934,689.7851766699264,346.1403870896564,6,VUT,NT,17
MX-Aog,GPP,26.9968,-108.7892,1620.775502208,808.0608832652031,3,VUT,NT,17
MX-Tes,GPP,27.8446,-109.2977,488.25156138048,682.0264531198854,5,VUT,DT,17
MY-LHP,GPP,4.201007,114.03908,3378.8742124114287,2883.2819381289382,11,VUT,DT,17
NL-Hrw,GPP,51.972466,5.641228,2146.063580817737,1068.3348920673652,9,VUT,NT,17
NL-Loo,GPP,52.166447,5.74355,1592.6325066654144,1211.1936238374037,29,VUT,NT,17
NL-Vkp,GPP,51.980934,5.618825,1845.7607177829814,1066.7371005612265,12,VUT,NT,17
NO-And,GPP,69.1422,16.01975,230.99982194231586,530.9479156049895,7,VUT,NT,16
NO-Fns,GPP,60.59384,7.5271025,188.8208182189152,329.0539472558363,7,VUT,NT,17
NO-Hur,GPP,60.37163,11.07949,1149.59376779904,1097.8444959991775,2,VUT,NT,17
NZ-ADd,GPP,-43.64405,172.35465,1727.7814938124798,1331.3217917955633,5,VUT,NT,17
NZ-ADw,GPP,-43.64935,172.34952,1997.217127822628,1335.8390591237517,8,VUT,NT,17
NZ-BFm,GPP,-43.593528,171.929611,2518.695200448,1482.40185900167,4,VUT,NT,17
NZ-BFu,GPP,-43.591833,171.926833,1732.788645696,1481.862287107303,3,VUT,NT,17
NZ-Cla,GPP,-43.78628,171.59558,2927.366313984,1621.7456412848035,4,VUT,NT,17
NZ-Kop,GPP,-37.387875,175.55389,833.1870478175999,2157.6009664256126,4,VUT,NT,17
NZ-Lau,GPP,-45.038904,169.681109,1718.3944767217372,1304.691191262568,7,VUT,NT,17
NZ-Oxf,GPP,-43.2609,172.21588,1721.229953472,1564.4424992452703,5,VUT,NT,17
NZ-ScF,GPP,-37.46,175.22,2179.677549456,2118.241684647622,4,VUT,NT,17
PA-SPn,GPP,9.31814,-79.6346,2232.9242023680004,2647.909208977865,3,VUT,DT,17
PA-SPs,GPP,9.31378,-79.63143,2690.9973653759994,2647.765618606445,3,VUT,DT,17
PE-QFR,GPP,-3.8344,-73.319,3465.3460469760003,2780.6955547341936,3,VUT,DT,17
PR-xGU,GPP,17.9696,-66.8687,1687.3134899615998,1936.9998490527219,6,VUT,DT,17
PR-xLA,GPP,18.0212,-67.0769,2802.1391838719996,1515.4591192561845,2,VUT,NT,17
RU-Ch2,GPP,68.61689,161.35089,349.50909323827744,141.50036423339546,7,VUT,NT,17
RU-Fy2,GPP,56.4476,32.90188,1657.7094715707703,1120.8577244558148,10,VUT,NT,17
RU-Fy4,GPP,56.4727,33.0413,551.6614757687041,1110.2459450767378,6,VUT,NT,17
RU-Fyo,GPP,56.46153,32.922085,1541.5984146979954,1118.7442568318534,27,VUT,NT,17
SD-Dem,GPP,13.2829,30.4783,533.8808067455999,368.43922964457647,3,VUT,NT,17
SE-Deg,GPP,64.18203,19.55654,337.9666569655104,1034.4559368886742,6,VUT,NT,17
SE-HfM,GPP,64.15955,19.551497,271.43758599638403,1019.6234679984332,4,VUT,NT,17
SE-Hmr,GPP,64.15955,19.551497,381.997182024576,1019.6234679984332,4,VUT,NT,17
SE-Htm,GPP,56.09763,13.41897,2377.233009290057,1258.7908012860057,7,VUT,NT,17
SE-Nor,GPP,60.0865,17.479504,1225.5112622961296,999.7828313900519,7,VUT,NT,17
SE-Ros,GPP,64.16522,19.79074,1089.1663931360367,1023.3699668823674,7,VUT,NT,17
SE-Srj,GPP,64.17498,19.56381,351.946093474944,1020.8886343455888,4,VUT,NT,17
SE-St1,GPP,68.35415,19.050333,527.1806008799999,417.7554225550235,8,VUT,NT,17
SE-Sto,GPP,68.35594,19.045208,354.464440569792,417.5686176525764,3,VUT,NT,17
SE-Svb,GPP,64.25611,19.7745,1210.3820787587747,1088.6836338506535,12,VUT,NT,17
SN-Dhr,GPP,15.40256,-15.43214,826.0314222376144,495.5332468287295,11,VUT,NT,17
SN-Nkr,GPP,14.49581,-16.45357,1178.6066772150857,713.096502407502,7,VUT,NT,17
TH-Kog,GPP,18.81267,98.90225,2210.773442112,2067.3246287491547,7,CUT,DT,17
TH-Mae,GPP,18.42264,99.72025,2182.4678756546746,1837.115218168135,11,VUT,DT,17
UK-AMo,GPP,55.792545,-3.2436917,774.2371714756779,958.0229451228479,22,VUT,NT,17
UK-BnB,GPP,54.82326,-6.66984,594.2789563968,1178.807745644655,4,VUT,NT,17
UK-CCr,GPP,52.2542,-3.93357,844.5996994176,1160.2900527425188,3,VUT,NT,17
UK-GaB,GPP,55.10994,-6.529928,815.3353911168,708.7952704088318,3,VUT,NT,17
UK-Gnn,GPP,54.96185,-6.760763,564.7251787199999,1011.2687970848724,3,VUT,NT,17
UK-Gwr,GPP,54.85464,-5.988278,1183.4309896703999,791.0248130011952,3,VUT,NT,17
UK-HgF,GPP,52.552177,0.515057,1868.3260478207999,1135.11680725588,2,VUT,NT,17
UK-HpF,GPP,52.24809,-0.0498267,1393.8233920704,1015.9343517582242,2,VUT,NT,17
US-A03,GPP,70.4953,-149.8823,223.94703758567042,252.03018500849322,7,VUT,DT,17
US-A10,GPP,71.3242,-156.6149,431.01865042592914,51.79994867196375,8,CUT,NT,15
US-A39,GPP,36.3776,-96.069,1111.5627501312001,1279.4775285185146,1,VUT,NT,17
US-ABa,GPP,27.1301,-81.2011,1467.1467676223997,2203.217422959239,3,VUT,NT,17
US-ABb,GPP,27.1346,-81.2031,1630.255911552,2203.2527881851247,3,VUT,NT,17
US-ABc,GPP,27.1633,-81.1873,1595.401201152,2206.5979032061773,3,VUT,NT,17
US-ABd,GPP,27.1699,-81.2152,2077.266940416,2203.9859673213973,3,VUT,NT,17
US-ABe,GPP,27.1656,-81.2161,2377.950395328,2203.636730088503,3,VUT,NT,17
US-ADR,GPP,36.7653,-116.6933,55.916076539520006,39.8676794003739,6,VUT,DT,17
US-ALQ,GPP,46.0308,-89.6067,983.6537251671771,1116.2806713658322,10,CUT,DT,17
US-AR1,GPP,36.4267,-99.42,602.9812475568,748.7358690282589,4,VUT,NT,17
US-AR2,GPP,36.6358,-99.5975,380.13367235616,717.6097178365748,4,VUT,NT,17
US-ARM,GPP,36.6058,-97.4888,1273.28651923049,997.2098685727865,23,VUT,NT,17
US-ARb,GPP,35.5497,-98.0402,951.5494244044801,947.286901170277,2,VUT,NT,17
US-ARc,GPP,35.5465,-98.04,1113.23883748608,949.5893468317861,2,VUT,NT,17
US-Akn,GPP,33.3825,-81.5653,1736.4699873676796,2048.2985187263394,7,CUT,NT,17
US-Aud,GPP,31.5907,-110.5104,133.3058092671801,339.8991506869804,21,VUT,NT,17
US-BRG,GPP,39.2167,-86.5406,1948.975420032,1494.4497425187192,4,VUT,NT,17
US-BZB,GPP,64.6955,-148.3208,569.380569102488,783.5792861858807,14,VUT,NT,17
US-BZF,GPP,64.7013,-148.3121,495.5616798952595,783.2943152765122,14,VUT,NT,17
US-BZo,GPP,64.6936,-148.33,502.70804985715205,783.6611839910479,8,VUT,NT,17
US-Bar,GPP,44.0646,-71.2881,1297.3929250071978,1317.5998123803276,20,VUT,NT,17
US-Bi1,GPP,38.0992,-121.4993,2287.908703164343,631.5753581209107,9,VUT,NT,17
US-Bi2,GPP,38.1091,-121.5351,1613.78570786832,642.7626902506677,9,VUT,NT,17
US-CF1,GPP,46.7815,-117.0821,880.5461698166399,585.6285487391557,5,VUT,NT,17
US-CF2,GPP,46.784,-117.0908,921.08430059904,586.0897536109125,4,VUT,NT,17
US-CF3,GPP,46.7551,-117.1261,971.0908685107199,584.3740756217651,5,VUT,NT,17
US-CF4,GPP,46.7518,-117.1285,866.12051748096,584.1540166199964,5,VUT,NT,17
US-CGG,GPP,37.938,-121.9761,1547.2361207462397,730.6271225840682,6,VUT,NT,17
US-CMW,GPP,31.6637,-110.1777,1028.767617093474,289.06512915431085,21,VUT,NT,17
US-CRK,GPP,31.4629,-95.3415,2107.430832384,1906.2340854792374,4,VUT,NT,17
US-CRT,GPP,41.6285,-83.3471,970.68073130496,819.7775079531287,3,VUT,NT,17
US-CdM,GPP,37.5241,-109.7471,416.782919232,189.79760825001912,6,VUT,NT,17
US-Ced,GPP,39.8379,-74.3791,1681.7463819307338,1244.0524660439892,10,VUT,NT,17
US-ChR,GPP,35.9311,-84.3324,1614.0522500026252,1619.1529799132563,13,VUT,NT,17
US-Cop,GPP,38.09,-109.39,95.722330939776,255.38994059285474,5,VUT,NT,17
US-Cst,GPP,33.0442,-91.9204,2266.3820661696,2064.16330237075,5,VUT,NT,17
US-DFC,GPP,43.3448,-89.7117,1719.149242919863,1255.4297950481525,7,VUT,NT,17
US-DPW,GPP,28.0521,-81.4361,1145.5725217536,2146.5593330000365,3,VUT,NT,17
US-DS2,GPP,38.1375,-121.514,2592.8337752063994,633.3103255786575,4,VUT,NT,17
US-DS3,GPP,38.1235,-121.549,1629.6036698597757,646.2264026744032,5,VUT,NT,17
US-Dix,GPP,39.9712,-74.4346,1093.7262296736,1155.6453065770706,4,VUT,NT,17
US-Dk1,GPP,35.9712,-79.0934,1427.5060919259429,1737.9454239719794,7,VUT,NT,17
US-Dk2,GPP,35.9736,-79.1004,1944.7607107625142,1742.0561568792566,8,VUT,NT,17
US-Dk3,GPP,35.9782,-79.0942,2263.2029681348567,1739.1649023767056,8,VUT,NT,17
US-Dmg,GPP,38.0015,-121.6691,1963.3862445119998,664.3517680569302,5,VUT,NT,17
US-EA4,GPP,29.6633,-98.3816,1146.0242206080002,1188.3877444948794,4,CUT,NT,17
US-EDN,GPP,37.6156,-122.114,932.7067208064,627.5428708004899,7,VUT,NT,17
US-EKH,GPP,36.8094,-121.7523,596.7302514047999,708.8617217497103,3,VUT,DT,17
US-EKP,GPP,36.8558,-121.7488,1472.0493968639998,717.6415430054665,3,VUT,NT,17
US-EML,GPP,63.8784,-149.2536,412.21559435825094,603.8223029300095,16,VUT,NT,17
US-Elm,GPP,25.5519,-80.7826,453.91328108839383,2199.4765188827337,14,VUT,NT,17
US-EvM,GPP,25.3539,-80.381,272.983048128,1859.2091887892661,3,VUT,NT,17
US-Fmf,GPP,35.1426,-111.7273,1121.6517479596798,453.35460159976407,6,VUT,NT,17
US-Fuf,GPP,35.089,-111.762,1029.2930375904,485.10824731459616,6,VUT,NT,17
US-Fwf,GPP,35.4454,-111.7718,380.9256653865599,362.7727363743667,6,VUT,NT,17
US-GLE,GPP,41.3665,-106.2399,726.3471844990133,331.640828911121,16,VUT,NT,17
US-HB1,GPP,33.3455,-79.1957,1030.6348360950856,2100.627197265625,7,VUT,NT,17
US-HB2,GPP,33.3242,-79.244,2328.2713793993144,2100.627197265625,7,VUT,NT,17
US-HB3,GPP,33.3482,-79.2322,2023.362446976,2100.627197265625,6,VUT,NT,17
US-HB4,GPP,33.2015,-79.2975,753.7471001971201,1998.3371607194185,5,VUT,NT,17
US-HBK,GPP,43.9397,-71.7181,2042.0772277807544,1379.0651633536684,9,VUT,NT,17
US-HWB,GPP,40.8608,-77.8488,1653.9618542169599,1497.5126956335914,4,VUT,NT,17
US-Ha1,GPP,42.5378,-72.1715,1578.858283587571,1415.5032027451502,35,VUT,NT,17
US-Ho2,GPP,45.209,-68.747,1662.5713726201618,1327.6036583053228,23,CUT,NT,17
US-Hsm,GPP,38.2368,-122.0212,308.68430124038395,805.7896651382425,5,VUT,NT,17
US-IAB,GPP,42.0001,-93.7016,1712.0482284700797,1058.8393350713413,6,VUT,NT,17
US-IAC,GPP,41.9984,-93.7016,1725.280617017088,1058.3152130260369,6,VUT,NT,17
US-IAM,GPP,41.9994,-93.7042,2627.5175810496003,1058.2696620596103,6,VUT,NT,17
US-ICh,GPP,68.6068,-149.2958,183.48090964557943,198.07529322739902,19,VUT,NT,17
US-ICs,GPP,68.6058,-149.311,218.55667033046373,202.1993474605387,18,VUT,NT,17
US-ICt,GPP,68.6063,-149.3041,177.1636512871385,200.3563511011602,17,VUT,NT,17
US-Jo1,GPP,32.582,-106.635,313.4690916849768,173.08667717708397,13,VUT,NT,17
US-Jo2,GPP,32.5849,-106.6032,391.6628799033599,168.40518569202078,10,CUT,NT,17
US-KFS,GPP,39.0561,-95.1907,1128.5021647128135,1307.1689787256696,11,VUT,NT,17
US-KLS,GPP,38.7745,-97.5684,1418.2574969802236,1088.3643606209614,8,VUT,NT,17
US-KPL,GPP,60.5382,-150.5061,419.568231763584,858.9863315618327,4,VUT,NT,17
US-KS2,GPP,28.6086,-80.6715,1922.5963768319998,1996.2961581632485,4,VUT,NT,17
US-Kon,GPP,39.0824,-96.5603,1629.6053155790996,1180.3831600564367,15,VUT,NT,17
US-LA2,GPP,29.8587,-90.2869,1775.8885639104,1755.6669308319429,5,CUT,NT,17
US-LA3,GPP,29.4936,-89.9153,2195.6555433599997,1564.0618336592172,4,VUT,DT,17
US-LS1,GPP,31.5615,-110.1403,804.505899631104,305.0271693031852,5,VUT,NT,17
US-LS2,GPP,31.5659,-110.1344,820.2068923996799,303.872972176776,5,VUT,NT,17
US-Los,GPP,46.0827,-89.9786,914.0547191016902,1142.4869924554152,22,CUT,NT,17
US-MBP,GPP,47.5051,-93.4893,569.0452619171235,1185.3679339145515,16,VUT,NT,17
US-MEF,GPP,39.1006,-105.1024,1079.141649696,497.8990883814602,2,VUT,NT,17
US-MMS,GPP,39.3232,-86.4133,1784.9652967449877,1431.2533834981625,25,VUT,NT,17
US-MN1,GPP,45.6168,-96.1269,1299.1439319649098,846.3456095535881,8,VUT,NT,17
US-MN2,GPP,45.627,-96.1271,1060.2652984854994,847.365525965346,8,VUT,NT,17
US-MN3,GPP,45.6091,-96.1265,1472.0839418597757,845.5769068888234,5,VUT,NT,17
US-MOz,GPP,38.7441,-92.2,1536.902997620418,1390.4907688610015,18,VUT,NT,17
US-Me3,GPP,44.3154,-121.6078,764.019003456,835.3700809074778,6,VUT,NT,17
US-Me5,GPP,44.4372,-121.5668,864.4014002304,818.0686403395333,3,VUT,NT,17
US-Me6,GPP,44.3232,-121.6044,860.2529875707386,833.712885606545,16,VUT,NT,17
US-Me7,GPP,44.4534,-121.5619,-34.397353033344004,817.384663992069,2,VUT,NT,17
US-Mo1,GPP,39.2298,-92.1167,1742.1019610544,1363.2669242308837,10,VUT,NT,17
US-Mo2,GPP,38.9488,-91.9945,1372.650507130423,1336.5079145166226,7,VUT,NT,17
US-Mo3,GPP,39.2322,-92.1493,1344.9958094098286,1361.9096102798687,8,VUT,NT,17
US-Mpj,GPP,34.4382,-106.2385,539.5763709610729,314.62711835353406,18,VUT,NT,17
US-Myb,GPP,38.0499,-121.765,1461.4829364101695,679.8042946613973,15,VUT,NT,17
US-NC1,GPP,35.8118,-76.7119,2216.6638575593142,1915.0819706956977,8,VUT,NT,17
US-NC2,GPP,35.803,-76.6685,2398.111091643267,1920.1703525239705,20,VUT,NT,17
US-NC3,GPP,35.799,-76.656,1792.5675577590857,1919.2731200992548,8,VUT,NT,17
US-NC4,GPP,35.7817,-75.9135,2124.769135908372,1902.0428053200274,14,CUT,NT,17
US-NR1,GPP,40.0329,-105.547,876.4184110509029,482.6968433403177,21,CUT,NT,17
US-NR3,GPP,40.052,-105.5864,-46.24350856457143,508.86646012237117,11,CUT,NT,17
US-Ne1,GPP,41.1651,-96.4766,1761.840315131013,920.3615313525394,24,VUT,NT,17
US-Ne2,GPP,41.1649,-96.4701,1616.4643774367194,919.6830803839111,23,VUT,NT,17
US-Ne3,GPP,41.1797,-96.4397,1357.0250253515535,916.8884062777435,23,VUT,NT,17
US-ONA,GPP,27.3836,-81.9509,1890.5668546258287,2061.056438122849,7,VUT,NT,17
US-OWC,GPP,41.3793,-82.5124,789.59188634976,929.7106348569582,9,CUT,NT,17
US-Oho,GPP,41.5545,-83.8438,1834.7026378370194,1173.307955014967,10,VUT,NT,17
US-PLo,GPP,42.7496,-70.9157,786.36957777792,1223.4383281656135,2,VUT,NT,17
US-Prr,GPP,65.1237,-147.4876,556.3990036510054,723.3325597764018,13,VUT,NT,17
US-RC1,GPP,46.7837,-117.0777,1402.6969242892799,585.7367655195122,5,VUT,NT,17
US-RC2,GPP,46.7776,-117.0807,1470.6214596835202,585.2074357201399,5,VUT,NT,17
US-RC4,GPP,46.758,-116.949,907.25696379648,579.3076110997988,5,VUT,NT,17
US-RC5,GPP,47.01,-119.248,1624.1720956415998,256.2597651253235,3,VUT,NT,17
US-RGA,GPP,34.4159,-91.6733,1699.0341208416,1694.1453676859826,4,VUT,NT,17
US-RGB,GPP,39.5782,-121.8579,1684.435326336,844.3737550872405,4,VUT,NT,17
US-RGF,GPP,37.6995,-121.1369,3122.549517888,592.3467155738296,2,VUT,NT,17
US-RGW,GPP,33.6216,-91.4306,1273.1036920703998,1742.1083945179466,3,VUT,NT,17
US-RGo,GPP,39.6805,-122.0026,1395.8443756800002,853.655554308748,4,VUT,NT,17
US-RRC,GPP,37.3344,-77.2065,1527.9398998847998,1756.9555372689547,3,VUT,NT,17
US-Rls,GPP,43.1439,-116.7356,763.02928007424,243.87635872482113,10,VUT,NT,17
US-Rms,GPP,43.0645,-116.7486,942.2131906145828,248.21888697999253,10,VUT,NT,17
US-Ro1,GPP,44.7143,-93.0898,1047.58791470354,952.7053498867417,13,VUT,NT,17
US-Ro2,GPP,44.7288,-93.0888,1381.8881752883153,947.2315341725993,8,VUT,NT,17
US-Ro3,GPP,44.7217,-93.0893,1104.280303326336,949.8983358918746,4,VUT,NT,17
US-Ro4,GPP,44.6781,-93.0723,1172.011878944221,981.1921149378809,12,VUT,NT,17
US-Ro5,GPP,44.691,-93.0576,1221.0714300795016,986.9684396195024,8,VUT,NT,17
US-Ro6,GPP,44.6946,-93.0578,1223.627130418316,985.426330254957,8,VUT,NT,17
US-Rpf,GPP,65.1198,-147.429,603.7711485756579,718.3866935455884,16,VUT,NT,17
US-Rwe,GPP,43.0653,-116.7591,552.5873717458177,247.47317041993742,5,VUT,NT,17
US-Rwf,GPP,43.1207,-116.7231,855.20194871328,243.71610619443297,10,VUT,NT,17
US-Rws,GPP,43.1675,-116.7132,492.5405406384,239.02425757038398,10,VUT,NT,17
US-SD1,GPP,41.2048,-86.0296,1538.2255291660795,1250.4509078331955,3,VUT,NT,17
US-SD2,GPP,41.1785,-85.9977,1153.4942563868158,1246.7953303414554,3,VUT,NT,17
US-SHC,GPP,39.4315,-120.2398,1939.6059254784,603.7286506156145,4,VUT,NT,17
US-SP1,GPP,29.7381,-82.2188,1757.1844402046452,2320.836842471722,21,VUT,NT,17
US-SRC,GPP,31.9083,-110.8395,243.99100727423993,319.92944141429314,7,VUT,DT,17
US-SRG,GPP,31.7894,-110.8277,520.0769012756222,335.4954428727536,18,VUT,NT,17
US-SRM,GPP,31.8214,-110.8661,313.6668405153796,326.20654835200645,22,VUT,NT,17
US-SRS,GPP,31.8173,-110.8508,664.4422462957715,330.62765072939203,8,VUT,NT,17
US-SSH,GPP,40.6658,-77.9041,1163.379726546048,1509.5245557738383,5,VUT,NT,17
US-Seg,GPP,34.3603,-106.7003,172.57167189591397,222.22498744734253,19,VUT,NT,17
US-Ses,GPP,34.335,-106.7448,124.22465309085459,222.90784111369834,18,VUT,NT,17
US-Slt,GPP,39.9138,-74.596,1419.3649955452297,1253.5891095784887,18,VUT,NT,17
US-Sne,GPP,38.0369,-121.7547,794.40151521024,677.2374016466563,5,VUT,NT,17
US-StJ,GPP,39.0882,-75.4372,1415.5951882121278,1368.347729726831,6,VUT,NT,17
US-Syv,GPP,46.2421,-89.3459,1327.8701358700025,1166.1228370966062,21,CUT,NT,17
US-TaS,GPP,25.1908,-80.6391,881.3089484927998,1827.9726319732224,6,VUT,NT,17
US-Ton,GPP,38.4309,-120.966,1027.2460433745728,764.5441595717291,25,VUT,NT,17
US-Tw3,GPP,38.1152,-121.6469,2308.0020885503995,666.1835995443682,6,VUT,NT,17
US-Tw4,GPP,38.1027,-121.6413,1689.45943274006,665.1230265402263,11,VUT,NT,17
US-UC1,GPP,40.7536,-78.0056,1298.828314094976,1498.455355124982,6,VUT,NT,17
US-UC2,GPP,40.7559,-77.9998,1345.4187409843198,1498.5260556705452,6,VUT,NT,17
US-UMd,GPP,45.5625,-84.6975,1372.1349527776251,962.229685445149,19,VUT,NT,17
US-UTV,GPP,40.1266,-109.9546,1521.6001574975999,130.5832422791362,3,VUT,NT,17
US-UTW,GPP,39.4453,-110.7288,1823.77155211776,170.69148897304393,4,VUT,NT,17
US-Uaf,GPP,64.8663,-147.8555,682.0863355664443,773.0656004306007,22,CUT,NT,17
US-UiA,GPP,40.0646,-88.1961,1885.156787136878,1262.4932715332043,9,CUT,NT,17
US-UiB,GPP,40.0628,-88.1984,1957.3111886020451,1262.8689324158215,14,CUT,NT,17
US-UiC,GPP,40.0628,-88.1961,1640.7013112868342,1262.7830677610013,9,CUT,NT,17
US-UiD,GPP,40.0646,-88.1985,1819.896039393737,1262.5831147621698,9,CUT,NT,17
US-UiE,GPP,40.0629,-88.2033,1893.198347221577,1263.0358025606608,7,VUT,NT,17
US-UiF,GPP,40.0665,-88.2015,1761.19362252576,1262.3901054348212,6,VUT,NT,17
US-UiG,GPP,40.0629,-88.2009,1801.16008236864,1262.9461910306304,6,VUT,NT,17
US-VT1,GPP,40.4064,-87.5214,1817.1436801593597,1239.2495878128282,3,VUT,NT,17
US-VT2,GPP,40.4018,-87.5213,1552.3456935398399,1240.042350625067,3,VUT,NT,17
US-Var,GPP,38.4133,-120.9508,730.9370915882071,769.7263859401132,26,VUT,NT,17
US-Vcm,GPP,35.8885,-106.5322,599.124079137257,380.3859533117949,18,VUT,NT,17
US-Vcp,GPP,35.8641,-106.5965,1281.561087517532,376.18928964429074,19,VUT,NT,17
US-WCr,GPP,45.8058,-90.0795,1238.6739711287914,1199.3027155886818,23,CUT,NT,17
US-WPT,GPP,41.4646,-82.9962,719.7607709268481,825.7708736903999,3,VUT,NT,17
US-WT1,GPP,34.3674,-101.8154,431.70594634368,695.6166319437192,2,VUT,NT,17
US-Whs,GPP,31.7438,-110.0522,113.908747901328,295.75306299557855,16,CUT,NT,17
US-Wjs,GPP,34.4258,-105.8617,549.2044643112046,253.70905106003423,19,VUT,NT,17
US-Wkg,GPP,31.7365,-109.9419,244.95267988023824,318.25972471290305,22,VUT,NT,17
US-ZF2,GPP,40.7939,-87.5355,1361.1874446950396,1176.8824412635454,2,VUT,NT,17
US-xAB,GPP,45.7624,-122.3303,1773.7797189311998,1169.4978545984434,6,VUT,NT,17
US-xAE,GPP,35.4106,-99.0588,703.0259249349888,875.7863551889725,6,VUT,NT,17
US-xBA,GPP,71.2824,-156.6194,128.36497214407677,51.59855425763389,6,VUT,DT,15
US-xBL,GPP,39.0603,-78.0716,1807.97107230144,1408.184161276864,6,VUT,NT,17
US-xBN,GPP,65.154,-147.5026,547.7537597956991,721.1141782863751,6,VUT,NT,17
US-xBR,GPP,44.0639,-71.2873,1491.110402318784,1317.6858217878075,6,VUT,NT,17
US-xCL,GPP,33.4012,-97.57,1417.27411597824,1310.2884564261467,6,VUT,NT,17
US-xCP,GPP,40.8155,-104.7456,229.80387363684477,409.4822678669158,6,VUT,NT,17
US-xDC,GPP,47.1617,-99.1066,955.5060589436159,623.6540869858196,6,VUT,NT,17
US-xDJ,GPP,63.881100000000004,-145.7514,568.3671469535041,535.2032654006426,6,VUT,NT,17
US-xDL,GPP,32.5417,-87.8039,2215.15000140096,2163.1125864583373,6,VUT,NT,17
US-xDS,GPP,28.125,-81.4362,1372.6430207999997,2129.7392998238115,6,VUT,NT,17
US-xGR,GPP,35.689,-83.5019,2284.6728444335995,1766.7178970559958,6,VUT,NT,17
US-xHA,GPP,42.5369,-72.1727,1653.1655327815677,1415.6071546572048,6,VUT,NT,17
US-xHE,GPP,63.8757,-149.2133,405.77349626265595,603.8896970609197,6,VUT,NT,17
US-xJE,GPP,31.1948,-84.4686,1994.7122392896001,2135.611380792255,6,VUT,NT,17
US-xJR,GPP,32.5907,-106.8425,119.86751359468798,201.24318270111277,6,VUT,NT,17
US-xKA,GPP,39.1104,-96.6129,950.201844149664,1172.3115739715251,5,VUT,NT,17
US-xKZ,GPP,39.1008,-96.5631,1250.2174787696447,1178.5234389280013,6,VUT,NT,17
US-xMB,GPP,38.2483,-109.3883,107.92791800962561,260.7429455929778,6,VUT,NT,17
US-xML,GPP,37.3783,-80.5248,1189.2620424459458,1594.5133114192668,6,VUT,NT,17
US-xNG,GPP,46.7697,-100.9154,776.6730663392752,615.601992882209,6,VUT,NT,17
US-xNQ,GPP,40.1776,-112.4524,148.45966697664,271.9230553039303,5,VUT,NT,17
US-xPU,GPP,19.5531,-155.3173,1666.314612,2281.9304660041853,6,VUT,DT,17
US-xRM,GPP,40.2759,-105.5459,705.6002277674496,498.4722306879548,6,VUT,NT,17
US-xSB,GPP,29.6893,-81.9934,1607.3592652800003,2317.389854694394,6,VUT,NT,17
US-xSC,GPP,38.8929,-78.1395,1601.3788083244801,1446.9364330444366,5,VUT,NT,17
US-xSE,GPP,38.8901,-76.56,1906.506271260864,1208.5529095359325,6,VUT,NT,17
US-xSJ,GPP,37.1088,-119.7323,765.5198389765633,570.866206063745,5,VUT,NT,17
US-xSL,GPP,40.4619,-103.0293,281.21293628582396,590.1963886283058,6,VUT,NT,17
US-xSP,GPP,37.0334,-119.26220000000001,411.15478515551996,618.3300018564938,6,VUT,DT,17
US-xSR,GPP,31.9107,-110.8355,191.371438315008,320.81840560520476,6,VUT,NT,17
US-xST,GPP,45.5089,-89.5864,1378.284870771072,1227.135397581345,6,VUT,NT,17
US-xTE,GPP,37.0058,-119.006,1075.24103816448,522.2187005990971,6,VUT,DT,17
US-xTL,GPP,68.6611,-149.3705,223.63133972659205,244.28960556452063,5,VUT,NT,17
US-xTR,GPP,45.4937,-89.5857,1398.5193295365118,1236.0010644891554,6,VUT,NT,17
US-xUK,GPP,39.0404,-95.1921,1657.6098046891775,1308.173733388032,5,VUT,NT,17
US-xUN,GPP,46.2339,-89.5373,1236.8086584250752,1106.7966490211907,6,VUT,NT,17
US-xWD,GPP,47.1282,-99.2414,794.216543786496,658.8940595145776,6,VUT,NT,17
US-xWR,GPP,45.8205,-121.9519,1684.6582493606397,1138.9844104595666,6,VUT,NT,17
VU-Coc,GPP,-15.444423,167.19131,3489.082297344,2450.0723307291664,4,VUT,DT,12
ZA-BfK,GPP,-28.856483,24.83985,735.502686267456,374.8683265075023,5,VUT,NT,17
ZA-BfS,GPP,-28.8906,24.86112,1082.6556964992,375.66418236630216,5,VUT,NT,17
ZA-Spk,GPP,-28.70408,29.52614,1551.0213896256002,934.5152225722826,2,VUT,NT,17
ZA-Uby,GPP,-27.3952,32.5889,1921.985822592,1151.4516929741321,2,VUT,NT,17
ZM-Mon,GPP,-15.4391,23.2525,1703.1060518400004,1217.5570134585926,3,VUT,NT,17
AR-CCa,TER,-35.621,-61.3181,1290.1868972352,1519.3045895753176,7,VUT,NT,17
AR-CCg,TER,-35.9244,-61.1855,1751.8306847698998,1542.2776871928127,7,VUT,NT,17
AR-TF1,TER,-54.9733,-66.7335,651.0447261503999,287.18082646596713,3,VUT,NT,17
AR-TF2,TER,-54.8269,-68.4549,314.35257703679997,338.22580068538934,2,VUT,NT,17
AT-Mmg,TER,47.316563,10.970089,1313.3319892992,1037.3580911836084,4,VUT,NT,17
AT-Neu,TER,47.116318,11.320229,2943.274613727927,1049.2006684960554,19,VUT,NT,17
AT-Nsd,TER,47.76914,16.758492,1084.3298589312,909.1447294109099,5,VUT,NT,17
AT-PsM,TER,47.58145,14.347197,1131.6854805984,1237.4788126101882,5,VUT,NT,17
AT-Zoe,TER,47.842247,14.444137,709.9491889184914,1237.409274346906,10,VUT,NT,17
AU-ASM,TER,-22.283,133.249,329.81423907653084,151.6324350174254,16,VUT,NT,17
AU-Ade,TER,-13.0769,131.1178,1290.703989312,1580.6352665601457,3,VUT,NT,17
AU-Boy,TER,-32.477093000000004,116.938559,867.0346237193141,608.8941317348831,9,VUT,NT,17
AU-Col,TER,-33.42,116.237,1013.2733456640001,1129.8857995964172,3,VUT,NT,17
AU-Cow,TER,-16.238189,145.42715,1500.352980233776,1698.5134785080302,17,VUT,DT,17
AU-Cpr,TER,-34.0027,140.5877,299.81403408907784,158.08503462012308,16,VUT,NT,17
AU-Ctr,TER,-16.103219,145.446922,3058.865759622857,1720.0998276440569,9,VUT,DT,17
AU-Cum,TER,-33.615278000000004,150.723611,1646.947147234909,1536.8726288894177,12,VUT,NT,17
AU-DaP,TER,-14.0633,131.3181,1308.2895375552,1204.4657921249757,6,VUT,DT,17
AU-DaS,TER,-14.1592,131.3881,1260.8331980483001,1169.6205906292107,15,VUT,NT,17
AU-Dry,TER,-15.2588,132.3706,924.0054794213236,981.1014898073618,15,VUT,NT,17
AU-Emr,TER,-23.85872,148.4746,528.7467141504,523.6707199191254,3,VUT,NT,17
AU-Fle,TER,-19.887285,146.189138,969.1332479999999,822.3920533283604,4,VUT,NT,17
AU-Fog,TER,-12.5452,131.3072,624.0742543872,1698.401204392245,3,VUT,DT,17
AU-GWW,TER,-30.1914,120.65417,357.1751540844674,274.95696127746663,13,VUT,NT,17
AU-Gin,TER,-31.376351,115.71377,942.2644807719626,691.3735330612544,15,VUT,NT,17
AU-How,TER,-12.4952,131.15005,1393.4941602520175,1576.510100619178,23,VUT,NT,17
AU-Lit,TER,-13.17904,130.79455,1459.087409207314,1443.1425873146923,9,VUT,NT,17
AU-Lon,TER,-23.52327,144.31042,357.56884041984,233.9740541006404,7,VUT,NT,17
AU-MvA,TER,-30.543,150.02,556.5569294592001,971.5817866600785,1,VUT,NT,17
AU-Otw,TER,-38.525,142.81,1772.1663027839998,959.0472630126958,4,VUT,NT,17
AU-RDF,TER,-14.563639,132.477567,1033.8392263104,1161.8640795142683,3,VUT,DT,17
AU-Rgf,TER,-32.506102,116.966827,484.15099635420677,595.1164508723144,10,VUT,NT,17
AU-Rig,TER,-36.6499,145.5759,906.6959826624001,1021.9206610238944,7,VUT,NT,17
AU-Rob,TER,-17.11746943,145.6301375,1994.9513581363467,1724.2927142647877,13,VUT,DT,17
AU-Sam,TER,-27.38806,152.87778,1613.5520307942859,1483.3329238524734,8,VUT,NT,17
AU-Sil,TER,-42.090556,147.0875,1401.6911245055999,1189.7908689735125,5,VUT,NT,17
AU-Stp,TER,-17.1507,133.3502,385.5940257708411,472.09340589726185,18,VUT,DT,17
AU-TTE,TER,-22.287,133.64,267.23706529018347,155.82027500027453,11,CUT,NT,17
AU-Tum,TER,-35.6566,148.1516,2268.8028355135903,1569.0658099851244,20,CUT,NT,17
AU-Wac,TER,-37.4259,145.1878,606.7908616421917,1241.815764976569,4,VUT,NT,17
AU-Wel,TER,-32.5727,148.9843,1363.176200448,887.6525260380122,2,VUT,NT,17
AU-Whr,TER,-36.6732,145.0294,963.0763672155429,818.0810109143547,12,VUT,NT,17
AU-Wom,TER,-37.422506,144.094046,1373.1135223193764,1106.7671345477888,14,VUT,NT,17
AU-Wrr,TER,-43.09502,146.65452,2581.768489511314,1785.7867434392977,9,VUT,NT,17
AU-Ya1,TER,-33.613469,150.734864,1269.252576576,1544.2153584422663,3,VUT,NT,17
AU-Ya2,TER,-33.620812,150.763284,1473.8475035519998,1546.798660630789,3,VUT,NT,17
AU-Ync,TER,-34.9878,146.2908,354.2516754833454,459.7370176531084,13,VUT,NT,17
BE-Bra,TER,51.30761,4.51984,1433.1988108330568,970.3256642950214,24,VUT,NT,17
BE-Dor,TER,50.311874,4.968113,2248.966742963341,978.6683462820714,14,VUT,NT,17
BE-Lcr,TER,51.11218,3.85043,1655.0078338367998,994.8358431328045,4,VUT,NT,17
BE-Lon,TER,50.55162,4.746234,1027.882216808891,910.7898221663172,21,VUT,NT,17
BE-Maa,TER,50.97987,5.631851,839.34503480448,932.3086425843793,10,VUT,NT,17
BE-Vie,TER,50.304962,5.998099,1445.1656909840503,1205.8008178856976,30,VUT,NT,17
BJ-Bfg,TER,9.791,1.718,1843.6299872832,1412.452300989811,9,VUT,NT,17
BJ-Db1,TER,6.607338,2.543043,2425.793574528,1551.0619666216471,3,VUT,DT,17
BJ-Nhu,TER,9.74,1.6,1552.2026315410287,1422.41627902832,9,VUT,NT,17
BR-ITA,TER,-23.0604,-48.6467,1480.650350976,2169.4701094277643,5,VUT,NT,17
BR-Ma2,TER,-2.6091,-60.2093,3194.0831950179354,2692.5277005653934,17,VUT,DT,17
BR-Npw,TER,-16.498,-56.412,1806.8424636095997,1794.4255519554688,4,VUT,DT,17
BR-Sa1,TER,-2.8567,-54.9589,3442.4851057755423,2467.714812341584,8,VUT,DT,17
BR-Sa3,TER,-3.018,-54.9714,3941.157109248,2494.5000580985648,5,VUT,DT,17
BR-Xpw,TER,-16.373,-56.461,1645.7272794432001,1802.7531112997558,5,VUT,NT,17
CA-ARB,TER,52.695,-83.9452,324.0143865708217,895.920346156201,13,VUT,NT,17
CA-ARF,TER,52.7008,-83.955,440.8525032540923,895.3633165706296,14,VUT,NT,17
CA-CF3,TER,58.6658,-93.8304,185.25868500556797,454.80750581582475,4,VUT,NT,17
CA-Ca1,TER,49.8673,-125.3336,2323.7974856212363,1351.9927573072682,12,VUT,NT,17
CA-Ca2,TER,49.8705,-125.2909,1467.3410463429816,1341.0128929499238,11,VUT,NT,17
CA-Ca3,TER,49.5346,-124.9004,1199.0622273541715,1231.0462187145527,8,CUT,NT,17
CA-Cbo,TER,44.3184,-79.9341,1288.91552662361,1086.4601055244261,28,VUT,NT,17
CA-DB2,TER,49.119,-122.9951,491.2629496588799,1039.7267913662085,6,VUT,NT,17
CA-DBB,TER,49.1293,-122.9849,359.8560633805714,1036.6392359361694,8,VUT,NT,17
CA-DSM,TER,49.0887,-122.8954,1444.8065696639999,1055.3800933760108,4,VUT,NT,17
CA-EM1,TER,50.3623,-100.2024,683.3315701439999,652.2056188063365,3,VUT,NT,17
CA-EM2,TER,50.3706,-100.5339,775.043239104,649.6691750108971,3,VUT,NT,17
CA-Gro,TER,48.2167,-82.1556,983.1589181719853,1093.1068082437682,12,VUT,NT,17
CA-LP1,TER,55.1119,-122.8414,489.7652642245483,981.4545545567917,14,CUT,NT,17
CA-Man,TER,55.8796,-98.4808,688.9692085045527,886.1159798727014,14,VUT,NT,17
CA-Mer,TER,45.4094,-75.5186,628.4223048790285,1196.146756353598,23,VUT,NT,17
CA-Ojp,TER,53.9163,-104.692,616.9315425161143,952.8271963000691,8,CUT,NT,17
CA-Qfo,TER,49.6925,-74.3421,674.73856656,912.9258248484813,8,VUT,NT,17
CA-RBM,TER,49.1313,-123.1964,1122.66079488,1042.9836549581746,3,VUT,NT,17
CA-SCC,TER,61.3079,-121.2992,385.4997863766309,770.0387467584662,9,CUT,NT,17
CA-SJ2,TER,53.945,-104.649,386.2879554848256,951.8170142666017,6,VUT,NT,17
CA-TP1,TER,42.6609,-80.5595,1672.6446477515483,887.332430122884,21,VUT,NT,17
CA-TP2,TER,42.7744,-80.4588,1394.5441687948799,898.4700082027246,5,VUT,NT,17
CA-TP3,TER,42.7068,-80.3483,1201.1292651952508,783.9445765291316,21,VUT,NT,17
CA-TP4,TER,42.7102,-80.3574,1492.2837694096456,788.3992615087883,21,VUT,NT,17
CA-TPA,TER,42.6947,-80.3487,909.11155488192,784.1403868579071,4,VUT,NT,17
CA-TPD,TER,42.6353,-80.5577,1347.9661325428362,886.4512836433905,11,VUT,NT,17
CD-Ygb,TER,0.814444,24.502472,4175.8371827136,2693.5097759143136,6,VUT,DT,17
CG-Tch,TER,-4.2891665,11.656417,1267.5583669247999,1672.4460795084635,3,VUT,NT,17
CH-Aws,TER,46.58311,9.790639,1241.7625029773171,935.679938347585,18,VUT,NT,17
CH-Cha,TER,47.21022,8.410444,2728.0098667069524,1150.3358548466126,19,VUT,NT,17
CH-Crs,TER,47.0436,7.0475,1934.8428268799996,1148.6538851362666,2,VUT,NT,17
CH-Dav,TER,46.81533,9.85591,1179.0808702909749,911.4406790751827,26,VUT,NT,17
CH-Fru,TER,47.115833,8.537778,1964.7513304939844,1072.4184349891716,20,VUT,NT,17
CH-Lae,TER,47.478333,8.364389,1576.0033269312032,1095.3301624067228,21,VUT,NT,17
CH-Oe1,TER,47.28583,7.731944,1783.1392510176,1195.5766748291965,10,VUT,NT,17
CH-Oe2,TER,47.286415,7.73375,1586.0447024828534,1195.9658054771794,21,VUT,NT,17
CH-Oe3,TER,47.28542,7.732438,1734.4933441093028,1195.6132465442347,10,VUT,NT,17
CH-Rh1,TER,47.3,9.5,2383.3279440288,1157.7903945922844,4,VUT,NT,17
CH-Rh2,TER,47.3,9.5,1739.531187648,1157.7903945922844,4,VUT,NT,17
CH-Rtb,TER,47.3804,8.9934,1191.7793096355163,1130.4984011814395,14,VUT,NT,17
CH-Tnk,TER,47.48058,8.911775,1809.679511808,1086.3542275113148,1,VUT,NT,17
CL-SDF,TER,-41.883,-73.676,2091.5904397248,1130.6323468544451,8,VUT,DT,17
CL-SDP,TER,-41.879,-73.666,885.5802587923201,1129.588729031961,8,VUT,NT,17
CN-Aro,TER,38.04734,100.46432,384.25850600294086,203.66930931711286,10,VUT,NT,17
CN-Ash,TER,24.53806,101.02917,465.9775503834554,1625.5971801108471,11,VUT,NT,17
CN-BeO,TER,40.02621,116.39143,1514.2278470358856,773.0463940470293,9,VUT,NT,17
CN-DaW,TER,30.4691,91.0624,498.81341703283204,169.4946962465172,5,CUT,NT,17
CN-Dan,TER,30.4978,91.0664,249.8471072776882,173.2647743727572,6,CUT,NT,17
CN-Dda,TER,41.64397,110.33147,141.63263769409917,156.03439886617969,3,VUT,NT,17
CN-Din,TER,23.1733,112.5361,875.3078771514514,1922.5515367585158,8,CUT,NT,17
CN-Dmn,TER,38.85551,100.37223,651.1890672336134,169.83248605883466,13,VUT,NT,17
CN-Dsh,TER,38.83992,98.9406,236.0663838609791,93.45286399465593,10,VUT,NT,17
CN-Du2,TER,42.0467,116.2836,376.176221673889,539.57562947987185,8,VUT,NT,17
CN-Dzo,TER,19.546,109.475,1393.5578386381712,1947.9638314624012,9,VUT,NT,17
CN-Erg,TER,50.1869,119.3889,271.1129180998117,497.68070187568014,3,VUT,NT,17
CN-Ha2,TER,37.6086,101.3269,436.2751882891538,228.77569169017926,9,VUT,NT,17
CN-HaM,TER,37.607433,101.332,630.4189966109119,229.04429975352303,11,VUT,NT,17
CN-HaW,TER,37.607655,101.32899,237.30185232294988,228.84498537297245,6,VUT,NT,17
CN-HeM,TER,41.99029,101.13349,619.8129316280553,1.1382393758373293,12,VUT,NT,17
CN-Huz,TER,38.76519,100.3186,199.4262487794514,180.84716141603178,10,VUT,DT,17
CN-Jng,TER,37.83869,101.1145,468.12667995071996,205.86801360319816,7,VUT,DT,17
CN-Jzh,TER,41.14806,121.20167,917.16034369248,714.7871610185193,5,VUT,NT,17
CN-Lch,TER,37.88936,114.69289,1504.4816049751353,792.7571766685829,12,VUT,NT,17
CN-Lsh,TER,45.27984,127.57821,1508.8674276,919.1684401508537,5,VUT,NT,17
CN-Nmn,TER,42.94611,120.72694,1389.0433200191997,611.4165141568767,5,VUT,NT,17
CN-Sb1,TER,42.40907,117.31461,1518.8991690124797,549.5274781599456,5,VUT,NT,17
CN-Sb2,TER,42.39117,117.37017,1912.8627529344,566.6739932010848,5,VUT,NT,17
CN-Sdq,TER,42.00119,101.13741,650.6498180184685,1.1385094459050782,12,VUT,NT,17
CN-Xi2,TER,43.55444,116.6714,409.08189620814176,361.06807256359684,8,VUT,NT,17
CN-YaS,TER,37.70877,107.22655,401.6197711263086,230.28431338460126,10,VUT,NT,17
CN-Yan,TER,37.82861,107.49278,350.6032271116799,229.74988939584696,3,VUT,NT,17
CN-You,TER,38.01419,100.24206,271.14715980374405,175.88858664525566,10,VUT,DT,17
CN-Yuc,TER,36.8287,116.5701,1525.1006250370447,747.9221475556626,9,VUT,NT,17
CN-Zha,TER,38.97514,100.4464,729.5301338654401,128.05782202929703,13,VUT,NT,17
CR-AqC,TER,9.938369,-83.7289,2463.232205984914,2986.776674109917,8,VUT,DT,17
CR-Fsc,TER,10.4189,-85.4732,2884.2016515839996,1764.0167069373456,4,VUT,NT,17
CZ-BK1,TER,49.502075,18.536882,1301.193865859194,1089.4883960927236,22,VUT,NT,17
CZ-BK2,TER,49.49443,18.54285,1137.7827137375998,1099.1619339193485,7,VUT,NT,17
CZ-KrP,TER,49.573257,15.078773,1145.2853328767999,886.4138249886576,10,VUT,NT,17
CZ-LnG,TER,48.704224,16.926247,1664.23640732928,805.5340253937152,6,VUT,NT,17
CZ-Lnz,TER,48.68155,16.946331,1489.8396886512871,808.7951388505915,11,VUT,NT,17
CZ-RAJ,TER,49.44372,16.696512,1427.4241117140584,784.4193694461883,13,VUT,NT,17
CZ-Stn,TER,49.035976,17.9699,1378.513006998646,1063.5358600126583,15,VUT,NT,17
CZ-wet,TER,49.02465,14.77035,1266.3762853902817,913.4781922657146,20,VUT,NT,17
DE-Akm,TER,53.86617,13.68342,1448.830286539387,839.8040469808362,15,VUT,NT,17
DE-Amv,TER,52.1757,6.95537,1317.1090095359998,1051.7876453472177,3,VUT,NT,17
DE-Brs,TER,52.29663,10.44871,1689.1365611519998,949.5145357686627,3,VUT,NT,17
DE-Fen,TER,47.832905,11.060701,1991.5636345920002,1065.5908076078122,3,VUT,NT,17
DE-Geb,TER,51.09973,10.91463,1402.7851013472,922.0186458505996,5,VUT,NT,17
DE-Gri,TER,50.950005,13.512533,1541.2361260191296,916.7336661014322,22,VUT,NT,17
DE-GsB,TER,52.029648,11.10478,1821.2686190050906,930.1574740031707,11,VUT,NT,17
DE-Hai,TER,51.079212,10.452168,1103.7441398194187,1062.0368522565022,25,VUT,NT,17
DE-Har,TER,47.93391,7.59814,1504.9643759423998,1117.8106262369627,6,VUT,NT,17
DE-Hdn,TER,53.86825,13.268543,1256.8275301248,852.6077069996771,4,VUT,NT,17
DE-HoH,TER,52.08656,11.22235,1775.5444001203198,914.0042189591024,11,VUT,NT,17
DE-Hte,TER,54.213055,12.179944,703.3315447054904,746.5416866703557,10,VUT,NT,17
DE-Hzd,TER,50.96381,13.48978,1726.1974974157308,913.3276481376126,16,VUT,NT,17
DE-Kli,TER,50.893044,13.5223,1264.8641393384332,934.8939944349376,22,VUT,NT,17
DE-Lnf,TER,51.328217,10.3678,1041.1885516641883,1093.6813515826539,20,CUT,NT,17
DE-Msr,TER,47.80918,11.456168,1614.1377434111996,1183.3585022340094,6,VUT,NT,17
DE-Obe,TER,50.7864,13.72168,1629.507007674863,902.932645059182,17,VUT,NT,17
DE-Rns,TER,51.494953,9.932118,738.7833394944,1129.7905187039119,4,VUT,NT,17
DE-RuC,TER,50.5031,6.336,1246.2573904934397,1093.3902338352273,12,VUT,NT,17
DE-RuM,TER,50.929787,6.2969923,1144.6975965970287,988.9430227349598,9,VUT,NT,17
DE-RuR,TER,50.621914,6.304126,1940.998978055314,1059.0873098520774,15,VUT,NT,17
DE-RuS,TER,50.865906,6.4471445,1090.3408538748995,970.3687140031669,15,VUT,NT,17
DE-RuW,TER,50.50493,6.3309627,1852.9111212107398,1094.1483116915251,13,VUT,NT,17
DE-Seh,TER,50.870625,6.449653,927.1884882816,969.318012465531,4,VUT,NT,17
DE-SfS,TER,47.80629,11.32757,663.407545099392,1139.161528168102,11,VUT,NT,17
DE-Spw,TER,51.89225,14.03369,1332.0810047980801,935.4685818557441,6,VUT,NT,17
DE-Tha,TER,50.962597,13.565333,1125.573958549369,922.7405807186835,30,VUT,NT,17
DE-Zrk,TER,53.875942,12.88901,1017.18562080672,863.8890674092797,10,VUT,NT,17
DK-Eng,TER,55.69053,12.19175,774.64477008,895.9021149539467,4,VUT,NT,17
DK-RCW,TER,55.680683,12.101398,1251.8832795839996,941.338270949305,3,VUT,NT,17
DK-Sor,TER,55.48587,11.644645,1908.287606648444,895.6356098784722,29,VUT,NT,17
DK-Vng,TER,56.037476,9.160709,1082.8819642752,1106.879542209023,4,VUT,NT,17
EE-Pts,TER,58.562298,24.369932,577.49437613952,928.4922928060314,3,VUT,NT,17
EE-Stg,TER,58.023636,26.070753,1142.4139414148572,982.7260692782432,9,VUT,NT,17
ES-Abr,TER,38.70184,-6.785881,889.1780814719999,694.1401234600053,6,VUT,NT,17
ES-Agu,TER,36.939384,-2.034044,363.0067623889621,359.8245528197554,14,CUT,NT,17
ES-Crg,TER,39.11926,-0.95852,1052.370720288,645.7081527655639,4,VUT,NT,17
ES-FtD,TER,36.99854,-6.434575,614.9003785830662,710.3222883415579,4,VUT,NT,17
ES-HeB,TER,38.40475,-1.726215,813.9163361932799,508.8637384368241,6,VUT,NT,17
ES-Hen,TER,38.411087,-1.697534,603.8659771372801,510.1671121972073,6,VUT,NT,17
ES-LJu,TER,36.926594,-2.752115,351.08058949975094,458.09709337436414,21,VUT,DT,17
ES-LM1,TER,39.94269,-5.778683,1248.4325909061818,669.2897033981998,11,VUT,NT,17
ES-LM2,TER,39.934593,-5.775881,1322.663708377309,664.5987537638757,11,VUT,NT,17
ES-LMa,TER,39.94033,-5.77465,1245.6538805376,667.495963882744,6,VUT,NT,17
ES-LgS,TER,37.097935,-2.965833,355.58141685119995,521.6393443221006,3,VUT,NT,17
ES-Mcd,TER,39.58819,-0.39969,1360.7445522075427,565.7905934174405,7,VUT,NT,17
ES-MtB,TER,37.020206,-6.5544033,700.3610179200001,707.8205515226653,4,VUT,NT,17
ES-Mzn,TER,40.089497,-0.827409,862.1828251775999,759.7049012098456,2,VUT,NT,17
ES-Pdu,TER,37.016975,-3.609228,1270.5637605119998,496.2993979116866,4,VUT,NT,17
ES-Pzb,TER,38.362118,-4.767329,1196.5129037856,735.6643055609939,5,VUT,NT,17
ES-Srn,TER,40.15047,-0.8380832,753.2750680703998,759.1395538140509,2,VUT,NT,17
ES-VDA,TER,42.15111,1.4473800000000001,1026.22298112,1121.0913260875118,3,VUT,NT,17
ES-Yst,TER,38.338932,-2.3506052,850.50507852288,607.512360123658,6,VUT,NT,17
FI-Hyy,TER,61.847410000000004,24.29477,968.7123711849559,834.0187574320064,29,VUT,NT,17
FI-Jok,TER,60.8986,23.51345,623.1627869184,927.5658088686555,4,VUT,NT,17
FI-Ken,TER,67.98721,24.24301,802.1064878253256,774.6218300229258,8,VUT,NT,17
FI-Let,TER,60.64183,23.95952,1300.3413850244572,924.2007121402686,16,VUT,NT,17
FI-Nsv,TER,62.8639,24.08382,436.9538958912,925.8994842265704,4,VUT,NT,17
FI-Qvd,TER,60.295242,22.391607,1422.52523816832,865.9916428142287,6,VUT,NT,17
FI-Rk2,TER,61.182884,25.262684,1520.8602297984,832.6063601986541,4,VUT,NT,17
FI-Ruk,TER,64.68398,25.106318,1625.366068128,900.7570319182652,4,VUT,NT,17
FI-Sar,TER,63.15143,27.199064,910.8324194687999,923.8022502616662,1,VUT,NT,17
FI-Sii,TER,61.83265,24.19285,367.53549904709485,834.0624793130273,7,VUT,NT,17
FI-Sod,TER,67.36239,26.63859,841.9568607935998,752.8281577895766,2,VUT,NT,17
FI-Var,TER,67.7549,29.61,553.785281801947,767.9396148367475,10,VUT,NT,16
FR-Aur,TER,43.54965,1.106103,1102.6478638473675,949.1797127533508,21,VUT,NT,17
FR-Bil,TER,44.493652,-0.956092,1615.8007224785454,1448.4448899799409,12,VUT,NT,17
FR-CLt,TER,45.0414,6.41053,764.267706536832,829.5183608828131,6,VUT,NT,17
FR-EM2,TER,49.87211,3.02065,1413.2361330246856,1020.3721910785033,8,VUT,NT,17
FR-FBn,TER,43.24079,5.67865,1159.3169695441584,744.5786395531718,16,VUT,NT,17
FR-Fon,TER,48.476357,2.780096,1458.6866303040001,939.901515089646,6,VUT,NT,17
FR-Gri,TER,48.84422,1.95191,1302.082400034492,885.881634730219,21,VUT,NT,17
FR-Hes,TER,48.6741,7.06465,1406.4952582676715,1088.0603919489827,24,CUT,NT,17
FR-LBr,TER,44.71711,-0.7693,1592.7814373101712,1528.4618168812453,11,VUT,NT,17
FR-LGt,TER,47.322918,2.284102,1262.5067849002967,1033.498847282321,8,VUT,NT,17
FR-Lam,TER,43.496437,1.237878,1299.3942189023999,945.5360149818032,4,VUT,NT,17
FR-Lqu,TER,45.6444,2.7349,1854.6339612672,1098.560534527995,3,VUT,NT,17
FR-Lus,TER,46.414246,0.1206518,2046.6752181119996,1103.3770033766914,3,VUT,NT,17
FR-Mau,TER,43.385,1.29306,704.7342373996802,968.4047802669413,6,VUT,NT,17
FR-Mej,TER,48.1184,-1.79635,2263.8096911396574,1003.2988626631375,7,VUT,NT,17
FR-Nzn,TER,48.005814,-2.81721,2434.4298429860573,1135.191234094747,9,VUT,NT,17
FR-Pue,TER,43.7413,3.5957,1151.9017826678307,989.7802042253678,26,VUT,NT,17
FR-Tou,TER,43.572857,1.37474,1456.4158638377141,944.7921363533269,8,VUT,NT,17
GF-Guy,TER,5.2787,-52.9248,3548.6126160135695,2441.4503845214845,22,VUT,DT,17
GL-Dsk,TER,69.25349,-53.51413,264.937268071296,7.975786219320352,6,VUT,NT,16
HK-MPM,TER,22.498167,114.029236,1862.814794688,1636.3782531852617,3,VUT,NT,17
ID-JOP,TER,-1.69306,103.39139,3928.0861079094857,2000.1767068620834,11,VUT,DT,17
ID-PaB,TER,-2.340796,114.0379,1528.296129803681,3515.9804989712775,13,VUT,DT,17
ID-PaD,TER,-2.3460708,114.03641,3171.5152015893195,3515.5210793078086,17,VUT,DT,17
ID-Pag,TER,-2.3239167,113.90439,3103.6048735556574,3498.774087189625,13,VUT,DT,17
IE-CaC,TER,52.85879,-6.918136,823.4933846975999,1210.7225663923361,5,VUT,NT,17
IE-CaN,TER,52.85879,-6.918136,984.5927861759999,1210.7225663923361,4,VUT,NT,17
IE-Cra,TER,53.32308,-7.64177,658.9996349759999,1293.4922578829896,3,VUT,NT,17
IL-Yat,TER,31.345045,35.051987,509.50390609557564,266.3664083630572,24,VUT,NT,17
IT-Arz,TER,45.61902,10.00228,1499.6686656465638,1163.3751811471677,9,VUT,NT,17
IT-BCi,TER,40.52375,14.957444,2078.2218217646723,855.5469914187338,20,VUT,NT,17
IT-BFt,TER,45.197754,10.741966,2152.374415932343,1039.8548858331474,7,VUT,NT,17
IT-BsB,TER,45.11823,7.161995,2022.9041400767999,936.4524753132912,4,VUT,NT,17
IT-CA1,TER,42.38041,12.026561,1073.3338650239998,797.8279758902889,4,VUT,NT,17
IT-CA2,TER,42.37722,12.026039,1020.6235757952,797.2527243428049,4,VUT,NT,17
IT-CA3,TER,42.38,12.0222,869.5898047296,796.4223323288977,4,VUT,NT,17
IT-Cp2,TER,41.704266,12.357293,1606.4636195351684,603.8362358996541,13,VUT,NT,17
IT-Cpz,TER,41.70525,12.376106,1547.6913220690283,609.2301335136622,8,VUT,NT,17
IT-Lav,TER,45.9562,11.28132,428.96929105499714,1269.6374044414877,17,VUT,NT,17
IT-Lsn,TER,45.740482,12.750297,1394.928844981714,1101.2182178704584,10,VUT,NT,17
IT-MBo,TER,46.01468,11.045831,1580.6664248980553,1072.0531096823743,22,VUT,NT,17
IT-MtM,TER,46.687134,10.579597,1211.7008630361602,668.8435935582851,6,VUT,NT,17
IT-MtP,TER,46.684284,10.5851755,1102.63691285568,666.8568736225668,6,VUT,NT,17
IT-NiG,TER,45.51919,7.171434,515.421753984,709.2968068811376,5,VUT,NT,17
IT-Noe,TER,40.606174,8.151694,1649.591730432,659.6250257140892,3,VUT,NT,16
IT-PT1,TER,45.20087,9.061039,1162.2423468096,1092.5675481380413,3,VUT,NT,17
IT-Ren,TER,46.58686,11.43369,921.6894388276585,932.4005250370128,26,VUT,NT,17
IT-Ro1,TER,42.40812,11.93001,1349.1224377302856,784.1292268195789,9,VUT,NT,17
IT-Ro2,TER,42.39026,11.92093,853.6630858165073,785.2479917551423,10,VUT,NT,17
IT-SR2,TER,43.73202,10.29091,2447.7336519080723,707.0343154878674,13,VUT,NT,17
IT-SRo,TER,43.72786,10.284445,1764.7486883980719,707.2625478852011,14,VUT,NT,17
IT-Tor,TER,45.84444,7.578055,814.0418327472808,921.7722080532474,18,VUT,NT,17
IT-TrF,TER,45.82376,7.56089,360.6626301710289,921.8633683039166,13,VUT,NT,17
JP-Api,TER,40.001358,140.93658,1039.500884216773,1411.7647221791444,23,VUT,NT,17
JP-Fhk,TER,35.443554,138.7647,1700.0239969228235,1617.1228399263239,18,VUT,NT,17
JP-Fjy,TER,35.45454,138.76225,1482.3223433778014,1618.0743696729949,21,VUT,NT,17
JP-Fmt,TER,35.638744,139.37975,1784.4305285375997,1464.2571277288635,10,VUT,DT,17
JP-Khw,TER,33.13658,130.70834,1948.6744947964598,1799.8087629585002,17,CUT,DT,17
JP-Kzw,TER,36.406788,138.57257,683.6742040295314,1537.2807804633185,8,VUT,NT,17
JP-MMF,TER,44.321884,142.26152,860.8057035031362,1225.6815018701507,7,VUT,NT,17
JP-Mse,TER,36.05393,140.02693,783.8662486649143,1283.2584608305315,8,VUT,NT,17
JP-NsC,TER,36.915054,139.93684,1700.5513276276365,1512.5187696291155,12,VUT,NT,17
JP-NsM,TER,36.91604,139.936,1889.8786652439271,1512.206929962519,12,VUT,NT,17
JP-Nuf,TER,35.152416,136.9719,1636.556638464,1638.9640736066608,2,VUT,NT,17
JP-SMF,TER,35.261528,137.07875,2168.997610505143,1689.720996008109,13,VUT,NT,17
JP-Shn,TER,35.865753,137.93256,1506.091867776,1485.460355252316,4,CUT,NT,17
JP-Spp,TER,42.986843,141.38533,1632.9294733646564,1107.1370765524248,19,VUT,NT,17
JP-Srk,TER,40.565483,140.12779,792.0504486950399,1417.706015328666,3,VUT,NT,17
JP-Ta2,TER,36.140038,137.37071,1149.860573315383,1499.3259137941682,11,VUT,DT,17
JP-Tak,TER,36.146168,137.42311,759.4622963979597,1479.9144199401112,24,VUT,NT,17
JP-Tef,TER,45.05581,142.10712,1334.028438383171,1082.8157647907433,23,VUT,NT,17
JP-Tmd,TER,42.735912,141.52315,1460.5077847293257,1243.829046259464,19,VUT,NT,17
JP-Tmk,TER,42.739307,141.51483,1502.6963011199998,1245.9886217815988,3,VUT,NT,17
JP-Toc,TER,42.70973,141.5659,967.4683225487998,1197.1490447979795,4,VUT,NT,17
JP-Yms,TER,34.79028,135.84094,1654.6406441844754,1623.3178406915931,24,VUT,NT,17
JP-Ynf,TER,26.751,128.21266,1910.6781448443426,1314.6849589029948,9,VUT,NT,5
KE-Chk,TER,-3.6663,38.350185,610.3117165824001,994.073568295219,2,VUT,NT,17
KE-Kpt,TER,-1.6141866,37.13311,1127.930050512,781.6250606984007,6,VUT,NT,17
KE-Mkt,TER,-3.425859,38.140663,661.0078243007999,1124.9771982222949,5,VUT,NT,17
KR-AdC,TER,36.50565,126.35909,1398.574478304,1429.28099824979,4,VUT,NT,16
KR-CRK,TER,38.2013,127.2497,1010.3698929978514,1497.0323015277522,7,VUT,NT,17
KR-CmF,TER,37.1599,127.65365,716.4837275212799,1562.8840050628437,7,VUT,NT,17
KR-GmR,TER,35.74862,126.86432,752.4395826624001,1549.360868353278,3,VUT,NT,17
KR-GmS,TER,35.75089,126.81378,1295.8733241216,1523.0000878023748,3,VUT,NT,17
KR-HPK,TER,34.47722,126.48105,575.50670980416,1584.0522263470305,3,VUT,NT,17
KR-HcM,TER,37.61938,127.84571,1549.0014547392,1570.1653468375525,4,VUT,NT,17
KR-Hnm,TER,34.5538,126.56992,1576.5526028447998,1719.0533726028016,4,VUT,NT,17
KR-JjM,TER,33.31798,126.56772,1270.0595010816,1438.2243107861023,4,VUT,NT,14
KR-Kw1,TER,37.74843,127.16261,1166.0435754624,1557.746672320332,4,VUT,NT,17
KR-Kw2,TER,37.74869,127.14888,1572.99578463744,1555.4867778637354,5,VUT,NT,17
KR-Nj1,TER,35.02753,126.82093,1467.712991232,1799.4522906534967,2,VUT,NT,17
KR-Nj2,TER,35.0269,126.8219,1230.1138426175999,1799.566249984522,2,VUT,NT,17
KR-PcD,TER,37.48184,128.51604,2137.66249454208,1540.0729867010805,4,VUT,NT,17
KR-SmM,TER,37.93894,126.95471,1030.5805113890742,1561.5047178058574,7,VUT,DT,17
KR-UAO,TER,36.41682,128.79904,1640.4334277183998,1651.5415474169558,3,VUT,NT,17
KR-WdE,TER,34.35956,126.67779,1914.7097329920002,1526.7875244844445,4,VUT,NT,17
ML-Kem,TER,15.2875,-1.543056,1115.824553856,209.96024985334705,3,VUT,NT,17
MN-Hst,TER,47.59293,105.85497,662.19068837376,333.89172077065604,6,VUT,NT,17
MN-Kbu,TER,47.21397,108.737335,211.00676243904,236.52535720919923,6,VUT,NT,17
MN-Nkh,TER,47.693592,107.48934,603.51665048064,335.35257134378344,6,VUT,NT,17
MX-Aog,TER,26.9968,-108.7892,1685.03262336,782.2130139677248,3,VUT,NT,17
MX-Tes,TER,27.8446,-109.2977,569.8326510432,646.260137407912,5,VUT,DT,17
MY-LHP,TER,4.201007,114.03908,2587.399656068571,2800.601300122897,11,VUT,DT,17
NL-Hrw,TER,51.972466,5.641228,2109.8127362194286,1085.9881833232769,9,VUT,NT,17
NL-Loo,TER,52.166447,5.74355,1102.5595030022039,1155.7139039775366,29,VUT,NT,17
NL-Vkp,TER,51.980934,5.618825,1801.2798102135273,1078.6518105663017,12,VUT,NT,17
NO-And,TER,69.1422,16.01975,214.49847975124112,495.3658677011631,7,VUT,NT,16
NO-Fns,TER,60.59384,7.5271025,183.89621393279998,323.0568743832427,7,VUT,NT,17
NO-Hur,TER,60.37163,11.07949,1110.1489188479998,1020.8464953290155,2,VUT,NT,17
NZ-ADd,TER,-43.64405,172.35465,1577.9735769023998,1285.4726394986671,5,VUT,NT,17
NZ-ADw,TER,-43.64935,172.34952,1837.5681083328,1284.4857825830054,8,VUT,NT,17
NZ-BFm,TER,-43.593528,171.929611,2038.0847287679999,1465.8964400994964,4,VUT,NT,17
NZ-BFu,TER,-43.591833,171.926833,1543.67399808,1465.2730592747862,3,VUT,NT,17
NZ-Cla,TER,-43.78628,171.59558,2644.7372899199995,1544.0229006186842,4,VUT,NT,17
NZ-Kop,TER,-37.387875,175.55389,585.0346668479999,2112.5848282683373,4,VUT,NT,17
NZ-Lau,TER,-45.038904,169.681109,1672.0276493952,1246.378791653716,7,VUT,NT,17
NZ-Oxf,TER,-43.2609,172.21588,1577.4929501184004,1483.5471896596227,5,VUT,NT,17
NZ-ScF,TER,-37.46,175.22,1864.4280909119998,2081.6886377832016,4,VUT,NT,17
PA-SPn,TER,9.31814,-79.6346,1889.9240595840001,2522.9657470703123,3,VUT,DT,17
PA-SPs,TER,9.31378,-79.63143,3038.2866028799995,2522.9657470703123,3,VUT,DT,17
PE-QFR,TER,-3.8344,-73.319,3126.079662912,2761.21798556808,3,VUT,DT,17
PR-xGU,TER,17.9696,-66.8687,1618.549933248,1699.883220478111,6,VUT,DT,17
PR-xLA,TER,18.0212,-67.0769,2985.1366752000004,1377.4345960844041,2,VUT,NT,17
RU-Ch2,TER,68.61689,161.35089,266.1288483206845,134.04842670063317,7,VUT,NT,17
RU-Fy2,TER,56.4476,32.90188,1713.3190043369145,1003.1733226706385,10,VUT,NT,17
RU-Fy4,TER,56.4727,33.0413,455.37099124031994,1002.1441860401887,6,VUT,NT,17
RU-Fyo,TER,56.46153,32.922085,1629.6648652433712,1004.3945172349906,27,VUT,NT,17
SD-Dem,TER,13.2829,30.4783,437.871924576,331.82531882676284,3,VUT,NT,17
SE-Deg,TER,64.18203,19.55654,285.73959576499203,959.0159964935966,6,VUT,NT,17
SE-HfM,TER,64.15955,19.551497,261.90611032896,957.6571899577533,4,VUT,NT,17
SE-Hmr,TER,64.15955,19.551497,350.64707352192,957.6571899577533,4,VUT,NT,17
SE-Htm,TER,56.09763,13.41897,2297.520024677486,1178.125629190904,7,VUT,NT,17
SE-Nor,TER,60.0865,17.479504,1582.3823867958856,951.5477432844139,7,VUT,NT,17
SE-Ros,TER,64.16522,19.79074,813.8972443062858,941.2818002707288,7,VUT,NT,17
SE-Srj,TER,64.17498,19.56381,344.12444158464,958.464863447904,4,VUT,NT,17
SE-St1,TER,68.35415,19.050333,403.65717200531117,355.6253332050725,8,VUT,NT,17
SE-Sto,TER,68.35594,19.045208,304.12434085632003,357.62554087222895,3,VUT,NT,17
SE-Svb,TER,64.25611,19.7745,1101.8382494504729,965.6179514017606,12,VUT,NT,17
SN-Dhr,TER,15.40256,-15.43214,631.3277988934293,446.0236089743871,11,VUT,NT,17
SN-Nkr,TER,14.49581,-16.45357,869.6096762506971,669.6361737252876,7,VUT,NT,17
TH-Kog,TER,18.81267,98.90225,1721.205174816,1996.561991267156,7,CUT,DT,17
TH-Mae,TER,18.42264,99.72025,1849.4119449586287,1774.5431208537855,11,VUT,DT,17
UK-AMo,TER,55.792545,-3.2436917,758.8344699586355,848.857546001268,22,VUT,NT,17
UK-BnB,TER,54.82326,-6.66984,495.2679335135999,1091.8158900897752,4,VUT,NT,17
UK-CCr,TER,52.2542,-3.93357,744.078567744,1094.9042273030939,3,VUT,NT,17
UK-GaB,TER,55.10994,-6.529928,737.3519914751998,675.0744331614771,3,VUT,NT,17
UK-Gnn,TER,54.96185,-6.760763,495.08951016960003,978.6476422408139,3,VUT,NT,17
UK-Gwr,TER,54.85464,-5.988278,1026.248237568,780.219338602828,3,VUT,NT,17
UK-HgF,TER,52.552177,0.515057,2013.085623168,968.3762303035564,2,VUT,NT,17
UK-HpF,TER,52.24809,-0.0498267,1137.6534758399998,912.7370518557834,2,VUT,NT,17
US-A03,TER,70.4953,-149.8823,379.00719543497144,239.37957224567003,7,VUT,DT,17
US-A10,TER,71.3242,-156.6149,357.5770862394563,47.63512166755014,8,CUT,NT,15
US-A39,TER,36.3776,-96.069,1089.8692010496,1234.2234780134625,1,VUT,NT,17
US-ABa,TER,27.1301,-81.2011,1110.062826432,2090.5776423707844,3,VUT,NT,17
US-ABb,TER,27.1346,-81.2031,1472.8141180799998,2092.298777832722,3,VUT,NT,17
US-ABc,TER,27.1633,-81.1873,1125.4421273472,2106.464890704099,3,VUT,NT,17
US-ABd,TER,27.1699,-81.2152,1782.5558319359995,2105.782984690804,3,VUT,NT,17
US-ABe,TER,27.1656,-81.2161,2175.103692864,2103.8791472388084,3,VUT,NT,17
US-ADR,TER,36.7653,-116.6933,93.41525458367997,37.93632173907072,6,VUT,DT,17
US-ALQ,TER,46.0308,-89.6067,844.9822263439543,1034.7345448192987,10,CUT,DT,17
US-AR1,TER,36.4267,-99.42,658.1104765055999,695.2104376898692,4,VUT,NT,17
US-AR2,TER,36.6358,-99.5975,341.62241476031994,656.7942338101402,4,VUT,NT,17
US-ARM,TER,36.6058,-97.4888,1098.6625788228405,802.5077798160489,23,VUT,NT,17
US-ARb,TER,35.5497,-98.0402,991.6618015871999,850.1685519509055,2,VUT,NT,17
US-ARc,TER,35.5465,-98.04,1100.4871123584,850.9073519857164,2,VUT,NT,17
US-Akn,TER,33.3825,-81.5653,1032.0480891560485,1934.298784945309,7,CUT,NT,17
US-Aud,TER,31.5907,-110.5104,280.1402087689436,343.8309928750467,21,VUT,NT,17
US-BRG,TER,39.2167,-86.5406,1814.0728346496,1370.6027573912497,4,VUT,NT,17
US-BZB,TER,64.6955,-148.3208,564.3294199793953,748.3296550134401,14,VUT,NT,17
US-BZF,TER,64.7013,-148.3121,552.8943539781051,747.9841938737653,14,VUT,NT,17
US-BZo,TER,64.6936,-148.33,459.78772536288,748.4123410611649,8,VUT,NT,17
US-Bar,TER,44.0646,-71.2881,1105.1355651214756,1270.1799659836292,20,VUT,NT,17
US-Bi1,TER,38.0992,-121.4993,2314.354158288,591.7892231883168,9,VUT,NT,17
US-Bi2,TER,38.1091,-121.5351,3200.2832639273142,601.9602558822036,9,VUT,NT,17
US-CF1,TER,46.7815,-117.0821,670.42913571648,469.54449430675766,5,VUT,NT,17
US-CF2,TER,46.784,-117.0908,734.0663456639999,465.1636700370825,4,VUT,NT,17
US-CF3,TER,46.7551,-117.1261,751.1463892800001,447.39477184303234,5,VUT,NT,17
US-CF4,TER,46.7518,-117.1285,694.8784137312001,446.2211637185352,5,VUT,NT,17
US-CGG,TER,37.938,-121.9761,1631.9395099007997,692.5209778413691,6,VUT,NT,17
US-CMW,TER,31.6637,-110.1777,764.777734760186,287.092910980346,21,VUT,NT,17
US-CRK,TER,31.4629,-95.3415,1976.51406096,1770.0843747178328,4,VUT,NT,17
US-CRT,TER,41.6285,-83.3471,906.3588818304,755.2794954729812,3,VUT,NT,17
US-CdM,TER,37.5241,-109.7471,256.88662301376,182.70968610179716,6,VUT,NT,17
US-Ced,TER,39.8379,-74.3791,1582.679183665371,1128.6672351405657,10,VUT,NT,17
US-ChR,TER,35.9311,-84.3324,895.2933814165373,1509.5857310854685,13,VUT,NT,17
US-Cop,TER,38.09,-109.39,61.1100578339424,247.3165542917887,5,VUT,NT,17
US-Cst,TER,33.0442,-91.9204,1784.129066208,1908.3541214450397,5,VUT,NT,17
US-DFC,TER,43.3448,-89.7117,1124.5623317189484,1100.6476631672017,7,VUT,NT,17
US-DPW,TER,28.0521,-81.4361,1013.8724055936,2017.2719028340757,3,VUT,NT,17
US-DS2,TER,38.1375,-121.514,3294.6567048,594.0237706786086,4,VUT,NT,17
US-DS3,TER,38.1235,-121.549,1811.1775009248001,597.4300032913075,5,VUT,NT,17
US-Dix,TER,39.9712,-74.4346,1092.3766463808,1115.8128871552253,4,VUT,NT,17
US-Dk1,TER,35.9712,-79.0934,1457.299387312457,1593.1024195487005,7,VUT,NT,17
US-Dk2,TER,35.9736,-79.1004,1029.1420621909028,1596.7479485861763,8,VUT,NT,17
US-Dk3,TER,35.9782,-79.0942,1245.3502242939428,1589.511644823468,8,VUT,NT,17
US-Dmg,TER,38.0015,-121.6691,1195.429491072,639.2255306574368,5,VUT,NT,17
US-EA4,TER,29.6633,-98.3816,1093.706428608,1118.0059407321971,4,CUT,NT,17
US-EDN,TER,37.6156,-122.114,427.85168434346053,608.827089164836,7,VUT,NT,17
US-EKH,TER,36.8094,-121.7523,405.09076510079996,630.3393411854845,3,VUT,DT,17
US-EKP,TER,36.8558,-121.7488,1435.723140672,618.0342275970872,3,VUT,NT,17
US-EML,TER,63.8784,-149.2536,412.40374545160955,590.4714880081863,16,VUT,NT,17
US-Elm,TER,25.5519,-80.7826,429.0830395436442,2059.5812283275886,14,VUT,NT,17
US-EvM,TER,25.3539,-80.381,179.48203807104,1646.199762691594,3,VUT,NT,17
US-Fmf,TER,35.1426,-111.7273,1132.407769824,426.7019175283027,6,VUT,NT,17
US-Fuf,TER,35.089,-111.762,997.4192325983998,453.82975877246145,6,VUT,NT,17
US-Fwf,TER,35.4454,-111.7718,451.27585454975997,351.4997853430563,6,VUT,NT,17
US-GLE,TER,41.3665,-106.2399,714.8058081746477,308.17808940049315,16,VUT,NT,17
US-HB1,TER,33.3455,-79.1957,814.8612795099428,2008.6197349494435,7,VUT,NT,17
US-HB2,TER,33.3242,-79.244,1730.3528817051429,2010.93626492156,7,VUT,NT,17
US-HB3,TER,33.3482,-79.2322,2017.3649028479997,2006.268272462604,6,VUT,NT,17
US-HB4,TER,33.2015,-79.2975,615.6976266950401,1876.698602756062,5,VUT,NT,17
US-HBK,TER,43.9397,-71.7181,1464.5096513987658,1320.2262612546585,9,VUT,NT,17
US-HWB,TER,40.8608,-77.8488,1585.7813128319997,1418.3916526805447,4,VUT,NT,17
US-Ha1,TER,42.5378,-72.1715,1312.5734500477777,1319.026656935082,35,VUT,NT,17
US-Ho2,TER,45.209,-68.747,1285.1316895870114,1289.6693540658819,23,CUT,NT,17
US-Hsm,TER,38.2368,-122.0212,688.49579411712,716.9720010559686,5,VUT,NT,17
US-IAB,TER,42.0001,-93.7016,1547.85777372288,894.8565434670177,6,VUT,NT,17
US-IAC,TER,41.9984,-93.7016,1340.5171027161598,895.0262311186971,6,VUT,NT,17
US-IAM,TER,41.9994,-93.7042,2038.7566060991999,894.6585694461952,6,VUT,NT,17
US-ICh,TER,68.6068,-149.2958,211.68843470746972,184.45465604472844,19,VUT,NT,17
US-ICs,TER,68.6058,-149.311,281.98815829995556,184.37684589040495,18,VUT,NT,17
US-ICt,TER,68.6063,-149.3041,178.16785798918724,184.4315584463239,17,VUT,NT,17
US-Jo1,TER,32.582,-106.635,164.30605371236337,170.2174113086306,13,VUT,NT,17
US-Jo2,TER,32.5849,-106.6032,251.2079563663543,165.57429911737023,10,CUT,NT,17
US-KFS,TER,39.0561,-95.1907,986.5700740753098,1172.8143913369838,11,VUT,NT,17
US-KLS,TER,38.7745,-97.5684,1168.95540265344,951.1648215595876,8,VUT,NT,17
US-KPL,TER,60.5382,-150.5061,392.833589816448,774.8165155043469,4,VUT,NT,17
US-KS2,TER,28.6086,-80.6715,1593.8468435519999,1896.7806788301593,4,VUT,NT,17
US-Kon,TER,39.0824,-96.5603,1495.9345611406168,1060.6893463696445,15,VUT,NT,17
US-LA2,TER,29.8587,-90.2869,1400.8195848959997,1671.119038374813,5,CUT,NT,17
US-LA3,TER,29.4936,-89.9153,1734.3986250240002,1373.8773836959442,4,VUT,DT,17
US-LS1,TER,31.5615,-110.1403,686.8837066636801,294.4860670679893,5,VUT,NT,17
US-LS2,TER,31.5659,-110.1344,517.413545712,293.4155091253768,5,VUT,NT,17
US-Los,TER,46.0827,-89.9786,804.4837208360062,1070.5303878597422,22,CUT,NT,17
US-MBP,TER,47.5051,-93.4893,319.84223537259777,1066.6775538900715,16,VUT,NT,17
US-MEF,TER,39.1006,-105.1024,993.8353454784,451.90003103605244,2,VUT,NT,17
US-MMS,TER,39.3232,-86.4133,1333.396301099079,1342.986211898753,25,VUT,NT,17
US-MN1,TER,45.6168,-96.1269,1020.1524921997712,743.3838858721822,8,VUT,NT,17
US-MN2,TER,45.627,-96.1271,955.8597581897142,744.7148999917647,8,VUT,NT,17
US-MN3,TER,45.6091,-96.1265,1075.87215304704,742.393515338733,5,VUT,NT,17
US-MOz,TER,38.7441,-92.2,1143.0774819312867,1265.5362843594128,18,VUT,NT,17
US-Me3,TER,44.3154,-121.6078,705.6554081932799,807.6037115636213,6,VUT,NT,17
US-Me5,TER,44.4372,-121.5668,662.7257683776,786.8257633707129,3,VUT,NT,17
US-Me6,TER,44.3232,-121.6044,829.7360723694699,806.0197910748573,16,VUT,NT,17
US-Me7,TER,44.4534,-121.5619,417.21004367999996,784.2364550788782,2,VUT,NT,17
US-Mo1,TER,39.2298,-92.1167,1361.68941492,1165.3507845638724,10,VUT,NT,17
US-Mo2,TER,38.9488,-91.9945,1337.7125373219967,1222.4152004659081,7,VUT,NT,17
US-Mo3,TER,39.2322,-92.1493,1036.3830291627428,1164.6472087225425,8,VUT,NT,17
US-Mpj,TER,34.4382,-106.2385,451.18418225378826,290.36531874912447,18,VUT,NT,17
US-Myb,TER,38.0499,-121.765,1143.398815172757,627.9012158723509,15,VUT,NT,17
US-NC1,TER,35.8118,-76.7119,2232.5825861979424,1825.6711374251465,8,VUT,NT,17
US-NC2,TER,35.803,-76.6685,1848.0613323949715,1795.6728332433067,20,VUT,NT,17
US-NC3,TER,35.799,-76.656,2031.9559410651423,1798.1591857263065,8,VUT,NT,17
US-NC4,TER,35.7817,-75.9135,1942.9966837143656,1810.363418259989,14,CUT,NT,17
US-NR1,TER,40.0329,-105.547,690.8464876748369,459.0621108497451,21,CUT,NT,17
US-NR3,TER,40.052,-105.5864,228.2520552356571,496.5150199707482,11,CUT,NT,17
US-Ne1,TER,41.1651,-96.4766,1406.37873737261,809.7397241537751,24,VUT,NT,17
US-Ne2,TER,41.1649,-96.4701,1247.507703301912,809.1618593155418,23,VUT,NT,17
US-Ne3,TER,41.1797,-96.4397,1114.0463999424867,805.0607660095811,23,VUT,NT,17
US-ONA,TER,27.3836,-81.9509,1545.6377169791997,1911.0454336998475,7,VUT,NT,17
US-OWC,TER,41.3793,-82.5124,808.4533982169601,847.0725832391493,9,CUT,NT,17
US-Oho,TER,41.5545,-83.8438,987.5035903789658,946.3642730575973,10,VUT,NT,17
US-PLo,TER,42.7496,-70.9157,609.8868089856002,1122.914598715977,2,VUT,NT,17
US-Prr,TER,65.1237,-147.4876,578.337174566051,670.6715750644364,13,VUT,NT,17
US-RC1,TER,46.7837,-117.0777,1043.6980152096,471.8008235734002,5,VUT,NT,17
US-RC2,TER,46.7776,-117.0807,1119.1525351488,470.2045115995596,5,VUT,NT,17
US-RC4,TER,46.758,-116.949,546.19961150592,535.4602550475922,5,VUT,NT,17
US-RC5,TER,47.01,-119.248,1066.9010173056001,207.14562973559384,3,VUT,NT,17
US-RGA,TER,34.4159,-91.6733,1415.2283368127999,1545.73903691738,4,VUT,NT,17
US-RGB,TER,39.5782,-121.8579,1570.665145104,736.5768172062224,4,VUT,NT,17
US-RGF,TER,37.6995,-121.1369,3086.8791707519995,535.6167118422866,2,VUT,NT,17
US-RGW,TER,33.6216,-91.4306,983.4925853376,1539.8891721530308,3,VUT,NT,17
US-RGo,TER,39.6805,-122.0026,1256.502178656,796.4712926012563,4,VUT,NT,17
US-RRC,TER,37.3344,-77.2065,1843.910944704,1614.8783536108222,3,VUT,NT,17
US-Rls,TER,43.1439,-116.7356,753.1383331378285,211.0620209770346,10,VUT,NT,17
US-Rms,TER,43.0645,-116.7486,945.035372003657,208.36850478179161,10,VUT,NT,17
US-Ro1,TER,44.7143,-93.0898,912.4534620610245,883.18878344171,13,VUT,NT,17
US-Ro2,TER,44.7288,-93.0888,1131.8841435312372,882.6285264826203,8,VUT,NT,17
US-Ro3,TER,44.7217,-93.0893,926.00673883776,882.9009483308137,4,VUT,NT,17
US-Ro4,TER,44.6781,-93.0723,879.7426134172774,887.4353647795933,12,VUT,NT,17
US-Ro5,TER,44.691,-93.0576,998.4664338648687,888.93464592332,8,VUT,NT,17
US-Ro6,TER,44.6946,-93.0578,1008.7639788253372,888.7429332120769,8,VUT,NT,17
US-Rpf,TER,65.1198,-147.429,567.961356320003,673.2912696644455,17,VUT,NT,17
US-Rwe,TER,43.0653,-116.7591,465.34733658432,207.90757844959185,5,VUT,NT,17
US-Rwf,TER,43.1207,-116.7231,811.6681304139429,208.15030913715404,10,VUT,NT,17
US-Rws,TER,43.1675,-116.7132,425.40497876160003,215.1107569853314,10,VUT,NT,17
US-SD1,TER,41.2048,-86.0296,1605.3095045952,1082.680202031807,3,VUT,NT,17
US-SD2,TER,41.1785,-85.9977,1197.79703856,1079.7006680560949,3,VUT,NT,17
US-SHC,TER,39.4315,-120.2398,1962.9738115200003,577.8133277741509,4,VUT,NT,17
US-SP1,TER,29.7381,-82.2188,1404.8933617779926,2263.7132061661564,21,VUT,NT,17
US-SRC,TER,31.9083,-110.8395,201.64344315264,318.9341685118693,7,VUT,DT,17
US-SRG,TER,31.7894,-110.8277,518.4200918278588,336.9807415722827,18,VUT,NT,17
US-SRM,TER,31.8214,-110.8661,347.04276714916426,325.7011244243292,22,VUT,NT,17
US-SRS,TER,31.8173,-110.8508,516.0458843251199,330.0344698120499,8,VUT,NT,17
US-SSH,TER,40.6658,-77.9041,691.862901103872,1427.127432253098,5,VUT,NT,17
US-Seg,TER,34.3603,-106.7003,160.7656841525412,214.7162504518838,19,VUT,NT,17
US-Ses,TER,34.335,-106.7448,121.12324046080306,215.37223253171373,18,VUT,NT,17
US-Slt,TER,39.9138,-74.596,1333.0969682594825,1224.551231008409,18,VUT,NT,17
US-Sne,TER,38.0369,-121.7547,906.7749990047998,629.707540019981,5,VUT,NT,17
US-StJ,TER,39.0882,-75.4372,1417.6171252569602,1296.8020307269862,6,VUT,NT,17
US-Syv,TER,46.2421,-89.3459,1298.800686955037,1098.3287441563632,21,CUT,NT,17
US-TaS,TER,25.1908,-80.6391,474.4591596503233,1720.5662724353554,6,VUT,NT,17
US-Ton,TER,38.4309,-120.966,1006.8533288205687,723.6054337412751,25,VUT,NT,17
US-Tw3,TER,38.1152,-121.6469,2195.3589497855996,598.5963258593308,6,VUT,NT,17
US-Tw4,TER,38.1027,-121.6413,1258.904791483013,603.0122288418102,11,VUT,NT,17
US-UC1,TER,40.7536,-78.0056,787.6528860736835,1421.8908664938567,6,VUT,NT,17
US-UC2,TER,40.7559,-77.9998,896.70346560576,1422.0255589687283,6,VUT,NT,17
US-UMd,TER,45.5625,-84.6975,968.7925947698454,856.5310489371627,19,VUT,NT,17
US-UTV,TER,40.1266,-109.9546,1188.3956969664,129.95422864329504,3,VUT,NT,17
US-UTW,TER,39.4453,-110.7288,1218.1308053644798,165.2975664854324,4,VUT,NT,17
US-Uaf,TER,64.8663,-147.8555,571.4273448356496,740.335578989329,22,CUT,NT,17
US-UiA,TER,40.0646,-88.1961,1398.0493843282286,1024.229091945505,9,CUT,NT,17
US-UiB,TER,40.0628,-88.1984,1144.4558961980713,1024.2415994712244,14,CUT,NT,17
US-UiC,TER,40.0628,-88.1961,1593.354129230263,1024.3272405720438,9,CUT,NT,17
US-UiD,TER,40.0646,-88.1985,1439.0152555869256,1024.1399205130488,9,CUT,NT,17
US-UiE,TER,40.0629,-88.2033,1511.0039607675426,1024.0537261888253,7,VUT,NT,17
US-UiF,TER,40.0665,-88.2015,1038.948102430023,1023.9253137313683,6,VUT,NT,17
US-UiG,TER,40.0629,-88.2009,1560.1186356192,1024.1430800827397,6,VUT,NT,17
US-VT1,TER,40.4064,-87.5214,1677.5726958143998,1034.8959525026141,3,VUT,NT,17
US-VT2,TER,40.4018,-87.5213,1382.9144732928,1035.445722216653,3,VUT,NT,17
US-Var,TER,38.4133,-120.9508,779.6907612716032,728.4263996060849,26,VUT,NT,17
US-Vcm,TER,35.8885,-106.5322,506.9113654631112,358.5362207810722,18,VUT,NT,17
US-Vcp,TER,35.8641,-106.5965,972.385476552722,355.1186352885628,19,VUT,NT,17
US-WCr,TER,45.8058,-90.0795,933.3504559828613,1124.075998392993,23,CUT,NT,17
US-WPT,TER,41.4646,-82.9962,922.7718695808,788.7509891206782,3,VUT,NT,17
US-WT1,TER,34.3674,-101.8154,341.67436174079995,587.2352628103727,2,VUT,NT,17
US-Whs,TER,31.7438,-110.0522,127.56099271472041,275.67622212216753,16,CUT,NT,17
US-Wjs,TER,34.4258,-105.8617,415.15162525632775,249.0052295664064,19,VUT,NT,17
US-Wkg,TER,31.7365,-109.9419,235.48356692560512,293.866423049163,22,VUT,NT,17
US-ZF2,TER,40.7939,-87.5355,1231.9712542656,988.7547531277112,2,VUT,NT,17
US-xAB,TER,45.7624,-122.3303,1697.4414578879998,1096.7686102470466,6,VUT,NT,17
US-xAE,TER,35.4106,-99.0588,707.38173491904,783.3101107699537,6,VUT,NT,17
US-xBA,TER,71.2824,-156.6194,143.11019744985597,47.42443613755483,6,VUT,DT,15
US-xBL,TER,39.0603,-78.0716,1593.1507139136,1298.2186293256955,6,VUT,NT,17
US-xBN,TER,65.154,-147.5026,569.02068378432,662.259914913881,6,VUT,NT,17
US-xBR,TER,44.0639,-71.2873,1280.7094174214399,1270.242610952313,6,VUT,NT,17
US-xCL,TER,33.4012,-97.57,1270.3944127103998,1209.76089476263,6,VUT,NT,17
US-xCP,TER,40.8155,-104.7456,288.11736065087996,390.36722988006625,6,VUT,NT,17
US-xDC,TER,47.1617,-99.1066,1007.2785002918399,577.2229470985494,6,VUT,NT,17
US-xDJ,TER,63.881100000000004,-145.7514,581.8839817334399,513.7915700069631,6,VUT,NT,17
US-xDL,TER,32.5417,-87.8039,1759.3754166143997,2055.7826402794053,6,VUT,NT,17
US-xDS,TER,28.125,-81.4362,1261.1048640768001,2003.173875853475,6,VUT,NT,17
US-xGR,TER,35.689,-83.5019,2632.2428188223994,1677.3087698852112,6,VUT,NT,17
US-xHA,TER,42.5369,-72.1727,1290.6222212851198,1319.0469597559754,6,VUT,NT,17
US-xHE,TER,63.8757,-149.2133,432.24947583552006,585.0215847020986,6,VUT,NT,17
US-xJE,TER,31.1948,-84.4686,1918.1100898367995,1960.9947005236259,6,VUT,NT,17
US-xJR,TER,32.5907,-106.8425,150.38524975737602,188.73544156342183,6,VUT,NT,17
US-xKA,TER,39.1104,-96.6129,818.6281296422399,1051.5345592617177,5,VUT,NT,17
US-xKZ,TER,39.1008,-96.5631,1080.3754906502402,1058.5902443968125,6,VUT,NT,17
US-xMB,TER,38.2483,-109.3883,154.95240632832,252.5056565587346,6,VUT,NT,17
US-xML,TER,37.3783,-80.5248,1221.2753847033603,1488.6362289408216,6,VUT,NT,17
US-xNG,TER,46.7697,-100.9154,761.8739810515199,580.1536297555926,6,VUT,NT,17
US-xNQ,TER,40.1776,-112.4524,157.72511101248,269.46827017532553,5,VUT,NT,17
US-xPU,TER,19.5531,-155.3173,1506.5535695039998,2190.5606860179187,6,VUT,DT,17
US-xRM,TER,40.2759,-105.5459,790.9743403584,492.02747326122466,6,VUT,NT,17
US-xSB,TER,29.6893,-81.9934,1544.0264858880003,2247.338071183814,6,VUT,NT,17
US-xSC,TER,38.8929,-78.1395,1587.2576446655999,1399.3131124024894,5,VUT,NT,17
US-xSE,TER,38.8901,-76.56,1491.0271952255998,1163.0939562363187,6,VUT,NT,17
US-xSJ,TER,37.1088,-119.7323,954.07394090688,543.2053404157853,5,VUT,NT,17
US-xSL,TER,40.4619,-103.0293,400.33065490559994,508.0535011078295,6,VUT,NT,17
US-xSP,TER,37.0334,-119.26220000000001,525.3127514726399,557.9616755277648,6,VUT,DT,17
US-xSR,TER,31.9107,-110.8355,241.070560134912,319.7860422070158,6,VUT,NT,17
US-xST,TER,45.5089,-89.5864,1030.94439227136,1172.9182608525346,6,VUT,NT,17
US-xTE,TER,37.0058,-119.006,1058.40069047424,503.80987727179416,6,VUT,DT,17
US-xTL,TER,68.6611,-149.3705,215.36760488889598,210.62612207079553,5,VUT,NT,17
US-xTR,TER,45.4937,-89.5857,1155.26173104,1177.215726766614,6,VUT,NT,17
US-xUK,TER,39.0404,-95.1921,1596.1865687884797,1176.3819353893796,5,VUT,NT,17
US-xUN,TER,46.2339,-89.5373,905.1699224447999,1045.872007164253,6,VUT,NT,17
US-xWD,TER,47.1282,-99.2414,813.8622692851199,581.3714572520563,6,VUT,NT,17
US-xWR,TER,45.8205,-121.9519,1637.5913121599997,1073.0248238052752,6,VUT,NT,17
VU-Coc,TER,-15.444423,167.19131,3156.34104,2400.152911376953,4,VUT,DT,12
ZA-BfK,TER,-28.856483,24.83985,695.55288670848,366.4127617055722,5,VUT,NT,17
ZA-BfS,TER,-28.8906,24.86112,855.74485368,367.5328742982273,5,VUT,NT,17
ZA-Spk,TER,-28.70408,29.52614,1261.2897141120002,922.0398328853225,2,VUT,NT,17
ZA-Uby,TER,-27.3952,32.5889,1573.055697024,1141.0556554975783,2,VUT,NT,17
ZM-Mon,TER,-15.4391,23.2525,1774.348763328,1152.2824644928974,3,VUT,NT,17
AR-CCa,ET,-35.621,-61.3181,723.8244685702041,758.464559228685,8,NA,NA,17
AR-CCg,ET,-35.9244,-61.1855,801.8020601963265,747.3171546918621,6,NA,NA,17
AR-TF1,ET,-54.9733,-66.7335,304.74456402489795,296.64509846055364,3,NA,NA,16
AR-TF2,ET,-54.8269,-68.4549,306.12492815510205,336.1900664260812,2,NA,NA,17
AT-Mmg,ET,47.316563,10.970089,520.4167036163265,533.0375063749179,4,NA,NA,17
AT-Neu,ET,47.116318,11.320229,427.0895295109264,515.7980804584757,19,NA,NA,17
AT-Nsd,ET,47.76914,16.758492,629.4844182375919,508.1332751548959,5,NA,NA,17
AT-PsM,ET,47.58145,14.347197,395.1217091644898,548.0746666523241,5,NA,NA,17
AT-Zoe,ET,47.842247,14.444137,359.56381535434986,542.0949877514986,10,NA,NA,17
AU-APL,ET,-36.862222,147.320833,562.1899602930612,766.9632834526678,6,NA,NA,17
AU-ASM,ET,-22.283,133.249,276.9946870526513,293.03423152002193,16,NA,NA,17
AU-Ade,ET,-13.0769,131.1178,1002.9646092489796,946.2293892514944,3,NA,NA,17
AU-Boy,ET,-32.477093000000004,116.938559,375.7334091205539,410.12044503002556,9,NA,NA,17
AU-Col,ET,-33.42,116.237,582.5252448,521.8287037387703,3,NA,NA,17
AU-Cow,ET,-16.238189,145.42715,1009.7889259223986,889.5260890708332,17,NA,NA,17
AU-Cpr,ET,-34.0027,140.5877,233.2985852391853,238.360641904206,16,NA,NA,17
AU-Ctr,ET,-16.103219,145.446922,1262.276797713411,904.7294336718387,9,NA,NA,17
AU-Cum,ET,-33.615278000000004,150.723611,718.4741715333952,762.6861977420036,12,NA,NA,17
AU-DaP,ET,-14.0633,131.3181,755.4208511431837,824.538096201158,6,NA,NA,17
AU-DaS,ET,-14.1592,131.3881,906.6491265751879,815.7859847369118,18,NA,NA,17
AU-Dry,ET,-15.2588,132.3706,768.986812584935,706.8569969880169,16,NA,NA,17
AU-Emr,ET,-23.85872,148.4746,405.2106542057143,567.1411130876263,3,NA,NA,17
AU-Fle,ET,-19.887285,146.189138,588.7302042306121,600.2876351173916,4,NA,NA,17
AU-Fog,ET,-12.5452,131.3072,1322.2923856897955,957.9396961552161,3,NA,NA,17
AU-GWW,ET,-30.1914,120.65417,245.97114113112886,295.0190019984003,13,NA,NA,17
AU-Gin,ET,-31.376351,115.71377,564.4534356852494,480.27453532098843,15,NA,NA,17
AU-How,ET,-12.4952,131.15005,1146.6371085283868,973.5464490140176,24,NA,NA,17
AU-Lit,ET,-13.17904,130.79455,1102.3413253530612,939.2457020459411,11,NA,NA,17
AU-Lon,ET,-23.52327,144.31042,371.83997133404085,404.7323870138034,7,NA,NA,17
AU-MvA,ET,-30.543,150.02,449.401047722449,653.3882144992684,2,NA,NA,17
AU-Otw,ET,-38.525,142.81,616.1635354040817,598.4626565755208,4,NA,NA,17
AU-RDF,ET,-14.563639,132.477567,603.475099255102,786.6263578822736,3,NA,NA,17
AU-Rgf,ET,-32.506102,116.966827,357.3248821364781,407.50917294238536,10,NA,NA,17
AU-Rig,ET,-36.6499,145.5759,465.997063056035,554.2379202343998,7,NA,NA,17
AU-Rob,ET,-17.11746943,145.6301375,977.1459117980106,1012.3748293212273,13,NA,NA,17
AU-Sam,ET,-27.38806,152.87778,627.5572592932652,846.3419336002975,8,NA,NA,17
AU-Sil,ET,-42.090556,147.0875,527.3211286638367,562.703888374704,5,NA,NA,17
AU-Stp,ET,-17.1507,133.3502,476.75747515144155,525.8975075552399,18,NA,NA,17
AU-TTE,ET,-22.287,133.64,264.44027206981883,289.38653351729346,11,NA,NA,17
AU-Tum,ET,-35.6566,148.1516,823.4220744093989,697.0618458920618,20,NA,NA,17
AU-Wac,ET,-37.4259,145.1878,735.3017762693878,625.4872096684202,4,NA,NA,17
AU-Wel,ET,-32.5727,148.9843,580.3083591795918,611.4115492482003,2,NA,NA,17
AU-Whr,ET,-36.6732,145.0294,519.0068735440234,494.34300539471803,13,NA,NA,17
AU-Wom,ET,-37.422506,144.094046,826.4530003516379,566.7067696317588,14,NA,NA,17
AU-Wrr,ET,-43.09502,146.65452,629.0509137507289,726.3429257352377,9,NA,NA,17
AU-Ya1,ET,-33.613469,150.734864,522.3364755061224,763.854018376139,3,NA,NA,17
AU-Ya2,ET,-33.620812,150.763284,640.940544955102,767.9448049172906,3,NA,NA,17
AU-Ync,ET,-34.9878,146.2908,349.2326127378189,406.61701804024005,13,NA,NA,17
BE-Bra,ET,51.30761,4.51984,342.4781010729352,427.7772958040816,24,NA,NA,17
BE-Dor,ET,50.311874,4.968113,361.64853561622044,484.960268406034,9,NA,NA,17
BE-Lcr,ET,51.11218,3.85043,411.1901263550204,465.1744106552031,4,NA,NA,17
BE-Lon,ET,50.55162,4.746234,375.1065516781556,473.21624393162904,21,NA,NA,17
BE-Maa,ET,50.97987,5.631851,363.4788230211429,434.0937536499304,10,NA,NA,17
BE-Vie,ET,50.304962,5.998099,375.62827636575673,478.8566575285636,30,NA,NA,17
BJ-Bfg,ET,9.791,1.718,1107.7163981076385,800.9241972152017,10,NA,NA,17
BJ-Db1,ET,6.607338,2.543043,1092.8014038367348,909.7399147890138,3,NA,NA,17
BJ-Nhu,ET,9.74,1.6,889.0641764399124,822.2140059082033,10,NA,NA,17
BR-ITA,ET,-23.0604,-48.6467,817.6348569673471,930.6593268738775,5,NA,NA,17
BR-Ji3,ET,-10.1866,-61.8725,1389.657644827347,1067.9341292991694,7,NA,NA,17
BR-Ma2,ET,-2.6091,-60.2093,1156.4519569822066,1179.6125039472324,18,NA,NA,17
BR-Ma3,ET,-2.3907,-59.8835,1370.1111694693298,1171.924337280057,10,NA,NA,17
BR-Npw,ET,-16.498,-56.412,1241.4431651693878,1018.5949437691409,5,NA,NA,17
BR-Sa1,ET,-2.8567,-54.9589,1200.7375109433237,1110.9505496583204,8,NA,NA,17
BR-Sa3,ET,-3.018,-54.9714,1212.3981065020407,1109.4976210539583,5,NA,NA,17
BR-Xpw,ET,-16.373,-56.461,962.3390921081634,1005.9804322909018,5,NA,NA,17
BW-Gum,ET,-18.964722,22.37111,1089.0479099755103,463.5457736220851,3,NA,NA,17
CA-ARB,ET,52.695,-83.9452,293.6134514384048,321.0170822078125,13,NA,NA,17
CA-ARF,ET,52.7008,-83.955,288.47911702000545,320.85451952226555,14,NA,NA,17
CA-CF3,ET,58.6658,-93.8304,198.76195122164086,234.05312661116378,4,NA,NA,17
CA-Ca1,ET,49.8673,-125.3336,400.50154001500783,460.79875712954276,13,NA,NA,17
CA-Ca2,ET,49.8705,-125.2909,291.3431291976289,454.70386452779786,11,NA,NA,17
CA-Ca3,ET,49.5346,-124.9004,368.01620735657286,445.365306682573,22,NA,NA,17
CA-Cbo,ET,44.3184,-79.9341,443.0297513510405,512.6225991651359,28,NA,NA,17
CA-DB2,ET,49.119,-122.9951,386.74160530089796,457.80212167581317,6,NA,NA,17
CA-DBB,ET,49.1293,-122.9849,433.01092728533524,458.07526980610913,9,NA,NA,17
CA-DSM,ET,49.0887,-122.8954,565.2195229891838,458.21248879954373,4,NA,NA,17
CA-EM1,ET,50.3623,-100.2024,518.9546217607347,379.04184373360283,3,NA,NA,17
CA-EM2,ET,50.3706,-100.5339,500.3429196232653,386.12855674917347,3,NA,NA,17
CA-Gro,ET,48.2167,-82.1556,377.6404988914286,393.624595335421,12,NA,NA,17
CA-LP1,ET,55.1119,-122.8414,292.4156986959843,362.1081881498659,16,NA,NA,17
CA-Man,ET,55.8796,-98.4808,268.0637905859101,330.22232951096225,15,NA,NA,17
CA-Mer,ET,45.4094,-75.5186,441.9221880405679,488.4265938247731,23,NA,NA,17
CA-Na1,ET,46.4722,-67.1,498.3194352195918,454.7773346674803,3,NA,NA,17
CA-Ojp,ET,53.9163,-104.692,238.5663491961351,365.31070704825436,12,NA,NA,17
CA-Qc2,ET,49.7598,-74.5711,381.8911030714286,407.7139078718924,4,NA,NA,17
CA-Qfo,ET,49.6925,-74.3421,279.6891626702624,402.39711018763234,8,NA,NA,17
CA-RBM,ET,49.1313,-123.1964,556.6632727959183,451.5972883660832,3,NA,NA,17
CA-SCC,ET,61.3079,-121.2992,297.7602973336006,299.5411855934685,9,NA,NA,17
CA-SF1,ET,54.485,-105.8176,444.05777178,379.1722096903971,4,NA,NA,17
CA-SF2,ET,54.2539,-105.8775,406.4048358307347,381.4374047456534,5,NA,NA,17
CA-SF3,ET,54.0916,-106.0053,337.7274091806122,372.56316029767703,6,NA,NA,17
CA-SJ2,ET,53.945,-104.649,175.13038109400975,364.4393232707723,6,NA,NA,17
CA-TP1,ET,42.6609,-80.5595,422.5561377476511,550.5579729858398,22,NA,NA,16
CA-TP2,ET,42.7744,-80.4588,928.3002400285714,553.0052567675781,6,NA,NA,17
CA-TP3,ET,42.7068,-80.3483,442.26315217575024,559.52573300125,21,NA,NA,16
CA-TP4,ET,42.7102,-80.3574,421.11996576594163,559.3808220475651,22,NA,NA,16
CA-TPA,ET,42.6947,-80.3487,640.5150540489796,558.8696812734818,4,NA,NA,16
CA-TPD,ET,42.6353,-80.5577,398.5585040832245,550.6318287377931,12,NA,NA,16
CD-Ygb,ET,0.814444,24.502472,1096.3790410040817,1359.6952121718004,6,NA,NA,17
CG-Tch,ET,-4.2891665,11.656417,562.9830578816326,806.8599176288338,4,NA,NA,16
CH-Aws,ET,46.58311,9.790639,584.6990972984316,478.1588467929216,18,NA,NA,17
CH-Cha,ET,47.21022,8.410444,606.4232116886245,496.8500434630341,19,NA,NA,17
CH-Crs,ET,47.0436,7.0475,662.0753888448979,514.0315806664389,2,NA,NA,17
CH-Dav,ET,46.81533,9.85591,555.7557848030481,482.84932177234276,29,NA,NA,17
CH-Frk,ET,46.577637,8.421592,202.79499829714285,476.1156177850433,2,NA,NA,17
CH-Fru,ET,47.115833,8.537778,580.976281511465,496.7668822968536,20,NA,NA,17
CH-Lae,ET,47.478333,8.364389,722.8367526938346,511.08841436701493,21,NA,NA,17
CH-Oe1,ET,47.28583,7.731944,625.986627642245,500.62398571863446,10,NA,NA,17
CH-Oe2,ET,47.286415,7.73375,635.1277281387114,500.60627583189836,21,NA,NA,17
CH-Oe3,ET,47.28542,7.732438,614.3740521250409,500.59003148892094,10,NA,NA,17
CH-Rh1,ET,47.3,9.5,660.3506443542857,514.9789816792805,4,NA,NA,17
CH-Rh2,ET,47.3,9.5,707.6841301065307,514.9789816792805,4,NA,NA,17
CH-Rtb,ET,47.3804,8.9934,624.1180950440614,509.27508579187173,14,NA,NA,17
CH-Tnk,ET,47.48058,8.911775,534.0987372416326,505.97590929226754,1,NA,NA,17
CL-ACF,ET,-40.1726,-73.4439,550.7492998408163,691.2090069671176,3,NA,NA,17
CL-SDF,ET,-41.883,-73.676,659.4042974069387,643.9087293260252,8,NA,NA,17
CL-SDP,ET,-41.879,-73.666,517.5857901085715,644.1107073100261,8,NA,NA,17
CN-Aro,ET,38.04734,100.46432,532.7883978385158,291.8092603389008,12,NA,NA,17
CN-Ash,ET,24.53806,101.02917,671.2391803836733,726.0717935347277,11,NA,NA,17
CN-BeO,ET,40.02621,116.39143,433.00108752888,394.464182886979,9,NA,NA,17
CN-DaW,ET,30.4691,91.0624,705.1492265289796,300.10046766836376,5,NA,NA,17
CN-Dan,ET,30.4978,91.0664,581.6022959167348,301.8759091654046,6,NA,NA,17
CN-Dda,ET,41.64397,110.33147,207.49313313477552,265.1992321683156,3,NA,NA,17
CN-Din,ET,23.1733,112.5361,663.3513101741981,868.819718786681,8,NA,NA,17
CN-Dmn,ET,38.85551,100.37223,700.7201535363922,173.0551503680676,13,NA,NA,17
CN-Dsh,ET,38.83992,98.9406,440.3199701755325,240.0464509591796,12,NA,NA,17
CN-Du2,ET,42.0467,116.2836,370.67647320081346,391.70038075797424,8,NA,NA,17
CN-Dzo,ET,19.546,109.475,953.305357043003,929.8883794441715,9,NA,NA,17
CN-Erg,ET,50.1869,119.3889,258.9569164137674,342.78280469146966,3,NA,NA,17
CN-GuT,ET,34.35481,100.4872,439.8550991338776,338.25285473512895,3,NA,NA,17
CN-Ha2,ET,37.6086,101.3269,413.99093598759185,339.15881749809955,9,NA,NA,17
CN-HaM,ET,37.607433,101.332,396.5436017298542,339.5234292230727,14,NA,NA,17
CN-HaW,ET,37.607655,101.32899,625.6432479177552,339.3250525292155,6,NA,NA,17
CN-HeD,ET,42.1135,100.9872,26.21636537629224,36.85557465029748,6,NA,NA,17
CN-HeM,ET,41.99029,101.13349,643.4864411413776,36.38153587977088,12,NA,NA,17
CN-Huz,ET,38.76519,100.3186,265.2168119608776,188.3790115664098,10,NA,NA,17
CN-Jng,ET,37.83869,101.1145,369.2668327952747,323.0916276677395,7,NA,NA,17
CN-Jzh,ET,41.14806,121.20167,480.5344498907756,450.5778144134826,5,NA,NA,17
CN-Lch,ET,37.88936,114.69289,675.8480716676852,445.4017290111111,12,NA,NA,17
CN-Lsh,ET,45.27984,127.57821,324.7487157442041,440.93332015819925,5,NA,NA,17
CN-Nmn,ET,42.94611,120.72694,675.9697455451837,369.01930234702616,5,NA,NA,17
CN-Sb1,ET,42.40907,117.31461,301.405353291551,383.01539319520975,5,NA,NA,17
CN-Sb2,ET,42.39117,117.37017,357.21823306371425,384.3195691946308,5,NA,NA,17
CN-Sdq,ET,42.00119,101.13741,565.6868958732136,36.41459695586494,12,NA,NA,17
CN-Xi2,ET,43.55444,116.6714,376.2220227020554,321.7956127777997,8,NA,NA,17
CN-YaS,ET,37.70877,107.22655,257.5728765685714,281.68067990467176,10,NA,NA,17
CN-Yan,ET,37.82861,107.49278,506.6633827322448,287.3544457678119,3,NA,NA,17
CN-You,ET,38.01419,100.24206,354.9607199467871,304.5830668860033,10,NA,NA,17
CN-Yuc,ET,36.8287,116.5701,633.865297172274,512.9547066261537,9,NA,NA,17
CN-Zha,ET,38.97514,100.4464,1200.380911583867,153.33940910705283,13,NA,NA,17
CR-AqC,ET,9.938369,-83.7289,817.7467136830321,1525.714534021265,8,NA,NA,17
CR-Fsc,ET,10.4189,-85.4732,1269.092381455102,1177.4004195906118,4,NA,NA,17
CZ-BK1,ET,49.502075,18.536882,411.5258177416256,502.459707941689,22,NA,NA,17
CZ-BK2,ET,49.49443,18.54285,196.0438215414096,502.67687930835604,7,NA,NA,17
CZ-KrP,ET,49.573257,15.078773,400.1464928555265,468.70321153678196,10,NA,NA,17
CZ-LnG,ET,48.704224,16.926247,527.6820932228571,458.7294001152387,6,NA,NA,17
CZ-Lnz,ET,48.68155,16.946331,548.2188808122523,462.1891218762454,11,NA,NA,17
CZ-RAJ,ET,49.44372,16.696512,381.54531741801,477.3370779707101,13,NA,NA,17
CZ-Stn,ET,49.035976,17.9699,400.46973216939705,509.06088970857223,15,NA,NA,17
CZ-wet,ET,49.02465,14.77035,463.7222650846208,505.7815995382461,20,NA,NA,17
DE-Akm,ET,53.86617,13.68342,485.08415609379927,407.28885589608586,15,NA,NA,17
DE-Amv,ET,52.1757,6.95537,360.51604036897953,395.74343494166317,3,NA,NA,17
DE-Brs,ET,52.29663,10.44871,359.8040604820408,432.98275834159045,3,NA,NA,17
DE-Fen,ET,47.832905,11.060701,602.5472396228572,529.1484875049209,3,NA,NA,17
DE-Geb,ET,51.09973,10.91463,508.6151210038776,447.46248349204103,5,NA,NA,17
DE-Gri,ET,50.950005,13.512533,440.4676697481389,442.9278566055475,22,NA,NA,17
DE-GsB,ET,52.029648,11.10478,436.3000576678442,427.0536847564531,11,NA,NA,17
DE-Gwg,ET,47.570835,11.032604,508.05608545469386,534.5588224528256,3,NA,NA,17
DE-Hai,ET,51.079212,10.452168,354.79750688434757,454.69924772604844,25,NA,NA,17
DE-Har,ET,47.93391,7.59814,470.6448708820408,520.2632255719514,6,NA,NA,17
DE-Hdn,ET,53.86825,13.268543,472.6033974367346,408.6189671608457,4,NA,NA,17
DE-HoH,ET,52.08656,11.22235,574.7920487964853,423.98305544601965,11,NA,NA,17
DE-Hte,ET,54.213055,12.179944,539.1330313628572,396.7445552140897,10,NA,NA,17
DE-Hzd,ET,50.96381,13.48978,506.7250460752233,442.61065306416987,16,NA,NA,17
DE-Kli,ET,50.893044,13.5223,428.04972556705775,443.6742727122604,22,NA,NA,17
DE-Lkb,ET,49.099617,13.3046665,452.5100509518368,505.1900538608228,5,NA,NA,17
DE-Lnf,ET,51.328217,10.3678,352.122987575265,451.46006930843356,20,NA,NA,17
DE-Msr,ET,47.80918,11.456168,529.2978890352246,530.1394234557287,6,NA,NA,17
DE-Obe,ET,50.7864,13.72168,374.61535986421427,446.25210934507135,17,NA,NA,17
DE-Rns,ET,51.494953,9.932118,440.6893665097959,450.16467079673134,4,NA,NA,17
DE-RuC,ET,50.5031,6.336,422.78616521438965,461.7039460388653,12,NA,NA,17
DE-RuM,ET,50.929787,6.2969923,583.453139040481,435.8015230568107,9,NA,NA,17
DE-RuR,ET,50.621914,6.304126,537.055606059372,454.1014962002812,15,NA,NA,17
DE-RuS,ET,50.865906,6.4471445,578.1608997376643,434.3207148557742,15,NA,NA,17
DE-RuW,ET,50.50493,6.3309627,728.5914504244593,461.63883120754457,14,NA,NA,17
DE-Seh,ET,50.870625,6.449653,542.0605801812245,434.09869011096214,4,NA,NA,17
DE-SfS,ET,47.80629,11.32757,583.458767777833,531.2473838217139,11,NA,NA,17
DE-Spw,ET,51.89225,14.03369,439.0744962260204,431.0999958026764,6,NA,NA,17
DE-Tha,ET,50.962597,13.565333,400.27721337627565,443.1297601655492,30,NA,NA,17
DE-Zrk,ET,53.875942,12.88901,487.39849504506117,408.5486389978521,10,NA,NA,17
DK-Eng,ET,55.69053,12.19175,305.2977630281633,388.27238136313025,4,NA,NA,17
DK-RCW,ET,55.680683,12.101398,360.12253284,385.4922025968922,3,NA,NA,17
DK-Skj,ET,55.91273,8.40481,628.1534018571429,383.91694524468073,3,NA,NA,17
DK-Sor,ET,55.48587,11.644645,426.8186253308936,380.0361960275516,29,NA,NA,16
DK-Vng,ET,56.037476,9.160709,310.4985276040408,386.88274946182867,4,NA,NA,17
EE-Pts,ET,58.562298,24.369932,451.7365083413878,374.98499850228643,3,NA,NA,17
EE-Stg,ET,58.023636,26.070753,314.86816675755,372.57556396525564,9,NA,NA,17
ES-Abr,ET,38.70184,-6.785881,330.83997103102035,441.84381899938353,6,NA,NA,17
ES-Agu,ET,36.939384,-2.034044,196.76109931038192,267.43588025290137,15,NA,NA,17
ES-Amo,ET,36.833405,-2.2522173,198.41819358768092,267.731927606241,13,NA,NA,17
ES-Cnd,ET,37.914997,-3.227659,392.91415230594754,399.6387310698355,8,NA,NA,17
ES-Crg,ET,39.11926,-0.95852,525.0876667163265,417.1706586443937,4,NA,NA,17
ES-FtD,ET,36.99854,-6.434575,422.69282191083676,461.45789225632933,4,NA,NA,17
ES-Gdn,ET,37.91084,-3.228489,427.6678410019837,399.5496096484409,8,NA,NA,17
ES-HeB,ET,38.40475,-1.726215,427.77272204155094,366.6035466644237,6,NA,NA,17
ES-Hen,ET,38.411087,-1.697534,355.35018468857146,367.44361096309234,6,NA,NA,17
ES-LJu,ET,36.926594,-2.752115,247.44719745620162,363.63740530214284,21,NA,NA,17
ES-LM1,ET,39.94269,-5.778683,493.8961680754509,414.33406280191025,11,NA,NA,17
ES-LM2,ET,39.934593,-5.775881,455.9829998118089,412.1150777753835,11,NA,NA,17
ES-LMa,ET,39.94033,-5.77465,448.97217743387756,413.6532099725941,6,NA,NA,17
ES-LgS,ET,37.097935,-2.965833,362.9578257697959,428.05230203922787,3,NA,NA,17
ES-Mcd,ET,39.58819,-0.39969,367.33215867481056,415.16805597463156,7,NA,NA,17
ES-MtB,ET,37.020206,-6.5544033,227.18437175020412,456.9139577064169,4,NA,NA,17
ES-Mzn,ET,40.089497,-0.827409,417.5939924081633,487.5545275230288,2,NA,NA,17
ES-Pdu,ET,37.016975,-3.609228,795.8277038130612,412.04581363655257,4,NA,NA,17
ES-Pzb,ET,38.362118,-4.767329,341.9853493099592,438.42098329513567,5,NA,NA,17
ES-Srn,ET,40.15047,-0.8380832,366.3528761020408,495.15094050442417,2,NA,NA,17
ES-VDA,ET,42.15111,1.4473800000000001,539.1624833338776,594.2845733895973,3,NA,NA,17
ES-Yst,ET,38.338932,-2.3506052,533.3279965310204,446.3016980589393,6,NA,NA,17
FI-Hyy,ET,61.847410000000004,24.29477,326.5684272916758,305.3669552748656,29,NA,NA,17
FI-Jok,ET,60.8986,23.51345,207.76334007563267,331.76343382708467,4,NA,NA,17
FI-Ken,ET,67.98721,24.24301,278.30426103164126,228.78141790601308,8,NA,NA,17
FI-Let,ET,60.64183,23.95952,393.12660136313525,340.4855343283068,16,NA,NA,17
FI-Nsv,ET,62.8639,24.08382,309.222412144898,306.6967706372467,4,NA,NA,17
FI-Pap,ET,63.13806,27.246117,322.8922224240245,304.69143264776415,1,NA,NA,17
FI-Qvd,ET,60.295242,22.391607,338.4297300375625,310.2083524649999,6,NA,NA,17
FI-Rk2,ET,61.182884,25.262684,323.67907500685715,323.16927094011584,4,NA,NA,17
FI-Ruk,ET,64.68398,25.106318,372.0470580657551,304.8096636409027,4,NA,NA,17
FI-Sar,ET,63.15143,27.199064,286.8616141736327,308.61627207836136,1,NA,NA,17
FI-Sii,ET,61.83265,24.19285,342.3972848391446,303.55320047924846,7,NA,NA,17
FI-Sod,ET,67.36239,26.63859,75.7855522487755,242.5717429941885,2,NA,NA,17
FI-Var,ET,67.7549,29.61,168.7742842582408,223.09566543224486,10,NA,NA,16
FR-Aur,ET,43.54965,1.106103,453.0157433919683,592.5321702339712,21,NA,NA,17
FR-Bil,ET,44.493652,-0.956092,582.4155880111057,609.0053180341147,12,NA,NA,17
FR-CLt,ET,45.0414,6.41053,315.39345123438375,518.2382859434423,6,NA,NA,17
FR-EM2,ET,49.87211,3.02065,471.10223571809036,476.4591070542971,8,NA,NA,17
FR-FBn,ET,43.24079,5.67865,483.3112621702697,472.99891967773436,16,NA,NA,17
FR-Fon,ET,48.476357,2.780096,459.946799757551,478.3803923189352,6,NA,NA,17
FR-Gri,ET,48.84422,1.95191,454.88048083000194,431.45514413355625,22,NA,NA,17
FR-Hes,ET,48.6741,7.06465,386.1272326012286,497.13620528297776,25,NA,NA,17
FR-LBr,ET,44.71711,-0.7693,551.5477502545857,599.7980384369824,11,NA,NA,17
FR-LGt,ET,47.322918,2.284102,346.53293412900877,491.47188778576685,8,NA,NA,17
FR-Lam,ET,43.496437,1.237878,477.1684663622449,592.6592962183436,4,NA,NA,17
FR-Lqu,ET,45.6444,2.7349,593.8989562689794,554.5963743280014,3,NA,NA,17
FR-Lus,ET,46.414246,0.1206518,541.1232318012245,539.6843130823895,3,NA,NA,17
FR-Mau,ET,43.385,1.29306,563.5934260278717,601.3882879832805,7,NA,NA,17
FR-Mej,ET,48.1184,-1.79635,445.13720781953356,493.84443677396257,7,NA,NA,17
FR-Nzn,ET,48.005814,-2.81721,611.4542628395335,513.6954618656323,9,NA,NA,17
FR-Pue,ET,43.7413,3.5957,434.0852524766699,540.6563965580194,26,NA,NA,17
FR-Tou,ET,43.572857,1.37474,507.63084411122446,575.1345299178395,8,NA,NA,17
GF-Guy,ET,5.2787,-52.9248,1252.2288068681316,1427.53189771686,22,NA,NA,16
GL-Dsk,ET,69.25349,-53.51413,120.79562794861222,76.09348470522342,6,NA,NA,16
HK-MPM,ET,22.498167,114.029236,1183.5968589183672,880.3242484641926,3,NA,NA,17
ID-JOP,ET,-1.69306,103.39139,1257.642382146035,1325.135730155543,11,NA,NA,17
ID-PaB,ET,-2.340796,114.0379,1157.4377783754671,1375.312505831081,13,NA,NA,17
ID-PaD,ET,-2.3460708,114.03641,1211.1121070920365,1375.953581692921,17,NA,NA,17
ID-Pag,ET,-2.3239167,113.90439,1427.902216781633,1375.248739694002,14,NA,NA,17
IE-CaC,ET,52.85879,-6.918136,122.36313472040206,412.3831647425102,5,NA,NA,17
IE-CaN,ET,52.85879,-6.918136,129.13174634987755,412.3831647425102,5,NA,NA,17
IE-Cra,ET,53.32308,-7.64177,208.97909446885714,433.68924773482337,3,NA,NA,17
IL-Yat,ET,31.345045,35.051987,262.93470515999496,235.7710962896175,25,NA,NA,17
IT-Arz,ET,45.61902,10.00228,736.1879460749564,580.8945534154118,9,NA,NA,17
IT-BCi,ET,40.52375,14.957444,738.6040186305436,522.9545959486229,20,NA,NA,17
IT-BFt,ET,45.197754,10.741966,604.2739192782508,582.1750067914016,7,NA,NA,17
IT-BsB,ET,45.11823,7.161995,552.7802550232655,502.36963468755584,4,NA,NA,17
IT-CA1,ET,42.38041,12.026561,707.1846613163266,541.1157922749918,4,NA,NA,17
IT-CA2,ET,42.37722,12.026039,484.82760948244896,541.2186480578181,4,NA,NA,17
IT-CA3,ET,42.38,12.0222,680.7317410506122,540.7367499165932,4,NA,NA,17
IT-Cp2,ET,41.704266,12.357293,511.3819958283634,485.9053379463668,14,NA,NA,16
IT-Cpz,ET,41.70525,12.376106,486.6283054849854,488.0569221826746,8,NA,NA,16
IT-Lav,ET,45.9562,11.28132,606.6854146105707,566.4360351746208,18,NA,NA,17
IT-Lsn,ET,45.740482,12.750297,545.1200640934547,629.6849020348428,10,NA,NA,17
IT-MBo,ET,46.01468,11.045831,496.8633255667138,531.6873639244445,22,NA,NA,17
IT-MtM,ET,46.687134,10.579597,704.2013025961226,426.2207613578081,6,NA,NA,17
IT-MtP,ET,46.684284,10.5851755,488.5142384424489,426.5365145884505,6,NA,NA,17
IT-NiG,ET,45.51919,7.171434,505.7408140071429,480.11383075240076,5,NA,NA,17
IT-Noe,ET,40.606174,8.151694,360.9964153799999,465.22496574910076,3,NA,NA,15
IT-PT1,ET,45.20087,9.061039,487.2226166448979,582.1996530609941,3,NA,NA,17
IT-Ren,ET,46.58686,11.43369,582.3126869353864,525.3447745090791,26,NA,NA,17
IT-Ro1,ET,42.40812,11.93001,417.0993952010641,524.6450828778588,9,NA,NA,17
IT-Ro2,ET,42.39026,11.92093,470.2425710857295,523.8701544952033,10,NA,NA,17
IT-SR2,ET,43.73202,10.29091,742.3063572259199,551.9680072736725,13,NA,NA,17
IT-SRo,ET,43.72786,10.284445,537.0523985664073,552.4070333479218,14,NA,NA,17
IT-Tor,ET,45.84444,7.578055,486.3636223631345,449.051449005059,18,NA,NA,17
IT-TrF,ET,45.82376,7.56089,535.2432782839936,447.0522526188048,14,NA,NA,17
JP-Api,ET,40.001358,140.93658,232.4511112483551,619.2900709977683,23,NA,NA,17
JP-BBY,ET,43.322998,141.81065,533.7328157779592,515.175973551694,7,NA,NA,17
JP-Fhk,ET,35.443554,138.7647,542.6176935770708,754.2593755182326,18,NA,NA,17
JP-Fjy,ET,35.45454,138.76225,503.8183890606122,755.1862435478143,12,NA,NA,17
JP-Fmt,ET,35.638744,139.37975,938.7418472556559,699.4622504500373,10,NA,NA,17
JP-Hc3,ET,34.539673,133.91173,668.3074244816326,762.1577410916209,4,NA,NA,17
JP-Khw,ET,33.13658,130.70834,1000.933220196385,836.8420080619211,12,NA,NA,17
JP-Kzw,ET,36.406788,138.57257,184.54846988099126,684.8693743744416,8,NA,NA,17
JP-MMF,ET,44.321884,142.26152,546.0128877402683,457.58313908170794,8,NA,NA,17
JP-Mse,ET,36.05393,140.02693,830.8230841784257,656.029214183534,8,NA,NA,17
JP-NsC,ET,36.915054,139.93684,677.3837405563636,667.7620628876042,12,NA,NA,17
JP-NsM,ET,36.91604,139.936,706.3595414809649,667.6049291087845,12,NA,NA,17
JP-Nuf,ET,35.152416,136.9719,217.68587584530613,741.043813662405,2,NA,NA,17
JP-Om2,ET,34.542454,135.50822,901.172180332653,725.2088295134523,4,NA,NA,17
JP-SMF,ET,35.261528,137.07875,658.0002279960669,762.2088949194863,13,NA,NA,17
JP-Shn,ET,35.865753,137.93256,685.9361546081633,663.6321707623742,5,NA,NA,17
JP-Spp,ET,42.986843,141.38533,464.7317357446899,497.0468550818309,17,NA,NA,17
JP-Srk,ET,40.565483,140.12779,479.6531944291837,648.8781330033285,6,NA,NA,17
JP-Ta2,ET,36.140038,137.37071,543.071221351312,677.3162877180125,11,NA,NA,17
JP-Tak,ET,36.146168,137.42311,130.25453996077164,670.9742448309137,24,NA,NA,17
JP-Tef,ET,45.05581,142.10712,288.6795886239278,438.41717630550977,23,NA,NA,17
JP-Tgf,ET,36.11353,140.09488,668.9650891591838,692.5230381222182,3,NA,NA,17
JP-Tmd,ET,42.735912,141.52315,425.9835251114946,492.18438901434445,19,NA,NA,16
JP-Tmk,ET,42.739307,141.51483,571.6587501918367,491.7549962023991,3,NA,NA,16
JP-Toc,ET,42.70973,141.5659,416.3194508932653,495.04943523263046,4,NA,NA,16
JP-Yms,ET,34.79028,135.84094,945.1360290170553,725.7302594889062,9,NA,NA,17
JP-Ynf,ET,26.751,128.21266,823.9439245744898,849.7592488606771,10,NA,NA,5
KE-Chk,ET,-3.6663,38.350185,521.3875291714286,686.113138297249,3,NA,NA,17
KE-Kpt,ET,-1.6141866,37.13311,554.7812571415102,636.2058559435103,6,NA,NA,17
KE-Mkt,ET,-3.425859,38.140663,438.0068495747755,711.2243733975872,5,NA,NA,17
KH-Kmp,ET,12.744579,105.47857,1349.8411149918368,1108.9149090096723,4,NA,NA,17
KR-AdC,ET,36.50565,126.35909,634.1792218163265,676.4334050866698,4,NA,NA,16
KR-CRK,ET,38.2013,127.2497,653.7076760162099,610.7733603307439,7,NA,NA,17
KR-CmF,ET,37.1599,127.65365,630.3815808968046,636.0633074087697,8,NA,NA,17
KR-GmR,ET,35.74862,126.86432,797.4531635142857,729.6910408048341,3,NA,NA,17
KR-GmS,ET,35.75089,126.81378,706.5413710897959,733.8188010142885,3,NA,NA,17
KR-HPK,ET,34.47722,126.48105,786.2693397061225,735.8973468759979,3,NA,NA,17
KR-Hnm,ET,34.5538,126.56992,758.1795603612244,747.6004869228876,4,NA,NA,17
KR-JjM,ET,33.31798,126.56772,545.0373769242857,743.6134738810538,4,NA,NA,13
KR-Kw1,ET,37.74843,127.16261,518.6858347329796,621.7338018952637,5,NA,NA,17
KR-Kw2,ET,37.74869,127.14888,379.8265982602041,621.7265319732257,5,NA,NA,17
KR-Nj1,ET,35.02753,126.82093,736.0271359346938,754.7720100837493,2,NA,NA,17
KR-Nj2,ET,35.0269,126.8219,871.5241997632652,754.7603251300376,2,NA,NA,17
KR-PcD,ET,37.48184,128.51604,677.6146176428571,622.1846383438221,4,NA,NA,17
KR-ScC,ET,37.22141,129.29863,464.32369486469383,619.2829330656944,4,NA,NA,16
KR-SmM,ET,37.93894,126.95471,610.3436850610846,604.9214145640842,7,NA,NA,17
KR-UAO,ET,36.41682,128.79904,584.901650152653,673.1003903792976,3,NA,NA,17
KR-WdE,ET,34.35956,126.67779,728.7059874122449,736.2507614838712,4,NA,NA,17
ML-Kem,ET,15.2875,-1.543056,917.4580576530611,327.9386713056877,3,NA,NA,17
MN-Hst,ET,47.59293,105.85497,227.11429792050612,275.2882857711049,6,NA,NA,17
MN-Kbu,ET,47.21397,108.737335,119.04241005881633,276.0925544622509,6,NA,NA,17
MN-Nkh,ET,47.693592,107.48934,256.84331654043035,308.30649076357327,6,NA,NA,17
MX-Aog,ET,26.9968,-108.7892,740.0417671469388,550.6767374671699,3,NA,NA,17
MX-Tes,ET,27.8446,-109.2977,439.84063899073465,506.9524952239603,5,NA,NA,17
MY-LHP,ET,4.201007,114.03908,1142.7090684244897,1403.2817672602232,11,NA,NA,17
NL-Hrw,ET,51.972466,5.641228,611.5300260230205,415.84439673248653,9,NA,NA,17
NL-Loo,ET,52.166447,5.74355,465.9151599487222,426.5152040209947,29,NA,NA,17
NL-Vkp,ET,51.980934,5.618825,632.2557058361966,416.0986264857658,12,NA,NA,17
NO-And,ET,69.1422,16.01975,278.80887389657147,266.01494835358346,7,NA,NA,16
NO-Fns,ET,60.59384,7.5271025,73.82668977482798,228.16432059940553,8,NA,NA,17
NO-Hur,ET,60.37163,11.07949,366.5853504220408,362.3330007765114,2,NA,NA,17
NZ-ADd,ET,-43.64405,172.35465,529.8685440068572,544.7913431452577,5,NA,NA,17
NZ-ADw,ET,-43.64935,172.34952,629.2486345225802,543.5447204674083,8,NA,NA,17
NZ-BFm,ET,-43.593528,171.929611,742.9069253020408,598.3040027021946,4,NA,NA,17
NZ-BFu,ET,-43.591833,171.926833,620.3150772244899,598.4339076218826,3,NA,NA,17
NZ-Cla,ET,-43.78628,171.59558,750.5723915706122,605.9842278492703,4,NA,NA,17
NZ-Kop,ET,-37.387875,175.55389,562.1622024857143,810.2074009711847,4,NA,NA,17
NZ-Lau,ET,-45.038904,169.681109,624.476729335277,529.0043686626198,7,NA,NA,17
NZ-Oxf,ET,-43.2609,172.21588,563.9844596025306,646.611992422532,5,NA,NA,17
NZ-ScF,ET,-37.46,175.22,732.8162574734692,801.0264623616536,4,NA,NA,17
PA-SPn,ET,9.31814,-79.6346,1147.784457195918,1363.5067277175435,3,NA,NA,16
PA-SPs,ET,9.31378,-79.63143,961.4790670040818,1363.7721487711722,4,NA,NA,16
PE-QFR,ET,-3.8344,-73.319,1015.230551032653,1264.4054357941536,3,NA,NA,17
PR-xGU,ET,17.9696,-66.8687,495.69455723914285,1138.0809840303527,6,NA,NA,17
PR-xLA,ET,18.0212,-67.0769,956.3622275755104,1106.508782843976,5,NA,NA,17
RU-Ch2,ET,68.61689,161.35089,132.8225274388922,126.68869507592413,8,NA,NA,17
RU-Che,ET,68.61304,161.34143,172.03055236124433,126.8371589308852,9,NA,NA,17
RU-Fy2,ET,56.4476,32.90188,358.85551760696933,377.13610400165373,10,NA,NA,17
RU-Fy4,ET,56.4727,33.0413,444.10030476979597,377.7749893765345,6,NA,NA,17
RU-Fyo,ET,56.46153,32.922085,369.24615771152975,376.9582295584615,27,NA,NA,17
SD-Dem,ET,13.2829,30.4783,417.5446988644898,306.65840891266004,3,NA,NA,17
SE-Deg,ET,64.18203,19.55654,297.65292902186695,274.29183890393136,6,NA,NA,17
SE-HfM,ET,64.15955,19.551497,259.0885125092021,274.4461584805656,4,NA,NA,17
SE-Hmr,ET,64.15955,19.551497,215.866397353702,274.4461584805656,4,NA,NA,17
SE-Htm,ET,56.09763,13.41897,398.7634866682566,445.3838935462936,7,NA,NA,17
SE-Nor,ET,60.0865,17.479504,349.18281244924077,336.7962595355094,7,NA,NA,17
SE-Ros,ET,64.16522,19.79074,223.73709422376908,272.0610169084831,7,NA,NA,17
SE-Srj,ET,64.17498,19.56381,208.2713553580408,274.24347260334736,4,NA,NA,17
SE-St1,ET,68.35415,19.050333,310.20971402314285,183.08259459122266,8,NA,NA,17
SE-Sto,ET,68.35594,19.045208,205.91792372351023,182.81750255331116,3,NA,NA,17
SE-Svb,ET,64.25611,19.7745,310.1232700543725,271.7536301928279,12,NA,NA,17
SN-Dhr,ET,15.40256,-15.43214,401.5282704942858,360.409593641831,11,NA,NA,17
SN-Nkr,ET,14.49581,-16.45357,528.597283046064,427.88430273267744,7,NA,NA,17
TH-Kog,ET,18.81267,98.90225,885.1634231069388,969.689741648134,7,NA,NA,17
TH-Mae,ET,18.42264,99.72025,869.0662229470845,935.1881978429625,11,NA,NA,17
UK-AMo,ET,55.792545,-3.2436917,130.13299183606466,350.11045477362677,22,NA,NA,17
UK-BnB,ET,54.82326,-6.66984,366.32241604102046,400.8651233458857,4,NA,NA,17
UK-CCr,ET,52.2542,-3.93357,330.97511412734696,425.56862221611607,3,NA,NA,17
UK-GaB,ET,55.10994,-6.529928,350.58913573224487,391.1538908410878,3,NA,NA,17
UK-Gnn,ET,54.96185,-6.760763,360.6039551196734,402.3699613116785,3,NA,NA,17
UK-Gwr,ET,54.85464,-5.988278,314.99411470897957,380.95656151729844,3,NA,NA,17
UK-HgF,ET,52.552177,0.515057,679.7069097795917,389.46800159218554,2,NA,NA,17
UK-HpF,ET,52.24809,-0.0498267,474.71340941632656,394.39077032730927,2,NA,NA,17
US-A03,ET,70.4953,-149.8823,115.14069722146144,122.06821200772583,7,NA,NA,16
US-A10,ET,71.3242,-156.6149,110.03852084814666,87.98427851940153,11,NA,NA,14
US-A32,ET,36.8193,-97.8198,767.4127255469389,706.8982889821074,3,NA,NA,17
US-A39,ET,36.3776,-96.069,550.0516729371429,725.0156633438216,1,NA,NA,17
US-ABa,ET,27.1301,-81.2011,637.8080953591837,999.1890226827485,3,NA,NA,17
US-ABb,ET,27.1346,-81.2031,592.0037417020408,997.8917393188001,3,NA,NA,17
US-ABc,ET,27.1633,-81.1873,678.2228796489795,1000.8565653911044,3,NA,NA,17
US-ABd,ET,27.1699,-81.2152,648.3844711469388,1000.751210485737,3,NA,NA,17
US-ABe,ET,27.1656,-81.2161,871.5202640081634,1000.644536046575,3,NA,NA,17
US-ADR,ET,36.7653,-116.6933,76.83466201229388,99.50900023938141,7,NA,NA,17
US-ALQ,ET,46.0308,-89.6067,464.13324998784844,491.9756555101869,11,NA,NA,17
US-AR1,ET,36.4267,-99.42,519.1772913991837,573.4766633470578,4,NA,NA,17
US-AR2,ET,36.6358,-99.5975,396.8240860432653,571.8059131579472,4,NA,NA,17
US-ARM,ET,36.6058,-97.4888,655.9580446392885,734.1190440083626,23,NA,NA,17
US-ARb,ET,35.5497,-98.0402,602.8523572481633,678.6888766810678,2,NA,NA,17
US-ARc,ET,35.5465,-98.04,672.0772910840817,678.6196048423462,2,NA,NA,17
US-Akn,ET,33.3825,-81.5653,739.4027719111313,831.5100678610374,10,NA,NA,17
US-Aud,ET,31.5907,-110.5104,387.12493020643547,357.255487651685,22,NA,NA,17
US-BRG,ET,39.2167,-86.5406,658.928267827347,664.7352411639607,4,NA,NA,17
US-BZB,ET,64.6955,-148.3208,267.0224804082009,237.01031030622661,14,NA,NA,17
US-BZF,ET,64.7013,-148.3121,301.78175730621126,236.85869081447237,14,NA,NA,17
US-BZo,ET,64.6936,-148.33,272.8363979877035,237.02346652443015,8,NA,NA,17
US-Bar,ET,44.0646,-71.2881,316.77113544042163,497.72872952498744,20,NA,NA,17
US-Bi1,ET,38.0992,-121.4993,835.0773227982506,368.82064479545625,9,NA,NA,17
US-Bi2,ET,38.1091,-121.5351,716.6539807530611,370.49112897796215,9,NA,NA,17
US-CF1,ET,46.7815,-117.0821,434.4980593191428,368.95461707588186,5,NA,NA,17
US-CF2,ET,46.784,-117.0908,434.09593373877556,368.65893782175124,4,NA,NA,17
US-CF3,ET,46.7551,-117.1261,433.1097945183674,367.735620600184,5,NA,NA,17
US-CF4,ET,46.7518,-117.1285,480.7204942867347,367.6797426459936,5,NA,NA,17
US-CGG,ET,37.938,-121.9761,539.0190483171428,369.4079036223902,6,NA,NA,17
US-CLF,ET,40.6366,-77.9424,562.0429312163265,580.3479249469265,3,NA,NA,17
US-CMW,ET,31.6637,-110.1777,658.7144589335261,330.8182407198365,21,NA,NA,17
US-CRK,ET,31.4629,-95.3415,810.6855657428571,805.160170351401,4,NA,NA,17
US-CRT,ET,41.6285,-83.3471,683.0145362571428,566.0509066517584,3,NA,NA,17
US-CdM,ET,37.5241,-109.7471,355.6782910594286,256.96463937817686,6,NA,NA,17
US-Ced,ET,39.8379,-74.3791,689.9750559524082,647.8661301049116,10,NA,NA,17
US-ChR,ET,35.9311,-84.3324,664.844942988464,756.745731347148,14,NA,NA,17
US-Cop,ET,38.09,-109.39,166.41067768897958,298.0934275040689,5,NA,NA,17
US-Cst,ET,33.0442,-91.9204,800.5420389342859,854.4016784341954,5,NA,NA,17
US-Cwt,ET,35.0592,-83.4275,752.4528190982124,764.8514049202067,14,NA,NA,17
US-DFC,ET,43.3448,-89.7117,610.206291837341,587.3099467914006,7,NA,NA,17
US-DPW,ET,28.0521,-81.4361,1030.2116003081633,950.1804982583669,4,NA,NA,17
US-DS2,ET,38.1375,-121.514,861.7084802081633,369.9836788917032,4,NA,NA,17
US-DS3,ET,38.1235,-121.549,1055.639395910204,371.0711115080782,5,NA,NA,17
US-Dix,ET,39.9712,-74.4346,473.4910390187755,625.0909126182356,4,NA,NA,17
US-Dk1,ET,35.9712,-79.0934,650.9731927253354,774.8936995725473,8,NA,NA,17
US-Dk2,ET,35.9736,-79.1004,681.0352247625219,774.7508046369428,8,NA,NA,17
US-Dk3,ET,35.9782,-79.0942,788.1628199851311,774.6203791157105,8,NA,NA,17
US-Dmg,ET,38.0015,-121.6691,1222.2596865489795,375.34822757252795,5,NA,NA,17
US-EA4,ET,29.6633,-98.3816,483.0743665469388,674.3337265655931,4,NA,NA,17
US-EA5,ET,29.3584,-99.9576,414.9544353134694,476.57489378515106,2,NA,NA,17
US-EDN,ET,37.6156,-122.114,999.7867075597085,351.17127446623704,7,NA,NA,17
US-EKH,ET,36.8094,-121.7523,556.646492167347,411.0888735091371,3,NA,NA,17
US-EKP,ET,36.8558,-121.7488,596.5185358285714,409.4386974135575,3,NA,NA,17
US-EML,ET,63.8784,-149.2536,257.1186629572829,216.1311425307341,16,NA,NA,17
US-Elm,ET,25.5519,-80.7826,1151.6710813101577,1032.4723640478342,15,NA,NA,17
US-Esm,ET,25.4379,-80.5946,1054.7991844342353,1019.8316424440432,15,NA,NA,17
US-EvM,ET,25.3539,-80.381,1353.754847755102,987.7304237996418,4,NA,NA,17
US-Fmf,ET,35.1426,-111.7273,449.0997592290612,384.275613707409,6,NA,NA,17
US-Fuf,ET,35.089,-111.762,483.9348376436327,390.1309443527589,6,NA,NA,17
US-Fwf,ET,35.4454,-111.7718,399.787140024,356.53306050503164,6,NA,NA,17
US-GLE,ET,41.3665,-106.2399,570.8603169716328,302.8590453669558,16,NA,NA,17
US-HB1,ET,33.3455,-79.1957,909.4383279341107,811.7734095482994,7,NA,NA,17
US-HB2,ET,33.3242,-79.244,833.9379486160932,809.6596405555009,7,NA,NA,17
US-HB3,ET,33.3482,-79.2322,662.2215663673469,812.7627870241536,6,NA,NA,17
US-HB4,ET,33.2015,-79.2975,970.1244289542858,806.9973247477212,5,NA,NA,17
US-HBK,ET,43.9397,-71.7181,643.8350680601458,514.7328982386242,9,NA,NA,17
US-HWB,ET,40.8608,-77.8488,545.3728258040816,576.2864981148034,4,NA,NA,17
US-Ha1,ET,42.5378,-72.1715,450.98257194834173,552.4302663469263,34,NA,NA,17
US-Ho2,ET,45.209,-68.747,379.62002668922725,503.66242102427185,27,NA,NA,17
US-Ho3,ET,45.2072,-68.7265,342.0648997913009,502.4761635563355,19,NA,NA,17
US-Hsm,ET,38.2368,-122.0212,1012.9382724453062,398.3470626609933,5,NA,NA,17
US-IAB,ET,42.0001,-93.7016,581.7931231496326,615.2471459944414,6,NA,NA,17
US-IAC,ET,41.9984,-93.7016,583.4139869622857,615.1550395507726,6,NA,NA,17
US-IAM,ET,41.9994,-93.7042,633.6641245004082,614.932628539582,6,NA,NA,17
US-ICh,ET,68.6068,-149.2958,140.48282598189246,133.15784820142272,19,NA,NA,17
US-ICs,ET,68.6058,-149.311,157.7201292622226,133.670524444526,19,NA,NA,17
US-ICt,ET,68.6063,-149.3041,149.71363580031326,133.43826363035384,19,NA,NA,17
US-Jo1,ET,32.582,-106.635,256.4246875876021,247.15826760725946,13,NA,NA,17
US-Jo2,ET,32.5849,-106.6032,252.4735072087792,244.7827182623443,11,NA,NA,17
US-KFS,ET,39.0561,-95.1907,528.2086671394716,699.5317628658493,13,NA,NA,17
US-KLS,ET,38.7745,-97.5684,539.6785016164897,670.4485302717544,8,NA,NA,17
US-KPL,ET,60.5382,-150.5061,220.18049357032652,286.2443084713907,4,NA,NA,17
US-KS2,ET,28.6086,-80.6715,899.8234507285714,949.9090537048342,4,NA,NA,16
US-Kon,ET,39.0824,-96.5603,704.3336673311873,655.3218709113711,16,NA,NA,17
US-LA2,ET,29.8587,-90.2869,727.7694065044898,914.4275068117156,5,NA,NA,17
US-LA3,ET,29.4936,-89.9153,867.3085945836735,920.7512035365157,4,NA,NA,17
US-LS1,ET,31.5615,-110.1403,546.3470087371836,340.7080940901501,5,NA,NA,17
US-LS2,ET,31.5659,-110.1344,560.1675507083263,339.8618528275027,5,NA,NA,17
US-Los,ET,46.0827,-89.9786,401.1602902637671,494.03014236551974,22,NA,NA,17
US-MBP,ET,47.5051,-93.4893,542.6142913351401,485.9115464240492,16,NA,NA,17
US-MEF,ET,39.1006,-105.1024,446.1071856538776,368.4749757837592,2,NA,NA,17
US-MMS,ET,39.3232,-86.4133,497.30744873570313,660.8260264849639,25,NA,NA,17
US-MN1,ET,45.6168,-96.1269,483.05304753271145,514.5516552303993,8,NA,NA,17
US-MN2,ET,45.627,-96.1271,504.31812664499995,514.540152674364,8,NA,NA,17
US-MN3,ET,45.6091,-96.1265,528.5179479603673,514.5591878290147,5,NA,NA,17
US-MOz,ET,38.7441,-92.2,552.2736339022996,723.2968559651277,18,NA,NA,17
US-Me3,ET,44.3154,-121.6078,357.9812260615102,416.52749240314836,6,NA,NA,17
US-Me5,ET,44.4372,-121.5668,363.76956810367346,419.0218634747004,3,NA,NA,17
US-Me6,ET,44.3232,-121.6044,319.84510998712216,416.6389397533984,16,NA,NA,17
US-Me7,ET,44.4534,-121.5619,76.9452065676735,419.4016248949172,2,NA,NA,17
US-Mo1,ET,39.2298,-92.1167,664.8853219454081,701.8446852262255,10,NA,NA,17
US-Mo2,ET,38.9488,-91.9945,682.0173431874052,693.4758804788087,7,NA,NA,17
US-Mo3,ET,39.2322,-92.1493,601.8007280851313,702.5550739286831,8,NA,NA,17
US-Mpj,ET,34.4382,-106.2385,364.94301556572026,318.9064584882329,18,NA,NA,17
US-MtB,ET,32.416,-110.7256,677.5012140647898,345.719396241038,15,NA,NA,17
US-Myb,ET,38.0499,-121.765,1080.5527321149943,383.3378028955942,15,NA,NA,17
US-NC1,ET,35.8118,-76.7119,706.7622730055641,822.4651666071567,8,NA,NA,17
US-NC2,ET,35.803,-76.6685,879.2478011144867,805.1415628861416,20,NA,NA,17
US-NC3,ET,35.799,-76.656,1011.4617808191254,806.4358539159502,8,NA,NA,17
US-NC4,ET,35.7817,-75.9135,985.0626132237362,755.2941739673943,14,NA,NA,17
US-NR1,ET,40.0329,-105.547,561.1797022661162,345.4576024589946,28,NA,NA,17
US-NR3,ET,40.052,-105.5864,345.8209319224198,344.18160536217783,16,NA,NA,17
US-Ne1,ET,41.1651,-96.4766,672.7374083554259,607.799635971995,24,NA,NA,17
US-Ne2,ET,41.1649,-96.4701,654.2769984917484,607.2861816960781,24,NA,NA,17
US-Ne3,ET,41.1797,-96.4397,586.7733997208035,603.2161135002478,24,NA,NA,17
US-ONA,ET,27.3836,-81.9509,881.4195135760933,982.3150898863414,7,NA,NA,17
US-OPE,ET,39.0293,-76.8457,539.478674742857,663.6045886995528,1,NA,NA,17
US-OWC,ET,41.3793,-82.5124,944.2089163689797,613.8319693648094,9,NA,NA,17
US-Oho,ET,41.5545,-83.8438,616.1648159386356,598.234506336926,10,NA,NA,17
US-PAS,ET,27.3944,-81.951,907.1536962122449,982.0392061720046,2,NA,NA,17
US-PLo,ET,42.7496,-70.9157,514.3748669228572,523.5528031776992,2,NA,NA,17
US-Prr,ET,65.1237,-147.4876,202.97174441204083,225.1853163591564,13,NA,NA,17
US-RC1,ET,46.7837,-117.0777,477.1414908756735,369.0765536788724,5,NA,NA,17
US-RC2,ET,46.7776,-117.0807,449.42961450636733,369.030349652483,5,NA,NA,17
US-RC3,ET,46.991,-118.598,234.5305260926939,253.0666467029216,5,NA,NA,17
US-RC4,ET,46.758,-116.949,465.1317964462041,395.6961696449715,5,NA,NA,17
US-RC5,ET,47.01,-119.248,694.8117296081632,198.74880339648405,3,NA,NA,17
US-RGA,ET,34.4159,-91.6733,775.1740167183673,835.8140787754497,4,NA,NA,17
US-RGB,ET,39.5782,-121.8579,784.1731565387755,448.81165512091843,4,NA,NA,17
US-RGF,ET,37.6995,-121.1369,1026.4875798857142,329.03876228394006,2,NA,NA,17
US-RGW,ET,33.6216,-91.4306,778.9387453714286,834.9249081712176,3,NA,NA,17
US-RGo,ET,39.6805,-122.0026,680.173010522449,448.42842904168396,4,NA,NA,17
US-RRC,ET,37.3344,-77.2065,959.445945367347,714.7819133171217,3,NA,NA,17
US-Rls,ET,43.1439,-116.7356,424.9936051921574,268.44998512708753,10,NA,NA,17
US-Rms,ET,43.0645,-116.7486,469.8424448084694,263.1589152848032,10,NA,NA,17
US-Ro1,ET,44.7143,-93.0898,527.2080254783189,514.2637690182282,13,NA,NA,17
US-Ro2,ET,44.7288,-93.0888,564.2456504184839,510.64524126322,8,NA,NA,17
US-Ro3,ET,44.7217,-93.0893,486.15080408632645,512.4128761509569,4,NA,NA,17
US-Ro4,ET,44.6781,-93.0723,396.68038728756954,525.6778198117927,12,NA,NA,17
US-Ro5,ET,44.691,-93.0576,420.4638922281166,525.2043886365485,8,NA,NA,17
US-Ro6,ET,44.6946,-93.0578,510.4095977849825,524.8048767077395,8,NA,NA,17
US-Rpf,ET,65.1198,-147.429,261.0757851554307,225.09374926641775,17,NA,NA,17
US-Rwe,ET,43.0653,-116.7591,477.5667978746938,262.92952979918186,5,NA,NA,17
US-Rwf,ET,43.1207,-116.7231,465.49442898590377,265.54270936625863,10,NA,NA,17
US-Rws,ET,43.1675,-116.7132,300.6760939190816,267.74076860458587,10,NA,NA,17
US-SD1,ET,41.2048,-86.0296,728.2187767102042,653.2093993778523,3,NA,NA,17
US-SD2,ET,41.1785,-85.9977,622.9747388718367,656.7348358127911,3,NA,NA,17
US-SHC,ET,39.4315,-120.2398,541.4447990938776,418.81547900594785,4,NA,NA,17
US-SP1,ET,29.7381,-82.2188,753.3953668055632,919.664342099048,20,NA,NA,17
US-SRC,ET,31.9083,-110.8395,260.46240068534695,347.7774348745338,7,NA,NA,17
US-SRG,ET,31.7894,-110.8277,416.6444539519178,358.5701388174342,18,NA,NA,17
US-SRM,ET,31.8214,-110.8661,333.14741082776203,353.0390232955082,22,NA,NA,17
US-SRS,ET,31.8173,-110.8508,406.25077601309044,354.05476295901474,8,NA,NA,17
US-SSH,ET,40.6658,-77.9041,480.9920862555918,579.770098307104,6,NA,NA,17
US-Seg,ET,34.3603,-106.7003,222.23133360659583,254.7352391728539,19,NA,NA,17
US-Ses,ET,34.335,-106.7448,216.59148153228693,248.79568718570994,18,NA,NA,17
US-Slt,ET,39.9138,-74.596,687.5339177307443,618.7289577814252,18,NA,NA,17
US-Sne,ET,38.0369,-121.7547,1163.1703078285711,384.57246724603897,5,NA,NA,17
US-Snf,ET,38.0402,-121.7272,759.4184018938774,382.97856058583665,3,NA,NA,17
US-Srr,ET,38.2006,-122.0264,887.276343967347,393.1419228157704,4,NA,NA,17
US-StJ,ET,39.0882,-75.4372,502.7897739188572,644.4848750148408,6,NA,NA,17
US-Syv,ET,46.2421,-89.3459,413.23683820002776,487.1695877649477,21,NA,NA,17
US-TaS,ET,25.1908,-80.6391,953.7519340978425,1056.7060205297848,7,NA,NA,15
US-Ton,ET,38.4309,-120.966,392.0684194576987,419.46645350557594,25,NA,NA,17
US-Tw1,ET,38.1074,-121.6469,932.2564650354332,375.19936998535786,13,NA,NA,17
US-Tw3,ET,38.1152,-121.6469,874.1360258853061,374.91989374252927,6,NA,NA,17
US-Tw4,ET,38.1027,-121.6413,995.386098447718,375.12181762344096,12,NA,NA,17
US-Twt,ET,38.1087,-121.6531,1064.1857366899417,375.411425209207,9,NA,NA,17
US-UC1,ET,40.7536,-78.0056,519.3072321428571,579.5888007480482,6,NA,NA,17
US-UC2,ET,40.7559,-77.9998,496.0966350537551,579.5018657560125,6,NA,NA,17
US-UMd,ET,45.5625,-84.6975,381.748376157971,490.33209290186556,19,NA,NA,17
US-UTV,ET,40.1266,-109.9546,632.1347884616326,232.81131245894824,3,NA,NA,17
US-UTW,ET,39.4453,-110.7288,802.2795656840817,261.96723113161227,4,NA,NA,17
US-Uaf,ET,64.8663,-147.8555,191.36197243828784,234.600691290272,23,NA,NA,17
US-UiA,ET,40.0646,-88.1961,704.9022283568659,693.4593139390226,10,NA,NA,17
US-UiB,ET,40.0628,-88.1984,589.5165127654851,693.4039512819268,17,NA,NA,17
US-UiC,ET,40.0628,-88.1961,748.0631729707877,693.5066767530336,16,NA,NA,17
US-UiD,ET,40.0646,-88.1985,762.2132334935422,693.3522042165815,10,NA,NA,17
US-UiE,ET,40.0629,-88.2033,710.1256382155102,693.1824837766924,7,NA,NA,17
US-UiF,ET,40.0665,-88.2015,507.44012654277543,693.1685179066266,6,NA,NA,17
US-UiG,ET,40.0629,-88.2009,733.8890781220408,693.289671012991,6,NA,NA,17
US-VT1,ET,40.4064,-87.5214,706.9580781061225,684.7071471117521,3,NA,NA,17
US-VT2,ET,40.4018,-87.5213,671.4661362979591,684.8166155081365,3,NA,NA,17
US-Var,ET,38.4133,-120.9508,307.0349338077334,418.53929638856715,26,NA,NA,17
US-Vcm,ET,35.8885,-106.5322,484.42801906243045,373.91423677239345,19,NA,NA,17
US-Vcp,ET,35.8641,-106.5965,579.2479033817102,381.64127200073233,19,NA,NA,17
US-WCr,ET,45.8058,-90.0795,419.55290085093174,504.898428668816,24,NA,NA,17
US-WPT,ET,41.4646,-82.9962,719.8279293085715,588.061257283804,3,NA,NA,17
US-WT1,ET,34.3674,-101.8154,363.9675938326531,475.1580722342578,2,NA,NA,17
US-Whs,ET,31.7438,-110.0522,261.03113484528467,320.9071568201564,19,NA,NA,17
US-Wjs,ET,34.4258,-105.8617,350.8435971495994,328.7819426777313,19,NA,NA,17
US-Wkg,ET,31.7365,-109.9419,289.07507709040556,316.3300738526742,22,NA,NA,17
US-YK2,ET,61.2548,-163.259,246.72213183857144,267.3074330719909,7,NA,NA,17
US-ZF2,ET,40.7939,-87.5355,552.6251039791837,668.2060182113261,2,NA,NA,17
US-xAB,ET,45.7624,-122.3303,494.02518327697965,519.8785024063316,6,NA,NA,17
US-xAE,ET,35.4106,-99.0588,497.4961775818775,642.9769010801551,6,NA,NA,17
US-xBA,ET,71.2824,-156.6194,69.61520594163673,87.96859553199764,6,NA,NA,14
US-xBL,ET,39.0603,-78.0716,629.2505567428163,665.2097367020092,6,NA,NA,17
US-xBN,ET,65.154,-147.5026,213.90699266048574,224.13904404666192,6,NA,NA,17
US-xBR,ET,44.0639,-71.2873,515.6979897886531,497.763190954518,6,NA,NA,17
US-xCL,ET,33.4012,-97.57,677.8721535990612,705.1429445195316,6,NA,NA,17
US-xCP,ET,40.8155,-104.7456,297.70509284375515,383.9452492982606,6,NA,NA,17
US-xDC,ET,47.1617,-99.1066,459.36498807946293,430.53107437993253,6,NA,NA,17
US-xDJ,ET,63.881100000000004,-145.7514,264.3371369136735,218.60855136366493,6,NA,NA,17
US-xDL,ET,32.5417,-87.8039,805.1389937375511,858.9614739699584,6,NA,NA,17
US-xDS,ET,28.125,-81.4362,722.7825901126531,948.9943035913087,6,NA,NA,17
US-xGR,ET,35.689,-83.5019,644.5850573997551,756.0317205549674,6,NA,NA,17
US-xHA,ET,42.5369,-72.1727,504.4352372742858,552.4463945016403,6,NA,NA,17
US-xHE,ET,63.8757,-149.2133,220.75791764358124,215.67823572134006,6,NA,NA,17
US-xJE,ET,31.1948,-84.4686,810.7995326877552,918.8890418317936,6,NA,NA,17
US-xJR,ET,32.5907,-106.8425,220.8941654741633,253.5002080984258,6,NA,NA,17
US-xKA,ET,39.1104,-96.6129,546.2170499248164,654.4682569023425,5,NA,NA,17
US-xKZ,ET,39.1008,-96.5631,547.4501892639184,654.3412028752567,6,NA,NA,17
US-xLE,ET,31.8539,-88.1612,712.7518226877552,939.9874545155399,6,NA,NA,17
US-xMB,ET,38.2483,-109.3883,226.4717413902857,297.0556447309478,6,NA,NA,17
US-xML,ET,37.3783,-80.5248,442.0685087669388,693.1987754580396,6,NA,NA,17
US-xNG,ET,46.7697,-100.9154,428.115272776751,393.2619191271698,6,NA,NA,17
US-xNQ,ET,40.1776,-112.4524,265.6003055275102,333.4056537308504,5,NA,NA,17
US-xNW,ET,40.0543,-105.5824,530.1501927244898,344.3827164812811,6,NA,NA,17
US-xPU,ET,19.5531,-155.3173,677.1167947138774,1173.5015457661164,6,NA,NA,17
US-xRM,ET,40.2759,-105.5459,522.1070227726531,354.01749052469523,6,NA,NA,17
US-xRN,ET,35.9641,-84.2826,727.5139699158369,754.8689191894847,6,NA,NA,17
US-xSB,ET,29.6893,-81.9934,627.4362428742858,935.3674441289807,6,NA,NA,17
US-xSC,ET,38.8929,-78.1395,631.7872505522449,665.5989138311577,6,NA,NA,17
US-xSE,ET,38.8901,-76.56,606.8821709935103,653.5630814325847,6,NA,NA,17
US-xSJ,ET,37.1088,-119.7323,323.6703440708572,346.2160359354697,6,NA,NA,17
US-xSL,ET,40.4619,-103.0293,331.7961430542857,416.38134163912605,6,NA,NA,17
US-xSP,ET,37.0334,-119.26220000000001,427.42129739510204,348.59462635343164,6,NA,NA,17
US-xSR,ET,31.9107,-110.8355,257.346687709102,347.9104844748109,6,NA,NA,17
US-xST,ET,45.5089,-89.5864,456.17573972681635,507.44778583262524,6,NA,NA,17
US-xTA,ET,32.9505,-87.3933,749.1111834526531,863.5707625031482,5,NA,NA,17
US-xTE,ET,37.0058,-119.006,552.4741337804082,355.48604478650566,6,NA,NA,17
US-xTL,ET,68.6611,-149.3705,143.20056376569673,136.27207455300157,5,NA,NA,17
US-xTR,ET,45.4937,-89.5857,433.01172033146935,509.06287779255524,6,NA,NA,17
US-xUK,ET,39.0404,-95.1921,610.1138329251429,700.5114359206999,5,NA,NA,17
US-xUN,ET,46.2339,-89.5373,400.66608108269395,491.56222139051533,6,NA,NA,17
US-xWD,ET,47.1282,-99.2414,372.20606010308575,429.14225204817774,6,NA,NA,17
US-xWR,ET,45.8205,-121.9519,487.8081668395102,492.93611278384503,6,NA,NA,17
US-xYE,ET,44.9535,-110.5391,391.19379587559183,380.6862090872523,6,NA,NA,17
VU-Coc,ET,-15.444423,167.19131,965.3709563265307,1263.644255237959,4,NA,NA,12
ZA-BfK,ET,-28.856483,24.83985,585.3049612897959,387.499266267756,5,NA,NA,17
ZA-BfS,ET,-28.8906,24.86112,736.573402642041,387.13288008578587,5,NA,NA,17
ZA-Spk,ET,-28.70408,29.52614,746.3042333265306,675.92597782421694,2,NA,NA,17
ZA-Uby,ET,-27.3952,32.5889,763.3108279102041,713.1125474542566,2,NA,NA,17
ZM-Mon,ET,-15.4391,23.2525,710.2316960816327,675.521386280838,3,NA,NA,17
