site_id,n_years_era5,map_era5,n_years_pf_all,map_pf_allmonths,n_months_qc0,map_pf_qc0_monthly_mean,map_pf_qc0_annualized,n_months_total,n_qc0,frac_filled,bio12_mm,badm_map_mm,excluded,ratio_to_bio12,ratio_to_pf_allmonths,ratio_to_pf_qc0,ratio_to_badm_map,too_few_qc0_months,implausible_raw,data_hub,product_source_network,oneflux_code_version,fluxnet_product_name,product_id
AR-Bal,30,422.36246666666665,2,432.52650000000006,20,1.1965,438.08820000000003,24,20,0.16666666666666663,835,926,FALSE,0.5058233133732535,0.9765007847303381,0.9641037276664074,0.4561149748020158,FALSE,FALSE,AmeriFlux,AMF,v1.3,AMF_AR-Bal_FLUXNET_2012-2013_v1.3_r1.zip,10.17190/AMF/2571144
AR-CCa,30,3554.8036,9,3415.202222222222,108,9.36275,3415.202222222222,108,108,0,1018,1060,FALSE,3.4919485265225934,1.040876460219372,1.040876460219372,3.3535883018867927,FALSE,FALSE,AmeriFlux,AMF,v1.3,AMF_AR-CCa_FLUXNET_2012-2020_v1.3_r1.zip,10.17190/AMF/2571134
AR-CCg,30,3460.358333333333,3,2971.9179999999997,36,8.14713888888889,2971.918,36,36,0,1004,1060,FALSE,3.446572045152722,1.1643518876810643,1.1643518876810641,3.2644889937106916,FALSE,FALSE,AmeriFlux,AMF,v1.3,AMF_AR-CCg_FLUXNET_2018-2024_v1.3_r1.zip,10.17190/AMF/2469434
AR-TF1,30,3586.691333333333,3,3430.2256666666667,36,9.40161111111111,3430.2256666666663,36,36,0,658,NA,FALSE,5.450898682877406,1.0456138114139624,1.0456138114139624,NA,FALSE,FALSE,AmeriFlux,AMF,v1.3,AMF_AR-TF1_FLUXNET_2016-2018_v1.3_r1.zip,10.17190/AMF/1818370
AR-TF2,30,3849.4612666666667,3,3784.8493333333336,36,10.376527777777778,3784.849333333333,36,36,0,596,530,FALSE,6.458827628635347,1.0170712035388814,1.0170712035388816,7.263134465408805,FALSE,FALSE,AmeriFlux,AMF,v1.3,AMF_AR-TF2_FLUXNET_2016-2018_v1.3_r1.zip,10.17190/AMF/2571120
AT-Mmg,30,812.6036333333334,NA,NA,NA,NA,NA,NA,NA,NA,1150,768,FALSE,0.7066118550724638,NA,NA,1.0580776475694444,TRUE,FALSE,ICOS,EUF,v1.3,EUF_AT-Mmg_FLUXNET_2021-2024_v1.3_r1.zip,SR8Y7XJE2CuwVkPh9WO7iXKF
AT-Neu,30,769.6289333333333,19,767.5662105263158,NA,NA,NA,228,0,1,997,852,FALSE,0.771944767636242,1.0026873548870827,NA,0.9033203442879498,TRUE,FALSE,ICOS,EUF,v1.3,EUF_AT-Neu_FLUXNET_2002-2020_v1.3_r1.zip,igjTOOy6rdzyQ7RPN590N98N
AT-Nsd,30,490.758,3,493.217,6,1.2878333333333334,465.68199999999996,36,6,0.8333333333333334,576,500.2,FALSE,0.8520104166666667,0.9950143648738791,1.0538479047933997,0.9811235505797681,TRUE,FALSE,ICOS,EUF,v1.3,EUF_AT-Nsd_FLUXNET_2018-2022_v1.3_r1.zip,2Itqw8Hspuyjolyphte0hHnO
AT-PsM,30,1263.2589,5,1272.555,5,3.5002,1281.6624,60,5,0.9166666666666666,1165,1233,FALSE,1.0843424034334763,0.9926949326355246,0.9856409144873097,1.0245408759124088,TRUE,FALSE,ICOS,EUF,v1.3,EUF_AT-PsM_FLUXNET_2015-2019_v1.3_r1.zip,STpBN0N9Df49Aabujg7yoJar
AT-Zoe,30,1781.0322333333334,7,1739.8967142857143,NA,NA,NA,84,0,1,936,1645,FALSE,1.902812215099715,1.023642506310788,NA,1.0826943667679838,TRUE,FALSE,ICOS,EUF,v1.3,EUF_AT-Zoe_FLUXNET_2014-2024_v1.3_r1.zip,cp3qmc9PDJw4kLwCX34YIr1M
AU-APL,30,4208.4393,4,3984.28775,48,10.871125,3984.28775,48,48,0,1655,NA,FALSE,2.5428636253776435,1.0562588758806388,1.0562588758806388,NA,FALSE,FALSE,TERN,TERN,v1.3,TERN_AU-APL_FLUXNET_2017-2022_v1.3_r1.zip,https://dx.doi.org/10.25901/gtk0-m966
AU-ASM,30,311.54563333333334,11,349.6976363636364,8,1.448875,523.0845,132,8,0.9393939393939394,366,NA,FALSE,0.851217577413479,0.8909000260138152,0.595593318734035,NA,TRUE,FALSE,TERN,TERN,v1.3,TERN_AU-ASM_FLUXNET_2010-2025_v1.3_r1.zip,https://dx.doi.org/10.25901/azz4-x655
AU-Ade,30,1611.3440666666665,3,1781.1446666666668,17,3.783764705882353,1388.6068235294117,36,17,0.5277777777777778,1409,NA,FALSE,1.1436082801040925,0.9046677099408357,1.160403390911709,NA,FALSE,FALSE,TERN,TERN,v1.3,TERN_AU-Ade_FLUXNET_2007-2009_v1.3_r1.zip,https://dx.doi.org/10.25901/bwf9-br18
AU-Boy,30,508.7504333333333,4,473.23699999999997,11,2.024909090909091,725.9967272727272,48,11,0.7708333333333334,469,NA,FALSE,1.0847557213930348,1.075043653250556,0.7007613315896074,NA,TRUE,FALSE,TERN,TERN,v1.3,TERN_AU-Boy_FLUXNET_2017-2025_v1.3_r1.zip,https://dx.doi.org/10.25901/qhwv-0j21
AU-Col,30,2023.5442333333333,3,1967.2136666666668,36,5.383388888888889,1967.2136666666665,36,36,0,767,NA,FALSE,2.638258452846588,1.0286346966885989,1.028634696688599,NA,FALSE,FALSE,TERN,TERN,v1.3,TERN_AU-Col_FLUXNET_2017-2019_v1.3_r1.zip,https://dx.doi.org/10.25901/ade1-p928
AU-Cow,30,3341.9243666666666,12,3795.233833333333,26,8.280115384615385,3018.7993846153845,144,26,0.8194444444444444,3105,NA,FALSE,1.0763041438539989,0.8805582247172035,1.107037580469247,NA,FALSE,FALSE,TERN,TERN,v1.3,TERN_AU-Cow_FLUXNET_2009-2025_v1.3_r1.zip,https://dx.doi.org/10.25901/5j6g-mj24
AU-Cpr,30,256.2216666666667,11,257.85663636363637,8,0.79125,281.403,132,8,0.9393939393939394,268,NA,FALSE,0.9560509950248757,0.9936593848425759,0.9105150501830708,NA,TRUE,FALSE,TERN,TERN,v1.3,TERN_AU-Cpr_FLUXNET_2010-2025_v1.3_r1.zip,https://dx.doi.org/10.25901/braj-w973
AU-Ctr,30,3882.7596333333336,9,4401.414222222223,4,28.715500000000002,10539.525000000001,108,4,0.962962962962963,3102,NA,FALSE,1.2516955620030088,0.8821618319243248,0.36839986938057767,NA,TRUE,FALSE,TERN,TERN,v1.3,TERN_AU-Ctr_FLUXNET_2010-2018_v1.3_r1.zip,https://dx.doi.org/10.25901/4zh8-9y75
AU-Cum,30,839.5806,7,856.5587142857142,NA,NA,NA,84,0,1,843,NA,FALSE,0.9959437722419929,0.9801786917784471,NA,NA,TRUE,FALSE,TERN,TERN,v1.3,TERN_AU-Cum_FLUXNET_2014-2025_v1.3_r1.zip,https://dx.doi.org/10.25901/gjm4-9020
AU-DaP,30,1249.5877,6,1363.1076666666665,17,3.3512941176470585,1205.136,72,17,0.7638888888888888,1174,NA,FALSE,1.0643847529812607,0.9167197357606627,1.0368852146147822,NA,FALSE,FALSE,TERN,TERN,v1.3,TERN_AU-DaP_FLUXNET_2008-2013_v1.3_r1.zip,https://dx.doi.org/10.25901/v6n6-x925
AU-DaS,30,1165.4386333333332,14,1188.6539285714287,33,2.5914848484848485,931.1178181818182,168,33,0.8035714285714286,1140,NA,FALSE,1.0223145906432747,0.9804692562906039,1.2516553872946716,NA,FALSE,FALSE,TERN,TERN,v1.3,TERN_AU-DaS_FLUXNET_2007-2025_v1.3_r1.zip,https://dx.doi.org/10.25901/nkbt-pa39
AU-Dry,30,868.1355333333333,12,830.5955,37,2.679648648648649,977.4989189189189,144,37,0.7430555555555556,854,NA,FALSE,1.0165521467603436,1.0451965286753098,0.8881191748973617,NA,FALSE,FALSE,TERN,TERN,v1.3,TERN_AU-Dry_FLUXNET_2009-2025_v1.3_r1.zip,https://dx.doi.org/10.25901/mt7s-d941
AU-Emr,30,650.5638666666666,3,642.9153333333333,5,2.263,830.2296,36,5,0.8611111111111112,628,NA,FALSE,1.0359297239915073,1.0118966416521409,0.7835951243688091,NA,TRUE,FALSE,TERN,TERN,v1.3,TERN_AU-Emr_FLUXNET_2011-2013_v1.3_r1.zip,https://dx.doi.org/10.25901/trb3-6033
AU-Fle,30,560.8474,NA,NA,NA,NA,NA,NA,NA,NA,664,NA,FALSE,0.8446496987951807,NA,NA,NA,TRUE,FALSE,TERN,TERN,v1.3,TERN_AU-Fle_FLUXNET_2022-2025_v1.3_r1.zip,https://dx.doi.org/10.25901/wrhr-ey86
AU-Fog,30,5851.212966666667,3,6376.227666666667,36,17.5105,6376.227666666666,36,36,0,1466,NA,TRUE,3.991277603456117,0.9176606094627634,0.9176606094627635,NA,FALSE,FALSE,TERN,TERN,v1.3,TERN_AU-Fog_FLUXNET_2006-2008_v1.3_r1.zip,https://dx.doi.org/10.25901/dvrw-kd19
AU-GWW,30,340.5570666666667,8,314.53450000000004,NA,NA,NA,96,0,1,264,NA,FALSE,1.2899888888888889,1.0827335846041266,NA,NA,TRUE,FALSE,TERN,TERN,v1.3,TERN_AU-GWW_FLUXNET_2013-2025_v1.3_r1.zip,https://dx.doi.org/10.25901/683k-7e46
AU-Gin,30,623.8964333333333,10,614.5762,10,1.9526000000000001,716.7372,120,10,0.9166666666666666,699,NA,FALSE,0.892555698617072,1.0151653014440412,0.8704674925946823,NA,TRUE,FALSE,TERN,TERN,v1.3,TERN_AU-Gin_FLUXNET_2011-2025_v1.3_r1.zip,https://dx.doi.org/10.25901/sbym-ad50
AU-How,30,1675.7837333333332,19,1640.2048421052632,12,6.070083333333333,2191.7400000000002,228,12,0.9473684210526316,1647,NA,FALSE,1.0174764622546042,1.0216917364921343,0.7645905688326777,NA,FALSE,FALSE,TERN,TERN,v1.3,TERN_AU-How_FLUXNET_2002-2025_v1.3_r1.zip,https://dx.doi.org/10.25901/8p4w-xa85
AU-Lit,30,1649.2909333333332,6,1532.474,5,6.618,2390.6376,72,5,0.9305555555555556,1585,NA,FALSE,1.0405621030494216,1.076227677163419,0.6898958392243698,NA,TRUE,FALSE,TERN,TERN,v1.3,TERN_AU-Lit_FLUXNET_2015-2025_v1.3_r1.zip,https://dx.doi.org/10.25901/4vb1-tr22
AU-Lon,30,277.08093333333335,3,203.79799999999997,9,0.5452222222222223,198.88399999999996,36,9,0.75,419,NA,FALSE,0.6612910103420844,1.359586126131431,1.39317860327293,NA,TRUE,FALSE,TERN,TERN,v1.3,TERN_AU-Lon_FLUXNET_2018-2024_v1.3_r1.zip,https://dx.doi.org/10.25901/cdf2-d144
AU-Lox,30,143.38846666666666,2,124.20599999999999,13,0.32984615384615384,120.41261538461538,24,13,0.45833333333333337,277,NA,FALSE,0.5176478941034898,1.154440740919655,1.1908093367847137,NA,FALSE,FALSE,TERN,TERN,v1.3,TERN_AU-Lox_FLUXNET_2008-2009_v1.3_r1.zip,https://dx.doi.org/10.25901/4xcf-9v74
AU-MvA,30,560.3472,NA,NA,NA,NA,NA,NA,NA,NA,626,NA,FALSE,0.8951233226837061,NA,NA,NA,TRUE,FALSE,TERN,TERN,v1.3,TERN_AU-MvA_FLUXNET_2023-2024_v1.3_r1.zip,https://dx.doi.org/10.25901/wcq3-1613
AU-MvB,30,593.9288333333334,NA,NA,NA,NA,NA,NA,NA,NA,620,NA,FALSE,0.9579497311827958,NA,NA,NA,TRUE,FALSE,TERN,TERN,v1.3,TERN_AU-MvB_FLUXNET_2024-2024_v1.3_r1.zip,https://dx.doi.org/10.25901/pf5h-1t18
AU-Otw,30,719.6304666666666,4,723.48325,7,1.7385714285714284,639.7439999999999,48,7,0.8541666666666666,876,NA,FALSE,0.8214959665144597,0.9946746751450937,1.124872553187942,NA,TRUE,FALSE,TERN,TERN,v1.3,TERN_AU-Otw_FLUXNET_2007-2010_v1.3_r1.zip,https://dx.doi.org/10.25901/gjjp-c297
AU-RDF,30,999.6309,3,1064.9089999999999,14,2.9851428571428573,1074.8519999999999,36,14,0.6111111111111112,955,NA,FALSE,1.0467339267015707,0.9387007716152274,0.9300172488863584,NA,FALSE,FALSE,TERN,TERN,v1.3,TERN_AU-RDF_FLUXNET_2011-2013_v1.3_r1.zip,https://dx.doi.org/10.25901/q42b-r648
AU-Rgf,30,585.0512333333334,6,504.7096666666667,12,1.3870833333333334,509.66200000000003,72,12,0.8333333333333334,456,NA,FALSE,1.283007090643275,1.1591837287311715,1.1479200594380852,NA,FALSE,FALSE,TERN,TERN,v1.3,TERN_AU-Rgf_FLUXNET_2015-2025_v1.3_r1.zip,https://dx.doi.org/10.25901/rs7z-7y12
AU-Rig,30,465.1422333333333,7,482.3398571428571,8,1.57325,579.8309999999999,84,8,0.9047619047619048,618,NA,FALSE,0.7526573354908306,0.9643454225172391,0.8022031132059745,NA,TRUE,FALSE,TERN,TERN,v1.3,TERN_AU-Rig_FLUXNET_2011-2017_v1.3_r1.zip,https://dx.doi.org/10.25901/nvg6-hr60
AU-Rob,30,1752.6281999999999,8,1976.09675,7,5.566285714285715,2026.0405714285716,96,7,0.9270833333333334,2634,NA,FALSE,0.6653865603644646,0.8869141655134041,0.8650508902515277,NA,TRUE,FALSE,TERN,TERN,v1.3,TERN_AU-Rob_FLUXNET_2013-2025_v1.3_r1.zip,https://dx.doi.org/10.25901/4911-j064
AU-Sam,30,1000.4260666666667,8,1151.173,5,3.4124,1229.9712,96,5,0.9479166666666666,1233,NA,FALSE,0.8113755609624222,0.8690492798794505,0.8133735705898372,NA,TRUE,FALSE,TERN,TERN,v1.3,TERN_AU-Sam_FLUXNET_2010-2017_v1.3_r1.zip,https://dx.doi.org/10.25901/z48h-ng94
AU-Sil,30,683.9892,2,702.1735,11,1.6986363636363637,618.1003636363636,24,11,0.5416666666666667,827,NA,FALSE,0.8270727932285369,0.9741028392555401,1.10659892832938,NA,TRUE,FALSE,TERN,TERN,v1.3,TERN_AU-Sil_FLUXNET_2019-2024_v1.3_r1.zip,https://dx.doi.org/10.25901/z5rr-ww68
AU-Sno,30,1341.243,NA,NA,NA,NA,NA,NA,NA,NA,1664,NA,FALSE,0.8060354567307692,NA,NA,NA,TRUE,FALSE,TERN,TERN,v1.3,TERN_AU-Sno_FLUXNET_2024-2025_v1.3_r1.zip,https://dx.doi.org/10.25901/a5wv-9416
AU-Stp,30,650.5608333333333,13,645.8474615384615,13,1.0086923076923078,355.06984615384613,156,13,0.9166666666666666,641,NA,FALSE,1.0149154966198648,1.0072979644197164,1.8322052418144672,NA,FALSE,FALSE,TERN,TERN,v1.3,TERN_AU-Stp_FLUXNET_2008-2025_v1.3_r1.zip,https://dx.doi.org/10.25901/exc5-x691
AU-TTE,30,323.7930333333333,9,288.115,16,0.848875,310.20525000000004,108,16,0.8518518518518519,249,NA,FALSE,1.300373627844712,1.1238326131348013,1.0438025576076913,NA,FALSE,FALSE,TERN,TERN,v1.3,TERN_AU-TTE_FLUXNET_2012-2025_v1.3_r1.zip,https://dx.doi.org/10.25901/6sr7-ap81
AU-Tum,30,1129.0455333333334,19,1059.402,12,3.681166666666667,1344.215,228,12,0.9473684210526316,1449,NA,FALSE,0.7791894639981597,1.0657385329962878,0.8399292771865613,NA,FALSE,FALSE,TERN,TERN,v1.3,TERN_AU-Tum_FLUXNET_2002-2022_v1.3_r1.zip,https://dx.doi.org/10.25901/w7jx-at32
AU-Wac,30,2962.6132,4,2465.6575000000003,48,6.75275,2465.6575,48,48,0,1276,NA,FALSE,2.3217971786833855,1.201550985893215,1.2015509858932152,NA,FALSE,FALSE,TERN,TERN,v1.3,TERN_AU-Wac_FLUXNET_2005-2008_v1.3_r1.zip,https://dx.doi.org/10.25901/1ky7-6f15
AU-Wel,30,751.6952,NA,NA,NA,NA,NA,NA,NA,NA,652,NA,FALSE,1.1529067484662576,NA,NA,NA,TRUE,FALSE,TERN,TERN,v1.3,TERN_AU-Wel_FLUXNET_2024-2025_v1.3_r1.zip,https://dx.doi.org/10.25901/jztk-0d69
AU-Wgt,30,582.3777666666666,NA,NA,NA,NA,NA,NA,NA,NA,908,NA,FALSE,0.6413852055800293,NA,NA,NA,TRUE,FALSE,TERN,TERN,v1.3,TERN_AU-Wgt_FLUXNET_2024-2025_v1.3_r1.zip,https://dx.doi.org/10.25901/71r0-0836
AU-Whr,30,307.9933666666667,10,301.31030000000004,51,0.9328235294117647,340.36470588235295,120,51,0.575,581,NA,FALSE,0.5301090648307516,1.0221800139811572,0.9048921975274504,NA,FALSE,FALSE,TERN,TERN,v1.3,TERN_AU-Whr_FLUXNET_2011-2025_v1.3_r1.zip,https://dx.doi.org/10.25901/8smh-v474
AU-Wom,30,852.7281,11,892.1642727272728,4,2.443,872.085,132,4,0.9696969696969697,1070,NA,FALSE,0.7969421495327104,0.9557971845176902,0.9778038837957309,NA,TRUE,FALSE,TERN,TERN,v1.3,TERN_AU-Wom_FLUXNET_2010-2025_v1.3_r1.zip,https://dx.doi.org/10.25901/gw8s-7a26
AU-Wrr,30,1179.5359666666666,8,1204.2095,13,2.7724615384615383,1006.8784615384616,96,13,0.8645833333333334,1555,NA,FALSE,0.758544030010718,0.9795105973393057,1.1714780002984597,NA,FALSE,FALSE,TERN,TERN,v1.3,TERN_AU-Wrr_FLUXNET_2013-2021_v1.3_r1.zip,https://dx.doi.org/10.25901/t3x2-b871
AU-Ya1,30,742.3492666666666,NA,NA,NA,NA,NA,NA,NA,NA,843,NA,FALSE,0.8806041122973507,NA,NA,NA,TRUE,FALSE,TERN,TERN,v1.3,TERN_AU-Ya1_FLUXNET_2023-2025_v1.3_r1.zip,https://dx.doi.org/10.25901/ramf-vb64
AU-Ya2,30,790.8596666666667,NA,NA,NA,NA,NA,NA,NA,NA,847,NA,FALSE,0.9337186147186148,NA,NA,NA,TRUE,FALSE,TERN,TERN,v1.3,TERN_AU-Ya2_FLUXNET_2023-2025_v1.3_r1.zip,https://dx.doi.org/10.25901/5wpr-vr80
AU-Ync,30,503.6259,9,641.0347777777778,11,1.8262727272727273,671.5276363636364,108,11,0.8981481481481481,435,NA,FALSE,1.1577606896551724,0.785645205936998,0.7499704743756569,NA,TRUE,FALSE,TERN,TERN,v1.3,TERN_AU-Ync_FLUXNET_2012-2025_v1.3_r1.zip,https://dx.doi.org/10.25901/k8zr-kn41
BE-Bra,30,811.3813666666666,22,822.8568636363636,26,1.9376538461538462,708.1463076923077,264,26,0.9015151515151515,808,920.7,FALSE,1.0041848597359735,0.9860540788114903,1.145782104422431,0.8812657398356322,FALSE,FALSE,ICOS,ICOS,v1.3,ICOS_BE-Bra_FLUXNET_1999-2024_v1.3_r1.zip,LFEir6YGDlkpjoTnCuB1qWeS
BE-Dor,30,643.6931333333333,10,618.0674,NA,NA,NA,120,0,1,849,827.9,FALSE,0.7581780133490381,1.0414610661124228,NA,0.7775010669565567,TRUE,FALSE,ICOS,ICOS,v1.3,ICOS_BE-Dor_FLUXNET_2011-2024_v1.3_r1.zip,geqYNPk-fvkZDGtnJI-sq1Je
BE-Lcr,30,696.4490666666667,2,748.4449999999999,NA,NA,NA,24,0,1,782,861.3,FALSE,0.8905998294970162,0.9305280503800102,NA,0.808602190487248,TRUE,FALSE,ICOS,EUF,v1.3,EUF_BE-Lcr_FLUXNET_2019-2022_v1.3_r1.zip,oc2rvgUbNz-kUIeMsNmvNv8X
BE-Lon,30,675.7650333333333,17,718.4119411764706,6,2.0615,754.614,204,6,0.9705882352941176,800,742.6,FALSE,0.8447062916666667,0.940637250860142,0.8955108616237352,0.9099986982673489,TRUE,FALSE,ICOS,ICOS,v1.3,ICOS_BE-Lon_FLUXNET_2004-2024_v1.3_r1.zip,1u2xQ5XcQoX0j2wJiZcyDP3M
BE-Maa,30,697.2788666666667,5,584.06,10,1.6425,598.5624,60,10,0.8333333333333334,757,839.1,FALSE,0.9211081461911053,1.1938480064833523,1.1649225989916283,0.83098422913439,TRUE,FALSE,ICOS,ICOS,v1.3,ICOS_BE-Maa_FLUXNET_2016-2025_v1.3_r1.zip,DwEiFNFPCZypbHKn5zK7Phsl
BE-Vie,30,918.7797333333333,25,900.50388,16,1.779625,649.98375,300,16,0.9466666666666667,1103,915.6,FALSE,0.8329825324871563,1.0202951411306893,1.4135426206167974,1.0034728411242173,FALSE,FALSE,ICOS,ICOS,v1.3,ICOS_BE-Vie_FLUXNET_1996-2025_v1.3_r1.zip,mYZAS5TMuYruvEj80RAUa5OO
BJ-Bfg,30,1396.9521,10,1342.1749,NA,NA,NA,120,0,1,1173,1200,FALSE,1.1909225063938618,1.0408122667172512,NA,1.1641267499999999,TRUE,FALSE,ICOS,FLX,v1.3,FLX_BJ-Bfg_FLUXNET_2008-2017_v1.3_r1.zip,3e0Uvz3eNFxHLxOGL6H7ciVC
BJ-Db1,30,1404.9051333333332,NA,NA,NA,NA,NA,NA,NA,NA,1194,1440,FALSE,1.176637465103294,NA,NA,0.9756285648148147,TRUE,FALSE,ICOS,FLX,v1.3,FLX_BJ-Db1_FLUXNET_2022-2024_v1.3_r1.zip,bqZsKSML866fLpZmVsqJ1vC4
BJ-Nhu,30,1349.8548666666666,10,1289.6695,NA,NA,NA,120,0,1,1205,1190,FALSE,1.1202115076071921,1.0466672792267062,NA,1.1343318207282913,TRUE,FALSE,ICOS,FLX,v1.3,FLX_BJ-Nhu_FLUXNET_2008-2017_v1.3_r1.zip,lmKaXHkgzrf_23otyyDTLet5
BR-CST,30,661.4289333333334,2,435.1015,10,1.3694,493.788,24,10,0.5833333333333333,745,642,FALSE,0.887824071588367,1.5201715768236455,1.3394998123351183,1.0302631360332295,TRUE,FALSE,AmeriFlux,AMF,v1.3,AMF_BR-CST_FLUXNET_2014-2015_v1.3_r1.zip,10.17190/AMF/1902820
BR-ITA,30,2457.0402,1,1954.4979999999996,10,4.6663,1691.0471999999997,12,10,0.16666666666666663,1279,1447,FALSE,1.9210634870992962,1.2571208566087049,1.4529696155139846,1.698023635107118,TRUE,FALSE,AmeriFlux,AMF,v1.3,AMF_BR-ITA_FLUXNET_2020-2024_v1.3_r1.zip,10.17190/AMF/3027371
BR-Ji3,30,6879.8211,7,6554.933285714286,84,18.026904761904763,6554.933285714285,84,84,0,2083,NA,TRUE,3.30284258281325,1.0495638628380504,1.0495638628380506,NA,FALSE,FALSE,AmeriFlux,AMF,v1.3,AMF_BR-Ji3_FLUXNET_2004-2010_v1.3_r1.zip,10.17190/AMF/3027314
BR-Ma2,30,2495.3513666666668,18,2548.8483333333334,10,10.6303,3842.2896,216,10,0.9537037037037037,2352,2252,FALSE,1.0609487103174604,0.9790113181835718,0.6494438541713947,1.1080601095322677,TRUE,FALSE,AmeriFlux,AMF,v1.3,AMF_BR-Ma2_FLUXNET_1999-2016_v1.3_r1.zip,10.17190/AMF/3027671
BR-Ma3,30,2134.5123,11,2119.0485454545455,11,6.674090909090909,2433.698181818182,132,11,0.9166666666666666,2395,2792,FALSE,0.8912368684759916,1.0072974989547194,0.8770653304286629,0.7645101361031518,TRUE,FALSE,AmeriFlux,AMF,v1.3,AMF_BR-Ma3_FLUXNET_2008-2018_v1.3_r1.zip,10.17190/AMF/3027359
BR-Npw,30,1433.2037,5,1480.2816,22,3.3889545454545456,1232.1703636363636,60,22,0.6333333333333333,1320,1486,FALSE,1.085760378787879,0.9681966593383313,1.1631538481175199,0.9644708613728129,FALSE,FALSE,AmeriFlux,AMF,v1.3,AMF_BR-Npw_FLUXNET_2013-2017_v1.3_r1.zip,10.17190/AMF/1881563
BR-SM1,30,5637.838066666666,2,5781.648,24,15.75175,5781.647999999999,24,24,0,1473,1700,TRUE,3.8274528626386055,0.9751264806620303,0.9751264806620304,3.3163753333333332,FALSE,FALSE,AmeriFlux,AMF,v1.3,AMF_BR-SM1_FLUXNET_2015-2016_v1.3_r1.zip,10.17190/AMF/3027374
BR-Sa1,30,2009.1521666666667,10,2164.2831,51,5.823843137254902,2120.4136470588237,120,51,0.575,1868,2074.79,FALSE,1.0755632583868666,0.9283222544530643,0.9475284077017306,0.968364107532168,FALSE,FALSE,AmeriFlux,AMF,v1.3,AMF_BR-Sa1_FLUXNET_2002-2011_v1.3_r1.zip,10.17190/AMF/3027310
BR-Sa3,30,1457.5392666666667,5,1535.3479999999997,14,5.108928571428572,1865.8148571428571,60,14,0.7666666666666666,1852,2043.77,FALSE,0.7870082433405328,0.9493217607126638,0.7811810807952364,0.7131620811865653,FALSE,FALSE,AmeriFlux,AMF,v1.3,AMF_BR-Sa3_FLUXNET_2000-2004_v1.3_r1.zip,10.17190/AMF/3027311
BR-Xpw,30,1431.8699666666666,4,1191.626,11,3.8418181818181814,1381.74,48,11,0.7708333333333334,1341,1490,FALSE,1.0677628386776037,1.2016102087959366,1.0362803180530828,0.9609865548098434,TRUE,FALSE,AmeriFlux,AMF,v1.3,AMF_BR-Xpw_FLUXNET_2017-2022_v1.3_r1.zip,10.17190/AMF/3365275
BW-Gum,30,2356.7997666666665,3,2178.8923333333332,36,6.043611111111111,2178.8923333333332,36,36,0,462,NA,FALSE,5.101298196248196,1.0816504012665762,1.0816504012665762,NA,FALSE,FALSE,ICOS,FLX,v1.3,FLX_BW-Gum_FLUXNET_2018-2020_v1.3_r1.zip,4tYejpkp-7QNMRnCzgTb9TY1
BW-Nxr,30,2185.233133333333,2,1852.4865000000002,24,5.096208333333333,1852.4865000000004,24,24,0,436,NA,FALSE,5.012002599388379,1.1796216238732822,1.179621623873282,NA,FALSE,FALSE,ICOS,FLX,v1.3,FLX_BW-Nxr_FLUXNET_2019-2020_v1.3_r1.zip,OAWAcJkAaBET5Vn-Kx2tRvsb
CA-ARB,30,488.89663333333334,10,483.96139999999997,37,0.7079189189189189,257.11427027027025,120,37,0.6916666666666667,625,700,FALSE,0.7822346133333333,1.0101975763631839,1.9014760745073422,0.698423761904762,FALSE,FALSE,AmeriFlux,AMF,v1.3,AMF_CA-ARB_FLUXNET_2011-2024_v1.3_r1.zip,10.17190/AMF/1902821
CA-ARF,30,488.89456666666666,10,483.96139999999997,37,0.7079189189189189,257.11427027027025,120,37,0.6916666666666667,625,700,FALSE,0.7822313066666666,1.0101933060501658,1.9014680365767191,0.6984208095238095,FALSE,FALSE,AmeriFlux,AMF,v1.3,AMF_CA-ARF_FLUXNET_2011-2024_v1.3_r1.zip,10.17190/AMF/1902822
CA-BOU,30,711.3454333333333,3,712.867,9,2.4165555555555556,879.7653333333333,36,9,0.75,1032,1011,FALSE,0.6892882105943152,0.9978655672563512,0.8085627000533475,0.7036057698648203,TRUE,FALSE,AmeriFlux,AMF,v1.3,AMF_CA-BOU_FLUXNET_2018-2020_v1.3_r1.zip,10.17190/AMF/2469435
CA-CF1,30,3649.1881,2,3710.2349999999997,19,9.080263157894738,3324.3391578947367,24,19,0.20833333333333337,417,452,FALSE,8.751050599520383,0.983546352185239,1.0977183514304798,8.073425,FALSE,FALSE,AmeriFlux,AMF,v1.3,AMF_CA-CF1_FLUXNET_2007-2008_v1.3_r1.zip,10.17190/AMF/2229375
CA-CF2,30,4963.8835,4,5143.8295,28,9.194178571428571,3367.709142857143,48,28,0.41666666666666663,417,452,TRUE,11.903797362110312,0.9650171141947843,1.4739644338135072,10.98204314159292,FALSE,FALSE,AmeriFlux,AMF,v1.3,AMF_CA-CF2_FLUXNET_2008-2011_v1.3_r1.zip,10.17190/AMF/3027323
CA-CF3,30,252.5199,NA,NA,NA,NA,NA,NA,NA,NA,417,NA,FALSE,0.605563309352518,NA,NA,NA,TRUE,FALSE,AmeriFlux,AMF,v1.3,AMF_CA-CF3_FLUXNET_2022-2025_v1.3_r1.zip,10.17190/AMF/3027357
CA-Ca1,30,1315.8228666666666,14,1338.2473571428573,5,4.1672,1525.3776,168,5,0.9702380952380952,1692,1369,FALSE,0.7776730890464932,0.9832433889321727,0.8626210760317096,0.9611562210859508,TRUE,FALSE,AmeriFlux,AMF,v1.3,AMF_CA-Ca1_FLUXNET_1997-2010_v1.3_r1.zip,10.17190/AMF/2007163
CA-Ca2,30,1178.4454666666666,11,1145.5296363636364,6,2.9091666666666667,1060.088,132,6,0.9545454545454546,1587,1474,FALSE,0.7425617307288385,1.0287341586443088,1.111648718471171,0.7994881049298959,TRUE,FALSE,AmeriFlux,AMF,v1.3,AMF_CA-Ca2_FLUXNET_2000-2010_v1.3_r1.zip,10.17190/AMF/2007164
CA-Ca3,30,1772.5385666666666,20,1678.69205,120,4.753116666666666,1738.9254,240,120,0.5,1582,1676,FALSE,1.120441571849979,1.0559045458436922,1.0193298497259666,1.0576005767700876,FALSE,FALSE,AmeriFlux,AMF,v1.3,AMF_CA-Ca3_FLUXNET_2001-2024_v1.3_r1.zip,10.17190/AMF/3027312
CA-Cbo,30,3332.7779666666665,25,3352.79184,300,9.174873333333334,3352.79184,300,300,0,874,876.34,FALSE,3.8132471014492753,0.9940306841914369,0.9940306841914369,3.8030649823888747,FALSE,FALSE,AmeriFlux,AMF,v1.3,AMF_CA-Cbo_FLUXNET_1996-2024_v1.3_r1.zip,10.17190/AMF/1854365
CA-DB2,30,1196.4158333333332,2,1236.9555,10,2.3655,861.3624,24,10,0.5833333333333333,1342,NA,FALSE,0.8915170144063586,0.9672262529519722,1.388980797552033,NA,TRUE,FALSE,AmeriFlux,AMF,v1.3,AMF_CA-DB2_FLUXNET_2019-2024_v1.3_r1.zip,10.17190/AMF/1881564
CA-DBB,30,1139.3527,6,1161.129,NA,NA,NA,72,0,1,1469,1128,FALSE,0.7755974812797821,0.9812455808097119,NA,1.01006445035461,TRUE,FALSE,AmeriFlux,AMF,v1.3,AMF_CA-DBB_FLUXNET_2015-2024_v1.3_r1.zip,10.17190/AMF/1881565
CA-DSM,30,1166.4762333333333,NA,NA,NA,NA,NA,NA,NA,NA,1464,1077.8,FALSE,0.796773383424408,NA,NA,1.0822752211294613,TRUE,FALSE,AmeriFlux,AMF,v1.3,AMF_CA-DSM_FLUXNET_2021-2024_v1.3_r1.zip,10.17190/AMF/2571137
CA-EM1,30,395.9318333333333,NA,NA,NA,NA,NA,NA,NA,NA,480,504.8,FALSE,0.824857986111111,NA,NA,0.784334059693608,TRUE,FALSE,AmeriFlux,AMF,v1.3,AMF_CA-EM1_FLUXNET_2021-2023_v1.3_r1.zip,10.17190/AMF/2469436
CA-EM2,30,298.75856666666664,NA,NA,NA,NA,NA,NA,NA,NA,480,473.4,FALSE,0.6224136805555555,NA,NA,0.6310911843402337,TRUE,FALSE,AmeriFlux,AMF,v1.3,AMF_CA-EM2_FLUXNET_2021-2023_v1.3_r1.zip,10.17190/AMF/2571141
CA-Gro,30,822.5417666666667,12,833.2484166666667,15,2.5515333333333334,937.7080000000001,144,15,0.8958333333333334,740,831,FALSE,1.111542927927928,0.987150710657416,0.8771832667170021,0.9898216205375051,FALSE,FALSE,AmeriFlux,AMF,v1.3,AMF_CA-Gro_FLUXNET_2003-2014_v1.3_r1.zip,10.17190/AMF/1902823
CA-HPC,30,1114.4470666666666,1,1581.336,NA,NA,NA,12,0,1,238,240.6,FALSE,4.682550700280112,0.7047503292574548,NA,4.631949570518149,TRUE,FALSE,AmeriFlux,AMF,v1.3,AMF_CA-HPC_FLUXNET_2018-2018_v1.3_r1.zip,10.17190/AMF/2469437
CA-KLP,30,573.9364666666667,10,578.6197,47,1.066723404255319,389.4094468085106,120,47,0.6083333333333334,648,680,FALSE,0.8857044238683127,0.9919061979166397,1.4738637477094796,0.8440242156862745,FALSE,FALSE,AmeriFlux,AMF,v1.3,AMF_CA-KLP_FLUXNET_2011-2020_v1.3_r1.zip,10.17190/AMF/3027324
CA-LP1,30,537.0924333333334,14,538.5622142857143,NA,NA,NA,168,0,1,723,570,FALSE,0.7428664361456893,0.997270917057688,NA,0.9422674269005848,TRUE,FALSE,AmeriFlux,AMF,v1.3,AMF_CA-LP1_FLUXNET_2007-2024_v1.3_r1.zip,10.17190/AMF/1832155
CA-LU1,30,384.5509333333333,1,617.74,7,0.855,313.00457142857147,12,7,0.41666666666666663,350,379,FALSE,1.0987169523809523,0.622512599691348,1.2285792874468893,1.0146462620932277,TRUE,FALSE,AmeriFlux,AMF,v1.3,AMF_CA-LU1_FLUXNET_2020-2023_v1.3_r1.zip,10.17190/AMF/3027376
CA-LU2,30,358.3070666666667,1,532.659,8,1.01275,368.8335,12,8,0.33333333333333337,355,379,FALSE,1.0093156807511738,0.672676265052626,0.9714602026840476,0.9454012313104662,TRUE,FALSE,AmeriFlux,AMF,v1.3,AMF_CA-LU2_FLUXNET_2020-2023_v1.3_r1.zip,10.17190/AMF/3027377
CA-MA1,30,443.6125666666667,3,461.6126666666666,4,0.73525,264.057,36,4,0.8888888888888888,519,514,FALSE,0.8547448298008992,0.9610060526935282,1.6799879066514678,0.8630594682230869,TRUE,FALSE,AmeriFlux,AMF,v1.3,AMF_CA-MA1_FLUXNET_2009-2011_v1.3_r1.zip,10.17190/AMF/2007165
CA-MA2,30,462.4175666666667,3,480.2543333333333,5,0.8099999999999999,291.06960000000004,36,5,0.8611111111111112,518,514,FALSE,0.8926980051480052,0.962859748619308,1.588683829113953,0.8996450713359274,TRUE,FALSE,AmeriFlux,AMF,v1.3,AMF_CA-MA2_FLUXNET_2009-2011_v1.3_r1.zip,10.17190/AMF/2007166
CA-MA3,30,473.8713333333333,3,480.47499999999997,5,0.808,290.5608,36,5,0.8611111111111112,519,514,FALSE,0.9130468850353243,0.9862559619820664,1.6308852857416878,0.921928664072633,TRUE,FALSE,AmeriFlux,AMF,v1.3,AMF_CA-MA3_FLUXNET_2009-2011_v1.3_r1.zip,10.17190/AMF/2007167
CA-Man,30,328.0806333333333,15,324.87873333333334,12,0.46275,168.19,180,12,0.9333333333333333,509,520,FALSE,0.6445592010478061,1.0098556774312302,1.9506548149909824,0.6309242948717948,FALSE,FALSE,AmeriFlux,AMF,v1.3,AMF_CA-Man_FLUXNET_1994-2008_v1.3_r1.zip,10.17190/AMF/2571101
CA-Mer,30,882.9069999999999,23,884.8838695652174,71,2.0472957746478873,741.8722816901409,276,71,0.7427536231884058,943,943,FALSE,0.9362746553552491,0.997765955925732,1.1901064668281611,0.9362746553552491,FALSE,FALSE,AmeriFlux,AMF,v1.3,AMF_CA-Mer_FLUXNET_1998-2020_v1.3_r1.zip,10.17190/AMF/2571102
CA-Mtk,30,206.7714,NA,NA,NA,NA,NA,NA,NA,NA,197,173,FALSE,1.0496010152284263,NA,NA,1.1952104046242775,TRUE,FALSE,AmeriFlux,AMF,v1.3,AMF_CA-Mtk_FLUXNET_2024-2024_v1.3_r1.zip,10.17190/AMF/2571152
CA-Na1,30,1287.7088333333334,3,1302.4796666666666,7,3.2154285714285713,1168.8428571428572,36,7,0.8055555555555556,1147,1102.7,FALSE,1.1226755303690787,0.9886594518813986,1.101695429342003,1.1677780296847133,TRUE,FALSE,AmeriFlux,AMF,v1.3,AMF_CA-Na1_FLUXNET_2003-2005_v1.3_r1.zip,10.17190/AMF/3027672
CA-Ojp,30,494.6377,12,487.60274999999996,NA,NA,NA,144,0,1,473,430.5,FALSE,1.045745665961945,1.014427625767082,NA,1.1489842044134726,TRUE,FALSE,AmeriFlux,AMF,v1.3,AMF_CA-Ojp_FLUXNET_1999-2010_v1.3_r1.zip,10.17190/AMF/3365260
CA-PB1,30,344.5383,5,316.3214,38,0.7301315789473685,266.98168421052634,60,38,0.3666666666666667,525,490,FALSE,0.6562634285714286,1.089203259722548,1.2904941438915973,0.703139387755102,FALSE,FALSE,AmeriFlux,AMF,v1.3,AMF_CA-PB1_FLUXNET_2016-2024_v1.3_r1.zip,10.17190/AMF/3027379
CA-PB2,30,475.45213333333334,4,443.4185,33,0.940969696969697,343.90618181818184,48,33,0.3125,524,490,FALSE,0.9073513994910941,1.0722424376369804,1.3825053414849575,0.9703104761904762,FALSE,FALSE,AmeriFlux,AMF,v1.3,AMF_CA-PB2_FLUXNET_2017-2024_v1.3_r1.zip,10.17190/AMF/3027380
CA-Qc2,30,827.3691,4,790.681,6,1.5141666666666667,549.376,48,6,0.875,965,NA,FALSE,0.8573773056994819,1.0464006343898486,1.5060160982642126,NA,TRUE,FALSE,AmeriFlux,AMF,v1.3,AMF_CA-Qc2_FLUXNET_2007-2010_v1.3_r1.zip,10.17190/AMF/2469438
CA-Qfo,30,975.0215000000001,8,947.1850000000001,15,2.4574666666666665,898.3304,96,15,0.84375,983,962.32,FALSE,0.991883519837233,1.0293886621937636,1.0853707054776283,1.013198831989359,FALSE,FALSE,AmeriFlux,AMF,v1.3,AMF_CA-Qfo_FLUXNET_2003-2010_v1.3_r1.zip,10.17190/AMF/2006960
CA-RBM,30,974.1024333333334,NA,NA,NA,NA,NA,NA,NA,NA,1180,1152,FALSE,0.8255105367231639,NA,NA,0.8455750289351852,TRUE,FALSE,AmeriFlux,AMF,v1.3,AMF_CA-RBM_FLUXNET_2022-2024_v1.3_r1.zip,10.17190/AMF/3027354
CA-SCB,30,342.5516666666667,6,313.72683333333333,11,0.5349090909090909,193.9167272727273,72,11,0.8472222222222222,414,388,FALSE,0.8274194847020934,1.0918787628940465,1.766488489592221,0.8828651202749142,TRUE,FALSE,AmeriFlux,AMF,v1.3,AMF_CA-SCB_FLUXNET_2014-2019_v1.3_r1.zip,10.17190/AMF/2469439
CA-SCC,30,269.28866666666664,8,252.340125,19,0.7738947368421052,284.0602105263158,96,19,0.8020833333333334,414,387.6,FALSE,0.6504557165861513,1.0671654643377333,0.9479985463916963,0.6947592019263845,FALSE,FALSE,AmeriFlux,AMF,v1.3,AMF_CA-SCC_FLUXNET_2013-2024_v1.3_r1.zip,10.17190/AMF/2469440
CA-SF1,30,421.0691,4,445.8945,7,0.779,283.4417142857143,48,7,0.8541666666666666,494,470,FALSE,0.8523665991902833,0.9443244982837868,1.4855579781582708,0.8958917021276596,TRUE,FALSE,AmeriFlux,AMF,v1.3,AMF_CA-SF1_FLUXNET_2003-2006_v1.3_r1.zip,10.17190/AMF/1902831
CA-SF2,30,346.47696666666667,5,308.4858,11,0.5279090909090909,191.46327272727274,60,11,0.8166666666666667,486,470,FALSE,0.7129155692729767,1.123153696755788,1.8096262626838155,0.7371850354609929,TRUE,FALSE,AmeriFlux,AMF,v1.3,AMF_CA-SF2_FLUXNET_2001-2005_v1.3_r1.zip,10.17190/AMF/2006961
CA-SF3,30,387.4114333333333,6,372.5536666666667,25,1.00756,367.31184,72,25,0.6527777777777778,481,470,FALSE,0.8054291753291754,1.0398808762227545,1.054720788018522,0.8242796453900709,FALSE,FALSE,AmeriFlux,AMF,v1.3,AMF_CA-SF3_FLUXNET_2001-2006_v1.3_r1.zip,10.17190/AMF/3027313
CA-SJ2,30,499.2909,6,509.65433333333334,42,0.8400238095238095,307.25085714285717,72,42,0.41666666666666663,477,430.03,FALSE,1.0467314465408806,0.9796657603879231,1.6250268742711864,1.161060623677418,FALSE,FALSE,AmeriFlux,AMF,v1.3,AMF_CA-SJ2_FLUXNET_2003-2008_v1.3_r1.zip,10.17190/AMF/3365261
CA-SMC,30,1656.6342333333332,1,1524.2010000000002,12,4.16475,1524.201,12,12,0,349,388,FALSE,4.746802960840497,1.0868869875648506,1.0868869875648508,4.2696758591065285,FALSE,FALSE,AmeriFlux,AMF,v1.3,AMF_CA-SMC_FLUXNET_2018-2018_v1.3_r1.zip,10.17190/AMF/2571111
CA-TP1,30,669.2239666666667,19,739.7672105263158,42,1.7565238095238096,641.0022857142857,228,42,0.8157894736842105,986,1036,FALSE,0.6787261325219743,0.9046412941045868,1.044027426393547,0.6459690797940798,FALSE,FALSE,AmeriFlux,AMF,v1.3,AMF_CA-TP1_FLUXNET_2002-2023_v1.3_r1.zip,10.17190/AMF/2006962
CA-TP2,30,0,6,0,71,0,0,72,71,0.01388888888888884,970,1036,FALSE,0,NA,NA,0,FALSE,FALSE,AmeriFlux,AMF,v1.3,AMF_CA-TP2_FLUXNET_2002-2007_v1.3_r1.zip,10.17190/AMF/3365262
CA-TP3,30,1099.2175666666667,19,1113.4408421052633,71,2.940619718309859,1075.331323943662,228,71,0.6885964912280702,970,1036,FALSE,1.1332139862542956,0.9872258364335696,1.0222129144675192,1.0610208172458173,FALSE,FALSE,AmeriFlux,AMF,v1.3,AMF_CA-TP3_FLUXNET_2002-2023_v1.3_r1.zip,10.17190/AMF/1881566
CA-TP4,30,1099.2175666666667,19,1113.4408421052633,71,2.940619718309859,1075.331323943662,228,71,0.6885964912280702,976,1036,FALSE,1.126247506830601,0.9872258364335696,1.0222129144675192,1.0610208172458173,FALSE,FALSE,AmeriFlux,AMF,v1.3,AMF_CA-TP4_FLUXNET_2002-2023_v1.3_r1.zip,10.17190/AMF/3365263
CA-TPA,30,1108.8337333333334,1,1126.6940000000002,NA,NA,NA,12,0,1,970,956,FALSE,1.143127560137457,0.9841480768809749,NA,1.1598679218967922,TRUE,FALSE,AmeriFlux,AMF,v1.3,AMF_CA-TPA_FLUXNET_2020-2023_v1.3_r1.zip,10.17190/AMF/3027362
CA-TPD,30,931.4757333333333,9,905.1328888888888,10,2.5345,929.5343999999999,108,10,0.9074074074074074,986,1036,FALSE,0.9447015551048006,1.0291038418422538,1.00208850079495,0.8991078507078507,TRUE,FALSE,AmeriFlux,AMF,v1.3,AMF_CA-TPD_FLUXNET_2012-2023_v1.3_r1.zip,10.17190/AMF/1881567
CA-TVC,30,104.27626666666667,1,138.468,NA,NA,NA,12,0,1,219,240.6,FALSE,0.47614733637747336,0.7530712270464416,NA,0.4334009420892214,TRUE,FALSE,AmeriFlux,AMF,v1.3,AMF_CA-TVC_FLUXNET_2017-2017_v1.3_r1.zip,10.17190/AMF/3365267
CD-Ygb,30,2433.6066,1,2387.007,9,6.505222222222222,2377.057333333333,12,9,0.25,1774,1811.7,FALSE,1.3718188275084555,1.01952218824662,1.0237896098986254,1.3432723960920683,TRUE,FALSE,ICOS,ICOS,v1.3,ICOS_CD-Ygb_FLUXNET_2020-2025_v1.3_r1.zip,4yxFg7HiX3wwcXY7t16U5Jec
CG-Tch,30,1590.3380666666667,4,1650.947,6,3.9488333333333334,1407.4299999999998,48,6,0.875,1320,1150,FALSE,1.2048015656565656,0.9632883833743099,1.1299589085543629,1.3829026666666666,TRUE,FALSE,ICOS,EUF,v1.3,EUF_CG-Tch_FLUXNET_2006-2009_v1.3_r1.zip,FCFD-_Unczb9xHrj6_dm8loj
CH-Aws,30,1332.9461333333334,15,1430.5735333333332,68,3.4788676470588236,1272.2078823529412,180,68,0.6222222222222222,1158,918,FALSE,1.1510761082325849,0.9317564614993811,1.0477423947948328,1.45201103848947,FALSE,FALSE,ICOS,EUF,v1.3,EUF_CH-Aws_FLUXNET_2006-2024_v1.3_r2.zip,2c8FDF30wAcPfPTgr_PwL3qv
CH-Cha,30,1182.5493666666666,16,1156.14625,20,3.2844,1199.4438,192,20,0.8958333333333334,1194,1136,FALSE,0.990409854829704,1.0228371771016571,0.9859147770547204,1.0409765551643193,FALSE,FALSE,ICOS,EUF,v1.3,EUF_CH-Cha_FLUXNET_2005-2024_v1.3_r1.zip,_BRGI6F0aH0BpH6M9QscIcym
CH-Crs,30,905.8019,2,887.8344999999999,NA,NA,NA,24,0,1,1016,957,FALSE,0.8915373031496063,1.0202373302681977,NA,0.9465014629049112,TRUE,FALSE,ICOS,EUF,v1.3,EUF_CH-Crs_FLUXNET_2015-2016_v1.3_r1.zip,imYdB4O0vIcmT-V5Xecz4Ww6
CH-Dav,30,873.3136333333333,24,869.9184583333333,NA,NA,NA,288,0,1,1094,876,FALSE,0.7982757160268129,1.0039028658002094,NA,0.9969333713850836,TRUE,FALSE,ICOS,ICOS,v1.3,ICOS_CH-Dav_FLUXNET_1997-2025_v1.3_r1.zip,Pr9SZHBdwu6YbWLoOGhzjSJQ
CH-For,30,1072.3002333333334,NA,NA,NA,NA,NA,NA,NA,NA,1238,1151,FALSE,0.8661552773290253,NA,NA,0.9316248769186215,TRUE,FALSE,ICOS,EUF,v1.3,EUF_CH-For_FLUXNET_2024-2024_v1.3_r2.zip,J588sazh4YQmAe0rk3vLQAvD
CH-Frk,30,1197.6444666666666,2,1242.3069999999998,NA,NA,NA,24,0,1,1224,1450,FALSE,0.9784677015250545,0.96404871474335,NA,0.8259617011494252,TRUE,FALSE,ICOS,EUF,v1.3,EUF_CH-Frk_FLUXNET_2013-2014_v1.3_r1.zip,DyO-bck7H9h82Jj_OFEFlWHD
CH-Fru,30,1503.4292,16,1400.3293125,10,4.1008000000000004,1496.5836,192,10,0.9479166666666666,1398,1492,FALSE,1.0754143061516452,1.0736254583687435,1.004574151420609,1.0076603217158178,TRUE,FALSE,ICOS,EUF,v1.3,EUF_CH-Fru_FLUXNET_2005-2024_v1.3_r1.zip,xnRKIWdx6isC5GLqv_pHq5hU
CH-Lae,30,883.6265666666667,17,840.2864705882353,NA,NA,NA,204,0,1,1160,1100,FALSE,0.761747040229885,1.0515777625791018,NA,0.8032968787878788,TRUE,FALSE,ICOS,EUF,v1.3,EUF_CH-Lae_FLUXNET_2004-2024_v1.3_r1.zip,V_BAvTqbUIgSItmCcoHgP3Vy
CH-Oe1,30,1175.8516666666667,10,1146.1089000000002,NA,NA,NA,120,0,1,1126,1100,FALSE,1.0442732386027236,1.0259510825425633,NA,1.0689560606060606,TRUE,FALSE,ICOS,EUF,v1.3,EUF_CH-Oe1_FLUXNET_2002-2011_v1.3_r1.zip,Yhvt49ceMFBoaJhA4RgbYQf4
CH-Oe2,30,1148.4836666666667,17,1128.2848823529412,30,2.9494666666666665,1077.2,204,30,0.8529411764705882,1126,1155,FALSE,1.0199677323860272,1.0179022023866904,1.066174959772249,0.994358152958153,FALSE,FALSE,ICOS,EUF,v1.3,EUF_CH-Oe2_FLUXNET_2004-2024_v1.3_r1.zip,nayPPdWP7UC3vBVNv1HnbxOJ
CH-Oe3,30,1160.5129666666667,10,1131.1592,3,1.9643333333333335,691.36,120,3,0.975,1126,1100,FALSE,1.0306509473060983,1.025950163926233,1.6785943165162385,1.055011787878788,TRUE,FALSE,ICOS,EUF,v1.3,EUF_CH-Oe3_FLUXNET_2002-2011_v1.3_r2.zip,Jk2_wTjn37nJQ0Ex5QzdqT8D
CH-Rh1,30,1677.0118333333332,3,1442.7083333333333,2,4.2225,1529.334,36,2,0.9444444444444444,1351,1407,FALSE,1.241311497656057,1.1624053140794224,1.0965634932155652,1.1919060649135276,TRUE,FALSE,ICOS,EUF,v1.3,EUF_CH-Rh1_FLUXNET_2018-2021_v1.3_r1.zip,dvdiSGaj5yT3Cv3bSaKktRf5
CH-Rh2,30,1677.0118333333332,3,1442.7083333333333,2,4.2225,1529.334,36,2,0.9444444444444444,1351,1407,FALSE,1.241311497656057,1.1624053140794224,1.0965634932155652,1.1919060649135276,TRUE,FALSE,ICOS,EUF,v1.3,EUF_CH-Rh2_FLUXNET_2018-2021_v1.3_r1.zip,s29xGnt-hLzMlal-qo4i1iwb
CH-Rtb,30,1436.3975666666668,12,1402.2630000000001,NA,NA,NA,144,0,1,1275,1434,FALSE,1.1265863267973857,1.0243424854443615,NA,1.0016719432821943,TRUE,FALSE,ICOS,EUF,v1.3,EUF_CH-Rtb_FLUXNET_2009-2022_v1.3_r1.zip,ZSw7OruD5oGCPKwcw5aAC563
CH-Tnk,30,1168.7216333333333,NA,NA,NA,NA,NA,NA,NA,NA,1094,1169,FALSE,1.0683013101767216,NA,NA,0.999761876247505,TRUE,FALSE,ICOS,EUF,v1.3,EUF_CH-Tnk_FLUXNET_2024-2024_v1.3_r1.zip,mkSJOp0Dw6pVHTYytNO2XjZW
CL-ACF,30,3172.8040666666666,3,2939.1706666666664,NA,NA,NA,36,0,1,1914,4500,FALSE,1.6576823754789272,1.0794895657641295,NA,0.7050675703703704,TRUE,FALSE,AmeriFlux,AMF,v1.3,AMF_CL-ACF_FLUXNET_2018-2020_v1.3_r1.zip,10.17190/AMF/2571129
CL-SDF,30,1506.9242333333334,7,1452.8185714285712,19,3.384894736842105,1238.3393684210528,84,19,0.7738095238095238,2409,2110,FALSE,0.6255393247543932,1.0372418572895579,1.2168911622786736,0.7141821011058452,FALSE,FALSE,AmeriFlux,AMF,v1.3,AMF_CL-SDF_FLUXNET_2014-2021_v1.3_r1.zip,10.17190/AMF/2469441
CL-SDP,30,1421.9918333333333,7,1404.191142857143,NA,NA,NA,84,0,1,2354,2110,FALSE,0.6040746955536674,1.0126768286260308,NA,0.6739297788309636,TRUE,FALSE,AmeriFlux,AMF,v1.3,AMF_CL-SDP_FLUXNET_2014-2021_v1.3_r1.zip,10.17190/AMF/2571108
CN-Aro,30,2471.6720666666665,8,2525.9155,96,6.8936979166666665,2525.9155,96,96,0,411,400,FALSE,6.013800648824006,0.9785252383409764,0.9785252383409764,6.179180166666666,FALSE,FALSE,ICOS,CNF,v1.3,CNF_CN-Aro_FLUXNET_2013-2024_v1.3_r2.zip,jxTNODjDo67lOrOxUacBPDO4
CN-Ash,30,1466.8425666666667,11,1315.652090909091,NA,NA,NA,132,0,1,988,NA,FALSE,1.4846584682861,1.1149167601391534,NA,NA,TRUE,FALSE,ICOS,CNF,v1.3,CNF_CN-Ash_FLUXNET_2009-2019_v1.3_r2.zip,-aqgpma6k0HrmLYRSsZInJHG
CN-BeO,30,532.4038666666667,9,499.1645555555555,1,1.981,713.16,108,1,0.9907407407407407,546,NA,FALSE,0.9750986568986569,1.066589886523727,0.7465419634677586,NA,TRUE,FALSE,ICOS,CNF,v1.3,CNF_CN-BeO_FLUXNET_2012-2020_v1.3_r2.zip,bGwvrJ7bcVh2rAzAE59-6SwC
CN-DaW,30,311.1937,9,308.1252222222222,48,0.8063958333333333,295.85725,108,48,0.5555555555555556,419,NA,FALSE,0.7427057279236277,1.009958541386673,1.051837330334139,NA,FALSE,FALSE,ICOS,CNF,v1.3,CNF_CN-DaW_FLUXNET_2011-2019_v1.3_r1.zip,DQKmnAHmBm3CphGIcY5xQPmD
CN-Dan,30,372.06173333333334,10,398.4619,64,0.972078125,356.19487499999997,120,64,0.4666666666666667,419,NA,FALSE,0.8879754972155927,0.9337448155854633,1.0445454425287095,NA,FALSE,FALSE,ICOS,CNF,v1.3,CNF_CN-Dan_FLUXNET_2011-2020_v1.3_r1.zip,5nBFYMv5AuND3EaDf_ScE4kY
CN-Dda,30,1158.7745666666667,4,1010.2120000000001,48,2.7559791666666666,1010.212,48,48,0,261,NA,FALSE,4.439749297573436,1.147060781961278,1.1470607819612781,NA,FALSE,FALSE,ICOS,CNF,v1.3,CNF_CN-Dda_FLUXNET_2011-2014_v1.3_r1.zip,LfCurmcmjbwq0kACEe81OTEW
CN-Din,30,1502.0699,11,1603.9843636363637,36,4.296583333333333,1574.0800000000002,132,36,0.7272727272727273,1835,NA,FALSE,0.8185667029972752,0.9364616850719696,0.9542525792844073,NA,FALSE,FALSE,ICOS,CNF,v1.3,CNF_CN-Din_FLUXNET_2010-2020_v1.3_r2.zip,eIM3dmOatc4k0XhMwrwZZGkW
CN-Dmn,30,1534.9443999999999,9,1480.4998888888888,108,4.039296296296296,1480.499888888889,108,108,0,222,130,FALSE,6.914163963963963,1.0367744108052392,1.036774410805239,11.807264615384614,FALSE,FALSE,ICOS,CNF,v1.3,CNF_CN-Dmn_FLUXNET_2012-2024_v1.3_r1.zip,rDvBU2EyWJDrd8bxJoMF69Lt
CN-Dsh,30,2499.1318333333334,8,2637.78225,96,7.1899375,2637.78225,96,96,0,345,380,FALSE,7.24386038647343,0.9474367466584223,0.9474367466584223,6.576662719298246,FALSE,FALSE,ICOS,CNF,v1.3,CNF_CN-Dsh_FLUXNET_2013-2024_v1.3_r1.zip,CuNYBsqS22epRiBFdnFTFpHD
CN-Du2,30,476.4095,9,474.787,16,1.017,373.50075000000004,108,16,0.8518518518518519,399,NA,FALSE,1.1940087719298245,1.0034173218727556,1.2755248818108127,NA,FALSE,FALSE,ICOS,CNF,v1.3,CNF_CN-Du2_FLUXNET_2011-2019_v1.3_r1.zip,4iVSvtAHibzF9fw90Vijm_Bi
CN-Dzo,30,1668.2482666666667,11,1913.666,25,4.91148,1799.3832,132,25,0.8106060606060606,1647,NA,FALSE,1.0129011940902652,0.8717551896029228,0.9271222864960986,NA,FALSE,FALSE,ICOS,CNF,v1.3,CNF_CN-Dzo_FLUXNET_2010-2020_v1.3_r1.zip,cRRcmwgDGkL_FN07mKZghrOa
CN-Erg,30,357.0635666666667,4,303.37524999999994,12,0.7524166666666666,276.196,48,12,0.75,360,NA,FALSE,0.9918432407407408,1.1769699956297253,1.2927905062588403,NA,FALSE,FALSE,ICOS,CNF,v1.3,CNF_CN-Erg_FLUXNET_2016-2019_v1.3_r1.zip,YnJJoUgJzknCQc4Hl_yo1yyx
CN-GuT,30,52.5306,3,549.5303333333334,NA,NA,NA,36,0,1,568,NA,FALSE,0.09248345070422535,0.09559181143170137,NA,NA,TRUE,FALSE,ICOS,CNF,v1.3,CNF_CN-GuT_FLUXNET_2015-2017_v1.3_r1.zip,e-sKFJBYhUCvVrCNIiPw-bYV
CN-Ha2,30,457.11086666666665,9,564.4706666666667,1,2.75,990,108,1,0.9907407407407407,468,NA,FALSE,0.976732621082621,0.8098044657767867,0.4617281481481481,NA,TRUE,FALSE,ICOS,CNF,v1.3,CNF_CN-Ha2_FLUXNET_2011-2019_v1.3_r2.zip,fO5BuMb3iizRc0O5TY5c-d7_
CN-HaM,30,3057.3432333333335,14,3047.521357142857,168,8.311148809523809,3047.521357142857,168,168,0,468,567,FALSE,6.532784686609687,1.0032229064342586,1.0032229064342586,5.392139741328631,FALSE,FALSE,ICOS,JPF,v1.3,JPF_CN-HaM_FLUXNET_2001-2014_v1.3_r1.zip,eHxCM4Gfk3Wo-yA1sym5lBRo
CN-HaW,30,470.30376666666666,8,474.18925,24,1.259625,461.48400000000004,96,24,0.75,468,NA,FALSE,1.0049225783475784,0.9918060493076691,1.0191117496309008,NA,FALSE,FALSE,ICOS,CNF,v1.3,CNF_CN-HaW_FLUXNET_2011-2018_v1.3_r1.zip,zcDT70pAxkOj3APSR2JAKGXf
CN-HeD,30,151.21866666666665,2,118.22200000000001,24,0.324375,118.22200000000001,24,24,0,34,37,FALSE,4.447607843137255,1.2791076674956154,1.2791076674956154,4.086990990990991,FALSE,FALSE,ICOS,CNF,v1.3,CNF_CN-HeD_FLUXNET_2019-2024_v1.3_r1.zip,vYhdwdwjsWz9BbCqBCrlbO1M
CN-HeM,30,152.75446666666667,8,142.973375,96,0.39047916666666665,142.97337499999998,96,96,0,41,37,FALSE,3.725718699186992,1.068411979969464,1.0684119799694642,4.128499099099099,FALSE,FALSE,ICOS,CNF,v1.3,CNF_CN-HeM_FLUXNET_2013-2024_v1.3_r1.zip,jF6IagFB3JTernoRBEid7jI1
CN-Huz,30,1534.9443999999999,6,1560.1338333333333,72,4.2579722222222225,1560.1338333333335,72,72,0,260,130,FALSE,5.903632307692307,0.9838543124986179,0.9838543124986177,11.807264615384614,FALSE,FALSE,ICOS,CNF,v1.3,CNF_CN-Huz_FLUXNET_2015-2024_v1.3_r1.zip,1T6b8TLnKLGWf4tOzEuap3QT
CN-Jng,30,2983.7575666666667,3,3073.6596666666665,36,8.384277777777777,3073.659666666667,36,36,0,481,400,FALSE,6.2032381843381845,0.9707507955500171,0.9707507955500169,7.4593939166666665,FALSE,FALSE,ICOS,CNF,v1.3,CNF_CN-Jng_FLUXNET_2018-2024_v1.3_r1.zip,-j9SFp6fnVpcNTpZmfQG_mJm
CN-Jzh,30,570.5362333333334,6,541.2758333333334,12,1.1225833333333333,409.448,72,12,0.8333333333333334,549,NA,FALSE,1.0392281117182758,1.0540582050741227,1.393427818265893,NA,FALSE,FALSE,ICOS,CNF,v1.3,CNF_CN-Jzh_FLUXNET_2011-2016_v1.3_r2.zip,IdPKbpSMd_1dl0ReNyYlmqoX
CN-Lch,30,427.3243,13,413.65430769230767,12,1.0425,383.75,156,12,0.9230769230769231,475,NA,FALSE,0.8996301052631579,1.0330468994362814,1.113548664495114,NA,FALSE,FALSE,ICOS,CNF,v1.3,CNF_CN-Lch_FLUXNET_2008-2020_v1.3_r1.zip,z2J76ckVo1ywgV-s6QoYLklQ
CN-Lsh,30,453.5005,5,442.6564,4,0.66625,241.11300000000003,60,4,0.9333333333333333,587,724,FALSE,0.7725732538330494,1.0244977820268721,1.8808629148988232,0.626381906077348,TRUE,FALSE,ICOS,JPF,v1.3,JPF_CN-Lsh_FLUXNET_2002-2006_v1.3_r1.zip,eEffx70YefN_2F5Yx_sowWVR
CN-Mxn,30,945.7413,5,834.2798,24,2.585541666666667,948.03,60,24,0.6,798,NA,FALSE,1.1851394736842105,1.1336020601241934,0.9975858358912694,NA,FALSE,FALSE,ICOS,CNF,v1.3,CNF_CN-Mxn_FLUXNET_2015-2019_v1.3_r1.zip,LC7IDEUVMo2L4DrP_LRCS8PR
CN-Nmn,30,326.66613333333333,5,339.0684,NA,NA,NA,60,0,1,431,NA,FALSE,0.7579260634184068,0.9634225228105401,NA,NA,TRUE,FALSE,ICOS,CNF,v1.3,CNF_CN-Nmn_FLUXNET_2015-2019_v1.3_r1.zip,0v70myjZ6UGZr9O6hJG55c-t
CN-Qng,30,4503.760066666667,NA,NA,NA,NA,NA,NA,NA,NA,875,NA,FALSE,5.147154361904762,NA,NA,NA,TRUE,FALSE,ICOS,CNF,v1.3,CNF_CN-Qng_FLUXNET_2022-2024_v1.3_r1.zip,0G-jY-Q07vGfkXXWOr9iSo2z
CN-Sb1,30,2080.9931333333334,1,2111.822,12,5.7459999999999996,2111.822,12,12,0,446,452,FALSE,4.665903886397609,0.9854017683939903,0.9854017683939903,4.603967109144543,FALSE,FALSE,ICOS,FLX,v1.3,FLX_CN-Sb1_FLUXNET_2020-2024_v1.3_r1.zip,HaDwZsk1Ot6vY7zDB1eLSeCg
CN-Sb2,30,2080.9931333333334,1,2111.822,12,5.7459999999999996,2111.822,12,12,0,460,452,FALSE,4.523898115942029,0.9854017683939903,0.9854017683939903,4.603967109144543,FALSE,FALSE,ICOS,FLX,v1.3,FLX_CN-Sb2_FLUXNET_2020-2024_v1.3_r1.zip,wsgSpuYtd8ayCmJtInYU4yhz
CN-Sdq,30,152.75446666666667,8,142.973375,96,0.39047916666666665,142.97337499999998,96,96,0,41,37,FALSE,3.725718699186992,1.068411979969464,1.0684119799694642,4.128499099099099,FALSE,FALSE,ICOS,CNF,v1.3,CNF_CN-Sdq_FLUXNET_2013-2024_v1.3_r1.zip,3lCvpR-G0sl29NE-OD2rgvf7
CN-SnB,30,880.7532666666667,NA,NA,NA,NA,NA,NA,NA,NA,1021,1022,FALSE,0.86263787136794,NA,NA,0.8617938030006523,TRUE,FALSE,ICOS,FLX,v1.3,FLX_CN-SnB_FLUXNET_2021-2021_v1.3_r1.zip,tLlXyXLFaO-WvTNGORpwMidp
CN-Wnb,30,127.28223333333334,NA,NA,NA,NA,NA,NA,NA,NA,127,NA,FALSE,1.0022223097112861,NA,NA,NA,TRUE,FALSE,ICOS,CNF,v1.3,CNF_CN-Wnb_FLUXNET_2021-2021_v1.3_r2.zip,Ed_4y2WO5VnXMnrBdzHXIhpj
CN-Xi2,30,321.5742666666667,10,285.3447,26,0.9071538461538462,332.80338461538463,120,26,0.7833333333333333,322,NA,FALSE,0.9986778467908903,1.1269677224306838,0.9662590031597929,NA,FALSE,FALSE,ICOS,CNF,v1.3,CNF_CN-Xi2_FLUXNET_2011-2020_v1.3_r1.zip,Q9e9OH0qQmaJV4OiVUDW3BAV
CN-YaS,30,311.3360666666667,10,299.9674,18,0.662611111111111,241.962,120,18,0.85,309,NA,FALSE,1.0075600862998921,1.0378996739867956,1.286714718289098,NA,FALSE,FALSE,ICOS,CNF,v1.3,CNF_CN-YaS_FLUXNET_2011-2020_v1.3_r1.zip,6pt5rPsY7WPz3-14KSumsu47
CN-Yan,30,343.61196666666666,3,326.3063333333333,9,0.8765555555555555,324.004,36,9,0.75,321,NA,FALSE,1.0704422637590862,1.0530349293455332,1.0605176685061501,NA,TRUE,FALSE,ICOS,CNF,v1.3,CNF_CN-Yan_FLUXNET_2016-2018_v1.3_r1.zip,lc9678eCbEfan19oZCTEp4yW
CN-You,30,2649.448966666667,6,2721.2116666666666,72,7.422958333333333,2721.2116666666666,72,72,0,452,400,FALSE,5.861612758112095,0.9736284020537421,0.9736284020537421,6.623622416666667,FALSE,FALSE,ICOS,CNF,v1.3,CNF_CN-You_FLUXNET_2015-2024_v1.3_r1.zip,vRR8XgOrD3OP9aSNCJm9qe2P
CN-Yuc,30,545.4328,10,473.12800000000004,12,1.0881666666666667,400.664,120,12,0.9,607,NA,FALSE,0.8985713344316311,1.1528229147292064,1.3613222051394687,NA,FALSE,FALSE,ICOS,CNF,v1.3,CNF_CN-Yuc_FLUXNET_2011-2020_v1.3_r2.zip,NFU16xgbyY-I0UsIppkbnnAV
CN-Zha,30,631.1700666666667,9,597.2601111111111,108,1.6269907407407407,597.2601111111111,108,108,0,188,130,FALSE,3.3572875886524822,1.0567758584990237,1.0567758584990237,4.855154358974359,FALSE,FALSE,ICOS,CNF,v1.3,CNF_CN-Zha_FLUXNET_2012-2024_v1.3_r1.zip,tFBkzpRGg9Iwux3atrGwD_ur
CR-AqC,30,3000.089966666667,8,3054.10525,NA,NA,NA,96,0,1,3307,3207,FALSE,0.9071938211873803,0.9823138762708544,NA,0.9354817482590168,TRUE,FALSE,ICOS,FLX,v1.3,FLX_CR-AqC_FLUXNET_2009-2016_v1.3_r1.zip,yRjv2loTLxMX5_elU4L2aqKw
CR-Fsc,30,1835.0328666666667,4,1656.3625,NA,NA,NA,48,0,1,1824,NA,FALSE,1.006048720760234,1.1078691208395908,NA,NA,TRUE,FALSE,AmeriFlux,AMF,v1.3,AMF_CR-Fsc_FLUXNET_2015-2018_v1.3_r1.zip,10.17190/AMF/2571109
CZ-BK1,30,1223.8335333333334,17,1261.2171176470588,5,3.304,1191.8999999999999,204,5,0.9754901960784313,1013,1338.12,FALSE,1.2081278710102008,0.9703591207329404,1.026792124618956,0.9145917655616339,TRUE,FALSE,ICOS,ICOS,v1.3,ICOS_CZ-BK1_FLUXNET_2004-2025_v1.3_r1.zip,HH11awh469XrSeL0fO6WxYA4
CZ-BK2,30,1092.0189,7,1094.557142857143,40,2.868675,1046.0445,84,40,0.5238095238095238,1003,1316,FALSE,1.0887526420737788,0.9976810321199702,1.0439507114659081,0.8298015957446808,FALSE,FALSE,ICOS,EUF,v1.3,EUF_CZ-BK2_FLUXNET_2006-2012_v1.3_r1.zip,x40X4P6k4g30f_OFC6o4vHvJ
CZ-KrP,30,604.5559666666667,7,626.7767142857143,3,1.5736666666666665,582.784,84,3,0.9642857142857143,576,620,FALSE,1.0495763310185184,0.9645475859064566,1.0373585525111648,0.9750902688172043,TRUE,FALSE,ICOS,EUF,v1.3,EUF_CZ-KrP_FLUXNET_2014-2023_v1.3_r2.zip,cqH_ifs_P83CsahNQXGTp3Im
CZ-LnG,30,500.80443333333335,2,542.561,12,1.3669166666666666,500.831,24,12,0.5,647,0,FALSE,0.7740408552292632,0.9230380239887005,0.999946954827743,Inf,FALSE,FALSE,ICOS,EUF,v1.3,EUF_CZ-LnG_FLUXNET_2019-2024_v1.3_r1.zip,cezPci33oJjpbkjDF47P8YIK
CZ-Lnz,30,518.4126,6,521.0946666666666,1,1.661,617.892,72,1,0.9861111111111112,647,518.031,FALSE,0.8012559505409582,0.9948530145514187,0.8390019615078362,1.0007366354523186,TRUE,FALSE,ICOS,ICOS,v1.3,ICOS_CZ-Lnz_FLUXNET_2015-2025_v1.3_r1.zip,qtH0gyWH-yg0lP-HmC2lXv24
CZ-RAJ,30,660.3521000000001,9,664.8667777777778,NA,NA,NA,108,0,1,606,681,FALSE,1.0896899339933994,0.9932096505214663,NA,0.9696800293685757,TRUE,FALSE,ICOS,EUF,v1.3,EUF_CZ-RAJ_FLUXNET_2012-2024_v1.3_r1.zip,LlmTy3u9548FEMXEW59RiWpY
CZ-Stn,30,671.8468,11,667.8116363636364,5,1.6598,604.0152,132,5,0.9621212121212122,794,685,FALSE,0.8461546599496222,1.0060423679622235,1.1123011473883437,0.9807982481751826,TRUE,FALSE,ICOS,EUF,v1.3,EUF_CZ-Stn_FLUXNET_2010-2024_v1.3_r1.zip,CM9ZMyBcfqBoKkmLPUDwiyMo
CZ-wet,30,571.4314666666667,15,576.3324,12,1.4981666666666666,548.249,180,12,0.9333333333333333,632,603,FALSE,0.9041637130801687,0.9914963425041984,1.0422845580505695,0.9476475400773908,FALSE,FALSE,ICOS,ICOS,v1.3,ICOS_CZ-wet_FLUXNET_2006-2025_v1.3_r1.zip,ezclJdsSs31JZaOdM4gbLbIn
DE-Akm,30,2403.4020666666665,12,2435.146333333333,144,6.648916666666667,2435.146333333333,144,144,0,563,562,FALSE,4.26892018946122,0.9869641235797055,0.9869641235797055,4.276516132858838,FALSE,FALSE,ICOS,EUF,v1.3,EUF_DE-Akm_FLUXNET_2009-2024_v1.3_r2.zip,P8ryFkG8dw0RkoDJmqv06lnk
DE-Amv,30,750.4336333333333,NA,NA,NA,NA,NA,NA,NA,NA,773,835,FALSE,0.9708067701595515,NA,NA,0.8987229141716566,TRUE,FALSE,ICOS,ICOS,v1.3,ICOS_DE-Amv_FLUXNET_2023-2025_v1.3_r1.zip,D540Aaoeoyu95tgun4okCWUT
DE-Brs,30,669.0684,NA,NA,NA,NA,NA,NA,NA,NA,624,617.9,FALSE,1.072225,NA,NA,1.08281016345687,TRUE,FALSE,ICOS,ICOS,v1.3,ICOS_DE-Brs_FLUXNET_2023-2025_v1.3_r1.zip,6vn4QkbfvwSPJpiJvhtI7OcR
DE-Etn,30,4270.398866666666,NA,NA,NA,NA,NA,NA,NA,NA,1062,1190,FALSE,4.021091211550534,NA,NA,3.588570476190476,TRUE,FALSE,ICOS,EUF,v1.3,EUF_DE-Etn_FLUXNET_2024-2024_v1.3_r1.zip,timq13anOgu_cC9YrhwCaa1K
DE-Fen,30,1042.6085333333333,NA,NA,NA,NA,NA,NA,NA,NA,1131,1081,FALSE,0.9218466254052461,NA,NA,0.9644852297255627,TRUE,FALSE,ICOS,ICOS,v1.3,ICOS_DE-Fen_FLUXNET_2023-2025_v1.3_r1.zip,eETzHZHUPeVJNjSa3fM24SeW
DE-Geb,30,611.8403,1,529.735,11,1.5238181818181817,555.5389090909091,12,11,0.08333333333333337,500,534,FALSE,1.2236806,1.1549931569558363,1.1013455403172807,1.145768352059925,TRUE,FALSE,ICOS,ICOS,v1.3,ICOS_DE-Geb_FLUXNET_2020-2024_v1.3_r1.zip,jFkfMT_3ZahqoODz-R82VeUG
DE-Gri,30,913.0325333333334,17,921.8405882352941,NA,NA,NA,204,0,1,790,NA,FALSE,1.1557373839662448,0.990445143103514,NA,NA,TRUE,FALSE,ICOS,ICOS,v1.3,ICOS_DE-Gri_FLUXNET_2004-2025_v1.3_r1.zip,X0926p0IGvNrpp1IJMw0tdUd
DE-GsB,30,516.6206666666667,6,500.5713333333333,NA,NA,NA,72,0,1,505,581,FALSE,1.0230112211221123,1.0320620304532022,NA,0.8891921973608721,TRUE,FALSE,ICOS,ICOS,v1.3,ICOS_DE-GsB_FLUXNET_2015-2025_v1.3_r1.zip,NY1UuClNrkeU0UUXUUoECmLZ
DE-Gwg,30,1172.6761999999999,NA,NA,NA,NA,NA,NA,NA,NA,1331,1616,FALSE,0.8810489857250187,NA,NA,0.7256659653465346,TRUE,FALSE,ICOS,ICOS,v1.3,ICOS_DE-Gwg_FLUXNET_2023-2025_v1.3_r1.zip,S17epXE0dyBL-CiW8bGF9CNu
DE-Hai,30,729.2309333333334,21,717.236,10,2.0616,751.0440000000001,252,10,0.9603174603174603,865,744,FALSE,0.8430415414258189,1.0167238305569344,0.9709563398859897,0.9801491039426524,TRUE,FALSE,ICOS,ICOS,v1.3,ICOS_DE-Hai_FLUXNET_2000-2025_v1.3_r1.zip,VsQ1NTQTcEO5zRyfZjrBtkQa
DE-Har,30,594.0937666666666,1,465.056,NA,NA,NA,12,0,1,797,641,FALSE,0.745412505227938,1.27746715807702,NA,0.9268233489339573,TRUE,FALSE,ICOS,ICOS,v1.3,ICOS_DE-Har_FLUXNET_2020-2025_v1.3_r1.zip,AG7-cp4Sxh0AESZmLri2F-At
DE-Hdn,30,2464.5783333333334,1,2259.168,12,6.172166666666667,2259.168,12,12,0,559,NA,FALSE,4.4089057841383426,1.0909230005618586,1.0909230005618586,NA,FALSE,FALSE,ICOS,EUF,v1.3,EUF_DE-Hdn_FLUXNET_2020-2023_v1.3_r1.zip,6L5koGxrPosquldCoKHd45Q8
DE-HoH,30,494.7356666666667,6,468.0973333333334,NA,NA,NA,72,0,1,572,563,FALSE,0.8649224941724942,1.0569076801690815,NA,0.8787489638839551,TRUE,FALSE,ICOS,ICOS,v1.3,ICOS_DE-HoH_FLUXNET_2015-2025_v1.3_r1.zip,tfW10G3Do0hp0cimfI4XrgSd
DE-Hte,30,607.5053,10,615.3076,NA,NA,NA,120,0,1,584,645,FALSE,1.040248801369863,0.9873196755573961,NA,0.9418686821705426,TRUE,FALSE,ICOS,EUF,v1.3,EUF_DE-Hte_FLUXNET_2009-2018_v1.3_r2.zip,zbIc22jMQSru_HymYjw5kWC-
DE-Hzd,30,3285.0614666666665,NA,NA,NA,NA,NA,NA,NA,NA,759,877,FALSE,4.328144224857268,NA,NA,3.7457941467122766,TRUE,FALSE,ICOS,ICOS,v1.3,ICOS_DE-Hzd_FLUXNET_2010-2025_v1.3_r1.zip,0bxipd79PBLdqj1HiB_ghXvT
DE-Kli,30,785.4598666666667,3,584.976,2,0.8845000000000001,324.96,36,2,0.9444444444444444,826,756,FALSE,0.9509199354317999,1.342721524757711,2.417097078614804,1.038968077601411,TRUE,FALSE,ICOS,ICOS,v1.3,ICOS_DE-Kli_FLUXNET_2018-2024_v1.3_r1.zip,ViYMPdxbY25optpqiQ7OVgXN
DE-Lkb,30,4786.6331666666665,5,4767.3366,60,13.012466666666667,4767.3366000000005,60,60,0,1332,1599,FALSE,3.593568443443443,1.0040476618887508,1.0040476618887506,2.993516677089848,FALSE,FALSE,ICOS,EUF,v1.3,EUF_DE-Lkb_FLUXNET_2009-2013_v1.3_r1.zip,VNA_ubq_zjZPgC8339cL7BwL
DE-Lnf,30,572.2909333333333,19,586.9763684210526,43,1.7224883720930233,628.1575813953489,228,43,0.8114035087719298,849,0,FALSE,0.674076482135846,0.9749812158073372,0.911062685993669,Inf,FALSE,FALSE,ICOS,EUF,v1.3,EUF_DE-Lnf_FLUXNET_2002-2024_v1.3_r1.zip,Iy6uj-QptZzaR9BFnqiv4hF6
DE-Msr,30,1160.6819666666668,1,1151.378,5,2.3644,855.78,12,5,0.5833333333333333,1146,1383,FALSE,1.0128114892379292,1.0080807229829534,1.3562854549845367,0.8392494335984575,TRUE,FALSE,ICOS,ICOS,v1.3,ICOS_DE-Msr_FLUXNET_2020-2025_v1.3_r1.zip,PSOHmMVaU1pPQSoGDVJRPW6y
DE-Obe,30,965.4549999999999,13,957.9663076923077,NA,NA,NA,156,0,1,809,981,FALSE,1.1933930778739184,1.0078172815135138,NA,0.9841539245667685,TRUE,FALSE,ICOS,EUF,v1.3,EUF_DE-Obe_FLUXNET_2008-2024_v1.3_r1.zip,mk-YBqXT0YwbluI9V726yD2d
DE-Rns,30,492.0482,NA,NA,NA,NA,NA,NA,NA,NA,655,645,FALSE,0.7512186259541985,NA,NA,0.7628654263565892,TRUE,FALSE,ICOS,EUF,v1.3,EUF_DE-Rns_FLUXNET_2021-2024_v1.3_r2.zip,ZOfRvdcakFBnrRQoiDMUEyds
DE-RuC,30,1153.0368666666666,8,1124.66275,13,2.8056923076923077,1024.6061538461538,96,13,0.8645833333333334,1131,1250,FALSE,1.0194844090775124,1.0252290001306317,1.125346419537313,0.9224294933333332,FALSE,FALSE,ICOS,EUF,v1.3,EUF_DE-RuC_FLUXNET_2013-2024_v1.3_r1.zip,MKtmPmXNZnCQc-p38RBQGATH
DE-RuM,30,507.6691333333333,9,497.09366666666665,8,1.4845,540.501,108,8,0.9259259259259259,719,750,FALSE,0.7060766805748725,1.021274595465241,0.9392566032871972,0.6768921777777778,TRUE,FALSE,ICOS,EUF,v1.3,EUF_DE-RuM_FLUXNET_2011-2019_v1.3_r1.zip,u8eIM1nL0KdiWr-MLixNMsMS
DE-RuR,30,884.6440333333334,10,857.4574,7,2.0365714285714285,741.8022857142857,120,7,0.9416666666666667,1066,1033,FALSE,0.8298724515322077,1.0317061038056623,1.1925604037220032,0.8563833817360439,TRUE,FALSE,ICOS,ICOS,v1.3,ICOS_DE-RuR_FLUXNET_2011-2025_v1.3_r1.zip,Vs7FI6NOiRl_VH7Wkclfl_3t
DE-RuS,30,571.5275666666666,10,551.9577,16,1.3615,498.08399999999995,120,16,0.8666666666666667,714,698,FALSE,0.800458776844071,1.0354553739655532,1.147452170048961,0.8188074021012416,FALSE,FALSE,ICOS,ICOS,v1.3,ICOS_DE-RuS_FLUXNET_2011-2024_v1.3_r1.zip,9m1zuO-nvw0zGnEdt0qo3Xzw
DE-RuW,30,1095.6656,10,1043.6379,4,2.7895,1026.339,120,4,0.9666666666666667,1152,1250,FALSE,0.9510986111111112,1.0498522523952034,1.067547467259843,0.8765324800000001,TRUE,FALSE,ICOS,ICOS,v1.3,ICOS_DE-Kli_FLUXNET_2004-2025_v1.3_r1.zip,mlrCmtpUu7ZzEbkvYEK1DpMg
DE-SbM,30,3300.8578333333335,NA,NA,NA,NA,NA,NA,NA,NA,1500,1136,FALSE,2.2005718888888888,NA,NA,2.9056847124413148,TRUE,FALSE,ICOS,EUF,v1.3,EUF_DE-SbM_FLUXNET_2023-2024_v1.3_r1.zip,JeVgt8rDc-YmluX84aD3xarU
DE-Seh,30,513.2817333333334,4,559.646,6,1.4903333333333333,540.266,48,6,0.875,714,693,FALSE,0.7188819794584501,0.9171542963468575,0.9500537389606849,0.7406662818662819,TRUE,FALSE,ICOS,EUF,v1.3,EUF_DE-Seh_FLUXNET_2007-2010_v1.3_r1.zip,CpSdf06dlgeBWeO1tSHFwc2D
DE-SfS,30,5251.853666666667,11,5117.1810000000005,132,13.968818181818182,5117.1810000000005,132,132,0,1115,1127,TRUE,4.710182660687593,1.026317745388851,1.026317745388851,4.660029872818693,FALSE,FALSE,ICOS,EUF,v1.3,EUF_DE-SfS_FLUXNET_2010-2020_v1.3_r1.zip,3wyudmvcaouNNJhVUFGNapGm
DE-Spw,30,2414.6585666666665,6,2613.9391666666666,72,7.126138888888889,2613.939166666667,72,72,0,553,558,FALSE,4.366471187462326,0.9237623420845996,0.9237623420845995,4.327345101553166,FALSE,FALSE,ICOS,EUF,v1.3,EUF_DE-Spw_FLUXNET_2010-2015_v1.3_r1.zip,gb2UwUz8CoKkqKzLApzvIDME
DE-Tha,30,804.5215333333333,25,806.2805999999999,11,1.4802727272727274,537.9370909090909,300,11,0.9633333333333334,737,829,FALSE,1.0916167345092718,0.9978182946896321,1.49556806349554,0.9704722959388822,TRUE,FALSE,ICOS,ICOS,v1.3,ICOS_DE-Tha_FLUXNET_1996-2025_v1.3_r1.zip,3LQRnWuwu9ngPJQCQu2r2DTy
DE-Zrk,30,2655.0587333333333,8,2561.820625,96,6.998385416666666,2561.820625,96,96,0,594,584,FALSE,4.469795847362514,1.0363952524323725,1.0363952524323725,4.546333447488585,FALSE,FALSE,ICOS,EUF,v1.3,EUF_DE-Zrk_FLUXNET_2013-2022_v1.3_r1.zip,2FbdCUZozMmOpJwWEN3plb49
DK-Eng,30,2593.9773666666665,4,2642.8187500000004,48,7.216875,2642.81875,48,48,0,606,NA,FALSE,4.280490704070407,0.9815192081056131,0.9815192081056132,NA,FALSE,FALSE,ICOS,EUF,v1.3,EUF_DK-Eng_FLUXNET_2005-2008_v1.3_r1.zip,AK-_MzK94ElJrWETR-czULE2
DK-Fou,30,721.6794333333333,1,647.1510000000001,NA,NA,NA,12,0,1,714,NA,FALSE,1.0107555088702147,1.1151639004395162,NA,NA,TRUE,FALSE,ICOS,EUF,v1.3,EUF_DK-Fou_FLUXNET_2005-2005_v1.3_r1.zip,-2GoD8_IvjHfXvvW0-AkljOu
DK-Gds,30,918.4582666666666,1,1016.7629999999999,6,2.9135,1051.3120000000001,12,6,0.5,795,883,FALSE,1.1552934171907756,0.9033159808791889,0.8736305365739824,1.0401565873914684,TRUE,FALSE,ICOS,ICOS,v1.3,ICOS_DK-Gds_FLUXNET_2020-2022_v1.3_r1.zip,vDQDn0hIxnz9gRAIc3duWbUE
DK-RCW,30,451.0605,NA,NA,NA,NA,NA,NA,NA,NA,606,729.4,FALSE,0.7443242574257426,NA,NA,0.6183993693446669,TRUE,FALSE,ICOS,ICOS,v1.3,ICOS_DK-RCW_FLUXNET_2023-2025_v1.3_r1.zip,n7btzoKSWqU_0YyN9omZcsdh
DK-Skj,30,779.0029666666667,1,1034.1530000000002,7,2.597,942.2348571428571,12,7,0.41666666666666663,813,809,FALSE,0.9581832308323084,0.7532763204928734,0.8267609298904954,0.9629208487845077,TRUE,FALSE,ICOS,ICOS,v1.3,ICOS_DK-Skj_FLUXNET_2020-2022_v1.3_r1.zip,JPkhq8xhlXF20Cijd7pHUd-T
DK-Sor,30,775.8816333333333,25,819.50636,13,1.617846153846154,589.3735384615385,300,13,0.9566666666666667,613,640,FALSE,1.2657122892876562,0.9467670675958308,1.3164514229102364,1.2123150520833332,FALSE,FALSE,ICOS,ICOS,v1.3,ICOS_DK-Sor_FLUXNET_1996-2024_v1.3_r1.zip,lwXfRUVQCnuq5OcIe-F6tpib
DK-Vng,30,886.9529,1,967.089,9,2.698888888888889,981.5026666666668,12,9,0.25,822,961,FALSE,1.0790181265206813,0.9171367888581092,0.9036683547811721,0.9229478668054111,TRUE,FALSE,ICOS,ICOS,v1.3,ICOS_DK-Vng_FLUXNET_2020-2023_v1.3_r1.zip,SdbEo5oQOf__w-zjUCIB3EOL
EE-Pts,30,579.7667666666667,NA,NA,NA,NA,NA,NA,NA,NA,684,870.5,FALSE,0.847612231968811,NA,NA,0.6660158146659009,TRUE,FALSE,ICOS,EUF,v1.3,EUF_EE-Pts_FLUXNET_2022-2024_v1.3_r1.zip,j8jcyOzfXuBoZFKfMcbX5HQb
EE-Rng,30,697.6556666666667,NA,NA,NA,NA,NA,NA,NA,NA,647,107.1,FALSE,1.0782931478619269,NA,NA,6.514058512293807,TRUE,FALSE,ICOS,EUF,v1.3,EUF_EE-Rng_FLUXNET_2023-2024_v1.3_r1.zip,bokdUcMa7H-mSuOKeMR3mYiK
EE-Stg,30,2750.2968333333333,5,2762.335,60,7.563766666666667,2762.335,60,60,0,659,675,FALSE,4.17343980778958,0.9956420323144489,0.9956420323144489,4.0745138271604935,FALSE,FALSE,ICOS,EUF,v1.3,EUF_EE-Stg_FLUXNET_2016-2024_v1.3_r1.zip,C4Y455t1rGorFhBAkA5CiOXw
ES-Abr,30,372.7431666666667,6,337.9531666666667,10,0.8148,298.734,72,10,0.8611111111111112,559,NA,FALSE,0.6668035181872392,1.1029432579169007,1.2477426964010347,NA,TRUE,FALSE,ICOS,EUF,v1.3,EUF_ES-Abr_FLUXNET_2015-2020_v1.3_r1.zip,9_zyiamtBTthobX1dZHj5Z_G
ES-Agu,30,265.89203333333336,15,267.09246666666667,41,0.723390243902439,263.97804878048777,180,41,0.7722222222222223,254,0,FALSE,1.0468190288713912,0.9955055515106255,1.0072505443603652,Inf,FALSE,FALSE,ICOS,EUF,v1.3,EUF_ES-Agu_FLUXNET_2006-2024_v1.3_r1.zip,smUITWSfoJ6VoyqONgDBxTSn
ES-Amo,30,240.4131,13,250.38123076923077,35,0.7089428571428572,259.1094857142857,156,35,0.7756410256410257,219,0,FALSE,1.0977767123287672,0.9601881868756443,0.9278436848317402,Inf,FALSE,FALSE,ICOS,EUF,v1.3,EUF_ES-Amo_FLUXNET_2007-2019_v1.3_r1.zip,O6rek4-yeo_2LQrvCqM88Xvf
ES-Cnd,30,2141.2092333333335,7,2094.8314285714287,84,5.764714285714286,2094.8314285714287,84,84,0,368,474,FALSE,5.818503351449276,1.0221391583730115,1.0221391583730115,4.517319057665261,FALSE,FALSE,ICOS,EUF,v1.3,EUF_ES-Cnd_FLUXNET_2014-2021_v1.3_r1.zip,ak3chQKBZovcC1AIpPf0aaJw
ES-Crg,30,471.4329333333333,NA,NA,NA,NA,NA,NA,NA,NA,410,550,FALSE,1.1498364227642277,NA,NA,0.8571507878787878,TRUE,FALSE,ICOS,EUF,v1.3,EUF_ES-Crg_FLUXNET_2021-2024_v1.3_r1.zip,OuvCtRGBok2ZxUrKwXIP5LDY
ES-Dnn,30,1910.7018333333333,NA,NA,NA,NA,NA,NA,NA,NA,505,548.6,FALSE,3.78356798679868,NA,NA,3.4828688175963056,TRUE,FALSE,ICOS,EUF,v1.3,EUF_ES-Dnn_FLUXNET_2024-2024_v1.3_r1.zip,dnuv1IF5YfwR9HAxV7HJCIcx
ES-FtD,30,1910.7018333333333,NA,NA,NA,NA,NA,NA,NA,NA,511,548.6,FALSE,3.7391425309849966,NA,NA,3.4828688175963056,TRUE,FALSE,ICOS,EUF,v1.3,EUF_ES-FtD_FLUXNET_2021-2024_v1.3_r1.zip,XVdkuBOyHTuezFce92fJHego
ES-Gdn,30,2141.2092333333335,7,2094.8314285714287,84,5.764714285714286,2094.8314285714287,84,84,0,368,471,FALSE,5.818503351449276,1.0221391583730115,1.0221391583730115,4.546091790516631,FALSE,FALSE,ICOS,EUF,v1.3,EUF_ES-Gdn_FLUXNET_2014-2021_v1.3_r1.zip,EhJy8Xkd_vyJfhWOz3TNnFg-
ES-HdD,30,347.63956666666667,NA,NA,NA,NA,NA,NA,NA,NA,580,400,FALSE,0.5993785632183908,NA,NA,0.8690989166666667,TRUE,FALSE,ICOS,EUF,v1.3,EUF_ES-HdD_FLUXNET_2024-2024_v1.3_r1.zip,w-KQ8NQ2IIyy_hF0LeeyY5EY
ES-HeB,30,226.37313333333333,2,276.7105,1,2.262,841.4639999999999,24,1,0.9583333333333334,339,332,FALSE,0.667767354965585,0.8180865320735329,0.2690229568149479,0.6818467871485944,TRUE,FALSE,ICOS,EUF,v1.3,EUF_ES-HeB_FLUXNET_2019-2024_v1.3_r1.zip,K1e9bqWUrsIlqHjlDzbl2VzM
ES-Hen,30,196.6684,2,251.729,NA,NA,NA,24,0,1,329,332,FALSE,0.597776291793313,0.7812703343675141,NA,0.5923746987951807,TRUE,FALSE,ICOS,EUF,v1.3,EUF_ES-Hen_FLUXNET_2019-2024_v1.3_r1.zip,MFHVWXPN9W_gfpI8fA4UtBVf
ES-LJu,30,540.1769666666667,17,591.0045294117647,30,1.5909,580.3844,204,30,0.8529411764705882,527,400,FALSE,1.0250037318153067,0.9139980148786889,0.9307227531730119,1.3504424166666666,FALSE,FALSE,ICOS,EUF,v1.3,EUF_ES-LJu_FLUXNET_2004-2024_v1.3_r1.zip,TWomFhgjVCGRurmVpcaHcRD5
ES-LM1,30,695.5762,7,649.9458571428571,2,6.231,2202.804,84,2,0.9761904761904762,465,700,FALSE,1.4958627956989248,1.0702063754321514,0.3157685386443823,0.9936802857142857,TRUE,FALSE,ICOS,EUF,v1.3,EUF_ES-LM1_FLUXNET_2014-2024_v1.3_r1.zip,9c9e--DRFTTyhtl6c0lcA3O6
ES-LM2,30,673.2625666666667,7,615.299,2,6.031000000000001,2132.094,84,2,0.9761904761904762,465,700,FALSE,1.447876487455197,1.0942039019511922,0.31577527382313664,0.9618036666666666,TRUE,FALSE,ICOS,EUF,v1.3,EUF_ES-LM2_FLUXNET_2014-2024_v1.3_r1.zip,CgWe1iCQaO3oYYxgSMEe1BSq
ES-LMa,30,723.3152666666666,1,614.5530000000001,NA,NA,NA,12,0,1,465,670,FALSE,1.5555167025089605,1.1769778467710132,NA,1.0795750248756217,TRUE,FALSE,ICOS,ICOS,v1.3,ICOS_ES-LMa_FLUXNET_2020-2025_v1.3_r1.zip,WHuC_WF5n_uhQMHgTWaBSmrr
ES-LgS,30,468.6667,3,526.9609999999999,2,1.7334999999999998,598.3439999999999,36,2,0.9444444444444444,760,NA,FALSE,0.6166667105263158,0.889376443418014,0.7832730001470727,NA,TRUE,FALSE,ICOS,EUF,v1.3,EUF_ES-LgS_FLUXNET_2007-2009_v1.3_r1.zip,39o6NThdN0JnaIr99K8pvny2
ES-Ln2,30,2328.583633333333,1,3238.2930000000006,12,8.879,3238.293,12,12,0,787,NA,FALSE,2.958810207539178,0.7190774995756507,0.7190774995756508,NA,FALSE,FALSE,ICOS,EUF,v1.3,EUF_ES-Ln2_FLUXNET_2009-2009_v1.3_r1.zip,g9leg2h8KqvlcEUVuisiJFd9
ES-Mcd,30,366.7046666666667,3,483.47499999999997,7,1.224,437.78914285714285,36,7,0.8055555555555556,427,470,FALSE,0.858793130366901,0.7584769981212405,0.837628508266428,0.780222695035461,TRUE,FALSE,ICOS,EUF,v1.3,EUF_ES-Mcd_FLUXNET_2018-2024_v1.3_r1.zip,jyX3FQLrXu_wjllntwoO10IQ
ES-MtB,30,1910.7018333333333,NA,NA,NA,NA,NA,NA,NA,NA,500,548.6,FALSE,3.8214036666666664,NA,NA,3.4828688175963056,TRUE,FALSE,ICOS,EUF,v1.3,EUF_ES-MtB_FLUXNET_2021-2024_v1.3_r1.zip,fZRunEwzLwhz0ZYzshuo9-cS
ES-MtN,30,1910.7018333333333,NA,NA,NA,NA,NA,NA,NA,NA,507,548.6,FALSE,3.7686426692965154,NA,NA,3.4828688175963056,TRUE,FALSE,ICOS,EUF,v1.3,EUF_ES-MtN_FLUXNET_2024-2024_v1.3_r1.zip,lJTi2ztBm4QTcyuhsB4tcap1
ES-Mzn,30,2128.8712666666665,NA,NA,NA,NA,NA,NA,NA,NA,424,512,FALSE,5.020922798742138,NA,NA,4.157951692708333,TRUE,FALSE,ICOS,EUF,v1.3,EUF_ES-Mzn_FLUXNET_2023-2024_v1.3_r1.zip,HPlYEFEhMzxWYOTC7Ch8Ku5a
ES-Pdu,30,2328.583633333333,4,1968.998,48,5.4308958333333335,1968.998,48,48,0,456,NA,FALSE,5.106543055555555,1.182623666115117,1.182623666115117,NA,FALSE,FALSE,ICOS,EUF,v1.3,EUF_ES-Pdu_FLUXNET_2014-2017_v1.3_r1.zip,2ymbZLqZeToLY29BAzHOvpA4
ES-Pzb,30,502.4209,1,478.322,8,1.100125,404.1105,12,8,0.33333333333333337,571,500,FALSE,0.8798964973730298,1.0503821693336288,1.2432760346489389,1.0048418000000001,TRUE,FALSE,ICOS,EUF,v1.3,EUF_ES-Pzb_FLUXNET_2020-2024_v1.3_r1.zip,7xwSGufRWY7Duyrf11N282pK
ES-Srn,30,2009.6956666666667,NA,NA,NA,NA,NA,NA,NA,NA,421,476,FALSE,4.7736239113222485,NA,NA,4.222049719887956,TRUE,FALSE,ICOS,EUF,v1.3,EUF_ES-Srn_FLUXNET_2023-2024_v1.3_r1.zip,zeJEF_Ad4wJIKY-U5orJ3sKQ
ES-TzM,30,1359.1763666666666,1,1521.853,12,4.141666666666667,1521.853,12,12,0,403,314,FALSE,3.372646071133168,0.893106211090471,0.893106211090471,4.328587154989384,FALSE,FALSE,ICOS,EUF,v1.3,EUF_ES-TzM_FLUXNET_2020-2024_v1.3_r1.zip,gu5gauPM7ynjb6T28S4OY_sW
ES-VDA,30,771.4939,NA,NA,NA,NA,NA,NA,NA,NA,974,700,FALSE,0.7920881930184805,NA,NA,1.102134142857143,TRUE,FALSE,ICOS,EUF,v1.3,EUF_ES-VDA_FLUXNET_2022-2024_v1.3_r1.zip,mLCP7JnLuR2woC45y23wPdGC
ES-Yst,30,398.3828,2,448.321,2,2.1174999999999997,767.184,24,2,0.9166666666666666,451,530,FALSE,0.8833321507760532,0.8886106160541218,0.5192793384637844,0.7516656603773585,TRUE,FALSE,ICOS,EUF,v1.3,EUF_ES-Yst_FLUXNET_2019-2024_v1.3_r2.zip,sHycwsOK158vpmp0rDH1ujPO
FI-Ant,30,431.3066333333333,NA,NA,NA,NA,NA,NA,NA,NA,607,612,FALSE,0.7105545853926414,NA,NA,0.7047494008714597,TRUE,FALSE,ICOS,ICOS,v1.3,ICOS_FI-Ant_FLUXNET_2022-2022_v1.3_r1.zip,WfnJvocMuoIL6hVB8mRB3XxS
FI-Hyy,30,688.5662333333333,24,684.7968333333333,100,1.80899,661.8611999999999,288,100,0.6527777777777778,663,711,FALSE,1.0385614379084966,1.0055044062947136,1.04034838925946,0.9684475855602438,FALSE,FALSE,ICOS,ICOS,v1.3,ICOS_FI-Hyy_FLUXNET_1997-2025_v1.3_r1.zip,oIJ9cFYf8Q0e9nfMRRS-90vM
FI-Jok,30,2532.4077333333335,4,2361.8084999999996,48,6.451645833333333,2361.8085,48,48,0,612,627,FALSE,4.1379211328976035,1.0722324580224578,1.0722324580224576,4.038927804359384,FALSE,FALSE,ICOS,EUF,v1.3,EUF_FI-Jok_FLUXNET_2000-2003_v1.3_r1.zip,8PzFwQMtdQ_ly0Tahg8oE1Sz
FI-Ken,30,627.2816,3,644.474,NA,NA,NA,36,0,1,524,484,FALSE,1.197102290076336,0.9733233613768748,NA,1.2960363636363637,TRUE,FALSE,ICOS,ICOS,v1.3,ICOS_FI-Ken_FLUXNET_2018-2025_v1.3_r1.zip,Ri-8dhfYd2gnZiThyc9UXyZe
FI-Let,30,567.3241666666667,12,556.746,18,1.2153888888888889,442.6113333333333,144,18,0.875,664,627,FALSE,0.8544038654618473,1.0189999868282245,1.2817660189451394,0.9048232323232323,FALSE,FALSE,ICOS,ICOS,v1.3,ICOS_FI-Let_FLUXNET_2010-2025_v1.3_r1.zip,lJA2M5NajEvo4LNStPxtuMhX
FI-Nsv,30,2571.0564666666664,NA,NA,NA,NA,NA,NA,NA,NA,607,633,FALSE,4.235677869302581,NA,NA,4.061700579252237,TRUE,FALSE,ICOS,EUF,v1.3,EUF_FI-Nsv_FLUXNET_2021-2024_v1.3_r1.zip,cSm1qTXbblwvWpF9j1Oow7qX
FI-Pap,30,449.95773333333335,NA,NA,NA,NA,NA,NA,NA,NA,607,612,FALSE,0.7412812740252609,NA,NA,0.735225054466231,TRUE,FALSE,ICOS,EUF,v1.3,EUF_FI-Pap_FLUXNET_2022-2022_v1.3_r1.zip,u2xUfhEZCOWwWb3gVywfqYw_
FI-Qvd,30,678.2785,3,717.568,4,1.3245,477.801,36,4,0.8888888888888888,677,650,FALSE,1.0018884785819793,0.9452463041830182,1.419583676049234,1.0435053846153846,TRUE,FALSE,ICOS,EUF,v1.3,EUF_FI-Qvd_FLUXNET_2018-2023_v1.3_r1.zip,UuvYrldK3v4VzDgfH6nC0ed7
FI-Rk2,30,544.0927,1,656.362,NA,NA,NA,12,0,1,643,644,FALSE,0.8461783825816486,0.8289521635926517,NA,0.8448644409937889,TRUE,FALSE,ICOS,EUF,v1.3,EUF_FI-Rk2_FLUXNET_2020-2023_v1.3_r1.zip,Agmj31O2_U5UxIfjk_idGdLg
FI-Ruk,30,2184.7618,1,2880.148,12,7.8620833333333335,2880.148,12,12,0,518,553,FALSE,4.217686872586873,0.7585588657249558,0.7585588657249558,3.9507446654611216,FALSE,FALSE,ICOS,EUF,v1.3,EUF_FI-Ruk_FLUXNET_2020-2023_v1.3_r1.zip,TYPI56oF2JQVeXc0g4SU60It
FI-Sar,30,503.38806666666665,NA,NA,NA,NA,NA,NA,NA,NA,606,612,FALSE,0.8306733773377337,NA,NA,0.8225295206971677,TRUE,FALSE,ICOS,EUF,v1.3,EUF_FI-Sar_FLUXNET_2022-2022_v1.3_r1.zip,xUETR-0OEq8u2S5UUHl8sLm_
FI-Si2,30,2563.5688,5,2662.2619999999997,60,7.2808,2662.2619999999997,60,60,0,660,NA,FALSE,3.8841951515151516,0.9629288176745942,0.9629288176745942,NA,FALSE,FALSE,ICOS,EUF,v1.3,EUF_FI-Si2_FLUXNET_2012-2016_v1.3_r1.zip,Wojh4t-c8scGC-S00oT_sfAW
FI-Sii,30,574.4364,3,550.4456666666667,NA,NA,NA,36,0,1,665,711,FALSE,0.863814135338346,1.0435841987432002,NA,0.8079274261603376,TRUE,FALSE,ICOS,ICOS,v1.3,ICOS_FI-Sii_FLUXNET_2018-2024_v1.3_r1.zip,mkbfyrZKqg3Djz0tW1rRap1c
FI-Sod,30,496.30219999999997,NA,NA,NA,NA,NA,NA,NA,NA,514,2424.3,FALSE,0.9655684824902723,NA,NA,0.2047197954048591,TRUE,FALSE,ICOS,ICOS,v1.3,ICOS_FI-Sod_FLUXNET_2023-2024_v1.3_r1.zip,TNkSnk2tWf7rkMpSQ2Dtf8FI
FI-Var,30,521.9297333333334,5,527.6828,NA,NA,NA,60,0,1,576,601,FALSE,0.9061280092592594,0.989097490638947,NA,0.8684354963948975,TRUE,FALSE,ICOS,ICOS,v1.3,ICOS_FI-Var_FLUXNET_2016-2025_v1.3_r1.zip,yu-qbz8ScXeQLBioQVflVJIq
FR-Aur,30,685.2822333333334,16,653.3489999999999,NA,NA,NA,192,0,1,830,668.5,FALSE,0.8256412449799198,1.0488762259272355,NA,1.0251043131388682,TRUE,FALSE,ICOS,ICOS,v1.3,ICOS_FR-Aur_FLUXNET_2005-2024_v1.3_r1.zip,R0Wn1kGceDx6Zq8pJq_typhu
FR-Bil,30,927.2640666666667,7,1010.5351428571429,6,3.4113333333333333,1230.392,84,6,0.9285714285714286,934,960.1,FALSE,0.992788079942898,0.9175970506527471,0.7536330426942525,0.9657994653334723,TRUE,FALSE,ICOS,ICOS,v1.3,ICOS_FR-Bil_FLUXNET_2014-2025_v1.3_r1.zip,OHrM-TP6a33pLElt40MWm6rD
FR-CLt,30,1523.7227666666668,2,1490.126,NA,NA,NA,24,0,1,1403,1312,FALSE,1.0860461629840819,1.022546258951704,NA,1.1613740599593496,TRUE,FALSE,ICOS,ICOS,v1.3,ICOS_FR-CLt_FLUXNET_2019-2025_v1.3_r1.zip,Ioa3MKkE2Hh0vcxOxxeZ6vER
FR-EM2,30,647.6893333333334,4,630.5425,2,1.9665,700.164,48,2,0.9583333333333334,666,680,FALSE,0.9725065065065066,1.0271937789020302,0.925053749312066,0.9524843137254903,TRUE,FALSE,ICOS,ICOS,v1.3,ICOS_FR-EM2_FLUXNET_2017-2025_v1.3_r1.zip,tqY53lt1dCh3HZXtN-rLGEp5
FR-FBn,30,625.6768333333333,13,685.2694615384615,NA,NA,NA,156,0,1,691,700,FALSE,0.9054657501205982,0.9130376712376179,NA,0.8938240476190475,TRUE,FALSE,ICOS,ICOS,v1.3,ICOS_FR-FBn_FLUXNET_2008-2024_v1.3_r1.zip,dw5JqZoWiNVw0JQS-QXykPY6
FR-Fon,30,499.1001333333333,2,619.1895,9,1.1854444444444445,433.384,24,9,0.625,627,678.99,FALSE,0.7960129718234981,0.8060539355614611,1.1516348857672025,0.7350625684227062,TRUE,FALSE,ICOS,ICOS,v1.3,ICOS_FR-Fon_FLUXNET_2019-2024_v1.3_r1.zip,vgMluaOupOEt-hzl3RWXI99X
FR-Gri,30,574.3015,17,583.4482352941177,4,1.4874999999999998,546.183,204,4,0.9803921568627451,626,597.38,FALSE,0.9174145367412141,0.9843229703325664,1.0514818293502362,0.9613671364960328,TRUE,FALSE,ICOS,ICOS,v1.3,ICOS_FR-Gri_FLUXNET_2004-2025_v1.3_r1.zip,gsAnVUkxq-6VBt2qu1hewpGD
FR-Hes,30,915.2581333333334,24,927.8220833333334,42,2.469190476190476,903.0968571428571,288,42,0.8541666666666666,776,889,FALSE,1.1794563573883161,0.9864586646236505,1.0134661925731323,1.0295367079115112,FALSE,FALSE,ICOS,ICOS,v1.3,ICOS_FR-Hes_FLUXNET_1997-2025_v1.3_r1.zip,Di7uhs3hUdH1SvS0f0Wv5vjH
FR-LBr,30,1013.2421333333333,11,983.4321818181818,24,3.402875,1242.5504999999998,132,24,0.8181818181818181,909,900,FALSE,1.1146778144481115,1.030312157834858,0.8154534832454161,1.1258245925925925,FALSE,FALSE,ICOS,EUF,v1.3,EUF_FR-LBr_FLUXNET_1998-2008_v1.3_r1.zip,edFutLlMMA1D7S31ZC4pf2E2
FR-LGt,30,676.7709333333333,4,673.62575,NA,NA,NA,48,0,1,705,699.75,FALSE,0.9599587706855792,1.0046690366770172,NA,0.9671610337025128,TRUE,FALSE,ICOS,ICOS,v1.3,ICOS_FR-LGt_FLUXNET_2017-2025_v1.3_r1.zip,UMboDXr3WG42YyPcyuL7LzHW
FR-Lam,30,667.7423666666667,NA,NA,NA,NA,NA,NA,NA,NA,771,677,FALSE,0.8660731085170774,NA,NA,0.9863255046774989,TRUE,FALSE,ICOS,ICOS,v1.3,ICOS_FR-Lam_FLUXNET_2021-2024_v1.3_r1.zip,zwxh7ZEI7AWEJOF5ggdX2bpK
FR-Lqu,30,1311.6029333333333,NA,NA,NA,NA,NA,NA,NA,NA,904,1081.6,FALSE,1.4508882005899706,NA,NA,1.2126506410256412,TRUE,FALSE,ICOS,ICOS,v1.3,ICOS_FR-Lqu_FLUXNET_2022-2024_v1.3_r1.zip,FT09cB-tv2MKDSSw1R_JXBJx
FR-Lus,30,771.5567,NA,NA,NA,NA,NA,NA,NA,NA,835,793,FALSE,0.92402,NA,NA,0.9729592686002522,TRUE,FALSE,ICOS,ICOS,v1.3,ICOS_FR-Lus_FLUXNET_2022-2024_v1.3_r1.zip,S_NN3abNF1zutV6hnPOuCupl
FR-Mau,30,572.2459333333334,7,520.6894285714285,3,2.046333333333333,743.2760000000001,84,3,0.9642857142857143,776,600,FALSE,0.7374303264604811,1.099015846938464,0.7698969606624367,0.9537432222222223,TRUE,FALSE,ICOS,EUF,v1.3,EUF_FR-Mau_FLUXNET_2005-2011_v1.3_r1.zip,ebGKrL-UajXA0SkdfSt100r9
FR-Mej,30,720.1868,2,805.683,NA,NA,NA,24,0,1,742,722,FALSE,0.9706021563342317,0.893883574557239,NA,0.9974886426592797,TRUE,FALSE,ICOS,ICOS,v1.3,ICOS_FR-Mej_FLUXNET_2019-2024_v1.3_r1.zip,89dJgrylR97XwCZTAHP5qw5a
FR-Nzn,30,912.8696,5,909.0352,NA,NA,NA,60,0,1,918,655.6,FALSE,0.9944113289760349,1.004218098485075,NA,1.392418547895058,TRUE,FALSE,ICOS,EUF,v1.3,EUF_FR-Nzn_FLUXNET_2016-2024_v1.3_r1.zip,NySpPG4qsETA19sRa2e_ONBG
FR-Pue,30,930.8250333333333,21,915.4330476190476,NA,NA,NA,252,0,1,666,924,FALSE,1.3976351851851851,1.0168138847011463,NA,1.0073863997113996,TRUE,FALSE,ICOS,ICOS,v1.3,ICOS_FR-Pue_FLUXNET_2000-2025_v1.3_r1.zip,HaC9deo1SSLTZxUtYYJcdLAd
FR-Tou,30,616.5935333333333,3,703.4206666666665,NA,NA,NA,36,0,1,693,544,FALSE,0.8897453583453583,0.8765644265972663,NA,1.1334439950980393,TRUE,FALSE,ICOS,ICOS,v1.3,ICOS_FR-Tou_FLUXNET_2018-2024_v1.3_r1.zip,LZSDmUp2MspQPIyTfDwNXYhi
GF-Guy,30,2487.7836333333335,4,3039.48175,NA,NA,NA,48,0,1,2796,3101,FALSE,0.8897652479732953,0.8184894129840831,NA,0.8022520584757605,TRUE,FALSE,ICOS,ICOS,v1.3,ICOS_GF-Guy_FLUXNET_2017-2024_v1.3_r1.zip,3jDZZoDeBw29TRwEqPKQozcn
GH-Ank,30,1861.9027,4,1904.7369999999999,25,5.6582,2062.72368,48,25,0.47916666666666663,1874,1900,FALSE,0.9935446638207044,0.9775116984654576,0.9026428105969094,0.9799487894736842,FALSE,FALSE,ICOS,EUF,v1.3,EUF_GH-Ank_FLUXNET_2011-2014_v1.3_r1.zip,KGeOFn8sIXSOmMXfGprQynOP
GL-Dsk,30,2107.9039,1,2339.512,12,6.36025,2339.512,12,12,0,424,NA,FALSE,4.971471462264151,0.9010015336531719,0.9010015336531719,NA,FALSE,FALSE,ICOS,ICOS,v1.3,ICOS_GL-Dsk_FLUXNET_2020-2024_v1.3_r1.zip,c9E9mFx4AxSPu_Wb2l-pmMHm
GL-NuF,30,861.8119,2,666.9665,3,1.3686666666666667,503.576,24,3,0.875,726,782,FALSE,1.1870687327823692,1.2921367115139966,1.711383981762435,1.102061253196931,TRUE,FALSE,ICOS,ICOS,v1.3,ICOS_GL-NuF_FLUXNET_2019-2024_v1.3_r1.zip,EfhStDGazgCMZH4SX2aNUPlt
GL-ZaF,30,780.7409666666666,NA,NA,NA,NA,NA,NA,NA,NA,248,253,FALSE,3.1481490591397847,NA,NA,3.0859326745718048,TRUE,FALSE,ICOS,ICOS,v1.3,ICOS_GL-ZaF_FLUXNET_2023-2024_v1.3_r1.zip,Lf3j25yaK_SzajN-sxvn-Mfj
GL-ZaH,30,677.7331666666666,1,897.585,12,2.436166666666667,897.585,12,12,0,248,253,FALSE,2.7327950268817203,0.7550629374005433,0.7550629374005433,2.6787872200263503,FALSE,FALSE,ICOS,ICOS,v1.3,ICOS_GL-ZaH_FLUXNET_2020-2024_v1.3_r1.zip,Zdiwv_V4gNbOfd5Bttpb-9q2
HK-MPM,30,1647.0130666666666,3,1904.7206666666668,NA,NA,NA,36,0,1,1910,NA,FALSE,0.8623105061082025,0.8647005807675735,NA,NA,TRUE,FALSE,ICOS,FLX,v1.3,FLX_HK-MPM_FLUXNET_2016-2018_v1.3_r1.zip,5RA91yfzwElWmxeRuI5iXuf6
ID-JOP,30,2024.7450666666666,7,1865.2654285714286,16,4.8179375,1754.1570000000002,84,16,0.8095238095238095,2569,2235,FALSE,0.788145218632412,1.0854997018935693,1.1542553298631002,0.9059262043251305,FALSE,FALSE,ICOS,FLX,v1.3,FLX_ID-JOP_FLUXNET_2014-2024_v1.3_r1.zip,PPguZ8g7dO0HMK1i3qLRsXdQ
ID-PaB,30,2539.1999333333333,13,2626.6183076923076,3,8.743,3199.996,156,3,0.9807692307692307,2396,2640,FALSE,1.0597662493043962,0.9667182802682213,0.7935009710428804,0.9618181565656566,TRUE,FALSE,ICOS,JPF,v1.3,JPF_ID-PaB_FLUXNET_2004-2016_v1.3_r1.zip,MpLHCY-ecJkBO48pW8l-Tra-
ID-PaD,30,2484.8323333333333,17,2536.2894705882354,12,6.9679166666666665,2540.367,204,12,0.9411764705882353,2396,NA,FALSE,1.0370752643294379,0.9797116465405,0.9781391166446947,NA,FALSE,FALSE,ICOS,JPF,v1.3,JPF_ID-PaD_FLUXNET_2001-2017_v1.3_r1.zip,RaxQP0fkOSWCXKIIhi7Bnevj
ID-Pag,30,2590.3433666666665,15,2678.742133333333,18,7.6225,2786.7646666666665,180,18,0.9,2401,2663,FALSE,1.0788602110231846,0.966999896867017,0.9295163662904677,0.9727162473400925,FALSE,FALSE,ICOS,JPF,v1.3,JPF_ID-Pag_FLUXNET_2004-2018_v1.3_r1.zip,I6zVvSdiWHZ4d2Bal9dhQhoi
IE-CaC,30,507.0819,5,475.98260000000005,7,1.1641428571428571,428.2337142857143,60,7,0.8833333333333333,883,804,FALSE,0.5742716874292186,1.0653370522367833,1.1841241898616108,0.630698880597015,TRUE,FALSE,ICOS,EUF,v1.3,EUF_IE-CaC_FLUXNET_2003-2007_v1.3_r1.zip,olP0y9DuPPJFn_A3uWTEjEFU
IE-CaN,30,507.0819,5,475.98260000000005,7,1.1641428571428571,428.2337142857143,60,7,0.8833333333333333,883,804,FALSE,0.5742716874292186,1.0653370522367833,1.1841241898616108,0.630698880597015,TRUE,FALSE,ICOS,EUF,v1.3,EUF_IE-CaN_FLUXNET_2003-2007_v1.3_r1.zip,fqas87xDJV_zXM6w23MBsleq
IE-Cra,30,3474.463133333333,1,3975.8160000000007,12,10.908416666666668,3975.816,12,12,0,1026,883,FALSE,3.386416309291748,0.873899378978638,0.8738993789786382,3.9348393355983386,FALSE,FALSE,ICOS,ICOS,v1.3,ICOS_IE-Cra_FLUXNET_2020-2024_v1.3_r1.zip,AwIT0Qy0HIwmIzj92q58ehk7
IE-Gwr,30,3274.024,1,2983.488,12,8.17625,2983.488,12,12,0,969,857.4,FALSE,3.378765737874097,1.09738132011927,1.09738132011927,3.8185491019360858,FALSE,FALSE,ICOS,EUF,v1.3,EUF_IE-Gwr_FLUXNET_2016-2016_v1.3_r1.zip,GDCw0QfMze-6S4E59YD2vQBI
IL-RmH,30,560.337,6,594.5219999999999,25,1.55112,559.35888,72,25,0.6527777777777778,561,516,FALSE,0.9988181818181818,0.9425000252303533,1.001748644805639,1.085924418604651,FALSE,FALSE,ICOS,EUF,v1.3,EUF_IL-RmH_FLUXNET_2015-2020_v1.3_r1.zip,BDfZZGumiN8Ci3FRoFGYGKdQ
IL-Yat,30,241.56693333333334,21,236.60380952380953,47,0.5311702127659574,193.1548085106383,252,47,0.8134920634920635,300,275.6,FALSE,0.8052231111111111,1.0209765169018734,1.2506389832900726,0.8765128205128204,FALSE,FALSE,ICOS,EUF,v1.3,EUF_IL-Yat_FLUXNET_2000-2024_v1.3_r1.zip,ddBS_ZLjXuBI8SSQV2cskqda
IT-Arz,30,3927.6580333333336,5,4079.6906000000004,60,11.1754,4079.6906,60,60,0,935,900,FALSE,4.200703778966132,0.9627342900300658,0.9627342900300659,4.364064481481482,FALSE,FALSE,ICOS,EUF,v1.3,EUF_IT-Arz_FLUXNET_2016-2024_v1.3_r1.zip,xK4i981ZSwQZHJeKKfpx5eZo
IT-BCi,30,952.5521666666667,17,1019.347294117647,46,2.6582391304347825,962.4680869565218,204,46,0.7745098039215687,1039,947.14,FALSE,0.916797080526147,0.9344726494724268,0.9896974035562979,1.0057142203546114,FALSE,FALSE,ICOS,ICOS,v1.3,ICOS_IT-BCi_FLUXNET_2004-2025_v1.3_r1.zip,2LNryh4qBQqqtGj-L8ONRyxA
IT-BFt,30,593.8098666666667,2,737.185,NA,NA,NA,24,0,1,678,697,FALSE,0.8758257620452311,0.8055099692297955,NA,0.8519510282161646,TRUE,FALSE,ICOS,ICOS,v1.3,ICOS_IT-BFt_FLUXNET_2019-2024_v1.3_r1.zip,IUOlBlndAhz4kdSgYJUDyq-D
IT-BsB,30,843.7054,NA,NA,NA,NA,NA,NA,NA,NA,986,NA,FALSE,0.8556849898580122,NA,NA,NA,TRUE,FALSE,ICOS,EUF,v1.3,EUF_IT-BsB_FLUXNET_2021-2024_v1.3_r1.zip,m7FE4F9G5kn2XaEsWLMCtomo
IT-Bsn,30,627.7203000000001,1,493.353,5,1.203,442.68,12,5,0.5833333333333333,986,NA,FALSE,0.6366331643002029,1.2723552912417682,1.4180001355380862,NA,TRUE,FALSE,ICOS,EUF,v1.3,EUF_IT-Bsn_FLUXNET_2020-2021_v1.3_r1.zip,1ToCntM4yoaRk9TpAd3Z-pAn
IT-CA1,30,710.4101666666667,4,764.6959999999999,10,1.9415,707.9796,48,10,0.7916666666666666,332,766,FALSE,2.139789658634538,0.9290099159230162,1.0034331026863863,0.9274284160139251,TRUE,FALSE,ICOS,EUF,v1.3,EUF_IT-CA1_FLUXNET_2011-2014_v1.3_r1.zip,JaiQh6fJCspNapWnx20Mx_-J
IT-CA2,30,712.568,4,766.821,10,1.9474,710.1324,48,10,0.7916666666666666,332,766,FALSE,2.146289156626506,0.929249459782661,1.0034297829531507,0.9302454308093995,TRUE,FALSE,ICOS,EUF,v1.3,EUF_IT-CA2_FLUXNET_2011-2014_v1.3_r2.zip,4nX2fCUltlN4ejOTF1KYMSzf
IT-CA3,30,657.6251,4,708.37125,15,1.6432,600.4392,48,15,0.6875,332,766,FALSE,1.9807984939759036,0.9283622111992827,1.095240117567274,0.858518407310705,FALSE,FALSE,ICOS,EUF,v1.3,EUF_IT-CA3_FLUXNET_2011-2014_v1.3_r2.zip,MAXpa5PAn0L1aK-6zb-kcOs7
IT-Cp2,30,732.0159,9,695.5790000000001,39,2.614871794871795,950.872923076923,108,39,0.6388888888888888,752,601,FALSE,0.9734253989361702,1.0523835538450699,0.7698356764974176,1.2179965058236273,FALSE,FALSE,ICOS,ICOS,v1.3,ICOS_IT-Cp2_FLUXNET_2012-2025_v1.3_r1.zip,Oz2rJQyIT8nYjOwvl4nCxlsl
IT-Cpz,30,855.9554,8,820.631625,NA,NA,NA,96,0,1,763,NA,FALSE,1.1218288335517694,1.043044618223189,NA,NA,TRUE,FALSE,ICOS,EUF,v1.3,EUF_IT-Cpz_FLUXNET_2001-2008_v1.3_r1.zip,oMua13T8N3ukhoEtyKD76Su2
IT-Lav,30,1093.9326666666666,18,1116.0519444444444,29,2.4224827586206894,880.7222068965518,216,29,0.8657407407407407,575,1291,FALSE,1.9024915942028984,0.980180781111592,1.242085935951832,0.8473529563645752,FALSE,FALSE,ICOS,EUF,v1.3,EUF_IT-Lav_FLUXNET_2003-2020_v1.3_r1.zip,XKQE9dtAKgDbkY1obJ-3Ym4s
IT-Lsn,30,997.6444666666666,5,1060.2716,7,3.916714285714286,1418.892,60,7,0.8833333333333333,970,1100,FALSE,1.0284994501718212,0.9409329332848928,0.7031151537020905,0.9069495151515151,TRUE,FALSE,ICOS,ICOS,v1.3,ICOS_IT-Lsn_FLUXNET_2016-2024_v1.3_r1.zip,wjxZGQl8gUxBPVKPVlu4-g5L
IT-MBo,30,24150.380833333333,18,27391.543777777773,8,69.3395,25559.449500000002,216,8,0.962962962962963,407,1365,TRUE,59.33754504504504,0.8816728633209081,0.9448709305469717,17.692586691086692,TRUE,TRUE,ICOS,ICOS,v1.3,ICOS_IT-MBo_FLUXNET_2003-2025_v1.3_r1.zip,enS2fTzGG_9PS5-51hqet8iH
IT-MtM,30,694.7573,6,722.2458333333333,1,0.206,76.63199999999999,72,1,0.9861111111111112,578,NA,FALSE,1.202002249134948,0.9619401981089081,9.06615121620211,NA,TRUE,FALSE,ICOS,EUF,v1.3,EUF_IT-MtM_FLUXNET_2014-2019_v1.3_r1.zip,cULijyah3HGsQjOGEpbrHEZu
IT-MtP,30,571.6022666666667,6,594.3646666666666,11,1.8474545454545455,673.618909090909,72,11,0.8472222222222222,548,NA,FALSE,1.0430698296836982,0.9617029724736891,0.8485543665009044,NA,TRUE,FALSE,ICOS,EUF,v1.3,EUF_IT-MtP_FLUXNET_2014-2019_v1.3_r1.zip,5BjUNIFTfUg-gh1sC_mGsrkc
IT-NiG,30,1052.6584,1,892.0539999999999,12,2.43275,892.0539999999999,12,12,0,1440,NA,FALSE,0.7310127777777778,1.1800388765702527,1.1800388765702527,NA,FALSE,FALSE,ICOS,EUF,v1.3,EUF_IT-NiG_FLUXNET_2020-2024_v1.3_r1.zip,AFk3rC6RlVTrfbe2tNBYfSCG
IT-Niv,30,915.4489666666667,2,916.5445,24,2.504541666666667,916.5445,24,24,0,1469,1138.7,FALSE,0.6231783299296574,0.9988047134281715,0.9988047134281715,0.8039421855332104,FALSE,FALSE,ICOS,ICOS,v1.3,ICOS_IT-Niv_FLUXNET_2019-2024_v1.3_r1.zip,KEdPYVMu2ozICBTFUa7oRkYX
IT-Noe,30,552.2558333333334,NA,NA,NA,NA,NA,NA,NA,NA,758,605,FALSE,0.7285697009674583,NA,NA,0.9128195592286502,TRUE,FALSE,ICOS,ICOS,v1.3,ICOS_IT-Noe_FLUXNET_2022-2024_v1.3_r2.zip,JclBQTcqbxNONZlGXsdcj9DJ
IT-PT1,30,789.2592000000001,3,782.0246666666667,2,2.042,698.172,36,2,0.9444444444444444,768,NA,FALSE,1.02768125,1.009251029592417,1.1304652721678898,NA,TRUE,FALSE,ICOS,EUF,v1.3,EUF_IT-PT1_FLUXNET_2002-2004_v1.3_r1.zip,luWKnq47m8-eiwpb7TlQmKUQ
IT-Ren,30,866.1938666666667,22,1132.142590909091,110,2.393072727272727,875.6279999999999,264,110,0.5833333333333333,684,970.8,FALSE,1.2663653021442496,0.7650925542613214,0.9892258660831618,0.8922474934761709,FALSE,FALSE,ICOS,ICOS,v1.3,ICOS_IT-Ren_FLUXNET_1999-2025_v1.3_r1.zip,pNTPZfSPE9VmxdZ-g9ijYCSc
IT-Ro1,30,860.8764666666666,9,805.5113333333334,16,1.7233749999999999,629.6685,108,16,0.8518518518518519,379,NA,FALSE,2.2714418645558485,1.068732904233915,1.3671899843594948,NA,FALSE,FALSE,ICOS,EUF,v1.3,EUF_IT-Ro1_FLUXNET_2000-2008_v1.3_r1.zip,bWEnFVz5SrMe27oyKA5hHirX
IT-Ro2,30,793.803,11,792.8901818181819,14,2.2192857142857143,808.8094285714286,132,14,0.8939393939393939,379,NA,FALSE,2.0944670184696568,1.0011512542376613,0.9814462739412745,NA,FALSE,FALSE,ICOS,EUF,v1.3,EUF_IT-Ro2_FLUXNET_2002-2012_v1.3_r2.zip,GGulpe22_jQxGfff-1ulxR8a
IT-SR2,30,974.5438,8,1086.39475,3,1.8033333333333332,661.7040000000001,96,3,0.96875,886,950,FALSE,1.0999365688487586,0.8970439152066964,1.4727790673775585,1.0258355789473685,TRUE,FALSE,ICOS,ICOS,v1.3,ICOS_IT-SR2_FLUXNET_2013-2025_v1.3_r1.zip,xmKHyUZQfcLwolbWA7E2YEYg
IT-SRo,30,913.3800333333334,14,887.778,21,2.528285714285714,920.9108571428573,168,21,0.875,886,920,FALSE,1.0309029721595184,1.0288383282006688,0.9918224182600166,0.992804384057971,FALSE,FALSE,ICOS,EUF,v1.3,EUF_IT-SRo_FLUXNET_1999-2012_v1.3_r1.zip,I0dHiKkliSYYaY8YAFuTO2MB
IT-Tor,30,851.8813,13,838.8596923076923,5,2.1698,796.8096,156,5,0.967948717948718,1272,945,FALSE,0.6697180031446541,1.015522986515761,1.0691152566434943,0.9014616931216931,TRUE,FALSE,ICOS,ICOS,v1.3,ICOS_IT-Tor_FLUXNET_2008-2024_v1.3_r1.zip,jpLpilIX0DYcAXQubpEJEEBn
IT-TrF,30,926.6391666666667,9,934.1703333333334,5,2.2876,840.3408000000001,108,5,0.9537037037037037,1092,885,FALSE,0.8485706654456655,0.9919381226335954,1.1026944861735462,1.0470499058380416,TRUE,FALSE,ICOS,ICOS,v1.3,ICOS_IT-TrF_FLUXNET_2012-2024_v1.3_r1.zip,YwbRGa_5X4xiWtFOUz2_TvxL
JP-Api,30,5371.734,21,5389.958333333333,252,14.727595238095239,5389.958333333334,252,252,0,1478,1869,TRUE,3.6344614343707717,0.996618835952659,0.9966188359526589,2.8741219903691815,FALSE,FALSE,ICOS,JPF,v1.3,JPF_JP-Api_FLUXNET_2000-2022_v1.3_r2.zip,6FLIvFghC2kn5jdWiKfUjx9S
JP-BBY,30,4008.1986666666667,7,4014.731142857143,84,10.958773809523809,4014.731142857143,84,84,0,1154,1170,FALSE,3.473309069901791,0.9983728733113054,0.9983728733113054,3.425810826210826,FALSE,FALSE,ICOS,JPF,v1.3,JPF_JP-BBY_FLUXNET_2014-2020_v1.3_r1.zip,pMEqkfODsJGzX9RKz9kSDRtA
JP-Fhk,30,1844.7290333333333,15,1864.8458666666666,NA,NA,NA,180,0,1,1693,1831,FALSE,1.089621401850758,0.9892126026644276,NA,1.0074981066812307,TRUE,FALSE,ICOS,JPF,v1.3,JPF_JP-Fhk_FLUXNET_2006-2023_v1.3_r1.zip,5HO9DkOtLv80oPgti-3L_1gg
JP-Fjy,30,1969.4295333333332,20,1990.00175,NA,NA,NA,240,0,1,1693,1954,FALSE,1.163277928726127,0.9896622117710868,NA,1.0078963834868644,TRUE,FALSE,ICOS,JPF,v1.3,JPF_JP-Fjy_FLUXNET_2001-2021_v1.3_r1.zip,rPUO8Mfj9nIziKi_4d2XRkCh
JP-Fmt,30,5939.7142,7,5984.813,84,16.36345238095238,5984.813,84,84,0,1516,1643,TRUE,3.9180172823219,0.9924644596247202,0.9924644596247202,3.6151638466220333,FALSE,FALSE,ICOS,JPF,v1.3,JPF_JP-Fmt_FLUXNET_2014-2023_v1.3_r1.zip,eWDbJgVovrhZWWNoXdZwB1GA
JP-Hc2,30,4683.106866666667,2,5811.468500000001,24,15.84525,5811.4685,24,24,0,1427,1037,FALSE,3.2817847699135716,0.8058388110796206,0.8058388110796207,4.516014336226294,FALSE,FALSE,ICOS,JPF,v1.3,JPF_JP-Hc2_FLUXNET_2003-2004_v1.3_r1.zip,Tjd4S1VJ4LO2w5OrXE1eWhYl
JP-Hc3,30,4683.106866666667,4,4058.6049999999996,48,11.11025,4058.605,48,48,0,1423,1037,FALSE,3.2910097446708835,1.1538710632512077,1.1538710632512075,4.516014336226294,FALSE,FALSE,ICOS,JPF,v1.3,JPF_JP-Hc3_FLUXNET_2005-2008_v1.3_r1.zip,7mRmcdv3o0cDwldpdIkzLgqj
JP-KaP,30,5287.457766666666,1,4037.053000000001,12,11.062083333333334,4037.053,12,12,0,1337,18,TRUE,3.954717850909997,1.3097320661053162,1.3097320661053167,293.7476537037037,FALSE,FALSE,ICOS,JPF,v1.3,JPF_JP-KaP_FLUXNET_1997-1997_v1.3_r1.zip,7QrnIdeknEjsBsGnEAcpIxqx
JP-Khw,30,2291.236,21,2276.938619047619,140,6.381114285714285,2328.143314285714,252,140,0.4444444444444444,2127,2130,FALSE,1.0772148566055477,1.0062792122865223,0.9841473185695884,1.0756976525821595,FALSE,FALSE,ICOS,JPF,v1.3,JPF_JP-Khw_FLUXNET_2000-2021_v1.3_r1.zip,ws7GV5BLwsKMaGOsosxNThpD
JP-Kzw,30,5583.8523,8,5463.0313750000005,96,14.91265625,5463.0313750000005,96,96,0,1589,1198,TRUE,3.5140668974197604,1.0221160957546211,1.0221160957546211,4.660978547579298,FALSE,FALSE,ICOS,JPF,v1.3,JPF_JP-Kzw_FLUXNET_2001-2008_v1.3_r1.zip,heCzGI50bl4F9zNueG7UvN3S
JP-MBF,30,5175.140933333333,8,5058.79775,96,13.842854166666667,5058.79775,96,96,0,1174,NA,TRUE,4.408126859738784,1.0229981883211943,1.0229981883211943,NA,FALSE,FALSE,ICOS,JPF,v1.3,JPF_JP-MBF_FLUXNET_2004-2011_v1.3_r1.zip,dP1aRNVfrf316N-6GTejUbIk
JP-MMF,30,1143.6482333333333,8,1122.758125,11,3.019727272727273,1102.8447272727271,96,11,0.8854166666666666,1156,NA,FALSE,0.9893150807381776,1.0186060629339317,1.0369984142387034,NA,TRUE,FALSE,ICOS,JPF,v1.3,JPF_JP-MMF_FLUXNET_2004-2011_v1.3_r1.zip,Gq5ddm9JljmhtiELU0sAXSqu
JP-Mse,30,5187.7739,8,5331.1407500000005,96,14.547739583333334,5331.1407500000005,96,96,0,1307,1200,TRUE,3.969222570772762,0.9731076599318822,0.9731076599318822,4.323144916666667,FALSE,FALSE,ICOS,JPF,v1.3,JPF_JP-Mse_FLUXNET_2002-2009_v1.3_r1.zip,496cflc8MbepzdjJvLU5v4cg
JP-Nkm,30,8195.526133333333,3,9287.887,36,25.331583333333334,9287.887,36,36,0,1951,NA,TRUE,4.200679719801811,0.8823886566808288,0.8823886566808288,NA,FALSE,FALSE,ICOS,JPF,v1.3,JPF_JP-Nkm_FLUXNET_2018-2024_v1.3_r1.zip,jQlGe7FF-AoWrmDdvmU4gojQ
JP-NsC,30,3140.8003,12,3218.0740833333334,90,8.790244444444445,3218.0308000000005,144,90,0.375,1326,1561,FALSE,2.368627677224736,0.9759875685480516,0.9760006958292629,2.0120437540038436,FALSE,FALSE,ICOS,JPF,v1.3,JPF_JP-NsC_FLUXNET_2004-2015_v1.3_r1.zip,9MJ6Rbkq1nwFkdiq96CdBSn_
JP-NsM,30,3140.8003,12,3218.0740833333334,90,8.790244444444445,3218.0308000000005,144,90,0.375,1326,1561,FALSE,2.368627677224736,0.9759875685480516,0.9760006958292629,2.0120437540038436,FALSE,FALSE,ICOS,JPF,v1.3,JPF_JP-NsM_FLUXNET_2004-2015_v1.3_r1.zip,qug7pUfVBqZPbH4yxh0PKfgu
JP-Nuf,30,5431.5632,2,5306.449,24,14.488291666666667,5306.4490000000005,24,24,0,1969,1595,TRUE,2.7585389537836464,1.0235777635854033,1.023577763585403,3.4053687774294668,FALSE,FALSE,ICOS,JPF,v1.3,JPF_JP-Nuf_FLUXNET_2000-2001_v1.3_r1.zip,rBNU9avgc7c4tNBrBRWVn22z
JP-Om2,30,5337.641,NA,NA,NA,NA,NA,NA,NA,NA,1372,1206.9,TRUE,3.8904088921282796,NA,NA,4.422604192559449,TRUE,FALSE,ICOS,JPF,v1.3,JPF_JP-Om2_FLUXNET_2022-2025_v1.3_r1.zip,1LRw8IWf3BDKYACdAj8ouheV
JP-SMF,30,5431.5632,13,5362.314230769231,156,14.663153846153847,5362.314230769231,156,156,0,2065,1615,TRUE,2.6302969491525423,1.012914008066408,1.012914008066408,3.363197027863777,FALSE,FALSE,ICOS,JPF,v1.3,JPF_JP-SMF_FLUXNET_2002-2014_v1.3_r1.zip,OJmZUckooZnjzhPVMCBvUM85
JP-Sb1,30,4275.823066666667,4,4125.77,48,11.293416666666666,4125.77,48,48,0,1125,1073,FALSE,3.800731614814815,1.0363697119971949,1.0363697119971949,3.9849236408822617,FALSE,FALSE,ICOS,JPF,v1.3,JPF_JP-Sb1_FLUXNET_2007-2010_v1.3_r1.zip,jOdJ40q12wURBzPC91Zd1Nrx
JP-Sb2,30,4275.823066666667,4,4125.77,48,11.293416666666666,4125.77,48,48,0,1125,1073,FALSE,3.800731614814815,1.0363697119971949,1.0363697119971949,3.9849236408822617,FALSE,FALSE,ICOS,JPF,v1.3,JPF_JP-Sb2_FLUXNET_2007-2010_v1.3_r1.zip,Pxix-JtRatuGLAPdOuOHUdzr
JP-Shn,30,6020.625366666666,7,6166.103428571429,84,16.847285714285714,6166.103428571429,84,84,0,1340,1606,TRUE,4.493004004975124,0.9764068080287672,0.9764068080287672,3.748832731423827,FALSE,FALSE,ICOS,JPF,v1.3,JPF_JP-Shn_FLUXNET_2014-2020_v1.3_r1.zip,2odGxi9yoGlFUuRSPP0IvuyH
JP-Spp,30,1191.5768666666665,19,1214.3505789473684,82,3.1634756097560977,1158.8263902439026,228,82,0.6403508771929824,1239,1150,FALSE,0.9617246704331449,0.9812461799125235,1.0282617626751414,1.0361537971014492,FALSE,FALSE,ICOS,JPF,v1.3,JPF_JP-Spp_FLUXNET_2000-2018_v1.3_r1.zip,js_dXPMf2Ctz9mN3PGXCd2zb
JP-Srk,30,2521.610866666667,7,2663.0537142857142,12,7.3935,2708.619,84,12,0.8571428571428572,1534,3000,FALSE,1.6438141242937854,0.9468869715769195,0.9309581254014192,0.8405369555555556,FALSE,FALSE,ICOS,JPF,v1.3,JPF_JP-Srk_FLUXNET_2010-2016_v1.3_r1.zip,eFz2nv5isK9K_5qkLLh6xxAF
JP-Ta2,30,1755.0042333333333,11,1702.5023636363635,4,4.09225,1475.571,132,4,0.9696969696969697,1765,1722,FALSE,0.9943366761095372,1.0308380597985376,1.189372950087345,1.0191662214479287,TRUE,FALSE,ICOS,JPF,v1.3,JPF_JP-Ta2_FLUXNET_2005-2015_v1.3_r1.zip,CmfB4bc3xT3z8lqsrgqLbIGm
JP-Tak,30,8803.888466666667,23,8833.035347826088,276,24.14932608695652,8833.035347826086,276,276,0,1804,2275,TRUE,4.880204249815225,0.99670024176156,0.9967002417615602,3.8698410842490847,FALSE,FALSE,ICOS,JPF,v1.3,JPF_JP-Tak_FLUXNET_1998-2021_v1.3_r1.zip,3ISWj-Lz0wAZ7bHcl0axSoWX
JP-Tef,30,926.4751666666666,20,905.94485,10,2.0214,731.8884,240,10,0.9583333333333334,1113,1200,FALSE,0.8324125486672656,1.0226617731384715,1.2658694504061911,0.7720626388888888,TRUE,FALSE,ICOS,JPF,v1.3,JPF_JP-Tef_FLUXNET_2001-2023_v1.3_r1.zip,U36jKvGfGICHSJO01Sk4jEZT
JP-Tgf,30,1127.2060333333334,3,1201.0803333333333,2,1.996,719.67,36,2,0.9444444444444444,1333,NA,FALSE,0.8456159289822456,0.9384934563078073,1.5662818143500958,NA,TRUE,FALSE,ICOS,JPF,v1.3,JPF_JP-Tgf_FLUXNET_2002-2004_v1.3_r1.zip,YeHEbZudsqdYtd2YAggVVQL6
JP-Tkb,30,5411.865833333333,2,5407.7605,24,14.768958333333334,5407.7605,24,24,0,1353,1507,TRUE,3.99990083764474,1.000759155908131,1.000759155908131,3.5911518469365182,FALSE,FALSE,ICOS,JPF,v1.3,JPF_JP-Tkb_FLUXNET_2018-2019_v1.3_r1.zip,DJQ3QbfTvEPAp9g4mpyX5ABJ
JP-Tmd,30,4656.8277,16,4703.30025,192,12.849973958333333,4703.30025,192,192,0,1206,1276,FALSE,3.8613828358208955,0.9901191615398144,0.9901191615398144,3.6495514890282132,FALSE,FALSE,ICOS,JPF,v1.3,JPF_JP-Tmd_FLUXNET_2005-2023_v1.3_r1.zip,0o-e7G4yJgKYUrpjjLe7w0lt
JP-Tmk,30,4656.8277,3,4304.846,36,11.744055555555555,4304.846,36,36,0,1206,1043,FALSE,3.8613828358208955,1.0817640631046965,1.0817640631046965,4.464839597315436,FALSE,FALSE,ICOS,JPF,v1.3,JPF_JP-Tmk_FLUXNET_2001-2003_v1.3_r1.zip,bCOHeAK5zPgbC1DQddUjFOlA
JP-Toc,30,4656.831833333334,4,4920.8515,48,13.452125,4920.851500000001,48,48,0,1189,1130,FALSE,3.9165953181945614,0.946346751844337,0.9463467518443369,4.1210901179941,FALSE,FALSE,ICOS,JPF,v1.3,JPF_JP-Toc_FLUXNET_2011-2014_v1.3_r1.zip,RweHalPjm2fLhREAqrL5xXXr
JP-Yms,30,4913.387,21,4981.978476190476,252,13.623777777777777,4981.978476190476,252,252,0,1502,1095,TRUE,3.2712296937416774,0.9862320809858406,0.9862320809858406,4.4871114155251135,FALSE,FALSE,ICOS,JPF,v1.3,JPF_JP-Yms_FLUXNET_2000-2023_v1.3_r1.zip,fI4RJEyaI5ASWeYLUEHZddaP
JP-Ynf,30,6652.8439,8,7171.626875000001,96,19.61128125,7171.626875,96,96,0,2150,2501.5,TRUE,3.094346,0.9276617448115633,0.9276617448115634,2.6595418348990605,FALSE,FALSE,ICOS,JPF,v1.3,JPF_JP-Ynf_FLUXNET_2013-2022_v1.3_r1.zip,Z6-dU8nagfkiCVVyjdnFCe5b
KE-Aq1,30,2703.4056,1,4151.182,12,11.330916666666667,4151.182,12,12,0,558,550,FALSE,4.844812903225806,0.6512375511360379,0.6512375511360379,4.91528290909091,FALSE,FALSE,ICOS,FLX,v1.3,FLX_KE-Aq1_FLUXNET_2019-2019_v1.3_r1.zip,i4EXIipasIDWP9d8IyG0XJjN
KE-Aq2,30,2703.4056,NA,NA,NA,NA,NA,NA,NA,NA,564,550,FALSE,4.793272340425532,NA,NA,4.91528290909091,TRUE,FALSE,ICOS,FLX,v1.3,FLX_KE-Aq2_FLUXNET_2022-2024_v1.3_r1.zip,QFscsSwywYpuelYVvg63oaJu
KE-Chk,30,436.16543333333334,NA,NA,NA,NA,NA,NA,NA,NA,700,500,FALSE,0.6230934761904762,NA,NA,0.8723308666666667,TRUE,FALSE,ICOS,FLX,v1.3,FLX_KE-Chk_FLUXNET_2022-2024_v1.3_r1.zip,NrkrMl1trwC3-wWAgM4sxHvE
KE-Kpt,30,3002.6111666666666,3,4018.0446666666667,36,10.986944444444443,4018.0446666666667,36,36,0,572,0,FALSE,5.249320221445221,0.7472816794636595,0.7472816794636595,Inf,FALSE,FALSE,ICOS,FLX,v1.3,FLX_KE-Kpt_FLUXNET_2018-2024_v1.3_r1.zip,NIXGBI6SVBOylbOHTxoujI4u
KE-Mkt,30,287.7273333333333,2,443.5445,NA,NA,NA,24,0,1,645,450,FALSE,0.44608888888888887,0.6487000364863803,NA,0.639394074074074,TRUE,FALSE,ICOS,FLX,v1.3,FLX_KE-Mkt_FLUXNET_2019-2024_v1.3_r1.zip,-dDx4tGmNR4X0U5IZ1WtSjW_
KH-Kmp,30,6637.125233333333,4,6804.428,48,18.571833333333334,6804.428,48,48,0,1714,1500,TRUE,3.872301769739401,0.975412662656337,0.975412662656337,4.4247501555555555,FALSE,FALSE,ICOS,JPF,v1.3,JPF_KH-Kmp_FLUXNET_2011-2014_v1.3_r1.zip,7HZxy0gTRodMZnmJU6ak4vHi
KR-AdC,30,1130.5096,4,897.817,2,1.007,356.98199999999997,48,2,0.9583333333333334,1166,1191.4,FALSE,0.9695622641509435,1.2591759790692314,3.1668532306951054,0.9488917240221588,TRUE,FALSE,ICOS,KOF,v1.3,KOF_KR-AdC_FLUXNET_2015-2018_v1.3_r1.zip,m5QvlBnkK_hdAFCUpmGPzXTI
KR-CRK,30,1473.6751666666667,6,1291.8723333333332,7,3.220285714285714,1180.6885714285713,72,7,0.9027777777777778,1248,1180.9,FALSE,1.1808294604700855,1.140728173088311,1.2481489211702939,1.2479254523386116,TRUE,FALSE,ICOS,KOF,v1.3,KOF_KR-CRK_FLUXNET_2015-2021_v1.3_r1.zip,H8OP2ngO7ZJkZ087BV4UNehk
KR-CmF,30,887.1627,8,768.1028749999999,NA,NA,NA,96,0,1,1281,1315.9,FALSE,0.6925548009367681,1.1550050505929952,NA,0.6741870202902955,TRUE,FALSE,ICOS,KOF,v1.3,KOF_KR-CmF_FLUXNET_2012-2019_v1.3_r1.zip,9yCK9zGwG8buI8JKtUWmROLY
KR-GmP,30,1183.7456,4,1222.6915,32,2.4380312500000003,889.718625,48,32,0.33333333333333337,1230,1089.9,FALSE,0.9623947967479675,0.9681474026767996,1.3304718668781381,1.0861047802550692,FALSE,FALSE,ICOS,KOF,v1.3,KOF_KR-GmP_FLUXNET_2011-2014_v1.3_r1.zip,0TTeq3pvvIas1NLdD2HMvWMC
KR-GmR,30,855.4794666666667,3,755.7193333333333,1,1.086,403.9920000000001,36,1,0.9722222222222222,1230,1089.9,FALSE,0.6955117615176152,1.1320068561608851,2.1175653643306465,0.7849155580022631,TRUE,FALSE,ICOS,KOF,v1.3,KOF_KR-GmR_FLUXNET_2017-2019_v1.3_r1.zip,Ssyo985v7h7CTmNEtvwTbQsE
KR-GmS,30,1091.9351333333334,3,964.7363333333334,NA,NA,NA,36,0,1,1217,1089.9,FALSE,0.8972351136674884,1.1318482528386857,NA,1.0018672661100407,TRUE,FALSE,ICOS,KOF,v1.3,KOF_KR-GmS_FLUXNET_2017-2019_v1.3_r1.zip,5Kb3vNI8mqBd_eETiy2wuWSK
KR-HPK,30,917.2692999999999,3,920.4150000000001,7,2.0365714285714285,744.048,36,7,0.8055555555555556,1301,1282,FALSE,0.7050494235203689,0.9965823025483068,1.2328093080016342,0.7154986739469579,TRUE,FALSE,ICOS,KOF,v1.3,KOF_KR-HPK_FLUXNET_2016-2018_v1.3_r1.zip,zfSFiNxBUci2ScUx6BSMynNA
KR-HcM,30,1108.4790333333333,4,873.89075,NA,NA,NA,48,0,1,1297,1388.9,FALSE,0.8546484451297867,1.2684412019847255,NA,0.7980985192118463,TRUE,FALSE,ICOS,KOF,v1.3,KOF_KR-HcM_FLUXNET_2015-2018_v1.3_r1.zip,j9Kwyg7s5TpieDfvx4qg9WSR
KR-Hnm,30,4536.481366666667,4,4567.523999999999,48,12.487354166666666,4567.524,48,48,0,1307,1282,FALSE,3.4709115276715123,0.9932036189994113,0.9932036189994112,3.5385970098803954,FALSE,FALSE,ICOS,KOF,v1.3,KOF_KR-Hnm_FLUXNET_2016-2019_v1.3_r1.zip,6juxi14AX0CYmbd3rABrd8Qg
KR-JjM,30,3410.1683666666668,4,3586.629,10,9.6218,3519.3576000000003,48,10,0.7916666666666666,1956,1989.6,FALSE,1.7434398602590322,0.9508004219746918,0.9689746693165442,1.7139969675646698,TRUE,FALSE,ICOS,KOF,v1.3,KOF_KR-JjM_FLUXNET_2015-2018_v1.3_r1.zip,Wq4UZR5CnT0upivSDf3D8uUc
KR-Kw1,30,1376.1622666666667,5,1207.864,6,3.843,1414.616,60,6,0.9,1301,1332,FALSE,1.0577726876761466,1.139335443946228,0.9728168398114164,1.0331548548548548,TRUE,FALSE,ICOS,KOF,v1.3,KOF_KR-Kw1_FLUXNET_2016-2020_v1.3_r1.zip,1RvfmPwtVEtfGXXUyFU-U7CT
KR-Kw2,30,1286.2523999999999,5,1144.6056,8,3.52875,1299.5475000000001,60,8,0.8666666666666667,1301,1332,FALSE,0.9886644119907763,1.123751622392901,0.9897694389777978,0.9656549549549548,TRUE,FALSE,ICOS,KOF,v1.3,KOF_KR-Kw2_FLUXNET_2016-2020_v1.3_r1.zip,n2qEvY4a79bHgLKrB0qipAJ_
KR-Nj1,30,4503.488766666666,NA,NA,NA,NA,NA,NA,NA,NA,1306,1310.4,FALSE,3.4483068657478304,NA,NA,3.4367283017908012,TRUE,FALSE,ICOS,KOF,v1.3,KOF_KR-Nj1_FLUXNET_2023-2024_v1.3_r1.zip,ho-3zaqsi4UTaFuVjoKo6tcK
KR-Nj2,30,4503.488766666666,NA,NA,NA,NA,NA,NA,NA,NA,1306,1310.4,FALSE,3.4483068657478304,NA,NA,3.4367283017908012,TRUE,FALSE,ICOS,KOF,v1.3,KOF_KR-Nj2_FLUXNET_2023-2024_v1.3_r1.zip,o9_1GTQfYPO5QensOTM6NVIz
KR-PcD,30,808.1657,4,672.1975,4,1.8992499999999999,700.896,48,4,0.9166666666666666,1375,1182.9,FALSE,0.5877568727272727,1.2022741828108554,1.1530465290142904,0.6832071180995857,TRUE,FALSE,ICOS,KOF,v1.3,KOF_KR-PcD_FLUXNET_2015-2018_v1.3_r1.zip,4wKzVD2bJxwyGKiuPS3-bBLW
KR-ScC,30,1278.1100666666666,4,1195.228,8,2.70775,995.5994999999999,48,8,0.8333333333333334,1226,1258.2,FALSE,1.0425041326808047,1.0693441474485759,1.2837592492429604,1.0158242462777511,TRUE,FALSE,ICOS,KOF,v1.3,KOF_KR-ScC_FLUXNET_2015-2018_v1.3_r1.zip,6dwzloq1r3LGTyJ3wGCMxk0C
KR-SmM,30,960.8168,6,865.2808333333332,NA,NA,NA,72,0,1,1262,1295.8,FALSE,0.7613445324881141,1.1104103581014642,NA,0.7414854144158048,TRUE,FALSE,ICOS,KOF,v1.3,KOF_KR-SmM_FLUXNET_2015-2021_v1.3_r1.zip,VK7v0BF3ASSyw7wQ9MoSmq5T
KR-TwB,30,4529.786033333333,NA,NA,NA,NA,NA,NA,NA,NA,1318,1313,FALSE,3.4368634547293877,NA,NA,3.449951282051282,TRUE,FALSE,ICOS,KOF,v1.3,KOF_KR-TwB_FLUXNET_2024-2024_v1.3_r1.zip,mgAw4w8tckxD-oe0sc6ng63R
KR-TwC,30,4529.786033333333,NA,NA,NA,NA,NA,NA,NA,NA,1318,1313,FALSE,3.4368634547293877,NA,NA,3.449951282051282,TRUE,FALSE,ICOS,KOF,v1.3,KOF_KR-TwC_FLUXNET_2024-2024_v1.3_r1.zip,GrvLMNKKbTTAaT6auJyS_xJj
KR-UAO,30,941.6040333333333,3,877.0146666666667,5,1.0416,374.3784,36,5,0.8611111111111112,1137,1011.2,FALSE,0.8281477865728525,1.0736468489314508,2.5151131404304663,0.9311748747362868,TRUE,FALSE,ICOS,KOF,v1.3,KOF_KR-UAO_FLUXNET_2017-2019_v1.3_r1.zip,_55n5cfT3PjNVp8hjP7P_GLa
KR-WdE,30,1398.0235666666665,4,1464.688,NA,NA,NA,48,0,1,1490,1531.5,FALSE,0.9382708501118567,0.9544855741746135,NA,0.9128459462400695,TRUE,FALSE,ICOS,KOF,v1.3,KOF_KR-WdE_FLUXNET_2015-2018_v1.3_r1.zip,eX7IFzdl2WPUmwGiAQ3UI6RD
ML-Kem,30,869.8877666666667,3,705.3126666666667,36,1.9148055555555556,705.3126666666667,36,36,0,306,302,FALSE,2.8427704793028323,1.2333363737500815,1.2333363737500815,2.880423068432671,FALSE,FALSE,ICOS,FLX,v1.3,FLX_ML-Kem_FLUXNET_2007-2009_v1.3_r1.zip,L1sLzW4BHbMbHpflq7z4oWu3
MN-Hst,30,1005.7275,6,883.4741666666667,72,2.4059583333333334,883.4741666666666,72,72,0,244,193.6,FALSE,4.121834016393443,1.1383779378570773,1.1383779378570775,5.1948734504132235,FALSE,FALSE,ICOS,JPF,v1.3,JPF_MN-Hst_FLUXNET_2015-2020_v1.3_r1.zip,13XztQKfZ_zocPMte-r5AtGa
MN-Kbu,30,1089.3188666666667,6,930.0415,72,2.535902777777778,930.0414999999999,72,72,0,250,196,FALSE,4.357275466666667,1.1712583434896902,1.1712583434896904,5.5577493197278915,FALSE,FALSE,ICOS,JPF,v1.3,JPF_MN-Kbu_FLUXNET_2003-2008_v1.3_r1.zip,qboNh8q5SAEz1-NZO2ZA_s6V
MN-Nkh,30,1332.8405,6,1215.1006666666665,72,3.3074166666666667,1215.1006666666667,72,72,0,268,165.7,FALSE,4.973285447761194,1.096897184375945,1.0968971843759447,8.04369643934822,FALSE,FALSE,ICOS,JPF,v1.3,JPF_MN-Nkh_FLUXNET_2015-2020_v1.3_r1.zip,wOMUKsoUO8-izEp_YKLHLZCH
MN-Udg,30,1504.4765,3,1329.1576666666667,36,3.6223055555555557,1329.1576666666667,36,36,0,298,230,FALSE,5.048578859060402,1.13190220974537,1.13190220974537,6.541202173913043,FALSE,FALSE,ICOS,JPF,v1.3,JPF_MN-Udg_FLUXNET_2010-2012_v1.3_r1.zip,zPXpxhbjz_GLVPOMGg_bGCuF
MX-Aog,30,788.7901,3,721.52,NA,NA,NA,36,0,1,689,732,FALSE,1.144833236574746,1.0932338673910633,NA,1.0775821038251368,TRUE,FALSE,AmeriFlux,AMF,v1.3,AMF_MX-Aog_FLUXNET_2016-2018_v1.3_r1.zip,10.17190/AMF/3027343
MX-PMm,30,4232.0490666666665,2,4241.9925,24,11.587958333333333,4241.9925,24,24,0,1269,1222,FALSE,3.334948043078539,0.9976559521655605,0.9976559521655605,3.4632152755046373,FALSE,FALSE,AmeriFlux,AMF,v1.3,AMF_MX-PMm_FLUXNET_2017-2018_v1.3_r1.zip,10.17190/AMF/3027673
MX-Tes,30,599.7412333333333,5,639.5994,7,0.9314285714285714,340.236,60,7,0.8833333333333333,676,647,FALSE,0.8871911735700196,0.9376826077906473,1.7627212679826159,0.9269570839773312,TRUE,FALSE,AmeriFlux,AMF,v1.3,AMF_MX-Tes_FLUXNET_2004-2008_v1.3_r1.zip,10.17190/AMF/1832156
MY-LHP,30,2605.437266666667,11,2728.385181818182,10,6.6634,2430.4716,132,10,0.9242424242424242,3088,2751,FALSE,0.8437296848013818,0.9549374787801833,1.0719883608871081,0.9470873379377197,TRUE,FALSE,ICOS,JPF,v1.3,JPF_MY-LHP_FLUXNET_2009-2019_v1.3_r1.zip,ug2smfKpeFuNSWo-g_LKn8R4
NL-Hrw,30,858.1188,10,874.4562999999999,4,3.0335,1092.468,120,4,0.9666666666666667,800,848,FALSE,1.0726485,0.9813169623227599,0.7854864398774151,1.0119325471698113,TRUE,FALSE,ICOS,EUF,v1.3,EUF_NL-Hrw_FLUXNET_2001-2010_v1.3_r2.zip,PQYUjF6JlyFnKvHTnv1BfTHn
NL-Loo,30,1033.0346333333334,24,1096.226375,16,3.7065,1354.2269999999999,288,16,0.9444444444444444,826,900,FALSE,1.2506472558514932,0.9423552077310067,0.7628223579454062,1.1478162592592593,FALSE,FALSE,ICOS,ICOS,v1.3,ICOS_NL-Loo_FLUXNET_1997-2025_v1.3_r1.zip,fnq1hhvNLYGhtdiC16YIM0YQ
NL-Vkp,30,819.0740333333333,7,825.6927142857143,NA,NA,NA,84,0,1,798,848,FALSE,1.0264085630743525,0.9919840870121924,NA,0.9658891902515723,TRUE,FALSE,ICOS,EUF,v1.3,EUF_NL-Vkp_FLUXNET_2014-2024_v1.3_r1.zip,yIhmJsmZaC0uHAABPhF1WTWL
NO-And,30,9318.330766666666,7,8593.799285714285,55,23.558836363636363,8600.359636363635,84,55,0.34523809523809523,1202,1060,TRUE,7.752355047143649,1.0843086342680577,1.0834815241059617,8.790878081761006,FALSE,FALSE,ICOS,EUF,v1.3,EUF_NO-And_FLUXNET_2008-2014_v1.3_r1.zip,KkqfRlPbN-GjF2nQXq4edZ6A
NO-Fns,30,3066.5747666666666,4,3327.446,14,9.511214285714285,3484.7871428571434,48,14,0.7083333333333333,1264,NA,FALSE,2.42608763185654,0.9216001602029504,0.8799891186904494,NA,FALSE,FALSE,ICOS,EUF,v1.3,EUF_NO-Fns_FLUXNET_2017-2024_v1.3_r1.zip,kDrWIYdOIg7jxi4gGpiV2vMK
NO-Hur,30,852.9431333333333,NA,NA,NA,NA,NA,NA,NA,NA,765,845,FALSE,1.1149583442265796,NA,NA,1.009400157790927,TRUE,FALSE,ICOS,ICOS,v1.3,ICOS_NO-Hur_FLUXNET_2023-2024_v1.3_r2.zip,CDVyAitBD2Nv07IGEndbf0mk
NO-Ikr,30,2169.2926333333335,2,2374.879,24,6.487625,2374.879,24,24,0,429,417,FALSE,5.056626184926185,0.913432908932764,0.913432908932764,5.202140607513989,FALSE,FALSE,ICOS,EUF,v1.3,EUF_NO-Ikr_FLUXNET_2019-2022_v1.3_r1.zip,8LmO1TBatCif6_LoU8kHEcPy
NZ-ADd,30,674.0571666666667,5,730.6886,3,2.3183333333333334,851.24,60,3,0.95,660,NA,FALSE,1.0212987373737374,0.922495802817598,0.791853257209091,NA,TRUE,FALSE,TERN,TERN,v1.3,TERN_NZ-ADd_FLUXNET_2016-2020_v1.3_r1.zip,https://dx.doi.org/10.25901/5cp7-ss13
NZ-ADw,30,948.7962333333334,6,1010.7753333333334,6,2.2685,818.312,72,6,0.9166666666666666,660,NA,FALSE,1.4375700505050506,0.9386816259201682,1.1594553585103644,NA,TRUE,FALSE,TERN,TERN,v1.3,TERN_NZ-ADw_FLUXNET_2015-2022_v1.3_r1.zip,https://dx.doi.org/10.25901/60yf-et36
NZ-BFm,30,862.2820333333333,4,843.3817499999999,12,1.8679166666666667,682.694,48,12,0.75,788,NA,FALSE,1.0942665397631133,1.022410116573347,1.2630578756124022,NA,FALSE,FALSE,TERN,TERN,v1.3,TERN_NZ-BFm_FLUXNET_2012-2015_v1.3_r1.zip,https://dx.doi.org/10.25901/x1jz-cc60
NZ-BFu,30,883.3865,3,919.3709999999999,11,1.9573636363636364,714.4789090909092,36,11,0.6944444444444444,788,NA,FALSE,1.1210488578680202,0.9608596529583814,1.236406685711697,NA,TRUE,FALSE,TERN,TERN,v1.3,TERN_NZ-BFu_FLUXNET_2012-2014_v1.3_r1.zip,https://dx.doi.org/10.25901/04zp-2272
NZ-Cla,30,1293.1539,NA,NA,NA,NA,NA,NA,NA,NA,790,NA,FALSE,1.636903670886076,NA,NA,NA,TRUE,FALSE,TERN,TERN,v1.3,TERN_NZ-Cla_FLUXNET_2022-2025_v1.3_r1.zip,https://dx.doi.org/10.25901/51kz-kf65
NZ-Kop,30,1203.6286666666667,4,1115.968,NA,NA,NA,48,0,1,1337,NA,FALSE,0.900245823984044,1.0785512368335533,NA,NA,TRUE,FALSE,TERN,TERN,v1.3,TERN_NZ-Kop_FLUXNET_2012-2015_v1.3_r1.zip,https://dx.doi.org/10.25901/39mm-8518
NZ-Lau,30,1027.5003,2,954.4950000000001,8,2.605625,952.716,24,8,0.6666666666666667,591,NA,FALSE,1.7385791878172587,1.0764857856772427,1.0784959001423298,NA,TRUE,FALSE,TERN,TERN,v1.3,TERN_NZ-Lau_FLUXNET_2019-2025_v1.3_r1.zip,https://dx.doi.org/10.25901/6zb3-2m14
NZ-Oxf,30,969.3006333333334,5,982.5083999999999,NA,NA,NA,60,0,1,903,NA,FALSE,1.0734226282761168,0.9865570954236457,NA,NA,TRUE,FALSE,TERN,TERN,v1.3,TERN_NZ-Oxf_FLUXNET_2006-2010_v1.3_r1.zip,https://dx.doi.org/10.25901/atjw-xm72
NZ-ScF,30,1244.2229,4,1319.6074999999998,NA,NA,NA,48,0,1,1269,NA,FALSE,0.980475098502758,0.942873468057737,NA,NA,TRUE,FALSE,TERN,TERN,v1.3,TERN_NZ-ScF_FLUXNET_2008-2011_v1.3_r1.zip,https://dx.doi.org/10.25901/xhwv-a218
PA-SPn,30,2166.4429666666665,3,2244.8763333333336,8,6.04875,2223.237,36,8,0.7777777777777778,2671,2350,FALSE,0.81109807812305,0.965061163725574,0.9744543504208802,0.9218906241134751,TRUE,FALSE,ICOS,EUF,v1.3,EUF_PA-SPn_FLUXNET_2007-2009_v1.3_r1.zip,S5_n_nsdmDH3A4K0uyIhcfyM
PA-SPs,30,2220.400633333333,4,2387.0805,13,6.695692307692307,2454.183692307692,48,13,0.7291666666666667,2671,2350,FALSE,0.8312993760139772,0.9301741744081664,0.9047410103379301,0.9448513333333333,FALSE,FALSE,ICOS,EUF,v1.3,EUF_PA-SPs_FLUXNET_2007-2010_v1.3_r1.zip,IgPrzHJAztMihbt5A6F8ftZP
PE-QFR,30,10291.840033333334,3,10147.889,36,27.749777777777776,10147.889,36,36,0,2705,NA,TRUE,3.804746777572397,1.0141853180827396,1.0141853180827396,NA,FALSE,FALSE,AmeriFlux,AMF,v1.3,AMF_PE-QFR_FLUXNET_2018-2022_v1.3_r1.zip,10.17190/AMF/1832157
PR-xGU,30,673.1688333333334,2,706.636,NA,NA,NA,24,0,1,1027,1168,FALSE,0.6554711132749108,0.9526387465871162,NA,0.5763431792237443,TRUE,FALSE,AmeriFlux,AMF,v1.3,AMF_PR-xGU_FLUXNET_2019-2024_v1.3_r1.zip,10.17190/AMF/3365270
PR-xLA,30,964.7648333333333,2,1024.2224999999999,NA,NA,NA,24,0,1,1047,1168,FALSE,0.9214563833174148,0.9419484861280957,NA,0.8259972888127853,TRUE,FALSE,AmeriFlux,AMF,v1.3,AMF_PR-xLA_FLUXNET_2019-2024_v1.3_r1.zip,10.17190/AMF/3010288
RU-Ch2,30,170.49943333333334,7,201.27828571428574,3,0.31533333333333335,116.45599999999999,84,3,0.9642857142857143,171,200,FALSE,0.9970727095516569,0.8470830955672837,1.4640674017082276,0.8524971666666668,TRUE,FALSE,ICOS,EUF,v1.3,EUF_RU-Ch2_FLUXNET_2014-2021_v1.3_r1.zip,3xSmQwrTa-Ufn-rKi86qwxkR
RU-Che,30,109.45376666666667,8,118.71374999999999,6,0.19016666666666665,69.22399999999999,96,6,0.9375,171,197,FALSE,0.6400805068226121,0.9219973816568567,1.5811534535228633,0.5556028764805414,TRUE,FALSE,ICOS,EUF,v1.3,EUF_RU-Che_FLUXNET_2013-2021_v1.3_r1.zip,UMw2SbLULWP0FP70WzGnJ08C
RU-Ege,30,1349.8303666666666,9,1366.6536666666666,108,3.7270462962962965,1366.6536666666666,108,108,0,324,312,FALSE,4.166143106995884,0.9876901511989992,0.9876901511989992,4.32637938034188,FALSE,FALSE,ICOS,JPF,v1.3,JPF_RU-Ege_FLUXNET_2010-2018_v1.3_r1.zip,b5nU8v8vNcUd71xRKtWQdbLl
RU-Fy2,30,585.4687,6,579.4743333333333,4,1.2125,440.091,72,4,0.9444444444444444,695,711,FALSE,0.8424010071942446,1.0103444903800745,1.330335544239714,0.8234440225035162,TRUE,FALSE,ICOS,EUF,v1.3,EUF_RU-Fy2_FLUXNET_2015-2024_v1.3_r1.zip,Vh2pWjfw5HPNZJDA6XfQSvcP
RU-Fy3,30,712.9970666666667,3,710.6089999999999,12,1.6438333333333333,600.056,36,12,0.6666666666666667,687,955,FALSE,1.0378414361960213,1.0033605916427555,1.1882175441403247,0.7465937870855148,FALSE,FALSE,ICOS,EUF,v1.3,EUF_RU-Fy3_FLUXNET_2016-2018_v1.3_r1.zip,U-mck6ENkctdQRlTnynkSDWV
RU-Fy4,30,452.93016666666665,6,445.09333333333336,11,0.9580909090909091,347.76763636363637,72,11,0.8472222222222222,690,778,FALSE,0.6564205314009661,1.0176071685339403,1.3023930904055407,0.5821724507283633,TRUE,FALSE,ICOS,EUF,v1.3,EUF_RU-Fy4_FLUXNET_2015-2020_v1.3_r1.zip,hItM4WCQqnQ68mQo9OvhTd6F
RU-Fyo,30,557.2262666666667,23,552.3423913043479,31,1.3959032258064517,508.8356129032258,276,31,0.8876811594202898,689,711,FALSE,0.8087463957426222,1.0088421157586431,1.0951007605134826,0.7837218940459447,FALSE,FALSE,ICOS,EUF,v1.3,EUF_RU-Fyo_FLUXNET_1998-2024_v1.3_r1.zip,GW1i5FQInU-IW_0iisGVDXW3
RU-Ha1,30,377.7314666666667,3,400.2463333333334,13,0.5423846153846154,196.572,36,13,0.6388888888888888,459,NA,FALSE,0.8229443718228032,0.9437474755129965,1.9215934449802956,NA,FALSE,FALSE,ICOS,EUF,v1.3,EUF_RU-Ha1_FLUXNET_2002-2004_v1.3_r1.zip,f8QnEpCdYzurGpSNcvdrv03n
RU-NeB,30,1069.2168666666666,2,1152.9769999999999,24,3.1450833333333335,1152.977,24,24,0,253,235,FALSE,4.226153623188406,0.9273531620029426,0.9273531620029425,4.5498590070921985,FALSE,FALSE,ICOS,JPF,v1.3,JPF_RU-NeB_FLUXNET_1999-2000_v1.3_r1.zip,62X8tlaZVNU1oh_okQKPco3F
RU-NeC,30,1069.2168666666666,6,1079.1725000000001,72,2.9415416666666667,1079.1725000000001,72,72,0,256,235,FALSE,4.176628385416667,0.9907747525689049,0.9907747525689049,4.5498590070921985,FALSE,FALSE,ICOS,JPF,v1.3,JPF_RU-NeC_FLUXNET_2001-2006_v1.3_r1.zip,BGkXJsSt5UVy1vDEw7Z30_7v
RU-NeF,30,1069.2168666666666,7,1081.135142857143,84,2.946964285714286,1081.135142857143,84,84,0,253,235,FALSE,4.226153623188406,0.9889761457952615,0.9889761457952615,4.5498590070921985,FALSE,FALSE,ICOS,JPF,v1.3,JPF_RU-NeF_FLUXNET_2000-2006_v1.3_r1.zip,MTJpX3fgVsWfWNXaw59q41td
RU-Sk2,30,1018.6925,5,1178.1612,60,3.207683333333333,1178.1612,60,60,0,246,NA,FALSE,4.141026422764227,0.8646461112452184,0.8646461112452184,NA,FALSE,FALSE,ICOS,JPF,v1.3,JPF_RU-Sk2_FLUXNET_2004-2008_v1.3_r1.zip,gHfX6bXPIDHzHbwVE7gWolFT
RU-SkP,30,1069.2126666666666,11,1132.407,132,3.084348484848485,1132.407,132,132,0,252,NA,FALSE,4.242907407407407,0.9441946814764185,0.9441946814764185,NA,FALSE,FALSE,ICOS,JPF,v1.3,JPF_RU-SkP_FLUXNET_2004-2014_v1.3_r1.zip,EQli39tXbluFl81vRolYNGMQ
RU-Tur,30,1764.6893,1,1580.5529999999999,12,4.308916666666667,1580.5529999999999,12,12,0,380,317,FALSE,4.643919210526316,1.116501186610003,1.116501186610003,5.566843217665615,FALSE,FALSE,ICOS,JPF,v1.3,JPF_RU-Tur_FLUXNET_2004-2004_v1.3_r1.zip,Rd4_p0MUa-ttK6FzOMLontdl
SD-Dem,30,320.2158,3,287.58799999999997,1,1.612,580.3199999999999,36,1,0.9722222222222222,291,320,FALSE,1.1003979381443298,1.1134532734328277,0.5517917700578991,1.000674375,TRUE,FALSE,ICOS,EUF,v1.3,EUF_SD-Dem_FLUXNET_2007-2009_v1.3_r1.zip,fVuGjYQ3WMlneX1PCnbxiEaR
SE-Deg,30,551.8517,2,631.9875,18,1.5001666666666666,548.23,24,18,0.25,608,523,FALSE,0.9076508223684211,0.8732003401966021,1.0066061689436916,1.0551657743785852,FALSE,FALSE,ICOS,ICOS,v1.3,ICOS_SE-Deg_FLUXNET_2019-2024_v1.3_r1.zip,IiyJGdmPkDhdItxg1_8lgLFp
SE-HfM,30,453.6553,1,704.154,3,1.1186666666666667,405.992,12,3,0.75,635,645,FALSE,0.7144177952755906,0.6442558019978585,1.1173996039330825,0.7033415503875969,TRUE,FALSE,ICOS,EUF,v1.3,EUF_SE-HfM_FLUXNET_2020-2023_v1.3_r1.zip,d2E6mfPz9El6AVmc8bV_2xnA
SE-Hmr,30,543.2816666666666,1,697.4530000000001,3,1.3396666666666668,486.196,12,3,0.75,635,645,FALSE,0.8555616797900262,0.77895093528405,1.1174128677872024,0.8422971576227389,TRUE,FALSE,ICOS,EUF,v1.3,EUF_SE-Hmr_FLUXNET_2020-2023_v1.3_r1.zip,Z3YbTS2DrdSQ0M2ee0yvjl1R
SE-Htm,30,866.0847,3,824.5733333333333,3,1.9829999999999999,725.424,36,3,0.9166666666666666,864,707,FALSE,1.0024128472222222,1.0503428439758744,1.1939013597565011,1.225013719943423,TRUE,FALSE,ICOS,ICOS,v1.3,ICOS_SE-Htm_FLUXNET_2018-2024_v1.3_r1.zip,8hMY0lY7kERIfokXkEpev-03
SE-Nor,30,544.4536666666667,3,587.1926666666667,13,1.3922307692307692,510.1707692307692,36,13,0.6388888888888888,599,586,FALSE,0.908937673900946,0.9272146904650261,1.06719886654343,0.9291018202502844,FALSE,FALSE,ICOS,ICOS,v1.3,ICOS_SE-Nor_FLUXNET_2018-2024_v1.3_r1.zip,TQJ13O19n72qJ3MoGHnXCdRB
SE-Ros,30,619.4648333333333,7,629.074,6,1.395,501.818,84,6,0.9285714285714286,644,NA,FALSE,0.9619019151138717,0.9847249025286904,1.2344412383241201,NA,TRUE,FALSE,ICOS,EUF,v1.3,EUF_SE-Ros_FLUXNET_2014-2020_v1.3_r1.zip,zCQ_a4ZQA3TU9BlDvoZorna3
SE-Srj,30,512.0480333333334,1,694.284,3,1.2626666666666666,458.24800000000005,12,3,0.75,608,645,FALSE,0.8421842653508772,0.7375195645201867,1.1174037493526068,0.7938729198966409,TRUE,FALSE,ICOS,EUF,v1.3,EUF_SE-Srj_FLUXNET_2020-2023_v1.3_r1.zip,SYMcSsHs0Hu8XkbwZd8W8lg7
SE-St1,30,205.1934,8,215.46137499999998,26,0.5497307692307692,200.90492307692307,96,26,0.7291666666666667,379,303.3,FALSE,0.5414073878627969,0.9523442426745862,1.0213458030664333,0.676536102868447,FALSE,FALSE,ICOS,EUF,v1.3,EUF_SE-St1_FLUXNET_2012-2019_v1.3_r1.zip,QnQ0hNAqbtj_erSyXrx7UQOl
SE-Sto,30,390.507,NA,NA,NA,NA,NA,NA,NA,NA,379,332,FALSE,1.0303614775725594,NA,NA,1.1762259036144578,TRUE,FALSE,ICOS,ICOS,v1.3,ICOS_SE-Sto_FLUXNET_2022-2024_v1.3_r1.zip,gROMoDY5jMLhMTRejjKXtC-s
SE-Svb,30,571.2178333333334,7,568.9691428571429,9,1.778,651.0946666666667,84,9,0.8928571428571429,622,614,FALSE,0.9183566452304395,1.0039522186825431,0.8773191712009109,0.9303222041259501,TRUE,FALSE,ICOS,ICOS,v1.3,ICOS_SE-Svb_FLUXNET_2014-2025_v1.3_r1.zip,6APPPkAwbCF69Dx4gIGfRo8j
SE-Trb,30,2565.8849,NA,NA,NA,NA,NA,NA,NA,NA,630,635,FALSE,4.072833174603175,NA,NA,4.040763622047244,TRUE,FALSE,ICOS,EUF,v1.3,EUF_SE-Trb_FLUXNET_2021-2023_v1.3_r1.zip,zZioWvKJVU9_vq3xFG9pr7F7
SJ-Adv,30,150.65223333333333,3,152.523,12,0.42933333333333334,156.4,36,12,0.6666666666666667,308,NA,FALSE,0.4891306277056277,0.9877345274701739,0.9632495737425404,NA,FALSE,FALSE,ICOS,EUF,v1.3,EUF_SJ-Adv_FLUXNET_2012-2014_v1.3_r1.zip,su1D8nSqFTMQqji9sxkE6BFD
SN-Dhr,30,379.9324,11,377.10263636363635,35,0.5195142857142857,189.84240000000003,132,35,0.7348484848484849,387,416,FALSE,0.9817374677002584,1.0075039614245362,2.001304239727268,0.9132990384615384,FALSE,FALSE,ICOS,EUF,v1.3,EUF_SN-Dhr_FLUXNET_2010-2022_v1.3_r1.zip,KdzlABR5BBUtxi1T7yzDK4_Z
SN-Nkr,30,570.6594,3,522.7606666666667,1,0.001,0.372,36,1,0.9722222222222222,529,584.7,FALSE,1.0787512287334593,1.0916265059472723,1534.0306451612903,0.9759866598255516,TRUE,FALSE,ICOS,EUF,v1.3,EUF_SN-Nkr_FLUXNET_2018-2024_v1.3_r1.zip,X5l5NTHw0ymH6hudWtJMskZe
TH-Kog,30,1857.1944333333333,9,1890.973888888889,10,3.5796,1310.7012,108,10,0.9074074074074074,1104,1756,FALSE,1.6822413345410627,0.9821364770005344,1.4169472289590743,1.057627809415338,TRUE,FALSE,ICOS,JPF,v1.3,JPF_TH-Kog_FLUXNET_2005-2013_v1.3_r1.zip,UeiwpE7b8yxM3HJis9B-clmg
TH-Mae,30,1320.5501,12,1324.4561666666666,21,3.8766190476190476,1423.1914285714286,144,21,0.8541666666666666,1122,1448,FALSE,1.1769608734402852,0.9970508146928733,0.9278794640616561,0.9119821132596685,FALSE,FALSE,ICOS,JPF,v1.3,JPF_TH-Mae_FLUXNET_2005-2016_v1.3_r1.zip,xAfMteUmc_R9X2IXVuuRkSa3
UK-AMo,30,1007.6969,18,1034.5278888888888,10,2.642,965.0964,216,10,0.9537037037037037,843,960,FALSE,1.1953699881376039,0.9740645088672225,1.0441411863105075,1.0496842708333334,TRUE,FALSE,ICOS,ICOS,v1.3,ICOS_UK-AMo_FLUXNET_2003-2024_v1.3_r1.zip,bUNge2BcADhYDR1h9NHDXbem
UK-Ags,30,1259.5997666666667,NA,NA,NA,NA,NA,NA,NA,NA,984,1301,FALSE,1.280081063685637,NA,NA,0.9681781450166539,TRUE,FALSE,ICOS,EUF,v1.3,EUF_UK-Ags_FLUXNET_2023-2024_v1.3_r1.zip,84y7MrbQ3ZSBKr4Kv-0_fdiY
UK-BnB,30,1000.1563666666667,NA,NA,NA,NA,NA,NA,NA,NA,1138,1263.7,FALSE,0.8788720269478618,NA,NA,0.7914507926459339,TRUE,FALSE,ICOS,EUF,v1.3,EUF_UK-BnB_FLUXNET_2021-2024_v1.3_r1.zip,QBlY2INal0mc2mRsgN9Wr_CV
UK-CCr,30,1243.8746,NA,NA,NA,NA,NA,NA,NA,NA,1482,1552,FALSE,0.8393215924426451,NA,NA,0.8014655927835053,TRUE,FALSE,ICOS,EUF,v1.3,EUF_UK-CCr_FLUXNET_2022-2024_v1.3_r1.zip,LrO8fItItMas7E62Hm_A032I
UK-Cvn,30,611.6592,NA,NA,NA,NA,NA,NA,NA,NA,551,833.4,FALSE,1.1100892921960073,NA,NA,0.733932325413967,TRUE,FALSE,ICOS,EUF,v1.3,EUF_UK-Cvn_FLUXNET_2023-2024_v1.3_r1.zip,37X3GrWRM7AEcdIt8WRasg1l
UK-GaB,30,979.9505333333333,NA,NA,NA,NA,NA,NA,NA,NA,1170,1502,FALSE,0.8375645584045583,NA,NA,0.6524304482911673,TRUE,FALSE,ICOS,EUF,v1.3,EUF_UK-GaB_FLUXNET_2022-2024_v1.3_r1.zip,3ur3ylHM5TMBuyVRXci8ohT_
UK-Gnn,30,1232.0132333333333,NA,NA,NA,NA,NA,NA,NA,NA,1449,1389,FALSE,0.8502506786289395,NA,NA,0.8869785697144229,TRUE,FALSE,ICOS,EUF,v1.3,EUF_UK-Gnn_FLUXNET_2022-2024_v1.3_r1.zip,rr5GFzsDarjbHdARWXryBopk
UK-Gwr,30,1531.2825666666665,NA,NA,NA,NA,NA,NA,NA,NA,1278,1274.5,FALSE,1.1981866718831506,NA,NA,1.2014771021315547,TRUE,FALSE,ICOS,EUF,v1.3,EUF_UK-Gwr_FLUXNET_2022-2024_v1.3_r1.zip,kdw13mqVIM_fuCSUoFjwLTBX
UK-HgF,30,608.0013666666666,NA,NA,NA,NA,NA,NA,NA,NA,616,860.12,FALSE,0.9870152056277056,NA,NA,0.7068796989567346,TRUE,FALSE,ICOS,EUF,v1.3,EUF_UK-HgF_FLUXNET_2023-2024_v1.3_r1.zip,0bh_V0qcsU1jVRdLmTN38MrV
UK-HpF,30,624.1721333333332,NA,NA,NA,NA,NA,NA,NA,NA,581,832.4,FALSE,1.0743065978198507,NA,NA,0.749846387954509,TRUE,FALSE,ICOS,EUF,v1.3,EUF_UK-HpF_FLUXNET_2023-2024_v1.3_r1.zip,9XNveiBJ_2A4uYC0hHFDy3RS
US-A03,30,904.299,6,1018.0738333333334,72,2.7832916666666665,1018.0738333333334,72,72,0,146,115.1,FALSE,6.1938287671232874,0.8882450077703925,0.8882450077703925,7.856637706342311,FALSE,FALSE,AmeriFlux,AMF,v1.3,AMF_US-A03_FLUXNET_2015-2021_v1.3_r1.zip,10.17190/AMF/3365269
US-A10,30,914.8648666666667,10,997.0671,120,2.724858333333333,997.0671,120,120,0,107,115.1,FALSE,8.550138940809969,0.9175559665609935,0.9175559665609935,7.948434984071822,FALSE,FALSE,AmeriFlux,AMF,v1.3,AMF_US-A10_FLUXNET_2011-2022_v1.3_r1.zip,10.17190/AMF/3025776
US-A32,30,796.7446,3,824.0236666666667,12,2.21275,813.81,36,12,0.6666666666666667,816,889,FALSE,0.9764026960784313,0.9668952873926355,0.9790302404738207,0.8962256467941507,FALSE,FALSE,AmeriFlux,AMF,v1.3,AMF_US-A32_FLUXNET_2015-2017_v1.3_r1.zip,10.17190/AMF/1881568
US-A37,30,28.1835,NA,NA,NA,NA,NA,NA,NA,NA,822,NA,FALSE,0.03428649635036496,NA,NA,NA,TRUE,FALSE,AmeriFlux,AMF,v1.3,AMF_US-A37_FLUXNET_2024-2024_v1.3_r1.zip,10.17190/AMF/2571154
US-A39,30,28.21343333333333,NA,NA,NA,NA,NA,NA,NA,NA,999,965,FALSE,0.028241675008341672,NA,NA,0.029236718480138167,TRUE,FALSE,AmeriFlux,AMF,v1.3,AMF_US-A39_FLUXNET_2024-2024_v1.3_r1.zip,10.17190/AMF/2571116
US-A74,30,334.8814,2,340.7205,3,0.18033333333333332,65.92,24,3,0.875,823,889,FALSE,0.4069032806804374,0.9828624928643859,5.080118325242718,0.3766944881889764,TRUE,FALSE,AmeriFlux,AMF,v1.3,AMF_US-A74_FLUXNET_2016-2017_v1.3_r1.zip,10.17190/AMF/2006963
US-ABa,30,1163.3433,3,1115.6509999999998,6,3.5865,1299.714,36,6,0.8333333333333334,1206,1371,FALSE,0.9646296019900498,1.0427484042948916,0.8950763783416967,0.8485363238512035,TRUE,FALSE,AmeriFlux,AMF,v1.3,AMF_US-ABa_FLUXNET_2013-2015_v1.3_r1.zip,10.17190/AMF/3365279
US-ABb,30,1387.2422333333334,3,1330.363,6,4.276666666666666,1549.8200000000002,36,6,0.8333333333333334,1206,1371,FALSE,1.1502837755666115,1.042754671719924,0.8950989362205503,1.011846997325553,TRUE,FALSE,AmeriFlux,AMF,v1.3,AMF_US-ABb_FLUXNET_2013-2015_v1.3_r1.zip,10.17190/AMF/3365280
US-ABc,30,1262.7893333333334,3,1211.1413333333335,7,3.759142857142857,1366.3337142857142,36,7,0.8055555555555556,1206,1371,FALSE,1.0470889994472083,1.0426440734689923,0.9242173563677953,0.9210717238025772,TRUE,FALSE,AmeriFlux,AMF,v1.3,AMF_US-ABc_FLUXNET_2013-2015_v1.3_r1.zip,10.17190/AMF/3365281
US-ABd,30,1254.9155,3,1203.4493333333335,6,3.8688333333333333,1402.03,36,6,0.8333333333333334,1213,1371,FALSE,1.0345552349546578,1.0427655450388715,0.8950703622604367,0.9153285922684172,TRUE,FALSE,AmeriFlux,AMF,v1.3,AMF_US-ABd_FLUXNET_2013-2015_v1.3_r1.zip,10.17190/AMF/3365282
US-ABe,30,4224.1391,3,4050.9973333333332,36,11.107694444444444,4050.9973333333337,36,36,0,1219,1371,FALSE,3.4652494667760463,1.0427405284229596,1.0427405284229596,3.081064259664479,FALSE,FALSE,AmeriFlux,AMF,v1.3,AMF_US-ABe_FLUXNET_2013-2015_v1.3_r1.zip,10.17190/AMF/3365278
US-ADR,30,137.15643333333333,7,99.77128571428571,18,0.24861111111111112,91.138,84,18,0.7857142857142857,108,110,FALSE,1.269966975308642,1.3747084880323903,1.5049313495285537,1.2468766666666666,FALSE,FALSE,AmeriFlux,AMF,v1.3,AMF_US-ADR_FLUXNET_2011-2017_v1.3_r1.zip,10.17190/AMF/3027322
US-ALQ,30,762.6937333333333,6,896.0661666666666,72,2.4481944444444443,896.0661666666667,72,72,0,808,NA,FALSE,0.9439278877887788,0.851157829304644,0.8511578293046439,NA,FALSE,FALSE,AmeriFlux,AMF,v1.3,AMF_US-ALQ_FLUXNET_2015-2025_v1.3_r1.zip,10.17190/AMF/2006964
US-AR1,30,671.5477666666667,4,500.49325,3,0.8699999999999999,320.676,48,3,0.9375,584,NA,FALSE,1.1499105593607306,1.3417718753782728,2.0941628518088873,NA,TRUE,FALSE,AmeriFlux,AMF,v1.3,AMF_US-AR1_FLUXNET_2009-2012_v1.3_r1.zip,10.17190/AMF/2006965
US-AR2,30,553.886,4,414.34275,7,0.6238571428571429,228.73885714285717,48,7,0.8541666666666666,600,NA,FALSE,0.9231433333333333,1.3367821688686479,2.421477517718271,NA,TRUE,FALSE,AmeriFlux,AMF,v1.3,AMF_US-AR2_FLUXNET_2009-2012_v1.3_r1.zip,10.17190/AMF/2006966
US-ARM,30,633.0905666666666,18,642.5177222222222,14,1.8102142857142858,664.0362857142858,216,14,0.9351851851851852,859,843,FALSE,0.7370088086922778,0.9853277890562292,0.9533975481259557,0.7509971134835903,FALSE,FALSE,AmeriFlux,AMF,v1.3,AMF_US-ARM_FLUXNET_2003-2025_v1.3_r1.zip,10.17190/AMF/1854366
US-ARb,30,1120.4619666666667,2,747.4755,4,3.20925,1166.481,24,4,0.8333333333333334,793,NA,FALSE,1.4129406893652796,1.4989949057416152,0.9605488359147442,NA,TRUE,FALSE,AmeriFlux,AMF,v1.3,AMF_US-ARb_FLUXNET_2005-2006_v1.3_r1.zip,10.17190/AMF/2006967
US-ARc,30,1192.0474333333334,2,794.9785000000002,4,3.41425,1240.9950000000001,24,4,0.8333333333333334,793,NA,FALSE,1.503212400168138,1.4994712854917878,0.9605578050945679,NA,TRUE,FALSE,AmeriFlux,AMF,v1.3,AMF_US-ARc_FLUXNET_2005-2006_v1.3_r1.zip,10.17190/AMF/2006968
US-ASH,30,1028.2872666666667,1,1008.97,12,2.7296666666666667,1008.97,12,12,0,175,210,FALSE,5.8759272380952385,1.0191455312513422,1.0191455312513422,4.896606031746032,FALSE,FALSE,AmeriFlux,AMF,v1.3,AMF_US-ASH_FLUXNET_2016-2016_v1.3_r1.zip,10.17190/AMF/2469443
US-ASM,30,1028.2872666666667,1,1008.97,12,2.7296666666666667,1008.97,12,12,0,175,210,FALSE,5.8759272380952385,1.0191455312513422,1.0191455312513422,4.896606031746032,FALSE,FALSE,AmeriFlux,AMF,v1.3,AMF_US-ASM_FLUXNET_2016-2016_v1.3_r1.zip,10.17190/AMF/2469444
US-Akn,30,45.66973333333333,10,46.9629,60,0.12190000000000001,44.388400000000004,120,60,0.5,1195,NA,FALSE,0.03821735006973501,0.9724640798019998,1.0288664005310695,NA,FALSE,FALSE,AmeriFlux,AMF,v1.3,AMF_US-Akn_FLUXNET_2011-2022_v1.3_r1.zip,10.17190/AMF/2469442
US-Aud,30,411.84526666666665,19,386.7595789473684,5,0.2516,88.9032,228,5,0.9780701754385965,462,438.35,FALSE,0.8914399711399711,1.0648611930635905,4.63251341534013,0.93953522679746,TRUE,FALSE,AmeriFlux,AMF,v1.3,AMF_US-Aud_FLUXNET_2002-2024_v1.3_r1.zip,10.17190/AMF/3365264
US-BRG,30,4220.8321,4,4770.3625,47,13.16927659574468,4801.646553191489,48,47,0.02083333333333337,1103,1200,FALSE,3.826683680870353,0.8848032198810886,0.8790384825793889,3.517360083333333,FALSE,FALSE,AmeriFlux,AMF,v1.3,AMF_US-BRG_FLUXNET_2017-2020_v1.3_r1.zip,10.17190/AMF/2006970
US-BZB,30,232.59470000000002,10,264.8623,12,0.5565833333333333,203.40499999999997,120,12,0.9,294,274,FALSE,0.7911384353741497,0.8781721671978232,1.1435053218947422,0.8488857664233578,FALSE,FALSE,AmeriFlux,AMF,v1.3,AMF_US-BZB_FLUXNET_2011-2025_v1.3_r1.zip,10.17190/AMF/1881569
US-BZF,30,220.65093333333334,10,261.17650000000003,16,0.45249999999999996,164.34375,120,16,0.8666666666666667,294,274,FALSE,0.7505133786848073,0.8448345595156276,1.3426183431577614,0.8052953771289538,FALSE,FALSE,AmeriFlux,AMF,v1.3,AMF_US-BZF_FLUXNET_2011-2025_v1.3_r1.zip,10.17190/AMF/1881570
US-BZo,30,158.46103333333335,3,357.55100000000004,3,0.363,128.196,36,3,0.9166666666666666,294,274,FALSE,0.5389831065759637,0.44318442217567094,1.2360840691857262,0.5783249391727494,TRUE,FALSE,AmeriFlux,AMF,v1.3,AMF_US-BZo_FLUXNET_2018-2025_v1.3_r1.zip,10.17190/AMF/1881571
US-Bar,30,1160.2874,17,1207.9295882352942,3,1.2186666666666666,442.64,204,3,0.9852941176470589,1233,1245.77,FALSE,0.9410278994322789,0.9605588035103135,2.6212890836797396,0.9313817157260168,TRUE,FALSE,AmeriFlux,AMF,v1.3,AMF_US-Bar_FLUXNET_2004-2023_v1.3_r1.zip,10.17190/AMF/2006969
US-Bi1,30,362.50073333333336,5,380.6626,7,1.3407142857142857,495.7011428571428,60,7,0.8833333333333333,386,338,FALSE,0.9391210708117445,0.9522888072884842,0.73128887951304,1.0724873767258383,TRUE,FALSE,AmeriFlux,AMF,v1.3,AMF_US-Bi1_FLUXNET_2016-2024_v1.3_r1.zip,10.17190/AMF/1871134
US-Bi2,30,323.395,4,351.5065,3,4.060333333333333,1449.868,48,3,0.9375,379,338,FALSE,0.8532849604221635,0.9200256609763973,0.2230513398461101,0.9567899408284023,TRUE,FALSE,AmeriFlux,AMF,v1.3,AMF_US-Bi2_FLUXNET_2017-2025_v1.3_r1.zip,10.17190/AMF/1871135
US-CAK,30,340.08683333333335,NA,NA,NA,NA,NA,NA,NA,NA,413,NA,FALSE,0.823454802259887,NA,NA,NA,TRUE,FALSE,AmeriFlux,AMF,v1.3,AMF_US-CAK_FLUXNET_2024-2025_v1.3_r1.zip,10.17190/AMF/2571153
US-CF1,30,8.998866666666666,4,15.766999999999998,4,0.04775,17.133,48,4,0.9166666666666666,611,550,FALSE,0.014728096017457719,0.570740576309169,0.5252358995311193,0.016361575757575755,TRUE,FALSE,AmeriFlux,AMF,v1.3,AMF_US-CF1_FLUXNET_2017-2021_v1.3_r1.zip,10.17190/AMF/1832158
US-CF2,30,14.574033333333333,4,19.466749999999998,4,0.07725,27.723,48,4,0.9166666666666666,583,550,FALSE,0.02499834190966266,0.7486628909978982,0.5257018841154757,0.026498242424242424,TRUE,FALSE,AmeriFlux,AMF,v1.3,AMF_US-CF2_FLUXNET_2017-2020_v1.3_r1.zip,10.17190/AMF/1881573
US-CF3,30,15.796166666666666,4,24.1615,6,0.07616666666666666,27.607999999999997,48,6,0.875,559,550,FALSE,0.028257901013714965,0.6537742551855914,0.5721590360282044,0.02872030303030303,TRUE,FALSE,AmeriFlux,AMF,v1.3,AMF_US-CF3_FLUXNET_2017-2021_v1.3_r1.zip,10.17190/AMF/1881574
US-CF4,30,23.586000000000002,4,32.04925,6,0.114,41.318,48,6,0.875,559,550,FALSE,0.04219320214669052,0.7359298579529943,0.5708407957790794,0.04288363636363637,TRUE,FALSE,AmeriFlux,AMF,v1.3,AMF_US-CF4_FLUXNET_2017-2021_v1.3_r1.zip,10.17190/AMF/1881575
US-CGG,30,525.0985333333333,2,434.00249999999994,6,3.3150000000000004,1183.06,24,6,0.75,507,419,FALSE,1.0356973044049966,1.2098974852295399,0.44384776201826903,1.2532184566428002,TRUE,FALSE,AmeriFlux,AMF,v1.3,AMF_US-CGG_FLUXNET_2019-2024_v1.3_r1.zip,10.17190/AMF/2469446
US-CLF,30,603.9065333333333,4,686.4925000000001,6,1.6151666666666666,587.474,48,6,0.875,980,1050,FALSE,0.616231156462585,0.8796986614323292,1.0279715073915328,0.5751490793650793,TRUE,FALSE,AmeriFlux,AMF,v1.3,AMF_US-CLF_FLUXNET_2017-2020_v1.3_r1.zip,10.17190/AMF/3027355
US-CMW,30,278.78473333333335,20,260.24525,NA,NA,NA,240,0,1,352,288,FALSE,0.7920020833333333,1.0712385080355293,NA,0.9680025462962963,TRUE,FALSE,AmeriFlux,AMF,v1.3,AMF_US-CMW_FLUXNET_2001-2021_v1.3_r1.zip,10.17190/AMF/3028957
US-CRK,30,1013.1134333333333,NA,NA,NA,NA,NA,NA,NA,NA,1080,1148,FALSE,0.9380679938271604,NA,NA,0.8825029907084785,TRUE,FALSE,AmeriFlux,AMF,v1.3,AMF_US-CRK_FLUXNET_2022-2025_v1.3_r1.zip,10.17190/AMF/2571140
US-CRT,30,768.9276,3,810.9999999999999,NA,NA,NA,36,0,1,854,849,FALSE,0.900383606557377,0.9481228113440199,NA,0.9056862190812721,TRUE,FALSE,AmeriFlux,AMF,v1.3,AMF_US-CRT_FLUXNET_2011-2013_v1.3_r1.zip,10.17190/AMF/2006974
US-CS1,30,721.6422,2,898.6875,14,2.404357142857143,878.6305714285714,24,14,0.41666666666666663,808,830,FALSE,0.8931215346534653,0.8029957020655122,0.8213260765860639,0.8694484337349397,FALSE,FALSE,AmeriFlux,AMF,v1.3,AMF_US-CS1_FLUXNET_2018-2019_v1.3_r1.zip,10.17190/AMF/1881576
US-CS2,30,3231.0546666666664,3,3884.349,36,10.632722222222222,3884.3489999999997,36,36,0,809,830,FALSE,3.9938871034198598,0.8318136878706487,0.8318136878706488,3.892836947791164,FALSE,FALSE,AmeriFlux,AMF,v1.3,AMF_US-CS2_FLUXNET_2018-2022_v1.3_r1.zip,10.17190/AMF/1881577
US-CS3,30,994.6649666666667,2,1220.1515,11,3.220727272727273,1169.0367272727271,24,11,0.5416666666666667,814,830,FALSE,1.2219471334971335,0.8151979214602996,0.850841503489068,1.1983915261044178,TRUE,FALSE,AmeriFlux,AMF,v1.3,AMF_US-CS3_FLUXNET_2019-2020_v1.3_r1.zip,10.17190/AMF/1881578
US-CS4,30,909.2061,1,1103.3049999999998,3,1.9323333333333332,711.396,12,3,0.75,814,830,FALSE,1.1169608108108109,0.824075029117062,1.278059055715804,1.0954290361445782,TRUE,FALSE,AmeriFlux,AMF,v1.3,AMF_US-CS4_FLUXNET_2020-2021_v1.3_r1.zip,10.17190/AMF/1881579
US-CS5,30,1516.8692999999998,NA,NA,NA,NA,NA,NA,NA,NA,808,830,FALSE,1.8773134900990096,NA,NA,1.8275533734939757,TRUE,FALSE,AmeriFlux,AMF,v1.3,AMF_US-CS5_FLUXNET_2021-2021_v1.3_r1.zip,10.17190/AMF/2469447
US-CS6,30,829.1552333333333,NA,NA,NA,NA,NA,NA,NA,NA,818,830,FALSE,1.0136372045639772,NA,NA,0.9989822088353413,TRUE,FALSE,AmeriFlux,AMF,v1.3,AMF_US-CS6_FLUXNET_2022-2023_v1.3_r1.zip,10.17190/AMF/2469448
US-CS8,30,1571.122,NA,NA,NA,NA,NA,NA,NA,NA,822,830,FALSE,1.9113406326034064,NA,NA,1.8929180722891568,TRUE,FALSE,AmeriFlux,AMF,v1.3,AMF_US-CS8_FLUXNET_2023-2023_v1.3_r1.zip,10.17190/AMF/2469449
US-CdM,30,175.45656666666667,2,188.771,5,1.167,419.1912,24,5,0.7916666666666666,297,348,FALSE,0.5907628507295174,0.9294678031406661,0.4185597566615585,0.5041855363984674,TRUE,FALSE,AmeriFlux,AMF,v1.3,AMF_US-CdM_FLUXNET_2019-2024_v1.3_r1.zip,10.17190/AMF/2469445
US-Ced,30,1220.0665999999999,10,1206.483,6,3.0458333333333334,1104.586,120,6,0.95,1147,1138,FALSE,1.06370235396687,1.0112588407793561,1.104546499774576,1.0721147627416518,TRUE,FALSE,AmeriFlux,AMF,v1.3,AMF_US-Ced_FLUXNET_2005-2014_v1.3_r1.zip,10.17190/AMF/2006971
US-ChR,30,1399.8499,14,1391.7892857142856,NA,NA,NA,168,0,1,1241,1358.85,FALSE,1.1280015310233682,1.005791547879015,NA,1.0301724988041359,TRUE,FALSE,AmeriFlux,AMF,v1.3,AMF_US-ChR_FLUXNET_2006-2019_v1.3_r1.zip,10.17190/AMF/3027315
US-Cms,30,77.05356666666667,7,71.47457142857144,31,0.15848387096774194,58.01264516129032,84,31,0.6309523809523809,107,274,FALSE,0.7201267912772585,1.078055665484761,1.3282201915192386,0.28121739659367395,FALSE,FALSE,AmeriFlux,AMF,v1.3,AMF_US-Cms_FLUXNET_1999-2005_v1.3_r1.zip,10.17190/AMF/2571114
US-Cop,30,197.0277,7,195.57885714285715,27,0.6480370370370371,235.24488888888888,84,27,0.6785714285714286,330,NA,FALSE,0.5970536363636364,1.0074079728162262,0.8375429575987955,NA,FALSE,FALSE,AmeriFlux,AMF,v1.3,AMF_US-Cop_FLUXNET_2001-2007_v1.3_r1.zip,10.17190/AMF/2006972
US-Cst,30,1141.0507666666667,5,1101.0608,25,2.79056,1021.55376,60,25,0.5833333333333333,1409,1410,FALSE,0.8098302105512184,1.0363194899561103,1.1169757396484612,0.8092558628841608,FALSE,FALSE,AmeriFlux,AMF,v1.3,AMF_US-Cst_FLUXNET_2013-2017_v1.3_r1.zip,10.17190/AMF/2469450
US-Cwt,30,5593.431333333333,10,5811.3154,120,15.919866666666667,5811.3153999999995,120,120,0,1808,1800,TRUE,3.0937120206489674,0.9625069280069246,0.9625069280069248,3.1074618518518515,FALSE,FALSE,AmeriFlux,AMF,v1.3,AMF_US-Cwt_FLUXNET_2011-2024_v1.3_r1.zip,10.17190/AMF/3027331
US-DFC,30,745.6671,3,951.8399999999999,11,2.879909090909091,1050.756,36,11,0.6944444444444444,799,787,FALSE,0.9332504380475595,0.7833954236006052,0.7096481961559106,0.9474804320203304,TRUE,FALSE,AmeriFlux,AMF,v1.3,AMF_US-DFC_FLUXNET_2018-2024_v1.3_r1.zip,10.17190/AMF/2006975
US-DFK,30,3277.5183666666667,3,4042.7933333333335,36,11.068888888888889,4042.793333333333,36,36,0,799,787,FALSE,4.102025490196079,0.8107063845295085,0.8107063845295085,4.164572257518,FALSE,FALSE,AmeriFlux,AMF,v1.3,AMF_US-DFK_FLUXNET_2018-2020_v1.3_r1.zip,10.17190/AMF/2571122
US-DPW,30,3911.317466666667,4,3937.304,48,10.781,3937.304,48,48,0,1223,1142,FALSE,3.1981336603979287,0.9933999169651789,0.9933999169651789,3.424971511967309,FALSE,FALSE,AmeriFlux,AMF,v1.3,AMF_US-DPW_FLUXNET_2013-2016_v1.3_r1.zip,10.17190/AMF/2571121
US-DS1,30,1578.2313333333334,2,1851.0900000000001,6,5.083,1871.4319999999998,24,6,0.75,392,432,FALSE,4.026100340136055,0.8525956778618723,0.8433281750730636,3.6533132716049384,TRUE,FALSE,AmeriFlux,AMF,v1.3,AMF_US-DS1_FLUXNET_2018-2019_v1.3_r1.zip,10.17190/AMF/2571132
US-DS2,30,1542.8013666666666,1,661.097,2,1.5394999999999999,572.418,12,2,0.8333333333333334,392,432,FALSE,3.9357177721088434,2.3336989377756465,2.6952355912404338,3.571299459876543,TRUE,FALSE,AmeriFlux,AMF,v1.3,AMF_US-DS2_FLUXNET_2020-2023_v1.3_r1.zip,10.17190/AMF/2571148
US-DS3,30,419.11136666666664,NA,NA,NA,NA,NA,NA,NA,NA,373,432,FALSE,1.123622966934763,NA,NA,0.9701652006172838,TRUE,FALSE,AmeriFlux,AMF,v1.3,AMF_US-DS3_FLUXNET_2021-2025_v1.3_r1.zip,10.17190/AMF/2229376
US-Dix,30,1139.0100666666667,4,1139.296,NA,NA,NA,48,0,1,1153,1126.63,FALSE,0.987866493206129,0.9997490262992819,NA,1.0109885824686602,TRUE,FALSE,AmeriFlux,AMF,v1.3,AMF_US-Dix_FLUXNET_2005-2008_v1.3_r1.zip,10.17190/AMF/2007168
US-Dk1,30,1138.0428666666667,8,1054.074625,NA,NA,NA,96,0,1,1165,1169.75,FALSE,0.9768608297567954,1.0796606233326855,NA,0.972894094179668,TRUE,FALSE,AmeriFlux,AMF,v1.3,AMF_US-Dk1_FLUXNET_2001-2008_v1.3_r1.zip,10.17190/AMF/3027316
US-Dk2,30,1137.5497666666668,8,1053.624625,NA,NA,NA,96,0,1,1165,1168.69,FALSE,0.9764375679542204,1.0796537397430956,NA,0.9733545821960201,TRUE,FALSE,AmeriFlux,AMF,v1.3,AMF_US-Dk2_FLUXNET_2001-2008_v1.3_r1.zip,10.17190/AMF/3027317
US-Dk3,30,1136.6637666666666,8,1052.81,NA,NA,NA,96,0,1,1165,1169.69,FALSE,0.975677052932761,1.0796475780688506,NA,0.9717649690658777,TRUE,FALSE,AmeriFlux,AMF,v1.3,AMF_US-Dk3_FLUXNET_2001-2008_v1.3_r1.zip,10.17190/AMF/3027318
US-Dmg,30,357.4943666666667,NA,NA,NA,NA,NA,NA,NA,NA,334,365,FALSE,1.0703424151696608,NA,NA,0.9794366210045662,TRUE,FALSE,AmeriFlux,AMF,v1.3,AMF_US-Dmg_FLUXNET_2021-2025_v1.3_r1.zip,10.17190/AMF/2469451
US-EA4,30,731.8793,NA,NA,NA,NA,NA,NA,NA,NA,854,836,FALSE,0.8570015222482434,NA,NA,0.8754537081339713,TRUE,FALSE,AmeriFlux,AMF,v1.3,AMF_US-EA4_FLUXNET_2021-2025_v1.3_r1.zip,10.17190/AMF/3027353
US-EA5,30,659.1300666666666,NA,NA,NA,NA,NA,NA,NA,NA,619,632,FALSE,1.064830479267636,NA,NA,1.0429273206751053,TRUE,FALSE,AmeriFlux,AMF,v1.3,AMF_US-EA5_FLUXNET_2021-2022_v1.3_r1.zip,10.17190/AMF/2571138
US-EA6,30,971.9215,NA,NA,NA,NA,NA,NA,NA,NA,668,703,FALSE,1.4549723053892216,NA,NA,1.3825341394025605,TRUE,FALSE,AmeriFlux,AMF,v1.3,AMF_US-EA6_FLUXNET_2023-2023_v1.3_r1.zip,10.17190/AMF/2571142
US-EDN,30,415.89750000000004,3,218.39066666666665,1,2.096,779.712,36,1,0.9722222222222222,398,NA,FALSE,1.0449685929648242,1.9043739659203998,0.5333988703521301,NA,TRUE,FALSE,AmeriFlux,AMF,v1.3,AMF_US-EDN_FLUXNET_2018-2024_v1.3_r1.zip,10.17190/AMF/1832159
US-EKH,30,16.56,NA,NA,NA,NA,NA,NA,NA,NA,553,894,FALSE,0.029945750452079565,NA,NA,0.018523489932885905,TRUE,FALSE,AmeriFlux,AMF,v1.3,AMF_US-EKH_FLUXNET_2022-2024_v1.3_r1.zip,10.17190/AMF/3027348
US-EKN,30,17.549833333333332,NA,NA,NA,NA,NA,NA,NA,NA,539,894,FALSE,0.0325599876314162,NA,NA,0.019630686055182697,TRUE,FALSE,AmeriFlux,AMF,v1.3,AMF_US-EKN_FLUXNET_2023-2024_v1.3_r1.zip,10.17190/AMF/3027358
US-EKP,30,13.200566666666667,NA,NA,NA,NA,NA,NA,NA,NA,539,894,FALSE,0.024490847247990107,NA,NA,0.014765734526472781,TRUE,FALSE,AmeriFlux,AMF,v1.3,AMF_US-EKP_FLUXNET_2022-2024_v1.3_r1.zip,10.17190/AMF/3027349
US-EML,30,2134.550333333333,13,2182.912384615385,156,5.958660256410257,2182.912384615385,156,156,0,424,378,FALSE,5.0343168238993705,0.9778451706889864,0.9778451706889864,5.646958553791887,FALSE,FALSE,AmeriFlux,AMF,v1.3,AMF_US-EML_FLUXNET_2008-2023_v1.3_r1.zip,10.17190/AMF/2007170
US-Elm,30,1087.0007,13,1206.1335384615386,6,1.9471666666666667,704.828,156,6,0.9615384615384616,1343,NA,FALSE,0.8093825018615042,0.9012274887791477,1.5422212227664056,NA,TRUE,FALSE,AmeriFlux,AMF,v1.3,AMF_US-Elm_FLUXNET_2008-2024_v1.3_r1.zip,10.17190/AMF/2007169
US-Esm,30,1081.8721333333333,13,1318.8667692307693,1,5.236,1947.792,156,1,0.9935897435897436,1405,NA,FALSE,0.7700157532621589,0.8203043389775728,0.5554351457102881,NA,TRUE,FALSE,AmeriFlux,AMF,v1.3,AMF_US-Esm_FLUXNET_2008-2024_v1.3_r1.zip,10.17190/AMF/2007171
US-EvM,30,1184.8167,1,1515.605,4,1.27375,456.12,12,4,0.6666666666666667,1377,1200,FALSE,0.8604333333333334,0.7817450457078197,2.5975986582478297,0.9873472500000001,TRUE,FALSE,AmeriFlux,AMF,v1.3,AMF_US-EvM_FLUXNET_2020-2023_v1.3_r1.zip,10.17190/AMF/2571136
US-Fcr,30,259.7326,4,253.70225,9,0.39811111111111114,144.45600000000002,48,9,0.8125,294,NA,FALSE,0.8834442176870748,1.0237693989706438,1.7980049288364621,NA,TRUE,FALSE,AmeriFlux,AMF,v1.3,AMF_US-Fcr_FLUXNET_2011-2014_v1.3_r1.zip,10.17190/AMF/2007172
US-Fmf,30,543.0659666666667,6,580.0816666666667,7,1.6351428571428572,588.3377142857144,72,7,0.9027777777777778,561,546,FALSE,0.9680320261437908,0.9361888124947924,0.9230514268934621,0.9946263125763126,TRUE,FALSE,AmeriFlux,AMF,v1.3,AMF_US-Fmf_FLUXNET_2005-2010_v1.3_r1.zip,10.17190/AMF/2007173
US-Fo1,30,57.956199999999995,8,60.772499999999994,82,0.17576829268292682,64.30243902439024,96,82,0.14583333333333337,166,NA,FALSE,0.349133734939759,0.9536583158500967,0.901306402670308,NA,FALSE,FALSE,AmeriFlux,AMF,v1.3,AMF_US-Fo1_FLUXNET_2013-2024_v1.3_r1.zip,10.17190/AMF/3027356
US-Fo2,30,63.41126666666667,NA,NA,NA,NA,NA,NA,NA,NA,167,NA,FALSE,0.37970818363273456,NA,NA,NA,TRUE,FALSE,AmeriFlux,AMF,v1.3,AMF_US-Fo2_FLUXNET_2023-2024_v1.3_r1.zip,10.17190/AMF/3365273
US-Fuf,30,640.0857666666666,6,672.3383333333333,12,2.75325,992.4830000000001,72,12,0.8333333333333334,580,562,FALSE,1.1035961494252873,0.9520292610615191,0.6449337335416995,1.1389426453143534,FALSE,FALSE,AmeriFlux,AMF,v1.3,AMF_US-Fuf_FLUXNET_2005-2010_v1.3_r1.zip,10.17190/AMF/2007174
US-Fwf,30,498.22723333333334,6,526.6806666666666,7,1.7045714285714286,614.4805714285715,72,7,0.9027777777777778,526,557,FALSE,0.9472000633713562,0.9459759297537661,0.8108103925483482,0.8944833632555357,TRUE,FALSE,AmeriFlux,AMF,v1.3,AMF_US-Fwf_FLUXNET_2005-2010_v1.3_r1.zip,10.17190/AMF/2469452
US-GLE,30,1379.5923,16,1350.92075,48,3.559,1302.47575,192,48,0.75,510,1200,FALSE,2.7050829411764705,1.0212237098290184,1.0592076666302617,1.14966025,FALSE,FALSE,AmeriFlux,AMF,v1.3,AMF_US-GLE_FLUXNET_2005-2020_v1.3_r1.zip,10.17190/AMF/1871136
US-HB1,30,647.0659333333333,3,748.6593333333333,NA,NA,NA,36,0,1,1372,1429,FALSE,0.4716224003887269,0.8642995612601726,NA,0.45281031024026125,TRUE,FALSE,AmeriFlux,AMF,v1.3,AMF_US-HB1_FLUXNET_2018-2024_v1.3_r1.zip,10.17190/AMF/1832160
US-HB2,30,1335.0056,3,1392.0503333333334,7,3.9805714285714284,1456.2805714285714,36,7,0.8055555555555556,1370,1429,FALSE,0.9744566423357663,0.9590210698798965,0.9167227979223783,0.9342236529041288,TRUE,FALSE,AmeriFlux,AMF,v1.3,AMF_US-HB2_FLUXNET_2018-2024_v1.3_r1.zip,10.17190/AMF/2229377
US-HB3,30,1842.267,2,1477.9604999999997,NA,NA,NA,24,0,1,1370,1429,FALSE,1.3447204379562043,1.2464927174982015,NA,1.2892001399580126,TRUE,FALSE,AmeriFlux,AMF,v1.3,AMF_US-HB3_FLUXNET_2019-2024_v1.3_r1.zip,10.17190/AMF/2229378
US-HB4,30,658044.5751,1,2016.11,NA,NA,NA,12,0,1,1350,1429,TRUE,487.440426,326.39319040131744,NA,460.4930546536039,TRUE,TRUE,AmeriFlux,AMF,v1.3,AMF_US-HB4_FLUXNET_2020-2024_v1.3_r1.zip,10.17190/AMF/2571130
US-HBK,30,4481.9504,5,4457.7108,60,12.204816666666666,4457.7108,60,60,0,1152,1400,FALSE,3.890581944444444,1.0054376789090937,1.0054376789090937,3.2013931428571425,FALSE,FALSE,AmeriFlux,AMF,v1.3,AMF_US-HBK_FLUXNET_2016-2024_v1.3_r1.zip,10.17190/AMF/3027326
US-HRA,30,530.8393333333333,6,646.6501666666667,23,1.6924347826086956,618.9699130434783,72,23,0.6805555555555556,1289,1250,FALSE,0.4118226014998707,0.8209065128208168,0.857617344796605,0.42467146666666666,FALSE,FALSE,AmeriFlux,AMF,v1.3,AMF_US-HRA_FLUXNET_2015-2024_v1.3_r1.zip,10.17190/AMF/3027341
US-HRC,30,504.8086333333333,6,580.9175,38,1.5290526315789474,560.2863157894737,72,38,0.4722222222222222,1289,1250,FALSE,0.3916281096457202,0.8689850681608546,0.9009833349615735,0.40384690666666667,FALSE,FALSE,AmeriFlux,AMF,v1.3,AMF_US-HRC_FLUXNET_2015-2024_v1.3_r1.zip,10.17190/AMF/3027321
US-HVs,30,1515.1631666666667,1,1669.291,12,4.5713333333333335,1669.2910000000002,12,12,0,196,217,FALSE,7.7304243197278915,0.9076686848887742,0.9076686848887741,6.982318740399386,FALSE,FALSE,AmeriFlux,AMF,v1.3,AMF_US-HVs_FLUXNET_1995-1995_v1.3_r1.zip,10.17190/AMF/2571115
US-HWB,30,1033.7404666666666,4,1104.8342499999999,10,3.5356,1284.8976,48,10,0.7916666666666666,1007,1006.35,FALSE,1.0265545845746442,0.9356520823523228,0.8045314013090744,1.027217634686408,TRUE,FALSE,AmeriFlux,AMF,v1.3,AMF_US-HWB_FLUXNET_2015-2018_v1.3_r1.zip,10.17190/AMF/1881582
US-Ha1,30,1210.9178333333334,30,1208.5954,168,3.1804166666666664,1162.4762142857144,360,168,0.5333333333333333,1103,1071,FALSE,1.0978402840737385,1.0019215970318383,1.0416710625579415,1.1306422346716465,FALSE,FALSE,AmeriFlux,AMF,v1.3,AMF_US-Ha1_FLUXNET_1991-2025_v1.3_r1.zip,10.17190/AMF/1871137
US-Hn2,30,42.84546666666667,4,51.11125,13,0.11738461538461538,43.02738461538462,48,13,0.7291666666666667,167,197,FALSE,0.25655968063872253,0.8382785916342619,0.9957720426109072,0.21748967851099832,FALSE,FALSE,AmeriFlux,AMF,v1.3,AMF_US-Hn2_FLUXNET_2015-2018_v1.3_r1.zip,10.17190/AMF/1902832
US-Hn3,30,13.158766666666667,2,15.457,20,0.04315,15.6288,24,20,0.16666666666666663,167,197,FALSE,0.07879500998003992,0.8513143990856353,0.8419563028938029,0.06679576988155668,FALSE,FALSE,AmeriFlux,AMF,v1.3,AMF_US-Hn3_FLUXNET_2017-2018_v1.3_r1.zip,10.17190/AMF/1881580
US-Ho2,30,796.8249,22,808.8375909090909,7,1.8615714285714287,681.3737142857143,264,7,0.9734848484848485,1062,1064,FALSE,0.7503059322033898,0.9851482039854388,1.169438860486882,0.7488955827067669,TRUE,FALSE,AmeriFlux,AMF,v1.3,AMF_US-Ho2_FLUXNET_1999-2025_v1.3_r1.zip,10.17190/AMF/1881581
US-Ho3,30,1118.2289666666666,18,1184.0871666666667,NA,NA,NA,216,0,1,1064,1072,FALSE,1.050967073934837,0.9443806149969532,NA,1.0431240360696517,TRUE,FALSE,AmeriFlux,AMF,v1.3,AMF_US-Ho3_FLUXNET_2003-2021_v1.3_r1.zip,10.17190/AMF/3365265
US-Hsm,30,505.5593,NA,NA,NA,NA,NA,NA,NA,NA,546,450,FALSE,0.9259327838827839,NA,NA,1.1234651111111111,TRUE,FALSE,AmeriFlux,AMF,v1.3,AMF_US-Hsm_FLUXNET_2021-2025_v1.3_r1.zip,10.17190/AMF/2571131
US-IAB,30,3589.859733333333,2,3525.6659999999997,24,9.637208333333334,3525.666,24,24,0,849,912,FALSE,4.228338908519827,1.0182075481152593,1.018207548115259,3.936249707602339,FALSE,FALSE,AmeriFlux,AMF,v1.3,AMF_US-IAB_FLUXNET_2019-2024_v1.3_r1.zip,10.17190/AMF/3027372
US-IAC,30,3589.859733333333,2,3525.6659999999997,24,9.637208333333334,3525.666,24,24,0,851,912,FALSE,4.218401566784175,1.0182075481152593,1.018207548115259,3.936249707602339,FALSE,FALSE,AmeriFlux,AMF,v1.3,AMF_US-IAC_FLUXNET_2019-2024_v1.3_r1.zip,10.17190/AMF/3027373
US-IAM,30,3589.859733333333,2,3525.6659999999997,24,9.637208333333334,3525.666,24,24,0,851,912,FALSE,4.218401566784175,1.0182075481152593,1.018207548115259,3.936249707602339,FALSE,FALSE,AmeriFlux,AMF,v1.3,AMF_US-IAM_FLUXNET_2019-2024_v1.3_r1.zip,10.17190/AMF/3027366
US-ICh,30,213.02486666666667,14,231.89164285714287,41,0.5815121951219512,213.29678048780488,168,41,0.7559523809523809,243,318,FALSE,0.8766455418381345,0.9186396889598168,0.9987251855348386,0.6698895178197065,FALSE,FALSE,AmeriFlux,AMF,v1.3,AMF_US-ICh_FLUXNET_2007-2025_v1.3_r1.zip,10.17190/AMF/2007175
US-ICs,30,220.42793333333333,14,216.61785714285716,9,0.5053333333333333,185.63333333333333,168,9,0.9464285714285714,243,318,FALSE,0.9071108367626886,1.0175889293741995,1.1874372418746633,0.6931696016771488,TRUE,FALSE,AmeriFlux,AMF,v1.3,AMF_US-ICs_FLUXNET_2007-2025_v1.3_r1.zip,10.17190/AMF/1871138
US-ICt,30,286.46073333333334,14,314.2487142857143,29,0.4412758620689655,160.99820689655172,168,29,0.8273809523809523,243,318,FALSE,1.178850754458162,0.9115732867339079,1.7792790295943897,0.9008199161425576,FALSE,FALSE,AmeriFlux,AMF,v1.3,AMF_US-ICt_FLUXNET_2007-2025_v1.3_r1.zip,10.17190/AMF/1881583
US-Jo1,30,243.9739,11,224.52427272727272,13,0.5706153846153846,205.82584615384613,132,13,0.9015151515151515,283,245.1,FALSE,0.8620985865724381,1.0866259448765814,1.1853414163430174,0.9954055487556099,FALSE,FALSE,AmeriFlux,AMF,v1.3,AMF_US-Jo1_FLUXNET_2010-2022_v1.3_r1.zip,10.17190/AMF/1902833
US-Jo2,30,332.1813,11,292.4633636363636,7,1.2015714285714285,439.596,132,7,0.946969696969697,298,282.3,FALSE,1.1147023489932886,1.1358048265252805,0.7556513253077827,1.1766960680127525,TRUE,FALSE,AmeriFlux,AMF,v1.3,AMF_US-Jo2_FLUXNET_2010-2020_v1.3_r1.zip,10.17190/AMF/1881584
US-KFS,30,599.5625333333334,13,608.9633076923077,21,1.9536190476190476,716.0131428571428,156,21,0.8653846153846154,996,1014,FALSE,0.6019704149933066,0.9845626588002503,0.8373624692709818,0.5912845496383958,FALSE,FALSE,AmeriFlux,AMF,v1.3,AMF_US-KFS_FLUXNET_2007-2019_v1.3_r1.zip,10.17190/AMF/1881585
US-KLS,30,352.7522666666666,8,365.88437500000003,18,1.1550555555555555,424.22266666666667,96,18,0.8125,754,NA,FALSE,0.46784120247568517,0.9641085839390288,0.8315262110778301,NA,FALSE,FALSE,AmeriFlux,AMF,v1.3,AMF_US-KLS_FLUXNET_2012-2019_v1.3_r1.zip,10.17190/AMF/1854367
US-KPL,30,382.63723333333337,NA,NA,NA,NA,NA,NA,NA,NA,850,375.8,FALSE,0.4501614509803922,NA,NA,1.0181938087635267,TRUE,FALSE,AmeriFlux,AMF,v1.3,AMF_US-KPL_FLUXNET_2021-2024_v1.3_r1.zip,10.17190/AMF/2571133
US-KS1,30,1227.4967333333334,2,1243.6660000000002,11,3.3102727272727273,1215.3709090909092,24,11,0.5416666666666667,1229,1266,FALSE,0.9987768375372933,0.9869987065123057,1.0099770565114927,0.9695866771985255,TRUE,FALSE,AmeriFlux,AMF,v1.3,AMF_US-KS1_FLUXNET_2002-2003_v1.3_r1.zip,10.17190/AMF/2229379
US-KS2,30,1240.9408333333333,4,1144.13625,NA,NA,NA,48,0,1,1276,1294,FALSE,0.9725241640543365,1.084609314085917,NA,0.9589960072127769,TRUE,FALSE,AmeriFlux,AMF,v1.3,AMF_US-KS2_FLUXNET_2003-2006_v1.3_r1.zip,10.17190/AMF/2229380
US-KS3,30,274.10203333333334,1,314.801,3,0.38233333333333336,140.032,12,3,0.75,1290,1340,FALSE,0.21248219638242893,0.8707152560930027,1.9574242554082875,0.20455375621890548,TRUE,FALSE,AmeriFlux,AMF,v1.3,AMF_US-KS3_FLUXNET_2018-2018_v1.3_r1.zip,10.17190/AMF/1881586
US-Kon,30,722.2409666666667,16,713.5673750000001,21,2.295952380952381,841.8657142857144,192,21,0.890625,892,867,FALSE,0.809687182361734,1.0121552525669586,0.8579051913041216,0.8330345636293734,FALSE,FALSE,AmeriFlux,AMF,v1.3,AMF_US-Kon_FLUXNET_2004-2019_v1.3_r1.zip,10.17190/AMF/2316062
US-LA2,30,891.8103666666666,10,950.452,120,2.5978,950.452,120,120,0,1614,1655,FALSE,0.5525466955803386,0.9383013204945295,0.9383013204945295,0.538858227593152,FALSE,FALSE,AmeriFlux,AMF,v1.3,AMF_US-LA2_FLUXNET_2011-2023_v1.3_r1.zip,10.17190/AMF/3027332
US-LA3,30,546.9458333333333,2,575.405,16,1.654875,604.3575000000001,24,16,0.33333333333333337,1557,1623,FALSE,0.3512818454292443,0.9505406336985833,0.9050037988001031,0.3369968165947833,FALSE,FALSE,AmeriFlux,AMF,v1.3,AMF_US-LA3_FLUXNET_2019-2023_v1.3_r1.zip,10.17190/AMF/2571117
US-LS1,30,311.8808666666667,5,290.1464,1,0.07,26.040000000000006,60,1,0.9833333333333333,359,288,FALSE,0.8687489322191273,1.0749086208433627,11.976991807475677,1.082919675925926,TRUE,FALSE,AmeriFlux,AMF,v1.3,AMF_US-LS1_FLUXNET_2003-2007_v1.3_r1.zip,10.17190/AMF/3027342
US-LS2,30,316.23,5,293.9996,NA,NA,NA,60,0,1,359,NA,FALSE,0.8808635097493037,1.0756137083179707,NA,NA,TRUE,FALSE,AmeriFlux,AMF,v1.3,AMF_US-LS2_FLUXNET_2003-2007_v1.3_r1.zip,10.17190/AMF/2204870
US-Lin,30,327.6041333333333,2,398.52900000000005,11,1.074,390.6381818181818,24,11,0.5416666666666667,330,NA,FALSE,0.9927397979797979,0.8220333610184787,0.8386382811033383,NA,TRUE,FALSE,AmeriFlux,AMF,v1.3,AMF_US-Lin_FLUXNET_2009-2010_v1.3_r1.zip,10.17190/AMF/2229381
US-Los,30,753.36,21,775.3243333333334,36,1.848111111111111,676.3420000000001,252,36,0.8571428571428572,834,828,FALSE,0.9033093525179856,0.9716707803572956,1.1138743416792094,0.9098550724637682,FALSE,FALSE,AmeriFlux,AMF,v1.3,AMF_US-Los_FLUXNET_2000-2025_v1.3_r1.zip,10.17190/AMF/3027319
US-MBP,30,2870.626166666667,12,2830.692,144,7.727319444444444,2830.692,144,144,0,695,780,FALSE,4.130397362110312,1.014107563333159,1.014107563333159,3.6802899572649577,FALSE,FALSE,AmeriFlux,AMF,v1.3,AMF_US-MBP_FLUXNET_2009-2024_v1.3_r1.zip,10.17190/AMF/3027340
US-MEF,30,419.4433,NA,NA,NA,NA,NA,NA,NA,NA,430,368.47,FALSE,0.975449534883721,NA,NA,1.138337720845659,TRUE,FALSE,AmeriFlux,AMF,v1.3,AMF_US-MEF_FLUXNET_2024-2025_v1.3_r1.zip,10.17190/AMF/3027364
US-MMS,30,1103.8964333333333,22,1097.4085,NA,NA,NA,264,0,1,1092,1032,FALSE,1.0108941697191698,1.0059120494631975,NA,1.0696670865633076,TRUE,FALSE,AmeriFlux,AMF,v1.3,AMF_US-MMS_FLUXNET_1999-2023_v1.3_r1.zip,10.17190/AMF/1854369
US-MN1,30,456.3752333333333,4,347.52425,5,0.865,317.6184,48,5,0.8958333333333334,598,684.5,FALSE,0.7631692865105908,1.3132183821224945,1.4368664829661422,0.6667278792305819,TRUE,FALSE,AmeriFlux,AMF,v1.3,AMF_US-MN1_FLUXNET_2017-2024_v1.3_r1.zip,10.17190/AMF/2571145
US-MN2,30,473.4106,4,342.75575,5,0.828,303.4176,48,5,0.8958333333333334,597,684.5,FALSE,0.7929825795644891,1.3811893746494406,1.5602608418232824,0.6916151935719503,TRUE,FALSE,AmeriFlux,AMF,v1.3,AMF_US-MN2_FLUXNET_2017-2024_v1.3_r1.zip,10.17190/AMF/2571146
US-MN3,30,501.7547666666667,1,404.388,3,0.363,134.02800000000002,12,3,0.75,598,684.5,FALSE,0.8390547937569677,1.2407756082442276,3.7436563006734906,0.7330237643048454,TRUE,FALSE,AmeriFlux,AMF,v1.3,AMF_US-MN3_FLUXNET_2020-2024_v1.3_r1.zip,10.17190/AMF/2571147
US-MOz,30,908.8695,17,899.613294117647,5,2.3824,876.2855999999999,204,5,0.9754901960784313,1013,986,FALSE,0.8972058242843041,1.0102890941506502,1.0371841098381624,0.9217743407707911,TRUE,FALSE,AmeriFlux,AMF,v1.3,AMF_US-MOz_FLUXNET_2004-2021_v1.3_r1.zip,10.17190/AMF/1854370
US-MZA,30,504.2912,NA,NA,NA,NA,NA,NA,NA,NA,962,940,FALSE,0.5242112266112267,NA,NA,0.53648,TRUE,FALSE,AmeriFlux,AMF,v1.3,AMF_US-MZA_FLUXNET_2024-2025_v1.3_r1.zip,10.17190/AMF/3027375
US-Me1,30,166.06796666666668,2,160.96300000000002,13,0.4408461538461539,161.10923076923078,24,13,0.45833333333333337,608,704.61,FALSE,0.27313810307017544,1.0317151560710638,1.0307787199638405,0.23568778000123,FALSE,FALSE,AmeriFlux,AMF,v1.3,AMF_US-Me1_FLUXNET_2004-2005_v1.3_r1.zip,10.17190/AMF/1902834
US-Me3,30,383.19306666666665,6,377.18333333333334,8,1.465,537.1155,72,8,0.8888888888888888,537,719,FALSE,0.713581129733085,1.0159331889885554,0.713427682996798,0.5329528048215113,TRUE,FALSE,AmeriFlux,AMF,v1.3,AMF_US-Me3_FLUXNET_2004-2009_v1.3_r1.zip,10.17190/AMF/1902835
US-Me5,30,479.1358,3,402.4526666666667,NA,NA,NA,36,0,1,821,590.81,FALSE,0.5836002436053593,1.1905395085798909,NA,0.8109811953081364,TRUE,FALSE,AmeriFlux,AMF,v1.3,AMF_US-Me5_FLUXNET_2000-2002_v1.3_r1.zip,10.17190/AMF/3365266
US-Me6,30,322.80733333333336,11,306.74554545454544,2,1.981,736.932,132,2,0.9848484848484849,537,494,FALSE,0.601130974549969,1.0523619270655977,0.43804222551515387,0.6534561403508773,TRUE,FALSE,AmeriFlux,AMF,v1.3,AMF_US-Me6_FLUXNET_2010-2025_v1.3_r1.zip,10.17190/AMF/2204871
US-Me7,30,2553.5444666666667,NA,NA,NA,NA,NA,NA,NA,NA,821,523,FALSE,3.110285586682907,NA,NA,4.88249420012747,TRUE,FALSE,AmeriFlux,AMF,v1.3,AMF_US-Me7_FLUXNET_2022-2023_v1.3_r1.zip,10.17190/AMF/3027360
US-Mo1,30,921.9112666666666,6,981.7786666666666,10,2.619,956.7515999999999,72,10,0.8611111111111112,1014,981,FALSE,0.9091827087442471,0.9390214902476323,0.9635847660632777,0.939766836561332,TRUE,FALSE,AmeriFlux,AMF,v1.3,AMF_US-Mo1_FLUXNET_2015-2024_v1.3_r1.zip,10.17190/AMF/2229382
US-Mo2,30,743.9494666666667,3,795.3380000000001,11,2.144636363636364,784.4956363636364,36,11,0.6944444444444444,1018,981,FALSE,0.7307951538965292,0.9353878057714665,0.9483156211232571,0.7583582738702005,TRUE,FALSE,AmeriFlux,AMF,v1.3,AMF_US-Mo2_FLUXNET_2018-2024_v1.3_r1.zip,10.17190/AMF/2229383
US-Mo3,30,937.9848666666667,5,957.4154,5,1.7748,650.0904,60,5,0.9166666666666666,1017,981,FALSE,0.9223056702720419,0.9797052216484785,1.442852973473638,0.9561517499150527,TRUE,FALSE,AmeriFlux,AMF,v1.3,AMF_US-Mo3_FLUXNET_2016-2023_v1.3_r1.zip,10.17190/AMF/2229384
US-Mpj,30,416.3135,13,352.1273076923077,NA,NA,NA,156,0,1,407,385,FALSE,1.0228832923832922,1.1822812116684198,NA,1.081333766233766,TRUE,FALSE,AmeriFlux,AMF,v1.3,AMF_US-Mpj_FLUXNET_2008-2025_v1.3_r1.zip,10.17190/AMF/1832161
US-MtB,30,624.9588,12,565.1541666666667,10,1.0266,373.02959999999996,144,10,0.9305555555555556,717,790,FALSE,0.8716301255230126,1.105820034356407,1.6753598105887577,0.7910870886075949,TRUE,FALSE,AmeriFlux,AMF,v1.3,AMF_US-MtB_FLUXNET_2009-2024_v1.3_r1.zip,10.17190/AMF/2571103
US-Myb,30,273.38203333333337,11,256.8328181818182,66,0.6686969696969697,242.56072727272726,132,66,0.5,356,338,FALSE,0.7679270599250937,1.0644357495614114,1.1270663491454314,0.8088225838264301,FALSE,FALSE,AmeriFlux,AMF,v1.3,AMF_US-Myb_FLUXNET_2010-2025_v1.3_r1.zip,10.17190/AMF/1871139
US-NC1,30,1132.5543,8,1074.235125,NA,NA,NA,96,0,1,1248,1320,FALSE,0.9074954326923077,1.0542890226196988,NA,0.8579956818181819,TRUE,FALSE,AmeriFlux,AMF,v1.3,AMF_US-NC1_FLUXNET_2005-2012_v1.3_r1.zip,10.17190/AMF/1902836
US-NC2,30,1239.1141,16,1276.769875,7,2.4657142857142857,894.0942857142857,192,7,0.9635416666666666,1252,1320,FALSE,0.9897077476038338,0.9705069991567588,1.3858875062713105,0.9387228030303031,TRUE,FALSE,AmeriFlux,AMF,v1.3,AMF_US-NC2_FLUXNET_2005-2025_v1.3_r1.zip,10.17190/AMF/3027320
US-NC3,30,1449.9727333333333,8,1614.565375,1,1.779,661.788,96,1,0.9895833333333334,1254,1320,FALSE,1.156278096757044,0.898057617105367,2.1909927852021087,1.098464191919192,TRUE,FALSE,AmeriFlux,AMF,v1.3,AMF_US-NC3_FLUXNET_2013-2021_v1.3_r1.zip,10.17190/AMF/2204872
US-NC4,30,889.0554333333333,12,975.3451666666667,4,2.67,986.6759999999999,144,4,0.9722222222222222,1327,1311,FALSE,0.6699739512685254,0.9115290296375419,0.9010611723943153,0.6781505975082635,TRUE,FALSE,AmeriFlux,AMF,v1.3,AMF_US-NC4_FLUXNET_2009-2025_v1.3_r1.zip,10.17190/AMF/1902837
US-NC5,30,636.7941,NA,NA,NA,NA,NA,NA,NA,NA,1142,1330,FALSE,0.557613047285464,NA,NA,0.4787925563909774,TRUE,FALSE,AmeriFlux,AMF,v1.3,AMF_US-NC5_FLUXNET_2025-2025_v1.3_r1.zip,10.17190/AMF/3365277
US-NGB,30,914.8648666666667,9,1016.1852222222223,108,2.775990740740741,1016.1852222222223,108,108,0,109,171,FALSE,8.393255657492356,0.9002934176370078,0.9002934176370078,5.35008693957115,FALSE,FALSE,AmeriFlux,AMF,v1.3,AMF_US-NGB_FLUXNET_2012-2023_v1.3_r1.zip,10.17190/AMF/1832162
US-NGC,30,2398.5839333333333,4,2868.09975,48,7.8874375,2868.09975,48,48,0,413,NA,FALSE,5.807709281678774,0.8362972498893504,0.8362972498893504,NA,FALSE,FALSE,AmeriFlux,AMF,v1.3,AMF_US-NGC_FLUXNET_2017-2023_v1.3_r1.zip,10.17190/AMF/1902838
US-NR1,30,709.2242,23,660.3161304347826,175,1.8317542857142857,670.8702171428572,276,175,0.3659420289855072,567,800,FALSE,1.250836331569665,1.07406765836996,1.057170495689147,0.88653025,FALSE,FALSE,AmeriFlux,AMF,v1.3,AMF_US-NR1_FLUXNET_1998-2025_v1.3_r1.zip,10.17190/AMF/1871141
US-NR3,30,2853.9561,14,2745.3819285714285,168,7.497303571428572,2745.381928571429,168,168,0,686,884,FALSE,4.160285860058309,1.039547929670051,1.0395479296700507,3.2284571266968323,FALSE,FALSE,AmeriFlux,AMF,v1.3,AMF_US-NR3_FLUXNET_2007-2024_v1.3_r1.zip,10.17190/AMF/3365271
US-NSa,30,1815.2084,NA,NA,NA,NA,NA,NA,NA,NA,299,NA,FALSE,6.070931103678929,NA,NA,NA,TRUE,FALSE,AmeriFlux,AMF,v1.3,AMF_US-NSa_FLUXNET_2023-2025_v1.3_r1.zip,10.17190/AMF/3027367
US-NSb,30,900.7200333333333,NA,NA,NA,NA,NA,NA,NA,NA,172,NA,FALSE,5.236744379844961,NA,NA,NA,TRUE,FALSE,AmeriFlux,AMF,v1.3,AMF_US-NSb_FLUXNET_2023-2025_v1.3_r1.zip,10.17190/AMF/3027368
US-Ne1,30,3120.004,20,3059.5754,240,8.36335,3059.5754,240,240,0,799,790.37,FALSE,3.904886107634543,1.0197506490606507,1.0197506490606507,3.9475233118665938,FALSE,FALSE,AmeriFlux,AMF,v1.3,AMF_US-Ne1_FLUXNET_2001-2024_v1.3_r1.zip,10.17190/AMF/1871140
US-Ne2,30,3120.004,20,3059.5754,240,8.36335,3059.5754,240,240,0,799,788.89,FALSE,3.904886107634543,1.0197506490606507,1.0197506490606507,3.9549290775646795,FALSE,FALSE,AmeriFlux,AMF,v1.3,AMF_US-Ne2_FLUXNET_2001-2024_v1.3_r1.zip,10.17190/AMF/2574638
US-Ne3,30,3120.004,20,3059.5754,240,8.36335,3059.5754,240,240,0,797,783.68,FALSE,3.9146850690087827,1.0197506490606507,1.0197506490606507,3.9812219273172724,FALSE,FALSE,AmeriFlux,AMF,v1.3,AMF_US-Ne3_FLUXNET_2001-2024_v1.3_r1.zip,10.17190/AMF/3028954
US-ONA,30,733.493,5,1062.7374,NA,NA,NA,60,0,1,1285,1268,FALSE,0.570811673151751,0.6901921396574545,NA,0.5784645110410095,TRUE,FALSE,AmeriFlux,AMF,v1.3,AMF_US-ONA_FLUXNET_2016-2022_v1.3_r1.zip,10.17190/AMF/1832163
US-OPE,30,891.1683333333333,NA,NA,NA,NA,NA,NA,NA,NA,1127,1192,FALSE,0.7907438627624963,NA,NA,0.7476244407158836,TRUE,FALSE,AmeriFlux,AMF,v1.3,AMF_US-OPE_FLUXNET_2022-2022_v1.3_r1.zip,10.17190/AMF/3027345
US-OWC,30,564.5961666666667,6,604.0511666666666,41,1.6819268292682927,612.507512195122,72,41,0.4305555555555556,897,930,FALSE,0.6294271646228169,0.9346826855451263,0.921778354429076,0.6070926523297492,FALSE,FALSE,AmeriFlux,AMF,v1.3,AMF_US-OWC_FLUXNET_2015-2025_v1.3_r1.zip,10.17190/AMF/1871142
US-Oho,30,839.0880999999999,10,832.9545,NA,NA,NA,120,0,1,855,849,FALSE,0.9813895906432748,1.007363667523256,NA,0.9883252061248528,TRUE,FALSE,AmeriFlux,AMF,v1.3,AMF_US-Oho_FLUXNET_2004-2013_v1.3_r1.zip,10.17190/AMF/2229385
US-PAS,30,4443.1348333333335,NA,NA,NA,NA,NA,NA,NA,NA,1285,1268,FALSE,3.457692477302205,NA,NA,3.504049553101998,TRUE,FALSE,AmeriFlux,AMF,v1.3,AMF_US-PAS_FLUXNET_2021-2022_v1.3_r1.zip,10.17190/AMF/2571135
US-PFL,30,3162.7420666666667,1,3818.9120000000003,12,10.492583333333334,3818.912,12,12,0,825,823,FALSE,3.8336267474747476,0.8281788285948108,0.828178828594811,3.8429429728635074,FALSE,FALSE,AmeriFlux,AMF,v1.3,AMF_US-PFL_FLUXNET_2019-2019_v1.3_r1.zip,10.17190/AMF/2469458
US-PFb,30,3162.7420666666667,1,3818.9120000000003,12,10.492583333333334,3818.912,12,12,0,829,823,FALSE,3.815129151588259,0.8281788285948108,0.828178828594811,3.8429429728635074,FALSE,FALSE,AmeriFlux,AMF,v1.3,AMF_US-PFb_FLUXNET_2019-2019_v1.3_r1.zip,10.17190/AMF/2469454
US-PFc,30,3162.7420666666667,1,3818.9120000000003,12,10.492583333333334,3818.912,12,12,0,829,823,FALSE,3.815129151588259,0.8281788285948108,0.828178828594811,3.8429429728635074,FALSE,FALSE,AmeriFlux,AMF,v1.3,AMF_US-PFc_FLUXNET_2019-2019_v1.3_r1.zip,10.17190/AMF/2469455
US-PFd,30,3162.7420666666667,1,3818.9120000000003,12,10.492583333333334,3818.912,12,12,0,829,823,FALSE,3.815129151588259,0.8281788285948108,0.828178828594811,3.8429429728635074,FALSE,FALSE,AmeriFlux,AMF,v1.3,AMF_US-PFd_FLUXNET_2019-2019_v1.3_r1.zip,10.17190/AMF/2469456
US-PFf,30,3162.7420666666667,1,3818.9120000000003,12,10.492583333333334,3818.912,12,12,0,825,823,FALSE,3.8336267474747476,0.8281788285948108,0.828178828594811,3.8429429728635074,FALSE,FALSE,AmeriFlux,AMF,v1.3,AMF_US-PFf_FLUXNET_2019-2019_v1.3_r1.zip,10.17190/AMF/3027335
US-PFg,30,3162.7420666666667,1,3818.9120000000003,12,10.492583333333334,3818.912,12,12,0,828,823,FALSE,3.8197367954911434,0.8281788285948108,0.828178828594811,3.8429429728635074,FALSE,FALSE,AmeriFlux,AMF,v1.3,AMF_US-PFg_FLUXNET_2019-2019_v1.3_r1.zip,10.17190/AMF/2571124
US-PFh,30,3162.7420666666667,1,3818.9120000000003,12,10.492583333333334,3818.912,12,12,0,827,823,FALSE,3.824355582426441,0.8281788285948108,0.828178828594811,3.8429429728635074,FALSE,FALSE,AmeriFlux,AMF,v1.3,AMF_US-PFh_FLUXNET_2019-2019_v1.3_r1.zip,10.17190/AMF/2571125
US-PFi,30,3162.7420666666667,1,3818.9120000000003,12,10.492583333333334,3818.912,12,12,0,834,823,FALSE,3.7922566746602717,0.8281788285948108,0.828178828594811,3.8429429728635074,FALSE,FALSE,AmeriFlux,AMF,v1.3,AMF_US-PFi_FLUXNET_2019-2019_v1.3_r1.zip,10.17190/AMF/2571126
US-PFj,30,3162.7420666666667,1,3818.9120000000003,12,10.492583333333334,3818.912,12,12,0,834,823,FALSE,3.7922566746602717,0.8281788285948108,0.828178828594811,3.8429429728635074,FALSE,FALSE,AmeriFlux,AMF,v1.3,AMF_US-PFj_FLUXNET_2019-2019_v1.3_r1.zip,10.17190/AMF/2571127
US-PFk,30,3162.7420666666667,1,3818.9120000000003,12,10.492583333333334,3818.912,12,12,0,817,823,FALSE,3.871165320277438,0.8281788285948108,0.828178828594811,3.8429429728635074,FALSE,FALSE,AmeriFlux,AMF,v1.3,AMF_US-PFk_FLUXNET_2019-2019_v1.3_r1.zip,10.17190/AMF/2469457
US-PFm,30,3162.7420666666667,1,3818.9120000000003,12,10.492583333333334,3818.912,12,12,0,825,823,FALSE,3.8336267474747476,0.8281788285948108,0.828178828594811,3.8429429728635074,FALSE,FALSE,AmeriFlux,AMF,v1.3,AMF_US-PFm_FLUXNET_2019-2019_v1.3_r1.zip,10.17190/AMF/2469459
US-PFn,30,3162.7420666666667,1,3818.9120000000003,12,10.492583333333334,3818.912,12,12,0,824,823,FALSE,3.838279207119741,0.8281788285948108,0.828178828594811,3.8429429728635074,FALSE,FALSE,AmeriFlux,AMF,v1.3,AMF_US-PFn_FLUXNET_2019-2019_v1.3_r1.zip,10.17190/AMF/2469460
US-PFp,30,3162.7420666666667,1,3818.9120000000003,12,10.492583333333334,3818.912,12,12,0,824,823,FALSE,3.838279207119741,0.8281788285948108,0.828178828594811,3.8429429728635074,FALSE,FALSE,AmeriFlux,AMF,v1.3,AMF_US-PFp_FLUXNET_2019-2019_v1.3_r1.zip,10.17190/AMF/2469461
US-PFq,30,3162.7420666666667,1,3818.9120000000003,12,10.492583333333334,3818.912,12,12,0,827,823,FALSE,3.824355582426441,0.8281788285948108,0.828178828594811,3.8429429728635074,FALSE,FALSE,AmeriFlux,AMF,v1.3,AMF_US-PFq_FLUXNET_2019-2019_v1.3_r1.zip,10.17190/AMF/2469462
US-PFr,30,3162.7420666666667,1,3818.9120000000003,12,10.492583333333334,3818.912,12,12,0,827,823,FALSE,3.824355582426441,0.8281788285948108,0.828178828594811,3.8429429728635074,FALSE,FALSE,AmeriFlux,AMF,v1.3,AMF_US-PFr_FLUXNET_2019-2019_v1.3_r1.zip,10.17190/AMF/2571128
US-PFt,30,3162.7420666666667,1,3818.9120000000003,12,10.492583333333334,3818.912,12,12,0,827,823,FALSE,3.824355582426441,0.8281788285948108,0.828178828594811,3.8429429728635074,FALSE,FALSE,AmeriFlux,AMF,v1.3,AMF_US-PFt_FLUXNET_2019-2019_v1.3_r1.zip,10.17190/AMF/2469463
US-PLo,30,4001.626133333333,NA,NA,NA,NA,NA,NA,NA,NA,1098,1262,FALSE,3.6444682452944748,NA,NA,3.170860644479662,TRUE,FALSE,AmeriFlux,AMF,v1.3,AMF_US-PLo_FLUXNET_2022-2023_v1.3_r1.zip,10.17190/AMF/3027350
US-PSH,30,900.7205,1,888.601,12,2.40175,888.601,12,12,0,171,191,FALSE,5.26737134502924,1.0136388547840933,1.0136388547840933,4.715814136125655,FALSE,FALSE,AmeriFlux,AMF,v1.3,AMF_US-PSH_FLUXNET_2016-2016_v1.3_r1.zip,10.17190/AMF/2469464
US-PSL,30,1206.1900666666666,1,1400.7269999999999,12,3.798666666666666,1400.7269999999999,12,12,0,226,311,FALSE,5.33712418879056,0.8611171674899296,0.8611171674899296,3.8784246516613075,FALSE,FALSE,AmeriFlux,AMF,v1.3,AMF_US-PSL_FLUXNET_2016-2016_v1.3_r1.zip,10.17190/AMF/2469465
US-Prr,30,375.2394,11,374.2210909090909,11,0.8206363636363636,300.4538181818182,132,11,0.9166666666666666,319,275,FALSE,1.1762990595611285,1.002721142970417,1.248908741685305,1.364506909090909,TRUE,FALSE,AmeriFlux,AMF,v1.3,AMF_US-Prr_FLUXNET_2010-2022_v1.3_r1.zip,10.17190/AMF/2571106
US-RC1,30,510.87426666666664,6,511.4145,10,1.9683000000000002,719.6112,72,10,0.8611111111111112,611,550,FALSE,0.8361280960174576,0.9989436487754388,0.7099309553084591,0.928862303030303,TRUE,FALSE,AmeriFlux,AMF,v1.3,AMF_US-RC1_FLUXNET_2011-2016_v1.3_r1.zip,10.17190/AMF/3027328
US-RC2,30,441.5242666666667,5,443.0386,8,1.92075,705.8085,60,8,0.8666666666666667,611,550,FALSE,0.7226256410256411,0.9965819381576836,0.6255581601336151,0.802771393939394,TRUE,FALSE,AmeriFlux,AMF,v1.3,AMF_US-RC2_FLUXNET_2012-2016_v1.3_r1.zip,10.17190/AMF/3027327
US-RC3,30,258.66540000000003,5,255.4586,3,1.5553333333333335,574.872,60,3,0.95,260,280,FALSE,0.9948669230769233,1.012553110367003,0.4499530330230035,0.9238050000000001,TRUE,FALSE,AmeriFlux,AMF,v1.3,AMF_US-RC3_FLUXNET_2012-2016_v1.3_r1.zip,10.17190/AMF/3365268
US-RC4,30,634.6162666666667,5,636.832,9,2.7493333333333334,1008.0773333333333,60,9,0.85,678,680,FALSE,0.9360121927236972,0.9965206941024739,0.6295313322522875,0.9332592156862745,TRUE,FALSE,AmeriFlux,AMF,v1.3,AMF_US-RC4_FLUXNET_2012-2016_v1.3_r1.zip,10.17190/AMF/3027329
US-RC5,30,136.2416,3,113.92166666666668,8,0.445125,163.7415,36,8,0.7777777777777778,190,230,FALSE,0.7170610526315789,1.1959235146957703,0.832052961527774,0.5923547826086957,TRUE,FALSE,AmeriFlux,AMF,v1.3,AMF_US-RC5_FLUXNET_2013-2015_v1.3_r1.zip,10.17190/AMF/3027330
US-RGA,30,1105.6634666666666,NA,NA,NA,NA,NA,NA,NA,NA,1291,1250,FALSE,0.8564395558998192,NA,NA,0.8845307733333333,TRUE,FALSE,AmeriFlux,AMF,v1.3,AMF_US-RGA_FLUXNET_2021-2024_v1.3_r1.zip,10.17190/AMF/2204873
US-RGB,30,438.8813,NA,NA,NA,NA,NA,NA,NA,NA,573,737,FALSE,0.7659359511343805,NA,NA,0.5954970149253731,TRUE,FALSE,AmeriFlux,AMF,v1.3,AMF_US-RGB_FLUXNET_2021-2024_v1.3_r1.zip,10.17190/AMF/2204874
US-RGF,30,276.97476666666665,NA,NA,NA,NA,NA,NA,NA,NA,287,31,FALSE,0.9650688734030197,NA,NA,8.934669892473117,TRUE,FALSE,AmeriFlux,AMF,v1.3,AMF_US-RGF_FLUXNET_2023-2024_v1.3_r1.zip,10.17190/AMF/2469466
US-RGW,30,1283.4840666666666,NA,NA,NA,NA,NA,NA,NA,NA,1340,1283,FALSE,0.9578239303482587,NA,NA,1.0003772928033254,TRUE,FALSE,AmeriFlux,AMF,v1.3,AMF_US-RGW_FLUXNET_2022-2024_v1.3_r1.zip,10.17190/AMF/2469467
US-RGo,30,381.3772333333333,NA,NA,NA,NA,NA,NA,NA,NA,560,610,FALSE,0.6810307738095238,NA,NA,0.6252085792349726,TRUE,FALSE,AmeriFlux,AMF,v1.3,AMF_US-RGo_FLUXNET_2021-2024_v1.3_r1.zip,10.17190/AMF/2204875
US-RRC,30,1228.6875666666667,NA,NA,NA,NA,NA,NA,NA,NA,1137,1117,FALSE,1.080639900322486,NA,NA,1.09998886899433,TRUE,FALSE,AmeriFlux,AMF,v1.3,AMF_US-RRC_FLUXNET_2022-2024_v1.3_r1.zip,10.17190/AMF/2469469
US-Rls,30,1305.9504666666667,7,1311.5402857142858,84,3.5994404761904764,1311.5402857142858,84,84,0,375,333,FALSE,3.482534577777778,0.9957379738094931,0.9957379738094931,3.921773173173173,FALSE,FALSE,AmeriFlux,AMF,v1.3,AMF_US-Rls_FLUXNET_2014-2023_v1.3_r1.zip,10.17190/AMF/2229387
US-Rms,30,1484.0106,7,1506.3335714285713,84,4.132892857142857,1506.3335714285713,84,84,0,448,800,FALSE,3.312523660714286,0.9851805922327014,0.9851805922327014,1.85501325,FALSE,FALSE,AmeriFlux,AMF,v1.3,AMF_US-Rms_FLUXNET_2014-2023_v1.3_r1.zip,10.17190/AMF/1881587
US-Ro1,30,812.8240000000001,13,789.1563846153846,8,2.7455,1005.477,156,8,0.9487179487179487,768,879,FALSE,1.0583645833333335,1.0299910332679505,0.8083964128468379,0.9247144482366326,TRUE,FALSE,AmeriFlux,AMF,v1.3,AMF_US-Ro1_FLUXNET_2004-2016_v1.3_r1.zip,10.17190/AMF/1881588
US-Ro2,30,823.6855333333333,9,828.0791111111112,8,2.78225,1018.9380000000001,108,8,0.9259259259259259,768,879,FALSE,1.072507204861111,0.9946942535817833,0.8083764991916419,0.9370711414486158,TRUE,FALSE,AmeriFlux,AMF,v1.3,AMF_US-Ro2_FLUXNET_2008-2016_v1.3_r1.zip,10.17190/AMF/2204876
US-Ro3,30,805.9235333333334,4,719.9982500000001,NA,NA,NA,48,0,1,768,879,FALSE,1.0493796006944445,1.1193409613611327,NA,0.9168640879787637,TRUE,FALSE,AmeriFlux,AMF,v1.3,AMF_US-Ro3_FLUXNET_2004-2007_v1.3_r1.zip,10.17190/AMF/2469468
US-Ro4,30,779.9887,7,947.0602857142857,12,2.4111666666666665,878.1599999999999,84,12,0.8571428571428572,766,879,FALSE,1.0182620104438642,0.8235892812374895,0.8882079575475996,0.8873591581342435,FALSE,FALSE,AmeriFlux,AMF,v1.3,AMF_US-Ro4_FLUXNET_2014-2025_v1.3_r1.zip,10.17190/AMF/1881589
US-Ro5,30,753.4834333333333,4,922.38125,NA,NA,NA,48,0,1,766,879,FALSE,0.9836598346388163,0.8168893647104528,NA,0.8572052711414486,TRUE,FALSE,AmeriFlux,AMF,v1.3,AMF_US-Ro5_FLUXNET_2017-2024_v1.3_r1.zip,10.17190/AMF/1818371
US-Ro6,30,753.4834333333333,4,922.38125,NA,NA,NA,48,0,1,766,879,FALSE,0.9836598346388163,0.8168893647104528,NA,0.8572052711414486,TRUE,FALSE,AmeriFlux,AMF,v1.3,AMF_US-Ro6_FLUXNET_2017-2024_v1.3_r1.zip,10.17190/AMF/1881590
US-Rpf,30,320.1290666666667,13,332.592,18,0.937,343.3313333333333,156,18,0.8846153846153846,321,450,FALSE,0.9972868120456906,0.9625278619650103,0.9324201888554692,0.711397925925926,FALSE,FALSE,AmeriFlux,AMF,v1.3,AMF_US-Rpf_FLUXNET_2008-2024_v1.3_r1.zip,10.17190/AMF/2229388
US-Rwe,30,1484.0106,5,1546.0077999999999,60,4.236566666666667,1546.0077999999999,60,60,0,463,800,FALSE,3.2052064794816415,0.9598985205637386,0.9598985205637386,1.85501325,FALSE,FALSE,AmeriFlux,AMF,v1.3,AMF_US-Rwe_FLUXNET_2003-2007_v1.3_r1.zip,10.17190/AMF/1871143
US-Rwf,30,1484.0106,7,1506.3335714285713,84,4.132892857142857,1506.3335714285713,84,84,0,449,505,FALSE,3.3051461024498887,0.9851805922327014,0.9851805922327014,2.9386348514851486,FALSE,FALSE,AmeriFlux,AMF,v1.3,AMF_US-Rwf_FLUXNET_2014-2023_v1.3_r1.zip,10.17190/AMF/1881591
US-Rws,30,1305.9504666666667,7,1311.5402857142858,84,3.5994404761904764,1311.5402857142858,84,84,0,309,290,FALSE,4.226376914778856,0.9957379738094931,0.9957379738094931,4.503277471264368,FALSE,FALSE,AmeriFlux,AMF,v1.3,AMF_US-Rws_FLUXNET_2014-2023_v1.3_r1.zip,10.17190/AMF/1881592
US-SD1,30,960.3414666666666,NA,NA,NA,NA,NA,NA,NA,NA,970,946.16,FALSE,0.9900427491408934,NA,NA,1.014988444519602,TRUE,FALSE,AmeriFlux,AMF,v1.3,AMF_US-SD1_FLUXNET_2023-2025_v1.3_r1.zip,10.17190/AMF/3027381
US-SD2,30,397.94016666666664,NA,NA,NA,NA,NA,NA,NA,NA,966,NA,FALSE,0.4119463423050379,NA,NA,NA,TRUE,FALSE,AmeriFlux,AMF,v1.3,AMF_US-SD2_FLUXNET_2023-2025_v1.3_r1.zip,10.17190/AMF/3027382
US-SHC,30,844.1197,4,996.70175,8,5.148875,1847.5815,48,8,0.8333333333333334,825,827,FALSE,1.023175393939394,0.8469130309041797,0.45687819454784534,1.020700967351874,TRUE,FALSE,AmeriFlux,AMF,v1.3,AMF_US-SHC_FLUXNET_2017-2020_v1.3_r1.zip,10.17190/AMF/2571110
US-SP1,30,1706.5929666666666,21,1654.6109523809523,91,4.394945054945055,1609.0550769230772,252,91,0.6388888888888888,1307,1309.77,FALSE,1.3057329507778628,1.0314164572710662,1.0606181175165903,1.3029714886328643,FALSE,FALSE,AmeriFlux,AMF,v1.3,AMF_US-SP1_FLUXNET_2000-2020_v1.3_r1.zip,10.17190/AMF/2469470
US-SRC,30,327.47316666666666,7,297.53242857142857,8,1.70425,624.1995000000001,84,8,0.9047619047619048,395,330,FALSE,0.8290459915611814,1.1006301674039212,0.5246290115046017,0.9923429292929292,TRUE,FALSE,AmeriFlux,AMF,v1.3,AMF_US-SRC_FLUXNET_2008-2014_v1.3_r1.zip,10.17190/AMF/1871145
US-SRG,30,434.6741,13,411.3008461538462,2,0.762,272.18399999999997,156,2,0.9871794871794872,566,420,FALSE,0.7679754416961131,1.0568276337496547,1.5969862299033009,1.0349383333333333,TRUE,FALSE,AmeriFlux,AMF,v1.3,AMF_US-SRG_FLUXNET_2008-2025_v1.3_r1.zip,10.17190/AMF/2204877
US-SRM,30,378.2395,17,350.10229411764703,NA,NA,NA,204,0,1,474,380,FALSE,0.7979736286919832,1.080368527584963,NA,0.995367105263158,TRUE,FALSE,AmeriFlux,AMF,v1.3,AMF_US-SRM_FLUXNET_2004-2025_v1.3_r1.zip,10.17190/AMF/2475756
US-SRS,30,409.9934,8,403.030875,4,0.22625,79.44,96,4,0.9583333333333334,474,388,FALSE,0.8649649789029537,1.0172754134531257,5.161044813695871,1.0566840206185568,TRUE,FALSE,AmeriFlux,AMF,v1.3,AMF_US-SRS_FLUXNET_2011-2018_v1.3_r1.zip,10.17190/AMF/2204878
US-SSH,30,934.9181666666667,5,1106.3652,NA,NA,NA,60,0,1,989,1050,FALSE,0.9453166498146276,0.8450357681773313,NA,0.890398253968254,TRUE,FALSE,AmeriFlux,AMF,v1.3,AMF_US-SSH_FLUXNET_2016-2021_v1.3_r1.zip,10.17190/AMF/2469471
US-Sag,30,22.827066666666667,1,29.215,8,0.049875,18.295499999999997,12,8,0.33333333333333337,179,121,FALSE,0.12752551210428306,0.7813474813166752,1.247687500569357,0.1886534435261708,TRUE,FALSE,AmeriFlux,AMF,v1.3,AMF_US-Sag_FLUXNET_1996-1996_v1.3_r1.zip,10.17190/AMF/2571113
US-Seg,30,252.56323333333333,14,229.2787142857143,19,0.6377894736842106,234.4642105263158,168,19,0.8869047619047619,255,273.304,FALSE,0.9904440522875817,1.1015555199712224,1.0771931151726293,0.924111002156329,FALSE,FALSE,AmeriFlux,AMF,v1.3,AMF_US-Seg_FLUXNET_2007-2025_v1.3_r1.zip,10.17190/AMF/1984572
US-Ses,30,253.19693333333333,14,215.72985714285716,13,0.5239230769230769,191.196,168,13,0.9226190476190477,248,275.082,FALSE,1.020955376344086,1.173675895801782,1.324279447966136,0.9204416622437431,FALSE,FALSE,AmeriFlux,AMF,v1.3,AMF_US-Ses_FLUXNET_2007-2025_v1.3_r1.zip,10.17190/AMF/1984573
US-Slt,30,1059.4663,16,1096.34725,72,3.1406666666666667,1147.9741666666666,192,72,0.625,1162,1138,FALSE,0.9117610154905336,0.9663601564194192,0.9229008202129985,0.930989718804921,FALSE,FALSE,AmeriFlux,AMF,v1.3,AMF_US-Slt_FLUXNET_2005-2022_v1.3_r1.zip,10.17190/AMF/2571104
US-Sne,30,338.2771666666667,5,355.589,4,2.0145,743.967,60,4,0.9333333333333333,340,311,FALSE,0.9949328431372549,0.9513150481782808,0.45469377898034014,1.087707931404073,TRUE,FALSE,AmeriFlux,AMF,v1.3,AMF_US-Sne_FLUXNET_2016-2020_v1.3_r1.zip,10.17190/AMF/1871144
US-Snf,30,343.7930666666667,3,302.58666666666664,11,0.647,238.3461818181818,36,11,0.6944444444444444,336,NA,FALSE,1.0231936507936508,1.136180488234776,1.4424106316455414,NA,TRUE,FALSE,AmeriFlux,AMF,v1.3,AMF_US-Snf_FLUXNET_2018-2020_v1.3_r1.zip,10.17190/AMF/1854371
US-Srr,30,1963.2860333333333,4,1973.8805000000002,48,5.4573125000000005,1973.8804999999998,48,48,0,530,326,FALSE,3.7043132704402515,0.99463267068768,0.9946326706876802,6.022349795501023,FALSE,FALSE,AmeriFlux,AMF,v1.3,AMF_US-Srr_FLUXNET_2014-2017_v1.3_r1.zip,10.17190/AMF/2229389
US-StJ,30,564.8426,6,640.5518333333333,NA,NA,NA,72,0,1,1133,1121,FALSE,0.49853715798764336,0.8818062342599908,NA,0.5038738626226583,TRUE,FALSE,AmeriFlux,AMF,v1.3,AMF_US-StJ_FLUXNET_2015-2020_v1.3_r1.zip,10.17190/AMF/2229390
US-Sta,30,1727.4923666666666,5,1804.5628,60,4.933683333333334,1804.5628000000002,60,60,0,293,NA,FALSE,5.895878384527872,0.9572913542641279,0.9572913542641278,NA,FALSE,FALSE,AmeriFlux,AMF,v1.3,AMF_US-Sta_FLUXNET_2005-2009_v1.3_r1.zip,10.17190/AMF/2571107
US-Syv,30,3158.2599666666665,20,3175.6881,240,8.680029166666667,3175.6881,240,240,0,836,826,FALSE,3.7778229266347685,0.9945120135276089,0.9945120135276089,3.823559281678773,FALSE,FALSE,AmeriFlux,AMF,v1.3,AMF_US-Syv_FLUXNET_2001-2025_v1.3_r1.zip,10.17190/AMF/2204879
US-TKs,30,216.66003333333333,3,273.61766666666665,1,0.212,78.864,36,1,0.9722222222222222,236,316,FALSE,0.918050988700565,0.7918349570507752,2.7472615303983225,0.6856330168776371,TRUE,FALSE,AmeriFlux,AMF,v1.3,AMF_US-TKs_FLUXNET_2018-2025_v1.3_r1.zip,10.17190/AMF/3027378
US-TLR,30,1.0004666666666666,NA,NA,NA,NA,NA,NA,NA,NA,1276,469.4,FALSE,7.840647857889236e-4,NA,NA,0.0021313733844624343,TRUE,FALSE,AmeriFlux,AMF,v1.3,AMF_US-TLR_FLUXNET_2024-2024_v1.3_r1.zip,10.17190/AMF/3027363
US-TaS,30,3536.1759333333334,4,4573.9965,48,12.486875,4573.9965,48,48,0,1257,986.8,FALSE,2.813186900026518,0.7731042062085822,0.7731042062085822,3.58347784083232,FALSE,FALSE,AmeriFlux,AMF,v1.3,AMF_US-TaS_FLUXNET_2017-2023_v1.3_r1.zip,10.17190/AMF/3365274
US-Ton,30,607.5981333333333,20,578.5534,240,1.5922791666666667,578.5534,240,240,0,623,559,FALSE,0.9752779026217228,1.0502023379921945,1.0502023379921945,1.0869376267143709,FALSE,FALSE,AmeriFlux,AMF,v1.3,AMF_US-Ton_FLUXNET_2001-2025_v1.3_r1.zip,10.17190/AMF/2204880
US-Tw1,30,1717.7816666666665,10,1555.629,120,4.285516666666666,1555.629,120,120,0,370,421,FALSE,4.6426531531531525,1.1042360785680048,1.1042360785680048,4.080241488519398,FALSE,FALSE,AmeriFlux,AMF,v1.3,AMF_US-Tw1_FLUXNET_2011-2023_v1.3_r1.zip,10.17190/AMF/1832165
US-Tw2,30,1717.7816666666665,2,1179.8654999999999,24,3.2242916666666668,1179.8655,24,24,0,370,421,FALSE,4.6426531531531525,1.4559131245609493,1.455913124560949,4.080241488519398,FALSE,FALSE,AmeriFlux,AMF,v1.3,AMF_US-Tw2_FLUXNET_2012-2013_v1.3_r1.zip,10.17190/AMF/1881593
US-Tw3,30,265.85970000000003,6,232.09633333333332,58,0.6925172413793104,251.04703448275862,72,58,0.19444444444444442,370,421,FALSE,0.7185397297297298,1.1454713488221129,1.0590035470753936,0.6314957244655582,FALSE,FALSE,AmeriFlux,AMF,v1.3,AMF_US-Tw3_FLUXNET_2013-2018_v1.3_r1.zip,10.17190/AMF/1881594
US-Tw4,30,366.24593333333337,8,334.842375,10,0.24209999999999998,88.236,96,10,0.8958333333333334,370,421,FALSE,0.989853873873874,1.0937860936308714,4.1507540384121375,0.8699428345209819,TRUE,FALSE,AmeriFlux,AMF,v1.3,AMF_US-Tw4_FLUXNET_2013-2024_v1.3_r1.zip,10.17190/AMF/2204881
US-Tw5,30,1717.7816666666665,2,1974.0334999999998,24,5.4442916666666665,1974.0335,24,24,0,370,421,FALSE,4.6426531531531525,0.8701887109143116,0.8701887109143115,4.080241488519398,FALSE,FALSE,AmeriFlux,AMF,v1.3,AMF_US-Tw5_FLUXNET_2018-2019_v1.3_r1.zip,10.17190/AMF/1881595
US-Twt,30,373.8043666666667,9,359.49733333333336,11,0.6706363636363637,234.5792727272727,108,11,0.8981481481481481,370,421,FALSE,1.0102820720720722,1.0397973281211172,1.5935097859275074,0.8878963578780681,TRUE,FALSE,AmeriFlux,AMF,v1.3,AMF_US-Twt_FLUXNET_2009-2017_v1.3_r1.zip,10.17190/AMF/2571105
US-UC1,30,1084.6863666666668,2,1086.9025,4,3.158,1128.156,24,4,0.8333333333333334,1010,1006.35,FALSE,1.073946897689769,0.9979610559978166,0.961468419852101,1.0778420695251818,TRUE,FALSE,AmeriFlux,AMF,v1.3,AMF_US-UC1_FLUXNET_2019-2024_v1.3_r1.zip,10.17190/AMF/2469472
US-UC2,30,1036.5163666666667,2,1016.2795000000001,4,3.01775,1078.0500000000002,24,4,0.8333333333333334,1009,1006.35,FALSE,1.02727092831186,1.0199126979011843,0.9614733701281634,1.0299760189463574,TRUE,FALSE,AmeriFlux,AMF,v1.3,AMF_US-UC2_FLUXNET_2019-2024_v1.3_r1.zip,10.17190/AMF/2469473
US-UMd,30,3229.1988333333334,14,3326.909,168,9.092166666666667,3326.9089999999997,168,168,0,793,803,FALSE,4.072129676334594,0.9706303458655867,0.9706303458655868,4.021418223329182,FALSE,FALSE,AmeriFlux,AMF,v1.3,AMF_US-UMd_FLUXNET_2007-2025_v1.3_r1.zip,10.17190/AMF/1881597
US-UTB,30,42.33186666666666,NA,NA,NA,NA,NA,NA,NA,NA,165,138.59,FALSE,0.25655676767676766,NA,NA,0.3054467614305986,TRUE,FALSE,AmeriFlux,AMF,v1.3,AMF_US-UTB_FLUXNET_2021-2023_v1.3_r1.zip,10.17190/AMF/2469474
US-UTD,30,67.7812,NA,NA,NA,NA,NA,NA,NA,NA,271,215.65,FALSE,0.2501151291512915,NA,NA,0.3143111523301646,TRUE,FALSE,AmeriFlux,AMF,v1.3,AMF_US-UTD_FLUXNET_2023-2024_v1.3_r1.zip,10.17190/AMF/2571139
US-UTE,30,228.46273333333335,NA,NA,NA,NA,NA,NA,NA,NA,225,258.318,FALSE,1.015389925925926,NA,NA,0.884424365833327,TRUE,FALSE,AmeriFlux,AMF,v1.3,AMF_US-UTE_FLUXNET_2024-2025_v1.3_r1.zip,10.17190/AMF/2571151
US-UTJ,30,824.7116,NA,NA,NA,NA,NA,NA,NA,NA,212,196.85,FALSE,3.8901490566037733,NA,NA,4.189543307086614,TRUE,FALSE,AmeriFlux,AMF,v1.3,AMF_US-UTJ_FLUXNET_2024-2025_v1.3_r1.zip,10.17190/AMF/2571150
US-UTL,30,98.10723333333334,NA,NA,NA,NA,NA,NA,NA,NA,211,177,FALSE,0.4649631911532386,NA,NA,0.5542781544256121,TRUE,FALSE,AmeriFlux,AMF,v1.3,AMF_US-UTL_FLUXNET_2024-2025_v1.3_r1.zip,10.17190/AMF/3365276
US-UTM,30,73.7891,NA,NA,NA,NA,NA,NA,NA,NA,236,240.03,FALSE,0.31266567796610173,NA,NA,0.30741615631379415,TRUE,FALSE,AmeriFlux,AMF,v1.3,AMF_US-UTM_FLUXNET_2022-2024_v1.3_r1.zip,10.17190/AMF/3365272
US-UTP,30,285.49806666666666,NA,NA,NA,NA,NA,NA,NA,NA,436,419,FALSE,0.6548120795107033,NA,NA,0.6813796340493238,TRUE,FALSE,AmeriFlux,AMF,v1.3,AMF_US-UTP_FLUXNET_2024-2024_v1.3_r1.zip,10.17190/AMF/2571149
US-UTV,30,128.37,NA,NA,NA,NA,NA,NA,NA,NA,206,177,FALSE,0.6231553398058253,NA,NA,0.7252542372881357,TRUE,FALSE,AmeriFlux,AMF,v1.3,AMF_US-UTV_FLUXNET_2023-2025_v1.3_r1.zip,10.17190/AMF/2571143
US-UTW,30,822.7638333333333,NA,NA,NA,NA,NA,NA,NA,NA,228,225.22,FALSE,3.6086133040935673,NA,NA,3.6531561732232185,TRUE,FALSE,AmeriFlux,AMF,v1.3,AMF_US-UTW_FLUXNET_2021-2024_v1.3_r1.zip,10.17190/AMF/3027344
US-Uaf,30,258.19873333333334,18,263.247,NA,NA,NA,216,0,1,301,263,FALSE,0.8578031007751938,0.9808230799717882,NA,0.9817442332065907,TRUE,FALSE,AmeriFlux,AMF,v1.3,AMF_US-Uaf_FLUXNET_2003-2025_v1.3_r1.zip,10.17190/AMF/3027325
US-UiA,30,3837.7169,13,3941.5827692307694,156,10.799826923076923,3941.5827692307694,156,156,0,1015,1051,FALSE,3.781001871921182,0.9736486900537573,0.9736486900537573,3.6514908658420553,FALSE,FALSE,AmeriFlux,AMF,v1.3,AMF_US-UiA_FLUXNET_2008-2024_v1.3_r1.zip,10.17190/AMF/3027336
US-UiB,30,3837.7169,13,3941.5827692307694,156,10.799826923076923,3941.5827692307694,156,156,0,1015,1051,FALSE,3.781001871921182,0.9736486900537573,0.9736486900537573,3.6514908658420553,FALSE,FALSE,AmeriFlux,AMF,v1.3,AMF_US-UiB_FLUXNET_2008-2024_v1.3_r1.zip,10.17190/AMF/3027337
US-UiC,30,3837.7169,13,3941.5827692307694,156,10.799826923076923,3941.5827692307694,156,156,0,1015,1051,FALSE,3.781001871921182,0.9736486900537573,0.9736486900537573,3.6514908658420553,FALSE,FALSE,AmeriFlux,AMF,v1.3,AMF_US-UiC_FLUXNET_2008-2024_v1.3_r1.zip,10.17190/AMF/3027338
US-UiD,30,3837.7169,13,3941.5827692307694,156,10.799826923076923,3941.5827692307694,156,156,0,1015,1051,FALSE,3.781001871921182,0.9736486900537573,0.9736486900537573,3.6514908658420553,FALSE,FALSE,AmeriFlux,AMF,v1.3,AMF_US-UiD_FLUXNET_2008-2024_v1.3_r1.zip,10.17190/AMF/3027339
US-UiE,30,985.3755666666667,3,1074.1123333333333,5,3.2122,1149.2736,36,5,0.8611111111111112,1015,1021,FALSE,0.9708133661740559,0.9173859531141529,0.8573898910291394,0.9651082925236697,TRUE,FALSE,AmeriFlux,AMF,v1.3,AMF_US-UiE_FLUXNET_2018-2024_v1.3_r1.zip,10.17190/AMF/3027347
US-UiF,30,954.1183333333333,3,1067.6633333333334,6,3.2848333333333333,1176.796,36,6,0.8333333333333334,1015,1021,FALSE,0.9400180623973727,0.8936509324100294,0.8107763226025014,0.9344939601697682,TRUE,FALSE,AmeriFlux,AMF,v1.3,AMF_US-UiF_FLUXNET_2018-2023_v1.3_r1.zip,10.17190/AMF/3027351
US-UiG,30,954.1183333333333,3,1067.6633333333334,6,3.2848333333333333,1176.796,36,6,0.8333333333333334,1015,1021,FALSE,0.9400180623973727,0.8936509324100294,0.8107763226025014,0.9344939601697682,TRUE,FALSE,AmeriFlux,AMF,v1.3,AMF_US-UiG_FLUXNET_2018-2023_v1.3_r1.zip,10.17190/AMF/3027352
US-VT1,30,812.4177,NA,NA,NA,NA,NA,NA,NA,NA,973,1068.37,FALSE,0.8349616649537512,NA,NA,0.760427286426987,TRUE,FALSE,AmeriFlux,AMF,v1.3,AMF_US-VT1_FLUXNET_2023-2025_v1.3_r1.zip,10.17190/AMF/3027369
US-VT2,30,810.1182666666667,NA,NA,NA,NA,NA,NA,NA,NA,973,1068.37,FALSE,0.8325984241178487,NA,NA,0.7582750046020262,TRUE,FALSE,AmeriFlux,AMF,v1.3,AMF_US-VT2_FLUXNET_2023-2025_v1.3_r1.zip,10.17190/AMF/3027370
US-Var,30,584.9927333333334,21,560.029380952381,NA,NA,NA,252,0,1,640,559,FALSE,0.9140511458333334,1.0445750762906403,NA,1.0464986285032798,TRUE,FALSE,AmeriFlux,AMF,v1.3,AMF_US-Var_FLUXNET_2000-2025_v1.3_r1.zip,10.17190/AMF/1993904
US-Vcm,30,538.4859666666666,14,499.28171428571426,65,1.4602,536.0464615384616,168,65,0.6130952380952381,700,646,FALSE,0.7692656666666666,1.0785213062269645,1.004550921054872,0.8335696078431372,FALSE,FALSE,AmeriFlux,AMF,v1.3,AMF_US-Vcm_FLUXNET_2007-2025_v1.3_r1.zip,10.17190/AMF/2229391
US-Vcp,30,505.1534,14,463.05357142857144,46,1.4029565217391304,515.3846086956522,168,46,0.7261904761904762,597,550,FALSE,0.8461530988274707,1.0909178357949942,0.980148400780641,0.9184607272727272,FALSE,FALSE,AmeriFlux,AMF,v1.3,AMF_US-Vcp_FLUXNET_2007-2025_v1.3_r1.zip,10.17190/AMF/2229392
US-WCr,30,687.0006666666667,22,701.2119545454545,NA,NA,NA,264,0,1,818,787,FALSE,0.8398541157294214,0.9797332492883696,NA,0.8729360440491317,TRUE,FALSE,AmeriFlux,AMF,v1.3,AMF_US-WCr_FLUXNET_1999-2025_v1.3_r1.zip,10.17190/AMF/3028955
US-WPT,30,812.0837,3,843.4626666666667,NA,NA,NA,36,0,1,882,849,FALSE,0.9207298185941043,0.9627974445025822,NA,0.9565179034157834,TRUE,FALSE,AmeriFlux,AMF,v1.3,AMF_US-WPT_FLUXNET_2011-2013_v1.3_r1.zip,10.17190/AMF/2229402
US-WT1,30,1763.8166333333334,NA,NA,NA,NA,NA,NA,NA,NA,491,482,FALSE,3.5922945689069925,NA,NA,3.6593706085753803,TRUE,FALSE,AmeriFlux,AMF,v1.3,AMF_US-WT1_FLUXNET_2023-2024_v1.3_r1.zip,10.17190/AMF/3027361
US-Whs,30,310.37823333333336,14,294.7048571428571,5,0.4858,178.6968,168,5,0.9702380952380952,360,320,FALSE,0.8621617592592593,1.0531832978337328,1.7368986648520475,0.9699319791666667,TRUE,FALSE,AmeriFlux,AMF,v1.3,AMF_US-Whs_FLUXNET_2007-2025_v1.3_r1.zip,10.17190/AMF/1984574
US-Wjs,30,375.6472,14,330.93235714285714,5,0.919,335.99760000000003,168,5,0.9702380952380952,344,361,FALSE,1.0919976744186046,1.1351177722335575,1.118005604801939,1.0405739612188365,TRUE,FALSE,AmeriFlux,AMF,v1.3,AMF_US-Wjs_FLUXNET_2007-2025_v1.3_r1.zip,10.17190/AMF/1871146
US-Wkg,30,334.9805666666667,17,314.810705882353,4,0.94825,344.028,204,4,0.9803921568627451,410,407,FALSE,0.8170257723577236,1.0640698057830706,0.9737014622840776,0.8230480753480753,TRUE,FALSE,AmeriFlux,AMF,v1.3,AMF_US-Wkg_FLUXNET_2004-2025_v1.3_r1.zip,10.17190/AMF/1984575
US-YK1,30,362.5051666666667,2,454.26250000000005,15,1.1604,421.3496,24,15,0.375,525,NA,FALSE,0.6904860317460318,0.7980081267255533,0.8603429709359323,NA,FALSE,FALSE,AmeriFlux,AMF,v1.3,AMF_US-YK1_FLUXNET_2019-2025_v1.3_r1.zip,10.17190/AMF/3027346
US-YK2,30,400.88443333333333,2,522.7385,6,1.3643333333333334,491.22800000000007,24,6,0.75,530,NA,FALSE,0.7563857232704403,0.7668928791993191,0.8160862844408977,NA,TRUE,FALSE,AmeriFlux,AMF,v1.3,AMF_US-YK2_FLUXNET_2019-2025_v1.3_r1.zip,10.17190/AMF/2469476
US-ZF1,30,318.5988,NA,NA,NA,NA,NA,NA,NA,NA,963,NA,FALSE,0.33083987538940807,NA,NA,NA,TRUE,FALSE,AmeriFlux,AMF,v1.3,AMF_US-ZF1_FLUXNET_2024-2025_v1.3_r1.zip,10.17190/AMF/3377750
US-ZF2,30,457.0007,NA,NA,NA,NA,NA,NA,NA,NA,963,914,FALSE,0.47455939771547245,NA,NA,0.5000007658643326,TRUE,FALSE,AmeriFlux,AMF,v1.3,AMF_US-ZF2_FLUXNET_2024-2025_v1.3_r1.zip,10.17190/AMF/3027365
US-xAB,30,2201.8873,2,2014.9254999999998,NA,NA,NA,24,0,1,2372,2450.59,FALSE,0.9282830101180438,1.0927884430466537,NA,0.8985131335719152,TRUE,FALSE,AmeriFlux,AMF,v1.3,AMF_US-xAB_FLUXNET_2019-2024_v1.3_r1.zip,10.17190/AMF/2229403
US-xAE,30,790.6705000000001,2,877.8734999999999,12,1.7619166666666666,646.906,24,12,0.5,700,778.85,FALSE,1.1295292857142858,0.9006656426011266,1.2222339876272599,1.0151768633241318,FALSE,FALSE,AmeriFlux,AMF,v1.3,AMF_US-xAE_FLUXNET_2019-2024_v1.3_r1.zip,10.17190/AMF/1985434
US-xBA,30,70.94716666666666,2,34.4865,5,0.1282,46.190400000000004,24,5,0.7916666666666666,109,110,FALSE,0.6508914373088684,2.0572446222918144,1.5359721211911275,0.6449742424242424,TRUE,FALSE,AmeriFlux,AMF,v1.3,AMF_US-xBA_FLUXNET_2019-2024_v1.3_r1.zip,10.17190/AMF/2229404
US-xBL,30,1093.0072666666667,2,1234.1085,NA,NA,NA,24,0,1,991,982.55,FALSE,1.102933669693912,0.8856654554009366,NA,1.1124189778297968,TRUE,FALSE,AmeriFlux,AMF,v1.3,AMF_US-xBL_FLUXNET_2019-2024_v1.3_r1.zip,10.17190/AMF/2229405
US-xBN,30,379.33189999999996,2,458.5995,5,0.6292,227.7864,24,5,0.7916666666666666,329,275,FALSE,1.152984498480243,0.8271528861239491,1.6652965234096504,1.3793887272727272,TRUE,FALSE,AmeriFlux,AMF,v1.3,AMF_US-xBN_FLUXNET_2019-2024_v1.3_r1.zip,10.17190/AMF/2229406
US-xBR,30,1342.6421666666668,2,1300.7375,1,6.226,2316.072,24,1,0.9583333333333334,1233,1246,FALSE,1.0889230873208977,1.0322160825429165,0.5797065750402693,1.0775619315141787,TRUE,FALSE,AmeriFlux,AMF,v1.3,AMF_US-xBR_FLUXNET_2019-2024_v1.3_r1.zip,10.17190/AMF/1881598
US-xCL,30,947.5983333333334,2,943.3539999999999,6,2.6943333333333337,985.4860000000001,24,6,0.75,870,925.61,FALSE,1.0891934865900383,1.004499194717289,0.9615543329213538,1.023755505378435,TRUE,FALSE,AmeriFlux,AMF,v1.3,AMF_US-xCL_FLUXNET_2019-2024_v1.3_r1.zip,10.17190/AMF/1985435
US-xCP,30,323.6106666666667,2,280.47299999999996,NA,NA,NA,24,0,1,367,320,FALSE,0.8817729336966396,1.1538032775585056,NA,1.0112833333333335,TRUE,FALSE,AmeriFlux,AMF,v1.3,AMF_US-xCP_FLUXNET_2019-2024_v1.3_r1.zip,10.17190/AMF/1985436
US-xDC,30,377.5992,2,418.92150000000004,NA,NA,NA,24,0,1,438,489.74,FALSE,0.8620986301369863,0.901360278715702,NA,0.7710197247519092,TRUE,FALSE,AmeriFlux,AMF,v1.3,AMF_US-xDC_FLUXNET_2019-2024_v1.3_r1.zip,10.17190/AMF/1985437
US-xDJ,30,239.51666666666668,2,314.29100000000005,5,1.2588,463.22400000000005,24,5,0.7916666666666666,290,300,FALSE,0.8259195402298851,0.7620856679531601,0.5170644583757894,0.7983888888888889,TRUE,FALSE,AmeriFlux,AMF,v1.3,AMF_US-xDJ_FLUXNET_2019-2024_v1.3_r1.zip,10.17190/AMF/2229407
US-xDL,30,1300.6067,2,1517.5725000000002,NA,NA,NA,24,0,1,1402,1372,FALSE,0.9276795292439373,0.8570310149926939,NA,0.9479640670553936,TRUE,FALSE,AmeriFlux,AMF,v1.3,AMF_US-xDL_FLUXNET_2019-2024_v1.3_r1.zip,10.17190/AMF/1985438
US-xDS,30,1150.9070666666667,2,1371.67,NA,NA,NA,24,0,1,1221,1216.09,FALSE,0.9425938301938301,0.8390553607403141,NA,0.9463995811713498,TRUE,FALSE,AmeriFlux,AMF,v1.3,AMF_US-xDS_FLUXNET_2019-2024_v1.3_r1.zip,10.17190/AMF/1985439
US-xGR,30,1378.7163666666665,2,1617.9105,1,5.337,1921.3199999999997,24,1,0.9583333333333334,1367,1375,FALSE,1.008570860765667,0.8521586123995527,0.7175880991540539,1.002702812121212,TRUE,FALSE,AmeriFlux,AMF,v1.3,AMF_US-xGR_FLUXNET_2019-2024_v1.3_r1.zip,10.17190/AMF/1985440
US-xHA,30,1127.1007,2,1062.8145,NA,NA,NA,24,0,1,1103,NA,FALSE,1.021850135992747,1.0604867547441252,NA,NA,TRUE,FALSE,AmeriFlux,AMF,v1.3,AMF_US-xHA_FLUXNET_2019-2024_v1.3_r1.zip,10.17190/AMF/1985441
US-xHE,30,256.2087,2,355.9375,7,0.5352857142857143,195.25371428571427,24,7,0.7083333333333333,419,320,FALSE,0.6114766109785204,0.7198137313432836,1.3121834887355355,0.8006521875000001,TRUE,FALSE,AmeriFlux,AMF,v1.3,AMF_US-xHE_FLUXNET_2019-2024_v1.3_r1.zip,10.17190/AMF/1985442
US-xJE,30,1203.044,2,1280.4019999999998,NA,NA,NA,24,0,1,1355,1307.97,FALSE,0.8878553505535056,0.9395830372023788,NA,0.9197795056461541,TRUE,FALSE,AmeriFlux,AMF,v1.3,AMF_US-xJE_FLUXNET_2019-2024_v1.3_r1.zip,10.17190/AMF/1985443
US-xJR,30,203.24796666666666,2,177.912,8,0.43925000000000003,160.9755,24,8,0.6666666666666667,273,271.33,FALSE,0.7444980463980464,1.1424072949922808,1.2626018659154135,0.7490803326822197,TRUE,FALSE,AmeriFlux,AMF,v1.3,AMF_US-xJR_FLUXNET_2019-2024_v1.3_r1.zip,10.17190/AMF/2229408
US-xKA,30,868.9191333333333,2,1022.8580000000001,1,3.138,1129.68,24,1,0.9583333333333334,888,NA,FALSE,0.9785125375375375,0.849501234123733,0.7691728040979156,NA,TRUE,FALSE,AmeriFlux,AMF,v1.3,AMF_US-xKA_FLUXNET_2019-2024_v1.3_r1.zip,10.17190/AMF/1985444
US-xKZ,30,891.7298333333333,2,925.799,1,3.59,1335.48,24,1,0.9583333333333334,892,870.38,FALSE,0.9996971225710015,0.9632002554910227,0.6677223420293328,1.0245293243564113,TRUE,FALSE,AmeriFlux,AMF,v1.3,AMF_US-xKZ_FLUXNET_2019-2024_v1.3_r1.zip,10.17190/AMF/1985445
US-xLE,30,1463.2431,2,1645.2525,4,4.309,1574.4389999999999,24,4,0.8333333333333334,1513,1386.24,FALSE,0.9671137475214805,0.8893729685868885,0.9293742723598691,1.0555481734764542,TRUE,FALSE,AmeriFlux,AMF,v1.3,AMF_US-xLE_FLUXNET_2019-2024_v1.3_r1.zip,10.17190/AMF/3027333
US-xMB,30,192.30396666666667,2,164.2035,1,0.386,143.592,24,1,0.9583333333333334,306,319.46,FALSE,0.6284443355119825,1.1711319592253921,1.3392387226772149,0.6019657129739769,TRUE,FALSE,AmeriFlux,AMF,v1.3,AMF_US-xMB_FLUXNET_2019-2024_v1.3_r1.zip,10.17190/AMF/1985446
US-xML,30,1361.8994666666667,2,1745.7510000000002,2,4.4239999999999995,1620.216,24,2,0.9166666666666666,1122,1227.82,FALSE,1.2138141414141415,0.7801224038632466,0.8405666075798948,1.1092012401383482,TRUE,FALSE,AmeriFlux,AMF,v1.3,AMF_US-xML_FLUXNET_2019-2024_v1.3_r1.zip,10.17190/AMF/1985447
US-xNG,30,336.91363333333334,2,100.90099999999998,10,0.4914,180.5424,24,10,0.5833333333333333,428,456.51,FALSE,0.7871813862928349,3.339051479503012,1.866119168313556,0.7380202697275708,TRUE,FALSE,AmeriFlux,AMF,v1.3,AMF_US-xNG_FLUXNET_2019-2024_v1.3_r1.zip,10.17190/AMF/1985448
US-xNQ,30,233.8227,2,210.97050000000002,2,0.33599999999999997,123.28800000000001,24,2,0.9166666666666666,297,288.31,FALSE,0.7872818181818182,1.1083194095857003,1.8965568425150865,0.8110114113280843,TRUE,FALSE,AmeriFlux,AMF,v1.3,AMF_US-xNQ_FLUXNET_2019-2024_v1.3_r1.zip,10.17190/AMF/1985449
US-xNW,30,1610.8974333333333,2,1547.912,14,5.209714285714286,1903.680857142857,24,14,0.41666666666666663,623,1004.54,FALSE,2.5857101658640986,1.0406905775866673,0.8462014141125797,1.6036170120984066,FALSE,FALSE,AmeriFlux,AMF,v1.3,AMF_US-xNW_FLUXNET_2019-2024_v1.3_r1.zip,10.17190/AMF/2571112
US-xPU,30,2372.7130666666667,2,2782.9260000000004,6,11.061833333333334,3856.2280000000005,24,6,0.75,2155,2685,FALSE,1.1010269450889405,0.8525965356846235,0.615293770665704,0.8836920173805091,TRUE,FALSE,AmeriFlux,AMF,v1.3,AMF_US-xPU_FLUXNET_2019-2024_v1.3_r1.zip,10.17190/AMF/3010289
US-xRM,30,416.0914333333333,2,416.7435,1,0.345,128.33999999999997,24,1,0.9583333333333334,548,730.59,FALSE,0.7592909367396593,0.9984353285254199,3.2421024881824327,0.5695279614193095,TRUE,FALSE,AmeriFlux,AMF,v1.3,AMF_US-xRM_FLUXNET_2019-2024_v1.3_r1.zip,10.17190/AMF/1985450
US-xRN,30,1545.3926666666666,2,1775.1169999999997,NA,NA,NA,24,0,1,1220,1340.32,FALSE,1.266715300546448,0.8705863707387552,NA,1.1530027655087343,TRUE,FALSE,AmeriFlux,AMF,v1.3,AMF_US-xRN_FLUXNET_2019-2024_v1.3_r1.zip,10.17190/AMF/2571119
US-xSB,30,1101.3257666666666,2,1099.0415000000003,NA,NA,NA,24,0,1,1290,1302.09,FALSE,0.8537409043927648,1.0020784171177033,NA,0.8458138582330459,TRUE,FALSE,AmeriFlux,AMF,v1.3,AMF_US-xSB_FLUXNET_2019-2024_v1.3_r1.zip,10.17190/AMF/1985451
US-xSC,30,1040.1001666666666,2,1110.1444999999999,NA,NA,NA,24,0,1,1027,1125.5,FALSE,1.0127557611165205,0.9369052106880381,NA,0.9241227602547015,TRUE,FALSE,AmeriFlux,AMF,v1.3,AMF_US-xSC_FLUXNET_2019-2024_v1.3_r1.zip,10.17190/AMF/2229409
US-xSE,30,1121.9486333333334,2,1433.2804999999998,6,3.3965,1255.222,24,6,0.75,1104,1074.65,FALSE,1.0162578200483092,0.7827837142369086,0.8938248639151747,1.0440130585151755,TRUE,FALSE,AmeriFlux,AMF,v1.3,AMF_US-xSE_FLUXNET_2019-2024_v1.3_r1.zip,10.17190/AMF/1985452
US-xSJ,30,421.1263666666667,2,375.0255000000001,NA,NA,NA,24,0,1,542,539.62,FALSE,0.7769859163591636,1.1229272853890377,NA,0.7804128213681233,TRUE,FALSE,AmeriFlux,AMF,v1.3,AMF_US-xSJ_FLUXNET_2019-2024_v1.3_r1.zip,10.17190/AMF/2229410
US-xSL,30,416.76616666666666,2,241.4995,4,0.6875,253.071,24,4,0.8333333333333334,429,432.67,FALSE,0.971482905982906,1.725743393533596,1.646834946187697,0.9632425790248149,TRUE,FALSE,AmeriFlux,AMF,v1.3,AMF_US-xSL_FLUXNET_2019-2024_v1.3_r1.zip,10.17190/AMF/2229411
US-xSP,30,568.4881,2,599.471,NA,NA,NA,24,0,1,842,900.35,FALSE,0.6751640142517815,0.9483162655074224,NA,0.631407896928972,TRUE,FALSE,AmeriFlux,AMF,v1.3,AMF_US-xSP_FLUXNET_2019-2024_v1.3_r1.zip,10.17190/AMF/3028956
US-xSR,30,313.45043333333336,2,275.8435,2,0.318,117.22800000000001,24,2,0.9166666666666666,395,346,FALSE,0.7935454008438819,1.136334310336598,2.673852947532444,0.9059261078998074,TRUE,FALSE,AmeriFlux,AMF,v1.3,AMF_US-xSR_FLUXNET_2019-2024_v1.3_r1.zip,10.17190/AMF/1985453
US-xST,30,727.1521333333334,2,847.355,5,2.5538,936.6264,24,5,0.7916666666666666,803,797.56,FALSE,0.9055443752594439,0.8581434385037362,0.7763523784225316,0.9117209154588162,TRUE,FALSE,AmeriFlux,AMF,v1.3,AMF_US-xST_FLUXNET_2019-2024_v1.3_r1.zip,10.17190/AMF/1985454
US-xTA,30,1236.4183333333333,2,1600.2875,NA,NA,NA,24,0,1,1449,NA,FALSE,0.8532907752472969,0.7726226277049176,NA,NA,TRUE,FALSE,AmeriFlux,AMF,v1.3,AMF_US-xTA_FLUXNET_2019-2024_v1.3_r1.zip,10.17190/AMF/1985455
US-xTE,30,555.1969,2,555.407,11,2.276727272727273,810.0916363636363,24,11,0.5416666666666667,831,1222.5,FALSE,0.6681069795427197,0.9996217188476199,0.6853507369761087,0.45414879345603276,TRUE,FALSE,AmeriFlux,AMF,v1.3,AMF_US-xTE_FLUXNET_2019-2024_v1.3_r1.zip,10.17190/AMF/3027334
US-xTL,30,367.4055333333333,2,398.899,NA,NA,NA,24,0,1,239,331,FALSE,1.5372616457461645,0.9210490207629835,NA,1.1099865055387714,TRUE,FALSE,AmeriFlux,AMF,v1.3,AMF_US-xTL_FLUXNET_2019-2024_v1.3_r1.zip,10.17190/AMF/2469475
US-xTR,30,682.6325,2,787.9545,8,2.78375,1019.5754999999999,24,8,0.6666666666666667,803,797.56,FALSE,0.8501027397260275,0.8663349216230125,0.6695261900663562,0.8559011234264507,TRUE,FALSE,AmeriFlux,AMF,v1.3,AMF_US-xTR_FLUXNET_2019-2024_v1.3_r1.zip,10.17190/AMF/1985456
US-xUK,30,926.3591666666666,2,1037.5649999999998,NA,NA,NA,24,0,1,998,990.63,FALSE,0.9282155978623914,0.8928203694868917,NA,0.9351212528054538,TRUE,FALSE,AmeriFlux,AMF,v1.3,AMF_US-xUK_FLUXNET_2019-2024_v1.3_r1.zip,10.17190/AMF/1985457
US-xUN,30,659.0398333333334,2,842.7845,NA,NA,NA,24,0,1,843,802.3,FALSE,0.7817791617240016,0.7819790626587619,NA,0.8214381569653912,TRUE,FALSE,AmeriFlux,AMF,v1.3,AMF_US-xUN_FLUXNET_2019-2024_v1.3_r1.zip,10.17190/AMF/1985458
US-xWD,30,560.4637333333334,2,539.0805,2,0.9730000000000001,342.51599999999996,24,2,0.9166666666666666,423,493.76,FALSE,1.3249733648542161,1.039666122839415,1.6363140213401226,1.1350934327068483,TRUE,FALSE,AmeriFlux,AMF,v1.3,AMF_US-xWD_FLUXNET_2019-2024_v1.3_r1.zip,10.17190/AMF/2229412
US-xWR,30,2135.3224333333333,2,1926.2604999999999,2,8.183,2862.87,24,2,0.9166666666666666,1966,2225.01,FALSE,1.0861253475754493,1.108532534064491,0.7458677597422633,0.959691162436723,TRUE,FALSE,AmeriFlux,AMF,v1.3,AMF_US-xWR_FLUXNET_2019-2024_v1.3_r1.zip,10.17190/AMF/2571118
US-xYE,30,488.4209333333333,2,466.3615,2,1.9144999999999999,666.69,24,2,0.9166666666666666,590,493.44,FALSE,0.8278320903954802,1.0473011458564512,0.732605758798442,0.9898284154777345,TRUE,FALSE,AmeriFlux,AMF,v1.3,AMF_US-xYE_FLUXNET_2019-2024_v1.3_r1.zip,10.17190/AMF/1985459
VU-Coc,30,2593.5981,4,2406.94075,11,7.0590909090909095,2553.3043636363636,48,11,0.7708333333333334,2897,2763,FALSE,0.8952703141180532,1.077549623936526,1.0157810157447313,0.9386891422366993,TRUE,FALSE,ICOS,FLX,v1.3,FLX_VU-Coc_FLUXNET_2001-2004_v1.3_r1.zip,PrWE9DMXpEen7ZyDmWcJ1EnX
ZA-BfK,30,479.7237666666667,1,565.603,4,1.35325,481.443,12,4,0.6666666666666667,440,441,FALSE,1.090281287878788,0.8481634055453502,0.9964289992100138,1.0878089947089948,TRUE,FALSE,ICOS,SAEON,v1.3,SAEON_ZA-BfK_FLUXNET_2020-2024_v1.3_r1.zip,L3b447DFrFAeO56M1P7eueuq
ZA-BfS,30,393.14160000000004,1,620.7079999999999,2,2.3064999999999998,821.8739999999999,12,2,0.8333333333333334,437,445,FALSE,0.899637528604119,0.6333760802180738,0.4783477759364575,0.8834642696629215,TRUE,FALSE,ICOS,SAEON,v1.3,SAEON_ZA-BfS_FLUXNET_2020-2024_v1.3_r1.zip,7D87eYcefMtCZ131SjGfAEvu
ZA-Jks,30,1747.7135,NA,NA,NA,NA,NA,NA,NA,NA,839,1029,FALSE,2.083091179976162,NA,NA,1.698458211856171,TRUE,FALSE,ICOS,SAEON,v1.3,SAEON_ZA-Jks_FLUXNET_2024-2024_v1.3_r1.zip,pJ8V89PtIUTciotXGRT7PLki
ZA-Spk,30,461.5525666666667,NA,NA,NA,NA,NA,NA,NA,NA,801,822,FALSE,0.5762204327923429,NA,NA,0.5614994728304947,TRUE,FALSE,ICOS,SAEON,v1.3,SAEON_ZA-Spk_FLUXNET_2023-2024_v1.3_r1.zip,9DBU3ZCobRStxNAcLBAZVtok
ZA-Uby,30,1091.3175333333334,NA,NA,NA,NA,NA,NA,NA,NA,793,872,FALSE,1.3761885666246323,NA,NA,1.2515109327217127,TRUE,FALSE,ICOS,SAEON,v1.3,SAEON_ZA-Uby_FLUXNET_2023-2024_v1.3_r1.zip,STLJfs_nkGgsI6sPzHNIgYE0
ZM-Mon,30,503.8849666666667,3,585.137,13,1.318,479.36215384615383,36,13,0.6388888888888888,877,945,FALSE,0.5745552641581148,0.8611401546418476,1.0511571733891683,0.5332116049382716,FALSE,FALSE,ICOS,EUF,v1.3,EUF_ZM-Mon_FLUXNET_2007-2009_v1.3_r1.zip,CjQxQ-dZrlyJEZPXAaFSepVI
