site_id,year,computed_from_mm,official_yy,ratio,abs_diff,status
AU-Fog,1981,5654.589,5654.591,1.0000003536950255,0.0020000000004074536,ok
AU-Fog,1982,5417.396000000001,5417.344,0.999990401292429,0.05200000000058935,ok
AU-Fog,1983,5410.9929999999995,5410.97,0.9999957493938729,0.02299999999922875,ok
AU-Fog,1984,7113.445999999999,7113.453,1.0000009840518929,0.007000000001426088,ok
AU-Fog,1985,5130.936000000001,5130.893,0.9999916194628036,0.0430000000005748,ok
AU-Fog,1986,5090.7080000000005,5090.767,1.0000115897435091,0.058999999999286956,ok
AU-Fog,1987,5180.856000000001,5180.864,1.0000015441463725,0.00799999999890133,ok
AU-Fog,1988,5528.969999999999,5529.041,1.0000128414514822,0.07100000000082218,ok
AU-Fog,1989,5156.718000000001,5156.673,0.9999912735193196,0.045000000000982254,ok
AU-Fog,1990,4621.024999999999,4621.025,1.0000000000000002,9.094947017729282e-13,ok
AU-Fog,1991,5015.229000000001,5015.16,0.9999862419044073,0.06900000000132422,ok
AU-Fog,1992,4516.115000000001,4516.089,0.9999942428392544,0.026000000000749424,ok
AU-Fog,1993,4632.192999999999,4632.174,0.9999958982710783,0.018999999999323336,ok
AU-Fog,1994,4988.130999999999,4988.133,1.0000004009517793,0.0020000000004074536,ok
AU-Fog,1995,7550.357000000002,7550.36,1.0000003973322054,0.0029999999978826963,ok
AU-Fog,1996,5961.143,5961.173,1.0000050325919039,0.02999999999974534,ok
AU-Fog,1997,6912.612,6912.616,1.0000005786524688,0.0039999999999054126,ok
AU-Fog,1998,6295.945,6295.897,0.9999923760452164,0.047999999999774445,ok
AU-Fog,1999,7728.4710000000005,7728.435,0.9999953418988051,0.03600000000005821,ok
AU-Fog,2000,7528.1669999999995,7528.15,0.999997741814176,0.016999999999825377,ok
AU-Fog,2001,5979.853999999999,5979.847,0.9999988294028584,0.006999999999607098,ok
AU-Fog,2002,4035.139,4035.062,0.9999809176338162,0.07700000000022555,ok
AU-Fog,2003,6374.638999999999,6374.674,1.000005490506992,0.035000000000763976,ok
AU-Fog,2004,5777.377000000001,5777.336,0.9999929033538921,0.04100000000107684,ok
AU-Fog,2005,4037.7879999999996,4037.808,1.0000049532070532,0.020000000000436557,ok
AU-Fog,2006,5837.598,5837.588,0.9999982869666599,0.010000000000218279,ok
AU-Fog,2007,7184.5019999999995,7184.517,1.0000020878273819,0.015000000000327418,ok
AU-Fog,2008,6106.583,6106.539,0.9999927946611059,0.04399999999986903,ok
AU-Fog,2009,5556.725000000001,5556.713,0.9999978404545841,0.012000000001535227,ok
AU-Fog,2010,6738.596000000001,6738.645,1.0000072715443988,0.04899999999906868,ok
AU-Fog,2011,9916.161000000002,9916.116,0.9999954619534716,0.04500000000189175,ok
AU-Fog,2012,4906.269,4906.267,0.9999995923582664,0.0020000000004074536,ok
AU-Fog,2013,4918.689,4918.687,0.9999995933875876,0.0020000000004074536,ok
AU-Fog,2014,5726.677,5726.625,0.9999909196904244,0.05199999999967986,ok
AU-Fog,2015,5965.701999999999,5965.689,0.9999978208767386,0.01299999999901047,ok
AU-Fog,2016,4640.23,4640.201,0.9999937503097908,0.028999999999541615,ok
AU-Fog,2017,6109.093,6109.116,1.0000037648796638,0.023000000000138243,ok
AU-Fog,2018,5517.762,5517.747,0.9999972815065239,0.014999999999417923,ok
AU-Fog,2019,3637.982,3637.951,0.9999914787923635,0.03099999999994907,ok
AU-Fog,2020,5440.66,5440.618,0.9999922803483402,0.04199999999946158,ok
AU-Fog,2021,6227.759000000001,6227.795,1.000005780570507,0.03599999999914871,ok
AU-Fog,2022,6011.378,6011.334,0.9999926805467898,0.04399999999986903,ok
AU-Fog,2023,4889.084000000001,4889.066,0.9999963183287501,0.0180000000009386,ok
AU-Fog,2024,6745.932999999999,6745.915,0.9999973317256488,0.01799999999911961,ok
AU-Fog,2025,7934.356,7934.364,1.0000010082733872,0.007999999999810825,ok
BR-Ji3,1981,7354.152999999999,7354.13,0.9999968725154346,0.02299999999922875,ok
BR-Ji3,1982,6326.767,6326.774,1.0000011064102725,0.007000000000516593,ok
BR-Ji3,1983,6790.489,6790.473,0.9999976437632107,0.01599999999962165,ok
BR-Ji3,1984,6840.732999999998,6840.725,0.9999988305346813,0.007999999997991836,ok
BR-Ji3,1985,7559.031,7559.048,1.000002248965509,0.016999999999825377,ok
BR-Ji3,1986,6706.245,6706.313,1.0000101398025274,0.068000000000211,ok
BR-Ji3,1987,6544.61,6544.611,1.0000001527974929,0.0010000000002037268,ok
BR-Ji3,1988,7042.061999999999,7042.034,0.9999960238918658,0.027999999999337888,ok
BR-Ji3,1989,7744.093,7744.145,1.000006714795393,0.05200000000058935,ok
BR-Ji3,1990,6837.557000000002,6837.544,0.9999980987361419,0.013000000001738954,ok
BR-Ji3,1991,6807.231000000001,6807.29,1.0000086672539832,0.058999999999286956,ok
BR-Ji3,1992,6871.944999999999,6871.96,1.0000021827881336,0.015000000001236913,ok
BR-Ji3,1993,6953.544999999999,6953.561,1.0000023009846057,0.016000000000531145,ok
BR-Ji3,1994,7360.389999999999,7360.463,1.0000099179527173,0.07300000000032014,ok
BR-Ji3,1995,6751.198,6751.161,0.9999945194912073,0.037000000000261934,ok
BR-Ji3,1996,6366.212999999999,6366.213,1.0000000000000002,9.094947017729282e-13,ok
BR-Ji3,1997,7251.091999999999,7251.102,1.0000013791026237,0.010000000001127773,ok
BR-Ji3,1998,6432.4800000000005,6432.537,1.000008861279009,0.056999999999789,ok
BR-Ji3,1999,6572.115,6572.126,1.0000016737382107,0.011000000000422006,ok
BR-Ji3,2000,6236.896,6236.911,1.0000024050425085,0.015000000000327418,ok
BR-Ji3,2001,6558.1179999999995,6558.087,0.9999952730341236,0.030999999999039574,ok
BR-Ji3,2002,6521.018,6520.997,0.9999967796439145,0.02099999999973079,ok
BR-Ji3,2003,6663.809000000002,6663.786,0.999996548520523,0.023000000001957233,ok
BR-Ji3,2004,7036.492000000001,7036.519,1.0000038371393016,0.02699999999913416,ok
BR-Ji3,2005,6204.2880000000005,6204.318,1.0000048353654762,0.02999999999974534,ok
BR-Ji3,2006,6644.209000000001,6644.216,1.000001053549038,0.006999999999607098,ok
BR-Ji3,2007,6266.0470000000005,6266.066,1.000003032214728,0.018999999999323336,ok
BR-Ji3,2008,6733.733,6733.685,0.9999928717102387,0.047999999999774445,ok
BR-Ji3,2009,6960.884999999999,6960.883,0.9999997126802125,0.001999999999497959,ok
BR-Ji3,2010,6038.878999999999,6038.802,0.999987249289148,0.07699999999931606,ok
BR-Ji3,2011,7323.504,7323.493,0.9999984979867561,0.01099999999951251,ok
BR-Ji3,2012,7793.865,7793.887,1.0000028227330087,0.021999999999934516,ok
BR-Ji3,2013,8382.235,8382.248,1.0000015508990143,0.01299999999901047,ok
BR-Ji3,2014,8081.499000000001,8081.502,1.0000003712182604,0.0029999999997016857,ok
BR-Ji3,2015,7102.6900000000005,7102.671,0.9999973249571641,0.01900000000023283,ok
BR-Ji3,2016,7694.006000000001,7694.016,1.0000012997130492,0.00999999999839929,ok
BR-Ji3,2017,6809.75,6809.753,1.000000440544807,0.0029999999997016857,ok
BR-Ji3,2018,7084.376,7084.408,1.000004516982159,0.032000000000152795,ok
BR-Ji3,2019,6312.9349999999995,6312.926,0.9999985743556683,0.008999999999105057,ok
BR-Ji3,2020,6579.1900000000005,6579.187,0.9999995440168166,0.0030000000006111804,ok
BR-Ji3,2021,8139.216999999999,8139.258,1.000005037339587,0.04100000000107684,ok
BR-Ji3,2022,6523.698999999999,6523.686,0.9999980072655101,0.01299999999901047,ok
BR-Ji3,2023,5466.523999999999,5466.45,0.9999864630613531,0.07399999999961437,ok
BR-Ji3,2024,5510.426,5510.401,0.9999954631456804,0.025000000000545697,ok
BR-Ji3,2025,5907.277,5907.223,0.9999908587323736,0.05400000000008731,ok
BR-SM1,1981,4482.693,4482.715,1.0000049077641497,0.021999999999934516,ok
BR-SM1,1982,6495.446,6495.428,0.9999972288277048,0.018000000000029104,ok
BR-SM1,1983,6813.796,6813.831,1.0000051366374925,0.03499999999985448,ok
BR-SM1,1984,7645.4400000000005,7645.428,0.9999984304369662,0.012000000000625732,ok
BR-SM1,1985,6185.4839999999995,6185.481,0.9999995149934913,0.0029999999997016857,ok
BR-SM1,1986,6131.979,6131.928,0.9999916829460765,0.051000000000385626,ok
BR-SM1,1987,7178.864,7178.874,1.0000013929780533,0.010000000000218279,ok
BR-SM1,1988,4541.1990000000005,4541.227,1.0000061657725194,0.027999999999337888,ok
BR-SM1,1989,4511.986,4512.003,1.0000037677421871,0.016999999999825377,ok
BR-SM1,1990,6302.891,6302.86,0.9999950816220684,0.03099999999994907,ok
BR-SM1,1991,4585.342000000001,4585.325,0.9999962925339047,0.01700000000073487,ok
BR-SM1,1992,6500.478999999998,6500.417,0.9999904622413213,0.06199999999807915,ok
BR-SM1,1993,5789.863,5789.826,0.9999936095206398,0.037000000000261934,ok
BR-SM1,1994,6430.655,6430.625,0.9999953348453618,0.02999999999974534,ok
BR-SM1,1995,5785.742,5785.672,0.9999879012925221,0.07000000000061846,ok
BR-SM1,1996,5483.628000000001,5483.615,0.9999976293067289,0.01300000000082946,ok
BR-SM1,1997,7545.494,7545.51,1.00000212047084,0.016000000000531145,ok
BR-SM1,1998,8946.211,8946.244,1.0000036887124617,0.03300000000126602,ok
BR-SM1,1999,5539.822999999999,5539.88,1.0000102891373968,0.05700000000069849,ok
BR-SM1,2000,6011.645,6011.642,0.9999995009685368,0.0030000000006111804,ok
BR-SM1,2001,6355.672,6355.682,1.000001573397746,0.010000000000218279,ok
BR-SM1,2002,7227.852999999999,7227.911,1.0000080245129503,0.05800000000090222,ok
BR-SM1,2003,6045.114999999999,6045.091,0.9999960298522033,0.02399999999852298,ok
BR-SM1,2004,4253.996,4254.026,1.0000070521928088,0.02999999999974534,ok
BR-SM1,2005,4894.575,4894.58,1.000001021539153,0.005000000000109139,ok
BR-SM1,2006,4765.783,4765.782,0.999999790170891,0.0010000000002037268,ok
BR-SM1,2007,5991.098,5991.118,1.0000033382862374,0.020000000000436557,ok
BR-SM1,2008,5108.996999999999,5108.967,0.9999941280059472,0.02999999999974534,ok
BR-SM1,2009,5216.565,5216.611,1.0000088180632274,0.046000000000276486,ok
BR-SM1,2010,5162.256,5162.271,1.0000029057063422,0.014999999999417923,ok
BR-SM1,2011,4970.451999999999,4970.413,0.9999921536310984,0.03899999999975989,ok
BR-SM1,2012,4011.496,4011.535,1.000009722058803,0.03899999999975989,ok
BR-SM1,2013,4800.348,4800.339,0.9999981251359277,0.009000000000014552,ok
BR-SM1,2014,6477.0779999999995,6477.076,0.9999996912187873,0.001999999999497959,ok
BR-SM1,2015,7048.761,7048.765,1.0000005674756174,0.0039999999999054126,ok
BR-SM1,2016,4514.535,4514.533,0.9999995569864893,0.001999999999497959,ok
BR-SM1,2017,5919.284,5919.286,1.000000337878703,0.0020000000004074536,ok
BR-SM1,2018,4904.226000000001,4904.223,0.9999993882826769,0.0030000000006111804,ok
BR-SM1,2019,5232.7159999999985,5232.728,1.0000022932641484,0.012000000001535227,ok
BR-SM1,2020,3615.4539999999993,3615.41,0.9999878300207943,0.043999999999414285,ok
BR-SM1,2021,3879.178,3879.177,0.9999997422134278,9.999999997489795e-4,ok
BR-SM1,2022,3695.2879999999996,3695.276,0.999996752621176,0.011999999999716238,ok
BR-SM1,2023,6117.665,6117.708,1.0000070288255405,0.042999999999665306,ok
BR-SM1,2024,5784.445999999999,5784.479,1.0000057049542863,0.03300000000126602,ok
BR-SM1,2025,5860.536,5860.566,1.0000051189857035,0.02999999999974534,ok
CA-CF2,1981,4243.389999999999,4243.364,0.9999938728233795,0.02599999999983993,ok
CA-CF2,1982,5613.169,5613.192,1.00000409750713,0.023000000000138243,ok
CA-CF2,1983,5912.059,5912.041,0.9999969553754453,0.018000000000029104,ok
CA-CF2,1984,4393.783,4393.709,0.9999831580212313,0.07400000000052387,ok
CA-CF2,1985,4871.119000000001,4871.091,0.9999942518341268,0.028000000000247383,ok
CA-CF2,1986,5555.463000000001,5555.487,1.0000043200719724,0.023999999999432475,ok
CA-CF2,1987,4545.491999999999,4545.47,0.9999951600398815,0.02199999999902502,ok
CA-CF2,1988,4406.571999999999,4406.562,0.9999977306622928,0.009999999999308784,ok
CA-CF2,1989,4281.57,4281.58,1.0000023355918508,0.010000000000218279,ok
CA-CF2,1990,5546.574,5546.541,0.9999940503813707,0.03299999999944703,ok
CA-CF2,1991,5092.395,5092.347,0.9999905741797326,0.04800000000068394,ok
CA-CF2,1992,4205.832,4205.881,1.0000116504891303,0.04899999999997817,ok
CA-CF2,1993,4476.921,4476.918,0.9999993298965962,0.0030000000006111804,ok
CA-CF2,1994,3782.413,3782.418,1.0000013219074702,0.005000000000109139,ok
CA-CF2,1995,4976.155,4976.154,0.9999997990416297,9.999999992942321e-4,ok
CA-CF2,1996,3984.6180000000004,3984.629,1.0000027606159485,0.01099999999951251,ok
CA-CF2,1997,6101.838000000001,6101.881,1.0000070470569686,0.042999999999665306,ok
CA-CF2,1998,4508.3550000000005,4508.4,1.0000099814677414,0.044999999999163265,ok
CA-CF2,1999,5165.774,5165.744,0.9999941925450087,0.030000000000654836,ok
CA-CF2,2000,4807.281,4807.308,1.0000056164805011,0.027000000000043656,ok
CA-CF2,2001,5214.638,5214.621,0.999996739946282,0.016999999999825377,ok
CA-CF2,2002,5630.032,5630.036,1.0000007104755355,0.0039999999999054126,ok
CA-CF2,2003,4564.6990000000005,4564.743,1.000009639189791,0.04399999999986903,ok
CA-CF2,2004,4466.772,4466.76,0.9999973134961893,0.011999999999716238,ok
CA-CF2,2005,5110.192,5110.154,0.9999925638801831,0.03799999999955617,ok
CA-CF2,2006,4821.895,4821.902,1.0000014517114122,0.006999999999607098,ok
CA-CF2,2007,5178.319,5178.32,1.0000001931128615,9.999999992942321e-4,ok
CA-CF2,2008,4916.165000000001,4916.18,1.0000030511587792,0.014999999999417923,ok
CA-CF2,2009,4979.962,4980.008,1.0000092370182743,0.04599999999936699,ok
CA-CF2,2010,6041.942,6041.927,0.9999975173545194,0.015000000000327418,ok
CA-CF2,2011,4637.227,4637.257,1.0000064693835344,0.02999999999974534,ok
CA-CF2,2012,4673.378,4673.385,1.0000014978458838,0.007000000000516593,ok
CA-CF2,2013,4889.870999999999,4889.847,0.9999950918950624,0.023999999999432475,ok
CA-CF2,2014,5897.836,5897.802,0.9999942351737144,0.03400000000056025,ok
CA-CF2,2015,5000.838999999999,5000.879,1.0000079986578254,0.040000000000873115,ok
CA-CF2,2016,4681.774,4681.788,1.0000029903194814,0.013999999999214197,ok
CA-CF2,2017,6125.226000000001,6125.234,1.0000013060742574,0.007999999999810825,ok
CA-CF2,2018,4557.698,4557.72,1.0000048269981907,0.021999999999934516,ok
CA-CF2,2019,5416.302,5416.285,0.9999968613271565,0.016999999999825377,ok
CA-CF2,2020,5010.156,5010.156,1,0,ok
CA-CF2,2021,5411.273,5411.289,1.0000029567903892,0.01599999999962165,ok
CA-CF2,2022,5596.442,5596.453,1.0000019655345307,0.011000000000422006,ok
CA-CF2,2023,4438.383,4438.415,1.0000072098329504,0.032000000000152795,ok
CA-CF2,2024,5573.165999999999,5573.16,0.9999989234126528,0.0059999999994033715,ok
CA-CF2,2025,4891.754999999999,4891.778,1.000004701789031,0.023000000001047738,ok
DE-SfS,1981,6236.499000000001,6236.513,1.0000022448492334,0.013999999999214197,ok
DE-SfS,1982,4991.125,4991.116,0.9999981967993188,0.009000000000014552,ok
DE-SfS,1983,5301.433999999999,5301.439,1.0000009431410446,0.005000000001018634,ok
DE-SfS,1984,4881.272,4881.262,0.9999979513536635,0.010000000000218279,ok
DE-SfS,1985,5325.646,5325.653,1.0000013143945354,0.007000000000516593,ok
DE-SfS,1986,4848.985999999999,4849,1.0000028872015718,0.014000000001033186,ok
DE-SfS,1987,5696.089,5696.115,1.0000045645354207,0.02599999999983993,ok
DE-SfS,1988,5973.316000000001,5973.317,1.0000001674112,9.999999992942321e-4,ok
DE-SfS,1989,4997.2080000000005,4997.198,0.999997998882576,0.010000000000218279,ok
DE-SfS,1990,5034.428,5034.401,0.9999946369279687,0.027000000000043656,ok
DE-SfS,1991,5005.145,5005.126,0.9999962039061805,0.01900000000023283,ok
DE-SfS,1992,4894.009999999999,4893.996,0.9999971393601568,0.013999999999214197,ok
DE-SfS,1993,5163.537,5163.464,0.9999858624040071,0.07300000000032014,ok
DE-SfS,1994,5224.505999999999,5224.487,0.9999963632925296,0.018999999999323336,ok
DE-SfS,1995,6067.279,6067.262,0.9999971980850063,0.01700000000073487,ok
DE-SfS,1996,5247.789,5247.777,0.9999977133226965,0.011999999999716238,ok
DE-SfS,1997,4731.377,4731.345,0.9999932366412568,0.032000000000152795,ok
DE-SfS,1998,5250.43,5250.425,0.9999990476970457,0.005000000000109139,ok
DE-SfS,1999,6538.100000000001,6538.123,1.0000035178415745,0.022999999998319254,ok
DE-SfS,2000,6171.360999999999,6171.373,1.0000019444657346,0.012000000000625732,ok
DE-SfS,2001,6137.6810000000005,6137.738,1.0000092868951644,0.056999999999789,ok
DE-SfS,2002,5733.767,5733.746,0.9999963374863332,0.02099999999973079,ok
DE-SfS,2003,3900.435,3900.481,1.0000117935563597,0.046000000000276486,ok
DE-SfS,2004,4735.8730000000005,4735.906,1.0000069680922608,0.03299999999944703,ok
DE-SfS,2005,5852.624,5852.589,0.9999940197764285,0.03499999999985448,ok
DE-SfS,2006,4696.8859999999995,4696.853,0.999992974068351,0.03299999999944703,ok
DE-SfS,2007,5417.865000000001,5417.875,1.0000018457455104,0.009999999999308784,ok
DE-SfS,2008,5202.014999999999,5201.987,0.9999946174703458,0.027999999999337888,ok
DE-SfS,2009,5295.938999999999,5295.899,0.9999924470429137,0.039999999999054126,ok
DE-SfS,2010,5584.509999999999,5584.491,0.9999965977319408,0.018999999999323336,ok
DE-SfS,2011,4556.012000000001,4556.006,0.9999986830587803,0.006000000000312866,ok
DE-SfS,2012,5268.666,5268.675,1.0000017082122876,0.009000000000014552,ok
DE-SfS,2013,5515.089,5515.073,0.9999970988682142,0.01599999999962165,ok
DE-SfS,2014,5097.436,5097.417,0.99999627263589,0.018999999999323336,ok
DE-SfS,2015,4464.587,4464.603,1.0000035837581391,0.01599999999962165,ok
DE-SfS,2016,5372.371000000001,5372.349,0.9999959049738001,0.02200000000084401,ok
DE-SfS,2017,5354.639,5354.584,0.9999897285325864,0.05500000000029104,ok
DE-SfS,2018,4535.982,4535.963,0.999995811270856,0.01900000000023283,ok
DE-SfS,2019,5537.494000000001,5537.496,1.000000361174206,0.001999999999497959,ok
DE-SfS,2020,5002.205,5002.254,1.000009795680105,0.04899999999997817,ok
DE-SfS,2021,5671.210999999999,5671.174,0.9999934758202438,0.03699999999935244,ok
DE-SfS,2022,4719.236,4719.169,0.9999858027867222,0.06700000000000728,ok
DE-SfS,2023,5273.639,5273.701,1.0000117565878135,0.06199999999989814,ok
DE-SfS,2024,5854.896999999999,5854.851,0.9999921433289092,0.04599999999936699,ok
DE-SfS,2025,4542.091,4542.119,1.0000061645616523,0.027999999999337888,ok
JP-Fmt,1981,5574.312000000001,5574.328,1.0000028703093762,0.01599999999962165,ok
JP-Fmt,1982,6453.455,6453.46,1.0000007747787814,0.005000000000109139,ok
JP-Fmt,1983,5736.911000000001,5736.943,1.000005577914665,0.0319999999992433,ok
JP-Fmt,1984,4193.79,4193.814,1.0000057227472048,0.02400000000034197,ok
JP-Fmt,1985,6376.174,6376.208,1.0000053323513443,0.033999999999650754,ok
JP-Fmt,1986,6130.450999999999,6130.438,0.999997879438234,0.01299999999901047,ok
JP-Fmt,1987,5184.087,5184.085,0.9999996142040054,0.0020000000004074536,ok
JP-Fmt,1988,6166.718999999999,6166.744,1.0000040540196498,0.025000000000545697,ok
JP-Fmt,1989,6070.827,6070.779,0.999992093334236,0.047999999999774445,ok
JP-Fmt,1990,6015.143999999999,6015.162,1.0000029924470637,0.0180000000009386,ok
JP-Fmt,1991,7299.827,7299.835,1.0000010959163828,0.007999999999810825,ok
JP-Fmt,1992,5834.658,5834.639,0.9999967435966255,0.01900000000023283,ok
JP-Fmt,1993,6959.8460000000005,6959.785,0.9999912354382553,0.061000000000603904,ok
JP-Fmt,1994,5376.83,5376.875,1.0000083692435877,0.04500000000007276,ok
JP-Fmt,1995,4939.074,4939.061,0.9999973679276722,0.012999999999919964,ok
JP-Fmt,1996,5346.608,5346.606,0.9999996259310575,0.0020000000004074536,ok
JP-Fmt,1997,4661.674,4661.688,1.000003003213009,0.014000000000123691,ok
JP-Fmt,1998,7016.879,7016.846,0.9999952970544311,0.03300000000035652,ok
JP-Fmt,1999,5298.438,5298.454,1.0000030197578984,0.01599999999962165,ok
JP-Fmt,2000,5497.457,5497.436,0.9999961800519767,0.021000000000640284,ok
JP-Fmt,2001,5506.657,5506.672,1.000002723975726,0.014999999999417923,ok
JP-Fmt,2002,5602.38,5602.381,1.0000001784955679,0.0010000000002037268,ok
JP-Fmt,2003,6823.344000000001,6823.322,0.9999967757744589,0.02200000000084401,ok
JP-Fmt,2004,6294.228,6294.248,1.000003177514383,0.019999999999527063,ok
JP-Fmt,2005,5298.4529999999995,5298.453,1.0000000000000002,9.094947017729282e-13,ok
JP-Fmt,2006,6468.0689999999995,6468.056,0.9999979901265741,0.012999999999919964,ok
JP-Fmt,2007,5773.901,5773.919,1.0000031174763822,0.018000000000029104,ok
JP-Fmt,2008,6104.897,6104.926,1.0000047502848943,0.02900000000045111,ok
JP-Fmt,2009,6426.9169999999995,6426.895,0.9999965768968233,0.02199999999902502,ok
JP-Fmt,2010,6970.396,6970.362,0.9999951222283497,0.033999999999650754,ok
JP-Fmt,2011,5800.215,5800.182,0.9999943105557293,0.03300000000035652,ok
JP-Fmt,2012,5928.455000000001,5928.491,1.0000060724084099,0.03599999999914871,ok
JP-Fmt,2013,5068.531999999999,5068.577,1.0000088783103276,0.045000000000982254,ok
JP-Fmt,2014,5827.1410000000005,5827.137,0.9999993135570255,0.004000000000814907,ok
JP-Fmt,2015,6272.317,6272.301,0.9999974491085193,0.01599999999962165,ok
JP-Fmt,2016,6236.6810000000005,6236.662,0.9999969535078033,0.01900000000023283,ok
JP-Fmt,2017,5910.254,5910.266,1.0000020303695916,0.011999999999716238,ok
JP-Fmt,2018,5403.143000000001,5403.159,1.0000029612394117,0.015999999998712156,ok
JP-Fmt,2019,6418.009000000001,6417.976,0.9999948582184909,0.03300000000126602,ok
JP-Fmt,2020,5826.145999999999,5826.182,1.0000061790418573,0.0360000000009677,ok
JP-Fmt,2021,6373.681,6373.707,1.0000040792753828,0.026000000000749424,ok
JP-Fmt,2022,5647.686000000001,5647.671,0.999997344044977,0.015000000000327418,ok
JP-Fmt,2023,4812.692,4812.74,1.000009973628065,0.047999999999774445,ok
JP-Fmt,2024,6332.553999999999,6332.563,1.0000014212275175,0.009000000000924047,ok
JP-KaP,1981,4878.906,4878.87,0.9999926212966596,0.03600000000005821,ok
JP-KaP,1982,5336.442999999999,5336.448,1.0000009369536975,0.005000000001018634,ok
JP-KaP,1983,5413.932,5413.953,1.000003878881375,0.021000000000640284,ok
JP-KaP,1984,3635.1120000000005,3635.09,0.9999939479168729,0.022000000000389264,ok
JP-KaP,1985,5491.633999999999,5491.688,1.0000098331389167,0.054000000000996806,ok
JP-KaP,1986,5004.711,5004.734,1.0000045956699597,0.023000000000138243,ok
JP-KaP,1987,4522.657000000001,4522.694,1.0000081810316368,0.03699999999935244,ok
JP-KaP,1988,5581.403,5581.412,1.0000016124977895,0.009000000000014552,ok
JP-KaP,1989,5219.411999999999,5219.447,1.0000067057362019,0.035000000000763976,ok
JP-KaP,1990,4406.023999999999,4406.032,1.0000018156959656,0.00800000000072032,ok
JP-KaP,1991,6121.489,6121.459,0.9999950992315759,0.02999999999974534,ok
JP-KaP,1992,5250.723,5250.698,0.9999952387509302,0.024999999999636202,ok
JP-KaP,1993,6104.277,6104.244,0.99999459395437,0.03300000000035652,ok
JP-KaP,1994,4248.442999999999,4248.434,0.9999978815768509,0.008999999999105057,ok
JP-KaP,1995,4321.062,4320.999,0.999985420250855,0.06300000000010186,ok
JP-KaP,1996,4915.749,4915.699,0.9999898286100449,0.0500000000001819,ok
JP-KaP,1997,4037.053000000001,4037,0.9999868716115442,0.05300000000079308,ok
JP-KaP,1998,6447.248,6447.256,1.0000012408395025,0.00800000000072032,ok
JP-KaP,1999,4771.699,4771.651,0.9999899406898884,0.047999999999774445,ok
JP-KaP,2000,5327.009,5327.028,1.0000035667294724,0.01900000000023283,ok
JP-KaP,2001,4608.450999999999,4608.453,1.0000004339853026,0.0020000000013169483,ok
JP-KaP,2002,4805.184,4805.235,1.0000106135373794,0.05099999999947613,ok
JP-KaP,2003,6613.069999999998,6613.117,1.000007107137835,0.0470000000022992,ok
JP-KaP,2004,5823.060999999999,5823.037,0.9999958784563654,0.02399999999852298,ok
JP-KaP,2005,4702.605,4702.571,0.9999927699647324,0.033999999999650754,ok
JP-KaP,2006,6187.114,6187.136,1.0000035557773788,0.02200000000084401,ok
JP-KaP,2007,4811.0199999999995,4811.035,1.0000031178419546,0.015000000000327418,ok
JP-KaP,2008,5382.628999999999,5382.601,0.9999947980810122,0.027999999999337888,ok
JP-KaP,2009,5569.545,5569.586,1.0000073614630998,0.04100000000016735,ok
JP-KaP,2010,6384.298000000001,6384.328,1.0000046990287734,0.02999999999974534,ok
JP-KaP,2011,5129.423,5129.454,1.000006043564744,0.03099999999994907,ok
JP-KaP,2012,5208.132,5208.116,0.9999969278812443,0.01599999999962165,ok
JP-KaP,2013,4532.697,4532.709,1.000002647430437,0.011999999999716238,ok
JP-KaP,2014,5435.051,5435.04,0.9999979760999482,0.011000000000422006,ok
JP-KaP,2015,5546.089999999999,5546.042,0.9999913452540441,0.04799999999886495,ok
JP-KaP,2016,5351.823,5351.799,0.9999955155467585,0.02400000000034197,ok
JP-KaP,2017,5055.6630000000005,5055.644,0.999996241838113,0.01900000000023283,ok
JP-KaP,2018,5066.852000000001,5066.802,0.9999901319399104,0.050000000001091394,ok
JP-KaP,2019,5612.891999999999,5612.864,0.9999950114842759,0.027999999999337888,ok
JP-KaP,2020,5253.381,5253.358,0.9999956218671365,0.023000000000138243,ok
JP-KaP,2021,5831.376,5831.365,0.9999981136527639,0.011000000000422006,ok
JP-KaP,2022,5056.1359999999995,5056.14,1.0000007911179607,0.004000000000814907,ok
JP-KaP,2023,4352.944,4352.946,1.0000004594591614,0.001999999999497959,ok
JP-KaP,2024,5948.261999999999,5948.242,0.9999966376733239,0.019999999998617568,ok
JP-KaP,2025,4166.367,4166.389,1.000005280379765,0.021999999999934516,ok
JP-Kzw,1981,6074.154,6074.143,0.9999981890482197,0.011000000000422006,ok
JP-Kzw,1982,6291.037,6291.045,1.000001271650445,0.007999999999810825,ok
JP-Kzw,1983,6593.6089999999995,6593.58,0.9999956018016841,0.028999999999541615,ok
JP-Kzw,1984,4166.474,4166.524,1.0000120005549058,0.0500000000001819,ok
JP-Kzw,1985,6042.857999999999,6042.801,0.9999905673772247,0.0569999999988795,ok
JP-Kzw,1986,5303.425,5303.405,0.9999962288521096,0.020000000000436557,ok
JP-Kzw,1987,4583.435,4583.466,1.0000067634863372,0.03099999999994907,ok
JP-Kzw,1988,5931.2570000000005,5931.26,1.0000005057949772,0.0029999999997016857,ok
JP-Kzw,1989,5468.223,5468.248,1.0000045718691428,0.024999999999636202,ok
JP-Kzw,1990,5589.812,5589.766,0.9999917707429158,0.046000000000276486,ok
JP-Kzw,1991,6324.604999999999,6324.632,1.0000042690413078,0.02700000000095315,ok
JP-Kzw,1992,4967.606,4967.626,1.0000040260841945,0.020000000000436557,ok
JP-Kzw,1993,6459.826000000001,6459.825,0.9999998451970686,0.0010000000011132215,ok
JP-Kzw,1994,4362.215000000001,4362.202,0.9999970198626155,0.01300000000082946,ok
JP-Kzw,1995,5413.424999999999,5413.442,1.0000031403409118,0.01700000000073487,ok
JP-Kzw,1996,5141.233,5141.225,0.9999984439530362,0.007999999999810825,ok
JP-Kzw,1997,5033.1320000000005,5033.082,0.9999900658277986,0.0500000000001819,ok
JP-Kzw,1998,6730.807999999999,6730.799,0.9999986628648448,0.008999999999105057,ok
JP-Kzw,1999,5506.629,5506.672,1.0000078087701205,0.042999999999665306,ok
JP-Kzw,2000,5475.272999999998,5475.295,1.0000040180644878,0.022000000001753506,ok
JP-Kzw,2001,5499.053,5499.067,1.000002545892902,0.014000000000123691,ok
JP-Kzw,2002,5117.896,5117.9,1.0000007815711769,0.0039999999999054126,ok
JP-Kzw,2003,5840.436,5840.48,1.000007533684129,0.04399999999986903,ok
JP-Kzw,2004,6074.744,6074.775,1.0000051030957025,0.03099999999994907,ok
JP-Kzw,2005,4687.901000000001,4687.918,1.0000036263564438,0.016999999998915882,ok
JP-Kzw,2006,5865.245000000001,5865.217,0.9999952261158739,0.028000000001156877,ok
JP-Kzw,2007,5150.727,5150.779,1.0000100956622242,0.05200000000058935,ok
JP-Kzw,2008,5468.249000000001,5468.255,1.000001097243377,0.0059999999994033715,ok
JP-Kzw,2009,5569.09,5569.125,1.0000062846892401,0.03499999999985448,ok
JP-Kzw,2010,6603.513,6603.49,0.9999965170054181,0.023000000000138243,ok
JP-Kzw,2011,5773.709000000001,5773.695,0.9999975752155156,0.014000000001033186,ok
JP-Kzw,2012,5652.785,5652.753,0.9999943390735717,0.032000000000152795,ok
JP-Kzw,2013,5358.849,5358.852,1.0000005598217079,0.0029999999997016857,ok
JP-Kzw,2014,5231.744999999999,5231.726,0.9999963683245267,0.018999999999323336,ok
JP-Kzw,2015,5216.671,5216.684,1.0000024920107096,0.012999999999919964,ok
JP-Kzw,2016,5716.18,5716.146,0.9999940519717713,0.03400000000056025,ok
JP-Kzw,2017,5741.393999999999,5741.381,0.9999977357415292,0.01299999999901047,ok
JP-Kzw,2018,5177.058000000001,5177.113,1.0000106237944406,0.054999999999381544,ok
JP-Kzw,2019,5913.563999999999,5913.573,1.0000015219248495,0.009000000000924047,ok
JP-Kzw,2020,6442.008000000001,6441.991,0.9999973610712684,0.01700000000073487,ok
JP-Kzw,2021,6561.294,6561.353,1.0000089921286868,0.05900000000019645,ok
JP-Kzw,2022,5680.197999999999,5680.237,1.0000068659578418,0.03900000000066939,ok
JP-Kzw,2023,5584.128,5584.185,1.0000102075024069,0.05700000000069849,ok
JP-Kzw,2024,6657.145,6657.178,1.0000049570799494,0.03299999999944703,ok
JP-Kzw,2025,4966.141999999999,4966.122,0.9999959727289315,0.019999999998617568,ok
JP-MBF,1981,6747.052000000001,6747.055,1.0000004446386361,0.0029999999997016857,ok
JP-MBF,1982,4700.443,4700.452,1.0000019147131451,0.009000000000014552,ok
JP-MBF,1983,4377.594,4377.61,1.0000036549757698,0.01599999999962165,ok
JP-MBF,1984,3917.1830000000004,3917.153,0.9999923414351587,0.030000000000654836,ok
JP-MBF,1985,5114.557,5114.54,0.999996676153966,0.016999999999825377,ok
JP-MBF,1986,4497.406,4497.432,1.0000057811102667,0.02599999999983993,ok
JP-MBF,1987,4812.226,4812.262,1.0000074809454087,0.03600000000005821,ok
JP-MBF,1988,4828.652000000001,4828.676,1.0000049703312641,0.023999999999432475,ok
JP-MBF,1989,5140.027,5139.999,0.9999945525577978,0.028000000000247383,ok
JP-MBF,1990,4586.7660000000005,4586.78,1.0000030522594785,0.013999999999214197,ok
JP-MBF,1991,5030.465999999999,5030.498,1.0000063612396943,0.032000000000152795,ok
JP-MBF,1992,5665.988000000001,5665.951,0.9999934698061483,0.03700000000117143,ok
JP-MBF,1993,4397.1050000000005,4397.166,1.0000138727640118,0.06099999999969441,ok
JP-MBF,1994,5249.8550000000005,5249.861,1.0000011428887083,0.0059999999994033715,ok
JP-MBF,1995,5463.656,5463.689,1.0000060399117368,0.03300000000035652,ok
JP-MBF,1996,5487.143,5487.086,0.9999896120804579,0.056999999999789,ok
JP-MBF,1997,4816.465999999999,4816.507,1.0000085124653637,0.04100000000016735,ok
JP-MBF,1998,5007.228,5007.211,0.9999966049079451,0.016999999999825377,ok
JP-MBF,1999,5071.512,5071.493,0.9999962535827581,0.018999999999323336,ok
JP-MBF,2000,5761.464,5761.466,1.0000003471339924,0.0020000000004074536,ok
JP-MBF,2001,5268.248,5268.231,0.9999967731207795,0.016999999999825377,ok
JP-MBF,2002,4691.184,4691.198,1.000002984321229,0.014000000000123691,ok
JP-MBF,2003,3784.7750000000005,3784.746,0.999992337721529,0.02900000000045111,ok
JP-MBF,2004,5008.506,5008.448,0.9999884197004056,0.057999999999992724,ok
JP-MBF,2005,4531.995,4531.978,0.9999962488925959,0.016999999999825377,ok
JP-MBF,2006,5013.340999999999,5013.344,1.0000005984033404,0.0030000000006111804,ok
JP-MBF,2007,4232.185,4232.18,0.9999988185771652,0.005000000000109139,ok
JP-MBF,2008,4095.4880000000003,4095.468,0.9999951165770721,0.020000000000436557,ok
JP-MBF,2009,5511.837,5511.868,1.000005624259208,0.03099999999994907,ok
JP-MBF,2010,5990.212999999999,5990.229,1.0000026710235514,0.01600000000144064,ok
JP-MBF,2011,6086.817,6086.815,0.9999996714210398,0.0020000000004074536,ok
JP-MBF,2012,5653.355999999998,5653.341,0.9999973467087518,0.014999999997598934,ok
JP-MBF,2013,5905.022999999999,5905.06,1.0000062658519706,0.03700000000117143,ok
JP-MBF,2014,5022.506,5022.486,0.9999960179241199,0.020000000000436557,ok
JP-MBF,2015,5228.076999999999,5228.109,1.0000061207973794,0.03200000000106229,ok
JP-MBF,2016,6612.398999999999,6612.395,0.9999993950758267,0.003999999998995918,ok
JP-MBF,2017,4999.645,4999.63,0.9999969997869849,0.015000000000327418,ok
JP-MBF,2018,5747.213000000001,5747.157,0.9999902561467618,0.056000000000494765,ok
JP-MBF,2019,4682.053,4682.006,0.9999899616685246,0.04699999999957072,ok
JP-MBF,2020,5238.484,5238.444,0.9999923642030786,0.03999999999996362,ok
JP-MBF,2021,5418.598,5418.574,0.9999955708100139,0.02400000000034197,ok
JP-MBF,2022,5312.072,5312.095,1.0000043297605907,0.023000000000138243,ok
JP-MBF,2023,5702.532,5702.543,1.0000019289676936,0.01099999999951251,ok
JP-MBF,2024,5307.3640000000005,5307.344,0.9999962316509664,0.020000000000436557,ok
JP-MBF,2025,6044.138999999999,6044.154,1.0000024817430575,0.015000000001236913,ok
JP-Mse,1981,4905.639,4905.639,1,0,ok
JP-Mse,1982,5355.068,5355.077,1.0000016806509273,0.009000000000014552,ok
JP-Mse,1983,5254.419,5254.355,0.999987819776078,0.06400000000030559,ok
JP-Mse,1984,3495.396,3495.377,0.9999945642782677,0.01900000000023283,ok
JP-Mse,1985,5563.505999999999,5563.569,1.000011323794744,0.06300000000101136,ok
JP-Mse,1986,4949.008,4948.987,0.9999957567253882,0.02099999999973079,ok
JP-Mse,1987,4396.486,4396.527,1.0000093256296052,0.04100000000016735,ok
JP-Mse,1988,5413.26,5413.281,1.0000038793628978,0.02099999999973079,ok
JP-Mse,1989,5217.427,5217.452,1.0000047916338841,0.025000000000545697,ok
JP-Mse,1990,4663.763,4663.824,1.0000130795668647,0.06099999999969441,ok
JP-Mse,1991,6185.994000000001,6185.996,1.000000323311015,0.001999999999497959,ok
JP-Mse,1992,5078.172999999999,5078.163,0.9999980307878445,0.009999999999308784,ok
JP-Mse,1993,6040.027,6040.052,1.0000041390543453,0.024999999999636202,ok
JP-Mse,1994,4247.0999999999995,4247.105,1.0000011772739046,0.005000000000109139,ok
JP-Mse,1995,4296.5199999999995,4296.501,0.9999955778164655,0.018999999999323336,ok
JP-Mse,1996,4727.747,4727.735,0.9999974617931119,0.012000000000625732,ok
JP-Mse,1997,4104.639,4104.621,0.9999956147178838,0.018000000000029104,ok
JP-Mse,1998,6548.414000000001,6548.446,1.0000048866794309,0.0319999999992433,ok
JP-Mse,1999,4583.141,4583.129,0.9999973817083089,0.011999999999716238,ok
JP-Mse,2000,5301.101000000001,5301.072,0.9999945294383185,0.02900000000045111,ok
JP-Mse,2001,4276.493,4276.547,1.0000126271690377,0.05399999999917782,ok
JP-Mse,2002,4694.966,4694.953,0.9999972310768598,0.012999999999919964,ok
JP-Mse,2003,6392.426,6392.415,0.9999982792135568,0.011000000000422006,ok
JP-Mse,2004,5496.331,5496.339,1.0000014555164163,0.007999999999810825,ok
JP-Mse,2005,4582.469999999999,4582.507,1.0000080742481676,0.037000000000261934,ok
JP-Mse,2006,5955.966,5956.001,1.0000058764606783,0.03499999999985448,ok
JP-Mse,2007,4848.755,4848.764,1.0000018561465778,0.009000000000014552,ok
JP-Mse,2008,5163.938,5163.955,1.0000032920612136,0.016999999999825377,ok
JP-Mse,2009,5514.273999999999,5514.271,0.9999994559573936,0.0029999999997016857,ok
JP-Mse,2010,6257.821,6257.851,1.0000047940009789,0.02999999999974534,ok
JP-Mse,2011,5090.776,5090.825,1.0000096252516315,0.04899999999997817,ok
JP-Mse,2012,4975.7300000000005,4975.744,1.0000028136574932,0.013999999999214197,ok
JP-Mse,2013,4573.621,4573.665,1.0000096203861228,0.04399999999986903,ok
JP-Mse,2014,5191.062,5191.085,1.0000044306926021,0.023000000000138243,ok
JP-Mse,2015,5610.603,5610.512,0.9999837807094888,0.09100000000034925,ok
JP-Mse,2016,5375.352,5375.353,1.0000001860343286,0.0010000000002037268,ok
JP-Mse,2017,5033.547000000001,5033.555,1.0000015893365055,0.00799999999890133,ok
JP-Mse,2018,4807.373,4807.329,0.9999908473921204,0.04399999999986903,ok
JP-Mse,2019,5549.336,5549.328,0.9999985583860844,0.007999999999810825,ok
JP-Mse,2020,5129.521000000002,5129.522,1.0000001949499766,9.999999983847374e-4,ok
JP-Mse,2021,5674.324,5674.269,0.9999903072154499,0.054999999999381544,ok
JP-Mse,2022,4893.933,4893.947,1.0000028606848521,0.014000000000123691,ok
JP-Mse,2023,4255.438,4255.401,0.9999913052428445,0.037000000000261934,ok
JP-Mse,2024,5893.479999999999,5893.468,0.9999979638515786,0.011999999998806743,ok
JP-Mse,2025,4057.766,4057.751,0.9999963033846703,0.01499999999987267,ok
JP-Nuf,1981,4970.214,4970.199,0.9999969820212972,0.015000000000327418,ok
JP-Nuf,1982,6572.492999999999,6572.502,1.0000013693434138,0.009000000001833541,ok
JP-Nuf,1983,6026.65,6026.679,1.00000481196021,0.02900000000045111,ok
JP-Nuf,1984,3970.6459999999997,3970.62,0.999993451947114,0.02599999999983993,ok
JP-Nuf,1985,5806.114999999999,5806.06,0.9999905272286205,0.05499999999847205,ok
JP-Nuf,1986,4908.632,4908.679,1.0000095749691564,0.04700000000048021,ok
JP-Nuf,1987,4465.966000000001,4465.937,0.9999935064440703,0.029000000001360604,ok
JP-Nuf,1988,5882.923,5882.919,0.9999993200658924,0.0039999999999054126,ok
JP-Nuf,1989,5833.53,5833.527,0.999999485731624,0.0029999999997016857,ok
JP-Nuf,1990,5607.981,5607.95,0.9999944721638679,0.03099999999994907,ok
JP-Nuf,1991,6339.773999999999,6339.73,0.9999930596895095,0.04399999999986903,ok
JP-Nuf,1992,4940.1179999999995,4940.092,0.9999947369678215,0.02599999999983993,ok
JP-Nuf,1993,6621.087,6621.083,0.9999993958695905,0.004000000000814907,ok
JP-Nuf,1994,4213.038,4213.014,0.9999943033981655,0.023999999999432475,ok
JP-Nuf,1995,4773.517999999999,4773.508,0.9999979051089785,0.009999999999308784,ok
JP-Nuf,1996,4964.321000000001,4964.323,1.0000004028748342,0.001999999999497959,ok
JP-Nuf,1997,5054.842,5054.806,0.999992878115676,0.03600000000005821,ok
JP-Nuf,1998,6229.831,6229.828,0.9999995184460061,0.0029999999997016857,ok
JP-Nuf,1999,5256.213,5256.208,0.9999990487447902,0.005000000000109139,ok
JP-Nuf,2000,5868.539999999999,5868.519,0.9999964215971947,0.020999999998821295,ok
JP-Nuf,2001,4744.358,4744.373,1.0000031616501115,0.014999999999417923,ok
JP-Nuf,2002,4157.212,4157.21,0.9999995189083452,0.0020000000004074536,ok
JP-Nuf,2003,6288.308,6288.275,0.9999947521654473,0.03300000000035652,ok
JP-Nuf,2004,6168.764,6168.776,1.000001945284339,0.011999999999716238,ok
JP-Nuf,2005,3819.513,3819.462,0.9999866475123923,0.05099999999993088,ok
JP-Nuf,2006,5607.719000000001,5607.655,0.9999885871599484,0.06400000000121508,ok
JP-Nuf,2007,3999.882,3999.926,1.0000110003245095,0.04399999999986903,ok
JP-Nuf,2008,5529,5529.003,1.0000005425935974,0.0029999999997016857,ok
JP-Nuf,2009,5611.079,5611.014,0.9999884157752903,0.06499999999959982,ok
JP-Nuf,2010,6387.172,6387.186,1.0000021918933764,0.014000000000123691,ok
JP-Nuf,2011,6747.803999999998,6747.817,1.000001926552698,0.013000000001738954,ok
JP-Nuf,2012,5155.6230000000005,5155.621,0.9999996120740402,0.0020000000004074536,ok
JP-Nuf,2013,4984.754999999999,4984.766,1.0000022067283147,0.011000000000422006,ok
JP-Nuf,2014,5253.254,5253.277,1.000004378238707,0.023000000000138243,ok
JP-Nuf,2015,6106.397999999999,6106.418,1.0000032752532673,0.020000000000436557,ok
JP-Nuf,2016,5580.858,5580.873,1.0000026877587638,0.014999999999417923,ok
JP-Nuf,2017,4688.995,4688.989,0.9999987204081044,0.006000000000312866,ok
JP-Nuf,2018,6081.341,6081.397,1.0000092084952972,0.05599999999958527,ok
JP-Nuf,2019,5320.580000000001,5320.644,1.0000120287637813,0.0639999999993961,ok
JP-Nuf,2020,6452.998999999999,6452.941,0.9999910119310418,0.05799999999908323,ok
JP-Nuf,2021,6904.935999999999,6904.933,0.9999995655281962,0.002999999998792191,ok
JP-Nuf,2022,4757.741,4757.684,0.999988019524392,0.056999999999789,ok
JP-Nuf,2023,5296.833,5296.853,1.0000037758411489,0.020000000000436557,ok
JP-Nuf,2024,6605.628000000001,6605.636,1.000001211088484,0.007999999999810825,ok
JP-Nuf,2025,4666.942999999999,4666.909,0.9999927147171072,0.033999999999650754,ok
JP-SMF,1981,4970.214,4970.199,0.9999969820212972,0.015000000000327418,ok
JP-SMF,1982,6572.492999999999,6572.502,1.0000013693434138,0.009000000001833541,ok
JP-SMF,1983,6026.65,6026.679,1.00000481196021,0.02900000000045111,ok
JP-SMF,1984,3970.6459999999997,3970.62,0.999993451947114,0.02599999999983993,ok
JP-SMF,1985,5806.114999999999,5806.06,0.9999905272286205,0.05499999999847205,ok
JP-SMF,1986,4908.632,4908.679,1.0000095749691564,0.04700000000048021,ok
JP-SMF,1987,4465.966000000001,4465.937,0.9999935064440703,0.029000000001360604,ok
JP-SMF,1988,5882.923,5882.919,0.9999993200658924,0.0039999999999054126,ok
JP-SMF,1989,5833.53,5833.527,0.999999485731624,0.0029999999997016857,ok
JP-SMF,1990,5607.981,5607.95,0.9999944721638679,0.03099999999994907,ok
JP-SMF,1991,6339.773999999999,6339.73,0.9999930596895095,0.04399999999986903,ok
JP-SMF,1992,4940.1179999999995,4940.092,0.9999947369678215,0.02599999999983993,ok
JP-SMF,1993,6621.087,6621.083,0.9999993958695905,0.004000000000814907,ok
JP-SMF,1994,4213.038,4213.014,0.9999943033981655,0.023999999999432475,ok
JP-SMF,1995,4773.517999999999,4773.508,0.9999979051089785,0.009999999999308784,ok
JP-SMF,1996,4964.321000000001,4964.323,1.0000004028748342,0.001999999999497959,ok
JP-SMF,1997,5054.842,5054.806,0.999992878115676,0.03600000000005821,ok
JP-SMF,1998,6229.831,6229.828,0.9999995184460061,0.0029999999997016857,ok
JP-SMF,1999,5256.213,5256.208,0.9999990487447902,0.005000000000109139,ok
JP-SMF,2000,5868.539999999999,5868.519,0.9999964215971947,0.020999999998821295,ok
JP-SMF,2001,4744.358,4744.373,1.0000031616501115,0.014999999999417923,ok
JP-SMF,2002,4157.212,4157.21,0.9999995189083452,0.0020000000004074536,ok
JP-SMF,2003,6288.308,6288.275,0.9999947521654473,0.03300000000035652,ok
JP-SMF,2004,6168.764,6168.776,1.000001945284339,0.011999999999716238,ok
JP-SMF,2005,3819.513,3819.462,0.9999866475123923,0.05099999999993088,ok
JP-SMF,2006,5607.719000000001,5607.655,0.9999885871599484,0.06400000000121508,ok
JP-SMF,2007,3999.882,3999.926,1.0000110003245095,0.04399999999986903,ok
JP-SMF,2008,5529,5529.003,1.0000005425935974,0.0029999999997016857,ok
JP-SMF,2009,5611.079,5611.014,0.9999884157752903,0.06499999999959982,ok
JP-SMF,2010,6387.172,6387.186,1.0000021918933764,0.014000000000123691,ok
JP-SMF,2011,6747.803999999998,6747.817,1.000001926552698,0.013000000001738954,ok
JP-SMF,2012,5155.6230000000005,5155.621,0.9999996120740402,0.0020000000004074536,ok
JP-SMF,2013,4984.754999999999,4984.766,1.0000022067283147,0.011000000000422006,ok
JP-SMF,2014,5253.254,5253.277,1.000004378238707,0.023000000000138243,ok
JP-SMF,2015,6106.397999999999,6106.418,1.0000032752532673,0.020000000000436557,ok
JP-SMF,2016,5580.858,5580.873,1.0000026877587638,0.014999999999417923,ok
JP-SMF,2017,4688.995,4688.989,0.9999987204081044,0.006000000000312866,ok
JP-SMF,2018,6081.341,6081.397,1.0000092084952972,0.05599999999958527,ok
JP-SMF,2019,5320.580000000001,5320.644,1.0000120287637813,0.0639999999993961,ok
JP-SMF,2020,6452.998999999999,6452.941,0.9999910119310418,0.05799999999908323,ok
JP-SMF,2021,6904.935999999999,6904.933,0.9999995655281962,0.002999999998792191,ok
JP-SMF,2022,4757.741,4757.684,0.999988019524392,0.056999999999789,ok
JP-SMF,2023,5296.833,5296.853,1.0000037758411489,0.020000000000436557,ok
JP-SMF,2024,6605.628000000001,6605.636,1.000001211088484,0.007999999999810825,ok
JP-SMF,2025,4666.942999999999,4666.909,0.9999927147171072,0.033999999999650754,ok
JP-Shn,1981,5909.772000000001,5909.767,0.9999991539436714,0.005000000001018634,ok
JP-Shn,1982,6401.401000000001,6401.418,1.0000026556686574,0.016999999998915882,ok
JP-Shn,1983,7189.776,7189.721,0.9999923502484639,0.05500000000029104,ok
JP-Shn,1984,4274.838,4274.865,1.000006316028818,0.027000000000043656,ok
JP-Shn,1985,7001.396000000001,7001.389,0.9999990001993887,0.007000000000516593,ok
JP-Shn,1986,6011.835000000001,6011.846,1.0000018297242022,0.010999999998603016,ok
JP-Shn,1987,5084.652000000001,5084.648,0.9999992133188268,0.004000000000814907,ok
JP-Shn,1988,6397.392000000001,6397.406,1.0000021883917696,0.013999999999214197,ok
JP-Shn,1989,6744.943,6744.979,1.0000053373319835,0.03600000000005821,ok
JP-Shn,1990,5762.947,5762.92,0.9999953148970483,0.027000000000043656,ok
JP-Shn,1991,7669.962999999999,7669.99,1.0000035202255866,0.02700000000095315,ok
JP-Shn,1992,5335.7609999999995,5335.8,1.000007309172956,0.03900000000066939,ok
JP-Shn,1993,7390.4580000000005,7390.507,1.0000066301709583,0.04899999999906868,ok
JP-Shn,1994,4303.627,4303.598,0.9999932614978017,0.02900000000045111,ok
JP-Shn,1995,5705.802,5705.756,0.9999919380307976,0.04599999999936699,ok
JP-Shn,1996,6040.312999999999,6040.313,1.0000000000000002,9.094947017729282e-13,ok
JP-Shn,1997,5855.589,5855.54,0.9999916319263528,0.04899999999997817,ok
JP-Shn,1998,7379.006,7379.009,1.0000004065588237,0.0029999999997016857,ok
JP-Shn,1999,5745.165999999999,5745.19,1.0000041774249866,0.02400000000034197,ok
JP-Shn,2000,5747.367,5747.343,0.9999958241747916,0.02400000000034197,ok
JP-Shn,2001,5524.713,5524.682,0.9999943888487963,0.03099999999994907,ok
JP-Shn,2002,5069.977,5069.916,0.9999879683872334,0.06099999999969441,ok
JP-Shn,2003,7206.642999999999,7206.618,0.9999965309784321,0.024999999998726707,ok
JP-Shn,2004,6786.494999999999,6786.524,1.0000042731925687,0.029000000001360604,ok
JP-Shn,2005,4081.3430000000008,4081.35,1.0000017151217133,0.006999999999152351,ok
JP-Shn,2006,6227.307999999999,6227.289,0.9999969489223917,0.018999999999323336,ok
JP-Shn,2007,5102.782,5102.794,1.0000023516583698,0.011999999999716238,ok
JP-Shn,2008,5453.673,5453.658,0.9999972495600672,0.014999999999417923,ok
JP-Shn,2009,6296.124000000002,6296.117,0.9999988882048699,0.007000000001426088,ok
JP-Shn,2010,6924.902999999999,6924.9,0.9999995667809355,0.0029999999997016857,ok
JP-Shn,2011,6316.212,6316.202,0.9999984167725845,0.010000000000218279,ok
JP-Shn,2012,5964.7249999999985,5964.756,1.0000051972220012,0.031000000001768058,ok
JP-Shn,2013,5328.087,5328.101,1.000002627584722,0.013999999999214197,ok
JP-Shn,2014,5541.610999999999,5541.587,0.9999956691294285,0.02399999999852298,ok
JP-Shn,2015,6180.530000000001,6180.519,0.99999822021736,0.011000000000422006,ok
JP-Shn,2016,6402.3369999999995,6402.345,1.0000012495437214,0.00800000000072032,ok
JP-Shn,2017,5428.375000000001,5428.419,1.000008105556451,0.04399999999895954,ok
JP-Shn,2018,6548.41,6548.406,0.999999389164698,0.0039999999999054126,ok
JP-Shn,2019,6048.458,6048.456,0.9999996693372096,0.001999999999497959,ok
JP-Shn,2020,7013.003000000001,7013.04,1.0000052759138987,0.03699999999935244,ok
JP-Shn,2021,7242.185,7242.206,1.0000028996773764,0.02099999999973079,ok
JP-Shn,2022,5710.375999999999,5710.417,1.0000071799124963,0.04100000000107684,ok
JP-Shn,2023,5706.069,5706.045,0.9999957939520184,0.02400000000034197,ok
JP-Shn,2024,6920.357000000001,6920.369,1.000001734014589,0.011999999998806743,ok
JP-Shn,2025,5041.6720000000005,5041.65,0.9999956363682523,0.02200000000084401,ok
JP-Tak,1981,9073.095999999998,9073.075,0.9999976854648075,0.020999999997002305,ok
JP-Tak,1982,8578.675000000001,8578.706,1.000003613611659,0.030999999999039574,ok
JP-Tak,1983,10894.729,10894.725,0.9999996328499774,0.003999999998995918,ok
JP-Tak,1984,7135.770999999999,7135.779,1.0000011211122108,0.008000000001629815,ok
JP-Tak,1985,10850.507,10850.52,1.000001198100697,0.01300000000082946,ok
JP-Tak,1986,7776.465999999999,7776.44,0.9999966565789653,0.02599999999983993,ok
JP-Tak,1987,7425.915999999999,7425.925,1.000001211971695,0.009000000000924047,ok
JP-Tak,1988,9533.228999999998,9533.206,0.9999975873861839,0.02299999999740976,ok
JP-Tak,1989,8679.122,8679.161,1.0000044935420889,0.03900000000066939,ok
JP-Tak,1990,8577.338000000002,8577.324,0.9999983677919652,0.014000000001033186,ok
JP-Tak,1991,10143.029,10143.043,1.0000013802583034,0.013999999999214197,ok
JP-Tak,1992,7206.45,7206.435,0.9999979185313158,0.014999999999417923,ok
JP-Tak,1993,10906.433,10906.429,0.9999996332439762,0.004000000000814907,ok
JP-Tak,1994,6090.119999999999,6090.166,1.0000075532173425,0.04600000000118598,ok
JP-Tak,1995,9054.429999999998,9054.4,0.9999966867047403,0.029999999998835847,ok
JP-Tak,1996,8302.444,8302.431,0.9999984341960031,0.01299999999901047,ok
JP-Tak,1997,9253.935000000001,9253.922,0.9999985951922074,0.01300000000082946,ok
JP-Tak,1998,10184.24,10184.258,1.0000017674367454,0.018000000000029104,ok
JP-Tak,1999,9705.553,9705.52,0.9999965998846229,0.03299999999944703,ok
JP-Tak,2000,8404.485999999999,8404.502,1.0000019037452144,0.01600000000144064,ok
JP-Tak,2001,7893.02,7893.063,1.0000054478513927,0.042999999999665306,ok
JP-Tak,2002,8267.711,8267.722,1.0000013304770814,0.011000000000422006,ok
JP-Tak,2003,9656.635,9656.633,0.9999997928885165,0.0020000000004074536,ok
JP-Tak,2004,9712.715000000002,9712.754,1.0000040153551297,0.0389999999988504,ok
JP-Tak,2005,7115.275,7115.297,1.0000030919395244,0.021999999999934516,ok
JP-Tak,2006,9377.269,9377.23,0.9999958410065872,0.03900000000066939,ok
JP-Tak,2007,7243.661,7243.657,0.9999994477930428,0.0039999999999054126,ok
JP-Tak,2008,7170.153,7170.163,1.0000013946703785,0.009999999999308784,ok
JP-Tak,2009,8841.01,8841.06,1.0000056554624415,0.049999999999272404,ok
JP-Tak,2010,10365.917,10365.908,0.9999991317700113,0.009000000000014552,ok
JP-Tak,2011,8842.008,8842.001,0.999999208324625,0.006999999999607098,ok
JP-Tak,2012,8253.978000000001,8253.997,1.0000023019203588,0.01899999999841384,ok
JP-Tak,2013,8551.34,8551.393,1.0000061978590489,0.052999999999883585,ok
JP-Tak,2014,8424.918,8424.917,0.9999998813044827,0.0010000000002037268,ok
JP-Tak,2015,8774.389,8774.44,1.0000058123705253,0.05100000000129512,ok
JP-Tak,2016,9255.932999999997,9255.951,1.000001944698606,0.018000000001848093,ok
JP-Tak,2017,8877.614,8877.587,0.9999969586422658,0.027000000000043656,ok
JP-Tak,2018,9406.369999999999,9406.407,1.0000039335046358,0.037000000000261934,ok
JP-Tak,2019,8573.900000000001,8573.935,1.0000040821563114,0.03499999999803549,ok
JP-Tak,2020,10261.718,10261.702,0.99999844080689,0.01600000000144064,ok
JP-Tak,2021,10879.427,10879.419,0.9999992646671557,0.007999999999810825,ok
JP-Tak,2022,8521.914,8521.847,0.999992137916435,0.06700000000091677,ok
JP-Tak,2023,9099.575,9099.558,0.9999981317808799,0.016999999999825377,ok
JP-Tak,2024,10545.855,10545.809,0.999995638096674,0.046000000000276486,ok
JP-Tak,2025,8316.279,8316.298,1.0000022846756345,0.01900000000023283,ok
JP-Tkb,1981,5090.226,5090.229,1.0000005893647945,0.0030000000006111804,ok
JP-Tkb,1982,5480.8150000000005,5480.84,1.0000045613654174,0.024999999999636202,ok
JP-Tkb,1983,5647.151000000001,5647.129,0.9999961042302569,0.02200000000084401,ok
JP-Tkb,1984,3577.1009999999997,3577.106,1.0000013977799342,0.005000000000563887,ok
JP-Tkb,1985,5697.946,5697.995,1.0000085995900978,0.04899999999997817,ok
JP-Tkb,1986,5238.572,5238.62,1.000009162802382,0.047999999999774445,ok
JP-Tkb,1987,4593.7660000000005,4593.783,1.0000037006673828,0.016999999999825377,ok
JP-Tkb,1988,5749.078999999999,5749.109,1.0000052182271284,0.03000000000156433,ok
JP-Tkb,1989,5342.412,5342.411,0.9999998128186295,0.0010000000002037268,ok
JP-Tkb,1990,5145.448000000001,5145.489,1.0000079682080159,0.04099999999834836,ok
JP-Tkb,1991,6325.338999999999,6325.354,1.000002371414402,0.015000000001236913,ok
JP-Tkb,1992,5096.4130000000005,5096.371,0.9999917589096488,0.042000000000371074,ok
JP-Tkb,1993,6272.944,6272.976,1.0000051012730227,0.0319999999992433,ok
JP-Tkb,1994,4342.907999999999,4342.891,0.9999960855721558,0.016999999999825377,ok
JP-Tkb,1995,4629.645,4629.661,1.000003455988526,0.01599999999962165,ok
JP-Tkb,1996,4970.942999999999,4970.951,1.0000016093525919,0.00800000000072032,ok
JP-Tkb,1997,4340.749,4340.709,0.9999907850004688,0.03999999999996362,ok
JP-Tkb,1998,6890.07,6890.032,0.999994484816555,0.03799999999955617,ok
JP-Tkb,1999,4907.785999999999,4907.802,1.000003260125849,0.016000000000531145,ok
JP-Tkb,2000,5479.55,5479.597,1.0000085773466798,0.04699999999957072,ok
JP-Tkb,2001,4496.344999999999,4496.326,0.9999957743456075,0.018999999999323336,ok
JP-Tkb,2002,4881.799000000001,4881.804,1.0000010242125903,0.004999999999199645,ok
JP-Tkb,2003,6728.062,6728.076,1.0000020808369483,0.014000000000123691,ok
JP-Tkb,2004,6010.148,6010.153,1.0000008319262688,0.005000000000109139,ok
JP-Tkb,2005,4760.37,4760.331,0.999991807359512,0.03899999999975989,ok
JP-Tkb,2006,6286.473,6286.512,1.000006203796628,0.03899999999975989,ok
JP-Tkb,2007,5056.023,5056.051,1.0000055379494912,0.028000000000247383,ok
JP-Tkb,2008,5257.4980000000005,5257.446,0.9999901093638075,0.05200000000058935,ok
JP-Tkb,2009,5447.9580000000005,5447.935,0.9999957782347073,0.023000000000138243,ok
JP-Tkb,2010,6457.7390000000005,6457.788,1.000007587795047,0.04899999999906868,ok
JP-Tkb,2011,5817.311000000001,5817.31,0.9999998280992712,0.0010000000002037268,ok
JP-Tkb,2012,5507.799000000001,5507.771,0.999994916299596,0.028000000001156877,ok
JP-Tkb,2013,4753.297999999999,4753.318,1.0000042076049096,0.020000000001346052,ok
JP-Tkb,2014,5491.870999999999,5491.9,1.0000052805318989,0.02900000000045111,ok
JP-Tkb,2015,5586.997000000001,5586.996,0.9999998210129697,0.0010000000011132215,ok
JP-Tkb,2016,5529.704,5529.694,0.9999981915849385,0.009999999999308784,ok
JP-Tkb,2017,4935.326,4935.304,0.9999955423410734,0.021999999999934516,ok
JP-Tkb,2018,5175.317,5175.304,0.9999974880765758,0.012999999999919964,ok
JP-Tkb,2019,5640.204000000001,5640.182,0.9999960994318644,0.02200000000084401,ok
JP-Tkb,2020,5279.3859999999995,5279.338,0.9999909080336237,0.047999999999774445,ok
JP-Tkb,2021,5976.113,5976.115,1.0000003346656932,0.001999999999497959,ok
JP-Tkb,2022,5127.409,5127.371,0.999992588849456,0.03799999999955617,ok
JP-Tkb,2023,4394.036000000001,4394.072,1.0000081929233169,0.03599999999914871,ok
JP-Tkb,2024,6151.104,6151.122,1.0000029263039611,0.018000000000029104,ok
JP-Tkb,2025,4362.357,4362.352,0.9999988538306241,0.005000000000109139,ok
JP-Yms,1981,4436.652999999999,4436.66,1.0000015777659421,0.007000000000516593,ok
JP-Yms,1982,6042.476000000001,6042.498,1.0000036408915813,0.02199999999902502,ok
JP-Yms,1983,4936.625999999999,4936.631,1.0000010128375132,0.005000000001018634,ok
JP-Yms,1984,3824.062,3824.059,0.9999992154938911,0.0029999999997016857,ok
JP-Yms,1985,4990.451999999999,4990.414,0.9999923854592732,0.03799999999955617,ok
JP-Yms,1986,4219.977000000001,4219.959,0.9999957345739086,0.0180000000009386,ok
JP-Yms,1987,4011.5799999999995,4011.63,1.0000124639169605,0.050000000000636646,ok
JP-Yms,1988,5457.875000000001,5457.822,0.9999902892609301,0.05300000000079308,ok
JP-Yms,1989,5439.201999999999,5439.225,1.0000042285614694,0.023000000001047738,ok
JP-Yms,1990,5243.272,5243.25,0.9999958041467236,0.021999999999934516,ok
JP-Yms,1991,5657.558,5657.525,0.9999941670947076,0.03300000000035652,ok
JP-Yms,1992,4392.369,4392.381,1.0000027320109035,0.012000000000625732,ok
JP-Yms,1993,6402.153,6402.153,1,0,ok
JP-Yms,1994,3131.8439999999996,3131.823,0.999993294685176,0.02099999999973079,ok
JP-Yms,1995,4426.15,4426.107,0.9999902850106752,0.042999999999665306,ok
JP-Yms,1996,4193.268999999999,4193.308,1.000009300619636,0.03900000000066939,ok
JP-Yms,1997,4472.317999999999,4472.321,1.0000006707930877,0.0030000000006111804,ok
JP-Yms,1998,5789.914,5789.96,1.0000079448503034,0.046000000000276486,ok
JP-Yms,1999,4314.487,4314.478,0.9999979140046082,0.009000000000014552,ok
JP-Yms,2000,4139.558,4139.612,1.000013044870974,0.05400000000008731,ok
JP-Yms,2001,4321.548000000001,4321.576,1.0000064791597825,0.027999999999337888,ok
JP-Yms,2002,4037.557,4037.545,0.9999970279057362,0.011999999999716238,ok
JP-Yms,2003,6136.246,6136.245,0.9999998370339129,0.0010000000002037268,ok
JP-Yms,2004,5208.425,5208.436,1.0000021119628293,0.01099999999951251,ok
JP-Yms,2005,3184.4949999999994,3184.474,0.9999934055478187,0.020999999999276042,ok
JP-Yms,2006,5265.159999999999,5265.139,0.9999960115172191,0.020999999998821295,ok
JP-Yms,2007,3720.754,3720.758,1.0000010750509172,0.0039999999999054126,ok
JP-Yms,2008,4767.775999999999,4767.775,0.9999997902586029,9.999999992942321e-4,ok
JP-Yms,2009,4879.866,4879.869,1.0000006147709792,0.0029999999997016857,ok
JP-Yms,2010,5058.91,5058.901,0.9999982209606417,0.009000000000014552,ok
JP-Yms,2011,6156.415,6156.429,1.000002274050726,0.014000000000123691,ok
JP-Yms,2012,5076.7970000000005,5076.807,1.0000019697458848,0.009999999999308784,ok
JP-Yms,2013,4896.248,4896.273,1.0000051059505157,0.025000000000545697,ok
JP-Yms,2014,4710.751,4710.72,0.9999934193083014,0.03099999999994907,ok
JP-Yms,2015,6302.71,6302.683,0.9999957161284591,0.027000000000043656,ok
JP-Yms,2016,5918.36,5918.363,1.0000005068971811,0.0030000000006111804,ok
JP-Yms,2017,4944.035000000001,4944.063,1.0000056633903278,0.027999999999337888,ok
JP-Yms,2018,5461.597,5461.611,1.000002563352807,0.014000000000123691,ok
JP-Yms,2019,4880.913,4880.925,1.0000024585564218,0.012000000000625732,ok
JP-Yms,2020,5553.427,5553.451,1.0000043216557992,0.02400000000034197,ok
JP-Yms,2021,6139,6139.023,1.0000037465385243,0.023000000000138243,ok
JP-Yms,2022,4613.995,4613.983,0.9999973992169476,0.011999999999716238,ok
JP-Yms,2023,4766.149,4766.129,0.9999958037400845,0.020000000000436557,ok
JP-Yms,2024,6128.2750000000015,6128.26,0.9999975523291625,0.015000000001236913,ok
JP-Yms,2025,4320.201,4320.193,0.9999981482343068,0.007999999999810825,ok
JP-Ynf,1981,5319.915,5319.966,1.0000095866193353,0.051000000000385626,ok
JP-Ynf,1982,6595.11,6595.091,0.9999971190776197,0.018999999999323336,ok
JP-Ynf,1983,6254.072,6254.055,0.9999972817709806,0.016999999999825377,ok
JP-Ynf,1984,6495.258999999999,6495.225,0.999994765412742,0.03399999999874126,ok
JP-Ynf,1985,5885.466,5885.485,1.0000032282915234,0.018999999999323336,ok
JP-Ynf,1986,4920.013000000001,4919.976,0.9999924796946672,0.03700000000117143,ok
JP-Ynf,1987,5612.364,5612.355,0.9999983963976677,0.009000000000014552,ok
JP-Ynf,1988,7451.380999999999,7451.281,0.9999865796689232,0.0999999999994543,ok
JP-Ynf,1989,5955.102000000002,5955.075,0.9999954660726211,0.027000000001862645,ok
JP-Ynf,1990,6346.664,6346.67,1.0000009453785486,0.006000000000312866,ok
JP-Ynf,1991,5081.674,5081.678,1.0000007871421897,0.0039999999999054126,ok
JP-Ynf,1992,6225.811000000001,6225.85,1.000006264244128,0.03899999999975989,ok
JP-Ynf,1993,5126.745,5126.712,0.999993563167273,0.03299999999944703,ok
JP-Ynf,1994,5794.112999999999,5794.151,1.0000065583808946,0.03800000000046566,ok
JP-Ynf,1995,5341.408999999999,5341.42,1.0000020593817103,0.0110000000013315,ok
JP-Ynf,1996,5903.750999999999,5903.728,0.9999961041717377,0.02299999999922875,ok
JP-Ynf,1997,5740.369000000001,5740.407,1.0000066197835016,0.03799999999955617,ok
JP-Ynf,1998,8859.326,8859.3,0.9999970652395002,0.02599999999983993,ok
JP-Ynf,1999,6961.092000000001,6961.097,1.0000007182781092,0.004999999999199645,ok
JP-Ynf,2000,9625.286,9625.294,1.0000008311441344,0.007999999999810825,ok
JP-Ynf,2001,6515.882,6515.875,0.9999989257018467,0.006999999999607098,ok
JP-Ynf,2002,6858.207,6858.176,0.9999954798681346,0.03099999999994907,ok
JP-Ynf,2003,4940.064,4940.096,1.0000064776488724,0.0319999999992433,ok
JP-Ynf,2004,5564.745,5564.751,1.000001078216522,0.006000000000312866,ok
JP-Ynf,2005,5787.4039999999995,5787.356,0.9999917061259246,0.047999999999774445,ok
JP-Ynf,2006,6325.239,6325.284,1.0000071143556788,0.04500000000007276,ok
JP-Ynf,2007,7357.889,7357.898,1.0000012231769193,0.009000000000014552,ok
JP-Ynf,2008,4616.257,4616.27,1.0000028161343706,0.01300000000082946,ok
JP-Ynf,2009,5517.992,5518.049,1.0000103298446246,0.056999999999789,ok
JP-Ynf,2010,8966.254,8966.269,1.000001672939446,0.014999999999417923,ok
JP-Ynf,2011,6868.753,6868.733,0.9999970882633282,0.019999999999527063,ok
JP-Ynf,2012,8234.039999999999,8234.053,1.0000015788118592,0.01300000000082946,ok
JP-Ynf,2013,5344.755,5344.73,0.9999953225171219,0.025000000000545697,ok
JP-Ynf,2014,8044.363,8044.352,0.9999986325828408,0.011000000000422006,ok
JP-Ynf,2015,6828.770000000001,6828.806,1.0000052718132253,0.03599999999823922,ok
JP-Ynf,2016,7735.118000000001,7735.094,0.9999968972677596,0.024000000001251465,ok
JP-Ynf,2017,5732.478000000001,5732.494,1.0000027911140694,0.015999999998712156,ok
JP-Ynf,2018,7765.251,7765.246,0.9999993561058104,0.005000000000109139,ok
JP-Ynf,2019,7847.554999999999,7847.521,0.9999956674403684,0.033999999999650754,ok
JP-Ynf,2020,8074.725,8074.695,0.9999962847031941,0.030000000000654836,ok
JP-Ynf,2021,6376.169999999999,6376.139,0.9999951381471951,0.030999999999039574,ok
JP-Ynf,2022,9025.244999999999,9025.185,0.9999933519810266,0.05999999999949068,ok
JP-Ynf,2023,5578.54,5578.568,1.0000050192344234,0.028000000000247383,ok
JP-Ynf,2024,7458.687,7458.663,0.9999967822754863,0.02400000000034197,ok
JP-Ynf,2025,6026.896000000001,6026.845,0.9999915379326273,0.051000000000385626,ok
KH-Kmp,1981,7387.716,7387.757,1.0000055497531306,0.04099999999925785,ok
KH-Kmp,1982,6018.214,6018.193,0.9999965105926776,0.02099999999973079,ok
KH-Kmp,1983,7353.013000000001,7353.008,0.999999320006642,0.005000000001018634,ok
KH-Kmp,1984,6552.869999999999,6552.843,0.999995879667993,0.02699999999913416,ok
KH-Kmp,1985,7489.687,7489.713,1.0000034714401282,0.02599999999983993,ok
KH-Kmp,1986,7882.992,7883.025,1.0000041862277673,0.03299999999944703,ok
KH-Kmp,1987,6797.329999999999,6797.328,0.9999997057668234,0.0019999999985884642,ok
KH-Kmp,1988,6315.919000000001,6315.935,1.00000253328138,0.01599999999962165,ok
KH-Kmp,1989,6786.6810000000005,6786.729,1.0000070726766146,0.047999999999774445,ok
KH-Kmp,1990,7297.378000000001,7297.383,1.0000006851776075,0.004999999999199645,ok
KH-Kmp,1991,6264.958,6264.923,0.999994413370369,0.03499999999985448,ok
KH-Kmp,1992,6133.089999999999,6133.172,1.0000133700956615,0.0820000000003347,ok
KH-Kmp,1993,6654.48,6654.508,1.0000042076916604,0.028000000000247383,ok
KH-Kmp,1994,6072.76,6072.744,0.99999736528366,0.016000000000531145,ok
KH-Kmp,1995,6348.312000000001,6348.239,0.9999885008802338,0.07300000000122964,ok
KH-Kmp,1996,7387.127,7387.192,1.0000087990906343,0.06499999999959982,ok
KH-Kmp,1997,6976.769,6976.8,1.00000444331753,0.03099999999994907,ok
KH-Kmp,1998,6192.1669999999995,6192.184,1.000002745403992,0.01700000000073487,ok
KH-Kmp,1999,8360.3,8360.29,0.9999988038706746,0.00999999999839929,ok
KH-Kmp,2000,7257.515,7257.53,1.000002066823148,0.014999999999417923,ok
KH-Kmp,2001,6096.54,6096.54,1,0,ok
KH-Kmp,2002,6307.246999999999,6307.284,1.0000058662678029,0.037000000000261934,ok
KH-Kmp,2003,6447.265,6447.271,1.0000009306271729,0.0059999999994033715,ok
KH-Kmp,2004,5740.585,5740.57,0.9999973870258867,0.015000000000327418,ok
KH-Kmp,2005,5763.2210000000005,5763.254,1.000005725964699,0.03299999999944703,ok
KH-Kmp,2006,6490.204,6490.209,1.000000770391809,0.005000000000109139,ok
KH-Kmp,2007,7726.173000000001,7726.166,0.9999990939887056,0.007000000000516593,ok
KH-Kmp,2008,7146.06,7146.049,0.9999984606902265,0.011000000000422006,ok
KH-Kmp,2009,7185.649,7185.617,0.9999955466792213,0.032000000000152795,ok
KH-Kmp,2010,6832.259000000001,6832.262,1.000000439093424,0.002999999998792191,ok
KH-Kmp,2011,6663.086,6663.133,1.00000705378859,0.04699999999957072,ok
KH-Kmp,2012,6981.231999999999,6981.225,0.9999989973116494,0.006999999998697604,ok
KH-Kmp,2013,7480.328,7480.342,1.0000018715756849,0.013999999999214197,ok
KH-Kmp,2014,6093.066,6093.049,0.9999972099432372,0.016999999999825377,ok
KH-Kmp,2015,4995.945,4995.947,1.0000004003246634,0.0020000000004074536,ok
KH-Kmp,2016,7291.507,7291.535,1.000003840084087,0.028000000000247383,ok
KH-Kmp,2017,7910.171,7910.182,1.0000013906146907,0.01099999999951251,ok
KH-Kmp,2018,6839.791000000001,6839.796,1.0000007310164885,0.004999999999199645,ok
KH-Kmp,2019,5360.847,5360.836,0.9999979480854425,0.01099999999951251,ok
KH-Kmp,2020,6115.103,6115.102,0.9999998364704568,0.0010000000002037268,ok
KH-Kmp,2021,6752.088,6752.093,1.0000007405116758,0.005000000000109139,ok
KH-Kmp,2022,8559.305,8559.316,1.0000012851510724,0.011000000000422006,ok
KH-Kmp,2023,7539.871000000001,7539.871,0.9999999999999999,9.094947017729282e-13,ok
KH-Kmp,2024,6617.156999999999,6617.141,0.9999975820431645,0.01599999999962165,ok
KH-Kmp,2025,7001.839000000002,7001.858,1.0000027135728198,0.01899999999841384,ok
NO-And,1981,8121.245,8121.276,1.0000038171487253,0.03099999999994907,ok
NO-And,1982,11122.655999999999,11122.614,0.9999962239234946,0.04199999999946158,ok
NO-And,1983,11419.986,11420.011,1.00000218914454,0.024999999999636202,ok
NO-And,1984,7520.157999999999,7520.162,1.0000005319037182,0.004000000000814907,ok
NO-And,1985,9538.337,9538.336,0.9999998951599215,0.0010000000002037268,ok
NO-And,1986,8352.536,8352.515,0.9999974857935362,0.021000000000640284,ok
NO-And,1987,7914.081,7914.034,0.999994061218226,0.04700000000048021,ok
NO-And,1988,9399.298999999999,9399.288,0.9999988296999597,0.010999999998603016,ok
NO-And,1989,10778.517,10778.506,0.9999989794514402,0.011000000000422006,ok
NO-And,1990,9510.357,9510.355,0.9999997897029522,0.0020000000004074536,ok
NO-And,1991,10018.342,10018.35,1.0000007985353265,0.007999999999810825,ok
NO-And,1992,9391.548,9391.537,0.9999988287340915,0.011000000000422006,ok
NO-And,1993,8708.975999999999,8709.01,1.0000039040181075,0.03400000000146974,ok
NO-And,1994,9988.908000000001,9988.871,0.9999962958914025,0.037000000002080924,ok
NO-And,1995,11263.382,11263.409,1.0000023971485652,0.027000000000043656,ok
NO-And,1996,9469.768,9469.821,1.00000559675802,0.052999999999883585,ok
NO-And,1997,9870.561,9870.534,0.9999972645931675,0.027000000000043656,ok
NO-And,1998,8087.967999999999,8087.924,0.999994559820217,0.04399999999895954,ok
NO-And,1999,9431.554999999998,9431.558,1.000000318081165,0.00300000000243017,ok
NO-And,2000,9247.679,9247.661,0.9999980535656569,0.018000000000029104,ok
NO-And,2001,8890.374,8890.389,1.000001687218108,0.014999999999417923,ok
NO-And,2002,8305.488,8305.429,0.9999928962632901,0.058999999999286956,ok
NO-And,2003,9206.355000000001,9206.372,1.0000018465505618,0.016999999998006388,ok
NO-And,2004,9395.663,9395.617,0.9999951041241049,0.046000000000276486,ok
NO-And,2005,11585.202000000001,11585.212,1.0000008631701025,0.00999999999839929,ok
NO-And,2006,8541.367999999999,8541.393,1.000002926931611,0.02500000000145519,ok
NO-And,2007,10570.652,10570.695,1.0000040678663908,0.042999999999665306,ok
NO-And,2008,7481.192000000001,7481.12,0.9999903758652363,0.07200000000102591,ok
NO-And,2009,7763.647,7763.625,0.9999971662802288,0.021999999999934516,ok
NO-And,2010,8908.76,8908.752,0.9999991020074623,0.007999999999810825,ok
NO-And,2011,9650.955,9650.946,0.9999990674498016,0.009000000000014552,ok
NO-And,2012,8602.567000000001,8602.506,0.9999929090932972,0.0610000000015134,ok
NO-And,2013,9819.701,9819.686,0.999998472458581,0.014999999999417923,ok
NO-And,2014,7944.453,7944.453,1,0,ok
NO-And,2015,9927.083000000002,9927.105,1.0000022161595705,0.021999999997206032,ok
NO-And,2016,8397.557999999999,8397.58,1.000002619809235,0.02200000000084401,ok
NO-And,2017,8952.833999999999,8952.813,0.9999976543740229,0.020999999998821295,ok
NO-And,2018,9445.493,9445.535,1.00000444656515,0.04199999999946158,ok
NO-And,2019,9313.068,9313.08,1.0000012885120135,0.012000000000625732,ok
NO-And,2020,11368.823,11368.835,1.0000010555182361,0.011999999998806743,ok
NO-And,2021,8567.194,8567.166,0.9999967317186934,0.028000000000247383,ok
NO-And,2022,10818.196,10818.167,0.9999973193312452,0.02900000000045111,ok
NO-And,2023,9139.414,9139.396,0.9999980305083017,0.018000000000029104,ok
NO-And,2024,11089.521,11089.492,0.9999973849186091,0.02900000000045111,ok
NO-And,2025,10697.964,10697.997,1.0000030846991073,0.03299999999944703,ok
PE-QFR,1981,10302.868999999999,10302.808,0.9999940793190715,0.06099999999787542,ok
PE-QFR,1982,10495.773,10495.795,1.000002096081918,0.02200000000084401,ok
PE-QFR,1983,9862.083,9862.073,0.9999989860154289,0.010000000000218279,ok
PE-QFR,1984,11202.415,11202.411,0.9999996429341351,0.004000000000814907,ok
PE-QFR,1985,10063.289999999999,10063.295,1.0000004968554022,0.005000000001018634,ok
PE-QFR,1986,12462.022,12462.035,1.0000010431693989,0.01299999999901047,ok
PE-QFR,1987,11084.343,11084.357,1.0000012630428343,0.013999999999214197,ok
PE-QFR,1988,10464.962000000001,10465.018,1.0000053511899993,0.055999999998675776,ok
PE-QFR,1989,10686.803000000004,10686.797,0.9999994385598758,0.00600000000304135,ok
PE-QFR,1990,11561.761999999999,11561.756,0.999999481047958,0.0059999999994033715,ok
PE-QFR,1991,10683.26,10683.258,0.9999998127912266,0.0020000000004074536,ok
PE-QFR,1992,10986.506999999998,10986.533,1.0000023665392468,0.02600000000165892,ok
PE-QFR,1993,10987.576000000001,10987.549,0.9999975426791132,0.027000000000043656,ok
PE-QFR,1994,12516.096000000001,12516.081,0.9999988015432287,0.015000000001236913,ok
PE-QFR,1995,10487.385999999999,10487.399,1.0000012395843922,0.01300000000082946,ok
PE-QFR,1996,11097.694,11097.728,1.0000030636995396,0.033999999999650754,ok
PE-QFR,1997,10286.245,10286.211,0.999996694614993,0.03400000000146974,ok
PE-QFR,1998,11069.877999999999,11069.863,0.9999986449715165,0.014999999999417923,ok
PE-QFR,1999,10126.102,10126.125,1.0000022713577248,0.02299999999922875,ok
PE-QFR,2000,11093.303999999998,11093.282,0.9999980168216792,0.02199999999902502,ok
PE-QFR,2001,9885.455,9885.495,1.0000040463489035,0.040000000000873115,ok
PE-QFR,2002,9546.488,9546.505,1.000001780759584,0.016999999999825377,ok
PE-QFR,2003,9937.104999999998,9937.094,0.9999988930377611,0.010999999998603016,ok
PE-QFR,2004,9106.667000000001,9106.712,1.0000049414346652,0.04499999999825377,ok
PE-QFR,2005,9299.574000000002,9299.583,1.0000009677862662,0.008999999998195563,ok
PE-QFR,2006,9010.571,9010.584,1.0000014427498547,0.01300000000082946,ok
PE-QFR,2007,9312.067000000001,9312.055,0.9999987113494779,0.012000000000625732,ok
PE-QFR,2008,9705.306999999999,9705.303,0.9999995878543565,0.003999999998995918,ok
PE-QFR,2009,10616.864000000001,10616.862,0.9999998116204557,0.002000000002226443,ok
PE-QFR,2010,9125.344,9125.333,0.9999987945659913,0.010999999998603016,ok
PE-QFR,2011,10019.953000000001,10019.927,0.9999974051774493,0.02600000000165892,ok
PE-QFR,2012,10703.956000000002,10703.946,0.9999990657659652,0.010000000002037268,ok
PE-QFR,2013,10151.437999999998,10151.379,0.9999941880155306,0.05899999999746797,ok
PE-QFR,2014,10538.328,10538.356,1.0000026569679745,0.028000000000247383,ok
PE-QFR,2015,11272.956999999997,11272.982,1.0000022176967414,0.02500000000327418,ok
PE-QFR,2016,10983.259,10983.262,1.0000002731429716,0.0030000000006111804,ok
PE-QFR,2017,9762.152999999998,9762.12,0.9999966195981566,0.03299999999762804,ok
PE-QFR,2018,10259.74,10259.73,0.999999025316431,0.010000000000218279,ok
PE-QFR,2019,11330.244,11330.216,0.99999752873812775,0.028000000000247383,ok
PE-QFR,2020,8853.682999999999,8853.709,1.0000029366310046,0.02600000000165892,ok
PE-QFR,2021,10543.729,10543.692,0.9999964908051032,0.037000000000261934,ok
PE-QFR,2022,9539.952000000001,9539.944,0.999999161421357,0.008000000001629815,ok
PE-QFR,2023,9053.436999999998,9053.479,1.0000046391221369,0.04200000000128057,ok
PE-QFR,2024,9440.09,9440.071,0.9999979873073244,0.01900000000023283,ok
PE-QFR,2025,12272.207,12272.226,1.000001548213781,0.01900000000023283,ok
US-Cwt,1981,4662.269,4662.26,0.9999980696094541,0.009000000000014552,ok
US-Cwt,1982,6564.072,6564.062,0.9999984765554064,0.010000000000218279,ok
US-Cwt,1983,6294.5419999999995,6294.552,1.0000015886779372,0.010000000000218279,ok
US-Cwt,1984,5372.975,5372.918,0.9999893913520906,0.05700000000069849,ok
US-Cwt,1985,5591.294,5591.275,0.999996601859963,0.01900000000023283,ok
US-Cwt,1986,4526.426000000001,4526.388,0.9999916048555745,0.038000000001375156,ok
US-Cwt,1987,4951.38,4951.387,1.0000014137472784,0.006999999999607098,ok
US-Cwt,1988,4861.151999999999,4861.174,1.0000045256762184,0.02200000000084401,ok
US-Cwt,1989,7661.07,7661.102,1.0000041769622259,0.032000000000152795,ok
US-Cwt,1990,6423.661000000001,6423.647,0.999997820557467,0.014000000001033186,ok
US-Cwt,1991,5987.551000000001,5987.565,1.0000023381846765,0.013999999998304702,ok
US-Cwt,1992,6264.576000000001,6264.583,1.0000011173940582,0.006999999998697604,ok
US-Cwt,1993,5121.132999999999,5121.112,0.9999958993449304,0.020999999998821295,ok
US-Cwt,1994,6736.861000000001,6736.876,1.0000022265562551,0.014999999999417923,ok
US-Cwt,1995,7241.623,7241.61,0.9999982048223168,0.012999999999919964,ok
US-Cwt,1996,6150.6849999999995,6150.612,0.9999881314032503,0.07299999999941065,ok
US-Cwt,1997,5797.8009999999995,5797.824,1.0000039670212897,0.023000000000138243,ok
US-Cwt,1998,5012.689,5012.71,1.0000041893682212,0.02099999999973079,ok
US-Cwt,1999,4807.401,4807.37,0.9999935516092792,0.03099999999994907,ok
US-Cwt,2000,4548.99,4549.008,1.0000039569223058,0.018000000000029104,ok
US-Cwt,2001,4337.399,4337.377,0.9999949278357836,0.021999999999934516,ok
US-Cwt,2002,5654.804,5654.797,0.9999987621144781,0.007000000000516593,ok
US-Cwt,2003,6231.956,6231.986,1.0000048138979158,0.02999999999974534,ok
US-Cwt,2004,5947.429,5947.418,0.9999981504613169,0.011000000000422006,ok
US-Cwt,2005,5552.594999999999,5552.61,1.0000027014395971,0.015000000000327418,ok
US-Cwt,2006,4877.872,4877.895,1.0000047151708777,0.023000000000138243,ok
US-Cwt,2007,3654.5649999999996,3654.56,0.9999986318481133,0.004999999999654392,ok
US-Cwt,2008,4518.138000000001,4518.09,0.9999893761545131,0.04800000000068394,ok
US-Cwt,2009,6453.61,6453.62,1.000001549520346,0.010000000000218279,ok
US-Cwt,2010,4792.108,4792.113,1.000001043382161,0.005000000000109139,ok
US-Cwt,2011,4857.326999999999,4857.311,0.9999967060072341,0.01599999999962165,ok
US-Cwt,2012,5227.885,5227.898,1.0000024866652575,0.012999999999919964,ok
US-Cwt,2013,6387.503000000001,6387.47,0.9999948336619175,0.03300000000035652,ok
US-Cwt,2014,4769.352000000001,4769.311,0.9999914034443251,0.04100000000107684,ok
US-Cwt,2015,6524.468000000001,6524.454,0.99999785423118,0.014000000001033186,ok
US-Cwt,2016,4065.433000000001,4065.391,0.9999896689971275,0.04200000000082582,ok
US-Cwt,2017,5544.813,5544.824,1.0000019838360643,0.01099999999951251,ok
US-Cwt,2018,7597.829999999999,7597.85,1.000002632330547,0.020000000001346052,ok
US-Cwt,2019,5882.874,5882.918,1.0000074793374802,0.04399999999986903,ok
US-Cwt,2020,7255.668999999999,7255.644,0.9999965544183453,0.024999999998726707,ok
US-Cwt,2021,5802.998,5803.023,1.0000043081179764,0.025000000000545697,ok
US-Cwt,2022,5606.055,5606.037,0.9999967891859783,0.018000000000029104,ok
US-Cwt,2023,5113.768,5113.766,0.9999996088989567,0.0020000000004074536,ok
US-Cwt,2024,5945.2029999999995,5945.154,0.999991758061079,0.04899999999906868,ok
US-Cwt,2025,5102.325,5102.299,0.9999949042838314,0.02599999999983993,ok
US-HB4,1981,534683.7899999999,534683.785,0.9999999906486787,0.004999999888241291,ok
US-HB4,1982,682125.345,682125.287,0.9999999149716392,0.05799999996088445,ok
US-HB4,1983,795470.5640000001,795470.514,0.9999999371441227,0.05000000016298145,ok
US-HB4,1984,583625.8390000002,583625.794,0.9999999228958055,0.04500000015832484,ok
US-HB4,1985,721026.4990000001,721026.504,1.0000000069345578,0.004999999888241291,ok
US-HB4,1986,617351.3319999999,617351.332,1.0000000000000002,1.1641532182693481e-10,ok
US-HB4,1987,662143.889,662143.877,0.9999999818770509,0.011999999987892807,ok
US-HB4,1988,616011.353,616011.33,0.9999999626630257,0.023000000044703484,ok
US-HB4,1989,745399.774,745399.694,0.9999998926750413,0.07999999995809048,ok
US-HB4,1990,497261.129,497261.136,1.0000000140771108,0.006999999983236194,ok
US-HB4,1991,635173.318,635173.338,1.0000000314874689,0.02000000001862645,ok
US-HB4,1992,804454.3180000001,804454.315,0.9999999962707639,0.003000000142492354,ok
US-HB4,1993,676979.059,676979.119,1.000000088629034,0.05999999993946403,ok
US-HB4,1994,655437.306,655437.296,0.9999999847430107,0.010000000009313226,ok
US-HB4,1995,640851.0329999999,640851.054,1.000000032768926,0.021000000066123903,ok
US-HB4,1996,663456.78,663456.789,1.0000000135653146,0.008999999961815774,ok
US-HB4,1997,815460.5650000001,815460.569,1.0000000049052034,0.003999999957159162,ok
US-HB4,1998,733384.0319999999,733384.058,1.0000000354520946,0.026000000070780516,ok
US-HB4,1999,715578.648,715578.653,1.0000000069873523,0.005000000004656613,ok
US-HB4,2000,490529.179,490529.194,1.0000000305792207,0.015000000013969839,ok
US-HB4,2001,503431.31700000004,503431.324,1.000000013904578,0.006999999983236194,ok
US-HB4,2002,687691.397,687691.415,1.0000000261745314,0.01800000004004687,ok
US-HB4,2003,737144.4829999999,737144.456,0.999999963372174,0.026999999885447323,ok
US-HB4,2004,637656.709,637656.676,0.9999999482480156,0.03300000005401671,ok
US-HB4,2005,732427.3369999999,732427.357,1.000000027306463,0.02000000001862645,ok
US-HB4,2006,555153.1900000001,555153.17,0.9999999639739078,0.02000000001862645,ok
US-HB4,2007,520105.178,520105.152,0.9999999500101112,0.026000000012572855,ok
US-HB4,2008,650335.3350000001,650335.281,0.9999999169659141,0.05400000012014061,ok
US-HB4,2009,601009.4169999999,601009.394,0.999999961731049,0.022999999928288162,ok
US-HB4,2010,495643.358,495643.312,0.9999999071913317,0.046000000031199306,ok
US-HB4,2011,425610.691,425610.679,0.9999999718052196,0.011999999987892807,ok
US-HB4,2012,584335.6390000001,584335.682,1.0000000735878443,0.04299999994691461,ok
US-HB4,2013,691989.012,691989.013,1.0000000014451098,0.0010000000474974513,ok
US-HB4,2014,711408.3339999999,711408.322,0.9999999831320505,0.011999999871477485,ok
US-HB4,2015,846059.652,846059.628,0.9999999716332059,0.023999999975785613,ok
US-HB4,2016,658923.6359999999,658923.678,1.0000000637403148,0.042000000015832484,ok
US-HB4,2017,598963.577,598963.654,1.000000128555396,0.07699999993201345,ok
US-HB4,2018,808039.773,808039.72,0.9999999344091691,0.05300000007264316,ok
US-HB4,2019,698516.221,698516.22,0.9999999985683939,0.0010000000474974513,ok
US-HB4,2020,765588.7590000001,765588.721,0.9999999503649973,0.03800000005867332,ok
US-HB4,2021,716289.45,716289.461,1.0000000153569204,0.011000000056810677,ok
US-HB4,2022,642529.628,642529.632,1.0000000062253938,0.003999999957159162,ok
US-HB4,2023,667279.4820000001,667279.437,0.9999999325619905,0.045000000041909516,ok
US-HB4,2024,689274.986,689275.002,1.0000000232127964,0.015999999945051968,ok
US-HB4,2025,656641.2940000001,656641.269,0.9999999619274628,0.025000000139698386,ok
IT-MBo,1981,26329.693000000003,26329.712,1.000000721618744,0.018999999996594852,ok
IT-MBo,1982,22368.419,22368.414,0.9999997764705677,0.005000000001018634,ok
IT-MBo,1983,20604.278,20604.308,1.0000014560083106,0.030000000002473826,ok
IT-MBo,1984,22197.769,22197.78,1.0000004955452955,0.010999999998603016,ok
IT-MBo,1985,24586.437,24586.51,1.0000029691166719,0.07299999999668216,ok
IT-MBo,1986,20343.938000000002,20343.961,1.0000011305579086,0.02299999999740976,ok
IT-MBo,1987,27161.477,27161.411,0.9999975700879595,0.06599999999889405,ok
IT-MBo,1988,20715.850000000002,20715.825,0.9999987931945828,0.02500000000145519,ok
IT-MBo,1989,21198.021,21198.003,0.9999991508641302,0.018000000000029104,ok
IT-MBo,1990,22537.755999999998,22537.723,0.9999985357903424,0.03299999999580905,ok
IT-MBo,1991,22108.328999999998,22108.332,1.0000001356954658,0.0030000000006111804,ok
IT-MBo,1992,22842.382,22842.354,0.999998774208399,0.028000000002066372,ok
IT-MBo,1993,23869.655,23869.645,0.9999995810580422,0.00999999999839929,ok
IT-MBo,1994,21790.209,21790.202,0.9999996787548023,0.006999999997788109,ok
IT-MBo,1995,18852.504,18852.469,0.9999981434826907,0.03499999999985448,ok
IT-MBo,1996,24337.858,24337.858,1,0,ok
IT-MBo,1997,21817.85,21817.863,1.0000005958423952,0.013000000002648449,ok
IT-MBo,1998,22406.193000000007,22406.227,1.0000015174376116,0.033999999992374796,ok
IT-MBo,1999,25180.731000000003,25180.748,1.0000006751193997,0.016999999996187398,ok
IT-MBo,2000,29151.668999999998,29151.629,0.9999986278658695,0.039999999997235136,ok
IT-MBo,2001,23221.726,23221.724,0.9999999138737576,0.0020000000004074536,ok
IT-MBo,2002,29925.032,29925.079,1.0000015705914702,0.0470000000022992,ok
IT-MBo,2003,18966.129,18966.127,0.999999894548856,0.0020000000004074536,ok
IT-MBo,2004,22669.433999999997,22669.441,1.0000003087858305,0.007000000001426088,ok
IT-MBo,2005,19813.064,19813.024,0.9999979811300262,0.039999999997235136,ok
IT-MBo,2006,16639.889000000003,16639.848,0.999997536041256,0.04100000000107684,ok
IT-MBo,2007,19612.859000000004,19612.9,1.00000209046524,0.04099999999743886,ok
IT-MBo,2008,30040.525999999998,30040.574,1.0000015978415293,0.04800000000250293,ok
IT-MBo,2009,23967.504999999997,23967.537,1.0000013351410588,0.03200000000288128,ok
IT-MBo,2010,30950.291999999998,30950.331,1.000001260085042,0.03900000000066939,ok
IT-MBo,2011,21424.996,21424.978,0.9999991598598198,0.018000000000029104,ok
IT-MBo,2012,24917.648999999998,24917.685,1.0000014447590944,0.036000000003696186,ok
IT-MBo,2013,29234.947,29234.968,1.0000007183183879,0.021000000000640284,ok
IT-MBo,2014,31366.469,31366.467,0.9999999362376428,0.0020000000004074536,ok
IT-MBo,2015,19151.762,19151.748,0.9999992689967638,0.013999999999214197,ok
IT-MBo,2016,23623.014,23623.028,1.0000005926424123,0.013999999999214197,ok
IT-MBo,2017,23958.566000000003,23958.593,1.0000011269455775,0.026999999998224666,ok
IT-MBo,2018,23562.738999999998,23562.76,1.0000008912376444,0.021000000000640284,ok
IT-MBo,2019,29946.71,29946.774,1.000002137129588,0.06400000000212458,ok
IT-MBo,2020,29160.737,29160.734,0.9999998971219417,0.0030000000006111804,ok
IT-MBo,2021,22432.459000000003,22432.484,1.0000011144565113,0.024999999997817213,ok
IT-MBo,2022,20052.292999999998,20052.265,0.999998603650964,0.027999999998428393,ok
IT-MBo,2023,24977.785,24977.768,0.9999993193952146,0.016999999999825377,ok
IT-MBo,2024,31808.957,31808.952,0.9999998428115704,0.004999999997380655,ok
JP-Api,1981,5561.773999999999,5561.797,1.0000041353711964,0.023000000000138243,ok
JP-Api,1982,4891.169,4891.16,0.9999981599490837,0.009000000000014552,ok
JP-Api,1983,4790.061,4790.103,1.0000087681555623,0.042000000000371074,ok
JP-Api,1984,4536.473,4536.485,1.0000026452268094,0.011999999999716238,ok
JP-Api,1985,4558.554,4558.529,0.9999945158047926,0.024999999999636202,ok
JP-Api,1986,4539.416,4539.443,1.0000059479016685,0.027000000000043656,ok
JP-Api,1987,5482.361,5482.363,1.0000003648063307,0.0020000000004074536,ok
JP-Api,1988,4663.824,4663.848,1.0000051459917871,0.02400000000034197,ok
JP-Api,1989,5059.559000000001,5059.541,0.9999964423776853,0.0180000000009386,ok
JP-Api,1990,5536.423999999999,5536.459,1.0000063217701536,0.035000000000763976,ok
JP-Api,1991,5971.492,5971.444,0.9999919618078699,0.047999999999774445,ok
JP-Api,1992,4705.207,4705.235,1.0000059508540218,0.027999999999337888,ok
JP-Api,1993,5278.411000000001,5278.38,0.9999941270204232,0.031000000000858563,ok
JP-Api,1994,4041.0350000000003,4041.025,0.9999975253864418,0.010000000000218279,ok
JP-Api,1995,5645.2249999999995,5645.127,0.999982640195918,0.09799999999904685,ok
JP-Api,1996,4683.073,4683.105,1.0000068331200473,0.0319999999992433,ok
JP-Api,1997,5299.579,5299.597,1.0000033964962123,0.018000000000029104,ok
JP-Api,1998,6572.702,6572.675,0.9999958921003873,0.027000000000043656,ok
JP-Api,1999,5766.170999999999,5766.117,0.9999906350331963,0.05399999999917782,ok
JP-Api,2000,5735.929,5735.952,1.0000040098125342,0.023000000000138243,ok
JP-Api,2001,5000.342000000001,5000.381,1.0000077994665164,0.03899999999975989,ok
JP-Api,2002,6180.563000000001,6180.577,1.000002265165811,0.013999999999214197,ok
JP-Api,2003,4769.353999999998,4769.33,0.9999949678719595,0.02399999999852298,ok
JP-Api,2004,5886.365000000001,5886.378,1.0000022084936968,0.01299999999901047,ok
JP-Api,2005,4938.1,4938.064,0.9999927097466637,0.03600000000005821,ok
JP-Api,2006,5076.648999999999,5076.645,0.9999992120786765,0.003999999998995918,ok
JP-Api,2007,5125.641,5125.642,1.00000019509755,0.0010000000002037268,ok
JP-Api,2008,4319.3730000000005,4319.42,1.0000108812089161,0.04699999999957072,ok
JP-Api,2009,5422.302,5422.327,1.0000046105879017,0.025000000000545697,ok
JP-Api,2010,6362.082000000001,6362.093,1.0000017289937475,0.010999999998603016,ok
JP-Api,2011,5067.403,5067.394,0.9999982239423231,0.009000000000014552,ok
JP-Api,2012,4676.9749999999995,4677,1.0000053453353932,0.025000000000545697,ok
JP-Api,2013,6369.278,6369.252,0.9999959179046668,0.02599999999983993,ok
JP-Api,2014,5651.088999999999,5651.047,0.9999925678041879,0.04199999999946158,ok
JP-Api,2015,4633.709000000001,4633.716,1.000001510668883,0.006999999999607098,ok
JP-Api,2016,5354.277,5354.275,0.9999996264668413,0.0020000000004074536,ok
JP-Api,2017,5723.956999999999,5723.972,1.0000026205647596,0.015000000000327418,ok
JP-Api,2018,5761.547999999998,5761.52,0.9999951401949619,0.0279999999975189,ok
JP-Api,2019,5104.381,5104.463,1.000016064631539,0.0819999999994252,ok
JP-Api,2020,6029.808000000001,6029.795,0.999997844044122,0.01300000000082946,ok
JP-Api,2021,5412.885,5412.924,1.0000072050302196,0.03899999999975989,ok
JP-Api,2022,6118.569,6118.542,0.9999955872034785,0.027000000000043656,ok
JP-Api,2023,5342.521000000001,5342.562,1.0000076742796142,0.04099999999925785,ok
JP-Api,2024,5484.595,5484.573,0.9999959887648951,0.021999999999934516,ok
JP-Om2,1981,4648.94,4648.987,1.0000101098314886,0.04700000000048021,ok
JP-Om2,1982,6379.995,6379.959,0.999994357362349,0.03600000000005821,ok
JP-Om2,1983,5138.3369999999995,5138.304,0.9999935776886569,0.03299999999944703,ok
JP-Om2,1984,4264.687000000001,4264.687,0.9999999999999998,9.094947017729282e-13,ok
JP-Om2,1985,5462.391000000001,5462.353,0.9999930433394458,0.038000000001375156,ok
JP-Om2,1986,4399.158,4399.152,0.999998636102636,0.006000000000312866,ok
JP-Om2,1987,4526.88,4526.863,0.9999962446541548,0.016999999999825377,ok
JP-Om2,1988,5920.981999999999,5920.957,0.999995777727411,0.024999999998726707,ok
JP-Om2,1989,5820.639999999999,5820.658,1.0000030924434429,0.0180000000009386,ok
JP-Om2,1990,5686.585,5686.563,0.9999961312457301,0.021999999999934516,ok
JP-Om2,1991,5940.085000000001,5940.025,0.9999898991344398,0.06000000000130967,ok
JP-Om2,1992,5052.917,5052.899,0.9999964377012328,0.018000000000029104,ok
JP-Om2,1993,6664.326,6664.28,0.9999930975765591,0.046000000000276486,ok
JP-Om2,1994,3282.7340000000004,3282.788,1.0000164497032047,0.053999999999632564,ok
JP-Om2,1995,4679.391999999999,4679.358,0.9999927340987892,0.03399999999874126,ok
JP-Om2,1996,4532.647,4532.623,0.9999947050807176,0.02400000000034197,ok
JP-Om2,1997,4794.404,4794.406,1.0000004171529975,0.001999999999497959,ok
JP-Om2,1998,6054.732,6054.718,0.9999976877589297,0.014000000000123691,ok
JP-Om2,1999,4797.3009999999995,4797.348,1.0000097971755368,0.04700000000048021,ok
JP-Om2,2000,4557.177000000001,4557.18,1.0000006583022778,0.0029999999997016857,ok
JP-Om2,2001,4625.820999999999,4625.907,1.0000185912943889,0.0860000000011496,ok
JP-Om2,2002,4430.941000000001,4430.978,1.0000083503707224,0.03699999999935244,ok
JP-Om2,2003,6645.424,6645.373,0.99999232554612,0.051000000000385626,ok
JP-Om2,2004,5637.227999999999,5637.179,0.9999913077846063,0.04899999999906868,ok
JP-Om2,2005,3783.8879999999995,3783.873,0.9999960358234706,0.014999999999417923,ok
JP-Om2,2006,5770.657,5770.648,0.9999984403855575,0.009000000000014552,ok
JP-Om2,2007,4009.3800000000006,4009.372,0.9999980046790276,0.00800000000072032,ok
JP-Om2,2008,5161.8679999999995,5161.865,0.9999994188150492,0.0029999999997016857,ok
JP-Om2,2009,5549.151,5549.162,1.0000019822852182,0.011000000000422006,ok
JP-Om2,2010,5383.973000000001,5383.925,0.9999910846506844,0.04800000000068394,ok
JP-Om2,2011,6709.348,6709.334,0.9999979133590924,0.014000000000123691,ok
JP-Om2,2012,5499.807999999999,5499.797,0.9999979999301795,0.01099999999951251,ok
JP-Om2,2013,5526.824,5526.845,1.000003799650577,0.021000000000640284,ok
JP-Om2,2014,5196.97,5196.94,0.9999942274055843,0.030000000000654836,ok
JP-Om2,2015,6782.517000000001,6782.53,1.0000019166925787,0.01299999999901047,ok
JP-Om2,2016,6377.934,6377.905,0.9999954530730484,0.02900000000045111,ok
JP-Om2,2017,5390.339,5390.38,1.000007606200649,0.04100000000016735,ok
JP-Om2,2018,5802.749,5802.763,1.0000024126495908,0.014000000000123691,ok
JP-Om2,2019,5596.9039999999995,5596.942,1.0000067894678917,0.03800000000046566,ok
JP-Om2,2020,5891.791000000001,5891.774,0.9999971146294903,0.01700000000073487,ok
JP-Om2,2021,6375.722999999999,6375.717,0.9999990589302579,0.0059999999994033715,ok
JP-Om2,2022,5191.164,5191.164,1,0,ok
JP-Om2,2023,5361.375999999999,5361.358,0.9999966426529311,0.01799999999911961,ok
JP-Om2,2024,6435.963000000001,6435.94,0.9999964263312264,0.023000000001047738,ok
JP-Om2,2025,4759.9039999999995,4759.862,0.9999911762926312,0.04199999999946158,ok
JP-Nkm,1981,8005.193,8005.164,0.9999963773515517,0.02900000000045111,ok
JP-Nkm,1982,8482.509,8482.576,1.0000078986064145,0.06699999999909778,ok
JP-Nkm,1983,9900.431,9900.474,1.0000043432452588,0.042999999999665306,ok
JP-Nkm,1984,5909.374000000001,5909.356,0.9999969539920809,0.0180000000009386,ok
JP-Nkm,1985,9785.175000000001,9785.239,1.0000065405064291,0.0639999999984866,ok
JP-Nkm,1986,7693.266999999998,7693.315,1.000006239221907,0.048000000001593435,ok
JP-Nkm,1987,7330.636999999999,7330.624,0.999998226620688,0.01299999999901047,ok
JP-Nkm,1988,8416.56,8416.615,1.0000065347362819,0.05500000000029104,ok
JP-Nkm,1989,9071.759999999998,9071.741,0.9999979055883315,0.01899999999841384,ok
JP-Nkm,1990,7990.032999999999,7990.059,1.0000032540541448,0.026000000000749424,ok
JP-Nkm,1991,10226.848,10226.859,1.000001075600224,0.011000000000422006,ok
JP-Nkm,1992,7185.750999999999,7185.736,0.9999979125355165,0.014999999999417923,ok
JP-Nkm,1993,10150.062,10150.026,0.9999964532236355,0.03600000000005821,ok
JP-Nkm,1994,5659.590000000001,5659.586,0.9999992932350222,0.004000000000814907,ok
JP-Nkm,1995,8053.317000000001,8053.336,1.000002359276308,0.018999999999323336,ok
JP-Nkm,1996,8213.165,8213.155,0.9999987824425784,0.010000000000218279,ok
JP-Nkm,1997,8537.544000000002,8537.513,0.9999963689791818,0.031000000000858563,ok
JP-Nkm,1998,10055.761,10055.785,1.000002386691569,0.023999999999432475,ok
JP-Nkm,1999,8455.806999999999,8455.822,1.0000017739288516,0.015000000001236913,ok
JP-Nkm,2000,7679.34,7679.346,1.0000007813171443,0.0059999999994033715,ok
JP-Nkm,2001,6926.3150000000005,6926.247,0.9999901823697016,0.068000000000211,ok
JP-Nkm,2002,7108.867000000001,7108.837,0.9999957799182344,0.030000000000654836,ok
JP-Nkm,2003,9459.124,9459.106,0.999998097075374,0.018000000000029104,ok
JP-Nkm,2004,9471.99,9471.936,0.9999942989804677,0.05400000000008731,ok
JP-Nkm,2005,5892.415,5892.371,0.9999925327730651,0.04399999999986903,ok
JP-Nkm,2006,8350.424,8350.412,0.9999985629472228,0.012000000000625732,ok
JP-Nkm,2007,6688.99,6688.971,0.9999971595113761,0.01900000000023283,ok
JP-Nkm,2008,6755.41,6755.394,0.9999976315279162,0.01599999999962165,ok
JP-Nkm,2009,8505.909,8505.936,1.0000031742639146,0.027000000000043656,ok
JP-Nkm,2010,9310.985,9310.974,0.9999988185997507,0.011000000000422006,ok
JP-Nkm,2011,8475.969,8475.978,1.0000010618254975,0.009000000000014552,ok
JP-Nkm,2012,7628.411999999999,7628.35,0.9999918724893203,0.06199999999898864,ok
JP-Nkm,2013,7019.6,7019.574,0.9999962960852469,0.026000000000749424,ok
JP-Nkm,2014,8024.703999999999,8024.675,0.9999963861595396,0.02899999999863212,ok
JP-Nkm,2015,8205.892,8205.86,0.9999961003630076,0.0319999999992433,ok
JP-Nkm,2016,8656.712,8656.732,1.0000023103460067,0.020000000000436557,ok
JP-Nkm,2017,7303.220000000001,7303.248,1.0000038339253094,0.027999999998428393,ok
JP-Nkm,2018,9461.206,9461.181,0.9999973576307292,0.024999999999636202,ok
JP-Nkm,2019,8325.447,8325.457,1.0000012011367077,0.010000000000218279,ok
JP-Nkm,2020,10077.008,10076.961,0.999995335917169,0.04700000000048021,ok
JP-Nkm,2021,10163.378999999999,10163.371,0.9999992128602112,0.007999999999810825,ok
JP-Nkm,2022,7746.284,7746.335,1.0000065838019883,0.051000000000385626,ok
JP-Nkm,2023,8104.5289999999995,8104.516,0.9999983959586054,0.012999999999919964,ok
JP-Nkm,2024,9493.177,9493.231,1.0000056882959203,0.05400000000008731,ok
JP-Nkm,2025,7266.631,7266.619,0.9999983486157477,0.012000000000625732,ok
US-HRC,1981,392.479,392.466,0.9999668772087169,0.012999999999976808,ok
US-HRC,1982,560.436,560.438,1.0000035686501223,0.0019999999999527063,ok
US-HRC,1983,458.96299999999997,458.973,1.0000217882487261,0.010000000000047748,ok
US-HRC,1984,636.4999999999999,636.564,1.0001005498821682,0.06400000000007822,ok
US-HRC,1985,397.35799999999995,397.388,1.0000754986687068,0.03000000000002956,ok
US-HRC,1986,385.928,385.933,1.0000129557844986,0.0049999999999954525,ok
US-HRC,1987,527.81,527.779,0.9999412667437146,0.03099999999994907,ok
US-HRC,1988,430.08299999999997,430.082,0.9999976748674093,9.999999999763531e-4,ok
US-HRC,1989,581.6809999999999,581.633,0.9999174805434595,0.04799999999988813,ok
US-HRC,1990,566.454,566.478,1.0000423688419535,0.02400000000000091,ok
US-HRC,1991,654.6219999999998,654.653,1.0000473555731402,0.031000000000176442,ok
US-HRC,1992,439.372,439.367,0.9999886201214461,0.0049999999999954525,ok
US-HRC,1993,440.58000000000004,440.558,0.999950065822325,0.022000000000048203,ok
US-HRC,1994,590.767,590.758,0.9999847655674742,0.009000000000014552,ok
US-HRC,1995,448.30000000000007,448.326,1.000057996877091,0.025999999999953616,ok
US-HRC,1996,446.83,446.873,1.0000962334668666,0.043000000000006366,ok
US-HRC,1997,520.701,520.706,1.000009602439788,0.0049999999999954525,ok
US-HRC,1998,457.93,457.926,0.9999912650405083,0.004000000000019099,ok
US-HRC,1999,424.22999999999996,424.216,0.9999669990335432,0.013999999999953161,ok
US-HRC,2000,414.921,414.926,1.0000120504867192,0.0049999999999954525,ok
US-HRC,2001,527.836,527.82,0.9999696875544678,0.01599999999996271,ok
US-HRC,2002,508.8520000000001,508.857,1.0000098260397914,0.004999999999938609,ok
US-HRC,2003,478.59100000000007,478.603,1.0000250736014675,0.011999999999943611,ok
US-HRC,2004,548.8979999999999,548.897,0.999998178167893,9.999999998626663e-4,ok
US-HRC,2005,320.525,320.493,0.9999001637937759,0.031999999999982265,ok
US-HRC,2006,464.831,464.844,1.0000279671536536,0.012999999999976808,ok
US-HRC,2007,427.9950000000001,427.983,0.9999719622892788,0.012000000000114142,ok
US-HRC,2008,560.5749999999999,560.53,0.9999197252820765,0.04499999999995907,ok
US-HRC,2009,749.3159999999999,749.316,1.0000000000000002,1.1368683772161603e-13,ok
US-HRC,2010,358.25100000000003,358.258,1.0000195393732325,0.006999999999948159,ok
US-HRC,2011,457.54299999999995,457.516,0.9999409891529323,0.02699999999992997,ok
US-HRC,2012,365.53999999999996,365.542,1.0000054713574438,0.0020000000000095497,ok
US-HRC,2013,528.2819999999999,528.301,1.0000359656395639,0.019000000000119144,ok
US-HRC,2014,475.0919999999999,475.084,0.9999831611561552,0.007999999999924512,ok
US-HRC,2015,554.467,554.49,1.000041481278417,0.023000000000024556,ok
US-HRC,2016,477.555,477.545,0.9999790600035598,0.009999999999990905,ok
US-HRC,2017,577.2500000000001,577.266,1.0000277176266779,0.015999999999849024,ok
US-HRC,2018,691.423,691.455,1.000046281364664,0.03200000000003911,ok
US-HRC,2019,624.057,624.047,0.9999839758227214,0.009999999999990905,ok
US-HRC,2020,609.1270000000001,609.069,0.9999047817614387,0.05800000000010641,ok
US-HRC,2021,572.5609999999999,572.596,1.000061128857886,0.035000000000081855,ok
US-HRC,2022,477.09900000000005,477.093,0.9999874239937623,0.006000000000028649,ok
US-HRC,2023,443.031,443.102,1.0001602596658021,0.07099999999996953,ok
US-HRC,2024,603.3,603.338,1.000062986905354,0.038000000000010914,ok
US-HRC,2025,493.66599999999994,493.69,1.000048615865788,0.024000000000057753,ok
ES-LM1,1981,641.597,641.544,0.9999173936287109,0.05299999999999727,ok
ES-LM1,1982,499.1650000000001,499.186,1.0000420702573296,0.02099999999990132,ok
ES-LM1,1983,603.534,603.487,0.9999221253483648,0.047000000000025466,ok
ES-LM1,1984,691.043,691.016,0.9999609286252809,0.027000000000043656,ok
ES-LM1,1985,806.4069999999999,806.402,0.9999937996569972,0.004999999999881766,ok
ES-LM1,1986,540.47,540.48,1.0000185024145651,0.009999999999990905,ok
ES-LM1,1987,895.7239999999999,895.707,0.9999810209394859,0.016999999999939064,ok
ES-LM1,1988,666.583,666.614,1.0000465058364825,0.031000000000062755,ok
ES-LM1,1989,886.616,886.574,0.9999526288720257,0.04200000000003001,ok
ES-LM1,1990,479.91700000000003,479.955,1.0000791803582703,0.03799999999995407,ok
ES-LM1,1991,495.5159999999999,495.525,1.0000181628847506,0.009000000000071395,ok
ES-LM1,1992,495.278,495.318,1.0000807627231574,0.03999999999996362,ok
ES-LM1,1993,611.2379999999999,611.218,0.999967279521234,0.01999999999998181,ok
ES-LM1,1994,614.589,614.553,0.9999414242689015,0.03600000000005821,ok
ES-LM1,1995,721.6120000000001,721.643,1.0000429593742897,0.03099999999994907,ok
ES-LM1,1996,1081.359,1081.394,1.000032366679336,0.035000000000081855,ok
ES-LM1,1997,870.048,870.03,0.9999793114862628,0.018000000000029104,ok
ES-LM1,1998,553.8460000000001,553.838,0.9999855555515429,0.008000000000151886,ok
ES-LM1,1999,625.183,625.188,1.0000079976582856,0.0049999999999954525,ok
ES-LM1,2000,831.309,831.325,1.0000192467542155,0.016000000000076398,ok
ES-LM1,2001,927.444,927.43,0.999984904748966,0.014000000000010004,ok
ES-LM1,2002,859.943,859.979,1.000041863239773,0.03600000000005821,ok
ES-LM1,2003,916.3480000000001,916.361,1.0000141867500119,0.012999999999919964,ok
ES-LM1,2004,500.538,500.522,0.9999680343949909,0.016000000000019554,ok
ES-LM1,2005,385.71400000000006,385.728,1.0000362963231824,0.013999999999953161,ok
ES-LM1,2006,828.1899999999999,828.208,1.0000217341431314,0.018000000000029104,ok
ES-LM1,2007,519.4570000000001,519.42,0.9999287717751418,0.03700000000014825,ok
ES-LM1,2008,579.53,579.563,1.0000569426949424,0.03300000000001546,ok
ES-LM1,2009,695.874,695.892,1.0000258667517397,0.018000000000029104,ok
ES-LM1,2010,990.8169999999998,990.825,1.0000080741448727,0.008000000000265572,ok
ES-LM1,2011,638.331,638.346,1.0000234987804133,0.014999999999986358,ok
ES-LM1,2012,537.059,537.079,1.0000372398563286,0.01999999999998181,ok
ES-LM1,2013,813.238,813.215,0.9999717179964537,0.023000000000024556,ok
ES-LM1,2014,953.9000000000001,953.847,0.9999444386204004,0.05300000000011096,ok
ES-LM1,2015,465.737,465.748,1.0000236184799576,0.010999999999967258,ok
ES-LM1,2016,859.6189999999999,859.568,0.9999406713904649,0.05099999999993088,ok
ES-LM1,2017,423.769,423.746,0.999945725147427,0.023000000000024556,ok
ES-LM1,2018,822.6520000000002,822.67,1.0000218804549188,0.01799999999980173,ok
ES-LM1,2019,592.452,592.47,1.0000303822081789,0.018000000000029104,ok
ES-LM1,2020,656.6959999999999,656.67,0.9999604078599535,0.025999999999953616,ok
ES-LM1,2021,665.3070000000001,665.317,1.0000150306550206,0.009999999999877218,ok
ES-LM1,2022,737.212,737.22,1.0000108516953061,0.008000000000038199,ok
ES-LM1,2023,628.897,628.895,0.9999968198290021,0.002000000000066393,ok
ES-LM1,2024,789.532,789.54,1.000010132584873,0.007999999999924512,ok
MX-PMm,1981,5317.826000000001,5317.806,0.99999623906461,0.020000000001346052,ok
MX-PMm,1982,5362.229,5362.244,1.000002797344164,0.014999999999417923,ok
MX-PMm,1983,7432.991,7432.978,0.99999825104053,0.012999999999919964,ok
MX-PMm,1984,6051.794,6051.793,0.9999998347597423,0.0010000000002037268,ok
MX-PMm,1985,3902.5290000000005,3902.539,1.0000025624409197,0.009999999999763531,ok
MX-PMm,1986,3634.706,3634.67,0.9999900954850268,0.03600000000005821,ok
MX-PMm,1987,3675.5679999999998,3675.593,1.0000068016698371,0.02500000000009095,ok
MX-PMm,1988,6170.739,6170.759,1.000003241102889,0.020000000000436557,ok
MX-PMm,1989,4285.467000000001,4285.459,0.9999981332256203,0.00800000000072032,ok
MX-PMm,1990,4339.4400000000005,4339.433,0.9999983868886306,0.007000000000516593,ok
MX-PMm,1991,3893.537,3893.545,1.0000020546870365,0.008000000000265572,ok
MX-PMm,1992,4012.7919999999995,4012.776,0.9999960127512217,0.01599999999962165,ok
MX-PMm,1993,5330.163,5330.174,1.0000020637267566,0.011000000000422006,ok
MX-PMm,1994,3397.639,3397.641,1.0000005886440555,0.0019999999999527063,ok
MX-PMm,1995,4931.616000000001,4931.63,1.000002838826056,0.013999999999214197,ok
MX-PMm,1996,3825.449,3825.435,0.9999963402988773,0.014000000000123691,ok
MX-PMm,1997,4023.43,4023.411,0.9999952776611002,0.018999999999778083,ok
MX-PMm,1998,5485.121,5485.117,0.9999992707544647,0.0039999999999054126,ok
MX-PMm,1999,4447.589,4447.611,1.0000049465002274,0.021999999999934516,ok
MX-PMm,2000,3662.1890000000003,3662.194,1.0000013653036475,0.004999999999654392,ok
MX-PMm,2001,3490.9640000000004,3490.989,1.0000071613456911,0.024999999999636202,ok
MX-PMm,2002,3534.652,3534.618,0.9999903809483932,0.0340000000001055,ok
MX-PMm,2003,3857.4750000000004,3857.444,0.9999919636549814,0.031000000000403816,ok
MX-PMm,2004,2792.425,2792.429,1.0000014324467086,0.0039999999999054126,ok
MX-PMm,2005,5794.2789999999995,5794.207,0.9999875739500982,0.07199999999920692,ok
MX-PMm,2006,4100.87,4100.899,1.000007071670158,0.02900000000045111,ok
MX-PMm,2007,3537.194,3537.173,0.9999940630906871,0.021000000000185537,ok
MX-PMm,2008,3979.958,3979.969,1.0000027638482618,0.010999999999967258,ok
MX-PMm,2009,3147.651,3147.634,0.9999945991471101,0.016999999999825377,ok
MX-PMm,2010,5044.553,5044.54,0.9999974229629464,0.012999999999919964,ok
MX-PMm,2011,4540.994,4540.982,0.9999973574067704,0.011999999999716238,ok
MX-PMm,2012,3913.11,3913.109,0.9999997444487888,0.0010000000002037268,ok
MX-PMm,2013,6575.272999999999,6575.299,1.0000039542084413,0.026000000000749424,ok
MX-PMm,2014,4312.897,4312.93,1.0000076514695344,0.03300000000035652,ok
MX-PMm,2015,4347.16,4347.178,1.0000041406343452,0.018000000000029104,ok
MX-PMm,2016,3620.6029999999996,3620.579,0.9999933712699239,0.023999999999432475,ok
MX-PMm,2017,4239.102,4239.1,0.9999995282019637,0.001999999999497959,ok
MX-PMm,2018,4244.883000000001,4244.907,1.0000056538660782,0.023999999999432475,ok
MX-PMm,2019,2947.354,2947.349,0.9999983035631282,0.004999999999654392,ok
MX-PMm,2020,5930.55,5930.514,0.9999939297367023,0.03600000000005821,ok
MX-PMm,2021,3803.4429999999998,3803.392,0.9999865910965408,0.05099999999993088,ok
MX-PMm,2022,4021.388,4021.36,0.9999930372299316,0.027999999999792635,ok
MX-PMm,2023,3495.257,3495.259,1.0000005722039895,0.0019999999999527063,ok
MX-PMm,2024,5882.933999999999,5882.921,0.9999977902182824,0.01299999999901047,ok
MX-PMm,2025,3307.1359999999995,3307.149,1.0000039308936797,0.013000000000374712,ok
KR-AdC,1981,1288.0320000000002,1288.072,1.000031055129065,0.03999999999973625,ok
KR-AdC,1982,1107.791,1107.756,0.9999684055927518,0.03499999999985448,ok
KR-AdC,1983,1146.0249999999999,1146.029,1.0000034903252548,0.004000000000132786,ok
KR-AdC,1984,1190.5260000000003,1190.536,1.0000083996485585,0.009999999999763531,ok
KR-AdC,1985,1547.4379999999999,1547.436,0.9999987075411099,0.0019999999999527063,ok
KR-AdC,1986,1198.9429999999998,1198.943,1.0000000000000002,2.2737367544323206e-13,ok
KR-AdC,1987,1551.1419999999998,1551.121,0.9999864615876563,0.02099999999973079,ok
KR-AdC,1988,778.691,778.674,0.9999781684904537,0.01700000000005275,ok
KR-AdC,1989,1365.8129999999999,1365.87,1.0000417333851706,0.05700000000001637,ok
KR-AdC,1990,1555.4499999999998,1555.461,1.000007071908451,0.011000000000194632,ok
KR-AdC,1991,1349.4950000000001,1349.443,0.9999614670673103,0.052000000000134605,ok
KR-AdC,1992,1055.2069999999999,1055.266,1.0000559131999696,0.05900000000019645,ok
KR-AdC,1993,1294.859,1294.848,0.9999915048665531,0.010999999999967258,ok
KR-AdC,1994,995.3109999999999,995.354,1.000043202576883,0.04300000000012005,ok
KR-AdC,1995,1123.419,1123.417,0.9999982197203358,0.00200000000018008,ok
KR-AdC,1996,961.8649999999999,961.881,1.0000166343509744,0.016000000000076398,ok
KR-AdC,1997,1155.5970000000002,1155.598,1.000000865353579,9.999999997489795e-4,ok
KR-AdC,1998,1553.91,1553.961,1.0000328204336157,0.05099999999993088,ok
KR-AdC,1999,1480.821,1480.82,0.9999993246989339,9.999999999763531e-4,ok
KR-AdC,2000,1273.6419999999996,1273.671,1.0000227693496293,0.02900000000045111,ok
KR-AdC,2001,840.0450000000001,840.076,1.0000369027849698,0.03099999999994907,ok
KR-AdC,2002,1251.6920000000005,1251.731,1.000031157824768,0.03899999999953252,ok
KR-AdC,2003,1474.3870000000002,1474.394,1.0000047477358385,0.006999999999834472,ok
KR-AdC,2004,1188.451,1188.418,0.9999722327634878,0.03300000000012915,ok
KR-AdC,2005,1284.158,1284.132,0.9999797532702364,0.02599999999983993,ok
KR-AdC,2006,973.112,973.132,1.0000205526188146,0.01999999999998181,ok
KR-AdC,2007,1375.217,1375.231,1.0000101802115593,0.013999999999896318,ok
KR-AdC,2008,797.8369999999999,797.825,0.9999849593337989,0.011999999999829924,ok
KR-AdC,2009,895.0910000000001,895.088,0.9999966483854712,0.003000000000156433,ok
KR-AdC,2010,1005.1400000000001,1005.121,0.9999810971605945,0.019000000000119144,ok
KR-AdC,2011,1426.4509999999998,1426.475,1.000016824973308,0.024000000000114596,ok
KR-AdC,2012,1432.9040000000002,1432.891,0.9999909275150323,0.013000000000147338,ok
KR-AdC,2013,983.939,983.941,1.0000020326463328,0.002000000000066393,ok
KR-AdC,2014,952.1890000000001,952.208,1.000019954021733,0.01899999999989177,ok
KR-AdC,2015,788.128,788.091,0.9999530533111373,0.03700000000003456,ok
KR-AdC,2016,894.7539999999999,894.754,1.0000000000000002,1.1368683772161603e-13,ok
KR-AdC,2017,772.078,772.026,0.999932649291911,0.05200000000002092,ok
KR-AdC,2018,1137.4550000000002,1137.453,0.999998241688682,0.00200000000018008,ok
KR-AdC,2019,833.9850000000001,834.018,1.0000395690569972,0.032999999999901775,ok
KR-AdC,2020,1364.1490000000001,1364.195,1.0000337206566143,0.04599999999982174,ok
KR-AdC,2021,1068.5219999999997,1068.527,1.000004679360837,0.005000000000336513,ok
KR-AdC,2022,1176.1389999999997,1176.208,1.0000586665351634,0.06900000000041473,ok
KR-AdC,2023,1233.2420000000002,1233.186,0.999954591231891,0.05600000000026739,ok
KR-AdC,2024,1224.492,1224.472,0.9999836666960666,0.01999999999998181,ok
KR-AdC,2025,1448.195,1448.189,0.9999958569115348,0.005999999999858119,ok
US-WCr,1981,673.3879999999999,673.402,1.0000207903912754,0.014000000000123691,ok
US-WCr,1982,920.6160000000001,920.596,0.9999782754155911,0.020000000000095497,ok
US-WCr,1983,839.589,839.561,0.9999666503491589,0.02800000000002001,ok
US-WCr,1984,680.3789999999999,680.413,1.0000499721478766,0.0340000000001055,ok
US-WCr,1985,927.9440000000001,927.936,0.9999913787900994,0.008000000000038199,ok
US-WCr,1986,751.975,751.915,0.9999202101133681,0.06000000000005912,ok
US-WCr,1987,623.9850000000001,623.958,0.9999567297290798,0.027000000000157343,ok
US-WCr,1988,625.551,625.543,0.9999872112745403,0.008000000000038199,ok
US-WCr,1989,549.346,549.318,0.9999490303014857,0.02800000000002001,ok
US-WCr,1990,780.563,780.54,0.9999705340888564,0.023000000000024556,ok
US-WCr,1991,831.573,831.6,1.0000324685866424,0.027000000000043656,ok
US-WCr,1992,622.7270000000001,622.752,1.0000401460029835,0.024999999999863576,ok
US-WCr,1993,714.8709999999999,714.873,1.0000027977075587,0.00200000000018008,ok
US-WCr,1994,571.776,571.749,0.9999527787105441,0.02699999999992997,ok
US-WCr,1995,745.538,745.513,0.9999664671686755,0.024999999999977263,ok
US-WCr,1996,714.4590000000001,714.484,1.0000349915110593,0.024999999999977263,ok
US-WCr,1997,680.316,680.364,1.0000705554477625,0.04800000000000182,ok
US-WCr,1998,573.605,573.593,0.9999790796802677,0.012000000000057298,ok
US-WCr,1999,646.594,646.555,0.9999396839438657,0.039000000000100954,ok
US-WCr,2000,676.1759999999999,676.107,0.9998979555618656,0.06899999999995998,ok
US-WCr,2001,621.381,621.32,0.999901831565497,0.060999999999921783,ok
US-WCr,2002,755.2240000000002,755.193,0.9999589525756595,0.031000000000176442,ok
US-WCr,2003,607.6569999999999,607.664,1.0000115196566486,0.007000000000061846,ok
US-WCr,2004,663.3090000000001,663.293,0.9999758785121262,0.016000000000076398,ok
US-WCr,2005,638.8900000000001,638.913,1.0000359999373913,0.02299999999991087,ok
US-WCr,2006,593.702,593.689,0.9999781034929981,0.013000000000033651,ok
US-WCr,2007,564.3789999999999,564.431,1.0000921366670272,0.052000000000134605,ok
US-WCr,2008,584.355,584.328,0.9999537952101034,0.027000000000043656,ok
US-WCr,2009,529.812,529.808,0.9999924501521295,0.004000000000019099,ok
US-WCr,2010,703.964,703.962,0.9999971589456278,0.002000000000066393,ok
US-WCr,2011,593.539,593.52,0.9999679886241679,0.019000000000005457,ok
US-WCr,2012,523.72,523.679,0.9999217138929197,0.04100000000005366,ok
US-WCr,2013,731.515,731.523,1.0000109362077334,0.008000000000038199,ok
US-WCr,2014,867.977,867.969,0.9999907831659135,0.007999999999924512,ok
US-WCr,2015,725.5180000000001,725.529,1.0000151615811046,0.010999999999853571,ok
US-WCr,2016,941.4,941.406,1.000006373486297,0.005999999999971806,ok
US-WCr,2017,875.074,875.034,0.9999542895800813,0.03999999999996362,ok
US-WCr,2018,758.87,758.87,1,0,ok
US-WCr,2019,880.3200000000002,880.323,1.0000034078516902,0.0029999999998153726,ok
US-WCr,2020,671.7790000000001,671.731,0.9999285479301971,0.048000000000115506,ok
US-WCr,2021,697.755,697.737,0.9999742029795559,0.018000000000029104,ok
US-WCr,2022,682.531,682.52,0.9999838835159136,0.010999999999967258,ok
US-WCr,2023,661.746,661.717,0.9999561765390346,0.028999999999996362,ok
US-WCr,2024,685.74,685.753,1.0000189576224225,0.013000000000033651,ok
US-WCr,2025,704.9300000000001,704.892,0.9999460939384052,0.038000000000010914,ok
KR-TwC,1981,5021.523999999999,5021.542,1.0000035845691468,0.0180000000009386,ok
KR-TwC,1982,4210.072999999999,4210.117,1.0000104511251944,0.04400000000077853,ok
KR-TwC,1983,4081.853,4081.811,0.9999897105554757,0.041999999999916326,ok
KR-TwC,1984,4403.986000000001,4403.979,0.9999984105308235,0.007000000000516593,ok
KR-TwC,1985,5727.945,5727.945,1,0,ok
KR-TwC,1986,4715.92,4715.963,1.0000091180511967,0.042999999999665306,ok
KR-TwC,1987,5985.437999999998,5985.416,0.9999963244126833,0.021999999998115527,ok
KR-TwC,1988,3499.5449999999996,3499.519,0.9999925704627316,0.02599999999983993,ok
KR-TwC,1989,5550.001999999999,5550.016,1.0000025225216136,0.014000000001033186,ok
KR-TwC,1990,6573.306999999999,6573.312,1.0000007606521346,0.005000000001018634,ok
KR-TwC,1991,4528.4839999999995,4528.459,0.9999944793886874,0.024999999999636202,ok
KR-TwC,1992,4670.705999999999,4670.669,0.9999920782853814,0.03699999999935244,ok
KR-TwC,1993,5113.862,5113.876,1.0000027376569802,0.014000000000123691,ok
KR-TwC,1994,3880.571,3880.57,0.9999997423059648,9.999999997489795e-4,ok
KR-TwC,1995,3983.643,3983.629,0.9999964856288578,0.014000000000123691,ok
KR-TwC,1996,3923.5299999999997,3923.518,0.999996941529694,0.011999999999716238,ok
KR-TwC,1997,4399.169,4399.148,0.9999952263711624,0.02099999999973079,ok
KR-TwC,1998,6367.48,6367.496,1.0000025127680026,0.016000000000531145,ok
KR-TwC,1999,5003.239999999999,5003.268,1.0000055963735501,0.028000000001156877,ok
KR-TwC,2000,4830.544,4830.51,0.999992961455273,0.033999999999650754,ok
KR-TwC,2001,3351.9829999999997,3351.918,0.9999806084935396,0.06499999999959982,ok
KR-TwC,2002,4964.964999999999,4965.003,1.0000076536289784,0.03800000000046566,ok
KR-TwC,2003,5533.6050000000005,5533.631,1.0000046985644981,0.02599999999983993,ok
KR-TwC,2004,4807.692000000001,4807.684,0.9999983359998934,0.00800000000072032,ok
KR-TwC,2005,5287.456,5287.437,0.9999964065894826,0.01900000000023283,ok
KR-TwC,2006,4663.415,4663.426,1.000002358786426,0.011000000000422006,ok
KR-TwC,2007,6064.925,6064.943,1.0000029678850109,0.018000000000029104,ok
KR-TwC,2008,3607.352,3607.351,0.99999972278835,9.999999997489795e-4,ok
KR-TwC,2009,3674.51,3674.563,1.0000144236918664,0.052999999999883585,ok
KR-TwC,2010,4423.646,4423.649,1.0000006781736153,0.0030000000006111804,ok
KR-TwC,2011,6082.4450000000015,6082.448,1.0000004932227087,0.002999999998792191,ok
KR-TwC,2012,5906.629000000001,5906.639,1.0000016930130535,0.009999999999308784,ok
KR-TwC,2013,4106.127,4106.103,0.9999941550760606,0.02400000000034197,ok
KR-TwC,2014,3384.1839999999993,3384.174,0.9999970450779274,0.009999999999308784,ok
KR-TwC,2015,2730.0009999999997,2730.024,1.000008424905339,0.023000000000138243,ok
KR-TwC,2016,3542.093,3542.092,0.9999997176810435,9.999999997489795e-4,ok
KR-TwC,2017,3810.258,3810.225,0.9999913391691586,0.032999999999901775,ok
KR-TwC,2018,4343.763999999999,4343.766,1.0000004604301709,0.0020000000004074536,ok
KR-TwC,2019,3320.869,3320.87,1.0000003011260004,9.999999997489795e-4,ok
KR-TwC,2020,5586.433,5586.455,1.0000039381122086,0.021999999999934516,ok
KR-TwC,2021,4326.588,4326.586,0.9999995377419806,0.001999999999497959,ok
KR-TwC,2022,4892.051,4892.049,0.9999995911735179,0.0020000000004074536,ok
KR-TwC,2023,5371.425,5371.36,0.9999878989281242,0.06500000000050932,ok
KR-TwC,2024,5026.67,5026.729,1.000011737392747,0.05900000000019645,ok
US-Me3,1981,429.119,429.114,0.9999883482204236,0.005000000000052296,ok
US-Me3,1982,434.52099999999996,434.498,0.9999470681509065,0.022999999999967713,ok
US-Me3,1983,481.03200000000004,481.045,1.0000270252290908,0.012999999999976808,ok
US-Me3,1984,395.41499999999996,395.418,1.000007586965593,0.0030000000000427463,ok
US-Me3,1985,282.40700000000004,282.387,0.9999291802257024,0.020000000000038654,ok
US-Me3,1986,402.54999999999995,402.557,1.000017389144206,0.007000000000061846,ok
US-Me3,1987,357.159,357.126,0.9999076041762912,0.03300000000001546,ok
US-Me3,1988,383.788,383.783,0.9999869719741107,0.0049999999999954525,ok
US-Me3,1989,316.50700000000006,316.497,0.9999684051221615,0.010000000000047748,ok
US-Me3,1990,368.55899999999997,368.548,0.999970154032326,0.010999999999967258,ok
US-Me3,1991,327.742,327.73,0.9999633858339791,0.012000000000000455,ok
US-Me3,1992,338.56200000000007,338.554,0.999976370649984,0.008000000000095042,ok
US-Me3,1993,353.40500000000003,353.4,0.9999858519262601,0.005000000000052296,ok
US-Me3,1994,355.112,355.079,0.9999070715717857,0.03300000000001546,ok
US-Me3,1995,493.8030000000001,493.808,1.0000101254953897,0.004999999999881766,ok
US-Me3,1996,577.0889999999999,577.111,1.00003812236934,0.022000000000048203,ok
US-Me3,1997,349.17499999999995,349.145,0.9999140831961052,0.029999999999972715,ok
US-Me3,1998,513.7919999999999,513.8,1.0000155705032387,0.008000000000038199,ok
US-Me3,1999,384.341,384.325,0.9999583703013729,0.016000000000019554,ok
US-Me3,2000,327.715,327.676,0.999880994156508,0.03899999999998727,ok
US-Me3,2001,344.17600000000004,344.182,1.0000174329412859,0.005999999999971806,ok
US-Me3,2002,291.298,291.317,1.0000652253019244,0.019000000000005457,ok
US-Me3,2003,379.29900000000004,379.289,0.9999736355751002,0.010000000000047748,ok
US-Me3,2004,357.63300000000004,357.639,1.000016776975279,0.005999999999971806,ok
US-Me3,2005,413.06999999999994,413.069,0.9999975791028157,9.999999999195097e-4,ok
US-Me3,2006,469.242,469.236,0.9999872134207934,0.006000000000028649,ok
US-Me3,2007,354.27900000000005,354.255,0.9999322567806727,0.024000000000057753,ok
US-Me3,2008,343.026,343.068,1.0001224396984485,0.04199999999997317,ok
US-Me3,2009,325.76700000000005,325.782,1.0000460451795299,0.014999999999929514,ok
US-Me3,2010,434.927,434.943,1.0000367877827772,0.01599999999996271,ok
US-Me3,2011,355.362,355.344,0.9999493474260049,0.018000000000029104,ok
US-Me3,2012,533.4649999999999,533.492,1.000050612505038,0.027000000000043656,ok
US-Me3,2013,251.43599999999998,251.454,1.0000715887939675,0.018000000000029104,ok
US-Me3,2014,497.649,497.61,0.9999216315113665,0.03899999999998727,ok
US-Me3,2015,343.536,343.483,0.9998457221368358,0.05299999999999727,ok
US-Me3,2016,374.5469999999999,374.564,1.0000453881622335,0.017000000000109594,ok
US-Me3,2017,404.98999999999995,404.907,0.999795056668066,0.08299999999996999,ok
US-Me3,2018,285.254,285.264,1.0000350564759828,0.009999999999990905,ok
US-Me3,2019,402.321,402.348,1.0000671105907968,0.026999999999986812,ok
US-Me3,2020,313.77900000000005,313.802,1.000073299997769,0.022999999999967713,ok
US-Me3,2021,365.347,365.403,1.000153278937558,0.05600000000004002,ok
US-Me3,2022,388.951,388.925,0.9999331535334784,0.02600000000001046,ok
US-Me3,2023,321.852,321.909,1.0001771000335558,0.05700000000001637,ok
US-Me3,2024,462.81499999999994,462.794,0.9999546254983094,0.020999999999958163,ok
US-Me3,2025,362.796,362.792,0.9999889745201159,0.004000000000019099,ok
FI-Var,1981,588.576,588.588,1.0000203881911596,0.011999999999943611,ok
FI-Var,1982,506.322,506.279,0.999915073806787,0.043000000000006366,ok
FI-Var,1983,541.611,541.582,0.9999464560357896,0.028999999999996362,ok
FI-Var,1984,521.495,521.486,0.9999827419246589,0.009000000000014552,ok
FI-Var,1985,453.59,453.645,1.000121254877753,0.05500000000000682,ok
FI-Var,1986,441.71400000000006,441.702,0.9999728331001506,0.012000000000057298,ok
FI-Var,1987,421.544,421.533,0.9999739054523372,0.010999999999967258,ok
FI-Var,1988,501.9649999999999,501.961,0.9999920313169247,0.0039999999999054126,ok
FI-Var,1989,548.524,548.522,0.9999963538514268,0.0019999999999527063,ok
FI-Var,1990,430.02799999999996,430,0.999934887960784,0.027999999999963165,ok
FI-Var,1991,506.031,506.042,1.0000217377986724,0.010999999999967258,ok
FI-Var,1992,628.157,628.097,0.9999044824781065,0.06000000000005912,ok
FI-Var,1993,465.696,465.703,1.000015031265031,0.006999999999948159,ok
FI-Var,1994,459.1650000000001,459.182,1.0000370237278537,0.016999999999939064,ok
FI-Var,1995,526.883,526.889,1.0000113877274461,0.005999999999971806,ok
FI-Var,1996,476.12000000000006,476.056,0.9998655801058555,0.06400000000007822,ok
FI-Var,1997,432.173,432.12,0.9998773639260203,0.05299999999999727,ok
FI-Var,1998,640.7550000000001,640.765,1.0000156065891017,0.009999999999877218,ok
FI-Var,1999,539.8450000000001,539.849,1.000007409534218,0.0039999999999054126,ok
FI-Var,2000,625.373,625.313,0.999904057258628,0.06000000000005912,ok
FI-Var,2001,427.2849999999999,427.247,0.9999110663842636,0.03799999999989723,ok
FI-Var,2002,472.42699999999996,472.414,0.9999724825211092,0.012999999999976808,ok
FI-Var,2003,432.485,432.5,1.0000346832838132,0.014999999999986358,ok
FI-Var,2004,534.4280000000001,534.414,0.9999738037677665,0.014000000000123691,ok
FI-Var,2005,523.204,523.142,0.9998814993769163,0.06199999999989814,ok
FI-Var,2006,446.7050000000001,446.701,0.9999910455445986,0.004000000000075943,ok
FI-Var,2007,555.584,555.625,1.0000737962216335,0.04100000000005366,ok
FI-Var,2008,560.315,560.276,0.9999303962949411,0.039000000000100954,ok
FI-Var,2009,467.669,467.697,1.0000598714047757,0.02800000000002001,ok
FI-Var,2010,482.527,482.515,0.9999751309253161,0.012000000000000455,ok
FI-Var,2011,555.6120000000001,555.624,1.0000215978056628,0.011999999999943611,ok
FI-Var,2012,570.572,570.532,0.9999298949124739,0.03999999999996362,ok
FI-Var,2013,453.135,453.132,0.9999933794564534,0.002999999999985903,ok
FI-Var,2014,509.58500000000004,509.606,1.000041210004219,0.020999999999958163,ok
FI-Var,2015,590.271,590.328,1.0000965658146852,0.05700000000001637,ok
FI-Var,2016,616.5509999999999,616.497,0.9999124160045155,0.053999999999973625,ok
FI-Var,2017,528.2510000000001,528.309,1.000109796290021,0.05799999999987904,ok
FI-Var,2018,487.74299999999994,487.716,0.9999446429779619,0.02699999999992997,ok
FI-Var,2019,586.078,586.09,1.0000204750903465,0.012000000000057298,ok
FI-Var,2020,557.267,557.263,0.9999928221122011,0.004000000000019099,ok
FI-Var,2021,623.012,623.033,1.0000337072159124,0.02100000000007185,ok
FI-Var,2022,565.8180000000001,565.788,0.9999469794174097,0.030000000000086402,ok
FI-Var,2023,528.836,528.795,0.9999224712387204,0.04100000000005366,ok
FI-Var,2024,539.904,539.973,1.0001278004978662,0.06899999999995998,ok
DE-Gri,1981,1215.874,1215.863,0.9999909530099336,0.010999999999967258,ok
DE-Gri,1982,629.833,629.867,1.0000539825636319,0.033999999999991815,ok
DE-Gri,1983,894.42,894.393,0.9999698128396056,0.02699999999992997,ok
DE-Gri,1984,797.7380000000002,797.75,1.0000150425327612,0.011999999999829924,ok
DE-Gri,1985,886.298,886.296,0.9999977434226412,0.0019999999999527063,ok
DE-Gri,1986,987.9780000000001,988.009,1.0000313772169016,0.03099999999994907,ok
DE-Gri,1987,1078.6409999999998,1078.598,0.9999601350217543,0.04299999999989268,ok
DE-Gri,1988,1009.219,1009.216,0.9999970274043591,0.0030000000000427463,ok
DE-Gri,1989,835.7409999999999,835.755,1.0000167516012737,0.014000000000123691,ok
DE-Gri,1990,778.117,778.113,0.9999948593848998,0.0039999999999054126,ok
DE-Gri,1991,730.5480000000001,730.558,1.0000136883544954,0.009999999999877218,ok
DE-Gri,1992,884.6189999999998,884.646,1.00003052161439,0.027000000000157343,ok
DE-Gri,1993,940.361,940.379,1.000019141584987,0.018000000000029104,ok
DE-Gri,1994,936.5939999999998,936.624,1.0000320309547148,0.03000000000020009,ok
DE-Gri,1995,1161.232,1161.214,0.9999844992215164,0.018000000000029104,ok
DE-Gri,1996,877.9250000000001,877.985,1.0000683429677932,0.05999999999994543,ok
DE-Gri,1997,829.652,829.629,0.9999722775332308,0.023000000000024556,ok
DE-Gri,1998,995.5290000000001,995.523,0.9999939730535222,0.0060000000000854925,ok
DE-Gri,1999,790.82,790.84,1.0000252902051034,0.01999999999998181,ok
DE-Gri,2000,921.5989999999999,921.549,0.999945746468909,0.049999999999954525,ok
DE-Gri,2001,1032.9810000000002,1032.949,0.9999690216954619,0.032000000000152795,ok
DE-Gri,2002,1189.779,1189.798,1.0000159693522914,0.019000000000005457,ok
DE-Gri,2003,625.7710000000001,625.795,1.0000383526881238,0.023999999999887223,ok
DE-Gri,2004,932.5460000000002,932.548,1.0000021446663219,0.0019999999998390194,ok
DE-Gri,2005,954.1109999999999,954.107,0.9999958076156759,0.0039999999999054126,ok
DE-Gri,2006,833.998,833.928,0.9999160669450046,0.07000000000005002,ok
DE-Gri,2007,1031.924,1031.883,0.9999602683918584,0.04099999999993997,ok
DE-Gri,2008,919.749,919.733,0.9999826039495557,0.016000000000076398,ok
DE-Gri,2009,1016.7570000000001,1016.756,0.9999990164808307,0.00100000000009004,ok
DE-Gri,2010,1149.636,1149.629,0.9999939111162142,0.007000000000061846,ok
DE-Gri,2011,869.5630000000001,869.605,1.0000483001231653,0.041999999999916326,ok
DE-Gri,2012,978.781,978.787,1.0000061300740413,0.0060000000000854925,ok
DE-Gri,2013,1067.122,1067.114,0.9999925032001964,0.008000000000038199,ok
DE-Gri,2014,838.1009999999999,838.086,0.9999821023957735,0.01499999999987267,ok
DE-Gri,2015,828.2220000000001,828.216,0.9999927555655367,0.0060000000000854925,ok
DE-Gri,2016,923.2079999999999,923.203,0.999994584102391,0.004999999999881766,ok
DE-Gri,2017,941.871,941.816,0.999941605591424,0.05499999999994998,ok
DE-Gri,2018,593.095,593.091,0.9999932557178867,0.004000000000019099,ok
DE-Gri,2019,789.796,789.813,1.0000215245455788,0.016999999999939064,ok
DE-Gri,2020,805.0860000000001,805.102,1.0000198736532493,0.015999999999849024,ok
DE-Gri,2021,985.5020000000001,985.542,1.000040588451368,0.03999999999996362,ok
DE-Gri,2022,797.7560000000001,797.769,1.000016295709465,0.012999999999919964,ok
DE-Gri,2023,957.1659999999999,957.23,1.0000668640549288,0.06400000000007822,ok
DE-Gri,2024,916.804,916.818,1.0000152704394834,0.014000000000010004,ok
US-Esm,1981,874.1229999999999,874.117,0.9999931359774311,0.005999999999971806,ok
US-Esm,1982,1159.8990000000001,1159.865,0.9999706871029287,0.0340000000001055,ok
US-Esm,1983,1369.2870000000003,1369.331,1.00003213351182,0.04399999999964166,ok
US-Esm,1984,1011.9890000000001,1012.014,1.0000247038258319,0.024999999999863576,ok
US-Esm,1985,1045.4809999999998,1045.481,1.0000000000000002,2.2737367544323206e-13,ok
US-Esm,1986,1007.099,1007.118,1.0000188660697706,0.019000000000005457,ok
US-Esm,1987,1122.5040000000001,1122.531,1.000024053366402,0.026999999999816282,ok
US-Esm,1988,1033.587,1033.586,0.9999990324955713,9.999999999763531e-4,ok
US-Esm,1989,938.978,938.978,1,0,ok
US-Esm,1990,884.196,884.172,0.9999728566969315,0.02400000000000091,ok
US-Esm,1991,1118.7549999999997,1118.791,1.000032178627135,0.03600000000028558,ok
US-Esm,1992,999.0070000000001,998.943,0.99993593638483,0.06400000000007822,ok
US-Esm,1993,1052.1779999999999,1052.137,0.9999610332092099,0.04099999999993997,ok
US-Esm,1994,1343.505,1343.488,0.999987346530158,0.01700000000005275,ok
US-Esm,1995,1274.501,1274.535,1.0000266771073543,0.0340000000001055,ok
US-Esm,1996,1049.4750000000001,1049.465,0.9999904714261891,0.010000000000218279,ok
US-Esm,1997,1303.446,1303.494,1.0000368254611238,0.04800000000000182,ok
US-Esm,1998,900.009,900.006,0.9999966666999996,0.0030000000000427463,ok
US-Esm,1999,1092.0339999999999,1092.036,1.0000018314448087,0.00200000000018008,ok
US-Esm,2000,914.3499999999999,914.374,1.0000262481544269,0.024000000000114596,ok
US-Esm,2001,1050.124,1050.156,1.000030472591808,0.03199999999992542,ok
US-Esm,2002,886.4639999999999,886.499,1.0000394827088297,0.035000000000081855,ok
US-Esm,2003,1039.355,1039.368,1.0000125077572148,0.012999999999919964,ok
US-Esm,2004,788.818,788.822,1.0000050708782,0.004000000000019099,ok
US-Esm,2005,1078.7079999999999,1078.716,1.0000074162794752,0.008000000000038199,ok
US-Esm,2006,921.65,921.632,0.9999804698095807,0.018000000000029104,ok
US-Esm,2007,1081.8619999999999,1081.834,0.9999741186953606,0.027999999999792635,ok
US-Esm,2008,1021.0019999999998,1021.02,1.0000176297401966,0.01800000000014279,ok
US-Esm,2009,985.1160000000001,985.054,0.999937063249404,0.06200000000012551,ok
US-Esm,2010,1053.895,1053.888,0.999993357972094,0.007000000000061846,ok
US-Esm,2011,936.4379999999999,936.425,0.999986117607359,0.012999999999919964,ok
US-Esm,2012,1090.3809999999999,1090.351,0.9999724866812612,0.02999999999974534,ok
US-Esm,2013,1136.3100000000002,1136.307,0.999997359875386,0.003000000000156433,ok
US-Esm,2014,1042.728,1042.73,1.0000019180457416,0.0019999999999527063,ok
US-Esm,2015,861.802,861.821,1.0000220468274614,0.019000000000005457,ok
US-Esm,2016,1230.8499999999997,1230.873,1.0000186862737135,0.023000000000365617,ok
US-Esm,2017,1162.9479999999999,1162.956,1.0000068790693994,0.008000000000038199,ok
US-Esm,2018,1339.5590000000002,1339.542,0.999987309256255,0.017000000000280124,ok
US-Esm,2019,1237.199,1237.203,1.000003233109629,0.0039999999999054126,ok
US-Esm,2020,1463.6950000000002,1463.687,0.9999945343804547,0.008000000000265572,ok
US-Esm,2021,1082.868,1082.939,1.0000655666249259,0.07100000000014006,ok
US-Esm,2022,1221.4540000000002,1221.453,0.9999991813035938,0.0010000000002037268,ok
US-Esm,2023,1331.344,1331.311,0.9999752130178224,0.03300000000012915,ok
US-Esm,2024,1350.99,1350.943,0.9999652106973405,0.047000000000025466,ok
US-Esm,2025,1201.137,1201.134,0.9999975023665078,0.0029999999999290594,ok
US-EDN,1981,431.345,431.307,0.999911903464744,0.038000000000010914,ok
US-EDN,1982,645.053,645.089,1.0000558093676024,0.03600000000005821,ok
US-EDN,1983,831.345,831.334,0.99998676842947265,0.011000000000080945,ok
US-EDN,1984,312.952,312.952,1,0,ok
US-EDN,1985,290.176,290.139,0.999872491177768,0.03699999999997772,ok
US-EDN,1986,474.629,474.648,1.000040031266526,0.019000000000005457,ok
US-EDN,1987,365.064,365.1,1.0000986128459668,0.036000000000001364,ok
US-EDN,1988,283.915,283.966,1.000179631227656,0.05099999999998772,ok
US-EDN,1989,259.15700000000004,259.158,1.0000038586648248,9.999999999763531e-4,ok
US-EDN,1990,236.46799999999996,236.426,0.9998223861156691,0.04199999999997317,ok
US-EDN,1991,394.4750000000001,394.45,0.9999366246276694,0.02500000000009095,ok
US-EDN,1992,391.58200000000005,391.595,1.0000331986659243,0.012999999999976808,ok
US-EDN,1993,465.8980000000001,465.88,0.9999613649339553,0.018000000000085947,ok
US-EDN,1994,337.723,337.688,0.9998963647723134,0.03500000000002501,ok
US-EDN,1995,585.341,585.335,0.9999897495647837,0.005999999999971806,ok
US-EDN,1996,599.078,599.124,1.000076784659093,0.04600000000004911,ok
US-EDN,1997,396.659,396.647,0.9999697473144439,0.012000000000000455,ok
US-EDN,1998,673.6590000000001,673.643,0.9999762491111971,0.016000000000076398,ok
US-EDN,1999,297.40400000000005,297.4,0.9999865502817713,0.004000000000075943,ok
US-EDN,2000,462.874,462.892,1.0000388874726167,0.01799999999997226,ok
US-EDN,2001,429.90999999999997,429.854,0.9998697401781769,0.055999999999983174,ok
US-EDN,2002,339.84000000000003,339.829,0.999967631826742,0.011000000000024102,ok
US-EDN,2003,376.615,376.612,0.9999920343055906,0.002999999999985903,ok
US-EDN,2004,412.72200000000004,412.688,0.9999176200929438,0.03400000000004866,ok
US-EDN,2005,485.71,485.731,1.000043235675609,0.021000000000015007,ok
US-EDN,2006,460.46900000000005,460.526,1.000123786834727,0.05699999999995953,ok
US-EDN,2007,222.88599999999997,222.889,1.0000134597955908,0.0030000000000427463,ok
US-EDN,2008,328.098,328.096,0.9999939042603124,0.0020000000000095497,ok
US-EDN,2009,402.854,402.872,1.0000446811996406,0.018000000000029104,ok
US-EDN,2010,600.9259999999999,600.974,1.0000798767235901,0.048000000000115506,ok
US-EDN,2011,413.531,413.483,0.999883926477096,0.04800000000000182,ok
US-EDN,2012,444.893,444.887,0.999986513611138,0.005999999999971806,ok
US-EDN,2013,111.84200000000001,111.812,0.9997317644534253,0.030000000000015348,ok
US-EDN,2014,378.899,378.934,1.0000923729014857,0.03500000000002501,ok
US-EDN,2015,244.58300000000003,244.61,1.000110391973277,0.026999999999986812,ok
US-EDN,2016,471.571,471.587,1.0000339291432254,0.01599999999996271,ok
US-EDN,2017,570.483,570.463,0.9999649419877543,0.01999999999998181,ok
US-EDN,2018,338.71700000000004,338.701,0.9999527629259825,0.016000000000019554,ok
US-EDN,2019,651.231,651.218,0.9999800378053255,0.013000000000033651,ok
US-EDN,2020,186.45200000000003,186.431,0.9998873704760474,0.021000000000015007,ok
US-EDN,2021,332.49399999999997,332.532,1.0001142877766216,0.038000000000010914,ok
US-EDN,2022,292.221,292.239,1.0000615972158058,0.01799999999997226,ok
US-EDN,2023,549.6959999999999,549.693,0.9999945424380022,0.0029999999999290594,ok
US-EDN,2024,515.9259999999999,515.886,0.9999224695014401,0.03999999999996362,ok
US-EDN,2025,341.08000000000004,341.084,1.0000117274539697,0.003999999999962256,ok
US-ICs,1981,197.63,197.622,0.9999595203157416,0.007999999999981355,ok
US-ICs,1982,190.43200000000002,190.467,1.0001837926398924,0.03499999999999659,ok
US-ICs,1983,168.71900000000002,168.765,1.0002726426780622,0.04599999999996385,ok
US-ICs,1984,180.27499999999998,180.283,1.0000443766467897,0.008000000000009777,ok
US-ICs,1985,192.523,192.536,1.0000675243996822,0.01300000000000523,ok
US-ICs,1986,190.50399999999996,190.503,0.9999947507663882,9.999999999763531e-4,ok
US-ICs,1987,231.24599999999998,231.238,0.9999654048070021,0.007999999999981355,ok
US-ICs,1988,198.472,198.508,1.0001813857874158,0.036000000000001364,ok
US-ICs,1989,212.277,212.291,1.0000659515632877,0.014000000000010004,ok
US-ICs,1990,203.09900000000002,203.127,1.0001378638004126,0.027999999999991587,ok
US-ICs,1991,189.13,189.111,0.9998995399989425,0.019000000000005457,ok
US-ICs,1992,214.102,214.096,0.9999719759740684,0.006000000000000227,ok
US-ICs,1993,229.61,229.589,0.9999085405687905,0.021000000000015007,ok
US-ICs,1994,212.76700000000002,212.756,0.9999483002533286,0.011000000000024102,ok
US-ICs,1995,254.801,254.748,0.9997919945369131,0.05299999999999727,ok
US-ICs,1996,233.44600000000003,233.409,0.9998415051018221,0.03700000000003456,ok
US-ICs,1997,241.97199999999995,241.995,1.0000950523201033,0.023000000000052978,ok
US-ICs,1998,234.52300000000005,234.496,0.9998848726990528,0.027000000000043656,ok
US-ICs,1999,213.973,214.049,1.0003551849999766,0.0759999999999934,ok
US-ICs,2000,217.29199999999997,217.273,0.9999125600574343,0.018999999999977035,ok
US-ICs,2001,183.976,183.944,0.9998260642692525,0.03200000000001069,ok
US-ICs,2002,218.275,218.331,1.0002565570954072,0.055999999999983174,ok
US-ICs,2003,253.525,253.55,1.0000986096045754,0.025000000000005684,ok
US-ICs,2004,203.213,203.203,0.9999507905498173,0.009999999999990905,ok
US-ICs,2005,173.02800000000005,173.032,1.0000231176456988,0.003999999999962256,ok
US-ICs,2006,213.94500000000002,213.967,1.0001028301666315,0.02199999999999136,ok
US-ICs,2007,157.60800000000003,157.654,1.0002918633571898,0.04599999999996385,ok
US-ICs,2008,204.51199999999997,204.517,1.0000244484431233,0.005000000000023874,ok
US-ICs,2009,200.982,200.98,0.9999900488600969,0.0020000000000095497,ok
US-ICs,2010,226.163,226.186,1.0001016965639826,0.022999999999996135,ok
US-ICs,2011,181.89600000000002,181.899,1.0000164929410211,0.002999999999985903,ok
US-ICs,2012,227.21999999999997,227.224,1.0000176040841475,0.004000000000019099,ok
US-ICs,2013,233.72500000000002,233.751,1.0001112418440474,0.025999999999982037,ok
US-ICs,2014,249.74599999999998,249.746,1.0000000000000002,2.842170943040401e-14,ok
US-ICs,2015,203.188,203.168,0.9999015689902948,0.01999999999998181,ok
US-ICs,2016,233.723,233.7,0.9999015929112667,0.023000000000024556,ok
US-ICs,2017,253.77700000000004,253.771,0.9999763571954903,0.006000000000057071,ok
US-ICs,2018,279.04299999999995,279.054,1.0000394204477447,0.011000000000024102,ok
US-ICs,2019,266.836,266.847,1.0000412238228724,0.010999999999967258,ok
US-ICs,2020,206.84099999999998,206.868,1.0001305350486607,0.027000000000015234,ok
US-ICs,2021,205.615,205.63,1.000072951876079,0.014999999999986358,ok
US-ICs,2022,224.29000000000005,224.219,0.9996834455392569,0.0710000000000548,ok
US-ICs,2023,257.355,257.338,0.9999339433855958,0.016999999999995907,ok
US-ICs,2024,240.22500000000002,240.217,0.9999666978873972,0.008000000000009777,ok
US-ICs,2025,255.461,255.477,1.0000626318694439,0.015999999999991132,ok
US-UTD,1981,85.29799999999999,85.329,1.0003634317334522,0.03100000000000591,ok
US-UTD,1982,96.55999999999999,96.59,1.000310687655344,0.030000000000015348,ok
US-UTD,1983,109.083,109.12,1.0003391912580328,0.03700000000000614,ok
US-UTD,1984,105.88500000000002,105.835,0.999527789583038,0.05000000000002558,ok
US-UTD,1985,104.786,104.81,1.0002290382302979,0.02400000000000091,ok
US-UTD,1986,93.494,93.503,1.000096262861788,0.009000000000000341,ok
US-UTD,1987,107.399,107.401,1.0000186221473197,0.001999999999995339,ok
US-UTD,1988,71.299,71.276,0.9996774148305024,0.023000000000010346,ok
US-UTD,1989,47.278000000000006,47.274,0.9999153940522018,0.0040000000000048885,ok
US-UTD,1990,86.18900000000002,86.219,1.0003480722598008,0.029999999999972715,ok
US-UTD,1991,71.01100000000002,71.024,1.000183070228556,0.012999999999976808,ok
US-UTD,1992,83.58500000000001,83.571,0.999832505832386,0.014000000000010004,ok
US-UTD,1993,79.64599999999999,79.649,1.0000376666750372,0.0030000000000143245,ok
US-UTD,1994,67.67500000000001,67.661,0.999793128925009,0.014000000000010004,ok
US-UTD,1995,69.485,69.513,1.0004029646686337,0.028000000000005798,ok
US-UTD,1996,68.607,68.585,0.9996793330126663,0.02200000000000557,ok
US-UTD,1997,82.658,82.671,1.0001572745529774,0.01300000000000523,ok
US-UTD,1998,71.604,71.592,0.9998324115971174,0.012000000000000455,ok
US-UTD,1999,61.647000000000006,61.621,0.99957824387237,0.026000000000003354,ok
US-UTD,2000,60.781000000000006,60.786,1.000082262549152,0.0049999999999954525,ok
US-UTD,2001,64.478999999999985,64.495,1.0002481428061853,0.016000000000019554,ok
US-UTD,2002,44.452000000000005,44.486,1.0007648699721046,0.033999999999991815,ok
US-UTD,2003,58.931,58.963,1.0005430079245219,0.03200000000000358,ok
US-UTD,2004,83.818,83.79,0.9996659428762319,0.027999999999991587,ok
US-UTD,2005,75.495,75.509,1.0001854427445525,0.013999999999995794,ok
US-UTD,2006,71.788,71.817,1.000403967236864,0.028999999999996362,ok
US-UTD,2007,71.969,71.966,0.999958315385791,0.0030000000000001137,ok
US-UTD,2008,71.55799999999999,71.539,0.9997344811202103,0.018999999999991246,ok
US-UTD,2009,57.53399999999999,57.547,1.000225953349324,0.01300000000000523,ok
US-UTD,2010,74.431,74.459,1.000376187341296,0.028000000000005798,ok
US-UTD,2011,58.158,58.186,1.0004814470924035,0.027999999999998693,ok
US-UTD,2012,45.102000000000004,45.159,1.0012638020486895,0.056999999999995055,ok
US-UTD,2013,86.33500000000001,86.345,1.0001158278797706,0.009999999999990905,ok
US-UTD,2014,53.10999999999999,53.12,1.0001882884579176,0.010000000000005116,ok
US-UTD,2015,91.562,91.587,1.0002730390336603,0.025000000000005684,ok
US-UTD,2016,77.34799999999998,77.285,0.9991854993018567,0.06299999999998818,ok
US-UTD,2017,52.19,52.189,0.999980839241234,9.999999999976694e-4,ok
US-UTD,2018,59,59.04,1.000677966101695,0.03999999999999915,ok
US-UTD,2019,79.31,79.331,1.0002647837599294,0.021000000000000796,ok
US-UTD,2020,40.167,40.161,0.9998506236462767,0.006000000000000227,ok
US-UTD,2021,70.48700000000001,70.502,1.0002128051981214,0.014999999999986358,ok
US-UTD,2022,55.13100000000001,55.164,1.0005985743048376,0.032999999999994145,ok
US-UTD,2023,70.91900000000001,70.94,1.0002961124663345,0.020999999999986585,ok
US-UTD,2024,64.281,64.322,1.0006378245515781,0.04099999999999682,ok
US-UTD,2025,50.926,50.902,0.9995287279582139,0.02400000000000091,ok
US-xDS,1981,686.379,686.363,0.9999766892635119,0.01599999999996271,ok
US-xDS,1982,1344.0380000000002,1344.072,1.0000252969038075,0.033999999999650754,ok
US-xDS,1983,1586.653,1586.582,0.9999552517154034,0.07099999999991269,ok
US-xDS,1984,921.9169999999999,921.932,1.0000162704451703,0.015000000000100044,ok
US-xDS,1985,948.084,948.093,1.0000094928297494,0.009000000000014552,ok
US-xDS,1986,1137.7009999999998,1137.676,0.9999780258609249,0.024999999999863576,ok
US-xDS,1987,1581.8960000000002,1581.91,1.0000088501393265,0.013999999999896318,ok
US-xDS,1988,1136.191,1136.229,1.0000334450809767,0.038000000000010914,ok
US-xDS,1989,868.979,868.953,0.9999700798293168,0.026000000000067303,ok
US-xDS,1990,723.129,723.144,1.0000207431869002,0.014999999999986358,ok
US-xDS,1991,1157.375,1157.39,1.0000129603628902,0.015000000000100044,ok
US-xDS,1992,1063.0420000000001,1063.058,1.0000150511456742,0.015999999999849024,ok
US-xDS,1993,1204.433,1204.428,0.9999958486690419,0.004999999999881766,ok
US-xDS,1994,1379.029,1379.026,0.999997824556264,0.0029999999999290594,ok
US-xDS,1995,1285.442,1285.458,1.0000124470804594,0.016000000000076398,ok
US-xDS,1996,1084.0110000000002,1084.034,1.0000212174968703,0.02299999999991087,ok
US-xDS,1997,1290.942,1291.005,1.000048801572805,0.06300000000010186,ok
US-xDS,1998,1070.033,1070.031,0.9999981308987668,0.0019999999999527063,ok
US-xDS,1999,1055.31,1055.347,1.0000350607878254,0.03700000000003456,ok
US-xDS,2000,672.5300000000001,672.504,0.9999613400145717,0.026000000000067303,ok
US-xDS,2001,1155.7020000000002,1155.688,0.999987886150582,0.014000000000123691,ok
US-xDS,2002,1498.9320000000002,1498.897,0.999976650041496,0.03500000000030923,ok
US-xDS,2003,1144.7530000000002,1144.764,1.0000096090597708,0.010999999999739885,ok
US-xDS,2004,1256.734,1256.707,0.9999785157400056,0.026999999999816282,ok
US-xDS,2005,1168.972,1168.955,0.9999854573077883,0.01700000000005275,ok
US-xDS,2006,755.329,755.329,1,0,ok
US-xDS,2007,898.776,898.757,0.9999788601386775,0.019000000000005457,ok
US-xDS,2008,983.625,983.623,0.999997966704791,0.0019999999999527063,ok
US-xDS,2009,1040.289,1040.224,0.9999375173629635,0.06500000000005457,ok
US-xDS,2010,973.689,973.635,0.9999445408133398,0.053999999999973625,ok
US-xDS,2011,1110.705,1110.744,1.0000351128337408,0.03899999999998727,ok
US-xDS,2012,990.63,990.596,0.9999656784066705,0.033999999999991815,ok
US-xDS,2013,1017.6070000000002,1017.59,0.9999832941400755,0.017000000000166438,ok
US-xDS,2014,1078.166,1078.133,0.9999693924683213,0.032999999999901775,ok
US-xDS,2015,1025.9619999999998,1025.925,0.9999639362861394,0.03699999999980719,ok
US-xDS,2016,1451.2679999999998,1451.264,0.9999972437895689,0.0039999999999054126,ok
US-xDS,2017,1545.6849999999997,1545.683,0.9999987060753002,0.0019999999997253326,ok
US-xDS,2018,1456.953,1456.954,1.000000686363939,9.999999999763531e-4,ok
US-xDS,2019,1411.0310000000002,1410.995,0.9999744867405462,0.03600000000028558,ok
US-xDS,2020,1300.257,1300.242,0.9999884638190757,0.015000000000100044,ok
US-xDS,2021,1418.3830000000003,1418.406,1.0000162156483825,0.022999999999683496,ok
US-xDS,2022,1621.3339999999998,1621.347,1.0000080180888085,0.013000000000147338,ok
US-xDS,2023,988.8649999999999,988.86,0.9999949436980782,0.004999999999881766,ok
US-xDS,2024,1508.4409999999998,1508.462,1.000013921658189,0.021000000000185537,ok
US-RC5,1981,144.275,144.268,0.9999514815456593,0.007000000000005002,ok
US-RC5,1982,173.153,173.15,0.9999826742822823,0.002999999999985903,ok
US-RC5,1983,216.756,216.788,1.0001476314381148,0.03200000000001069,ok
US-RC5,1984,162.00699999999998,161.994,0.9999197565537293,0.012999999999976808,ok
US-RC5,1985,100.85499999999999,100.858,1.0000297456744833,0.0030000000000143245,ok
US-RC5,1986,124.38700000000001,124.425,1.000305498162991,0.03799999999998249,ok
US-RC5,1987,120.012,120.041,1.0002416425024163,0.028999999999996362,ok
US-RC5,1988,105.105,105.083,0.9997906855049712,0.02200000000000557,ok
US-RC5,1989,126.58200000000001,126.584,1.00001580003476,0.001999999999995339,ok
US-RC5,1990,121.10000000000002,121.076,0.9998018166804291,0.02400000000002933,ok
US-RC5,1991,113.203,113.233,1.0002650106445943,0.030000000000001137,ok
US-RC5,1992,139.376,139.453,1.000552462403857,0.07699999999999818,ok
US-RC5,1993,137.473,137.474,1.0000072741556523,9.999999999763531e-4,ok
US-RC5,1994,125.3,125.289,0.9999122106943337,0.01099999999999568,ok
US-RC5,1995,210.90400000000002,210.879,0.999881462655995,0.025000000000034106,ok
US-RC5,1996,203.268,203.263,0.9999754019324242,0.0049999999999954525,ok
US-RC5,1997,142.73000000000002,142.745,1.0001050935332445,0.014999999999986358,ok
US-RC5,1998,151.37800000000001,151.336,0.9997225488512201,0.04200000000000159,ok
US-RC5,1999,102.458,102.528,1.0006832067774114,0.07000000000000739,ok
US-RC5,2000,143.511,143.528,1.0001184578185645,0.016999999999995907,ok
US-RC5,2001,127.08500000000001,127.14,1.0004327812094267,0.05499999999999261,ok
US-RC5,2002,102.575,102.576,1.0000097489641724,9.99999999990564e-4,ok
US-RC5,2003,129.522,129.493,0.9997760998131592,0.028999999999996362,ok
US-RC5,2004,134.938,134.964,1.0001926810831643,0.02600000000001046,ok
US-RC5,2005,142.045,142.01,0.9997535992115175,0.03499999999999659,ok
US-RC5,2006,162.39800000000002,162.39,0.9999507383095848,0.008000000000038199,ok
US-RC5,2007,100.60699999999999,100.597,0.99990060333774,0.009999999999990905,ok
US-RC5,2008,106.65499999999999,106.653,0.9999812479489946,0.001999999999981128,ok
US-RC5,2009,124.516,124.479,0.9997028494330046,0.03700000000000614,ok
US-RC5,2010,147.156,147.22,1.0004349126097474,0.06399999999999295,ok
US-RC5,2011,103.37100000000001,103.348,0.9997775004595099,0.023000000000010346,ok
US-RC5,2012,170.80899999999997,170.835,1.0001522168035644,0.02600000000003888,ok
US-RC5,2013,86.799,86.837,1.000437793062132,0.0379999999999967,ok
US-RC5,2014,126.142,126.112,0.999762172789396,0.030000000000001137,ok
US-RC5,2015,128.853,128.827,0.9997982196766858,0.02600000000001046,ok
US-RC5,2016,166.32500000000002,166.331,1.0000360739516005,0.005999999999971806,ok
US-RC5,2017,177.391,177.375,0.9999098037668203,0.015999999999991132,ok
US-RC5,2018,138.49,138.46,0.9997833778612174,0.030000000000001137,ok
US-RC5,2019,127.096,127.078,0.999858374771826,0.018000000000000682,ok
US-RC5,2020,114.87399999999998,114.862,0.9998955377195885,0.011999999999986244,ok
US-RC5,2021,116.44500000000001,116.474,1.0002490446133367,0.028999999999996362,ok
US-RC5,2022,136.84,136.823,0.9998757673194972,0.016999999999995907,ok
US-RC5,2023,134.349,134.321,0.9997915875815973,0.027999999999991587,ok
US-RC5,2024,143.945,143.914,0.9997846399666539,0.03100000000000591,ok
US-RC5,2025,132.01,132.017,1.0000530262858875,0.007000000000005002,ok
TH-Kog,1981,2001.56,2001.552,0.9999960031175683,0.008000000000038199,ok
TH-Kog,1982,1916.464,1916.429,0.9999817371993422,0.03499999999985448,ok
TH-Kog,1983,1870.7779999999998,1870.783,1.0000026726848403,0.005000000000109139,ok
TH-Kog,1984,1593.449,1593.44,0.999994351874456,0.009000000000014552,ok
TH-Kog,1985,1770.186,1770.233,1.0000265508822237,0.047000000000025466,ok
TH-Kog,1986,1795.66,1795.694,1.000018934542174,0.03399999999987813,ok
TH-Kog,1987,1646.2250000000001,1646.179,0.9999720572825707,0.04600000000004911,ok
TH-Kog,1988,2261.942,2261.906,0.9999840844725462,0.03600000000005821,ok
TH-Kog,1989,1491.3799999999997,1491.392,1.000008046239054,0.012000000000398359,ok
TH-Kog,1990,1522.1999999999998,1522.176,0.9999842333464722,0.023999999999887223,ok
TH-Kog,1991,1916.7300000000002,1916.643,0.999954610195489,0.08700000000021646,ok
TH-Kog,1992,1708.77,1708.759,0.9999935626210666,0.010999999999967258,ok
TH-Kog,1993,1441.0280000000002,1441.008,0.9999861210191612,0.020000000000209184,ok
TH-Kog,1994,2654.3899999999994,2654.406,1.0000060277502554,0.016000000000531145,ok
TH-Kog,1995,2143.256,2143.216,0.9999813368071756,0.03999999999996362,ok
TH-Kog,1996,1888.1480000000001,1888.191,1.000022773638507,0.04299999999989268,ok
TH-Kog,1997,1339.1799999999998,1339.187,1.0000052270792574,0.007000000000061846,ok
TH-Kog,1998,1176.832,1176.819,0.9999889533935173,0.013000000000147338,ok
TH-Kog,1999,2000.3420000000003,2000.33,0.9999940010258244,0.012000000000398359,ok
TH-Kog,2000,2109.4849999999997,2109.424,0.9999710829894501,0.06099999999969441,ok
TH-Kog,2001,1763.8979999999997,1763.916,1.0000102046716988,0.018000000000256478,ok
TH-Kog,2002,2067.223,2067.251,1.00001354474094,0.028000000000247383,ok
TH-Kog,2003,1606.98,1606.997,1.000010578849768,0.01700000000005275,ok
TH-Kog,2004,1724.4429999999998,1724.462,1.0000110180504662,0.01900000000023283,ok
TH-Kog,2005,2078.036,2078.034,0.9999990375527662,0.0019999999999527063,ok
TH-Kog,2006,1792.254,1792.246,0.9999955363469688,0.007999999999810825,ok
TH-Kog,2007,1886.199,1886.171,0.9999851553309063,0.02800000000002001,ok
TH-Kog,2008,1710.2949999999996,1710.308,1.000007601027893,0.013000000000374712,ok
TH-Kog,2009,1551.1750000000002,1551.164,0.9999929086015439,0.011000000000194632,ok
TH-Kog,2010,1775.4660000000001,1775.494,1.0000157705075736,0.027999999999792635,ok
TH-Kog,2011,2723.6,2723.637,1.000013584961081,0.037000000000261934,ok
TH-Kog,2012,1768.9409999999998,1768.917,0.9999864325604981,0.023999999999887223,ok
TH-Kog,2013,1732.8719999999998,1732.917,1.0000259684500645,0.04500000000007276,ok
TH-Kog,2014,1635.4809999999998,1635.532,1.000031183486693,0.05100000000015825,ok
TH-Kog,2015,1734.6190000000001,1734.625,1.0000034589728348,0.005999999999858119,ok
TH-Kog,2016,2128.0740000000005,2128.114,1.000018796338849,0.03999999999950887,ok
TH-Kog,2017,2380.168,2380.147,0.9999911770933816,0.021000000000185537,ok
TH-Kog,2018,2300.375,2300.329,0.9999800032603381,0.04599999999982174,ok
TH-Kog,2019,1560.2269999999999,1560.187,0.9999743627049141,0.03999999999996362,ok
TH-Kog,2020,1417.346,1417.334,0.9999915334717141,0.011999999999943611,ok
TH-Kog,2021,2047.9110000000003,2047.89,0.9999897456481263,0.021000000000185537,ok
TH-Kog,2022,2176.4500000000003,2176.44,0.9999954053619425,0.010000000000218279,ok
TH-Kog,2023,1566.5600000000002,1566.499,0.9999610611786334,0.06100000000014916,ok
TH-Kog,2024,2186.251,2186.304,1.0000242424131538,0.052999999999883585,ok
TH-Kog,2025,1774.533,1774.563,1.0000169058563577,0.03000000000020009,ok
CN-Lsh,1981,645.2269999999999,645.19,0.9999426558405029,0.03699999999980719,ok
CN-Lsh,1982,406.24,406.225,0.9999630760141789,0.014999999999986358,ok
CN-Lsh,1983,491.081,491.071,0.9999796367605345,0.009999999999990905,ok
CN-Lsh,1984,534.9399999999999,534.961,1.0000392567390737,0.02100000000007185,ok
CN-Lsh,1985,614.226,614.205,0.9999658106299636,0.020999999999958163,ok
CN-Lsh,1986,476.949,476.925,0.9999496801544819,0.02400000000000091,ok
CN-Lsh,1987,544.7120000000001,544.656,0.9998971933792533,0.056000000000153705,ok
CN-Lsh,1988,518.7099999999999,518.698,0.999976865686029,0.011999999999943611,ok
CN-Lsh,1989,360.409,360.406,0.9999916761235152,0.002999999999985903,ok
CN-Lsh,1990,489.463,489.441,0.9999550527823349,0.022000000000048203,ok
CN-Lsh,1991,521.5509999999999,521.536,0.9999712396294897,0.014999999999986358,ok
CN-Lsh,1992,462.00900000000007,462.003,0.9999870132400016,0.0060000000000854925,ok
CN-Lsh,1993,481.751,481.731,0.9999584847774058,0.01999999999998181,ok
CN-Lsh,1994,598.2760000000001,598.266,0.999983285306447,0.010000000000104592,ok
CN-Lsh,1995,464.386,464.377,0.9999806195707881,0.009000000000014552,ok
CN-Lsh,1996,429.709,429.719,1.0000232715628483,0.009999999999990905,ok
CN-Lsh,1997,414.38899999999995,414.404,1.0000361978720478,0.015000000000043201,ok
CN-Lsh,1998,568.1489999999999,568.174,1.0000440025415869,0.02500000000009095,ok
CN-Lsh,1999,399.26900000000006,399.235,0.9999148443781009,0.03400000000004866,ok
CN-Lsh,2000,437.27799999999996,437.255,0.9999474018816406,0.022999999999967713,ok
CN-Lsh,2001,363.21200000000005,363.167,0.9998761054150191,0.04500000000007276,ok
CN-Lsh,2002,499.414,499.396,0.999963957758493,0.01799999999997226,ok
CN-Lsh,2003,476.64500000000004,476.639,0.9999874120152314,0.006000000000028649,ok
CN-Lsh,2004,383.955,383.91,0.9998827987654805,0.04499999999995907,ok
CN-Lsh,2005,445.51099999999997,445.471,0.9999102154604489,0.03999999999996362,ok
CN-Lsh,2006,406.833,406.852,1.000046702209506,0.018999999999948614,ok
CN-Lsh,2007,319.915,319.876,0.9998780926183516,0.03900000000004411,ok
CN-Lsh,2008,417.2509999999999,417.251,1.0000000000000002,5.684341886080802e-14,ok
CN-Lsh,2009,406.105,406.132,1.000066485268588,0.026999999999986812,ok
CN-Lsh,2010,509.48499999999996,509.504,1.0000372925601344,0.0190000000000623,ok
CN-Lsh,2011,329.968,329.962,0.9999818164185618,0.006000000000028649,ok
CN-Lsh,2012,413.315,413.334,1.0000459697809176,0.019000000000005457,ok
CN-Lsh,2013,576.244,576.207,0.9999357910884972,0.03700000000003456,ok
CN-Lsh,2014,395.47700000000003,395.461,0.9999595425271254,0.016000000000019554,ok
CN-Lsh,2015,412.695,412.669,0.9999369994790341,0.02600000000001046,ok
CN-Lsh,2016,517.9379999999999,517.929,0.9999826234028013,0.008999999999900865,ok
CN-Lsh,2017,385.10699999999997,385.106,0.9999974033190776,9.999999999763531e-4,ok
CN-Lsh,2018,451.976,451.961,0.9999668123971185,0.014999999999986358,ok
CN-Lsh,2019,589.957,589.96,1.0000050851163729,0.0030000000000427463,ok
CN-Lsh,2020,527.2449999999999,527.226,0.9999639636222252,0.01899999999989177,ok
CN-Lsh,2021,471.54800000000006,471.534,0.9999703105516298,0.014000000000066848,ok
CN-Lsh,2022,472.53100000000006,472.513,0.9999619072611108,0.018000000000085947,ok
CN-Lsh,2023,529.656,529.636,0.9999622396423339,0.01999999999998181,ok
CN-Lsh,2024,530.079,530,0.9998509656107865,0.07899999999995089,ok
CA-TVC,1981,103.594,103.599,1.0000482653435527,0.005000000000009663,ok
CA-TVC,1982,101.917,101.891,0.9997448904500722,0.02599999999999625,ok
CA-TVC,1983,77.50699999999998,77.507,1.0000000000000004,2.842170943040401e-14,ok
CA-TVC,1984,95.34999999999998,95.339,0.9998846355532252,0.010999999999981469,ok
CA-TVC,1985,87.216,87.236,1.000229315721886,0.020000000000010232,ok
CA-TVC,1986,102.53300000000002,102.507,0.9997464231028058,0.02600000000001046,ok
CA-TVC,1987,89.693,89.671,0.9997547188743827,0.02199999999999136,ok
CA-TVC,1988,83.534,83.538,1.0000478846936576,0.003999999999990678,ok
CA-TVC,1989,100.668,100.681,1.000129137362419,0.012999999999991019,ok
CA-TVC,1990,87.40199999999999,87.398,0.9999542344568775,0.003999999999990678,ok
CA-TVC,1991,109.26100000000001,109.285,1.0002196575173208,0.0239999999999867,ok
CA-TVC,1992,89.393,89.371,0.999753895718904,0.02200000000000557,ok
CA-TVC,1993,95.04400000000001,95.056,1.0001262573124026,0.011999999999986244,ok
CA-TVC,1994,96.31400000000001,96.353,1.0004049255559937,0.03899999999998727,ok
CA-TVC,1995,95.85600000000001,95.87,1.0001460524119512,0.013999999999995794,ok
CA-TVC,1996,109.07000000000001,109.032,0.9996515998899788,0.038000000000010914,ok
CA-TVC,1997,99.86400000000002,99.816,0.9995193463109828,0.04800000000001603,ok
CA-TVC,1998,83.28699999999999,83.279,0.9999039465943065,0.007999999999995566,ok
CA-TVC,1999,105.087,105.044,0.9995908152292862,0.043000000000006366,ok
CA-TVC,2000,89.01,89.012,1.0000224693854622,0.001999999999995339,ok
CA-TVC,2001,89.273,89.282,1.0001008143559642,0.009000000000000341,ok
CA-TVC,2002,98.96499999999999,98.955,0.9998989541757188,0.009999999999990905,ok
CA-TVC,2003,108.53899999999999,108.484,0.9994932697002922,0.05499999999999261,ok
CA-TVC,2004,94.211,94.18,0.9996709513751049,0.0309999999999917,ok
CA-TVC,2005,125.465,125.472,1.000055792452078,0.006999999999990791,ok
CA-TVC,2006,106.43599999999999,106.432,0.9999624187305048,0.003999999999990678,ok
CA-TVC,2007,71.41799999999999,71.423,1.0000700103615336,0.005000000000009663,ok
CA-TVC,2008,131.19500000000002,131.178,0.999870421891078,0.01700000000002433,ok
CA-TVC,2009,92.60999999999999,92.612,1.0000215959399634,0.0020000000000095497,ok
CA-TVC,2010,100.74300000000001,100.773,1.0002977874393257,0.029999999999986926,ok
CA-TVC,2011,85.953,85.958,1.0000581713261898,0.0049999999999954525,ok
CA-TVC,2012,97.86800000000001,97.868,0.9999999999999999,1.4210854715202004e-14,ok
CA-TVC,2013,126.06800000000003,126.027,0.9996747786908651,0.04100000000002524,ok
CA-TVC,2014,132.041,132.052,1.0000833074575322,0.01099999999999568,ok
CA-TVC,2015,130.018,130.009,0.9999307788152408,0.009000000000014552,ok
CA-TVC,2016,94.85099999999998,94.92,1.0007274567479523,0.06900000000001683,ok
CA-TVC,2017,138.43900000000002,138.482,1.0003106061153286,0.042999999999977945,ok
CA-TVC,2018,123.61800000000001,123.666,1.0003882929670436,0.04799999999998761,ok
CA-TVC,2019,103.11,103.095,0.9998545242944428,0.015000000000000568,ok
CA-TVC,2020,105.28099999999999,105.29,1.0000854855102062,0.009000000000014552,ok
CA-TVC,2021,85.884,85.887,1.000034930836943,0.0030000000000001137,ok
CA-TVC,2022,118.58699999999999,118.602,1.0001264894128363,0.01500000000001478,ok
CA-TVC,2023,120.32,120.332,1.0000997340425533,0.012000000000000455,ok
CA-TVC,2024,110.426,110.485,1.000534294459638,0.0589999999999975,ok
CA-TVC,2025,95.43,95.401,0.9996961123336476,0.029000000000010573,ok
US-Ro4,1981,888.6399999999999,888.691,1.0000573910694996,0.05100000000015825,ok
US-Ro4,1982,1001.6610000000002,1001.65,0.999989018240702,0.011000000000194632,ok
US-Ro4,1983,959.3599999999998,959.349,0.9999885340226821,0.010999999999739885,ok
US-Ro4,1984,808.349,808.323,0.9999678356749373,0.026000000000067303,ok
US-Ro4,1985,971.0970000000001,971.102,1.0000051488162356,0.004999999999881766,ok
US-Ro4,1986,931.177,931.215,1.000040808568081,0.038000000000010914,ok
US-Ro4,1987,655.4330000000001,655.429,0.9999938971641645,0.004000000000132786,ok
US-Ro4,1988,570.2280000000001,570.261,1.0000578715882067,0.032999999999901775,ok
US-Ro4,1989,622.948,622.986,1.0000610002761066,0.038000000000010914,ok
US-Ro4,1990,883.635,883.566,0.999921913459743,0.06899999999995998,ok
US-Ro4,1991,876.996,877.017,1.000023945377174,0.02100000000007185,ok
US-Ro4,1992,754.3269999999999,754.322,0.9999933715749272,0.004999999999881766,ok
US-Ro4,1993,869.1460000000001,869.155,1.0000103549921415,0.008999999999900865,ok
US-Ro4,1994,774.8180000000002,774.791,0.999965153106923,0.027000000000157343,ok
US-Ro4,1995,744.457,744.457,1,0,ok
US-Ro4,1996,818.495,818.456,0.9999523515720927,0.03899999999998727,ok
US-Ro4,1997,716.5719999999999,716.617,1.0000627989929833,0.04500000000007276,ok
US-Ro4,1998,723.0169999999999,723.017,1.0000000000000002,1.1368683772161603e-13,ok
US-Ro4,1999,805.3230000000001,805.39,1.0000831964317423,0.06699999999989359,ok
US-Ro4,2000,695.2230000000001,695.208,0.999978424189073,0.015000000000100044,ok
US-Ro4,2001,738.1560000000002,738.176,1.0000270945437006,0.019999999999868123,ok
US-Ro4,2002,785.4560000000001,785.433,0.999970717646819,0.023000000000138243,ok
US-Ro4,2003,620.85,620.854,1.0000064427800597,0.004000000000019099,ok
US-Ro4,2004,660.608,660.605,0.9999954587289286,0.0029999999999290594,ok
US-Ro4,2005,697.055,697.053,0.9999971307859495,0.0019999999999527063,ok
US-Ro4,2006,620.735,620.726,0.9999855010592281,0.009000000000014552,ok
US-Ro4,2007,808.874,808.937,1.0000778860490014,0.06299999999998818,ok
US-Ro4,2008,771.1040000000002,771.074,0.9999610947420838,0.03000000000020009,ok
US-Ro4,2009,656.1039999999999,656.085,0.999971041176399,0.01899999999989177,ok
US-Ro4,2010,912.761,912.743,0.9999802796131737,0.017999999999915417,ok
US-Ro4,2011,618.748,618.707,0.9999337371595544,0.04100000000005366,ok
US-Ro4,2012,563.2320000000001,563.219,0.999976918925061,0.013000000000033651,ok
US-Ro4,2013,797.6199999999999,797.616,0.9999949850806149,0.0039999999999054126,ok
US-Ro4,2014,878.16,878.187,1.0000307461054934,0.027000000000043656,ok
US-Ro4,2015,910.8550000000001,910.818,0.9999593788253892,0.03700000000014825,ok
US-Ro4,2016,948.7389999999999,948.754,1.0000158104599897,0.015000000000100044,ok
US-Ro4,2017,899.453,899.473,1.0000222357366089,0.01999999999998181,ok
US-Ro4,2018,898.0580000000001,898.056,0.9999977729723469,0.002000000000066393,ok
US-Ro4,2019,1106.43,1106.39,0.9999638476903193,0.03999999999996362,ok
US-Ro4,2020,728.289,728.239,0.9999313459354735,0.049999999999954525,ok
US-Ro4,2021,823.0949999999999,823.151,1.0000680358889316,0.05600000000004002,ok
US-Ro4,2022,731.976,731.98,1.0000054646600436,0.004000000000019099,ok
US-Ro4,2023,761.445,761.475,1.000039398774698,0.029999999999972715,ok
US-Ro4,2024,941.693,941.669,0.9999745139870425,0.02400000000000091,ok
US-Ro4,2025,770.955,771.021,1.0000856081094227,0.06599999999991724,ok
IT-MtP,1981,655.7459999999999,655.738,0.9999878001543283,0.007999999999810825,ok
IT-MtP,1982,581.106,581.147,1.000070555113869,0.04100000000005366,ok
IT-MtP,1983,609.463,609.451,0.9999803105356684,0.011999999999943611,ok
IT-MtP,1984,512.987,512.946,0.9999200759473438,0.04099999999993997,ok
IT-MtP,1985,555.8259999999999,555.841,1.0000269868627953,0.015000000000100044,ok
IT-MtP,1986,561.5260000000001,561.508,0.9999679444941106,0.018000000000029104,ok
IT-MtP,1987,572.9749999999999,572.991,1.0000279244295127,0.016000000000076398,ok
IT-MtP,1988,616.01,615.968,0.9999318192886478,0.04200000000003001,ok
IT-MtP,1989,473.199,473.215,1.0000338124129593,0.01599999999996271,ok
IT-MtP,1990,561.4079999999999,561.416,1.0000142498860012,0.008000000000151886,ok
IT-MtP,1991,552.342,552.379,1.0000669874823933,0.03700000000003456,ok
IT-MtP,1992,585.537,585.522,0.9999743824899195,0.014999999999986358,ok
IT-MtP,1993,548.0350000000001,548.048,1.0000237211127025,0.012999999999919964,ok
IT-MtP,1994,496.22700000000003,496.29,1.0001269580252585,0.06299999999998818,ok
IT-MtP,1995,539.8330000000001,539.816,0.9999685087795669,0.01700000000005275,ok
IT-MtP,1996,569.0490000000001,569.056,1.0000123012253777,0.006999999999948159,ok
IT-MtP,1997,558.392,558.408,1.0000286537056404,0.01599999999996271,ok
IT-MtP,1998,539.779,539.753,0.9999518321387088,0.025999999999953616,ok
IT-MtP,1999,707.14,707.127,0.9999816160873377,0.013000000000033651,ok
IT-MtP,2000,709.553,709.56,1.0000098653659415,0.006999999999948159,ok
IT-MtP,2001,594.2,594.183,0.9999713901043419,0.01700000000005275,ok
IT-MtP,2002,670.3639999999999,670.376,1.0000179007225927,0.012000000000057298,ok
IT-MtP,2003,430.803,430.788,0.9999651813009659,0.014999999999986358,ok
IT-MtP,2004,492.44800000000004,492.424,0.9999512638897913,0.024000000000057753,ok
IT-MtP,2005,531.3130000000001,531.356,1.0000809315789372,0.04299999999989268,ok
IT-MtP,2006,476.577,476.586,1.0000188846713123,0.009000000000014552,ok
IT-MtP,2007,553.713,553.704,0.9999837460922897,0.009000000000014552,ok
IT-MtP,2008,600.15,600.122,0.999953344997084,0.02800000000002001,ok
IT-MtP,2009,556.0840000000001,556.067,0.99996942907906,0.01700000000005275,ok
IT-MtP,2010,582.441,582.435,0.9999896985274044,0.0060000000000854925,ok
IT-MtP,2011,447.1439999999999,447.153,1.0000201277440828,0.009000000000128239,ok
IT-MtP,2012,579.36,579.376,1.000027616680475,0.01599999999996271,ok
IT-MtP,2013,627.465,627.494,1.0000462177173228,0.028999999999996362,ok
IT-MtP,2014,567.098,567.142,1.0000775880006632,0.044000000000096406,ok
IT-MtP,2015,488.305,488.258,0.9999037486816641,0.047000000000025466,ok
IT-MtP,2016,619.696,619.616,0.999870904443469,0.08000000000004093,ok
IT-MtP,2017,573.3380000000001,573.33,0.9999860466252019,0.008000000000038199,ok
IT-MtP,2018,579.143,579.175,1.0000552540564247,0.03199999999992542,ok
IT-MtP,2019,737.8530000000001,737.823,0.9999593414948504,0.030000000000086402,ok
IT-MtP,2020,634.686,634.723,1.0000582965434874,0.036999999999920874,ok
IT-MtP,2021,578.4350000000001,578.395,0.9999308478912927,0.04000000000007731,ok
IT-MtP,2022,558.4659999999999,558.447,0.999965978233232,0.01899999999989177,ok
IT-MtP,2023,740.761,740.743,0.999975700664587,0.017999999999915417,ok
IT-MtP,2024,608.8670000000001,608.905,1.0000624110027312,0.03799999999989723,ok
IT-MtP,2025,504.75399999999996,504.779,1.0000495290775309,0.025000000000034106,ok
DE-RuR,1981,1117.711,1117.71,0.9999991053143433,9.999999999763531e-4,ok
DE-RuR,1982,908.7720000000002,908.759,0.9999856949817995,0.013000000000147338,ok
DE-RuR,1983,894.477,894.503,1.0000290672650052,0.026000000000067303,ok
DE-RuR,1984,1003.0269999999999,1003.102,1.0000747736601308,0.07500000000004547,ok
DE-RuR,1985,800.6999999999999,800.673,0.9999662795054328,0.02699999999992997,ok
DE-RuR,1986,929.437,929.47,1.0000355053650758,0.03300000000001546,ok
DE-RuR,1987,983.386,983.402,1.0000162703150137,0.016000000000076398,ok
DE-RuR,1988,976.7310000000001,976.691,0.9999590470661829,0.04000000000007731,ok
DE-RuR,1989,773.3369999999999,773.361,1.0000310343356131,0.024000000000114596,ok
DE-RuR,1990,849.7,849.731,1.0000364834647522,0.03099999999994907,ok
DE-RuR,1991,739.4830000000001,739.468,0.9999797155580317,0.015000000000100044,ok
DE-RuR,1992,858.3750000000001,858.391,1.0000186398718507,0.015999999999849024,ok
DE-RuR,1993,994.4410000000001,994.455,1.0000140782610532,0.013999999999896318,ok
DE-RuR,1994,905.025,905.039,1.0000154691859342,0.014000000000010004,ok
DE-RuR,1995,898.608,898.633,1.0000278208072932,0.02500000000009095,ok
DE-RuR,1996,702.1170000000001,702.17,1.0000754859944994,0.052999999999883585,ok
DE-RuR,1997,799.5849999999999,799.597,1.0000150077852887,0.012000000000057298,ok
DE-RuR,1998,1004.9369999999999,1004.934,0.9999970147382374,0.0029999999999290594,ok
DE-RuR,1999,961.5129999999999,961.479,0.9999646390636425,0.03399999999987813,ok
DE-RuR,2000,962.245,962.237,0.999991686109047,0.008000000000038199,ok
DE-RuR,2001,1032.088,1032.078,0.9999903109037214,0.009999999999990905,ok
DE-RuR,2002,997.445,997.443,0.9999979948769104,0.002000000000066393,ok
DE-RuR,2003,750.517,750.512,0.9999933379257231,0.005000000000109139,ok
DE-RuR,2004,849.428,849.432,1.0000047090512674,0.004000000000019099,ok
DE-RuR,2005,851.58500000000015,851.589,1.0000046971235987,0.0039999999999054126,ok
DE-RuR,2006,871.1199999999999,871.101,0.9999781889980716,0.01899999999989177,ok
DE-RuR,2007,1038.932,1038.92,0.9999884496771685,0.011999999999943611,ok
DE-RuR,2008,938.4129999999999,938.428,1.0000159844332934,0.015000000000100044,ok
DE-RuR,2009,924.3850000000001,924.444,1.0000638262195944,0.05899999999985539,ok
DE-RuR,2010,892.317,892.29,0.9999697416949357,0.027000000000043656,ok
DE-RuR,2011,790.664,790.669,1.0000063237987311,0.0049999999999954525,ok
DE-RuR,2012,939.642,939.663,1.0000223489371483,0.020999999999958163,ok
DE-RuR,2013,813.0239999999999,813.025,1.000001229975991,0.00100000000009004,ok
DE-RuR,2014,885.4700000000001,885.506,1.0000406563745805,0.035999999999830834,ok
DE-RuR,2015,768.043,768.069,1.000033852271292,0.025999999999953616,ok
DE-RuR,2016,931.7650000000001,931.774,1.00000965908786,0.008999999999900865,ok
DE-RuR,2017,916.0999999999999,916.087,0.9999858094094533,0.012999999999919964,ok
DE-RuR,2018,765.151,765.172,1.0000274455630327,0.02100000000007185,ok
DE-RuR,2019,946.584,946.547,0.9999609120796464,0.036999999999920874,ok
DE-RuR,2020,810.3190000000001,810.264,0.9999321254962551,0.055000000000063665,ok
DE-RuR,2021,1053.1850000000002,1053.202,1.000016141513599,0.016999999999825377,ok
DE-RuR,2022,870.7349999999999,870.768,1.0000378990163483,0.03300000000012915,ok
DE-RuR,2023,1055.231,1055.242,1.0000104242578165,0.010999999999967258,ok
DE-RuR,2024,1104.4409999999998,1104.421,0.9999818912916129,0.019999999999754436,ok
US-PFt,1981,3048.081,3048.101,1.0000065615054192,0.01999999999998181,ok
US-PFt,1982,3981.1620000000007,3981.173,1.0000027630124066,0.010999999999057763,ok
US-PFt,1983,3765.113,3765.126,1.0000034527516173,0.013000000000374712,ok
US-PFt,1984,3059.242,3059.307,1.0000212470932341,0.06499999999959982,ok
US-PFt,1985,4188.274,4188.243,0.9999925983830094,0.03099999999994907,ok
US-PFt,1986,3532.221,3532.307,1.0000243472874433,0.08599999999978536,ok
US-PFt,1987,2788.239,2788.212,0.9999903164685667,0.027000000000043656,ok
US-PFt,1988,2919.6920000000005,2919.659,0.9999886974379488,0.03300000000035652,ok
US-PFt,1989,2714.3410000000003,2714.349,1.000002947308389,0.007999999999810825,ok
US-PFt,1990,3348.4749999999995,3348.527,1.0000155294574398,0.05200000000058935,ok
US-PFt,1991,3880.4899999999993,3880.516,1.0000067001847708,0.026000000000749424,ok
US-PFt,1992,2978.942,2978.91,0.9999892579311714,0.032000000000152795,ok
US-PFt,1993,3262.82,3262.848,1.0000085815337652,0.027999999999792635,ok
US-PFt,1994,2561.205,2561.196,0.9999964860290371,0.009000000000014552,ok
US-PFt,1995,3634.9400000000005,3634.905,0.9999903712303366,0.03500000000030923,ok
US-PFt,1996,3459.061,3459.057,0.999998843616808,0.00400000000036016,ok
US-PFt,1997,3004.147,3004.136,0.9999963383948921,0.010999999999967258,ok
US-PFt,1998,2785.3309999999997,2785.324,0.9999974868337014,0.006999999999607098,ok
US-PFt,1999,3055.4710000000005,3055.477,1.000001963690704,0.0059999999994033715,ok
US-PFt,2000,3096.711,3096.662,0.9999841767604404,0.04899999999997817,ok
US-PFt,2001,2981.4210000000003,2981.445,1.000008049852738,0.023999999999887223,ok
US-PFt,2002,3447.615,3447.609,0.9999982596664652,0.005999999999858119,ok
US-PFt,2003,2878.8230000000003,2878.858,1.0000121577464123,0.03499999999985448,ok
US-PFt,2004,3103.09,3103.067,0.9999925880332184,0.023000000000138243,ok
US-PFt,2005,2978.002,2977.996,0.9999979852263363,0.005999999999858119,ok
US-PFt,2006,2682.876,2682.848,0.9999895634386381,0.028000000000247383,ok
US-PFt,2007,2534.2219999999998,2534.182,0.9999842160631547,0.03999999999996362,ok
US-PFt,2008,2676.6389999999997,2676.641,1.0000007472057308,0.0020000000004074536,ok
US-PFt,2009,2398.237,2398.204,0.999986239892054,0.032999999999901775,ok
US-PFt,2010,3214.9719999999998,3215.014,1.0000130638773839,0.042000000000371074,ok
US-PFt,2011,2628.313,2628.262,0.9999805959183705,0.05099999999993088,ok
US-PFt,2012,2577.2529999999997,2577.231,0.9999914637794584,0.02199999999947977,ok
US-PFt,2013,3465.551,3465.565,1.0000040397616425,0.014000000000123691,ok
US-PFt,2014,3752.6180000000004,3752.583,0.9999906731780319,0.03500000000030923,ok
US-PFt,2015,3214.6720000000005,3214.67,0.999999377852546,0.0020000000004074536,ok
US-PFt,2016,4320.488,4320.468,0.9999953708932878,0.020000000000436557,ok
US-PFt,2017,4109.42,4109.371,0.9999880761762,0.04899999999997817,ok
US-PFt,2018,3286.335,3286.325,0.9999969570965832,0.010000000000218279,ok
US-PFt,2019,3818.9120000000003,3818.91,0.9999994762906292,0.0020000000004074536,ok
US-PFt,2020,3093.685,3093.717,1.0000103436516647,0.032000000000152795,ok
US-PFt,2021,3392.7479999999996,3392.714,0.9999899786249967,0.033999999999650754,ok
US-PFt,2022,3326.7019999999998,3326.65,0.9999843689034967,0.05199999999967986,ok
US-PFt,2023,3189.9689999999996,3189.953,0.9999949842772768,0.01599999999962165,ok
US-PFt,2024,3079.7000000000003,3079.682,0.9999941552748642,0.01800000000048385,ok
US-PFt,2025,3098.8920000000003,3098.849,0.999986124072733,0.04300000000012005,ok
IT-MtM,1981,797.0430000000001,797.016,0.9999661247887502,0.027000000000157343,ok
IT-MtM,1982,706.3470000000001,706.354,1.0000099101433149,0.006999999999948159,ok
IT-MtM,1983,740.806,740.756,0.9999325059462261,0.05000000000006821,ok
IT-MtM,1984,623.501,623.46,0.9999342422867005,0.04099999999993997,ok
IT-MtM,1985,675.655,675.597,0.9999141573732157,0.057999999999992724,ok
IT-MtM,1986,682.5040000000001,682.485,0.999972161335318,0.019000000000119144,ok
IT-MtM,1987,696.4709999999999,696.441,0.9999569257011421,0.02999999999985903,ok
IT-MtM,1988,748.6800000000001,748.678,0.9999973286317251,0.002000000000066393,ok
IT-MtM,1989,575.1759999999999,575.169,0.9999878298120924,0.006999999999948159,ok
IT-MtM,1990,682.3059999999999,682.372,1.0000967307923425,0.06600000000003092,ok
IT-MtM,1991,671.3879999999999,671.388,1.0000000000000002,1.1368683772161603e-13,ok
IT-MtM,1992,711.6759999999999,711.672,0.9999943794648127,0.0039999999999054126,ok
IT-MtM,1993,666.143,666.124,0.9999714775956514,0.019000000000005457,ok
IT-MtM,1994,603.1549999999999,603.215,1.0000994769172107,0.060000000000172804,ok
IT-MtM,1995,656.0899999999999,656.119,1.000044201252877,0.02900000000011005,ok
IT-MtM,1996,691.656,691.659,1.000004337416288,0.0030000000000427463,ok
IT-MtM,1997,678.7429999999999,678.717,0.9999616938959224,0.025999999999953616,ok
IT-MtM,1998,656.0459999999999,656.042,0.9999939028665674,0.0039999999999054126,ok
IT-MtM,1999,859.489,859.477,0.9999860382157304,0.012000000000057298,ok
IT-MtM,2000,862.4050000000001,862.434,1.0000336268922372,0.028999999999882675,ok
IT-MtM,2001,722.213,722.199,0.9999806151370856,0.014000000000010004,ok
IT-MtM,2002,814.7699999999999,814.808,1.0000466389287777,0.0380000000001246,ok
IT-MtM,2003,523.596,523.601,1.0000095493472065,0.0049999999999954525,ok
IT-MtM,2004,598.513,598.517,1.0000066832299381,0.004000000000019099,ok
IT-MtM,2005,645.833,645.836,1.000004645163688,0.0030000000000427463,ok
IT-MtM,2006,579.296,579.266,0.9999482130033694,0.030000000000086402,ok
IT-MtM,2007,672.9879999999999,672.999,1.0000163450165531,0.011000000000080945,ok
IT-MtM,2008,729.3739999999999,729.418,1.00006032570396,0.044000000000096406,ok
IT-MtM,2009,675.9179999999999,675.87,0.9999289854686517,0.04799999999988813,ok
IT-MtM,2010,707.9309999999999,707.92,0.9999844617625164,0.010999999999967258,ok
IT-MtM,2011,543.494,543.492,0.9999963201065696,0.002000000000066393,ok
IT-MtM,2012,704.205,704.202,0.9999957398768824,0.0030000000000427463,ok
IT-MtM,2013,762.743,762.687,0.9999265807749137,0.05600000000004002,ok
IT-MtM,2014,689.3739999999999,689.333,0.9999405257523494,0.04099999999993997,ok
IT-MtM,2015,593.4229999999999,593.452,1.0000488690192326,0.02900000000011005,ok
IT-MtM,2016,753.1369999999998,753.111,0.9999654777284879,0.02599999999983993,ok
IT-MtM,2017,696.904,696.853,0.9999268191888696,0.051000000000044565,ok
IT-MtM,2018,703.95,703.958,1.0000113644434974,0.007999999999924512,ok
IT-MtM,2019,896.764,896.786,1.000024532652961,0.021999999999934516,ok
IT-MtM,2020,771.5020000000001,771.473,0.9999624109853246,0.02900000000011005,ok
IT-MtM,2021,702.99,703.009,1.0000270274114853,0.019000000000005457,ok
IT-MtM,2022,678.764,678.764,1,0,ok
IT-MtM,2023,900.3669999999998,900.336,0.9999655695955095,0.03099999999983538,ok
IT-MtM,2024,740.1309999999999,740.093,0.9999486577376169,0.03799999999989723,ok
IT-MtM,2025,613.5610000000001,613.533,0.9999543647656873,0.028000000000133696,ok
US-EKN,1981,17.476,17.498,1.0012588693064777,0.022000000000002018,ok
US-EKN,1982,26.738,26.727,0.9995886004936795,0.010999999999999233,ok
US-EKN,1983,34.682,34.664,0.9994809987889971,0.018000000000000682,ok
US-EKN,1984,12.351999999999999,12.286,0.9946567357512954,0.06599999999999895,ok
US-EKN,1985,12.987999999999998,12.956,0.9975361872497691,0.03199999999999825,ok
US-EKN,1986,19.747000000000003,19.759,1.0006076872436318,0.011999999999996902,ok
US-EKN,1987,15.824,15.839,1.0009479271991912,0.015000000000000568,ok
US-EKN,1988,11.978,11.998,1.001669727834363,0.019999999999999574,ok
US-EKN,1989,8.741,8.729,0.9986271593639171,0.012000000000000455,ok
US-EKN,1990,10.941,11.015,1.0067635499497303,0.07399999999999984,ok
US-EKN,1991,17.378999999999998,17.389,1.0005754071005237,0.010000000000001563,ok
US-EKN,1992,17.108,17.094,0.9991816693944354,0.013999999999999346,ok
US-EKN,1993,18.412999999999997,18.435,1.0011948080160757,0.022000000000002018,ok
US-EKN,1994,14.432000000000002,14.436,1.0002771618625275,0.003999999999997783,ok
US-EKN,1995,26.026999999999997,26.005,0.9991547239405234,0.021999999999998465,ok
US-EKN,1996,25.037,24.972,0.9974038423133763,0.06499999999999773,ok
US-EKN,1997,15.822000000000001,15.868,1.0029073442042724,0.045999999999999375,ok
US-EKN,1998,28.134999999999994,28.157,1.000781944197619,0.02200000000000557,ok
US-EKN,1999,13.412,13.41,0.9998508798091261,0.002000000000000668,ok
US-EKN,2000,18.423000000000005,18.43,1.0003799598328174,0.006999999999994344,ok
US-EKN,2001,19.516000000000002,19.543,1.0013834802213568,0.02699999999999747,ok
US-EKN,2002,14.774,14.761,0.9991200758088534,0.0129999999999999,ok
US-EKN,2003,13.951999999999998,13.963,1.0007884174311927,0.011000000000001009,ok
US-EKN,2004,17.162,17.151,0.999359049061881,0.010999999999999233,ok
US-EKN,2005,20.028,20.015,0.9993509087277812,0.012999999999998124,ok
US-EKN,2006,19.437,19.439,1.0001028965375314,0.0019999999999988916,ok
US-EKN,2007,9.555,9.554,0.9998953427524857,9.999999999994458e-4,ok
US-EKN,2008,14.183999999999997,14.228,1.0031020868584322,0.04400000000000226,ok
US-EKN,2009,16.880999999999997,16.903,1.0013032403293645,0.022000000000002018,ok
US-EKN,2010,25.523999999999994,25.552,1.001097006738756,0.028000000000005798,ok
US-EKN,2011,17.624,17.621,0.9998297775760326,0.0030000000000001137,ok
US-EKN,2012,18.218,18.228,1.0005489076737293,0.010000000000001563,ok
US-EKN,2013,5.083,5.102,1.00373795002951,0.019000000000000128,ok
US-EKN,2014,17.215,17.178,0.9978507115887308,0.036999999999999034,ok
US-EKN,2015,9.472,9.479,1.0007390202702702,0.006999999999999673,ok
US-EKN,2016,19.490999999999996,19.503,1.000615668770202,0.012000000000004007,ok
US-EKN,2017,22.308,22.277,0.9986103639949795,0.030999999999998806,ok
US-EKN,2018,15.198000000000002,15.197,0.9999342018686668,0.0010000000000029985,ok
US-EKN,2019,27.814,27.78,0.9987775940174013,0.03399999999999892,ok
US-EKN,2020,8.870999999999999,8.83,0.9953781986247324,0.04099999999999859,ok
US-EKN,2021,15.450999999999999,15.501,1.0032360365024917,0.05000000000000071,ok
US-EKN,2022,10.545,10.584,1.0036984352773826,0.0389999999999997,ok
US-EKN,2023,23.134999999999998,23.099,0.9984439161443701,0.03599999999999781,ok
US-EKN,2024,20.292,20.316,1.0011827321111766,0.023999999999997357,ok
US-EKN,2025,14.376000000000001,14.324,0.99638286032276,0.05200000000000138,ok
ES-Dnn,1981,1163.665,1163.656,0.9999922658153334,0.009000000000014552,ok
ES-Dnn,1982,1580.2359999999996,1580.258,1.0000139219711488,0.022000000000389264,ok
ES-Dnn,1983,1802.793,1802.781,0.9999933436617515,0.011999999999943611,ok
ES-Dnn,1984,1472.691,1472.722,1.0000210499011672,0.03099999999994907,ok
ES-Dnn,1985,1870.202,1870.276,1.0000395679183318,0.07400000000006912,ok
ES-Dnn,1986,1479.319,1479.274,0.9999695805975587,0.04500000000007276,ok
ES-Dnn,1987,2817.121,2817.076,0.9999840262452341,0.04500000000007276,ok
ES-Dnn,1988,1794.1319999999998,1794.107,0.9999860656852451,0.024999999999863576,ok
ES-Dnn,1989,3185.3730000000005,3185.382,1.0000028254147943,0.008999999999559805,ok
ES-Dnn,1990,1472.74,1472.773,1.0000224072137647,0.032999999999901775,ok
ES-Dnn,1991,1621.6459999999997,1621.653,1.000004316601774,0.007000000000289219,ok
ES-Dnn,1992,1170.0529999999999,1170.088,1.0000299131748733,0.035000000000081855,ok
ES-Dnn,1993,1673.375,1673.366,0.9999946216478673,0.009000000000014552,ok
ES-Dnn,1994,1115.816,1115.838,1.0000197165123998,0.021999999999934516,ok
ES-Dnn,1995,1608.005,1608.031,1.0000161691039517,0.02599999999983993,ok
ES-Dnn,1996,4071.5289999999995,4071.548,1.0000046665515585,0.01900000000023283,ok
ES-Dnn,1997,2562.2929999999997,2562.259,0.9999867306354114,0.033999999999650754,ok
ES-Dnn,1998,1456.6540000000002,1456.691,1.0000254006785412,0.03699999999980719,ok
ES-Dnn,1999,1454.551,1454.604,1.0000364373610826,0.05300000000011096,ok
ES-Dnn,2000,1991.774,1991.774,1,0,ok
ES-Dnn,2001,2349.608,2349.615,1.0000029792203633,0.006999999999607098,ok
ES-Dnn,2002,2332.748,2332.729,0.9999918550996506,0.01900000000023283,ok
ES-Dnn,2003,2762.714,2762.722,1.0000028957032832,0.008000000000265572,ok
ES-Dnn,2004,1765.0500000000002,1765.094,1.000024928472281,0.04399999999986903,ok
ES-Dnn,2005,995.55,995.517,0.9999668524935966,0.032999999999901775,ok
ES-Dnn,2006,2639.8140000000003,2639.822,1.000003030516544,0.007999999999810825,ok
ES-Dnn,2007,1666.098,1666.078,0.9999879959042025,0.01999999999998181,ok
ES-Dnn,2008,1958.965,1958.953,0.9999938743162844,0.011999999999943611,ok
ES-Dnn,2009,2109.3199999999997,2109.341,1.0000099558151443,0.021000000000185537,ok
ES-Dnn,2010,3478.098,3478.076,0.9999936747038181,0.021999999999934516,ok
ES-Dnn,2011,1984.4659999999997,1984.434,0.999983874755224,0.03199999999969805,ok
ES-Dnn,2012,1561.4479999999999,1561.465,1.0000108873302218,0.01700000000005275,ok
ES-Dnn,2013,1838.694,1838.665,0.9999842279356979,0.028999999999996362,ok
ES-Dnn,2014,1978.0860000000002,1978.123,1.0000187049501386,0.03699999999980719,ok
ES-Dnn,2015,1325.728,1325.733,1.0000037715127084,0.004999999999881766,ok
ES-Dnn,2016,1899.51,1899.514,1.0000021058062343,0.0039999999999054126,ok
ES-Dnn,2017,1278.417,1278.383,0.9999734046089813,0.03399999999987813,ok
ES-Dnn,2018,2195.0969999999998,2195.127,1.000013666822013,0.03000000000020009,ok
ES-Dnn,2019,840.309,840.329,1.0000238007685267,0.01999999999998181,ok
ES-Dnn,2020,1635.639,1635.578,0.9999627057070662,0.060999999999921783,ok
ES-Dnn,2021,1456.788,1456.752,0.9999752880995725,0.03600000000005821,ok
ES-Dnn,2022,1555.075,1555.092,1.00001093194862,0.01700000000005275,ok
ES-Dnn,2023,1154.688,1154.711,1.0000199188005763,0.02299999999991087,ok
ES-Dnn,2024,1956.5499999999997,1956.555,1.0000025555186427,0.005000000000336513,ok
ES-Dnn,2025,2503.2980000000002,2503.309,1.0000043942031671,0.010999999999967258,ok
DK-Fou,1981,844.397,844.408,1.000013027047704,0.010999999999967258,ok
DK-Fou,1982,705.0490000000001,705.068,1.0000269484815947,0.01899999999989177,ok
DK-Fou,1983,741.556,741.581,1.0000337128955872,0.024999999999977263,ok
DK-Fou,1984,713.6150000000001,713.575,0.9999439473665771,0.04000000000007731,ok
DK-Fou,1985,756.549,756.557,1.0000105743316032,0.008000000000038199,ok
DK-Fou,1986,658.899,658.91,1.0000166945161548,0.010999999999967258,ok
DK-Fou,1987,708.134,708.128,0.9999915270273706,0.005999999999971806,ok
DK-Fou,1988,782.2329999999998,782.21,0.999970596996036,0.022999999999797183,ok
DK-Fou,1989,560.281,560.299,1.0000321267364056,0.018000000000029104,ok
DK-Fou,1990,743.654,743.665,1.0000147918252305,0.010999999999967258,ok
DK-Fou,1991,578.608,578.581,0.9999533362829413,0.02699999999992997,ok
DK-Fou,1992,608.188,608.215,1.000044394167593,0.027000000000043656,ok
DK-Fou,1993,706.2930000000001,706.321,1.000039643604,0.027999999999906322,ok
DK-Fou,1994,739.706,739.753,1.00006353875729,0.047000000000025466,ok
DK-Fou,1995,584.292,584.258,0.9999418099169594,0.033999999999991815,ok
DK-Fou,1996,476.814,476.767,0.9999014290687773,0.047000000000025466,ok
DK-Fou,1997,618.896,618.857,0.9999369845660661,0.03899999999998727,ok
DK-Fou,1998,815.3820000000001,815.407,1.0000306604757034,0.024999999999977263,ok
DK-Fou,1999,880.5330000000001,880.486,0.9999466232384248,0.04700000000013915,ok
DK-Fou,2000,821.746,821.75,1.0000048676841748,0.004000000000019099,ok
DK-Fou,2001,740.9699999999999,740.996,1.0000350891399112,0.026000000000067303,ok
DK-Fou,2002,760.8530000000001,760.834,0.999975028027753,0.019000000000119144,ok
DK-Fou,2003,636.586,636.664,1.000122528613573,0.07799999999997453,ok
DK-Fou,2004,750.1600000000001,750.127,0.9999560093846644,0.03300000000012915,ok
DK-Fou,2005,647.679,647.665,0.9999783843539778,0.014000000000010004,ok
DK-Fou,2006,790.244,790.226,0.9999772222250343,0.018000000000029104,ok
DK-Fou,2007,781.7369999999999,781.703,0.999956507111727,0.03399999999987813,ok
DK-Fou,2008,751.358,751.371,1.0000173020051693,0.013000000000033651,ok
DK-Fou,2009,719.84,719.888,1.0000666814847743,0.04800000000000182,ok
DK-Fou,2010,651.5710000000001,651.616,1.0000690638472245,0.044999999999845386,ok
DK-Fou,2011,709.888,709.922,1.0000478948791922,0.033999999999991815,ok
DK-Fou,2012,831.4879999999999,831.478,0.9999879733682266,0.009999999999990905,ok
DK-Fou,2013,636.333,636.358,1.0000392876057034,0.024999999999977263,ok
DK-Fou,2014,794.558,794.561,1.0000037756840912,0.0030000000000427463,ok
DK-Fou,2015,903.1440000000001,903.153,1.0000099651882755,0.008999999999900865,ok
DK-Fou,2016,704.52,704.547,1.000038323965253,0.027000000000043656,ok
DK-Fou,2017,805.6670000000001,805.659,0.9999900703392343,0.008000000000151886,ok
DK-Fou,2018,575.6980000000001,575.712,1.0000243183057782,0.013999999999896318,ok
DK-Fou,2019,892.5409999999999,892.589,1.0000537790420834,0.048000000000115506,ok
DK-Fou,2020,735.09,735.094,1.0000054415105633,0.004000000000019099,ok
DK-Fou,2021,731.1450000000001,731.09,0.9999247755233229,0.055000000000063665,ok
DK-Fou,2022,752.273,752.29,1.0000225981791184,0.016999999999939064,ok
DK-Fou,2023,949.857,949.852,0.9999947360497422,0.0049999999999954525,ok
DK-Fou,2024,948.0709999999999,948.052,0.9999799593068452,0.01899999999989177,ok
DK-Fou,2025,652.7319999999999,652.738,1.0000091921339849,0.006000000000199179,ok
CN-You,1981,2930.8219999999997,2930.795,0.9999907875674471,0.02699999999958891,ok
CN-You,1982,2488.2190000000005,2488.244,1.0000100473471185,0.024999999999636202,ok
CN-You,1983,2665.9270000000006,2665.916,0.9999958738555105,0.011000000000422006,ok
CN-You,1984,2601.696,2601.694,0.9999992312706788,0.0019999999999527063,ok
CN-You,1985,2727.155,2727.15,0.9999981665875243,0.005000000000109139,ok
CN-You,1986,2582.3529999999996,2582.341,0.9999953530752768,0.011999999999716238,ok
CN-You,1987,2505.59,2505.648,1.0000231482405342,0.057999999999992724,ok
CN-You,1988,2956.753,2956.757,1.0000013528353568,0.0039999999999054126,ok
CN-You,1989,3071.5640000000008,3071.564,0.9999999999999997,9.094947017729282e-13,ok
CN-You,1990,2525.8559999999993,2525.891,1.0000138566885843,0.035000000000763976,ok
CN-You,1991,2399.7050000000004,2399.75,1.0000187523049706,0.04499999999961801,ok
CN-You,1992,2406.1560000000004,2406.158,1.0000008312013018,0.001999999999497959,ok
CN-You,1993,2811.6580000000004,2811.694,1.000012803833183,0.03599999999960346,ok
CN-You,1994,2613.424,2613.422,0.9999992347204281,0.0019999999999527063,ok
CN-You,1995,2777.8680000000004,2777.878,1.0000035998830756,0.009999999999763531,ok
CN-You,1996,2475.0069999999996,2475.011,1.0000016161570453,0.00400000000036016,ok
CN-You,1997,2443.6880000000006,2443.726,1.000015550266646,0.03799999999955617,ok
CN-You,1998,2900.3040000000005,2900.273,0.9999893114652807,0.031000000000403816,ok
CN-You,1999,2704.8849999999998,2704.843,0.9999844725376495,0.041999999999916326,ok
CN-You,2000,2514.313,2514.279,0.999986477419478,0.0340000000001055,ok
CN-You,2001,2434.955,2434.968,1.0000053389077006,0.012999999999919964,ok
CN-You,2002,2482.3149999999996,2482.262,0.9999786489627628,0.05299999999942884,ok
CN-You,2003,2962.277,2962.241,0.9999878471864717,0.03600000000005821,ok
CN-You,2004,2415.044,2415.037,0.9999971015020844,0.007000000000061846,ok
CN-You,2005,2768.614,2768.604,0.9999963880844349,0.010000000000218279,ok
CN-You,2006,2792.5469999999996,2792.565,1.0000064457285769,0.01800000000048385,ok
CN-You,2007,2917.5050000000006,2917.515,1.0000034275862422,0.009999999999308784,ok
CN-You,2008,2528.0969999999998,2528.048,0.9999806178323063,0.04899999999997817,ok
CN-You,2009,2790.574,2790.561,0.9999953414602157,0.012999999999919964,ok
CN-You,2010,2374.7029999999995,2374.752,1.0000206341593034,0.04900000000043292,ok
CN-You,2011,2717.95,2717.928,0.9999919056641955,0.021999999999934516,ok
CN-You,2012,2617.02,2617.038,1.0000068780521356,0.018000000000029104,ok
CN-You,2013,2411.898,2411.948,1.0000207305615743,0.04999999999972715,ok
CN-You,2014,2895.692,2895.65,0.9999854956949842,0.041999999999916326,ok
CN-You,2015,2804.345,2804.348,1.00000106976852,0.003000000000156433,ok
CN-You,2016,2680.0460000000003,2680.034,0.9999955224649129,0.012000000000170985,ok
CN-You,2017,2590.531,2590.53,0.9999996139787558,9.999999997489795e-4,ok
CN-You,2018,2783.511,2783.534,1.0000082629456108,0.023000000000138243,ok
CN-You,2019,2725.504,2725.521,1.0000062373784813,0.017000000000280124,ok
CN-You,2020,2743.3329999999996,2743.387,1.0000196840850164,0.05400000000054206,ok
CN-You,2021,2606.68,2606.667,0.9999950128132338,0.012999999999919964,ok
CN-You,2022,2678.9120000000003,2678.863,0.9999817089923072,0.04900000000043292,ok
CN-You,2023,2632.6159999999995,2632.683,1.0000254499706758,0.06700000000046202,ok
CN-You,2024,3146.626,3146.551,0.9999761649461995,0.07500000000027285,ok
DE-RuS,1981,741.642,741.659,1.0000229221106678,0.016999999999939064,ok
DE-RuS,1982,568.7900000000001,568.788,0.9999964837637791,0.002000000000066393,ok
DE-RuS,1983,581.123,581.152,1.0000499033767378,0.028999999999996362,ok
DE-RuS,1984,673.8710000000001,673.86,0.9999836764009727,0.011000000000080945,ok
DE-RuS,1985,559.814,559.82,1.0000107178455704,0.0060000000000854925,ok
DE-RuS,1986,617.282,617.288,1.0000097200307152,0.005999999999971806,ok
DE-RuS,1987,677.9180000000001,677.926,1.0000118008372694,0.007999999999924512,ok
DE-RuS,1988,617.439,617.486,1.0000761208799573,0.047000000000025466,ok
DE-RuS,1989,518.1750000000001,518.134,0.9999208761518791,0.04100000000005366,ok
DE-RuS,1990,521.724,521.737,1.0000249173892708,0.012999999999919964,ok
DE-RuS,1991,472.94100000000003,472.943,1.0000042288572992,0.0019999999999527063,ok
DE-RuS,1992,549.955,549.97,1.0000272749588603,0.014999999999986358,ok
DE-RuS,1993,655.9570000000001,655.898,0.9999100550798298,0.059000000000082764,ok
DE-RuS,1994,576.5390000000001,576.513,0.9999549033109641,0.026000000000067303,ok
DE-RuS,1995,561.215,561.247,1.00005701914596,0.03199999999992542,ok
DE-RuS,1996,493.221,493.174,0.9999047080314909,0.047000000000025466,ok
DE-RuS,1997,537.05,537.084,1.0000633088166837,0.033999999999991815,ok
DE-RuS,1998,657.655,657.684,1.0000440960686074,0.028999999999996362,ok
DE-RuS,1999,600.144,600.158,1.000023327734677,0.014000000000010004,ok
DE-RuS,2000,622.1910000000001,622.207,1.000025715576085,0.015999999999849024,ok
DE-RuS,2001,661.613,661.607,0.9999909312543737,0.0060000000000854925,ok
DE-RuS,2002,650.78,650.804,1.0000368788223364,0.02400000000000091,ok
DE-RuS,2003,464.11799999999994,464.142,1.0000517109872922,0.024000000000057753,ok
DE-RuS,2004,541.1030000000001,541.083,0.99996303846033,0.020000000000095497,ok
DE-RuS,2005,584.4559999999999,584.519,1.0001077925455468,0.06300000000010186,ok
DE-RuS,2006,522.4159999999999,522.463,1.0000899666166427,0.047000000000025466,ok
DE-RuS,2007,671.0860000000001,671.098,1.0000178814637763,0.011999999999829924,ok
DE-RuS,2008,592.858,592.873,1.0000253011682394,0.015000000000100044,ok
DE-RuS,2009,606.0439999999999,606.088,1.0000726019892947,0.044000000000096406,ok
DE-RuS,2010,621.1089999999999,621.142,1.0000531307709277,0.03300000000012915,ok
DE-RuS,2011,486.298,486.306,1.0000164508182225,0.007999999999981355,ok
DE-RuS,2012,597.5219999999999,597.472,0.999916321072697,0.049999999999954525,ok
DE-RuS,2013,558.047,558.108,1.0001093097893188,0.060999999999921783,ok
DE-RuS,2014,605.488,605.452,0.9999405438258065,0.03600000000005821,ok
DE-RuS,2015,511.562,511.531,0.9999394012846927,0.03100000000000591,ok
DE-RuS,2016,578.5690000000002,578.553,0.9999723455629317,0.016000000000190084,ok
DE-RuS,2017,593.934,593.913,0.9999646425360394,0.020999999999958163,ok
DE-RuS,2018,472.59599999999995,472.596,1.0000000000000002,5.684341886080802e-14,ok
DE-RuS,2019,601.3870000000001,601.346,0.9999318242662378,0.04100000000005366,ok
DE-RuS,2020,497.973,497.971,0.9999959837179927,0.0020000000000095497,ok
DE-RuS,2021,738.0899999999999,738.156,1.0000894199894321,0.06600000000003092,ok
DE-RuS,2022,582.1329999999999,582.091,0.9999278515390814,0.041999999999916326,ok
DE-RuS,2023,709.3909999999998,709.355,0.9999492522459408,0.035999999999830834,ok
DE-RuS,2024,746.4189999999999,746.429,1.00001339730098,0.010000000000104592,ok
US-RGA,1981,859.615,859.606,0.9999895301966578,0.009000000000014552,ok
US-RGA,1982,1227.5149999999999,1227.509,0.9999951120760237,0.005999999999858119,ok
US-RGA,1983,1005.2540000000001,1005.273,1.0000189006957445,0.01899999999989177,ok
US-RGA,1984,1394.223,1394.245,1.000015779398274,0.021999999999934516,ok
US-RGA,1985,870.334,870.387,1.0000608961617035,0.05299999999999727,ok
US-RGA,1986,845.314,845.297,0.9999798891299565,0.016999999999939064,ok
US-RGA,1987,1155.9750000000001,1155.976,1.0000008650706114,9.999999999763531e-4,ok
US-RGA,1988,942.0099999999998,941.994,0.9999830150423035,0.015999999999735337,ok
US-RGA,1989,1273.915,1273.931,1.0000125597076728,0.016000000000076398,ok
US-RGA,1990,1240.748,1240.738,0.9999919403456624,0.009999999999990905,ok
US-RGA,1991,1433.893,1433.864,0.9999797753388852,0.028999999999996362,ok
US-RGA,1992,962.314,962.33,1.000016626589658,0.016000000000076398,ok
US-RGA,1993,964.8950000000002,964.939,1.000045600816669,0.043999999999755346,ok
US-RGA,1994,1293.956,1293.917,0.9999698598715876,0.03899999999998727,ok
US-RGA,1995,981.9479999999999,981.953,1.0000050919193277,0.005000000000109139,ok
US-RGA,1996,978.7629999999999,978.771,1.0000081735823687,0.008000000000038199,ok
US-RGA,1997,1140.468,1140.485,1.0000149061613302,0.016999999999825377,ok
US-RGA,1998,1003.019,1002.979,0.9999601203965229,0.03999999999996362,ok
US-RGA,1999,929.1880000000001,929.147,0.9999558754525456,0.04100000000005366,ok
US-RGA,2000,908.7500000000001,908.8,1.000055020632737,0.04999999999984084,ok
US-RGA,2001,1156.066,1156.067,1.0000008650025172,9.999999999763531e-4,ok
US-RGA,2002,1114.575,1114.532,0.999961420272301,0.04300000000012005,ok
US-RGA,2003,1048.239,1048.269,1.0000286194274397,0.029999999999972715,ok
US-RGA,2004,1202.251,1202.231,0.9999833645386862,0.01999999999998181,ok
US-RGA,2005,701.9540000000001,701.966,1.0000170951372882,0.011999999999943611,ok
US-RGA,2006,1018.134,1018.131,0.9999970534330451,0.0030000000000427463,ok
US-RGA,2007,937.384,937.397,1.0000138683826478,0.013000000000033651,ok
US-RGA,2008,1227.65,1227.71,1.0000488738647009,0.05999999999994543,ok
US-RGA,2009,1641.154,1641.203,1.0000298570396198,0.04899999999997817,ok
US-RGA,2010,784.671,784.681,1.0000127441947007,0.009999999999990905,ok
US-RGA,2011,1002.122,1002.081,0.9999590868177728,0.04099999999993997,ok
US-RGA,2012,800.6640000000001,800.634,0.9999625310991875,0.030000000000086402,ok
US-RGA,2013,1157.1280000000002,1157.119,0.9999922221223579,0.009000000000241926,ok
US-RGA,2014,1040.5510000000002,1040.56,1.0000086492637072,0.008999999999787178,ok
US-RGA,2015,1214.5249999999999,1214.482,0.99996459521212,0.04299999999989268,ok
US-RGA,2016,1045.8939999999998,1045.95,1.0000535427108295,0.05600000000026739,ok
US-RGA,2017,1264.377,1264.367,0.9999920909665393,0.009999999999990905,ok
US-RGA,2018,1514.4920000000002,1514.472,0.9999867942518018,0.020000000000209184,ok
US-RGA,2019,1366.8089999999997,1366.83,1.0000153642535279,0.021000000000185537,ok
US-RGA,2020,1334.0699999999997,1334.024,0.9999655190507246,0.04599999999982174,ok
US-RGA,2021,1254.1460000000002,1254.139,0.9999944185126769,0.007000000000289219,ok
US-RGA,2022,1044.9729999999997,1044.96,0.9999875594871832,0.01299999999969259,ok
US-RGA,2023,970.479,970.512,1.0000340038269762,0.032999999999901775,ok
US-RGA,2024,1321.4279999999999,1321.47,1.0000317837975283,0.0420000000001437,ok
US-RGA,2025,1081.345,1081.312,0.9999694824500968,0.03300000000012915,ok
GF-Guy,1981,3118.632,3118.617,0.9999951901987795,0.01499999999987267,ok
GF-Guy,1982,2549.527,2549.487,0.9999843108153003,0.03999999999996362,ok
GF-Guy,1983,2380.79,2380.801,1.0000046203151054,0.010999999999967258,ok
GF-Guy,1984,2888.817,2888.738,0.9999726531656383,0.07900000000017826,ok
GF-Guy,1985,2371.65,2371.664,1.0000059030632682,0.014000000000123691,ok
GF-Guy,1986,2484.0530000000003,2484.069,1.0000064410864018,0.01599999999962165,ok
GF-Guy,1987,2071.625,2071.589,0.9999826223375369,0.03600000000005821,ok
GF-Guy,1988,2310.98,2311.021,1.0000177413910982,0.04100000000016735,ok
GF-Guy,1989,2614.494,2614.536,1.000016064293894,0.041999999999916326,ok
GF-Guy,1990,2799.5440000000003,2799.548,1.0000014288041192,0.003999999999450665,ok
GF-Guy,1991,2035.6399999999999,2035.628,0.9999941050480439,0.011999999999943611,ok
GF-Guy,1992,1977.9680000000003,1977.953,0.9999924164597201,0.015000000000327418,ok
GF-Guy,1993,2404.599,2404.643,1.0000182982692747,0.04399999999986903,ok
GF-Guy,1994,2457.497,2457.546,1.0000199389867006,0.04899999999997817,ok
GF-Guy,1995,1901.484,1901.566,1.0000431242124572,0.08200000000010732,ok
GF-Guy,1996,2800.8050000000003,2800.842,1.000013210487699,0.03699999999980719,ok
GF-Guy,1997,2485.8499999999995,2485.919,1.0000277571052156,0.06900000000041473,ok
GF-Guy,1998,1986.3289999999997,1986.356,1.0000135929143663,0.02700000000027103,ok
GF-Guy,1999,2517.493,2517.531,1.000015094381593,0.038000000000010914,ok
GF-Guy,2000,2880.3450000000003,2880.356,1.0000038189869616,0.010999999999967258,ok
GF-Guy,2001,2022.3409999999997,2022.335,0.9999970331412954,0.005999999999630745,ok
GF-Guy,2002,2609.7619999999997,2609.791,1.0000111121244009,0.02900000000045111,ok
GF-Guy,2003,1907.103,1907.132,1.000015206310304,0.028999999999996362,ok
GF-Guy,2004,2293.9899999999993,2293.975,0.9999934611746348,0.014999999999417923,ok
GF-Guy,2005,2321.059,2321.087,1.0000120634589642,0.027999999999792635,ok
GF-Guy,2006,2870.754,2870.77,1.000005573448648,0.016000000000076398,ok
GF-Guy,2007,2930.1759999999995,2930.176,1.0000000000000002,4.547473508864641e-13,ok
GF-Guy,2008,2418.377,2418.427,1.0000206750229597,0.0500000000001819,ok
GF-Guy,2009,2101.0029999999997,2101.002,0.999999524036853,9.999999997489795e-4,ok
GF-Guy,2010,2665.1720000000005,2665.21,1.000014257991604,0.03799999999955617,ok
GF-Guy,2011,2436.9869999999996,2436.974,0.9999946655439691,0.012999999999465217,ok
GF-Guy,2012,2566.1820000000002,2566.175,0.9999972722121814,0.007000000000061846,ok
GF-Guy,2013,2970.5760000000005,2970.548,0.9999905742186025,0.02800000000070213,ok
GF-Guy,2014,2203.553,2203.543,0.9999954618745273,0.009999999999763531,ok
GF-Guy,2015,2665.2310000000007,2665.217,0.9999947471720085,0.014000000000578439,ok
GF-Guy,2016,2761.18,2761.187,1.0000025351480164,0.007000000000061846,ok
GF-Guy,2017,2945.318,2945.336,1.0000061113944232,0.017999999999574356,ok
GF-Guy,2018,2883.7380000000007,2883.798,1.0000208063284526,0.059999999999035936,ok
GF-Guy,2019,2252.5060000000003,2252.471,0.9999844617506012,0.03500000000030923,ok
GF-Guy,2020,3360.491,3360.443,0.9999857163729944,0.047999999999774445,ok
GF-Guy,2021,3949.681,3949.683,1.0000005063700081,0.0019999999999527063,ok
GF-Guy,2022,4494.0779999999995,4494.061,0.9999962172441155,0.016999999999825377,ok
GF-Guy,2023,3519.9430000000007,3519.97,1.0000076705787564,0.02699999999913416,ok
GF-Guy,2024,2541.563,2541.569,1.0000023607520254,0.005999999999858119,ok
NZ-Lau,1981,906.0919999999999,906.068,0.9999735126234424,0.023999999999887223,ok
NZ-Lau,1982,1062.994,1063.009,1.000014111086234,0.015000000000100044,ok
NZ-Lau,1983,1334.789,1334.802,1.000009739367046,0.012999999999919964,ok
NZ-Lau,1984,1172.662,1172.682,1.0000170552128405,0.01999999999998181,ok
NZ-Lau,1985,746.5639999999999,746.554,0.9999866053010862,0.009999999999877218,ok
NZ-Lau,1986,1081.508,1081.493,0.9999861304770745,0.015000000000100044,ok
NZ-Lau,1987,1179.685,1179.638,0.9999601588559658,0.047000000000025466,ok
NZ-Lau,1988,985.005,985.052,1.00004771549383,0.047000000000025466,ok
NZ-Lau,1989,948.934,948.895,0.9999589012512988,0.03899999999998727,ok
NZ-Lau,1990,976.359,976.331,0.9999713220239687,0.02800000000002001,ok
NZ-Lau,1991,1020.9839999999998,1020.964,0.999980411054434,0.019999999999754436,ok
NZ-Lau,1992,951.6919999999999,951.648,0.9999537665547258,0.04399999999986903,ok
NZ-Lau,1993,1173.668,1173.671,1.0000025560891157,0.003000000000156433,ok
NZ-Lau,1994,1135.892,1135.868,0.9999788712307155,0.024000000000114596,ok
NZ-Lau,1995,1385.8600000000001,1385.896,1.000025976649878,0.035999999999830834,ok
NZ-Lau,1996,979.0439999999999,979.006,0.9999611866269545,0.03799999999989723,ok
NZ-Lau,1997,971.0450000000001,971.035,0.9999897018160846,0.010000000000104592,ok
NZ-Lau,1998,1050.377,1050.369,0.9999923836869999,0.008000000000038199,ok
NZ-Lau,1999,1036.927,1036.948,1.000020252148898,0.021000000000185537,ok
NZ-Lau,2000,1109.4070000000002,1109.433,1.0000234359437068,0.02599999999983993,ok
NZ-Lau,2001,868.613,868.564,0.999943588226287,0.04900000000009186,ok
NZ-Lau,2002,985.1780000000001,985.218,1.0000406017998775,0.03999999999984993,ok
NZ-Lau,2003,775.835,775.854,1.0000244897433088,0.019000000000005457,ok
NZ-Lau,2004,1143.6239999999998,1143.657,1.0000288556378671,0.03300000000012915,ok
NZ-Lau,2005,868.931,868.944,1.0000149609117408,0.012999999999919964,ok
NZ-Lau,2006,1074.065,1074.068,1.0000027931270452,0.0029999999999290594,ok
NZ-Lau,2007,883.53999999999985,883.529,0.9999875500826223,0.010999999999853571,ok
NZ-Lau,2008,1072.076,1072.084,1.0000074621575337,0.008000000000038199,ok
NZ-Lau,2009,834.016,834.056,1.0000479607105859,0.04000000000007731,ok
NZ-Lau,2010,1191.721,1191.74,1.0000159433290174,0.019000000000005457,ok
NZ-Lau,2011,1081.249,1081.293,1.000040693679254,0.04399999999986903,ok
NZ-Lau,2012,1051.51,1051.468,0.9999600574412036,0.041999999999916326,ok
NZ-Lau,2013,1119.3999999999999,1119.363,0.9999669465785244,0.03699999999980719,ok
NZ-Lau,2014,987.9440000000001,987.901,0.9999564752658044,0.04300000000012005,ok
NZ-Lau,2015,904.45,904.443,0.9999922604898004,0.007000000000061846,ok
NZ-Lau,2016,1031.816,1031.844,1.000027136621258,0.02800000000002001,ok
NZ-Lau,2017,855.6630000000001,855.704,1.0000479160604114,0.040999999999826287,ok
NZ-Lau,2018,1331.7730000000001,1331.792,1.0000142666956005,0.018999999999778083,ok
NZ-Lau,2019,1079.7740000000001,1079.778,1.0000037044789,0.0039999999999054126,ok
NZ-Lau,2020,868.9350000000001,868.953,1.0000207150132057,0.017999999999915417,ok
NZ-Lau,2021,1108.514,1108.497,0.9999846641539937,0.016999999999825377,ok
NZ-Lau,2022,1001.2080000000001,1001.194,0.9999860168915948,0.014000000000123691,ok
NZ-Lau,2023,961.1139999999999,961.116,1.0000020809186008,0.002000000000066393,ok
NZ-Lau,2024,1108.633,1108.64,1.000006314082298,0.007000000000061846,ok
NZ-Lau,2025,1143.821,1143.798,0.9999798919586195,0.02299999999991087,ok
CA-PB1,1981,287.444,287.428,0.9999443369838994,0.016000000000019554,ok
CA-PB1,1982,373.054,373.055,1.0000026805770748,0.0010000000000331966,ok
CA-PB1,1983,340.51500000000004,340.497,0.9999471388925597,0.018000000000029104,ok
CA-PB1,1984,308.891,308.872,0.9999384896290276,0.019000000000005457,ok
CA-PB1,1985,388.46000000000004,388.437,0.9999407918447201,0.023000000000024556,ok
CA-PB1,1986,329.40799999999996,329.367,0.9998755342918206,0.04099999999993997,ok
CA-PB1,1987,344.00499999999994,344,0.9999854653275391,0.004999999999938609,ok
CA-PB1,1988,334.08700000000005,334.083,0.9999880270707929,0.004000000000019099,ok
CA-PB1,1989,308.512,308.524,1.0000388963800435,0.012000000000000455,ok
CA-PB1,1990,305.09200000000004,305.109,1.0000557208973029,0.016999999999939064,ok
CA-PB1,1991,368.96200000000005,368.945,0.9999539247944231,0.01700000000005275,ok
CA-PB1,1992,322.82700000000006,322.86,1.0001022219331095,0.03299999999995862,ok
CA-PB1,1993,306.46999999999997,306.493,1.0000750481286913,0.023000000000024556,ok
CA-PB1,1994,357.355,357.37,1.0000419750668104,0.014999999999986358,ok
CA-PB1,1995,359.376,359.367,0.9999749565914252,0.008999999999957708,ok
CA-PB1,1996,281.171,281.183,1.0000426786546266,0.012000000000000455,ok
CA-PB1,1997,258.34599999999995,258.305,0.9998412981040932,0.04099999999993997,ok
CA-PB1,1998,298.16900000000004,298.164,0.9999832309864538,0.005000000000052296,ok
CA-PB1,1999,345.711,345.664,0.9998640482946738,0.047000000000025466,ok
CA-PB1,2000,352.011,352.029,1.0000511347656749,0.01799999999997226,ok
CA-PB1,2001,352.53099999999995,352.564,1.0000936087890144,0.033000000000072305,ok
CA-PB1,2002,350.254,350.227,0.9999229130859318,0.027000000000043656,ok
CA-PB1,2003,317.77299999999997,317.762,0.9999653840949358,0.010999999999967258,ok
CA-PB1,2004,424.748,424.709,0.9999081808507633,0.03899999999998727,ok
CA-PB1,2005,352.28600000000006,352.251,0.999900648904583,0.035000000000081855,ok
CA-PB1,2006,371.316,371.348,1.0000861799653127,0.03200000000003911,ok
CA-PB1,2007,429.60400000000004,429.608,1.0000093109002708,0.003999999999962256,ok
CA-PB1,2008,403.342,403.322,0.9999504142886186,0.01999999999998181,ok
CA-PB1,2009,357.22900000000004,357.21,0.9999468128287455,0.0190000000000623,ok
CA-PB1,2010,323.937,323.942,1.0000154351000348,0.0049999999999954525,ok
CA-PB1,2011,286.8,286.788,0.9999581589958159,0.012000000000000455,ok
CA-PB1,2012,438.98,438.977,0.9999931659756708,0.0030000000000427463,ok
CA-PB1,2013,279.966,279.971,1.000017859311488,0.0049999999999954525,ok
CA-PB1,2014,335.93600000000004,335.917,0.9999434416079251,0.0190000000000623,ok
CA-PB1,2015,396.329,396.348,1.000047939969066,0.019000000000005457,ok
CA-PB1,2016,346.848,346.826,0.9999365716394502,0.02199999999999136,ok
CA-PB1,2017,278.757,278.763,1.000021524123161,0.005999999999971806,ok
CA-PB1,2018,322.94700000000006,322.957,1.0000309648332386,0.009999999999934062,ok
CA-PB1,2019,394.80400000000003,394.795,0.9999772038783801,0.009000000000014552,ok
CA-PB1,2020,321.364,321.412,1.0001493633387686,0.04800000000000182,ok
CA-PB1,2021,329.778,329.761,0.999948450169508,0.016999999999995907,ok
CA-PB1,2022,382.30400000000003,382.29,0.9999633799280154,0.014000000000010004,ok
CA-PB1,2023,307.57700000000006,307.562,0.9999512317240885,0.015000000000043201,ok
CA-PB1,2024,334.517,334.538,1.000062777078594,0.021000000000015007,ok
CA-PB1,2025,360.21000000000004,360.25,1.0001110463340828,0.03999999999996362,ok
US-Dk2,1981,939.6530000000001,939.659,1.0000063853358632,0.005999999999858119,ok
US-Dk2,1982,1166.233,1166.206,0.9999768485371276,0.027000000000043656,ok
US-Dk2,1983,1412.021,1412.021,1,0,ok
US-Dk2,1984,1249.267,1249.307,1.00003201877581,0.03999999999996362,ok
US-Dk2,1985,1250.468,1250.502,1.0000271898201312,0.03399999999987813,ok
US-Dk2,1986,861.5740000000001,861.608,1.0000394626578795,0.03399999999987813,ok
US-Dk2,1987,1093.884,1093.885,1.000000914173715,9.999999999763531e-4,ok
US-Dk2,1988,1031.727,1031.723,0.9999961230054073,0.004000000000132786,ok
US-Dk2,1989,1429.891,1429.892,1.0000006993540067,9.999999999763531e-4,ok
US-Dk2,1990,1033.702,1033.734,1.0000309566973846,0.03199999999992542,ok
US-Dk2,1991,1082.6619999999998,1082.679,1.0000157020381248,0.017000000000280124,ok
US-Dk2,1992,1220.6470000000002,1220.632,0.9999877114350012,0.015000000000100044,ok
US-Dk2,1993,1194.839,1194.835,0.9999966522686321,0.0039999999999054126,ok
US-Dk2,1994,1246.1650000000002,1246.147,0.9999855556848409,0.018000000000256478,ok
US-Dk2,1995,1204.142,1204.191,1.000040692875093,0.04899999999997817,ok
US-Dk2,1996,1419.016,1419.012,0.9999971811452442,0.004000000000132786,ok
US-Dk2,1997,1040.449,1040.534,1.0000816954987704,0.08500000000003638,ok
US-Dk2,1998,1205.605,1205.624,1.0000157597222972,0.019000000000005457,ok
US-Dk2,1999,1189.326,1189.337,1.000009248935952,0.010999999999967258,ok
US-Dk2,2000,1000.8299999999999,1000.859,1.0000289759499617,0.02900000000011005,ok
US-Dk2,2001,868.23,868.212,0.9999792681662693,0.018000000000029104,ok
US-Dk2,2002,1090.758,1090.753,0.999995416031787,0.005000000000109139,ok
US-Dk2,2003,1435.3020000000001,1435.343,1.0000285654168948,0.04099999999993997,ok
US-Dk2,2004,1093.919,1093.9,0.9999826312551477,0.019000000000005457,ok
US-Dk2,2005,1031.234,1031.198,0.9999650903674628,0.035999999999830834,ok
US-Dk2,2006,1120.999,1121.03,1.0000276539051327,0.03099999999994907,ok
US-Dk2,2007,708.078,708.048,0.9999576317863287,0.029999999999972715,ok
US-Dk2,2008,1080.4420000000002,1080.447,1.0000046277356855,0.004999999999654392,ok
US-Dk2,2009,1228.028,1228.002,0.9999788278443162,0.026000000000067303,ok
US-Dk2,2010,999.7259999999999,999.679,0.9999529871184706,0.04699999999991178,ok
US-Dk2,2011,814.009,814.056,1.0000577389193486,0.047000000000025466,ok
US-Dk2,2012,882.4999999999999,882.542,1.0000475920679888,0.0420000000001437,ok
US-Dk2,2013,1152.13,1152.127,0.999997396127173,0.003000000000156433,ok
US-Dk2,2014,1012.8679999999999,1012.864,0.9999960508180731,0.0039999999999054126,ok
US-Dk2,2015,1203.164,1203.141,0.999980883736548,0.02299999999991087,ok
US-Dk2,2016,1224.0100000000002,1224.021,1.0000089868546824,0.010999999999739885,ok
US-Dk2,2017,1079.884,1079.91,1.0000240766600859,0.026000000000067303,ok
US-Dk2,2018,1520.4909999999998,1520.545,1.0000355148435607,0.054000000000314685,ok
US-Dk2,2019,1114.18,1114.14,0.9999640991581253,0.03999999999996362,ok
US-Dk2,2020,1662.86,1662.816,0.9999735395643651,0.04399999999986903,ok
US-Dk2,2021,1061.599,1061.56,0.9999632629646411,0.03899999999998727,ok
US-Dk2,2022,1165.414,1165.437,1.0000197354759768,0.02299999999991087,ok
US-Dk2,2023,957.1570000000002,957.171,1.0000146266495464,0.013999999999896318,ok
US-Dk2,2024,1269.8539999999998,1269.8,0.999957475426309,0.05399999999985994,ok
US-Dk2,2025,1094.9070000000002,1094.942,1.0000319661852557,0.03499999999985448,ok
CA-SF2,1981,301.72,301.735,1.0000497149675196,0.014999999999986358,ok
CA-SF2,1982,313.206,313.151,0.9998243967229236,0.05500000000000682,ok
CA-SF2,1983,340.73799999999994,340.789,1.000149675116952,0.051000000000044565,ok
CA-SF2,1984,368.312,368.31,0.9999945698212385,0.0020000000000095497,ok
CA-SF2,1985,370.775,370.787,1.000032364641629,0.012000000000000455,ok
CA-SF2,1986,296.74,296.744,1.0000134798139786,0.004000000000019099,ok
CA-SF2,1987,315.26099999999997,315.265,1.0000126878998672,0.004000000000019099,ok
CA-SF2,1988,303.59700000000004,303.599,1.0000065876803788,0.0019999999999527063,ok
CA-SF2,1989,354.781,354.765,0.9999549017562946,0.016000000000019554,ok
CA-SF2,1990,307.649,307.681,1.0001040146400606,0.031999999999982265,ok
CA-SF2,1991,331.691,331.73,1.0001175793132766,0.03900000000004411,ok
CA-SF2,1992,274.189,274.168,0.9999234104942211,0.021000000000015007,ok
CA-SF2,1993,308.579,308.59,1.0000356472734695,0.010999999999967258,ok
CA-SF2,1994,335.07,335.075,1.0000149222550512,0.0049999999999954525,ok
CA-SF2,1995,375.357,375.338,0.9999493815221242,0.019000000000005457,ok
CA-SF2,1996,372.581,372.561,0.9999463203974437,0.020000000000038654,ok
CA-SF2,1997,344.91900000000004,344.914,0.9999855038429311,0.005000000000052296,ok
CA-SF2,1998,296.407,296.44,1.0001113334030574,0.03300000000001546,ok
CA-SF2,1999,331.05199999999996,331.055,1.0000090620204682,0.0030000000000427463,ok
CA-SF2,2000,402.38100000000003,402.391,1.0000248520680648,0.009999999999990905,ok
CA-SF2,2001,259.47999999999996,259.479,0.9999961461384308,9.999999999763531e-4,ok
CA-SF2,2002,281.96,282.013,1.000187969924812,0.05299999999999727,ok
CA-SF2,2003,242.29700000000003,242.309,1.0000495259949564,0.011999999999972033,ok
CA-SF2,2004,377.038,377.046,1.0000212180204648,0.007999999999981355,ok
CA-SF2,2005,379.372,379.347,0.9999341016205728,0.025000000000034106,ok
CA-SF2,2006,465.247,465.207,0.9999140241635088,0.040000000000020464,ok
CA-SF2,2007,392.78900000000004,392.805,1.0000407343382833,0.01599999999996271,ok
CA-SF2,2008,251.988,251.988,1,0,ok
CA-SF2,2009,314.497,314.52,1.0000731326530936,0.022999999999967713,ok
CA-SF2,2010,402.0929999999999,402.085,0.9999801041052694,0.007999999999924512,ok
CA-SF2,2011,378.782,378.81,1.0000739211472562,0.02800000000002001,ok
CA-SF2,2012,388.641,388.617,0.9999382463507452,0.02400000000000091,ok
CA-SF2,2013,370.50899999999996,370.488,0.9999433212148694,0.020999999999958163,ok
CA-SF2,2014,330.6669999999999,330.65,0.9999485887615035,0.016999999999939064,ok
CA-SF2,2015,337.099,337.11,1.0000326313634869,0.011000000000024102,ok
CA-SF2,2016,398.51099999999997,398.536,1.000062733525549,0.025000000000034106,ok
CA-SF2,2017,376.50899999999996,376.584,1.0001991984255358,0.07500000000004547,ok
CA-SF2,2018,347.25600000000003,347.23,0.9999251272836178,0.02600000000001046,ok
CA-SF2,2019,319.6429999999999,319.606,0.9998842458617898,0.036999999999920874,ok
CA-SF2,2020,407.705,407.714,1.0000220747844644,0.009000000000014552,ok
CA-SF2,2021,304.13399999999996,304.147,1.00004274431665,0.013000000000033651,ok
CA-SF2,2022,334.172,334.144,0.9999162108135929,0.02800000000002001,ok
CA-SF2,2023,268.144,268.149,1.000018646697297,0.0049999999999954525,ok
CA-SF2,2024,316.043,316.008,0.9998892555759816,0.03500000000002501,ok
CA-SF2,2025,287.38399999999996,287.432,1.0001670239122569,0.04800000000005866,ok
KE-Mkt,1981,452.16299999999995,452.117,0.9998982667754771,0.045999999999935426,ok
KE-Mkt,1982,371.90600000000006,371.882,0.9999354675643843,0.024000000000057753,ok
KE-Mkt,1983,309.644,309.659,1.0000484427277776,0.014999999999986358,ok
KE-Mkt,1984,313.63599999999997,313.628,0.9999744927240496,0.007999999999981355,ok
KE-Mkt,1985,301.631,301.614,0.9999436397452517,0.016999999999995907,ok
KE-Mkt,1986,326.96,326.961,1.0000030584781014,0.0010000000000331966,ok
KE-Mkt,1987,241.43699999999995,241.454,1.0000704117430221,0.01700000000005275,ok
KE-Mkt,1988,279.816,279.847,1.0001107870886583,0.03100000000000591,ok
KE-Mkt,1989,347.16999999999996,347.162,0.9999769565342628,0.007999999999981355,ok
KE-Mkt,1990,365.677,365.636,0.9998878791939334,0.04099999999999682,ok
KE-Mkt,1991,254.42800000000003,254.421,0.9999724873048562,0.007000000000033424,ok
KE-Mkt,1992,286.667,286.702,1.0001220928812875,0.03500000000002501,ok
KE-Mkt,1993,254.33000000000004,254.371,1.0001612078795266,0.040999999999968395,ok
KE-Mkt,1994,356.793,356.804,1.000030830201265,0.010999999999967258,ok
KE-Mkt,1995,280.166,280.16,0.999978584125126,0.005999999999971806,ok
KE-Mkt,1996,234.327,234.335,1.000034140325272,0.008000000000009777,ok
KE-Mkt,1997,401.407,401.327,0.9998007010341126,0.07999999999998408,ok
KE-Mkt,1998,335.46700000000004,335.436,0.999907591506765,0.031000000000062755,ok
KE-Mkt,1999,263.71299999999997,263.721,1.0000303360092222,0.008000000000038199,ok
KE-Mkt,2000,235.48,235.471,0.9999617801936471,0.00899999999998613,ok
KE-Mkt,2001,238.22199999999998,238.177,0.9998111005700565,0.044999999999987494,ok
KE-Mkt,2002,350.05,350.058,1.0000228538780174,0.007999999999981355,ok
KE-Mkt,2003,179.56400000000002,179.563,0.9999944309549796,0.0010000000000331966,ok
KE-Mkt,2004,318.64099999999996,318.608,0.999896435173126,0.03299999999995862,ok
KE-Mkt,2005,183.96,183.979,1.0001032833224615,0.019000000000005457,ok
KE-Mkt,2006,426.1039999999999,426.064,0.9999061262039316,0.03999999999990678,ok
KE-Mkt,2007,235.649,235.625,0.999898153609818,0.02400000000000091,ok
KE-Mkt,2008,245.17100000000002,245.213,1.0001713090047353,0.04199999999997317,ok
KE-Mkt,2009,220.636,220.646,1.0000453235192805,0.009999999999990905,ok
KE-Mkt,2010,252.293,252.244,0.9998057813732446,0.049000000000006594,ok
KE-Mkt,2011,285.06,285.032,0.9999017750648985,0.02800000000002001,ok
KE-Mkt,2012,221.78799999999998,221.82,1.000144281926885,0.03200000000001069,ok
KE-Mkt,2013,306.798,306.755,0.9998598426326116,0.043000000000006366,ok
KE-Mkt,2014,331.89699999999993,331.842,0.9998342859381074,0.05499999999994998,ok
KE-Mkt,2015,310.47300000000007,310.416,0.9998164091563515,0.057000000000073214,ok
KE-Mkt,2016,254.08899999999997,254.072,0.9999330943094744,0.016999999999967486,ok
KE-Mkt,2017,250.62900000000002,250.656,1.0001077289539517,0.026999999999986812,ok
KE-Mkt,2018,358.307,358.363,1.0001562905553059,0.055999999999983174,ok
KE-Mkt,2019,376.1020000000001,376.122,1.0000531770636687,0.019999999999924967,ok
KE-Mkt,2020,383.609,383.627,1.0000469227781414,0.018000000000029104,ok
KE-Mkt,2021,209.02200000000002,209.027,1.0000239209269837,0.004999999999967031,ok
KE-Mkt,2022,149.48000000000002,149.474,0.9999598608509498,0.006000000000028649,ok
KE-Mkt,2023,262.411,262.438,1.0001028920281543,0.026999999999986812,ok
KE-Mkt,2024,303.373,303.407,1.0001120732563544,0.033999999999991815,ok
KE-Mkt,2025,271.172,271.187,1.0000553154455474,0.014999999999986358,ok
US-LA2,1981,728.2400000000001,728.158,0.9998873997583213,0.08200000000010732,ok
US-LA2,1982,853.98,854.039,1.0000690882690462,0.05899999999996908,ok
US-LA2,1983,1026.9779999999998,1026.963,0.9999853940395999,0.01499999999987267,ok
US-LA2,1984,743.3079999999999,743.311,1.00000403601199,0.003000000000156433,ok
US-LA2,1985,898.0609999999999,898.052,0.9999899784090391,0.008999999999900865,ok
US-LA2,1986,860.0649999999999,860.108,1.000049996221216,0.043000000000006366,ok
US-LA2,1987,853.4220000000001,853.398,0.9999718779220595,0.024000000000114596,ok
US-LA2,1988,915.123,915.102,0.9999770522651052,0.02100000000007185,ok
US-LA2,1989,779.362,779.339,0.9999704886817681,0.02299999999991087,ok
US-LA2,1990,666.2300000000001,666.261,1.0000465304774624,0.03099999999983538,ok
US-LA2,1991,1258.1089999999997,1258.087,0.9999825134388199,0.021999999999707143,ok
US-LA2,1992,1032.808,1032.771,0.9999641753355899,0.03700000000003456,ok
US-LA2,1993,994.2940000000001,994.313,1.0000191090361603,0.01899999999989177,ok
US-LA2,1994,787.917,787.873,0.9999441565545609,0.04399999999998272,ok
US-LA2,1995,956.6289999999999,956.605,0.9999749119041971,0.023999999999887223,ok
US-LA2,1996,709.404,709.427,1.0000324215820604,0.023000000000024556,ok
US-LA2,1997,921.0049999999998,921.033,1.000030401572196,0.028000000000247383,ok
US-LA2,1998,868.3029999999998,868.306,1.0000034550151276,0.00300000000027012,ok
US-LA2,1999,624.4959999999999,624.554,1.000092874894315,0.05800000000010641,ok
US-LA2,2000,606.8140000000001,606.844,1.0000494385429473,0.029999999999972715,ok
US-LA2,2001,847.147,847.14,0.9999917369712694,0.007000000000061846,ok
US-LA2,2002,1014.527,1014.578,1.000050269731609,0.05099999999993088,ok
US-LA2,2003,823.9360000000001,823.914,0.9999732988970015,0.02200000000016189,ok
US-LA2,2004,909.195,909.202,1.0000076991184508,0.006999999999948159,ok
US-LA2,2005,883.58,883.584,1.0000045270377327,0.0039999999999054126,ok
US-LA2,2006,673.5799999999999,673.571,0.9999866385581521,0.008999999999900865,ok
US-LA2,2007,712.366,712.358,0.9999887698177622,0.008000000000038199,ok
US-LA2,2008,862.66,862.647,0.9999849303317646,0.012999999999919964,ok
US-LA2,2009,891.585,891.58,0.9999943920097355,0.0049999999999954525,ok
US-LA2,2010,871.4359999999999,871.456,1.0000229506240277,0.020000000000095497,ok
US-LA2,2011,694.1210000000001,694.14,1.0000273727491316,0.01899999999989177,ok
US-LA2,2012,962.973,963.044,1.0000737300007374,0.07100000000002638,ok
US-LA2,2013,998.9009999999998,998.897,0.9999959955991636,0.003999999999791726,ok
US-LA2,2014,802.8170000000001,802.82,1.0000037368416463,0.0029999999999290594,ok
US-LA2,2015,957.596,957.629,1.0000344612968308,0.03300000000001546,ok
US-LA2,2016,1075.482,1075.444,0.9999646670051195,0.038000000000010914,ok
US-LA2,2017,1029.5259999999998,1029.478,0.9999533766024367,0.047999999999774445,ok
US-LA2,2018,1088.519,1088.566,1.0000431779325856,0.047000000000025466,ok
US-LA2,2019,903.5060000000001,903.562,1.0000619807726787,0.05599999999992633,ok
US-LA2,2020,991.0789999999998,991.069,0.9999899099869941,0.009999999999877218,ok
US-LA2,2021,1248.7180000000003,1248.725,1.0000056057492561,0.006999999999607098,ok
US-LA2,2022,961.9190000000001,961.909,0.9999896041142756,0.010000000000104592,ok
US-LA2,2023,685.9929999999999,685.95,0.9999373171446357,0.04299999999989268,ok
US-LA2,2024,1140.483,1140.543,1.0000526092892221,0.05999999999994543,ok
US-LA2,2025,770.9309999999999,770.986,1.0000713423120877,0.055000000000063665,ok
CA-DSM,1981,1351.0839999999998,1351.1,1.0000118423428892,0.016000000000076398,ok
CA-DSM,1982,1168.35,1168.333,0.9999854495656268,0.016999999999825377,ok
CA-DSM,1983,1299.9180000000001,1299.887,0.9999761523419168,0.031000000000176442,ok
CA-DSM,1984,1318.926,1318.927,1.0000007581926507,9.999999999763531e-4,ok
CA-DSM,1985,731.7170000000001,731.783,1.000090198806369,0.06599999999991724,ok
CA-DSM,1986,1171.592,1171.614,1.0000187778680631,0.021999999999934516,ok
CA-DSM,1987,926.217,926.241,1.0000259118543495,0.02400000000000091,ok
CA-DSM,1988,1150.223,1150.307,1.0000730293169238,0.08400000000006003,ok
CA-DSM,1989,1075.594,1075.646,1.0000483453793902,0.05199999999990723,ok
CA-DSM,1990,1338.385,1338.38,0.999996264154186,0.004999999999881766,ok
CA-DSM,1991,1100.886,1100.907,1.0000190755446068,0.020999999999958163,ok
CA-DSM,1992,1020.396,1020.38,0.9999843198130922,0.01599999999996271,ok
CA-DSM,1993,1006.3790000000001,1006.377,0.9999980126771324,0.00200000000018008,ok
CA-DSM,1994,1182.718,1182.735,1.0000143736714922,0.016999999999825377,ok
CA-DSM,1995,1358.6810000000003,1358.621,0.9999558395237733,0.060000000000172804,ok
CA-DSM,1996,1348.1090000000002,1348.102,0.9999948075415266,0.007000000000061846,ok
CA-DSM,1997,1438.571,1438.576,1.0000034756713434,0.005000000000109139,ok
CA-DSM,1998,1254.7060000000001,1254.705,0.9999992030005433,0.0010000000002037268,ok
CA-DSM,1999,1378.0259999999998,1378.078,1.000037735137073,0.052000000000134605,ok
CA-DSM,2000,934.3499999999999,934.283,0.9999282923957833,0.06699999999989359,ok
CA-DSM,2001,1104.098,1104.062,0.9999673941987033,0.03600000000005821,ok
CA-DSM,2002,990.4549999999999,990.447,0.9999919229041199,0.007999999999924512,ok
CA-DSM,2003,1144.1640000000002,1144.145,0.9999833939889734,0.01900000000023283,ok
CA-DSM,2004,1090.698,1090.747,1.0000449253597237,0.04899999999997817,ok
CA-DSM,2005,1200.386,1200.424,1.000031656483831,0.038000000000010914,ok
CA-DSM,2006,1188.889,1188.922,1.0000277570067517,0.03300000000012915,ok
CA-DSM,2007,1254.06,1254.045,0.9999880388498159,0.01499999999987267,ok
CA-DSM,2008,976.437,976.451,1.0000143378425848,0.014000000000010004,ok
CA-DSM,2009,1028.231,1028.23,0.9999990274558928,9.999999999763531e-4,ok
CA-DSM,2010,1204.4789999999998,1204.477,0.999998339531034,0.0019999999997253326,ok
CA-DSM,2011,1095.795,1095.828,1.0000301151218978,0.032999999999901775,ok
CA-DSM,2012,1290.5819999999999,1290.542,0.9999690062312973,0.03999999999996362,ok
CA-DSM,2013,923.586,923.624,1.000041143975764,0.038000000000010914,ok
CA-DSM,2014,1264.789,1264.781,0.99999367483430035,0.008000000000038199,ok
CA-DSM,2015,1079.642,1079.65,1.00000740986364,0.008000000000038199,ok
CA-DSM,2016,1341.208,1341.23,1.0000164031231547,0.021999999999934516,ok
CA-DSM,2017,1309.3889999999997,1309.392,1.0000022911449542,0.0030000000003838068,ok
CA-DSM,2018,1261.665,1261.721,1.0000443857917911,0.05600000000004002,ok
CA-DSM,2019,936.0149999999999,936.036,1.0000224355378922,0.02100000000007185,ok
CA-DSM,2020,1286.8970000000002,1286.926,1.0000225348260192,0.02899999999976899,ok
CA-DSM,2021,1429.0980000000002,1429.089,0.9999937023213242,0.009000000000241926,ok
CA-DSM,2022,1035.9449999999997,1035.957,1.0000115836265442,0.012000000000398359,ok
CA-DSM,2023,939.1930000000001,939.159,0.9999637987080396,0.0340000000001055,ok
CA-DSM,2024,1317.241,1317.269,1.0000212565506237,0.02800000000002001,ok
AU-DaS,1981,1019.2950000000001,1019.278,0.9999833218057579,0.01700000000005275,ok
AU-DaS,1982,936.7909999999999,936.795,1.0000042698958467,0.004000000000019099,ok
AU-DaS,1983,887.55,887.561,1.0000123936679624,0.011000000000080945,ok
AU-DaS,1984,1378.024,1378.026,1.0000014513535325,0.00200000000018008,ok
AU-DaS,1985,946.6699999999998,946.672,1.0000021126686176,0.00200000000018008,ok
AU-DaS,1986,895.7080000000001,895.717,1.0000100479174014,0.008999999999900865,ok
AU-DaS,1987,1060.973,1060.911,0.9999415630746495,0.06199999999989814,ok
AU-DaS,1988,1010.348,1010.354,1.0000059385479063,0.0060000000000854925,ok
AU-DaS,1989,866.6289999999999,866.631,1.000002307792608,0.002000000000066393,ok
AU-DaS,1990,1053.979,1053.972,0.9999933585014502,0.007000000000061846,ok
AU-DaS,1991,1024.772,1024.768,0.9999960966927278,0.0039999999999054126,ok
AU-DaS,1992,832.3199999999999,832.302,0.9999783737024223,0.017999999999915417,ok
AU-DaS,1993,1333.382,1333.451,1.000051748111194,0.06899999999995998,ok
AU-DaS,1994,951.9889999999999,952.033,1.0000462190214383,0.044000000000096406,ok
AU-DaS,1995,1384.8279999999995,1384.845,1.0000122758927465,0.017000000000507498,ok
AU-DaS,1996,981.2350000000001,981.261,1.0000264972203394,0.02599999999983993,ok
AU-DaS,1997,1532.22,1532.22,1,0,ok
AU-DaS,1998,1532.9130000000002,1532.939,1.0000169611713123,0.02599999999983993,ok
AU-DaS,1999,1202.754,1202.783,1.0000241113311616,0.028999999999996362,ok
AU-DaS,2000,1344.33,1344.327,0.9999977684050791,0.0029999999999290594,ok
AU-DaS,2001,1423.963,1423.978,1.0000105339815712,0.015000000000100044,ok
AU-DaS,2002,883.9200000000001,883.89,0.999966060276948,0.030000000000086402,ok
AU-DaS,2003,1191.32,1191.353,1.0000277003659808,0.03300000000012915,ok
AU-DaS,2004,1291.4789999999998,1291.53,1.0000394896084257,0.05100000000015825,ok
AU-DaS,2005,833.645,833.599,0.9999448206370818,0.045999999999935426,ok
AU-DaS,2006,1166.37,1166.357,0.9999888543086671,0.012999999999919964,ok
AU-DaS,2007,1185.2019999999998,1185.21,1.000006749904236,0.008000000000265572,ok
AU-DaS,2008,1358.27,1358.315,1.0000331303790853,0.04500000000007276,ok
AU-DaS,2009,975.4359999999999,975.427,0.9999907733567349,0.008999999999900865,ok
AU-DaS,2010,1346.277,1346.29,1.0000096562594474,0.012999999999919964,ok
AU-DaS,2011,1583.864,1583.862,0.9999987372653207,0.0019999999999527063,ok
AU-DaS,2012,1209.8630000000003,1209.84,0.9999809895831178,0.023000000000365617,ok
AU-DaS,2013,1110.113,1110.069,0.9999603643953362,0.044000000000096406,ok
AU-DaS,2014,1128.974,1128.965,0.9999920281600816,0.009000000000014552,ok
AU-DaS,2015,1594.3139999999999,1594.296,0.9999887098777281,0.01799999999980173,ok
AU-DaS,2016,680.04,680.091,1.0000749955884949,0.051000000000044565,ok
AU-DaS,2017,1355.8980000000001,1355.89,0.9999940998511687,0.008000000000038199,ok
AU-DaS,2018,1012.4299999999998,1012.455,1.0000246930651997,0.025000000000204636,ok
AU-DaS,2019,586.9859999999999,587.004,1.000030665126596,0.01800000000014279,ok
AU-DaS,2020,924.0520000000001,923.999,0.9999426439204719,0.05300000000011096,ok
AU-DaS,2021,1189.8109999999997,1189.819,1.0000067237569668,0.008000000000265572,ok
AU-DaS,2022,1147.6140000000003,1147.574,0.9999651450749117,0.040000000000190994,ok
AU-DaS,2023,983.4469999999999,983.46,1.0000132188109783,0.013000000000147338,ok
AU-DaS,2024,1754.1140000000003,1754.119,1.0000028504418752,0.004999999999654392,ok
AU-DaS,2025,1024.601,1024.574,0.9999736482786957,0.027000000000043656,ok
CH-Oe1,1981,1386.982,1386.931,0.9999632295155958,0.05099999999993088,ok
CH-Oe1,1982,1391.542,1391.538,0.9999971254910022,0.0039999999999054126,ok
CH-Oe1,1983,1137.734,1137.713,0.9999815422585596,0.020999999999958163,ok
CH-Oe1,1984,1121.493,1121.489,0.9999964333259326,0.0039999999999054126,ok
CH-Oe1,1985,1101.174,1101.11,0.9999418802114833,0.06400000000007822,ok
CH-Oe1,1986,1204.5319999999997,1204.522,0.9999916980204762,0.009999999999763531,ok
CH-Oe1,1987,1250.2689999999998,1250.239,0.999976005163689,0.02999999999974534,ok
CH-Oe1,1988,1373.8939999999998,1373.886,0.9999941771344807,0.007999999999810825,ok
CH-Oe1,1989,988.819,988.825,1.0000060678445701,0.0060000000000854925,ok
CH-Oe1,1990,1175.0869999999998,1175.068,0.9999838309844294,0.018999999999778083,ok
CH-Oe1,1991,1092.416,1092.345,0.9999350064444315,0.07099999999991269,ok
CH-Oe1,1992,1192.353,1192.37,1.0000142575227302,0.016999999999825377,ok
CH-Oe1,1993,1179.7730000000001,1179.778,1.0000042381034318,0.004999999999881766,ok
CH-Oe1,1994,1286.431,1286.436,1.0000038867222572,0.004999999999881766,ok
CH-Oe1,1995,1402.671,1402.638,0.9999764734567121,0.03300000000012915,ok
CH-Oe1,1996,1136.568,1136.566,0.9999982403164616,0.0019999999999527063,ok
CH-Oe1,1997,997.1199999999999,997.137,1.0000170491014122,0.01700000000005275,ok
CH-Oe1,1998,1093.321,1093.307,0.9999871949775044,0.013999999999896318,ok
CH-Oe1,1999,1444.445,1444.441,0.9999972307702959,0.0039999999999054126,ok
CH-Oe1,2000,1108.4750000000001,1108.481,1.0000054128419675,0.005999999999858119,ok
CH-Oe1,2001,1383.174,1383.192,1.0000130135471026,0.018000000000029104,ok
CH-Oe1,2002,1378.1019999999999,1378.106,1.0000029025427728,0.004000000000132786,ok
CH-Oe1,2003,890.5000000000001,890.539,1.0000437956204378,0.03899999999987358,ok
CH-Oe1,2004,1155.861,1155.82,0.9999645286068133,0.04100000000016735,ok
CH-Oe1,2005,1075.241,1075.26,1.0000176704571346,0.019000000000005457,ok
CH-Oe1,2006,1289.8609999999999,1289.865,1.0000031011093444,0.004000000000132786,ok
CH-Oe1,2007,1244.9179999999997,1244.905,0.9999895575451558,0.01299999999969259,ok
CH-Oe1,2008,1094.223,1094.243,1.0000182778099163,0.01999999999998181,ok
CH-Oe1,2009,1130.867,1130.903,1.0000318339822456,0.03600000000005821,ok
CH-Oe1,2010,1212.444,1212.474,1.0000247434108296,0.029999999999972715,ok
CH-Oe1,2011,989.0020000000002,988.971,0.9999686552706666,0.031000000000176442,ok
CH-Oe1,2012,1341.0339999999999,1341.026,0.999994034454011,0.007999999999810825,ok
CH-Oe1,2013,1241.331,1241.293,0.9999693876975602,0.038000000000010914,ok
CH-Oe1,2014,1250.983,1250.947,0.9999712226305233,0.03600000000005821,ok
CH-Oe1,2015,1021.0780000000001,1021.12,1.0000411329986543,0.041999999999916326,ok
CH-Oe1,2016,1342.6180000000002,1342.576,0.9999687178333673,0.0420000000001437,ok
CH-Oe1,2017,1119.541,1119.526,0.9999866016519271,0.01499999999987267,ok
CH-Oe1,2018,995.042,995.03,0.999987940207549,0.012000000000057298,ok
CH-Oe1,2019,1130.614,1130.677,1.0000557219351607,0.06299999999987449,ok
CH-Oe1,2020,1055.543,1055.56,1.000016105454728,0.01700000000005275,ok
CH-Oe1,2021,1260.106,1260.129,1.0000182524327317,0.02299999999991087,ok
CH-Oe1,2022,1040.358,1040.41,1.0000499827943843,0.052000000000134605,ok
CH-Oe1,2023,1217.722,1217.727,1.0000041060274842,0.005000000000109139,ok
CH-Oe1,2024,1263.8589999999997,1263.818,0.9999675596724004,0.0409999999997126,ok
CH-Oe1,2025,1179.925,1179.921,0.9999966099540226,0.0039999999999054126,ok
DE-Hzd,1981,4374.6810000000005,4374.649,0.9999926851809309,0.032000000000152795,ok
DE-Hzd,1982,2266.2630000000004,2266.246,0.9999924986641002,0.017000000000280124,ok
DE-Hzd,1983,3218.012,3218.007,0.9999984462456946,0.005000000000109139,ok
DE-Hzd,1984,2870.309,2870.287,0.999992335319995,0.022000000000389264,ok
DE-Hzd,1985,3188.858,3188.874,1.000005017470204,0.01599999999962165,ok
DE-Hzd,1986,3554.8239999999996,3554.836,1.0000033756945492,0.012000000000170985,ok
DE-Hzd,1987,3880.8109999999997,3880.774,0.9999904659103471,0.03699999999980719,ok
DE-Hzd,1988,3631.1290000000004,3631.137,1.0000022031715203,0.007999999999810825,ok
DE-Hzd,1989,3007.0159999999996,3007.027,1.0000036581115632,0.011000000000422006,ok
DE-Hzd,1990,2799.588,2799.633,1.0000160737937152,0.04499999999961801,ok
DE-Hzd,1991,2628.4790000000003,2628.531,1.0000197833043367,0.05199999999967986,ok
DE-Hzd,1992,3182.9320000000002,3182.936,1.0000012567029393,0.0039999999999054126,ok
DE-Hzd,1993,3383.486,3383.464,0.9999934978303442,0.021999999999934516,ok
DE-Hzd,1994,3370.023,3369.954,0.9999795253622898,0.06899999999995998,ok
DE-Hzd,1995,4178.049999999999,4178.023,0.9999935376551264,0.02699999999913416,ok
DE-Hzd,1996,3158.9720000000007,3158.971,0.9999996834413218,0.0010000000006584742,ok
DE-Hzd,1997,2984.961,2984.987,1.000008710331559,0.026000000000294676,ok
DE-Hzd,1998,3581.855,3581.869,1.0000039085892645,0.014000000000123691,ok
DE-Hzd,1999,2845.4099999999994,2845.424,1.0000049202048213,0.014000000000578439,ok
DE-Hzd,2000,3315.698999999999,3315.713,1.0000042223374321,0.014000000001033186,ok
DE-Hzd,2001,3716.5229999999997,3716.529,1.0000016144121806,0.006000000000312866,ok
DE-Hzd,2002,4280.855,4280.868,1.000003036776532,0.01300000000082946,ok
DE-Hzd,2003,2251.585,2251.597,1.000005329578941,0.012000000000170985,ok
DE-Hzd,2004,3355.2569999999996,3355.287,1.0000089411928803,0.03000000000020009,ok
DE-Hzd,2005,3432.899,3432.855,0.9999871828445871,0.04399999999986903,ok
DE-Hzd,2006,3000.459,3000.455,0.9999986668706355,0.0039999999999054126,ok
DE-Hzd,2007,3712.684,3712.693,1.0000024241222791,0.009000000000014552,ok
DE-Hzd,2008,3309.19,3309.18,0.9999969781124686,0.010000000000218279,ok
DE-Hzd,2009,3658.263,3658.265,1.0000005467075495,0.0019999999999527063,ok
DE-Hzd,2010,4136.345,4136.342,0.9999992747220069,0.0030000000006111804,ok
DE-Hzd,2011,3128.8250000000003,3128.821,0.9999987215648045,0.00400000000036016,ok
DE-Hzd,2012,3521.6490000000003,3521.654,1.0000014197894225,0.004999999999654392,ok
DE-Hzd,2013,3839.4489999999996,3839.454,1.0000013022701957,0.005000000000563887,ok
DE-Hzd,2014,3015.43,3015.414,0.9999946939574125,0.01599999999962165,ok
DE-Hzd,2015,2979.8849999999998,2979.904,1.0000063760849833,0.01900000000023283,ok
DE-Hzd,2016,3321.666,3321.665,0.9999996989462516,0.0010000000002037268,ok
DE-Hzd,2017,3388.651,3388.634,0.9999949832543983,0.016999999999825377,ok
DE-Hzd,2018,2133.935,2133.928,0.9999967196751541,0.007000000000061846,ok
DE-Hzd,2019,2841.718,2841.729,1.000003870897816,0.010999999999967258,ok
DE-Hzd,2020,2896.709,2896.739,1.0000103565805196,0.03000000000020009,ok
DE-Hzd,2021,3545.9569999999994,3545.958,1.000000282011316,0.0010000000006584742,ok
DE-Hzd,2022,2870.359,2870.356,0.9999989548345696,0.0029999999997016857,ok
DE-Hzd,2023,3444.117,3444.093,0.9999930315956165,0.02400000000034197,ok
DE-Hzd,2024,3298.7079999999996,3298.693,0.9999954527651433,0.014999999999417923,ok
