site_id,dataset,path,file_name,exists,mtime,size_bytes,feeds
AR-Bal,era5_yy,data/extracted/AMF_AR-Bal_FLUXNET_2012-2013_v1.3_r1/AMF_AR-Bal_FLUXNET_ERA5_YY_1981-2025_v1.3_r1.csv,AMF_AR-Bal_FLUXNET_ERA5_YY_1981-2025_v1.3_r1.csv,TRUE,2026-06-01T16:37:37,3717,table_1 (p_era_mean_mm_1981_2025 dataset='era5_yy'; p_era_mean_mm_tower_years window boundary dataset='fluxmet_yy'); spot_check_nine_sites.csv
AR-Bal,fluxmet_yy,data/extracted/AMF_AR-Bal_FLUXNET_2012-2013_v1.3_r1/AMF_AR-Bal_FLUXNET_FLUXMET_YY_2012-2013_v1.3_r1.csv,AMF_AR-Bal_FLUXNET_FLUXMET_YY_2012-2013_v1.3_r1.csv,TRUE,2026-06-01T16:37:37,5552,table_1 (p_era_mean_mm_1981_2025 dataset='era5_yy'; p_era_mean_mm_tower_years window boundary dataset='fluxmet_yy'); spot_check_nine_sites.csv
AR-CCa,era5_yy,data/extracted/AMF_AR-CCa_FLUXNET_2012-2020_v1.3_r1/AMF_AR-CCa_FLUXNET_ERA5_YY_1981-2025_v1.3_r1.csv,AMF_AR-CCa_FLUXNET_ERA5_YY_1981-2025_v1.3_r1.csv,TRUE,2026-06-01T16:37:37,3795,table_1 (p_era_mean_mm_1981_2025 dataset='era5_yy'; p_era_mean_mm_tower_years window boundary dataset='fluxmet_yy'); spot_check_nine_sites.csv
AR-CCa,fluxmet_yy,data/extracted/AMF_AR-CCa_FLUXNET_2012-2020_v1.3_r1/AMF_AR-CCa_FLUXNET_FLUXMET_YY_2012-2020_v1.3_r1.csv,AMF_AR-CCa_FLUXNET_FLUXMET_YY_2012-2020_v1.3_r1.csv,TRUE,2026-06-01T16:37:37,22046,table_1 (p_era_mean_mm_1981_2025 dataset='era5_yy'; p_era_mean_mm_tower_years window boundary dataset='fluxmet_yy'); spot_check_nine_sites.csv
AR-CCg,era5_yy,data/extracted/AMF_AR-CCg_FLUXNET_2018-2024_v1.3_r1/AMF_AR-CCg_FLUXNET_ERA5_YY_1981-2024_v1.3_r1.csv,AMF_AR-CCg_FLUXNET_ERA5_YY_1981-2024_v1.3_r1.csv,TRUE,2026-06-01T16:37:37,3723,table_1 (p_era_mean_mm_1981_2025 dataset='era5_yy'; p_era_mean_mm_tower_years window boundary dataset='fluxmet_yy'); spot_check_nine_sites.csv
AR-CCg,fluxmet_yy,data/extracted/AMF_AR-CCg_FLUXNET_2018-2024_v1.3_r1/AMF_AR-CCg_FLUXNET_FLUXMET_YY_2018-2024_v1.3_r1.csv,AMF_AR-CCg_FLUXNET_FLUXMET_YY_2018-2024_v1.3_r1.csv,TRUE,2026-06-01T16:37:37,20944,table_1 (p_era_mean_mm_1981_2025 dataset='era5_yy'; p_era_mean_mm_tower_years window boundary dataset='fluxmet_yy'); spot_check_nine_sites.csv
AR-TF1,era5_yy,data/extracted/AMF_AR-TF1_FLUXNET_2016-2018_v1.3_r1/AMF_AR-TF1_FLUXNET_ERA5_YY_1981-2024_v1.3_r1.csv,AMF_AR-TF1_FLUXNET_ERA5_YY_1981-2024_v1.3_r1.csv,TRUE,2026-06-01T16:37:37,3533,table_1 (p_era_mean_mm_1981_2025 dataset='era5_yy'; p_era_mean_mm_tower_years window boundary dataset='fluxmet_yy'); spot_check_nine_sites.csv
AR-TF1,fluxmet_yy,data/extracted/AMF_AR-TF1_FLUXNET_2016-2018_v1.3_r1/AMF_AR-TF1_FLUXNET_FLUXMET_YY_2016-2018_v1.3_r1.csv,AMF_AR-TF1_FLUXNET_FLUXMET_YY_2016-2018_v1.3_r1.csv,TRUE,2026-06-01T16:37:37,11726,table_1 (p_era_mean_mm_1981_2025 dataset='era5_yy'; p_era_mean_mm_tower_years window boundary dataset='fluxmet_yy'); spot_check_nine_sites.csv
AR-TF2,era5_yy,data/extracted/AMF_AR-TF2_FLUXNET_2016-2018_v1.3_r1/AMF_AR-TF2_FLUXNET_ERA5_YY_1981-2024_v1.3_r1.csv,AMF_AR-TF2_FLUXNET_ERA5_YY_1981-2024_v1.3_r1.csv,TRUE,2026-06-01T16:37:37,3538,table_1 (p_era_mean_mm_1981_2025 dataset='era5_yy'; p_era_mean_mm_tower_years window boundary dataset='fluxmet_yy'); spot_check_nine_sites.csv
AR-TF2,fluxmet_yy,data/extracted/AMF_AR-TF2_FLUXNET_2016-2018_v1.3_r1/AMF_AR-TF2_FLUXNET_FLUXMET_YY_2016-2018_v1.3_r1.csv,AMF_AR-TF2_FLUXNET_FLUXMET_YY_2016-2018_v1.3_r1.csv,TRUE,2026-06-01T16:37:37,11745,table_1 (p_era_mean_mm_1981_2025 dataset='era5_yy'; p_era_mean_mm_tower_years window boundary dataset='fluxmet_yy'); spot_check_nine_sites.csv
AT-Mmg,era5_yy,data/extracted/EUF_AT-Mmg_FLUXNET_2021-2024_v1.3_r1/EUF_AT-Mmg_FLUXNET_ERA5_YY_1981-2024_v1.3_r1.csv,EUF_AT-Mmg_FLUXNET_ERA5_YY_1981-2024_v1.3_r1.csv,TRUE,2026-06-01T16:37:39,3509,table_1 (p_era_mean_mm_1981_2025 dataset='era5_yy'; p_era_mean_mm_tower_years window boundary dataset='fluxmet_yy'); spot_check_nine_sites.csv
AT-Mmg,fluxmet_yy,data/extracted/EUF_AT-Mmg_FLUXNET_2021-2024_v1.3_r1/EUF_AT-Mmg_FLUXNET_FLUXMET_YY_2021-2024_v1.3_r1.csv,EUF_AT-Mmg_FLUXNET_FLUXMET_YY_2021-2024_v1.3_r1.csv,TRUE,2026-06-01T16:37:39,15825,table_1 (p_era_mean_mm_1981_2025 dataset='era5_yy'; p_era_mean_mm_tower_years window boundary dataset='fluxmet_yy'); spot_check_nine_sites.csv
AT-Neu,era5_yy,data/extracted/EUF_AT-Neu_FLUXNET_2002-2020_v1.3_r1/EUF_AT-Neu_FLUXNET_ERA5_YY_1981-2025_v1.3_r1.csv,EUF_AT-Neu_FLUXNET_ERA5_YY_1981-2025_v1.3_r1.csv,TRUE,2026-06-01T16:37:39,3580,table_1 (p_era_mean_mm_1981_2025 dataset='era5_yy'; p_era_mean_mm_tower_years window boundary dataset='fluxmet_yy'); spot_check_nine_sites.csv
AT-Neu,fluxmet_yy,data/extracted/EUF_AT-Neu_FLUXNET_2002-2020_v1.3_r1/EUF_AT-Neu_FLUXNET_FLUXMET_YY_2002-2020_v1.3_r1.csv,EUF_AT-Neu_FLUXNET_FLUXMET_YY_2002-2020_v1.3_r1.csv,TRUE,2026-06-01T16:37:39,56451,table_1 (p_era_mean_mm_1981_2025 dataset='era5_yy'; p_era_mean_mm_tower_years window boundary dataset='fluxmet_yy'); spot_check_nine_sites.csv
AT-Nsd,era5_yy,data/extracted/EUF_AT-Nsd_FLUXNET_2018-2022_v1.3_r1/EUF_AT-Nsd_FLUXNET_ERA5_YY_1981-2025_v1.3_r1.csv,EUF_AT-Nsd_FLUXNET_ERA5_YY_1981-2025_v1.3_r1.csv,TRUE,2026-06-01T16:37:39,3723,table_1 (p_era_mean_mm_1981_2025 dataset='era5_yy'; p_era_mean_mm_tower_years window boundary dataset='fluxmet_yy'); spot_check_nine_sites.csv
AT-Nsd,fluxmet_yy,data/extracted/EUF_AT-Nsd_FLUXNET_2018-2022_v1.3_r1/EUF_AT-Nsd_FLUXNET_FLUXMET_YY_2018-2022_v1.3_r1.csv,EUF_AT-Nsd_FLUXNET_FLUXMET_YY_2018-2022_v1.3_r1.csv,TRUE,2026-06-01T16:37:39,17877,table_1 (p_era_mean_mm_1981_2025 dataset='era5_yy'; p_era_mean_mm_tower_years window boundary dataset='fluxmet_yy'); spot_check_nine_sites.csv
AT-PsM,era5_yy,data/extracted/EUF_AT-PsM_FLUXNET_2015-2019_v1.3_r1/EUF_AT-PsM_FLUXNET_ERA5_YY_1981-2025_v1.3_r1.csv,EUF_AT-PsM_FLUXNET_ERA5_YY_1981-2025_v1.3_r1.csv,TRUE,2026-06-01T16:37:39,3630,table_1 (p_era_mean_mm_1981_2025 dataset='era5_yy'; p_era_mean_mm_tower_years window boundary dataset='fluxmet_yy'); spot_check_nine_sites.csv
AT-PsM,fluxmet_yy,data/extracted/EUF_AT-PsM_FLUXNET_2015-2019_v1.3_r1/EUF_AT-PsM_FLUXNET_FLUXMET_YY_2015-2019_v1.3_r1.csv,EUF_AT-PsM_FLUXNET_FLUXMET_YY_2015-2019_v1.3_r1.csv,TRUE,2026-06-01T16:37:39,17877,table_1 (p_era_mean_mm_1981_2025 dataset='era5_yy'; p_era_mean_mm_tower_years window boundary dataset='fluxmet_yy'); spot_check_nine_sites.csv
AT-Zoe,era5_yy,data/extracted/EUF_AT-Zoe_FLUXNET_2014-2024_v1.3_r1/EUF_AT-Zoe_FLUXNET_ERA5_YY_1981-2025_v1.3_r1.csv,EUF_AT-Zoe_FLUXNET_ERA5_YY_1981-2025_v1.3_r1.csv,TRUE,2026-06-01T16:37:39,3624,table_1 (p_era_mean_mm_1981_2025 dataset='era5_yy'; p_era_mean_mm_tower_years window boundary dataset='fluxmet_yy'); spot_check_nine_sites.csv
AT-Zoe,fluxmet_yy,data/extracted/EUF_AT-Zoe_FLUXNET_2014-2024_v1.3_r1/EUF_AT-Zoe_FLUXNET_FLUXMET_YY_2014-2024_v1.3_r1.csv,EUF_AT-Zoe_FLUXNET_FLUXMET_YY_2014-2024_v1.3_r1.csv,TRUE,2026-06-01T16:37:39,26237,table_1 (p_era_mean_mm_1981_2025 dataset='era5_yy'; p_era_mean_mm_tower_years window boundary dataset='fluxmet_yy'); spot_check_nine_sites.csv
AU-APL,era5_yy,data/extracted/TERN_AU-APL_FLUXNET_2017-2022_v1.3_r1/TERN_AU-APL_FLUXNET_ERA5_YY_1981-2024_v1.3_r1.csv,TERN_AU-APL_FLUXNET_ERA5_YY_1981-2024_v1.3_r1.csv,TRUE,2026-06-01T16:37:39,3534,table_1 (p_era_mean_mm_1981_2025 dataset='era5_yy'; p_era_mean_mm_tower_years window boundary dataset='fluxmet_yy'); spot_check_nine_sites.csv
AU-APL,fluxmet_yy,data/extracted/TERN_AU-APL_FLUXNET_2017-2022_v1.3_r1/TERN_AU-APL_FLUXNET_FLUXMET_YY_2017-2022_v1.3_r1.csv,TERN_AU-APL_FLUXNET_FLUXMET_YY_2017-2022_v1.3_r1.csv,TRUE,2026-06-01T16:37:39,19935,table_1 (p_era_mean_mm_1981_2025 dataset='era5_yy'; p_era_mean_mm_tower_years window boundary dataset='fluxmet_yy'); spot_check_nine_sites.csv
AU-ASM,era5_yy,data/extracted/TERN_AU-ASM_FLUXNET_2010-2025_v1.3_r1/TERN_AU-ASM_FLUXNET_ERA5_YY_1981-2025_v1.3_r1.csv,TERN_AU-ASM_FLUXNET_ERA5_YY_1981-2025_v1.3_r1.csv,TRUE,2026-06-01T16:37:39,3768,table_1 (p_era_mean_mm_1981_2025 dataset='era5_yy'; p_era_mean_mm_tower_years window boundary dataset='fluxmet_yy'); spot_check_nine_sites.csv
AU-ASM,fluxmet_yy,data/extracted/TERN_AU-ASM_FLUXNET_2010-2025_v1.3_r1/TERN_AU-ASM_FLUXNET_FLUXMET_YY_2010-2025_v1.3_r1.csv,TERN_AU-ASM_FLUXNET_FLUXMET_YY_2010-2025_v1.3_r1.csv,TRUE,2026-06-01T16:37:39,45522,table_1 (p_era_mean_mm_1981_2025 dataset='era5_yy'; p_era_mean_mm_tower_years window boundary dataset='fluxmet_yy'); spot_check_nine_sites.csv
AU-Ade,era5_yy,data/extracted/TERN_AU-Ade_FLUXNET_2007-2009_v1.3_r1/TERN_AU-Ade_FLUXNET_ERA5_YY_1981-2025_v1.3_r1.csv,TERN_AU-Ade_FLUXNET_ERA5_YY_1981-2025_v1.3_r1.csv,TRUE,2026-06-01T16:37:39,3847,table_1 (p_era_mean_mm_1981_2025 dataset='era5_yy'; p_era_mean_mm_tower_years window boundary dataset='fluxmet_yy'); spot_check_nine_sites.csv
AU-Ade,fluxmet_yy,data/extracted/TERN_AU-Ade_FLUXNET_2007-2009_v1.3_r1/TERN_AU-Ade_FLUXNET_FLUXMET_YY_2007-2009_v1.3_r1.csv,TERN_AU-Ade_FLUXNET_FLUXMET_YY_2007-2009_v1.3_r1.csv,TRUE,2026-06-01T16:37:39,11933,table_1 (p_era_mean_mm_1981_2025 dataset='era5_yy'; p_era_mean_mm_tower_years window boundary dataset='fluxmet_yy'); spot_check_nine_sites.csv
AU-Boy,era5_yy,data/extracted/TERN_AU-Boy_FLUXNET_2017-2025_v1.3_r1/TERN_AU-Boy_FLUXNET_ERA5_YY_1981-2025_v1.3_r1.csv,TERN_AU-Boy_FLUXNET_ERA5_YY_1981-2025_v1.3_r1.csv,TRUE,2026-06-01T16:37:39,3718,table_1 (p_era_mean_mm_1981_2025 dataset='era5_yy'; p_era_mean_mm_tower_years window boundary dataset='fluxmet_yy'); spot_check_nine_sites.csv
AU-Boy,fluxmet_yy,data/extracted/TERN_AU-Boy_FLUXNET_2017-2025_v1.3_r1/TERN_AU-Boy_FLUXNET_FLUXMET_YY_2017-2025_v1.3_r1.csv,TERN_AU-Boy_FLUXNET_FLUXMET_YY_2017-2025_v1.3_r1.csv,TRUE,2026-06-01T16:37:39,27460,table_1 (p_era_mean_mm_1981_2025 dataset='era5_yy'; p_era_mean_mm_tower_years window boundary dataset='fluxmet_yy'); spot_check_nine_sites.csv
AU-Col,era5_yy,data/extracted/TERN_AU-Col_FLUXNET_2017-2019_v1.3_r1/TERN_AU-Col_FLUXNET_ERA5_YY_1981-2024_v1.3_r1.csv,TERN_AU-Col_FLUXNET_ERA5_YY_1981-2024_v1.3_r1.csv,TRUE,2026-06-01T16:37:39,3670,table_1 (p_era_mean_mm_1981_2025 dataset='era5_yy'; p_era_mean_mm_tower_years window boundary dataset='fluxmet_yy'); spot_check_nine_sites.csv
AU-Col,fluxmet_yy,data/extracted/TERN_AU-Col_FLUXNET_2017-2019_v1.3_r1/TERN_AU-Col_FLUXNET_FLUXMET_YY_2017-2019_v1.3_r1.csv,TERN_AU-Col_FLUXNET_FLUXMET_YY_2017-2019_v1.3_r1.csv,TRUE,2026-06-01T16:37:39,11533,table_1 (p_era_mean_mm_1981_2025 dataset='era5_yy'; p_era_mean_mm_tower_years window boundary dataset='fluxmet_yy'); spot_check_nine_sites.csv
AU-Cow,era5_yy,data/extracted/TERN_AU-Cow_FLUXNET_2009-2025_v1.3_r1/TERN_AU-Cow_FLUXNET_ERA5_YY_1981-2025_v1.3_r1.csv,TERN_AU-Cow_FLUXNET_ERA5_YY_1981-2025_v1.3_r1.csv,TRUE,2026-06-01T16:37:39,3770,table_1 (p_era_mean_mm_1981_2025 dataset='era5_yy'; p_era_mean_mm_tower_years window boundary dataset='fluxmet_yy'); spot_check_nine_sites.csv
AU-Cow,fluxmet_yy,data/extracted/TERN_AU-Cow_FLUXNET_2009-2025_v1.3_r1/TERN_AU-Cow_FLUXNET_FLUXMET_YY_2009-2025_v1.3_r1.csv,TERN_AU-Cow_FLUXNET_FLUXMET_YY_2009-2025_v1.3_r1.csv,TRUE,2026-06-01T16:37:39,46987,table_1 (p_era_mean_mm_1981_2025 dataset='era5_yy'; p_era_mean_mm_tower_years window boundary dataset='fluxmet_yy'); spot_check_nine_sites.csv
AU-Cpr,era5_yy,data/extracted/TERN_AU-Cpr_FLUXNET_2010-2025_v1.3_r1/TERN_AU-Cpr_FLUXNET_ERA5_YY_1981-2025_v1.3_r1.csv,TERN_AU-Cpr_FLUXNET_ERA5_YY_1981-2025_v1.3_r1.csv,TRUE,2026-06-01T16:37:40,3802,table_1 (p_era_mean_mm_1981_2025 dataset='era5_yy'; p_era_mean_mm_tower_years window boundary dataset='fluxmet_yy'); spot_check_nine_sites.csv
AU-Cpr,fluxmet_yy,data/extracted/TERN_AU-Cpr_FLUXNET_2010-2025_v1.3_r1/TERN_AU-Cpr_FLUXNET_FLUXMET_YY_2010-2025_v1.3_r1.csv,TERN_AU-Cpr_FLUXNET_FLUXMET_YY_2010-2025_v1.3_r1.csv,TRUE,2026-06-01T16:37:40,46606,table_1 (p_era_mean_mm_1981_2025 dataset='era5_yy'; p_era_mean_mm_tower_years window boundary dataset='fluxmet_yy'); spot_check_nine_sites.csv
AU-Ctr,era5_yy,data/extracted/TERN_AU-Ctr_FLUXNET_2010-2018_v1.3_r1/TERN_AU-Ctr_FLUXNET_ERA5_YY_1981-2024_v1.3_r1.csv,TERN_AU-Ctr_FLUXNET_ERA5_YY_1981-2024_v1.3_r1.csv,TRUE,2026-06-01T16:37:40,3723,table_1 (p_era_mean_mm_1981_2025 dataset='era5_yy'; p_era_mean_mm_tower_years window boundary dataset='fluxmet_yy'); spot_check_nine_sites.csv
AU-Ctr,fluxmet_yy,data/extracted/TERN_AU-Ctr_FLUXNET_2010-2018_v1.3_r1/TERN_AU-Ctr_FLUXNET_FLUXMET_YY_2010-2018_v1.3_r1.csv,TERN_AU-Ctr_FLUXNET_FLUXMET_YY_2010-2018_v1.3_r1.csv,TRUE,2026-06-01T16:37:40,26700,table_1 (p_era_mean_mm_1981_2025 dataset='era5_yy'; p_era_mean_mm_tower_years window boundary dataset='fluxmet_yy'); spot_check_nine_sites.csv
AU-Cum,era5_yy,data/extracted/TERN_AU-Cum_FLUXNET_2014-2025_v1.3_r1/TERN_AU-Cum_FLUXNET_ERA5_YY_1981-2025_v1.3_r1.csv,TERN_AU-Cum_FLUXNET_ERA5_YY_1981-2025_v1.3_r1.csv,TRUE,2026-06-01T16:37:40,3774,table_1 (p_era_mean_mm_1981_2025 dataset='era5_yy'; p_era_mean_mm_tower_years window boundary dataset='fluxmet_yy'); spot_check_nine_sites.csv
AU-Cum,fluxmet_yy,data/extracted/TERN_AU-Cum_FLUXNET_2014-2025_v1.3_r1/TERN_AU-Cum_FLUXNET_FLUXMET_YY_2014-2025_v1.3_r1.csv,TERN_AU-Cum_FLUXNET_FLUXMET_YY_2014-2025_v1.3_r1.csv,TRUE,2026-06-01T16:37:40,36645,table_1 (p_era_mean_mm_1981_2025 dataset='era5_yy'; p_era_mean_mm_tower_years window boundary dataset='fluxmet_yy'); spot_check_nine_sites.csv
AU-DaP,era5_yy,data/extracted/TERN_AU-DaP_FLUXNET_2008-2013_v1.3_r1/TERN_AU-DaP_FLUXNET_ERA5_YY_1981-2025_v1.3_r1.csv,TERN_AU-DaP_FLUXNET_ERA5_YY_1981-2025_v1.3_r1.csv,TRUE,2026-06-01T16:37:40,3847,table_1 (p_era_mean_mm_1981_2025 dataset='era5_yy'; p_era_mean_mm_tower_years window boundary dataset='fluxmet_yy'); spot_check_nine_sites.csv
AU-DaP,fluxmet_yy,data/extracted/TERN_AU-DaP_FLUXNET_2008-2013_v1.3_r1/TERN_AU-DaP_FLUXNET_FLUXMET_YY_2008-2013_v1.3_r1.csv,TERN_AU-DaP_FLUXNET_FLUXMET_YY_2008-2013_v1.3_r1.csv,TRUE,2026-06-01T16:37:40,20017,table_1 (p_era_mean_mm_1981_2025 dataset='era5_yy'; p_era_mean_mm_tower_years window boundary dataset='fluxmet_yy'); spot_check_nine_sites.csv
AU-DaS,era5_yy,data/extracted/TERN_AU-DaS_FLUXNET_2007-2025_v1.3_r1/TERN_AU-DaS_FLUXNET_ERA5_YY_1981-2025_v1.3_r1.csv,TERN_AU-DaS_FLUXNET_ERA5_YY_1981-2025_v1.3_r1.csv,TRUE,2026-06-01T16:37:40,3797,table_1 (p_era_mean_mm_1981_2025 dataset='era5_yy'; p_era_mean_mm_tower_years window boundary dataset='fluxmet_yy'); spot_check_nine_sites.csv
AU-DaS,fluxmet_yy,data/extracted/TERN_AU-DaS_FLUXNET_2007-2025_v1.3_r1/TERN_AU-DaS_FLUXNET_FLUXMET_YY_2007-2025_v1.3_r1.csv,TERN_AU-DaS_FLUXNET_FLUXMET_YY_2007-2025_v1.3_r1.csv,TRUE,2026-06-01T16:37:40,53589,table_1 (p_era_mean_mm_1981_2025 dataset='era5_yy'; p_era_mean_mm_tower_years window boundary dataset='fluxmet_yy'); spot_check_nine_sites.csv
AU-Dry,era5_yy,data/extracted/TERN_AU-Dry_FLUXNET_2009-2025_v1.3_r1/TERN_AU-Dry_FLUXNET_ERA5_YY_1981-2025_v1.3_r1.csv,TERN_AU-Dry_FLUXNET_ERA5_YY_1981-2025_v1.3_r1.csv,TRUE,2026-06-01T16:37:40,3757,table_1 (p_era_mean_mm_1981_2025 dataset='era5_yy'; p_era_mean_mm_tower_years window boundary dataset='fluxmet_yy'); spot_check_nine_sites.csv
AU-Dry,fluxmet_yy,data/extracted/TERN_AU-Dry_FLUXNET_2009-2025_v1.3_r1/TERN_AU-Dry_FLUXNET_FLUXMET_YY_2009-2025_v1.3_r1.csv,TERN_AU-Dry_FLUXNET_FLUXMET_YY_2009-2025_v1.3_r1.csv,TRUE,2026-06-01T16:37:40,47156,table_1 (p_era_mean_mm_1981_2025 dataset='era5_yy'; p_era_mean_mm_tower_years window boundary dataset='fluxmet_yy'); spot_check_nine_sites.csv
AU-Emr,era5_yy,data/extracted/TERN_AU-Emr_FLUXNET_2011-2013_v1.3_r1/TERN_AU-Emr_FLUXNET_ERA5_YY_1981-2025_v1.3_r1.csv,TERN_AU-Emr_FLUXNET_ERA5_YY_1981-2025_v1.3_r1.csv,TRUE,2026-06-01T16:37:40,3770,table_1 (p_era_mean_mm_1981_2025 dataset='era5_yy'; p_era_mean_mm_tower_years window boundary dataset='fluxmet_yy'); spot_check_nine_sites.csv
AU-Emr,fluxmet_yy,data/extracted/TERN_AU-Emr_FLUXNET_2011-2013_v1.3_r1/TERN_AU-Emr_FLUXNET_FLUXMET_YY_2011-2013_v1.3_r1.csv,TERN_AU-Emr_FLUXNET_FLUXMET_YY_2011-2013_v1.3_r1.csv,TRUE,2026-06-01T16:37:40,12391,table_1 (p_era_mean_mm_1981_2025 dataset='era5_yy'; p_era_mean_mm_tower_years window boundary dataset='fluxmet_yy'); spot_check_nine_sites.csv
AU-Fle,era5_yy,data/extracted/TERN_AU-Fle_FLUXNET_2022-2025_v1.3_r1/TERN_AU-Fle_FLUXNET_ERA5_YY_1981-2025_v1.3_r1.csv,TERN_AU-Fle_FLUXNET_ERA5_YY_1981-2025_v1.3_r1.csv,TRUE,2026-06-01T16:37:40,3756,table_1 (p_era_mean_mm_1981_2025 dataset='era5_yy'; p_era_mean_mm_tower_years window boundary dataset='fluxmet_yy'); spot_check_nine_sites.csv
AU-Fle,fluxmet_yy,data/extracted/TERN_AU-Fle_FLUXNET_2022-2025_v1.3_r1/TERN_AU-Fle_FLUXNET_FLUXMET_YY_2022-2025_v1.3_r1.csv,TERN_AU-Fle_FLUXNET_FLUXMET_YY_2022-2025_v1.3_r1.csv,TRUE,2026-06-01T16:37:40,14997,table_1 (p_era_mean_mm_1981_2025 dataset='era5_yy'; p_era_mean_mm_tower_years window boundary dataset='fluxmet_yy'); spot_check_nine_sites.csv
AU-Fog,era5_yy,data/extracted/TERN_AU-Fog_FLUXNET_2006-2008_v1.3_r1/TERN_AU-Fog_FLUXNET_ERA5_YY_1981-2025_v1.3_r1.csv,TERN_AU-Fog_FLUXNET_ERA5_YY_1981-2025_v1.3_r1.csv,TRUE,2026-06-01T16:37:40,3843,table_1 (p_era_mean_mm_1981_2025 dataset='era5_yy'; p_era_mean_mm_tower_years window boundary dataset='fluxmet_yy'); spot_check_nine_sites.csv
AU-Fog,fluxmet_yy,data/extracted/TERN_AU-Fog_FLUXNET_2006-2008_v1.3_r1/TERN_AU-Fog_FLUXNET_FLUXMET_YY_2006-2008_v1.3_r1.csv,TERN_AU-Fog_FLUXNET_FLUXMET_YY_2006-2008_v1.3_r1.csv,TRUE,2026-06-01T16:37:40,12135,table_1 (p_era_mean_mm_1981_2025 dataset='era5_yy'; p_era_mean_mm_tower_years window boundary dataset='fluxmet_yy'); spot_check_nine_sites.csv
AU-GWW,era5_yy,data/extracted/TERN_AU-GWW_FLUXNET_2013-2025_v1.3_r1/TERN_AU-GWW_FLUXNET_ERA5_YY_1981-2025_v1.3_r1.csv,TERN_AU-GWW_FLUXNET_ERA5_YY_1981-2025_v1.3_r1.csv,TRUE,2026-06-01T16:37:40,3758,table_1 (p_era_mean_mm_1981_2025 dataset='era5_yy'; p_era_mean_mm_tower_years window boundary dataset='fluxmet_yy'); spot_check_nine_sites.csv
AU-GWW,fluxmet_yy,data/extracted/TERN_AU-GWW_FLUXNET_2013-2025_v1.3_r1/TERN_AU-GWW_FLUXNET_FLUXMET_YY_2013-2025_v1.3_r1.csv,TERN_AU-GWW_FLUXNET_FLUXMET_YY_2013-2025_v1.3_r1.csv,TRUE,2026-06-01T16:37:40,38511,table_1 (p_era_mean_mm_1981_2025 dataset='era5_yy'; p_era_mean_mm_tower_years window boundary dataset='fluxmet_yy'); spot_check_nine_sites.csv
AU-Gin,era5_yy,data/extracted/TERN_AU-Gin_FLUXNET_2011-2025_v1.3_r1/TERN_AU-Gin_FLUXNET_ERA5_YY_1981-2025_v1.3_r1.csv,TERN_AU-Gin_FLUXNET_ERA5_YY_1981-2025_v1.3_r1.csv,TRUE,2026-06-01T16:37:40,3769,table_1 (p_era_mean_mm_1981_2025 dataset='era5_yy'; p_era_mean_mm_tower_years window boundary dataset='fluxmet_yy'); spot_check_nine_sites.csv
AU-Gin,fluxmet_yy,data/extracted/TERN_AU-Gin_FLUXNET_2011-2025_v1.3_r1/TERN_AU-Gin_FLUXNET_FLUXMET_YY_2011-2025_v1.3_r1.csv,TERN_AU-Gin_FLUXNET_FLUXMET_YY_2011-2025_v1.3_r1.csv,TRUE,2026-06-01T16:37:40,43642,table_1 (p_era_mean_mm_1981_2025 dataset='era5_yy'; p_era_mean_mm_tower_years window boundary dataset='fluxmet_yy'); spot_check_nine_sites.csv
AU-How,era5_yy,data/extracted/TERN_AU-How_FLUXNET_2002-2025_v1.3_r1/TERN_AU-How_FLUXNET_ERA5_YY_1981-2025_v1.3_r1.csv,TERN_AU-How_FLUXNET_ERA5_YY_1981-2025_v1.3_r1.csv,TRUE,2026-06-01T16:37:40,3847,table_1 (p_era_mean_mm_1981_2025 dataset='era5_yy'; p_era_mean_mm_tower_years window boundary dataset='fluxmet_yy'); spot_check_nine_sites.csv
AU-How,fluxmet_yy,data/extracted/TERN_AU-How_FLUXNET_2002-2025_v1.3_r1/TERN_AU-How_FLUXNET_FLUXMET_YY_2002-2025_v1.3_r1.csv,TERN_AU-How_FLUXNET_FLUXMET_YY_2002-2025_v1.3_r1.csv,TRUE,2026-06-01T16:37:40,66410,table_1 (p_era_mean_mm_1981_2025 dataset='era5_yy'; p_era_mean_mm_tower_years window boundary dataset='fluxmet_yy'); spot_check_nine_sites.csv
AU-Lit,era5_yy,data/extracted/TERN_AU-Lit_FLUXNET_2015-2025_v1.3_r1/TERN_AU-Lit_FLUXNET_ERA5_YY_1981-2025_v1.3_r1.csv,TERN_AU-Lit_FLUXNET_ERA5_YY_1981-2025_v1.3_r1.csv,TRUE,2026-06-01T16:37:40,3808,table_1 (p_era_mean_mm_1981_2025 dataset='era5_yy'; p_era_mean_mm_tower_years window boundary dataset='fluxmet_yy'); spot_check_nine_sites.csv
AU-Lit,fluxmet_yy,data/extracted/TERN_AU-Lit_FLUXNET_2015-2025_v1.3_r1/TERN_AU-Lit_FLUXNET_FLUXMET_YY_2015-2025_v1.3_r1.csv,TERN_AU-Lit_FLUXNET_FLUXMET_YY_2015-2025_v1.3_r1.csv,TRUE,2026-06-01T16:37:40,32323,table_1 (p_era_mean_mm_1981_2025 dataset='era5_yy'; p_era_mean_mm_tower_years window boundary dataset='fluxmet_yy'); spot_check_nine_sites.csv
AU-Lon,era5_yy,data/extracted/TERN_AU-Lon_FLUXNET_2018-2024_v1.3_r1/TERN_AU-Lon_FLUXNET_ERA5_YY_1981-2025_v1.3_r1.csv,TERN_AU-Lon_FLUXNET_ERA5_YY_1981-2025_v1.3_r1.csv,TRUE,2026-06-01T16:37:40,3748,table_1 (p_era_mean_mm_1981_2025 dataset='era5_yy'; p_era_mean_mm_tower_years window boundary dataset='fluxmet_yy'); spot_check_nine_sites.csv
AU-Lon,fluxmet_yy,data/extracted/TERN_AU-Lon_FLUXNET_2018-2024_v1.3_r1/TERN_AU-Lon_FLUXNET_FLUXMET_YY_2018-2024_v1.3_r1.csv,TERN_AU-Lon_FLUXNET_FLUXMET_YY_2018-2024_v1.3_r1.csv,TRUE,2026-06-01T16:37:40,22112,table_1 (p_era_mean_mm_1981_2025 dataset='era5_yy'; p_era_mean_mm_tower_years window boundary dataset='fluxmet_yy'); spot_check_nine_sites.csv
AU-Lox,era5_yy,data/extracted/TERN_AU-Lox_FLUXNET_2008-2009_v1.3_r1/TERN_AU-Lox_FLUXNET_ERA5_YY_1981-2025_v1.3_r1.csv,TERN_AU-Lox_FLUXNET_ERA5_YY_1981-2025_v1.3_r1.csv,TRUE,2026-06-01T16:37:40,3775,table_1 (p_era_mean_mm_1981_2025 dataset='era5_yy'; p_era_mean_mm_tower_years window boundary dataset='fluxmet_yy'); spot_check_nine_sites.csv
AU-Lox,fluxmet_yy,data/extracted/TERN_AU-Lox_FLUXNET_2008-2009_v1.3_r1/TERN_AU-Lox_FLUXNET_FLUXMET_YY_2008-2009_v1.3_r1.csv,TERN_AU-Lox_FLUXNET_FLUXMET_YY_2008-2009_v1.3_r1.csv,TRUE,2026-06-01T16:37:40,5528,table_1 (p_era_mean_mm_1981_2025 dataset='era5_yy'; p_era_mean_mm_tower_years window boundary dataset='fluxmet_yy'); spot_check_nine_sites.csv
AU-MvA,era5_yy,data/extracted/TERN_AU-MvA_FLUXNET_2023-2024_v1.3_r1/TERN_AU-MvA_FLUXNET_ERA5_YY_1981-2025_v1.3_r1.csv,TERN_AU-MvA_FLUXNET_ERA5_YY_1981-2025_v1.3_r1.csv,TRUE,2026-06-01T16:37:40,3752,table_1 (p_era_mean_mm_1981_2025 dataset='era5_yy'; p_era_mean_mm_tower_years window boundary dataset='fluxmet_yy'); spot_check_nine_sites.csv
AU-MvA,fluxmet_yy,data/extracted/TERN_AU-MvA_FLUXNET_2023-2024_v1.3_r1/TERN_AU-MvA_FLUXNET_FLUXMET_YY_2023-2024_v1.3_r1.csv,TERN_AU-MvA_FLUXNET_FLUXMET_YY_2023-2024_v1.3_r1.csv,TRUE,2026-06-01T16:37:40,5839,table_1 (p_era_mean_mm_1981_2025 dataset='era5_yy'; p_era_mean_mm_tower_years window boundary dataset='fluxmet_yy'); spot_check_nine_sites.csv
AU-MvB,era5_yy,data/extracted/TERN_AU-MvB_FLUXNET_2024-2024_v1.3_r1/TERN_AU-MvB_FLUXNET_ERA5_YY_1981-2025_v1.3_r1.csv,TERN_AU-MvB_FLUXNET_ERA5_YY_1981-2025_v1.3_r1.csv,TRUE,2026-06-01T16:37:40,3747,table_1 (p_era_mean_mm_1981_2025 dataset='era5_yy'; p_era_mean_mm_tower_years window boundary dataset='fluxmet_yy'); spot_check_nine_sites.csv
AU-MvB,fluxmet_yy,data/extracted/TERN_AU-MvB_FLUXNET_2024-2024_v1.3_r1/TERN_AU-MvB_FLUXNET_FLUXMET_YY_2024-2024_v1.3_r1.csv,TERN_AU-MvB_FLUXNET_FLUXMET_YY_2024-2024_v1.3_r1.csv,TRUE,2026-06-01T16:37:40,4478,table_1 (p_era_mean_mm_1981_2025 dataset='era5_yy'; p_era_mean_mm_tower_years window boundary dataset='fluxmet_yy'); spot_check_nine_sites.csv
AU-Otw,era5_yy,data/extracted/TERN_AU-Otw_FLUXNET_2007-2010_v1.3_r1/TERN_AU-Otw_FLUXNET_ERA5_YY_1981-2024_v1.3_r1.csv,TERN_AU-Otw_FLUXNET_ERA5_YY_1981-2024_v1.3_r1.csv,TRUE,2026-06-01T16:37:40,3679,table_1 (p_era_mean_mm_1981_2025 dataset='era5_yy'; p_era_mean_mm_tower_years window boundary dataset='fluxmet_yy'); spot_check_nine_sites.csv
AU-Otw,fluxmet_yy,data/extracted/TERN_AU-Otw_FLUXNET_2007-2010_v1.3_r1/TERN_AU-Otw_FLUXNET_FLUXMET_YY_2007-2010_v1.3_r1.csv,TERN_AU-Otw_FLUXNET_FLUXMET_YY_2007-2010_v1.3_r1.csv,TRUE,2026-06-01T16:37:40,15014,table_1 (p_era_mean_mm_1981_2025 dataset='era5_yy'; p_era_mean_mm_tower_years window boundary dataset='fluxmet_yy'); spot_check_nine_sites.csv
AU-RDF,era5_yy,data/extracted/TERN_AU-RDF_FLUXNET_2011-2013_v1.3_r1/TERN_AU-RDF_FLUXNET_ERA5_YY_1981-2025_v1.3_r1.csv,TERN_AU-RDF_FLUXNET_ERA5_YY_1981-2025_v1.3_r1.csv,TRUE,2026-06-01T16:37:40,3752,table_1 (p_era_mean_mm_1981_2025 dataset='era5_yy'; p_era_mean_mm_tower_years window boundary dataset='fluxmet_yy'); spot_check_nine_sites.csv
AU-RDF,fluxmet_yy,data/extracted/TERN_AU-RDF_FLUXNET_2011-2013_v1.3_r1/TERN_AU-RDF_FLUXNET_FLUXMET_YY_2011-2013_v1.3_r1.csv,TERN_AU-RDF_FLUXNET_FLUXMET_YY_2011-2013_v1.3_r1.csv,TRUE,2026-06-01T16:37:40,12060,table_1 (p_era_mean_mm_1981_2025 dataset='era5_yy'; p_era_mean_mm_tower_years window boundary dataset='fluxmet_yy'); spot_check_nine_sites.csv
AU-Rgf,era5_yy,data/extracted/TERN_AU-Rgf_FLUXNET_2015-2025_v1.3_r1/TERN_AU-Rgf_FLUXNET_ERA5_YY_1981-2025_v1.3_r1.csv,TERN_AU-Rgf_FLUXNET_ERA5_YY_1981-2025_v1.3_r1.csv,TRUE,2026-06-01T16:37:40,3722,table_1 (p_era_mean_mm_1981_2025 dataset='era5_yy'; p_era_mean_mm_tower_years window boundary dataset='fluxmet_yy'); spot_check_nine_sites.csv
AU-Rgf,fluxmet_yy,data/extracted/TERN_AU-Rgf_FLUXNET_2015-2025_v1.3_r1/TERN_AU-Rgf_FLUXNET_FLUXMET_YY_2015-2025_v1.3_r1.csv,TERN_AU-Rgf_FLUXNET_FLUXMET_YY_2015-2025_v1.3_r1.csv,TRUE,2026-06-01T16:37:40,32335,table_1 (p_era_mean_mm_1981_2025 dataset='era5_yy'; p_era_mean_mm_tower_years window boundary dataset='fluxmet_yy'); spot_check_nine_sites.csv
AU-Rig,era5_yy,data/extracted/TERN_AU-Rig_FLUXNET_2011-2017_v1.3_r1/TERN_AU-Rig_FLUXNET_ERA5_YY_1981-2025_v1.3_r1.csv,TERN_AU-Rig_FLUXNET_ERA5_YY_1981-2025_v1.3_r1.csv,TRUE,2026-06-01T16:37:40,3730,table_1 (p_era_mean_mm_1981_2025 dataset='era5_yy'; p_era_mean_mm_tower_years window boundary dataset='fluxmet_yy'); spot_check_nine_sites.csv
AU-Rig,fluxmet_yy,data/extracted/TERN_AU-Rig_FLUXNET_2011-2017_v1.3_r1/TERN_AU-Rig_FLUXNET_FLUXMET_YY_2011-2017_v1.3_r1.csv,TERN_AU-Rig_FLUXNET_FLUXMET_YY_2011-2017_v1.3_r1.csv,TRUE,2026-06-01T16:37:40,22710,table_1 (p_era_mean_mm_1981_2025 dataset='era5_yy'; p_era_mean_mm_tower_years window boundary dataset='fluxmet_yy'); spot_check_nine_sites.csv
AU-Rob,era5_yy,data/extracted/TERN_AU-Rob_FLUXNET_2013-2025_v1.3_r1/TERN_AU-Rob_FLUXNET_ERA5_YY_1981-2025_v1.3_r1.csv,TERN_AU-Rob_FLUXNET_ERA5_YY_1981-2025_v1.3_r1.csv,TRUE,2026-06-01T16:37:40,3766,table_1 (p_era_mean_mm_1981_2025 dataset='era5_yy'; p_era_mean_mm_tower_years window boundary dataset='fluxmet_yy'); spot_check_nine_sites.csv
AU-Rob,fluxmet_yy,data/extracted/TERN_AU-Rob_FLUXNET_2013-2025_v1.3_r1/TERN_AU-Rob_FLUXNET_FLUXMET_YY_2013-2025_v1.3_r1.csv,TERN_AU-Rob_FLUXNET_FLUXMET_YY_2013-2025_v1.3_r1.csv,TRUE,2026-06-01T16:37:40,37170,table_1 (p_era_mean_mm_1981_2025 dataset='era5_yy'; p_era_mean_mm_tower_years window boundary dataset='fluxmet_yy'); spot_check_nine_sites.csv
AU-Sam,era5_yy,data/extracted/TERN_AU-Sam_FLUXNET_2010-2017_v1.3_r1/TERN_AU-Sam_FLUXNET_ERA5_YY_1981-2024_v1.3_r1.csv,TERN_AU-Sam_FLUXNET_ERA5_YY_1981-2024_v1.3_r1.csv,TRUE,2026-06-01T16:37:40,3691,table_1 (p_era_mean_mm_1981_2025 dataset='era5_yy'; p_era_mean_mm_tower_years window boundary dataset='fluxmet_yy'); spot_check_nine_sites.csv
AU-Sam,fluxmet_yy,data/extracted/TERN_AU-Sam_FLUXNET_2010-2017_v1.3_r1/TERN_AU-Sam_FLUXNET_FLUXMET_YY_2010-2017_v1.3_r1.csv,TERN_AU-Sam_FLUXNET_FLUXMET_YY_2010-2017_v1.3_r1.csv,TRUE,2026-06-01T16:37:40,25523,table_1 (p_era_mean_mm_1981_2025 dataset='era5_yy'; p_era_mean_mm_tower_years window boundary dataset='fluxmet_yy'); spot_check_nine_sites.csv
AU-Sil,era5_yy,data/extracted/TERN_AU-Sil_FLUXNET_2019-2024_v1.3_r1/TERN_AU-Sil_FLUXNET_ERA5_YY_1981-2025_v1.3_r1.csv,TERN_AU-Sil_FLUXNET_ERA5_YY_1981-2025_v1.3_r1.csv,TRUE,2026-06-01T16:37:40,3581,table_1 (p_era_mean_mm_1981_2025 dataset='era5_yy'; p_era_mean_mm_tower_years window boundary dataset='fluxmet_yy'); spot_check_nine_sites.csv
AU-Sil,fluxmet_yy,data/extracted/TERN_AU-Sil_FLUXNET_2019-2024_v1.3_r1/TERN_AU-Sil_FLUXNET_FLUXMET_YY_2019-2024_v1.3_r1.csv,TERN_AU-Sil_FLUXNET_FLUXMET_YY_2019-2024_v1.3_r1.csv,TRUE,2026-06-01T16:37:40,20260,table_1 (p_era_mean_mm_1981_2025 dataset='era5_yy'; p_era_mean_mm_tower_years window boundary dataset='fluxmet_yy'); spot_check_nine_sites.csv
AU-Sno,era5_yy,data/extracted/TERN_AU-Sno_FLUXNET_2024-2025_v1.3_r1/TERN_AU-Sno_FLUXNET_ERA5_YY_1981-2025_v1.3_r1.csv,TERN_AU-Sno_FLUXNET_ERA5_YY_1981-2025_v1.3_r1.csv,TRUE,2026-06-01T16:37:40,3623,table_1 (p_era_mean_mm_1981_2025 dataset='era5_yy'; p_era_mean_mm_tower_years window boundary dataset='fluxmet_yy'); spot_check_nine_sites.csv
AU-Sno,fluxmet_yy,data/extracted/TERN_AU-Sno_FLUXNET_2024-2025_v1.3_r1/TERN_AU-Sno_FLUXNET_FLUXMET_YY_2024-2025_v1.3_r1.csv,TERN_AU-Sno_FLUXNET_FLUXMET_YY_2024-2025_v1.3_r1.csv,TRUE,2026-06-01T16:37:40,5876,table_1 (p_era_mean_mm_1981_2025 dataset='era5_yy'; p_era_mean_mm_tower_years window boundary dataset='fluxmet_yy'); spot_check_nine_sites.csv
AU-Stp,era5_yy,data/extracted/TERN_AU-Stp_FLUXNET_2008-2025_v1.3_r1/TERN_AU-Stp_FLUXNET_ERA5_YY_1981-2025_v1.3_r1.csv,TERN_AU-Stp_FLUXNET_ERA5_YY_1981-2025_v1.3_r1.csv,TRUE,2026-06-01T16:37:40,3746,table_1 (p_era_mean_mm_1981_2025 dataset='era5_yy'; p_era_mean_mm_tower_years window boundary dataset='fluxmet_yy'); spot_check_nine_sites.csv
AU-Stp,fluxmet_yy,data/extracted/TERN_AU-Stp_FLUXNET_2008-2025_v1.3_r1/TERN_AU-Stp_FLUXNET_FLUXMET_YY_2008-2025_v1.3_r1.csv,TERN_AU-Stp_FLUXNET_FLUXMET_YY_2008-2025_v1.3_r1.csv,TRUE,2026-06-01T16:37:40,51188,table_1 (p_era_mean_mm_1981_2025 dataset='era5_yy'; p_era_mean_mm_tower_years window boundary dataset='fluxmet_yy'); spot_check_nine_sites.csv
AU-TTE,era5_yy,data/extracted/TERN_AU-TTE_FLUXNET_2012-2025_v1.3_r1/TERN_AU-TTE_FLUXNET_ERA5_YY_1981-2025_v1.3_r1.csv,TERN_AU-TTE_FLUXNET_ERA5_YY_1981-2025_v1.3_r1.csv,TRUE,2026-06-01T16:37:40,3749,table_1 (p_era_mean_mm_1981_2025 dataset='era5_yy'; p_era_mean_mm_tower_years window boundary dataset='fluxmet_yy'); spot_check_nine_sites.csv
AU-TTE,fluxmet_yy,data/extracted/TERN_AU-TTE_FLUXNET_2012-2025_v1.3_r1/TERN_AU-TTE_FLUXNET_FLUXMET_YY_2012-2025_v1.3_r1.csv,TERN_AU-TTE_FLUXNET_FLUXMET_YY_2012-2025_v1.3_r1.csv,TRUE,2026-06-01T16:37:40,28234,table_1 (p_era_mean_mm_1981_2025 dataset='era5_yy'; p_era_mean_mm_tower_years window boundary dataset='fluxmet_yy'); spot_check_nine_sites.csv
AU-Tum,era5_yy,data/extracted/TERN_AU-Tum_FLUXNET_2002-2022_v1.3_r1/TERN_AU-Tum_FLUXNET_ERA5_YY_1981-2025_v1.3_r1.csv,TERN_AU-Tum_FLUXNET_ERA5_YY_1981-2025_v1.3_r1.csv,TRUE,2026-06-01T16:37:40,3648,table_1 (p_era_mean_mm_1981_2025 dataset='era5_yy'; p_era_mean_mm_tower_years window boundary dataset='fluxmet_yy'); spot_check_nine_sites.csv
AU-Tum,fluxmet_yy,data/extracted/TERN_AU-Tum_FLUXNET_2002-2022_v1.3_r1/TERN_AU-Tum_FLUXNET_FLUXMET_YY_2002-2022_v1.3_r1.csv,TERN_AU-Tum_FLUXNET_FLUXMET_YY_2002-2022_v1.3_r1.csv,TRUE,2026-06-01T16:37:40,42615,table_1 (p_era_mean_mm_1981_2025 dataset='era5_yy'; p_era_mean_mm_tower_years window boundary dataset='fluxmet_yy'); spot_check_nine_sites.csv
AU-Wac,era5_yy,data/extracted/TERN_AU-Wac_FLUXNET_2005-2008_v1.3_r1/TERN_AU-Wac_FLUXNET_ERA5_YY_1981-2025_v1.3_r1.csv,TERN_AU-Wac_FLUXNET_ERA5_YY_1981-2025_v1.3_r1.csv,TRUE,2026-06-01T16:37:40,3701,table_1 (p_era_mean_mm_1981_2025 dataset='era5_yy'; p_era_mean_mm_tower_years window boundary dataset='fluxmet_yy'); spot_check_nine_sites.csv
AU-Wac,fluxmet_yy,data/extracted/TERN_AU-Wac_FLUXNET_2005-2008_v1.3_r1/TERN_AU-Wac_FLUXNET_FLUXMET_YY_2005-2008_v1.3_r1.csv,TERN_AU-Wac_FLUXNET_FLUXMET_YY_2005-2008_v1.3_r1.csv,TRUE,2026-06-01T16:37:40,13792,table_1 (p_era_mean_mm_1981_2025 dataset='era5_yy'; p_era_mean_mm_tower_years window boundary dataset='fluxmet_yy'); spot_check_nine_sites.csv
AU-Wel,era5_yy,data/extracted/TERN_AU-Wel_FLUXNET_2024-2025_v1.3_r1/TERN_AU-Wel_FLUXNET_ERA5_YY_1981-2025_v1.3_r1.csv,TERN_AU-Wel_FLUXNET_ERA5_YY_1981-2025_v1.3_r1.csv,TRUE,2026-06-01T16:37:40,3726,table_1 (p_era_mean_mm_1981_2025 dataset='era5_yy'; p_era_mean_mm_tower_years window boundary dataset='fluxmet_yy'); spot_check_nine_sites.csv
AU-Wel,fluxmet_yy,data/extracted/TERN_AU-Wel_FLUXNET_2024-2025_v1.3_r1/TERN_AU-Wel_FLUXNET_FLUXMET_YY_2024-2025_v1.3_r1.csv,TERN_AU-Wel_FLUXNET_FLUXMET_YY_2024-2025_v1.3_r1.csv,TRUE,2026-06-01T16:37:40,6211,table_1 (p_era_mean_mm_1981_2025 dataset='era5_yy'; p_era_mean_mm_tower_years window boundary dataset='fluxmet_yy'); spot_check_nine_sites.csv
AU-Wgt,era5_yy,data/extracted/TERN_AU-Wgt_FLUXNET_2024-2025_v1.3_r1/TERN_AU-Wgt_FLUXNET_ERA5_YY_1981-2025_v1.3_r1.csv,TERN_AU-Wgt_FLUXNET_ERA5_YY_1981-2025_v1.3_r1.csv,TRUE,2026-06-01T16:37:40,3572,table_1 (p_era_mean_mm_1981_2025 dataset='era5_yy'; p_era_mean_mm_tower_years window boundary dataset='fluxmet_yy'); spot_check_nine_sites.csv
AU-Wgt,fluxmet_yy,data/extracted/TERN_AU-Wgt_FLUXNET_2024-2025_v1.3_r1/TERN_AU-Wgt_FLUXNET_FLUXMET_YY_2024-2025_v1.3_r1.csv,TERN_AU-Wgt_FLUXNET_FLUXMET_YY_2024-2025_v1.3_r1.csv,TRUE,2026-06-01T16:37:40,5619,table_1 (p_era_mean_mm_1981_2025 dataset='era5_yy'; p_era_mean_mm_tower_years window boundary dataset='fluxmet_yy'); spot_check_nine_sites.csv
AU-Whr,era5_yy,data/extracted/TERN_AU-Whr_FLUXNET_2011-2025_v1.3_r1/TERN_AU-Whr_FLUXNET_ERA5_YY_1981-2025_v1.3_r1.csv,TERN_AU-Whr_FLUXNET_ERA5_YY_1981-2025_v1.3_r1.csv,TRUE,2026-06-01T16:37:40,3711,table_1 (p_era_mean_mm_1981_2025 dataset='era5_yy'; p_era_mean_mm_tower_years window boundary dataset='fluxmet_yy'); spot_check_nine_sites.csv
AU-Whr,fluxmet_yy,data/extracted/TERN_AU-Whr_FLUXNET_2011-2025_v1.3_r1/TERN_AU-Whr_FLUXNET_FLUXMET_YY_2011-2025_v1.3_r1.csv,TERN_AU-Whr_FLUXNET_FLUXMET_YY_2011-2025_v1.3_r1.csv,TRUE,2026-06-01T16:37:40,41407,table_1 (p_era_mean_mm_1981_2025 dataset='era5_yy'; p_era_mean_mm_tower_years window boundary dataset='fluxmet_yy'); spot_check_nine_sites.csv
AU-Wom,era5_yy,data/extracted/TERN_AU-Wom_FLUXNET_2010-2025_v1.3_r1/TERN_AU-Wom_FLUXNET_ERA5_YY_1981-2025_v1.3_r1.csv,TERN_AU-Wom_FLUXNET_ERA5_YY_1981-2025_v1.3_r1.csv,TRUE,2026-06-01T16:37:40,3671,table_1 (p_era_mean_mm_1981_2025 dataset='era5_yy'; p_era_mean_mm_tower_years window boundary dataset='fluxmet_yy'); spot_check_nine_sites.csv
AU-Wom,fluxmet_yy,data/extracted/TERN_AU-Wom_FLUXNET_2010-2025_v1.3_r1/TERN_AU-Wom_FLUXNET_FLUXMET_YY_2010-2025_v1.3_r1.csv,TERN_AU-Wom_FLUXNET_FLUXMET_YY_2010-2025_v1.3_r1.csv,TRUE,2026-06-01T16:37:40,42541,table_1 (p_era_mean_mm_1981_2025 dataset='era5_yy'; p_era_mean_mm_tower_years window boundary dataset='fluxmet_yy'); spot_check_nine_sites.csv
AU-Wrr,era5_yy,data/extracted/TERN_AU-Wrr_FLUXNET_2013-2021_v1.3_r1/TERN_AU-Wrr_FLUXNET_ERA5_YY_1981-2024_v1.3_r1.csv,TERN_AU-Wrr_FLUXNET_ERA5_YY_1981-2024_v1.3_r1.csv,TRUE,2026-06-01T16:37:40,3601,table_1 (p_era_mean_mm_1981_2025 dataset='era5_yy'; p_era_mean_mm_tower_years window boundary dataset='fluxmet_yy'); spot_check_nine_sites.csv
AU-Wrr,fluxmet_yy,data/extracted/TERN_AU-Wrr_FLUXNET_2013-2021_v1.3_r1/TERN_AU-Wrr_FLUXNET_FLUXMET_YY_2013-2021_v1.3_r1.csv,TERN_AU-Wrr_FLUXNET_FLUXMET_YY_2013-2021_v1.3_r1.csv,TRUE,2026-06-01T16:37:40,26412,table_1 (p_era_mean_mm_1981_2025 dataset='era5_yy'; p_era_mean_mm_tower_years window boundary dataset='fluxmet_yy'); spot_check_nine_sites.csv
AU-Ya1,era5_yy,data/extracted/TERN_AU-Ya1_FLUXNET_2023-2025_v1.3_r1/TERN_AU-Ya1_FLUXNET_ERA5_YY_1981-2025_v1.3_r1.csv,TERN_AU-Ya1_FLUXNET_ERA5_YY_1981-2025_v1.3_r1.csv,TRUE,2026-09-20T08:08:11,3759,table_1 (p_era_mean_mm_1981_2025 dataset='era5_yy'; p_era_mean_mm_tower_years window boundary dataset='fluxmet_yy'); spot_check_nine_sites.csv
AU-Ya1,fluxmet_yy,data/extracted/TERN_AU-Ya1_FLUXNET_2023-2025_v1.3_r1/TERN_AU-Ya1_FLUXNET_FLUXMET_YY_2023-2025_v1.3_r1.csv,TERN_AU-Ya1_FLUXNET_FLUXMET_YY_2023-2025_v1.3_r1.csv,TRUE,2026-09-20T08:08:11,12326,table_1 (p_era_mean_mm_1981_2025 dataset='era5_yy'; p_era_mean_mm_tower_years window boundary dataset='fluxmet_yy'); spot_check_nine_sites.csv
AU-Ya2,era5_yy,data/extracted/TERN_AU-Ya2_FLUXNET_2023-2025_v1.3_r1/TERN_AU-Ya2_FLUXNET_ERA5_YY_1981-2025_v1.3_r1.csv,TERN_AU-Ya2_FLUXNET_ERA5_YY_1981-2025_v1.3_r1.csv,TRUE,2026-06-01T16:37:40,3774,table_1 (p_era_mean_mm_1981_2025 dataset='era5_yy'; p_era_mean_mm_tower_years window boundary dataset='fluxmet_yy'); spot_check_nine_sites.csv
AU-Ya2,fluxmet_yy,data/extracted/TERN_AU-Ya2_FLUXNET_2023-2025_v1.3_r1/TERN_AU-Ya2_FLUXNET_FLUXMET_YY_2023-2025_v1.3_r1.csv,TERN_AU-Ya2_FLUXNET_FLUXMET_YY_2023-2025_v1.3_r1.csv,TRUE,2026-06-01T16:37:40,12108,table_1 (p_era_mean_mm_1981_2025 dataset='era5_yy'; p_era_mean_mm_tower_years window boundary dataset='fluxmet_yy'); spot_check_nine_sites.csv
AU-Ync,era5_yy,data/extracted/TERN_AU-Ync_FLUXNET_2012-2025_v1.3_r1/TERN_AU-Ync_FLUXNET_ERA5_YY_1981-2025_v1.3_r1.csv,TERN_AU-Ync_FLUXNET_ERA5_YY_1981-2025_v1.3_r1.csv,TRUE,2026-06-01T16:37:40,3772,table_1 (p_era_mean_mm_1981_2025 dataset='era5_yy'; p_era_mean_mm_tower_years window boundary dataset='fluxmet_yy'); spot_check_nine_sites.csv
AU-Ync,fluxmet_yy,data/extracted/TERN_AU-Ync_FLUXNET_2012-2025_v1.3_r1/TERN_AU-Ync_FLUXNET_FLUXMET_YY_2012-2025_v1.3_r1.csv,TERN_AU-Ync_FLUXNET_FLUXMET_YY_2012-2025_v1.3_r1.csv,TRUE,2026-06-01T16:37:40,40090,table_1 (p_era_mean_mm_1981_2025 dataset='era5_yy'; p_era_mean_mm_tower_years window boundary dataset='fluxmet_yy'); spot_check_nine_sites.csv
BE-Bra,era5_yy,data/extracted/ICOS_BE-Bra_FLUXNET_1999-2024_v1.3_r1/ICOS_BE-Bra_FLUXNET_ERA5_YY_1981-2025_v1.3_r1.csv,ICOS_BE-Bra_FLUXNET_ERA5_YY_1981-2025_v1.3_r1.csv,TRUE,2026-06-01T16:37:39,3716,table_1 (p_era_mean_mm_1981_2025 dataset='era5_yy'; p_era_mean_mm_tower_years window boundary dataset='fluxmet_yy'); spot_check_nine_sites.csv
BE-Bra,fluxmet_yy,data/extracted/ICOS_BE-Bra_FLUXNET_1999-2024_v1.3_r1/ICOS_BE-Bra_FLUXNET_FLUXMET_YY_1999-2024_v1.3_r1.csv,ICOS_BE-Bra_FLUXNET_FLUXMET_YY_1999-2024_v1.3_r1.csv,TRUE,2026-06-01T16:37:39,74988,table_1 (p_era_mean_mm_1981_2025 dataset='era5_yy'; p_era_mean_mm_tower_years window boundary dataset='fluxmet_yy'); spot_check_nine_sites.csv
BE-Dor,era5_yy,data/extracted/ICOS_BE-Dor_FLUXNET_2011-2024_v1.3_r1/ICOS_BE-Dor_FLUXNET_ERA5_YY_1981-2025_v1.3_r1.csv,ICOS_BE-Dor_FLUXNET_ERA5_YY_1981-2025_v1.3_r1.csv,TRUE,2026-06-01T16:37:39,3600,table_1 (p_era_mean_mm_1981_2025 dataset='era5_yy'; p_era_mean_mm_tower_years window boundary dataset='fluxmet_yy'); spot_check_nine_sites.csv
BE-Dor,fluxmet_yy,data/extracted/ICOS_BE-Dor_FLUXNET_2011-2024_v1.3_r1/ICOS_BE-Dor_FLUXNET_FLUXMET_YY_2011-2024_v1.3_r1.csv,ICOS_BE-Dor_FLUXNET_FLUXMET_YY_2011-2024_v1.3_r1.csv,TRUE,2026-06-01T16:37:39,44595,table_1 (p_era_mean_mm_1981_2025 dataset='era5_yy'; p_era_mean_mm_tower_years window boundary dataset='fluxmet_yy'); spot_check_nine_sites.csv
BE-Lcr,era5_yy,data/extracted/EUF_BE-Lcr_FLUXNET_2019-2022_v1.3_r1/EUF_BE-Lcr_FLUXNET_ERA5_YY_1981-2024_v1.3_r1.csv,EUF_BE-Lcr_FLUXNET_ERA5_YY_1981-2024_v1.3_r1.csv,TRUE,2026-06-01T16:45:19,3624,table_1 (p_era_mean_mm_1981_2025 dataset='era5_yy'; p_era_mean_mm_tower_years window boundary dataset='fluxmet_yy'); spot_check_nine_sites.csv
BE-Lcr,fluxmet_yy,data/extracted/EUF_BE-Lcr_FLUXNET_2019-2022_v1.3_r1/EUF_BE-Lcr_FLUXNET_FLUXMET_YY_2019-2022_v1.3_r1.csv,EUF_BE-Lcr_FLUXNET_FLUXMET_YY_2019-2022_v1.3_r1.csv,TRUE,2026-06-01T16:45:19,16533,table_1 (p_era_mean_mm_1981_2025 dataset='era5_yy'; p_era_mean_mm_tower_years window boundary dataset='fluxmet_yy'); spot_check_nine_sites.csv
BE-Lon,era5_yy,data/extracted/ICOS_BE-Lon_FLUXNET_2004-2024_v1.3_r1/ICOS_BE-Lon_FLUXNET_ERA5_YY_1981-2025_v1.3_r1.csv,ICOS_BE-Lon_FLUXNET_ERA5_YY_1981-2025_v1.3_r1.csv,TRUE,2026-06-01T16:45:20,3669,table_1 (p_era_mean_mm_1981_2025 dataset='era5_yy'; p_era_mean_mm_tower_years window boundary dataset='fluxmet_yy'); spot_check_nine_sites.csv
BE-Lon,fluxmet_yy,data/extracted/ICOS_BE-Lon_FLUXNET_2004-2024_v1.3_r1/ICOS_BE-Lon_FLUXNET_FLUXMET_YY_2004-2024_v1.3_r1.csv,ICOS_BE-Lon_FLUXNET_FLUXMET_YY_2004-2024_v1.3_r1.csv,TRUE,2026-06-01T16:45:20,64912,table_1 (p_era_mean_mm_1981_2025 dataset='era5_yy'; p_era_mean_mm_tower_years window boundary dataset='fluxmet_yy'); spot_check_nine_sites.csv
BE-Maa,era5_yy,data/extracted/ICOS_BE-Maa_FLUXNET_2016-2025_v1.3_r1/ICOS_BE-Maa_FLUXNET_ERA5_YY_1981-2025_v1.3_r1.csv,ICOS_BE-Maa_FLUXNET_ERA5_YY_1981-2025_v1.3_r1.csv,TRUE,2026-09-20T13:04:00,3692,table_1 (p_era_mean_mm_1981_2025 dataset='era5_yy'; p_era_mean_mm_tower_years window boundary dataset='fluxmet_yy'); spot_check_nine_sites.csv
BE-Maa,fluxmet_yy,data/extracted/ICOS_BE-Maa_FLUXNET_2016-2025_v1.3_r1/ICOS_BE-Maa_FLUXNET_FLUXMET_YY_2016-2025_v1.3_r1.csv,ICOS_BE-Maa_FLUXNET_FLUXMET_YY_2016-2025_v1.3_r1.csv,TRUE,2026-09-20T13:04:00,33061,table_1 (p_era_mean_mm_1981_2025 dataset='era5_yy'; p_era_mean_mm_tower_years window boundary dataset='fluxmet_yy'); spot_check_nine_sites.csv
BE-Vie,era5_yy,data/extracted/ICOS_BE-Vie_FLUXNET_1996-2025_v1.3_r1/ICOS_BE-Vie_FLUXNET_ERA5_YY_1981-2025_v1.3_r1.csv,ICOS_BE-Vie_FLUXNET_ERA5_YY_1981-2025_v1.3_r1.csv,TRUE,2026-09-20T13:04:00,3602,table_1 (p_era_mean_mm_1981_2025 dataset='era5_yy'; p_era_mean_mm_tower_years window boundary dataset='fluxmet_yy'); spot_check_nine_sites.csv
BE-Vie,fluxmet_yy,data/extracted/ICOS_BE-Vie_FLUXNET_1996-2025_v1.3_r1/ICOS_BE-Vie_FLUXNET_FLUXMET_YY_1996-2025_v1.3_r1.csv,ICOS_BE-Vie_FLUXNET_FLUXMET_YY_1996-2025_v1.3_r1.csv,TRUE,2026-09-20T13:04:00,87307,table_1 (p_era_mean_mm_1981_2025 dataset='era5_yy'; p_era_mean_mm_tower_years window boundary dataset='fluxmet_yy'); spot_check_nine_sites.csv
BJ-Bfg,era5_yy,data/extracted/FLX_BJ-Bfg_FLUXNET_2008-2017_v1.3_r1/FLX_BJ-Bfg_FLUXNET_ERA5_YY_1981-2025_v1.3_r1.csv,FLX_BJ-Bfg_FLUXNET_ERA5_YY_1981-2025_v1.3_r1.csv,TRUE,2026-06-01T16:45:19,3798,table_1 (p_era_mean_mm_1981_2025 dataset='era5_yy'; p_era_mean_mm_tower_years window boundary dataset='fluxmet_yy'); spot_check_nine_sites.csv
BJ-Bfg,fluxmet_yy,data/extracted/FLX_BJ-Bfg_FLUXNET_2008-2017_v1.3_r1/FLX_BJ-Bfg_FLUXNET_FLUXMET_YY_2008-2017_v1.3_r1.csv,FLX_BJ-Bfg_FLUXNET_FLUXMET_YY_2008-2017_v1.3_r1.csv,TRUE,2026-06-01T16:45:19,29070,table_1 (p_era_mean_mm_1981_2025 dataset='era5_yy'; p_era_mean_mm_tower_years window boundary dataset='fluxmet_yy'); spot_check_nine_sites.csv
BJ-Db1,era5_yy,data/extracted/FLX_BJ-Db1_FLUXNET_2022-2024_v1.3_r1/FLX_BJ-Db1_FLUXNET_ERA5_YY_1981-2025_v1.3_r1.csv,FLX_BJ-Db1_FLUXNET_ERA5_YY_1981-2025_v1.3_r1.csv,TRUE,2026-06-01T16:45:19,3792,table_1 (p_era_mean_mm_1981_2025 dataset='era5_yy'; p_era_mean_mm_tower_years window boundary dataset='fluxmet_yy'); spot_check_nine_sites.csv
BJ-Db1,fluxmet_yy,data/extracted/FLX_BJ-Db1_FLUXNET_2022-2024_v1.3_r1/FLX_BJ-Db1_FLUXNET_FLUXMET_YY_2022-2024_v1.3_r1.csv,FLX_BJ-Db1_FLUXNET_FLUXMET_YY_2022-2024_v1.3_r1.csv,TRUE,2026-06-01T16:45:19,12600,table_1 (p_era_mean_mm_1981_2025 dataset='era5_yy'; p_era_mean_mm_tower_years window boundary dataset='fluxmet_yy'); spot_check_nine_sites.csv
BJ-Nhu,era5_yy,data/extracted/FLX_BJ-Nhu_FLUXNET_2008-2017_v1.3_r1/FLX_BJ-Nhu_FLUXNET_ERA5_YY_1981-2025_v1.3_r1.csv,FLX_BJ-Nhu_FLUXNET_ERA5_YY_1981-2025_v1.3_r1.csv,TRUE,2026-06-01T16:45:19,3799,table_1 (p_era_mean_mm_1981_2025 dataset='era5_yy'; p_era_mean_mm_tower_years window boundary dataset='fluxmet_yy'); spot_check_nine_sites.csv
BJ-Nhu,fluxmet_yy,data/extracted/FLX_BJ-Nhu_FLUXNET_2008-2017_v1.3_r1/FLX_BJ-Nhu_FLUXNET_FLUXMET_YY_2008-2017_v1.3_r1.csv,FLX_BJ-Nhu_FLUXNET_FLUXMET_YY_2008-2017_v1.3_r1.csv,TRUE,2026-06-01T16:45:19,30002,table_1 (p_era_mean_mm_1981_2025 dataset='era5_yy'; p_era_mean_mm_tower_years window boundary dataset='fluxmet_yy'); spot_check_nine_sites.csv
BR-CST,era5_yy,data/extracted/AMF_BR-CST_FLUXNET_2014-2015_v1.3_r1/AMF_BR-CST_FLUXNET_ERA5_YY_1981-2024_v1.3_r1.csv,AMF_BR-CST_FLUXNET_ERA5_YY_1981-2024_v1.3_r1.csv,TRUE,2026-06-01T16:37:37,3684,table_1 (p_era_mean_mm_1981_2025 dataset='era5_yy'; p_era_mean_mm_tower_years window boundary dataset='fluxmet_yy'); spot_check_nine_sites.csv
BR-CST,fluxmet_yy,data/extracted/AMF_BR-CST_FLUXNET_2014-2015_v1.3_r1/AMF_BR-CST_FLUXNET_FLUXMET_YY_2014-2015_v1.3_r1.csv,AMF_BR-CST_FLUXNET_FLUXMET_YY_2014-2015_v1.3_r1.csv,TRUE,2026-06-01T16:37:37,5571,table_1 (p_era_mean_mm_1981_2025 dataset='era5_yy'; p_era_mean_mm_tower_years window boundary dataset='fluxmet_yy'); spot_check_nine_sites.csv
BR-ITA,era5_yy,data/extracted/AMF_BR-ITA_FLUXNET_2020-2024_v1.3_r1/AMF_BR-ITA_FLUXNET_ERA5_YY_1981-2025_v1.3_r1.csv,AMF_BR-ITA_FLUXNET_ERA5_YY_1981-2025_v1.3_r1.csv,TRUE,2026-06-01T16:37:37,3757,table_1 (p_era_mean_mm_1981_2025 dataset='era5_yy'; p_era_mean_mm_tower_years window boundary dataset='fluxmet_yy'); spot_check_nine_sites.csv
BR-ITA,fluxmet_yy,data/extracted/AMF_BR-ITA_FLUXNET_2020-2024_v1.3_r1/AMF_BR-ITA_FLUXNET_FLUXMET_YY_2020-2024_v1.3_r1.csv,AMF_BR-ITA_FLUXNET_FLUXMET_YY_2020-2024_v1.3_r1.csv,TRUE,2026-06-01T16:37:37,16258,table_1 (p_era_mean_mm_1981_2025 dataset='era5_yy'; p_era_mean_mm_tower_years window boundary dataset='fluxmet_yy'); spot_check_nine_sites.csv
BR-Ji3,era5_yy,data/extracted/AMF_BR-Ji3_FLUXNET_2004-2010_v1.3_r1/AMF_BR-Ji3_FLUXNET_ERA5_YY_1981-2025_v1.3_r1.csv,AMF_BR-Ji3_FLUXNET_ERA5_YY_1981-2025_v1.3_r1.csv,TRUE,2026-06-01T16:37:37,3750,table_1 (p_era_mean_mm_1981_2025 dataset='era5_yy'; p_era_mean_mm_tower_years window boundary dataset='fluxmet_yy'); spot_check_nine_sites.csv
BR-Ji3,fluxmet_yy,data/extracted/AMF_BR-Ji3_FLUXNET_2004-2010_v1.3_r1/AMF_BR-Ji3_FLUXNET_FLUXMET_YY_2004-2010_v1.3_r1.csv,AMF_BR-Ji3_FLUXNET_FLUXMET_YY_2004-2010_v1.3_r1.csv,TRUE,2026-06-01T16:37:37,15713,table_1 (p_era_mean_mm_1981_2025 dataset='era5_yy'; p_era_mean_mm_tower_years window boundary dataset='fluxmet_yy'); spot_check_nine_sites.csv
BR-Ma2,era5_yy,data/extracted/AMF_BR-Ma2_FLUXNET_1999-2016_v1.3_r1/AMF_BR-Ma2_FLUXNET_ERA5_YY_1981-2025_v1.3_r1.csv,AMF_BR-Ma2_FLUXNET_ERA5_YY_1981-2025_v1.3_r1.csv,TRUE,2026-06-01T16:37:37,3758,table_1 (p_era_mean_mm_1981_2025 dataset='era5_yy'; p_era_mean_mm_tower_years window boundary dataset='fluxmet_yy'); spot_check_nine_sites.csv
BR-Ma2,fluxmet_yy,data/extracted/AMF_BR-Ma2_FLUXNET_1999-2016_v1.3_r1/AMF_BR-Ma2_FLUXNET_FLUXMET_YY_1999-2016_v1.3_r1.csv,AMF_BR-Ma2_FLUXNET_FLUXMET_YY_1999-2016_v1.3_r1.csv,TRUE,2026-06-01T16:37:37,47287,table_1 (p_era_mean_mm_1981_2025 dataset='era5_yy'; p_era_mean_mm_tower_years window boundary dataset='fluxmet_yy'); spot_check_nine_sites.csv
BR-Ma3,era5_yy,data/extracted/AMF_BR-Ma3_FLUXNET_2008-2018_v1.3_r1/AMF_BR-Ma3_FLUXNET_ERA5_YY_1981-2025_v1.3_r1.csv,AMF_BR-Ma3_FLUXNET_ERA5_YY_1981-2025_v1.3_r1.csv,TRUE,2026-06-01T16:37:37,3755,table_1 (p_era_mean_mm_1981_2025 dataset='era5_yy'; p_era_mean_mm_tower_years window boundary dataset='fluxmet_yy'); spot_check_nine_sites.csv
BR-Ma3,fluxmet_yy,data/extracted/AMF_BR-Ma3_FLUXNET_2008-2018_v1.3_r1/AMF_BR-Ma3_FLUXNET_FLUXMET_YY_2008-2018_v1.3_r1.csv,AMF_BR-Ma3_FLUXNET_FLUXMET_YY_2008-2018_v1.3_r1.csv,TRUE,2026-06-01T16:37:37,25521,table_1 (p_era_mean_mm_1981_2025 dataset='era5_yy'; p_era_mean_mm_tower_years window boundary dataset='fluxmet_yy'); spot_check_nine_sites.csv
BR-Npw,era5_yy,data/extracted/AMF_BR-Npw_FLUXNET_2013-2017_v1.3_r1/AMF_BR-Npw_FLUXNET_ERA5_YY_1981-2025_v1.3_r1.csv,AMF_BR-Npw_FLUXNET_ERA5_YY_1981-2025_v1.3_r1.csv,TRUE,2026-06-01T16:37:37,3760,table_1 (p_era_mean_mm_1981_2025 dataset='era5_yy'; p_era_mean_mm_tower_years window boundary dataset='fluxmet_yy'); spot_check_nine_sites.csv
BR-Npw,fluxmet_yy,data/extracted/AMF_BR-Npw_FLUXNET_2013-2017_v1.3_r1/AMF_BR-Npw_FLUXNET_FLUXMET_YY_2013-2017_v1.3_r1.csv,AMF_BR-Npw_FLUXNET_FLUXMET_YY_2013-2017_v1.3_r1.csv,TRUE,2026-06-01T16:37:37,16785,table_1 (p_era_mean_mm_1981_2025 dataset='era5_yy'; p_era_mean_mm_tower_years window boundary dataset='fluxmet_yy'); spot_check_nine_sites.csv
BR-SM1,era5_yy,data/extracted/AMF_BR-SM1_FLUXNET_2015-2016_v1.3_r1/AMF_BR-SM1_FLUXNET_ERA5_YY_1981-2025_v1.3_r1.csv,AMF_BR-SM1_FLUXNET_ERA5_YY_1981-2025_v1.3_r1.csv,TRUE,2026-06-01T16:37:37,3805,table_1 (p_era_mean_mm_1981_2025 dataset='era5_yy'; p_era_mean_mm_tower_years window boundary dataset='fluxmet_yy'); spot_check_nine_sites.csv
BR-SM1,fluxmet_yy,data/extracted/AMF_BR-SM1_FLUXNET_2015-2016_v1.3_r1/AMF_BR-SM1_FLUXNET_FLUXMET_YY_2015-2016_v1.3_r1.csv,AMF_BR-SM1_FLUXNET_FLUXMET_YY_2015-2016_v1.3_r1.csv,TRUE,2026-06-01T16:37:37,5341,table_1 (p_era_mean_mm_1981_2025 dataset='era5_yy'; p_era_mean_mm_tower_years window boundary dataset='fluxmet_yy'); spot_check_nine_sites.csv
BR-Sa1,era5_yy,data/extracted/AMF_BR-Sa1_FLUXNET_2002-2011_v1.3_r1/AMF_BR-Sa1_FLUXNET_ERA5_YY_1981-2025_v1.3_r1.csv,AMF_BR-Sa1_FLUXNET_ERA5_YY_1981-2025_v1.3_r1.csv,TRUE,2026-06-01T16:37:37,3762,table_1 (p_era_mean_mm_1981_2025 dataset='era5_yy'; p_era_mean_mm_tower_years window boundary dataset='fluxmet_yy'); spot_check_nine_sites.csv
BR-Sa1,fluxmet_yy,data/extracted/AMF_BR-Sa1_FLUXNET_2002-2011_v1.3_r1/AMF_BR-Sa1_FLUXNET_FLUXMET_YY_2002-2011_v1.3_r1.csv,AMF_BR-Sa1_FLUXNET_FLUXMET_YY_2002-2011_v1.3_r1.csv,TRUE,2026-06-01T16:37:37,28734,table_1 (p_era_mean_mm_1981_2025 dataset='era5_yy'; p_era_mean_mm_tower_years window boundary dataset='fluxmet_yy'); spot_check_nine_sites.csv
BR-Sa3,era5_yy,data/extracted/AMF_BR-Sa3_FLUXNET_2000-2004_v1.3_r1/AMF_BR-Sa3_FLUXNET_ERA5_YY_1981-2025_v1.3_r1.csv,AMF_BR-Sa3_FLUXNET_ERA5_YY_1981-2025_v1.3_r1.csv,TRUE,2026-06-01T16:37:37,3759,table_1 (p_era_mean_mm_1981_2025 dataset='era5_yy'; p_era_mean_mm_tower_years window boundary dataset='fluxmet_yy'); spot_check_nine_sites.csv
BR-Sa3,fluxmet_yy,data/extracted/AMF_BR-Sa3_FLUXNET_2000-2004_v1.3_r1/AMF_BR-Sa3_FLUXNET_FLUXMET_YY_2000-2004_v1.3_r1.csv,AMF_BR-Sa3_FLUXNET_FLUXMET_YY_2000-2004_v1.3_r1.csv,TRUE,2026-06-01T16:37:37,17324,table_1 (p_era_mean_mm_1981_2025 dataset='era5_yy'; p_era_mean_mm_tower_years window boundary dataset='fluxmet_yy'); spot_check_nine_sites.csv
BR-Xpw,era5_yy,data/extracted/AMF_BR-Xpw_FLUXNET_2017-2022_v1.3_r1/AMF_BR-Xpw_FLUXNET_ERA5_YY_1981-2025_v1.3_r1.csv,AMF_BR-Xpw_FLUXNET_ERA5_YY_1981-2025_v1.3_r1.csv,TRUE,2026-06-01T16:37:37,3761,table_1 (p_era_mean_mm_1981_2025 dataset='era5_yy'; p_era_mean_mm_tower_years window boundary dataset='fluxmet_yy'); spot_check_nine_sites.csv
BR-Xpw,fluxmet_yy,data/extracted/AMF_BR-Xpw_FLUXNET_2017-2022_v1.3_r1/AMF_BR-Xpw_FLUXNET_FLUXMET_YY_2017-2022_v1.3_r1.csv,AMF_BR-Xpw_FLUXNET_FLUXMET_YY_2017-2022_v1.3_r1.csv,TRUE,2026-06-01T16:37:37,20374,table_1 (p_era_mean_mm_1981_2025 dataset='era5_yy'; p_era_mean_mm_tower_years window boundary dataset='fluxmet_yy'); spot_check_nine_sites.csv
BW-Gum,era5_yy,data/extracted/FLX_BW-Gum_FLUXNET_2018-2020_v1.3_r1/FLX_BW-Gum_FLUXNET_ERA5_YY_1981-2024_v1.3_r1.csv,FLX_BW-Gum_FLUXNET_ERA5_YY_1981-2024_v1.3_r1.csv,TRUE,2026-06-01T16:45:19,3717,table_1 (p_era_mean_mm_1981_2025 dataset='era5_yy'; p_era_mean_mm_tower_years window boundary dataset='fluxmet_yy'); spot_check_nine_sites.csv
BW-Gum,fluxmet_yy,data/extracted/FLX_BW-Gum_FLUXNET_2018-2020_v1.3_r1/FLX_BW-Gum_FLUXNET_FLUXMET_YY_2018-2020_v1.3_r1.csv,FLX_BW-Gum_FLUXNET_FLUXMET_YY_2018-2020_v1.3_r1.csv,TRUE,2026-06-01T16:45:19,11721,table_1 (p_era_mean_mm_1981_2025 dataset='era5_yy'; p_era_mean_mm_tower_years window boundary dataset='fluxmet_yy'); spot_check_nine_sites.csv
BW-Nxr,era5_yy,data/extracted/FLX_BW-Nxr_FLUXNET_2019-2020_v1.3_r1/FLX_BW-Nxr_FLUXNET_ERA5_YY_1981-2024_v1.3_r1.csv,FLX_BW-Nxr_FLUXNET_ERA5_YY_1981-2024_v1.3_r1.csv,TRUE,2026-06-01T16:45:19,3723,table_1 (p_era_mean_mm_1981_2025 dataset='era5_yy'; p_era_mean_mm_tower_years window boundary dataset='fluxmet_yy'); spot_check_nine_sites.csv
BW-Nxr,fluxmet_yy,data/extracted/FLX_BW-Nxr_FLUXNET_2019-2020_v1.3_r1/FLX_BW-Nxr_FLUXNET_FLUXMET_YY_2019-2020_v1.3_r1.csv,FLX_BW-Nxr_FLUXNET_FLUXMET_YY_2019-2020_v1.3_r1.csv,TRUE,2026-06-01T16:45:19,5427,table_1 (p_era_mean_mm_1981_2025 dataset='era5_yy'; p_era_mean_mm_tower_years window boundary dataset='fluxmet_yy'); spot_check_nine_sites.csv
CA-ARB,era5_yy,data/extracted/AMF_CA-ARB_FLUXNET_2011-2024_v1.3_r1/AMF_CA-ARB_FLUXNET_ERA5_YY_1981-2024_v1.3_r1.csv,AMF_CA-ARB_FLUXNET_ERA5_YY_1981-2024_v1.3_r1.csv,TRUE,2026-06-01T16:37:37,3657,table_1 (p_era_mean_mm_1981_2025 dataset='era5_yy'; p_era_mean_mm_tower_years window boundary dataset='fluxmet_yy'); spot_check_nine_sites.csv
CA-ARB,fluxmet_yy,data/extracted/AMF_CA-ARB_FLUXNET_2011-2024_v1.3_r1/AMF_CA-ARB_FLUXNET_FLUXMET_YY_2011-2024_v1.3_r1.csv,AMF_CA-ARB_FLUXNET_FLUXMET_YY_2011-2024_v1.3_r1.csv,TRUE,2026-06-01T16:37:37,40392,table_1 (p_era_mean_mm_1981_2025 dataset='era5_yy'; p_era_mean_mm_tower_years window boundary dataset='fluxmet_yy'); spot_check_nine_sites.csv
CA-ARF,era5_yy,data/extracted/AMF_CA-ARF_FLUXNET_2011-2024_v1.3_r1/AMF_CA-ARF_FLUXNET_ERA5_YY_1981-2025_v1.3_r1.csv,AMF_CA-ARF_FLUXNET_ERA5_YY_1981-2025_v1.3_r1.csv,TRUE,2026-06-01T16:37:37,3730,table_1 (p_era_mean_mm_1981_2025 dataset='era5_yy'; p_era_mean_mm_tower_years window boundary dataset='fluxmet_yy'); spot_check_nine_sites.csv
CA-ARF,fluxmet_yy,data/extracted/AMF_CA-ARF_FLUXNET_2011-2024_v1.3_r1/AMF_CA-ARF_FLUXNET_FLUXMET_YY_2011-2024_v1.3_r1.csv,AMF_CA-ARF_FLUXNET_FLUXMET_YY_2011-2024_v1.3_r1.csv,TRUE,2026-06-01T16:37:37,41176,table_1 (p_era_mean_mm_1981_2025 dataset='era5_yy'; p_era_mean_mm_tower_years window boundary dataset='fluxmet_yy'); spot_check_nine_sites.csv
CA-BOU,era5_yy,data/extracted/AMF_CA-BOU_FLUXNET_2018-2020_v1.3_r1/AMF_CA-BOU_FLUXNET_ERA5_YY_1981-2025_v1.3_r1.csv,AMF_CA-BOU_FLUXNET_ERA5_YY_1981-2025_v1.3_r1.csv,TRUE,2026-06-01T16:37:37,3614,table_1 (p_era_mean_mm_1981_2025 dataset='era5_yy'; p_era_mean_mm_tower_years window boundary dataset='fluxmet_yy'); spot_check_nine_sites.csv
CA-BOU,fluxmet_yy,data/extracted/AMF_CA-BOU_FLUXNET_2018-2020_v1.3_r1/AMF_CA-BOU_FLUXNET_FLUXMET_YY_2018-2020_v1.3_r1.csv,AMF_CA-BOU_FLUXNET_FLUXMET_YY_2018-2020_v1.3_r1.csv,TRUE,2026-06-01T16:37:37,11576,table_1 (p_era_mean_mm_1981_2025 dataset='era5_yy'; p_era_mean_mm_tower_years window boundary dataset='fluxmet_yy'); spot_check_nine_sites.csv
CA-CF1,era5_yy,data/extracted/AMF_CA-CF1_FLUXNET_2007-2008_v1.3_r1/AMF_CA-CF1_FLUXNET_ERA5_YY_1981-2025_v1.3_r1.csv,AMF_CA-CF1_FLUXNET_ERA5_YY_1981-2025_v1.3_r1.csv,TRUE,2026-06-01T16:37:37,3817,table_1 (p_era_mean_mm_1981_2025 dataset='era5_yy'; p_era_mean_mm_tower_years window boundary dataset='fluxmet_yy'); spot_check_nine_sites.csv
CA-CF1,fluxmet_yy,data/extracted/AMF_CA-CF1_FLUXNET_2007-2008_v1.3_r1/AMF_CA-CF1_FLUXNET_FLUXMET_YY_2007-2008_v1.3_r1.csv,AMF_CA-CF1_FLUXNET_FLUXMET_YY_2007-2008_v1.3_r1.csv,TRUE,2026-06-01T16:37:37,5714,table_1 (p_era_mean_mm_1981_2025 dataset='era5_yy'; p_era_mean_mm_tower_years window boundary dataset='fluxmet_yy'); spot_check_nine_sites.csv
CA-CF2,era5_yy,data/extracted/AMF_CA-CF2_FLUXNET_2008-2011_v1.3_r1/AMF_CA-CF2_FLUXNET_ERA5_YY_1981-2025_v1.3_r1.csv,AMF_CA-CF2_FLUXNET_ERA5_YY_1981-2025_v1.3_r1.csv,TRUE,2026-06-01T16:37:37,3823,table_1 (p_era_mean_mm_1981_2025 dataset='era5_yy'; p_era_mean_mm_tower_years window boundary dataset='fluxmet_yy'); spot_check_nine_sites.csv
CA-CF2,fluxmet_yy,data/extracted/AMF_CA-CF2_FLUXNET_2008-2011_v1.3_r1/AMF_CA-CF2_FLUXNET_FLUXMET_YY_2008-2011_v1.3_r1.csv,AMF_CA-CF2_FLUXNET_FLUXMET_YY_2008-2011_v1.3_r1.csv,TRUE,2026-06-01T16:37:37,10250,table_1 (p_era_mean_mm_1981_2025 dataset='era5_yy'; p_era_mean_mm_tower_years window boundary dataset='fluxmet_yy'); spot_check_nine_sites.csv
CA-CF3,era5_yy,data/extracted/AMF_CA-CF3_FLUXNET_2022-2025_v1.3_r1/AMF_CA-CF3_FLUXNET_ERA5_YY_1981-2025_v1.3_r1.csv,AMF_CA-CF3_FLUXNET_ERA5_YY_1981-2025_v1.3_r1.csv,TRUE,2026-06-01T16:37:37,3751,table_1 (p_era_mean_mm_1981_2025 dataset='era5_yy'; p_era_mean_mm_tower_years window boundary dataset='fluxmet_yy'); spot_check_nine_sites.csv
CA-CF3,fluxmet_yy,data/extracted/AMF_CA-CF3_FLUXNET_2022-2025_v1.3_r1/AMF_CA-CF3_FLUXNET_FLUXMET_YY_2022-2025_v1.3_r1.csv,AMF_CA-CF3_FLUXNET_FLUXMET_YY_2022-2025_v1.3_r1.csv,TRUE,2026-06-01T16:37:37,16591,table_1 (p_era_mean_mm_1981_2025 dataset='era5_yy'; p_era_mean_mm_tower_years window boundary dataset='fluxmet_yy'); spot_check_nine_sites.csv
CA-Ca1,era5_yy,data/extracted/AMF_CA-Ca1_FLUXNET_1997-2010_v1.3_r1/AMF_CA-Ca1_FLUXNET_ERA5_YY_1981-2024_v1.3_r1.csv,AMF_CA-Ca1_FLUXNET_ERA5_YY_1981-2024_v1.3_r1.csv,TRUE,2026-06-01T16:37:37,3671,table_1 (p_era_mean_mm_1981_2025 dataset='era5_yy'; p_era_mean_mm_tower_years window boundary dataset='fluxmet_yy'); spot_check_nine_sites.csv
CA-Ca1,fluxmet_yy,data/extracted/AMF_CA-Ca1_FLUXNET_1997-2010_v1.3_r1/AMF_CA-Ca1_FLUXNET_FLUXMET_YY_1997-2010_v1.3_r1.csv,AMF_CA-Ca1_FLUXNET_FLUXMET_YY_1997-2010_v1.3_r1.csv,TRUE,2026-06-01T16:37:37,44641,table_1 (p_era_mean_mm_1981_2025 dataset='era5_yy'; p_era_mean_mm_tower_years window boundary dataset='fluxmet_yy'); spot_check_nine_sites.csv
CA-Ca2,era5_yy,data/extracted/AMF_CA-Ca2_FLUXNET_2000-2010_v1.3_r1/AMF_CA-Ca2_FLUXNET_ERA5_YY_1981-2024_v1.3_r1.csv,AMF_CA-Ca2_FLUXNET_ERA5_YY_1981-2024_v1.3_r1.csv,TRUE,2026-06-01T16:37:37,3545,table_1 (p_era_mean_mm_1981_2025 dataset='era5_yy'; p_era_mean_mm_tower_years window boundary dataset='fluxmet_yy'); spot_check_nine_sites.csv
CA-Ca2,fluxmet_yy,data/extracted/AMF_CA-Ca2_FLUXNET_2000-2010_v1.3_r1/AMF_CA-Ca2_FLUXNET_FLUXMET_YY_2000-2010_v1.3_r1.csv,AMF_CA-Ca2_FLUXNET_FLUXMET_YY_2000-2010_v1.3_r1.csv,TRUE,2026-06-01T16:37:37,35308,table_1 (p_era_mean_mm_1981_2025 dataset='era5_yy'; p_era_mean_mm_tower_years window boundary dataset='fluxmet_yy'); spot_check_nine_sites.csv
CA-Ca3,era5_yy,data/extracted/AMF_CA-Ca3_FLUXNET_2001-2024_v1.3_r1/AMF_CA-Ca3_FLUXNET_ERA5_YY_1981-2025_v1.3_r1.csv,AMF_CA-Ca3_FLUXNET_ERA5_YY_1981-2025_v1.3_r1.csv,TRUE,2026-06-01T16:37:38,3638,table_1 (p_era_mean_mm_1981_2025 dataset='era5_yy'; p_era_mean_mm_tower_years window boundary dataset='fluxmet_yy'); spot_check_nine_sites.csv
CA-Ca3,fluxmet_yy,data/extracted/AMF_CA-Ca3_FLUXNET_2001-2024_v1.3_r1/AMF_CA-Ca3_FLUXNET_FLUXMET_YY_2001-2024_v1.3_r1.csv,AMF_CA-Ca3_FLUXNET_FLUXMET_YY_2001-2024_v1.3_r1.csv,TRUE,2026-06-01T16:37:38,50636,table_1 (p_era_mean_mm_1981_2025 dataset='era5_yy'; p_era_mean_mm_tower_years window boundary dataset='fluxmet_yy'); spot_check_nine_sites.csv
CA-Cbo,era5_yy,data/extracted/AMF_CA-Cbo_FLUXNET_1996-2024_v1.3_r1/AMF_CA-Cbo_FLUXNET_ERA5_YY_1981-2025_v1.3_r1.csv,AMF_CA-Cbo_FLUXNET_ERA5_YY_1981-2025_v1.3_r1.csv,TRUE,2026-06-01T16:37:38,3624,table_1 (p_era_mean_mm_1981_2025 dataset='era5_yy'; p_era_mean_mm_tower_years window boundary dataset='fluxmet_yy'); spot_check_nine_sites.csv
CA-Cbo,fluxmet_yy,data/extracted/AMF_CA-Cbo_FLUXNET_1996-2024_v1.3_r1/AMF_CA-Cbo_FLUXNET_FLUXMET_YY_1996-2024_v1.3_r1.csv,AMF_CA-Cbo_FLUXNET_FLUXMET_YY_1996-2024_v1.3_r1.csv,TRUE,2026-06-01T16:37:38,84745,table_1 (p_era_mean_mm_1981_2025 dataset='era5_yy'; p_era_mean_mm_tower_years window boundary dataset='fluxmet_yy'); spot_check_nine_sites.csv
CA-DB2,era5_yy,data/extracted/AMF_CA-DB2_FLUXNET_2019-2024_v1.3_r1/AMF_CA-DB2_FLUXNET_ERA5_YY_1981-2024_v1.3_r1.csv,AMF_CA-DB2_FLUXNET_ERA5_YY_1981-2024_v1.3_r1.csv,TRUE,2026-06-01T16:37:38,3612,table_1 (p_era_mean_mm_1981_2025 dataset='era5_yy'; p_era_mean_mm_tower_years window boundary dataset='fluxmet_yy'); spot_check_nine_sites.csv
CA-DB2,fluxmet_yy,data/extracted/AMF_CA-DB2_FLUXNET_2019-2024_v1.3_r1/AMF_CA-DB2_FLUXNET_FLUXMET_YY_2019-2024_v1.3_r1.csv,AMF_CA-DB2_FLUXNET_FLUXMET_YY_2019-2024_v1.3_r1.csv,TRUE,2026-06-01T16:37:38,20656,table_1 (p_era_mean_mm_1981_2025 dataset='era5_yy'; p_era_mean_mm_tower_years window boundary dataset='fluxmet_yy'); spot_check_nine_sites.csv
CA-DBB,era5_yy,data/extracted/AMF_CA-DBB_FLUXNET_2015-2024_v1.3_r1/AMF_CA-DBB_FLUXNET_ERA5_YY_1981-2024_v1.3_r1.csv,AMF_CA-DBB_FLUXNET_ERA5_YY_1981-2024_v1.3_r1.csv,TRUE,2026-06-01T16:37:38,3643,table_1 (p_era_mean_mm_1981_2025 dataset='era5_yy'; p_era_mean_mm_tower_years window boundary dataset='fluxmet_yy'); spot_check_nine_sites.csv
CA-DBB,fluxmet_yy,data/extracted/AMF_CA-DBB_FLUXNET_2015-2024_v1.3_r1/AMF_CA-DBB_FLUXNET_FLUXMET_YY_2015-2024_v1.3_r1.csv,AMF_CA-DBB_FLUXNET_FLUXMET_YY_2015-2024_v1.3_r1.csv,TRUE,2026-06-01T16:37:38,31347,table_1 (p_era_mean_mm_1981_2025 dataset='era5_yy'; p_era_mean_mm_tower_years window boundary dataset='fluxmet_yy'); spot_check_nine_sites.csv
CA-DSM,era5_yy,data/extracted/AMF_CA-DSM_FLUXNET_2021-2024_v1.3_r1/AMF_CA-DSM_FLUXNET_ERA5_YY_1981-2024_v1.3_r1.csv,AMF_CA-DSM_FLUXNET_ERA5_YY_1981-2024_v1.3_r1.csv,TRUE,2026-06-01T16:37:38,3659,table_1 (p_era_mean_mm_1981_2025 dataset='era5_yy'; p_era_mean_mm_tower_years window boundary dataset='fluxmet_yy'); spot_check_nine_sites.csv
CA-DSM,fluxmet_yy,data/extracted/AMF_CA-DSM_FLUXNET_2021-2024_v1.3_r1/AMF_CA-DSM_FLUXNET_FLUXMET_YY_2021-2024_v1.3_r1.csv,AMF_CA-DSM_FLUXNET_FLUXMET_YY_2021-2024_v1.3_r1.csv,TRUE,2026-06-01T16:37:38,15300,table_1 (p_era_mean_mm_1981_2025 dataset='era5_yy'; p_era_mean_mm_tower_years window boundary dataset='fluxmet_yy'); spot_check_nine_sites.csv
CA-EM1,era5_yy,data/extracted/AMF_CA-EM1_FLUXNET_2021-2023_v1.3_r1/AMF_CA-EM1_FLUXNET_ERA5_YY_1981-2024_v1.3_r1.csv,AMF_CA-EM1_FLUXNET_ERA5_YY_1981-2024_v1.3_r1.csv,TRUE,2026-06-01T16:37:38,3518,table_1 (p_era_mean_mm_1981_2025 dataset='era5_yy'; p_era_mean_mm_tower_years window boundary dataset='fluxmet_yy'); spot_check_nine_sites.csv
CA-EM1,fluxmet_yy,data/extracted/AMF_CA-EM1_FLUXNET_2021-2023_v1.3_r1/AMF_CA-EM1_FLUXNET_FLUXMET_YY_2021-2023_v1.3_r1.csv,AMF_CA-EM1_FLUXNET_FLUXMET_YY_2021-2023_v1.3_r1.csv,TRUE,2026-06-01T16:37:38,12294,table_1 (p_era_mean_mm_1981_2025 dataset='era5_yy'; p_era_mean_mm_tower_years window boundary dataset='fluxmet_yy'); spot_check_nine_sites.csv
CA-EM2,era5_yy,data/extracted/AMF_CA-EM2_FLUXNET_2021-2023_v1.3_r1/AMF_CA-EM2_FLUXNET_ERA5_YY_1981-2024_v1.3_r1.csv,AMF_CA-EM2_FLUXNET_ERA5_YY_1981-2024_v1.3_r1.csv,TRUE,2026-06-01T16:37:38,3505,table_1 (p_era_mean_mm_1981_2025 dataset='era5_yy'; p_era_mean_mm_tower_years window boundary dataset='fluxmet_yy'); spot_check_nine_sites.csv
CA-EM2,fluxmet_yy,data/extracted/AMF_CA-EM2_FLUXNET_2021-2023_v1.3_r1/AMF_CA-EM2_FLUXNET_FLUXMET_YY_2021-2023_v1.3_r1.csv,AMF_CA-EM2_FLUXNET_FLUXMET_YY_2021-2023_v1.3_r1.csv,TRUE,2026-06-01T16:37:38,12378,table_1 (p_era_mean_mm_1981_2025 dataset='era5_yy'; p_era_mean_mm_tower_years window boundary dataset='fluxmet_yy'); spot_check_nine_sites.csv
CA-Gro,era5_yy,data/extracted/AMF_CA-Gro_FLUXNET_2003-2014_v1.3_r1/AMF_CA-Gro_FLUXNET_ERA5_YY_1981-2024_v1.3_r1.csv,AMF_CA-Gro_FLUXNET_ERA5_YY_1981-2024_v1.3_r1.csv,TRUE,2026-06-01T16:37:38,3489,table_1 (p_era_mean_mm_1981_2025 dataset='era5_yy'; p_era_mean_mm_tower_years window boundary dataset='fluxmet_yy'); spot_check_nine_sites.csv
CA-Gro,fluxmet_yy,data/extracted/AMF_CA-Gro_FLUXNET_2003-2014_v1.3_r1/AMF_CA-Gro_FLUXNET_FLUXMET_YY_2003-2014_v1.3_r1.csv,AMF_CA-Gro_FLUXNET_FLUXMET_YY_2003-2014_v1.3_r1.csv,TRUE,2026-06-01T16:37:38,36416,table_1 (p_era_mean_mm_1981_2025 dataset='era5_yy'; p_era_mean_mm_tower_years window boundary dataset='fluxmet_yy'); spot_check_nine_sites.csv
CA-HPC,era5_yy,data/extracted/AMF_CA-HPC_FLUXNET_2018-2018_v1.3_r1/AMF_CA-HPC_FLUXNET_ERA5_YY_1981-2025_v1.3_r1.csv,AMF_CA-HPC_FLUXNET_ERA5_YY_1981-2025_v1.3_r1.csv,TRUE,2026-06-01T16:37:38,3737,table_1 (p_era_mean_mm_1981_2025 dataset='era5_yy'; p_era_mean_mm_tower_years window boundary dataset='fluxmet_yy'); spot_check_nine_sites.csv
CA-HPC,fluxmet_yy,data/extracted/AMF_CA-HPC_FLUXNET_2018-2018_v1.3_r1/AMF_CA-HPC_FLUXNET_FLUXMET_YY_2018-2018_v1.3_r1.csv,AMF_CA-HPC_FLUXNET_FLUXMET_YY_2018-2018_v1.3_r1.csv,TRUE,2026-06-01T16:37:38,4507,table_1 (p_era_mean_mm_1981_2025 dataset='era5_yy'; p_era_mean_mm_tower_years window boundary dataset='fluxmet_yy'); spot_check_nine_sites.csv
CA-KLP,era5_yy,data/extracted/AMF_CA-KLP_FLUXNET_2011-2020_v1.3_r1/AMF_CA-KLP_FLUXNET_ERA5_YY_1981-2025_v1.3_r1.csv,AMF_CA-KLP_FLUXNET_ERA5_YY_1981-2025_v1.3_r1.csv,TRUE,2026-06-01T16:37:38,3709,table_1 (p_era_mean_mm_1981_2025 dataset='era5_yy'; p_era_mean_mm_tower_years window boundary dataset='fluxmet_yy'); spot_check_nine_sites.csv
CA-KLP,fluxmet_yy,data/extracted/AMF_CA-KLP_FLUXNET_2011-2020_v1.3_r1/AMF_CA-KLP_FLUXNET_FLUXMET_YY_2011-2020_v1.3_r1.csv,AMF_CA-KLP_FLUXNET_FLUXMET_YY_2011-2020_v1.3_r1.csv,TRUE,2026-06-01T16:37:38,31731,table_1 (p_era_mean_mm_1981_2025 dataset='era5_yy'; p_era_mean_mm_tower_years window boundary dataset='fluxmet_yy'); spot_check_nine_sites.csv
CA-LP1,era5_yy,data/extracted/AMF_CA-LP1_FLUXNET_2007-2024_v1.3_r1/AMF_CA-LP1_FLUXNET_ERA5_YY_1981-2025_v1.3_r1.csv,AMF_CA-LP1_FLUXNET_ERA5_YY_1981-2025_v1.3_r1.csv,TRUE,2026-06-01T16:37:38,3584,table_1 (p_era_mean_mm_1981_2025 dataset='era5_yy'; p_era_mean_mm_tower_years window boundary dataset='fluxmet_yy'); spot_check_nine_sites.csv
CA-LP1,fluxmet_yy,data/extracted/AMF_CA-LP1_FLUXNET_2007-2024_v1.3_r1/AMF_CA-LP1_FLUXNET_FLUXMET_YY_2007-2024_v1.3_r1.csv,AMF_CA-LP1_FLUXNET_FLUXMET_YY_2007-2024_v1.3_r1.csv,TRUE,2026-06-01T16:37:38,36188,table_1 (p_era_mean_mm_1981_2025 dataset='era5_yy'; p_era_mean_mm_tower_years window boundary dataset='fluxmet_yy'); spot_check_nine_sites.csv
CA-LU1,era5_yy,data/extracted/AMF_CA-LU1_FLUXNET_2020-2023_v1.3_r1/AMF_CA-LU1_FLUXNET_ERA5_YY_1981-2025_v1.3_r1.csv,AMF_CA-LU1_FLUXNET_ERA5_YY_1981-2025_v1.3_r1.csv,TRUE,2026-06-01T16:37:38,3669,table_1 (p_era_mean_mm_1981_2025 dataset='era5_yy'; p_era_mean_mm_tower_years window boundary dataset='fluxmet_yy'); spot_check_nine_sites.csv
CA-LU1,fluxmet_yy,data/extracted/AMF_CA-LU1_FLUXNET_2020-2023_v1.3_r1/AMF_CA-LU1_FLUXNET_FLUXMET_YY_2020-2023_v1.3_r1.csv,AMF_CA-LU1_FLUXNET_FLUXMET_YY_2020-2023_v1.3_r1.csv,TRUE,2026-06-01T16:37:38,14493,table_1 (p_era_mean_mm_1981_2025 dataset='era5_yy'; p_era_mean_mm_tower_years window boundary dataset='fluxmet_yy'); spot_check_nine_sites.csv
CA-LU2,era5_yy,data/extracted/AMF_CA-LU2_FLUXNET_2020-2023_v1.3_r1/AMF_CA-LU2_FLUXNET_ERA5_YY_1981-2025_v1.3_r1.csv,AMF_CA-LU2_FLUXNET_ERA5_YY_1981-2025_v1.3_r1.csv,TRUE,2026-06-01T16:37:38,3695,table_1 (p_era_mean_mm_1981_2025 dataset='era5_yy'; p_era_mean_mm_tower_years window boundary dataset='fluxmet_yy'); spot_check_nine_sites.csv
CA-LU2,fluxmet_yy,data/extracted/AMF_CA-LU2_FLUXNET_2020-2023_v1.3_r1/AMF_CA-LU2_FLUXNET_FLUXMET_YY_2020-2023_v1.3_r1.csv,AMF_CA-LU2_FLUXNET_FLUXMET_YY_2020-2023_v1.3_r1.csv,TRUE,2026-06-01T16:37:38,13992,table_1 (p_era_mean_mm_1981_2025 dataset='era5_yy'; p_era_mean_mm_tower_years window boundary dataset='fluxmet_yy'); spot_check_nine_sites.csv
CA-MA1,era5_yy,data/extracted/AMF_CA-MA1_FLUXNET_2009-2011_v1.3_r1/AMF_CA-MA1_FLUXNET_ERA5_YY_1981-2024_v1.3_r1.csv,AMF_CA-MA1_FLUXNET_ERA5_YY_1981-2024_v1.3_r1.csv,TRUE,2026-06-01T16:37:38,3514,table_1 (p_era_mean_mm_1981_2025 dataset='era5_yy'; p_era_mean_mm_tower_years window boundary dataset='fluxmet_yy'); spot_check_nine_sites.csv
CA-MA1,fluxmet_yy,data/extracted/AMF_CA-MA1_FLUXNET_2009-2011_v1.3_r1/AMF_CA-MA1_FLUXNET_FLUXMET_YY_2009-2011_v1.3_r1.csv,AMF_CA-MA1_FLUXNET_FLUXMET_YY_2009-2011_v1.3_r1.csv,TRUE,2026-06-01T16:37:38,11758,table_1 (p_era_mean_mm_1981_2025 dataset='era5_yy'; p_era_mean_mm_tower_years window boundary dataset='fluxmet_yy'); spot_check_nine_sites.csv
CA-MA2,era5_yy,data/extracted/AMF_CA-MA2_FLUXNET_2009-2011_v1.3_r1/AMF_CA-MA2_FLUXNET_ERA5_YY_1981-2024_v1.3_r1.csv,AMF_CA-MA2_FLUXNET_ERA5_YY_1981-2024_v1.3_r1.csv,TRUE,2026-06-01T16:37:38,3484,table_1 (p_era_mean_mm_1981_2025 dataset='era5_yy'; p_era_mean_mm_tower_years window boundary dataset='fluxmet_yy'); spot_check_nine_sites.csv
CA-MA2,fluxmet_yy,data/extracted/AMF_CA-MA2_FLUXNET_2009-2011_v1.3_r1/AMF_CA-MA2_FLUXNET_FLUXMET_YY_2009-2011_v1.3_r1.csv,AMF_CA-MA2_FLUXNET_FLUXMET_YY_2009-2011_v1.3_r1.csv,TRUE,2026-06-01T16:37:38,12099,table_1 (p_era_mean_mm_1981_2025 dataset='era5_yy'; p_era_mean_mm_tower_years window boundary dataset='fluxmet_yy'); spot_check_nine_sites.csv
CA-MA3,era5_yy,data/extracted/AMF_CA-MA3_FLUXNET_2009-2011_v1.3_r1/AMF_CA-MA3_FLUXNET_ERA5_YY_1981-2024_v1.3_r1.csv,AMF_CA-MA3_FLUXNET_ERA5_YY_1981-2024_v1.3_r1.csv,TRUE,2026-06-01T16:37:38,3488,table_1 (p_era_mean_mm_1981_2025 dataset='era5_yy'; p_era_mean_mm_tower_years window boundary dataset='fluxmet_yy'); spot_check_nine_sites.csv
CA-MA3,fluxmet_yy,data/extracted/AMF_CA-MA3_FLUXNET_2009-2011_v1.3_r1/AMF_CA-MA3_FLUXNET_FLUXMET_YY_2009-2011_v1.3_r1.csv,AMF_CA-MA3_FLUXNET_FLUXMET_YY_2009-2011_v1.3_r1.csv,TRUE,2026-06-01T16:37:38,12041,table_1 (p_era_mean_mm_1981_2025 dataset='era5_yy'; p_era_mean_mm_tower_years window boundary dataset='fluxmet_yy'); spot_check_nine_sites.csv
CA-Man,era5_yy,data/extracted/AMF_CA-Man_FLUXNET_1994-2008_v1.3_r1/AMF_CA-Man_FLUXNET_ERA5_YY_1981-2024_v1.3_r1.csv,AMF_CA-Man_FLUXNET_ERA5_YY_1981-2024_v1.3_r1.csv,TRUE,2026-06-01T16:37:38,3604,table_1 (p_era_mean_mm_1981_2025 dataset='era5_yy'; p_era_mean_mm_tower_years window boundary dataset='fluxmet_yy'); spot_check_nine_sites.csv
CA-Man,fluxmet_yy,data/extracted/AMF_CA-Man_FLUXNET_1994-2008_v1.3_r1/AMF_CA-Man_FLUXNET_FLUXMET_YY_1994-2008_v1.3_r1.csv,AMF_CA-Man_FLUXNET_FLUXMET_YY_1994-2008_v1.3_r1.csv,TRUE,2026-06-01T16:37:38,42876,table_1 (p_era_mean_mm_1981_2025 dataset='era5_yy'; p_era_mean_mm_tower_years window boundary dataset='fluxmet_yy'); spot_check_nine_sites.csv
CA-Mer,era5_yy,data/extracted/AMF_CA-Mer_FLUXNET_1998-2020_v1.3_r1/AMF_CA-Mer_FLUXNET_ERA5_YY_1981-2024_v1.3_r1.csv,AMF_CA-Mer_FLUXNET_ERA5_YY_1981-2024_v1.3_r1.csv,TRUE,2026-06-01T16:37:38,3566,table_1 (p_era_mean_mm_1981_2025 dataset='era5_yy'; p_era_mean_mm_tower_years window boundary dataset='fluxmet_yy'); spot_check_nine_sites.csv
CA-Mer,fluxmet_yy,data/extracted/AMF_CA-Mer_FLUXNET_1998-2020_v1.3_r1/AMF_CA-Mer_FLUXNET_FLUXMET_YY_1998-2020_v1.3_r1.csv,AMF_CA-Mer_FLUXNET_FLUXMET_YY_1998-2020_v1.3_r1.csv,TRUE,2026-06-01T16:37:38,70400,table_1 (p_era_mean_mm_1981_2025 dataset='era5_yy'; p_era_mean_mm_tower_years window boundary dataset='fluxmet_yy'); spot_check_nine_sites.csv
CA-Mtk,era5_yy,data/extracted/AMF_CA-Mtk_FLUXNET_2024-2024_v1.3_r1/AMF_CA-Mtk_FLUXNET_ERA5_YY_1981-2025_v1.3_r1.csv,AMF_CA-Mtk_FLUXNET_ERA5_YY_1981-2025_v1.3_r1.csv,TRUE,2026-06-01T16:37:38,3727,table_1 (p_era_mean_mm_1981_2025 dataset='era5_yy'; p_era_mean_mm_tower_years window boundary dataset='fluxmet_yy'); spot_check_nine_sites.csv
CA-Mtk,fluxmet_yy,data/extracted/AMF_CA-Mtk_FLUXNET_2024-2024_v1.3_r1/AMF_CA-Mtk_FLUXNET_FLUXMET_YY_2024-2024_v1.3_r1.csv,AMF_CA-Mtk_FLUXNET_FLUXMET_YY_2024-2024_v1.3_r1.csv,TRUE,2026-06-01T16:37:38,4665,table_1 (p_era_mean_mm_1981_2025 dataset='era5_yy'; p_era_mean_mm_tower_years window boundary dataset='fluxmet_yy'); spot_check_nine_sites.csv
CA-Na1,era5_yy,data/extracted/AMF_CA-Na1_FLUXNET_2003-2005_v1.3_r1/AMF_CA-Na1_FLUXNET_ERA5_YY_1981-2025_v1.3_r1.csv,AMF_CA-Na1_FLUXNET_ERA5_YY_1981-2025_v1.3_r1.csv,TRUE,2026-06-01T16:37:38,3608,table_1 (p_era_mean_mm_1981_2025 dataset='era5_yy'; p_era_mean_mm_tower_years window boundary dataset='fluxmet_yy'); spot_check_nine_sites.csv
CA-Na1,fluxmet_yy,data/extracted/AMF_CA-Na1_FLUXNET_2003-2005_v1.3_r1/AMF_CA-Na1_FLUXNET_FLUXMET_YY_2003-2005_v1.3_r1.csv,AMF_CA-Na1_FLUXNET_FLUXMET_YY_2003-2005_v1.3_r1.csv,TRUE,2026-06-01T16:37:38,13140,table_1 (p_era_mean_mm_1981_2025 dataset='era5_yy'; p_era_mean_mm_tower_years window boundary dataset='fluxmet_yy'); spot_check_nine_sites.csv
CA-Ojp,era5_yy,data/extracted/AMF_CA-Ojp_FLUXNET_1999-2010_v1.3_r1/AMF_CA-Ojp_FLUXNET_ERA5_YY_1981-2025_v1.3_r1.csv,AMF_CA-Ojp_FLUXNET_ERA5_YY_1981-2025_v1.3_r1.csv,TRUE,2026-06-01T16:37:38,3587,table_1 (p_era_mean_mm_1981_2025 dataset='era5_yy'; p_era_mean_mm_tower_years window boundary dataset='fluxmet_yy'); spot_check_nine_sites.csv
CA-Ojp,fluxmet_yy,data/extracted/AMF_CA-Ojp_FLUXNET_1999-2010_v1.3_r1/AMF_CA-Ojp_FLUXNET_FLUXMET_YY_1999-2010_v1.3_r1.csv,AMF_CA-Ojp_FLUXNET_FLUXMET_YY_1999-2010_v1.3_r1.csv,TRUE,2026-06-01T16:37:38,26498,table_1 (p_era_mean_mm_1981_2025 dataset='era5_yy'; p_era_mean_mm_tower_years window boundary dataset='fluxmet_yy'); spot_check_nine_sites.csv
CA-PB1,era5_yy,data/extracted/AMF_CA-PB1_FLUXNET_2016-2024_v1.3_r1/AMF_CA-PB1_FLUXNET_ERA5_YY_1981-2025_v1.3_r1.csv,AMF_CA-PB1_FLUXNET_ERA5_YY_1981-2025_v1.3_r1.csv,TRUE,2026-06-01T16:37:38,3758,table_1 (p_era_mean_mm_1981_2025 dataset='era5_yy'; p_era_mean_mm_tower_years window boundary dataset='fluxmet_yy'); spot_check_nine_sites.csv
CA-PB1,fluxmet_yy,data/extracted/AMF_CA-PB1_FLUXNET_2016-2024_v1.3_r1/AMF_CA-PB1_FLUXNET_FLUXMET_YY_2016-2024_v1.3_r1.csv,AMF_CA-PB1_FLUXNET_FLUXMET_YY_2016-2024_v1.3_r1.csv,TRUE,2026-06-01T16:37:38,23310,table_1 (p_era_mean_mm_1981_2025 dataset='era5_yy'; p_era_mean_mm_tower_years window boundary dataset='fluxmet_yy'); spot_check_nine_sites.csv
CA-PB2,era5_yy,data/extracted/AMF_CA-PB2_FLUXNET_2017-2024_v1.3_r1/AMF_CA-PB2_FLUXNET_ERA5_YY_1981-2025_v1.3_r1.csv,AMF_CA-PB2_FLUXNET_ERA5_YY_1981-2025_v1.3_r1.csv,TRUE,2026-06-01T16:37:38,3762,table_1 (p_era_mean_mm_1981_2025 dataset='era5_yy'; p_era_mean_mm_tower_years window boundary dataset='fluxmet_yy'); spot_check_nine_sites.csv
CA-PB2,fluxmet_yy,data/extracted/AMF_CA-PB2_FLUXNET_2017-2024_v1.3_r1/AMF_CA-PB2_FLUXNET_FLUXMET_YY_2017-2024_v1.3_r1.csv,AMF_CA-PB2_FLUXNET_FLUXMET_YY_2017-2024_v1.3_r1.csv,TRUE,2026-06-01T16:37:38,24986,table_1 (p_era_mean_mm_1981_2025 dataset='era5_yy'; p_era_mean_mm_tower_years window boundary dataset='fluxmet_yy'); spot_check_nine_sites.csv
CA-Qc2,era5_yy,data/extracted/AMF_CA-Qc2_FLUXNET_2007-2010_v1.3_r1/AMF_CA-Qc2_FLUXNET_ERA5_YY_1981-2024_v1.3_r1.csv,AMF_CA-Qc2_FLUXNET_ERA5_YY_1981-2024_v1.3_r1.csv,TRUE,2026-06-01T16:37:38,3537,table_1 (p_era_mean_mm_1981_2025 dataset='era5_yy'; p_era_mean_mm_tower_years window boundary dataset='fluxmet_yy'); spot_check_nine_sites.csv
CA-Qc2,fluxmet_yy,data/extracted/AMF_CA-Qc2_FLUXNET_2007-2010_v1.3_r1/AMF_CA-Qc2_FLUXNET_FLUXMET_YY_2007-2010_v1.3_r1.csv,AMF_CA-Qc2_FLUXNET_FLUXMET_YY_2007-2010_v1.3_r1.csv,TRUE,2026-06-01T16:37:38,15162,table_1 (p_era_mean_mm_1981_2025 dataset='era5_yy'; p_era_mean_mm_tower_years window boundary dataset='fluxmet_yy'); spot_check_nine_sites.csv
CA-Qfo,era5_yy,data/extracted/AMF_CA-Qfo_FLUXNET_2003-2010_v1.3_r1/AMF_CA-Qfo_FLUXNET_ERA5_YY_1981-2024_v1.3_r1.csv,AMF_CA-Qfo_FLUXNET_ERA5_YY_1981-2024_v1.3_r1.csv,TRUE,2026-06-01T16:37:38,3551,table_1 (p_era_mean_mm_1981_2025 dataset='era5_yy'; p_era_mean_mm_tower_years window boundary dataset='fluxmet_yy'); spot_check_nine_sites.csv
CA-Qfo,fluxmet_yy,data/extracted/AMF_CA-Qfo_FLUXNET_2003-2010_v1.3_r1/AMF_CA-Qfo_FLUXNET_FLUXMET_YY_2003-2010_v1.3_r1.csv,AMF_CA-Qfo_FLUXNET_FLUXMET_YY_2003-2010_v1.3_r1.csv,TRUE,2026-06-01T16:37:38,26672,table_1 (p_era_mean_mm_1981_2025 dataset='era5_yy'; p_era_mean_mm_tower_years window boundary dataset='fluxmet_yy'); spot_check_nine_sites.csv
CA-RBM,era5_yy,data/extracted/AMF_CA-RBM_FLUXNET_2022-2024_v1.3_r1/AMF_CA-RBM_FLUXNET_ERA5_YY_1981-2025_v1.3_r1.csv,AMF_CA-RBM_FLUXNET_ERA5_YY_1981-2025_v1.3_r1.csv,TRUE,2026-06-01T16:37:38,3727,table_1 (p_era_mean_mm_1981_2025 dataset='era5_yy'; p_era_mean_mm_tower_years window boundary dataset='fluxmet_yy'); spot_check_nine_sites.csv
CA-RBM,fluxmet_yy,data/extracted/AMF_CA-RBM_FLUXNET_2022-2024_v1.3_r1/AMF_CA-RBM_FLUXNET_FLUXMET_YY_2022-2024_v1.3_r1.csv,AMF_CA-RBM_FLUXNET_FLUXMET_YY_2022-2024_v1.3_r1.csv,TRUE,2026-06-01T16:37:38,12717,table_1 (p_era_mean_mm_1981_2025 dataset='era5_yy'; p_era_mean_mm_tower_years window boundary dataset='fluxmet_yy'); spot_check_nine_sites.csv
CA-SCB,era5_yy,data/extracted/AMF_CA-SCB_FLUXNET_2014-2019_v1.3_r1/AMF_CA-SCB_FLUXNET_ERA5_YY_1981-2024_v1.3_r1.csv,AMF_CA-SCB_FLUXNET_ERA5_YY_1981-2024_v1.3_r1.csv,TRUE,2026-06-01T16:37:38,3626,table_1 (p_era_mean_mm_1981_2025 dataset='era5_yy'; p_era_mean_mm_tower_years window boundary dataset='fluxmet_yy'); spot_check_nine_sites.csv
CA-SCB,fluxmet_yy,data/extracted/AMF_CA-SCB_FLUXNET_2014-2019_v1.3_r1/AMF_CA-SCB_FLUXNET_FLUXMET_YY_2014-2019_v1.3_r1.csv,AMF_CA-SCB_FLUXNET_FLUXMET_YY_2014-2019_v1.3_r1.csv,TRUE,2026-06-01T16:37:38,19860,table_1 (p_era_mean_mm_1981_2025 dataset='era5_yy'; p_era_mean_mm_tower_years window boundary dataset='fluxmet_yy'); spot_check_nine_sites.csv
CA-SCC,era5_yy,data/extracted/AMF_CA-SCC_FLUXNET_2013-2024_v1.3_r1/AMF_CA-SCC_FLUXNET_ERA5_YY_1981-2025_v1.3_r1.csv,AMF_CA-SCC_FLUXNET_ERA5_YY_1981-2025_v1.3_r1.csv,TRUE,2026-06-01T16:37:38,3676,table_1 (p_era_mean_mm_1981_2025 dataset='era5_yy'; p_era_mean_mm_tower_years window boundary dataset='fluxmet_yy'); spot_check_nine_sites.csv
CA-SCC,fluxmet_yy,data/extracted/AMF_CA-SCC_FLUXNET_2013-2024_v1.3_r1/AMF_CA-SCC_FLUXNET_FLUXMET_YY_2013-2024_v1.3_r1.csv,AMF_CA-SCC_FLUXNET_FLUXMET_YY_2013-2024_v1.3_r1.csv,TRUE,2026-06-01T16:37:38,26555,table_1 (p_era_mean_mm_1981_2025 dataset='era5_yy'; p_era_mean_mm_tower_years window boundary dataset='fluxmet_yy'); spot_check_nine_sites.csv
CA-SF1,era5_yy,data/extracted/AMF_CA-SF1_FLUXNET_2003-2006_v1.3_r1/AMF_CA-SF1_FLUXNET_ERA5_YY_1981-2025_v1.3_r1.csv,AMF_CA-SF1_FLUXNET_ERA5_YY_1981-2025_v1.3_r1.csv,TRUE,2026-06-01T16:37:38,3665,table_1 (p_era_mean_mm_1981_2025 dataset='era5_yy'; p_era_mean_mm_tower_years window boundary dataset='fluxmet_yy'); spot_check_nine_sites.csv
CA-SF1,fluxmet_yy,data/extracted/AMF_CA-SF1_FLUXNET_2003-2006_v1.3_r1/AMF_CA-SF1_FLUXNET_FLUXMET_YY_2003-2006_v1.3_r1.csv,AMF_CA-SF1_FLUXNET_FLUXMET_YY_2003-2006_v1.3_r1.csv,TRUE,2026-06-01T16:37:38,14116,table_1 (p_era_mean_mm_1981_2025 dataset='era5_yy'; p_era_mean_mm_tower_years window boundary dataset='fluxmet_yy'); spot_check_nine_sites.csv
CA-SF2,era5_yy,data/extracted/AMF_CA-SF2_FLUXNET_2001-2005_v1.3_r1/AMF_CA-SF2_FLUXNET_ERA5_YY_1981-2025_v1.3_r1.csv,AMF_CA-SF2_FLUXNET_ERA5_YY_1981-2025_v1.3_r1.csv,TRUE,2026-06-01T16:37:38,3634,table_1 (p_era_mean_mm_1981_2025 dataset='era5_yy'; p_era_mean_mm_tower_years window boundary dataset='fluxmet_yy'); spot_check_nine_sites.csv
CA-SF2,fluxmet_yy,data/extracted/AMF_CA-SF2_FLUXNET_2001-2005_v1.3_r1/AMF_CA-SF2_FLUXNET_FLUXMET_YY_2001-2005_v1.3_r1.csv,AMF_CA-SF2_FLUXNET_FLUXMET_YY_2001-2005_v1.3_r1.csv,TRUE,2026-06-01T16:37:38,16389,table_1 (p_era_mean_mm_1981_2025 dataset='era5_yy'; p_era_mean_mm_tower_years window boundary dataset='fluxmet_yy'); spot_check_nine_sites.csv
CA-SF3,era5_yy,data/extracted/AMF_CA-SF3_FLUXNET_2001-2006_v1.3_r1/AMF_CA-SF3_FLUXNET_ERA5_YY_1981-2025_v1.3_r1.csv,AMF_CA-SF3_FLUXNET_ERA5_YY_1981-2025_v1.3_r1.csv,TRUE,2026-06-01T16:37:38,3624,table_1 (p_era_mean_mm_1981_2025 dataset='era5_yy'; p_era_mean_mm_tower_years window boundary dataset='fluxmet_yy'); spot_check_nine_sites.csv
CA-SF3,fluxmet_yy,data/extracted/AMF_CA-SF3_FLUXNET_2001-2006_v1.3_r1/AMF_CA-SF3_FLUXNET_FLUXMET_YY_2001-2006_v1.3_r1.csv,AMF_CA-SF3_FLUXNET_FLUXMET_YY_2001-2006_v1.3_r1.csv,TRUE,2026-06-01T16:37:38,18921,table_1 (p_era_mean_mm_1981_2025 dataset='era5_yy'; p_era_mean_mm_tower_years window boundary dataset='fluxmet_yy'); spot_check_nine_sites.csv
CA-SJ2,era5_yy,data/extracted/AMF_CA-SJ2_FLUXNET_2003-2008_v1.3_r1/AMF_CA-SJ2_FLUXNET_ERA5_YY_1981-2025_v1.3_r1.csv,AMF_CA-SJ2_FLUXNET_ERA5_YY_1981-2025_v1.3_r1.csv,TRUE,2026-06-01T16:37:38,3631,table_1 (p_era_mean_mm_1981_2025 dataset='era5_yy'; p_era_mean_mm_tower_years window boundary dataset='fluxmet_yy'); spot_check_nine_sites.csv
CA-SJ2,fluxmet_yy,data/extracted/AMF_CA-SJ2_FLUXNET_2003-2008_v1.3_r1/AMF_CA-SJ2_FLUXNET_FLUXMET_YY_2003-2008_v1.3_r1.csv,AMF_CA-SJ2_FLUXNET_FLUXMET_YY_2003-2008_v1.3_r1.csv,TRUE,2026-06-01T16:37:38,21927,table_1 (p_era_mean_mm_1981_2025 dataset='era5_yy'; p_era_mean_mm_tower_years window boundary dataset='fluxmet_yy'); spot_check_nine_sites.csv
CA-SMC,era5_yy,data/extracted/AMF_CA-SMC_FLUXNET_2018-2018_v1.3_r1/AMF_CA-SMC_FLUXNET_ERA5_YY_1981-2025_v1.3_r1.csv,AMF_CA-SMC_FLUXNET_ERA5_YY_1981-2025_v1.3_r1.csv,TRUE,2026-06-01T16:37:38,3769,table_1 (p_era_mean_mm_1981_2025 dataset='era5_yy'; p_era_mean_mm_tower_years window boundary dataset='fluxmet_yy'); spot_check_nine_sites.csv
CA-SMC,fluxmet_yy,data/extracted/AMF_CA-SMC_FLUXNET_2018-2018_v1.3_r1/AMF_CA-SMC_FLUXNET_FLUXMET_YY_2018-2018_v1.3_r1.csv,AMF_CA-SMC_FLUXNET_FLUXMET_YY_2018-2018_v1.3_r1.csv,TRUE,2026-06-01T16:37:38,4618,table_1 (p_era_mean_mm_1981_2025 dataset='era5_yy'; p_era_mean_mm_tower_years window boundary dataset='fluxmet_yy'); spot_check_nine_sites.csv
CA-TP1,era5_yy,data/extracted/AMF_CA-TP1_FLUXNET_2002-2023_v1.3_r1/AMF_CA-TP1_FLUXNET_ERA5_YY_1981-2025_v1.3_r1.csv,AMF_CA-TP1_FLUXNET_ERA5_YY_1981-2025_v1.3_r1.csv,TRUE,2026-06-01T16:37:38,3590,table_1 (p_era_mean_mm_1981_2025 dataset='era5_yy'; p_era_mean_mm_tower_years window boundary dataset='fluxmet_yy'); spot_check_nine_sites.csv
CA-TP1,fluxmet_yy,data/extracted/AMF_CA-TP1_FLUXNET_2002-2023_v1.3_r1/AMF_CA-TP1_FLUXNET_FLUXMET_YY_2002-2023_v1.3_r1.csv,AMF_CA-TP1_FLUXNET_FLUXMET_YY_2002-2023_v1.3_r1.csv,TRUE,2026-06-01T16:37:38,54840,table_1 (p_era_mean_mm_1981_2025 dataset='era5_yy'; p_era_mean_mm_tower_years window boundary dataset='fluxmet_yy'); spot_check_nine_sites.csv
CA-TP2,era5_yy,data/extracted/AMF_CA-TP2_FLUXNET_2002-2007_v1.3_r1/AMF_CA-TP2_FLUXNET_ERA5_YY_1981-2025_v1.3_r1.csv,AMF_CA-TP2_FLUXNET_ERA5_YY_1981-2025_v1.3_r1.csv,TRUE,2026-06-01T16:37:38,3399,table_1 (p_era_mean_mm_1981_2025 dataset='era5_yy'; p_era_mean_mm_tower_years window boundary dataset='fluxmet_yy'); spot_check_nine_sites.csv
CA-TP2,fluxmet_yy,data/extracted/AMF_CA-TP2_FLUXNET_2002-2007_v1.3_r1/AMF_CA-TP2_FLUXNET_FLUXMET_YY_2002-2007_v1.3_r1.csv,AMF_CA-TP2_FLUXNET_FLUXMET_YY_2002-2007_v1.3_r1.csv,TRUE,2026-06-01T16:37:38,19958,table_1 (p_era_mean_mm_1981_2025 dataset='era5_yy'; p_era_mean_mm_tower_years window boundary dataset='fluxmet_yy'); spot_check_nine_sites.csv
CA-TP3,era5_yy,data/extracted/AMF_CA-TP3_FLUXNET_2002-2023_v1.3_r1/AMF_CA-TP3_FLUXNET_ERA5_YY_1981-2024_v1.3_r1.csv,AMF_CA-TP3_FLUXNET_ERA5_YY_1981-2024_v1.3_r1.csv,TRUE,2026-06-01T16:37:38,3552,table_1 (p_era_mean_mm_1981_2025 dataset='era5_yy'; p_era_mean_mm_tower_years window boundary dataset='fluxmet_yy'); spot_check_nine_sites.csv
CA-TP3,fluxmet_yy,data/extracted/AMF_CA-TP3_FLUXNET_2002-2023_v1.3_r1/AMF_CA-TP3_FLUXNET_FLUXMET_YY_2002-2023_v1.3_r1.csv,AMF_CA-TP3_FLUXNET_FLUXMET_YY_2002-2023_v1.3_r1.csv,TRUE,2026-06-01T16:37:38,62358,table_1 (p_era_mean_mm_1981_2025 dataset='era5_yy'; p_era_mean_mm_tower_years window boundary dataset='fluxmet_yy'); spot_check_nine_sites.csv
CA-TP4,era5_yy,data/extracted/AMF_CA-TP4_FLUXNET_2002-2023_v1.3_r1/AMF_CA-TP4_FLUXNET_ERA5_YY_1981-2025_v1.3_r1.csv,AMF_CA-TP4_FLUXNET_ERA5_YY_1981-2025_v1.3_r1.csv,TRUE,2026-06-01T16:37:39,3625,table_1 (p_era_mean_mm_1981_2025 dataset='era5_yy'; p_era_mean_mm_tower_years window boundary dataset='fluxmet_yy'); spot_check_nine_sites.csv
CA-TP4,fluxmet_yy,data/extracted/AMF_CA-TP4_FLUXNET_2002-2023_v1.3_r1/AMF_CA-TP4_FLUXNET_FLUXMET_YY_2002-2023_v1.3_r1.csv,AMF_CA-TP4_FLUXNET_FLUXMET_YY_2002-2023_v1.3_r1.csv,TRUE,2026-06-01T16:37:39,66262,table_1 (p_era_mean_mm_1981_2025 dataset='era5_yy'; p_era_mean_mm_tower_years window boundary dataset='fluxmet_yy'); spot_check_nine_sites.csv
CA-TPA,era5_yy,data/extracted/AMF_CA-TPA_FLUXNET_2020-2023_v1.3_r1/AMF_CA-TPA_FLUXNET_ERA5_YY_1981-2025_v1.3_r1.csv,AMF_CA-TPA_FLUXNET_ERA5_YY_1981-2025_v1.3_r1.csv,TRUE,2026-06-01T16:37:39,3625,table_1 (p_era_mean_mm_1981_2025 dataset='era5_yy'; p_era_mean_mm_tower_years window boundary dataset='fluxmet_yy'); spot_check_nine_sites.csv
CA-TPA,fluxmet_yy,data/extracted/AMF_CA-TPA_FLUXNET_2020-2023_v1.3_r1/AMF_CA-TPA_FLUXNET_FLUXMET_YY_2020-2023_v1.3_r1.csv,AMF_CA-TPA_FLUXNET_FLUXMET_YY_2020-2023_v1.3_r1.csv,TRUE,2026-06-01T16:37:39,15511,table_1 (p_era_mean_mm_1981_2025 dataset='era5_yy'; p_era_mean_mm_tower_years window boundary dataset='fluxmet_yy'); spot_check_nine_sites.csv
CA-TPD,era5_yy,data/extracted/AMF_CA-TPD_FLUXNET_2012-2023_v1.3_r1/AMF_CA-TPD_FLUXNET_ERA5_YY_1981-2024_v1.3_r1.csv,AMF_CA-TPD_FLUXNET_ERA5_YY_1981-2024_v1.3_r1.csv,TRUE,2026-06-01T16:37:39,3594,table_1 (p_era_mean_mm_1981_2025 dataset='era5_yy'; p_era_mean_mm_tower_years window boundary dataset='fluxmet_yy'); spot_check_nine_sites.csv
CA-TPD,fluxmet_yy,data/extracted/AMF_CA-TPD_FLUXNET_2012-2023_v1.3_r1/AMF_CA-TPD_FLUXNET_FLUXMET_YY_2012-2023_v1.3_r1.csv,AMF_CA-TPD_FLUXNET_FLUXMET_YY_2012-2023_v1.3_r1.csv,TRUE,2026-06-01T16:37:39,38945,table_1 (p_era_mean_mm_1981_2025 dataset='era5_yy'; p_era_mean_mm_tower_years window boundary dataset='fluxmet_yy'); spot_check_nine_sites.csv
CA-TVC,era5_yy,data/extracted/AMF_CA-TVC_FLUXNET_2017-2017_v1.3_r1/AMF_CA-TVC_FLUXNET_ERA5_YY_1981-2025_v1.3_r1.csv,AMF_CA-TVC_FLUXNET_ERA5_YY_1981-2025_v1.3_r1.csv,TRUE,2026-06-01T16:37:39,3707,table_1 (p_era_mean_mm_1981_2025 dataset='era5_yy'; p_era_mean_mm_tower_years window boundary dataset='fluxmet_yy'); spot_check_nine_sites.csv
CA-TVC,fluxmet_yy,data/extracted/AMF_CA-TVC_FLUXNET_2017-2017_v1.3_r1/AMF_CA-TVC_FLUXNET_FLUXMET_YY_2017-2017_v1.3_r1.csv,AMF_CA-TVC_FLUXNET_FLUXMET_YY_2017-2017_v1.3_r1.csv,TRUE,2026-06-01T16:37:39,4191,table_1 (p_era_mean_mm_1981_2025 dataset='era5_yy'; p_era_mean_mm_tower_years window boundary dataset='fluxmet_yy'); spot_check_nine_sites.csv
CD-Ygb,era5_yy,data/extracted/ICOS_CD-Ygb_FLUXNET_2020-2025_v1.3_r1/ICOS_CD-Ygb_FLUXNET_ERA5_YY_1981-2025_v1.3_r1.csv,ICOS_CD-Ygb_FLUXNET_ERA5_YY_1981-2025_v1.3_r1.csv,TRUE,2026-09-20T13:04:00,3899,table_1 (p_era_mean_mm_1981_2025 dataset='era5_yy'; p_era_mean_mm_tower_years window boundary dataset='fluxmet_yy'); spot_check_nine_sites.csv
CD-Ygb,fluxmet_yy,data/extracted/ICOS_CD-Ygb_FLUXNET_2020-2025_v1.3_r1/ICOS_CD-Ygb_FLUXNET_FLUXMET_YY_2020-2025_v1.3_r1.csv,ICOS_CD-Ygb_FLUXNET_FLUXMET_YY_2020-2025_v1.3_r1.csv,TRUE,2026-09-20T13:04:00,20374,table_1 (p_era_mean_mm_1981_2025 dataset='era5_yy'; p_era_mean_mm_tower_years window boundary dataset='fluxmet_yy'); spot_check_nine_sites.csv
CG-Tch,era5_yy,data/extracted/EUF_CG-Tch_FLUXNET_2006-2009_v1.3_r1/EUF_CG-Tch_FLUXNET_ERA5_YY_1981-2025_v1.3_r1.csv,EUF_CG-Tch_FLUXNET_ERA5_YY_1981-2025_v1.3_r1.csv,TRUE,2026-06-01T16:45:19,3802,table_1 (p_era_mean_mm_1981_2025 dataset='era5_yy'; p_era_mean_mm_tower_years window boundary dataset='fluxmet_yy'); spot_check_nine_sites.csv
CG-Tch,fluxmet_yy,data/extracted/EUF_CG-Tch_FLUXNET_2006-2009_v1.3_r1/EUF_CG-Tch_FLUXNET_FLUXMET_YY_2006-2009_v1.3_r1.csv,EUF_CG-Tch_FLUXNET_FLUXMET_YY_2006-2009_v1.3_r1.csv,TRUE,2026-06-01T16:45:19,13646,table_1 (p_era_mean_mm_1981_2025 dataset='era5_yy'; p_era_mean_mm_tower_years window boundary dataset='fluxmet_yy'); spot_check_nine_sites.csv
CH-Aws,era5_yy,data/extracted/EUF_CH-Aws_FLUXNET_2006-2024_v1.3_r2/EUF_CH-Aws_FLUXNET_ERA5_YY_1981-2025_v1.3_r2.csv,EUF_CH-Aws_FLUXNET_ERA5_YY_1981-2025_v1.3_r2.csv,TRUE,2026-06-01T16:45:19,3628,table_1 (p_era_mean_mm_1981_2025 dataset='era5_yy'; p_era_mean_mm_tower_years window boundary dataset='fluxmet_yy'); spot_check_nine_sites.csv
CH-Aws,fluxmet_yy,data/extracted/EUF_CH-Aws_FLUXNET_2006-2024_v1.3_r2/EUF_CH-Aws_FLUXNET_FLUXMET_YY_2006-2024_v1.3_r2.csv,EUF_CH-Aws_FLUXNET_FLUXMET_YY_2006-2024_v1.3_r2.csv,TRUE,2026-06-01T16:45:19,45645,table_1 (p_era_mean_mm_1981_2025 dataset='era5_yy'; p_era_mean_mm_tower_years window boundary dataset='fluxmet_yy'); spot_check_nine_sites.csv
CH-Cha,era5_yy,data/extracted/EUF_CH-Cha_FLUXNET_2005-2024_v1.3_r1/EUF_CH-Cha_FLUXNET_ERA5_YY_1981-2024_v1.3_r1.csv,EUF_CH-Cha_FLUXNET_ERA5_YY_1981-2024_v1.3_r1.csv,TRUE,2026-06-01T16:45:19,3578,table_1 (p_era_mean_mm_1981_2025 dataset='era5_yy'; p_era_mean_mm_tower_years window boundary dataset='fluxmet_yy'); spot_check_nine_sites.csv
CH-Cha,fluxmet_yy,data/extracted/EUF_CH-Cha_FLUXNET_2005-2024_v1.3_r1/EUF_CH-Cha_FLUXNET_FLUXMET_YY_2005-2024_v1.3_r1.csv,EUF_CH-Cha_FLUXNET_FLUXMET_YY_2005-2024_v1.3_r1.csv,TRUE,2026-06-01T16:45:19,56357,table_1 (p_era_mean_mm_1981_2025 dataset='era5_yy'; p_era_mean_mm_tower_years window boundary dataset='fluxmet_yy'); spot_check_nine_sites.csv
CH-Crs,era5_yy,data/extracted/EUF_CH-Crs_FLUXNET_2015-2016_v1.3_r1/EUF_CH-Crs_FLUXNET_ERA5_YY_1981-2024_v1.3_r1.csv,EUF_CH-Crs_FLUXNET_ERA5_YY_1981-2024_v1.3_r1.csv,TRUE,2026-06-01T16:45:19,3609,table_1 (p_era_mean_mm_1981_2025 dataset='era5_yy'; p_era_mean_mm_tower_years window boundary dataset='fluxmet_yy'); spot_check_nine_sites.csv
CH-Crs,fluxmet_yy,data/extracted/EUF_CH-Crs_FLUXNET_2015-2016_v1.3_r1/EUF_CH-Crs_FLUXNET_FLUXMET_YY_2015-2016_v1.3_r1.csv,EUF_CH-Crs_FLUXNET_FLUXMET_YY_2015-2016_v1.3_r1.csv,TRUE,2026-06-01T16:45:19,5926,table_1 (p_era_mean_mm_1981_2025 dataset='era5_yy'; p_era_mean_mm_tower_years window boundary dataset='fluxmet_yy'); spot_check_nine_sites.csv
CH-Dav,era5_yy,data/extracted/ICOS_CH-Dav_FLUXNET_1997-2025_v1.3_r1/ICOS_CH-Dav_FLUXNET_ERA5_YY_1981-2025_v1.3_r1.csv,ICOS_CH-Dav_FLUXNET_ERA5_YY_1981-2025_v1.3_r1.csv,TRUE,2026-09-20T13:04:00,3589,table_1 (p_era_mean_mm_1981_2025 dataset='era5_yy'; p_era_mean_mm_tower_years window boundary dataset='fluxmet_yy'); spot_check_nine_sites.csv
CH-Dav,fluxmet_yy,data/extracted/ICOS_CH-Dav_FLUXNET_1997-2025_v1.3_r1/ICOS_CH-Dav_FLUXNET_FLUXMET_YY_1997-2025_v1.3_r1.csv,ICOS_CH-Dav_FLUXNET_FLUXMET_YY_1997-2025_v1.3_r1.csv,TRUE,2026-09-20T13:04:00,86824,table_1 (p_era_mean_mm_1981_2025 dataset='era5_yy'; p_era_mean_mm_tower_years window boundary dataset='fluxmet_yy'); spot_check_nine_sites.csv
CH-For,era5_yy,data/extracted/EUF_CH-For_FLUXNET_2024-2024_v1.3_r2/EUF_CH-For_FLUXNET_ERA5_YY_1981-2025_v1.3_r2.csv,EUF_CH-For_FLUXNET_ERA5_YY_1981-2025_v1.3_r2.csv,TRUE,2026-06-01T16:45:19,3617,table_1 (p_era_mean_mm_1981_2025 dataset='era5_yy'; p_era_mean_mm_tower_years window boundary dataset='fluxmet_yy'); spot_check_nine_sites.csv
CH-For,fluxmet_yy,data/extracted/EUF_CH-For_FLUXNET_2024-2024_v1.3_r2/EUF_CH-For_FLUXNET_FLUXMET_YY_2024-2024_v1.3_r2.csv,EUF_CH-For_FLUXNET_FLUXMET_YY_2024-2024_v1.3_r2.csv,TRUE,2026-06-01T16:45:19,4689,table_1 (p_era_mean_mm_1981_2025 dataset='era5_yy'; p_era_mean_mm_tower_years window boundary dataset='fluxmet_yy'); spot_check_nine_sites.csv
CH-Frk,era5_yy,data/extracted/EUF_CH-Frk_FLUXNET_2013-2014_v1.3_r1/EUF_CH-Frk_FLUXNET_ERA5_YY_1981-2025_v1.3_r1.csv,EUF_CH-Frk_FLUXNET_ERA5_YY_1981-2025_v1.3_r1.csv,TRUE,2026-06-01T16:45:19,3704,table_1 (p_era_mean_mm_1981_2025 dataset='era5_yy'; p_era_mean_mm_tower_years window boundary dataset='fluxmet_yy'); spot_check_nine_sites.csv
CH-Frk,fluxmet_yy,data/extracted/EUF_CH-Frk_FLUXNET_2013-2014_v1.3_r1/EUF_CH-Frk_FLUXNET_FLUXMET_YY_2013-2014_v1.3_r1.csv,EUF_CH-Frk_FLUXNET_FLUXMET_YY_2013-2014_v1.3_r1.csv,TRUE,2026-06-01T16:45:19,5635,table_1 (p_era_mean_mm_1981_2025 dataset='era5_yy'; p_era_mean_mm_tower_years window boundary dataset='fluxmet_yy'); spot_check_nine_sites.csv
CH-Fru,era5_yy,data/extracted/EUF_CH-Fru_FLUXNET_2005-2024_v1.3_r1/EUF_CH-Fru_FLUXNET_ERA5_YY_1981-2024_v1.3_r1.csv,EUF_CH-Fru_FLUXNET_ERA5_YY_1981-2024_v1.3_r1.csv,TRUE,2026-06-01T16:45:19,3543,table_1 (p_era_mean_mm_1981_2025 dataset='era5_yy'; p_era_mean_mm_tower_years window boundary dataset='fluxmet_yy'); spot_check_nine_sites.csv
CH-Fru,fluxmet_yy,data/extracted/EUF_CH-Fru_FLUXNET_2005-2024_v1.3_r1/EUF_CH-Fru_FLUXNET_FLUXMET_YY_2005-2024_v1.3_r1.csv,EUF_CH-Fru_FLUXNET_FLUXMET_YY_2005-2024_v1.3_r1.csv,TRUE,2026-06-01T16:45:19,64063,table_1 (p_era_mean_mm_1981_2025 dataset='era5_yy'; p_era_mean_mm_tower_years window boundary dataset='fluxmet_yy'); spot_check_nine_sites.csv
CH-Lae,era5_yy,data/extracted/EUF_CH-Lae_FLUXNET_2004-2024_v1.3_r1/EUF_CH-Lae_FLUXNET_ERA5_YY_1981-2024_v1.3_r1.csv,EUF_CH-Lae_FLUXNET_ERA5_YY_1981-2024_v1.3_r1.csv,TRUE,2026-06-01T16:45:19,3507,table_1 (p_era_mean_mm_1981_2025 dataset='era5_yy'; p_era_mean_mm_tower_years window boundary dataset='fluxmet_yy'); spot_check_nine_sites.csv
CH-Lae,fluxmet_yy,data/extracted/EUF_CH-Lae_FLUXNET_2004-2024_v1.3_r1/EUF_CH-Lae_FLUXNET_FLUXMET_YY_2004-2024_v1.3_r1.csv,EUF_CH-Lae_FLUXNET_FLUXMET_YY_2004-2024_v1.3_r1.csv,TRUE,2026-06-01T16:45:19,60277,table_1 (p_era_mean_mm_1981_2025 dataset='era5_yy'; p_era_mean_mm_tower_years window boundary dataset='fluxmet_yy'); spot_check_nine_sites.csv
CH-Oe1,era5_yy,data/extracted/EUF_CH-Oe1_FLUXNET_2002-2011_v1.3_r1/EUF_CH-Oe1_FLUXNET_ERA5_YY_1981-2025_v1.3_r1.csv,EUF_CH-Oe1_FLUXNET_ERA5_YY_1981-2025_v1.3_r1.csv,TRUE,2026-06-01T16:45:19,3641,table_1 (p_era_mean_mm_1981_2025 dataset='era5_yy'; p_era_mean_mm_tower_years window boundary dataset='fluxmet_yy'); spot_check_nine_sites.csv
CH-Oe1,fluxmet_yy,data/extracted/EUF_CH-Oe1_FLUXNET_2002-2011_v1.3_r1/EUF_CH-Oe1_FLUXNET_FLUXMET_YY_2002-2011_v1.3_r1.csv,EUF_CH-Oe1_FLUXNET_FLUXMET_YY_2002-2011_v1.3_r1.csv,TRUE,2026-06-01T16:45:19,31557,table_1 (p_era_mean_mm_1981_2025 dataset='era5_yy'; p_era_mean_mm_tower_years window boundary dataset='fluxmet_yy'); spot_check_nine_sites.csv
CH-Oe2,era5_yy,data/extracted/EUF_CH-Oe2_FLUXNET_2004-2024_v1.3_r1/EUF_CH-Oe2_FLUXNET_ERA5_YY_1981-2025_v1.3_r1.csv,EUF_CH-Oe2_FLUXNET_ERA5_YY_1981-2025_v1.3_r1.csv,TRUE,2026-06-01T16:45:19,3649,table_1 (p_era_mean_mm_1981_2025 dataset='era5_yy'; p_era_mean_mm_tower_years window boundary dataset='fluxmet_yy'); spot_check_nine_sites.csv
CH-Oe2,fluxmet_yy,data/extracted/EUF_CH-Oe2_FLUXNET_2004-2024_v1.3_r1/EUF_CH-Oe2_FLUXNET_FLUXMET_YY_2004-2024_v1.3_r1.csv,EUF_CH-Oe2_FLUXNET_FLUXMET_YY_2004-2024_v1.3_r1.csv,TRUE,2026-06-01T16:45:19,63771,table_1 (p_era_mean_mm_1981_2025 dataset='era5_yy'; p_era_mean_mm_tower_years window boundary dataset='fluxmet_yy'); spot_check_nine_sites.csv
CH-Oe3,era5_yy,data/extracted/EUF_CH-Oe3_FLUXNET_2002-2011_v1.3_r2/EUF_CH-Oe3_FLUXNET_ERA5_YY_1981-2025_v1.3_r2.csv,EUF_CH-Oe3_FLUXNET_ERA5_YY_1981-2025_v1.3_r2.csv,TRUE,2026-06-01T16:45:19,3647,table_1 (p_era_mean_mm_1981_2025 dataset='era5_yy'; p_era_mean_mm_tower_years window boundary dataset='fluxmet_yy'); spot_check_nine_sites.csv
CH-Oe3,fluxmet_yy,data/extracted/EUF_CH-Oe3_FLUXNET_2002-2011_v1.3_r2/EUF_CH-Oe3_FLUXNET_FLUXMET_YY_2002-2011_v1.3_r2.csv,EUF_CH-Oe3_FLUXNET_FLUXMET_YY_2002-2011_v1.3_r2.csv,TRUE,2026-06-01T16:45:19,30072,table_1 (p_era_mean_mm_1981_2025 dataset='era5_yy'; p_era_mean_mm_tower_years window boundary dataset='fluxmet_yy'); spot_check_nine_sites.csv
CH-Rh1,era5_yy,data/extracted/EUF_CH-Rh1_FLUXNET_2018-2021_v1.3_r1/EUF_CH-Rh1_FLUXNET_ERA5_YY_1981-2024_v1.3_r1.csv,EUF_CH-Rh1_FLUXNET_ERA5_YY_1981-2024_v1.3_r1.csv,TRUE,2026-06-01T16:45:19,3596,table_1 (p_era_mean_mm_1981_2025 dataset='era5_yy'; p_era_mean_mm_tower_years window boundary dataset='fluxmet_yy'); spot_check_nine_sites.csv
CH-Rh1,fluxmet_yy,data/extracted/EUF_CH-Rh1_FLUXNET_2018-2021_v1.3_r1/EUF_CH-Rh1_FLUXNET_FLUXMET_YY_2018-2021_v1.3_r1.csv,EUF_CH-Rh1_FLUXNET_FLUXMET_YY_2018-2021_v1.3_r1.csv,TRUE,2026-06-01T16:45:19,14630,table_1 (p_era_mean_mm_1981_2025 dataset='era5_yy'; p_era_mean_mm_tower_years window boundary dataset='fluxmet_yy'); spot_check_nine_sites.csv
CH-Rh2,era5_yy,data/extracted/EUF_CH-Rh2_FLUXNET_2018-2021_v1.3_r1/EUF_CH-Rh2_FLUXNET_ERA5_YY_1981-2024_v1.3_r1.csv,EUF_CH-Rh2_FLUXNET_ERA5_YY_1981-2024_v1.3_r1.csv,TRUE,2026-06-01T16:45:19,3595,table_1 (p_era_mean_mm_1981_2025 dataset='era5_yy'; p_era_mean_mm_tower_years window boundary dataset='fluxmet_yy'); spot_check_nine_sites.csv
CH-Rh2,fluxmet_yy,data/extracted/EUF_CH-Rh2_FLUXNET_2018-2021_v1.3_r1/EUF_CH-Rh2_FLUXNET_FLUXMET_YY_2018-2021_v1.3_r1.csv,EUF_CH-Rh2_FLUXNET_FLUXMET_YY_2018-2021_v1.3_r1.csv,TRUE,2026-06-01T16:45:19,14570,table_1 (p_era_mean_mm_1981_2025 dataset='era5_yy'; p_era_mean_mm_tower_years window boundary dataset='fluxmet_yy'); spot_check_nine_sites.csv
CH-Rtb,era5_yy,data/extracted/EUF_CH-Rtb_FLUXNET_2009-2022_v1.3_r1/EUF_CH-Rtb_FLUXNET_ERA5_YY_1981-2025_v1.3_r1.csv,EUF_CH-Rtb_FLUXNET_ERA5_YY_1981-2025_v1.3_r1.csv,TRUE,2026-06-01T16:45:19,3624,table_1 (p_era_mean_mm_1981_2025 dataset='era5_yy'; p_era_mean_mm_tower_years window boundary dataset='fluxmet_yy'); spot_check_nine_sites.csv
CH-Rtb,fluxmet_yy,data/extracted/EUF_CH-Rtb_FLUXNET_2009-2022_v1.3_r1/EUF_CH-Rtb_FLUXNET_FLUXMET_YY_2009-2022_v1.3_r1.csv,EUF_CH-Rtb_FLUXNET_FLUXMET_YY_2009-2022_v1.3_r1.csv,TRUE,2026-06-01T16:45:19,39409,table_1 (p_era_mean_mm_1981_2025 dataset='era5_yy'; p_era_mean_mm_tower_years window boundary dataset='fluxmet_yy'); spot_check_nine_sites.csv
CH-Tnk,era5_yy,data/extracted/EUF_CH-Tnk_FLUXNET_2024-2024_v1.3_r1/EUF_CH-Tnk_FLUXNET_ERA5_YY_1981-2025_v1.3_r1.csv,EUF_CH-Tnk_FLUXNET_ERA5_YY_1981-2025_v1.3_r1.csv,TRUE,2026-06-01T16:45:19,3649,table_1 (p_era_mean_mm_1981_2025 dataset='era5_yy'; p_era_mean_mm_tower_years window boundary dataset='fluxmet_yy'); spot_check_nine_sites.csv
CH-Tnk,fluxmet_yy,data/extracted/EUF_CH-Tnk_FLUXNET_2024-2024_v1.3_r1/EUF_CH-Tnk_FLUXNET_FLUXMET_YY_2024-2024_v1.3_r1.csv,EUF_CH-Tnk_FLUXNET_FLUXMET_YY_2024-2024_v1.3_r1.csv,TRUE,2026-06-01T16:45:19,4690,table_1 (p_era_mean_mm_1981_2025 dataset='era5_yy'; p_era_mean_mm_tower_years window boundary dataset='fluxmet_yy'); spot_check_nine_sites.csv
CL-ACF,era5_yy,data/extracted/AMF_CL-ACF_FLUXNET_2018-2020_v1.3_r1/AMF_CL-ACF_FLUXNET_ERA5_YY_1981-2024_v1.3_r1.csv,AMF_CL-ACF_FLUXNET_ERA5_YY_1981-2024_v1.3_r1.csv,TRUE,2026-06-01T16:37:39,3557,table_1 (p_era_mean_mm_1981_2025 dataset='era5_yy'; p_era_mean_mm_tower_years window boundary dataset='fluxmet_yy'); spot_check_nine_sites.csv
CL-ACF,fluxmet_yy,data/extracted/AMF_CL-ACF_FLUXNET_2018-2020_v1.3_r1/AMF_CL-ACF_FLUXNET_FLUXMET_YY_2018-2020_v1.3_r1.csv,AMF_CL-ACF_FLUXNET_FLUXMET_YY_2018-2020_v1.3_r1.csv,TRUE,2026-06-01T16:37:39,11997,table_1 (p_era_mean_mm_1981_2025 dataset='era5_yy'; p_era_mean_mm_tower_years window boundary dataset='fluxmet_yy'); spot_check_nine_sites.csv
CL-SDF,era5_yy,data/extracted/AMF_CL-SDF_FLUXNET_2014-2021_v1.3_r1/AMF_CL-SDF_FLUXNET_ERA5_YY_1981-2024_v1.3_r1.csv,AMF_CL-SDF_FLUXNET_ERA5_YY_1981-2024_v1.3_r1.csv,TRUE,2026-06-01T16:37:39,3711,table_1 (p_era_mean_mm_1981_2025 dataset='era5_yy'; p_era_mean_mm_tower_years window boundary dataset='fluxmet_yy'); spot_check_nine_sites.csv
CL-SDF,fluxmet_yy,data/extracted/AMF_CL-SDF_FLUXNET_2014-2021_v1.3_r1/AMF_CL-SDF_FLUXNET_FLUXMET_YY_2014-2021_v1.3_r1.csv,AMF_CL-SDF_FLUXNET_FLUXMET_YY_2014-2021_v1.3_r1.csv,TRUE,2026-06-01T16:37:39,24565,table_1 (p_era_mean_mm_1981_2025 dataset='era5_yy'; p_era_mean_mm_tower_years window boundary dataset='fluxmet_yy'); spot_check_nine_sites.csv
CL-SDP,era5_yy,data/extracted/AMF_CL-SDP_FLUXNET_2014-2021_v1.3_r1/AMF_CL-SDP_FLUXNET_ERA5_YY_1981-2024_v1.3_r1.csv,AMF_CL-SDP_FLUXNET_ERA5_YY_1981-2024_v1.3_r1.csv,TRUE,2026-06-01T16:37:39,3713,table_1 (p_era_mean_mm_1981_2025 dataset='era5_yy'; p_era_mean_mm_tower_years window boundary dataset='fluxmet_yy'); spot_check_nine_sites.csv
CL-SDP,fluxmet_yy,data/extracted/AMF_CL-SDP_FLUXNET_2014-2021_v1.3_r1/AMF_CL-SDP_FLUXNET_FLUXMET_YY_2014-2021_v1.3_r1.csv,AMF_CL-SDP_FLUXNET_FLUXMET_YY_2014-2021_v1.3_r1.csv,TRUE,2026-06-01T16:37:39,25714,table_1 (p_era_mean_mm_1981_2025 dataset='era5_yy'; p_era_mean_mm_tower_years window boundary dataset='fluxmet_yy'); spot_check_nine_sites.csv
CN-Aro,era5_yy,data/extracted/CNF_CN-Aro_FLUXNET_2013-2024_v1.3_r2/CNF_CN-Aro_FLUXNET_ERA5_YY_1981-2025_v1.3_r2.csv,CNF_CN-Aro_FLUXNET_ERA5_YY_1981-2025_v1.3_r2.csv,TRUE,2026-06-01T16:45:18,3694,table_1 (p_era_mean_mm_1981_2025 dataset='era5_yy'; p_era_mean_mm_tower_years window boundary dataset='fluxmet_yy'); spot_check_nine_sites.csv
CN-Aro,fluxmet_yy,data/extracted/CNF_CN-Aro_FLUXNET_2013-2024_v1.3_r2/CNF_CN-Aro_FLUXNET_FLUXMET_YY_2013-2024_v1.3_r2.csv,CNF_CN-Aro_FLUXNET_FLUXMET_YY_2013-2024_v1.3_r2.csv,TRUE,2026-06-01T16:45:18,40920,table_1 (p_era_mean_mm_1981_2025 dataset='era5_yy'; p_era_mean_mm_tower_years window boundary dataset='fluxmet_yy'); spot_check_nine_sites.csv
CN-Ash,era5_yy,data/extracted/CNF_CN-Ash_FLUXNET_2009-2019_v1.3_r2/CNF_CN-Ash_FLUXNET_ERA5_YY_1981-2025_v1.3_r2.csv,CNF_CN-Ash_FLUXNET_ERA5_YY_1981-2025_v1.3_r2.csv,TRUE,2026-06-01T16:45:18,3735,table_1 (p_era_mean_mm_1981_2025 dataset='era5_yy'; p_era_mean_mm_tower_years window boundary dataset='fluxmet_yy'); spot_check_nine_sites.csv
CN-Ash,fluxmet_yy,data/extracted/CNF_CN-Ash_FLUXNET_2009-2019_v1.3_r2/CNF_CN-Ash_FLUXNET_FLUXMET_YY_2009-2019_v1.3_r2.csv,CNF_CN-Ash_FLUXNET_FLUXMET_YY_2009-2019_v1.3_r2.csv,TRUE,2026-06-01T16:45:18,34890,table_1 (p_era_mean_mm_1981_2025 dataset='era5_yy'; p_era_mean_mm_tower_years window boundary dataset='fluxmet_yy'); spot_check_nine_sites.csv
CN-BeO,era5_yy,data/extracted/CNF_CN-BeO_FLUXNET_2012-2020_v1.3_r2/CNF_CN-BeO_FLUXNET_ERA5_YY_1981-2025_v1.3_r2.csv,CNF_CN-BeO_FLUXNET_ERA5_YY_1981-2025_v1.3_r2.csv,TRUE,2026-06-01T16:45:18,3767,table_1 (p_era_mean_mm_1981_2025 dataset='era5_yy'; p_era_mean_mm_tower_years window boundary dataset='fluxmet_yy'); spot_check_nine_sites.csv
CN-BeO,fluxmet_yy,data/extracted/CNF_CN-BeO_FLUXNET_2012-2020_v1.3_r2/CNF_CN-BeO_FLUXNET_FLUXMET_YY_2012-2020_v1.3_r2.csv,CNF_CN-BeO_FLUXNET_FLUXMET_YY_2012-2020_v1.3_r2.csv,TRUE,2026-06-01T16:45:18,28525,table_1 (p_era_mean_mm_1981_2025 dataset='era5_yy'; p_era_mean_mm_tower_years window boundary dataset='fluxmet_yy'); spot_check_nine_sites.csv
CN-DaW,era5_yy,data/extracted/CNF_CN-DaW_FLUXNET_2011-2019_v1.3_r1/CNF_CN-DaW_FLUXNET_ERA5_YY_1981-2025_v1.3_r1.csv,CNF_CN-DaW_FLUXNET_ERA5_YY_1981-2025_v1.3_r1.csv,TRUE,2026-06-01T16:45:18,3578,table_1 (p_era_mean_mm_1981_2025 dataset='era5_yy'; p_era_mean_mm_tower_years window boundary dataset='fluxmet_yy'); spot_check_nine_sites.csv
CN-DaW,fluxmet_yy,data/extracted/CNF_CN-DaW_FLUXNET_2011-2019_v1.3_r1/CNF_CN-DaW_FLUXNET_FLUXMET_YY_2011-2019_v1.3_r1.csv,CNF_CN-DaW_FLUXNET_FLUXMET_YY_2011-2019_v1.3_r1.csv,TRUE,2026-06-01T16:45:18,19304,table_1 (p_era_mean_mm_1981_2025 dataset='era5_yy'; p_era_mean_mm_tower_years window boundary dataset='fluxmet_yy'); spot_check_nine_sites.csv
CN-Dan,era5_yy,data/extracted/CNF_CN-Dan_FLUXNET_2011-2020_v1.3_r1/CNF_CN-Dan_FLUXNET_ERA5_YY_1981-2025_v1.3_r1.csv,CNF_CN-Dan_FLUXNET_ERA5_YY_1981-2025_v1.3_r1.csv,TRUE,2026-06-01T16:45:18,3568,table_1 (p_era_mean_mm_1981_2025 dataset='era5_yy'; p_era_mean_mm_tower_years window boundary dataset='fluxmet_yy'); spot_check_nine_sites.csv
CN-Dan,fluxmet_yy,data/extracted/CNF_CN-Dan_FLUXNET_2011-2020_v1.3_r1/CNF_CN-Dan_FLUXNET_FLUXMET_YY_2011-2020_v1.3_r1.csv,CNF_CN-Dan_FLUXNET_FLUXMET_YY_2011-2020_v1.3_r1.csv,TRUE,2026-06-01T16:45:18,21389,table_1 (p_era_mean_mm_1981_2025 dataset='era5_yy'; p_era_mean_mm_tower_years window boundary dataset='fluxmet_yy'); spot_check_nine_sites.csv
CN-Dda,era5_yy,data/extracted/CNF_CN-Dda_FLUXNET_2011-2014_v1.3_r1/CNF_CN-Dda_FLUXNET_ERA5_YY_1981-2024_v1.3_r1.csv,CNF_CN-Dda_FLUXNET_ERA5_YY_1981-2024_v1.3_r1.csv,TRUE,2026-06-01T16:45:19,3528,table_1 (p_era_mean_mm_1981_2025 dataset='era5_yy'; p_era_mean_mm_tower_years window boundary dataset='fluxmet_yy'); spot_check_nine_sites.csv
CN-Dda,fluxmet_yy,data/extracted/CNF_CN-Dda_FLUXNET_2011-2014_v1.3_r1/CNF_CN-Dda_FLUXNET_FLUXMET_YY_2011-2014_v1.3_r1.csv,CNF_CN-Dda_FLUXNET_FLUXMET_YY_2011-2014_v1.3_r1.csv,TRUE,2026-06-01T16:45:19,15154,table_1 (p_era_mean_mm_1981_2025 dataset='era5_yy'; p_era_mean_mm_tower_years window boundary dataset='fluxmet_yy'); spot_check_nine_sites.csv
CN-Din,era5_yy,data/extracted/CNF_CN-Din_FLUXNET_2010-2020_v1.3_r2/CNF_CN-Din_FLUXNET_ERA5_YY_1981-2025_v1.3_r2.csv,CNF_CN-Din_FLUXNET_ERA5_YY_1981-2025_v1.3_r2.csv,TRUE,2026-06-01T16:45:19,3754,table_1 (p_era_mean_mm_1981_2025 dataset='era5_yy'; p_era_mean_mm_tower_years window boundary dataset='fluxmet_yy'); spot_check_nine_sites.csv
CN-Din,fluxmet_yy,data/extracted/CNF_CN-Din_FLUXNET_2010-2020_v1.3_r2/CNF_CN-Din_FLUXNET_FLUXMET_YY_2010-2020_v1.3_r2.csv,CNF_CN-Din_FLUXNET_FLUXMET_YY_2010-2020_v1.3_r2.csv,TRUE,2026-06-01T16:45:19,24590,table_1 (p_era_mean_mm_1981_2025 dataset='era5_yy'; p_era_mean_mm_tower_years window boundary dataset='fluxmet_yy'); spot_check_nine_sites.csv
CN-Dmn,era5_yy,data/extracted/CNF_CN-Dmn_FLUXNET_2012-2024_v1.3_r1/CNF_CN-Dmn_FLUXNET_ERA5_YY_1981-2025_v1.3_r1.csv,CNF_CN-Dmn_FLUXNET_ERA5_YY_1981-2025_v1.3_r1.csv,TRUE,2026-06-01T16:45:19,3634,table_1 (p_era_mean_mm_1981_2025 dataset='era5_yy'; p_era_mean_mm_tower_years window boundary dataset='fluxmet_yy'); spot_check_nine_sites.csv
CN-Dmn,fluxmet_yy,data/extracted/CNF_CN-Dmn_FLUXNET_2012-2024_v1.3_r1/CNF_CN-Dmn_FLUXNET_FLUXMET_YY_2012-2024_v1.3_r1.csv,CNF_CN-Dmn_FLUXNET_FLUXMET_YY_2012-2024_v1.3_r1.csv,TRUE,2026-06-01T16:45:19,41670,table_1 (p_era_mean_mm_1981_2025 dataset='era5_yy'; p_era_mean_mm_tower_years window boundary dataset='fluxmet_yy'); spot_check_nine_sites.csv
CN-Dsh,era5_yy,data/extracted/CNF_CN-Dsh_FLUXNET_2013-2024_v1.3_r1/CNF_CN-Dsh_FLUXNET_ERA5_YY_1981-2024_v1.3_r1.csv,CNF_CN-Dsh_FLUXNET_ERA5_YY_1981-2024_v1.3_r1.csv,TRUE,2026-06-01T16:45:19,3681,table_1 (p_era_mean_mm_1981_2025 dataset='era5_yy'; p_era_mean_mm_tower_years window boundary dataset='fluxmet_yy'); spot_check_nine_sites.csv
CN-Dsh,fluxmet_yy,data/extracted/CNF_CN-Dsh_FLUXNET_2013-2024_v1.3_r1/CNF_CN-Dsh_FLUXNET_FLUXMET_YY_2013-2024_v1.3_r1.csv,CNF_CN-Dsh_FLUXNET_FLUXMET_YY_2013-2024_v1.3_r1.csv,TRUE,2026-06-01T16:45:19,36718,table_1 (p_era_mean_mm_1981_2025 dataset='era5_yy'; p_era_mean_mm_tower_years window boundary dataset='fluxmet_yy'); spot_check_nine_sites.csv
CN-Du2,era5_yy,data/extracted/CNF_CN-Du2_FLUXNET_2011-2019_v1.3_r1/CNF_CN-Du2_FLUXNET_ERA5_YY_1981-2025_v1.3_r1.csv,CNF_CN-Du2_FLUXNET_ERA5_YY_1981-2025_v1.3_r1.csv,TRUE,2026-06-01T16:45:19,3583,table_1 (p_era_mean_mm_1981_2025 dataset='era5_yy'; p_era_mean_mm_tower_years window boundary dataset='fluxmet_yy'); spot_check_nine_sites.csv
CN-Du2,fluxmet_yy,data/extracted/CNF_CN-Du2_FLUXNET_2011-2019_v1.3_r1/CNF_CN-Du2_FLUXNET_FLUXMET_YY_2011-2019_v1.3_r1.csv,CNF_CN-Du2_FLUXNET_FLUXMET_YY_2011-2019_v1.3_r1.csv,TRUE,2026-06-01T16:45:19,28122,table_1 (p_era_mean_mm_1981_2025 dataset='era5_yy'; p_era_mean_mm_tower_years window boundary dataset='fluxmet_yy'); spot_check_nine_sites.csv
CN-Dzo,era5_yy,data/extracted/CNF_CN-Dzo_FLUXNET_2010-2020_v1.3_r1/CNF_CN-Dzo_FLUXNET_ERA5_YY_1981-2025_v1.3_r1.csv,CNF_CN-Dzo_FLUXNET_ERA5_YY_1981-2025_v1.3_r1.csv,TRUE,2026-06-01T16:45:19,3751,table_1 (p_era_mean_mm_1981_2025 dataset='era5_yy'; p_era_mean_mm_tower_years window boundary dataset='fluxmet_yy'); spot_check_nine_sites.csv
CN-Dzo,fluxmet_yy,data/extracted/CNF_CN-Dzo_FLUXNET_2010-2020_v1.3_r1/CNF_CN-Dzo_FLUXNET_FLUXMET_YY_2010-2020_v1.3_r1.csv,CNF_CN-Dzo_FLUXNET_FLUXMET_YY_2010-2020_v1.3_r1.csv,TRUE,2026-06-01T16:45:19,33366,table_1 (p_era_mean_mm_1981_2025 dataset='era5_yy'; p_era_mean_mm_tower_years window boundary dataset='fluxmet_yy'); spot_check_nine_sites.csv
CN-Erg,era5_yy,data/extracted/CNF_CN-Erg_FLUXNET_2016-2019_v1.3_r1/CNF_CN-Erg_FLUXNET_ERA5_YY_1981-2024_v1.3_r1.csv,CNF_CN-Erg_FLUXNET_ERA5_YY_1981-2024_v1.3_r1.csv,TRUE,2026-06-01T16:45:19,3620,table_1 (p_era_mean_mm_1981_2025 dataset='era5_yy'; p_era_mean_mm_tower_years window boundary dataset='fluxmet_yy'); spot_check_nine_sites.csv
CN-Erg,fluxmet_yy,data/extracted/CNF_CN-Erg_FLUXNET_2016-2019_v1.3_r1/CNF_CN-Erg_FLUXNET_FLUXMET_YY_2016-2019_v1.3_r1.csv,CNF_CN-Erg_FLUXNET_FLUXMET_YY_2016-2019_v1.3_r1.csv,TRUE,2026-06-01T16:45:19,14590,table_1 (p_era_mean_mm_1981_2025 dataset='era5_yy'; p_era_mean_mm_tower_years window boundary dataset='fluxmet_yy'); spot_check_nine_sites.csv
CN-GuT,era5_yy,data/extracted/CNF_CN-GuT_FLUXNET_2015-2017_v1.3_r1/CNF_CN-GuT_FLUXNET_ERA5_YY_1981-2025_v1.3_r1.csv,CNF_CN-GuT_FLUXNET_ERA5_YY_1981-2025_v1.3_r1.csv,TRUE,2026-06-01T16:45:19,3608,table_1 (p_era_mean_mm_1981_2025 dataset='era5_yy'; p_era_mean_mm_tower_years window boundary dataset='fluxmet_yy'); spot_check_nine_sites.csv
CN-GuT,fluxmet_yy,data/extracted/CNF_CN-GuT_FLUXNET_2015-2017_v1.3_r1/CNF_CN-GuT_FLUXNET_FLUXMET_YY_2015-2017_v1.3_r1.csv,CNF_CN-GuT_FLUXNET_FLUXMET_YY_2015-2017_v1.3_r1.csv,TRUE,2026-06-01T16:45:19,12889,table_1 (p_era_mean_mm_1981_2025 dataset='era5_yy'; p_era_mean_mm_tower_years window boundary dataset='fluxmet_yy'); spot_check_nine_sites.csv
CN-Ha2,era5_yy,data/extracted/CNF_CN-Ha2_FLUXNET_2011-2019_v1.3_r2/CNF_CN-Ha2_FLUXNET_ERA5_YY_1981-2025_v1.3_r2.csv,CNF_CN-Ha2_FLUXNET_ERA5_YY_1981-2025_v1.3_r2.csv,TRUE,2026-06-01T16:45:19,3690,table_1 (p_era_mean_mm_1981_2025 dataset='era5_yy'; p_era_mean_mm_tower_years window boundary dataset='fluxmet_yy'); spot_check_nine_sites.csv
CN-Ha2,fluxmet_yy,data/extracted/CNF_CN-Ha2_FLUXNET_2011-2019_v1.3_r2/CNF_CN-Ha2_FLUXNET_FLUXMET_YY_2011-2019_v1.3_r2.csv,CNF_CN-Ha2_FLUXNET_FLUXMET_YY_2011-2019_v1.3_r2.csv,TRUE,2026-06-01T16:45:19,28781,table_1 (p_era_mean_mm_1981_2025 dataset='era5_yy'; p_era_mean_mm_tower_years window boundary dataset='fluxmet_yy'); spot_check_nine_sites.csv
CN-HaM,era5_yy,data/extracted/JPF_CN-HaM_FLUXNET_2001-2014_v1.3_r1/JPF_CN-HaM_FLUXNET_ERA5_YY_1981-2024_v1.3_r1.csv,JPF_CN-HaM_FLUXNET_ERA5_YY_1981-2024_v1.3_r1.csv,TRUE,2026-06-01T16:45:20,3645,table_1 (p_era_mean_mm_1981_2025 dataset='era5_yy'; p_era_mean_mm_tower_years window boundary dataset='fluxmet_yy'); spot_check_nine_sites.csv
CN-HaM,fluxmet_yy,data/extracted/JPF_CN-HaM_FLUXNET_2001-2014_v1.3_r1/JPF_CN-HaM_FLUXNET_FLUXMET_YY_2001-2014_v1.3_r1.csv,JPF_CN-HaM_FLUXNET_FLUXMET_YY_2001-2014_v1.3_r1.csv,TRUE,2026-06-01T16:45:20,42016,table_1 (p_era_mean_mm_1981_2025 dataset='era5_yy'; p_era_mean_mm_tower_years window boundary dataset='fluxmet_yy'); spot_check_nine_sites.csv
CN-HaW,era5_yy,data/extracted/CNF_CN-HaW_FLUXNET_2011-2018_v1.3_r1/CNF_CN-HaW_FLUXNET_ERA5_YY_1981-2025_v1.3_r1.csv,CNF_CN-HaW_FLUXNET_ERA5_YY_1981-2025_v1.3_r1.csv,TRUE,2026-06-01T16:45:19,3698,table_1 (p_era_mean_mm_1981_2025 dataset='era5_yy'; p_era_mean_mm_tower_years window boundary dataset='fluxmet_yy'); spot_check_nine_sites.csv
CN-HaW,fluxmet_yy,data/extracted/CNF_CN-HaW_FLUXNET_2011-2018_v1.3_r1/CNF_CN-HaW_FLUXNET_FLUXMET_YY_2011-2018_v1.3_r1.csv,CNF_CN-HaW_FLUXNET_FLUXMET_YY_2011-2018_v1.3_r1.csv,TRUE,2026-06-01T16:45:19,23515,table_1 (p_era_mean_mm_1981_2025 dataset='era5_yy'; p_era_mean_mm_tower_years window boundary dataset='fluxmet_yy'); spot_check_nine_sites.csv
CN-HeD,era5_yy,data/extracted/CNF_CN-HeD_FLUXNET_2019-2024_v1.3_r1/CNF_CN-HeD_FLUXNET_ERA5_YY_1981-2025_v1.3_r1.csv,CNF_CN-HeD_FLUXNET_ERA5_YY_1981-2025_v1.3_r1.csv,TRUE,2026-06-01T16:45:19,3666,table_1 (p_era_mean_mm_1981_2025 dataset='era5_yy'; p_era_mean_mm_tower_years window boundary dataset='fluxmet_yy'); spot_check_nine_sites.csv
CN-HeD,fluxmet_yy,data/extracted/CNF_CN-HeD_FLUXNET_2019-2024_v1.3_r1/CNF_CN-HeD_FLUXNET_FLUXMET_YY_2019-2024_v1.3_r1.csv,CNF_CN-HeD_FLUXNET_FLUXMET_YY_2019-2024_v1.3_r1.csv,TRUE,2026-06-01T16:45:19,15946,table_1 (p_era_mean_mm_1981_2025 dataset='era5_yy'; p_era_mean_mm_tower_years window boundary dataset='fluxmet_yy'); spot_check_nine_sites.csv
CN-HeM,era5_yy,data/extracted/CNF_CN-HeM_FLUXNET_2013-2024_v1.3_r1/CNF_CN-HeM_FLUXNET_ERA5_YY_1981-2024_v1.3_r1.csv,CNF_CN-HeM_FLUXNET_ERA5_YY_1981-2024_v1.3_r1.csv,TRUE,2026-06-01T16:45:19,3604,table_1 (p_era_mean_mm_1981_2025 dataset='era5_yy'; p_era_mean_mm_tower_years window boundary dataset='fluxmet_yy'); spot_check_nine_sites.csv
CN-HeM,fluxmet_yy,data/extracted/CNF_CN-HeM_FLUXNET_2013-2024_v1.3_r1/CNF_CN-HeM_FLUXNET_FLUXMET_YY_2013-2024_v1.3_r1.csv,CNF_CN-HeM_FLUXNET_FLUXMET_YY_2013-2024_v1.3_r1.csv,TRUE,2026-06-01T16:45:19,38421,table_1 (p_era_mean_mm_1981_2025 dataset='era5_yy'; p_era_mean_mm_tower_years window boundary dataset='fluxmet_yy'); spot_check_nine_sites.csv
CN-Huz,era5_yy,data/extracted/CNF_CN-Huz_FLUXNET_2015-2024_v1.3_r1/CNF_CN-Huz_FLUXNET_ERA5_YY_1981-2024_v1.3_r1.csv,CNF_CN-Huz_FLUXNET_ERA5_YY_1981-2024_v1.3_r1.csv,TRUE,2026-06-01T16:45:19,3565,table_1 (p_era_mean_mm_1981_2025 dataset='era5_yy'; p_era_mean_mm_tower_years window boundary dataset='fluxmet_yy'); spot_check_nine_sites.csv
CN-Huz,fluxmet_yy,data/extracted/CNF_CN-Huz_FLUXNET_2015-2024_v1.3_r1/CNF_CN-Huz_FLUXNET_FLUXMET_YY_2015-2024_v1.3_r1.csv,CNF_CN-Huz_FLUXNET_FLUXMET_YY_2015-2024_v1.3_r1.csv,TRUE,2026-06-01T16:45:19,33312,table_1 (p_era_mean_mm_1981_2025 dataset='era5_yy'; p_era_mean_mm_tower_years window boundary dataset='fluxmet_yy'); spot_check_nine_sites.csv
CN-Jng,era5_yy,data/extracted/CNF_CN-Jng_FLUXNET_2018-2024_v1.3_r1/CNF_CN-Jng_FLUXNET_ERA5_YY_1981-2024_v1.3_r1.csv,CNF_CN-Jng_FLUXNET_ERA5_YY_1981-2024_v1.3_r1.csv,TRUE,2026-06-01T16:45:19,3688,table_1 (p_era_mean_mm_1981_2025 dataset='era5_yy'; p_era_mean_mm_tower_years window boundary dataset='fluxmet_yy'); spot_check_nine_sites.csv
CN-Jng,fluxmet_yy,data/extracted/CNF_CN-Jng_FLUXNET_2018-2024_v1.3_r1/CNF_CN-Jng_FLUXNET_FLUXMET_YY_2018-2024_v1.3_r1.csv,CNF_CN-Jng_FLUXNET_FLUXMET_YY_2018-2024_v1.3_r1.csv,TRUE,2026-06-01T16:45:19,23666,table_1 (p_era_mean_mm_1981_2025 dataset='era5_yy'; p_era_mean_mm_tower_years window boundary dataset='fluxmet_yy'); spot_check_nine_sites.csv
CN-Jzh,era5_yy,data/extracted/CNF_CN-Jzh_FLUXNET_2011-2016_v1.3_r2/CNF_CN-Jzh_FLUXNET_ERA5_YY_1981-2025_v1.3_r2.csv,CNF_CN-Jzh_FLUXNET_ERA5_YY_1981-2025_v1.3_r2.csv,TRUE,2026-06-01T16:45:19,3648,table_1 (p_era_mean_mm_1981_2025 dataset='era5_yy'; p_era_mean_mm_tower_years window boundary dataset='fluxmet_yy'); spot_check_nine_sites.csv
CN-Jzh,fluxmet_yy,data/extracted/CNF_CN-Jzh_FLUXNET_2011-2016_v1.3_r2/CNF_CN-Jzh_FLUXNET_FLUXMET_YY_2011-2016_v1.3_r2.csv,CNF_CN-Jzh_FLUXNET_FLUXMET_YY_2011-2016_v1.3_r2.csv,TRUE,2026-06-01T16:45:19,20905,table_1 (p_era_mean_mm_1981_2025 dataset='era5_yy'; p_era_mean_mm_tower_years window boundary dataset='fluxmet_yy'); spot_check_nine_sites.csv
CN-Lch,era5_yy,data/extracted/CNF_CN-Lch_FLUXNET_2008-2020_v1.3_r1/CNF_CN-Lch_FLUXNET_ERA5_YY_1981-2025_v1.3_r1.csv,CNF_CN-Lch_FLUXNET_ERA5_YY_1981-2025_v1.3_r1.csv,TRUE,2026-06-01T16:45:19,3753,table_1 (p_era_mean_mm_1981_2025 dataset='era5_yy'; p_era_mean_mm_tower_years window boundary dataset='fluxmet_yy'); spot_check_nine_sites.csv
CN-Lch,fluxmet_yy,data/extracted/CNF_CN-Lch_FLUXNET_2008-2020_v1.3_r1/CNF_CN-Lch_FLUXNET_FLUXMET_YY_2008-2020_v1.3_r1.csv,CNF_CN-Lch_FLUXNET_FLUXMET_YY_2008-2020_v1.3_r1.csv,TRUE,2026-06-01T16:45:19,38577,table_1 (p_era_mean_mm_1981_2025 dataset='era5_yy'; p_era_mean_mm_tower_years window boundary dataset='fluxmet_yy'); spot_check_nine_sites.csv
CN-Lsh,era5_yy,data/extracted/JPF_CN-Lsh_FLUXNET_2002-2006_v1.3_r1/JPF_CN-Lsh_FLUXNET_ERA5_YY_1981-2024_v1.3_r1.csv,JPF_CN-Lsh_FLUXNET_ERA5_YY_1981-2024_v1.3_r1.csv,TRUE,2026-06-01T16:45:20,3507,table_1 (p_era_mean_mm_1981_2025 dataset='era5_yy'; p_era_mean_mm_tower_years window boundary dataset='fluxmet_yy'); spot_check_nine_sites.csv
CN-Lsh,fluxmet_yy,data/extracted/JPF_CN-Lsh_FLUXNET_2002-2006_v1.3_r1/JPF_CN-Lsh_FLUXNET_FLUXMET_YY_2002-2006_v1.3_r1.csv,JPF_CN-Lsh_FLUXNET_FLUXMET_YY_2002-2006_v1.3_r1.csv,TRUE,2026-06-01T16:45:20,18195,table_1 (p_era_mean_mm_1981_2025 dataset='era5_yy'; p_era_mean_mm_tower_years window boundary dataset='fluxmet_yy'); spot_check_nine_sites.csv
CN-Mxn,era5_yy,data/extracted/CNF_CN-Mxn_FLUXNET_2015-2019_v1.3_r1/CNF_CN-Mxn_FLUXNET_ERA5_YY_1981-2025_v1.3_r1.csv,CNF_CN-Mxn_FLUXNET_ERA5_YY_1981-2025_v1.3_r1.csv,TRUE,2026-06-01T16:45:19,3597,table_1 (p_era_mean_mm_1981_2025 dataset='era5_yy'; p_era_mean_mm_tower_years window boundary dataset='fluxmet_yy'); spot_check_nine_sites.csv
CN-Mxn,fluxmet_yy,data/extracted/CNF_CN-Mxn_FLUXNET_2015-2019_v1.3_r1/CNF_CN-Mxn_FLUXNET_FLUXMET_YY_2015-2019_v1.3_r1.csv,CNF_CN-Mxn_FLUXNET_FLUXMET_YY_2015-2019_v1.3_r1.csv,TRUE,2026-06-01T16:45:19,16522,table_1 (p_era_mean_mm_1981_2025 dataset='era5_yy'; p_era_mean_mm_tower_years window boundary dataset='fluxmet_yy'); spot_check_nine_sites.csv
CN-Nmn,era5_yy,data/extracted/CNF_CN-Nmn_FLUXNET_2015-2019_v1.3_r1/CNF_CN-Nmn_FLUXNET_ERA5_YY_1981-2024_v1.3_r1.csv,CNF_CN-Nmn_FLUXNET_ERA5_YY_1981-2024_v1.3_r1.csv,TRUE,2026-06-01T16:53:12,3499,table_1 (p_era_mean_mm_1981_2025 dataset='era5_yy'; p_era_mean_mm_tower_years window boundary dataset='fluxmet_yy'); spot_check_nine_sites.csv
CN-Nmn,fluxmet_yy,data/extracted/CNF_CN-Nmn_FLUXNET_2015-2019_v1.3_r1/CNF_CN-Nmn_FLUXNET_FLUXMET_YY_2015-2019_v1.3_r1.csv,CNF_CN-Nmn_FLUXNET_FLUXMET_YY_2015-2019_v1.3_r1.csv,TRUE,2026-06-01T16:53:12,18759,table_1 (p_era_mean_mm_1981_2025 dataset='era5_yy'; p_era_mean_mm_tower_years window boundary dataset='fluxmet_yy'); spot_check_nine_sites.csv
CN-Qng,era5_yy,data/extracted/CNF_CN-Qng_FLUXNET_2022-2024_v1.3_r1/CNF_CN-Qng_FLUXNET_ERA5_YY_1981-2025_v1.3_r1.csv,CNF_CN-Qng_FLUXNET_ERA5_YY_1981-2025_v1.3_r1.csv,TRUE,2026-06-01T16:53:12,3574,table_1 (p_era_mean_mm_1981_2025 dataset='era5_yy'; p_era_mean_mm_tower_years window boundary dataset='fluxmet_yy'); spot_check_nine_sites.csv
CN-Qng,fluxmet_yy,data/extracted/CNF_CN-Qng_FLUXNET_2022-2024_v1.3_r1/CNF_CN-Qng_FLUXNET_FLUXMET_YY_2022-2024_v1.3_r1.csv,CNF_CN-Qng_FLUXNET_FLUXMET_YY_2022-2024_v1.3_r1.csv,TRUE,2026-06-01T16:53:12,11426,table_1 (p_era_mean_mm_1981_2025 dataset='era5_yy'; p_era_mean_mm_tower_years window boundary dataset='fluxmet_yy'); spot_check_nine_sites.csv
CN-Sb1,era5_yy,data/extracted/FLX_CN-Sb1_FLUXNET_2020-2024_v1.3_r1/FLX_CN-Sb1_FLUXNET_ERA5_YY_1981-2025_v1.3_r1.csv,FLX_CN-Sb1_FLUXNET_ERA5_YY_1981-2025_v1.3_r1.csv,TRUE,2026-06-01T16:53:13,3682,table_1 (p_era_mean_mm_1981_2025 dataset='era5_yy'; p_era_mean_mm_tower_years window boundary dataset='fluxmet_yy'); spot_check_nine_sites.csv
CN-Sb1,fluxmet_yy,data/extracted/FLX_CN-Sb1_FLUXNET_2020-2024_v1.3_r1/FLX_CN-Sb1_FLUXNET_FLUXMET_YY_2020-2024_v1.3_r1.csv,FLX_CN-Sb1_FLUXNET_FLUXMET_YY_2020-2024_v1.3_r1.csv,TRUE,2026-06-01T16:53:13,18075,table_1 (p_era_mean_mm_1981_2025 dataset='era5_yy'; p_era_mean_mm_tower_years window boundary dataset='fluxmet_yy'); spot_check_nine_sites.csv
CN-Sb2,era5_yy,data/extracted/FLX_CN-Sb2_FLUXNET_2020-2024_v1.3_r1/FLX_CN-Sb2_FLUXNET_ERA5_YY_1981-2025_v1.3_r1.csv,FLX_CN-Sb2_FLUXNET_ERA5_YY_1981-2025_v1.3_r1.csv,TRUE,2026-06-01T16:53:13,3709,table_1 (p_era_mean_mm_1981_2025 dataset='era5_yy'; p_era_mean_mm_tower_years window boundary dataset='fluxmet_yy'); spot_check_nine_sites.csv
CN-Sb2,fluxmet_yy,data/extracted/FLX_CN-Sb2_FLUXNET_2020-2024_v1.3_r1/FLX_CN-Sb2_FLUXNET_FLUXMET_YY_2020-2024_v1.3_r1.csv,FLX_CN-Sb2_FLUXNET_FLUXMET_YY_2020-2024_v1.3_r1.csv,TRUE,2026-06-01T16:53:13,18093,table_1 (p_era_mean_mm_1981_2025 dataset='era5_yy'; p_era_mean_mm_tower_years window boundary dataset='fluxmet_yy'); spot_check_nine_sites.csv
CN-Sdq,era5_yy,data/extracted/CNF_CN-Sdq_FLUXNET_2013-2024_v1.3_r1/CNF_CN-Sdq_FLUXNET_ERA5_YY_1981-2025_v1.3_r1.csv,CNF_CN-Sdq_FLUXNET_ERA5_YY_1981-2025_v1.3_r1.csv,TRUE,2026-06-01T16:53:12,3703,table_1 (p_era_mean_mm_1981_2025 dataset='era5_yy'; p_era_mean_mm_tower_years window boundary dataset='fluxmet_yy'); spot_check_nine_sites.csv
CN-Sdq,fluxmet_yy,data/extracted/CNF_CN-Sdq_FLUXNET_2013-2024_v1.3_r1/CNF_CN-Sdq_FLUXNET_FLUXMET_YY_2013-2024_v1.3_r1.csv,CNF_CN-Sdq_FLUXNET_FLUXMET_YY_2013-2024_v1.3_r1.csv,TRUE,2026-06-01T16:53:12,38088,table_1 (p_era_mean_mm_1981_2025 dataset='era5_yy'; p_era_mean_mm_tower_years window boundary dataset='fluxmet_yy'); spot_check_nine_sites.csv
CN-SnB,era5_yy,data/extracted/FLX_CN-SnB_FLUXNET_2021-2021_v1.3_r1/FLX_CN-SnB_FLUXNET_ERA5_YY_1981-2025_v1.3_r1.csv,FLX_CN-SnB_FLUXNET_ERA5_YY_1981-2025_v1.3_r1.csv,TRUE,2026-06-01T16:53:13,3777,table_1 (p_era_mean_mm_1981_2025 dataset='era5_yy'; p_era_mean_mm_tower_years window boundary dataset='fluxmet_yy'); spot_check_nine_sites.csv
CN-SnB,fluxmet_yy,data/extracted/FLX_CN-SnB_FLUXNET_2021-2021_v1.3_r1/FLX_CN-SnB_FLUXNET_FLUXMET_YY_2021-2021_v1.3_r1.csv,FLX_CN-SnB_FLUXNET_FLUXMET_YY_2021-2021_v1.3_r1.csv,TRUE,2026-06-01T16:53:13,4200,table_1 (p_era_mean_mm_1981_2025 dataset='era5_yy'; p_era_mean_mm_tower_years window boundary dataset='fluxmet_yy'); spot_check_nine_sites.csv
CN-Wnb,era5_yy,data/extracted/CNF_CN-Wnb_FLUXNET_2021-2021_v1.3_r2/CNF_CN-Wnb_FLUXNET_ERA5_YY_1981-2025_v1.3_r2.csv,CNF_CN-Wnb_FLUXNET_ERA5_YY_1981-2025_v1.3_r2.csv,TRUE,2026-06-01T16:53:12,3629,table_1 (p_era_mean_mm_1981_2025 dataset='era5_yy'; p_era_mean_mm_tower_years window boundary dataset='fluxmet_yy'); spot_check_nine_sites.csv
CN-Wnb,fluxmet_yy,data/extracted/CNF_CN-Wnb_FLUXNET_2021-2021_v1.3_r2/CNF_CN-Wnb_FLUXNET_FLUXMET_YY_2021-2021_v1.3_r2.csv,CNF_CN-Wnb_FLUXNET_FLUXMET_YY_2021-2021_v1.3_r2.csv,TRUE,2026-06-01T16:53:12,4535,table_1 (p_era_mean_mm_1981_2025 dataset='era5_yy'; p_era_mean_mm_tower_years window boundary dataset='fluxmet_yy'); spot_check_nine_sites.csv
CN-Xi2,era5_yy,data/extracted/CNF_CN-Xi2_FLUXNET_2011-2020_v1.3_r1/CNF_CN-Xi2_FLUXNET_ERA5_YY_1981-2025_v1.3_r1.csv,CNF_CN-Xi2_FLUXNET_ERA5_YY_1981-2025_v1.3_r1.csv,TRUE,2026-06-01T16:53:12,3604,table_1 (p_era_mean_mm_1981_2025 dataset='era5_yy'; p_era_mean_mm_tower_years window boundary dataset='fluxmet_yy'); spot_check_nine_sites.csv
CN-Xi2,fluxmet_yy,data/extracted/CNF_CN-Xi2_FLUXNET_2011-2020_v1.3_r1/CNF_CN-Xi2_FLUXNET_FLUXMET_YY_2011-2020_v1.3_r1.csv,CNF_CN-Xi2_FLUXNET_FLUXMET_YY_2011-2020_v1.3_r1.csv,TRUE,2026-06-01T16:53:12,28606,table_1 (p_era_mean_mm_1981_2025 dataset='era5_yy'; p_era_mean_mm_tower_years window boundary dataset='fluxmet_yy'); spot_check_nine_sites.csv
CN-YaS,era5_yy,data/extracted/CNF_CN-YaS_FLUXNET_2011-2020_v1.3_r1/CNF_CN-YaS_FLUXNET_ERA5_YY_1981-2025_v1.3_r1.csv,CNF_CN-YaS_FLUXNET_ERA5_YY_1981-2025_v1.3_r1.csv,TRUE,2026-06-01T16:53:12,3614,table_1 (p_era_mean_mm_1981_2025 dataset='era5_yy'; p_era_mean_mm_tower_years window boundary dataset='fluxmet_yy'); spot_check_nine_sites.csv
CN-YaS,fluxmet_yy,data/extracted/CNF_CN-YaS_FLUXNET_2011-2020_v1.3_r1/CNF_CN-YaS_FLUXNET_FLUXMET_YY_2011-2020_v1.3_r1.csv,CNF_CN-YaS_FLUXNET_FLUXMET_YY_2011-2020_v1.3_r1.csv,TRUE,2026-06-01T16:53:12,31202,table_1 (p_era_mean_mm_1981_2025 dataset='era5_yy'; p_era_mean_mm_tower_years window boundary dataset='fluxmet_yy'); spot_check_nine_sites.csv
CN-Yan,era5_yy,data/extracted/CNF_CN-Yan_FLUXNET_2016-2018_v1.3_r1/CNF_CN-Yan_FLUXNET_ERA5_YY_1981-2025_v1.3_r1.csv,CNF_CN-Yan_FLUXNET_ERA5_YY_1981-2025_v1.3_r1.csv,TRUE,2026-06-01T16:53:13,3623,table_1 (p_era_mean_mm_1981_2025 dataset='era5_yy'; p_era_mean_mm_tower_years window boundary dataset='fluxmet_yy'); spot_check_nine_sites.csv
CN-Yan,fluxmet_yy,data/extracted/CNF_CN-Yan_FLUXNET_2016-2018_v1.3_r1/CNF_CN-Yan_FLUXNET_FLUXMET_YY_2016-2018_v1.3_r1.csv,CNF_CN-Yan_FLUXNET_FLUXMET_YY_2016-2018_v1.3_r1.csv,TRUE,2026-06-01T16:53:13,12189,table_1 (p_era_mean_mm_1981_2025 dataset='era5_yy'; p_era_mean_mm_tower_years window boundary dataset='fluxmet_yy'); spot_check_nine_sites.csv
CN-You,era5_yy,data/extracted/CNF_CN-You_FLUXNET_2015-2024_v1.3_r1/CNF_CN-You_FLUXNET_ERA5_YY_1981-2024_v1.3_r1.csv,CNF_CN-You_FLUXNET_ERA5_YY_1981-2024_v1.3_r1.csv,TRUE,2026-06-01T16:53:13,3676,table_1 (p_era_mean_mm_1981_2025 dataset='era5_yy'; p_era_mean_mm_tower_years window boundary dataset='fluxmet_yy'); spot_check_nine_sites.csv
CN-You,fluxmet_yy,data/extracted/CNF_CN-You_FLUXNET_2015-2024_v1.3_r1/CNF_CN-You_FLUXNET_FLUXMET_YY_2015-2024_v1.3_r1.csv,CNF_CN-You_FLUXNET_FLUXMET_YY_2015-2024_v1.3_r1.csv,TRUE,2026-06-01T16:53:13,31845,table_1 (p_era_mean_mm_1981_2025 dataset='era5_yy'; p_era_mean_mm_tower_years window boundary dataset='fluxmet_yy'); spot_check_nine_sites.csv
CN-Yuc,era5_yy,data/extracted/CNF_CN-Yuc_FLUXNET_2011-2020_v1.3_r2/CNF_CN-Yuc_FLUXNET_ERA5_YY_1981-2025_v1.3_r2.csv,CNF_CN-Yuc_FLUXNET_ERA5_YY_1981-2025_v1.3_r2.csv,TRUE,2026-06-01T16:53:13,3744,table_1 (p_era_mean_mm_1981_2025 dataset='era5_yy'; p_era_mean_mm_tower_years window boundary dataset='fluxmet_yy'); spot_check_nine_sites.csv
CN-Yuc,fluxmet_yy,data/extracted/CNF_CN-Yuc_FLUXNET_2011-2020_v1.3_r2/CNF_CN-Yuc_FLUXNET_FLUXMET_YY_2011-2020_v1.3_r2.csv,CNF_CN-Yuc_FLUXNET_FLUXMET_YY_2011-2020_v1.3_r2.csv,TRUE,2026-06-01T16:53:13,30349,table_1 (p_era_mean_mm_1981_2025 dataset='era5_yy'; p_era_mean_mm_tower_years window boundary dataset='fluxmet_yy'); spot_check_nine_sites.csv
CN-Zha,era5_yy,data/extracted/CNF_CN-Zha_FLUXNET_2012-2024_v1.3_r1/CNF_CN-Zha_FLUXNET_ERA5_YY_1981-2025_v1.3_r1.csv,CNF_CN-Zha_FLUXNET_ERA5_YY_1981-2025_v1.3_r1.csv,TRUE,2026-06-01T16:53:13,3610,table_1 (p_era_mean_mm_1981_2025 dataset='era5_yy'; p_era_mean_mm_tower_years window boundary dataset='fluxmet_yy'); spot_check_nine_sites.csv
CN-Zha,fluxmet_yy,data/extracted/CNF_CN-Zha_FLUXNET_2012-2024_v1.3_r1/CNF_CN-Zha_FLUXNET_FLUXMET_YY_2012-2024_v1.3_r1.csv,CNF_CN-Zha_FLUXNET_FLUXMET_YY_2012-2024_v1.3_r1.csv,TRUE,2026-06-01T16:53:13,38645,table_1 (p_era_mean_mm_1981_2025 dataset='era5_yy'; p_era_mean_mm_tower_years window boundary dataset='fluxmet_yy'); spot_check_nine_sites.csv
CR-AqC,era5_yy,data/extracted/FLX_CR-AqC_FLUXNET_2009-2016_v1.3_r1/FLX_CR-AqC_FLUXNET_ERA5_YY_1981-2024_v1.3_r1.csv,FLX_CR-AqC_FLUXNET_ERA5_YY_1981-2024_v1.3_r1.csv,TRUE,2026-06-01T16:53:13,3673,table_1 (p_era_mean_mm_1981_2025 dataset='era5_yy'; p_era_mean_mm_tower_years window boundary dataset='fluxmet_yy'); spot_check_nine_sites.csv
CR-AqC,fluxmet_yy,data/extracted/FLX_CR-AqC_FLUXNET_2009-2016_v1.3_r1/FLX_CR-AqC_FLUXNET_FLUXMET_YY_2009-2016_v1.3_r1.csv,FLX_CR-AqC_FLUXNET_FLUXMET_YY_2009-2016_v1.3_r1.csv,TRUE,2026-06-01T16:53:13,25744,table_1 (p_era_mean_mm_1981_2025 dataset='era5_yy'; p_era_mean_mm_tower_years window boundary dataset='fluxmet_yy'); spot_check_nine_sites.csv
CR-Fsc,era5_yy,data/extracted/AMF_CR-Fsc_FLUXNET_2015-2018_v1.3_r1/AMF_CR-Fsc_FLUXNET_ERA5_YY_1981-2024_v1.3_r1.csv,AMF_CR-Fsc_FLUXNET_ERA5_YY_1981-2024_v1.3_r1.csv,TRUE,2026-06-01T16:37:39,3754,table_1 (p_era_mean_mm_1981_2025 dataset='era5_yy'; p_era_mean_mm_tower_years window boundary dataset='fluxmet_yy'); spot_check_nine_sites.csv
CR-Fsc,fluxmet_yy,data/extracted/AMF_CR-Fsc_FLUXNET_2015-2018_v1.3_r1/AMF_CR-Fsc_FLUXNET_FLUXMET_YY_2015-2018_v1.3_r1.csv,AMF_CR-Fsc_FLUXNET_FLUXMET_YY_2015-2018_v1.3_r1.csv,TRUE,2026-06-01T16:37:39,15359,table_1 (p_era_mean_mm_1981_2025 dataset='era5_yy'; p_era_mean_mm_tower_years window boundary dataset='fluxmet_yy'); spot_check_nine_sites.csv
CZ-BK1,era5_yy,data/extracted/ICOS_CZ-BK1_FLUXNET_2004-2025_v1.3_r1/ICOS_CZ-BK1_FLUXNET_ERA5_YY_1981-2025_v1.3_r1.csv,ICOS_CZ-BK1_FLUXNET_ERA5_YY_1981-2025_v1.3_r1.csv,TRUE,2026-09-20T13:04:00,3628,table_1 (p_era_mean_mm_1981_2025 dataset='era5_yy'; p_era_mean_mm_tower_years window boundary dataset='fluxmet_yy'); spot_check_nine_sites.csv
CZ-BK1,fluxmet_yy,data/extracted/ICOS_CZ-BK1_FLUXNET_2004-2025_v1.3_r1/ICOS_CZ-BK1_FLUXNET_FLUXMET_YY_2004-2025_v1.3_r1.csv,ICOS_CZ-BK1_FLUXNET_FLUXMET_YY_2004-2025_v1.3_r1.csv,TRUE,2026-09-20T13:04:00,66451,table_1 (p_era_mean_mm_1981_2025 dataset='era5_yy'; p_era_mean_mm_tower_years window boundary dataset='fluxmet_yy'); spot_check_nine_sites.csv
CZ-BK2,era5_yy,data/extracted/EUF_CZ-BK2_FLUXNET_2006-2012_v1.3_r1/EUF_CZ-BK2_FLUXNET_ERA5_YY_1981-2025_v1.3_r1.csv,EUF_CZ-BK2_FLUXNET_ERA5_YY_1981-2025_v1.3_r1.csv,TRUE,2026-06-01T16:53:13,3608,table_1 (p_era_mean_mm_1981_2025 dataset='era5_yy'; p_era_mean_mm_tower_years window boundary dataset='fluxmet_yy'); spot_check_nine_sites.csv
CZ-BK2,fluxmet_yy,data/extracted/EUF_CZ-BK2_FLUXNET_2006-2012_v1.3_r1/EUF_CZ-BK2_FLUXNET_FLUXMET_YY_2006-2012_v1.3_r1.csv,EUF_CZ-BK2_FLUXNET_FLUXMET_YY_2006-2012_v1.3_r1.csv,TRUE,2026-06-01T16:53:13,22975,table_1 (p_era_mean_mm_1981_2025 dataset='era5_yy'; p_era_mean_mm_tower_years window boundary dataset='fluxmet_yy'); spot_check_nine_sites.csv
CZ-KrP,era5_yy,data/extracted/EUF_CZ-KrP_FLUXNET_2014-2023_v1.3_r2/EUF_CZ-KrP_FLUXNET_ERA5_YY_1981-2025_v1.3_r2.csv,EUF_CZ-KrP_FLUXNET_ERA5_YY_1981-2025_v1.3_r2.csv,TRUE,2026-06-01T16:53:13,3574,table_1 (p_era_mean_mm_1981_2025 dataset='era5_yy'; p_era_mean_mm_tower_years window boundary dataset='fluxmet_yy'); spot_check_nine_sites.csv
CZ-KrP,fluxmet_yy,data/extracted/EUF_CZ-KrP_FLUXNET_2014-2023_v1.3_r2/EUF_CZ-KrP_FLUXNET_FLUXMET_YY_2014-2023_v1.3_r2.csv,EUF_CZ-KrP_FLUXNET_FLUXMET_YY_2014-2023_v1.3_r2.csv,TRUE,2026-06-01T16:53:13,32613,table_1 (p_era_mean_mm_1981_2025 dataset='era5_yy'; p_era_mean_mm_tower_years window boundary dataset='fluxmet_yy'); spot_check_nine_sites.csv
CZ-LnG,era5_yy,data/extracted/EUF_CZ-LnG_FLUXNET_2019-2024_v1.3_r1/EUF_CZ-LnG_FLUXNET_ERA5_YY_1981-2024_v1.3_r1.csv,EUF_CZ-LnG_FLUXNET_ERA5_YY_1981-2024_v1.3_r1.csv,TRUE,2026-06-01T16:53:13,3543,table_1 (p_era_mean_mm_1981_2025 dataset='era5_yy'; p_era_mean_mm_tower_years window boundary dataset='fluxmet_yy'); spot_check_nine_sites.csv
CZ-LnG,fluxmet_yy,data/extracted/EUF_CZ-LnG_FLUXNET_2019-2024_v1.3_r1/EUF_CZ-LnG_FLUXNET_FLUXMET_YY_2019-2024_v1.3_r1.csv,EUF_CZ-LnG_FLUXNET_FLUXMET_YY_2019-2024_v1.3_r1.csv,TRUE,2026-06-01T16:53:13,21360,table_1 (p_era_mean_mm_1981_2025 dataset='era5_yy'; p_era_mean_mm_tower_years window boundary dataset='fluxmet_yy'); spot_check_nine_sites.csv
CZ-Lnz,era5_yy,data/extracted/ICOS_CZ-Lnz_FLUXNET_2015-2025_v1.3_r1/ICOS_CZ-Lnz_FLUXNET_ERA5_YY_1981-2025_v1.3_r1.csv,ICOS_CZ-Lnz_FLUXNET_ERA5_YY_1981-2025_v1.3_r1.csv,TRUE,2026-09-20T13:04:00,3668,table_1 (p_era_mean_mm_1981_2025 dataset='era5_yy'; p_era_mean_mm_tower_years window boundary dataset='fluxmet_yy'); spot_check_nine_sites.csv
CZ-Lnz,fluxmet_yy,data/extracted/ICOS_CZ-Lnz_FLUXNET_2015-2025_v1.3_r1/ICOS_CZ-Lnz_FLUXNET_FLUXMET_YY_2015-2025_v1.3_r1.csv,ICOS_CZ-Lnz_FLUXNET_FLUXMET_YY_2015-2025_v1.3_r1.csv,TRUE,2026-09-20T13:04:00,36307,table_1 (p_era_mean_mm_1981_2025 dataset='era5_yy'; p_era_mean_mm_tower_years window boundary dataset='fluxmet_yy'); spot_check_nine_sites.csv
CZ-RAJ,era5_yy,data/extracted/EUF_CZ-RAJ_FLUXNET_2012-2024_v1.3_r1/EUF_CZ-RAJ_FLUXNET_ERA5_YY_1981-2024_v1.3_r1.csv,EUF_CZ-RAJ_FLUXNET_ERA5_YY_1981-2024_v1.3_r1.csv,TRUE,2026-06-01T16:53:13,3500,table_1 (p_era_mean_mm_1981_2025 dataset='era5_yy'; p_era_mean_mm_tower_years window boundary dataset='fluxmet_yy'); spot_check_nine_sites.csv
CZ-RAJ,fluxmet_yy,data/extracted/EUF_CZ-RAJ_FLUXNET_2012-2024_v1.3_r1/EUF_CZ-RAJ_FLUXNET_FLUXMET_YY_2012-2024_v1.3_r1.csv,EUF_CZ-RAJ_FLUXNET_FLUXMET_YY_2012-2024_v1.3_r1.csv,TRUE,2026-06-01T16:53:13,40088,table_1 (p_era_mean_mm_1981_2025 dataset='era5_yy'; p_era_mean_mm_tower_years window boundary dataset='fluxmet_yy'); spot_check_nine_sites.csv
CZ-Stn,era5_yy,data/extracted/EUF_CZ-Stn_FLUXNET_2010-2024_v1.3_r1/EUF_CZ-Stn_FLUXNET_ERA5_YY_1981-2024_v1.3_r1.csv,EUF_CZ-Stn_FLUXNET_ERA5_YY_1981-2024_v1.3_r1.csv,TRUE,2026-06-01T16:53:13,3510,table_1 (p_era_mean_mm_1981_2025 dataset='era5_yy'; p_era_mean_mm_tower_years window boundary dataset='fluxmet_yy'); spot_check_nine_sites.csv
CZ-Stn,fluxmet_yy,data/extracted/EUF_CZ-Stn_FLUXNET_2010-2024_v1.3_r1/EUF_CZ-Stn_FLUXNET_FLUXMET_YY_2010-2024_v1.3_r1.csv,EUF_CZ-Stn_FLUXNET_FLUXMET_YY_2010-2024_v1.3_r1.csv,TRUE,2026-06-01T16:53:13,45961,table_1 (p_era_mean_mm_1981_2025 dataset='era5_yy'; p_era_mean_mm_tower_years window boundary dataset='fluxmet_yy'); spot_check_nine_sites.csv
CZ-wet,era5_yy,data/extracted/ICOS_CZ-wet_FLUXNET_2006-2025_v1.3_r1/ICOS_CZ-wet_FLUXNET_ERA5_YY_1981-2025_v1.3_r1.csv,ICOS_CZ-wet_FLUXNET_ERA5_YY_1981-2025_v1.3_r1.csv,TRUE,2026-09-20T13:04:00,3583,table_1 (p_era_mean_mm_1981_2025 dataset='era5_yy'; p_era_mean_mm_tower_years window boundary dataset='fluxmet_yy'); spot_check_nine_sites.csv
CZ-wet,fluxmet_yy,data/extracted/ICOS_CZ-wet_FLUXNET_2006-2025_v1.3_r1/ICOS_CZ-wet_FLUXNET_FLUXMET_YY_2006-2025_v1.3_r1.csv,ICOS_CZ-wet_FLUXNET_FLUXMET_YY_2006-2025_v1.3_r1.csv,TRUE,2026-09-20T13:04:00,59572,table_1 (p_era_mean_mm_1981_2025 dataset='era5_yy'; p_era_mean_mm_tower_years window boundary dataset='fluxmet_yy'); spot_check_nine_sites.csv
DE-Akm,era5_yy,data/extracted/EUF_DE-Akm_FLUXNET_2009-2024_v1.3_r2/EUF_DE-Akm_FLUXNET_ERA5_YY_1981-2025_v1.3_r2.csv,EUF_DE-Akm_FLUXNET_ERA5_YY_1981-2025_v1.3_r2.csv,TRUE,2026-06-01T16:53:13,3696,table_1 (p_era_mean_mm_1981_2025 dataset='era5_yy'; p_era_mean_mm_tower_years window boundary dataset='fluxmet_yy'); spot_check_nine_sites.csv
DE-Akm,fluxmet_yy,data/extracted/EUF_DE-Akm_FLUXNET_2009-2024_v1.3_r2/EUF_DE-Akm_FLUXNET_FLUXMET_YY_2009-2024_v1.3_r2.csv,EUF_DE-Akm_FLUXNET_FLUXMET_YY_2009-2024_v1.3_r2.csv,TRUE,2026-06-01T16:53:13,42692,table_1 (p_era_mean_mm_1981_2025 dataset='era5_yy'; p_era_mean_mm_tower_years window boundary dataset='fluxmet_yy'); spot_check_nine_sites.csv
DE-Amv,era5_yy,data/extracted/ICOS_DE-Amv_FLUXNET_2023-2025_v1.3_r1/ICOS_DE-Amv_FLUXNET_ERA5_YY_1981-2025_v1.3_r1.csv,ICOS_DE-Amv_FLUXNET_ERA5_YY_1981-2025_v1.3_r1.csv,TRUE,2026-09-20T13:04:00,3687,table_1 (p_era_mean_mm_1981_2025 dataset='era5_yy'; p_era_mean_mm_tower_years window boundary dataset='fluxmet_yy'); spot_check_nine_sites.csv
DE-Amv,fluxmet_yy,data/extracted/ICOS_DE-Amv_FLUXNET_2023-2025_v1.3_r1/ICOS_DE-Amv_FLUXNET_FLUXMET_YY_2023-2025_v1.3_r1.csv,ICOS_DE-Amv_FLUXNET_FLUXMET_YY_2023-2025_v1.3_r1.csv,TRUE,2026-09-20T13:04:00,12962,table_1 (p_era_mean_mm_1981_2025 dataset='era5_yy'; p_era_mean_mm_tower_years window boundary dataset='fluxmet_yy'); spot_check_nine_sites.csv
DE-Brs,era5_yy,data/extracted/ICOS_DE-Brs_FLUXNET_2023-2025_v1.3_r1/ICOS_DE-Brs_FLUXNET_ERA5_YY_1981-2025_v1.3_r1.csv,ICOS_DE-Brs_FLUXNET_ERA5_YY_1981-2025_v1.3_r1.csv,TRUE,2026-09-20T13:04:00,3685,table_1 (p_era_mean_mm_1981_2025 dataset='era5_yy'; p_era_mean_mm_tower_years window boundary dataset='fluxmet_yy'); spot_check_nine_sites.csv
DE-Brs,fluxmet_yy,data/extracted/ICOS_DE-Brs_FLUXNET_2023-2025_v1.3_r1/ICOS_DE-Brs_FLUXNET_FLUXMET_YY_2023-2025_v1.3_r1.csv,ICOS_DE-Brs_FLUXNET_FLUXMET_YY_2023-2025_v1.3_r1.csv,TRUE,2026-09-20T13:04:00,12018,table_1 (p_era_mean_mm_1981_2025 dataset='era5_yy'; p_era_mean_mm_tower_years window boundary dataset='fluxmet_yy'); spot_check_nine_sites.csv
DE-Etn,era5_yy,data/extracted/EUF_DE-Etn_FLUXNET_2024-2024_v1.3_r1/EUF_DE-Etn_FLUXNET_ERA5_YY_1981-2024_v1.3_r1.csv,EUF_DE-Etn_FLUXNET_ERA5_YY_1981-2024_v1.3_r1.csv,TRUE,2026-06-01T16:53:13,3597,table_1 (p_era_mean_mm_1981_2025 dataset='era5_yy'; p_era_mean_mm_tower_years window boundary dataset='fluxmet_yy'); spot_check_nine_sites.csv
DE-Etn,fluxmet_yy,data/extracted/EUF_DE-Etn_FLUXNET_2024-2024_v1.3_r1/EUF_DE-Etn_FLUXNET_FLUXMET_YY_2024-2024_v1.3_r1.csv,EUF_DE-Etn_FLUXNET_FLUXMET_YY_2024-2024_v1.3_r1.csv,TRUE,2026-06-01T16:53:13,4174,table_1 (p_era_mean_mm_1981_2025 dataset='era5_yy'; p_era_mean_mm_tower_years window boundary dataset='fluxmet_yy'); spot_check_nine_sites.csv
DE-Fen,era5_yy,data/extracted/ICOS_DE-Fen_FLUXNET_2023-2025_v1.3_r1/ICOS_DE-Fen_FLUXNET_ERA5_YY_1981-2025_v1.3_r1.csv,ICOS_DE-Fen_FLUXNET_ERA5_YY_1981-2025_v1.3_r1.csv,TRUE,2026-09-20T13:04:00,3584,table_1 (p_era_mean_mm_1981_2025 dataset='era5_yy'; p_era_mean_mm_tower_years window boundary dataset='fluxmet_yy'); spot_check_nine_sites.csv
DE-Fen,fluxmet_yy,data/extracted/ICOS_DE-Fen_FLUXNET_2023-2025_v1.3_r1/ICOS_DE-Fen_FLUXNET_FLUXMET_YY_2023-2025_v1.3_r1.csv,ICOS_DE-Fen_FLUXNET_FLUXMET_YY_2023-2025_v1.3_r1.csv,TRUE,2026-09-20T13:04:00,12453,table_1 (p_era_mean_mm_1981_2025 dataset='era5_yy'; p_era_mean_mm_tower_years window boundary dataset='fluxmet_yy'); spot_check_nine_sites.csv
DE-Geb,era5_yy,data/extracted/ICOS_DE-Geb_FLUXNET_2020-2024_v1.3_r1/ICOS_DE-Geb_FLUXNET_ERA5_YY_1981-2025_v1.3_r1.csv,ICOS_DE-Geb_FLUXNET_ERA5_YY_1981-2025_v1.3_r1.csv,TRUE,2026-06-01T16:53:13,3611,table_1 (p_era_mean_mm_1981_2025 dataset='era5_yy'; p_era_mean_mm_tower_years window boundary dataset='fluxmet_yy'); spot_check_nine_sites.csv
DE-Geb,fluxmet_yy,data/extracted/ICOS_DE-Geb_FLUXNET_2020-2024_v1.3_r1/ICOS_DE-Geb_FLUXNET_FLUXMET_YY_2020-2024_v1.3_r1.csv,ICOS_DE-Geb_FLUXNET_FLUXMET_YY_2020-2024_v1.3_r1.csv,TRUE,2026-06-01T16:53:13,19053,table_1 (p_era_mean_mm_1981_2025 dataset='era5_yy'; p_era_mean_mm_tower_years window boundary dataset='fluxmet_yy'); spot_check_nine_sites.csv
DE-Gri,era5_yy,data/extracted/ICOS_DE-Gri_FLUXNET_2004-2025_v1.3_r1/ICOS_DE-Gri_FLUXNET_ERA5_YY_1981-2025_v1.3_r1.csv,ICOS_DE-Gri_FLUXNET_ERA5_YY_1981-2025_v1.3_r1.csv,TRUE,2026-09-20T13:04:00,3603,table_1 (p_era_mean_mm_1981_2025 dataset='era5_yy'; p_era_mean_mm_tower_years window boundary dataset='fluxmet_yy'); spot_check_nine_sites.csv
DE-Gri,fluxmet_yy,data/extracted/ICOS_DE-Gri_FLUXNET_2004-2025_v1.3_r1/ICOS_DE-Gri_FLUXNET_FLUXMET_YY_2004-2025_v1.3_r1.csv,ICOS_DE-Gri_FLUXNET_FLUXMET_YY_2004-2025_v1.3_r1.csv,TRUE,2026-09-20T13:04:00,66544,table_1 (p_era_mean_mm_1981_2025 dataset='era5_yy'; p_era_mean_mm_tower_years window boundary dataset='fluxmet_yy'); spot_check_nine_sites.csv
DE-GsB,era5_yy,data/extracted/ICOS_DE-GsB_FLUXNET_2015-2025_v1.3_r1/ICOS_DE-GsB_FLUXNET_ERA5_YY_1981-2025_v1.3_r1.csv,ICOS_DE-GsB_FLUXNET_ERA5_YY_1981-2025_v1.3_r1.csv,TRUE,2026-09-20T13:04:00,3616,table_1 (p_era_mean_mm_1981_2025 dataset='era5_yy'; p_era_mean_mm_tower_years window boundary dataset='fluxmet_yy'); spot_check_nine_sites.csv
DE-GsB,fluxmet_yy,data/extracted/ICOS_DE-GsB_FLUXNET_2015-2025_v1.3_r1/ICOS_DE-GsB_FLUXNET_FLUXMET_YY_2015-2025_v1.3_r1.csv,ICOS_DE-GsB_FLUXNET_FLUXMET_YY_2015-2025_v1.3_r1.csv,TRUE,2026-09-20T13:04:00,33817,table_1 (p_era_mean_mm_1981_2025 dataset='era5_yy'; p_era_mean_mm_tower_years window boundary dataset='fluxmet_yy'); spot_check_nine_sites.csv
DE-Gwg,era5_yy,data/extracted/ICOS_DE-Gwg_FLUXNET_2023-2025_v1.3_r1/ICOS_DE-Gwg_FLUXNET_ERA5_YY_1981-2025_v1.3_r1.csv,ICOS_DE-Gwg_FLUXNET_ERA5_YY_1981-2025_v1.3_r1.csv,TRUE,2026-09-20T13:04:00,3626,table_1 (p_era_mean_mm_1981_2025 dataset='era5_yy'; p_era_mean_mm_tower_years window boundary dataset='fluxmet_yy'); spot_check_nine_sites.csv
DE-Gwg,fluxmet_yy,data/extracted/ICOS_DE-Gwg_FLUXNET_2023-2025_v1.3_r1/ICOS_DE-Gwg_FLUXNET_FLUXMET_YY_2023-2025_v1.3_r1.csv,ICOS_DE-Gwg_FLUXNET_FLUXMET_YY_2023-2025_v1.3_r1.csv,TRUE,2026-09-20T13:04:00,12374,table_1 (p_era_mean_mm_1981_2025 dataset='era5_yy'; p_era_mean_mm_tower_years window boundary dataset='fluxmet_yy'); spot_check_nine_sites.csv
DE-Hai,era5_yy,data/extracted/ICOS_DE-Hai_FLUXNET_2000-2024_v1.3_r2/ICOS_DE-Hai_FLUXNET_ERA5_YY_1981-2025_v1.3_r2.csv,ICOS_DE-Hai_FLUXNET_ERA5_YY_1981-2025_v1.3_r2.csv,TRUE,2026-06-01T16:53:14,3597,table_1 (p_era_mean_mm_1981_2025 dataset='era5_yy'; p_era_mean_mm_tower_years window boundary dataset='fluxmet_yy'); spot_check_nine_sites.csv
DE-Hai,fluxmet_yy,data/extracted/ICOS_DE-Hai_FLUXNET_2000-2024_v1.3_r2/ICOS_DE-Hai_FLUXNET_FLUXMET_YY_2000-2024_v1.3_r2.csv,ICOS_DE-Hai_FLUXNET_FLUXMET_YY_2000-2024_v1.3_r2.csv,TRUE,2026-06-01T16:53:14,75062,table_1 (p_era_mean_mm_1981_2025 dataset='era5_yy'; p_era_mean_mm_tower_years window boundary dataset='fluxmet_yy'); spot_check_nine_sites.csv
DE-Har,era5_yy,data/extracted/ICOS_DE-Har_FLUXNET_2020-2025_v1.3_r1/ICOS_DE-Har_FLUXNET_ERA5_YY_1981-2025_v1.3_r1.csv,ICOS_DE-Har_FLUXNET_ERA5_YY_1981-2025_v1.3_r1.csv,TRUE,2026-09-20T13:04:00,3686,table_1 (p_era_mean_mm_1981_2025 dataset='era5_yy'; p_era_mean_mm_tower_years window boundary dataset='fluxmet_yy'); spot_check_nine_sites.csv
DE-Har,fluxmet_yy,data/extracted/ICOS_DE-Har_FLUXNET_2020-2025_v1.3_r1/ICOS_DE-Har_FLUXNET_FLUXMET_YY_2020-2025_v1.3_r1.csv,ICOS_DE-Har_FLUXNET_FLUXMET_YY_2020-2025_v1.3_r1.csv,TRUE,2026-09-20T13:04:00,21921,table_1 (p_era_mean_mm_1981_2025 dataset='era5_yy'; p_era_mean_mm_tower_years window boundary dataset='fluxmet_yy'); spot_check_nine_sites.csv
DE-Hdn,era5_yy,data/extracted/EUF_DE-Hdn_FLUXNET_2020-2023_v1.3_r1/EUF_DE-Hdn_FLUXNET_ERA5_YY_1981-2025_v1.3_r1.csv,EUF_DE-Hdn_FLUXNET_ERA5_YY_1981-2025_v1.3_r1.csv,TRUE,2026-06-01T16:53:13,3701,table_1 (p_era_mean_mm_1981_2025 dataset='era5_yy'; p_era_mean_mm_tower_years window boundary dataset='fluxmet_yy'); spot_check_nine_sites.csv
DE-Hdn,fluxmet_yy,data/extracted/EUF_DE-Hdn_FLUXNET_2020-2023_v1.3_r1/EUF_DE-Hdn_FLUXNET_FLUXMET_YY_2020-2023_v1.3_r1.csv,EUF_DE-Hdn_FLUXNET_FLUXMET_YY_2020-2023_v1.3_r1.csv,TRUE,2026-06-01T16:53:13,14779,table_1 (p_era_mean_mm_1981_2025 dataset='era5_yy'; p_era_mean_mm_tower_years window boundary dataset='fluxmet_yy'); spot_check_nine_sites.csv
DE-HoH,era5_yy,data/extracted/ICOS_DE-HoH_FLUXNET_2015-2025_v1.3_r1/ICOS_DE-HoH_FLUXNET_ERA5_YY_1981-2025_v1.3_r1.csv,ICOS_DE-HoH_FLUXNET_ERA5_YY_1981-2025_v1.3_r1.csv,TRUE,2026-09-20T13:04:00,3611,table_1 (p_era_mean_mm_1981_2025 dataset='era5_yy'; p_era_mean_mm_tower_years window boundary dataset='fluxmet_yy'); spot_check_nine_sites.csv
DE-HoH,fluxmet_yy,data/extracted/ICOS_DE-HoH_FLUXNET_2015-2025_v1.3_r1/ICOS_DE-HoH_FLUXNET_FLUXMET_YY_2015-2025_v1.3_r1.csv,ICOS_DE-HoH_FLUXNET_FLUXMET_YY_2015-2025_v1.3_r1.csv,TRUE,2026-09-20T13:04:00,37488,table_1 (p_era_mean_mm_1981_2025 dataset='era5_yy'; p_era_mean_mm_tower_years window boundary dataset='fluxmet_yy'); spot_check_nine_sites.csv
DE-Hte,era5_yy,data/extracted/EUF_DE-Hte_FLUXNET_2009-2018_v1.3_r2/EUF_DE-Hte_FLUXNET_ERA5_YY_1981-2025_v1.3_r2.csv,EUF_DE-Hte_FLUXNET_ERA5_YY_1981-2025_v1.3_r2.csv,TRUE,2026-09-20T13:04:00,3658,table_1 (p_era_mean_mm_1981_2025 dataset='era5_yy'; p_era_mean_mm_tower_years window boundary dataset='fluxmet_yy'); spot_check_nine_sites.csv
DE-Hte,fluxmet_yy,data/extracted/EUF_DE-Hte_FLUXNET_2009-2018_v1.3_r2/EUF_DE-Hte_FLUXNET_FLUXMET_YY_2009-2018_v1.3_r2.csv,EUF_DE-Hte_FLUXNET_FLUXMET_YY_2009-2018_v1.3_r2.csv,TRUE,2026-09-20T13:04:00,29108,table_1 (p_era_mean_mm_1981_2025 dataset='era5_yy'; p_era_mean_mm_tower_years window boundary dataset='fluxmet_yy'); spot_check_nine_sites.csv
DE-Hzd,era5_yy,data/extracted/ICOS_DE-Hzd_FLUXNET_2010-2025_v1.3_r1/ICOS_DE-Hzd_FLUXNET_ERA5_YY_1981-2025_v1.3_r1.csv,ICOS_DE-Hzd_FLUXNET_ERA5_YY_1981-2025_v1.3_r1.csv,TRUE,2026-09-20T10:54:57,3653,table_1 (p_era_mean_mm_1981_2025 dataset='era5_yy'; p_era_mean_mm_tower_years window boundary dataset='fluxmet_yy'); spot_check_nine_sites.csv
DE-Hzd,fluxmet_yy,data/extracted/ICOS_DE-Hzd_FLUXNET_2010-2025_v1.3_r1/ICOS_DE-Hzd_FLUXNET_FLUXMET_YY_2010-2025_v1.3_r1.csv,ICOS_DE-Hzd_FLUXNET_FLUXMET_YY_2010-2025_v1.3_r1.csv,TRUE,2026-09-20T10:54:57,42295,table_1 (p_era_mean_mm_1981_2025 dataset='era5_yy'; p_era_mean_mm_tower_years window boundary dataset='fluxmet_yy'); spot_check_nine_sites.csv
DE-Kli,era5_yy,data/extracted/ICOS_DE-Kli_FLUXNET_2004-2025_v1.3_r1/ICOS_DE-Kli_FLUXNET_ERA5_YY_1981-2025_v1.3_r1.csv,ICOS_DE-Kli_FLUXNET_ERA5_YY_1981-2025_v1.3_r1.csv,TRUE,2026-09-20T13:04:00,3578,table_1 (p_era_mean_mm_1981_2025 dataset='era5_yy'; p_era_mean_mm_tower_years window boundary dataset='fluxmet_yy'); spot_check_nine_sites.csv
DE-Kli,fluxmet_yy,data/extracted/ICOS_DE-Kli_FLUXNET_2004-2025_v1.3_r1/ICOS_DE-Kli_FLUXNET_FLUXMET_YY_2004-2025_v1.3_r1.csv,ICOS_DE-Kli_FLUXNET_FLUXMET_YY_2004-2025_v1.3_r1.csv,TRUE,2026-09-20T13:04:00,66505,table_1 (p_era_mean_mm_1981_2025 dataset='era5_yy'; p_era_mean_mm_tower_years window boundary dataset='fluxmet_yy'); spot_check_nine_sites.csv
DE-Lkb,era5_yy,data/extracted/EUF_DE-Lkb_FLUXNET_2009-2013_v1.3_r1/EUF_DE-Lkb_FLUXNET_ERA5_YY_1981-2025_v1.3_r1.csv,EUF_DE-Lkb_FLUXNET_ERA5_YY_1981-2025_v1.3_r1.csv,TRUE,2026-06-01T16:53:13,3620,table_1 (p_era_mean_mm_1981_2025 dataset='era5_yy'; p_era_mean_mm_tower_years window boundary dataset='fluxmet_yy'); spot_check_nine_sites.csv
DE-Lkb,fluxmet_yy,data/extracted/EUF_DE-Lkb_FLUXNET_2009-2013_v1.3_r1/EUF_DE-Lkb_FLUXNET_FLUXMET_YY_2009-2013_v1.3_r1.csv,EUF_DE-Lkb_FLUXNET_FLUXMET_YY_2009-2013_v1.3_r1.csv,TRUE,2026-06-01T16:53:13,17132,table_1 (p_era_mean_mm_1981_2025 dataset='era5_yy'; p_era_mean_mm_tower_years window boundary dataset='fluxmet_yy'); spot_check_nine_sites.csv
DE-Lnf,era5_yy,data/extracted/EUF_DE-Lnf_FLUXNET_2002-2024_v1.3_r1/EUF_DE-Lnf_FLUXNET_ERA5_YY_1981-2025_v1.3_r1.csv,EUF_DE-Lnf_FLUXNET_ERA5_YY_1981-2025_v1.3_r1.csv,TRUE,2026-06-01T16:53:13,3597,table_1 (p_era_mean_mm_1981_2025 dataset='era5_yy'; p_era_mean_mm_tower_years window boundary dataset='fluxmet_yy'); spot_check_nine_sites.csv
DE-Lnf,fluxmet_yy,data/extracted/EUF_DE-Lnf_FLUXNET_2002-2024_v1.3_r1/EUF_DE-Lnf_FLUXNET_FLUXMET_YY_2002-2024_v1.3_r1.csv,EUF_DE-Lnf_FLUXNET_FLUXMET_YY_2002-2024_v1.3_r1.csv,TRUE,2026-06-01T16:53:13,48358,table_1 (p_era_mean_mm_1981_2025 dataset='era5_yy'; p_era_mean_mm_tower_years window boundary dataset='fluxmet_yy'); spot_check_nine_sites.csv
DE-Msr,era5_yy,data/extracted/ICOS_DE-Msr_FLUXNET_2020-2025_v1.3_r1/ICOS_DE-Msr_FLUXNET_ERA5_YY_1981-2025_v1.3_r1.csv,ICOS_DE-Msr_FLUXNET_ERA5_YY_1981-2025_v1.3_r1.csv,TRUE,2026-09-20T13:04:00,3631,table_1 (p_era_mean_mm_1981_2025 dataset='era5_yy'; p_era_mean_mm_tower_years window boundary dataset='fluxmet_yy'); spot_check_nine_sites.csv
DE-Msr,fluxmet_yy,data/extracted/ICOS_DE-Msr_FLUXNET_2020-2025_v1.3_r1/ICOS_DE-Msr_FLUXNET_FLUXMET_YY_2020-2025_v1.3_r1.csv,ICOS_DE-Msr_FLUXNET_FLUXMET_YY_2020-2025_v1.3_r1.csv,TRUE,2026-09-20T13:04:00,20035,table_1 (p_era_mean_mm_1981_2025 dataset='era5_yy'; p_era_mean_mm_tower_years window boundary dataset='fluxmet_yy'); spot_check_nine_sites.csv
DE-Obe,era5_yy,data/extracted/EUF_DE-Obe_FLUXNET_2008-2024_v1.3_r1/EUF_DE-Obe_FLUXNET_ERA5_YY_1981-2024_v1.3_r1.csv,EUF_DE-Obe_FLUXNET_ERA5_YY_1981-2024_v1.3_r1.csv,TRUE,2026-06-01T16:53:13,3504,table_1 (p_era_mean_mm_1981_2025 dataset='era5_yy'; p_era_mean_mm_tower_years window boundary dataset='fluxmet_yy'); spot_check_nine_sites.csv
DE-Obe,fluxmet_yy,data/extracted/EUF_DE-Obe_FLUXNET_2008-2024_v1.3_r1/EUF_DE-Obe_FLUXNET_FLUXMET_YY_2008-2024_v1.3_r1.csv,EUF_DE-Obe_FLUXNET_FLUXMET_YY_2008-2024_v1.3_r1.csv,TRUE,2026-06-01T16:53:13,51568,table_1 (p_era_mean_mm_1981_2025 dataset='era5_yy'; p_era_mean_mm_tower_years window boundary dataset='fluxmet_yy'); spot_check_nine_sites.csv
DE-Rns,era5_yy,data/extracted/EUF_DE-Rns_FLUXNET_2021-2024_v1.3_r2/EUF_DE-Rns_FLUXNET_ERA5_YY_1981-2025_v1.3_r2.csv,EUF_DE-Rns_FLUXNET_ERA5_YY_1981-2025_v1.3_r2.csv,TRUE,2026-06-01T16:53:13,3589,table_1 (p_era_mean_mm_1981_2025 dataset='era5_yy'; p_era_mean_mm_tower_years window boundary dataset='fluxmet_yy'); spot_check_nine_sites.csv
DE-Rns,fluxmet_yy,data/extracted/EUF_DE-Rns_FLUXNET_2021-2024_v1.3_r2/EUF_DE-Rns_FLUXNET_FLUXMET_YY_2021-2024_v1.3_r2.csv,EUF_DE-Rns_FLUXNET_FLUXMET_YY_2021-2024_v1.3_r2.csv,TRUE,2026-06-01T16:53:13,16660,table_1 (p_era_mean_mm_1981_2025 dataset='era5_yy'; p_era_mean_mm_tower_years window boundary dataset='fluxmet_yy'); spot_check_nine_sites.csv
DE-RuC,era5_yy,data/extracted/EUF_DE-RuC_FLUXNET_2013-2024_v1.3_r1/EUF_DE-RuC_FLUXNET_ERA5_YY_1981-2025_v1.3_r1.csv,EUF_DE-RuC_FLUXNET_ERA5_YY_1981-2025_v1.3_r1.csv,TRUE,2026-06-01T16:53:13,3622,table_1 (p_era_mean_mm_1981_2025 dataset='era5_yy'; p_era_mean_mm_tower_years window boundary dataset='fluxmet_yy'); spot_check_nine_sites.csv
DE-RuC,fluxmet_yy,data/extracted/EUF_DE-RuC_FLUXNET_2013-2024_v1.3_r1/EUF_DE-RuC_FLUXNET_FLUXMET_YY_2013-2024_v1.3_r1.csv,EUF_DE-RuC_FLUXNET_FLUXMET_YY_2013-2024_v1.3_r1.csv,TRUE,2026-06-01T16:53:13,35981,table_1 (p_era_mean_mm_1981_2025 dataset='era5_yy'; p_era_mean_mm_tower_years window boundary dataset='fluxmet_yy'); spot_check_nine_sites.csv
DE-RuM,era5_yy,data/extracted/EUF_DE-RuM_FLUXNET_2011-2019_v1.3_r1/EUF_DE-RuM_FLUXNET_ERA5_YY_1981-2025_v1.3_r1.csv,EUF_DE-RuM_FLUXNET_ERA5_YY_1981-2025_v1.3_r1.csv,TRUE,2026-06-01T16:53:13,3675,table_1 (p_era_mean_mm_1981_2025 dataset='era5_yy'; p_era_mean_mm_tower_years window boundary dataset='fluxmet_yy'); spot_check_nine_sites.csv
DE-RuM,fluxmet_yy,data/extracted/EUF_DE-RuM_FLUXNET_2011-2019_v1.3_r1/EUF_DE-RuM_FLUXNET_FLUXMET_YY_2011-2019_v1.3_r1.csv,EUF_DE-RuM_FLUXNET_FLUXMET_YY_2011-2019_v1.3_r1.csv,TRUE,2026-06-01T16:53:13,28160,table_1 (p_era_mean_mm_1981_2025 dataset='era5_yy'; p_era_mean_mm_tower_years window boundary dataset='fluxmet_yy'); spot_check_nine_sites.csv
DE-RuR,era5_yy,data/extracted/ICOS_DE-RuR_FLUXNET_2011-2025_v1.3_r1/ICOS_DE-RuR_FLUXNET_ERA5_YY_1981-2025_v1.3_r1.csv,ICOS_DE-RuR_FLUXNET_ERA5_YY_1981-2025_v1.3_r1.csv,TRUE,2026-09-20T13:04:00,3586,table_1 (p_era_mean_mm_1981_2025 dataset='era5_yy'; p_era_mean_mm_tower_years window boundary dataset='fluxmet_yy'); spot_check_nine_sites.csv
DE-RuR,fluxmet_yy,data/extracted/ICOS_DE-RuR_FLUXNET_2011-2025_v1.3_r1/ICOS_DE-RuR_FLUXNET_FLUXMET_YY_2011-2025_v1.3_r1.csv,ICOS_DE-RuR_FLUXNET_FLUXMET_YY_2011-2025_v1.3_r1.csv,TRUE,2026-09-20T13:04:00,44108,table_1 (p_era_mean_mm_1981_2025 dataset='era5_yy'; p_era_mean_mm_tower_years window boundary dataset='fluxmet_yy'); spot_check_nine_sites.csv
DE-RuS,era5_yy,data/extracted/ICOS_DE-RuS_FLUXNET_2011-2025_v1.3_r1/ICOS_DE-RuS_FLUXNET_ERA5_YY_1981-2025_v1.3_r1.csv,ICOS_DE-RuS_FLUXNET_ERA5_YY_1981-2025_v1.3_r1.csv,TRUE,2026-09-20T10:54:57,3710,table_1 (p_era_mean_mm_1981_2025 dataset='era5_yy'; p_era_mean_mm_tower_years window boundary dataset='fluxmet_yy'); spot_check_nine_sites.csv
DE-RuS,fluxmet_yy,data/extracted/ICOS_DE-RuS_FLUXNET_2011-2025_v1.3_r1/ICOS_DE-RuS_FLUXNET_FLUXMET_YY_2011-2025_v1.3_r1.csv,ICOS_DE-RuS_FLUXNET_FLUXMET_YY_2011-2025_v1.3_r1.csv,TRUE,2026-09-20T10:54:57,43577,table_1 (p_era_mean_mm_1981_2025 dataset='era5_yy'; p_era_mean_mm_tower_years window boundary dataset='fluxmet_yy'); spot_check_nine_sites.csv
DE-RuW,era5_yy,data/extracted/ICOS_DE-RuW_FLUXNET_2011-2024_v1.3_r1/ICOS_DE-RuW_FLUXNET_ERA5_YY_1981-2025_v1.3_r1.csv,ICOS_DE-RuW_FLUXNET_ERA5_YY_1981-2025_v1.3_r1.csv,TRUE,2026-06-01T16:53:14,3620,table_1 (p_era_mean_mm_1981_2025 dataset='era5_yy'; p_era_mean_mm_tower_years window boundary dataset='fluxmet_yy'); spot_check_nine_sites.csv
DE-RuW,fluxmet_yy,data/extracted/ICOS_DE-RuW_FLUXNET_2011-2024_v1.3_r1/ICOS_DE-RuW_FLUXNET_FLUXMET_YY_2011-2024_v1.3_r1.csv,ICOS_DE-RuW_FLUXNET_FLUXMET_YY_2011-2024_v1.3_r1.csv,TRUE,2026-06-01T16:53:14,36719,table_1 (p_era_mean_mm_1981_2025 dataset='era5_yy'; p_era_mean_mm_tower_years window boundary dataset='fluxmet_yy'); spot_check_nine_sites.csv
DE-SbM,era5_yy,data/extracted/EUF_DE-SbM_FLUXNET_2023-2024_v1.3_r1/EUF_DE-SbM_FLUXNET_ERA5_YY_1981-2025_v1.3_r1.csv,EUF_DE-SbM_FLUXNET_ERA5_YY_1981-2025_v1.3_r1.csv,TRUE,2026-06-01T16:53:13,3630,table_1 (p_era_mean_mm_1981_2025 dataset='era5_yy'; p_era_mean_mm_tower_years window boundary dataset='fluxmet_yy'); spot_check_nine_sites.csv
DE-SbM,fluxmet_yy,data/extracted/EUF_DE-SbM_FLUXNET_2023-2024_v1.3_r1/EUF_DE-SbM_FLUXNET_FLUXMET_YY_2023-2024_v1.3_r1.csv,EUF_DE-SbM_FLUXNET_FLUXMET_YY_2023-2024_v1.3_r1.csv,TRUE,2026-06-01T16:53:13,6114,table_1 (p_era_mean_mm_1981_2025 dataset='era5_yy'; p_era_mean_mm_tower_years window boundary dataset='fluxmet_yy'); spot_check_nine_sites.csv
DE-Seh,era5_yy,data/extracted/EUF_DE-Seh_FLUXNET_2007-2010_v1.3_r1/EUF_DE-Seh_FLUXNET_ERA5_YY_1981-2024_v1.3_r1.csv,EUF_DE-Seh_FLUXNET_ERA5_YY_1981-2024_v1.3_r1.csv,TRUE,2026-06-01T16:53:13,3585,table_1 (p_era_mean_mm_1981_2025 dataset='era5_yy'; p_era_mean_mm_tower_years window boundary dataset='fluxmet_yy'); spot_check_nine_sites.csv
DE-Seh,fluxmet_yy,data/extracted/EUF_DE-Seh_FLUXNET_2007-2010_v1.3_r1/EUF_DE-Seh_FLUXNET_FLUXMET_YY_2007-2010_v1.3_r1.csv,EUF_DE-Seh_FLUXNET_FLUXMET_YY_2007-2010_v1.3_r1.csv,TRUE,2026-06-01T16:53:13,14521,table_1 (p_era_mean_mm_1981_2025 dataset='era5_yy'; p_era_mean_mm_tower_years window boundary dataset='fluxmet_yy'); spot_check_nine_sites.csv
DE-SfS,era5_yy,data/extracted/EUF_DE-SfS_FLUXNET_2010-2020_v1.3_r1/EUF_DE-SfS_FLUXNET_ERA5_YY_1981-2025_v1.3_r1.csv,EUF_DE-SfS_FLUXNET_ERA5_YY_1981-2025_v1.3_r1.csv,TRUE,2026-06-01T16:59:08,3638,table_1 (p_era_mean_mm_1981_2025 dataset='era5_yy'; p_era_mean_mm_tower_years window boundary dataset='fluxmet_yy'); spot_check_nine_sites.csv
DE-SfS,fluxmet_yy,data/extracted/EUF_DE-SfS_FLUXNET_2010-2020_v1.3_r1/EUF_DE-SfS_FLUXNET_FLUXMET_YY_2010-2020_v1.3_r1.csv,EUF_DE-SfS_FLUXNET_FLUXMET_YY_2010-2020_v1.3_r1.csv,TRUE,2026-06-01T16:59:08,31550,table_1 (p_era_mean_mm_1981_2025 dataset='era5_yy'; p_era_mean_mm_tower_years window boundary dataset='fluxmet_yy'); spot_check_nine_sites.csv
DE-Spw,era5_yy,data/extracted/EUF_DE-Spw_FLUXNET_2010-2015_v1.3_r1/EUF_DE-Spw_FLUXNET_ERA5_YY_1981-2024_v1.3_r1.csv,EUF_DE-Spw_FLUXNET_ERA5_YY_1981-2024_v1.3_r1.csv,TRUE,2026-06-01T16:59:08,3692,table_1 (p_era_mean_mm_1981_2025 dataset='era5_yy'; p_era_mean_mm_tower_years window boundary dataset='fluxmet_yy'); spot_check_nine_sites.csv
DE-Spw,fluxmet_yy,data/extracted/EUF_DE-Spw_FLUXNET_2010-2015_v1.3_r1/EUF_DE-Spw_FLUXNET_FLUXMET_YY_2010-2015_v1.3_r1.csv,EUF_DE-Spw_FLUXNET_FLUXMET_YY_2010-2015_v1.3_r1.csv,TRUE,2026-06-01T16:59:08,19978,table_1 (p_era_mean_mm_1981_2025 dataset='era5_yy'; p_era_mean_mm_tower_years window boundary dataset='fluxmet_yy'); spot_check_nine_sites.csv
DE-Tha,era5_yy,data/extracted/ICOS_DE-Tha_FLUXNET_1996-2025_v1.3_r1/ICOS_DE-Tha_FLUXNET_ERA5_YY_1981-2025_v1.3_r1.csv,ICOS_DE-Tha_FLUXNET_ERA5_YY_1981-2025_v1.3_r1.csv,TRUE,2026-09-20T13:04:01,3594,table_1 (p_era_mean_mm_1981_2025 dataset='era5_yy'; p_era_mean_mm_tower_years window boundary dataset='fluxmet_yy'); spot_check_nine_sites.csv
DE-Tha,fluxmet_yy,data/extracted/ICOS_DE-Tha_FLUXNET_1996-2025_v1.3_r1/ICOS_DE-Tha_FLUXNET_FLUXMET_YY_1996-2025_v1.3_r1.csv,ICOS_DE-Tha_FLUXNET_FLUXMET_YY_1996-2025_v1.3_r1.csv,TRUE,2026-09-20T13:04:01,89584,table_1 (p_era_mean_mm_1981_2025 dataset='era5_yy'; p_era_mean_mm_tower_years window boundary dataset='fluxmet_yy'); spot_check_nine_sites.csv
DE-Zrk,era5_yy,data/extracted/EUF_DE-Zrk_FLUXNET_2013-2022_v1.3_r1/EUF_DE-Zrk_FLUXNET_ERA5_YY_1981-2025_v1.3_r1.csv,EUF_DE-Zrk_FLUXNET_ERA5_YY_1981-2025_v1.3_r1.csv,TRUE,2026-06-01T16:59:08,3789,table_1 (p_era_mean_mm_1981_2025 dataset='era5_yy'; p_era_mean_mm_tower_years window boundary dataset='fluxmet_yy'); spot_check_nine_sites.csv
DE-Zrk,fluxmet_yy,data/extracted/EUF_DE-Zrk_FLUXNET_2013-2022_v1.3_r1/EUF_DE-Zrk_FLUXNET_FLUXMET_YY_2013-2022_v1.3_r1.csv,EUF_DE-Zrk_FLUXNET_FLUXMET_YY_2013-2022_v1.3_r1.csv,TRUE,2026-06-01T16:59:08,31368,table_1 (p_era_mean_mm_1981_2025 dataset='era5_yy'; p_era_mean_mm_tower_years window boundary dataset='fluxmet_yy'); spot_check_nine_sites.csv
DK-Eng,era5_yy,data/extracted/EUF_DK-Eng_FLUXNET_2005-2008_v1.3_r1/EUF_DK-Eng_FLUXNET_ERA5_YY_1981-2025_v1.3_r1.csv,EUF_DK-Eng_FLUXNET_ERA5_YY_1981-2025_v1.3_r1.csv,TRUE,2026-09-01T09:58:29,3662,table_1 (p_era_mean_mm_1981_2025 dataset='era5_yy'; p_era_mean_mm_tower_years window boundary dataset='fluxmet_yy'); spot_check_nine_sites.csv
DK-Eng,fluxmet_yy,data/extracted/EUF_DK-Eng_FLUXNET_2005-2008_v1.3_r1/EUF_DK-Eng_FLUXNET_FLUXMET_YY_2005-2008_v1.3_r1.csv,EUF_DK-Eng_FLUXNET_FLUXMET_YY_2005-2008_v1.3_r1.csv,TRUE,2026-09-01T09:58:29,14647,table_1 (p_era_mean_mm_1981_2025 dataset='era5_yy'; p_era_mean_mm_tower_years window boundary dataset='fluxmet_yy'); spot_check_nine_sites.csv
DK-Fou,era5_yy,data/extracted/EUF_DK-Fou_FLUXNET_2005-2005_v1.3_r1/EUF_DK-Fou_FLUXNET_ERA5_YY_1981-2025_v1.3_r1.csv,EUF_DK-Fou_FLUXNET_ERA5_YY_1981-2025_v1.3_r1.csv,TRUE,2026-09-01T09:58:29,3626,table_1 (p_era_mean_mm_1981_2025 dataset='era5_yy'; p_era_mean_mm_tower_years window boundary dataset='fluxmet_yy'); spot_check_nine_sites.csv
DK-Fou,fluxmet_yy,data/extracted/EUF_DK-Fou_FLUXNET_2005-2005_v1.3_r1/EUF_DK-Fou_FLUXNET_FLUXMET_YY_2005-2005_v1.3_r1.csv,EUF_DK-Fou_FLUXNET_FLUXMET_YY_2005-2005_v1.3_r1.csv,TRUE,2026-09-01T09:58:29,4313,table_1 (p_era_mean_mm_1981_2025 dataset='era5_yy'; p_era_mean_mm_tower_years window boundary dataset='fluxmet_yy'); spot_check_nine_sites.csv
DK-Gds,era5_yy,data/extracted/ICOS_DK-Gds_FLUXNET_2020-2022_v1.3_r1/ICOS_DK-Gds_FLUXNET_ERA5_YY_1981-2024_v1.3_r1.csv,ICOS_DK-Gds_FLUXNET_ERA5_YY_1981-2024_v1.3_r1.csv,TRUE,2026-06-01T16:59:08,3517,table_1 (p_era_mean_mm_1981_2025 dataset='era5_yy'; p_era_mean_mm_tower_years window boundary dataset='fluxmet_yy'); spot_check_nine_sites.csv
DK-Gds,fluxmet_yy,data/extracted/ICOS_DK-Gds_FLUXNET_2020-2022_v1.3_r1/ICOS_DK-Gds_FLUXNET_FLUXMET_YY_2020-2022_v1.3_r1.csv,ICOS_DK-Gds_FLUXNET_FLUXMET_YY_2020-2022_v1.3_r1.csv,TRUE,2026-06-01T16:59:08,12167,table_1 (p_era_mean_mm_1981_2025 dataset='era5_yy'; p_era_mean_mm_tower_years window boundary dataset='fluxmet_yy'); spot_check_nine_sites.csv
DK-RCW,era5_yy,data/extracted/ICOS_DK-RCW_FLUXNET_2023-2025_v1.3_r1/ICOS_DK-RCW_FLUXNET_ERA5_YY_1981-2025_v1.3_r1.csv,ICOS_DK-RCW_FLUXNET_ERA5_YY_1981-2025_v1.3_r1.csv,TRUE,2026-09-20T13:04:01,3594,table_1 (p_era_mean_mm_1981_2025 dataset='era5_yy'; p_era_mean_mm_tower_years window boundary dataset='fluxmet_yy'); spot_check_nine_sites.csv
DK-RCW,fluxmet_yy,data/extracted/ICOS_DK-RCW_FLUXNET_2023-2025_v1.3_r1/ICOS_DK-RCW_FLUXNET_FLUXMET_YY_2023-2025_v1.3_r1.csv,ICOS_DK-RCW_FLUXNET_FLUXMET_YY_2023-2025_v1.3_r1.csv,TRUE,2026-09-20T13:04:01,12276,table_1 (p_era_mean_mm_1981_2025 dataset='era5_yy'; p_era_mean_mm_tower_years window boundary dataset='fluxmet_yy'); spot_check_nine_sites.csv
DK-Skj,era5_yy,data/extracted/ICOS_DK-Skj_FLUXNET_2020-2022_v1.3_r1/ICOS_DK-Skj_FLUXNET_ERA5_YY_1981-2024_v1.3_r1.csv,ICOS_DK-Skj_FLUXNET_ERA5_YY_1981-2024_v1.3_r1.csv,TRUE,2026-06-01T16:59:09,3553,table_1 (p_era_mean_mm_1981_2025 dataset='era5_yy'; p_era_mean_mm_tower_years window boundary dataset='fluxmet_yy'); spot_check_nine_sites.csv
DK-Skj,fluxmet_yy,data/extracted/ICOS_DK-Skj_FLUXNET_2020-2022_v1.3_r1/ICOS_DK-Skj_FLUXNET_FLUXMET_YY_2020-2022_v1.3_r1.csv,ICOS_DK-Skj_FLUXNET_FLUXMET_YY_2020-2022_v1.3_r1.csv,TRUE,2026-06-01T16:59:09,12516,table_1 (p_era_mean_mm_1981_2025 dataset='era5_yy'; p_era_mean_mm_tower_years window boundary dataset='fluxmet_yy'); spot_check_nine_sites.csv
DK-Sor,era5_yy,data/extracted/ICOS_DK-Sor_FLUXNET_1996-2024_v1.3_r1/ICOS_DK-Sor_FLUXNET_ERA5_YY_1981-2025_v1.3_r1.csv,ICOS_DK-Sor_FLUXNET_ERA5_YY_1981-2025_v1.3_r1.csv,TRUE,2026-06-01T16:59:09,3622,table_1 (p_era_mean_mm_1981_2025 dataset='era5_yy'; p_era_mean_mm_tower_years window boundary dataset='fluxmet_yy'); spot_check_nine_sites.csv
DK-Sor,fluxmet_yy,data/extracted/ICOS_DK-Sor_FLUXNET_1996-2024_v1.3_r1/ICOS_DK-Sor_FLUXNET_FLUXMET_YY_1996-2024_v1.3_r1.csv,ICOS_DK-Sor_FLUXNET_FLUXMET_YY_1996-2024_v1.3_r1.csv,TRUE,2026-06-01T16:59:09,85756,table_1 (p_era_mean_mm_1981_2025 dataset='era5_yy'; p_era_mean_mm_tower_years window boundary dataset='fluxmet_yy'); spot_check_nine_sites.csv
DK-Vng,era5_yy,data/extracted/ICOS_DK-Vng_FLUXNET_2020-2023_v1.3_r1/ICOS_DK-Vng_FLUXNET_ERA5_YY_1981-2024_v1.3_r1.csv,ICOS_DK-Vng_FLUXNET_ERA5_YY_1981-2024_v1.3_r1.csv,TRUE,2026-06-01T16:59:09,3572,table_1 (p_era_mean_mm_1981_2025 dataset='era5_yy'; p_era_mean_mm_tower_years window boundary dataset='fluxmet_yy'); spot_check_nine_sites.csv
DK-Vng,fluxmet_yy,data/extracted/ICOS_DK-Vng_FLUXNET_2020-2023_v1.3_r1/ICOS_DK-Vng_FLUXNET_FLUXMET_YY_2020-2023_v1.3_r1.csv,ICOS_DK-Vng_FLUXNET_FLUXMET_YY_2020-2023_v1.3_r1.csv,TRUE,2026-06-01T16:59:09,16322,table_1 (p_era_mean_mm_1981_2025 dataset='era5_yy'; p_era_mean_mm_tower_years window boundary dataset='fluxmet_yy'); spot_check_nine_sites.csv
EE-Pts,era5_yy,data/extracted/EUF_EE-Pts_FLUXNET_2022-2024_v1.3_r1/EUF_EE-Pts_FLUXNET_ERA5_YY_1981-2025_v1.3_r1.csv,EUF_EE-Pts_FLUXNET_ERA5_YY_1981-2025_v1.3_r1.csv,TRUE,2026-06-01T16:59:08,3613,table_1 (p_era_mean_mm_1981_2025 dataset='era5_yy'; p_era_mean_mm_tower_years window boundary dataset='fluxmet_yy'); spot_check_nine_sites.csv
EE-Pts,fluxmet_yy,data/extracted/EUF_EE-Pts_FLUXNET_2022-2024_v1.3_r1/EUF_EE-Pts_FLUXNET_FLUXMET_YY_2022-2024_v1.3_r1.csv,EUF_EE-Pts_FLUXNET_FLUXMET_YY_2022-2024_v1.3_r1.csv,TRUE,2026-06-01T16:59:08,12460,table_1 (p_era_mean_mm_1981_2025 dataset='era5_yy'; p_era_mean_mm_tower_years window boundary dataset='fluxmet_yy'); spot_check_nine_sites.csv
EE-Rng,era5_yy,data/extracted/EUF_EE-Rng_FLUXNET_2023-2024_v1.3_r1/EUF_EE-Rng_FLUXNET_ERA5_YY_1981-2025_v1.3_r1.csv,EUF_EE-Rng_FLUXNET_ERA5_YY_1981-2025_v1.3_r1.csv,TRUE,2026-06-01T16:59:08,3569,table_1 (p_era_mean_mm_1981_2025 dataset='era5_yy'; p_era_mean_mm_tower_years window boundary dataset='fluxmet_yy'); spot_check_nine_sites.csv
EE-Rng,fluxmet_yy,data/extracted/EUF_EE-Rng_FLUXNET_2023-2024_v1.3_r1/EUF_EE-Rng_FLUXNET_FLUXMET_YY_2023-2024_v1.3_r1.csv,EUF_EE-Rng_FLUXNET_FLUXMET_YY_2023-2024_v1.3_r1.csv,TRUE,2026-06-01T16:59:08,5980,table_1 (p_era_mean_mm_1981_2025 dataset='era5_yy'; p_era_mean_mm_tower_years window boundary dataset='fluxmet_yy'); spot_check_nine_sites.csv
EE-Stg,era5_yy,data/extracted/EUF_EE-Stg_FLUXNET_2016-2024_v1.3_r1/EUF_EE-Stg_FLUXNET_ERA5_YY_1981-2025_v1.3_r1.csv,EUF_EE-Stg_FLUXNET_ERA5_YY_1981-2025_v1.3_r1.csv,TRUE,2026-06-01T16:59:08,3670,table_1 (p_era_mean_mm_1981_2025 dataset='era5_yy'; p_era_mean_mm_tower_years window boundary dataset='fluxmet_yy'); spot_check_nine_sites.csv
EE-Stg,fluxmet_yy,data/extracted/EUF_EE-Stg_FLUXNET_2016-2024_v1.3_r1/EUF_EE-Stg_FLUXNET_FLUXMET_YY_2016-2024_v1.3_r1.csv,EUF_EE-Stg_FLUXNET_FLUXMET_YY_2016-2024_v1.3_r1.csv,TRUE,2026-06-01T16:59:08,28247,table_1 (p_era_mean_mm_1981_2025 dataset='era5_yy'; p_era_mean_mm_tower_years window boundary dataset='fluxmet_yy'); spot_check_nine_sites.csv
ES-Abr,era5_yy,data/extracted/EUF_ES-Abr_FLUXNET_2015-2020_v1.3_r1/EUF_ES-Abr_FLUXNET_ERA5_YY_1981-2025_v1.3_r1.csv,EUF_ES-Abr_FLUXNET_ERA5_YY_1981-2025_v1.3_r1.csv,TRUE,2026-06-01T16:59:08,3739,table_1 (p_era_mean_mm_1981_2025 dataset='era5_yy'; p_era_mean_mm_tower_years window boundary dataset='fluxmet_yy'); spot_check_nine_sites.csv
ES-Abr,fluxmet_yy,data/extracted/EUF_ES-Abr_FLUXNET_2015-2020_v1.3_r1/EUF_ES-Abr_FLUXNET_FLUXMET_YY_2015-2020_v1.3_r1.csv,EUF_ES-Abr_FLUXNET_FLUXMET_YY_2015-2020_v1.3_r1.csv,TRUE,2026-06-01T16:59:08,20968,table_1 (p_era_mean_mm_1981_2025 dataset='era5_yy'; p_era_mean_mm_tower_years window boundary dataset='fluxmet_yy'); spot_check_nine_sites.csv
ES-Agu,era5_yy,data/extracted/EUF_ES-Agu_FLUXNET_2006-2024_v1.3_r1/EUF_ES-Agu_FLUXNET_ERA5_YY_1981-2024_v1.3_r1.csv,EUF_ES-Agu_FLUXNET_ERA5_YY_1981-2024_v1.3_r1.csv,TRUE,2026-06-01T16:59:08,3634,table_1 (p_era_mean_mm_1981_2025 dataset='era5_yy'; p_era_mean_mm_tower_years window boundary dataset='fluxmet_yy'); spot_check_nine_sites.csv
ES-Agu,fluxmet_yy,data/extracted/EUF_ES-Agu_FLUXNET_2006-2024_v1.3_r1/EUF_ES-Agu_FLUXNET_FLUXMET_YY_2006-2024_v1.3_r1.csv,EUF_ES-Agu_FLUXNET_FLUXMET_YY_2006-2024_v1.3_r1.csv,TRUE,2026-06-01T16:59:08,36690,table_1 (p_era_mean_mm_1981_2025 dataset='era5_yy'; p_era_mean_mm_tower_years window boundary dataset='fluxmet_yy'); spot_check_nine_sites.csv
ES-Amo,era5_yy,data/extracted/EUF_ES-Amo_FLUXNET_2007-2019_v1.3_r1/EUF_ES-Amo_FLUXNET_ERA5_YY_1981-2025_v1.3_r1.csv,EUF_ES-Amo_FLUXNET_ERA5_YY_1981-2025_v1.3_r1.csv,TRUE,2026-06-01T16:59:08,3758,table_1 (p_era_mean_mm_1981_2025 dataset='era5_yy'; p_era_mean_mm_tower_years window boundary dataset='fluxmet_yy'); spot_check_nine_sites.csv
ES-Amo,fluxmet_yy,data/extracted/EUF_ES-Amo_FLUXNET_2007-2019_v1.3_r1/EUF_ES-Amo_FLUXNET_FLUXMET_YY_2007-2019_v1.3_r1.csv,EUF_ES-Amo_FLUXNET_FLUXMET_YY_2007-2019_v1.3_r1.csv,TRUE,2026-06-01T16:59:08,27524,table_1 (p_era_mean_mm_1981_2025 dataset='era5_yy'; p_era_mean_mm_tower_years window boundary dataset='fluxmet_yy'); spot_check_nine_sites.csv
ES-Cnd,era5_yy,data/extracted/EUF_ES-Cnd_FLUXNET_2014-2021_v1.3_r1/EUF_ES-Cnd_FLUXNET_ERA5_YY_1981-2025_v1.3_r1.csv,EUF_ES-Cnd_FLUXNET_ERA5_YY_1981-2025_v1.3_r1.csv,TRUE,2026-06-01T16:59:08,3772,table_1 (p_era_mean_mm_1981_2025 dataset='era5_yy'; p_era_mean_mm_tower_years window boundary dataset='fluxmet_yy'); spot_check_nine_sites.csv
ES-Cnd,fluxmet_yy,data/extracted/EUF_ES-Cnd_FLUXNET_2014-2021_v1.3_r1/EUF_ES-Cnd_FLUXNET_FLUXMET_YY_2014-2021_v1.3_r1.csv,EUF_ES-Cnd_FLUXNET_FLUXMET_YY_2014-2021_v1.3_r1.csv,TRUE,2026-06-01T16:59:08,25206,table_1 (p_era_mean_mm_1981_2025 dataset='era5_yy'; p_era_mean_mm_tower_years window boundary dataset='fluxmet_yy'); spot_check_nine_sites.csv
ES-Crg,era5_yy,data/extracted/EUF_ES-Crg_FLUXNET_2021-2024_v1.3_r1/EUF_ES-Crg_FLUXNET_ERA5_YY_1981-2025_v1.3_r1.csv,EUF_ES-Crg_FLUXNET_ERA5_YY_1981-2025_v1.3_r1.csv,TRUE,2026-06-01T16:59:08,3706,table_1 (p_era_mean_mm_1981_2025 dataset='era5_yy'; p_era_mean_mm_tower_years window boundary dataset='fluxmet_yy'); spot_check_nine_sites.csv
ES-Crg,fluxmet_yy,data/extracted/EUF_ES-Crg_FLUXNET_2021-2024_v1.3_r1/EUF_ES-Crg_FLUXNET_FLUXMET_YY_2021-2024_v1.3_r1.csv,EUF_ES-Crg_FLUXNET_FLUXMET_YY_2021-2024_v1.3_r1.csv,TRUE,2026-06-01T16:59:08,14941,table_1 (p_era_mean_mm_1981_2025 dataset='era5_yy'; p_era_mean_mm_tower_years window boundary dataset='fluxmet_yy'); spot_check_nine_sites.csv
ES-Dnn,era5_yy,data/extracted/EUF_ES-Dnn_FLUXNET_2024-2024_v1.3_r1/EUF_ES-Dnn_FLUXNET_ERA5_YY_1981-2025_v1.3_r1.csv,EUF_ES-Dnn_FLUXNET_ERA5_YY_1981-2025_v1.3_r1.csv,TRUE,2026-06-01T16:59:08,3803,table_1 (p_era_mean_mm_1981_2025 dataset='era5_yy'; p_era_mean_mm_tower_years window boundary dataset='fluxmet_yy'); spot_check_nine_sites.csv
ES-Dnn,fluxmet_yy,data/extracted/EUF_ES-Dnn_FLUXNET_2024-2024_v1.3_r1/EUF_ES-Dnn_FLUXNET_FLUXMET_YY_2024-2024_v1.3_r1.csv,EUF_ES-Dnn_FLUXNET_FLUXMET_YY_2024-2024_v1.3_r1.csv,TRUE,2026-06-01T16:59:08,4223,table_1 (p_era_mean_mm_1981_2025 dataset='era5_yy'; p_era_mean_mm_tower_years window boundary dataset='fluxmet_yy'); spot_check_nine_sites.csv
ES-FtD,era5_yy,data/extracted/EUF_ES-FtD_FLUXNET_2021-2024_v1.3_r1/EUF_ES-FtD_FLUXNET_ERA5_YY_1981-2025_v1.3_r1.csv,EUF_ES-FtD_FLUXNET_ERA5_YY_1981-2025_v1.3_r1.csv,TRUE,2026-06-01T16:59:08,3859,table_1 (p_era_mean_mm_1981_2025 dataset='era5_yy'; p_era_mean_mm_tower_years window boundary dataset='fluxmet_yy'); spot_check_nine_sites.csv
ES-FtD,fluxmet_yy,data/extracted/EUF_ES-FtD_FLUXNET_2021-2024_v1.3_r1/EUF_ES-FtD_FLUXNET_FLUXMET_YY_2021-2024_v1.3_r1.csv,EUF_ES-FtD_FLUXNET_FLUXMET_YY_2021-2024_v1.3_r1.csv,TRUE,2026-06-01T16:59:08,14976,table_1 (p_era_mean_mm_1981_2025 dataset='era5_yy'; p_era_mean_mm_tower_years window boundary dataset='fluxmet_yy'); spot_check_nine_sites.csv
ES-Gdn,era5_yy,data/extracted/EUF_ES-Gdn_FLUXNET_2014-2021_v1.3_r1/EUF_ES-Gdn_FLUXNET_ERA5_YY_1981-2025_v1.3_r1.csv,EUF_ES-Gdn_FLUXNET_ERA5_YY_1981-2025_v1.3_r1.csv,TRUE,2026-06-01T16:59:08,3750,table_1 (p_era_mean_mm_1981_2025 dataset='era5_yy'; p_era_mean_mm_tower_years window boundary dataset='fluxmet_yy'); spot_check_nine_sites.csv
ES-Gdn,fluxmet_yy,data/extracted/EUF_ES-Gdn_FLUXNET_2014-2021_v1.3_r1/EUF_ES-Gdn_FLUXNET_FLUXMET_YY_2014-2021_v1.3_r1.csv,EUF_ES-Gdn_FLUXNET_FLUXMET_YY_2014-2021_v1.3_r1.csv,TRUE,2026-06-01T16:59:08,21690,table_1 (p_era_mean_mm_1981_2025 dataset='era5_yy'; p_era_mean_mm_tower_years window boundary dataset='fluxmet_yy'); spot_check_nine_sites.csv
ES-HdD,era5_yy,data/extracted/EUF_ES-HdD_FLUXNET_2024-2024_v1.3_r1/EUF_ES-HdD_FLUXNET_ERA5_YY_1981-2025_v1.3_r1.csv,EUF_ES-HdD_FLUXNET_ERA5_YY_1981-2025_v1.3_r1.csv,TRUE,2026-06-01T16:59:08,3730,table_1 (p_era_mean_mm_1981_2025 dataset='era5_yy'; p_era_mean_mm_tower_years window boundary dataset='fluxmet_yy'); spot_check_nine_sites.csv
ES-HdD,fluxmet_yy,data/extracted/EUF_ES-HdD_FLUXNET_2024-2024_v1.3_r1/EUF_ES-HdD_FLUXNET_FLUXMET_YY_2024-2024_v1.3_r1.csv,EUF_ES-HdD_FLUXNET_FLUXMET_YY_2024-2024_v1.3_r1.csv,TRUE,2026-06-01T16:59:08,4312,table_1 (p_era_mean_mm_1981_2025 dataset='era5_yy'; p_era_mean_mm_tower_years window boundary dataset='fluxmet_yy'); spot_check_nine_sites.csv
ES-HeB,era5_yy,data/extracted/EUF_ES-HeB_FLUXNET_2019-2024_v1.3_r1/EUF_ES-HeB_FLUXNET_ERA5_YY_1981-2025_v1.3_r1.csv,EUF_ES-HeB_FLUXNET_ERA5_YY_1981-2025_v1.3_r1.csv,TRUE,2026-06-01T16:59:08,3744,table_1 (p_era_mean_mm_1981_2025 dataset='era5_yy'; p_era_mean_mm_tower_years window boundary dataset='fluxmet_yy'); spot_check_nine_sites.csv
ES-HeB,fluxmet_yy,data/extracted/EUF_ES-HeB_FLUXNET_2019-2024_v1.3_r1/EUF_ES-HeB_FLUXNET_FLUXMET_YY_2019-2024_v1.3_r1.csv,EUF_ES-HeB_FLUXNET_FLUXMET_YY_2019-2024_v1.3_r1.csv,TRUE,2026-06-01T16:59:08,20915,table_1 (p_era_mean_mm_1981_2025 dataset='era5_yy'; p_era_mean_mm_tower_years window boundary dataset='fluxmet_yy'); spot_check_nine_sites.csv
ES-Hen,era5_yy,data/extracted/EUF_ES-Hen_FLUXNET_2019-2024_v1.3_r1/EUF_ES-Hen_FLUXNET_ERA5_YY_1981-2025_v1.3_r1.csv,EUF_ES-Hen_FLUXNET_ERA5_YY_1981-2025_v1.3_r1.csv,TRUE,2026-06-01T16:59:08,3742,table_1 (p_era_mean_mm_1981_2025 dataset='era5_yy'; p_era_mean_mm_tower_years window boundary dataset='fluxmet_yy'); spot_check_nine_sites.csv
ES-Hen,fluxmet_yy,data/extracted/EUF_ES-Hen_FLUXNET_2019-2024_v1.3_r1/EUF_ES-Hen_FLUXNET_FLUXMET_YY_2019-2024_v1.3_r1.csv,EUF_ES-Hen_FLUXNET_FLUXMET_YY_2019-2024_v1.3_r1.csv,TRUE,2026-06-01T16:59:08,21212,table_1 (p_era_mean_mm_1981_2025 dataset='era5_yy'; p_era_mean_mm_tower_years window boundary dataset='fluxmet_yy'); spot_check_nine_sites.csv
ES-LJu,era5_yy,data/extracted/EUF_ES-LJu_FLUXNET_2004-2024_v1.3_r1/EUF_ES-LJu_FLUXNET_ERA5_YY_1981-2025_v1.3_r1.csv,EUF_ES-LJu_FLUXNET_ERA5_YY_1981-2025_v1.3_r1.csv,TRUE,2026-06-01T16:59:08,3675,table_1 (p_era_mean_mm_1981_2025 dataset='era5_yy'; p_era_mean_mm_tower_years window boundary dataset='fluxmet_yy'); spot_check_nine_sites.csv
ES-LJu,fluxmet_yy,data/extracted/EUF_ES-LJu_FLUXNET_2004-2024_v1.3_r1/EUF_ES-LJu_FLUXNET_FLUXMET_YY_2004-2024_v1.3_r1.csv,EUF_ES-LJu_FLUXNET_FLUXMET_YY_2004-2024_v1.3_r1.csv,TRUE,2026-06-01T16:59:08,50831,table_1 (p_era_mean_mm_1981_2025 dataset='era5_yy'; p_era_mean_mm_tower_years window boundary dataset='fluxmet_yy'); spot_check_nine_sites.csv
ES-LM1,era5_yy,data/extracted/EUF_ES-LM1_FLUXNET_2014-2024_v1.3_r1/EUF_ES-LM1_FLUXNET_ERA5_YY_1981-2024_v1.3_r1.csv,EUF_ES-LM1_FLUXNET_ERA5_YY_1981-2024_v1.3_r1.csv,TRUE,2026-06-01T16:59:08,3650,table_1 (p_era_mean_mm_1981_2025 dataset='era5_yy'; p_era_mean_mm_tower_years window boundary dataset='fluxmet_yy'); spot_check_nine_sites.csv
ES-LM1,fluxmet_yy,data/extracted/EUF_ES-LM1_FLUXNET_2014-2024_v1.3_r1/EUF_ES-LM1_FLUXNET_FLUXMET_YY_2014-2024_v1.3_r1.csv,EUF_ES-LM1_FLUXNET_FLUXMET_YY_2014-2024_v1.3_r1.csv,TRUE,2026-06-01T16:59:08,35110,table_1 (p_era_mean_mm_1981_2025 dataset='era5_yy'; p_era_mean_mm_tower_years window boundary dataset='fluxmet_yy'); spot_check_nine_sites.csv
ES-LM2,era5_yy,data/extracted/EUF_ES-LM2_FLUXNET_2014-2024_v1.3_r1/EUF_ES-LM2_FLUXNET_ERA5_YY_1981-2024_v1.3_r1.csv,EUF_ES-LM2_FLUXNET_ERA5_YY_1981-2024_v1.3_r1.csv,TRUE,2026-06-01T16:59:08,3664,table_1 (p_era_mean_mm_1981_2025 dataset='era5_yy'; p_era_mean_mm_tower_years window boundary dataset='fluxmet_yy'); spot_check_nine_sites.csv
ES-LM2,fluxmet_yy,data/extracted/EUF_ES-LM2_FLUXNET_2014-2024_v1.3_r1/EUF_ES-LM2_FLUXNET_FLUXMET_YY_2014-2024_v1.3_r1.csv,EUF_ES-LM2_FLUXNET_FLUXMET_YY_2014-2024_v1.3_r1.csv,TRUE,2026-06-01T16:59:08,35346,table_1 (p_era_mean_mm_1981_2025 dataset='era5_yy'; p_era_mean_mm_tower_years window boundary dataset='fluxmet_yy'); spot_check_nine_sites.csv
ES-LMa,era5_yy,data/extracted/ICOS_ES-LMa_FLUXNET_2020-2025_v1.3_r1/ICOS_ES-LMa_FLUXNET_ERA5_YY_1981-2025_v1.3_r1.csv,ICOS_ES-LMa_FLUXNET_ERA5_YY_1981-2025_v1.3_r1.csv,TRUE,2026-09-20T13:04:01,3745,table_1 (p_era_mean_mm_1981_2025 dataset='era5_yy'; p_era_mean_mm_tower_years window boundary dataset='fluxmet_yy'); spot_check_nine_sites.csv
ES-LMa,fluxmet_yy,data/extracted/ICOS_ES-LMa_FLUXNET_2020-2025_v1.3_r1/ICOS_ES-LMa_FLUXNET_FLUXMET_YY_2020-2025_v1.3_r1.csv,ICOS_ES-LMa_FLUXNET_FLUXMET_YY_2020-2025_v1.3_r1.csv,TRUE,2026-09-20T13:04:01,21546,table_1 (p_era_mean_mm_1981_2025 dataset='era5_yy'; p_era_mean_mm_tower_years window boundary dataset='fluxmet_yy'); spot_check_nine_sites.csv
ES-LgS,era5_yy,data/extracted/EUF_ES-LgS_FLUXNET_2007-2009_v1.3_r1/EUF_ES-LgS_FLUXNET_ERA5_YY_1981-2025_v1.3_r1.csv,EUF_ES-LgS_FLUXNET_ERA5_YY_1981-2025_v1.3_r1.csv,TRUE,2026-09-01T09:58:30,3578,table_1 (p_era_mean_mm_1981_2025 dataset='era5_yy'; p_era_mean_mm_tower_years window boundary dataset='fluxmet_yy'); spot_check_nine_sites.csv
ES-LgS,fluxmet_yy,data/extracted/EUF_ES-LgS_FLUXNET_2007-2009_v1.3_r1/EUF_ES-LgS_FLUXNET_FLUXMET_YY_2007-2009_v1.3_r1.csv,EUF_ES-LgS_FLUXNET_FLUXMET_YY_2007-2009_v1.3_r1.csv,TRUE,2026-09-01T09:58:29,12423,table_1 (p_era_mean_mm_1981_2025 dataset='era5_yy'; p_era_mean_mm_tower_years window boundary dataset='fluxmet_yy'); spot_check_nine_sites.csv
ES-Ln2,era5_yy,data/extracted/EUF_ES-Ln2_FLUXNET_2009-2009_v1.3_r1/EUF_ES-Ln2_FLUXNET_ERA5_YY_1981-2025_v1.3_r1.csv,EUF_ES-Ln2_FLUXNET_ERA5_YY_1981-2025_v1.3_r1.csv,TRUE,2026-09-01T09:58:30,3646,table_1 (p_era_mean_mm_1981_2025 dataset='era5_yy'; p_era_mean_mm_tower_years window boundary dataset='fluxmet_yy'); spot_check_nine_sites.csv
ES-Ln2,fluxmet_yy,data/extracted/EUF_ES-Ln2_FLUXNET_2009-2009_v1.3_r1/EUF_ES-Ln2_FLUXNET_FLUXMET_YY_2009-2009_v1.3_r1.csv,EUF_ES-Ln2_FLUXNET_FLUXMET_YY_2009-2009_v1.3_r1.csv,TRUE,2026-09-01T09:58:30,4256,table_1 (p_era_mean_mm_1981_2025 dataset='era5_yy'; p_era_mean_mm_tower_years window boundary dataset='fluxmet_yy'); spot_check_nine_sites.csv
ES-Mcd,era5_yy,data/extracted/EUF_ES-Mcd_FLUXNET_2018-2024_v1.3_r1/EUF_ES-Mcd_FLUXNET_ERA5_YY_1981-2025_v1.3_r1.csv,EUF_ES-Mcd_FLUXNET_ERA5_YY_1981-2025_v1.3_r1.csv,TRUE,2026-06-01T16:59:08,3742,table_1 (p_era_mean_mm_1981_2025 dataset='era5_yy'; p_era_mean_mm_tower_years window boundary dataset='fluxmet_yy'); spot_check_nine_sites.csv
ES-Mcd,fluxmet_yy,data/extracted/EUF_ES-Mcd_FLUXNET_2018-2024_v1.3_r1/EUF_ES-Mcd_FLUXNET_FLUXMET_YY_2018-2024_v1.3_r1.csv,EUF_ES-Mcd_FLUXNET_FLUXMET_YY_2018-2024_v1.3_r1.csv,TRUE,2026-06-01T16:59:08,23836,table_1 (p_era_mean_mm_1981_2025 dataset='era5_yy'; p_era_mean_mm_tower_years window boundary dataset='fluxmet_yy'); spot_check_nine_sites.csv
ES-MtB,era5_yy,data/extracted/EUF_ES-MtB_FLUXNET_2021-2024_v1.3_r1/EUF_ES-MtB_FLUXNET_ERA5_YY_1981-2025_v1.3_r1.csv,EUF_ES-MtB_FLUXNET_ERA5_YY_1981-2025_v1.3_r1.csv,TRUE,2026-06-01T16:59:08,3813,table_1 (p_era_mean_mm_1981_2025 dataset='era5_yy'; p_era_mean_mm_tower_years window boundary dataset='fluxmet_yy'); spot_check_nine_sites.csv
ES-MtB,fluxmet_yy,data/extracted/EUF_ES-MtB_FLUXNET_2021-2024_v1.3_r1/EUF_ES-MtB_FLUXNET_FLUXMET_YY_2021-2024_v1.3_r1.csv,EUF_ES-MtB_FLUXNET_FLUXMET_YY_2021-2024_v1.3_r1.csv,TRUE,2026-06-01T16:59:08,14860,table_1 (p_era_mean_mm_1981_2025 dataset='era5_yy'; p_era_mean_mm_tower_years window boundary dataset='fluxmet_yy'); spot_check_nine_sites.csv
ES-MtN,era5_yy,data/extracted/EUF_ES-MtN_FLUXNET_2024-2024_v1.3_r1/EUF_ES-MtN_FLUXNET_ERA5_YY_1981-2025_v1.3_r1.csv,EUF_ES-MtN_FLUXNET_ERA5_YY_1981-2025_v1.3_r1.csv,TRUE,2026-06-01T16:59:08,3859,table_1 (p_era_mean_mm_1981_2025 dataset='era5_yy'; p_era_mean_mm_tower_years window boundary dataset='fluxmet_yy'); spot_check_nine_sites.csv
ES-MtN,fluxmet_yy,data/extracted/EUF_ES-MtN_FLUXNET_2024-2024_v1.3_r1/EUF_ES-MtN_FLUXNET_FLUXMET_YY_2024-2024_v1.3_r1.csv,EUF_ES-MtN_FLUXNET_FLUXMET_YY_2024-2024_v1.3_r1.csv,TRUE,2026-06-01T16:59:08,4219,table_1 (p_era_mean_mm_1981_2025 dataset='era5_yy'; p_era_mean_mm_tower_years window boundary dataset='fluxmet_yy'); spot_check_nine_sites.csv
ES-Mzn,era5_yy,data/extracted/EUF_ES-Mzn_FLUXNET_2023-2024_v1.3_r1/EUF_ES-Mzn_FLUXNET_ERA5_YY_1981-2025_v1.3_r1.csv,EUF_ES-Mzn_FLUXNET_ERA5_YY_1981-2025_v1.3_r1.csv,TRUE,2026-06-01T16:59:08,3751,table_1 (p_era_mean_mm_1981_2025 dataset='era5_yy'; p_era_mean_mm_tower_years window boundary dataset='fluxmet_yy'); spot_check_nine_sites.csv
ES-Mzn,fluxmet_yy,data/extracted/EUF_ES-Mzn_FLUXNET_2023-2024_v1.3_r1/EUF_ES-Mzn_FLUXNET_FLUXMET_YY_2023-2024_v1.3_r1.csv,EUF_ES-Mzn_FLUXNET_FLUXMET_YY_2023-2024_v1.3_r1.csv,TRUE,2026-06-01T16:59:08,5664,table_1 (p_era_mean_mm_1981_2025 dataset='era5_yy'; p_era_mean_mm_tower_years window boundary dataset='fluxmet_yy'); spot_check_nine_sites.csv
ES-Pdu,era5_yy,data/extracted/EUF_ES-Pdu_FLUXNET_2014-2017_v1.3_r1/EUF_ES-Pdu_FLUXNET_ERA5_YY_1981-2025_v1.3_r1.csv,EUF_ES-Pdu_FLUXNET_ERA5_YY_1981-2025_v1.3_r1.csv,TRUE,2026-09-01T09:58:30,3771,table_1 (p_era_mean_mm_1981_2025 dataset='era5_yy'; p_era_mean_mm_tower_years window boundary dataset='fluxmet_yy'); spot_check_nine_sites.csv
ES-Pdu,fluxmet_yy,data/extracted/EUF_ES-Pdu_FLUXNET_2014-2017_v1.3_r1/EUF_ES-Pdu_FLUXNET_FLUXMET_YY_2014-2017_v1.3_r1.csv,EUF_ES-Pdu_FLUXNET_FLUXMET_YY_2014-2017_v1.3_r1.csv,TRUE,2026-09-01T09:58:30,14370,table_1 (p_era_mean_mm_1981_2025 dataset='era5_yy'; p_era_mean_mm_tower_years window boundary dataset='fluxmet_yy'); spot_check_nine_sites.csv
ES-Pzb,era5_yy,data/extracted/EUF_ES-Pzb_FLUXNET_2020-2024_v1.3_r1/EUF_ES-Pzb_FLUXNET_ERA5_YY_1981-2025_v1.3_r1.csv,EUF_ES-Pzb_FLUXNET_ERA5_YY_1981-2025_v1.3_r1.csv,TRUE,2026-06-01T16:59:08,3746,table_1 (p_era_mean_mm_1981_2025 dataset='era5_yy'; p_era_mean_mm_tower_years window boundary dataset='fluxmet_yy'); spot_check_nine_sites.csv
ES-Pzb,fluxmet_yy,data/extracted/EUF_ES-Pzb_FLUXNET_2020-2024_v1.3_r1/EUF_ES-Pzb_FLUXNET_FLUXMET_YY_2020-2024_v1.3_r1.csv,EUF_ES-Pzb_FLUXNET_FLUXMET_YY_2020-2024_v1.3_r1.csv,TRUE,2026-06-01T16:59:08,17797,table_1 (p_era_mean_mm_1981_2025 dataset='era5_yy'; p_era_mean_mm_tower_years window boundary dataset='fluxmet_yy'); spot_check_nine_sites.csv
ES-Srn,era5_yy,data/extracted/EUF_ES-Srn_FLUXNET_2023-2024_v1.3_r1/EUF_ES-Srn_FLUXNET_ERA5_YY_1981-2025_v1.3_r1.csv,EUF_ES-Srn_FLUXNET_ERA5_YY_1981-2025_v1.3_r1.csv,TRUE,2026-06-01T16:59:08,3751,table_1 (p_era_mean_mm_1981_2025 dataset='era5_yy'; p_era_mean_mm_tower_years window boundary dataset='fluxmet_yy'); spot_check_nine_sites.csv
ES-Srn,fluxmet_yy,data/extracted/EUF_ES-Srn_FLUXNET_2023-2024_v1.3_r1/EUF_ES-Srn_FLUXNET_FLUXMET_YY_2023-2024_v1.3_r1.csv,EUF_ES-Srn_FLUXNET_FLUXMET_YY_2023-2024_v1.3_r1.csv,TRUE,2026-06-01T16:59:08,5666,table_1 (p_era_mean_mm_1981_2025 dataset='era5_yy'; p_era_mean_mm_tower_years window boundary dataset='fluxmet_yy'); spot_check_nine_sites.csv
ES-TzM,era5_yy,data/extracted/EUF_ES-TzM_FLUXNET_2020-2024_v1.3_r1/EUF_ES-TzM_FLUXNET_ERA5_YY_1981-2025_v1.3_r1.csv,EUF_ES-TzM_FLUXNET_ERA5_YY_1981-2025_v1.3_r1.csv,TRUE,2026-06-01T16:59:08,3804,table_1 (p_era_mean_mm_1981_2025 dataset='era5_yy'; p_era_mean_mm_tower_years window boundary dataset='fluxmet_yy'); spot_check_nine_sites.csv
ES-TzM,fluxmet_yy,data/extracted/EUF_ES-TzM_FLUXNET_2020-2024_v1.3_r1/EUF_ES-TzM_FLUXNET_FLUXMET_YY_2020-2024_v1.3_r1.csv,EUF_ES-TzM_FLUXNET_FLUXMET_YY_2020-2024_v1.3_r1.csv,TRUE,2026-06-01T16:59:08,16040,table_1 (p_era_mean_mm_1981_2025 dataset='era5_yy'; p_era_mean_mm_tower_years window boundary dataset='fluxmet_yy'); spot_check_nine_sites.csv
ES-VDA,era5_yy,data/extracted/EUF_ES-VDA_FLUXNET_2022-2024_v1.3_r1/EUF_ES-VDA_FLUXNET_ERA5_YY_1981-2024_v1.3_r1.csv,EUF_ES-VDA_FLUXNET_ERA5_YY_1981-2024_v1.3_r1.csv,TRUE,2026-06-01T16:59:08,3487,table_1 (p_era_mean_mm_1981_2025 dataset='era5_yy'; p_era_mean_mm_tower_years window boundary dataset='fluxmet_yy'); spot_check_nine_sites.csv
ES-VDA,fluxmet_yy,data/extracted/EUF_ES-VDA_FLUXNET_2022-2024_v1.3_r1/EUF_ES-VDA_FLUXNET_FLUXMET_YY_2022-2024_v1.3_r1.csv,EUF_ES-VDA_FLUXNET_FLUXMET_YY_2022-2024_v1.3_r1.csv,TRUE,2026-06-01T16:59:08,12239,table_1 (p_era_mean_mm_1981_2025 dataset='era5_yy'; p_era_mean_mm_tower_years window boundary dataset='fluxmet_yy'); spot_check_nine_sites.csv
ES-Yst,era5_yy,data/extracted/EUF_ES-Yst_FLUXNET_2019-2024_v1.3_r2/EUF_ES-Yst_FLUXNET_ERA5_YY_1981-2025_v1.3_r2.csv,EUF_ES-Yst_FLUXNET_ERA5_YY_1981-2025_v1.3_r2.csv,TRUE,2026-06-01T16:59:08,3711,table_1 (p_era_mean_mm_1981_2025 dataset='era5_yy'; p_era_mean_mm_tower_years window boundary dataset='fluxmet_yy'); spot_check_nine_sites.csv
ES-Yst,fluxmet_yy,data/extracted/EUF_ES-Yst_FLUXNET_2019-2024_v1.3_r2/EUF_ES-Yst_FLUXNET_FLUXMET_YY_2019-2024_v1.3_r2.csv,EUF_ES-Yst_FLUXNET_FLUXMET_YY_2019-2024_v1.3_r2.csv,TRUE,2026-06-01T16:59:08,20187,table_1 (p_era_mean_mm_1981_2025 dataset='era5_yy'; p_era_mean_mm_tower_years window boundary dataset='fluxmet_yy'); spot_check_nine_sites.csv
FI-Ant,era5_yy,data/extracted/ICOS_FI-Ant_FLUXNET_2022-2022_v1.3_r1/ICOS_FI-Ant_FLUXNET_ERA5_YY_1981-2024_v1.3_r1.csv,ICOS_FI-Ant_FLUXNET_ERA5_YY_1981-2024_v1.3_r1.csv,TRUE,2026-06-01T16:59:09,3481,table_1 (p_era_mean_mm_1981_2025 dataset='era5_yy'; p_era_mean_mm_tower_years window boundary dataset='fluxmet_yy'); spot_check_nine_sites.csv
FI-Ant,fluxmet_yy,data/extracted/ICOS_FI-Ant_FLUXNET_2022-2022_v1.3_r1/ICOS_FI-Ant_FLUXNET_FLUXMET_YY_2022-2022_v1.3_r1.csv,ICOS_FI-Ant_FLUXNET_FLUXMET_YY_2022-2022_v1.3_r1.csv,TRUE,2026-06-01T16:59:09,4730,table_1 (p_era_mean_mm_1981_2025 dataset='era5_yy'; p_era_mean_mm_tower_years window boundary dataset='fluxmet_yy'); spot_check_nine_sites.csv
FI-Hyy,era5_yy,data/extracted/ICOS_FI-Hyy_FLUXNET_1997-2025_v1.3_r1/ICOS_FI-Hyy_FLUXNET_ERA5_YY_1981-2025_v1.3_r1.csv,ICOS_FI-Hyy_FLUXNET_ERA5_YY_1981-2025_v1.3_r1.csv,TRUE,2026-09-20T13:04:01,3541,table_1 (p_era_mean_mm_1981_2025 dataset='era5_yy'; p_era_mean_mm_tower_years window boundary dataset='fluxmet_yy'); spot_check_nine_sites.csv
FI-Hyy,fluxmet_yy,data/extracted/ICOS_FI-Hyy_FLUXNET_1997-2025_v1.3_r1/ICOS_FI-Hyy_FLUXNET_FLUXMET_YY_1997-2025_v1.3_r1.csv,ICOS_FI-Hyy_FLUXNET_FLUXMET_YY_1997-2025_v1.3_r1.csv,TRUE,2026-09-20T13:04:01,86362,table_1 (p_era_mean_mm_1981_2025 dataset='era5_yy'; p_era_mean_mm_tower_years window boundary dataset='fluxmet_yy'); spot_check_nine_sites.csv
FI-Jok,era5_yy,data/extracted/EUF_FI-Jok_FLUXNET_2000-2003_v1.3_r1/EUF_FI-Jok_FLUXNET_ERA5_YY_1981-2024_v1.3_r1.csv,EUF_FI-Jok_FLUXNET_ERA5_YY_1981-2024_v1.3_r1.csv,TRUE,2026-06-01T16:59:08,3531,table_1 (p_era_mean_mm_1981_2025 dataset='era5_yy'; p_era_mean_mm_tower_years window boundary dataset='fluxmet_yy'); spot_check_nine_sites.csv
FI-Jok,fluxmet_yy,data/extracted/EUF_FI-Jok_FLUXNET_2000-2003_v1.3_r1/EUF_FI-Jok_FLUXNET_FLUXMET_YY_2000-2003_v1.3_r1.csv,EUF_FI-Jok_FLUXNET_FLUXMET_YY_2000-2003_v1.3_r1.csv,TRUE,2026-06-01T16:59:08,15199,table_1 (p_era_mean_mm_1981_2025 dataset='era5_yy'; p_era_mean_mm_tower_years window boundary dataset='fluxmet_yy'); spot_check_nine_sites.csv
FI-Ken,era5_yy,data/extracted/ICOS_FI-Ken_FLUXNET_2018-2025_v1.3_r1/ICOS_FI-Ken_FLUXNET_ERA5_YY_1981-2025_v1.3_r1.csv,ICOS_FI-Ken_FLUXNET_ERA5_YY_1981-2025_v1.3_r1.csv,TRUE,2026-09-20T13:04:01,3553,table_1 (p_era_mean_mm_1981_2025 dataset='era5_yy'; p_era_mean_mm_tower_years window boundary dataset='fluxmet_yy'); spot_check_nine_sites.csv
FI-Ken,fluxmet_yy,data/extracted/ICOS_FI-Ken_FLUXNET_2018-2025_v1.3_r1/ICOS_FI-Ken_FLUXNET_FLUXMET_YY_2018-2025_v1.3_r1.csv,ICOS_FI-Ken_FLUXNET_FLUXMET_YY_2018-2025_v1.3_r1.csv,TRUE,2026-09-20T13:04:01,25369,table_1 (p_era_mean_mm_1981_2025 dataset='era5_yy'; p_era_mean_mm_tower_years window boundary dataset='fluxmet_yy'); spot_check_nine_sites.csv
FI-Let,era5_yy,data/extracted/ICOS_FI-Let_FLUXNET_2010-2025_v1.3_r1/ICOS_FI-Let_FLUXNET_ERA5_YY_1981-2025_v1.3_r1.csv,ICOS_FI-Let_FLUXNET_ERA5_YY_1981-2025_v1.3_r1.csv,TRUE,2026-09-20T13:04:01,3562,table_1 (p_era_mean_mm_1981_2025 dataset='era5_yy'; p_era_mean_mm_tower_years window boundary dataset='fluxmet_yy'); spot_check_nine_sites.csv
FI-Let,fluxmet_yy,data/extracted/ICOS_FI-Let_FLUXNET_2009-2024_v1.3_r1/ICOS_FI-Let_FLUXNET_FLUXMET_YY_2009-2024_v1.3_r1.csv,ICOS_FI-Let_FLUXNET_FLUXMET_YY_2009-2024_v1.3_r1.csv,TRUE,2026-06-01T16:59:09,47349,table_1 (p_era_mean_mm_1981_2025 dataset='era5_yy'; p_era_mean_mm_tower_years window boundary dataset='fluxmet_yy'); spot_check_nine_sites.csv
FI-Nsv,era5_yy,data/extracted/EUF_FI-Nsv_FLUXNET_2021-2024_v1.3_r1/EUF_FI-Nsv_FLUXNET_ERA5_YY_1981-2025_v1.3_r1.csv,EUF_FI-Nsv_FLUXNET_ERA5_YY_1981-2025_v1.3_r1.csv,TRUE,2026-06-01T16:59:08,3594,table_1 (p_era_mean_mm_1981_2025 dataset='era5_yy'; p_era_mean_mm_tower_years window boundary dataset='fluxmet_yy'); spot_check_nine_sites.csv
FI-Nsv,fluxmet_yy,data/extracted/EUF_FI-Nsv_FLUXNET_2021-2024_v1.3_r1/EUF_FI-Nsv_FLUXNET_FLUXMET_YY_2021-2024_v1.3_r1.csv,EUF_FI-Nsv_FLUXNET_FLUXMET_YY_2021-2024_v1.3_r1.csv,TRUE,2026-06-01T16:59:08,15499,table_1 (p_era_mean_mm_1981_2025 dataset='era5_yy'; p_era_mean_mm_tower_years window boundary dataset='fluxmet_yy'); spot_check_nine_sites.csv
FI-Pap,era5_yy,data/extracted/EUF_FI-Pap_FLUXNET_2022-2022_v1.3_r1/EUF_FI-Pap_FLUXNET_ERA5_YY_1981-2024_v1.3_r1.csv,EUF_FI-Pap_FLUXNET_ERA5_YY_1981-2024_v1.3_r1.csv,TRUE,2026-06-01T16:59:08,3495,table_1 (p_era_mean_mm_1981_2025 dataset='era5_yy'; p_era_mean_mm_tower_years window boundary dataset='fluxmet_yy'); spot_check_nine_sites.csv
FI-Pap,fluxmet_yy,data/extracted/EUF_FI-Pap_FLUXNET_2022-2022_v1.3_r1/EUF_FI-Pap_FLUXNET_FLUXMET_YY_2022-2022_v1.3_r1.csv,EUF_FI-Pap_FLUXNET_FLUXMET_YY_2022-2022_v1.3_r1.csv,TRUE,2026-06-01T16:59:08,4733,table_1 (p_era_mean_mm_1981_2025 dataset='era5_yy'; p_era_mean_mm_tower_years window boundary dataset='fluxmet_yy'); spot_check_nine_sites.csv
FI-Qvd,era5_yy,data/extracted/EUF_FI-Qvd_FLUXNET_2018-2023_v1.3_r1/EUF_FI-Qvd_FLUXNET_ERA5_YY_1981-2025_v1.3_r1.csv,EUF_FI-Qvd_FLUXNET_ERA5_YY_1981-2025_v1.3_r1.csv,TRUE,2026-06-01T16:59:08,3620,table_1 (p_era_mean_mm_1981_2025 dataset='era5_yy'; p_era_mean_mm_tower_years window boundary dataset='fluxmet_yy'); spot_check_nine_sites.csv
FI-Qvd,fluxmet_yy,data/extracted/EUF_FI-Qvd_FLUXNET_2018-2023_v1.3_r1/EUF_FI-Qvd_FLUXNET_FLUXMET_YY_2018-2023_v1.3_r1.csv,EUF_FI-Qvd_FLUXNET_FLUXMET_YY_2018-2023_v1.3_r1.csv,TRUE,2026-06-01T16:59:08,20285,table_1 (p_era_mean_mm_1981_2025 dataset='era5_yy'; p_era_mean_mm_tower_years window boundary dataset='fluxmet_yy'); spot_check_nine_sites.csv
FI-Rk2,era5_yy,data/extracted/EUF_FI-Rk2_FLUXNET_2020-2023_v1.3_r1/EUF_FI-Rk2_FLUXNET_ERA5_YY_1981-2024_v1.3_r1.csv,EUF_FI-Rk2_FLUXNET_ERA5_YY_1981-2024_v1.3_r1.csv,TRUE,2026-06-01T16:59:08,3496,table_1 (p_era_mean_mm_1981_2025 dataset='era5_yy'; p_era_mean_mm_tower_years window boundary dataset='fluxmet_yy'); spot_check_nine_sites.csv
FI-Rk2,fluxmet_yy,data/extracted/EUF_FI-Rk2_FLUXNET_2020-2023_v1.3_r1/EUF_FI-Rk2_FLUXNET_FLUXMET_YY_2020-2023_v1.3_r1.csv,EUF_FI-Rk2_FLUXNET_FLUXMET_YY_2020-2023_v1.3_r1.csv,TRUE,2026-06-01T16:59:08,15162,table_1 (p_era_mean_mm_1981_2025 dataset='era5_yy'; p_era_mean_mm_tower_years window boundary dataset='fluxmet_yy'); spot_check_nine_sites.csv
FI-Ruk,era5_yy,data/extracted/EUF_FI-Ruk_FLUXNET_2020-2023_v1.3_r1/EUF_FI-Ruk_FLUXNET_ERA5_YY_1981-2024_v1.3_r1.csv,EUF_FI-Ruk_FLUXNET_ERA5_YY_1981-2024_v1.3_r1.csv,TRUE,2026-06-01T16:59:08,3589,table_1 (p_era_mean_mm_1981_2025 dataset='era5_yy'; p_era_mean_mm_tower_years window boundary dataset='fluxmet_yy'); spot_check_nine_sites.csv
FI-Ruk,fluxmet_yy,data/extracted/EUF_FI-Ruk_FLUXNET_2020-2023_v1.3_r1/EUF_FI-Ruk_FLUXNET_FLUXMET_YY_2020-2023_v1.3_r1.csv,EUF_FI-Ruk_FLUXNET_FLUXMET_YY_2020-2023_v1.3_r1.csv,TRUE,2026-06-01T16:59:08,15197,table_1 (p_era_mean_mm_1981_2025 dataset='era5_yy'; p_era_mean_mm_tower_years window boundary dataset='fluxmet_yy'); spot_check_nine_sites.csv
FI-Sar,era5_yy,data/extracted/EUF_FI-Sar_FLUXNET_2022-2022_v1.3_r1/EUF_FI-Sar_FLUXNET_ERA5_YY_1981-2024_v1.3_r1.csv,EUF_FI-Sar_FLUXNET_ERA5_YY_1981-2024_v1.3_r1.csv,TRUE,2026-06-01T16:59:08,3469,table_1 (p_era_mean_mm_1981_2025 dataset='era5_yy'; p_era_mean_mm_tower_years window boundary dataset='fluxmet_yy'); spot_check_nine_sites.csv
FI-Sar,fluxmet_yy,data/extracted/EUF_FI-Sar_FLUXNET_2022-2022_v1.3_r1/EUF_FI-Sar_FLUXNET_FLUXMET_YY_2022-2022_v1.3_r1.csv,EUF_FI-Sar_FLUXNET_FLUXMET_YY_2022-2022_v1.3_r1.csv,TRUE,2026-06-01T16:59:08,4648,table_1 (p_era_mean_mm_1981_2025 dataset='era5_yy'; p_era_mean_mm_tower_years window boundary dataset='fluxmet_yy'); spot_check_nine_sites.csv
FI-Si2,era5_yy,data/extracted/EUF_FI-Si2_FLUXNET_2012-2016_v1.3_r1/EUF_FI-Si2_FLUXNET_ERA5_YY_1981-2025_v1.3_r1.csv,EUF_FI-Si2_FLUXNET_ERA5_YY_1981-2025_v1.3_r1.csv,TRUE,2026-09-01T09:58:30,3581,table_1 (p_era_mean_mm_1981_2025 dataset='era5_yy'; p_era_mean_mm_tower_years window boundary dataset='fluxmet_yy'); spot_check_nine_sites.csv
FI-Si2,fluxmet_yy,data/extracted/EUF_FI-Si2_FLUXNET_2012-2016_v1.3_r1/EUF_FI-Si2_FLUXNET_FLUXMET_YY_2012-2016_v1.3_r1.csv,EUF_FI-Si2_FLUXNET_FLUXMET_YY_2012-2016_v1.3_r1.csv,TRUE,2026-09-01T09:58:30,11707,table_1 (p_era_mean_mm_1981_2025 dataset='era5_yy'; p_era_mean_mm_tower_years window boundary dataset='fluxmet_yy'); spot_check_nine_sites.csv
FI-Sii,era5_yy,data/extracted/ICOS_FI-Sii_FLUXNET_2018-2024_v1.3_r1/ICOS_FI-Sii_FLUXNET_ERA5_YY_1981-2024_v1.3_r1.csv,ICOS_FI-Sii_FLUXNET_ERA5_YY_1981-2024_v1.3_r1.csv,TRUE,2026-06-01T16:59:09,3487,table_1 (p_era_mean_mm_1981_2025 dataset='era5_yy'; p_era_mean_mm_tower_years window boundary dataset='fluxmet_yy'); spot_check_nine_sites.csv
FI-Sii,fluxmet_yy,data/extracted/ICOS_FI-Sii_FLUXNET_2018-2024_v1.3_r1/ICOS_FI-Sii_FLUXNET_FLUXMET_YY_2018-2024_v1.3_r1.csv,ICOS_FI-Sii_FLUXNET_FLUXMET_YY_2018-2024_v1.3_r1.csv,TRUE,2026-06-01T16:59:09,25300,table_1 (p_era_mean_mm_1981_2025 dataset='era5_yy'; p_era_mean_mm_tower_years window boundary dataset='fluxmet_yy'); spot_check_nine_sites.csv
FI-Sod,era5_yy,data/extracted/ICOS_FI-Sod_FLUXNET_2023-2024_v1.3_r1/ICOS_FI-Sod_FLUXNET_ERA5_YY_1981-2024_v1.3_r1.csv,ICOS_FI-Sod_FLUXNET_ERA5_YY_1981-2024_v1.3_r1.csv,TRUE,2026-06-01T16:59:09,3489,table_1 (p_era_mean_mm_1981_2025 dataset='era5_yy'; p_era_mean_mm_tower_years window boundary dataset='fluxmet_yy'); spot_check_nine_sites.csv
FI-Sod,fluxmet_yy,data/extracted/ICOS_FI-Sod_FLUXNET_2023-2024_v1.3_r1/ICOS_FI-Sod_FLUXNET_FLUXMET_YY_2023-2024_v1.3_r1.csv,ICOS_FI-Sod_FLUXNET_FLUXMET_YY_2023-2024_v1.3_r1.csv,TRUE,2026-06-01T16:59:09,6600,table_1 (p_era_mean_mm_1981_2025 dataset='era5_yy'; p_era_mean_mm_tower_years window boundary dataset='fluxmet_yy'); spot_check_nine_sites.csv
FI-Var,era5_yy,data/extracted/ICOS_FI-Var_FLUXNET_2016-2025_v1.3_r1/ICOS_FI-Var_FLUXNET_ERA5_YY_1981-2025_v1.3_r1.csv,ICOS_FI-Var_FLUXNET_ERA5_YY_1981-2025_v1.3_r1.csv,TRUE,2026-09-20T13:04:01,3574,table_1 (p_era_mean_mm_1981_2025 dataset='era5_yy'; p_era_mean_mm_tower_years window boundary dataset='fluxmet_yy'); spot_check_nine_sites.csv
FI-Var,fluxmet_yy,data/extracted/ICOS_FI-Var_FLUXNET_2016-2025_v1.3_r1/ICOS_FI-Var_FLUXNET_FLUXMET_YY_2016-2025_v1.3_r1.csv,ICOS_FI-Var_FLUXNET_FLUXMET_YY_2016-2025_v1.3_r1.csv,TRUE,2026-09-20T13:04:01,31382,table_1 (p_era_mean_mm_1981_2025 dataset='era5_yy'; p_era_mean_mm_tower_years window boundary dataset='fluxmet_yy'); spot_check_nine_sites.csv
FR-Aur,era5_yy,data/extracted/ICOS_FR-Aur_FLUXNET_2005-2025_v1.3_r1/ICOS_FR-Aur_FLUXNET_ERA5_YY_1981-2026_v1.3_r1.csv,ICOS_FR-Aur_FLUXNET_ERA5_YY_1981-2026_v1.3_r1.csv,TRUE,2026-09-20T10:54:57,3773,table_1 (p_era_mean_mm_1981_2025 dataset='era5_yy'; p_era_mean_mm_tower_years window boundary dataset='fluxmet_yy'); spot_check_nine_sites.csv
FR-Aur,fluxmet_yy,data/extracted/ICOS_FR-Aur_FLUXNET_2005-2025_v1.3_r1/ICOS_FR-Aur_FLUXNET_FLUXMET_YY_2005-2025_v1.3_r1.csv,ICOS_FR-Aur_FLUXNET_FLUXMET_YY_2005-2025_v1.3_r1.csv,TRUE,2026-09-20T10:54:57,65021,table_1 (p_era_mean_mm_1981_2025 dataset='era5_yy'; p_era_mean_mm_tower_years window boundary dataset='fluxmet_yy'); spot_check_nine_sites.csv
FR-Bil,era5_yy,data/extracted/ICOS_FR-Bil_FLUXNET_2014-2025_v1.3_r1/ICOS_FR-Bil_FLUXNET_ERA5_YY_1981-2025_v1.3_r1.csv,ICOS_FR-Bil_FLUXNET_ERA5_YY_1981-2025_v1.3_r1.csv,TRUE,2026-09-20T13:04:01,3765,table_1 (p_era_mean_mm_1981_2025 dataset='era5_yy'; p_era_mean_mm_tower_years window boundary dataset='fluxmet_yy'); spot_check_nine_sites.csv
FR-Bil,fluxmet_yy,data/extracted/ICOS_FR-Bil_FLUXNET_2014-2025_v1.3_r1/ICOS_FR-Bil_FLUXNET_FLUXMET_YY_2014-2025_v1.3_r1.csv,ICOS_FR-Bil_FLUXNET_FLUXMET_YY_2014-2025_v1.3_r1.csv,TRUE,2026-09-20T13:04:01,39852,table_1 (p_era_mean_mm_1981_2025 dataset='era5_yy'; p_era_mean_mm_tower_years window boundary dataset='fluxmet_yy'); spot_check_nine_sites.csv
FR-CLt,era5_yy,data/extracted/ICOS_FR-CLt_FLUXNET_2019-2024_v1.3_r2/ICOS_FR-CLt_FLUXNET_ERA5_YY_1981-2025_v1.3_r2.csv,ICOS_FR-CLt_FLUXNET_ERA5_YY_1981-2025_v1.3_r2.csv,TRUE,2026-06-01T17:06:31,3624,table_1 (p_era_mean_mm_1981_2025 dataset='era5_yy'; p_era_mean_mm_tower_years window boundary dataset='fluxmet_yy'); spot_check_nine_sites.csv
FR-CLt,fluxmet_yy,data/extracted/ICOS_FR-CLt_FLUXNET_2019-2024_v1.3_r2/ICOS_FR-CLt_FLUXNET_FLUXMET_YY_2019-2024_v1.3_r2.csv,ICOS_FR-CLt_FLUXNET_FLUXMET_YY_2019-2024_v1.3_r2.csv,TRUE,2026-06-01T17:06:31,20656,table_1 (p_era_mean_mm_1981_2025 dataset='era5_yy'; p_era_mean_mm_tower_years window boundary dataset='fluxmet_yy'); spot_check_nine_sites.csv
FR-EM2,era5_yy,data/extracted/ICOS_FR-EM2_FLUXNET_2017-2024_v1.3_r2/ICOS_FR-EM2_FLUXNET_ERA5_YY_1981-2025_v1.3_r2.csv,ICOS_FR-EM2_FLUXNET_ERA5_YY_1981-2025_v1.3_r2.csv,TRUE,2026-06-01T17:06:31,3694,table_1 (p_era_mean_mm_1981_2025 dataset='era5_yy'; p_era_mean_mm_tower_years window boundary dataset='fluxmet_yy'); spot_check_nine_sites.csv
FR-EM2,fluxmet_yy,data/extracted/ICOS_FR-EM2_FLUXNET_2017-2024_v1.3_r2/ICOS_FR-EM2_FLUXNET_FLUXMET_YY_2017-2024_v1.3_r2.csv,ICOS_FR-EM2_FLUXNET_FLUXMET_YY_2017-2024_v1.3_r2.csv,TRUE,2026-06-01T17:06:31,27670,table_1 (p_era_mean_mm_1981_2025 dataset='era5_yy'; p_era_mean_mm_tower_years window boundary dataset='fluxmet_yy'); spot_check_nine_sites.csv
FR-FBn,era5_yy,data/extracted/ICOS_FR-FBn_FLUXNET_2008-2024_v1.3_r1/ICOS_FR-FBn_FLUXNET_ERA5_YY_1981-2024_v1.3_r1.csv,ICOS_FR-FBn_FLUXNET_ERA5_YY_1981-2024_v1.3_r1.csv,TRUE,2026-06-01T17:06:31,3642,table_1 (p_era_mean_mm_1981_2025 dataset='era5_yy'; p_era_mean_mm_tower_years window boundary dataset='fluxmet_yy'); spot_check_nine_sites.csv
FR-FBn,fluxmet_yy,data/extracted/ICOS_FR-FBn_FLUXNET_2008-2024_v1.3_r1/ICOS_FR-FBn_FLUXNET_FLUXMET_YY_2008-2024_v1.3_r1.csv,ICOS_FR-FBn_FLUXNET_FLUXMET_YY_2008-2024_v1.3_r1.csv,TRUE,2026-06-01T17:06:31,50022,table_1 (p_era_mean_mm_1981_2025 dataset='era5_yy'; p_era_mean_mm_tower_years window boundary dataset='fluxmet_yy'); spot_check_nine_sites.csv
FR-Fon,era5_yy,data/extracted/ICOS_FR-Fon_FLUXNET_2019-2024_v1.3_r1/ICOS_FR-Fon_FLUXNET_ERA5_YY_1981-2024_v1.3_r1.csv,ICOS_FR-Fon_FLUXNET_ERA5_YY_1981-2024_v1.3_r1.csv,TRUE,2026-06-01T17:06:31,3644,table_1 (p_era_mean_mm_1981_2025 dataset='era5_yy'; p_era_mean_mm_tower_years window boundary dataset='fluxmet_yy'); spot_check_nine_sites.csv
FR-Fon,fluxmet_yy,data/extracted/ICOS_FR-Fon_FLUXNET_2019-2024_v1.3_r1/ICOS_FR-Fon_FLUXNET_FLUXMET_YY_2019-2024_v1.3_r1.csv,ICOS_FR-Fon_FLUXNET_FLUXMET_YY_2019-2024_v1.3_r1.csv,TRUE,2026-06-01T17:06:31,23158,table_1 (p_era_mean_mm_1981_2025 dataset='era5_yy'; p_era_mean_mm_tower_years window boundary dataset='fluxmet_yy'); spot_check_nine_sites.csv
FR-Gri,era5_yy,data/extracted/ICOS_FR-Gri_FLUXNET_2004-2025_v1.3_r1/ICOS_FR-Gri_FLUXNET_ERA5_YY_1981-2025_v1.3_r1.csv,ICOS_FR-Gri_FLUXNET_ERA5_YY_1981-2025_v1.3_r1.csv,TRUE,2026-09-20T13:04:01,3723,table_1 (p_era_mean_mm_1981_2025 dataset='era5_yy'; p_era_mean_mm_tower_years window boundary dataset='fluxmet_yy'); spot_check_nine_sites.csv
FR-Gri,fluxmet_yy,data/extracted/ICOS_FR-Gri_FLUXNET_2004-2025_v1.3_r1/ICOS_FR-Gri_FLUXNET_FLUXMET_YY_2004-2025_v1.3_r1.csv,ICOS_FR-Gri_FLUXNET_FLUXMET_YY_2004-2025_v1.3_r1.csv,TRUE,2026-09-20T13:04:01,66651,table_1 (p_era_mean_mm_1981_2025 dataset='era5_yy'; p_era_mean_mm_tower_years window boundary dataset='fluxmet_yy'); spot_check_nine_sites.csv
FR-Hes,era5_yy,data/extracted/ICOS_FR-Hes_FLUXNET_1997-2025_v1.3_r1/ICOS_FR-Hes_FLUXNET_ERA5_YY_1981-2025_v1.3_r1.csv,ICOS_FR-Hes_FLUXNET_ERA5_YY_1981-2025_v1.3_r1.csv,TRUE,2026-09-20T13:04:01,3657,table_1 (p_era_mean_mm_1981_2025 dataset='era5_yy'; p_era_mean_mm_tower_years window boundary dataset='fluxmet_yy'); spot_check_nine_sites.csv
FR-Hes,fluxmet_yy,data/extracted/ICOS_FR-Hes_FLUXNET_1997-2025_v1.3_r1/ICOS_FR-Hes_FLUXNET_FLUXMET_YY_1997-2025_v1.3_r1.csv,ICOS_FR-Hes_FLUXNET_FLUXMET_YY_1997-2025_v1.3_r1.csv,TRUE,2026-09-20T13:04:01,59841,table_1 (p_era_mean_mm_1981_2025 dataset='era5_yy'; p_era_mean_mm_tower_years window boundary dataset='fluxmet_yy'); spot_check_nine_sites.csv
FR-LBr,era5_yy,data/extracted/EUF_FR-LBr_FLUXNET_1998-2008_v1.3_r1/EUF_FR-LBr_FLUXNET_ERA5_YY_1981-2025_v1.3_r1.csv,EUF_FR-LBr_FLUXNET_ERA5_YY_1981-2025_v1.3_r1.csv,TRUE,2026-06-01T17:06:30,3819,table_1 (p_era_mean_mm_1981_2025 dataset='era5_yy'; p_era_mean_mm_tower_years window boundary dataset='fluxmet_yy'); spot_check_nine_sites.csv
FR-LBr,fluxmet_yy,data/extracted/EUF_FR-LBr_FLUXNET_1998-2008_v1.3_r1/EUF_FR-LBr_FLUXNET_FLUXMET_YY_1998-2008_v1.3_r1.csv,EUF_FR-LBr_FLUXNET_FLUXMET_YY_1998-2008_v1.3_r1.csv,TRUE,2026-06-01T17:06:30,34480,table_1 (p_era_mean_mm_1981_2025 dataset='era5_yy'; p_era_mean_mm_tower_years window boundary dataset='fluxmet_yy'); spot_check_nine_sites.csv
FR-LGt,era5_yy,data/extracted/ICOS_FR-LGt_FLUXNET_2017-2025_v1.3_r1/ICOS_FR-LGt_FLUXNET_ERA5_YY_1981-2025_v1.3_r1.csv,ICOS_FR-LGt_FLUXNET_ERA5_YY_1981-2025_v1.3_r1.csv,TRUE,2026-09-20T13:04:01,3660,table_1 (p_era_mean_mm_1981_2025 dataset='era5_yy'; p_era_mean_mm_tower_years window boundary dataset='fluxmet_yy'); spot_check_nine_sites.csv
FR-LGt,fluxmet_yy,data/extracted/ICOS_FR-LGt_FLUXNET_2017-2025_v1.3_r1/ICOS_FR-LGt_FLUXNET_FLUXMET_YY_2017-2025_v1.3_r1.csv,ICOS_FR-LGt_FLUXNET_FLUXMET_YY_2017-2025_v1.3_r1.csv,TRUE,2026-09-20T13:04:01,27414,table_1 (p_era_mean_mm_1981_2025 dataset='era5_yy'; p_era_mean_mm_tower_years window boundary dataset='fluxmet_yy'); spot_check_nine_sites.csv
FR-Lam,era5_yy,data/extracted/ICOS_FR-Lam_FLUXNET_2021-2024_v1.3_r1/ICOS_FR-Lam_FLUXNET_ERA5_YY_1981-2024_v1.3_r1.csv,ICOS_FR-Lam_FLUXNET_ERA5_YY_1981-2024_v1.3_r1.csv,TRUE,2026-06-01T17:06:31,3516,table_1 (p_era_mean_mm_1981_2025 dataset='era5_yy'; p_era_mean_mm_tower_years window boundary dataset='fluxmet_yy'); spot_check_nine_sites.csv
FR-Lam,fluxmet_yy,data/extracted/ICOS_FR-Lam_FLUXNET_2021-2024_v1.3_r1/ICOS_FR-Lam_FLUXNET_FLUXMET_YY_2021-2024_v1.3_r1.csv,ICOS_FR-Lam_FLUXNET_FLUXMET_YY_2021-2024_v1.3_r1.csv,TRUE,2026-06-01T17:06:31,16436,table_1 (p_era_mean_mm_1981_2025 dataset='era5_yy'; p_era_mean_mm_tower_years window boundary dataset='fluxmet_yy'); spot_check_nine_sites.csv
FR-Lqu,era5_yy,data/extracted/ICOS_FR-Lqu_FLUXNET_2022-2024_v1.3_r1/ICOS_FR-Lqu_FLUXNET_ERA5_YY_1981-2024_v1.3_r1.csv,ICOS_FR-Lqu_FLUXNET_ERA5_YY_1981-2024_v1.3_r1.csv,TRUE,2026-06-01T17:06:31,3552,table_1 (p_era_mean_mm_1981_2025 dataset='era5_yy'; p_era_mean_mm_tower_years window boundary dataset='fluxmet_yy'); spot_check_nine_sites.csv
FR-Lqu,fluxmet_yy,data/extracted/ICOS_FR-Lqu_FLUXNET_2022-2024_v1.3_r1/ICOS_FR-Lqu_FLUXNET_FLUXMET_YY_2022-2024_v1.3_r1.csv,ICOS_FR-Lqu_FLUXNET_FLUXMET_YY_2022-2024_v1.3_r1.csv,TRUE,2026-06-01T17:06:31,13208,table_1 (p_era_mean_mm_1981_2025 dataset='era5_yy'; p_era_mean_mm_tower_years window boundary dataset='fluxmet_yy'); spot_check_nine_sites.csv
FR-Lus,era5_yy,data/extracted/ICOS_FR-Lus_FLUXNET_2022-2024_v1.3_r1/ICOS_FR-Lus_FLUXNET_ERA5_YY_1981-2024_v1.3_r1.csv,ICOS_FR-Lus_FLUXNET_ERA5_YY_1981-2024_v1.3_r1.csv,TRUE,2026-06-01T17:06:31,3667,table_1 (p_era_mean_mm_1981_2025 dataset='era5_yy'; p_era_mean_mm_tower_years window boundary dataset='fluxmet_yy'); spot_check_nine_sites.csv
FR-Lus,fluxmet_yy,data/extracted/ICOS_FR-Lus_FLUXNET_2022-2024_v1.3_r1/ICOS_FR-Lus_FLUXNET_FLUXMET_YY_2022-2024_v1.3_r1.csv,ICOS_FR-Lus_FLUXNET_FLUXMET_YY_2022-2024_v1.3_r1.csv,TRUE,2026-06-01T17:06:31,13370,table_1 (p_era_mean_mm_1981_2025 dataset='era5_yy'; p_era_mean_mm_tower_years window boundary dataset='fluxmet_yy'); spot_check_nine_sites.csv
FR-Mau,era5_yy,data/extracted/EUF_FR-Mau_FLUXNET_2005-2011_v1.3_r1/EUF_FR-Mau_FLUXNET_ERA5_YY_1981-2025_v1.3_r1.csv,EUF_FR-Mau_FLUXNET_ERA5_YY_1981-2025_v1.3_r1.csv,TRUE,2026-06-01T17:06:30,3698,table_1 (p_era_mean_mm_1981_2025 dataset='era5_yy'; p_era_mean_mm_tower_years window boundary dataset='fluxmet_yy'); spot_check_nine_sites.csv
FR-Mau,fluxmet_yy,data/extracted/EUF_FR-Mau_FLUXNET_2005-2011_v1.3_r1/EUF_FR-Mau_FLUXNET_FLUXMET_YY_2005-2011_v1.3_r1.csv,EUF_FR-Mau_FLUXNET_FLUXMET_YY_2005-2011_v1.3_r1.csv,TRUE,2026-06-01T17:06:30,24021,table_1 (p_era_mean_mm_1981_2025 dataset='era5_yy'; p_era_mean_mm_tower_years window boundary dataset='fluxmet_yy'); spot_check_nine_sites.csv
FR-Mej,era5_yy,data/extracted/ICOS_FR-Mej_FLUXNET_2019-2025_v1.3_r1/ICOS_FR-Mej_FLUXNET_ERA5_YY_1981-2025_v1.3_r1.csv,ICOS_FR-Mej_FLUXNET_ERA5_YY_1981-2025_v1.3_r1.csv,TRUE,2026-09-20T10:54:57,3750,table_1 (p_era_mean_mm_1981_2025 dataset='era5_yy'; p_era_mean_mm_tower_years window boundary dataset='fluxmet_yy'); spot_check_nine_sites.csv
FR-Mej,fluxmet_yy,data/extracted/ICOS_FR-Mej_FLUXNET_2019-2025_v1.3_r1/ICOS_FR-Mej_FLUXNET_FLUXMET_YY_2019-2025_v1.3_r1.csv,ICOS_FR-Mej_FLUXNET_FLUXMET_YY_2019-2025_v1.3_r1.csv,TRUE,2026-09-20T10:54:57,24616,table_1 (p_era_mean_mm_1981_2025 dataset='era5_yy'; p_era_mean_mm_tower_years window boundary dataset='fluxmet_yy'); spot_check_nine_sites.csv
FR-Nzn,era5_yy,data/extracted/EUF_FR-Nzn_FLUXNET_2016-2024_v1.3_r1/EUF_FR-Nzn_FLUXNET_ERA5_YY_1981-2025_v1.3_r1.csv,EUF_FR-Nzn_FLUXNET_ERA5_YY_1981-2025_v1.3_r1.csv,TRUE,2026-06-01T17:06:30,3759,table_1 (p_era_mean_mm_1981_2025 dataset='era5_yy'; p_era_mean_mm_tower_years window boundary dataset='fluxmet_yy'); spot_check_nine_sites.csv
FR-Nzn,fluxmet_yy,data/extracted/EUF_FR-Nzn_FLUXNET_2016-2024_v1.3_r1/EUF_FR-Nzn_FLUXNET_FLUXMET_YY_2016-2024_v1.3_r1.csv,EUF_FR-Nzn_FLUXNET_FLUXMET_YY_2016-2024_v1.3_r1.csv,TRUE,2026-06-01T17:06:30,28725,table_1 (p_era_mean_mm_1981_2025 dataset='era5_yy'; p_era_mean_mm_tower_years window boundary dataset='fluxmet_yy'); spot_check_nine_sites.csv
FR-Pue,era5_yy,data/extracted/ICOS_FR-Pue_FLUXNET_2000-2025_v1.3_r1/ICOS_FR-Pue_FLUXNET_ERA5_YY_1981-2025_v1.3_r1.csv,ICOS_FR-Pue_FLUXNET_ERA5_YY_1981-2025_v1.3_r1.csv,TRUE,2026-09-20T13:04:01,3715,table_1 (p_era_mean_mm_1981_2025 dataset='era5_yy'; p_era_mean_mm_tower_years window boundary dataset='fluxmet_yy'); spot_check_nine_sites.csv
FR-Pue,fluxmet_yy,data/extracted/ICOS_FR-Pue_FLUXNET_2000-2025_v1.3_r1/ICOS_FR-Pue_FLUXNET_FLUXMET_YY_2000-2025_v1.3_r1.csv,ICOS_FR-Pue_FLUXNET_FLUXMET_YY_2000-2025_v1.3_r1.csv,TRUE,2026-09-20T13:04:01,77996,table_1 (p_era_mean_mm_1981_2025 dataset='era5_yy'; p_era_mean_mm_tower_years window boundary dataset='fluxmet_yy'); spot_check_nine_sites.csv
FR-Tou,era5_yy,data/extracted/ICOS_FR-Tou_FLUXNET_2018-2025_v1.3_r1/ICOS_FR-Tou_FLUXNET_ERA5_YY_1981-2025_v1.3_r1.csv,ICOS_FR-Tou_FLUXNET_ERA5_YY_1981-2025_v1.3_r1.csv,TRUE,2026-09-20T10:54:57,3714,table_1 (p_era_mean_mm_1981_2025 dataset='era5_yy'; p_era_mean_mm_tower_years window boundary dataset='fluxmet_yy'); spot_check_nine_sites.csv
FR-Tou,fluxmet_yy,data/extracted/ICOS_FR-Tou_FLUXNET_2018-2025_v1.3_r1/ICOS_FR-Tou_FLUXNET_FLUXMET_YY_2018-2025_v1.3_r1.csv,ICOS_FR-Tou_FLUXNET_FLUXMET_YY_2018-2025_v1.3_r1.csv,TRUE,2026-09-20T10:54:57,29315,table_1 (p_era_mean_mm_1981_2025 dataset='era5_yy'; p_era_mean_mm_tower_years window boundary dataset='fluxmet_yy'); spot_check_nine_sites.csv
GF-Guy,era5_yy,data/extracted/ICOS_GF-Guy_FLUXNET_2004-2025_v1.3_r1/ICOS_GF-Guy_FLUXNET_ERA5_YY_1981-2026_v1.3_r1.csv,ICOS_GF-Guy_FLUXNET_ERA5_YY_1981-2026_v1.3_r1.csv,TRUE,2026-09-20T10:54:57,3877,table_1 (p_era_mean_mm_1981_2025 dataset='era5_yy'; p_era_mean_mm_tower_years window boundary dataset='fluxmet_yy'); spot_check_nine_sites.csv
GF-Guy,fluxmet_yy,data/extracted/ICOS_GF-Guy_FLUXNET_2004-2025_v1.3_r1/ICOS_GF-Guy_FLUXNET_FLUXMET_YY_2004-2025_v1.3_r1.csv,ICOS_GF-Guy_FLUXNET_FLUXMET_YY_2004-2025_v1.3_r1.csv,TRUE,2026-09-20T10:54:57,61828,table_1 (p_era_mean_mm_1981_2025 dataset='era5_yy'; p_era_mean_mm_tower_years window boundary dataset='fluxmet_yy'); spot_check_nine_sites.csv
GH-Ank,era5_yy,data/extracted/EUF_GH-Ank_FLUXNET_2011-2014_v1.3_r1/EUF_GH-Ank_FLUXNET_ERA5_YY_1981-2025_v1.3_r1.csv,EUF_GH-Ank_FLUXNET_ERA5_YY_1981-2025_v1.3_r1.csv,TRUE,2026-06-01T17:06:30,3751,table_1 (p_era_mean_mm_1981_2025 dataset='era5_yy'; p_era_mean_mm_tower_years window boundary dataset='fluxmet_yy'); spot_check_nine_sites.csv
GH-Ank,fluxmet_yy,data/extracted/EUF_GH-Ank_FLUXNET_2011-2014_v1.3_r1/EUF_GH-Ank_FLUXNET_FLUXMET_YY_2011-2014_v1.3_r1.csv,EUF_GH-Ank_FLUXNET_FLUXMET_YY_2011-2014_v1.3_r1.csv,TRUE,2026-06-01T17:06:30,14620,table_1 (p_era_mean_mm_1981_2025 dataset='era5_yy'; p_era_mean_mm_tower_years window boundary dataset='fluxmet_yy'); spot_check_nine_sites.csv
GL-Dsk,era5_yy,data/extracted/ICOS_GL-Dsk_FLUXNET_2020-2025_v1.3_r1/ICOS_GL-Dsk_FLUXNET_ERA5_YY_1981-2025_v1.3_r1.csv,ICOS_GL-Dsk_FLUXNET_ERA5_YY_1981-2025_v1.3_r1.csv,TRUE,2026-09-20T10:54:57,3732,table_1 (p_era_mean_mm_1981_2025 dataset='era5_yy'; p_era_mean_mm_tower_years window boundary dataset='fluxmet_yy'); spot_check_nine_sites.csv
GL-Dsk,fluxmet_yy,data/extracted/ICOS_GL-Dsk_FLUXNET_2020-2025_v1.3_r1/ICOS_GL-Dsk_FLUXNET_FLUXMET_YY_2020-2025_v1.3_r1.csv,ICOS_GL-Dsk_FLUXNET_FLUXMET_YY_2020-2025_v1.3_r1.csv,TRUE,2026-09-20T10:54:57,21934,table_1 (p_era_mean_mm_1981_2025 dataset='era5_yy'; p_era_mean_mm_tower_years window boundary dataset='fluxmet_yy'); spot_check_nine_sites.csv
GL-NuF,era5_yy,data/extracted/ICOS_GL-NuF_FLUXNET_2019-2025_v1.3_r1/ICOS_GL-NuF_FLUXNET_ERA5_YY_1981-2026_v1.3_r1.csv,ICOS_GL-NuF_FLUXNET_ERA5_YY_1981-2026_v1.3_r1.csv,TRUE,2026-09-20T10:54:57,3746,table_1 (p_era_mean_mm_1981_2025 dataset='era5_yy'; p_era_mean_mm_tower_years window boundary dataset='fluxmet_yy'); spot_check_nine_sites.csv
GL-NuF,fluxmet_yy,data/extracted/ICOS_GL-NuF_FLUXNET_2019-2025_v1.3_r1/ICOS_GL-NuF_FLUXNET_FLUXMET_YY_2019-2025_v1.3_r1.csv,ICOS_GL-NuF_FLUXNET_FLUXMET_YY_2019-2025_v1.3_r1.csv,TRUE,2026-09-20T10:54:57,15475,table_1 (p_era_mean_mm_1981_2025 dataset='era5_yy'; p_era_mean_mm_tower_years window boundary dataset='fluxmet_yy'); spot_check_nine_sites.csv
GL-ZaF,era5_yy,data/extracted/ICOS_GL-ZaF_FLUXNET_2023-2024_v1.3_r1/ICOS_GL-ZaF_FLUXNET_ERA5_YY_1981-2024_v1.3_r1.csv,ICOS_GL-ZaF_FLUXNET_ERA5_YY_1981-2024_v1.3_r1.csv,TRUE,2026-06-01T17:06:31,3683,table_1 (p_era_mean_mm_1981_2025 dataset='era5_yy'; p_era_mean_mm_tower_years window boundary dataset='fluxmet_yy'); spot_check_nine_sites.csv
GL-ZaF,fluxmet_yy,data/extracted/ICOS_GL-ZaF_FLUXNET_2023-2024_v1.3_r1/ICOS_GL-ZaF_FLUXNET_FLUXMET_YY_2023-2024_v1.3_r1.csv,ICOS_GL-ZaF_FLUXNET_FLUXMET_YY_2023-2024_v1.3_r1.csv,TRUE,2026-06-01T17:06:31,6289,table_1 (p_era_mean_mm_1981_2025 dataset='era5_yy'; p_era_mean_mm_tower_years window boundary dataset='fluxmet_yy'); spot_check_nine_sites.csv
GL-ZaH,era5_yy,data/extracted/ICOS_GL-ZaH_FLUXNET_2020-2025_v1.3_r1/ICOS_GL-ZaH_FLUXNET_ERA5_YY_1981-2026_v1.3_r1.csv,ICOS_GL-ZaH_FLUXNET_ERA5_YY_1981-2026_v1.3_r1.csv,TRUE,2026-09-20T10:54:57,3817,table_1 (p_era_mean_mm_1981_2025 dataset='era5_yy'; p_era_mean_mm_tower_years window boundary dataset='fluxmet_yy'); spot_check_nine_sites.csv
GL-ZaH,fluxmet_yy,data/extracted/ICOS_GL-ZaH_FLUXNET_2020-2025_v1.3_r1/ICOS_GL-ZaH_FLUXNET_FLUXMET_YY_2020-2025_v1.3_r1.csv,ICOS_GL-ZaH_FLUXNET_FLUXMET_YY_2020-2025_v1.3_r1.csv,TRUE,2026-09-20T10:54:57,13971,table_1 (p_era_mean_mm_1981_2025 dataset='era5_yy'; p_era_mean_mm_tower_years window boundary dataset='fluxmet_yy'); spot_check_nine_sites.csv
HK-MPM,era5_yy,data/extracted/FLX_HK-MPM_FLUXNET_2016-2018_v1.3_r1/FLX_HK-MPM_FLUXNET_ERA5_YY_1981-2025_v1.3_r1.csv,FLX_HK-MPM_FLUXNET_ERA5_YY_1981-2025_v1.3_r1.csv,TRUE,2026-09-01T09:58:30,3807,table_1 (p_era_mean_mm_1981_2025 dataset='era5_yy'; p_era_mean_mm_tower_years window boundary dataset='fluxmet_yy'); spot_check_nine_sites.csv
HK-MPM,fluxmet_yy,data/extracted/FLX_HK-MPM_FLUXNET_2016-2018_v1.3_r1/FLX_HK-MPM_FLUXNET_FLUXMET_YY_2016-2018_v1.3_r1.csv,FLX_HK-MPM_FLUXNET_FLUXMET_YY_2016-2018_v1.3_r1.csv,TRUE,2026-09-01T09:58:30,11738,table_1 (p_era_mean_mm_1981_2025 dataset='era5_yy'; p_era_mean_mm_tower_years window boundary dataset='fluxmet_yy'); spot_check_nine_sites.csv
ID-JOP,era5_yy,data/extracted/FLX_ID-JOP_FLUXNET_2014-2024_v1.3_r1/FLX_ID-JOP_FLUXNET_ERA5_YY_1981-2024_v1.3_r1.csv,FLX_ID-JOP_FLUXNET_ERA5_YY_1981-2024_v1.3_r1.csv,TRUE,2026-06-01T17:06:30,3720,table_1 (p_era_mean_mm_1981_2025 dataset='era5_yy'; p_era_mean_mm_tower_years window boundary dataset='fluxmet_yy'); spot_check_nine_sites.csv
ID-JOP,fluxmet_yy,data/extracted/FLX_ID-JOP_FLUXNET_2014-2024_v1.3_r1/FLX_ID-JOP_FLUXNET_FLUXMET_YY_2014-2024_v1.3_r1.csv,FLX_ID-JOP_FLUXNET_FLUXMET_YY_2014-2024_v1.3_r1.csv,TRUE,2026-06-01T17:06:30,32831,table_1 (p_era_mean_mm_1981_2025 dataset='era5_yy'; p_era_mean_mm_tower_years window boundary dataset='fluxmet_yy'); spot_check_nine_sites.csv
ID-PaB,era5_yy,data/extracted/JPF_ID-PaB_FLUXNET_2004-2016_v1.3_r1/JPF_ID-PaB_FLUXNET_ERA5_YY_1981-2024_v1.3_r1.csv,JPF_ID-PaB_FLUXNET_ERA5_YY_1981-2024_v1.3_r1.csv,TRUE,2026-06-01T17:06:31,3707,table_1 (p_era_mean_mm_1981_2025 dataset='era5_yy'; p_era_mean_mm_tower_years window boundary dataset='fluxmet_yy'); spot_check_nine_sites.csv
ID-PaB,fluxmet_yy,data/extracted/JPF_ID-PaB_FLUXNET_2004-2016_v1.3_r1/JPF_ID-PaB_FLUXNET_FLUXMET_YY_2004-2016_v1.3_r1.csv,JPF_ID-PaB_FLUXNET_FLUXMET_YY_2004-2016_v1.3_r1.csv,TRUE,2026-06-01T17:06:31,35819,table_1 (p_era_mean_mm_1981_2025 dataset='era5_yy'; p_era_mean_mm_tower_years window boundary dataset='fluxmet_yy'); spot_check_nine_sites.csv
ID-PaD,era5_yy,data/extracted/JPF_ID-PaD_FLUXNET_2001-2017_v1.3_r1/JPF_ID-PaD_FLUXNET_ERA5_YY_1981-2025_v1.3_r1.csv,JPF_ID-PaD_FLUXNET_ERA5_YY_1981-2025_v1.3_r1.csv,TRUE,2026-06-01T17:06:31,3790,table_1 (p_era_mean_mm_1981_2025 dataset='era5_yy'; p_era_mean_mm_tower_years window boundary dataset='fluxmet_yy'); spot_check_nine_sites.csv
ID-PaD,fluxmet_yy,data/extracted/JPF_ID-PaD_FLUXNET_2001-2017_v1.3_r1/JPF_ID-PaD_FLUXNET_FLUXMET_YY_2001-2017_v1.3_r1.csv,JPF_ID-PaD_FLUXNET_FLUXMET_YY_2001-2017_v1.3_r1.csv,TRUE,2026-06-01T17:06:31,44458,table_1 (p_era_mean_mm_1981_2025 dataset='era5_yy'; p_era_mean_mm_tower_years window boundary dataset='fluxmet_yy'); spot_check_nine_sites.csv
ID-Pag,era5_yy,data/extracted/JPF_ID-Pag_FLUXNET_2004-2018_v1.3_r1/JPF_ID-Pag_FLUXNET_ERA5_YY_1981-2024_v1.3_r1.csv,JPF_ID-Pag_FLUXNET_ERA5_YY_1981-2024_v1.3_r1.csv,TRUE,2026-06-01T17:06:32,3712,table_1 (p_era_mean_mm_1981_2025 dataset='era5_yy'; p_era_mean_mm_tower_years window boundary dataset='fluxmet_yy'); spot_check_nine_sites.csv
ID-Pag,fluxmet_yy,data/extracted/JPF_ID-Pag_FLUXNET_2004-2018_v1.3_r1/JPF_ID-Pag_FLUXNET_FLUXMET_YY_2004-2018_v1.3_r1.csv,JPF_ID-Pag_FLUXNET_FLUXMET_YY_2004-2018_v1.3_r1.csv,TRUE,2026-06-01T17:06:32,38443,table_1 (p_era_mean_mm_1981_2025 dataset='era5_yy'; p_era_mean_mm_tower_years window boundary dataset='fluxmet_yy'); spot_check_nine_sites.csv
IE-CaC,era5_yy,data/extracted/EUF_IE-CaC_FLUXNET_2003-2007_v1.3_r1/EUF_IE-CaC_FLUXNET_ERA5_YY_1981-2025_v1.3_r1.csv,EUF_IE-CaC_FLUXNET_ERA5_YY_1981-2025_v1.3_r1.csv,TRUE,2026-06-01T17:06:30,3625,table_1 (p_era_mean_mm_1981_2025 dataset='era5_yy'; p_era_mean_mm_tower_years window boundary dataset='fluxmet_yy'); spot_check_nine_sites.csv
IE-CaC,fluxmet_yy,data/extracted/EUF_IE-CaC_FLUXNET_2003-2007_v1.3_r1/EUF_IE-CaC_FLUXNET_FLUXMET_YY_2003-2007_v1.3_r1.csv,EUF_IE-CaC_FLUXNET_FLUXMET_YY_2003-2007_v1.3_r1.csv,TRUE,2026-06-01T17:06:30,17376,table_1 (p_era_mean_mm_1981_2025 dataset='era5_yy'; p_era_mean_mm_tower_years window boundary dataset='fluxmet_yy'); spot_check_nine_sites.csv
IE-CaN,era5_yy,data/extracted/EUF_IE-CaN_FLUXNET_2003-2007_v1.3_r1/EUF_IE-CaN_FLUXNET_ERA5_YY_1981-2025_v1.3_r1.csv,EUF_IE-CaN_FLUXNET_ERA5_YY_1981-2025_v1.3_r1.csv,TRUE,2026-06-01T17:06:30,3625,table_1 (p_era_mean_mm_1981_2025 dataset='era5_yy'; p_era_mean_mm_tower_years window boundary dataset='fluxmet_yy'); spot_check_nine_sites.csv
IE-CaN,fluxmet_yy,data/extracted/EUF_IE-CaN_FLUXNET_2003-2007_v1.3_r1/EUF_IE-CaN_FLUXNET_FLUXMET_YY_2003-2007_v1.3_r1.csv,EUF_IE-CaN_FLUXNET_FLUXMET_YY_2003-2007_v1.3_r1.csv,TRUE,2026-06-01T17:06:30,17327,table_1 (p_era_mean_mm_1981_2025 dataset='era5_yy'; p_era_mean_mm_tower_years window boundary dataset='fluxmet_yy'); spot_check_nine_sites.csv
IE-Cra,era5_yy,data/extracted/ICOS_IE-Cra_FLUXNET_2020-2025_v1.3_r1/ICOS_IE-Cra_FLUXNET_ERA5_YY_1981-2026_v1.3_r1.csv,ICOS_IE-Cra_FLUXNET_ERA5_YY_1981-2026_v1.3_r1.csv,TRUE,2026-09-20T10:54:57,3784,table_1 (p_era_mean_mm_1981_2025 dataset='era5_yy'; p_era_mean_mm_tower_years window boundary dataset='fluxmet_yy'); spot_check_nine_sites.csv
IE-Cra,fluxmet_yy,data/extracted/ICOS_IE-Cra_FLUXNET_2020-2025_v1.3_r1/ICOS_IE-Cra_FLUXNET_FLUXMET_YY_2020-2025_v1.3_r1.csv,ICOS_IE-Cra_FLUXNET_FLUXMET_YY_2020-2025_v1.3_r1.csv,TRUE,2026-09-20T10:54:57,18234,table_1 (p_era_mean_mm_1981_2025 dataset='era5_yy'; p_era_mean_mm_tower_years window boundary dataset='fluxmet_yy'); spot_check_nine_sites.csv
IE-Gwr,era5_yy,data/extracted/EUF_IE-Gwr_FLUXNET_2016-2016_v1.3_r1/EUF_IE-Gwr_FLUXNET_ERA5_YY_1981-2025_v1.3_r1.csv,EUF_IE-Gwr_FLUXNET_ERA5_YY_1981-2025_v1.3_r1.csv,TRUE,2026-06-01T17:06:30,3748,table_1 (p_era_mean_mm_1981_2025 dataset='era5_yy'; p_era_mean_mm_tower_years window boundary dataset='fluxmet_yy'); spot_check_nine_sites.csv
IE-Gwr,fluxmet_yy,data/extracted/EUF_IE-Gwr_FLUXNET_2016-2016_v1.3_r1/EUF_IE-Gwr_FLUXNET_FLUXMET_YY_2016-2016_v1.3_r1.csv,EUF_IE-Gwr_FLUXNET_FLUXMET_YY_2016-2016_v1.3_r1.csv,TRUE,2026-06-01T17:06:30,4214,table_1 (p_era_mean_mm_1981_2025 dataset='era5_yy'; p_era_mean_mm_tower_years window boundary dataset='fluxmet_yy'); spot_check_nine_sites.csv
IL-RmH,era5_yy,data/extracted/EUF_IL-RmH_FLUXNET_2015-2020_v1.3_r1/EUF_IL-RmH_FLUXNET_ERA5_YY_1981-2025_v1.3_r1.csv,EUF_IL-RmH_FLUXNET_ERA5_YY_1981-2025_v1.3_r1.csv,TRUE,2026-06-01T17:06:30,3711,table_1 (p_era_mean_mm_1981_2025 dataset='era5_yy'; p_era_mean_mm_tower_years window boundary dataset='fluxmet_yy'); spot_check_nine_sites.csv
IL-RmH,fluxmet_yy,data/extracted/EUF_IL-RmH_FLUXNET_2015-2020_v1.3_r1/EUF_IL-RmH_FLUXNET_FLUXMET_YY_2015-2020_v1.3_r1.csv,EUF_IL-RmH_FLUXNET_FLUXMET_YY_2015-2020_v1.3_r1.csv,TRUE,2026-06-01T17:06:30,13182,table_1 (p_era_mean_mm_1981_2025 dataset='era5_yy'; p_era_mean_mm_tower_years window boundary dataset='fluxmet_yy'); spot_check_nine_sites.csv
IL-Yat,era5_yy,data/extracted/EUF_IL-Yat_FLUXNET_2000-2024_v1.3_r1/EUF_IL-Yat_FLUXNET_ERA5_YY_1981-2024_v1.3_r1.csv,EUF_IL-Yat_FLUXNET_ERA5_YY_1981-2024_v1.3_r1.csv,TRUE,2026-06-01T17:06:30,3668,table_1 (p_era_mean_mm_1981_2025 dataset='era5_yy'; p_era_mean_mm_tower_years window boundary dataset='fluxmet_yy'); spot_check_nine_sites.csv
IL-Yat,fluxmet_yy,data/extracted/EUF_IL-Yat_FLUXNET_2000-2024_v1.3_r1/EUF_IL-Yat_FLUXNET_FLUXMET_YY_2000-2024_v1.3_r1.csv,EUF_IL-Yat_FLUXNET_FLUXMET_YY_2000-2024_v1.3_r1.csv,TRUE,2026-06-01T17:06:30,73741,table_1 (p_era_mean_mm_1981_2025 dataset='era5_yy'; p_era_mean_mm_tower_years window boundary dataset='fluxmet_yy'); spot_check_nine_sites.csv
IT-Arz,era5_yy,data/extracted/EUF_IT-Arz_FLUXNET_2016-2024_v1.3_r1/EUF_IT-Arz_FLUXNET_ERA5_YY_1981-2025_v1.3_r1.csv,EUF_IT-Arz_FLUXNET_ERA5_YY_1981-2025_v1.3_r1.csv,TRUE,2026-06-01T17:06:30,3761,table_1 (p_era_mean_mm_1981_2025 dataset='era5_yy'; p_era_mean_mm_tower_years window boundary dataset='fluxmet_yy'); spot_check_nine_sites.csv
IT-Arz,fluxmet_yy,data/extracted/EUF_IT-Arz_FLUXNET_2016-2024_v1.3_r1/EUF_IT-Arz_FLUXNET_FLUXMET_YY_2016-2024_v1.3_r1.csv,EUF_IT-Arz_FLUXNET_FLUXMET_YY_2016-2024_v1.3_r1.csv,TRUE,2026-06-01T17:06:30,27406,table_1 (p_era_mean_mm_1981_2025 dataset='era5_yy'; p_era_mean_mm_tower_years window boundary dataset='fluxmet_yy'); spot_check_nine_sites.csv
IT-BCi,era5_yy,data/extracted/ICOS_IT-BCi_FLUXNET_2004-2025_v1.3_r1/ICOS_IT-BCi_FLUXNET_ERA5_YY_1981-2025_v1.3_r1.csv,ICOS_IT-BCi_FLUXNET_ERA5_YY_1981-2025_v1.3_r1.csv,TRUE,2026-09-20T13:04:01,3764,table_1 (p_era_mean_mm_1981_2025 dataset='era5_yy'; p_era_mean_mm_tower_years window boundary dataset='fluxmet_yy'); spot_check_nine_sites.csv
IT-BCi,fluxmet_yy,data/extracted/ICOS_IT-BCi_FLUXNET_2004-2025_v1.3_r1/ICOS_IT-BCi_FLUXNET_FLUXMET_YY_2004-2025_v1.3_r1.csv,ICOS_IT-BCi_FLUXNET_FLUXMET_YY_2004-2025_v1.3_r1.csv,TRUE,2026-09-20T13:04:01,67402,table_1 (p_era_mean_mm_1981_2025 dataset='era5_yy'; p_era_mean_mm_tower_years window boundary dataset='fluxmet_yy'); spot_check_nine_sites.csv
IT-BFt,era5_yy,data/extracted/ICOS_IT-BFt_FLUXNET_2019-2025_v1.3_r1/ICOS_IT-BFt_FLUXNET_ERA5_YY_1981-2025_v1.3_r1.csv,ICOS_IT-BFt_FLUXNET_ERA5_YY_1981-2025_v1.3_r1.csv,TRUE,2026-09-20T10:54:57,3757,table_1 (p_era_mean_mm_1981_2025 dataset='era5_yy'; p_era_mean_mm_tower_years window boundary dataset='fluxmet_yy'); spot_check_nine_sites.csv
IT-BFt,fluxmet_yy,data/extracted/ICOS_IT-BFt_FLUXNET_2019-2025_v1.3_r1/ICOS_IT-BFt_FLUXNET_FLUXMET_YY_2019-2025_v1.3_r1.csv,ICOS_IT-BFt_FLUXNET_FLUXMET_YY_2019-2025_v1.3_r1.csv,TRUE,2026-09-20T10:54:57,23000,table_1 (p_era_mean_mm_1981_2025 dataset='era5_yy'; p_era_mean_mm_tower_years window boundary dataset='fluxmet_yy'); spot_check_nine_sites.csv
IT-BsB,era5_yy,data/extracted/EUF_IT-BsB_FLUXNET_2021-2024_v1.3_r1/EUF_IT-BsB_FLUXNET_ERA5_YY_1981-2025_v1.3_r1.csv,EUF_IT-BsB_FLUXNET_ERA5_YY_1981-2025_v1.3_r1.csv,TRUE,2026-06-01T17:06:30,3714,table_1 (p_era_mean_mm_1981_2025 dataset='era5_yy'; p_era_mean_mm_tower_years window boundary dataset='fluxmet_yy'); spot_check_nine_sites.csv
IT-BsB,fluxmet_yy,data/extracted/EUF_IT-BsB_FLUXNET_2021-2024_v1.3_r1/EUF_IT-BsB_FLUXNET_FLUXMET_YY_2021-2024_v1.3_r1.csv,EUF_IT-BsB_FLUXNET_FLUXMET_YY_2021-2024_v1.3_r1.csv,TRUE,2026-06-01T17:06:30,15791,table_1 (p_era_mean_mm_1981_2025 dataset='era5_yy'; p_era_mean_mm_tower_years window boundary dataset='fluxmet_yy'); spot_check_nine_sites.csv
IT-Bsn,era5_yy,data/extracted/EUF_IT-Bsn_FLUXNET_2020-2021_v1.3_r1/EUF_IT-Bsn_FLUXNET_ERA5_YY_1981-2025_v1.3_r1.csv,EUF_IT-Bsn_FLUXNET_ERA5_YY_1981-2025_v1.3_r1.csv,TRUE,2026-06-01T17:06:30,3693,table_1 (p_era_mean_mm_1981_2025 dataset='era5_yy'; p_era_mean_mm_tower_years window boundary dataset='fluxmet_yy'); spot_check_nine_sites.csv
IT-Bsn,fluxmet_yy,data/extracted/EUF_IT-Bsn_FLUXNET_2020-2021_v1.3_r1/EUF_IT-Bsn_FLUXNET_FLUXMET_YY_2020-2021_v1.3_r1.csv,EUF_IT-Bsn_FLUXNET_FLUXMET_YY_2020-2021_v1.3_r1.csv,TRUE,2026-06-01T17:06:30,5807,table_1 (p_era_mean_mm_1981_2025 dataset='era5_yy'; p_era_mean_mm_tower_years window boundary dataset='fluxmet_yy'); spot_check_nine_sites.csv
IT-CA1,era5_yy,data/extracted/EUF_IT-CA1_FLUXNET_2011-2014_v1.3_r1/EUF_IT-CA1_FLUXNET_ERA5_YY_1981-2025_v1.3_r1.csv,EUF_IT-CA1_FLUXNET_ERA5_YY_1981-2025_v1.3_r1.csv,TRUE,2026-06-01T17:06:30,3698,table_1 (p_era_mean_mm_1981_2025 dataset='era5_yy'; p_era_mean_mm_tower_years window boundary dataset='fluxmet_yy'); spot_check_nine_sites.csv
IT-CA1,fluxmet_yy,data/extracted/EUF_IT-CA1_FLUXNET_2011-2014_v1.3_r1/EUF_IT-CA1_FLUXNET_FLUXMET_YY_2011-2014_v1.3_r1.csv,EUF_IT-CA1_FLUXNET_FLUXMET_YY_2011-2014_v1.3_r1.csv,TRUE,2026-06-01T17:06:30,15228,table_1 (p_era_mean_mm_1981_2025 dataset='era5_yy'; p_era_mean_mm_tower_years window boundary dataset='fluxmet_yy'); spot_check_nine_sites.csv
IT-CA2,era5_yy,data/extracted/EUF_IT-CA2_FLUXNET_2011-2014_v1.3_r2/EUF_IT-CA2_FLUXNET_ERA5_YY_1981-2025_v1.3_r2.csv,EUF_IT-CA2_FLUXNET_ERA5_YY_1981-2025_v1.3_r2.csv,TRUE,2026-06-01T17:06:30,3720,table_1 (p_era_mean_mm_1981_2025 dataset='era5_yy'; p_era_mean_mm_tower_years window boundary dataset='fluxmet_yy'); spot_check_nine_sites.csv
IT-CA2,fluxmet_yy,data/extracted/EUF_IT-CA2_FLUXNET_2011-2014_v1.3_r2/EUF_IT-CA2_FLUXNET_FLUXMET_YY_2011-2014_v1.3_r2.csv,EUF_IT-CA2_FLUXNET_FLUXMET_YY_2011-2014_v1.3_r2.csv,TRUE,2026-06-01T17:06:30,15279,table_1 (p_era_mean_mm_1981_2025 dataset='era5_yy'; p_era_mean_mm_tower_years window boundary dataset='fluxmet_yy'); spot_check_nine_sites.csv
IT-CA3,era5_yy,data/extracted/EUF_IT-CA3_FLUXNET_2011-2014_v1.3_r2/EUF_IT-CA3_FLUXNET_ERA5_YY_1981-2025_v1.3_r2.csv,EUF_IT-CA3_FLUXNET_ERA5_YY_1981-2025_v1.3_r2.csv,TRUE,2026-06-01T17:06:30,3707,table_1 (p_era_mean_mm_1981_2025 dataset='era5_yy'; p_era_mean_mm_tower_years window boundary dataset='fluxmet_yy'); spot_check_nine_sites.csv
IT-CA3,fluxmet_yy,data/extracted/EUF_IT-CA3_FLUXNET_2011-2014_v1.3_r2/EUF_IT-CA3_FLUXNET_FLUXMET_YY_2011-2014_v1.3_r2.csv,EUF_IT-CA3_FLUXNET_FLUXMET_YY_2011-2014_v1.3_r2.csv,TRUE,2026-06-01T17:06:30,15474,table_1 (p_era_mean_mm_1981_2025 dataset='era5_yy'; p_era_mean_mm_tower_years window boundary dataset='fluxmet_yy'); spot_check_nine_sites.csv
IT-Cp2,era5_yy,data/extracted/ICOS_IT-Cp2_FLUXNET_2012-2025_v1.3_r1/ICOS_IT-Cp2_FLUXNET_ERA5_YY_1981-2025_v1.3_r1.csv,ICOS_IT-Cp2_FLUXNET_ERA5_YY_1981-2025_v1.3_r1.csv,TRUE,2026-09-20T13:04:01,3755,table_1 (p_era_mean_mm_1981_2025 dataset='era5_yy'; p_era_mean_mm_tower_years window boundary dataset='fluxmet_yy'); spot_check_nine_sites.csv
IT-Cp2,fluxmet_yy,data/extracted/ICOS_IT-Cp2_FLUXNET_2012-2025_v1.3_r1/ICOS_IT-Cp2_FLUXNET_FLUXMET_YY_2012-2025_v1.3_r1.csv,ICOS_IT-Cp2_FLUXNET_FLUXMET_YY_2012-2025_v1.3_r1.csv,TRUE,2026-09-20T13:04:01,41057,table_1 (p_era_mean_mm_1981_2025 dataset='era5_yy'; p_era_mean_mm_tower_years window boundary dataset='fluxmet_yy'); spot_check_nine_sites.csv
IT-Cpz,era5_yy,data/extracted/EUF_IT-Cpz_FLUXNET_2001-2008_v1.3_r1/EUF_IT-Cpz_FLUXNET_ERA5_YY_1981-2025_v1.3_r1.csv,EUF_IT-Cpz_FLUXNET_ERA5_YY_1981-2025_v1.3_r1.csv,TRUE,2026-09-01T10:01:00,3767,table_1 (p_era_mean_mm_1981_2025 dataset='era5_yy'; p_era_mean_mm_tower_years window boundary dataset='fluxmet_yy'); spot_check_nine_sites.csv
IT-Cpz,fluxmet_yy,data/extracted/EUF_IT-Cpz_FLUXNET_2001-2008_v1.3_r1/EUF_IT-Cpz_FLUXNET_FLUXMET_YY_2001-2008_v1.3_r1.csv,EUF_IT-Cpz_FLUXNET_FLUXMET_YY_2001-2008_v1.3_r1.csv,TRUE,2026-09-01T10:01:00,25856,table_1 (p_era_mean_mm_1981_2025 dataset='era5_yy'; p_era_mean_mm_tower_years window boundary dataset='fluxmet_yy'); spot_check_nine_sites.csv
IT-Lav,era5_yy,data/extracted/EUF_IT-Lav_FLUXNET_2003-2020_v1.3_r1/EUF_IT-Lav_FLUXNET_ERA5_YY_1981-2025_v1.3_r1.csv,EUF_IT-Lav_FLUXNET_ERA5_YY_1981-2025_v1.3_r1.csv,TRUE,2026-06-01T17:06:30,3605,table_1 (p_era_mean_mm_1981_2025 dataset='era5_yy'; p_era_mean_mm_tower_years window boundary dataset='fluxmet_yy'); spot_check_nine_sites.csv
IT-Lav,fluxmet_yy,data/extracted/EUF_IT-Lav_FLUXNET_2003-2020_v1.3_r1/EUF_IT-Lav_FLUXNET_FLUXMET_YY_2003-2020_v1.3_r1.csv,EUF_IT-Lav_FLUXNET_FLUXMET_YY_2003-2020_v1.3_r1.csv,TRUE,2026-06-01T17:06:30,54679,table_1 (p_era_mean_mm_1981_2025 dataset='era5_yy'; p_era_mean_mm_tower_years window boundary dataset='fluxmet_yy'); spot_check_nine_sites.csv
IT-Lsn,era5_yy,data/extracted/ICOS_IT-Lsn_FLUXNET_2016-2025_v1.3_r1/ICOS_IT-Lsn_FLUXNET_ERA5_YY_1981-2025_v1.3_r1.csv,ICOS_IT-Lsn_FLUXNET_ERA5_YY_1981-2025_v1.3_r1.csv,TRUE,2026-09-20T10:54:57,3768,table_1 (p_era_mean_mm_1981_2025 dataset='era5_yy'; p_era_mean_mm_tower_years window boundary dataset='fluxmet_yy'); spot_check_nine_sites.csv
IT-Lsn,fluxmet_yy,data/extracted/ICOS_IT-Lsn_FLUXNET_2016-2025_v1.3_r1/ICOS_IT-Lsn_FLUXNET_FLUXMET_YY_2016-2025_v1.3_r1.csv,ICOS_IT-Lsn_FLUXNET_FLUXMET_YY_2016-2025_v1.3_r1.csv,TRUE,2026-09-20T10:54:57,30578,table_1 (p_era_mean_mm_1981_2025 dataset='era5_yy'; p_era_mean_mm_tower_years window boundary dataset='fluxmet_yy'); spot_check_nine_sites.csv
IT-MBo,era5_yy,data/extracted/ICOS_IT-MBo_FLUXNET_2003-2025_v1.3_r1/ICOS_IT-MBo_FLUXNET_ERA5_YY_1981-2025_v1.3_r1.csv,ICOS_IT-MBo_FLUXNET_ERA5_YY_1981-2025_v1.3_r1.csv,TRUE,2026-09-20T13:04:01,3611,table_1 (p_era_mean_mm_1981_2025 dataset='era5_yy'; p_era_mean_mm_tower_years window boundary dataset='fluxmet_yy'); spot_check_nine_sites.csv
IT-MBo,fluxmet_yy,data/extracted/ICOS_IT-MBo_FLUXNET_2003-2025_v1.3_r1/ICOS_IT-MBo_FLUXNET_FLUXMET_YY_2003-2025_v1.3_r1.csv,ICOS_IT-MBo_FLUXNET_FLUXMET_YY_2003-2025_v1.3_r1.csv,TRUE,2026-09-20T13:04:01,67914,table_1 (p_era_mean_mm_1981_2025 dataset='era5_yy'; p_era_mean_mm_tower_years window boundary dataset='fluxmet_yy'); spot_check_nine_sites.csv
IT-MtM,era5_yy,data/extracted/EUF_IT-MtM_FLUXNET_2014-2019_v1.3_r1/EUF_IT-MtM_FLUXNET_ERA5_YY_1981-2025_v1.3_r1.csv,EUF_IT-MtM_FLUXNET_ERA5_YY_1981-2025_v1.3_r1.csv,TRUE,2026-09-01T09:58:30,3589,table_1 (p_era_mean_mm_1981_2025 dataset='era5_yy'; p_era_mean_mm_tower_years window boundary dataset='fluxmet_yy'); spot_check_nine_sites.csv
IT-MtM,fluxmet_yy,data/extracted/EUF_IT-MtM_FLUXNET_2014-2019_v1.3_r1/EUF_IT-MtM_FLUXNET_FLUXMET_YY_2014-2019_v1.3_r1.csv,EUF_IT-MtM_FLUXNET_FLUXMET_YY_2014-2019_v1.3_r1.csv,TRUE,2026-09-01T09:58:30,20606,table_1 (p_era_mean_mm_1981_2025 dataset='era5_yy'; p_era_mean_mm_tower_years window boundary dataset='fluxmet_yy'); spot_check_nine_sites.csv
IT-MtP,era5_yy,data/extracted/EUF_IT-MtP_FLUXNET_2014-2019_v1.3_r1/EUF_IT-MtP_FLUXNET_ERA5_YY_1981-2025_v1.3_r1.csv,EUF_IT-MtP_FLUXNET_ERA5_YY_1981-2025_v1.3_r1.csv,TRUE,2026-09-01T09:58:30,3578,table_1 (p_era_mean_mm_1981_2025 dataset='era5_yy'; p_era_mean_mm_tower_years window boundary dataset='fluxmet_yy'); spot_check_nine_sites.csv
IT-MtP,fluxmet_yy,data/extracted/EUF_IT-MtP_FLUXNET_2014-2019_v1.3_r1/EUF_IT-MtP_FLUXNET_FLUXMET_YY_2014-2019_v1.3_r1.csv,EUF_IT-MtP_FLUXNET_FLUXMET_YY_2014-2019_v1.3_r1.csv,TRUE,2026-09-01T09:58:30,19996,table_1 (p_era_mean_mm_1981_2025 dataset='era5_yy'; p_era_mean_mm_tower_years window boundary dataset='fluxmet_yy'); spot_check_nine_sites.csv
IT-NiG,era5_yy,data/extracted/EUF_IT-NiG_FLUXNET_2020-2024_v1.3_r1/EUF_IT-NiG_FLUXNET_ERA5_YY_1981-2025_v1.3_r1.csv,EUF_IT-NiG_FLUXNET_ERA5_YY_1981-2025_v1.3_r1.csv,TRUE,2026-06-01T17:06:30,3625,table_1 (p_era_mean_mm_1981_2025 dataset='era5_yy'; p_era_mean_mm_tower_years window boundary dataset='fluxmet_yy'); spot_check_nine_sites.csv
IT-NiG,fluxmet_yy,data/extracted/EUF_IT-NiG_FLUXNET_2020-2024_v1.3_r1/EUF_IT-NiG_FLUXNET_FLUXMET_YY_2020-2024_v1.3_r1.csv,EUF_IT-NiG_FLUXNET_FLUXMET_YY_2020-2024_v1.3_r1.csv,TRUE,2026-06-01T17:06:30,18311,table_1 (p_era_mean_mm_1981_2025 dataset='era5_yy'; p_era_mean_mm_tower_years window boundary dataset='fluxmet_yy'); spot_check_nine_sites.csv
IT-Niv,era5_yy,data/extracted/ICOS_IT-Niv_FLUXNET_2019-2025_v1.3_r1/ICOS_IT-Niv_FLUXNET_ERA5_YY_1981-2026_v1.3_r1.csv,ICOS_IT-Niv_FLUXNET_ERA5_YY_1981-2026_v1.3_r1.csv,TRUE,2026-09-20T10:54:58,3744,table_1 (p_era_mean_mm_1981_2025 dataset='era5_yy'; p_era_mean_mm_tower_years window boundary dataset='fluxmet_yy'); spot_check_nine_sites.csv
IT-Niv,fluxmet_yy,data/extracted/ICOS_IT-Niv_FLUXNET_2019-2025_v1.3_r1/ICOS_IT-Niv_FLUXNET_FLUXMET_YY_2019-2025_v1.3_r1.csv,ICOS_IT-Niv_FLUXNET_FLUXMET_YY_2019-2025_v1.3_r1.csv,TRUE,2026-09-20T10:54:58,19988,table_1 (p_era_mean_mm_1981_2025 dataset='era5_yy'; p_era_mean_mm_tower_years window boundary dataset='fluxmet_yy'); spot_check_nine_sites.csv
IT-Noe,era5_yy,data/extracted/ICOS_IT-Noe_FLUXNET_2022-2024_v1.3_r2/ICOS_IT-Noe_FLUXNET_ERA5_YY_1981-2025_v1.3_r2.csv,ICOS_IT-Noe_FLUXNET_ERA5_YY_1981-2025_v1.3_r2.csv,TRUE,2026-06-01T17:06:31,3739,table_1 (p_era_mean_mm_1981_2025 dataset='era5_yy'; p_era_mean_mm_tower_years window boundary dataset='fluxmet_yy'); spot_check_nine_sites.csv
IT-Noe,fluxmet_yy,data/extracted/ICOS_IT-Noe_FLUXNET_2022-2024_v1.3_r2/ICOS_IT-Noe_FLUXNET_FLUXMET_YY_2022-2024_v1.3_r2.csv,ICOS_IT-Noe_FLUXNET_FLUXMET_YY_2022-2024_v1.3_r2.csv,TRUE,2026-06-01T17:06:31,12854,table_1 (p_era_mean_mm_1981_2025 dataset='era5_yy'; p_era_mean_mm_tower_years window boundary dataset='fluxmet_yy'); spot_check_nine_sites.csv
IT-PT1,era5_yy,data/extracted/EUF_IT-PT1_FLUXNET_2002-2004_v1.3_r1/EUF_IT-PT1_FLUXNET_ERA5_YY_1981-2025_v1.3_r1.csv,EUF_IT-PT1_FLUXNET_ERA5_YY_1981-2025_v1.3_r1.csv,TRUE,2026-09-01T09:58:30,3752,table_1 (p_era_mean_mm_1981_2025 dataset='era5_yy'; p_era_mean_mm_tower_years window boundary dataset='fluxmet_yy'); spot_check_nine_sites.csv
IT-PT1,fluxmet_yy,data/extracted/EUF_IT-PT1_FLUXNET_2002-2004_v1.3_r1/EUF_IT-PT1_FLUXNET_FLUXMET_YY_2002-2004_v1.3_r1.csv,EUF_IT-PT1_FLUXNET_FLUXMET_YY_2002-2004_v1.3_r1.csv,TRUE,2026-09-01T09:58:30,12411,table_1 (p_era_mean_mm_1981_2025 dataset='era5_yy'; p_era_mean_mm_tower_years window boundary dataset='fluxmet_yy'); spot_check_nine_sites.csv
IT-Ren,era5_yy,data/extracted/ICOS_IT-Ren_FLUXNET_1999-2025_v1.3_r1/ICOS_IT-Ren_FLUXNET_ERA5_YY_1981-2025_v1.3_r1.csv,ICOS_IT-Ren_FLUXNET_ERA5_YY_1981-2025_v1.3_r1.csv,TRUE,2026-09-20T13:04:01,3574,table_1 (p_era_mean_mm_1981_2025 dataset='era5_yy'; p_era_mean_mm_tower_years window boundary dataset='fluxmet_yy'); spot_check_nine_sites.csv
IT-Ren,fluxmet_yy,data/extracted/ICOS_IT-Ren_FLUXNET_1999-2025_v1.3_r1/ICOS_IT-Ren_FLUXNET_FLUXMET_YY_1999-2025_v1.3_r1.csv,ICOS_IT-Ren_FLUXNET_FLUXMET_YY_1999-2025_v1.3_r1.csv,TRUE,2026-09-20T13:04:01,78504,table_1 (p_era_mean_mm_1981_2025 dataset='era5_yy'; p_era_mean_mm_tower_years window boundary dataset='fluxmet_yy'); spot_check_nine_sites.csv
IT-Ro1,era5_yy,data/extracted/EUF_IT-Ro1_FLUXNET_2000-2008_v1.3_r1/EUF_IT-Ro1_FLUXNET_ERA5_YY_1981-2025_v1.3_r1.csv,EUF_IT-Ro1_FLUXNET_ERA5_YY_1981-2025_v1.3_r1.csv,TRUE,2026-09-01T09:58:30,3721,table_1 (p_era_mean_mm_1981_2025 dataset='era5_yy'; p_era_mean_mm_tower_years window boundary dataset='fluxmet_yy'); spot_check_nine_sites.csv
IT-Ro1,fluxmet_yy,data/extracted/EUF_IT-Ro1_FLUXNET_2000-2008_v1.3_r1/EUF_IT-Ro1_FLUXNET_FLUXMET_YY_2000-2008_v1.3_r1.csv,EUF_IT-Ro1_FLUXNET_FLUXMET_YY_2000-2008_v1.3_r1.csv,TRUE,2026-09-01T09:58:30,28082,table_1 (p_era_mean_mm_1981_2025 dataset='era5_yy'; p_era_mean_mm_tower_years window boundary dataset='fluxmet_yy'); spot_check_nine_sites.csv
IT-Ro2,era5_yy,data/extracted/EUF_IT-Ro2_FLUXNET_2002-2012_v1.3_r2/EUF_IT-Ro2_FLUXNET_ERA5_YY_1981-2025_v1.3_r2.csv,EUF_IT-Ro2_FLUXNET_ERA5_YY_1981-2025_v1.3_r2.csv,TRUE,2026-09-01T09:58:30,3713,table_1 (p_era_mean_mm_1981_2025 dataset='era5_yy'; p_era_mean_mm_tower_years window boundary dataset='fluxmet_yy'); spot_check_nine_sites.csv
IT-Ro2,fluxmet_yy,data/extracted/EUF_IT-Ro2_FLUXNET_2002-2012_v1.3_r2/EUF_IT-Ro2_FLUXNET_FLUXMET_YY_2002-2012_v1.3_r2.csv,EUF_IT-Ro2_FLUXNET_FLUXMET_YY_2002-2012_v1.3_r2.csv,TRUE,2026-09-01T09:58:30,33469,table_1 (p_era_mean_mm_1981_2025 dataset='era5_yy'; p_era_mean_mm_tower_years window boundary dataset='fluxmet_yy'); spot_check_nine_sites.csv
IT-SR2,era5_yy,data/extracted/ICOS_IT-SR2_FLUXNET_2013-2025_v1.3_r1/ICOS_IT-SR2_FLUXNET_ERA5_YY_1981-2025_v1.3_r1.csv,ICOS_IT-SR2_FLUXNET_ERA5_YY_1981-2025_v1.3_r1.csv,TRUE,2026-09-20T13:04:01,3775,table_1 (p_era_mean_mm_1981_2025 dataset='era5_yy'; p_era_mean_mm_tower_years window boundary dataset='fluxmet_yy'); spot_check_nine_sites.csv
IT-SR2,fluxmet_yy,data/extracted/ICOS_IT-SR2_FLUXNET_2013-2025_v1.3_r1/ICOS_IT-SR2_FLUXNET_FLUXMET_YY_2013-2025_v1.3_r1.csv,ICOS_IT-SR2_FLUXNET_FLUXMET_YY_2013-2025_v1.3_r1.csv,TRUE,2026-09-20T13:04:01,40954,table_1 (p_era_mean_mm_1981_2025 dataset='era5_yy'; p_era_mean_mm_tower_years window boundary dataset='fluxmet_yy'); spot_check_nine_sites.csv
IT-SRo,era5_yy,data/extracted/EUF_IT-SRo_FLUXNET_1999-2012_v1.3_r1/EUF_IT-SRo_FLUXNET_ERA5_YY_1981-2025_v1.3_r1.csv,EUF_IT-SRo_FLUXNET_ERA5_YY_1981-2025_v1.3_r1.csv,TRUE,2026-06-01T17:12:50,3774,table_1 (p_era_mean_mm_1981_2025 dataset='era5_yy'; p_era_mean_mm_tower_years window boundary dataset='fluxmet_yy'); spot_check_nine_sites.csv
IT-SRo,fluxmet_yy,data/extracted/EUF_IT-SRo_FLUXNET_1999-2012_v1.3_r1/EUF_IT-SRo_FLUXNET_FLUXMET_YY_1999-2012_v1.3_r1.csv,EUF_IT-SRo_FLUXNET_FLUXMET_YY_1999-2012_v1.3_r1.csv,TRUE,2026-06-01T17:12:50,42587,table_1 (p_era_mean_mm_1981_2025 dataset='era5_yy'; p_era_mean_mm_tower_years window boundary dataset='fluxmet_yy'); spot_check_nine_sites.csv
IT-Tor,era5_yy,data/extracted/ICOS_IT-Tor_FLUXNET_2008-2025_v1.3_r1/ICOS_IT-Tor_FLUXNET_ERA5_YY_1981-2026_v1.3_r1.csv,ICOS_IT-Tor_FLUXNET_ERA5_YY_1981-2026_v1.3_r1.csv,TRUE,2026-09-20T10:54:58,3661,table_1 (p_era_mean_mm_1981_2025 dataset='era5_yy'; p_era_mean_mm_tower_years window boundary dataset='fluxmet_yy'); spot_check_nine_sites.csv
IT-Tor,fluxmet_yy,data/extracted/ICOS_IT-Tor_FLUXNET_2008-2025_v1.3_r1/ICOS_IT-Tor_FLUXNET_FLUXMET_YY_2008-2025_v1.3_r1.csv,ICOS_IT-Tor_FLUXNET_FLUXMET_YY_2008-2025_v1.3_r1.csv,TRUE,2026-09-20T10:54:58,53762,table_1 (p_era_mean_mm_1981_2025 dataset='era5_yy'; p_era_mean_mm_tower_years window boundary dataset='fluxmet_yy'); spot_check_nine_sites.csv
IT-TrF,era5_yy,data/extracted/ICOS_IT-TrF_FLUXNET_2012-2025_v1.3_r1/ICOS_IT-TrF_FLUXNET_ERA5_YY_1981-2026_v1.3_r1.csv,ICOS_IT-TrF_FLUXNET_ERA5_YY_1981-2026_v1.3_r1.csv,TRUE,2026-09-20T10:54:58,3661,table_1 (p_era_mean_mm_1981_2025 dataset='era5_yy'; p_era_mean_mm_tower_years window boundary dataset='fluxmet_yy'); spot_check_nine_sites.csv
IT-TrF,fluxmet_yy,data/extracted/ICOS_IT-TrF_FLUXNET_2012-2025_v1.3_r1/ICOS_IT-TrF_FLUXNET_FLUXMET_YY_2012-2025_v1.3_r1.csv,ICOS_IT-TrF_FLUXNET_FLUXMET_YY_2012-2025_v1.3_r1.csv,TRUE,2026-09-20T10:54:58,43494,table_1 (p_era_mean_mm_1981_2025 dataset='era5_yy'; p_era_mean_mm_tower_years window boundary dataset='fluxmet_yy'); spot_check_nine_sites.csv
JP-Api,era5_yy,data/extracted/JPF_JP-Api_FLUXNET_2000-2022_v1.3_r2/JPF_JP-Api_FLUXNET_ERA5_YY_1981-2025_v1.3_r2.csv,JPF_JP-Api_FLUXNET_ERA5_YY_1981-2025_v1.3_r2.csv,TRUE,2026-09-20T13:04:01,3621,table_1 (p_era_mean_mm_1981_2025 dataset='era5_yy'; p_era_mean_mm_tower_years window boundary dataset='fluxmet_yy'); spot_check_nine_sites.csv
JP-Api,fluxmet_yy,data/extracted/JPF_JP-Api_FLUXNET_2000-2022_v1.3_r2/JPF_JP-Api_FLUXNET_FLUXMET_YY_2000-2022_v1.3_r2.csv,JPF_JP-Api_FLUXNET_FLUXMET_YY_2000-2022_v1.3_r2.csv,TRUE,2026-09-20T13:04:01,66157,table_1 (p_era_mean_mm_1981_2025 dataset='era5_yy'; p_era_mean_mm_tower_years window boundary dataset='fluxmet_yy'); spot_check_nine_sites.csv
JP-BBY,era5_yy,data/extracted/JPF_JP-BBY_FLUXNET_2014-2020_v1.3_r1/JPF_JP-BBY_FLUXNET_ERA5_YY_1981-2024_v1.3_r1.csv,JPF_JP-BBY_FLUXNET_ERA5_YY_1981-2024_v1.3_r1.csv,TRUE,2026-06-01T17:12:50,3585,table_1 (p_era_mean_mm_1981_2025 dataset='era5_yy'; p_era_mean_mm_tower_years window boundary dataset='fluxmet_yy'); spot_check_nine_sites.csv
JP-BBY,fluxmet_yy,data/extracted/JPF_JP-BBY_FLUXNET_2014-2020_v1.3_r1/JPF_JP-BBY_FLUXNET_FLUXMET_YY_2014-2020_v1.3_r1.csv,JPF_JP-BBY_FLUXNET_FLUXMET_YY_2014-2020_v1.3_r1.csv,TRUE,2026-06-01T17:12:50,22391,table_1 (p_era_mean_mm_1981_2025 dataset='era5_yy'; p_era_mean_mm_tower_years window boundary dataset='fluxmet_yy'); spot_check_nine_sites.csv
JP-Fhk,era5_yy,data/extracted/JPF_JP-Fhk_FLUXNET_2006-2023_v1.3_r1/JPF_JP-Fhk_FLUXNET_ERA5_YY_1981-2025_v1.3_r1.csv,JPF_JP-Fhk_FLUXNET_ERA5_YY_1981-2025_v1.3_r1.csv,TRUE,2026-06-01T17:12:50,3661,table_1 (p_era_mean_mm_1981_2025 dataset='era5_yy'; p_era_mean_mm_tower_years window boundary dataset='fluxmet_yy'); spot_check_nine_sites.csv
JP-Fhk,fluxmet_yy,data/extracted/JPF_JP-Fhk_FLUXNET_2006-2023_v1.3_r1/JPF_JP-Fhk_FLUXNET_FLUXMET_YY_2006-2023_v1.3_r1.csv,JPF_JP-Fhk_FLUXNET_FLUXMET_YY_2006-2023_v1.3_r1.csv,TRUE,2026-06-01T17:12:50,54039,table_1 (p_era_mean_mm_1981_2025 dataset='era5_yy'; p_era_mean_mm_tower_years window boundary dataset='fluxmet_yy'); spot_check_nine_sites.csv
JP-Fjy,era5_yy,data/extracted/JPF_JP-Fjy_FLUXNET_2001-2021_v1.3_r1/JPF_JP-Fjy_FLUXNET_ERA5_YY_1981-2025_v1.3_r1.csv,JPF_JP-Fjy_FLUXNET_ERA5_YY_1981-2025_v1.3_r1.csv,TRUE,2026-06-01T17:12:50,3663,table_1 (p_era_mean_mm_1981_2025 dataset='era5_yy'; p_era_mean_mm_tower_years window boundary dataset='fluxmet_yy'); spot_check_nine_sites.csv
JP-Fjy,fluxmet_yy,data/extracted/JPF_JP-Fjy_FLUXNET_2001-2021_v1.3_r1/JPF_JP-Fjy_FLUXNET_FLUXMET_YY_2001-2021_v1.3_r1.csv,JPF_JP-Fjy_FLUXNET_FLUXMET_YY_2001-2021_v1.3_r1.csv,TRUE,2026-06-01T17:12:50,60850,table_1 (p_era_mean_mm_1981_2025 dataset='era5_yy'; p_era_mean_mm_tower_years window boundary dataset='fluxmet_yy'); spot_check_nine_sites.csv
JP-Fmt,era5_yy,data/extracted/JPF_JP-Fmt_FLUXNET_2014-2023_v1.3_r1/JPF_JP-Fmt_FLUXNET_ERA5_YY_1981-2024_v1.3_r1.csv,JPF_JP-Fmt_FLUXNET_ERA5_YY_1981-2024_v1.3_r1.csv,TRUE,2026-06-01T17:12:50,3718,table_1 (p_era_mean_mm_1981_2025 dataset='era5_yy'; p_era_mean_mm_tower_years window boundary dataset='fluxmet_yy'); spot_check_nine_sites.csv
JP-Fmt,fluxmet_yy,data/extracted/JPF_JP-Fmt_FLUXNET_2014-2023_v1.3_r1/JPF_JP-Fmt_FLUXNET_FLUXMET_YY_2014-2023_v1.3_r1.csv,JPF_JP-Fmt_FLUXNET_FLUXMET_YY_2014-2023_v1.3_r1.csv,TRUE,2026-06-01T17:12:50,27810,table_1 (p_era_mean_mm_1981_2025 dataset='era5_yy'; p_era_mean_mm_tower_years window boundary dataset='fluxmet_yy'); spot_check_nine_sites.csv
JP-Hc2,era5_yy,data/extracted/JPF_JP-Hc2_FLUXNET_2003-2004_v1.3_r1/JPF_JP-Hc2_FLUXNET_ERA5_YY_1981-2025_v1.3_r1.csv,JPF_JP-Hc2_FLUXNET_ERA5_YY_1981-2025_v1.3_r1.csv,TRUE,2026-06-01T17:12:50,3803,table_1 (p_era_mean_mm_1981_2025 dataset='era5_yy'; p_era_mean_mm_tower_years window boundary dataset='fluxmet_yy'); spot_check_nine_sites.csv
JP-Hc2,fluxmet_yy,data/extracted/JPF_JP-Hc2_FLUXNET_2003-2004_v1.3_r1/JPF_JP-Hc2_FLUXNET_FLUXMET_YY_2003-2004_v1.3_r1.csv,JPF_JP-Hc2_FLUXNET_FLUXMET_YY_2003-2004_v1.3_r1.csv,TRUE,2026-06-01T17:12:50,5327,table_1 (p_era_mean_mm_1981_2025 dataset='era5_yy'; p_era_mean_mm_tower_years window boundary dataset='fluxmet_yy'); spot_check_nine_sites.csv
JP-Hc3,era5_yy,data/extracted/JPF_JP-Hc3_FLUXNET_2005-2008_v1.3_r1/JPF_JP-Hc3_FLUXNET_ERA5_YY_1981-2025_v1.3_r1.csv,JPF_JP-Hc3_FLUXNET_ERA5_YY_1981-2025_v1.3_r1.csv,TRUE,2026-06-01T17:12:50,3812,table_1 (p_era_mean_mm_1981_2025 dataset='era5_yy'; p_era_mean_mm_tower_years window boundary dataset='fluxmet_yy'); spot_check_nine_sites.csv
JP-Hc3,fluxmet_yy,data/extracted/JPF_JP-Hc3_FLUXNET_2005-2008_v1.3_r1/JPF_JP-Hc3_FLUXNET_FLUXMET_YY_2005-2008_v1.3_r1.csv,JPF_JP-Hc3_FLUXNET_FLUXMET_YY_2005-2008_v1.3_r1.csv,TRUE,2026-06-01T17:12:50,14152,table_1 (p_era_mean_mm_1981_2025 dataset='era5_yy'; p_era_mean_mm_tower_years window boundary dataset='fluxmet_yy'); spot_check_nine_sites.csv
JP-KaP,era5_yy,data/extracted/JPF_JP-KaP_FLUXNET_1997-1997_v1.3_r1/JPF_JP-KaP_FLUXNET_ERA5_YY_1981-2025_v1.3_r1.csv,JPF_JP-KaP_FLUXNET_ERA5_YY_1981-2025_v1.3_r1.csv,TRUE,2026-06-01T17:12:50,3799,table_1 (p_era_mean_mm_1981_2025 dataset='era5_yy'; p_era_mean_mm_tower_years window boundary dataset='fluxmet_yy'); spot_check_nine_sites.csv
JP-KaP,fluxmet_yy,data/extracted/JPF_JP-KaP_FLUXNET_1997-1997_v1.3_r1/JPF_JP-KaP_FLUXNET_FLUXMET_YY_1997-1997_v1.3_r1.csv,JPF_JP-KaP_FLUXNET_FLUXMET_YY_1997-1997_v1.3_r1.csv,TRUE,2026-06-01T17:12:50,4106,table_1 (p_era_mean_mm_1981_2025 dataset='era5_yy'; p_era_mean_mm_tower_years window boundary dataset='fluxmet_yy'); spot_check_nine_sites.csv
JP-Khw,era5_yy,data/extracted/JPF_JP-Khw_FLUXNET_2000-2021_v1.3_r1/JPF_JP-Khw_FLUXNET_ERA5_YY_1981-2025_v1.3_r1.csv,JPF_JP-Khw_FLUXNET_ERA5_YY_1981-2025_v1.3_r1.csv,TRUE,2026-06-01T17:12:50,3761,table_1 (p_era_mean_mm_1981_2025 dataset='era5_yy'; p_era_mean_mm_tower_years window boundary dataset='fluxmet_yy'); spot_check_nine_sites.csv
JP-Khw,fluxmet_yy,data/extracted/JPF_JP-Khw_FLUXNET_2000-2021_v1.3_r1/JPF_JP-Khw_FLUXNET_FLUXMET_YY_2000-2021_v1.3_r1.csv,JPF_JP-Khw_FLUXNET_FLUXMET_YY_2000-2021_v1.3_r1.csv,TRUE,2026-06-01T17:12:50,39865,table_1 (p_era_mean_mm_1981_2025 dataset='era5_yy'; p_era_mean_mm_tower_years window boundary dataset='fluxmet_yy'); spot_check_nine_sites.csv
JP-Kzw,era5_yy,data/extracted/JPF_JP-Kzw_FLUXNET_2001-2008_v1.3_r1/JPF_JP-Kzw_FLUXNET_ERA5_YY_1981-2025_v1.3_r1.csv,JPF_JP-Kzw_FLUXNET_ERA5_YY_1981-2025_v1.3_r1.csv,TRUE,2026-06-01T17:12:50,3617,table_1 (p_era_mean_mm_1981_2025 dataset='era5_yy'; p_era_mean_mm_tower_years window boundary dataset='fluxmet_yy'); spot_check_nine_sites.csv
JP-Kzw,fluxmet_yy,data/extracted/JPF_JP-Kzw_FLUXNET_2001-2008_v1.3_r1/JPF_JP-Kzw_FLUXNET_FLUXMET_YY_2001-2008_v1.3_r1.csv,JPF_JP-Kzw_FLUXNET_FLUXMET_YY_2001-2008_v1.3_r1.csv,TRUE,2026-06-01T17:12:50,25301,table_1 (p_era_mean_mm_1981_2025 dataset='era5_yy'; p_era_mean_mm_tower_years window boundary dataset='fluxmet_yy'); spot_check_nine_sites.csv
JP-MBF,era5_yy,data/extracted/JPF_JP-MBF_FLUXNET_2004-2011_v1.3_r1/JPF_JP-MBF_FLUXNET_ERA5_YY_1981-2025_v1.3_r1.csv,JPF_JP-MBF_FLUXNET_ERA5_YY_1981-2025_v1.3_r1.csv,TRUE,2026-06-01T17:12:50,3620,table_1 (p_era_mean_mm_1981_2025 dataset='era5_yy'; p_era_mean_mm_tower_years window boundary dataset='fluxmet_yy'); spot_check_nine_sites.csv
JP-MBF,fluxmet_yy,data/extracted/JPF_JP-MBF_FLUXNET_2004-2011_v1.3_r1/JPF_JP-MBF_FLUXNET_FLUXMET_YY_2004-2011_v1.3_r1.csv,JPF_JP-MBF_FLUXNET_FLUXMET_YY_2004-2011_v1.3_r1.csv,TRUE,2026-06-01T17:12:50,26199,table_1 (p_era_mean_mm_1981_2025 dataset='era5_yy'; p_era_mean_mm_tower_years window boundary dataset='fluxmet_yy'); spot_check_nine_sites.csv
JP-MMF,era5_yy,data/extracted/JPF_JP-MMF_FLUXNET_2004-2011_v1.3_r1/JPF_JP-MMF_FLUXNET_ERA5_YY_1981-2025_v1.3_r1.csv,JPF_JP-MMF_FLUXNET_ERA5_YY_1981-2025_v1.3_r1.csv,TRUE,2026-06-01T17:12:50,3600,table_1 (p_era_mean_mm_1981_2025 dataset='era5_yy'; p_era_mean_mm_tower_years window boundary dataset='fluxmet_yy'); spot_check_nine_sites.csv
JP-MMF,fluxmet_yy,data/extracted/JPF_JP-MMF_FLUXNET_2004-2011_v1.3_r1/JPF_JP-MMF_FLUXNET_FLUXMET_YY_2004-2011_v1.3_r1.csv,JPF_JP-MMF_FLUXNET_FLUXMET_YY_2004-2011_v1.3_r1.csv,TRUE,2026-06-01T17:12:50,25928,table_1 (p_era_mean_mm_1981_2025 dataset='era5_yy'; p_era_mean_mm_tower_years window boundary dataset='fluxmet_yy'); spot_check_nine_sites.csv
JP-Mse,era5_yy,data/extracted/JPF_JP-Mse_FLUXNET_2002-2009_v1.3_r1/JPF_JP-Mse_FLUXNET_ERA5_YY_1981-2025_v1.3_r1.csv,JPF_JP-Mse_FLUXNET_ERA5_YY_1981-2025_v1.3_r1.csv,TRUE,2026-06-01T17:12:50,3812,table_1 (p_era_mean_mm_1981_2025 dataset='era5_yy'; p_era_mean_mm_tower_years window boundary dataset='fluxmet_yy'); spot_check_nine_sites.csv
JP-Mse,fluxmet_yy,data/extracted/JPF_JP-Mse_FLUXNET_2002-2009_v1.3_r1/JPF_JP-Mse_FLUXNET_FLUXMET_YY_2002-2009_v1.3_r1.csv,JPF_JP-Mse_FLUXNET_FLUXMET_YY_2002-2009_v1.3_r1.csv,TRUE,2026-06-01T17:12:50,26289,table_1 (p_era_mean_mm_1981_2025 dataset='era5_yy'; p_era_mean_mm_tower_years window boundary dataset='fluxmet_yy'); spot_check_nine_sites.csv
JP-Nkm,era5_yy,data/extracted/JPF_JP-Nkm_FLUXNET_2018-2024_v1.3_r1/JPF_JP-Nkm_FLUXNET_ERA5_YY_1981-2025_v1.3_r1.csv,JPF_JP-Nkm_FLUXNET_ERA5_YY_1981-2025_v1.3_r1.csv,TRUE,2026-09-01T09:58:30,3714,table_1 (p_era_mean_mm_1981_2025 dataset='era5_yy'; p_era_mean_mm_tower_years window boundary dataset='fluxmet_yy'); spot_check_nine_sites.csv
JP-Nkm,fluxmet_yy,data/extracted/JPF_JP-Nkm_FLUXNET_2018-2024_v1.3_r1/JPF_JP-Nkm_FLUXNET_FLUXMET_YY_2018-2024_v1.3_r1.csv,JPF_JP-Nkm_FLUXNET_FLUXMET_YY_2018-2024_v1.3_r1.csv,TRUE,2026-09-01T09:58:30,12825,table_1 (p_era_mean_mm_1981_2025 dataset='era5_yy'; p_era_mean_mm_tower_years window boundary dataset='fluxmet_yy'); spot_check_nine_sites.csv
JP-NsC,era5_yy,data/extracted/JPF_JP-NsC_FLUXNET_2004-2015_v1.3_r1/JPF_JP-NsC_FLUXNET_ERA5_YY_1981-2025_v1.3_r1.csv,JPF_JP-NsC_FLUXNET_ERA5_YY_1981-2025_v1.3_r1.csv,TRUE,2026-06-01T17:12:50,3747,table_1 (p_era_mean_mm_1981_2025 dataset='era5_yy'; p_era_mean_mm_tower_years window boundary dataset='fluxmet_yy'); spot_check_nine_sites.csv
JP-NsC,fluxmet_yy,data/extracted/JPF_JP-NsC_FLUXNET_2004-2015_v1.3_r1/JPF_JP-NsC_FLUXNET_FLUXMET_YY_2004-2015_v1.3_r1.csv,JPF_JP-NsC_FLUXNET_FLUXMET_YY_2004-2015_v1.3_r1.csv,TRUE,2026-06-01T17:12:50,34244,table_1 (p_era_mean_mm_1981_2025 dataset='era5_yy'; p_era_mean_mm_tower_years window boundary dataset='fluxmet_yy'); spot_check_nine_sites.csv
JP-NsM,era5_yy,data/extracted/JPF_JP-NsM_FLUXNET_2004-2015_v1.3_r1/JPF_JP-NsM_FLUXNET_ERA5_YY_1981-2025_v1.3_r1.csv,JPF_JP-NsM_FLUXNET_ERA5_YY_1981-2025_v1.3_r1.csv,TRUE,2026-06-01T17:12:50,3751,table_1 (p_era_mean_mm_1981_2025 dataset='era5_yy'; p_era_mean_mm_tower_years window boundary dataset='fluxmet_yy'); spot_check_nine_sites.csv
JP-NsM,fluxmet_yy,data/extracted/JPF_JP-NsM_FLUXNET_2004-2015_v1.3_r1/JPF_JP-NsM_FLUXNET_FLUXMET_YY_2004-2015_v1.3_r1.csv,JPF_JP-NsM_FLUXNET_FLUXMET_YY_2004-2015_v1.3_r1.csv,TRUE,2026-06-01T17:12:50,34269,table_1 (p_era_mean_mm_1981_2025 dataset='era5_yy'; p_era_mean_mm_tower_years window boundary dataset='fluxmet_yy'); spot_check_nine_sites.csv
JP-Nuf,era5_yy,data/extracted/JPF_JP-Nuf_FLUXNET_2000-2001_v1.3_r1/JPF_JP-Nuf_FLUXNET_ERA5_YY_1981-2025_v1.3_r1.csv,JPF_JP-Nuf_FLUXNET_ERA5_YY_1981-2025_v1.3_r1.csv,TRUE,2026-06-01T17:12:50,3801,table_1 (p_era_mean_mm_1981_2025 dataset='era5_yy'; p_era_mean_mm_tower_years window boundary dataset='fluxmet_yy'); spot_check_nine_sites.csv
JP-Nuf,fluxmet_yy,data/extracted/JPF_JP-Nuf_FLUXNET_2000-2001_v1.3_r1/JPF_JP-Nuf_FLUXNET_FLUXMET_YY_2000-2001_v1.3_r1.csv,JPF_JP-Nuf_FLUXNET_FLUXMET_YY_2000-2001_v1.3_r1.csv,TRUE,2026-06-01T17:12:50,6363,table_1 (p_era_mean_mm_1981_2025 dataset='era5_yy'; p_era_mean_mm_tower_years window boundary dataset='fluxmet_yy'); spot_check_nine_sites.csv
JP-Om2,era5_yy,data/extracted/JPF_JP-Om2_FLUXNET_2022-2025_v1.3_r1/JPF_JP-Om2_FLUXNET_ERA5_YY_1981-2025_v1.3_r1.csv,JPF_JP-Om2_FLUXNET_ERA5_YY_1981-2025_v1.3_r1.csv,TRUE,2026-09-20T13:04:01,3797,table_1 (p_era_mean_mm_1981_2025 dataset='era5_yy'; p_era_mean_mm_tower_years window boundary dataset='fluxmet_yy'); spot_check_nine_sites.csv
JP-Om2,fluxmet_yy,data/extracted/JPF_JP-Om2_FLUXNET_2022-2025_v1.3_r1/JPF_JP-Om2_FLUXNET_FLUXMET_YY_2022-2025_v1.3_r1.csv,JPF_JP-Om2_FLUXNET_FLUXMET_YY_2022-2025_v1.3_r1.csv,TRUE,2026-09-20T13:04:01,15356,table_1 (p_era_mean_mm_1981_2025 dataset='era5_yy'; p_era_mean_mm_tower_years window boundary dataset='fluxmet_yy'); spot_check_nine_sites.csv
JP-SMF,era5_yy,data/extracted/JPF_JP-SMF_FLUXNET_2002-2014_v1.3_r1/JPF_JP-SMF_FLUXNET_ERA5_YY_1981-2025_v1.3_r1.csv,JPF_JP-SMF_FLUXNET_ERA5_YY_1981-2025_v1.3_r1.csv,TRUE,2026-06-01T17:12:51,3747,table_1 (p_era_mean_mm_1981_2025 dataset='era5_yy'; p_era_mean_mm_tower_years window boundary dataset='fluxmet_yy'); spot_check_nine_sites.csv
JP-SMF,fluxmet_yy,data/extracted/JPF_JP-SMF_FLUXNET_2002-2014_v1.3_r1/JPF_JP-SMF_FLUXNET_FLUXMET_YY_2002-2014_v1.3_r1.csv,JPF_JP-SMF_FLUXNET_FLUXMET_YY_2002-2014_v1.3_r1.csv,TRUE,2026-06-01T17:12:51,39076,table_1 (p_era_mean_mm_1981_2025 dataset='era5_yy'; p_era_mean_mm_tower_years window boundary dataset='fluxmet_yy'); spot_check_nine_sites.csv
JP-Sb1,era5_yy,data/extracted/JPF_JP-Sb1_FLUXNET_2007-2010_v1.3_r1/JPF_JP-Sb1_FLUXNET_ERA5_YY_1981-2025_v1.3_r1.csv,JPF_JP-Sb1_FLUXNET_ERA5_YY_1981-2025_v1.3_r1.csv,TRUE,2026-06-01T17:12:51,3663,table_1 (p_era_mean_mm_1981_2025 dataset='era5_yy'; p_era_mean_mm_tower_years window boundary dataset='fluxmet_yy'); spot_check_nine_sites.csv
JP-Sb1,fluxmet_yy,data/extracted/JPF_JP-Sb1_FLUXNET_2007-2010_v1.3_r1/JPF_JP-Sb1_FLUXNET_FLUXMET_YY_2007-2010_v1.3_r1.csv,JPF_JP-Sb1_FLUXNET_FLUXMET_YY_2007-2010_v1.3_r1.csv,TRUE,2026-06-01T17:12:51,14092,table_1 (p_era_mean_mm_1981_2025 dataset='era5_yy'; p_era_mean_mm_tower_years window boundary dataset='fluxmet_yy'); spot_check_nine_sites.csv
JP-Sb2,era5_yy,data/extracted/JPF_JP-Sb2_FLUXNET_2007-2010_v1.3_r1/JPF_JP-Sb2_FLUXNET_ERA5_YY_1981-2025_v1.3_r1.csv,JPF_JP-Sb2_FLUXNET_ERA5_YY_1981-2025_v1.3_r1.csv,TRUE,2026-06-01T17:12:51,3680,table_1 (p_era_mean_mm_1981_2025 dataset='era5_yy'; p_era_mean_mm_tower_years window boundary dataset='fluxmet_yy'); spot_check_nine_sites.csv
JP-Sb2,fluxmet_yy,data/extracted/JPF_JP-Sb2_FLUXNET_2007-2010_v1.3_r1/JPF_JP-Sb2_FLUXNET_FLUXMET_YY_2007-2010_v1.3_r1.csv,JPF_JP-Sb2_FLUXNET_FLUXMET_YY_2007-2010_v1.3_r1.csv,TRUE,2026-06-01T17:12:51,13936,table_1 (p_era_mean_mm_1981_2025 dataset='era5_yy'; p_era_mean_mm_tower_years window boundary dataset='fluxmet_yy'); spot_check_nine_sites.csv
JP-Shn,era5_yy,data/extracted/JPF_JP-Shn_FLUXNET_2014-2020_v1.3_r1/JPF_JP-Shn_FLUXNET_ERA5_YY_1981-2025_v1.3_r1.csv,JPF_JP-Shn_FLUXNET_ERA5_YY_1981-2025_v1.3_r1.csv,TRUE,2026-06-01T17:12:51,3715,table_1 (p_era_mean_mm_1981_2025 dataset='era5_yy'; p_era_mean_mm_tower_years window boundary dataset='fluxmet_yy'); spot_check_nine_sites.csv
JP-Shn,fluxmet_yy,data/extracted/JPF_JP-Shn_FLUXNET_2014-2020_v1.3_r1/JPF_JP-Shn_FLUXNET_FLUXMET_YY_2014-2020_v1.3_r1.csv,JPF_JP-Shn_FLUXNET_FLUXMET_YY_2014-2020_v1.3_r1.csv,TRUE,2026-06-01T17:12:51,15243,table_1 (p_era_mean_mm_1981_2025 dataset='era5_yy'; p_era_mean_mm_tower_years window boundary dataset='fluxmet_yy'); spot_check_nine_sites.csv
JP-Spp,era5_yy,data/extracted/JPF_JP-Spp_FLUXNET_2000-2018_v1.3_r1/JPF_JP-Spp_FLUXNET_ERA5_YY_1981-2025_v1.3_r1.csv,JPF_JP-Spp_FLUXNET_ERA5_YY_1981-2025_v1.3_r1.csv,TRUE,2026-06-01T17:12:51,3605,table_1 (p_era_mean_mm_1981_2025 dataset='era5_yy'; p_era_mean_mm_tower_years window boundary dataset='fluxmet_yy'); spot_check_nine_sites.csv
JP-Spp,fluxmet_yy,data/extracted/JPF_JP-Spp_FLUXNET_2000-2018_v1.3_r1/JPF_JP-Spp_FLUXNET_FLUXMET_YY_2000-2018_v1.3_r1.csv,JPF_JP-Spp_FLUXNET_FLUXMET_YY_2000-2018_v1.3_r1.csv,TRUE,2026-06-01T17:12:51,57325,table_1 (p_era_mean_mm_1981_2025 dataset='era5_yy'; p_era_mean_mm_tower_years window boundary dataset='fluxmet_yy'); spot_check_nine_sites.csv
JP-Srk,era5_yy,data/extracted/JPF_JP-Srk_FLUXNET_2010-2016_v1.3_r1/JPF_JP-Srk_FLUXNET_ERA5_YY_1981-2025_v1.3_r1.csv,JPF_JP-Srk_FLUXNET_ERA5_YY_1981-2025_v1.3_r1.csv,TRUE,2026-06-01T17:12:51,3627,table_1 (p_era_mean_mm_1981_2025 dataset='era5_yy'; p_era_mean_mm_tower_years window boundary dataset='fluxmet_yy'); spot_check_nine_sites.csv
JP-Srk,fluxmet_yy,data/extracted/JPF_JP-Srk_FLUXNET_2010-2016_v1.3_r1/JPF_JP-Srk_FLUXNET_FLUXMET_YY_2010-2016_v1.3_r1.csv,JPF_JP-Srk_FLUXNET_FLUXMET_YY_2010-2016_v1.3_r1.csv,TRUE,2026-06-01T17:12:51,20454,table_1 (p_era_mean_mm_1981_2025 dataset='era5_yy'; p_era_mean_mm_tower_years window boundary dataset='fluxmet_yy'); spot_check_nine_sites.csv
JP-Ta2,era5_yy,data/extracted/JPF_JP-Ta2_FLUXNET_2005-2015_v1.3_r1/JPF_JP-Ta2_FLUXNET_ERA5_YY_1981-2025_v1.3_r1.csv,JPF_JP-Ta2_FLUXNET_ERA5_YY_1981-2025_v1.3_r1.csv,TRUE,2026-06-01T17:12:51,3660,table_1 (p_era_mean_mm_1981_2025 dataset='era5_yy'; p_era_mean_mm_tower_years window boundary dataset='fluxmet_yy'); spot_check_nine_sites.csv
JP-Ta2,fluxmet_yy,data/extracted/JPF_JP-Ta2_FLUXNET_2005-2015_v1.3_r1/JPF_JP-Ta2_FLUXNET_FLUXMET_YY_2005-2015_v1.3_r1.csv,JPF_JP-Ta2_FLUXNET_FLUXMET_YY_2005-2015_v1.3_r1.csv,TRUE,2026-06-01T17:12:51,33081,table_1 (p_era_mean_mm_1981_2025 dataset='era5_yy'; p_era_mean_mm_tower_years window boundary dataset='fluxmet_yy'); spot_check_nine_sites.csv
JP-Tak,era5_yy,data/extracted/JPF_JP-Tak_FLUXNET_1998-2021_v1.3_r1/JPF_JP-Tak_FLUXNET_ERA5_YY_1981-2025_v1.3_r1.csv,JPF_JP-Tak_FLUXNET_ERA5_YY_1981-2025_v1.3_r1.csv,TRUE,2026-06-01T17:12:51,3642,table_1 (p_era_mean_mm_1981_2025 dataset='era5_yy'; p_era_mean_mm_tower_years window boundary dataset='fluxmet_yy'); spot_check_nine_sites.csv
JP-Tak,fluxmet_yy,data/extracted/JPF_JP-Tak_FLUXNET_1998-2021_v1.3_r1/JPF_JP-Tak_FLUXNET_FLUXMET_YY_1998-2021_v1.3_r1.csv,JPF_JP-Tak_FLUXNET_FLUXMET_YY_1998-2021_v1.3_r1.csv,TRUE,2026-06-01T17:12:51,60065,table_1 (p_era_mean_mm_1981_2025 dataset='era5_yy'; p_era_mean_mm_tower_years window boundary dataset='fluxmet_yy'); spot_check_nine_sites.csv
JP-Tef,era5_yy,data/extracted/JPF_JP-Tef_FLUXNET_2001-2023_v1.3_r1/JPF_JP-Tef_FLUXNET_ERA5_YY_1981-2024_v1.3_r1.csv,JPF_JP-Tef_FLUXNET_ERA5_YY_1981-2024_v1.3_r1.csv,TRUE,2026-06-01T17:12:51,3550,table_1 (p_era_mean_mm_1981_2025 dataset='era5_yy'; p_era_mean_mm_tower_years window boundary dataset='fluxmet_yy'); spot_check_nine_sites.csv
JP-Tef,fluxmet_yy,data/extracted/JPF_JP-Tef_FLUXNET_2001-2023_v1.3_r1/JPF_JP-Tef_FLUXNET_FLUXMET_YY_2001-2023_v1.3_r1.csv,JPF_JP-Tef_FLUXNET_FLUXMET_YY_2001-2023_v1.3_r1.csv,TRUE,2026-06-01T17:12:51,66218,table_1 (p_era_mean_mm_1981_2025 dataset='era5_yy'; p_era_mean_mm_tower_years window boundary dataset='fluxmet_yy'); spot_check_nine_sites.csv
JP-Tgf,era5_yy,data/extracted/JPF_JP-Tgf_FLUXNET_2002-2004_v1.3_r1/JPF_JP-Tgf_FLUXNET_ERA5_YY_1981-2025_v1.3_r1.csv,JPF_JP-Tgf_FLUXNET_ERA5_YY_1981-2025_v1.3_r1.csv,TRUE,2026-09-01T09:58:30,3802,table_1 (p_era_mean_mm_1981_2025 dataset='era5_yy'; p_era_mean_mm_tower_years window boundary dataset='fluxmet_yy'); spot_check_nine_sites.csv
JP-Tgf,fluxmet_yy,data/extracted/JPF_JP-Tgf_FLUXNET_2002-2004_v1.3_r1/JPF_JP-Tgf_FLUXNET_FLUXMET_YY_2002-2004_v1.3_r1.csv,JPF_JP-Tgf_FLUXNET_FLUXMET_YY_2002-2004_v1.3_r1.csv,TRUE,2026-09-01T09:58:30,12533,table_1 (p_era_mean_mm_1981_2025 dataset='era5_yy'; p_era_mean_mm_tower_years window boundary dataset='fluxmet_yy'); spot_check_nine_sites.csv
JP-Tkb,era5_yy,data/extracted/JPF_JP-Tkb_FLUXNET_2018-2019_v1.3_r1/JPF_JP-Tkb_FLUXNET_ERA5_YY_1981-2025_v1.3_r1.csv,JPF_JP-Tkb_FLUXNET_ERA5_YY_1981-2025_v1.3_r1.csv,TRUE,2026-06-01T17:12:51,3799,table_1 (p_era_mean_mm_1981_2025 dataset='era5_yy'; p_era_mean_mm_tower_years window boundary dataset='fluxmet_yy'); spot_check_nine_sites.csv
JP-Tkb,fluxmet_yy,data/extracted/JPF_JP-Tkb_FLUXNET_2018-2019_v1.3_r1/JPF_JP-Tkb_FLUXNET_FLUXMET_YY_2018-2019_v1.3_r1.csv,JPF_JP-Tkb_FLUXNET_FLUXMET_YY_2018-2019_v1.3_r1.csv,TRUE,2026-06-01T17:12:51,5459,table_1 (p_era_mean_mm_1981_2025 dataset='era5_yy'; p_era_mean_mm_tower_years window boundary dataset='fluxmet_yy'); spot_check_nine_sites.csv
JP-Tmd,era5_yy,data/extracted/JPF_JP-Tmd_FLUXNET_2005-2023_v1.3_r1/JPF_JP-Tmd_FLUXNET_ERA5_YY_1981-2024_v1.3_r1.csv,JPF_JP-Tmd_FLUXNET_ERA5_YY_1981-2024_v1.3_r1.csv,TRUE,2026-06-01T17:12:51,3551,table_1 (p_era_mean_mm_1981_2025 dataset='era5_yy'; p_era_mean_mm_tower_years window boundary dataset='fluxmet_yy'); spot_check_nine_sites.csv
JP-Tmd,fluxmet_yy,data/extracted/JPF_JP-Tmd_FLUXNET_2005-2023_v1.3_r1/JPF_JP-Tmd_FLUXNET_FLUXMET_YY_2005-2023_v1.3_r1.csv,JPF_JP-Tmd_FLUXNET_FLUXMET_YY_2005-2023_v1.3_r1.csv,TRUE,2026-06-01T17:12:51,50149,table_1 (p_era_mean_mm_1981_2025 dataset='era5_yy'; p_era_mean_mm_tower_years window boundary dataset='fluxmet_yy'); spot_check_nine_sites.csv
JP-Tmk,era5_yy,data/extracted/JPF_JP-Tmk_FLUXNET_2001-2003_v1.3_r1/JPF_JP-Tmk_FLUXNET_ERA5_YY_1981-2025_v1.3_r1.csv,JPF_JP-Tmk_FLUXNET_ERA5_YY_1981-2025_v1.3_r1.csv,TRUE,2026-06-01T17:12:51,3614,table_1 (p_era_mean_mm_1981_2025 dataset='era5_yy'; p_era_mean_mm_tower_years window boundary dataset='fluxmet_yy'); spot_check_nine_sites.csv
JP-Tmk,fluxmet_yy,data/extracted/JPF_JP-Tmk_FLUXNET_2001-2003_v1.3_r1/JPF_JP-Tmk_FLUXNET_FLUXMET_YY_2001-2003_v1.3_r1.csv,JPF_JP-Tmk_FLUXNET_FLUXMET_YY_2001-2003_v1.3_r1.csv,TRUE,2026-06-01T17:12:51,13282,table_1 (p_era_mean_mm_1981_2025 dataset='era5_yy'; p_era_mean_mm_tower_years window boundary dataset='fluxmet_yy'); spot_check_nine_sites.csv
JP-Toc,era5_yy,data/extracted/JPF_JP-Toc_FLUXNET_2011-2014_v1.3_r1/JPF_JP-Toc_FLUXNET_ERA5_YY_1981-2025_v1.3_r1.csv,JPF_JP-Toc_FLUXNET_ERA5_YY_1981-2025_v1.3_r1.csv,TRUE,2026-06-01T17:12:51,3632,table_1 (p_era_mean_mm_1981_2025 dataset='era5_yy'; p_era_mean_mm_tower_years window boundary dataset='fluxmet_yy'); spot_check_nine_sites.csv
JP-Toc,fluxmet_yy,data/extracted/JPF_JP-Toc_FLUXNET_2011-2014_v1.3_r1/JPF_JP-Toc_FLUXNET_FLUXMET_YY_2011-2014_v1.3_r1.csv,JPF_JP-Toc_FLUXNET_FLUXMET_YY_2011-2014_v1.3_r1.csv,TRUE,2026-06-01T17:12:51,14508,table_1 (p_era_mean_mm_1981_2025 dataset='era5_yy'; p_era_mean_mm_tower_years window boundary dataset='fluxmet_yy'); spot_check_nine_sites.csv
JP-Yms,era5_yy,data/extracted/JPF_JP-Yms_FLUXNET_2000-2023_v1.3_r1/JPF_JP-Yms_FLUXNET_ERA5_YY_1981-2025_v1.3_r1.csv,JPF_JP-Yms_FLUXNET_ERA5_YY_1981-2025_v1.3_r1.csv,TRUE,2026-06-01T17:12:51,3752,table_1 (p_era_mean_mm_1981_2025 dataset='era5_yy'; p_era_mean_mm_tower_years window boundary dataset='fluxmet_yy'); spot_check_nine_sites.csv
JP-Yms,fluxmet_yy,data/extracted/JPF_JP-Yms_FLUXNET_2000-2023_v1.3_r1/JPF_JP-Yms_FLUXNET_FLUXMET_YY_2000-2023_v1.3_r1.csv,JPF_JP-Yms_FLUXNET_FLUXMET_YY_2000-2023_v1.3_r1.csv,TRUE,2026-06-01T17:12:51,58157,table_1 (p_era_mean_mm_1981_2025 dataset='era5_yy'; p_era_mean_mm_tower_years window boundary dataset='fluxmet_yy'); spot_check_nine_sites.csv
JP-Ynf,era5_yy,data/extracted/JPF_JP-Ynf_FLUXNET_2013-2022_v1.3_r1/JPF_JP-Ynf_FLUXNET_ERA5_YY_1981-2025_v1.3_r1.csv,JPF_JP-Ynf_FLUXNET_ERA5_YY_1981-2025_v1.3_r1.csv,TRUE,2026-06-01T17:12:51,3744,table_1 (p_era_mean_mm_1981_2025 dataset='era5_yy'; p_era_mean_mm_tower_years window boundary dataset='fluxmet_yy'); spot_check_nine_sites.csv
JP-Ynf,fluxmet_yy,data/extracted/JPF_JP-Ynf_FLUXNET_2013-2022_v1.3_r1/JPF_JP-Ynf_FLUXNET_FLUXMET_YY_2013-2022_v1.3_r1.csv,JPF_JP-Ynf_FLUXNET_FLUXMET_YY_2013-2022_v1.3_r1.csv,TRUE,2026-06-01T17:12:51,31348,table_1 (p_era_mean_mm_1981_2025 dataset='era5_yy'; p_era_mean_mm_tower_years window boundary dataset='fluxmet_yy'); spot_check_nine_sites.csv
KE-Aq1,era5_yy,data/extracted/FLX_KE-Aq1_FLUXNET_2019-2019_v1.3_r1/FLX_KE-Aq1_FLUXNET_ERA5_YY_1981-2024_v1.3_r1.csv,FLX_KE-Aq1_FLUXNET_ERA5_YY_1981-2024_v1.3_r1.csv,TRUE,2026-06-01T17:12:50,3673,table_1 (p_era_mean_mm_1981_2025 dataset='era5_yy'; p_era_mean_mm_tower_years window boundary dataset='fluxmet_yy'); spot_check_nine_sites.csv
KE-Aq1,fluxmet_yy,data/extracted/FLX_KE-Aq1_FLUXNET_2019-2019_v1.3_r1/FLX_KE-Aq1_FLUXNET_FLUXMET_YY_2019-2019_v1.3_r1.csv,FLX_KE-Aq1_FLUXNET_FLUXMET_YY_2019-2019_v1.3_r1.csv,TRUE,2026-06-01T17:12:50,4184,table_1 (p_era_mean_mm_1981_2025 dataset='era5_yy'; p_era_mean_mm_tower_years window boundary dataset='fluxmet_yy'); spot_check_nine_sites.csv
KE-Aq2,era5_yy,data/extracted/FLX_KE-Aq2_FLUXNET_2022-2024_v1.3_r1/FLX_KE-Aq2_FLUXNET_ERA5_YY_1981-2024_v1.3_r1.csv,FLX_KE-Aq2_FLUXNET_ERA5_YY_1981-2024_v1.3_r1.csv,TRUE,2026-06-01T17:12:50,3675,table_1 (p_era_mean_mm_1981_2025 dataset='era5_yy'; p_era_mean_mm_tower_years window boundary dataset='fluxmet_yy'); spot_check_nine_sites.csv
KE-Aq2,fluxmet_yy,data/extracted/FLX_KE-Aq2_FLUXNET_2022-2024_v1.3_r1/FLX_KE-Aq2_FLUXNET_FLUXMET_YY_2022-2024_v1.3_r1.csv,FLX_KE-Aq2_FLUXNET_FLUXMET_YY_2022-2024_v1.3_r1.csv,TRUE,2026-06-01T17:12:50,11858,table_1 (p_era_mean_mm_1981_2025 dataset='era5_yy'; p_era_mean_mm_tower_years window boundary dataset='fluxmet_yy'); spot_check_nine_sites.csv
KE-Chk,era5_yy,data/extracted/FLX_KE-Chk_FLUXNET_2022-2024_v1.3_r1/FLX_KE-Chk_FLUXNET_ERA5_YY_1981-2025_v1.3_r1.csv,FLX_KE-Chk_FLUXNET_ERA5_YY_1981-2025_v1.3_r1.csv,TRUE,2026-06-01T17:12:50,3711,table_1 (p_era_mean_mm_1981_2025 dataset='era5_yy'; p_era_mean_mm_tower_years window boundary dataset='fluxmet_yy'); spot_check_nine_sites.csv
KE-Chk,fluxmet_yy,data/extracted/FLX_KE-Chk_FLUXNET_2022-2024_v1.3_r1/FLX_KE-Chk_FLUXNET_FLUXMET_YY_2022-2024_v1.3_r1.csv,FLX_KE-Chk_FLUXNET_FLUXMET_YY_2022-2024_v1.3_r1.csv,TRUE,2026-06-01T17:12:50,11644,table_1 (p_era_mean_mm_1981_2025 dataset='era5_yy'; p_era_mean_mm_tower_years window boundary dataset='fluxmet_yy'); spot_check_nine_sites.csv
KE-Kpt,era5_yy,data/extracted/FLX_KE-Kpt_FLUXNET_2018-2024_v1.3_r1/FLX_KE-Kpt_FLUXNET_ERA5_YY_1981-2024_v1.3_r1.csv,FLX_KE-Kpt_FLUXNET_ERA5_YY_1981-2024_v1.3_r1.csv,TRUE,2026-06-01T17:12:50,3676,table_1 (p_era_mean_mm_1981_2025 dataset='era5_yy'; p_era_mean_mm_tower_years window boundary dataset='fluxmet_yy'); spot_check_nine_sites.csv
KE-Kpt,fluxmet_yy,data/extracted/FLX_KE-Kpt_FLUXNET_2018-2024_v1.3_r1/FLX_KE-Kpt_FLUXNET_FLUXMET_YY_2018-2024_v1.3_r1.csv,FLX_KE-Kpt_FLUXNET_FLUXMET_YY_2018-2024_v1.3_r1.csv,TRUE,2026-06-01T17:12:50,21891,table_1 (p_era_mean_mm_1981_2025 dataset='era5_yy'; p_era_mean_mm_tower_years window boundary dataset='fluxmet_yy'); spot_check_nine_sites.csv
KE-Mkt,era5_yy,data/extracted/FLX_KE-Mkt_FLUXNET_2019-2024_v1.3_r1/FLX_KE-Mkt_FLUXNET_ERA5_YY_1981-2025_v1.3_r1.csv,FLX_KE-Mkt_FLUXNET_ERA5_YY_1981-2025_v1.3_r1.csv,TRUE,2026-06-01T17:12:50,3721,table_1 (p_era_mean_mm_1981_2025 dataset='era5_yy'; p_era_mean_mm_tower_years window boundary dataset='fluxmet_yy'); spot_check_nine_sites.csv
KE-Mkt,fluxmet_yy,data/extracted/FLX_KE-Mkt_FLUXNET_2019-2024_v1.3_r1/FLX_KE-Mkt_FLUXNET_FLUXMET_YY_2019-2024_v1.3_r1.csv,FLX_KE-Mkt_FLUXNET_FLUXMET_YY_2019-2024_v1.3_r1.csv,TRUE,2026-06-01T17:12:50,19152,table_1 (p_era_mean_mm_1981_2025 dataset='era5_yy'; p_era_mean_mm_tower_years window boundary dataset='fluxmet_yy'); spot_check_nine_sites.csv
KH-Kmp,era5_yy,data/extracted/JPF_KH-Kmp_FLUXNET_2011-2014_v1.3_r1/JPF_KH-Kmp_FLUXNET_ERA5_YY_1981-2025_v1.3_r1.csv,JPF_KH-Kmp_FLUXNET_ERA5_YY_1981-2025_v1.3_r1.csv,TRUE,2026-06-01T17:12:51,3780,table_1 (p_era_mean_mm_1981_2025 dataset='era5_yy'; p_era_mean_mm_tower_years window boundary dataset='fluxmet_yy'); spot_check_nine_sites.csv
KH-Kmp,fluxmet_yy,data/extracted/JPF_KH-Kmp_FLUXNET_2011-2014_v1.3_r1/JPF_KH-Kmp_FLUXNET_FLUXMET_YY_2011-2014_v1.3_r1.csv,JPF_KH-Kmp_FLUXNET_FLUXMET_YY_2011-2014_v1.3_r1.csv,TRUE,2026-06-01T17:12:51,9825,table_1 (p_era_mean_mm_1981_2025 dataset='era5_yy'; p_era_mean_mm_tower_years window boundary dataset='fluxmet_yy'); spot_check_nine_sites.csv
KR-AdC,era5_yy,data/extracted/KOF_KR-AdC_FLUXNET_2015-2018_v1.3_r1/KOF_KR-AdC_FLUXNET_ERA5_YY_1981-2025_v1.3_r1.csv,KOF_KR-AdC_FLUXNET_ERA5_YY_1981-2025_v1.3_r1.csv,TRUE,2026-06-01T17:12:51,3792,table_1 (p_era_mean_mm_1981_2025 dataset='era5_yy'; p_era_mean_mm_tower_years window boundary dataset='fluxmet_yy'); spot_check_nine_sites.csv
KR-AdC,fluxmet_yy,data/extracted/KOF_KR-AdC_FLUXNET_2015-2018_v1.3_r1/KOF_KR-AdC_FLUXNET_FLUXMET_YY_2015-2018_v1.3_r1.csv,KOF_KR-AdC_FLUXNET_FLUXMET_YY_2015-2018_v1.3_r1.csv,TRUE,2026-06-01T17:12:51,14776,table_1 (p_era_mean_mm_1981_2025 dataset='era5_yy'; p_era_mean_mm_tower_years window boundary dataset='fluxmet_yy'); spot_check_nine_sites.csv
KR-CRK,era5_yy,data/extracted/KOF_KR-CRK_FLUXNET_2015-2021_v1.3_r1/KOF_KR-CRK_FLUXNET_ERA5_YY_1981-2024_v1.3_r1.csv,KOF_KR-CRK_FLUXNET_ERA5_YY_1981-2024_v1.3_r1.csv,TRUE,2026-06-01T17:12:51,3606,table_1 (p_era_mean_mm_1981_2025 dataset='era5_yy'; p_era_mean_mm_tower_years window boundary dataset='fluxmet_yy'); spot_check_nine_sites.csv
KR-CRK,fluxmet_yy,data/extracted/KOF_KR-CRK_FLUXNET_2015-2021_v1.3_r1/KOF_KR-CRK_FLUXNET_FLUXMET_YY_2015-2021_v1.3_r1.csv,KOF_KR-CRK_FLUXNET_FLUXMET_YY_2015-2021_v1.3_r1.csv,TRUE,2026-06-01T17:12:51,23423,table_1 (p_era_mean_mm_1981_2025 dataset='era5_yy'; p_era_mean_mm_tower_years window boundary dataset='fluxmet_yy'); spot_check_nine_sites.csv
KR-CmF,era5_yy,data/extracted/KOF_KR-CmF_FLUXNET_2012-2019_v1.3_r1/KOF_KR-CmF_FLUXNET_ERA5_YY_1981-2024_v1.3_r1.csv,KOF_KR-CmF_FLUXNET_ERA5_YY_1981-2024_v1.3_r1.csv,TRUE,2026-06-01T17:12:51,3609,table_1 (p_era_mean_mm_1981_2025 dataset='era5_yy'; p_era_mean_mm_tower_years window boundary dataset='fluxmet_yy'); spot_check_nine_sites.csv
KR-CmF,fluxmet_yy,data/extracted/KOF_KR-CmF_FLUXNET_2012-2019_v1.3_r1/KOF_KR-CmF_FLUXNET_FLUXMET_YY_2012-2019_v1.3_r1.csv,KOF_KR-CmF_FLUXNET_FLUXMET_YY_2012-2019_v1.3_r1.csv,TRUE,2026-06-01T17:12:51,25078,table_1 (p_era_mean_mm_1981_2025 dataset='era5_yy'; p_era_mean_mm_tower_years window boundary dataset='fluxmet_yy'); spot_check_nine_sites.csv
KR-GmP,era5_yy,data/extracted/KOF_KR-GmP_FLUXNET_2011-2014_v1.3_r1/KOF_KR-GmP_FLUXNET_ERA5_YY_1981-2024_v1.3_r1.csv,KOF_KR-GmP_FLUXNET_ERA5_YY_1981-2024_v1.3_r1.csv,TRUE,2026-06-01T17:12:51,3722,table_1 (p_era_mean_mm_1981_2025 dataset='era5_yy'; p_era_mean_mm_tower_years window boundary dataset='fluxmet_yy'); spot_check_nine_sites.csv
KR-GmP,fluxmet_yy,data/extracted/KOF_KR-GmP_FLUXNET_2011-2014_v1.3_r1/KOF_KR-GmP_FLUXNET_FLUXMET_YY_2011-2014_v1.3_r1.csv,KOF_KR-GmP_FLUXNET_FLUXMET_YY_2011-2014_v1.3_r1.csv,TRUE,2026-06-01T17:12:51,14226,table_1 (p_era_mean_mm_1981_2025 dataset='era5_yy'; p_era_mean_mm_tower_years window boundary dataset='fluxmet_yy'); spot_check_nine_sites.csv
KR-GmR,era5_yy,data/extracted/KOF_KR-GmR_FLUXNET_2017-2019_v1.3_r1/KOF_KR-GmR_FLUXNET_ERA5_YY_1981-2025_v1.3_r1.csv,KOF_KR-GmR_FLUXNET_ERA5_YY_1981-2025_v1.3_r1.csv,TRUE,2026-06-01T17:12:51,3764,table_1 (p_era_mean_mm_1981_2025 dataset='era5_yy'; p_era_mean_mm_tower_years window boundary dataset='fluxmet_yy'); spot_check_nine_sites.csv
KR-GmR,fluxmet_yy,data/extracted/KOF_KR-GmR_FLUXNET_2017-2019_v1.3_r1/KOF_KR-GmR_FLUXNET_FLUXMET_YY_2017-2019_v1.3_r1.csv,KOF_KR-GmR_FLUXNET_FLUXMET_YY_2017-2019_v1.3_r1.csv,TRUE,2026-06-01T17:12:51,12468,table_1 (p_era_mean_mm_1981_2025 dataset='era5_yy'; p_era_mean_mm_tower_years window boundary dataset='fluxmet_yy'); spot_check_nine_sites.csv
KR-GmS,era5_yy,data/extracted/KOF_KR-GmS_FLUXNET_2017-2019_v1.3_r1/KOF_KR-GmS_FLUXNET_ERA5_YY_1981-2025_v1.3_r1.csv,KOF_KR-GmS_FLUXNET_ERA5_YY_1981-2025_v1.3_r1.csv,TRUE,2026-06-01T17:12:51,3788,table_1 (p_era_mean_mm_1981_2025 dataset='era5_yy'; p_era_mean_mm_tower_years window boundary dataset='fluxmet_yy'); spot_check_nine_sites.csv
KR-GmS,fluxmet_yy,data/extracted/KOF_KR-GmS_FLUXNET_2017-2019_v1.3_r1/KOF_KR-GmS_FLUXNET_FLUXMET_YY_2017-2019_v1.3_r1.csv,KOF_KR-GmS_FLUXNET_FLUXMET_YY_2017-2019_v1.3_r1.csv,TRUE,2026-06-01T17:12:51,12759,table_1 (p_era_mean_mm_1981_2025 dataset='era5_yy'; p_era_mean_mm_tower_years window boundary dataset='fluxmet_yy'); spot_check_nine_sites.csv
KR-HPK,era5_yy,data/extracted/KOF_KR-HPK_FLUXNET_2016-2018_v1.3_r1/KOF_KR-HPK_FLUXNET_ERA5_YY_1981-2025_v1.3_r1.csv,KOF_KR-HPK_FLUXNET_ERA5_YY_1981-2025_v1.3_r1.csv,TRUE,2026-06-01T17:17:46,3783,table_1 (p_era_mean_mm_1981_2025 dataset='era5_yy'; p_era_mean_mm_tower_years window boundary dataset='fluxmet_yy'); spot_check_nine_sites.csv
KR-HPK,fluxmet_yy,data/extracted/KOF_KR-HPK_FLUXNET_2016-2018_v1.3_r1/KOF_KR-HPK_FLUXNET_FLUXMET_YY_2016-2018_v1.3_r1.csv,KOF_KR-HPK_FLUXNET_FLUXMET_YY_2016-2018_v1.3_r1.csv,TRUE,2026-06-01T17:17:46,12333,table_1 (p_era_mean_mm_1981_2025 dataset='era5_yy'; p_era_mean_mm_tower_years window boundary dataset='fluxmet_yy'); spot_check_nine_sites.csv
KR-HcM,era5_yy,data/extracted/KOF_KR-HcM_FLUXNET_2015-2018_v1.3_r1/KOF_KR-HcM_FLUXNET_ERA5_YY_1981-2025_v1.3_r1.csv,KOF_KR-HcM_FLUXNET_ERA5_YY_1981-2025_v1.3_r1.csv,TRUE,2026-06-01T17:12:51,3649,table_1 (p_era_mean_mm_1981_2025 dataset='era5_yy'; p_era_mean_mm_tower_years window boundary dataset='fluxmet_yy'); spot_check_nine_sites.csv
KR-HcM,fluxmet_yy,data/extracted/KOF_KR-HcM_FLUXNET_2015-2018_v1.3_r1/KOF_KR-HcM_FLUXNET_FLUXMET_YY_2015-2018_v1.3_r1.csv,KOF_KR-HcM_FLUXNET_FLUXMET_YY_2015-2018_v1.3_r1.csv,TRUE,2026-06-01T17:12:51,14871,table_1 (p_era_mean_mm_1981_2025 dataset='era5_yy'; p_era_mean_mm_tower_years window boundary dataset='fluxmet_yy'); spot_check_nine_sites.csv
KR-Hnm,era5_yy,data/extracted/KOF_KR-Hnm_FLUXNET_2016-2019_v1.3_r1/KOF_KR-Hnm_FLUXNET_ERA5_YY_1981-2024_v1.3_r1.csv,KOF_KR-Hnm_FLUXNET_ERA5_YY_1981-2024_v1.3_r1.csv,TRUE,2026-06-01T17:12:51,3724,table_1 (p_era_mean_mm_1981_2025 dataset='era5_yy'; p_era_mean_mm_tower_years window boundary dataset='fluxmet_yy'); spot_check_nine_sites.csv
KR-Hnm,fluxmet_yy,data/extracted/KOF_KR-Hnm_FLUXNET_2016-2019_v1.3_r1/KOF_KR-Hnm_FLUXNET_FLUXMET_YY_2016-2019_v1.3_r1.csv,KOF_KR-Hnm_FLUXNET_FLUXMET_YY_2016-2019_v1.3_r1.csv,TRUE,2026-06-01T17:12:51,14987,table_1 (p_era_mean_mm_1981_2025 dataset='era5_yy'; p_era_mean_mm_tower_years window boundary dataset='fluxmet_yy'); spot_check_nine_sites.csv
KR-JjM,era5_yy,data/extracted/KOF_KR-JjM_FLUXNET_2015-2018_v1.3_r1/KOF_KR-JjM_FLUXNET_ERA5_YY_1981-2025_v1.3_r1.csv,KOF_KR-JjM_FLUXNET_ERA5_YY_1981-2025_v1.3_r1.csv,TRUE,2026-06-01T17:17:46,3755,table_1 (p_era_mean_mm_1981_2025 dataset='era5_yy'; p_era_mean_mm_tower_years window boundary dataset='fluxmet_yy'); spot_check_nine_sites.csv
KR-JjM,fluxmet_yy,data/extracted/KOF_KR-JjM_FLUXNET_2015-2018_v1.3_r1/KOF_KR-JjM_FLUXNET_FLUXMET_YY_2015-2018_v1.3_r1.csv,KOF_KR-JjM_FLUXNET_FLUXMET_YY_2015-2018_v1.3_r1.csv,TRUE,2026-06-01T17:17:46,15539,table_1 (p_era_mean_mm_1981_2025 dataset='era5_yy'; p_era_mean_mm_tower_years window boundary dataset='fluxmet_yy'); spot_check_nine_sites.csv
KR-Kw1,era5_yy,data/extracted/KOF_KR-Kw1_FLUXNET_2016-2020_v1.3_r1/KOF_KR-Kw1_FLUXNET_ERA5_YY_1981-2024_v1.3_r1.csv,KOF_KR-Kw1_FLUXNET_ERA5_YY_1981-2024_v1.3_r1.csv,TRUE,2026-06-01T17:17:46,3680,table_1 (p_era_mean_mm_1981_2025 dataset='era5_yy'; p_era_mean_mm_tower_years window boundary dataset='fluxmet_yy'); spot_check_nine_sites.csv
KR-Kw1,fluxmet_yy,data/extracted/KOF_KR-Kw1_FLUXNET_2016-2020_v1.3_r1/KOF_KR-Kw1_FLUXNET_FLUXMET_YY_2016-2020_v1.3_r1.csv,KOF_KR-Kw1_FLUXNET_FLUXMET_YY_2016-2020_v1.3_r1.csv,TRUE,2026-06-01T17:17:46,18024,table_1 (p_era_mean_mm_1981_2025 dataset='era5_yy'; p_era_mean_mm_tower_years window boundary dataset='fluxmet_yy'); spot_check_nine_sites.csv
KR-Kw2,era5_yy,data/extracted/KOF_KR-Kw2_FLUXNET_2016-2020_v1.3_r1/KOF_KR-Kw2_FLUXNET_ERA5_YY_1981-2025_v1.3_r1.csv,KOF_KR-Kw2_FLUXNET_ERA5_YY_1981-2025_v1.3_r1.csv,TRUE,2026-06-01T17:17:46,3703,table_1 (p_era_mean_mm_1981_2025 dataset='era5_yy'; p_era_mean_mm_tower_years window boundary dataset='fluxmet_yy'); spot_check_nine_sites.csv
KR-Kw2,fluxmet_yy,data/extracted/KOF_KR-Kw2_FLUXNET_2016-2020_v1.3_r1/KOF_KR-Kw2_FLUXNET_FLUXMET_YY_2016-2020_v1.3_r1.csv,KOF_KR-Kw2_FLUXNET_FLUXMET_YY_2016-2020_v1.3_r1.csv,TRUE,2026-06-01T17:17:46,17820,table_1 (p_era_mean_mm_1981_2025 dataset='era5_yy'; p_era_mean_mm_tower_years window boundary dataset='fluxmet_yy'); spot_check_nine_sites.csv
KR-Nj1,era5_yy,data/extracted/KOF_KR-Nj1_FLUXNET_2023-2024_v1.3_r1/KOF_KR-Nj1_FLUXNET_ERA5_YY_1981-2024_v1.3_r1.csv,KOF_KR-Nj1_FLUXNET_ERA5_YY_1981-2024_v1.3_r1.csv,TRUE,2026-06-01T17:17:46,3732,table_1 (p_era_mean_mm_1981_2025 dataset='era5_yy'; p_era_mean_mm_tower_years window boundary dataset='fluxmet_yy'); spot_check_nine_sites.csv
KR-Nj1,fluxmet_yy,data/extracted/KOF_KR-Nj1_FLUXNET_2023-2024_v1.3_r1/KOF_KR-Nj1_FLUXNET_FLUXMET_YY_2023-2024_v1.3_r1.csv,KOF_KR-Nj1_FLUXNET_FLUXMET_YY_2023-2024_v1.3_r1.csv,TRUE,2026-06-01T17:17:46,5840,table_1 (p_era_mean_mm_1981_2025 dataset='era5_yy'; p_era_mean_mm_tower_years window boundary dataset='fluxmet_yy'); spot_check_nine_sites.csv
KR-Nj2,era5_yy,data/extracted/KOF_KR-Nj2_FLUXNET_2023-2024_v1.3_r1/KOF_KR-Nj2_FLUXNET_ERA5_YY_1981-2025_v1.3_r1.csv,KOF_KR-Nj2_FLUXNET_ERA5_YY_1981-2025_v1.3_r1.csv,TRUE,2026-06-01T17:17:46,3798,table_1 (p_era_mean_mm_1981_2025 dataset='era5_yy'; p_era_mean_mm_tower_years window boundary dataset='fluxmet_yy'); spot_check_nine_sites.csv
KR-Nj2,fluxmet_yy,data/extracted/KOF_KR-Nj2_FLUXNET_2023-2024_v1.3_r1/KOF_KR-Nj2_FLUXNET_FLUXMET_YY_2023-2024_v1.3_r1.csv,KOF_KR-Nj2_FLUXNET_FLUXMET_YY_2023-2024_v1.3_r1.csv,TRUE,2026-06-01T17:17:46,6054,table_1 (p_era_mean_mm_1981_2025 dataset='era5_yy'; p_era_mean_mm_tower_years window boundary dataset='fluxmet_yy'); spot_check_nine_sites.csv
KR-PcD,era5_yy,data/extracted/KOF_KR-PcD_FLUXNET_2015-2018_v1.3_r1/KOF_KR-PcD_FLUXNET_ERA5_YY_1981-2025_v1.3_r1.csv,KOF_KR-PcD_FLUXNET_ERA5_YY_1981-2025_v1.3_r1.csv,TRUE,2026-06-01T17:17:46,3599,table_1 (p_era_mean_mm_1981_2025 dataset='era5_yy'; p_era_mean_mm_tower_years window boundary dataset='fluxmet_yy'); spot_check_nine_sites.csv
KR-PcD,fluxmet_yy,data/extracted/KOF_KR-PcD_FLUXNET_2015-2018_v1.3_r1/KOF_KR-PcD_FLUXNET_FLUXMET_YY_2015-2018_v1.3_r1.csv,KOF_KR-PcD_FLUXNET_FLUXMET_YY_2015-2018_v1.3_r1.csv,TRUE,2026-06-01T17:17:46,15455,table_1 (p_era_mean_mm_1981_2025 dataset='era5_yy'; p_era_mean_mm_tower_years window boundary dataset='fluxmet_yy'); spot_check_nine_sites.csv
KR-ScC,era5_yy,data/extracted/KOF_KR-ScC_FLUXNET_2015-2018_v1.3_r1/KOF_KR-ScC_FLUXNET_ERA5_YY_1981-2025_v1.3_r1.csv,KOF_KR-ScC_FLUXNET_ERA5_YY_1981-2025_v1.3_r1.csv,TRUE,2026-06-01T17:17:46,3742,table_1 (p_era_mean_mm_1981_2025 dataset='era5_yy'; p_era_mean_mm_tower_years window boundary dataset='fluxmet_yy'); spot_check_nine_sites.csv
KR-ScC,fluxmet_yy,data/extracted/KOF_KR-ScC_FLUXNET_2015-2018_v1.3_r1/KOF_KR-ScC_FLUXNET_FLUXMET_YY_2015-2018_v1.3_r1.csv,KOF_KR-ScC_FLUXNET_FLUXMET_YY_2015-2018_v1.3_r1.csv,TRUE,2026-06-01T17:17:46,15263,table_1 (p_era_mean_mm_1981_2025 dataset='era5_yy'; p_era_mean_mm_tower_years window boundary dataset='fluxmet_yy'); spot_check_nine_sites.csv
KR-SmM,era5_yy,data/extracted/KOF_KR-SmM_FLUXNET_2015-2021_v1.3_r1/KOF_KR-SmM_FLUXNET_ERA5_YY_1981-2024_v1.3_r1.csv,KOF_KR-SmM_FLUXNET_ERA5_YY_1981-2024_v1.3_r1.csv,TRUE,2026-06-01T17:17:46,3601,table_1 (p_era_mean_mm_1981_2025 dataset='era5_yy'; p_era_mean_mm_tower_years window boundary dataset='fluxmet_yy'); spot_check_nine_sites.csv
KR-SmM,fluxmet_yy,data/extracted/KOF_KR-SmM_FLUXNET_2015-2021_v1.3_r1/KOF_KR-SmM_FLUXNET_FLUXMET_YY_2015-2021_v1.3_r1.csv,KOF_KR-SmM_FLUXNET_FLUXMET_YY_2015-2021_v1.3_r1.csv,TRUE,2026-06-01T17:17:46,21354,table_1 (p_era_mean_mm_1981_2025 dataset='era5_yy'; p_era_mean_mm_tower_years window boundary dataset='fluxmet_yy'); spot_check_nine_sites.csv
KR-TwB,era5_yy,data/extracted/KOF_KR-TwB_FLUXNET_2024-2024_v1.3_r1/KOF_KR-TwB_FLUXNET_ERA5_YY_1981-2024_v1.3_r1.csv,KOF_KR-TwB_FLUXNET_ERA5_YY_1981-2024_v1.3_r1.csv,TRUE,2026-06-01T17:17:46,3672,table_1 (p_era_mean_mm_1981_2025 dataset='era5_yy'; p_era_mean_mm_tower_years window boundary dataset='fluxmet_yy'); spot_check_nine_sites.csv
KR-TwB,fluxmet_yy,data/extracted/KOF_KR-TwB_FLUXNET_2024-2024_v1.3_r1/KOF_KR-TwB_FLUXNET_FLUXMET_YY_2024-2024_v1.3_r1.csv,KOF_KR-TwB_FLUXNET_FLUXMET_YY_2024-2024_v1.3_r1.csv,TRUE,2026-06-01T17:17:46,4309,table_1 (p_era_mean_mm_1981_2025 dataset='era5_yy'; p_era_mean_mm_tower_years window boundary dataset='fluxmet_yy'); spot_check_nine_sites.csv
KR-TwC,era5_yy,data/extracted/KOF_KR-TwC_FLUXNET_2024-2024_v1.3_r1/KOF_KR-TwC_FLUXNET_ERA5_YY_1981-2024_v1.3_r1.csv,KOF_KR-TwC_FLUXNET_ERA5_YY_1981-2024_v1.3_r1.csv,TRUE,2026-06-01T17:17:46,3654,table_1 (p_era_mean_mm_1981_2025 dataset='era5_yy'; p_era_mean_mm_tower_years window boundary dataset='fluxmet_yy'); spot_check_nine_sites.csv
KR-TwC,fluxmet_yy,data/extracted/KOF_KR-TwC_FLUXNET_2024-2024_v1.3_r1/KOF_KR-TwC_FLUXNET_FLUXMET_YY_2024-2024_v1.3_r1.csv,KOF_KR-TwC_FLUXNET_FLUXMET_YY_2024-2024_v1.3_r1.csv,TRUE,2026-06-01T17:17:46,4332,table_1 (p_era_mean_mm_1981_2025 dataset='era5_yy'; p_era_mean_mm_tower_years window boundary dataset='fluxmet_yy'); spot_check_nine_sites.csv
KR-UAO,era5_yy,data/extracted/KOF_KR-UAO_FLUXNET_2017-2019_v1.3_r1/KOF_KR-UAO_FLUXNET_ERA5_YY_1981-2025_v1.3_r1.csv,KOF_KR-UAO_FLUXNET_ERA5_YY_1981-2025_v1.3_r1.csv,TRUE,2026-06-01T17:17:46,3694,table_1 (p_era_mean_mm_1981_2025 dataset='era5_yy'; p_era_mean_mm_tower_years window boundary dataset='fluxmet_yy'); spot_check_nine_sites.csv
KR-UAO,fluxmet_yy,data/extracted/KOF_KR-UAO_FLUXNET_2017-2019_v1.3_r1/KOF_KR-UAO_FLUXNET_FLUXMET_YY_2017-2019_v1.3_r1.csv,KOF_KR-UAO_FLUXNET_FLUXMET_YY_2017-2019_v1.3_r1.csv,TRUE,2026-06-01T17:17:46,12391,table_1 (p_era_mean_mm_1981_2025 dataset='era5_yy'; p_era_mean_mm_tower_years window boundary dataset='fluxmet_yy'); spot_check_nine_sites.csv
KR-WdE,era5_yy,data/extracted/KOF_KR-WdE_FLUXNET_2015-2018_v1.3_r1/KOF_KR-WdE_FLUXNET_ERA5_YY_1981-2025_v1.3_r1.csv,KOF_KR-WdE_FLUXNET_ERA5_YY_1981-2025_v1.3_r1.csv,TRUE,2026-06-01T17:17:46,3742,table_1 (p_era_mean_mm_1981_2025 dataset='era5_yy'; p_era_mean_mm_tower_years window boundary dataset='fluxmet_yy'); spot_check_nine_sites.csv
KR-WdE,fluxmet_yy,data/extracted/KOF_KR-WdE_FLUXNET_2015-2018_v1.3_r1/KOF_KR-WdE_FLUXNET_FLUXMET_YY_2015-2018_v1.3_r1.csv,KOF_KR-WdE_FLUXNET_FLUXMET_YY_2015-2018_v1.3_r1.csv,TRUE,2026-06-01T17:17:46,14964,table_1 (p_era_mean_mm_1981_2025 dataset='era5_yy'; p_era_mean_mm_tower_years window boundary dataset='fluxmet_yy'); spot_check_nine_sites.csv
ML-Kem,era5_yy,data/extracted/FLX_ML-Kem_FLUXNET_2007-2009_v1.3_r1/FLX_ML-Kem_FLUXNET_ERA5_YY_1981-2025_v1.3_r1.csv,FLX_ML-Kem_FLUXNET_ERA5_YY_1981-2025_v1.3_r1.csv,TRUE,2026-06-01T17:17:46,3764,table_1 (p_era_mean_mm_1981_2025 dataset='era5_yy'; p_era_mean_mm_tower_years window boundary dataset='fluxmet_yy'); spot_check_nine_sites.csv
ML-Kem,fluxmet_yy,data/extracted/FLX_ML-Kem_FLUXNET_2007-2009_v1.3_r1/FLX_ML-Kem_FLUXNET_FLUXMET_YY_2007-2009_v1.3_r1.csv,FLX_ML-Kem_FLUXNET_FLUXMET_YY_2007-2009_v1.3_r1.csv,TRUE,2026-06-01T17:17:46,11853,table_1 (p_era_mean_mm_1981_2025 dataset='era5_yy'; p_era_mean_mm_tower_years window boundary dataset='fluxmet_yy'); spot_check_nine_sites.csv
MN-Hst,era5_yy,data/extracted/JPF_MN-Hst_FLUXNET_2015-2020_v1.3_r1/JPF_MN-Hst_FLUXNET_ERA5_YY_1981-2025_v1.3_r1.csv,JPF_MN-Hst_FLUXNET_ERA5_YY_1981-2025_v1.3_r1.csv,TRUE,2026-06-01T17:17:46,3645,table_1 (p_era_mean_mm_1981_2025 dataset='era5_yy'; p_era_mean_mm_tower_years window boundary dataset='fluxmet_yy'); spot_check_nine_sites.csv
MN-Hst,fluxmet_yy,data/extracted/JPF_MN-Hst_FLUXNET_2015-2020_v1.3_r1/JPF_MN-Hst_FLUXNET_FLUXMET_YY_2015-2020_v1.3_r1.csv,JPF_MN-Hst_FLUXNET_FLUXMET_YY_2015-2020_v1.3_r1.csv,TRUE,2026-06-01T17:17:46,19578,table_1 (p_era_mean_mm_1981_2025 dataset='era5_yy'; p_era_mean_mm_tower_years window boundary dataset='fluxmet_yy'); spot_check_nine_sites.csv
MN-Kbu,era5_yy,data/extracted/JPF_MN-Kbu_FLUXNET_2003-2008_v1.3_r1/JPF_MN-Kbu_FLUXNET_ERA5_YY_1981-2025_v1.3_r1.csv,JPF_MN-Kbu_FLUXNET_ERA5_YY_1981-2025_v1.3_r1.csv,TRUE,2026-06-01T17:17:46,3686,table_1 (p_era_mean_mm_1981_2025 dataset='era5_yy'; p_era_mean_mm_tower_years window boundary dataset='fluxmet_yy'); spot_check_nine_sites.csv
MN-Kbu,fluxmet_yy,data/extracted/JPF_MN-Kbu_FLUXNET_2003-2008_v1.3_r1/JPF_MN-Kbu_FLUXNET_FLUXMET_YY_2003-2008_v1.3_r1.csv,JPF_MN-Kbu_FLUXNET_FLUXMET_YY_2003-2008_v1.3_r1.csv,TRUE,2026-06-01T17:17:46,20250,table_1 (p_era_mean_mm_1981_2025 dataset='era5_yy'; p_era_mean_mm_tower_years window boundary dataset='fluxmet_yy'); spot_check_nine_sites.csv
MN-Nkh,era5_yy,data/extracted/JPF_MN-Nkh_FLUXNET_2015-2020_v1.3_r1/JPF_MN-Nkh_FLUXNET_ERA5_YY_1981-2025_v1.3_r1.csv,JPF_MN-Nkh_FLUXNET_ERA5_YY_1981-2025_v1.3_r1.csv,TRUE,2026-06-01T17:17:46,3757,table_1 (p_era_mean_mm_1981_2025 dataset='era5_yy'; p_era_mean_mm_tower_years window boundary dataset='fluxmet_yy'); spot_check_nine_sites.csv
MN-Nkh,fluxmet_yy,data/extracted/JPF_MN-Nkh_FLUXNET_2015-2020_v1.3_r1/JPF_MN-Nkh_FLUXNET_FLUXMET_YY_2015-2020_v1.3_r1.csv,JPF_MN-Nkh_FLUXNET_FLUXMET_YY_2015-2020_v1.3_r1.csv,TRUE,2026-06-01T17:17:46,19900,table_1 (p_era_mean_mm_1981_2025 dataset='era5_yy'; p_era_mean_mm_tower_years window boundary dataset='fluxmet_yy'); spot_check_nine_sites.csv
MN-Udg,era5_yy,data/extracted/JPF_MN-Udg_FLUXNET_2010-2012_v1.3_r1/JPF_MN-Udg_FLUXNET_ERA5_YY_1981-2025_v1.3_r1.csv,JPF_MN-Udg_FLUXNET_ERA5_YY_1981-2025_v1.3_r1.csv,TRUE,2026-06-01T17:17:46,3679,table_1 (p_era_mean_mm_1981_2025 dataset='era5_yy'; p_era_mean_mm_tower_years window boundary dataset='fluxmet_yy'); spot_check_nine_sites.csv
MN-Udg,fluxmet_yy,data/extracted/JPF_MN-Udg_FLUXNET_2010-2012_v1.3_r1/JPF_MN-Udg_FLUXNET_FLUXMET_YY_2010-2012_v1.3_r1.csv,JPF_MN-Udg_FLUXNET_FLUXMET_YY_2010-2012_v1.3_r1.csv,TRUE,2026-06-01T17:17:46,12386,table_1 (p_era_mean_mm_1981_2025 dataset='era5_yy'; p_era_mean_mm_tower_years window boundary dataset='fluxmet_yy'); spot_check_nine_sites.csv
MX-Aog,era5_yy,data/extracted/AMF_MX-Aog_FLUXNET_2016-2018_v1.3_r1/AMF_MX-Aog_FLUXNET_ERA5_YY_1981-2025_v1.3_r1.csv,AMF_MX-Aog_FLUXNET_ERA5_YY_1981-2025_v1.3_r1.csv,TRUE,2026-06-01T16:37:39,3756,table_1 (p_era_mean_mm_1981_2025 dataset='era5_yy'; p_era_mean_mm_tower_years window boundary dataset='fluxmet_yy'); spot_check_nine_sites.csv
MX-Aog,fluxmet_yy,data/extracted/AMF_MX-Aog_FLUXNET_2016-2018_v1.3_r1/AMF_MX-Aog_FLUXNET_FLUXMET_YY_2016-2018_v1.3_r1.csv,AMF_MX-Aog_FLUXNET_FLUXMET_YY_2016-2018_v1.3_r1.csv,TRUE,2026-06-01T16:37:39,12361,table_1 (p_era_mean_mm_1981_2025 dataset='era5_yy'; p_era_mean_mm_tower_years window boundary dataset='fluxmet_yy'); spot_check_nine_sites.csv
MX-PMm,era5_yy,data/extracted/AMF_MX-PMm_FLUXNET_2017-2018_v1.3_r1/AMF_MX-PMm_FLUXNET_ERA5_YY_1981-2025_v1.3_r1.csv,AMF_MX-PMm_FLUXNET_ERA5_YY_1981-2025_v1.3_r1.csv,TRUE,2026-06-01T16:37:39,3811,table_1 (p_era_mean_mm_1981_2025 dataset='era5_yy'; p_era_mean_mm_tower_years window boundary dataset='fluxmet_yy'); spot_check_nine_sites.csv
MX-PMm,fluxmet_yy,data/extracted/AMF_MX-PMm_FLUXNET_2017-2018_v1.3_r1/AMF_MX-PMm_FLUXNET_FLUXMET_YY_2017-2018_v1.3_r1.csv,AMF_MX-PMm_FLUXNET_FLUXMET_YY_2017-2018_v1.3_r1.csv,TRUE,2026-06-01T16:37:39,5631,table_1 (p_era_mean_mm_1981_2025 dataset='era5_yy'; p_era_mean_mm_tower_years window boundary dataset='fluxmet_yy'); spot_check_nine_sites.csv
MX-Tes,era5_yy,data/extracted/AMF_MX-Tes_FLUXNET_2004-2008_v1.3_r1/AMF_MX-Tes_FLUXNET_ERA5_YY_1981-2024_v1.3_r1.csv,AMF_MX-Tes_FLUXNET_ERA5_YY_1981-2024_v1.3_r1.csv,TRUE,2026-06-01T16:37:39,3679,table_1 (p_era_mean_mm_1981_2025 dataset='era5_yy'; p_era_mean_mm_tower_years window boundary dataset='fluxmet_yy'); spot_check_nine_sites.csv
MX-Tes,fluxmet_yy,data/extracted/AMF_MX-Tes_FLUXNET_2004-2008_v1.3_r1/AMF_MX-Tes_FLUXNET_FLUXMET_YY_2004-2008_v1.3_r1.csv,AMF_MX-Tes_FLUXNET_FLUXMET_YY_2004-2008_v1.3_r1.csv,TRUE,2026-06-01T16:37:39,17470,table_1 (p_era_mean_mm_1981_2025 dataset='era5_yy'; p_era_mean_mm_tower_years window boundary dataset='fluxmet_yy'); spot_check_nine_sites.csv
MY-LHP,era5_yy,data/extracted/JPF_MY-LHP_FLUXNET_2009-2019_v1.3_r1/JPF_MY-LHP_FLUXNET_ERA5_YY_1981-2024_v1.3_r1.csv,JPF_MY-LHP_FLUXNET_ERA5_YY_1981-2024_v1.3_r1.csv,TRUE,2026-09-20T08:08:10,3709,table_1 (p_era_mean_mm_1981_2025 dataset='era5_yy'; p_era_mean_mm_tower_years window boundary dataset='fluxmet_yy'); spot_check_nine_sites.csv
MY-LHP,fluxmet_yy,data/extracted/JPF_MY-LHP_FLUXNET_2009-2019_v1.3_r1/JPF_MY-LHP_FLUXNET_FLUXMET_YY_2009-2019_v1.3_r1.csv,JPF_MY-LHP_FLUXNET_FLUXMET_YY_2009-2019_v1.3_r1.csv,TRUE,2026-09-20T08:08:10,30197,table_1 (p_era_mean_mm_1981_2025 dataset='era5_yy'; p_era_mean_mm_tower_years window boundary dataset='fluxmet_yy'); spot_check_nine_sites.csv
NL-Hrw,era5_yy,data/extracted/EUF_NL-Hrw_FLUXNET_2001-2010_v1.3_r2/EUF_NL-Hrw_FLUXNET_ERA5_YY_1981-2025_v1.3_r2.csv,EUF_NL-Hrw_FLUXNET_ERA5_YY_1981-2025_v1.3_r2.csv,TRUE,2026-06-01T17:17:45,3708,table_1 (p_era_mean_mm_1981_2025 dataset='era5_yy'; p_era_mean_mm_tower_years window boundary dataset='fluxmet_yy'); spot_check_nine_sites.csv
NL-Hrw,fluxmet_yy,data/extracted/EUF_NL-Hrw_FLUXNET_2001-2010_v1.3_r2/EUF_NL-Hrw_FLUXNET_FLUXMET_YY_2001-2010_v1.3_r2.csv,EUF_NL-Hrw_FLUXNET_FLUXMET_YY_2001-2010_v1.3_r2.csv,TRUE,2026-06-01T17:17:45,28779,table_1 (p_era_mean_mm_1981_2025 dataset='era5_yy'; p_era_mean_mm_tower_years window boundary dataset='fluxmet_yy'); spot_check_nine_sites.csv
NL-Loo,era5_yy,data/extracted/ICOS_NL-Loo_FLUXNET_1997-2025_v1.3_r1/ICOS_NL-Loo_FLUXNET_ERA5_YY_1981-2025_v1.3_r1.csv,ICOS_NL-Loo_FLUXNET_ERA5_YY_1981-2025_v1.3_r1.csv,TRUE,2026-09-20T13:04:01,3714,table_1 (p_era_mean_mm_1981_2025 dataset='era5_yy'; p_era_mean_mm_tower_years window boundary dataset='fluxmet_yy'); spot_check_nine_sites.csv
NL-Loo,fluxmet_yy,data/extracted/ICOS_NL-Loo_FLUXNET_1997-2025_v1.3_r1/ICOS_NL-Loo_FLUXNET_FLUXMET_YY_1997-2025_v1.3_r1.csv,ICOS_NL-Loo_FLUXNET_FLUXMET_YY_1997-2025_v1.3_r1.csv,TRUE,2026-09-20T13:04:01,85700,table_1 (p_era_mean_mm_1981_2025 dataset='era5_yy'; p_era_mean_mm_tower_years window boundary dataset='fluxmet_yy'); spot_check_nine_sites.csv
NL-Vkp,era5_yy,data/extracted/EUF_NL-Vkp_FLUXNET_2014-2025_v1.3_r1/EUF_NL-Vkp_FLUXNET_ERA5_YY_1981-2026_v1.3_r1.csv,EUF_NL-Vkp_FLUXNET_ERA5_YY_1981-2026_v1.3_r1.csv,TRUE,2026-09-20T10:54:57,3766,table_1 (p_era_mean_mm_1981_2025 dataset='era5_yy'; p_era_mean_mm_tower_years window boundary dataset='fluxmet_yy'); spot_check_nine_sites.csv
NL-Vkp,fluxmet_yy,data/extracted/EUF_NL-Vkp_FLUXNET_2014-2025_v1.3_r1/EUF_NL-Vkp_FLUXNET_FLUXMET_YY_2014-2025_v1.3_r1.csv,EUF_NL-Vkp_FLUXNET_FLUXMET_YY_2014-2025_v1.3_r1.csv,TRUE,2026-09-20T10:54:57,37185,table_1 (p_era_mean_mm_1981_2025 dataset='era5_yy'; p_era_mean_mm_tower_years window boundary dataset='fluxmet_yy'); spot_check_nine_sites.csv
NO-And,era5_yy,data/extracted/EUF_NO-And_FLUXNET_2008-2014_v1.3_r1/EUF_NO-And_FLUXNET_ERA5_YY_1981-2025_v1.3_r1.csv,EUF_NO-And_FLUXNET_ERA5_YY_1981-2025_v1.3_r1.csv,TRUE,2026-06-01T17:17:45,3660,table_1 (p_era_mean_mm_1981_2025 dataset='era5_yy'; p_era_mean_mm_tower_years window boundary dataset='fluxmet_yy'); spot_check_nine_sites.csv
NO-And,fluxmet_yy,data/extracted/EUF_NO-And_FLUXNET_2008-2014_v1.3_r1/EUF_NO-And_FLUXNET_FLUXMET_YY_2008-2014_v1.3_r1.csv,EUF_NO-And_FLUXNET_FLUXMET_YY_2008-2014_v1.3_r1.csv,TRUE,2026-06-01T17:17:45,22965,table_1 (p_era_mean_mm_1981_2025 dataset='era5_yy'; p_era_mean_mm_tower_years window boundary dataset='fluxmet_yy'); spot_check_nine_sites.csv
NO-Fns,era5_yy,data/extracted/EUF_NO-Fns_FLUXNET_2017-2024_v1.3_r1/EUF_NO-Fns_FLUXNET_ERA5_YY_1981-2024_v1.3_r1.csv,EUF_NO-Fns_FLUXNET_ERA5_YY_1981-2024_v1.3_r1.csv,TRUE,2026-06-01T17:17:45,3660,table_1 (p_era_mean_mm_1981_2025 dataset='era5_yy'; p_era_mean_mm_tower_years window boundary dataset='fluxmet_yy'); spot_check_nine_sites.csv
NO-Fns,fluxmet_yy,data/extracted/EUF_NO-Fns_FLUXNET_2017-2024_v1.3_r1/EUF_NO-Fns_FLUXNET_FLUXMET_YY_2017-2024_v1.3_r1.csv,EUF_NO-Fns_FLUXNET_FLUXMET_YY_2017-2024_v1.3_r1.csv,TRUE,2026-06-01T17:17:45,24250,table_1 (p_era_mean_mm_1981_2025 dataset='era5_yy'; p_era_mean_mm_tower_years window boundary dataset='fluxmet_yy'); spot_check_nine_sites.csv
NO-Hur,era5_yy,data/extracted/ICOS_NO-Hur_FLUXNET_2023-2024_v1.3_r2/ICOS_NO-Hur_FLUXNET_ERA5_YY_1981-2025_v1.3_r2.csv,ICOS_NO-Hur_FLUXNET_ERA5_YY_1981-2025_v1.3_r2.csv,TRUE,2026-06-01T17:17:46,3588,table_1 (p_era_mean_mm_1981_2025 dataset='era5_yy'; p_era_mean_mm_tower_years window boundary dataset='fluxmet_yy'); spot_check_nine_sites.csv
NO-Hur,fluxmet_yy,data/extracted/ICOS_NO-Hur_FLUXNET_2023-2024_v1.3_r2/ICOS_NO-Hur_FLUXNET_FLUXMET_YY_2023-2024_v1.3_r2.csv,ICOS_NO-Hur_FLUXNET_FLUXMET_YY_2023-2024_v1.3_r2.csv,TRUE,2026-06-01T17:17:46,5737,table_1 (p_era_mean_mm_1981_2025 dataset='era5_yy'; p_era_mean_mm_tower_years window boundary dataset='fluxmet_yy'); spot_check_nine_sites.csv
NO-Ikr,era5_yy,data/extracted/EUF_NO-Ikr_FLUXNET_2019-2022_v1.3_r1/EUF_NO-Ikr_FLUXNET_ERA5_YY_1981-2024_v1.3_r1.csv,EUF_NO-Ikr_FLUXNET_ERA5_YY_1981-2024_v1.3_r1.csv,TRUE,2026-06-01T17:17:45,3590,table_1 (p_era_mean_mm_1981_2025 dataset='era5_yy'; p_era_mean_mm_tower_years window boundary dataset='fluxmet_yy'); spot_check_nine_sites.csv
NO-Ikr,fluxmet_yy,data/extracted/EUF_NO-Ikr_FLUXNET_2019-2022_v1.3_r1/EUF_NO-Ikr_FLUXNET_FLUXMET_YY_2019-2022_v1.3_r1.csv,EUF_NO-Ikr_FLUXNET_FLUXMET_YY_2019-2022_v1.3_r1.csv,TRUE,2026-06-01T17:17:45,14049,table_1 (p_era_mean_mm_1981_2025 dataset='era5_yy'; p_era_mean_mm_tower_years window boundary dataset='fluxmet_yy'); spot_check_nine_sites.csv
NZ-ADd,era5_yy,data/extracted/TERN_NZ-ADd_FLUXNET_2016-2020_v1.3_r1/TERN_NZ-ADd_FLUXNET_ERA5_YY_1981-2025_v1.3_r1.csv,TERN_NZ-ADd_FLUXNET_ERA5_YY_1981-2025_v1.3_r1.csv,TRUE,2026-06-01T17:17:46,3735,table_1 (p_era_mean_mm_1981_2025 dataset='era5_yy'; p_era_mean_mm_tower_years window boundary dataset='fluxmet_yy'); spot_check_nine_sites.csv
NZ-ADd,fluxmet_yy,data/extracted/TERN_NZ-ADd_FLUXNET_2016-2020_v1.3_r1/TERN_NZ-ADd_FLUXNET_FLUXMET_YY_2016-2020_v1.3_r1.csv,TERN_NZ-ADd_FLUXNET_FLUXMET_YY_2016-2020_v1.3_r1.csv,TRUE,2026-06-01T17:17:46,17405,table_1 (p_era_mean_mm_1981_2025 dataset='era5_yy'; p_era_mean_mm_tower_years window boundary dataset='fluxmet_yy'); spot_check_nine_sites.csv
NZ-ADw,era5_yy,data/extracted/TERN_NZ-ADw_FLUXNET_2015-2022_v1.3_r1/TERN_NZ-ADw_FLUXNET_ERA5_YY_1981-2025_v1.3_r1.csv,TERN_NZ-ADw_FLUXNET_ERA5_YY_1981-2025_v1.3_r1.csv,TRUE,2026-06-01T17:17:46,3764,table_1 (p_era_mean_mm_1981_2025 dataset='era5_yy'; p_era_mean_mm_tower_years window boundary dataset='fluxmet_yy'); spot_check_nine_sites.csv
NZ-ADw,fluxmet_yy,data/extracted/TERN_NZ-ADw_FLUXNET_2015-2022_v1.3_r1/TERN_NZ-ADw_FLUXNET_FLUXMET_YY_2015-2022_v1.3_r1.csv,TERN_NZ-ADw_FLUXNET_FLUXMET_YY_2015-2022_v1.3_r1.csv,TRUE,2026-06-01T17:17:46,24901,table_1 (p_era_mean_mm_1981_2025 dataset='era5_yy'; p_era_mean_mm_tower_years window boundary dataset='fluxmet_yy'); spot_check_nine_sites.csv
NZ-BFm,era5_yy,data/extracted/TERN_NZ-BFm_FLUXNET_2012-2015_v1.3_r1/TERN_NZ-BFm_FLUXNET_ERA5_YY_1981-2024_v1.3_r1.csv,TERN_NZ-BFm_FLUXNET_ERA5_YY_1981-2024_v1.3_r1.csv,TRUE,2026-06-01T17:17:46,3564,table_1 (p_era_mean_mm_1981_2025 dataset='era5_yy'; p_era_mean_mm_tower_years window boundary dataset='fluxmet_yy'); spot_check_nine_sites.csv
NZ-BFm,fluxmet_yy,data/extracted/TERN_NZ-BFm_FLUXNET_2012-2015_v1.3_r1/TERN_NZ-BFm_FLUXNET_FLUXMET_YY_2012-2015_v1.3_r1.csv,TERN_NZ-BFm_FLUXNET_FLUXMET_YY_2012-2015_v1.3_r1.csv,TRUE,2026-06-01T17:17:46,14449,table_1 (p_era_mean_mm_1981_2025 dataset='era5_yy'; p_era_mean_mm_tower_years window boundary dataset='fluxmet_yy'); spot_check_nine_sites.csv
NZ-BFu,era5_yy,data/extracted/TERN_NZ-BFu_FLUXNET_2012-2014_v1.3_r1/TERN_NZ-BFu_FLUXNET_ERA5_YY_1981-2024_v1.3_r1.csv,TERN_NZ-BFu_FLUXNET_ERA5_YY_1981-2024_v1.3_r1.csv,TRUE,2026-06-01T17:17:46,3572,table_1 (p_era_mean_mm_1981_2025 dataset='era5_yy'; p_era_mean_mm_tower_years window boundary dataset='fluxmet_yy'); spot_check_nine_sites.csv
NZ-BFu,fluxmet_yy,data/extracted/TERN_NZ-BFu_FLUXNET_2012-2014_v1.3_r1/TERN_NZ-BFu_FLUXNET_FLUXMET_YY_2012-2014_v1.3_r1.csv,TERN_NZ-BFu_FLUXNET_FLUXMET_YY_2012-2014_v1.3_r1.csv,TRUE,2026-06-01T17:17:46,11847,table_1 (p_era_mean_mm_1981_2025 dataset='era5_yy'; p_era_mean_mm_tower_years window boundary dataset='fluxmet_yy'); spot_check_nine_sites.csv
NZ-Cla,era5_yy,data/extracted/TERN_NZ-Cla_FLUXNET_2022-2025_v1.3_r1/TERN_NZ-Cla_FLUXNET_ERA5_YY_1981-2025_v1.3_r1.csv,TERN_NZ-Cla_FLUXNET_ERA5_YY_1981-2025_v1.3_r1.csv,TRUE,2026-06-01T17:17:46,3692,table_1 (p_era_mean_mm_1981_2025 dataset='era5_yy'; p_era_mean_mm_tower_years window boundary dataset='fluxmet_yy'); spot_check_nine_sites.csv
NZ-Cla,fluxmet_yy,data/extracted/TERN_NZ-Cla_FLUXNET_2022-2025_v1.3_r1/TERN_NZ-Cla_FLUXNET_FLUXMET_YY_2022-2025_v1.3_r1.csv,TERN_NZ-Cla_FLUXNET_FLUXMET_YY_2022-2025_v1.3_r1.csv,TRUE,2026-06-01T17:17:46,14580,table_1 (p_era_mean_mm_1981_2025 dataset='era5_yy'; p_era_mean_mm_tower_years window boundary dataset='fluxmet_yy'); spot_check_nine_sites.csv
NZ-Kop,era5_yy,data/extracted/TERN_NZ-Kop_FLUXNET_2012-2015_v1.3_r1/TERN_NZ-Kop_FLUXNET_ERA5_YY_1981-2024_v1.3_r1.csv,TERN_NZ-Kop_FLUXNET_ERA5_YY_1981-2024_v1.3_r1.csv,TRUE,2026-06-01T17:17:46,3720,table_1 (p_era_mean_mm_1981_2025 dataset='era5_yy'; p_era_mean_mm_tower_years window boundary dataset='fluxmet_yy'); spot_check_nine_sites.csv
NZ-Kop,fluxmet_yy,data/extracted/TERN_NZ-Kop_FLUXNET_2012-2015_v1.3_r1/TERN_NZ-Kop_FLUXNET_FLUXMET_YY_2012-2015_v1.3_r1.csv,TERN_NZ-Kop_FLUXNET_FLUXMET_YY_2012-2015_v1.3_r1.csv,TRUE,2026-06-01T17:17:46,15148,table_1 (p_era_mean_mm_1981_2025 dataset='era5_yy'; p_era_mean_mm_tower_years window boundary dataset='fluxmet_yy'); spot_check_nine_sites.csv
NZ-Lau,era5_yy,data/extracted/TERN_NZ-Lau_FLUXNET_2019-2025_v1.3_r1/TERN_NZ-Lau_FLUXNET_ERA5_YY_1981-2025_v1.3_r1.csv,TERN_NZ-Lau_FLUXNET_ERA5_YY_1981-2025_v1.3_r1.csv,TRUE,2026-06-01T17:17:46,3689,table_1 (p_era_mean_mm_1981_2025 dataset='era5_yy'; p_era_mean_mm_tower_years window boundary dataset='fluxmet_yy'); spot_check_nine_sites.csv
NZ-Lau,fluxmet_yy,data/extracted/TERN_NZ-Lau_FLUXNET_2019-2025_v1.3_r1/TERN_NZ-Lau_FLUXNET_FLUXMET_YY_2019-2025_v1.3_r1.csv,TERN_NZ-Lau_FLUXNET_FLUXMET_YY_2019-2025_v1.3_r1.csv,TRUE,2026-06-01T17:17:46,22631,table_1 (p_era_mean_mm_1981_2025 dataset='era5_yy'; p_era_mean_mm_tower_years window boundary dataset='fluxmet_yy'); spot_check_nine_sites.csv
NZ-Oxf,era5_yy,data/extracted/TERN_NZ-Oxf_FLUXNET_2006-2010_v1.3_r1/TERN_NZ-Oxf_FLUXNET_ERA5_YY_1981-2024_v1.3_r1.csv,TERN_NZ-Oxf_FLUXNET_ERA5_YY_1981-2024_v1.3_r1.csv,TRUE,2026-06-01T17:17:46,3572,table_1 (p_era_mean_mm_1981_2025 dataset='era5_yy'; p_era_mean_mm_tower_years window boundary dataset='fluxmet_yy'); spot_check_nine_sites.csv
NZ-Oxf,fluxmet_yy,data/extracted/TERN_NZ-Oxf_FLUXNET_2006-2010_v1.3_r1/TERN_NZ-Oxf_FLUXNET_FLUXMET_YY_2006-2010_v1.3_r1.csv,TERN_NZ-Oxf_FLUXNET_FLUXMET_YY_2006-2010_v1.3_r1.csv,TRUE,2026-06-01T17:17:46,17302,table_1 (p_era_mean_mm_1981_2025 dataset='era5_yy'; p_era_mean_mm_tower_years window boundary dataset='fluxmet_yy'); spot_check_nine_sites.csv
NZ-ScF,era5_yy,data/extracted/TERN_NZ-ScF_FLUXNET_2008-2011_v1.3_r1/TERN_NZ-ScF_FLUXNET_ERA5_YY_1981-2024_v1.3_r1.csv,TERN_NZ-ScF_FLUXNET_ERA5_YY_1981-2024_v1.3_r1.csv,TRUE,2026-06-01T17:17:46,3720,table_1 (p_era_mean_mm_1981_2025 dataset='era5_yy'; p_era_mean_mm_tower_years window boundary dataset='fluxmet_yy'); spot_check_nine_sites.csv
NZ-ScF,fluxmet_yy,data/extracted/TERN_NZ-ScF_FLUXNET_2008-2011_v1.3_r1/TERN_NZ-ScF_FLUXNET_FLUXMET_YY_2008-2011_v1.3_r1.csv,TERN_NZ-ScF_FLUXNET_FLUXMET_YY_2008-2011_v1.3_r1.csv,TRUE,2026-06-01T17:17:46,14882,table_1 (p_era_mean_mm_1981_2025 dataset='era5_yy'; p_era_mean_mm_tower_years window boundary dataset='fluxmet_yy'); spot_check_nine_sites.csv
PA-SPn,era5_yy,data/extracted/EUF_PA-SPn_FLUXNET_2007-2009_v1.3_r1/EUF_PA-SPn_FLUXNET_ERA5_YY_1981-2025_v1.3_r1.csv,EUF_PA-SPn_FLUXNET_ERA5_YY_1981-2025_v1.3_r1.csv,TRUE,2026-06-01T17:17:45,3757,table_1 (p_era_mean_mm_1981_2025 dataset='era5_yy'; p_era_mean_mm_tower_years window boundary dataset='fluxmet_yy'); spot_check_nine_sites.csv
PA-SPn,fluxmet_yy,data/extracted/EUF_PA-SPn_FLUXNET_2007-2009_v1.3_r1/EUF_PA-SPn_FLUXNET_FLUXMET_YY_2007-2009_v1.3_r1.csv,EUF_PA-SPn_FLUXNET_FLUXMET_YY_2007-2009_v1.3_r1.csv,TRUE,2026-06-01T17:17:45,11882,table_1 (p_era_mean_mm_1981_2025 dataset='era5_yy'; p_era_mean_mm_tower_years window boundary dataset='fluxmet_yy'); spot_check_nine_sites.csv
PA-SPs,era5_yy,data/extracted/EUF_PA-SPs_FLUXNET_2007-2010_v1.3_r1/EUF_PA-SPs_FLUXNET_ERA5_YY_1981-2025_v1.3_r1.csv,EUF_PA-SPs_FLUXNET_ERA5_YY_1981-2025_v1.3_r1.csv,TRUE,2026-06-01T17:17:45,3782,table_1 (p_era_mean_mm_1981_2025 dataset='era5_yy'; p_era_mean_mm_tower_years window boundary dataset='fluxmet_yy'); spot_check_nine_sites.csv
PA-SPs,fluxmet_yy,data/extracted/EUF_PA-SPs_FLUXNET_2007-2010_v1.3_r1/EUF_PA-SPs_FLUXNET_FLUXMET_YY_2007-2010_v1.3_r1.csv,EUF_PA-SPs_FLUXNET_FLUXMET_YY_2007-2010_v1.3_r1.csv,TRUE,2026-06-01T17:17:45,14395,table_1 (p_era_mean_mm_1981_2025 dataset='era5_yy'; p_era_mean_mm_tower_years window boundary dataset='fluxmet_yy'); spot_check_nine_sites.csv
PE-QFR,era5_yy,data/extracted/AMF_PE-QFR_FLUXNET_2018-2022_v1.3_r1/AMF_PE-QFR_FLUXNET_ERA5_YY_1981-2025_v1.3_r1.csv,AMF_PE-QFR_FLUXNET_ERA5_YY_1981-2025_v1.3_r1.csv,TRUE,2026-06-01T16:37:39,3776,table_1 (p_era_mean_mm_1981_2025 dataset='era5_yy'; p_era_mean_mm_tower_years window boundary dataset='fluxmet_yy'); spot_check_nine_sites.csv
PE-QFR,fluxmet_yy,data/extracted/AMF_PE-QFR_FLUXNET_2018-2022_v1.3_r1/AMF_PE-QFR_FLUXNET_FLUXMET_YY_2018-2022_v1.3_r1.csv,AMF_PE-QFR_FLUXNET_FLUXMET_YY_2018-2022_v1.3_r1.csv,TRUE,2026-06-01T16:37:39,16149,table_1 (p_era_mean_mm_1981_2025 dataset='era5_yy'; p_era_mean_mm_tower_years window boundary dataset='fluxmet_yy'); spot_check_nine_sites.csv
PR-xGU,era5_yy,data/extracted/AMF_PR-xGU_FLUXNET_2019-2024_v1.3_r1/AMF_PR-xGU_FLUXNET_ERA5_YY_1981-2025_v1.3_r1.csv,AMF_PR-xGU_FLUXNET_ERA5_YY_1981-2025_v1.3_r1.csv,TRUE,2026-06-01T16:37:39,3736,table_1 (p_era_mean_mm_1981_2025 dataset='era5_yy'; p_era_mean_mm_tower_years window boundary dataset='fluxmet_yy'); spot_check_nine_sites.csv
PR-xGU,fluxmet_yy,data/extracted/AMF_PR-xGU_FLUXNET_2019-2024_v1.3_r1/AMF_PR-xGU_FLUXNET_FLUXMET_YY_2019-2024_v1.3_r1.csv,AMF_PR-xGU_FLUXNET_FLUXMET_YY_2019-2024_v1.3_r1.csv,TRUE,2026-06-01T16:37:39,21966,table_1 (p_era_mean_mm_1981_2025 dataset='era5_yy'; p_era_mean_mm_tower_years window boundary dataset='fluxmet_yy'); spot_check_nine_sites.csv
PR-xLA,era5_yy,data/extracted/AMF_PR-xLA_FLUXNET_2019-2024_v1.3_r1/AMF_PR-xLA_FLUXNET_ERA5_YY_1981-2024_v1.3_r1.csv,AMF_PR-xLA_FLUXNET_ERA5_YY_1981-2024_v1.3_r1.csv,TRUE,2026-06-01T16:37:39,3697,table_1 (p_era_mean_mm_1981_2025 dataset='era5_yy'; p_era_mean_mm_tower_years window boundary dataset='fluxmet_yy'); spot_check_nine_sites.csv
PR-xLA,fluxmet_yy,data/extracted/AMF_PR-xLA_FLUXNET_2019-2024_v1.3_r1/AMF_PR-xLA_FLUXNET_FLUXMET_YY_2019-2024_v1.3_r1.csv,AMF_PR-xLA_FLUXNET_FLUXMET_YY_2019-2024_v1.3_r1.csv,TRUE,2026-06-01T16:37:39,21790,table_1 (p_era_mean_mm_1981_2025 dataset='era5_yy'; p_era_mean_mm_tower_years window boundary dataset='fluxmet_yy'); spot_check_nine_sites.csv
RU-Ch2,era5_yy,data/extracted/EUF_RU-Ch2_FLUXNET_2014-2021_v1.3_r1/EUF_RU-Ch2_FLUXNET_ERA5_YY_1981-2025_v1.3_r1.csv,EUF_RU-Ch2_FLUXNET_ERA5_YY_1981-2025_v1.3_r1.csv,TRUE,2026-06-01T17:17:45,3708,table_1 (p_era_mean_mm_1981_2025 dataset='era5_yy'; p_era_mean_mm_tower_years window boundary dataset='fluxmet_yy'); spot_check_nine_sites.csv
RU-Ch2,fluxmet_yy,data/extracted/EUF_RU-Ch2_FLUXNET_2014-2021_v1.3_r1/EUF_RU-Ch2_FLUXNET_FLUXMET_YY_2014-2021_v1.3_r1.csv,EUF_RU-Ch2_FLUXNET_FLUXMET_YY_2014-2021_v1.3_r1.csv,TRUE,2026-06-01T17:17:45,25129,table_1 (p_era_mean_mm_1981_2025 dataset='era5_yy'; p_era_mean_mm_tower_years window boundary dataset='fluxmet_yy'); spot_check_nine_sites.csv
RU-Che,era5_yy,data/extracted/EUF_RU-Che_FLUXNET_2013-2021_v1.3_r1/EUF_RU-Che_FLUXNET_ERA5_YY_1981-2024_v1.3_r1.csv,EUF_RU-Che_FLUXNET_ERA5_YY_1981-2024_v1.3_r1.csv,TRUE,2026-06-01T17:17:45,3603,table_1 (p_era_mean_mm_1981_2025 dataset='era5_yy'; p_era_mean_mm_tower_years window boundary dataset='fluxmet_yy'); spot_check_nine_sites.csv
RU-Che,fluxmet_yy,data/extracted/EUF_RU-Che_FLUXNET_2013-2021_v1.3_r1/EUF_RU-Che_FLUXNET_FLUXMET_YY_2013-2021_v1.3_r1.csv,EUF_RU-Che_FLUXNET_FLUXMET_YY_2013-2021_v1.3_r1.csv,TRUE,2026-06-01T17:17:45,21084,table_1 (p_era_mean_mm_1981_2025 dataset='era5_yy'; p_era_mean_mm_tower_years window boundary dataset='fluxmet_yy'); spot_check_nine_sites.csv
RU-Ege,era5_yy,data/extracted/JPF_RU-Ege_FLUXNET_2010-2018_v1.3_r1/JPF_RU-Ege_FLUXNET_ERA5_YY_1981-2024_v1.3_r1.csv,JPF_RU-Ege_FLUXNET_ERA5_YY_1981-2024_v1.3_r1.csv,TRUE,2026-09-20T08:08:11,3688,table_1 (p_era_mean_mm_1981_2025 dataset='era5_yy'; p_era_mean_mm_tower_years window boundary dataset='fluxmet_yy'); spot_check_nine_sites.csv
RU-Ege,fluxmet_yy,data/extracted/JPF_RU-Ege_FLUXNET_2010-2018_v1.3_r1/JPF_RU-Ege_FLUXNET_FLUXMET_YY_2010-2018_v1.3_r1.csv,JPF_RU-Ege_FLUXNET_FLUXMET_YY_2010-2018_v1.3_r1.csv,TRUE,2026-09-20T08:08:10,27811,table_1 (p_era_mean_mm_1981_2025 dataset='era5_yy'; p_era_mean_mm_tower_years window boundary dataset='fluxmet_yy'); spot_check_nine_sites.csv
RU-Fy2,era5_yy,data/extracted/EUF_RU-Fy2_FLUXNET_2015-2024_v1.3_r1/EUF_RU-Fy2_FLUXNET_ERA5_YY_1981-2024_v1.3_r1.csv,EUF_RU-Fy2_FLUXNET_ERA5_YY_1981-2024_v1.3_r1.csv,TRUE,2026-06-01T17:17:45,3505,table_1 (p_era_mean_mm_1981_2025 dataset='era5_yy'; p_era_mean_mm_tower_years window boundary dataset='fluxmet_yy'); spot_check_nine_sites.csv
RU-Fy2,fluxmet_yy,data/extracted/EUF_RU-Fy2_FLUXNET_2015-2024_v1.3_r1/EUF_RU-Fy2_FLUXNET_FLUXMET_YY_2015-2024_v1.3_r1.csv,EUF_RU-Fy2_FLUXNET_FLUXMET_YY_2015-2024_v1.3_r1.csv,TRUE,2026-06-01T17:17:45,32410,table_1 (p_era_mean_mm_1981_2025 dataset='era5_yy'; p_era_mean_mm_tower_years window boundary dataset='fluxmet_yy'); spot_check_nine_sites.csv
RU-Fy3,era5_yy,data/extracted/EUF_RU-Fy3_FLUXNET_2016-2018_v1.3_r1/EUF_RU-Fy3_FLUXNET_ERA5_YY_1981-2025_v1.3_r1.csv,EUF_RU-Fy3_FLUXNET_ERA5_YY_1981-2025_v1.3_r1.csv,TRUE,2026-06-01T17:17:45,3538,table_1 (p_era_mean_mm_1981_2025 dataset='era5_yy'; p_era_mean_mm_tower_years window boundary dataset='fluxmet_yy'); spot_check_nine_sites.csv
RU-Fy3,fluxmet_yy,data/extracted/EUF_RU-Fy3_FLUXNET_2016-2018_v1.3_r1/EUF_RU-Fy3_FLUXNET_FLUXMET_YY_2016-2018_v1.3_r1.csv,EUF_RU-Fy3_FLUXNET_FLUXMET_YY_2016-2018_v1.3_r1.csv,TRUE,2026-06-01T17:17:45,11634,table_1 (p_era_mean_mm_1981_2025 dataset='era5_yy'; p_era_mean_mm_tower_years window boundary dataset='fluxmet_yy'); spot_check_nine_sites.csv
RU-Fy4,era5_yy,data/extracted/EUF_RU-Fy4_FLUXNET_2015-2020_v1.3_r1/EUF_RU-Fy4_FLUXNET_ERA5_YY_1981-2024_v1.3_r1.csv,EUF_RU-Fy4_FLUXNET_ERA5_YY_1981-2024_v1.3_r1.csv,TRUE,2026-06-01T17:17:46,3477,table_1 (p_era_mean_mm_1981_2025 dataset='era5_yy'; p_era_mean_mm_tower_years window boundary dataset='fluxmet_yy'); spot_check_nine_sites.csv
RU-Fy4,fluxmet_yy,data/extracted/EUF_RU-Fy4_FLUXNET_2015-2020_v1.3_r1/EUF_RU-Fy4_FLUXNET_FLUXMET_YY_2015-2020_v1.3_r1.csv,EUF_RU-Fy4_FLUXNET_FLUXMET_YY_2015-2020_v1.3_r1.csv,TRUE,2026-06-01T17:17:46,19882,table_1 (p_era_mean_mm_1981_2025 dataset='era5_yy'; p_era_mean_mm_tower_years window boundary dataset='fluxmet_yy'); spot_check_nine_sites.csv
RU-Fyo,era5_yy,data/extracted/EUF_RU-Fyo_FLUXNET_1998-2024_v1.3_r1/EUF_RU-Fyo_FLUXNET_ERA5_YY_1981-2024_v1.3_r1.csv,EUF_RU-Fyo_FLUXNET_ERA5_YY_1981-2024_v1.3_r1.csv,TRUE,2026-06-01T17:17:46,3485,table_1 (p_era_mean_mm_1981_2025 dataset='era5_yy'; p_era_mean_mm_tower_years window boundary dataset='fluxmet_yy'); spot_check_nine_sites.csv
RU-Fyo,fluxmet_yy,data/extracted/EUF_RU-Fyo_FLUXNET_1998-2024_v1.3_r1/EUF_RU-Fyo_FLUXNET_FLUXMET_YY_1998-2024_v1.3_r1.csv,EUF_RU-Fyo_FLUXNET_FLUXMET_YY_1998-2024_v1.3_r1.csv,TRUE,2026-06-01T17:17:46,78820,table_1 (p_era_mean_mm_1981_2025 dataset='era5_yy'; p_era_mean_mm_tower_years window boundary dataset='fluxmet_yy'); spot_check_nine_sites.csv
RU-Ha1,era5_yy,data/extracted/EUF_RU-Ha1_FLUXNET_2002-2004_v1.3_r1/EUF_RU-Ha1_FLUXNET_ERA5_YY_1981-2025_v1.3_r1.csv,EUF_RU-Ha1_FLUXNET_ERA5_YY_1981-2025_v1.3_r1.csv,TRUE,2026-06-01T17:17:46,3573,table_1 (p_era_mean_mm_1981_2025 dataset='era5_yy'; p_era_mean_mm_tower_years window boundary dataset='fluxmet_yy'); spot_check_nine_sites.csv
RU-Ha1,fluxmet_yy,data/extracted/EUF_RU-Ha1_FLUXNET_2002-2004_v1.3_r1/EUF_RU-Ha1_FLUXNET_FLUXMET_YY_2002-2004_v1.3_r1.csv,EUF_RU-Ha1_FLUXNET_FLUXMET_YY_2002-2004_v1.3_r1.csv,TRUE,2026-06-01T17:17:46,11634,table_1 (p_era_mean_mm_1981_2025 dataset='era5_yy'; p_era_mean_mm_tower_years window boundary dataset='fluxmet_yy'); spot_check_nine_sites.csv
RU-NeB,era5_yy,data/extracted/JPF_RU-NeB_FLUXNET_1999-2000_v1.3_r1/JPF_RU-NeB_FLUXNET_ERA5_YY_1981-2025_v1.3_r1.csv,JPF_RU-NeB_FLUXNET_ERA5_YY_1981-2025_v1.3_r1.csv,TRUE,2026-06-01T17:17:46,3833,table_1 (p_era_mean_mm_1981_2025 dataset='era5_yy'; p_era_mean_mm_tower_years window boundary dataset='fluxmet_yy'); spot_check_nine_sites.csv
RU-NeB,fluxmet_yy,data/extracted/JPF_RU-NeB_FLUXNET_1999-2000_v1.3_r1/JPF_RU-NeB_FLUXNET_FLUXMET_YY_1999-2000_v1.3_r1.csv,JPF_RU-NeB_FLUXNET_FLUXMET_YY_1999-2000_v1.3_r1.csv,TRUE,2026-06-01T17:17:46,5498,table_1 (p_era_mean_mm_1981_2025 dataset='era5_yy'; p_era_mean_mm_tower_years window boundary dataset='fluxmet_yy'); spot_check_nine_sites.csv
RU-NeC,era5_yy,data/extracted/JPF_RU-NeC_FLUXNET_2001-2006_v1.3_r1/JPF_RU-NeC_FLUXNET_ERA5_YY_1981-2025_v1.3_r1.csv,JPF_RU-NeC_FLUXNET_ERA5_YY_1981-2025_v1.3_r1.csv,TRUE,2026-06-01T17:17:46,3772,table_1 (p_era_mean_mm_1981_2025 dataset='era5_yy'; p_era_mean_mm_tower_years window boundary dataset='fluxmet_yy'); spot_check_nine_sites.csv
RU-NeC,fluxmet_yy,data/extracted/JPF_RU-NeC_FLUXNET_2001-2006_v1.3_r1/JPF_RU-NeC_FLUXNET_FLUXMET_YY_2001-2006_v1.3_r1.csv,JPF_RU-NeC_FLUXNET_FLUXMET_YY_2001-2006_v1.3_r1.csv,TRUE,2026-06-01T17:17:46,17978,table_1 (p_era_mean_mm_1981_2025 dataset='era5_yy'; p_era_mean_mm_tower_years window boundary dataset='fluxmet_yy'); spot_check_nine_sites.csv
RU-NeF,era5_yy,data/extracted/JPF_RU-NeF_FLUXNET_2000-2006_v1.3_r1/JPF_RU-NeF_FLUXNET_ERA5_YY_1981-2025_v1.3_r1.csv,JPF_RU-NeF_FLUXNET_ERA5_YY_1981-2025_v1.3_r1.csv,TRUE,2026-06-01T17:17:46,3745,table_1 (p_era_mean_mm_1981_2025 dataset='era5_yy'; p_era_mean_mm_tower_years window boundary dataset='fluxmet_yy'); spot_check_nine_sites.csv
RU-NeF,fluxmet_yy,data/extracted/JPF_RU-NeF_FLUXNET_2000-2006_v1.3_r1/JPF_RU-NeF_FLUXNET_FLUXMET_YY_2000-2006_v1.3_r1.csv,JPF_RU-NeF_FLUXNET_FLUXMET_YY_2000-2006_v1.3_r1.csv,TRUE,2026-06-01T17:17:46,20036,table_1 (p_era_mean_mm_1981_2025 dataset='era5_yy'; p_era_mean_mm_tower_years window boundary dataset='fluxmet_yy'); spot_check_nine_sites.csv
RU-Sk2,era5_yy,data/extracted/JPF_RU-Sk2_FLUXNET_2004-2008_v1.3_r1/JPF_RU-Sk2_FLUXNET_ERA5_YY_1981-2025_v1.3_r1.csv,JPF_RU-Sk2_FLUXNET_ERA5_YY_1981-2025_v1.3_r1.csv,TRUE,2026-06-01T17:17:46,3743,table_1 (p_era_mean_mm_1981_2025 dataset='era5_yy'; p_era_mean_mm_tower_years window boundary dataset='fluxmet_yy'); spot_check_nine_sites.csv
RU-Sk2,fluxmet_yy,data/extracted/JPF_RU-Sk2_FLUXNET_2004-2008_v1.3_r1/JPF_RU-Sk2_FLUXNET_FLUXMET_YY_2004-2008_v1.3_r1.csv,JPF_RU-Sk2_FLUXNET_FLUXMET_YY_2004-2008_v1.3_r1.csv,TRUE,2026-06-01T17:17:46,16604,table_1 (p_era_mean_mm_1981_2025 dataset='era5_yy'; p_era_mean_mm_tower_years window boundary dataset='fluxmet_yy'); spot_check_nine_sites.csv
RU-SkP,era5_yy,data/extracted/JPF_RU-SkP_FLUXNET_2004-2014_v1.3_r1/JPF_RU-SkP_FLUXNET_ERA5_YY_1981-2025_v1.3_r1.csv,JPF_RU-SkP_FLUXNET_ERA5_YY_1981-2025_v1.3_r1.csv,TRUE,2026-06-01T17:17:46,3731,table_1 (p_era_mean_mm_1981_2025 dataset='era5_yy'; p_era_mean_mm_tower_years window boundary dataset='fluxmet_yy'); spot_check_nine_sites.csv
RU-SkP,fluxmet_yy,data/extracted/JPF_RU-SkP_FLUXNET_2004-2014_v1.3_r1/JPF_RU-SkP_FLUXNET_FLUXMET_YY_2004-2014_v1.3_r1.csv,JPF_RU-SkP_FLUXNET_FLUXMET_YY_2004-2014_v1.3_r1.csv,TRUE,2026-06-01T17:17:46,31725,table_1 (p_era_mean_mm_1981_2025 dataset='era5_yy'; p_era_mean_mm_tower_years window boundary dataset='fluxmet_yy'); spot_check_nine_sites.csv
RU-Tur,era5_yy,data/extracted/JPF_RU-Tur_FLUXNET_2004-2004_v1.3_r1/JPF_RU-Tur_FLUXNET_ERA5_YY_1981-2025_v1.3_r1.csv,JPF_RU-Tur_FLUXNET_ERA5_YY_1981-2025_v1.3_r1.csv,TRUE,2026-06-01T17:22:34,3743,table_1 (p_era_mean_mm_1981_2025 dataset='era5_yy'; p_era_mean_mm_tower_years window boundary dataset='fluxmet_yy'); spot_check_nine_sites.csv
RU-Tur,fluxmet_yy,data/extracted/JPF_RU-Tur_FLUXNET_2004-2004_v1.3_r1/JPF_RU-Tur_FLUXNET_FLUXMET_YY_2004-2004_v1.3_r1.csv,JPF_RU-Tur_FLUXNET_FLUXMET_YY_2004-2004_v1.3_r1.csv,TRUE,2026-06-01T17:22:34,4258,table_1 (p_era_mean_mm_1981_2025 dataset='era5_yy'; p_era_mean_mm_tower_years window boundary dataset='fluxmet_yy'); spot_check_nine_sites.csv
SD-Dem,era5_yy,data/extracted/EUF_SD-Dem_FLUXNET_2007-2009_v1.3_r1/EUF_SD-Dem_FLUXNET_ERA5_YY_1981-2024_v1.3_r1.csv,EUF_SD-Dem_FLUXNET_ERA5_YY_1981-2024_v1.3_r1.csv,TRUE,2026-06-01T17:22:34,3675,table_1 (p_era_mean_mm_1981_2025 dataset='era5_yy'; p_era_mean_mm_tower_years window boundary dataset='fluxmet_yy'); spot_check_nine_sites.csv
SD-Dem,fluxmet_yy,data/extracted/EUF_SD-Dem_FLUXNET_2007-2009_v1.3_r1/EUF_SD-Dem_FLUXNET_FLUXMET_YY_2007-2009_v1.3_r1.csv,EUF_SD-Dem_FLUXNET_FLUXMET_YY_2007-2009_v1.3_r1.csv,TRUE,2026-06-01T17:22:34,12397,table_1 (p_era_mean_mm_1981_2025 dataset='era5_yy'; p_era_mean_mm_tower_years window boundary dataset='fluxmet_yy'); spot_check_nine_sites.csv
SE-Deg,era5_yy,data/extracted/ICOS_SE-Deg_FLUXNET_2019-2024_v1.3_r1/ICOS_SE-Deg_FLUXNET_ERA5_YY_1981-2024_v1.3_r1.csv,ICOS_SE-Deg_FLUXNET_ERA5_YY_1981-2024_v1.3_r1.csv,TRUE,2026-06-01T17:22:34,3486,table_1 (p_era_mean_mm_1981_2025 dataset='era5_yy'; p_era_mean_mm_tower_years window boundary dataset='fluxmet_yy'); spot_check_nine_sites.csv
SE-Deg,fluxmet_yy,data/extracted/ICOS_SE-Deg_FLUXNET_2019-2024_v1.3_r1/ICOS_SE-Deg_FLUXNET_FLUXMET_YY_2019-2024_v1.3_r1.csv,ICOS_SE-Deg_FLUXNET_FLUXMET_YY_2019-2024_v1.3_r1.csv,TRUE,2026-06-01T17:22:34,22128,table_1 (p_era_mean_mm_1981_2025 dataset='era5_yy'; p_era_mean_mm_tower_years window boundary dataset='fluxmet_yy'); spot_check_nine_sites.csv
SE-HfM,era5_yy,data/extracted/EUF_SE-HfM_FLUXNET_2020-2023_v1.3_r1/EUF_SE-HfM_FLUXNET_ERA5_YY_1981-2025_v1.3_r1.csv,EUF_SE-HfM_FLUXNET_ERA5_YY_1981-2025_v1.3_r1.csv,TRUE,2026-06-01T17:22:34,3544,table_1 (p_era_mean_mm_1981_2025 dataset='era5_yy'; p_era_mean_mm_tower_years window boundary dataset='fluxmet_yy'); spot_check_nine_sites.csv
SE-HfM,fluxmet_yy,data/extracted/EUF_SE-HfM_FLUXNET_2020-2023_v1.3_r1/EUF_SE-HfM_FLUXNET_FLUXMET_YY_2020-2023_v1.3_r1.csv,EUF_SE-HfM_FLUXNET_FLUXMET_YY_2020-2023_v1.3_r1.csv,TRUE,2026-06-01T17:22:34,14790,table_1 (p_era_mean_mm_1981_2025 dataset='era5_yy'; p_era_mean_mm_tower_years window boundary dataset='fluxmet_yy'); spot_check_nine_sites.csv
SE-Hmr,era5_yy,data/extracted/EUF_SE-Hmr_FLUXNET_2020-2023_v1.3_r1/EUF_SE-Hmr_FLUXNET_ERA5_YY_1981-2025_v1.3_r1.csv,EUF_SE-Hmr_FLUXNET_ERA5_YY_1981-2025_v1.3_r1.csv,TRUE,2026-06-01T17:22:34,3573,table_1 (p_era_mean_mm_1981_2025 dataset='era5_yy'; p_era_mean_mm_tower_years window boundary dataset='fluxmet_yy'); spot_check_nine_sites.csv
SE-Hmr,fluxmet_yy,data/extracted/EUF_SE-Hmr_FLUXNET_2020-2023_v1.3_r1/EUF_SE-Hmr_FLUXNET_FLUXMET_YY_2020-2023_v1.3_r1.csv,EUF_SE-Hmr_FLUXNET_FLUXMET_YY_2020-2023_v1.3_r1.csv,TRUE,2026-06-01T17:22:34,14849,table_1 (p_era_mean_mm_1981_2025 dataset='era5_yy'; p_era_mean_mm_tower_years window boundary dataset='fluxmet_yy'); spot_check_nine_sites.csv
SE-Htm,era5_yy,data/extracted/ICOS_SE-Htm_FLUXNET_2018-2024_v1.3_r1/ICOS_SE-Htm_FLUXNET_ERA5_YY_1981-2024_v1.3_r1.csv,ICOS_SE-Htm_FLUXNET_ERA5_YY_1981-2024_v1.3_r1.csv,TRUE,2026-06-01T17:22:34,3524,table_1 (p_era_mean_mm_1981_2025 dataset='era5_yy'; p_era_mean_mm_tower_years window boundary dataset='fluxmet_yy'); spot_check_nine_sites.csv
SE-Htm,fluxmet_yy,data/extracted/ICOS_SE-Htm_FLUXNET_2018-2024_v1.3_r1/ICOS_SE-Htm_FLUXNET_FLUXMET_YY_2018-2024_v1.3_r1.csv,ICOS_SE-Htm_FLUXNET_FLUXMET_YY_2018-2024_v1.3_r1.csv,TRUE,2026-06-01T17:22:34,24772,table_1 (p_era_mean_mm_1981_2025 dataset='era5_yy'; p_era_mean_mm_tower_years window boundary dataset='fluxmet_yy'); spot_check_nine_sites.csv
SE-Nor,era5_yy,data/extracted/ICOS_SE-Nor_FLUXNET_2018-2024_v1.3_r1/ICOS_SE-Nor_FLUXNET_ERA5_YY_1981-2025_v1.3_r1.csv,ICOS_SE-Nor_FLUXNET_ERA5_YY_1981-2025_v1.3_r1.csv,TRUE,2026-06-01T17:22:34,3615,table_1 (p_era_mean_mm_1981_2025 dataset='era5_yy'; p_era_mean_mm_tower_years window boundary dataset='fluxmet_yy'); spot_check_nine_sites.csv
SE-Nor,fluxmet_yy,data/extracted/ICOS_SE-Nor_FLUXNET_2018-2024_v1.3_r1/ICOS_SE-Nor_FLUXNET_FLUXMET_YY_2018-2024_v1.3_r1.csv,ICOS_SE-Nor_FLUXNET_FLUXMET_YY_2018-2024_v1.3_r1.csv,TRUE,2026-06-01T17:22:34,24021,table_1 (p_era_mean_mm_1981_2025 dataset='era5_yy'; p_era_mean_mm_tower_years window boundary dataset='fluxmet_yy'); spot_check_nine_sites.csv
SE-Ros,era5_yy,data/extracted/EUF_SE-Ros_FLUXNET_2014-2020_v1.3_r1/EUF_SE-Ros_FLUXNET_ERA5_YY_1981-2025_v1.3_r1.csv,EUF_SE-Ros_FLUXNET_ERA5_YY_1981-2025_v1.3_r1.csv,TRUE,2026-06-01T17:22:34,3605,table_1 (p_era_mean_mm_1981_2025 dataset='era5_yy'; p_era_mean_mm_tower_years window boundary dataset='fluxmet_yy'); spot_check_nine_sites.csv
SE-Ros,fluxmet_yy,data/extracted/EUF_SE-Ros_FLUXNET_2014-2020_v1.3_r1/EUF_SE-Ros_FLUXNET_FLUXMET_YY_2014-2020_v1.3_r1.csv,EUF_SE-Ros_FLUXNET_FLUXMET_YY_2014-2020_v1.3_r1.csv,TRUE,2026-06-01T17:22:34,22386,table_1 (p_era_mean_mm_1981_2025 dataset='era5_yy'; p_era_mean_mm_tower_years window boundary dataset='fluxmet_yy'); spot_check_nine_sites.csv
SE-Srj,era5_yy,data/extracted/EUF_SE-Srj_FLUXNET_2020-2023_v1.3_r1/EUF_SE-Srj_FLUXNET_ERA5_YY_1981-2025_v1.3_r1.csv,EUF_SE-Srj_FLUXNET_ERA5_YY_1981-2025_v1.3_r1.csv,TRUE,2026-06-01T17:22:34,3542,table_1 (p_era_mean_mm_1981_2025 dataset='era5_yy'; p_era_mean_mm_tower_years window boundary dataset='fluxmet_yy'); spot_check_nine_sites.csv
SE-Srj,fluxmet_yy,data/extracted/EUF_SE-Srj_FLUXNET_2020-2023_v1.3_r1/EUF_SE-Srj_FLUXNET_FLUXMET_YY_2020-2023_v1.3_r1.csv,EUF_SE-Srj_FLUXNET_FLUXMET_YY_2020-2023_v1.3_r1.csv,TRUE,2026-06-01T17:22:34,14220,table_1 (p_era_mean_mm_1981_2025 dataset='era5_yy'; p_era_mean_mm_tower_years window boundary dataset='fluxmet_yy'); spot_check_nine_sites.csv
SE-St1,era5_yy,data/extracted/EUF_SE-St1_FLUXNET_2012-2019_v1.3_r1/EUF_SE-St1_FLUXNET_ERA5_YY_1981-2025_v1.3_r1.csv,EUF_SE-St1_FLUXNET_ERA5_YY_1981-2025_v1.3_r1.csv,TRUE,2026-06-01T17:22:34,3575,table_1 (p_era_mean_mm_1981_2025 dataset='era5_yy'; p_era_mean_mm_tower_years window boundary dataset='fluxmet_yy'); spot_check_nine_sites.csv
SE-St1,fluxmet_yy,data/extracted/EUF_SE-St1_FLUXNET_2012-2019_v1.3_r1/EUF_SE-St1_FLUXNET_FLUXMET_YY_2012-2019_v1.3_r1.csv,EUF_SE-St1_FLUXNET_FLUXMET_YY_2012-2019_v1.3_r1.csv,TRUE,2026-06-01T17:22:34,24674,table_1 (p_era_mean_mm_1981_2025 dataset='era5_yy'; p_era_mean_mm_tower_years window boundary dataset='fluxmet_yy'); spot_check_nine_sites.csv
SE-Sto,era5_yy,data/extracted/ICOS_SE-Sto_FLUXNET_2022-2024_v1.3_r1/ICOS_SE-Sto_FLUXNET_ERA5_YY_1981-2024_v1.3_r1.csv,ICOS_SE-Sto_FLUXNET_ERA5_YY_1981-2024_v1.3_r1.csv,TRUE,2026-06-01T17:22:34,3496,table_1 (p_era_mean_mm_1981_2025 dataset='era5_yy'; p_era_mean_mm_tower_years window boundary dataset='fluxmet_yy'); spot_check_nine_sites.csv
SE-Sto,fluxmet_yy,data/extracted/ICOS_SE-Sto_FLUXNET_2022-2024_v1.3_r1/ICOS_SE-Sto_FLUXNET_FLUXMET_YY_2022-2024_v1.3_r1.csv,ICOS_SE-Sto_FLUXNET_FLUXMET_YY_2022-2024_v1.3_r1.csv,TRUE,2026-06-01T17:22:34,13621,table_1 (p_era_mean_mm_1981_2025 dataset='era5_yy'; p_era_mean_mm_tower_years window boundary dataset='fluxmet_yy'); spot_check_nine_sites.csv
SE-Svb,era5_yy,data/extracted/ICOS_SE-Svb_FLUXNET_2014-2025_v1.3_r1/ICOS_SE-Svb_FLUXNET_ERA5_YY_1981-2025_v1.3_r1.csv,ICOS_SE-Svb_FLUXNET_ERA5_YY_1981-2025_v1.3_r1.csv,TRUE,2026-09-20T13:04:01,3556,table_1 (p_era_mean_mm_1981_2025 dataset='era5_yy'; p_era_mean_mm_tower_years window boundary dataset='fluxmet_yy'); spot_check_nine_sites.csv
SE-Svb,fluxmet_yy,data/extracted/ICOS_SE-Svb_FLUXNET_2014-2025_v1.3_r1/ICOS_SE-Svb_FLUXNET_FLUXMET_YY_2014-2025_v1.3_r1.csv,ICOS_SE-Svb_FLUXNET_FLUXMET_YY_2014-2025_v1.3_r1.csv,TRUE,2026-09-20T13:04:01,38144,table_1 (p_era_mean_mm_1981_2025 dataset='era5_yy'; p_era_mean_mm_tower_years window boundary dataset='fluxmet_yy'); spot_check_nine_sites.csv
SE-Trb,era5_yy,data/extracted/EUF_SE-Trb_FLUXNET_2021-2023_v1.3_r1/EUF_SE-Trb_FLUXNET_ERA5_YY_1981-2024_v1.3_r1.csv,EUF_SE-Trb_FLUXNET_ERA5_YY_1981-2024_v1.3_r1.csv,TRUE,2026-06-01T17:22:34,3521,table_1 (p_era_mean_mm_1981_2025 dataset='era5_yy'; p_era_mean_mm_tower_years window boundary dataset='fluxmet_yy'); spot_check_nine_sites.csv
SE-Trb,fluxmet_yy,data/extracted/EUF_SE-Trb_FLUXNET_2021-2023_v1.3_r1/EUF_SE-Trb_FLUXNET_FLUXMET_YY_2021-2023_v1.3_r1.csv,EUF_SE-Trb_FLUXNET_FLUXMET_YY_2021-2023_v1.3_r1.csv,TRUE,2026-06-01T17:22:34,12105,table_1 (p_era_mean_mm_1981_2025 dataset='era5_yy'; p_era_mean_mm_tower_years window boundary dataset='fluxmet_yy'); spot_check_nine_sites.csv
SJ-Adv,era5_yy,data/extracted/EUF_SJ-Adv_FLUXNET_2012-2014_v1.3_r1/EUF_SJ-Adv_FLUXNET_ERA5_YY_1981-2025_v1.3_r1.csv,EUF_SJ-Adv_FLUXNET_ERA5_YY_1981-2025_v1.3_r1.csv,TRUE,2026-09-01T09:58:30,3644,table_1 (p_era_mean_mm_1981_2025 dataset='era5_yy'; p_era_mean_mm_tower_years window boundary dataset='fluxmet_yy'); spot_check_nine_sites.csv
SJ-Adv,fluxmet_yy,data/extracted/EUF_SJ-Adv_FLUXNET_2012-2014_v1.3_r1/EUF_SJ-Adv_FLUXNET_FLUXMET_YY_2012-2014_v1.3_r1.csv,EUF_SJ-Adv_FLUXNET_FLUXMET_YY_2012-2014_v1.3_r1.csv,TRUE,2026-09-01T09:58:30,11777,table_1 (p_era_mean_mm_1981_2025 dataset='era5_yy'; p_era_mean_mm_tower_years window boundary dataset='fluxmet_yy'); spot_check_nine_sites.csv
SN-Dhr,era5_yy,data/extracted/EUF_SN-Dhr_FLUXNET_2010-2022_v1.3_r1/EUF_SN-Dhr_FLUXNET_ERA5_YY_1981-2024_v1.3_r1.csv,EUF_SN-Dhr_FLUXNET_ERA5_YY_1981-2024_v1.3_r1.csv,TRUE,2026-06-01T17:22:34,3709,table_1 (p_era_mean_mm_1981_2025 dataset='era5_yy'; p_era_mean_mm_tower_years window boundary dataset='fluxmet_yy'); spot_check_nine_sites.csv
SN-Dhr,fluxmet_yy,data/extracted/EUF_SN-Dhr_FLUXNET_2010-2022_v1.3_r1/EUF_SN-Dhr_FLUXNET_FLUXMET_YY_2010-2022_v1.3_r1.csv,EUF_SN-Dhr_FLUXNET_FLUXMET_YY_2010-2022_v1.3_r1.csv,TRUE,2026-06-01T17:22:34,36468,table_1 (p_era_mean_mm_1981_2025 dataset='era5_yy'; p_era_mean_mm_tower_years window boundary dataset='fluxmet_yy'); spot_check_nine_sites.csv
SN-Nkr,era5_yy,data/extracted/EUF_SN-Nkr_FLUXNET_2018-2024_v1.3_r1/EUF_SN-Nkr_FLUXNET_ERA5_YY_1981-2024_v1.3_r1.csv,EUF_SN-Nkr_FLUXNET_ERA5_YY_1981-2024_v1.3_r1.csv,TRUE,2026-06-01T17:22:34,3725,table_1 (p_era_mean_mm_1981_2025 dataset='era5_yy'; p_era_mean_mm_tower_years window boundary dataset='fluxmet_yy'); spot_check_nine_sites.csv
SN-Nkr,fluxmet_yy,data/extracted/EUF_SN-Nkr_FLUXNET_2018-2024_v1.3_r1/EUF_SN-Nkr_FLUXNET_FLUXMET_YY_2018-2024_v1.3_r1.csv,EUF_SN-Nkr_FLUXNET_FLUXMET_YY_2018-2024_v1.3_r1.csv,TRUE,2026-06-01T17:22:34,24913,table_1 (p_era_mean_mm_1981_2025 dataset='era5_yy'; p_era_mean_mm_tower_years window boundary dataset='fluxmet_yy'); spot_check_nine_sites.csv
TH-Kog,era5_yy,data/extracted/JPF_TH-Kog_FLUXNET_2005-2013_v1.3_r1/JPF_TH-Kog_FLUXNET_ERA5_YY_1981-2025_v1.3_r1.csv,JPF_TH-Kog_FLUXNET_ERA5_YY_1981-2025_v1.3_r1.csv,TRUE,2026-06-01T17:22:34,3760,table_1 (p_era_mean_mm_1981_2025 dataset='era5_yy'; p_era_mean_mm_tower_years window boundary dataset='fluxmet_yy'); spot_check_nine_sites.csv
TH-Kog,fluxmet_yy,data/extracted/JPF_TH-Kog_FLUXNET_2005-2013_v1.3_r1/JPF_TH-Kog_FLUXNET_FLUXMET_YY_2005-2013_v1.3_r1.csv,JPF_TH-Kog_FLUXNET_FLUXMET_YY_2005-2013_v1.3_r1.csv,TRUE,2026-06-01T17:22:34,19541,table_1 (p_era_mean_mm_1981_2025 dataset='era5_yy'; p_era_mean_mm_tower_years window boundary dataset='fluxmet_yy'); spot_check_nine_sites.csv
TH-Mae,era5_yy,data/extracted/JPF_TH-Mae_FLUXNET_2005-2016_v1.3_r1/JPF_TH-Mae_FLUXNET_ERA5_YY_1981-2024_v1.3_r1.csv,JPF_TH-Mae_FLUXNET_ERA5_YY_1981-2024_v1.3_r1.csv,TRUE,2026-06-01T17:22:34,3712,table_1 (p_era_mean_mm_1981_2025 dataset='era5_yy'; p_era_mean_mm_tower_years window boundary dataset='fluxmet_yy'); spot_check_nine_sites.csv
TH-Mae,fluxmet_yy,data/extracted/JPF_TH-Mae_FLUXNET_2005-2016_v1.3_r1/JPF_TH-Mae_FLUXNET_FLUXMET_YY_2005-2016_v1.3_r1.csv,JPF_TH-Mae_FLUXNET_FLUXMET_YY_2005-2016_v1.3_r1.csv,TRUE,2026-06-01T17:22:34,35512,table_1 (p_era_mean_mm_1981_2025 dataset='era5_yy'; p_era_mean_mm_tower_years window boundary dataset='fluxmet_yy'); spot_check_nine_sites.csv
UK-AMo,era5_yy,data/extracted/ICOS_UK-AMo_FLUXNET_2003-2024_v1.3_r1/ICOS_UK-AMo_FLUXNET_ERA5_YY_1981-2025_v1.3_r1.csv,ICOS_UK-AMo_FLUXNET_ERA5_YY_1981-2025_v1.3_r1.csv,TRUE,2026-06-01T17:22:34,3556,table_1 (p_era_mean_mm_1981_2025 dataset='era5_yy'; p_era_mean_mm_tower_years window boundary dataset='fluxmet_yy'); spot_check_nine_sites.csv
UK-AMo,fluxmet_yy,data/extracted/ICOS_UK-AMo_FLUXNET_2003-2024_v1.3_r1/ICOS_UK-AMo_FLUXNET_FLUXMET_YY_2003-2024_v1.3_r1.csv,ICOS_UK-AMo_FLUXNET_FLUXMET_YY_2003-2024_v1.3_r1.csv,TRUE,2026-06-01T17:22:34,63130,table_1 (p_era_mean_mm_1981_2025 dataset='era5_yy'; p_era_mean_mm_tower_years window boundary dataset='fluxmet_yy'); spot_check_nine_sites.csv
UK-Ags,era5_yy,data/extracted/EUF_UK-Ags_FLUXNET_2023-2024_v1.3_r1/EUF_UK-Ags_FLUXNET_ERA5_YY_1981-2024_v1.3_r1.csv,EUF_UK-Ags_FLUXNET_ERA5_YY_1981-2024_v1.3_r1.csv,TRUE,2026-06-01T17:22:34,3706,table_1 (p_era_mean_mm_1981_2025 dataset='era5_yy'; p_era_mean_mm_tower_years window boundary dataset='fluxmet_yy'); spot_check_nine_sites.csv
UK-Ags,fluxmet_yy,data/extracted/EUF_UK-Ags_FLUXNET_2023-2024_v1.3_r1/EUF_UK-Ags_FLUXNET_FLUXMET_YY_2023-2024_v1.3_r1.csv,EUF_UK-Ags_FLUXNET_FLUXMET_YY_2023-2024_v1.3_r1.csv,TRUE,2026-06-01T17:22:34,6441,table_1 (p_era_mean_mm_1981_2025 dataset='era5_yy'; p_era_mean_mm_tower_years window boundary dataset='fluxmet_yy'); spot_check_nine_sites.csv
UK-BnB,era5_yy,data/extracted/EUF_UK-BnB_FLUXNET_2021-2024_v1.3_r1/EUF_UK-BnB_FLUXNET_ERA5_YY_1981-2024_v1.3_r1.csv,EUF_UK-BnB_FLUXNET_ERA5_YY_1981-2024_v1.3_r1.csv,TRUE,2026-06-01T17:22:34,3566,table_1 (p_era_mean_mm_1981_2025 dataset='era5_yy'; p_era_mean_mm_tower_years window boundary dataset='fluxmet_yy'); spot_check_nine_sites.csv
UK-BnB,fluxmet_yy,data/extracted/EUF_UK-BnB_FLUXNET_2021-2024_v1.3_r1/EUF_UK-BnB_FLUXNET_FLUXMET_YY_2021-2024_v1.3_r1.csv,EUF_UK-BnB_FLUXNET_FLUXMET_YY_2021-2024_v1.3_r1.csv,TRUE,2026-06-01T17:22:34,16060,table_1 (p_era_mean_mm_1981_2025 dataset='era5_yy'; p_era_mean_mm_tower_years window boundary dataset='fluxmet_yy'); spot_check_nine_sites.csv
UK-CCr,era5_yy,data/extracted/EUF_UK-CCr_FLUXNET_2022-2024_v1.3_r1/EUF_UK-CCr_FLUXNET_ERA5_YY_1981-2024_v1.3_r1.csv,EUF_UK-CCr_FLUXNET_ERA5_YY_1981-2024_v1.3_r1.csv,TRUE,2026-06-01T17:22:34,3586,table_1 (p_era_mean_mm_1981_2025 dataset='era5_yy'; p_era_mean_mm_tower_years window boundary dataset='fluxmet_yy'); spot_check_nine_sites.csv
UK-CCr,fluxmet_yy,data/extracted/EUF_UK-CCr_FLUXNET_2022-2024_v1.3_r1/EUF_UK-CCr_FLUXNET_FLUXMET_YY_2022-2024_v1.3_r1.csv,EUF_UK-CCr_FLUXNET_FLUXMET_YY_2022-2024_v1.3_r1.csv,TRUE,2026-06-01T17:22:34,13321,table_1 (p_era_mean_mm_1981_2025 dataset='era5_yy'; p_era_mean_mm_tower_years window boundary dataset='fluxmet_yy'); spot_check_nine_sites.csv
UK-Cvn,era5_yy,data/extracted/EUF_UK-Cvn_FLUXNET_2023-2024_v1.3_r1/EUF_UK-Cvn_FLUXNET_ERA5_YY_1981-2024_v1.3_r1.csv,EUF_UK-Cvn_FLUXNET_ERA5_YY_1981-2024_v1.3_r1.csv,TRUE,2026-06-01T17:22:34,3605,table_1 (p_era_mean_mm_1981_2025 dataset='era5_yy'; p_era_mean_mm_tower_years window boundary dataset='fluxmet_yy'); spot_check_nine_sites.csv
UK-Cvn,fluxmet_yy,data/extracted/EUF_UK-Cvn_FLUXNET_2023-2024_v1.3_r1/EUF_UK-Cvn_FLUXNET_FLUXMET_YY_2023-2024_v1.3_r1.csv,EUF_UK-Cvn_FLUXNET_FLUXMET_YY_2023-2024_v1.3_r1.csv,TRUE,2026-06-01T17:22:34,6126,table_1 (p_era_mean_mm_1981_2025 dataset='era5_yy'; p_era_mean_mm_tower_years window boundary dataset='fluxmet_yy'); spot_check_nine_sites.csv
UK-GaB,era5_yy,data/extracted/EUF_UK-GaB_FLUXNET_2022-2024_v1.3_r1/EUF_UK-GaB_FLUXNET_ERA5_YY_1981-2024_v1.3_r1.csv,EUF_UK-GaB_FLUXNET_ERA5_YY_1981-2024_v1.3_r1.csv,TRUE,2026-06-01T17:22:34,3554,table_1 (p_era_mean_mm_1981_2025 dataset='era5_yy'; p_era_mean_mm_tower_years window boundary dataset='fluxmet_yy'); spot_check_nine_sites.csv
UK-GaB,fluxmet_yy,data/extracted/EUF_UK-GaB_FLUXNET_2022-2024_v1.3_r1/EUF_UK-GaB_FLUXNET_FLUXMET_YY_2022-2024_v1.3_r1.csv,EUF_UK-GaB_FLUXNET_FLUXMET_YY_2022-2024_v1.3_r1.csv,TRUE,2026-06-01T17:22:34,13244,table_1 (p_era_mean_mm_1981_2025 dataset='era5_yy'; p_era_mean_mm_tower_years window boundary dataset='fluxmet_yy'); spot_check_nine_sites.csv
UK-Gnn,era5_yy,data/extracted/EUF_UK-Gnn_FLUXNET_2022-2024_v1.3_r1/EUF_UK-Gnn_FLUXNET_ERA5_YY_1981-2024_v1.3_r1.csv,EUF_UK-Gnn_FLUXNET_ERA5_YY_1981-2024_v1.3_r1.csv,TRUE,2026-06-01T17:22:34,3557,table_1 (p_era_mean_mm_1981_2025 dataset='era5_yy'; p_era_mean_mm_tower_years window boundary dataset='fluxmet_yy'); spot_check_nine_sites.csv
UK-Gnn,fluxmet_yy,data/extracted/EUF_UK-Gnn_FLUXNET_2022-2024_v1.3_r1/EUF_UK-Gnn_FLUXNET_FLUXMET_YY_2022-2024_v1.3_r1.csv,EUF_UK-Gnn_FLUXNET_FLUXMET_YY_2022-2024_v1.3_r1.csv,TRUE,2026-06-01T17:22:34,13234,table_1 (p_era_mean_mm_1981_2025 dataset='era5_yy'; p_era_mean_mm_tower_years window boundary dataset='fluxmet_yy'); spot_check_nine_sites.csv
UK-Gwr,era5_yy,data/extracted/EUF_UK-Gwr_FLUXNET_2022-2024_v1.3_r1/EUF_UK-Gwr_FLUXNET_ERA5_YY_1981-2024_v1.3_r1.csv,EUF_UK-Gwr_FLUXNET_ERA5_YY_1981-2024_v1.3_r1.csv,TRUE,2026-06-01T17:22:34,3515,table_1 (p_era_mean_mm_1981_2025 dataset='era5_yy'; p_era_mean_mm_tower_years window boundary dataset='fluxmet_yy'); spot_check_nine_sites.csv
UK-Gwr,fluxmet_yy,data/extracted/EUF_UK-Gwr_FLUXNET_2022-2024_v1.3_r1/EUF_UK-Gwr_FLUXNET_FLUXMET_YY_2022-2024_v1.3_r1.csv,EUF_UK-Gwr_FLUXNET_FLUXMET_YY_2022-2024_v1.3_r1.csv,TRUE,2026-06-01T17:22:34,13105,table_1 (p_era_mean_mm_1981_2025 dataset='era5_yy'; p_era_mean_mm_tower_years window boundary dataset='fluxmet_yy'); spot_check_nine_sites.csv
UK-HgF,era5_yy,data/extracted/EUF_UK-HgF_FLUXNET_2023-2024_v1.3_r1/EUF_UK-HgF_FLUXNET_ERA5_YY_1981-2024_v1.3_r1.csv,EUF_UK-HgF_FLUXNET_ERA5_YY_1981-2024_v1.3_r1.csv,TRUE,2026-06-01T17:22:34,3604,table_1 (p_era_mean_mm_1981_2025 dataset='era5_yy'; p_era_mean_mm_tower_years window boundary dataset='fluxmet_yy'); spot_check_nine_sites.csv
UK-HgF,fluxmet_yy,data/extracted/EUF_UK-HgF_FLUXNET_2023-2024_v1.3_r1/EUF_UK-HgF_FLUXNET_FLUXMET_YY_2023-2024_v1.3_r1.csv,EUF_UK-HgF_FLUXNET_FLUXMET_YY_2023-2024_v1.3_r1.csv,TRUE,2026-06-01T17:22:34,6124,table_1 (p_era_mean_mm_1981_2025 dataset='era5_yy'; p_era_mean_mm_tower_years window boundary dataset='fluxmet_yy'); spot_check_nine_sites.csv
UK-HpF,era5_yy,data/extracted/EUF_UK-HpF_FLUXNET_2023-2024_v1.3_r1/EUF_UK-HpF_FLUXNET_ERA5_YY_1981-2024_v1.3_r1.csv,EUF_UK-HpF_FLUXNET_ERA5_YY_1981-2024_v1.3_r1.csv,TRUE,2026-06-01T17:22:34,3622,table_1 (p_era_mean_mm_1981_2025 dataset='era5_yy'; p_era_mean_mm_tower_years window boundary dataset='fluxmet_yy'); spot_check_nine_sites.csv
UK-HpF,fluxmet_yy,data/extracted/EUF_UK-HpF_FLUXNET_2023-2024_v1.3_r1/EUF_UK-HpF_FLUXNET_FLUXMET_YY_2023-2024_v1.3_r1.csv,EUF_UK-HpF_FLUXNET_FLUXMET_YY_2023-2024_v1.3_r1.csv,TRUE,2026-06-01T17:22:34,6623,table_1 (p_era_mean_mm_1981_2025 dataset='era5_yy'; p_era_mean_mm_tower_years window boundary dataset='fluxmet_yy'); spot_check_nine_sites.csv
US-A03,era5_yy,data/extracted/AMF_US-A03_FLUXNET_2015-2021_v1.3_r1/AMF_US-A03_FLUXNET_ERA5_YY_1981-2025_v1.3_r1.csv,AMF_US-A03_FLUXNET_ERA5_YY_1981-2025_v1.3_r1.csv,TRUE,2026-06-01T16:37:39,3740,table_1 (p_era_mean_mm_1981_2025 dataset='era5_yy'; p_era_mean_mm_tower_years window boundary dataset='fluxmet_yy'); spot_check_nine_sites.csv
US-A03,fluxmet_yy,data/extracted/AMF_US-A03_FLUXNET_2015-2021_v1.3_r1/AMF_US-A03_FLUXNET_FLUXMET_YY_2015-2021_v1.3_r1.csv,AMF_US-A03_FLUXNET_FLUXMET_YY_2015-2021_v1.3_r1.csv,TRUE,2026-06-01T16:37:39,22732,table_1 (p_era_mean_mm_1981_2025 dataset='era5_yy'; p_era_mean_mm_tower_years window boundary dataset='fluxmet_yy'); spot_check_nine_sites.csv
US-A10,era5_yy,data/extracted/AMF_US-A10_FLUXNET_2011-2022_v1.3_r1/AMF_US-A10_FLUXNET_ERA5_YY_1981-2025_v1.3_r1.csv,AMF_US-A10_FLUXNET_ERA5_YY_1981-2025_v1.3_r1.csv,TRUE,2026-06-01T16:37:39,3745,table_1 (p_era_mean_mm_1981_2025 dataset='era5_yy'; p_era_mean_mm_tower_years window boundary dataset='fluxmet_yy'); spot_check_nine_sites.csv
US-A10,fluxmet_yy,data/extracted/AMF_US-A10_FLUXNET_2011-2022_v1.3_r1/AMF_US-A10_FLUXNET_FLUXMET_YY_2011-2022_v1.3_r1.csv,AMF_US-A10_FLUXNET_FLUXMET_YY_2011-2022_v1.3_r1.csv,TRUE,2026-06-01T16:37:39,26000,table_1 (p_era_mean_mm_1981_2025 dataset='era5_yy'; p_era_mean_mm_tower_years window boundary dataset='fluxmet_yy'); spot_check_nine_sites.csv
US-A32,era5_yy,data/extracted/AMF_US-A32_FLUXNET_2015-2017_v1.3_r1/AMF_US-A32_FLUXNET_ERA5_YY_1981-2025_v1.3_r1.csv,AMF_US-A32_FLUXNET_ERA5_YY_1981-2025_v1.3_r1.csv,TRUE,2026-06-01T16:37:39,3732,table_1 (p_era_mean_mm_1981_2025 dataset='era5_yy'; p_era_mean_mm_tower_years window boundary dataset='fluxmet_yy'); spot_check_nine_sites.csv
US-A32,fluxmet_yy,data/extracted/AMF_US-A32_FLUXNET_2015-2017_v1.3_r1/AMF_US-A32_FLUXNET_FLUXMET_YY_2015-2017_v1.3_r1.csv,AMF_US-A32_FLUXNET_FLUXMET_YY_2015-2017_v1.3_r1.csv,TRUE,2026-06-01T16:37:39,12299,table_1 (p_era_mean_mm_1981_2025 dataset='era5_yy'; p_era_mean_mm_tower_years window boundary dataset='fluxmet_yy'); spot_check_nine_sites.csv
US-A37,era5_yy,data/extracted/AMF_US-A37_FLUXNET_2024-2024_v1.3_r1/AMF_US-A37_FLUXNET_ERA5_YY_1981-2025_v1.3_r1.csv,AMF_US-A37_FLUXNET_ERA5_YY_1981-2025_v1.3_r1.csv,TRUE,2026-06-01T16:37:39,3656,table_1 (p_era_mean_mm_1981_2025 dataset='era5_yy'; p_era_mean_mm_tower_years window boundary dataset='fluxmet_yy'); spot_check_nine_sites.csv
US-A37,fluxmet_yy,data/extracted/AMF_US-A37_FLUXNET_2024-2024_v1.3_r1/AMF_US-A37_FLUXNET_FLUXMET_YY_2024-2024_v1.3_r1.csv,AMF_US-A37_FLUXNET_FLUXMET_YY_2024-2024_v1.3_r1.csv,TRUE,2026-06-01T16:37:39,4897,table_1 (p_era_mean_mm_1981_2025 dataset='era5_yy'; p_era_mean_mm_tower_years window boundary dataset='fluxmet_yy'); spot_check_nine_sites.csv
US-A39,era5_yy,data/extracted/AMF_US-A39_FLUXNET_2024-2024_v1.3_r1/AMF_US-A39_FLUXNET_ERA5_YY_1981-2025_v1.3_r1.csv,AMF_US-A39_FLUXNET_ERA5_YY_1981-2025_v1.3_r1.csv,TRUE,2026-06-01T16:37:39,3676,table_1 (p_era_mean_mm_1981_2025 dataset='era5_yy'; p_era_mean_mm_tower_years window boundary dataset='fluxmet_yy'); spot_check_nine_sites.csv
US-A39,fluxmet_yy,data/extracted/AMF_US-A39_FLUXNET_2024-2024_v1.3_r1/AMF_US-A39_FLUXNET_FLUXMET_YY_2024-2024_v1.3_r1.csv,AMF_US-A39_FLUXNET_FLUXMET_YY_2024-2024_v1.3_r1.csv,TRUE,2026-06-01T16:37:39,4911,table_1 (p_era_mean_mm_1981_2025 dataset='era5_yy'; p_era_mean_mm_tower_years window boundary dataset='fluxmet_yy'); spot_check_nine_sites.csv
US-A74,era5_yy,data/extracted/AMF_US-A74_FLUXNET_2016-2017_v1.3_r1/AMF_US-A74_FLUXNET_ERA5_YY_1981-2025_v1.3_r1.csv,AMF_US-A74_FLUXNET_ERA5_YY_1981-2025_v1.3_r1.csv,TRUE,2026-06-01T16:37:39,3701,table_1 (p_era_mean_mm_1981_2025 dataset='era5_yy'; p_era_mean_mm_tower_years window boundary dataset='fluxmet_yy'); spot_check_nine_sites.csv
US-A74,fluxmet_yy,data/extracted/AMF_US-A74_FLUXNET_2016-2017_v1.3_r1/AMF_US-A74_FLUXNET_FLUXMET_YY_2016-2017_v1.3_r1.csv,AMF_US-A74_FLUXNET_FLUXMET_YY_2016-2017_v1.3_r1.csv,TRUE,2026-06-01T16:37:39,6089,table_1 (p_era_mean_mm_1981_2025 dataset='era5_yy'; p_era_mean_mm_tower_years window boundary dataset='fluxmet_yy'); spot_check_nine_sites.csv
US-ABa,era5_yy,data/extracted/AMF_US-ABa_FLUXNET_2013-2015_v1.3_r1/AMF_US-ABa_FLUXNET_ERA5_YY_1981-2025_v1.3_r1.csv,AMF_US-ABa_FLUXNET_ERA5_YY_1981-2025_v1.3_r1.csv,TRUE,2026-06-01T16:37:39,3798,table_1 (p_era_mean_mm_1981_2025 dataset='era5_yy'; p_era_mean_mm_tower_years window boundary dataset='fluxmet_yy'); spot_check_nine_sites.csv
US-ABa,fluxmet_yy,data/extracted/AMF_US-ABa_FLUXNET_2013-2015_v1.3_r1/AMF_US-ABa_FLUXNET_FLUXMET_YY_2013-2015_v1.3_r1.csv,AMF_US-ABa_FLUXNET_FLUXMET_YY_2013-2015_v1.3_r1.csv,TRUE,2026-06-01T16:37:39,12300,table_1 (p_era_mean_mm_1981_2025 dataset='era5_yy'; p_era_mean_mm_tower_years window boundary dataset='fluxmet_yy'); spot_check_nine_sites.csv
US-ABb,era5_yy,data/extracted/AMF_US-ABb_FLUXNET_2013-2015_v1.3_r1/AMF_US-ABb_FLUXNET_ERA5_YY_1981-2025_v1.3_r1.csv,AMF_US-ABb_FLUXNET_ERA5_YY_1981-2025_v1.3_r1.csv,TRUE,2026-06-01T16:37:39,3794,table_1 (p_era_mean_mm_1981_2025 dataset='era5_yy'; p_era_mean_mm_tower_years window boundary dataset='fluxmet_yy'); spot_check_nine_sites.csv
US-ABb,fluxmet_yy,data/extracted/AMF_US-ABb_FLUXNET_2013-2015_v1.3_r1/AMF_US-ABb_FLUXNET_FLUXMET_YY_2013-2015_v1.3_r1.csv,AMF_US-ABb_FLUXNET_FLUXMET_YY_2013-2015_v1.3_r1.csv,TRUE,2026-06-01T16:37:39,12494,table_1 (p_era_mean_mm_1981_2025 dataset='era5_yy'; p_era_mean_mm_tower_years window boundary dataset='fluxmet_yy'); spot_check_nine_sites.csv
US-ABc,era5_yy,data/extracted/AMF_US-ABc_FLUXNET_2013-2015_v1.3_r1/AMF_US-ABc_FLUXNET_ERA5_YY_1981-2025_v1.3_r1.csv,AMF_US-ABc_FLUXNET_ERA5_YY_1981-2025_v1.3_r1.csv,TRUE,2026-06-01T16:37:39,3793,table_1 (p_era_mean_mm_1981_2025 dataset='era5_yy'; p_era_mean_mm_tower_years window boundary dataset='fluxmet_yy'); spot_check_nine_sites.csv
US-ABc,fluxmet_yy,data/extracted/AMF_US-ABc_FLUXNET_2013-2015_v1.3_r1/AMF_US-ABc_FLUXNET_FLUXMET_YY_2013-2015_v1.3_r1.csv,AMF_US-ABc_FLUXNET_FLUXMET_YY_2013-2015_v1.3_r1.csv,TRUE,2026-06-01T16:37:39,12026,table_1 (p_era_mean_mm_1981_2025 dataset='era5_yy'; p_era_mean_mm_tower_years window boundary dataset='fluxmet_yy'); spot_check_nine_sites.csv
US-ABd,era5_yy,data/extracted/AMF_US-ABd_FLUXNET_2013-2015_v1.3_r1/AMF_US-ABd_FLUXNET_ERA5_YY_1981-2025_v1.3_r1.csv,AMF_US-ABd_FLUXNET_ERA5_YY_1981-2025_v1.3_r1.csv,TRUE,2026-06-01T16:37:39,3790,table_1 (p_era_mean_mm_1981_2025 dataset='era5_yy'; p_era_mean_mm_tower_years window boundary dataset='fluxmet_yy'); spot_check_nine_sites.csv
US-ABd,fluxmet_yy,data/extracted/AMF_US-ABd_FLUXNET_2013-2015_v1.3_r1/AMF_US-ABd_FLUXNET_FLUXMET_YY_2013-2015_v1.3_r1.csv,AMF_US-ABd_FLUXNET_FLUXMET_YY_2013-2015_v1.3_r1.csv,TRUE,2026-06-01T16:37:39,12058,table_1 (p_era_mean_mm_1981_2025 dataset='era5_yy'; p_era_mean_mm_tower_years window boundary dataset='fluxmet_yy'); spot_check_nine_sites.csv
US-ABe,era5_yy,data/extracted/AMF_US-ABe_FLUXNET_2013-2015_v1.3_r1/AMF_US-ABe_FLUXNET_ERA5_YY_1981-2025_v1.3_r1.csv,AMF_US-ABe_FLUXNET_ERA5_YY_1981-2025_v1.3_r1.csv,TRUE,2026-06-01T16:37:39,3798,table_1 (p_era_mean_mm_1981_2025 dataset='era5_yy'; p_era_mean_mm_tower_years window boundary dataset='fluxmet_yy'); spot_check_nine_sites.csv
US-ABe,fluxmet_yy,data/extracted/AMF_US-ABe_FLUXNET_2013-2015_v1.3_r1/AMF_US-ABe_FLUXNET_FLUXMET_YY_2013-2015_v1.3_r1.csv,AMF_US-ABe_FLUXNET_FLUXMET_YY_2013-2015_v1.3_r1.csv,TRUE,2026-06-01T16:37:39,12130,table_1 (p_era_mean_mm_1981_2025 dataset='era5_yy'; p_era_mean_mm_tower_years window boundary dataset='fluxmet_yy'); spot_check_nine_sites.csv
US-ADR,era5_yy,data/extracted/AMF_US-ADR_FLUXNET_2011-2017_v1.3_r1/AMF_US-ADR_FLUXNET_ERA5_YY_1981-2025_v1.3_r1.csv,AMF_US-ADR_FLUXNET_ERA5_YY_1981-2025_v1.3_r1.csv,TRUE,2026-06-01T16:37:39,3743,table_1 (p_era_mean_mm_1981_2025 dataset='era5_yy'; p_era_mean_mm_tower_years window boundary dataset='fluxmet_yy'); spot_check_nine_sites.csv
US-ADR,fluxmet_yy,data/extracted/AMF_US-ADR_FLUXNET_2011-2017_v1.3_r1/AMF_US-ADR_FLUXNET_FLUXMET_YY_2011-2017_v1.3_r1.csv,AMF_US-ADR_FLUXNET_FLUXMET_YY_2011-2017_v1.3_r1.csv,TRUE,2026-06-01T16:37:39,21206,table_1 (p_era_mean_mm_1981_2025 dataset='era5_yy'; p_era_mean_mm_tower_years window boundary dataset='fluxmet_yy'); spot_check_nine_sites.csv
US-ALQ,era5_yy,data/extracted/AMF_US-ALQ_FLUXNET_2015-2025_v1.3_r1/AMF_US-ALQ_FLUXNET_ERA5_YY_1981-2025_v1.3_r1.csv,AMF_US-ALQ_FLUXNET_ERA5_YY_1981-2025_v1.3_r1.csv,TRUE,2026-06-01T16:37:39,3565,table_1 (p_era_mean_mm_1981_2025 dataset='era5_yy'; p_era_mean_mm_tower_years window boundary dataset='fluxmet_yy'); spot_check_nine_sites.csv
US-ALQ,fluxmet_yy,data/extracted/AMF_US-ALQ_FLUXNET_2015-2025_v1.3_r1/AMF_US-ALQ_FLUXNET_FLUXMET_YY_2015-2025_v1.3_r1.csv,AMF_US-ALQ_FLUXNET_FLUXMET_YY_2015-2025_v1.3_r1.csv,TRUE,2026-06-01T16:37:39,22853,table_1 (p_era_mean_mm_1981_2025 dataset='era5_yy'; p_era_mean_mm_tower_years window boundary dataset='fluxmet_yy'); spot_check_nine_sites.csv
US-AR1,era5_yy,data/extracted/AMF_US-AR1_FLUXNET_2009-2012_v1.3_r1/AMF_US-AR1_FLUXNET_ERA5_YY_1981-2025_v1.3_r1.csv,AMF_US-AR1_FLUXNET_ERA5_YY_1981-2025_v1.3_r1.csv,TRUE,2026-06-01T16:37:39,3699,table_1 (p_era_mean_mm_1981_2025 dataset='era5_yy'; p_era_mean_mm_tower_years window boundary dataset='fluxmet_yy'); spot_check_nine_sites.csv
US-AR1,fluxmet_yy,data/extracted/AMF_US-AR1_FLUXNET_2009-2012_v1.3_r1/AMF_US-AR1_FLUXNET_FLUXMET_YY_2009-2012_v1.3_r1.csv,AMF_US-AR1_FLUXNET_FLUXMET_YY_2009-2012_v1.3_r1.csv,TRUE,2026-06-01T16:37:39,15298,table_1 (p_era_mean_mm_1981_2025 dataset='era5_yy'; p_era_mean_mm_tower_years window boundary dataset='fluxmet_yy'); spot_check_nine_sites.csv
US-AR2,era5_yy,data/extracted/AMF_US-AR2_FLUXNET_2009-2012_v1.3_r1/AMF_US-AR2_FLUXNET_ERA5_YY_1981-2025_v1.3_r1.csv,AMF_US-AR2_FLUXNET_ERA5_YY_1981-2025_v1.3_r1.csv,TRUE,2026-06-01T16:37:39,3722,table_1 (p_era_mean_mm_1981_2025 dataset='era5_yy'; p_era_mean_mm_tower_years window boundary dataset='fluxmet_yy'); spot_check_nine_sites.csv
US-AR2,fluxmet_yy,data/extracted/AMF_US-AR2_FLUXNET_2009-2012_v1.3_r1/AMF_US-AR2_FLUXNET_FLUXMET_YY_2009-2012_v1.3_r1.csv,AMF_US-AR2_FLUXNET_FLUXMET_YY_2009-2012_v1.3_r1.csv,TRUE,2026-06-01T16:37:39,15161,table_1 (p_era_mean_mm_1981_2025 dataset='era5_yy'; p_era_mean_mm_tower_years window boundary dataset='fluxmet_yy'); spot_check_nine_sites.csv
US-ARM,era5_yy,data/extracted/AMF_US-ARM_FLUXNET_2003-2025_v1.3_r1/AMF_US-ARM_FLUXNET_ERA5_YY_1981-2025_v1.3_r1.csv,AMF_US-ARM_FLUXNET_ERA5_YY_1981-2025_v1.3_r1.csv,TRUE,2026-06-02T10:06:03,3731,table_1 (p_era_mean_mm_1981_2025 dataset='era5_yy'; p_era_mean_mm_tower_years window boundary dataset='fluxmet_yy'); spot_check_nine_sites.csv
US-ARM,fluxmet_yy,data/extracted/AMF_US-ARM_FLUXNET_2003-2025_v1.3_r1/AMF_US-ARM_FLUXNET_FLUXMET_YY_2003-2025_v1.3_r1.csv,AMF_US-ARM_FLUXNET_FLUXMET_YY_2003-2025_v1.3_r1.csv,TRUE,2026-06-02T10:06:03,73642,table_1 (p_era_mean_mm_1981_2025 dataset='era5_yy'; p_era_mean_mm_tower_years window boundary dataset='fluxmet_yy'); spot_check_nine_sites.csv
US-ARb,era5_yy,data/extracted/AMF_US-ARb_FLUXNET_2005-2006_v1.3_r1/AMF_US-ARb_FLUXNET_ERA5_YY_1981-2025_v1.3_r1.csv,AMF_US-ARb_FLUXNET_ERA5_YY_1981-2025_v1.3_r1.csv,TRUE,2026-06-01T16:37:39,3732,table_1 (p_era_mean_mm_1981_2025 dataset='era5_yy'; p_era_mean_mm_tower_years window boundary dataset='fluxmet_yy'); spot_check_nine_sites.csv
US-ARb,fluxmet_yy,data/extracted/AMF_US-ARb_FLUXNET_2005-2006_v1.3_r1/AMF_US-ARb_FLUXNET_FLUXMET_YY_2005-2006_v1.3_r1.csv,AMF_US-ARb_FLUXNET_FLUXMET_YY_2005-2006_v1.3_r1.csv,TRUE,2026-06-01T16:37:39,5536,table_1 (p_era_mean_mm_1981_2025 dataset='era5_yy'; p_era_mean_mm_tower_years window boundary dataset='fluxmet_yy'); spot_check_nine_sites.csv
US-ARc,era5_yy,data/extracted/AMF_US-ARc_FLUXNET_2005-2006_v1.3_r1/AMF_US-ARc_FLUXNET_ERA5_YY_1981-2025_v1.3_r1.csv,AMF_US-ARc_FLUXNET_ERA5_YY_1981-2025_v1.3_r1.csv,TRUE,2026-06-01T16:37:39,3746,table_1 (p_era_mean_mm_1981_2025 dataset='era5_yy'; p_era_mean_mm_tower_years window boundary dataset='fluxmet_yy'); spot_check_nine_sites.csv
US-ARc,fluxmet_yy,data/extracted/AMF_US-ARc_FLUXNET_2005-2006_v1.3_r1/AMF_US-ARc_FLUXNET_FLUXMET_YY_2005-2006_v1.3_r1.csv,AMF_US-ARc_FLUXNET_FLUXMET_YY_2005-2006_v1.3_r1.csv,TRUE,2026-06-01T16:37:39,5537,table_1 (p_era_mean_mm_1981_2025 dataset='era5_yy'; p_era_mean_mm_tower_years window boundary dataset='fluxmet_yy'); spot_check_nine_sites.csv
US-ASH,era5_yy,data/extracted/AMF_US-ASH_FLUXNET_2016-2016_v1.3_r1/AMF_US-ASH_FLUXNET_ERA5_YY_1981-2025_v1.3_r1.csv,AMF_US-ASH_FLUXNET_ERA5_YY_1981-2025_v1.3_r1.csv,TRUE,2026-06-01T16:37:39,3757,table_1 (p_era_mean_mm_1981_2025 dataset='era5_yy'; p_era_mean_mm_tower_years window boundary dataset='fluxmet_yy'); spot_check_nine_sites.csv
US-ASH,fluxmet_yy,data/extracted/AMF_US-ASH_FLUXNET_2016-2016_v1.3_r1/AMF_US-ASH_FLUXNET_FLUXMET_YY_2016-2016_v1.3_r1.csv,AMF_US-ASH_FLUXNET_FLUXMET_YY_2016-2016_v1.3_r1.csv,TRUE,2026-06-01T16:37:39,4104,table_1 (p_era_mean_mm_1981_2025 dataset='era5_yy'; p_era_mean_mm_tower_years window boundary dataset='fluxmet_yy'); spot_check_nine_sites.csv
US-ASM,era5_yy,data/extracted/AMF_US-ASM_FLUXNET_2016-2016_v1.3_r1/AMF_US-ASM_FLUXNET_ERA5_YY_1981-2025_v1.3_r1.csv,AMF_US-ASM_FLUXNET_ERA5_YY_1981-2025_v1.3_r1.csv,TRUE,2026-06-01T16:37:39,3749,table_1 (p_era_mean_mm_1981_2025 dataset='era5_yy'; p_era_mean_mm_tower_years window boundary dataset='fluxmet_yy'); spot_check_nine_sites.csv
US-ASM,fluxmet_yy,data/extracted/AMF_US-ASM_FLUXNET_2016-2016_v1.3_r1/AMF_US-ASM_FLUXNET_FLUXMET_YY_2016-2016_v1.3_r1.csv,AMF_US-ASM_FLUXNET_FLUXMET_YY_2016-2016_v1.3_r1.csv,TRUE,2026-06-01T16:37:39,4116,table_1 (p_era_mean_mm_1981_2025 dataset='era5_yy'; p_era_mean_mm_tower_years window boundary dataset='fluxmet_yy'); spot_check_nine_sites.csv
US-Akn,era5_yy,data/extracted/AMF_US-Akn_FLUXNET_2011-2022_v1.3_r1/AMF_US-Akn_FLUXNET_ERA5_YY_1981-2025_v1.3_r1.csv,AMF_US-Akn_FLUXNET_ERA5_YY_1981-2025_v1.3_r1.csv,TRUE,2026-06-01T16:37:39,3707,table_1 (p_era_mean_mm_1981_2025 dataset='era5_yy'; p_era_mean_mm_tower_years window boundary dataset='fluxmet_yy'); spot_check_nine_sites.csv
US-Akn,fluxmet_yy,data/extracted/AMF_US-Akn_FLUXNET_2011-2022_v1.3_r1/AMF_US-Akn_FLUXNET_FLUXMET_YY_2011-2022_v1.3_r1.csv,AMF_US-Akn_FLUXNET_FLUXMET_YY_2011-2022_v1.3_r1.csv,TRUE,2026-06-01T16:37:39,22444,table_1 (p_era_mean_mm_1981_2025 dataset='era5_yy'; p_era_mean_mm_tower_years window boundary dataset='fluxmet_yy'); spot_check_nine_sites.csv
US-Aud,era5_yy,data/extracted/AMF_US-Aud_FLUXNET_2002-2024_v1.3_r1/AMF_US-Aud_FLUXNET_ERA5_YY_1981-2025_v1.3_r1.csv,AMF_US-Aud_FLUXNET_ERA5_YY_1981-2025_v1.3_r1.csv,TRUE,2026-06-02T10:06:03,3753,table_1 (p_era_mean_mm_1981_2025 dataset='era5_yy'; p_era_mean_mm_tower_years window boundary dataset='fluxmet_yy'); spot_check_nine_sites.csv
US-Aud,fluxmet_yy,data/extracted/AMF_US-Aud_FLUXNET_2002-2024_v1.3_r1/AMF_US-Aud_FLUXNET_FLUXMET_YY_2002-2024_v1.3_r1.csv,AMF_US-Aud_FLUXNET_FLUXMET_YY_2002-2024_v1.3_r1.csv,TRUE,2026-06-02T10:06:03,59159,table_1 (p_era_mean_mm_1981_2025 dataset='era5_yy'; p_era_mean_mm_tower_years window boundary dataset='fluxmet_yy'); spot_check_nine_sites.csv
US-BRG,era5_yy,data/extracted/AMF_US-BRG_FLUXNET_2017-2020_v1.3_r1/AMF_US-BRG_FLUXNET_ERA5_YY_1981-2025_v1.3_r1.csv,AMF_US-BRG_FLUXNET_ERA5_YY_1981-2025_v1.3_r1.csv,TRUE,2026-06-01T16:37:39,3735,table_1 (p_era_mean_mm_1981_2025 dataset='era5_yy'; p_era_mean_mm_tower_years window boundary dataset='fluxmet_yy'); spot_check_nine_sites.csv
US-BRG,fluxmet_yy,data/extracted/AMF_US-BRG_FLUXNET_2017-2020_v1.3_r1/AMF_US-BRG_FLUXNET_FLUXMET_YY_2017-2020_v1.3_r1.csv,AMF_US-BRG_FLUXNET_FLUXMET_YY_2017-2020_v1.3_r1.csv,TRUE,2026-06-01T16:37:39,14758,table_1 (p_era_mean_mm_1981_2025 dataset='era5_yy'; p_era_mean_mm_tower_years window boundary dataset='fluxmet_yy'); spot_check_nine_sites.csv
US-BZB,era5_yy,data/extracted/AMF_US-BZB_FLUXNET_2011-2025_v1.3_r1/AMF_US-BZB_FLUXNET_ERA5_YY_1981-2025_v1.3_r1.csv,AMF_US-BZB_FLUXNET_ERA5_YY_1981-2025_v1.3_r1.csv,TRUE,2026-06-02T10:06:03,3672,table_1 (p_era_mean_mm_1981_2025 dataset='era5_yy'; p_era_mean_mm_tower_years window boundary dataset='fluxmet_yy'); spot_check_nine_sites.csv
US-BZB,fluxmet_yy,data/extracted/AMF_US-BZB_FLUXNET_2011-2025_v1.3_r1/AMF_US-BZB_FLUXNET_FLUXMET_YY_2011-2025_v1.3_r1.csv,AMF_US-BZB_FLUXNET_FLUXMET_YY_2011-2025_v1.3_r1.csv,TRUE,2026-06-02T10:06:03,43313,table_1 (p_era_mean_mm_1981_2025 dataset='era5_yy'; p_era_mean_mm_tower_years window boundary dataset='fluxmet_yy'); spot_check_nine_sites.csv
US-BZF,era5_yy,data/extracted/AMF_US-BZF_FLUXNET_2011-2025_v1.3_r1/AMF_US-BZF_FLUXNET_ERA5_YY_1981-2025_v1.3_r1.csv,AMF_US-BZF_FLUXNET_ERA5_YY_1981-2025_v1.3_r1.csv,TRUE,2026-06-01T17:22:33,3711,table_1 (p_era_mean_mm_1981_2025 dataset='era5_yy'; p_era_mean_mm_tower_years window boundary dataset='fluxmet_yy'); spot_check_nine_sites.csv
US-BZF,fluxmet_yy,data/extracted/AMF_US-BZF_FLUXNET_2011-2025_v1.3_r1/AMF_US-BZF_FLUXNET_FLUXMET_YY_2011-2025_v1.3_r1.csv,AMF_US-BZF_FLUXNET_FLUXMET_YY_2011-2025_v1.3_r1.csv,TRUE,2026-06-01T17:22:33,43150,table_1 (p_era_mean_mm_1981_2025 dataset='era5_yy'; p_era_mean_mm_tower_years window boundary dataset='fluxmet_yy'); spot_check_nine_sites.csv
US-BZo,era5_yy,data/extracted/AMF_US-BZo_FLUXNET_2018-2025_v1.3_r1/AMF_US-BZo_FLUXNET_ERA5_YY_1981-2025_v1.3_r1.csv,AMF_US-BZo_FLUXNET_ERA5_YY_1981-2025_v1.3_r1.csv,TRUE,2026-06-01T17:22:33,3688,table_1 (p_era_mean_mm_1981_2025 dataset='era5_yy'; p_era_mean_mm_tower_years window boundary dataset='fluxmet_yy'); spot_check_nine_sites.csv
US-BZo,fluxmet_yy,data/extracted/AMF_US-BZo_FLUXNET_2018-2025_v1.3_r1/AMF_US-BZo_FLUXNET_FLUXMET_YY_2018-2025_v1.3_r1.csv,AMF_US-BZo_FLUXNET_FLUXMET_YY_2018-2025_v1.3_r1.csv,TRUE,2026-06-01T17:22:33,25438,table_1 (p_era_mean_mm_1981_2025 dataset='era5_yy'; p_era_mean_mm_tower_years window boundary dataset='fluxmet_yy'); spot_check_nine_sites.csv
US-Bar,era5_yy,data/extracted/AMF_US-Bar_FLUXNET_2004-2023_v1.3_r1/AMF_US-Bar_FLUXNET_ERA5_YY_1981-2025_v1.3_r1.csv,AMF_US-Bar_FLUXNET_ERA5_YY_1981-2025_v1.3_r1.csv,TRUE,2026-06-02T10:06:03,3614,table_1 (p_era_mean_mm_1981_2025 dataset='era5_yy'; p_era_mean_mm_tower_years window boundary dataset='fluxmet_yy'); spot_check_nine_sites.csv
US-Bar,fluxmet_yy,data/extracted/AMF_US-Bar_FLUXNET_2004-2023_v1.3_r1/AMF_US-Bar_FLUXNET_FLUXMET_YY_2004-2023_v1.3_r1.csv,AMF_US-Bar_FLUXNET_FLUXMET_YY_2004-2023_v1.3_r1.csv,TRUE,2026-06-02T10:06:03,56376,table_1 (p_era_mean_mm_1981_2025 dataset='era5_yy'; p_era_mean_mm_tower_years window boundary dataset='fluxmet_yy'); spot_check_nine_sites.csv
US-Bi1,era5_yy,data/extracted/AMF_US-Bi1_FLUXNET_2016-2024_v1.3_r1/AMF_US-Bi1_FLUXNET_ERA5_YY_1981-2024_v1.3_r1.csv,AMF_US-Bi1_FLUXNET_ERA5_YY_1981-2024_v1.3_r1.csv,TRUE,2026-06-02T10:06:03,3700,table_1 (p_era_mean_mm_1981_2025 dataset='era5_yy'; p_era_mean_mm_tower_years window boundary dataset='fluxmet_yy'); spot_check_nine_sites.csv
US-Bi1,fluxmet_yy,data/extracted/AMF_US-Bi1_FLUXNET_2016-2024_v1.3_r1/AMF_US-Bi1_FLUXNET_FLUXMET_YY_2016-2024_v1.3_r1.csv,AMF_US-Bi1_FLUXNET_FLUXMET_YY_2016-2024_v1.3_r1.csv,TRUE,2026-06-02T10:06:03,29052,table_1 (p_era_mean_mm_1981_2025 dataset='era5_yy'; p_era_mean_mm_tower_years window boundary dataset='fluxmet_yy'); spot_check_nine_sites.csv
US-Bi2,era5_yy,data/extracted/AMF_US-Bi2_FLUXNET_2017-2025_v1.3_r1/AMF_US-Bi2_FLUXNET_ERA5_YY_1981-2025_v1.3_r1.csv,AMF_US-Bi2_FLUXNET_ERA5_YY_1981-2025_v1.3_r1.csv,TRUE,2026-06-02T10:06:03,3744,table_1 (p_era_mean_mm_1981_2025 dataset='era5_yy'; p_era_mean_mm_tower_years window boundary dataset='fluxmet_yy'); spot_check_nine_sites.csv
US-Bi2,fluxmet_yy,data/extracted/AMF_US-Bi2_FLUXNET_2017-2025_v1.3_r1/AMF_US-Bi2_FLUXNET_FLUXMET_YY_2017-2025_v1.3_r1.csv,AMF_US-Bi2_FLUXNET_FLUXMET_YY_2017-2025_v1.3_r1.csv,TRUE,2026-06-02T10:06:03,29210,table_1 (p_era_mean_mm_1981_2025 dataset='era5_yy'; p_era_mean_mm_tower_years window boundary dataset='fluxmet_yy'); spot_check_nine_sites.csv
US-CAK,era5_yy,data/extracted/AMF_US-CAK_FLUXNET_2024-2025_v1.3_r1/AMF_US-CAK_FLUXNET_ERA5_YY_1981-2025_v1.3_r1.csv,AMF_US-CAK_FLUXNET_ERA5_YY_1981-2025_v1.3_r1.csv,TRUE,2026-06-01T17:22:33,3752,table_1 (p_era_mean_mm_1981_2025 dataset='era5_yy'; p_era_mean_mm_tower_years window boundary dataset='fluxmet_yy'); spot_check_nine_sites.csv
US-CAK,fluxmet_yy,data/extracted/AMF_US-CAK_FLUXNET_2024-2025_v1.3_r1/AMF_US-CAK_FLUXNET_FLUXMET_YY_2024-2025_v1.3_r1.csv,AMF_US-CAK_FLUXNET_FLUXMET_YY_2024-2025_v1.3_r1.csv,TRUE,2026-06-01T17:22:33,6343,table_1 (p_era_mean_mm_1981_2025 dataset='era5_yy'; p_era_mean_mm_tower_years window boundary dataset='fluxmet_yy'); spot_check_nine_sites.csv
US-CF1,era5_yy,data/extracted/AMF_US-CF1_FLUXNET_2017-2021_v1.3_r1/AMF_US-CF1_FLUXNET_ERA5_YY_1981-2025_v1.3_r1.csv,AMF_US-CF1_FLUXNET_ERA5_YY_1981-2025_v1.3_r1.csv,TRUE,2026-06-01T17:22:33,3509,table_1 (p_era_mean_mm_1981_2025 dataset='era5_yy'; p_era_mean_mm_tower_years window boundary dataset='fluxmet_yy'); spot_check_nine_sites.csv
US-CF1,fluxmet_yy,data/extracted/AMF_US-CF1_FLUXNET_2017-2021_v1.3_r1/AMF_US-CF1_FLUXNET_FLUXMET_YY_2017-2021_v1.3_r1.csv,AMF_US-CF1_FLUXNET_FLUXMET_YY_2017-2021_v1.3_r1.csv,TRUE,2026-06-01T17:22:33,17196,table_1 (p_era_mean_mm_1981_2025 dataset='era5_yy'; p_era_mean_mm_tower_years window boundary dataset='fluxmet_yy'); spot_check_nine_sites.csv
US-CF2,era5_yy,data/extracted/AMF_US-CF2_FLUXNET_2017-2020_v1.3_r1/AMF_US-CF2_FLUXNET_ERA5_YY_1981-2025_v1.3_r1.csv,AMF_US-CF2_FLUXNET_ERA5_YY_1981-2025_v1.3_r1.csv,TRUE,2026-06-01T17:22:33,3547,table_1 (p_era_mean_mm_1981_2025 dataset='era5_yy'; p_era_mean_mm_tower_years window boundary dataset='fluxmet_yy'); spot_check_nine_sites.csv
US-CF2,fluxmet_yy,data/extracted/AMF_US-CF2_FLUXNET_2017-2020_v1.3_r1/AMF_US-CF2_FLUXNET_FLUXMET_YY_2017-2020_v1.3_r1.csv,AMF_US-CF2_FLUXNET_FLUXMET_YY_2017-2020_v1.3_r1.csv,TRUE,2026-06-01T17:22:33,14912,table_1 (p_era_mean_mm_1981_2025 dataset='era5_yy'; p_era_mean_mm_tower_years window boundary dataset='fluxmet_yy'); spot_check_nine_sites.csv
US-CF3,era5_yy,data/extracted/AMF_US-CF3_FLUXNET_2017-2021_v1.3_r1/AMF_US-CF3_FLUXNET_ERA5_YY_1981-2025_v1.3_r1.csv,AMF_US-CF3_FLUXNET_ERA5_YY_1981-2025_v1.3_r1.csv,TRUE,2026-06-01T17:22:33,3545,table_1 (p_era_mean_mm_1981_2025 dataset='era5_yy'; p_era_mean_mm_tower_years window boundary dataset='fluxmet_yy'); spot_check_nine_sites.csv
US-CF3,fluxmet_yy,data/extracted/AMF_US-CF3_FLUXNET_2017-2021_v1.3_r1/AMF_US-CF3_FLUXNET_FLUXMET_YY_2017-2021_v1.3_r1.csv,AMF_US-CF3_FLUXNET_FLUXMET_YY_2017-2021_v1.3_r1.csv,TRUE,2026-06-01T17:22:33,16595,table_1 (p_era_mean_mm_1981_2025 dataset='era5_yy'; p_era_mean_mm_tower_years window boundary dataset='fluxmet_yy'); spot_check_nine_sites.csv
US-CF4,era5_yy,data/extracted/AMF_US-CF4_FLUXNET_2017-2021_v1.3_r1/AMF_US-CF4_FLUXNET_ERA5_YY_1981-2025_v1.3_r1.csv,AMF_US-CF4_FLUXNET_ERA5_YY_1981-2025_v1.3_r1.csv,TRUE,2026-06-01T17:22:33,3552,table_1 (p_era_mean_mm_1981_2025 dataset='era5_yy'; p_era_mean_mm_tower_years window boundary dataset='fluxmet_yy'); spot_check_nine_sites.csv
US-CF4,fluxmet_yy,data/extracted/AMF_US-CF4_FLUXNET_2017-2021_v1.3_r1/AMF_US-CF4_FLUXNET_FLUXMET_YY_2017-2021_v1.3_r1.csv,AMF_US-CF4_FLUXNET_FLUXMET_YY_2017-2021_v1.3_r1.csv,TRUE,2026-06-01T17:22:33,16642,table_1 (p_era_mean_mm_1981_2025 dataset='era5_yy'; p_era_mean_mm_tower_years window boundary dataset='fluxmet_yy'); spot_check_nine_sites.csv
US-CGG,era5_yy,data/extracted/AMF_US-CGG_FLUXNET_2019-2024_v1.3_r1/AMF_US-CGG_FLUXNET_ERA5_YY_1981-2025_v1.3_r1.csv,AMF_US-CGG_FLUXNET_ERA5_YY_1981-2025_v1.3_r1.csv,TRUE,2026-06-01T17:22:33,3750,table_1 (p_era_mean_mm_1981_2025 dataset='era5_yy'; p_era_mean_mm_tower_years window boundary dataset='fluxmet_yy'); spot_check_nine_sites.csv
US-CGG,fluxmet_yy,data/extracted/AMF_US-CGG_FLUXNET_2019-2024_v1.3_r1/AMF_US-CGG_FLUXNET_FLUXMET_YY_2019-2024_v1.3_r1.csv,AMF_US-CGG_FLUXNET_FLUXMET_YY_2019-2024_v1.3_r1.csv,TRUE,2026-06-01T17:22:33,19915,table_1 (p_era_mean_mm_1981_2025 dataset='era5_yy'; p_era_mean_mm_tower_years window boundary dataset='fluxmet_yy'); spot_check_nine_sites.csv
US-CLF,era5_yy,data/extracted/AMF_US-CLF_FLUXNET_2017-2020_v1.3_r1/AMF_US-CLF_FLUXNET_ERA5_YY_1981-2025_v1.3_r1.csv,AMF_US-CLF_FLUXNET_ERA5_YY_1981-2025_v1.3_r1.csv,TRUE,2026-06-01T17:22:33,3626,table_1 (p_era_mean_mm_1981_2025 dataset='era5_yy'; p_era_mean_mm_tower_years window boundary dataset='fluxmet_yy'); spot_check_nine_sites.csv
US-CLF,fluxmet_yy,data/extracted/AMF_US-CLF_FLUXNET_2017-2020_v1.3_r1/AMF_US-CLF_FLUXNET_FLUXMET_YY_2017-2020_v1.3_r1.csv,AMF_US-CLF_FLUXNET_FLUXMET_YY_2017-2020_v1.3_r1.csv,TRUE,2026-06-01T17:22:33,9818,table_1 (p_era_mean_mm_1981_2025 dataset='era5_yy'; p_era_mean_mm_tower_years window boundary dataset='fluxmet_yy'); spot_check_nine_sites.csv
US-CMW,era5_yy,data/extracted/AMF_US-CMW_FLUXNET_2001-2021_v1.3_r1/AMF_US-CMW_FLUXNET_ERA5_YY_1981-2025_v1.3_r1.csv,AMF_US-CMW_FLUXNET_ERA5_YY_1981-2025_v1.3_r1.csv,TRUE,2026-06-01T17:22:33,3768,table_1 (p_era_mean_mm_1981_2025 dataset='era5_yy'; p_era_mean_mm_tower_years window boundary dataset='fluxmet_yy'); spot_check_nine_sites.csv
US-CMW,fluxmet_yy,data/extracted/AMF_US-CMW_FLUXNET_2001-2021_v1.3_r1/AMF_US-CMW_FLUXNET_FLUXMET_YY_2001-2021_v1.3_r1.csv,AMF_US-CMW_FLUXNET_FLUXMET_YY_2001-2021_v1.3_r1.csv,TRUE,2026-06-01T17:22:33,60326,table_1 (p_era_mean_mm_1981_2025 dataset='era5_yy'; p_era_mean_mm_tower_years window boundary dataset='fluxmet_yy'); spot_check_nine_sites.csv
US-CRK,era5_yy,data/extracted/AMF_US-CRK_FLUXNET_2022-2025_v1.3_r1/AMF_US-CRK_FLUXNET_ERA5_YY_1981-2025_v1.3_r1.csv,AMF_US-CRK_FLUXNET_ERA5_YY_1981-2025_v1.3_r1.csv,TRUE,2026-06-01T17:22:33,3734,table_1 (p_era_mean_mm_1981_2025 dataset='era5_yy'; p_era_mean_mm_tower_years window boundary dataset='fluxmet_yy'); spot_check_nine_sites.csv
US-CRK,fluxmet_yy,data/extracted/AMF_US-CRK_FLUXNET_2022-2025_v1.3_r1/AMF_US-CRK_FLUXNET_FLUXMET_YY_2022-2025_v1.3_r1.csv,AMF_US-CRK_FLUXNET_FLUXMET_YY_2022-2025_v1.3_r1.csv,TRUE,2026-06-01T17:22:33,14989,table_1 (p_era_mean_mm_1981_2025 dataset='era5_yy'; p_era_mean_mm_tower_years window boundary dataset='fluxmet_yy'); spot_check_nine_sites.csv
US-CRT,era5_yy,data/extracted/AMF_US-CRT_FLUXNET_2011-2013_v1.3_r1/AMF_US-CRT_FLUXNET_ERA5_YY_1981-2025_v1.3_r1.csv,AMF_US-CRT_FLUXNET_ERA5_YY_1981-2025_v1.3_r1.csv,TRUE,2026-06-01T17:22:33,3654,table_1 (p_era_mean_mm_1981_2025 dataset='era5_yy'; p_era_mean_mm_tower_years window boundary dataset='fluxmet_yy'); spot_check_nine_sites.csv
US-CRT,fluxmet_yy,data/extracted/AMF_US-CRT_FLUXNET_2011-2013_v1.3_r1/AMF_US-CRT_FLUXNET_FLUXMET_YY_2011-2013_v1.3_r1.csv,AMF_US-CRT_FLUXNET_FLUXMET_YY_2011-2013_v1.3_r1.csv,TRUE,2026-06-01T17:22:33,12724,table_1 (p_era_mean_mm_1981_2025 dataset='era5_yy'; p_era_mean_mm_tower_years window boundary dataset='fluxmet_yy'); spot_check_nine_sites.csv
US-CS1,era5_yy,data/extracted/AMF_US-CS1_FLUXNET_2018-2019_v1.3_r1/AMF_US-CS1_FLUXNET_ERA5_YY_1981-2025_v1.3_r1.csv,AMF_US-CS1_FLUXNET_ERA5_YY_1981-2025_v1.3_r1.csv,TRUE,2026-06-01T17:22:33,3566,table_1 (p_era_mean_mm_1981_2025 dataset='era5_yy'; p_era_mean_mm_tower_years window boundary dataset='fluxmet_yy'); spot_check_nine_sites.csv
US-CS1,fluxmet_yy,data/extracted/AMF_US-CS1_FLUXNET_2018-2019_v1.3_r1/AMF_US-CS1_FLUXNET_FLUXMET_YY_2018-2019_v1.3_r1.csv,AMF_US-CS1_FLUXNET_FLUXMET_YY_2018-2019_v1.3_r1.csv,TRUE,2026-06-01T17:22:33,5507,table_1 (p_era_mean_mm_1981_2025 dataset='era5_yy'; p_era_mean_mm_tower_years window boundary dataset='fluxmet_yy'); spot_check_nine_sites.csv
US-CS2,era5_yy,data/extracted/AMF_US-CS2_FLUXNET_2018-2022_v1.3_r1/AMF_US-CS2_FLUXNET_ERA5_YY_1981-2025_v1.3_r1.csv,AMF_US-CS2_FLUXNET_ERA5_YY_1981-2025_v1.3_r1.csv,TRUE,2026-06-01T17:22:34,3622,table_1 (p_era_mean_mm_1981_2025 dataset='era5_yy'; p_era_mean_mm_tower_years window boundary dataset='fluxmet_yy'); spot_check_nine_sites.csv
US-CS2,fluxmet_yy,data/extracted/AMF_US-CS2_FLUXNET_2018-2022_v1.3_r1/AMF_US-CS2_FLUXNET_FLUXMET_YY_2018-2022_v1.3_r1.csv,AMF_US-CS2_FLUXNET_FLUXMET_YY_2018-2022_v1.3_r1.csv,TRUE,2026-06-01T17:22:34,17055,table_1 (p_era_mean_mm_1981_2025 dataset='era5_yy'; p_era_mean_mm_tower_years window boundary dataset='fluxmet_yy'); spot_check_nine_sites.csv
US-CS3,era5_yy,data/extracted/AMF_US-CS3_FLUXNET_2019-2020_v1.3_r1/AMF_US-CS3_FLUXNET_ERA5_YY_1981-2025_v1.3_r1.csv,AMF_US-CS3_FLUXNET_ERA5_YY_1981-2025_v1.3_r1.csv,TRUE,2026-06-01T17:22:34,3598,table_1 (p_era_mean_mm_1981_2025 dataset='era5_yy'; p_era_mean_mm_tower_years window boundary dataset='fluxmet_yy'); spot_check_nine_sites.csv
US-CS3,fluxmet_yy,data/extracted/AMF_US-CS3_FLUXNET_2019-2020_v1.3_r1/AMF_US-CS3_FLUXNET_FLUXMET_YY_2019-2020_v1.3_r1.csv,AMF_US-CS3_FLUXNET_FLUXMET_YY_2019-2020_v1.3_r1.csv,TRUE,2026-06-01T17:22:34,5531,table_1 (p_era_mean_mm_1981_2025 dataset='era5_yy'; p_era_mean_mm_tower_years window boundary dataset='fluxmet_yy'); spot_check_nine_sites.csv
US-CS4,era5_yy,data/extracted/AMF_US-CS4_FLUXNET_2020-2021_v1.3_r1/AMF_US-CS4_FLUXNET_ERA5_YY_1981-2025_v1.3_r1.csv,AMF_US-CS4_FLUXNET_ERA5_YY_1981-2025_v1.3_r1.csv,TRUE,2026-06-01T17:22:34,3597,table_1 (p_era_mean_mm_1981_2025 dataset='era5_yy'; p_era_mean_mm_tower_years window boundary dataset='fluxmet_yy'); spot_check_nine_sites.csv
US-CS4,fluxmet_yy,data/extracted/AMF_US-CS4_FLUXNET_2020-2021_v1.3_r1/AMF_US-CS4_FLUXNET_FLUXMET_YY_2020-2021_v1.3_r1.csv,AMF_US-CS4_FLUXNET_FLUXMET_YY_2020-2021_v1.3_r1.csv,TRUE,2026-06-01T17:22:34,5538,table_1 (p_era_mean_mm_1981_2025 dataset='era5_yy'; p_era_mean_mm_tower_years window boundary dataset='fluxmet_yy'); spot_check_nine_sites.csv
US-CS5,era5_yy,data/extracted/AMF_US-CS5_FLUXNET_2021-2021_v1.3_r1/AMF_US-CS5_FLUXNET_ERA5_YY_1981-2025_v1.3_r1.csv,AMF_US-CS5_FLUXNET_ERA5_YY_1981-2025_v1.3_r1.csv,TRUE,2026-06-01T17:22:34,3616,table_1 (p_era_mean_mm_1981_2025 dataset='era5_yy'; p_era_mean_mm_tower_years window boundary dataset='fluxmet_yy'); spot_check_nine_sites.csv
US-CS5,fluxmet_yy,data/extracted/AMF_US-CS5_FLUXNET_2021-2021_v1.3_r1/AMF_US-CS5_FLUXNET_FLUXMET_YY_2021-2021_v1.3_r1.csv,AMF_US-CS5_FLUXNET_FLUXMET_YY_2021-2021_v1.3_r1.csv,TRUE,2026-06-01T17:22:34,4538,table_1 (p_era_mean_mm_1981_2025 dataset='era5_yy'; p_era_mean_mm_tower_years window boundary dataset='fluxmet_yy'); spot_check_nine_sites.csv
US-CS6,era5_yy,data/extracted/AMF_US-CS6_FLUXNET_2022-2023_v1.3_r1/AMF_US-CS6_FLUXNET_ERA5_YY_1981-2025_v1.3_r1.csv,AMF_US-CS6_FLUXNET_ERA5_YY_1981-2025_v1.3_r1.csv,TRUE,2026-06-01T17:22:34,3573,table_1 (p_era_mean_mm_1981_2025 dataset='era5_yy'; p_era_mean_mm_tower_years window boundary dataset='fluxmet_yy'); spot_check_nine_sites.csv
US-CS6,fluxmet_yy,data/extracted/AMF_US-CS6_FLUXNET_2022-2023_v1.3_r1/AMF_US-CS6_FLUXNET_FLUXMET_YY_2022-2023_v1.3_r1.csv,AMF_US-CS6_FLUXNET_FLUXMET_YY_2022-2023_v1.3_r1.csv,TRUE,2026-06-01T17:22:34,5877,table_1 (p_era_mean_mm_1981_2025 dataset='era5_yy'; p_era_mean_mm_tower_years window boundary dataset='fluxmet_yy'); spot_check_nine_sites.csv
US-CS8,era5_yy,data/extracted/AMF_US-CS8_FLUXNET_2023-2023_v1.3_r1/AMF_US-CS8_FLUXNET_ERA5_YY_1981-2025_v1.3_r1.csv,AMF_US-CS8_FLUXNET_ERA5_YY_1981-2025_v1.3_r1.csv,TRUE,2026-06-01T17:27:19,3621,table_1 (p_era_mean_mm_1981_2025 dataset='era5_yy'; p_era_mean_mm_tower_years window boundary dataset='fluxmet_yy'); spot_check_nine_sites.csv
US-CS8,fluxmet_yy,data/extracted/AMF_US-CS8_FLUXNET_2023-2023_v1.3_r1/AMF_US-CS8_FLUXNET_FLUXMET_YY_2023-2023_v1.3_r1.csv,AMF_US-CS8_FLUXNET_FLUXMET_YY_2023-2023_v1.3_r1.csv,TRUE,2026-06-01T17:27:19,4278,table_1 (p_era_mean_mm_1981_2025 dataset='era5_yy'; p_era_mean_mm_tower_years window boundary dataset='fluxmet_yy'); spot_check_nine_sites.csv
US-CdM,era5_yy,data/extracted/AMF_US-CdM_FLUXNET_2019-2024_v1.3_r1/AMF_US-CdM_FLUXNET_ERA5_YY_1981-2024_v1.3_r1.csv,AMF_US-CdM_FLUXNET_ERA5_YY_1981-2024_v1.3_r1.csv,TRUE,2026-06-01T17:22:34,3646,table_1 (p_era_mean_mm_1981_2025 dataset='era5_yy'; p_era_mean_mm_tower_years window boundary dataset='fluxmet_yy'); spot_check_nine_sites.csv
US-CdM,fluxmet_yy,data/extracted/AMF_US-CdM_FLUXNET_2019-2024_v1.3_r1/AMF_US-CdM_FLUXNET_FLUXMET_YY_2019-2024_v1.3_r1.csv,AMF_US-CdM_FLUXNET_FLUXMET_YY_2019-2024_v1.3_r1.csv,TRUE,2026-06-01T17:22:34,21568,table_1 (p_era_mean_mm_1981_2025 dataset='era5_yy'; p_era_mean_mm_tower_years window boundary dataset='fluxmet_yy'); spot_check_nine_sites.csv
US-Ced,era5_yy,data/extracted/AMF_US-Ced_FLUXNET_2005-2014_v1.3_r1/AMF_US-Ced_FLUXNET_ERA5_YY_1981-2025_v1.3_r1.csv,AMF_US-Ced_FLUXNET_ERA5_YY_1981-2025_v1.3_r1.csv,TRUE,2026-06-01T17:22:34,3797,table_1 (p_era_mean_mm_1981_2025 dataset='era5_yy'; p_era_mean_mm_tower_years window boundary dataset='fluxmet_yy'); spot_check_nine_sites.csv
US-Ced,fluxmet_yy,data/extracted/AMF_US-Ced_FLUXNET_2005-2014_v1.3_r1/AMF_US-Ced_FLUXNET_FLUXMET_YY_2005-2014_v1.3_r1.csv,AMF_US-Ced_FLUXNET_FLUXMET_YY_2005-2014_v1.3_r1.csv,TRUE,2026-06-01T17:22:34,29578,table_1 (p_era_mean_mm_1981_2025 dataset='era5_yy'; p_era_mean_mm_tower_years window boundary dataset='fluxmet_yy'); spot_check_nine_sites.csv
US-ChR,era5_yy,data/extracted/AMF_US-ChR_FLUXNET_2006-2019_v1.3_r1/AMF_US-ChR_FLUXNET_ERA5_YY_1981-2025_v1.3_r1.csv,AMF_US-ChR_FLUXNET_ERA5_YY_1981-2025_v1.3_r1.csv,TRUE,2026-06-01T17:22:34,3755,table_1 (p_era_mean_mm_1981_2025 dataset='era5_yy'; p_era_mean_mm_tower_years window boundary dataset='fluxmet_yy'); spot_check_nine_sites.csv
US-ChR,fluxmet_yy,data/extracted/AMF_US-ChR_FLUXNET_2006-2019_v1.3_r1/AMF_US-ChR_FLUXNET_FLUXMET_YY_2006-2019_v1.3_r1.csv,AMF_US-ChR_FLUXNET_FLUXMET_YY_2006-2019_v1.3_r1.csv,TRUE,2026-06-01T17:22:34,44059,table_1 (p_era_mean_mm_1981_2025 dataset='era5_yy'; p_era_mean_mm_tower_years window boundary dataset='fluxmet_yy'); spot_check_nine_sites.csv
US-Cms,era5_yy,data/extracted/AMF_US-Cms_FLUXNET_1999-2005_v1.3_r1/AMF_US-Cms_FLUXNET_ERA5_YY_1981-2025_v1.3_r1.csv,AMF_US-Cms_FLUXNET_ERA5_YY_1981-2025_v1.3_r1.csv,TRUE,2026-06-01T17:22:34,3719,table_1 (p_era_mean_mm_1981_2025 dataset='era5_yy'; p_era_mean_mm_tower_years window boundary dataset='fluxmet_yy'); spot_check_nine_sites.csv
US-Cms,fluxmet_yy,data/extracted/AMF_US-Cms_FLUXNET_1999-2005_v1.3_r1/AMF_US-Cms_FLUXNET_FLUXMET_YY_1999-2005_v1.3_r1.csv,AMF_US-Cms_FLUXNET_FLUXMET_YY_1999-2005_v1.3_r1.csv,TRUE,2026-06-01T17:22:34,19476,table_1 (p_era_mean_mm_1981_2025 dataset='era5_yy'; p_era_mean_mm_tower_years window boundary dataset='fluxmet_yy'); spot_check_nine_sites.csv
US-Cop,era5_yy,data/extracted/AMF_US-Cop_FLUXNET_2001-2007_v1.3_r1/AMF_US-Cop_FLUXNET_ERA5_YY_1981-2025_v1.3_r1.csv,AMF_US-Cop_FLUXNET_ERA5_YY_1981-2025_v1.3_r1.csv,TRUE,2026-06-01T17:22:34,3760,table_1 (p_era_mean_mm_1981_2025 dataset='era5_yy'; p_era_mean_mm_tower_years window boundary dataset='fluxmet_yy'); spot_check_nine_sites.csv
US-Cop,fluxmet_yy,data/extracted/AMF_US-Cop_FLUXNET_2001-2007_v1.3_r1/AMF_US-Cop_FLUXNET_FLUXMET_YY_2001-2007_v1.3_r1.csv,AMF_US-Cop_FLUXNET_FLUXMET_YY_2001-2007_v1.3_r1.csv,TRUE,2026-06-01T17:22:34,21319,table_1 (p_era_mean_mm_1981_2025 dataset='era5_yy'; p_era_mean_mm_tower_years window boundary dataset='fluxmet_yy'); spot_check_nine_sites.csv
US-Cst,era5_yy,data/extracted/AMF_US-Cst_FLUXNET_2013-2017_v1.3_r1/AMF_US-Cst_FLUXNET_ERA5_YY_1981-2025_v1.3_r1.csv,AMF_US-Cst_FLUXNET_ERA5_YY_1981-2025_v1.3_r1.csv,TRUE,2026-06-01T17:27:19,3788,table_1 (p_era_mean_mm_1981_2025 dataset='era5_yy'; p_era_mean_mm_tower_years window boundary dataset='fluxmet_yy'); spot_check_nine_sites.csv
US-Cst,fluxmet_yy,data/extracted/AMF_US-Cst_FLUXNET_2013-2017_v1.3_r1/AMF_US-Cst_FLUXNET_FLUXMET_YY_2013-2017_v1.3_r1.csv,AMF_US-Cst_FLUXNET_FLUXMET_YY_2013-2017_v1.3_r1.csv,TRUE,2026-06-01T17:27:19,17424,table_1 (p_era_mean_mm_1981_2025 dataset='era5_yy'; p_era_mean_mm_tower_years window boundary dataset='fluxmet_yy'); spot_check_nine_sites.csv
US-Cwt,era5_yy,data/extracted/AMF_US-Cwt_FLUXNET_2011-2024_v1.3_r1/AMF_US-Cwt_FLUXNET_ERA5_YY_1981-2025_v1.3_r1.csv,AMF_US-Cwt_FLUXNET_ERA5_YY_1981-2025_v1.3_r1.csv,TRUE,2026-06-01T17:27:19,3755,table_1 (p_era_mean_mm_1981_2025 dataset='era5_yy'; p_era_mean_mm_tower_years window boundary dataset='fluxmet_yy'); spot_check_nine_sites.csv
US-Cwt,fluxmet_yy,data/extracted/AMF_US-Cwt_FLUXNET_2011-2024_v1.3_r1/AMF_US-Cwt_FLUXNET_FLUXMET_YY_2011-2024_v1.3_r1.csv,AMF_US-Cwt_FLUXNET_FLUXMET_YY_2011-2024_v1.3_r1.csv,TRUE,2026-06-01T17:27:19,28296,table_1 (p_era_mean_mm_1981_2025 dataset='era5_yy'; p_era_mean_mm_tower_years window boundary dataset='fluxmet_yy'); spot_check_nine_sites.csv
US-DFC,era5_yy,data/extracted/AMF_US-DFC_FLUXNET_2018-2024_v1.3_r1/AMF_US-DFC_FLUXNET_ERA5_YY_1981-2025_v1.3_r1.csv,AMF_US-DFC_FLUXNET_ERA5_YY_1981-2025_v1.3_r1.csv,TRUE,2026-06-01T17:27:19,3638,table_1 (p_era_mean_mm_1981_2025 dataset='era5_yy'; p_era_mean_mm_tower_years window boundary dataset='fluxmet_yy'); spot_check_nine_sites.csv
US-DFC,fluxmet_yy,data/extracted/AMF_US-DFC_FLUXNET_2018-2024_v1.3_r1/AMF_US-DFC_FLUXNET_FLUXMET_YY_2018-2024_v1.3_r1.csv,AMF_US-DFC_FLUXNET_FLUXMET_YY_2018-2024_v1.3_r1.csv,TRUE,2026-06-01T17:27:19,22246,table_1 (p_era_mean_mm_1981_2025 dataset='era5_yy'; p_era_mean_mm_tower_years window boundary dataset='fluxmet_yy'); spot_check_nine_sites.csv
US-DFK,era5_yy,data/extracted/AMF_US-DFK_FLUXNET_2018-2020_v1.3_r1/AMF_US-DFK_FLUXNET_ERA5_YY_1981-2025_v1.3_r1.csv,AMF_US-DFK_FLUXNET_ERA5_YY_1981-2025_v1.3_r1.csv,TRUE,2026-06-01T17:27:19,3621,table_1 (p_era_mean_mm_1981_2025 dataset='era5_yy'; p_era_mean_mm_tower_years window boundary dataset='fluxmet_yy'); spot_check_nine_sites.csv
US-DFK,fluxmet_yy,data/extracted/AMF_US-DFK_FLUXNET_2018-2020_v1.3_r1/AMF_US-DFK_FLUXNET_FLUXMET_YY_2018-2020_v1.3_r1.csv,AMF_US-DFK_FLUXNET_FLUXMET_YY_2018-2020_v1.3_r1.csv,TRUE,2026-06-01T17:27:19,10631,table_1 (p_era_mean_mm_1981_2025 dataset='era5_yy'; p_era_mean_mm_tower_years window boundary dataset='fluxmet_yy'); spot_check_nine_sites.csv
US-DPW,era5_yy,data/extracted/AMF_US-DPW_FLUXNET_2013-2016_v1.3_r1/AMF_US-DPW_FLUXNET_ERA5_YY_1981-2025_v1.3_r1.csv,AMF_US-DPW_FLUXNET_ERA5_YY_1981-2025_v1.3_r1.csv,TRUE,2026-06-01T17:27:19,3801,table_1 (p_era_mean_mm_1981_2025 dataset='era5_yy'; p_era_mean_mm_tower_years window boundary dataset='fluxmet_yy'); spot_check_nine_sites.csv
US-DPW,fluxmet_yy,data/extracted/AMF_US-DPW_FLUXNET_2013-2016_v1.3_r1/AMF_US-DPW_FLUXNET_FLUXMET_YY_2013-2016_v1.3_r1.csv,AMF_US-DPW_FLUXNET_FLUXMET_YY_2013-2016_v1.3_r1.csv,TRUE,2026-06-01T17:27:19,12347,table_1 (p_era_mean_mm_1981_2025 dataset='era5_yy'; p_era_mean_mm_tower_years window boundary dataset='fluxmet_yy'); spot_check_nine_sites.csv
US-DS1,era5_yy,data/extracted/AMF_US-DS1_FLUXNET_2018-2019_v1.3_r1/AMF_US-DS1_FLUXNET_ERA5_YY_1981-2025_v1.3_r1.csv,AMF_US-DS1_FLUXNET_ERA5_YY_1981-2025_v1.3_r1.csv,TRUE,2026-06-01T17:27:19,3789,table_1 (p_era_mean_mm_1981_2025 dataset='era5_yy'; p_era_mean_mm_tower_years window boundary dataset='fluxmet_yy'); spot_check_nine_sites.csv
US-DS1,fluxmet_yy,data/extracted/AMF_US-DS1_FLUXNET_2018-2019_v1.3_r1/AMF_US-DS1_FLUXNET_FLUXMET_YY_2018-2019_v1.3_r1.csv,AMF_US-DS1_FLUXNET_FLUXMET_YY_2018-2019_v1.3_r1.csv,TRUE,2026-06-01T17:27:19,6035,table_1 (p_era_mean_mm_1981_2025 dataset='era5_yy'; p_era_mean_mm_tower_years window boundary dataset='fluxmet_yy'); spot_check_nine_sites.csv
US-DS2,era5_yy,data/extracted/AMF_US-DS2_FLUXNET_2020-2023_v1.3_r1/AMF_US-DS2_FLUXNET_ERA5_YY_1981-2025_v1.3_r1.csv,AMF_US-DS2_FLUXNET_ERA5_YY_1981-2025_v1.3_r1.csv,TRUE,2026-06-01T17:27:19,3808,table_1 (p_era_mean_mm_1981_2025 dataset='era5_yy'; p_era_mean_mm_tower_years window boundary dataset='fluxmet_yy'); spot_check_nine_sites.csv
US-DS2,fluxmet_yy,data/extracted/AMF_US-DS2_FLUXNET_2020-2023_v1.3_r1/AMF_US-DS2_FLUXNET_FLUXMET_YY_2020-2023_v1.3_r1.csv,AMF_US-DS2_FLUXNET_FLUXMET_YY_2020-2023_v1.3_r1.csv,TRUE,2026-06-01T17:27:19,14760,table_1 (p_era_mean_mm_1981_2025 dataset='era5_yy'; p_era_mean_mm_tower_years window boundary dataset='fluxmet_yy'); spot_check_nine_sites.csv
US-DS3,era5_yy,data/extracted/AMF_US-DS3_FLUXNET_2021-2025_v1.3_r1/AMF_US-DS3_FLUXNET_ERA5_YY_1981-2025_v1.3_r1.csv,AMF_US-DS3_FLUXNET_ERA5_YY_1981-2025_v1.3_r1.csv,TRUE,2026-06-01T17:27:19,3751,table_1 (p_era_mean_mm_1981_2025 dataset='era5_yy'; p_era_mean_mm_tower_years window boundary dataset='fluxmet_yy'); spot_check_nine_sites.csv
US-DS3,fluxmet_yy,data/extracted/AMF_US-DS3_FLUXNET_2021-2025_v1.3_r1/AMF_US-DS3_FLUXNET_FLUXMET_YY_2021-2025_v1.3_r1.csv,AMF_US-DS3_FLUXNET_FLUXMET_YY_2021-2025_v1.3_r1.csv,TRUE,2026-06-01T17:27:19,17607,table_1 (p_era_mean_mm_1981_2025 dataset='era5_yy'; p_era_mean_mm_tower_years window boundary dataset='fluxmet_yy'); spot_check_nine_sites.csv
US-Dix,era5_yy,data/extracted/AMF_US-Dix_FLUXNET_2005-2008_v1.3_r1/AMF_US-Dix_FLUXNET_ERA5_YY_1981-2025_v1.3_r1.csv,AMF_US-Dix_FLUXNET_ERA5_YY_1981-2025_v1.3_r1.csv,TRUE,2026-06-01T17:27:19,3788,table_1 (p_era_mean_mm_1981_2025 dataset='era5_yy'; p_era_mean_mm_tower_years window boundary dataset='fluxmet_yy'); spot_check_nine_sites.csv
US-Dix,fluxmet_yy,data/extracted/AMF_US-Dix_FLUXNET_2005-2008_v1.3_r1/AMF_US-Dix_FLUXNET_FLUXMET_YY_2005-2008_v1.3_r1.csv,AMF_US-Dix_FLUXNET_FLUXMET_YY_2005-2008_v1.3_r1.csv,TRUE,2026-06-01T17:27:19,14545,table_1 (p_era_mean_mm_1981_2025 dataset='era5_yy'; p_era_mean_mm_tower_years window boundary dataset='fluxmet_yy'); spot_check_nine_sites.csv
US-Dk1,era5_yy,data/extracted/AMF_US-Dk1_FLUXNET_2001-2008_v1.3_r1/AMF_US-Dk1_FLUXNET_ERA5_YY_1981-2025_v1.3_r1.csv,AMF_US-Dk1_FLUXNET_ERA5_YY_1981-2025_v1.3_r1.csv,TRUE,2026-06-01T17:27:19,3750,table_1 (p_era_mean_mm_1981_2025 dataset='era5_yy'; p_era_mean_mm_tower_years window boundary dataset='fluxmet_yy'); spot_check_nine_sites.csv
US-Dk1,fluxmet_yy,data/extracted/AMF_US-Dk1_FLUXNET_2001-2008_v1.3_r1/AMF_US-Dk1_FLUXNET_FLUXMET_YY_2001-2008_v1.3_r1.csv,AMF_US-Dk1_FLUXNET_FLUXMET_YY_2001-2008_v1.3_r1.csv,TRUE,2026-06-01T17:27:19,24963,table_1 (p_era_mean_mm_1981_2025 dataset='era5_yy'; p_era_mean_mm_tower_years window boundary dataset='fluxmet_yy'); spot_check_nine_sites.csv
US-Dk2,era5_yy,data/extracted/AMF_US-Dk2_FLUXNET_2001-2008_v1.3_r1/AMF_US-Dk2_FLUXNET_ERA5_YY_1981-2025_v1.3_r1.csv,AMF_US-Dk2_FLUXNET_ERA5_YY_1981-2025_v1.3_r1.csv,TRUE,2026-06-01T17:27:19,3752,table_1 (p_era_mean_mm_1981_2025 dataset='era5_yy'; p_era_mean_mm_tower_years window boundary dataset='fluxmet_yy'); spot_check_nine_sites.csv
US-Dk2,fluxmet_yy,data/extracted/AMF_US-Dk2_FLUXNET_2001-2008_v1.3_r1/AMF_US-Dk2_FLUXNET_FLUXMET_YY_2001-2008_v1.3_r1.csv,AMF_US-Dk2_FLUXNET_FLUXMET_YY_2001-2008_v1.3_r1.csv,TRUE,2026-06-01T17:27:19,25541,table_1 (p_era_mean_mm_1981_2025 dataset='era5_yy'; p_era_mean_mm_tower_years window boundary dataset='fluxmet_yy'); spot_check_nine_sites.csv
US-Dk3,era5_yy,data/extracted/AMF_US-Dk3_FLUXNET_2001-2008_v1.3_r1/AMF_US-Dk3_FLUXNET_ERA5_YY_1981-2025_v1.3_r1.csv,AMF_US-Dk3_FLUXNET_ERA5_YY_1981-2025_v1.3_r1.csv,TRUE,2026-06-01T17:27:20,3738,table_1 (p_era_mean_mm_1981_2025 dataset='era5_yy'; p_era_mean_mm_tower_years window boundary dataset='fluxmet_yy'); spot_check_nine_sites.csv
US-Dk3,fluxmet_yy,data/extracted/AMF_US-Dk3_FLUXNET_2001-2008_v1.3_r1/AMF_US-Dk3_FLUXNET_FLUXMET_YY_2001-2008_v1.3_r1.csv,AMF_US-Dk3_FLUXNET_FLUXMET_YY_2001-2008_v1.3_r1.csv,TRUE,2026-06-01T17:27:20,24986,table_1 (p_era_mean_mm_1981_2025 dataset='era5_yy'; p_era_mean_mm_tower_years window boundary dataset='fluxmet_yy'); spot_check_nine_sites.csv
US-Dmg,era5_yy,data/extracted/AMF_US-Dmg_FLUXNET_2021-2025_v1.3_r1/AMF_US-Dmg_FLUXNET_ERA5_YY_1981-2025_v1.3_r1.csv,AMF_US-Dmg_FLUXNET_ERA5_YY_1981-2025_v1.3_r1.csv,TRUE,2026-06-01T17:27:20,3747,table_1 (p_era_mean_mm_1981_2025 dataset='era5_yy'; p_era_mean_mm_tower_years window boundary dataset='fluxmet_yy'); spot_check_nine_sites.csv
US-Dmg,fluxmet_yy,data/extracted/AMF_US-Dmg_FLUXNET_2021-2025_v1.3_r1/AMF_US-Dmg_FLUXNET_FLUXMET_YY_2021-2025_v1.3_r1.csv,AMF_US-Dmg_FLUXNET_FLUXMET_YY_2021-2025_v1.3_r1.csv,TRUE,2026-06-01T17:27:20,18581,table_1 (p_era_mean_mm_1981_2025 dataset='era5_yy'; p_era_mean_mm_tower_years window boundary dataset='fluxmet_yy'); spot_check_nine_sites.csv
US-EA4,era5_yy,data/extracted/AMF_US-EA4_FLUXNET_2021-2025_v1.3_r1/AMF_US-EA4_FLUXNET_ERA5_YY_1981-2025_v1.3_r1.csv,AMF_US-EA4_FLUXNET_ERA5_YY_1981-2025_v1.3_r1.csv,TRUE,2026-06-01T17:27:20,3738,table_1 (p_era_mean_mm_1981_2025 dataset='era5_yy'; p_era_mean_mm_tower_years window boundary dataset='fluxmet_yy'); spot_check_nine_sites.csv
US-EA4,fluxmet_yy,data/extracted/AMF_US-EA4_FLUXNET_2021-2025_v1.3_r1/AMF_US-EA4_FLUXNET_FLUXMET_YY_2021-2025_v1.3_r1.csv,AMF_US-EA4_FLUXNET_FLUXMET_YY_2021-2025_v1.3_r1.csv,TRUE,2026-06-01T17:27:20,12227,table_1 (p_era_mean_mm_1981_2025 dataset='era5_yy'; p_era_mean_mm_tower_years window boundary dataset='fluxmet_yy'); spot_check_nine_sites.csv
US-EA5,era5_yy,data/extracted/AMF_US-EA5_FLUXNET_2021-2022_v1.3_r1/AMF_US-EA5_FLUXNET_ERA5_YY_1981-2025_v1.3_r1.csv,AMF_US-EA5_FLUXNET_ERA5_YY_1981-2025_v1.3_r1.csv,TRUE,2026-06-01T17:27:20,3739,table_1 (p_era_mean_mm_1981_2025 dataset='era5_yy'; p_era_mean_mm_tower_years window boundary dataset='fluxmet_yy'); spot_check_nine_sites.csv
US-EA5,fluxmet_yy,data/extracted/AMF_US-EA5_FLUXNET_2021-2022_v1.3_r1/AMF_US-EA5_FLUXNET_FLUXMET_YY_2021-2022_v1.3_r1.csv,AMF_US-EA5_FLUXNET_FLUXMET_YY_2021-2022_v1.3_r1.csv,TRUE,2026-06-01T17:27:20,5830,table_1 (p_era_mean_mm_1981_2025 dataset='era5_yy'; p_era_mean_mm_tower_years window boundary dataset='fluxmet_yy'); spot_check_nine_sites.csv
US-EA6,era5_yy,data/extracted/AMF_US-EA6_FLUXNET_2023-2023_v1.3_r1/AMF_US-EA6_FLUXNET_ERA5_YY_1981-2025_v1.3_r1.csv,AMF_US-EA6_FLUXNET_ERA5_YY_1981-2025_v1.3_r1.csv,TRUE,2026-06-01T17:27:20,3769,table_1 (p_era_mean_mm_1981_2025 dataset='era5_yy'; p_era_mean_mm_tower_years window boundary dataset='fluxmet_yy'); spot_check_nine_sites.csv
US-EA6,fluxmet_yy,data/extracted/AMF_US-EA6_FLUXNET_2023-2023_v1.3_r1/AMF_US-EA6_FLUXNET_FLUXMET_YY_2023-2023_v1.3_r1.csv,AMF_US-EA6_FLUXNET_FLUXMET_YY_2023-2023_v1.3_r1.csv,TRUE,2026-06-01T17:27:20,4244,table_1 (p_era_mean_mm_1981_2025 dataset='era5_yy'; p_era_mean_mm_tower_years window boundary dataset='fluxmet_yy'); spot_check_nine_sites.csv
US-EDN,era5_yy,data/extracted/AMF_US-EDN_FLUXNET_2018-2024_v1.3_r1/AMF_US-EDN_FLUXNET_ERA5_YY_1981-2025_v1.3_r1.csv,AMF_US-EDN_FLUXNET_ERA5_YY_1981-2025_v1.3_r1.csv,TRUE,2026-06-01T17:27:20,3745,table_1 (p_era_mean_mm_1981_2025 dataset='era5_yy'; p_era_mean_mm_tower_years window boundary dataset='fluxmet_yy'); spot_check_nine_sites.csv
US-EDN,fluxmet_yy,data/extracted/AMF_US-EDN_FLUXNET_2018-2024_v1.3_r1/AMF_US-EDN_FLUXNET_FLUXMET_YY_2018-2024_v1.3_r1.csv,AMF_US-EDN_FLUXNET_FLUXMET_YY_2018-2024_v1.3_r1.csv,TRUE,2026-06-01T17:27:20,23197,table_1 (p_era_mean_mm_1981_2025 dataset='era5_yy'; p_era_mean_mm_tower_years window boundary dataset='fluxmet_yy'); spot_check_nine_sites.csv
US-EKH,era5_yy,data/extracted/AMF_US-EKH_FLUXNET_2022-2024_v1.3_r1/AMF_US-EKH_FLUXNET_ERA5_YY_1981-2025_v1.3_r1.csv,AMF_US-EKH_FLUXNET_ERA5_YY_1981-2025_v1.3_r1.csv,TRUE,2026-06-01T17:27:20,3708,table_1 (p_era_mean_mm_1981_2025 dataset='era5_yy'; p_era_mean_mm_tower_years window boundary dataset='fluxmet_yy'); spot_check_nine_sites.csv
US-EKH,fluxmet_yy,data/extracted/AMF_US-EKH_FLUXNET_2022-2024_v1.3_r1/AMF_US-EKH_FLUXNET_FLUXMET_YY_2022-2024_v1.3_r1.csv,AMF_US-EKH_FLUXNET_FLUXMET_YY_2022-2024_v1.3_r1.csv,TRUE,2026-06-01T17:27:20,12490,table_1 (p_era_mean_mm_1981_2025 dataset='era5_yy'; p_era_mean_mm_tower_years window boundary dataset='fluxmet_yy'); spot_check_nine_sites.csv
US-EKN,era5_yy,data/extracted/AMF_US-EKN_FLUXNET_2023-2024_v1.3_r1/AMF_US-EKN_FLUXNET_ERA5_YY_1981-2025_v1.3_r1.csv,AMF_US-EKN_FLUXNET_ERA5_YY_1981-2025_v1.3_r1.csv,TRUE,2026-06-01T17:27:20,3704,table_1 (p_era_mean_mm_1981_2025 dataset='era5_yy'; p_era_mean_mm_tower_years window boundary dataset='fluxmet_yy'); spot_check_nine_sites.csv
US-EKN,fluxmet_yy,data/extracted/AMF_US-EKN_FLUXNET_2023-2024_v1.3_r1/AMF_US-EKN_FLUXNET_FLUXMET_YY_2023-2024_v1.3_r1.csv,AMF_US-EKN_FLUXNET_FLUXMET_YY_2023-2024_v1.3_r1.csv,TRUE,2026-06-01T17:27:20,6016,table_1 (p_era_mean_mm_1981_2025 dataset='era5_yy'; p_era_mean_mm_tower_years window boundary dataset='fluxmet_yy'); spot_check_nine_sites.csv
US-EKP,era5_yy,data/extracted/AMF_US-EKP_FLUXNET_2022-2024_v1.3_r1/AMF_US-EKP_FLUXNET_ERA5_YY_1981-2025_v1.3_r1.csv,AMF_US-EKP_FLUXNET_ERA5_YY_1981-2025_v1.3_r1.csv,TRUE,2026-06-01T17:27:20,3698,table_1 (p_era_mean_mm_1981_2025 dataset='era5_yy'; p_era_mean_mm_tower_years window boundary dataset='fluxmet_yy'); spot_check_nine_sites.csv
US-EKP,fluxmet_yy,data/extracted/AMF_US-EKP_FLUXNET_2022-2024_v1.3_r1/AMF_US-EKP_FLUXNET_FLUXMET_YY_2022-2024_v1.3_r1.csv,AMF_US-EKP_FLUXNET_FLUXMET_YY_2022-2024_v1.3_r1.csv,TRUE,2026-06-01T17:27:20,12241,table_1 (p_era_mean_mm_1981_2025 dataset='era5_yy'; p_era_mean_mm_tower_years window boundary dataset='fluxmet_yy'); spot_check_nine_sites.csv
US-EML,era5_yy,data/extracted/AMF_US-EML_FLUXNET_2008-2023_v1.3_r1/AMF_US-EML_FLUXNET_ERA5_YY_1981-2025_v1.3_r1.csv,AMF_US-EML_FLUXNET_ERA5_YY_1981-2025_v1.3_r1.csv,TRUE,2026-06-01T17:27:20,3745,table_1 (p_era_mean_mm_1981_2025 dataset='era5_yy'; p_era_mean_mm_tower_years window boundary dataset='fluxmet_yy'); spot_check_nine_sites.csv
US-EML,fluxmet_yy,data/extracted/AMF_US-EML_FLUXNET_2008-2023_v1.3_r1/AMF_US-EML_FLUXNET_FLUXMET_YY_2008-2023_v1.3_r1.csv,AMF_US-EML_FLUXNET_FLUXMET_YY_2008-2023_v1.3_r1.csv,TRUE,2026-06-01T17:27:20,45778,table_1 (p_era_mean_mm_1981_2025 dataset='era5_yy'; p_era_mean_mm_tower_years window boundary dataset='fluxmet_yy'); spot_check_nine_sites.csv
US-Elm,era5_yy,data/extracted/AMF_US-Elm_FLUXNET_2008-2024_v1.3_r1/AMF_US-Elm_FLUXNET_ERA5_YY_1981-2025_v1.3_r1.csv,AMF_US-Elm_FLUXNET_ERA5_YY_1981-2025_v1.3_r1.csv,TRUE,2026-06-01T17:27:20,3792,table_1 (p_era_mean_mm_1981_2025 dataset='era5_yy'; p_era_mean_mm_tower_years window boundary dataset='fluxmet_yy'); spot_check_nine_sites.csv
US-Elm,fluxmet_yy,data/extracted/AMF_US-Elm_FLUXNET_2008-2024_v1.3_r1/AMF_US-Elm_FLUXNET_FLUXMET_YY_2008-2024_v1.3_r1.csv,AMF_US-Elm_FLUXNET_FLUXMET_YY_2008-2024_v1.3_r1.csv,TRUE,2026-06-01T17:27:20,47950,table_1 (p_era_mean_mm_1981_2025 dataset='era5_yy'; p_era_mean_mm_tower_years window boundary dataset='fluxmet_yy'); spot_check_nine_sites.csv
US-Esm,era5_yy,data/extracted/AMF_US-Esm_FLUXNET_2008-2024_v1.3_r1/AMF_US-Esm_FLUXNET_ERA5_YY_1981-2025_v1.3_r1.csv,AMF_US-Esm_FLUXNET_ERA5_YY_1981-2025_v1.3_r1.csv,TRUE,2026-06-01T17:27:20,3787,table_1 (p_era_mean_mm_1981_2025 dataset='era5_yy'; p_era_mean_mm_tower_years window boundary dataset='fluxmet_yy'); spot_check_nine_sites.csv
US-Esm,fluxmet_yy,data/extracted/AMF_US-Esm_FLUXNET_2008-2024_v1.3_r1/AMF_US-Esm_FLUXNET_FLUXMET_YY_2008-2024_v1.3_r1.csv,AMF_US-Esm_FLUXNET_FLUXMET_YY_2008-2024_v1.3_r1.csv,TRUE,2026-06-01T17:27:20,42743,table_1 (p_era_mean_mm_1981_2025 dataset='era5_yy'; p_era_mean_mm_tower_years window boundary dataset='fluxmet_yy'); spot_check_nine_sites.csv
US-EvM,era5_yy,data/extracted/AMF_US-EvM_FLUXNET_2020-2023_v1.3_r1/AMF_US-EvM_FLUXNET_ERA5_YY_1981-2025_v1.3_r1.csv,AMF_US-EvM_FLUXNET_ERA5_YY_1981-2025_v1.3_r1.csv,TRUE,2026-06-01T17:27:20,3797,table_1 (p_era_mean_mm_1981_2025 dataset='era5_yy'; p_era_mean_mm_tower_years window boundary dataset='fluxmet_yy'); spot_check_nine_sites.csv
US-EvM,fluxmet_yy,data/extracted/AMF_US-EvM_FLUXNET_2020-2023_v1.3_r1/AMF_US-EvM_FLUXNET_FLUXMET_YY_2020-2023_v1.3_r1.csv,AMF_US-EvM_FLUXNET_FLUXMET_YY_2020-2023_v1.3_r1.csv,TRUE,2026-06-01T17:27:20,15361,table_1 (p_era_mean_mm_1981_2025 dataset='era5_yy'; p_era_mean_mm_tower_years window boundary dataset='fluxmet_yy'); spot_check_nine_sites.csv
US-Fcr,era5_yy,data/extracted/AMF_US-Fcr_FLUXNET_2011-2014_v1.3_r1/AMF_US-Fcr_FLUXNET_ERA5_YY_1981-2025_v1.3_r1.csv,AMF_US-Fcr_FLUXNET_ERA5_YY_1981-2025_v1.3_r1.csv,TRUE,2026-06-01T17:27:20,3704,table_1 (p_era_mean_mm_1981_2025 dataset='era5_yy'; p_era_mean_mm_tower_years window boundary dataset='fluxmet_yy'); spot_check_nine_sites.csv
US-Fcr,fluxmet_yy,data/extracted/AMF_US-Fcr_FLUXNET_2011-2014_v1.3_r1/AMF_US-Fcr_FLUXNET_FLUXMET_YY_2011-2014_v1.3_r1.csv,AMF_US-Fcr_FLUXNET_FLUXMET_YY_2011-2014_v1.3_r1.csv,TRUE,2026-06-01T17:27:20,14947,table_1 (p_era_mean_mm_1981_2025 dataset='era5_yy'; p_era_mean_mm_tower_years window boundary dataset='fluxmet_yy'); spot_check_nine_sites.csv
US-Fmf,era5_yy,data/extracted/AMF_US-Fmf_FLUXNET_2005-2010_v1.3_r1/AMF_US-Fmf_FLUXNET_ERA5_YY_1981-2025_v1.3_r1.csv,AMF_US-Fmf_FLUXNET_ERA5_YY_1981-2025_v1.3_r1.csv,TRUE,2026-06-01T17:27:20,3635,table_1 (p_era_mean_mm_1981_2025 dataset='era5_yy'; p_era_mean_mm_tower_years window boundary dataset='fluxmet_yy'); spot_check_nine_sites.csv
US-Fmf,fluxmet_yy,data/extracted/AMF_US-Fmf_FLUXNET_2005-2010_v1.3_r1/AMF_US-Fmf_FLUXNET_FLUXMET_YY_2005-2010_v1.3_r1.csv,AMF_US-Fmf_FLUXNET_FLUXMET_YY_2005-2010_v1.3_r1.csv,TRUE,2026-06-01T17:27:20,21121,table_1 (p_era_mean_mm_1981_2025 dataset='era5_yy'; p_era_mean_mm_tower_years window boundary dataset='fluxmet_yy'); spot_check_nine_sites.csv
US-Fo1,era5_yy,data/extracted/AMF_US-Fo1_FLUXNET_2013-2024_v1.3_r1/AMF_US-Fo1_FLUXNET_ERA5_YY_1981-2025_v1.3_r1.csv,AMF_US-Fo1_FLUXNET_ERA5_YY_1981-2025_v1.3_r1.csv,TRUE,2026-06-01T17:27:20,3732,table_1 (p_era_mean_mm_1981_2025 dataset='era5_yy'; p_era_mean_mm_tower_years window boundary dataset='fluxmet_yy'); spot_check_nine_sites.csv
US-Fo1,fluxmet_yy,data/extracted/AMF_US-Fo1_FLUXNET_2013-2024_v1.3_r1/AMF_US-Fo1_FLUXNET_FLUXMET_YY_2013-2024_v1.3_r1.csv,AMF_US-Fo1_FLUXNET_FLUXMET_YY_2013-2024_v1.3_r1.csv,TRUE,2026-06-01T17:27:20,22381,table_1 (p_era_mean_mm_1981_2025 dataset='era5_yy'; p_era_mean_mm_tower_years window boundary dataset='fluxmet_yy'); spot_check_nine_sites.csv
US-Fo2,era5_yy,data/extracted/AMF_US-Fo2_FLUXNET_2023-2024_v1.3_r1/AMF_US-Fo2_FLUXNET_ERA5_YY_1981-2025_v1.3_r1.csv,AMF_US-Fo2_FLUXNET_ERA5_YY_1981-2025_v1.3_r1.csv,TRUE,2026-06-01T17:27:20,3699,table_1 (p_era_mean_mm_1981_2025 dataset='era5_yy'; p_era_mean_mm_tower_years window boundary dataset='fluxmet_yy'); spot_check_nine_sites.csv
US-Fo2,fluxmet_yy,data/extracted/AMF_US-Fo2_FLUXNET_2023-2024_v1.3_r1/AMF_US-Fo2_FLUXNET_FLUXMET_YY_2023-2024_v1.3_r1.csv,AMF_US-Fo2_FLUXNET_FLUXMET_YY_2023-2024_v1.3_r1.csv,TRUE,2026-06-01T17:27:20,6070,table_1 (p_era_mean_mm_1981_2025 dataset='era5_yy'; p_era_mean_mm_tower_years window boundary dataset='fluxmet_yy'); spot_check_nine_sites.csv
US-Fuf,era5_yy,data/extracted/AMF_US-Fuf_FLUXNET_2005-2010_v1.3_r1/AMF_US-Fuf_FLUXNET_ERA5_YY_1981-2025_v1.3_r1.csv,AMF_US-Fuf_FLUXNET_ERA5_YY_1981-2025_v1.3_r1.csv,TRUE,2026-06-01T17:27:20,3614,table_1 (p_era_mean_mm_1981_2025 dataset='era5_yy'; p_era_mean_mm_tower_years window boundary dataset='fluxmet_yy'); spot_check_nine_sites.csv
US-Fuf,fluxmet_yy,data/extracted/AMF_US-Fuf_FLUXNET_2005-2010_v1.3_r1/AMF_US-Fuf_FLUXNET_FLUXMET_YY_2005-2010_v1.3_r1.csv,AMF_US-Fuf_FLUXNET_FLUXMET_YY_2005-2010_v1.3_r1.csv,TRUE,2026-06-01T17:27:20,20756,table_1 (p_era_mean_mm_1981_2025 dataset='era5_yy'; p_era_mean_mm_tower_years window boundary dataset='fluxmet_yy'); spot_check_nine_sites.csv
US-Fwf,era5_yy,data/extracted/AMF_US-Fwf_FLUXNET_2005-2010_v1.3_r1/AMF_US-Fwf_FLUXNET_ERA5_YY_1981-2025_v1.3_r1.csv,AMF_US-Fwf_FLUXNET_ERA5_YY_1981-2025_v1.3_r1.csv,TRUE,2026-06-01T17:27:20,3602,table_1 (p_era_mean_mm_1981_2025 dataset='era5_yy'; p_era_mean_mm_tower_years window boundary dataset='fluxmet_yy'); spot_check_nine_sites.csv
US-Fwf,fluxmet_yy,data/extracted/AMF_US-Fwf_FLUXNET_2005-2010_v1.3_r1/AMF_US-Fwf_FLUXNET_FLUXMET_YY_2005-2010_v1.3_r1.csv,AMF_US-Fwf_FLUXNET_FLUXMET_YY_2005-2010_v1.3_r1.csv,TRUE,2026-06-01T17:27:20,21144,table_1 (p_era_mean_mm_1981_2025 dataset='era5_yy'; p_era_mean_mm_tower_years window boundary dataset='fluxmet_yy'); spot_check_nine_sites.csv
US-GLE,era5_yy,data/extracted/AMF_US-GLE_FLUXNET_2005-2020_v1.3_r1/AMF_US-GLE_FLUXNET_ERA5_YY_1981-2025_v1.3_r1.csv,AMF_US-GLE_FLUXNET_ERA5_YY_1981-2025_v1.3_r1.csv,TRUE,2026-06-01T17:27:20,3686,table_1 (p_era_mean_mm_1981_2025 dataset='era5_yy'; p_era_mean_mm_tower_years window boundary dataset='fluxmet_yy'); spot_check_nine_sites.csv
US-GLE,fluxmet_yy,data/extracted/AMF_US-GLE_FLUXNET_2005-2020_v1.3_r1/AMF_US-GLE_FLUXNET_FLUXMET_YY_2005-2020_v1.3_r1.csv,AMF_US-GLE_FLUXNET_FLUXMET_YY_2005-2020_v1.3_r1.csv,TRUE,2026-06-01T17:27:20,49842,table_1 (p_era_mean_mm_1981_2025 dataset='era5_yy'; p_era_mean_mm_tower_years window boundary dataset='fluxmet_yy'); spot_check_nine_sites.csv
US-HB1,era5_yy,data/extracted/AMF_US-HB1_FLUXNET_2018-2024_v1.3_r1/AMF_US-HB1_FLUXNET_ERA5_YY_1981-2025_v1.3_r1.csv,AMF_US-HB1_FLUXNET_ERA5_YY_1981-2025_v1.3_r1.csv,TRUE,2026-06-01T17:27:20,3764,table_1 (p_era_mean_mm_1981_2025 dataset='era5_yy'; p_era_mean_mm_tower_years window boundary dataset='fluxmet_yy'); spot_check_nine_sites.csv
US-HB1,fluxmet_yy,data/extracted/AMF_US-HB1_FLUXNET_2018-2024_v1.3_r1/AMF_US-HB1_FLUXNET_FLUXMET_YY_2018-2024_v1.3_r1.csv,AMF_US-HB1_FLUXNET_FLUXMET_YY_2018-2024_v1.3_r1.csv,TRUE,2026-06-01T17:27:20,23277,table_1 (p_era_mean_mm_1981_2025 dataset='era5_yy'; p_era_mean_mm_tower_years window boundary dataset='fluxmet_yy'); spot_check_nine_sites.csv
US-HB2,era5_yy,data/extracted/AMF_US-HB2_FLUXNET_2018-2024_v1.3_r1/AMF_US-HB2_FLUXNET_ERA5_YY_1981-2025_v1.3_r1.csv,AMF_US-HB2_FLUXNET_ERA5_YY_1981-2025_v1.3_r1.csv,TRUE,2026-06-01T17:27:20,3782,table_1 (p_era_mean_mm_1981_2025 dataset='era5_yy'; p_era_mean_mm_tower_years window boundary dataset='fluxmet_yy'); spot_check_nine_sites.csv
US-HB2,fluxmet_yy,data/extracted/AMF_US-HB2_FLUXNET_2018-2024_v1.3_r1/AMF_US-HB2_FLUXNET_FLUXMET_YY_2018-2024_v1.3_r1.csv,AMF_US-HB2_FLUXNET_FLUXMET_YY_2018-2024_v1.3_r1.csv,TRUE,2026-06-01T17:27:20,23617,table_1 (p_era_mean_mm_1981_2025 dataset='era5_yy'; p_era_mean_mm_tower_years window boundary dataset='fluxmet_yy'); spot_check_nine_sites.csv
US-HB3,era5_yy,data/extracted/AMF_US-HB3_FLUXNET_2019-2024_v1.3_r1/AMF_US-HB3_FLUXNET_ERA5_YY_1981-2025_v1.3_r1.csv,AMF_US-HB3_FLUXNET_ERA5_YY_1981-2025_v1.3_r1.csv,TRUE,2026-06-01T17:27:20,3805,table_1 (p_era_mean_mm_1981_2025 dataset='era5_yy'; p_era_mean_mm_tower_years window boundary dataset='fluxmet_yy'); spot_check_nine_sites.csv
US-HB3,fluxmet_yy,data/extracted/AMF_US-HB3_FLUXNET_2019-2024_v1.3_r1/AMF_US-HB3_FLUXNET_FLUXMET_YY_2019-2024_v1.3_r1.csv,AMF_US-HB3_FLUXNET_FLUXMET_YY_2019-2024_v1.3_r1.csv,TRUE,2026-06-01T17:27:20,22676,table_1 (p_era_mean_mm_1981_2025 dataset='era5_yy'; p_era_mean_mm_tower_years window boundary dataset='fluxmet_yy'); spot_check_nine_sites.csv
US-HB4,era5_yy,data/extracted/AMF_US-HB4_FLUXNET_2020-2024_v1.3_r1/AMF_US-HB4_FLUXNET_ERA5_YY_1981-2025_v1.3_r1.csv,AMF_US-HB4_FLUXNET_ERA5_YY_1981-2025_v1.3_r1.csv,TRUE,2026-06-01T17:27:20,3889,table_1 (p_era_mean_mm_1981_2025 dataset='era5_yy'; p_era_mean_mm_tower_years window boundary dataset='fluxmet_yy'); spot_check_nine_sites.csv
US-HB4,fluxmet_yy,data/extracted/AMF_US-HB4_FLUXNET_2020-2024_v1.3_r1/AMF_US-HB4_FLUXNET_FLUXMET_YY_2020-2024_v1.3_r1.csv,AMF_US-HB4_FLUXNET_FLUXMET_YY_2020-2024_v1.3_r1.csv,TRUE,2026-06-01T17:27:20,17788,table_1 (p_era_mean_mm_1981_2025 dataset='era5_yy'; p_era_mean_mm_tower_years window boundary dataset='fluxmet_yy'); spot_check_nine_sites.csv
US-HBK,era5_yy,data/extracted/AMF_US-HBK_FLUXNET_2016-2024_v1.3_r1/AMF_US-HBK_FLUXNET_ERA5_YY_1981-2025_v1.3_r1.csv,AMF_US-HBK_FLUXNET_ERA5_YY_1981-2025_v1.3_r1.csv,TRUE,2026-06-01T17:27:20,3622,table_1 (p_era_mean_mm_1981_2025 dataset='era5_yy'; p_era_mean_mm_tower_years window boundary dataset='fluxmet_yy'); spot_check_nine_sites.csv
US-HBK,fluxmet_yy,data/extracted/AMF_US-HBK_FLUXNET_2016-2024_v1.3_r1/AMF_US-HBK_FLUXNET_FLUXMET_YY_2016-2024_v1.3_r1.csv,AMF_US-HBK_FLUXNET_FLUXMET_YY_2016-2024_v1.3_r1.csv,TRUE,2026-06-01T17:27:20,26667,table_1 (p_era_mean_mm_1981_2025 dataset='era5_yy'; p_era_mean_mm_tower_years window boundary dataset='fluxmet_yy'); spot_check_nine_sites.csv
US-HRA,era5_yy,data/extracted/AMF_US-HRA_FLUXNET_2015-2024_v1.3_r1/AMF_US-HRA_FLUXNET_ERA5_YY_1981-2025_v1.3_r1.csv,AMF_US-HRA_FLUXNET_ERA5_YY_1981-2025_v1.3_r1.csv,TRUE,2026-06-01T17:27:20,3748,table_1 (p_era_mean_mm_1981_2025 dataset='era5_yy'; p_era_mean_mm_tower_years window boundary dataset='fluxmet_yy'); spot_check_nine_sites.csv
US-HRA,fluxmet_yy,data/extracted/AMF_US-HRA_FLUXNET_2015-2024_v1.3_r1/AMF_US-HRA_FLUXNET_FLUXMET_YY_2015-2024_v1.3_r1.csv,AMF_US-HRA_FLUXNET_FLUXMET_YY_2015-2024_v1.3_r1.csv,TRUE,2026-06-01T17:27:20,28627,table_1 (p_era_mean_mm_1981_2025 dataset='era5_yy'; p_era_mean_mm_tower_years window boundary dataset='fluxmet_yy'); spot_check_nine_sites.csv
US-HRC,era5_yy,data/extracted/AMF_US-HRC_FLUXNET_2015-2024_v1.3_r1/AMF_US-HRC_FLUXNET_ERA5_YY_1981-2025_v1.3_r1.csv,AMF_US-HRC_FLUXNET_ERA5_YY_1981-2025_v1.3_r1.csv,TRUE,2026-06-01T17:27:20,3758,table_1 (p_era_mean_mm_1981_2025 dataset='era5_yy'; p_era_mean_mm_tower_years window boundary dataset='fluxmet_yy'); spot_check_nine_sites.csv
US-HRC,fluxmet_yy,data/extracted/AMF_US-HRC_FLUXNET_2015-2024_v1.3_r1/AMF_US-HRC_FLUXNET_FLUXMET_YY_2015-2024_v1.3_r1.csv,AMF_US-HRC_FLUXNET_FLUXMET_YY_2015-2024_v1.3_r1.csv,TRUE,2026-06-01T17:27:20,28694,table_1 (p_era_mean_mm_1981_2025 dataset='era5_yy'; p_era_mean_mm_tower_years window boundary dataset='fluxmet_yy'); spot_check_nine_sites.csv
US-HVs,era5_yy,data/extracted/AMF_US-HVs_FLUXNET_1995-1995_v1.3_r1/AMF_US-HVs_FLUXNET_ERA5_YY_1981-2025_v1.3_r1.csv,AMF_US-HVs_FLUXNET_ERA5_YY_1981-2025_v1.3_r1.csv,TRUE,2026-06-01T17:27:20,3715,table_1 (p_era_mean_mm_1981_2025 dataset='era5_yy'; p_era_mean_mm_tower_years window boundary dataset='fluxmet_yy'); spot_check_nine_sites.csv
US-HVs,fluxmet_yy,data/extracted/AMF_US-HVs_FLUXNET_1995-1995_v1.3_r1/AMF_US-HVs_FLUXNET_FLUXMET_YY_1995-1995_v1.3_r1.csv,AMF_US-HVs_FLUXNET_FLUXMET_YY_1995-1995_v1.3_r1.csv,TRUE,2026-06-01T17:27:20,4331,table_1 (p_era_mean_mm_1981_2025 dataset='era5_yy'; p_era_mean_mm_tower_years window boundary dataset='fluxmet_yy'); spot_check_nine_sites.csv
US-HWB,era5_yy,data/extracted/AMF_US-HWB_FLUXNET_2015-2018_v1.3_r1/AMF_US-HWB_FLUXNET_ERA5_YY_1981-2025_v1.3_r1.csv,AMF_US-HWB_FLUXNET_ERA5_YY_1981-2025_v1.3_r1.csv,TRUE,2026-06-01T17:27:20,3666,table_1 (p_era_mean_mm_1981_2025 dataset='era5_yy'; p_era_mean_mm_tower_years window boundary dataset='fluxmet_yy'); spot_check_nine_sites.csv
US-HWB,fluxmet_yy,data/extracted/AMF_US-HWB_FLUXNET_2015-2018_v1.3_r1/AMF_US-HWB_FLUXNET_FLUXMET_YY_2015-2018_v1.3_r1.csv,AMF_US-HWB_FLUXNET_FLUXMET_YY_2015-2018_v1.3_r1.csv,TRUE,2026-06-01T17:27:20,14653,table_1 (p_era_mean_mm_1981_2025 dataset='era5_yy'; p_era_mean_mm_tower_years window boundary dataset='fluxmet_yy'); spot_check_nine_sites.csv
US-Ha1,era5_yy,data/extracted/AMF_US-Ha1_FLUXNET_1991-2025_v1.3_r1/AMF_US-Ha1_FLUXNET_ERA5_YY_1981-2025_v1.3_r1.csv,AMF_US-Ha1_FLUXNET_ERA5_YY_1981-2025_v1.3_r1.csv,TRUE,2026-06-01T17:27:20,3617,table_1 (p_era_mean_mm_1981_2025 dataset='era5_yy'; p_era_mean_mm_tower_years window boundary dataset='fluxmet_yy'); spot_check_nine_sites.csv
US-Ha1,fluxmet_yy,data/extracted/AMF_US-Ha1_FLUXNET_1991-2025_v1.3_r1/AMF_US-Ha1_FLUXNET_FLUXMET_YY_1991-2025_v1.3_r1.csv,AMF_US-Ha1_FLUXNET_FLUXMET_YY_1991-2025_v1.3_r1.csv,TRUE,2026-06-01T17:27:20,97664,table_1 (p_era_mean_mm_1981_2025 dataset='era5_yy'; p_era_mean_mm_tower_years window boundary dataset='fluxmet_yy'); spot_check_nine_sites.csv
US-Hn2,era5_yy,data/extracted/AMF_US-Hn2_FLUXNET_2015-2018_v1.3_r1/AMF_US-Hn2_FLUXNET_ERA5_YY_1981-2025_v1.3_r1.csv,AMF_US-Hn2_FLUXNET_ERA5_YY_1981-2025_v1.3_r1.csv,TRUE,2026-06-01T17:27:20,3702,table_1 (p_era_mean_mm_1981_2025 dataset='era5_yy'; p_era_mean_mm_tower_years window boundary dataset='fluxmet_yy'); spot_check_nine_sites.csv
US-Hn2,fluxmet_yy,data/extracted/AMF_US-Hn2_FLUXNET_2015-2018_v1.3_r1/AMF_US-Hn2_FLUXNET_FLUXMET_YY_2015-2018_v1.3_r1.csv,AMF_US-Hn2_FLUXNET_FLUXMET_YY_2015-2018_v1.3_r1.csv,TRUE,2026-06-01T17:27:20,10095,table_1 (p_era_mean_mm_1981_2025 dataset='era5_yy'; p_era_mean_mm_tower_years window boundary dataset='fluxmet_yy'); spot_check_nine_sites.csv
US-Hn3,era5_yy,data/extracted/AMF_US-Hn3_FLUXNET_2017-2018_v1.3_r1/AMF_US-Hn3_FLUXNET_ERA5_YY_1981-2025_v1.3_r1.csv,AMF_US-Hn3_FLUXNET_ERA5_YY_1981-2025_v1.3_r1.csv,TRUE,2026-06-01T17:27:20,3708,table_1 (p_era_mean_mm_1981_2025 dataset='era5_yy'; p_era_mean_mm_tower_years window boundary dataset='fluxmet_yy'); spot_check_nine_sites.csv
US-Hn3,fluxmet_yy,data/extracted/AMF_US-Hn3_FLUXNET_2017-2018_v1.3_r1/AMF_US-Hn3_FLUXNET_FLUXMET_YY_2017-2018_v1.3_r1.csv,AMF_US-Hn3_FLUXNET_FLUXMET_YY_2017-2018_v1.3_r1.csv,TRUE,2026-06-01T17:27:20,5836,table_1 (p_era_mean_mm_1981_2025 dataset='era5_yy'; p_era_mean_mm_tower_years window boundary dataset='fluxmet_yy'); spot_check_nine_sites.csv
US-Ho2,era5_yy,data/extracted/AMF_US-Ho2_FLUXNET_1999-2025_v1.3_r1/AMF_US-Ho2_FLUXNET_ERA5_YY_1981-2025_v1.3_r1.csv,AMF_US-Ho2_FLUXNET_ERA5_YY_1981-2025_v1.3_r1.csv,TRUE,2026-06-01T17:27:20,3623,table_1 (p_era_mean_mm_1981_2025 dataset='era5_yy'; p_era_mean_mm_tower_years window boundary dataset='fluxmet_yy'); spot_check_nine_sites.csv
US-Ho2,fluxmet_yy,data/extracted/AMF_US-Ho2_FLUXNET_1999-2025_v1.3_r1/AMF_US-Ho2_FLUXNET_FLUXMET_YY_1999-2025_v1.3_r1.csv,AMF_US-Ho2_FLUXNET_FLUXMET_YY_1999-2025_v1.3_r1.csv,TRUE,2026-06-01T17:27:20,56098,table_1 (p_era_mean_mm_1981_2025 dataset='era5_yy'; p_era_mean_mm_tower_years window boundary dataset='fluxmet_yy'); spot_check_nine_sites.csv
US-Ho3,era5_yy,data/extracted/AMF_US-Ho3_FLUXNET_2003-2021_v1.3_r1/AMF_US-Ho3_FLUXNET_ERA5_YY_1981-2025_v1.3_r1.csv,AMF_US-Ho3_FLUXNET_ERA5_YY_1981-2025_v1.3_r1.csv,TRUE,2026-06-01T17:27:20,3660,table_1 (p_era_mean_mm_1981_2025 dataset='era5_yy'; p_era_mean_mm_tower_years window boundary dataset='fluxmet_yy'); spot_check_nine_sites.csv
US-Ho3,fluxmet_yy,data/extracted/AMF_US-Ho3_FLUXNET_2003-2021_v1.3_r1/AMF_US-Ho3_FLUXNET_FLUXMET_YY_2003-2021_v1.3_r1.csv,AMF_US-Ho3_FLUXNET_FLUXMET_YY_2003-2021_v1.3_r1.csv,TRUE,2026-06-01T17:27:20,35062,table_1 (p_era_mean_mm_1981_2025 dataset='era5_yy'; p_era_mean_mm_tower_years window boundary dataset='fluxmet_yy'); spot_check_nine_sites.csv
US-Hsm,era5_yy,data/extracted/AMF_US-Hsm_FLUXNET_2021-2025_v1.3_r1/AMF_US-Hsm_FLUXNET_ERA5_YY_1981-2025_v1.3_r1.csv,AMF_US-Hsm_FLUXNET_ERA5_YY_1981-2025_v1.3_r1.csv,TRUE,2026-06-01T17:27:20,3748,table_1 (p_era_mean_mm_1981_2025 dataset='era5_yy'; p_era_mean_mm_tower_years window boundary dataset='fluxmet_yy'); spot_check_nine_sites.csv
US-Hsm,fluxmet_yy,data/extracted/AMF_US-Hsm_FLUXNET_2021-2025_v1.3_r1/AMF_US-Hsm_FLUXNET_FLUXMET_YY_2021-2025_v1.3_r1.csv,AMF_US-Hsm_FLUXNET_FLUXMET_YY_2021-2025_v1.3_r1.csv,TRUE,2026-06-01T17:27:20,18660,table_1 (p_era_mean_mm_1981_2025 dataset='era5_yy'; p_era_mean_mm_tower_years window boundary dataset='fluxmet_yy'); spot_check_nine_sites.csv
US-IAB,era5_yy,data/extracted/AMF_US-IAB_FLUXNET_2019-2024_v1.3_r1/AMF_US-IAB_FLUXNET_ERA5_YY_1981-2025_v1.3_r1.csv,AMF_US-IAB_FLUXNET_ERA5_YY_1981-2025_v1.3_r1.csv,TRUE,2026-06-01T17:27:20,3649,table_1 (p_era_mean_mm_1981_2025 dataset='era5_yy'; p_era_mean_mm_tower_years window boundary dataset='fluxmet_yy'); spot_check_nine_sites.csv
US-IAB,fluxmet_yy,data/extracted/AMF_US-IAB_FLUXNET_2019-2024_v1.3_r1/AMF_US-IAB_FLUXNET_FLUXMET_YY_2019-2024_v1.3_r1.csv,AMF_US-IAB_FLUXNET_FLUXMET_YY_2019-2024_v1.3_r1.csv,TRUE,2026-06-01T17:27:20,20053,table_1 (p_era_mean_mm_1981_2025 dataset='era5_yy'; p_era_mean_mm_tower_years window boundary dataset='fluxmet_yy'); spot_check_nine_sites.csv
US-IAC,era5_yy,data/extracted/AMF_US-IAC_FLUXNET_2019-2024_v1.3_r1/AMF_US-IAC_FLUXNET_ERA5_YY_1981-2025_v1.3_r1.csv,AMF_US-IAC_FLUXNET_ERA5_YY_1981-2025_v1.3_r1.csv,TRUE,2026-06-01T17:27:20,3629,table_1 (p_era_mean_mm_1981_2025 dataset='era5_yy'; p_era_mean_mm_tower_years window boundary dataset='fluxmet_yy'); spot_check_nine_sites.csv
US-IAC,fluxmet_yy,data/extracted/AMF_US-IAC_FLUXNET_2019-2024_v1.3_r1/AMF_US-IAC_FLUXNET_FLUXMET_YY_2019-2024_v1.3_r1.csv,AMF_US-IAC_FLUXNET_FLUXMET_YY_2019-2024_v1.3_r1.csv,TRUE,2026-06-01T17:27:20,20427,table_1 (p_era_mean_mm_1981_2025 dataset='era5_yy'; p_era_mean_mm_tower_years window boundary dataset='fluxmet_yy'); spot_check_nine_sites.csv
US-IAM,era5_yy,data/extracted/AMF_US-IAM_FLUXNET_2019-2024_v1.3_r1/AMF_US-IAM_FLUXNET_ERA5_YY_1981-2025_v1.3_r1.csv,AMF_US-IAM_FLUXNET_ERA5_YY_1981-2025_v1.3_r1.csv,TRUE,2026-06-01T17:27:20,3650,table_1 (p_era_mean_mm_1981_2025 dataset='era5_yy'; p_era_mean_mm_tower_years window boundary dataset='fluxmet_yy'); spot_check_nine_sites.csv
US-IAM,fluxmet_yy,data/extracted/AMF_US-IAM_FLUXNET_2019-2024_v1.3_r1/AMF_US-IAM_FLUXNET_FLUXMET_YY_2019-2024_v1.3_r1.csv,AMF_US-IAM_FLUXNET_FLUXMET_YY_2019-2024_v1.3_r1.csv,TRUE,2026-06-01T17:27:20,20147,table_1 (p_era_mean_mm_1981_2025 dataset='era5_yy'; p_era_mean_mm_tower_years window boundary dataset='fluxmet_yy'); spot_check_nine_sites.csv
US-ICh,era5_yy,data/extracted/AMF_US-ICh_FLUXNET_2007-2025_v1.3_r1/AMF_US-ICh_FLUXNET_ERA5_YY_1981-2025_v1.3_r1.csv,AMF_US-ICh_FLUXNET_ERA5_YY_1981-2025_v1.3_r1.csv,TRUE,2026-06-01T17:33:48,3670,table_1 (p_era_mean_mm_1981_2025 dataset='era5_yy'; p_era_mean_mm_tower_years window boundary dataset='fluxmet_yy'); spot_check_nine_sites.csv
US-ICh,fluxmet_yy,data/extracted/AMF_US-ICh_FLUXNET_2007-2025_v1.3_r1/AMF_US-ICh_FLUXNET_FLUXMET_YY_2007-2025_v1.3_r1.csv,AMF_US-ICh_FLUXNET_FLUXMET_YY_2007-2025_v1.3_r1.csv,TRUE,2026-06-01T17:33:48,54989,table_1 (p_era_mean_mm_1981_2025 dataset='era5_yy'; p_era_mean_mm_tower_years window boundary dataset='fluxmet_yy'); spot_check_nine_sites.csv
US-ICs,era5_yy,data/extracted/AMF_US-ICs_FLUXNET_2007-2025_v1.3_r1/AMF_US-ICs_FLUXNET_ERA5_YY_1981-2025_v1.3_r1.csv,AMF_US-ICs_FLUXNET_ERA5_YY_1981-2025_v1.3_r1.csv,TRUE,2026-06-01T17:33:48,3677,table_1 (p_era_mean_mm_1981_2025 dataset='era5_yy'; p_era_mean_mm_tower_years window boundary dataset='fluxmet_yy'); spot_check_nine_sites.csv
US-ICs,fluxmet_yy,data/extracted/AMF_US-ICs_FLUXNET_2007-2025_v1.3_r1/AMF_US-ICs_FLUXNET_FLUXMET_YY_2007-2025_v1.3_r1.csv,AMF_US-ICs_FLUXNET_FLUXMET_YY_2007-2025_v1.3_r1.csv,TRUE,2026-06-01T17:33:48,54835,table_1 (p_era_mean_mm_1981_2025 dataset='era5_yy'; p_era_mean_mm_tower_years window boundary dataset='fluxmet_yy'); spot_check_nine_sites.csv
US-ICt,era5_yy,data/extracted/AMF_US-ICt_FLUXNET_2007-2025_v1.3_r1/AMF_US-ICt_FLUXNET_ERA5_YY_1981-2025_v1.3_r1.csv,AMF_US-ICt_FLUXNET_ERA5_YY_1981-2025_v1.3_r1.csv,TRUE,2026-06-01T17:33:48,3684,table_1 (p_era_mean_mm_1981_2025 dataset='era5_yy'; p_era_mean_mm_tower_years window boundary dataset='fluxmet_yy'); spot_check_nine_sites.csv
US-ICt,fluxmet_yy,data/extracted/AMF_US-ICt_FLUXNET_2007-2025_v1.3_r1/AMF_US-ICt_FLUXNET_FLUXMET_YY_2007-2025_v1.3_r1.csv,AMF_US-ICt_FLUXNET_FLUXMET_YY_2007-2025_v1.3_r1.csv,TRUE,2026-06-01T17:33:48,46146,table_1 (p_era_mean_mm_1981_2025 dataset='era5_yy'; p_era_mean_mm_tower_years window boundary dataset='fluxmet_yy'); spot_check_nine_sites.csv
US-Jo1,era5_yy,data/extracted/AMF_US-Jo1_FLUXNET_2010-2022_v1.3_r1/AMF_US-Jo1_FLUXNET_ERA5_YY_1981-2025_v1.3_r1.csv,AMF_US-Jo1_FLUXNET_ERA5_YY_1981-2025_v1.3_r1.csv,TRUE,2026-06-01T17:33:48,3758,table_1 (p_era_mean_mm_1981_2025 dataset='era5_yy'; p_era_mean_mm_tower_years window boundary dataset='fluxmet_yy'); spot_check_nine_sites.csv
US-Jo1,fluxmet_yy,data/extracted/AMF_US-Jo1_FLUXNET_2010-2022_v1.3_r1/AMF_US-Jo1_FLUXNET_FLUXMET_YY_2010-2022_v1.3_r1.csv,AMF_US-Jo1_FLUXNET_FLUXMET_YY_2010-2022_v1.3_r1.csv,TRUE,2026-06-01T17:33:48,39880,table_1 (p_era_mean_mm_1981_2025 dataset='era5_yy'; p_era_mean_mm_tower_years window boundary dataset='fluxmet_yy'); spot_check_nine_sites.csv
US-Jo2,era5_yy,data/extracted/AMF_US-Jo2_FLUXNET_2010-2020_v1.3_r1/AMF_US-Jo2_FLUXNET_ERA5_YY_1981-2025_v1.3_r1.csv,AMF_US-Jo2_FLUXNET_ERA5_YY_1981-2025_v1.3_r1.csv,TRUE,2026-06-01T17:33:48,3738,table_1 (p_era_mean_mm_1981_2025 dataset='era5_yy'; p_era_mean_mm_tower_years window boundary dataset='fluxmet_yy'); spot_check_nine_sites.csv
US-Jo2,fluxmet_yy,data/extracted/AMF_US-Jo2_FLUXNET_2010-2020_v1.3_r1/AMF_US-Jo2_FLUXNET_FLUXMET_YY_2010-2020_v1.3_r1.csv,AMF_US-Jo2_FLUXNET_FLUXMET_YY_2010-2020_v1.3_r1.csv,TRUE,2026-06-01T17:33:48,24390,table_1 (p_era_mean_mm_1981_2025 dataset='era5_yy'; p_era_mean_mm_tower_years window boundary dataset='fluxmet_yy'); spot_check_nine_sites.csv
US-KFS,era5_yy,data/extracted/AMF_US-KFS_FLUXNET_2007-2019_v1.3_r1/AMF_US-KFS_FLUXNET_ERA5_YY_1981-2025_v1.3_r1.csv,AMF_US-KFS_FLUXNET_ERA5_YY_1981-2025_v1.3_r1.csv,TRUE,2026-06-01T17:33:48,3720,table_1 (p_era_mean_mm_1981_2025 dataset='era5_yy'; p_era_mean_mm_tower_years window boundary dataset='fluxmet_yy'); spot_check_nine_sites.csv
US-KFS,fluxmet_yy,data/extracted/AMF_US-KFS_FLUXNET_2007-2019_v1.3_r1/AMF_US-KFS_FLUXNET_FLUXMET_YY_2007-2019_v1.3_r1.csv,AMF_US-KFS_FLUXNET_FLUXMET_YY_2007-2019_v1.3_r1.csv,TRUE,2026-06-01T17:33:48,39649,table_1 (p_era_mean_mm_1981_2025 dataset='era5_yy'; p_era_mean_mm_tower_years window boundary dataset='fluxmet_yy'); spot_check_nine_sites.csv
US-KLS,era5_yy,data/extracted/AMF_US-KLS_FLUXNET_2012-2019_v1.3_r1/AMF_US-KLS_FLUXNET_ERA5_YY_1981-2025_v1.3_r1.csv,AMF_US-KLS_FLUXNET_ERA5_YY_1981-2025_v1.3_r1.csv,TRUE,2026-09-01T09:58:29,3715,table_1 (p_era_mean_mm_1981_2025 dataset='era5_yy'; p_era_mean_mm_tower_years window boundary dataset='fluxmet_yy'); spot_check_nine_sites.csv
US-KLS,fluxmet_yy,data/extracted/AMF_US-KLS_FLUXNET_2012-2019_v1.3_r1/AMF_US-KLS_FLUXNET_FLUXMET_YY_2012-2019_v1.3_r1.csv,AMF_US-KLS_FLUXNET_FLUXMET_YY_2012-2019_v1.3_r1.csv,TRUE,2026-09-01T09:58:29,25533,table_1 (p_era_mean_mm_1981_2025 dataset='era5_yy'; p_era_mean_mm_tower_years window boundary dataset='fluxmet_yy'); spot_check_nine_sites.csv
US-KPL,era5_yy,data/extracted/AMF_US-KPL_FLUXNET_2021-2024_v1.3_r1/AMF_US-KPL_FLUXNET_ERA5_YY_1981-2025_v1.3_r1.csv,AMF_US-KPL_FLUXNET_ERA5_YY_1981-2025_v1.3_r1.csv,TRUE,2026-06-01T17:33:48,3596,table_1 (p_era_mean_mm_1981_2025 dataset='era5_yy'; p_era_mean_mm_tower_years window boundary dataset='fluxmet_yy'); spot_check_nine_sites.csv
US-KPL,fluxmet_yy,data/extracted/AMF_US-KPL_FLUXNET_2021-2024_v1.3_r1/AMF_US-KPL_FLUXNET_FLUXMET_YY_2021-2024_v1.3_r1.csv,AMF_US-KPL_FLUXNET_FLUXMET_YY_2021-2024_v1.3_r1.csv,TRUE,2026-06-01T17:33:48,14975,table_1 (p_era_mean_mm_1981_2025 dataset='era5_yy'; p_era_mean_mm_tower_years window boundary dataset='fluxmet_yy'); spot_check_nine_sites.csv
US-KS1,era5_yy,data/extracted/AMF_US-KS1_FLUXNET_2002-2003_v1.3_r1/AMF_US-KS1_FLUXNET_ERA5_YY_1981-2025_v1.3_r1.csv,AMF_US-KS1_FLUXNET_ERA5_YY_1981-2025_v1.3_r1.csv,TRUE,2026-06-01T17:33:48,3791,table_1 (p_era_mean_mm_1981_2025 dataset='era5_yy'; p_era_mean_mm_tower_years window boundary dataset='fluxmet_yy'); spot_check_nine_sites.csv
US-KS1,fluxmet_yy,data/extracted/AMF_US-KS1_FLUXNET_2002-2003_v1.3_r1/AMF_US-KS1_FLUXNET_FLUXMET_YY_2002-2003_v1.3_r1.csv,AMF_US-KS1_FLUXNET_FLUXMET_YY_2002-2003_v1.3_r1.csv,TRUE,2026-06-01T17:33:48,5471,table_1 (p_era_mean_mm_1981_2025 dataset='era5_yy'; p_era_mean_mm_tower_years window boundary dataset='fluxmet_yy'); spot_check_nine_sites.csv
US-KS2,era5_yy,data/extracted/AMF_US-KS2_FLUXNET_2003-2006_v1.3_r1/AMF_US-KS2_FLUXNET_ERA5_YY_1981-2025_v1.3_r1.csv,AMF_US-KS2_FLUXNET_ERA5_YY_1981-2025_v1.3_r1.csv,TRUE,2026-06-01T17:33:48,3798,table_1 (p_era_mean_mm_1981_2025 dataset='era5_yy'; p_era_mean_mm_tower_years window boundary dataset='fluxmet_yy'); spot_check_nine_sites.csv
US-KS2,fluxmet_yy,data/extracted/AMF_US-KS2_FLUXNET_2003-2006_v1.3_r1/AMF_US-KS2_FLUXNET_FLUXMET_YY_2003-2006_v1.3_r1.csv,AMF_US-KS2_FLUXNET_FLUXMET_YY_2003-2006_v1.3_r1.csv,TRUE,2026-06-01T17:33:48,14804,table_1 (p_era_mean_mm_1981_2025 dataset='era5_yy'; p_era_mean_mm_tower_years window boundary dataset='fluxmet_yy'); spot_check_nine_sites.csv
US-KS3,era5_yy,data/extracted/AMF_US-KS3_FLUXNET_2018-2018_v1.3_r1/AMF_US-KS3_FLUXNET_ERA5_YY_1981-2025_v1.3_r1.csv,AMF_US-KS3_FLUXNET_ERA5_YY_1981-2025_v1.3_r1.csv,TRUE,2026-06-01T17:33:48,3750,table_1 (p_era_mean_mm_1981_2025 dataset='era5_yy'; p_era_mean_mm_tower_years window boundary dataset='fluxmet_yy'); spot_check_nine_sites.csv
US-KS3,fluxmet_yy,data/extracted/AMF_US-KS3_FLUXNET_2018-2018_v1.3_r1/AMF_US-KS3_FLUXNET_FLUXMET_YY_2018-2018_v1.3_r1.csv,AMF_US-KS3_FLUXNET_FLUXMET_YY_2018-2018_v1.3_r1.csv,TRUE,2026-06-01T17:33:48,4293,table_1 (p_era_mean_mm_1981_2025 dataset='era5_yy'; p_era_mean_mm_tower_years window boundary dataset='fluxmet_yy'); spot_check_nine_sites.csv
US-Kon,era5_yy,data/extracted/AMF_US-Kon_FLUXNET_2004-2019_v1.3_r1/AMF_US-Kon_FLUXNET_ERA5_YY_1981-2025_v1.3_r1.csv,AMF_US-Kon_FLUXNET_ERA5_YY_1981-2025_v1.3_r1.csv,TRUE,2026-06-01T17:33:48,3718,table_1 (p_era_mean_mm_1981_2025 dataset='era5_yy'; p_era_mean_mm_tower_years window boundary dataset='fluxmet_yy'); spot_check_nine_sites.csv
US-Kon,fluxmet_yy,data/extracted/AMF_US-Kon_FLUXNET_2004-2019_v1.3_r1/AMF_US-Kon_FLUXNET_FLUXMET_YY_2004-2019_v1.3_r1.csv,AMF_US-Kon_FLUXNET_FLUXMET_YY_2004-2019_v1.3_r1.csv,TRUE,2026-06-01T17:33:48,47225,table_1 (p_era_mean_mm_1981_2025 dataset='era5_yy'; p_era_mean_mm_tower_years window boundary dataset='fluxmet_yy'); spot_check_nine_sites.csv
US-LA2,era5_yy,data/extracted/AMF_US-LA2_FLUXNET_2011-2023_v1.3_r1/AMF_US-LA2_FLUXNET_ERA5_YY_1981-2025_v1.3_r1.csv,AMF_US-LA2_FLUXNET_ERA5_YY_1981-2025_v1.3_r1.csv,TRUE,2026-06-01T17:33:48,3766,table_1 (p_era_mean_mm_1981_2025 dataset='era5_yy'; p_era_mean_mm_tower_years window boundary dataset='fluxmet_yy'); spot_check_nine_sites.csv
US-LA2,fluxmet_yy,data/extracted/AMF_US-LA2_FLUXNET_2011-2023_v1.3_r1/AMF_US-LA2_FLUXNET_FLUXMET_YY_2011-2023_v1.3_r1.csv,AMF_US-LA2_FLUXNET_FLUXMET_YY_2011-2023_v1.3_r1.csv,TRUE,2026-06-01T17:33:48,23612,table_1 (p_era_mean_mm_1981_2025 dataset='era5_yy'; p_era_mean_mm_tower_years window boundary dataset='fluxmet_yy'); spot_check_nine_sites.csv
US-LA3,era5_yy,data/extracted/AMF_US-LA3_FLUXNET_2019-2023_v1.3_r1/AMF_US-LA3_FLUXNET_ERA5_YY_1981-2025_v1.3_r1.csv,AMF_US-LA3_FLUXNET_ERA5_YY_1981-2025_v1.3_r1.csv,TRUE,2026-06-01T17:33:48,3755,table_1 (p_era_mean_mm_1981_2025 dataset='era5_yy'; p_era_mean_mm_tower_years window boundary dataset='fluxmet_yy'); spot_check_nine_sites.csv
US-LA3,fluxmet_yy,data/extracted/AMF_US-LA3_FLUXNET_2019-2023_v1.3_r1/AMF_US-LA3_FLUXNET_FLUXMET_YY_2019-2023_v1.3_r1.csv,AMF_US-LA3_FLUXNET_FLUXMET_YY_2019-2023_v1.3_r1.csv,TRUE,2026-06-01T17:33:48,16997,table_1 (p_era_mean_mm_1981_2025 dataset='era5_yy'; p_era_mean_mm_tower_years window boundary dataset='fluxmet_yy'); spot_check_nine_sites.csv
US-LS1,era5_yy,data/extracted/AMF_US-LS1_FLUXNET_2003-2007_v1.3_r1/AMF_US-LS1_FLUXNET_ERA5_YY_1981-2025_v1.3_r1.csv,AMF_US-LS1_FLUXNET_ERA5_YY_1981-2025_v1.3_r1.csv,TRUE,2026-06-01T17:33:48,3751,table_1 (p_era_mean_mm_1981_2025 dataset='era5_yy'; p_era_mean_mm_tower_years window boundary dataset='fluxmet_yy'); spot_check_nine_sites.csv
US-LS1,fluxmet_yy,data/extracted/AMF_US-LS1_FLUXNET_2003-2007_v1.3_r1/AMF_US-LS1_FLUXNET_FLUXMET_YY_2003-2007_v1.3_r1.csv,AMF_US-LS1_FLUXNET_FLUXMET_YY_2003-2007_v1.3_r1.csv,TRUE,2026-06-01T17:33:48,18546,table_1 (p_era_mean_mm_1981_2025 dataset='era5_yy'; p_era_mean_mm_tower_years window boundary dataset='fluxmet_yy'); spot_check_nine_sites.csv
US-LS2,era5_yy,data/extracted/AMF_US-LS2_FLUXNET_2003-2007_v1.3_r1/AMF_US-LS2_FLUXNET_ERA5_YY_1981-2025_v1.3_r1.csv,AMF_US-LS2_FLUXNET_ERA5_YY_1981-2025_v1.3_r1.csv,TRUE,2026-09-01T09:58:29,3755,table_1 (p_era_mean_mm_1981_2025 dataset='era5_yy'; p_era_mean_mm_tower_years window boundary dataset='fluxmet_yy'); spot_check_nine_sites.csv
US-LS2,fluxmet_yy,data/extracted/AMF_US-LS2_FLUXNET_2003-2007_v1.3_r1/AMF_US-LS2_FLUXNET_FLUXMET_YY_2003-2007_v1.3_r1.csv,AMF_US-LS2_FLUXNET_FLUXMET_YY_2003-2007_v1.3_r1.csv,TRUE,2026-09-01T09:58:29,18378,table_1 (p_era_mean_mm_1981_2025 dataset='era5_yy'; p_era_mean_mm_tower_years window boundary dataset='fluxmet_yy'); spot_check_nine_sites.csv
US-Lin,era5_yy,data/extracted/AMF_US-Lin_FLUXNET_2009-2010_v1.3_r1/AMF_US-Lin_FLUXNET_ERA5_YY_1981-2025_v1.3_r1.csv,AMF_US-Lin_FLUXNET_ERA5_YY_1981-2025_v1.3_r1.csv,TRUE,2026-06-01T17:33:48,3734,table_1 (p_era_mean_mm_1981_2025 dataset='era5_yy'; p_era_mean_mm_tower_years window boundary dataset='fluxmet_yy'); spot_check_nine_sites.csv
US-Lin,fluxmet_yy,data/extracted/AMF_US-Lin_FLUXNET_2009-2010_v1.3_r1/AMF_US-Lin_FLUXNET_FLUXMET_YY_2009-2010_v1.3_r1.csv,AMF_US-Lin_FLUXNET_FLUXMET_YY_2009-2010_v1.3_r1.csv,TRUE,2026-06-01T17:33:48,5653,table_1 (p_era_mean_mm_1981_2025 dataset='era5_yy'; p_era_mean_mm_tower_years window boundary dataset='fluxmet_yy'); spot_check_nine_sites.csv
US-Los,era5_yy,data/extracted/AMF_US-Los_FLUXNET_2000-2025_v1.3_r1/AMF_US-Los_FLUXNET_ERA5_YY_1981-2025_v1.3_r1.csv,AMF_US-Los_FLUXNET_ERA5_YY_1981-2025_v1.3_r1.csv,TRUE,2026-06-01T17:33:48,3572,table_1 (p_era_mean_mm_1981_2025 dataset='era5_yy'; p_era_mean_mm_tower_years window boundary dataset='fluxmet_yy'); spot_check_nine_sites.csv
US-Los,fluxmet_yy,data/extracted/AMF_US-Los_FLUXNET_2000-2025_v1.3_r1/AMF_US-Los_FLUXNET_FLUXMET_YY_2000-2025_v1.3_r1.csv,AMF_US-Los_FLUXNET_FLUXMET_YY_2000-2025_v1.3_r1.csv,TRUE,2026-06-01T17:33:48,51900,table_1 (p_era_mean_mm_1981_2025 dataset='era5_yy'; p_era_mean_mm_tower_years window boundary dataset='fluxmet_yy'); spot_check_nine_sites.csv
US-MBP,era5_yy,data/extracted/AMF_US-MBP_FLUXNET_2009-2024_v1.3_r1/AMF_US-MBP_FLUXNET_ERA5_YY_1981-2025_v1.3_r1.csv,AMF_US-MBP_FLUXNET_ERA5_YY_1981-2025_v1.3_r1.csv,TRUE,2026-06-01T17:33:48,3622,table_1 (p_era_mean_mm_1981_2025 dataset='era5_yy'; p_era_mean_mm_tower_years window boundary dataset='fluxmet_yy'); spot_check_nine_sites.csv
US-MBP,fluxmet_yy,data/extracted/AMF_US-MBP_FLUXNET_2009-2024_v1.3_r1/AMF_US-MBP_FLUXNET_FLUXMET_YY_2009-2024_v1.3_r1.csv,AMF_US-MBP_FLUXNET_FLUXMET_YY_2009-2024_v1.3_r1.csv,TRUE,2026-06-01T17:33:48,47232,table_1 (p_era_mean_mm_1981_2025 dataset='era5_yy'; p_era_mean_mm_tower_years window boundary dataset='fluxmet_yy'); spot_check_nine_sites.csv
US-MEF,era5_yy,data/extracted/AMF_US-MEF_FLUXNET_2024-2025_v1.3_r1/AMF_US-MEF_FLUXNET_ERA5_YY_1981-2025_v1.3_r1.csv,AMF_US-MEF_FLUXNET_ERA5_YY_1981-2025_v1.3_r1.csv,TRUE,2026-06-01T17:33:48,3579,table_1 (p_era_mean_mm_1981_2025 dataset='era5_yy'; p_era_mean_mm_tower_years window boundary dataset='fluxmet_yy'); spot_check_nine_sites.csv
US-MEF,fluxmet_yy,data/extracted/AMF_US-MEF_FLUXNET_2024-2025_v1.3_r1/AMF_US-MEF_FLUXNET_FLUXMET_YY_2024-2025_v1.3_r1.csv,AMF_US-MEF_FLUXNET_FLUXMET_YY_2024-2025_v1.3_r1.csv,TRUE,2026-06-01T17:33:48,6477,table_1 (p_era_mean_mm_1981_2025 dataset='era5_yy'; p_era_mean_mm_tower_years window boundary dataset='fluxmet_yy'); spot_check_nine_sites.csv
US-MMS,era5_yy,data/extracted/AMF_US-MMS_FLUXNET_1999-2023_v1.3_r1/AMF_US-MMS_FLUXNET_ERA5_YY_1981-2025_v1.3_r1.csv,AMF_US-MMS_FLUXNET_ERA5_YY_1981-2025_v1.3_r1.csv,TRUE,2026-05-25T12:48:32,3736,table_1 (p_era_mean_mm_1981_2025 dataset='era5_yy'; p_era_mean_mm_tower_years window boundary dataset='fluxmet_yy'); spot_check_nine_sites.csv
US-MMS,fluxmet_yy,data/extracted/AMF_US-MMS_FLUXNET_1999-2023_v1.3_r1/AMF_US-MMS_FLUXNET_FLUXMET_YY_1999-2023_v1.3_r1.csv,AMF_US-MMS_FLUXNET_FLUXMET_YY_1999-2023_v1.3_r1.csv,TRUE,2026-05-25T12:48:32,72197,table_1 (p_era_mean_mm_1981_2025 dataset='era5_yy'; p_era_mean_mm_tower_years window boundary dataset='fluxmet_yy'); spot_check_nine_sites.csv
US-MN1,era5_yy,data/extracted/AMF_US-MN1_FLUXNET_2017-2024_v1.3_r1/AMF_US-MN1_FLUXNET_ERA5_YY_1981-2025_v1.3_r1.csv,AMF_US-MN1_FLUXNET_ERA5_YY_1981-2025_v1.3_r1.csv,TRUE,2026-06-01T17:33:48,3573,table_1 (p_era_mean_mm_1981_2025 dataset='era5_yy'; p_era_mean_mm_tower_years window boundary dataset='fluxmet_yy'); spot_check_nine_sites.csv
US-MN1,fluxmet_yy,data/extracted/AMF_US-MN1_FLUXNET_2017-2024_v1.3_r1/AMF_US-MN1_FLUXNET_FLUXMET_YY_2017-2024_v1.3_r1.csv,AMF_US-MN1_FLUXNET_FLUXMET_YY_2017-2024_v1.3_r1.csv,TRUE,2026-06-01T17:33:48,25496,table_1 (p_era_mean_mm_1981_2025 dataset='era5_yy'; p_era_mean_mm_tower_years window boundary dataset='fluxmet_yy'); spot_check_nine_sites.csv
US-MN2,era5_yy,data/extracted/AMF_US-MN2_FLUXNET_2017-2024_v1.3_r1/AMF_US-MN2_FLUXNET_ERA5_YY_1981-2025_v1.3_r1.csv,AMF_US-MN2_FLUXNET_ERA5_YY_1981-2025_v1.3_r1.csv,TRUE,2026-06-01T17:33:48,3567,table_1 (p_era_mean_mm_1981_2025 dataset='era5_yy'; p_era_mean_mm_tower_years window boundary dataset='fluxmet_yy'); spot_check_nine_sites.csv
US-MN2,fluxmet_yy,data/extracted/AMF_US-MN2_FLUXNET_2017-2024_v1.3_r1/AMF_US-MN2_FLUXNET_FLUXMET_YY_2017-2024_v1.3_r1.csv,AMF_US-MN2_FLUXNET_FLUXMET_YY_2017-2024_v1.3_r1.csv,TRUE,2026-06-01T17:33:48,25529,table_1 (p_era_mean_mm_1981_2025 dataset='era5_yy'; p_era_mean_mm_tower_years window boundary dataset='fluxmet_yy'); spot_check_nine_sites.csv
US-MN3,era5_yy,data/extracted/AMF_US-MN3_FLUXNET_2020-2024_v1.3_r1/AMF_US-MN3_FLUXNET_ERA5_YY_1981-2025_v1.3_r1.csv,AMF_US-MN3_FLUXNET_ERA5_YY_1981-2025_v1.3_r1.csv,TRUE,2026-06-01T17:33:48,3574,table_1 (p_era_mean_mm_1981_2025 dataset='era5_yy'; p_era_mean_mm_tower_years window boundary dataset='fluxmet_yy'); spot_check_nine_sites.csv
US-MN3,fluxmet_yy,data/extracted/AMF_US-MN3_FLUXNET_2020-2024_v1.3_r1/AMF_US-MN3_FLUXNET_FLUXMET_YY_2020-2024_v1.3_r1.csv,AMF_US-MN3_FLUXNET_FLUXMET_YY_2020-2024_v1.3_r1.csv,TRUE,2026-06-01T17:33:48,17719,table_1 (p_era_mean_mm_1981_2025 dataset='era5_yy'; p_era_mean_mm_tower_years window boundary dataset='fluxmet_yy'); spot_check_nine_sites.csv
US-MOz,era5_yy,data/extracted/AMF_US-MOz_FLUXNET_2004-2021_v1.3_r1/AMF_US-MOz_FLUXNET_ERA5_YY_1981-2025_v1.3_r1.csv,AMF_US-MOz_FLUXNET_ERA5_YY_1981-2025_v1.3_r1.csv,TRUE,2026-06-01T17:33:48,3713,table_1 (p_era_mean_mm_1981_2025 dataset='era5_yy'; p_era_mean_mm_tower_years window boundary dataset='fluxmet_yy'); spot_check_nine_sites.csv
US-MOz,fluxmet_yy,data/extracted/AMF_US-MOz_FLUXNET_2004-2021_v1.3_r1/AMF_US-MOz_FLUXNET_FLUXMET_YY_2004-2021_v1.3_r1.csv,AMF_US-MOz_FLUXNET_FLUXMET_YY_2004-2021_v1.3_r1.csv,TRUE,2026-06-01T17:33:48,52487,table_1 (p_era_mean_mm_1981_2025 dataset='era5_yy'; p_era_mean_mm_tower_years window boundary dataset='fluxmet_yy'); spot_check_nine_sites.csv
US-MZA,era5_yy,data/extracted/AMF_US-MZA_FLUXNET_2024-2025_v1.3_r1/AMF_US-MZA_FLUXNET_ERA5_YY_1981-2025_v1.3_r1.csv,AMF_US-MZA_FLUXNET_ERA5_YY_1981-2025_v1.3_r1.csv,TRUE,2026-06-01T17:33:48,3641,table_1 (p_era_mean_mm_1981_2025 dataset='era5_yy'; p_era_mean_mm_tower_years window boundary dataset='fluxmet_yy'); spot_check_nine_sites.csv
US-MZA,fluxmet_yy,data/extracted/AMF_US-MZA_FLUXNET_2024-2025_v1.3_r1/AMF_US-MZA_FLUXNET_FLUXMET_YY_2024-2025_v1.3_r1.csv,AMF_US-MZA_FLUXNET_FLUXMET_YY_2024-2025_v1.3_r1.csv,TRUE,2026-06-01T17:33:48,5276,table_1 (p_era_mean_mm_1981_2025 dataset='era5_yy'; p_era_mean_mm_tower_years window boundary dataset='fluxmet_yy'); spot_check_nine_sites.csv
US-Me1,era5_yy,data/extracted/AMF_US-Me1_FLUXNET_2004-2005_v1.3_r1/AMF_US-Me1_FLUXNET_ERA5_YY_1981-2025_v1.3_r1.csv,AMF_US-Me1_FLUXNET_ERA5_YY_1981-2025_v1.3_r1.csv,TRUE,2026-06-01T17:33:48,3525,table_1 (p_era_mean_mm_1981_2025 dataset='era5_yy'; p_era_mean_mm_tower_years window boundary dataset='fluxmet_yy'); spot_check_nine_sites.csv
US-Me1,fluxmet_yy,data/extracted/AMF_US-Me1_FLUXNET_2004-2005_v1.3_r1/AMF_US-Me1_FLUXNET_FLUXMET_YY_2004-2005_v1.3_r1.csv,AMF_US-Me1_FLUXNET_FLUXMET_YY_2004-2005_v1.3_r1.csv,TRUE,2026-06-01T17:33:48,5609,table_1 (p_era_mean_mm_1981_2025 dataset='era5_yy'; p_era_mean_mm_tower_years window boundary dataset='fluxmet_yy'); spot_check_nine_sites.csv
US-Me3,era5_yy,data/extracted/AMF_US-Me3_FLUXNET_2004-2009_v1.3_r1/AMF_US-Me3_FLUXNET_ERA5_YY_1981-2025_v1.3_r1.csv,AMF_US-Me3_FLUXNET_ERA5_YY_1981-2025_v1.3_r1.csv,TRUE,2026-06-01T17:33:49,3584,table_1 (p_era_mean_mm_1981_2025 dataset='era5_yy'; p_era_mean_mm_tower_years window boundary dataset='fluxmet_yy'); spot_check_nine_sites.csv
US-Me3,fluxmet_yy,data/extracted/AMF_US-Me3_FLUXNET_2004-2009_v1.3_r1/AMF_US-Me3_FLUXNET_FLUXMET_YY_2004-2009_v1.3_r1.csv,AMF_US-Me3_FLUXNET_FLUXMET_YY_2004-2009_v1.3_r1.csv,TRUE,2026-06-01T17:33:49,19774,table_1 (p_era_mean_mm_1981_2025 dataset='era5_yy'; p_era_mean_mm_tower_years window boundary dataset='fluxmet_yy'); spot_check_nine_sites.csv
US-Me5,era5_yy,data/extracted/AMF_US-Me5_FLUXNET_2000-2002_v1.3_r1/AMF_US-Me5_FLUXNET_ERA5_YY_1981-2025_v1.3_r1.csv,AMF_US-Me5_FLUXNET_ERA5_YY_1981-2025_v1.3_r1.csv,TRUE,2026-06-01T17:33:49,3590,table_1 (p_era_mean_mm_1981_2025 dataset='era5_yy'; p_era_mean_mm_tower_years window boundary dataset='fluxmet_yy'); spot_check_nine_sites.csv
US-Me5,fluxmet_yy,data/extracted/AMF_US-Me5_FLUXNET_2000-2002_v1.3_r1/AMF_US-Me5_FLUXNET_FLUXMET_YY_2000-2002_v1.3_r1.csv,AMF_US-Me5_FLUXNET_FLUXMET_YY_2000-2002_v1.3_r1.csv,TRUE,2026-06-01T17:33:49,12148,table_1 (p_era_mean_mm_1981_2025 dataset='era5_yy'; p_era_mean_mm_tower_years window boundary dataset='fluxmet_yy'); spot_check_nine_sites.csv
US-Me6,era5_yy,data/extracted/AMF_US-Me6_FLUXNET_2010-2025_v1.3_r1/AMF_US-Me6_FLUXNET_ERA5_YY_1981-2025_v1.3_r1.csv,AMF_US-Me6_FLUXNET_ERA5_YY_1981-2025_v1.3_r1.csv,TRUE,2026-06-01T17:33:49,3566,table_1 (p_era_mean_mm_1981_2025 dataset='era5_yy'; p_era_mean_mm_tower_years window boundary dataset='fluxmet_yy'); spot_check_nine_sites.csv
US-Me6,fluxmet_yy,data/extracted/AMF_US-Me6_FLUXNET_2010-2025_v1.3_r1/AMF_US-Me6_FLUXNET_FLUXMET_YY_2010-2025_v1.3_r1.csv,AMF_US-Me6_FLUXNET_FLUXMET_YY_2010-2025_v1.3_r1.csv,TRUE,2026-06-01T17:33:49,49053,table_1 (p_era_mean_mm_1981_2025 dataset='era5_yy'; p_era_mean_mm_tower_years window boundary dataset='fluxmet_yy'); spot_check_nine_sites.csv
US-Me7,era5_yy,data/extracted/AMF_US-Me7_FLUXNET_2022-2023_v1.3_r1/AMF_US-Me7_FLUXNET_ERA5_YY_1981-2025_v1.3_r1.csv,AMF_US-Me7_FLUXNET_ERA5_YY_1981-2025_v1.3_r1.csv,TRUE,2026-06-01T17:33:49,3581,table_1 (p_era_mean_mm_1981_2025 dataset='era5_yy'; p_era_mean_mm_tower_years window boundary dataset='fluxmet_yy'); spot_check_nine_sites.csv
US-Me7,fluxmet_yy,data/extracted/AMF_US-Me7_FLUXNET_2022-2023_v1.3_r1/AMF_US-Me7_FLUXNET_FLUXMET_YY_2022-2023_v1.3_r1.csv,AMF_US-Me7_FLUXNET_FLUXMET_YY_2022-2023_v1.3_r1.csv,TRUE,2026-06-01T17:33:49,5947,table_1 (p_era_mean_mm_1981_2025 dataset='era5_yy'; p_era_mean_mm_tower_years window boundary dataset='fluxmet_yy'); spot_check_nine_sites.csv
US-Mo1,era5_yy,data/extracted/AMF_US-Mo1_FLUXNET_2015-2024_v1.3_r1/AMF_US-Mo1_FLUXNET_ERA5_YY_1981-2025_v1.3_r1.csv,AMF_US-Mo1_FLUXNET_ERA5_YY_1981-2025_v1.3_r1.csv,TRUE,2026-06-01T17:33:49,3704,table_1 (p_era_mean_mm_1981_2025 dataset='era5_yy'; p_era_mean_mm_tower_years window boundary dataset='fluxmet_yy'); spot_check_nine_sites.csv
US-Mo1,fluxmet_yy,data/extracted/AMF_US-Mo1_FLUXNET_2015-2024_v1.3_r1/AMF_US-Mo1_FLUXNET_FLUXMET_YY_2015-2024_v1.3_r1.csv,AMF_US-Mo1_FLUXNET_FLUXMET_YY_2015-2024_v1.3_r1.csv,TRUE,2026-06-01T17:33:49,31349,table_1 (p_era_mean_mm_1981_2025 dataset='era5_yy'; p_era_mean_mm_tower_years window boundary dataset='fluxmet_yy'); spot_check_nine_sites.csv
US-Mo2,era5_yy,data/extracted/AMF_US-Mo2_FLUXNET_2018-2024_v1.3_r1/AMF_US-Mo2_FLUXNET_ERA5_YY_1981-2025_v1.3_r1.csv,AMF_US-Mo2_FLUXNET_ERA5_YY_1981-2025_v1.3_r1.csv,TRUE,2026-06-01T17:33:49,3715,table_1 (p_era_mean_mm_1981_2025 dataset='era5_yy'; p_era_mean_mm_tower_years window boundary dataset='fluxmet_yy'); spot_check_nine_sites.csv
US-Mo2,fluxmet_yy,data/extracted/AMF_US-Mo2_FLUXNET_2018-2024_v1.3_r1/AMF_US-Mo2_FLUXNET_FLUXMET_YY_2018-2024_v1.3_r1.csv,AMF_US-Mo2_FLUXNET_FLUXMET_YY_2018-2024_v1.3_r1.csv,TRUE,2026-06-01T17:33:49,23427,table_1 (p_era_mean_mm_1981_2025 dataset='era5_yy'; p_era_mean_mm_tower_years window boundary dataset='fluxmet_yy'); spot_check_nine_sites.csv
US-Mo3,era5_yy,data/extracted/AMF_US-Mo3_FLUXNET_2016-2023_v1.3_r1/AMF_US-Mo3_FLUXNET_ERA5_YY_1981-2025_v1.3_r1.csv,AMF_US-Mo3_FLUXNET_ERA5_YY_1981-2025_v1.3_r1.csv,TRUE,2026-06-01T17:33:49,3728,table_1 (p_era_mean_mm_1981_2025 dataset='era5_yy'; p_era_mean_mm_tower_years window boundary dataset='fluxmet_yy'); spot_check_nine_sites.csv
US-Mo3,fluxmet_yy,data/extracted/AMF_US-Mo3_FLUXNET_2016-2023_v1.3_r1/AMF_US-Mo3_FLUXNET_FLUXMET_YY_2016-2023_v1.3_r1.csv,AMF_US-Mo3_FLUXNET_FLUXMET_YY_2016-2023_v1.3_r1.csv,TRUE,2026-06-01T17:33:49,26425,table_1 (p_era_mean_mm_1981_2025 dataset='era5_yy'; p_era_mean_mm_tower_years window boundary dataset='fluxmet_yy'); spot_check_nine_sites.csv
US-Mpj,era5_yy,data/extracted/AMF_US-Mpj_FLUXNET_2008-2025_v1.3_r1/AMF_US-Mpj_FLUXNET_ERA5_YY_1981-2025_v1.3_r1.csv,AMF_US-Mpj_FLUXNET_ERA5_YY_1981-2025_v1.3_r1.csv,TRUE,2026-06-01T17:33:49,3667,table_1 (p_era_mean_mm_1981_2025 dataset='era5_yy'; p_era_mean_mm_tower_years window boundary dataset='fluxmet_yy'); spot_check_nine_sites.csv
US-Mpj,fluxmet_yy,data/extracted/AMF_US-Mpj_FLUXNET_2008-2025_v1.3_r1/AMF_US-Mpj_FLUXNET_FLUXMET_YY_2008-2025_v1.3_r1.csv,AMF_US-Mpj_FLUXNET_FLUXMET_YY_2008-2025_v1.3_r1.csv,TRUE,2026-06-01T17:33:49,52530,table_1 (p_era_mean_mm_1981_2025 dataset='era5_yy'; p_era_mean_mm_tower_years window boundary dataset='fluxmet_yy'); spot_check_nine_sites.csv
US-MtB,era5_yy,data/extracted/AMF_US-MtB_FLUXNET_2009-2024_v1.3_r1/AMF_US-MtB_FLUXNET_ERA5_YY_1981-2025_v1.3_r1.csv,AMF_US-MtB_FLUXNET_ERA5_YY_1981-2025_v1.3_r1.csv,TRUE,2026-06-01T17:33:49,3631,table_1 (p_era_mean_mm_1981_2025 dataset='era5_yy'; p_era_mean_mm_tower_years window boundary dataset='fluxmet_yy'); spot_check_nine_sites.csv
US-MtB,fluxmet_yy,data/extracted/AMF_US-MtB_FLUXNET_2009-2024_v1.3_r1/AMF_US-MtB_FLUXNET_FLUXMET_YY_2009-2024_v1.3_r1.csv,AMF_US-MtB_FLUXNET_FLUXMET_YY_2009-2024_v1.3_r1.csv,TRUE,2026-06-01T17:33:49,42195,table_1 (p_era_mean_mm_1981_2025 dataset='era5_yy'; p_era_mean_mm_tower_years window boundary dataset='fluxmet_yy'); spot_check_nine_sites.csv
US-Myb,era5_yy,data/extracted/AMF_US-Myb_FLUXNET_2010-2025_v1.3_r1/AMF_US-Myb_FLUXNET_ERA5_YY_1981-2025_v1.3_r1.csv,AMF_US-Myb_FLUXNET_ERA5_YY_1981-2025_v1.3_r1.csv,TRUE,2026-06-01T17:33:49,3745,table_1 (p_era_mean_mm_1981_2025 dataset='era5_yy'; p_era_mean_mm_tower_years window boundary dataset='fluxmet_yy'); spot_check_nine_sites.csv
US-Myb,fluxmet_yy,data/extracted/AMF_US-Myb_FLUXNET_2010-2025_v1.3_r1/AMF_US-Myb_FLUXNET_FLUXMET_YY_2010-2025_v1.3_r1.csv,AMF_US-Myb_FLUXNET_FLUXMET_YY_2010-2025_v1.3_r1.csv,TRUE,2026-06-01T17:33:49,48118,table_1 (p_era_mean_mm_1981_2025 dataset='era5_yy'; p_era_mean_mm_tower_years window boundary dataset='fluxmet_yy'); spot_check_nine_sites.csv
US-NC1,era5_yy,data/extracted/AMF_US-NC1_FLUXNET_2005-2012_v1.3_r1/AMF_US-NC1_FLUXNET_ERA5_YY_1981-2025_v1.3_r1.csv,AMF_US-NC1_FLUXNET_ERA5_YY_1981-2025_v1.3_r1.csv,TRUE,2026-06-01T17:33:49,3788,table_1 (p_era_mean_mm_1981_2025 dataset='era5_yy'; p_era_mean_mm_tower_years window boundary dataset='fluxmet_yy'); spot_check_nine_sites.csv
US-NC1,fluxmet_yy,data/extracted/AMF_US-NC1_FLUXNET_2005-2012_v1.3_r1/AMF_US-NC1_FLUXNET_FLUXMET_YY_2005-2012_v1.3_r1.csv,AMF_US-NC1_FLUXNET_FLUXMET_YY_2005-2012_v1.3_r1.csv,TRUE,2026-06-01T17:33:49,26126,table_1 (p_era_mean_mm_1981_2025 dataset='era5_yy'; p_era_mean_mm_tower_years window boundary dataset='fluxmet_yy'); spot_check_nine_sites.csv
US-NC2,era5_yy,data/extracted/AMF_US-NC2_FLUXNET_2005-2025_v1.3_r1/AMF_US-NC2_FLUXNET_ERA5_YY_1981-2025_v1.3_r1.csv,AMF_US-NC2_FLUXNET_ERA5_YY_1981-2025_v1.3_r1.csv,TRUE,2026-06-01T17:33:49,3797,table_1 (p_era_mean_mm_1981_2025 dataset='era5_yy'; p_era_mean_mm_tower_years window boundary dataset='fluxmet_yy'); spot_check_nine_sites.csv
US-NC2,fluxmet_yy,data/extracted/AMF_US-NC2_FLUXNET_2005-2025_v1.3_r1/AMF_US-NC2_FLUXNET_FLUXMET_YY_2005-2025_v1.3_r1.csv,AMF_US-NC2_FLUXNET_FLUXMET_YY_2005-2025_v1.3_r1.csv,TRUE,2026-06-01T17:33:49,60190,table_1 (p_era_mean_mm_1981_2025 dataset='era5_yy'; p_era_mean_mm_tower_years window boundary dataset='fluxmet_yy'); spot_check_nine_sites.csv
US-NC3,era5_yy,data/extracted/AMF_US-NC3_FLUXNET_2013-2021_v1.3_r1/AMF_US-NC3_FLUXNET_ERA5_YY_1981-2025_v1.3_r1.csv,AMF_US-NC3_FLUXNET_ERA5_YY_1981-2025_v1.3_r1.csv,TRUE,2026-06-01T17:33:49,3801,table_1 (p_era_mean_mm_1981_2025 dataset='era5_yy'; p_era_mean_mm_tower_years window boundary dataset='fluxmet_yy'); spot_check_nine_sites.csv
US-NC3,fluxmet_yy,data/extracted/AMF_US-NC3_FLUXNET_2013-2021_v1.3_r1/AMF_US-NC3_FLUXNET_FLUXMET_YY_2013-2021_v1.3_r1.csv,AMF_US-NC3_FLUXNET_FLUXMET_YY_2013-2021_v1.3_r1.csv,TRUE,2026-06-01T17:33:49,27650,table_1 (p_era_mean_mm_1981_2025 dataset='era5_yy'; p_era_mean_mm_tower_years window boundary dataset='fluxmet_yy'); spot_check_nine_sites.csv
US-NC4,era5_yy,data/extracted/AMF_US-NC4_FLUXNET_2009-2025_v1.3_r1/AMF_US-NC4_FLUXNET_ERA5_YY_1981-2025_v1.3_r1.csv,AMF_US-NC4_FLUXNET_ERA5_YY_1981-2025_v1.3_r1.csv,TRUE,2026-06-01T17:33:49,3748,table_1 (p_era_mean_mm_1981_2025 dataset='era5_yy'; p_era_mean_mm_tower_years window boundary dataset='fluxmet_yy'); spot_check_nine_sites.csv
US-NC4,fluxmet_yy,data/extracted/AMF_US-NC4_FLUXNET_2009-2025_v1.3_r1/AMF_US-NC4_FLUXNET_FLUXMET_YY_2009-2025_v1.3_r1.csv,AMF_US-NC4_FLUXNET_FLUXMET_YY_2009-2025_v1.3_r1.csv,TRUE,2026-06-01T17:33:49,33999,table_1 (p_era_mean_mm_1981_2025 dataset='era5_yy'; p_era_mean_mm_tower_years window boundary dataset='fluxmet_yy'); spot_check_nine_sites.csv
US-NC5,era5_yy,data/extracted/AMF_US-NC5_FLUXNET_2025-2025_v1.3_r1/AMF_US-NC5_FLUXNET_ERA5_YY_1981-2025_v1.3_r1.csv,AMF_US-NC5_FLUXNET_ERA5_YY_1981-2025_v1.3_r1.csv,TRUE,2026-06-01T17:33:49,3710,table_1 (p_era_mean_mm_1981_2025 dataset='era5_yy'; p_era_mean_mm_tower_years window boundary dataset='fluxmet_yy'); spot_check_nine_sites.csv
US-NC5,fluxmet_yy,data/extracted/AMF_US-NC5_FLUXNET_2025-2025_v1.3_r1/AMF_US-NC5_FLUXNET_FLUXMET_YY_2025-2025_v1.3_r1.csv,AMF_US-NC5_FLUXNET_FLUXMET_YY_2025-2025_v1.3_r1.csv,TRUE,2026-06-01T17:33:49,4499,table_1 (p_era_mean_mm_1981_2025 dataset='era5_yy'; p_era_mean_mm_tower_years window boundary dataset='fluxmet_yy'); spot_check_nine_sites.csv
US-NGB,era5_yy,data/extracted/AMF_US-NGB_FLUXNET_2012-2023_v1.3_r1/AMF_US-NGB_FLUXNET_ERA5_YY_1981-2025_v1.3_r1.csv,AMF_US-NGB_FLUXNET_ERA5_YY_1981-2025_v1.3_r1.csv,TRUE,2026-06-01T17:33:49,3762,table_1 (p_era_mean_mm_1981_2025 dataset='era5_yy'; p_era_mean_mm_tower_years window boundary dataset='fluxmet_yy'); spot_check_nine_sites.csv
US-NGB,fluxmet_yy,data/extracted/AMF_US-NGB_FLUXNET_2012-2023_v1.3_r1/AMF_US-NGB_FLUXNET_FLUXMET_YY_2012-2023_v1.3_r1.csv,AMF_US-NGB_FLUXNET_FLUXMET_YY_2012-2023_v1.3_r1.csv,TRUE,2026-06-01T17:33:49,32068,table_1 (p_era_mean_mm_1981_2025 dataset='era5_yy'; p_era_mean_mm_tower_years window boundary dataset='fluxmet_yy'); spot_check_nine_sites.csv
US-NGC,era5_yy,data/extracted/AMF_US-NGC_FLUXNET_2017-2023_v1.3_r1/AMF_US-NGC_FLUXNET_ERA5_YY_1981-2025_v1.3_r1.csv,AMF_US-NGC_FLUXNET_ERA5_YY_1981-2025_v1.3_r1.csv,TRUE,2026-06-01T17:33:49,3757,table_1 (p_era_mean_mm_1981_2025 dataset='era5_yy'; p_era_mean_mm_tower_years window boundary dataset='fluxmet_yy'); spot_check_nine_sites.csv
US-NGC,fluxmet_yy,data/extracted/AMF_US-NGC_FLUXNET_2017-2023_v1.3_r1/AMF_US-NGC_FLUXNET_FLUXMET_YY_2017-2023_v1.3_r1.csv,AMF_US-NGC_FLUXNET_FLUXMET_YY_2017-2023_v1.3_r1.csv,TRUE,2026-06-01T17:33:49,21134,table_1 (p_era_mean_mm_1981_2025 dataset='era5_yy'; p_era_mean_mm_tower_years window boundary dataset='fluxmet_yy'); spot_check_nine_sites.csv
US-NR1,era5_yy,data/extracted/AMF_US-NR1_FLUXNET_1998-2025_v1.3_r1/AMF_US-NR1_FLUXNET_ERA5_YY_1981-2025_v1.3_r1.csv,AMF_US-NR1_FLUXNET_ERA5_YY_1981-2025_v1.3_r1.csv,TRUE,2026-06-01T17:33:49,3588,table_1 (p_era_mean_mm_1981_2025 dataset='era5_yy'; p_era_mean_mm_tower_years window boundary dataset='fluxmet_yy'); spot_check_nine_sites.csv
US-NR1,fluxmet_yy,data/extracted/AMF_US-NR1_FLUXNET_1998-2025_v1.3_r1/AMF_US-NR1_FLUXNET_FLUXMET_YY_1998-2025_v1.3_r1.csv,AMF_US-NR1_FLUXNET_FLUXMET_YY_1998-2025_v1.3_r1.csv,TRUE,2026-06-01T17:33:49,54585,table_1 (p_era_mean_mm_1981_2025 dataset='era5_yy'; p_era_mean_mm_tower_years window boundary dataset='fluxmet_yy'); spot_check_nine_sites.csv
US-NR3,era5_yy,data/extracted/AMF_US-NR3_FLUXNET_2007-2024_v1.3_r1/AMF_US-NR3_FLUXNET_ERA5_YY_1981-2025_v1.3_r1.csv,AMF_US-NR3_FLUXNET_ERA5_YY_1981-2025_v1.3_r1.csv,TRUE,2026-06-01T17:33:49,3701,table_1 (p_era_mean_mm_1981_2025 dataset='era5_yy'; p_era_mean_mm_tower_years window boundary dataset='fluxmet_yy'); spot_check_nine_sites.csv
US-NR3,fluxmet_yy,data/extracted/AMF_US-NR3_FLUXNET_2007-2024_v1.3_r1/AMF_US-NR3_FLUXNET_FLUXMET_YY_2007-2024_v1.3_r1.csv,AMF_US-NR3_FLUXNET_FLUXMET_YY_2007-2024_v1.3_r1.csv,TRUE,2026-06-01T17:33:49,34031,table_1 (p_era_mean_mm_1981_2025 dataset='era5_yy'; p_era_mean_mm_tower_years window boundary dataset='fluxmet_yy'); spot_check_nine_sites.csv
US-NSa,era5_yy,data/extracted/AMF_US-NSa_FLUXNET_2023-2025_v1.3_r1/AMF_US-NSa_FLUXNET_ERA5_YY_1981-2025_v1.3_r1.csv,AMF_US-NSa_FLUXNET_ERA5_YY_1981-2025_v1.3_r1.csv,TRUE,2026-06-01T17:33:49,3845,table_1 (p_era_mean_mm_1981_2025 dataset='era5_yy'; p_era_mean_mm_tower_years window boundary dataset='fluxmet_yy'); spot_check_nine_sites.csv
US-NSa,fluxmet_yy,data/extracted/AMF_US-NSa_FLUXNET_2023-2025_v1.3_r1/AMF_US-NSa_FLUXNET_FLUXMET_YY_2023-2025_v1.3_r1.csv,AMF_US-NSa_FLUXNET_FLUXMET_YY_2023-2025_v1.3_r1.csv,TRUE,2026-06-01T17:33:49,11367,table_1 (p_era_mean_mm_1981_2025 dataset='era5_yy'; p_era_mean_mm_tower_years window boundary dataset='fluxmet_yy'); spot_check_nine_sites.csv
US-NSb,era5_yy,data/extracted/AMF_US-NSb_FLUXNET_2023-2025_v1.3_r1/AMF_US-NSb_FLUXNET_ERA5_YY_1981-2025_v1.3_r1.csv,AMF_US-NSb_FLUXNET_ERA5_YY_1981-2025_v1.3_r1.csv,TRUE,2026-06-01T17:33:49,3812,table_1 (p_era_mean_mm_1981_2025 dataset='era5_yy'; p_era_mean_mm_tower_years window boundary dataset='fluxmet_yy'); spot_check_nine_sites.csv
US-NSb,fluxmet_yy,data/extracted/AMF_US-NSb_FLUXNET_2023-2025_v1.3_r1/AMF_US-NSb_FLUXNET_FLUXMET_YY_2023-2025_v1.3_r1.csv,AMF_US-NSb_FLUXNET_FLUXMET_YY_2023-2025_v1.3_r1.csv,TRUE,2026-06-01T17:33:49,11578,table_1 (p_era_mean_mm_1981_2025 dataset='era5_yy'; p_era_mean_mm_tower_years window boundary dataset='fluxmet_yy'); spot_check_nine_sites.csv
US-Ne1,era5_yy,data/extracted/AMF_US-Ne1_FLUXNET_2001-2024_v1.3_r1/AMF_US-Ne1_FLUXNET_ERA5_YY_1981-2025_v1.3_r1.csv,AMF_US-Ne1_FLUXNET_ERA5_YY_1981-2025_v1.3_r1.csv,TRUE,2026-06-01T17:33:49,3687,table_1 (p_era_mean_mm_1981_2025 dataset='era5_yy'; p_era_mean_mm_tower_years window boundary dataset='fluxmet_yy'); spot_check_nine_sites.csv
US-Ne1,fluxmet_yy,data/extracted/AMF_US-Ne1_FLUXNET_2001-2024_v1.3_r1/AMF_US-Ne1_FLUXNET_FLUXMET_YY_2001-2024_v1.3_r1.csv,AMF_US-Ne1_FLUXNET_FLUXMET_YY_2001-2024_v1.3_r1.csv,TRUE,2026-06-01T17:33:49,70521,table_1 (p_era_mean_mm_1981_2025 dataset='era5_yy'; p_era_mean_mm_tower_years window boundary dataset='fluxmet_yy'); spot_check_nine_sites.csv
US-Ne2,era5_yy,data/extracted/AMF_US-Ne2_FLUXNET_2001-2024_v1.3_r1/AMF_US-Ne2_FLUXNET_ERA5_YY_1981-2025_v1.3_r1.csv,AMF_US-Ne2_FLUXNET_ERA5_YY_1981-2025_v1.3_r1.csv,TRUE,2026-06-01T17:33:49,3692,table_1 (p_era_mean_mm_1981_2025 dataset='era5_yy'; p_era_mean_mm_tower_years window boundary dataset='fluxmet_yy'); spot_check_nine_sites.csv
US-Ne2,fluxmet_yy,data/extracted/AMF_US-Ne2_FLUXNET_2001-2024_v1.3_r1/AMF_US-Ne2_FLUXNET_FLUXMET_YY_2001-2024_v1.3_r1.csv,AMF_US-Ne2_FLUXNET_FLUXMET_YY_2001-2024_v1.3_r1.csv,TRUE,2026-06-01T17:33:49,69858,table_1 (p_era_mean_mm_1981_2025 dataset='era5_yy'; p_era_mean_mm_tower_years window boundary dataset='fluxmet_yy'); spot_check_nine_sites.csv
US-Ne3,era5_yy,data/extracted/AMF_US-Ne3_FLUXNET_2001-2024_v1.3_r1/AMF_US-Ne3_FLUXNET_ERA5_YY_1981-2025_v1.3_r1.csv,AMF_US-Ne3_FLUXNET_ERA5_YY_1981-2025_v1.3_r1.csv,TRUE,2026-06-01T17:33:49,3701,table_1 (p_era_mean_mm_1981_2025 dataset='era5_yy'; p_era_mean_mm_tower_years window boundary dataset='fluxmet_yy'); spot_check_nine_sites.csv
US-Ne3,fluxmet_yy,data/extracted/AMF_US-Ne3_FLUXNET_2001-2024_v1.3_r1/AMF_US-Ne3_FLUXNET_FLUXMET_YY_2001-2024_v1.3_r1.csv,AMF_US-Ne3_FLUXNET_FLUXMET_YY_2001-2024_v1.3_r1.csv,TRUE,2026-06-01T17:33:49,70557,table_1 (p_era_mean_mm_1981_2025 dataset='era5_yy'; p_era_mean_mm_tower_years window boundary dataset='fluxmet_yy'); spot_check_nine_sites.csv
US-ONA,era5_yy,data/extracted/AMF_US-ONA_FLUXNET_2016-2022_v1.3_r1/AMF_US-ONA_FLUXNET_ERA5_YY_1981-2024_v1.3_r1.csv,AMF_US-ONA_FLUXNET_ERA5_YY_1981-2024_v1.3_r1.csv,TRUE,2026-06-01T17:33:49,3682,table_1 (p_era_mean_mm_1981_2025 dataset='era5_yy'; p_era_mean_mm_tower_years window boundary dataset='fluxmet_yy'); spot_check_nine_sites.csv
US-ONA,fluxmet_yy,data/extracted/AMF_US-ONA_FLUXNET_2016-2022_v1.3_r1/AMF_US-ONA_FLUXNET_FLUXMET_YY_2016-2022_v1.3_r1.csv,AMF_US-ONA_FLUXNET_FLUXMET_YY_2016-2022_v1.3_r1.csv,TRUE,2026-06-01T17:33:49,23352,table_1 (p_era_mean_mm_1981_2025 dataset='era5_yy'; p_era_mean_mm_tower_years window boundary dataset='fluxmet_yy'); spot_check_nine_sites.csv
US-OPE,era5_yy,data/extracted/AMF_US-OPE_FLUXNET_2022-2022_v1.3_r1/AMF_US-OPE_FLUXNET_ERA5_YY_1981-2025_v1.3_r1.csv,AMF_US-OPE_FLUXNET_ERA5_YY_1981-2025_v1.3_r1.csv,TRUE,2026-06-01T17:38:08,3763,table_1 (p_era_mean_mm_1981_2025 dataset='era5_yy'; p_era_mean_mm_tower_years window boundary dataset='fluxmet_yy'); spot_check_nine_sites.csv
US-OPE,fluxmet_yy,data/extracted/AMF_US-OPE_FLUXNET_2022-2022_v1.3_r1/AMF_US-OPE_FLUXNET_FLUXMET_YY_2022-2022_v1.3_r1.csv,AMF_US-OPE_FLUXNET_FLUXMET_YY_2022-2022_v1.3_r1.csv,TRUE,2026-06-01T17:38:08,4610,table_1 (p_era_mean_mm_1981_2025 dataset='era5_yy'; p_era_mean_mm_tower_years window boundary dataset='fluxmet_yy'); spot_check_nine_sites.csv
US-OWC,era5_yy,data/extracted/AMF_US-OWC_FLUXNET_2015-2025_v1.3_r1/AMF_US-OWC_FLUXNET_ERA5_YY_1981-2025_v1.3_r1.csv,AMF_US-OWC_FLUXNET_ERA5_YY_1981-2025_v1.3_r1.csv,TRUE,2026-06-01T17:38:08,3716,table_1 (p_era_mean_mm_1981_2025 dataset='era5_yy'; p_era_mean_mm_tower_years window boundary dataset='fluxmet_yy'); spot_check_nine_sites.csv
US-OWC,fluxmet_yy,data/extracted/AMF_US-OWC_FLUXNET_2015-2025_v1.3_r1/AMF_US-OWC_FLUXNET_FLUXMET_YY_2015-2025_v1.3_r1.csv,AMF_US-OWC_FLUXNET_FLUXMET_YY_2015-2025_v1.3_r1.csv,TRUE,2026-06-01T17:38:08,22056,table_1 (p_era_mean_mm_1981_2025 dataset='era5_yy'; p_era_mean_mm_tower_years window boundary dataset='fluxmet_yy'); spot_check_nine_sites.csv
US-Oho,era5_yy,data/extracted/AMF_US-Oho_FLUXNET_2004-2013_v1.3_r1/AMF_US-Oho_FLUXNET_ERA5_YY_1981-2025_v1.3_r1.csv,AMF_US-Oho_FLUXNET_ERA5_YY_1981-2025_v1.3_r1.csv,TRUE,2026-06-01T17:33:49,3660,table_1 (p_era_mean_mm_1981_2025 dataset='era5_yy'; p_era_mean_mm_tower_years window boundary dataset='fluxmet_yy'); spot_check_nine_sites.csv
US-Oho,fluxmet_yy,data/extracted/AMF_US-Oho_FLUXNET_2004-2013_v1.3_r1/AMF_US-Oho_FLUXNET_FLUXMET_YY_2004-2013_v1.3_r1.csv,AMF_US-Oho_FLUXNET_FLUXMET_YY_2004-2013_v1.3_r1.csv,TRUE,2026-06-01T17:33:49,31836,table_1 (p_era_mean_mm_1981_2025 dataset='era5_yy'; p_era_mean_mm_tower_years window boundary dataset='fluxmet_yy'); spot_check_nine_sites.csv
US-PAS,era5_yy,data/extracted/AMF_US-PAS_FLUXNET_2021-2022_v1.3_r1/AMF_US-PAS_FLUXNET_ERA5_YY_1981-2025_v1.3_r1.csv,AMF_US-PAS_FLUXNET_ERA5_YY_1981-2025_v1.3_r1.csv,TRUE,2026-06-01T17:38:08,3804,table_1 (p_era_mean_mm_1981_2025 dataset='era5_yy'; p_era_mean_mm_tower_years window boundary dataset='fluxmet_yy'); spot_check_nine_sites.csv
US-PAS,fluxmet_yy,data/extracted/AMF_US-PAS_FLUXNET_2021-2022_v1.3_r1/AMF_US-PAS_FLUXNET_FLUXMET_YY_2021-2022_v1.3_r1.csv,AMF_US-PAS_FLUXNET_FLUXMET_YY_2021-2022_v1.3_r1.csv,TRUE,2026-06-01T17:38:08,6091,table_1 (p_era_mean_mm_1981_2025 dataset='era5_yy'; p_era_mean_mm_tower_years window boundary dataset='fluxmet_yy'); spot_check_nine_sites.csv
US-PFL,era5_yy,data/extracted/AMF_US-PFL_FLUXNET_2019-2019_v1.3_r1/AMF_US-PFL_FLUXNET_ERA5_YY_1981-2025_v1.3_r1.csv,AMF_US-PFL_FLUXNET_ERA5_YY_1981-2025_v1.3_r1.csv,TRUE,2026-06-01T17:38:08,3619,table_1 (p_era_mean_mm_1981_2025 dataset='era5_yy'; p_era_mean_mm_tower_years window boundary dataset='fluxmet_yy'); spot_check_nine_sites.csv
US-PFL,fluxmet_yy,data/extracted/AMF_US-PFL_FLUXNET_2019-2019_v1.3_r1/AMF_US-PFL_FLUXNET_FLUXMET_YY_2019-2019_v1.3_r1.csv,AMF_US-PFL_FLUXNET_FLUXMET_YY_2019-2019_v1.3_r1.csv,TRUE,2026-06-01T17:38:08,4316,table_1 (p_era_mean_mm_1981_2025 dataset='era5_yy'; p_era_mean_mm_tower_years window boundary dataset='fluxmet_yy'); spot_check_nine_sites.csv
US-PFb,era5_yy,data/extracted/AMF_US-PFb_FLUXNET_2019-2019_v1.3_r1/AMF_US-PFb_FLUXNET_ERA5_YY_1981-2025_v1.3_r1.csv,AMF_US-PFb_FLUXNET_ERA5_YY_1981-2025_v1.3_r1.csv,TRUE,2026-06-01T17:38:08,3616,table_1 (p_era_mean_mm_1981_2025 dataset='era5_yy'; p_era_mean_mm_tower_years window boundary dataset='fluxmet_yy'); spot_check_nine_sites.csv
US-PFb,fluxmet_yy,data/extracted/AMF_US-PFb_FLUXNET_2019-2019_v1.3_r1/AMF_US-PFb_FLUXNET_FLUXMET_YY_2019-2019_v1.3_r1.csv,AMF_US-PFb_FLUXNET_FLUXMET_YY_2019-2019_v1.3_r1.csv,TRUE,2026-06-01T17:38:08,4310,table_1 (p_era_mean_mm_1981_2025 dataset='era5_yy'; p_era_mean_mm_tower_years window boundary dataset='fluxmet_yy'); spot_check_nine_sites.csv
US-PFc,era5_yy,data/extracted/AMF_US-PFc_FLUXNET_2019-2019_v1.3_r1/AMF_US-PFc_FLUXNET_ERA5_YY_1981-2025_v1.3_r1.csv,AMF_US-PFc_FLUXNET_ERA5_YY_1981-2025_v1.3_r1.csv,TRUE,2026-06-01T17:38:08,3617,table_1 (p_era_mean_mm_1981_2025 dataset='era5_yy'; p_era_mean_mm_tower_years window boundary dataset='fluxmet_yy'); spot_check_nine_sites.csv
US-PFc,fluxmet_yy,data/extracted/AMF_US-PFc_FLUXNET_2019-2019_v1.3_r1/AMF_US-PFc_FLUXNET_FLUXMET_YY_2019-2019_v1.3_r1.csv,AMF_US-PFc_FLUXNET_FLUXMET_YY_2019-2019_v1.3_r1.csv,TRUE,2026-06-01T17:38:08,4304,table_1 (p_era_mean_mm_1981_2025 dataset='era5_yy'; p_era_mean_mm_tower_years window boundary dataset='fluxmet_yy'); spot_check_nine_sites.csv
US-PFd,era5_yy,data/extracted/AMF_US-PFd_FLUXNET_2019-2019_v1.3_r1/AMF_US-PFd_FLUXNET_ERA5_YY_1981-2025_v1.3_r1.csv,AMF_US-PFd_FLUXNET_ERA5_YY_1981-2025_v1.3_r1.csv,TRUE,2026-06-01T17:38:08,3619,table_1 (p_era_mean_mm_1981_2025 dataset='era5_yy'; p_era_mean_mm_tower_years window boundary dataset='fluxmet_yy'); spot_check_nine_sites.csv
US-PFd,fluxmet_yy,data/extracted/AMF_US-PFd_FLUXNET_2019-2019_v1.3_r1/AMF_US-PFd_FLUXNET_FLUXMET_YY_2019-2019_v1.3_r1.csv,AMF_US-PFd_FLUXNET_FLUXMET_YY_2019-2019_v1.3_r1.csv,TRUE,2026-06-01T17:38:08,4308,table_1 (p_era_mean_mm_1981_2025 dataset='era5_yy'; p_era_mean_mm_tower_years window boundary dataset='fluxmet_yy'); spot_check_nine_sites.csv
US-PFf,era5_yy,data/extracted/AMF_US-PFf_FLUXNET_2019-2019_v1.3_r1/AMF_US-PFf_FLUXNET_ERA5_YY_1981-2025_v1.3_r1.csv,AMF_US-PFf_FLUXNET_ERA5_YY_1981-2025_v1.3_r1.csv,TRUE,2026-06-01T17:38:08,3628,table_1 (p_era_mean_mm_1981_2025 dataset='era5_yy'; p_era_mean_mm_tower_years window boundary dataset='fluxmet_yy'); spot_check_nine_sites.csv
US-PFf,fluxmet_yy,data/extracted/AMF_US-PFf_FLUXNET_2019-2019_v1.3_r1/AMF_US-PFf_FLUXNET_FLUXMET_YY_2019-2019_v1.3_r1.csv,AMF_US-PFf_FLUXNET_FLUXMET_YY_2019-2019_v1.3_r1.csv,TRUE,2026-06-01T17:38:08,4197,table_1 (p_era_mean_mm_1981_2025 dataset='era5_yy'; p_era_mean_mm_tower_years window boundary dataset='fluxmet_yy'); spot_check_nine_sites.csv
US-PFg,era5_yy,data/extracted/AMF_US-PFg_FLUXNET_2019-2019_v1.3_r1/AMF_US-PFg_FLUXNET_ERA5_YY_1981-2025_v1.3_r1.csv,AMF_US-PFg_FLUXNET_ERA5_YY_1981-2025_v1.3_r1.csv,TRUE,2026-06-01T17:38:08,3623,table_1 (p_era_mean_mm_1981_2025 dataset='era5_yy'; p_era_mean_mm_tower_years window boundary dataset='fluxmet_yy'); spot_check_nine_sites.csv
US-PFg,fluxmet_yy,data/extracted/AMF_US-PFg_FLUXNET_2019-2019_v1.3_r1/AMF_US-PFg_FLUXNET_FLUXMET_YY_2019-2019_v1.3_r1.csv,AMF_US-PFg_FLUXNET_FLUXMET_YY_2019-2019_v1.3_r1.csv,TRUE,2026-06-01T17:38:08,4317,table_1 (p_era_mean_mm_1981_2025 dataset='era5_yy'; p_era_mean_mm_tower_years window boundary dataset='fluxmet_yy'); spot_check_nine_sites.csv
US-PFh,era5_yy,data/extracted/AMF_US-PFh_FLUXNET_2019-2019_v1.3_r1/AMF_US-PFh_FLUXNET_ERA5_YY_1981-2025_v1.3_r1.csv,AMF_US-PFh_FLUXNET_ERA5_YY_1981-2025_v1.3_r1.csv,TRUE,2026-06-01T17:38:08,3636,table_1 (p_era_mean_mm_1981_2025 dataset='era5_yy'; p_era_mean_mm_tower_years window boundary dataset='fluxmet_yy'); spot_check_nine_sites.csv
US-PFh,fluxmet_yy,data/extracted/AMF_US-PFh_FLUXNET_2019-2019_v1.3_r1/AMF_US-PFh_FLUXNET_FLUXMET_YY_2019-2019_v1.3_r1.csv,AMF_US-PFh_FLUXNET_FLUXMET_YY_2019-2019_v1.3_r1.csv,TRUE,2026-06-01T17:38:08,4314,table_1 (p_era_mean_mm_1981_2025 dataset='era5_yy'; p_era_mean_mm_tower_years window boundary dataset='fluxmet_yy'); spot_check_nine_sites.csv
US-PFi,era5_yy,data/extracted/AMF_US-PFi_FLUXNET_2019-2019_v1.3_r1/AMF_US-PFi_FLUXNET_ERA5_YY_1981-2025_v1.3_r1.csv,AMF_US-PFi_FLUXNET_ERA5_YY_1981-2025_v1.3_r1.csv,TRUE,2026-06-01T17:38:08,3623,table_1 (p_era_mean_mm_1981_2025 dataset='era5_yy'; p_era_mean_mm_tower_years window boundary dataset='fluxmet_yy'); spot_check_nine_sites.csv
US-PFi,fluxmet_yy,data/extracted/AMF_US-PFi_FLUXNET_2019-2019_v1.3_r1/AMF_US-PFi_FLUXNET_FLUXMET_YY_2019-2019_v1.3_r1.csv,AMF_US-PFi_FLUXNET_FLUXMET_YY_2019-2019_v1.3_r1.csv,TRUE,2026-06-01T17:38:08,4312,table_1 (p_era_mean_mm_1981_2025 dataset='era5_yy'; p_era_mean_mm_tower_years window boundary dataset='fluxmet_yy'); spot_check_nine_sites.csv
US-PFj,era5_yy,data/extracted/AMF_US-PFj_FLUXNET_2019-2019_v1.3_r1/AMF_US-PFj_FLUXNET_ERA5_YY_1981-2025_v1.3_r1.csv,AMF_US-PFj_FLUXNET_ERA5_YY_1981-2025_v1.3_r1.csv,TRUE,2026-06-01T17:38:08,3623,table_1 (p_era_mean_mm_1981_2025 dataset='era5_yy'; p_era_mean_mm_tower_years window boundary dataset='fluxmet_yy'); spot_check_nine_sites.csv
US-PFj,fluxmet_yy,data/extracted/AMF_US-PFj_FLUXNET_2019-2019_v1.3_r1/AMF_US-PFj_FLUXNET_FLUXMET_YY_2019-2019_v1.3_r1.csv,AMF_US-PFj_FLUXNET_FLUXMET_YY_2019-2019_v1.3_r1.csv,TRUE,2026-06-01T17:38:08,4306,table_1 (p_era_mean_mm_1981_2025 dataset='era5_yy'; p_era_mean_mm_tower_years window boundary dataset='fluxmet_yy'); spot_check_nine_sites.csv
US-PFk,era5_yy,data/extracted/AMF_US-PFk_FLUXNET_2019-2019_v1.3_r1/AMF_US-PFk_FLUXNET_ERA5_YY_1981-2025_v1.3_r1.csv,AMF_US-PFk_FLUXNET_ERA5_YY_1981-2025_v1.3_r1.csv,TRUE,2026-06-01T17:38:08,3628,table_1 (p_era_mean_mm_1981_2025 dataset='era5_yy'; p_era_mean_mm_tower_years window boundary dataset='fluxmet_yy'); spot_check_nine_sites.csv
US-PFk,fluxmet_yy,data/extracted/AMF_US-PFk_FLUXNET_2019-2019_v1.3_r1/AMF_US-PFk_FLUXNET_FLUXMET_YY_2019-2019_v1.3_r1.csv,AMF_US-PFk_FLUXNET_FLUXMET_YY_2019-2019_v1.3_r1.csv,TRUE,2026-06-01T17:38:08,4313,table_1 (p_era_mean_mm_1981_2025 dataset='era5_yy'; p_era_mean_mm_tower_years window boundary dataset='fluxmet_yy'); spot_check_nine_sites.csv
US-PFm,era5_yy,data/extracted/AMF_US-PFm_FLUXNET_2019-2019_v1.3_r1/AMF_US-PFm_FLUXNET_ERA5_YY_1981-2025_v1.3_r1.csv,AMF_US-PFm_FLUXNET_ERA5_YY_1981-2025_v1.3_r1.csv,TRUE,2026-06-01T17:38:08,3624,table_1 (p_era_mean_mm_1981_2025 dataset='era5_yy'; p_era_mean_mm_tower_years window boundary dataset='fluxmet_yy'); spot_check_nine_sites.csv
US-PFm,fluxmet_yy,data/extracted/AMF_US-PFm_FLUXNET_2019-2019_v1.3_r1/AMF_US-PFm_FLUXNET_FLUXMET_YY_2019-2019_v1.3_r1.csv,AMF_US-PFm_FLUXNET_FLUXMET_YY_2019-2019_v1.3_r1.csv,TRUE,2026-06-01T17:38:08,4307,table_1 (p_era_mean_mm_1981_2025 dataset='era5_yy'; p_era_mean_mm_tower_years window boundary dataset='fluxmet_yy'); spot_check_nine_sites.csv
US-PFn,era5_yy,data/extracted/AMF_US-PFn_FLUXNET_2019-2019_v1.3_r1/AMF_US-PFn_FLUXNET_ERA5_YY_1981-2025_v1.3_r1.csv,AMF_US-PFn_FLUXNET_ERA5_YY_1981-2025_v1.3_r1.csv,TRUE,2026-06-01T17:38:08,3622,table_1 (p_era_mean_mm_1981_2025 dataset='era5_yy'; p_era_mean_mm_tower_years window boundary dataset='fluxmet_yy'); spot_check_nine_sites.csv
US-PFn,fluxmet_yy,data/extracted/AMF_US-PFn_FLUXNET_2019-2019_v1.3_r1/AMF_US-PFn_FLUXNET_FLUXMET_YY_2019-2019_v1.3_r1.csv,AMF_US-PFn_FLUXNET_FLUXMET_YY_2019-2019_v1.3_r1.csv,TRUE,2026-06-01T17:38:08,4313,table_1 (p_era_mean_mm_1981_2025 dataset='era5_yy'; p_era_mean_mm_tower_years window boundary dataset='fluxmet_yy'); spot_check_nine_sites.csv
US-PFp,era5_yy,data/extracted/AMF_US-PFp_FLUXNET_2019-2019_v1.3_r1/AMF_US-PFp_FLUXNET_ERA5_YY_1981-2025_v1.3_r1.csv,AMF_US-PFp_FLUXNET_ERA5_YY_1981-2025_v1.3_r1.csv,TRUE,2026-06-01T17:38:08,3621,table_1 (p_era_mean_mm_1981_2025 dataset='era5_yy'; p_era_mean_mm_tower_years window boundary dataset='fluxmet_yy'); spot_check_nine_sites.csv
US-PFp,fluxmet_yy,data/extracted/AMF_US-PFp_FLUXNET_2019-2019_v1.3_r1/AMF_US-PFp_FLUXNET_FLUXMET_YY_2019-2019_v1.3_r1.csv,AMF_US-PFp_FLUXNET_FLUXMET_YY_2019-2019_v1.3_r1.csv,TRUE,2026-06-01T17:38:08,4270,table_1 (p_era_mean_mm_1981_2025 dataset='era5_yy'; p_era_mean_mm_tower_years window boundary dataset='fluxmet_yy'); spot_check_nine_sites.csv
US-PFq,era5_yy,data/extracted/AMF_US-PFq_FLUXNET_2019-2019_v1.3_r1/AMF_US-PFq_FLUXNET_ERA5_YY_1981-2025_v1.3_r1.csv,AMF_US-PFq_FLUXNET_ERA5_YY_1981-2025_v1.3_r1.csv,TRUE,2026-06-01T17:38:08,3625,table_1 (p_era_mean_mm_1981_2025 dataset='era5_yy'; p_era_mean_mm_tower_years window boundary dataset='fluxmet_yy'); spot_check_nine_sites.csv
US-PFq,fluxmet_yy,data/extracted/AMF_US-PFq_FLUXNET_2019-2019_v1.3_r1/AMF_US-PFq_FLUXNET_FLUXMET_YY_2019-2019_v1.3_r1.csv,AMF_US-PFq_FLUXNET_FLUXMET_YY_2019-2019_v1.3_r1.csv,TRUE,2026-06-01T17:38:08,4268,table_1 (p_era_mean_mm_1981_2025 dataset='era5_yy'; p_era_mean_mm_tower_years window boundary dataset='fluxmet_yy'); spot_check_nine_sites.csv
US-PFr,era5_yy,data/extracted/AMF_US-PFr_FLUXNET_2019-2019_v1.3_r1/AMF_US-PFr_FLUXNET_ERA5_YY_1981-2025_v1.3_r1.csv,AMF_US-PFr_FLUXNET_ERA5_YY_1981-2025_v1.3_r1.csv,TRUE,2026-06-01T17:38:08,3632,table_1 (p_era_mean_mm_1981_2025 dataset='era5_yy'; p_era_mean_mm_tower_years window boundary dataset='fluxmet_yy'); spot_check_nine_sites.csv
US-PFr,fluxmet_yy,data/extracted/AMF_US-PFr_FLUXNET_2019-2019_v1.3_r1/AMF_US-PFr_FLUXNET_FLUXMET_YY_2019-2019_v1.3_r1.csv,AMF_US-PFr_FLUXNET_FLUXMET_YY_2019-2019_v1.3_r1.csv,TRUE,2026-06-01T17:38:08,4325,table_1 (p_era_mean_mm_1981_2025 dataset='era5_yy'; p_era_mean_mm_tower_years window boundary dataset='fluxmet_yy'); spot_check_nine_sites.csv
US-PFt,era5_yy,data/extracted/AMF_US-PFt_FLUXNET_2019-2019_v1.3_r1/AMF_US-PFt_FLUXNET_ERA5_YY_1981-2025_v1.3_r1.csv,AMF_US-PFt_FLUXNET_ERA5_YY_1981-2025_v1.3_r1.csv,TRUE,2026-06-01T17:38:08,3622,table_1 (p_era_mean_mm_1981_2025 dataset='era5_yy'; p_era_mean_mm_tower_years window boundary dataset='fluxmet_yy'); spot_check_nine_sites.csv
US-PFt,fluxmet_yy,data/extracted/AMF_US-PFt_FLUXNET_2019-2019_v1.3_r1/AMF_US-PFt_FLUXNET_FLUXMET_YY_2019-2019_v1.3_r1.csv,AMF_US-PFt_FLUXNET_FLUXMET_YY_2019-2019_v1.3_r1.csv,TRUE,2026-06-01T17:38:08,4310,table_1 (p_era_mean_mm_1981_2025 dataset='era5_yy'; p_era_mean_mm_tower_years window boundary dataset='fluxmet_yy'); spot_check_nine_sites.csv
US-PLo,era5_yy,data/extracted/AMF_US-PLo_FLUXNET_2022-2023_v1.3_r1/AMF_US-PLo_FLUXNET_ERA5_YY_1981-2025_v1.3_r1.csv,AMF_US-PLo_FLUXNET_ERA5_YY_1981-2025_v1.3_r1.csv,TRUE,2026-06-01T17:38:08,3685,table_1 (p_era_mean_mm_1981_2025 dataset='era5_yy'; p_era_mean_mm_tower_years window boundary dataset='fluxmet_yy'); spot_check_nine_sites.csv
US-PLo,fluxmet_yy,data/extracted/AMF_US-PLo_FLUXNET_2022-2023_v1.3_r1/AMF_US-PLo_FLUXNET_FLUXMET_YY_2022-2023_v1.3_r1.csv,AMF_US-PLo_FLUXNET_FLUXMET_YY_2022-2023_v1.3_r1.csv,TRUE,2026-06-01T17:38:08,6243,table_1 (p_era_mean_mm_1981_2025 dataset='era5_yy'; p_era_mean_mm_tower_years window boundary dataset='fluxmet_yy'); spot_check_nine_sites.csv
US-PSH,era5_yy,data/extracted/AMF_US-PSH_FLUXNET_2016-2016_v1.3_r1/AMF_US-PSH_FLUXNET_ERA5_YY_1981-2025_v1.3_r1.csv,AMF_US-PSH_FLUXNET_ERA5_YY_1981-2025_v1.3_r1.csv,TRUE,2026-06-01T17:38:08,3803,table_1 (p_era_mean_mm_1981_2025 dataset='era5_yy'; p_era_mean_mm_tower_years window boundary dataset='fluxmet_yy'); spot_check_nine_sites.csv
US-PSH,fluxmet_yy,data/extracted/AMF_US-PSH_FLUXNET_2016-2016_v1.3_r1/AMF_US-PSH_FLUXNET_FLUXMET_YY_2016-2016_v1.3_r1.csv,AMF_US-PSH_FLUXNET_FLUXMET_YY_2016-2016_v1.3_r1.csv,TRUE,2026-06-01T17:38:08,4117,table_1 (p_era_mean_mm_1981_2025 dataset='era5_yy'; p_era_mean_mm_tower_years window boundary dataset='fluxmet_yy'); spot_check_nine_sites.csv
US-PSL,era5_yy,data/extracted/AMF_US-PSL_FLUXNET_2016-2016_v1.3_r1/AMF_US-PSL_FLUXNET_ERA5_YY_1981-2025_v1.3_r1.csv,AMF_US-PSL_FLUXNET_ERA5_YY_1981-2025_v1.3_r1.csv,TRUE,2026-06-01T17:38:08,3798,table_1 (p_era_mean_mm_1981_2025 dataset='era5_yy'; p_era_mean_mm_tower_years window boundary dataset='fluxmet_yy'); spot_check_nine_sites.csv
US-PSL,fluxmet_yy,data/extracted/AMF_US-PSL_FLUXNET_2016-2016_v1.3_r1/AMF_US-PSL_FLUXNET_FLUXMET_YY_2016-2016_v1.3_r1.csv,AMF_US-PSL_FLUXNET_FLUXMET_YY_2016-2016_v1.3_r1.csv,TRUE,2026-06-01T17:38:08,4112,table_1 (p_era_mean_mm_1981_2025 dataset='era5_yy'; p_era_mean_mm_tower_years window boundary dataset='fluxmet_yy'); spot_check_nine_sites.csv
US-Prr,era5_yy,data/extracted/AMF_US-Prr_FLUXNET_2010-2022_v1.3_r1/AMF_US-Prr_FLUXNET_ERA5_YY_1981-2025_v1.3_r1.csv,AMF_US-Prr_FLUXNET_ERA5_YY_1981-2025_v1.3_r1.csv,TRUE,2026-06-01T17:38:08,3701,table_1 (p_era_mean_mm_1981_2025 dataset='era5_yy'; p_era_mean_mm_tower_years window boundary dataset='fluxmet_yy'); spot_check_nine_sites.csv
US-Prr,fluxmet_yy,data/extracted/AMF_US-Prr_FLUXNET_2010-2022_v1.3_r1/AMF_US-Prr_FLUXNET_FLUXMET_YY_2010-2022_v1.3_r1.csv,AMF_US-Prr_FLUXNET_FLUXMET_YY_2010-2022_v1.3_r1.csv,TRUE,2026-06-01T17:38:08,39827,table_1 (p_era_mean_mm_1981_2025 dataset='era5_yy'; p_era_mean_mm_tower_years window boundary dataset='fluxmet_yy'); spot_check_nine_sites.csv
US-RC1,era5_yy,data/extracted/AMF_US-RC1_FLUXNET_2011-2016_v1.3_r1/AMF_US-RC1_FLUXNET_ERA5_YY_1981-2025_v1.3_r1.csv,AMF_US-RC1_FLUXNET_ERA5_YY_1981-2025_v1.3_r1.csv,TRUE,2026-06-01T17:38:08,3602,table_1 (p_era_mean_mm_1981_2025 dataset='era5_yy'; p_era_mean_mm_tower_years window boundary dataset='fluxmet_yy'); spot_check_nine_sites.csv
US-RC1,fluxmet_yy,data/extracted/AMF_US-RC1_FLUXNET_2011-2016_v1.3_r1/AMF_US-RC1_FLUXNET_FLUXMET_YY_2011-2016_v1.3_r1.csv,AMF_US-RC1_FLUXNET_FLUXMET_YY_2011-2016_v1.3_r1.csv,TRUE,2026-06-01T17:38:08,19384,table_1 (p_era_mean_mm_1981_2025 dataset='era5_yy'; p_era_mean_mm_tower_years window boundary dataset='fluxmet_yy'); spot_check_nine_sites.csv
US-RC2,era5_yy,data/extracted/AMF_US-RC2_FLUXNET_2012-2016_v1.3_r1/AMF_US-RC2_FLUXNET_ERA5_YY_1981-2025_v1.3_r1.csv,AMF_US-RC2_FLUXNET_ERA5_YY_1981-2025_v1.3_r1.csv,TRUE,2026-06-01T17:38:08,3604,table_1 (p_era_mean_mm_1981_2025 dataset='era5_yy'; p_era_mean_mm_tower_years window boundary dataset='fluxmet_yy'); spot_check_nine_sites.csv
US-RC2,fluxmet_yy,data/extracted/AMF_US-RC2_FLUXNET_2012-2016_v1.3_r1/AMF_US-RC2_FLUXNET_FLUXMET_YY_2012-2016_v1.3_r1.csv,AMF_US-RC2_FLUXNET_FLUXMET_YY_2012-2016_v1.3_r1.csv,TRUE,2026-06-01T17:38:08,16773,table_1 (p_era_mean_mm_1981_2025 dataset='era5_yy'; p_era_mean_mm_tower_years window boundary dataset='fluxmet_yy'); spot_check_nine_sites.csv
US-RC3,era5_yy,data/extracted/AMF_US-RC3_FLUXNET_2012-2016_v1.3_r1/AMF_US-RC3_FLUXNET_ERA5_YY_1981-2025_v1.3_r1.csv,AMF_US-RC3_FLUXNET_ERA5_YY_1981-2025_v1.3_r1.csv,TRUE,2026-06-01T17:38:08,3657,table_1 (p_era_mean_mm_1981_2025 dataset='era5_yy'; p_era_mean_mm_tower_years window boundary dataset='fluxmet_yy'); spot_check_nine_sites.csv
US-RC3,fluxmet_yy,data/extracted/AMF_US-RC3_FLUXNET_2012-2016_v1.3_r1/AMF_US-RC3_FLUXNET_FLUXMET_YY_2012-2016_v1.3_r1.csv,AMF_US-RC3_FLUXNET_FLUXMET_YY_2012-2016_v1.3_r1.csv,TRUE,2026-06-01T17:38:08,17227,table_1 (p_era_mean_mm_1981_2025 dataset='era5_yy'; p_era_mean_mm_tower_years window boundary dataset='fluxmet_yy'); spot_check_nine_sites.csv
US-RC4,era5_yy,data/extracted/AMF_US-RC4_FLUXNET_2012-2016_v1.3_r1/AMF_US-RC4_FLUXNET_ERA5_YY_1981-2025_v1.3_r1.csv,AMF_US-RC4_FLUXNET_ERA5_YY_1981-2025_v1.3_r1.csv,TRUE,2026-06-01T17:38:08,3583,table_1 (p_era_mean_mm_1981_2025 dataset='era5_yy'; p_era_mean_mm_tower_years window boundary dataset='fluxmet_yy'); spot_check_nine_sites.csv
US-RC4,fluxmet_yy,data/extracted/AMF_US-RC4_FLUXNET_2012-2016_v1.3_r1/AMF_US-RC4_FLUXNET_FLUXMET_YY_2012-2016_v1.3_r1.csv,AMF_US-RC4_FLUXNET_FLUXMET_YY_2012-2016_v1.3_r1.csv,TRUE,2026-06-01T17:38:08,16857,table_1 (p_era_mean_mm_1981_2025 dataset='era5_yy'; p_era_mean_mm_tower_years window boundary dataset='fluxmet_yy'); spot_check_nine_sites.csv
US-RC5,era5_yy,data/extracted/AMF_US-RC5_FLUXNET_2013-2015_v1.3_r1/AMF_US-RC5_FLUXNET_ERA5_YY_1981-2025_v1.3_r1.csv,AMF_US-RC5_FLUXNET_ERA5_YY_1981-2025_v1.3_r1.csv,TRUE,2026-06-01T17:38:08,3636,table_1 (p_era_mean_mm_1981_2025 dataset='era5_yy'; p_era_mean_mm_tower_years window boundary dataset='fluxmet_yy'); spot_check_nine_sites.csv
US-RC5,fluxmet_yy,data/extracted/AMF_US-RC5_FLUXNET_2013-2015_v1.3_r1/AMF_US-RC5_FLUXNET_FLUXMET_YY_2013-2015_v1.3_r1.csv,AMF_US-RC5_FLUXNET_FLUXMET_YY_2013-2015_v1.3_r1.csv,TRUE,2026-06-01T17:38:08,11567,table_1 (p_era_mean_mm_1981_2025 dataset='era5_yy'; p_era_mean_mm_tower_years window boundary dataset='fluxmet_yy'); spot_check_nine_sites.csv
US-RGA,era5_yy,data/extracted/AMF_US-RGA_FLUXNET_2021-2024_v1.3_r1/AMF_US-RGA_FLUXNET_ERA5_YY_1981-2025_v1.3_r1.csv,AMF_US-RGA_FLUXNET_ERA5_YY_1981-2025_v1.3_r1.csv,TRUE,2026-06-01T17:38:08,3786,table_1 (p_era_mean_mm_1981_2025 dataset='era5_yy'; p_era_mean_mm_tower_years window boundary dataset='fluxmet_yy'); spot_check_nine_sites.csv
US-RGA,fluxmet_yy,data/extracted/AMF_US-RGA_FLUXNET_2021-2024_v1.3_r1/AMF_US-RGA_FLUXNET_FLUXMET_YY_2021-2024_v1.3_r1.csv,AMF_US-RGA_FLUXNET_FLUXMET_YY_2021-2024_v1.3_r1.csv,TRUE,2026-06-01T17:38:08,15527,table_1 (p_era_mean_mm_1981_2025 dataset='era5_yy'; p_era_mean_mm_tower_years window boundary dataset='fluxmet_yy'); spot_check_nine_sites.csv
US-RGB,era5_yy,data/extracted/AMF_US-RGB_FLUXNET_2021-2024_v1.3_r1/AMF_US-RGB_FLUXNET_ERA5_YY_1981-2025_v1.3_r1.csv,AMF_US-RGB_FLUXNET_ERA5_YY_1981-2025_v1.3_r1.csv,TRUE,2026-06-01T17:38:08,3777,table_1 (p_era_mean_mm_1981_2025 dataset='era5_yy'; p_era_mean_mm_tower_years window boundary dataset='fluxmet_yy'); spot_check_nine_sites.csv
US-RGB,fluxmet_yy,data/extracted/AMF_US-RGB_FLUXNET_2021-2024_v1.3_r1/AMF_US-RGB_FLUXNET_FLUXMET_YY_2021-2024_v1.3_r1.csv,AMF_US-RGB_FLUXNET_FLUXMET_YY_2021-2024_v1.3_r1.csv,TRUE,2026-06-01T17:38:08,15313,table_1 (p_era_mean_mm_1981_2025 dataset='era5_yy'; p_era_mean_mm_tower_years window boundary dataset='fluxmet_yy'); spot_check_nine_sites.csv
US-RGF,era5_yy,data/extracted/AMF_US-RGF_FLUXNET_2023-2024_v1.3_r1/AMF_US-RGF_FLUXNET_ERA5_YY_1981-2025_v1.3_r1.csv,AMF_US-RGF_FLUXNET_ERA5_YY_1981-2025_v1.3_r1.csv,TRUE,2026-06-01T17:38:08,3746,table_1 (p_era_mean_mm_1981_2025 dataset='era5_yy'; p_era_mean_mm_tower_years window boundary dataset='fluxmet_yy'); spot_check_nine_sites.csv
US-RGF,fluxmet_yy,data/extracted/AMF_US-RGF_FLUXNET_2023-2024_v1.3_r1/AMF_US-RGF_FLUXNET_FLUXMET_YY_2023-2024_v1.3_r1.csv,AMF_US-RGF_FLUXNET_FLUXMET_YY_2023-2024_v1.3_r1.csv,TRUE,2026-06-01T17:38:08,6311,table_1 (p_era_mean_mm_1981_2025 dataset='era5_yy'; p_era_mean_mm_tower_years window boundary dataset='fluxmet_yy'); spot_check_nine_sites.csv
US-RGW,era5_yy,data/extracted/AMF_US-RGW_FLUXNET_2022-2024_v1.3_r1/AMF_US-RGW_FLUXNET_ERA5_YY_1981-2025_v1.3_r1.csv,AMF_US-RGW_FLUXNET_ERA5_YY_1981-2025_v1.3_r1.csv,TRUE,2026-06-01T17:38:08,3783,table_1 (p_era_mean_mm_1981_2025 dataset='era5_yy'; p_era_mean_mm_tower_years window boundary dataset='fluxmet_yy'); spot_check_nine_sites.csv
US-RGW,fluxmet_yy,data/extracted/AMF_US-RGW_FLUXNET_2022-2024_v1.3_r1/AMF_US-RGW_FLUXNET_FLUXMET_YY_2022-2024_v1.3_r1.csv,AMF_US-RGW_FLUXNET_FLUXMET_YY_2022-2024_v1.3_r1.csv,TRUE,2026-06-01T17:38:08,13029,table_1 (p_era_mean_mm_1981_2025 dataset='era5_yy'; p_era_mean_mm_tower_years window boundary dataset='fluxmet_yy'); spot_check_nine_sites.csv
US-RGo,era5_yy,data/extracted/AMF_US-RGo_FLUXNET_2021-2024_v1.3_r1/AMF_US-RGo_FLUXNET_ERA5_YY_1981-2025_v1.3_r1.csv,AMF_US-RGo_FLUXNET_ERA5_YY_1981-2025_v1.3_r1.csv,TRUE,2026-06-01T17:38:08,3782,table_1 (p_era_mean_mm_1981_2025 dataset='era5_yy'; p_era_mean_mm_tower_years window boundary dataset='fluxmet_yy'); spot_check_nine_sites.csv
US-RGo,fluxmet_yy,data/extracted/AMF_US-RGo_FLUXNET_2021-2024_v1.3_r1/AMF_US-RGo_FLUXNET_FLUXMET_YY_2021-2024_v1.3_r1.csv,AMF_US-RGo_FLUXNET_FLUXMET_YY_2021-2024_v1.3_r1.csv,TRUE,2026-06-01T17:38:08,15814,table_1 (p_era_mean_mm_1981_2025 dataset='era5_yy'; p_era_mean_mm_tower_years window boundary dataset='fluxmet_yy'); spot_check_nine_sites.csv
US-RRC,era5_yy,data/extracted/AMF_US-RRC_FLUXNET_2022-2024_v1.3_r1/AMF_US-RRC_FLUXNET_ERA5_YY_1981-2024_v1.3_r1.csv,AMF_US-RRC_FLUXNET_ERA5_YY_1981-2024_v1.3_r1.csv,TRUE,2026-06-01T17:38:08,3723,table_1 (p_era_mean_mm_1981_2025 dataset='era5_yy'; p_era_mean_mm_tower_years window boundary dataset='fluxmet_yy'); spot_check_nine_sites.csv
US-RRC,fluxmet_yy,data/extracted/AMF_US-RRC_FLUXNET_2022-2024_v1.3_r1/AMF_US-RRC_FLUXNET_FLUXMET_YY_2022-2024_v1.3_r1.csv,AMF_US-RRC_FLUXNET_FLUXMET_YY_2022-2024_v1.3_r1.csv,TRUE,2026-06-01T17:38:08,11851,table_1 (p_era_mean_mm_1981_2025 dataset='era5_yy'; p_era_mean_mm_tower_years window boundary dataset='fluxmet_yy'); spot_check_nine_sites.csv
US-Rls,era5_yy,data/extracted/AMF_US-Rls_FLUXNET_2014-2023_v1.3_r1/AMF_US-Rls_FLUXNET_ERA5_YY_1981-2025_v1.3_r1.csv,AMF_US-Rls_FLUXNET_ERA5_YY_1981-2025_v1.3_r1.csv,TRUE,2026-06-01T17:38:08,3627,table_1 (p_era_mean_mm_1981_2025 dataset='era5_yy'; p_era_mean_mm_tower_years window boundary dataset='fluxmet_yy'); spot_check_nine_sites.csv
US-Rls,fluxmet_yy,data/extracted/AMF_US-Rls_FLUXNET_2014-2023_v1.3_r1/AMF_US-Rls_FLUXNET_FLUXMET_YY_2014-2023_v1.3_r1.csv,AMF_US-Rls_FLUXNET_FLUXMET_YY_2014-2023_v1.3_r1.csv,TRUE,2026-06-01T17:38:08,32046,table_1 (p_era_mean_mm_1981_2025 dataset='era5_yy'; p_era_mean_mm_tower_years window boundary dataset='fluxmet_yy'); spot_check_nine_sites.csv
US-Rms,era5_yy,data/extracted/AMF_US-Rms_FLUXNET_2014-2023_v1.3_r1/AMF_US-Rms_FLUXNET_ERA5_YY_1981-2025_v1.3_r1.csv,AMF_US-Rms_FLUXNET_ERA5_YY_1981-2025_v1.3_r1.csv,TRUE,2026-06-01T17:38:09,3622,table_1 (p_era_mean_mm_1981_2025 dataset='era5_yy'; p_era_mean_mm_tower_years window boundary dataset='fluxmet_yy'); spot_check_nine_sites.csv
US-Rms,fluxmet_yy,data/extracted/AMF_US-Rms_FLUXNET_2014-2023_v1.3_r1/AMF_US-Rms_FLUXNET_FLUXMET_YY_2014-2023_v1.3_r1.csv,AMF_US-Rms_FLUXNET_FLUXMET_YY_2014-2023_v1.3_r1.csv,TRUE,2026-06-01T17:38:09,31624,table_1 (p_era_mean_mm_1981_2025 dataset='era5_yy'; p_era_mean_mm_tower_years window boundary dataset='fluxmet_yy'); spot_check_nine_sites.csv
US-Ro1,era5_yy,data/extracted/AMF_US-Ro1_FLUXNET_2004-2016_v1.3_r1/AMF_US-Ro1_FLUXNET_ERA5_YY_1981-2025_v1.3_r1.csv,AMF_US-Ro1_FLUXNET_ERA5_YY_1981-2025_v1.3_r1.csv,TRUE,2026-06-01T17:38:09,3568,table_1 (p_era_mean_mm_1981_2025 dataset='era5_yy'; p_era_mean_mm_tower_years window boundary dataset='fluxmet_yy'); spot_check_nine_sites.csv
US-Ro1,fluxmet_yy,data/extracted/AMF_US-Ro1_FLUXNET_2004-2016_v1.3_r1/AMF_US-Ro1_FLUXNET_FLUXMET_YY_2004-2016_v1.3_r1.csv,AMF_US-Ro1_FLUXNET_FLUXMET_YY_2004-2016_v1.3_r1.csv,TRUE,2026-06-01T17:38:09,39447,table_1 (p_era_mean_mm_1981_2025 dataset='era5_yy'; p_era_mean_mm_tower_years window boundary dataset='fluxmet_yy'); spot_check_nine_sites.csv
US-Ro2,era5_yy,data/extracted/AMF_US-Ro2_FLUXNET_2008-2016_v1.3_r1/AMF_US-Ro2_FLUXNET_ERA5_YY_1981-2025_v1.3_r1.csv,AMF_US-Ro2_FLUXNET_ERA5_YY_1981-2025_v1.3_r1.csv,TRUE,2026-06-01T17:38:09,3601,table_1 (p_era_mean_mm_1981_2025 dataset='era5_yy'; p_era_mean_mm_tower_years window boundary dataset='fluxmet_yy'); spot_check_nine_sites.csv
US-Ro2,fluxmet_yy,data/extracted/AMF_US-Ro2_FLUXNET_2008-2016_v1.3_r1/AMF_US-Ro2_FLUXNET_FLUXMET_YY_2008-2016_v1.3_r1.csv,AMF_US-Ro2_FLUXNET_FLUXMET_YY_2008-2016_v1.3_r1.csv,TRUE,2026-06-01T17:38:09,26105,table_1 (p_era_mean_mm_1981_2025 dataset='era5_yy'; p_era_mean_mm_tower_years window boundary dataset='fluxmet_yy'); spot_check_nine_sites.csv
US-Ro3,era5_yy,data/extracted/AMF_US-Ro3_FLUXNET_2004-2007_v1.3_r1/AMF_US-Ro3_FLUXNET_ERA5_YY_1981-2025_v1.3_r1.csv,AMF_US-Ro3_FLUXNET_ERA5_YY_1981-2025_v1.3_r1.csv,TRUE,2026-06-01T17:38:09,3585,table_1 (p_era_mean_mm_1981_2025 dataset='era5_yy'; p_era_mean_mm_tower_years window boundary dataset='fluxmet_yy'); spot_check_nine_sites.csv
US-Ro3,fluxmet_yy,data/extracted/AMF_US-Ro3_FLUXNET_2004-2007_v1.3_r1/AMF_US-Ro3_FLUXNET_FLUXMET_YY_2004-2007_v1.3_r1.csv,AMF_US-Ro3_FLUXNET_FLUXMET_YY_2004-2007_v1.3_r1.csv,TRUE,2026-06-01T17:38:09,14518,table_1 (p_era_mean_mm_1981_2025 dataset='era5_yy'; p_era_mean_mm_tower_years window boundary dataset='fluxmet_yy'); spot_check_nine_sites.csv
US-Ro4,era5_yy,data/extracted/AMF_US-Ro4_FLUXNET_2014-2025_v1.3_r1/AMF_US-Ro4_FLUXNET_ERA5_YY_1981-2025_v1.3_r1.csv,AMF_US-Ro4_FLUXNET_ERA5_YY_1981-2025_v1.3_r1.csv,TRUE,2026-06-01T17:38:09,3580,table_1 (p_era_mean_mm_1981_2025 dataset='era5_yy'; p_era_mean_mm_tower_years window boundary dataset='fluxmet_yy'); spot_check_nine_sites.csv
US-Ro4,fluxmet_yy,data/extracted/AMF_US-Ro4_FLUXNET_2014-2025_v1.3_r1/AMF_US-Ro4_FLUXNET_FLUXMET_YY_2014-2025_v1.3_r1.csv,AMF_US-Ro4_FLUXNET_FLUXMET_YY_2014-2025_v1.3_r1.csv,TRUE,2026-06-01T17:38:09,36784,table_1 (p_era_mean_mm_1981_2025 dataset='era5_yy'; p_era_mean_mm_tower_years window boundary dataset='fluxmet_yy'); spot_check_nine_sites.csv
US-Ro5,era5_yy,data/extracted/AMF_US-Ro5_FLUXNET_2017-2024_v1.3_r1/AMF_US-Ro5_FLUXNET_ERA5_YY_1981-2024_v1.3_r1.csv,AMF_US-Ro5_FLUXNET_ERA5_YY_1981-2024_v1.3_r1.csv,TRUE,2026-06-01T17:38:09,3512,table_1 (p_era_mean_mm_1981_2025 dataset='era5_yy'; p_era_mean_mm_tower_years window boundary dataset='fluxmet_yy'); spot_check_nine_sites.csv
US-Ro5,fluxmet_yy,data/extracted/AMF_US-Ro5_FLUXNET_2017-2024_v1.3_r1/AMF_US-Ro5_FLUXNET_FLUXMET_YY_2017-2024_v1.3_r1.csv,AMF_US-Ro5_FLUXNET_FLUXMET_YY_2017-2024_v1.3_r1.csv,TRUE,2026-06-01T17:38:09,26322,table_1 (p_era_mean_mm_1981_2025 dataset='era5_yy'; p_era_mean_mm_tower_years window boundary dataset='fluxmet_yy'); spot_check_nine_sites.csv
US-Ro6,era5_yy,data/extracted/AMF_US-Ro6_FLUXNET_2017-2024_v1.3_r1/AMF_US-Ro6_FLUXNET_ERA5_YY_1981-2024_v1.3_r1.csv,AMF_US-Ro6_FLUXNET_ERA5_YY_1981-2024_v1.3_r1.csv,TRUE,2026-06-01T17:38:09,3494,table_1 (p_era_mean_mm_1981_2025 dataset='era5_yy'; p_era_mean_mm_tower_years window boundary dataset='fluxmet_yy'); spot_check_nine_sites.csv
US-Ro6,fluxmet_yy,data/extracted/AMF_US-Ro6_FLUXNET_2017-2024_v1.3_r1/AMF_US-Ro6_FLUXNET_FLUXMET_YY_2017-2024_v1.3_r1.csv,AMF_US-Ro6_FLUXNET_FLUXMET_YY_2017-2024_v1.3_r1.csv,TRUE,2026-06-01T17:38:09,26338,table_1 (p_era_mean_mm_1981_2025 dataset='era5_yy'; p_era_mean_mm_tower_years window boundary dataset='fluxmet_yy'); spot_check_nine_sites.csv
US-Rpf,era5_yy,data/extracted/AMF_US-Rpf_FLUXNET_2008-2024_v1.3_r1/AMF_US-Rpf_FLUXNET_ERA5_YY_1981-2025_v1.3_r1.csv,AMF_US-Rpf_FLUXNET_ERA5_YY_1981-2025_v1.3_r1.csv,TRUE,2026-06-01T17:38:09,3678,table_1 (p_era_mean_mm_1981_2025 dataset='era5_yy'; p_era_mean_mm_tower_years window boundary dataset='fluxmet_yy'); spot_check_nine_sites.csv
US-Rpf,fluxmet_yy,data/extracted/AMF_US-Rpf_FLUXNET_2008-2024_v1.3_r1/AMF_US-Rpf_FLUXNET_FLUXMET_YY_2008-2024_v1.3_r1.csv,AMF_US-Rpf_FLUXNET_FLUXMET_YY_2008-2024_v1.3_r1.csv,TRUE,2026-06-01T17:38:09,53041,table_1 (p_era_mean_mm_1981_2025 dataset='era5_yy'; p_era_mean_mm_tower_years window boundary dataset='fluxmet_yy'); spot_check_nine_sites.csv
US-Rwe,era5_yy,data/extracted/AMF_US-Rwe_FLUXNET_2003-2007_v1.3_r1/AMF_US-Rwe_FLUXNET_ERA5_YY_1981-2025_v1.3_r1.csv,AMF_US-Rwe_FLUXNET_ERA5_YY_1981-2025_v1.3_r1.csv,TRUE,2026-06-01T17:38:09,3614,table_1 (p_era_mean_mm_1981_2025 dataset='era5_yy'; p_era_mean_mm_tower_years window boundary dataset='fluxmet_yy'); spot_check_nine_sites.csv
US-Rwe,fluxmet_yy,data/extracted/AMF_US-Rwe_FLUXNET_2003-2007_v1.3_r1/AMF_US-Rwe_FLUXNET_FLUXMET_YY_2003-2007_v1.3_r1.csv,AMF_US-Rwe_FLUXNET_FLUXMET_YY_2003-2007_v1.3_r1.csv,TRUE,2026-06-01T17:38:09,17151,table_1 (p_era_mean_mm_1981_2025 dataset='era5_yy'; p_era_mean_mm_tower_years window boundary dataset='fluxmet_yy'); spot_check_nine_sites.csv
US-Rwf,era5_yy,data/extracted/AMF_US-Rwf_FLUXNET_2014-2023_v1.3_r1/AMF_US-Rwf_FLUXNET_ERA5_YY_1981-2025_v1.3_r1.csv,AMF_US-Rwf_FLUXNET_ERA5_YY_1981-2025_v1.3_r1.csv,TRUE,2026-06-01T17:38:09,3621,table_1 (p_era_mean_mm_1981_2025 dataset='era5_yy'; p_era_mean_mm_tower_years window boundary dataset='fluxmet_yy'); spot_check_nine_sites.csv
US-Rwf,fluxmet_yy,data/extracted/AMF_US-Rwf_FLUXNET_2014-2023_v1.3_r1/AMF_US-Rwf_FLUXNET_FLUXMET_YY_2014-2023_v1.3_r1.csv,AMF_US-Rwf_FLUXNET_FLUXMET_YY_2014-2023_v1.3_r1.csv,TRUE,2026-06-01T17:38:09,31533,table_1 (p_era_mean_mm_1981_2025 dataset='era5_yy'; p_era_mean_mm_tower_years window boundary dataset='fluxmet_yy'); spot_check_nine_sites.csv
US-Rws,era5_yy,data/extracted/AMF_US-Rws_FLUXNET_2014-2023_v1.3_r1/AMF_US-Rws_FLUXNET_ERA5_YY_1981-2025_v1.3_r1.csv,AMF_US-Rws_FLUXNET_ERA5_YY_1981-2025_v1.3_r1.csv,TRUE,2026-06-01T17:38:09,3666,table_1 (p_era_mean_mm_1981_2025 dataset='era5_yy'; p_era_mean_mm_tower_years window boundary dataset='fluxmet_yy'); spot_check_nine_sites.csv
US-Rws,fluxmet_yy,data/extracted/AMF_US-Rws_FLUXNET_2014-2023_v1.3_r1/AMF_US-Rws_FLUXNET_FLUXMET_YY_2014-2023_v1.3_r1.csv,AMF_US-Rws_FLUXNET_FLUXMET_YY_2014-2023_v1.3_r1.csv,TRUE,2026-06-01T17:38:09,32766,table_1 (p_era_mean_mm_1981_2025 dataset='era5_yy'; p_era_mean_mm_tower_years window boundary dataset='fluxmet_yy'); spot_check_nine_sites.csv
US-SD1,era5_yy,data/extracted/AMF_US-SD1_FLUXNET_2023-2025_v1.3_r1/AMF_US-SD1_FLUXNET_ERA5_YY_1981-2025_v1.3_r1.csv,AMF_US-SD1_FLUXNET_ERA5_YY_1981-2025_v1.3_r1.csv,TRUE,2026-06-01T17:38:09,3665,table_1 (p_era_mean_mm_1981_2025 dataset='era5_yy'; p_era_mean_mm_tower_years window boundary dataset='fluxmet_yy'); spot_check_nine_sites.csv
US-SD1,fluxmet_yy,data/extracted/AMF_US-SD1_FLUXNET_2023-2025_v1.3_r1/AMF_US-SD1_FLUXNET_FLUXMET_YY_2023-2025_v1.3_r1.csv,AMF_US-SD1_FLUXNET_FLUXMET_YY_2023-2025_v1.3_r1.csv,TRUE,2026-06-01T17:38:09,12099,table_1 (p_era_mean_mm_1981_2025 dataset='era5_yy'; p_era_mean_mm_tower_years window boundary dataset='fluxmet_yy'); spot_check_nine_sites.csv
US-SD2,era5_yy,data/extracted/AMF_US-SD2_FLUXNET_2023-2025_v1.3_r1/AMF_US-SD2_FLUXNET_ERA5_YY_1981-2025_v1.3_r1.csv,AMF_US-SD2_FLUXNET_ERA5_YY_1981-2025_v1.3_r1.csv,TRUE,2026-06-01T17:38:09,3652,table_1 (p_era_mean_mm_1981_2025 dataset='era5_yy'; p_era_mean_mm_tower_years window boundary dataset='fluxmet_yy'); spot_check_nine_sites.csv
US-SD2,fluxmet_yy,data/extracted/AMF_US-SD2_FLUXNET_2023-2025_v1.3_r1/AMF_US-SD2_FLUXNET_FLUXMET_YY_2023-2025_v1.3_r1.csv,AMF_US-SD2_FLUXNET_FLUXMET_YY_2023-2025_v1.3_r1.csv,TRUE,2026-06-01T17:38:09,12111,table_1 (p_era_mean_mm_1981_2025 dataset='era5_yy'; p_era_mean_mm_tower_years window boundary dataset='fluxmet_yy'); spot_check_nine_sites.csv
US-SHC,era5_yy,data/extracted/AMF_US-SHC_FLUXNET_2017-2020_v1.3_r1/AMF_US-SHC_FLUXNET_ERA5_YY_1981-2025_v1.3_r1.csv,AMF_US-SHC_FLUXNET_ERA5_YY_1981-2025_v1.3_r1.csv,TRUE,2026-06-01T17:45:17,3595,table_1 (p_era_mean_mm_1981_2025 dataset='era5_yy'; p_era_mean_mm_tower_years window boundary dataset='fluxmet_yy'); spot_check_nine_sites.csv
US-SHC,fluxmet_yy,data/extracted/AMF_US-SHC_FLUXNET_2017-2020_v1.3_r1/AMF_US-SHC_FLUXNET_FLUXMET_YY_2017-2020_v1.3_r1.csv,AMF_US-SHC_FLUXNET_FLUXMET_YY_2017-2020_v1.3_r1.csv,TRUE,2026-06-01T17:45:17,15108,table_1 (p_era_mean_mm_1981_2025 dataset='era5_yy'; p_era_mean_mm_tower_years window boundary dataset='fluxmet_yy'); spot_check_nine_sites.csv
US-SP1,era5_yy,data/extracted/AMF_US-SP1_FLUXNET_2000-2020_v1.3_r1/AMF_US-SP1_FLUXNET_ERA5_YY_1981-2025_v1.3_r1.csv,AMF_US-SP1_FLUXNET_ERA5_YY_1981-2025_v1.3_r1.csv,TRUE,2026-06-01T17:45:17,3806,table_1 (p_era_mean_mm_1981_2025 dataset='era5_yy'; p_era_mean_mm_tower_years window boundary dataset='fluxmet_yy'); spot_check_nine_sites.csv
US-SP1,fluxmet_yy,data/extracted/AMF_US-SP1_FLUXNET_2000-2020_v1.3_r1/AMF_US-SP1_FLUXNET_FLUXMET_YY_2000-2020_v1.3_r1.csv,AMF_US-SP1_FLUXNET_FLUXMET_YY_2000-2020_v1.3_r1.csv,TRUE,2026-06-01T17:45:17,58556,table_1 (p_era_mean_mm_1981_2025 dataset='era5_yy'; p_era_mean_mm_tower_years window boundary dataset='fluxmet_yy'); spot_check_nine_sites.csv
US-SRC,era5_yy,data/extracted/AMF_US-SRC_FLUXNET_2008-2014_v1.3_r1/AMF_US-SRC_FLUXNET_ERA5_YY_1981-2025_v1.3_r1.csv,AMF_US-SRC_FLUXNET_ERA5_YY_1981-2025_v1.3_r1.csv,TRUE,2026-06-01T17:45:17,3754,table_1 (p_era_mean_mm_1981_2025 dataset='era5_yy'; p_era_mean_mm_tower_years window boundary dataset='fluxmet_yy'); spot_check_nine_sites.csv
US-SRC,fluxmet_yy,data/extracted/AMF_US-SRC_FLUXNET_2008-2014_v1.3_r1/AMF_US-SRC_FLUXNET_FLUXMET_YY_2008-2014_v1.3_r1.csv,AMF_US-SRC_FLUXNET_FLUXMET_YY_2008-2014_v1.3_r1.csv,TRUE,2026-06-01T17:45:17,22459,table_1 (p_era_mean_mm_1981_2025 dataset='era5_yy'; p_era_mean_mm_tower_years window boundary dataset='fluxmet_yy'); spot_check_nine_sites.csv
US-SRG,era5_yy,data/extracted/AMF_US-SRG_FLUXNET_2008-2025_v1.3_r1/AMF_US-SRG_FLUXNET_ERA5_YY_1981-2025_v1.3_r1.csv,AMF_US-SRG_FLUXNET_ERA5_YY_1981-2025_v1.3_r1.csv,TRUE,2026-06-01T17:45:17,3764,table_1 (p_era_mean_mm_1981_2025 dataset='era5_yy'; p_era_mean_mm_tower_years window boundary dataset='fluxmet_yy'); spot_check_nine_sites.csv
US-SRG,fluxmet_yy,data/extracted/AMF_US-SRG_FLUXNET_2008-2025_v1.3_r1/AMF_US-SRG_FLUXNET_FLUXMET_YY_2008-2025_v1.3_r1.csv,AMF_US-SRG_FLUXNET_FLUXMET_YY_2008-2025_v1.3_r1.csv,TRUE,2026-06-01T17:45:17,56215,table_1 (p_era_mean_mm_1981_2025 dataset='era5_yy'; p_era_mean_mm_tower_years window boundary dataset='fluxmet_yy'); spot_check_nine_sites.csv
US-SRM,era5_yy,data/extracted/AMF_US-SRM_FLUXNET_2004-2025_v1.3_r1/AMF_US-SRM_FLUXNET_ERA5_YY_1981-2025_v1.3_r1.csv,AMF_US-SRM_FLUXNET_ERA5_YY_1981-2025_v1.3_r1.csv,TRUE,2026-06-01T17:45:17,3767,table_1 (p_era_mean_mm_1981_2025 dataset='era5_yy'; p_era_mean_mm_tower_years window boundary dataset='fluxmet_yy'); spot_check_nine_sites.csv
US-SRM,fluxmet_yy,data/extracted/AMF_US-SRM_FLUXNET_2004-2025_v1.3_r1/AMF_US-SRM_FLUXNET_FLUXMET_YY_2004-2025_v1.3_r1.csv,AMF_US-SRM_FLUXNET_FLUXMET_YY_2004-2025_v1.3_r1.csv,TRUE,2026-06-01T17:45:17,68634,table_1 (p_era_mean_mm_1981_2025 dataset='era5_yy'; p_era_mean_mm_tower_years window boundary dataset='fluxmet_yy'); spot_check_nine_sites.csv
US-SRS,era5_yy,data/extracted/AMF_US-SRS_FLUXNET_2011-2018_v1.3_r1/AMF_US-SRS_FLUXNET_ERA5_YY_1981-2025_v1.3_r1.csv,AMF_US-SRS_FLUXNET_ERA5_YY_1981-2025_v1.3_r1.csv,TRUE,2026-06-01T17:45:17,3749,table_1 (p_era_mean_mm_1981_2025 dataset='era5_yy'; p_era_mean_mm_tower_years window boundary dataset='fluxmet_yy'); spot_check_nine_sites.csv
US-SRS,fluxmet_yy,data/extracted/AMF_US-SRS_FLUXNET_2011-2018_v1.3_r1/AMF_US-SRS_FLUXNET_FLUXMET_YY_2011-2018_v1.3_r1.csv,AMF_US-SRS_FLUXNET_FLUXMET_YY_2011-2018_v1.3_r1.csv,TRUE,2026-06-01T17:45:17,26668,table_1 (p_era_mean_mm_1981_2025 dataset='era5_yy'; p_era_mean_mm_tower_years window boundary dataset='fluxmet_yy'); spot_check_nine_sites.csv
US-SSH,era5_yy,data/extracted/AMF_US-SSH_FLUXNET_2016-2021_v1.3_r1/AMF_US-SSH_FLUXNET_ERA5_YY_1981-2025_v1.3_r1.csv,AMF_US-SSH_FLUXNET_ERA5_YY_1981-2025_v1.3_r1.csv,TRUE,2026-06-01T17:45:17,3672,table_1 (p_era_mean_mm_1981_2025 dataset='era5_yy'; p_era_mean_mm_tower_years window boundary dataset='fluxmet_yy'); spot_check_nine_sites.csv
US-SSH,fluxmet_yy,data/extracted/AMF_US-SSH_FLUXNET_2016-2021_v1.3_r1/AMF_US-SSH_FLUXNET_FLUXMET_YY_2016-2021_v1.3_r1.csv,AMF_US-SSH_FLUXNET_FLUXMET_YY_2016-2021_v1.3_r1.csv,TRUE,2026-06-01T17:45:17,19699,table_1 (p_era_mean_mm_1981_2025 dataset='era5_yy'; p_era_mean_mm_tower_years window boundary dataset='fluxmet_yy'); spot_check_nine_sites.csv
US-Sag,era5_yy,data/extracted/AMF_US-Sag_FLUXNET_1996-1996_v1.3_r1/AMF_US-Sag_FLUXNET_ERA5_YY_1981-2025_v1.3_r1.csv,AMF_US-Sag_FLUXNET_ERA5_YY_1981-2025_v1.3_r1.csv,TRUE,2026-06-01T17:38:09,3582,table_1 (p_era_mean_mm_1981_2025 dataset='era5_yy'; p_era_mean_mm_tower_years window boundary dataset='fluxmet_yy'); spot_check_nine_sites.csv
US-Sag,fluxmet_yy,data/extracted/AMF_US-Sag_FLUXNET_1996-1996_v1.3_r1/AMF_US-Sag_FLUXNET_FLUXMET_YY_1996-1996_v1.3_r1.csv,AMF_US-Sag_FLUXNET_FLUXMET_YY_1996-1996_v1.3_r1.csv,TRUE,2026-06-01T17:38:09,4330,table_1 (p_era_mean_mm_1981_2025 dataset='era5_yy'; p_era_mean_mm_tower_years window boundary dataset='fluxmet_yy'); spot_check_nine_sites.csv
US-Seg,era5_yy,data/extracted/AMF_US-Seg_FLUXNET_2007-2025_v1.3_r1/AMF_US-Seg_FLUXNET_ERA5_YY_1981-2025_v1.3_r1.csv,AMF_US-Seg_FLUXNET_ERA5_YY_1981-2025_v1.3_r1.csv,TRUE,2026-06-01T17:38:09,3756,table_1 (p_era_mean_mm_1981_2025 dataset='era5_yy'; p_era_mean_mm_tower_years window boundary dataset='fluxmet_yy'); spot_check_nine_sites.csv
US-Seg,fluxmet_yy,data/extracted/AMF_US-Seg_FLUXNET_2007-2025_v1.3_r1/AMF_US-Seg_FLUXNET_FLUXMET_YY_2007-2025_v1.3_r1.csv,AMF_US-Seg_FLUXNET_FLUXMET_YY_2007-2025_v1.3_r1.csv,TRUE,2026-06-01T17:38:09,56179,table_1 (p_era_mean_mm_1981_2025 dataset='era5_yy'; p_era_mean_mm_tower_years window boundary dataset='fluxmet_yy'); spot_check_nine_sites.csv
US-Ses,era5_yy,data/extracted/AMF_US-Ses_FLUXNET_2007-2025_v1.3_r1/AMF_US-Ses_FLUXNET_ERA5_YY_1981-2025_v1.3_r1.csv,AMF_US-Ses_FLUXNET_ERA5_YY_1981-2025_v1.3_r1.csv,TRUE,2026-06-01T17:45:17,3745,table_1 (p_era_mean_mm_1981_2025 dataset='era5_yy'; p_era_mean_mm_tower_years window boundary dataset='fluxmet_yy'); spot_check_nine_sites.csv
US-Ses,fluxmet_yy,data/extracted/AMF_US-Ses_FLUXNET_2007-2025_v1.3_r1/AMF_US-Ses_FLUXNET_FLUXMET_YY_2007-2025_v1.3_r1.csv,AMF_US-Ses_FLUXNET_FLUXMET_YY_2007-2025_v1.3_r1.csv,TRUE,2026-06-01T17:45:17,55373,table_1 (p_era_mean_mm_1981_2025 dataset='era5_yy'; p_era_mean_mm_tower_years window boundary dataset='fluxmet_yy'); spot_check_nine_sites.csv
US-Slt,era5_yy,data/extracted/AMF_US-Slt_FLUXNET_2005-2022_v1.3_r1/AMF_US-Slt_FLUXNET_ERA5_YY_1981-2025_v1.3_r1.csv,AMF_US-Slt_FLUXNET_ERA5_YY_1981-2025_v1.3_r1.csv,TRUE,2026-06-01T17:45:18,3779,table_1 (p_era_mean_mm_1981_2025 dataset='era5_yy'; p_era_mean_mm_tower_years window boundary dataset='fluxmet_yy'); spot_check_nine_sites.csv
US-Slt,fluxmet_yy,data/extracted/AMF_US-Slt_FLUXNET_2005-2022_v1.3_r1/AMF_US-Slt_FLUXNET_FLUXMET_YY_2005-2022_v1.3_r1.csv,AMF_US-Slt_FLUXNET_FLUXMET_YY_2005-2022_v1.3_r1.csv,TRUE,2026-06-01T17:45:18,51462,table_1 (p_era_mean_mm_1981_2025 dataset='era5_yy'; p_era_mean_mm_tower_years window boundary dataset='fluxmet_yy'); spot_check_nine_sites.csv
US-Sne,era5_yy,data/extracted/AMF_US-Sne_FLUXNET_2016-2020_v1.3_r1/AMF_US-Sne_FLUXNET_ERA5_YY_1981-2025_v1.3_r1.csv,AMF_US-Sne_FLUXNET_ERA5_YY_1981-2025_v1.3_r1.csv,TRUE,2026-06-01T17:45:18,3827,table_1 (p_era_mean_mm_1981_2025 dataset='era5_yy'; p_era_mean_mm_tower_years window boundary dataset='fluxmet_yy'); spot_check_nine_sites.csv
US-Sne,fluxmet_yy,data/extracted/AMF_US-Sne_FLUXNET_2016-2020_v1.3_r1/AMF_US-Sne_FLUXNET_FLUXMET_YY_2016-2020_v1.3_r1.csv,AMF_US-Sne_FLUXNET_FLUXMET_YY_2016-2020_v1.3_r1.csv,TRUE,2026-06-01T17:45:18,18372,table_1 (p_era_mean_mm_1981_2025 dataset='era5_yy'; p_era_mean_mm_tower_years window boundary dataset='fluxmet_yy'); spot_check_nine_sites.csv
US-Snf,era5_yy,data/extracted/AMF_US-Snf_FLUXNET_2018-2020_v1.3_r1/AMF_US-Snf_FLUXNET_ERA5_YY_1981-2025_v1.3_r1.csv,AMF_US-Snf_FLUXNET_ERA5_YY_1981-2025_v1.3_r1.csv,TRUE,2026-06-01T17:45:18,3742,table_1 (p_era_mean_mm_1981_2025 dataset='era5_yy'; p_era_mean_mm_tower_years window boundary dataset='fluxmet_yy'); spot_check_nine_sites.csv
US-Snf,fluxmet_yy,data/extracted/AMF_US-Snf_FLUXNET_2018-2020_v1.3_r1/AMF_US-Snf_FLUXNET_FLUXMET_YY_2018-2020_v1.3_r1.csv,AMF_US-Snf_FLUXNET_FLUXMET_YY_2018-2020_v1.3_r1.csv,TRUE,2026-06-01T17:45:18,12348,table_1 (p_era_mean_mm_1981_2025 dataset='era5_yy'; p_era_mean_mm_tower_years window boundary dataset='fluxmet_yy'); spot_check_nine_sites.csv
US-Srr,era5_yy,data/extracted/AMF_US-Srr_FLUXNET_2014-2017_v1.3_r1/AMF_US-Srr_FLUXNET_ERA5_YY_1981-2025_v1.3_r1.csv,AMF_US-Srr_FLUXNET_ERA5_YY_1981-2025_v1.3_r1.csv,TRUE,2026-06-01T17:45:18,3794,table_1 (p_era_mean_mm_1981_2025 dataset='era5_yy'; p_era_mean_mm_tower_years window boundary dataset='fluxmet_yy'); spot_check_nine_sites.csv
US-Srr,fluxmet_yy,data/extracted/AMF_US-Srr_FLUXNET_2014-2017_v1.3_r1/AMF_US-Srr_FLUXNET_FLUXMET_YY_2014-2017_v1.3_r1.csv,AMF_US-Srr_FLUXNET_FLUXMET_YY_2014-2017_v1.3_r1.csv,TRUE,2026-06-01T17:45:18,15162,table_1 (p_era_mean_mm_1981_2025 dataset='era5_yy'; p_era_mean_mm_tower_years window boundary dataset='fluxmet_yy'); spot_check_nine_sites.csv
US-StJ,era5_yy,data/extracted/AMF_US-StJ_FLUXNET_2015-2020_v1.3_r1/AMF_US-StJ_FLUXNET_ERA5_YY_1981-2025_v1.3_r1.csv,AMF_US-StJ_FLUXNET_ERA5_YY_1981-2025_v1.3_r1.csv,TRUE,2026-06-01T17:45:18,3740,table_1 (p_era_mean_mm_1981_2025 dataset='era5_yy'; p_era_mean_mm_tower_years window boundary dataset='fluxmet_yy'); spot_check_nine_sites.csv
US-StJ,fluxmet_yy,data/extracted/AMF_US-StJ_FLUXNET_2015-2020_v1.3_r1/AMF_US-StJ_FLUXNET_FLUXMET_YY_2015-2020_v1.3_r1.csv,AMF_US-StJ_FLUXNET_FLUXMET_YY_2015-2020_v1.3_r1.csv,TRUE,2026-06-01T17:45:18,20240,table_1 (p_era_mean_mm_1981_2025 dataset='era5_yy'; p_era_mean_mm_tower_years window boundary dataset='fluxmet_yy'); spot_check_nine_sites.csv
US-Sta,era5_yy,data/extracted/AMF_US-Sta_FLUXNET_2005-2009_v1.3_r1/AMF_US-Sta_FLUXNET_ERA5_YY_1981-2025_v1.3_r1.csv,AMF_US-Sta_FLUXNET_ERA5_YY_1981-2025_v1.3_r1.csv,TRUE,2026-06-01T17:45:18,3617,table_1 (p_era_mean_mm_1981_2025 dataset='era5_yy'; p_era_mean_mm_tower_years window boundary dataset='fluxmet_yy'); spot_check_nine_sites.csv
US-Sta,fluxmet_yy,data/extracted/AMF_US-Sta_FLUXNET_2005-2009_v1.3_r1/AMF_US-Sta_FLUXNET_FLUXMET_YY_2005-2009_v1.3_r1.csv,AMF_US-Sta_FLUXNET_FLUXMET_YY_2005-2009_v1.3_r1.csv,TRUE,2026-06-01T17:45:18,14664,table_1 (p_era_mean_mm_1981_2025 dataset='era5_yy'; p_era_mean_mm_tower_years window boundary dataset='fluxmet_yy'); spot_check_nine_sites.csv
US-Syv,era5_yy,data/extracted/AMF_US-Syv_FLUXNET_2001-2025_v1.3_r1/AMF_US-Syv_FLUXNET_ERA5_YY_1981-2025_v1.3_r1.csv,AMF_US-Syv_FLUXNET_ERA5_YY_1981-2025_v1.3_r1.csv,TRUE,2026-06-01T17:45:18,3624,table_1 (p_era_mean_mm_1981_2025 dataset='era5_yy'; p_era_mean_mm_tower_years window boundary dataset='fluxmet_yy'); spot_check_nine_sites.csv
US-Syv,fluxmet_yy,data/extracted/AMF_US-Syv_FLUXNET_2001-2025_v1.3_r1/AMF_US-Syv_FLUXNET_FLUXMET_YY_2001-2025_v1.3_r1.csv,AMF_US-Syv_FLUXNET_FLUXMET_YY_2001-2025_v1.3_r1.csv,TRUE,2026-06-01T17:45:18,52920,table_1 (p_era_mean_mm_1981_2025 dataset='era5_yy'; p_era_mean_mm_tower_years window boundary dataset='fluxmet_yy'); spot_check_nine_sites.csv
US-TKs,era5_yy,data/extracted/AMF_US-TKs_FLUXNET_2018-2025_v1.3_r1/AMF_US-TKs_FLUXNET_ERA5_YY_1981-2025_v1.3_r1.csv,AMF_US-TKs_FLUXNET_ERA5_YY_1981-2025_v1.3_r1.csv,TRUE,2026-06-01T17:45:18,3693,table_1 (p_era_mean_mm_1981_2025 dataset='era5_yy'; p_era_mean_mm_tower_years window boundary dataset='fluxmet_yy'); spot_check_nine_sites.csv
US-TKs,fluxmet_yy,data/extracted/AMF_US-TKs_FLUXNET_2018-2025_v1.3_r1/AMF_US-TKs_FLUXNET_FLUXMET_YY_2018-2025_v1.3_r1.csv,AMF_US-TKs_FLUXNET_FLUXMET_YY_2018-2025_v1.3_r1.csv,TRUE,2026-06-01T17:45:18,25100,table_1 (p_era_mean_mm_1981_2025 dataset='era5_yy'; p_era_mean_mm_tower_years window boundary dataset='fluxmet_yy'); spot_check_nine_sites.csv
US-TLR,era5_yy,data/extracted/AMF_US-TLR_FLUXNET_2024-2024_v1.3_r1/AMF_US-TLR_FLUXNET_ERA5_YY_1981-2025_v1.3_r1.csv,AMF_US-TLR_FLUXNET_ERA5_YY_1981-2025_v1.3_r1.csv,TRUE,2026-06-01T17:45:18,3669,table_1 (p_era_mean_mm_1981_2025 dataset='era5_yy'; p_era_mean_mm_tower_years window boundary dataset='fluxmet_yy'); spot_check_nine_sites.csv
US-TLR,fluxmet_yy,data/extracted/AMF_US-TLR_FLUXNET_2024-2024_v1.3_r1/AMF_US-TLR_FLUXNET_FLUXMET_YY_2024-2024_v1.3_r1.csv,AMF_US-TLR_FLUXNET_FLUXMET_YY_2024-2024_v1.3_r1.csv,TRUE,2026-06-01T17:45:18,4338,table_1 (p_era_mean_mm_1981_2025 dataset='era5_yy'; p_era_mean_mm_tower_years window boundary dataset='fluxmet_yy'); spot_check_nine_sites.csv
US-TaS,era5_yy,data/extracted/AMF_US-TaS_FLUXNET_2017-2023_v1.3_r1/AMF_US-TaS_FLUXNET_ERA5_YY_1981-2025_v1.3_r1.csv,AMF_US-TaS_FLUXNET_ERA5_YY_1981-2025_v1.3_r1.csv,TRUE,2026-06-01T17:45:18,3804,table_1 (p_era_mean_mm_1981_2025 dataset='era5_yy'; p_era_mean_mm_tower_years window boundary dataset='fluxmet_yy'); spot_check_nine_sites.csv
US-TaS,fluxmet_yy,data/extracted/AMF_US-TaS_FLUXNET_2017-2023_v1.3_r1/AMF_US-TaS_FLUXNET_FLUXMET_YY_2017-2023_v1.3_r1.csv,AMF_US-TaS_FLUXNET_FLUXMET_YY_2017-2023_v1.3_r1.csv,TRUE,2026-06-01T17:45:18,19298,table_1 (p_era_mean_mm_1981_2025 dataset='era5_yy'; p_era_mean_mm_tower_years window boundary dataset='fluxmet_yy'); spot_check_nine_sites.csv
US-Ton,era5_yy,data/extracted/AMF_US-Ton_FLUXNET_2001-2025_v1.3_r1/AMF_US-Ton_FLUXNET_ERA5_YY_1981-2025_v1.3_r1.csv,AMF_US-Ton_FLUXNET_ERA5_YY_1981-2025_v1.3_r1.csv,TRUE,2026-06-01T17:45:18,3765,table_1 (p_era_mean_mm_1981_2025 dataset='era5_yy'; p_era_mean_mm_tower_years window boundary dataset='fluxmet_yy'); spot_check_nine_sites.csv
US-Ton,fluxmet_yy,data/extracted/AMF_US-Ton_FLUXNET_2001-2025_v1.3_r1/AMF_US-Ton_FLUXNET_FLUXMET_YY_2001-2025_v1.3_r1.csv,AMF_US-Ton_FLUXNET_FLUXMET_YY_2001-2025_v1.3_r1.csv,TRUE,2026-06-01T17:45:18,73835,table_1 (p_era_mean_mm_1981_2025 dataset='era5_yy'; p_era_mean_mm_tower_years window boundary dataset='fluxmet_yy'); spot_check_nine_sites.csv
US-Tw1,era5_yy,data/extracted/AMF_US-Tw1_FLUXNET_2011-2023_v1.3_r1/AMF_US-Tw1_FLUXNET_ERA5_YY_1981-2025_v1.3_r1.csv,AMF_US-Tw1_FLUXNET_ERA5_YY_1981-2025_v1.3_r1.csv,TRUE,2026-06-01T17:45:18,3793,table_1 (p_era_mean_mm_1981_2025 dataset='era5_yy'; p_era_mean_mm_tower_years window boundary dataset='fluxmet_yy'); spot_check_nine_sites.csv
US-Tw1,fluxmet_yy,data/extracted/AMF_US-Tw1_FLUXNET_2011-2023_v1.3_r1/AMF_US-Tw1_FLUXNET_FLUXMET_YY_2011-2023_v1.3_r1.csv,AMF_US-Tw1_FLUXNET_FLUXMET_YY_2011-2023_v1.3_r1.csv,TRUE,2026-06-01T17:45:18,39499,table_1 (p_era_mean_mm_1981_2025 dataset='era5_yy'; p_era_mean_mm_tower_years window boundary dataset='fluxmet_yy'); spot_check_nine_sites.csv
US-Tw2,era5_yy,data/extracted/AMF_US-Tw2_FLUXNET_2012-2013_v1.3_r1/AMF_US-Tw2_FLUXNET_ERA5_YY_1981-2025_v1.3_r1.csv,AMF_US-Tw2_FLUXNET_ERA5_YY_1981-2025_v1.3_r1.csv,TRUE,2026-06-01T17:45:18,3787,table_1 (p_era_mean_mm_1981_2025 dataset='era5_yy'; p_era_mean_mm_tower_years window boundary dataset='fluxmet_yy'); spot_check_nine_sites.csv
US-Tw2,fluxmet_yy,data/extracted/AMF_US-Tw2_FLUXNET_2012-2013_v1.3_r1/AMF_US-Tw2_FLUXNET_FLUXMET_YY_2012-2013_v1.3_r1.csv,AMF_US-Tw2_FLUXNET_FLUXMET_YY_2012-2013_v1.3_r1.csv,TRUE,2026-06-01T17:45:18,5818,table_1 (p_era_mean_mm_1981_2025 dataset='era5_yy'; p_era_mean_mm_tower_years window boundary dataset='fluxmet_yy'); spot_check_nine_sites.csv
US-Tw3,era5_yy,data/extracted/AMF_US-Tw3_FLUXNET_2013-2018_v1.3_r1/AMF_US-Tw3_FLUXNET_ERA5_YY_1981-2025_v1.3_r1.csv,AMF_US-Tw3_FLUXNET_ERA5_YY_1981-2025_v1.3_r1.csv,TRUE,2026-06-01T17:45:18,3766,table_1 (p_era_mean_mm_1981_2025 dataset='era5_yy'; p_era_mean_mm_tower_years window boundary dataset='fluxmet_yy'); spot_check_nine_sites.csv
US-Tw3,fluxmet_yy,data/extracted/AMF_US-Tw3_FLUXNET_2013-2018_v1.3_r1/AMF_US-Tw3_FLUXNET_FLUXMET_YY_2013-2018_v1.3_r1.csv,AMF_US-Tw3_FLUXNET_FLUXMET_YY_2013-2018_v1.3_r1.csv,TRUE,2026-06-01T17:45:18,21119,table_1 (p_era_mean_mm_1981_2025 dataset='era5_yy'; p_era_mean_mm_tower_years window boundary dataset='fluxmet_yy'); spot_check_nine_sites.csv
US-Tw4,era5_yy,data/extracted/AMF_US-Tw4_FLUXNET_2013-2024_v1.3_r1/AMF_US-Tw4_FLUXNET_ERA5_YY_1981-2025_v1.3_r1.csv,AMF_US-Tw4_FLUXNET_ERA5_YY_1981-2025_v1.3_r1.csv,TRUE,2026-06-01T17:45:18,3769,table_1 (p_era_mean_mm_1981_2025 dataset='era5_yy'; p_era_mean_mm_tower_years window boundary dataset='fluxmet_yy'); spot_check_nine_sites.csv
US-Tw4,fluxmet_yy,data/extracted/AMF_US-Tw4_FLUXNET_2013-2024_v1.3_r1/AMF_US-Tw4_FLUXNET_FLUXMET_YY_2013-2024_v1.3_r1.csv,AMF_US-Tw4_FLUXNET_FLUXMET_YY_2013-2024_v1.3_r1.csv,TRUE,2026-06-01T17:45:18,37565,table_1 (p_era_mean_mm_1981_2025 dataset='era5_yy'; p_era_mean_mm_tower_years window boundary dataset='fluxmet_yy'); spot_check_nine_sites.csv
US-Tw5,era5_yy,data/extracted/AMF_US-Tw5_FLUXNET_2018-2019_v1.3_r1/AMF_US-Tw5_FLUXNET_ERA5_YY_1981-2025_v1.3_r1.csv,AMF_US-Tw5_FLUXNET_ERA5_YY_1981-2025_v1.3_r1.csv,TRUE,2026-06-01T17:45:18,3789,table_1 (p_era_mean_mm_1981_2025 dataset='era5_yy'; p_era_mean_mm_tower_years window boundary dataset='fluxmet_yy'); spot_check_nine_sites.csv
US-Tw5,fluxmet_yy,data/extracted/AMF_US-Tw5_FLUXNET_2018-2019_v1.3_r1/AMF_US-Tw5_FLUXNET_FLUXMET_YY_2018-2019_v1.3_r1.csv,AMF_US-Tw5_FLUXNET_FLUXMET_YY_2018-2019_v1.3_r1.csv,TRUE,2026-06-01T17:45:18,6222,table_1 (p_era_mean_mm_1981_2025 dataset='era5_yy'; p_era_mean_mm_tower_years window boundary dataset='fluxmet_yy'); spot_check_nine_sites.csv
US-Twt,era5_yy,data/extracted/AMF_US-Twt_FLUXNET_2009-2017_v1.3_r1/AMF_US-Twt_FLUXNET_ERA5_YY_1981-2025_v1.3_r1.csv,AMF_US-Twt_FLUXNET_ERA5_YY_1981-2025_v1.3_r1.csv,TRUE,2026-06-01T17:45:18,3765,table_1 (p_era_mean_mm_1981_2025 dataset='era5_yy'; p_era_mean_mm_tower_years window boundary dataset='fluxmet_yy'); spot_check_nine_sites.csv
US-Twt,fluxmet_yy,data/extracted/AMF_US-Twt_FLUXNET_2009-2017_v1.3_r1/AMF_US-Twt_FLUXNET_FLUXMET_YY_2009-2017_v1.3_r1.csv,AMF_US-Twt_FLUXNET_FLUXMET_YY_2009-2017_v1.3_r1.csv,TRUE,2026-06-01T17:45:18,24533,table_1 (p_era_mean_mm_1981_2025 dataset='era5_yy'; p_era_mean_mm_tower_years window boundary dataset='fluxmet_yy'); spot_check_nine_sites.csv
US-UC1,era5_yy,data/extracted/AMF_US-UC1_FLUXNET_2019-2024_v1.3_r1/AMF_US-UC1_FLUXNET_ERA5_YY_1981-2025_v1.3_r1.csv,AMF_US-UC1_FLUXNET_ERA5_YY_1981-2025_v1.3_r1.csv,TRUE,2026-06-01T17:45:18,3626,table_1 (p_era_mean_mm_1981_2025 dataset='era5_yy'; p_era_mean_mm_tower_years window boundary dataset='fluxmet_yy'); spot_check_nine_sites.csv
US-UC1,fluxmet_yy,data/extracted/AMF_US-UC1_FLUXNET_2019-2024_v1.3_r1/AMF_US-UC1_FLUXNET_FLUXMET_YY_2019-2024_v1.3_r1.csv,AMF_US-UC1_FLUXNET_FLUXMET_YY_2019-2024_v1.3_r1.csv,TRUE,2026-06-01T17:45:18,20504,table_1 (p_era_mean_mm_1981_2025 dataset='era5_yy'; p_era_mean_mm_tower_years window boundary dataset='fluxmet_yy'); spot_check_nine_sites.csv
US-UC2,era5_yy,data/extracted/AMF_US-UC2_FLUXNET_2019-2024_v1.3_r1/AMF_US-UC2_FLUXNET_ERA5_YY_1981-2025_v1.3_r1.csv,AMF_US-UC2_FLUXNET_ERA5_YY_1981-2025_v1.3_r1.csv,TRUE,2026-06-01T17:45:18,3631,table_1 (p_era_mean_mm_1981_2025 dataset='era5_yy'; p_era_mean_mm_tower_years window boundary dataset='fluxmet_yy'); spot_check_nine_sites.csv
US-UC2,fluxmet_yy,data/extracted/AMF_US-UC2_FLUXNET_2019-2024_v1.3_r1/AMF_US-UC2_FLUXNET_FLUXMET_YY_2019-2024_v1.3_r1.csv,AMF_US-UC2_FLUXNET_FLUXMET_YY_2019-2024_v1.3_r1.csv,TRUE,2026-06-01T17:45:18,20537,table_1 (p_era_mean_mm_1981_2025 dataset='era5_yy'; p_era_mean_mm_tower_years window boundary dataset='fluxmet_yy'); spot_check_nine_sites.csv
US-UMd,era5_yy,data/extracted/AMF_US-UMd_FLUXNET_2007-2025_v1.3_r1/AMF_US-UMd_FLUXNET_ERA5_YY_1981-2025_v1.3_r1.csv,AMF_US-UMd_FLUXNET_ERA5_YY_1981-2025_v1.3_r1.csv,TRUE,2026-06-01T17:45:18,3633,table_1 (p_era_mean_mm_1981_2025 dataset='era5_yy'; p_era_mean_mm_tower_years window boundary dataset='fluxmet_yy'); spot_check_nine_sites.csv
US-UMd,fluxmet_yy,data/extracted/AMF_US-UMd_FLUXNET_2007-2025_v1.3_r1/AMF_US-UMd_FLUXNET_FLUXMET_YY_2007-2025_v1.3_r1.csv,AMF_US-UMd_FLUXNET_FLUXMET_YY_2007-2025_v1.3_r1.csv,TRUE,2026-06-01T17:45:18,58106,table_1 (p_era_mean_mm_1981_2025 dataset='era5_yy'; p_era_mean_mm_tower_years window boundary dataset='fluxmet_yy'); spot_check_nine_sites.csv
US-UTB,era5_yy,data/extracted/AMF_US-UTB_FLUXNET_2021-2023_v1.3_r1/AMF_US-UTB_FLUXNET_ERA5_YY_1981-2025_v1.3_r1.csv,AMF_US-UTB_FLUXNET_ERA5_YY_1981-2025_v1.3_r1.csv,TRUE,2026-06-01T17:45:18,3708,table_1 (p_era_mean_mm_1981_2025 dataset='era5_yy'; p_era_mean_mm_tower_years window boundary dataset='fluxmet_yy'); spot_check_nine_sites.csv
US-UTB,fluxmet_yy,data/extracted/AMF_US-UTB_FLUXNET_2021-2023_v1.3_r1/AMF_US-UTB_FLUXNET_FLUXMET_YY_2021-2023_v1.3_r1.csv,AMF_US-UTB_FLUXNET_FLUXMET_YY_2021-2023_v1.3_r1.csv,TRUE,2026-06-01T17:45:18,12305,table_1 (p_era_mean_mm_1981_2025 dataset='era5_yy'; p_era_mean_mm_tower_years window boundary dataset='fluxmet_yy'); spot_check_nine_sites.csv
US-UTD,era5_yy,data/extracted/AMF_US-UTD_FLUXNET_2023-2024_v1.3_r1/AMF_US-UTD_FLUXNET_ERA5_YY_1981-2025_v1.3_r1.csv,AMF_US-UTD_FLUXNET_ERA5_YY_1981-2025_v1.3_r1.csv,TRUE,2026-06-01T17:45:18,3682,table_1 (p_era_mean_mm_1981_2025 dataset='era5_yy'; p_era_mean_mm_tower_years window boundary dataset='fluxmet_yy'); spot_check_nine_sites.csv
US-UTD,fluxmet_yy,data/extracted/AMF_US-UTD_FLUXNET_2023-2024_v1.3_r1/AMF_US-UTD_FLUXNET_FLUXMET_YY_2023-2024_v1.3_r1.csv,AMF_US-UTD_FLUXNET_FLUXMET_YY_2023-2024_v1.3_r1.csv,TRUE,2026-06-01T17:45:18,5601,table_1 (p_era_mean_mm_1981_2025 dataset='era5_yy'; p_era_mean_mm_tower_years window boundary dataset='fluxmet_yy'); spot_check_nine_sites.csv
US-UTE,era5_yy,data/extracted/AMF_US-UTE_FLUXNET_2024-2025_v1.3_r1/AMF_US-UTE_FLUXNET_ERA5_YY_1981-2025_v1.3_r1.csv,AMF_US-UTE_FLUXNET_ERA5_YY_1981-2025_v1.3_r1.csv,TRUE,2026-06-01T17:45:18,3671,table_1 (p_era_mean_mm_1981_2025 dataset='era5_yy'; p_era_mean_mm_tower_years window boundary dataset='fluxmet_yy'); spot_check_nine_sites.csv
US-UTE,fluxmet_yy,data/extracted/AMF_US-UTE_FLUXNET_2024-2025_v1.3_r1/AMF_US-UTE_FLUXNET_FLUXMET_YY_2024-2025_v1.3_r1.csv,AMF_US-UTE_FLUXNET_FLUXMET_YY_2024-2025_v1.3_r1.csv,TRUE,2026-06-01T17:45:18,6449,table_1 (p_era_mean_mm_1981_2025 dataset='era5_yy'; p_era_mean_mm_tower_years window boundary dataset='fluxmet_yy'); spot_check_nine_sites.csv
US-UTJ,era5_yy,data/extracted/AMF_US-UTJ_FLUXNET_2024-2025_v1.3_r1/AMF_US-UTJ_FLUXNET_ERA5_YY_1981-2025_v1.3_r1.csv,AMF_US-UTJ_FLUXNET_ERA5_YY_1981-2025_v1.3_r1.csv,TRUE,2026-06-01T17:45:18,3730,table_1 (p_era_mean_mm_1981_2025 dataset='era5_yy'; p_era_mean_mm_tower_years window boundary dataset='fluxmet_yy'); spot_check_nine_sites.csv
US-UTJ,fluxmet_yy,data/extracted/AMF_US-UTJ_FLUXNET_2024-2025_v1.3_r1/AMF_US-UTJ_FLUXNET_FLUXMET_YY_2024-2025_v1.3_r1.csv,AMF_US-UTJ_FLUXNET_FLUXMET_YY_2024-2025_v1.3_r1.csv,TRUE,2026-06-01T17:45:18,6519,table_1 (p_era_mean_mm_1981_2025 dataset='era5_yy'; p_era_mean_mm_tower_years window boundary dataset='fluxmet_yy'); spot_check_nine_sites.csv
US-UTL,era5_yy,data/extracted/AMF_US-UTL_FLUXNET_2024-2025_v1.3_r1/AMF_US-UTL_FLUXNET_ERA5_YY_1981-2025_v1.3_r1.csv,AMF_US-UTL_FLUXNET_ERA5_YY_1981-2025_v1.3_r1.csv,TRUE,2026-06-01T17:45:18,3574,table_1 (p_era_mean_mm_1981_2025 dataset='era5_yy'; p_era_mean_mm_tower_years window boundary dataset='fluxmet_yy'); spot_check_nine_sites.csv
US-UTL,fluxmet_yy,data/extracted/AMF_US-UTL_FLUXNET_2024-2025_v1.3_r1/AMF_US-UTL_FLUXNET_FLUXMET_YY_2024-2025_v1.3_r1.csv,AMF_US-UTL_FLUXNET_FLUXMET_YY_2024-2025_v1.3_r1.csv,TRUE,2026-06-01T17:45:18,5703,table_1 (p_era_mean_mm_1981_2025 dataset='era5_yy'; p_era_mean_mm_tower_years window boundary dataset='fluxmet_yy'); spot_check_nine_sites.csv
US-UTM,era5_yy,data/extracted/AMF_US-UTM_FLUXNET_2022-2024_v1.3_r1/AMF_US-UTM_FLUXNET_ERA5_YY_1981-2025_v1.3_r1.csv,AMF_US-UTM_FLUXNET_ERA5_YY_1981-2025_v1.3_r1.csv,TRUE,2026-06-01T17:45:18,3704,table_1 (p_era_mean_mm_1981_2025 dataset='era5_yy'; p_era_mean_mm_tower_years window boundary dataset='fluxmet_yy'); spot_check_nine_sites.csv
US-UTM,fluxmet_yy,data/extracted/AMF_US-UTM_FLUXNET_2022-2024_v1.3_r1/AMF_US-UTM_FLUXNET_FLUXMET_YY_2022-2024_v1.3_r1.csv,AMF_US-UTM_FLUXNET_FLUXMET_YY_2022-2024_v1.3_r1.csv,TRUE,2026-06-01T17:45:18,11512,table_1 (p_era_mean_mm_1981_2025 dataset='era5_yy'; p_era_mean_mm_tower_years window boundary dataset='fluxmet_yy'); spot_check_nine_sites.csv
US-UTP,era5_yy,data/extracted/AMF_US-UTP_FLUXNET_2024-2024_v1.3_r1/AMF_US-UTP_FLUXNET_ERA5_YY_1981-2025_v1.3_r1.csv,AMF_US-UTP_FLUXNET_ERA5_YY_1981-2025_v1.3_r1.csv,TRUE,2026-06-01T17:45:18,3632,table_1 (p_era_mean_mm_1981_2025 dataset='era5_yy'; p_era_mean_mm_tower_years window boundary dataset='fluxmet_yy'); spot_check_nine_sites.csv
US-UTP,fluxmet_yy,data/extracted/AMF_US-UTP_FLUXNET_2024-2024_v1.3_r1/AMF_US-UTP_FLUXNET_FLUXMET_YY_2024-2024_v1.3_r1.csv,AMF_US-UTP_FLUXNET_FLUXMET_YY_2024-2024_v1.3_r1.csv,TRUE,2026-06-01T17:45:18,4213,table_1 (p_era_mean_mm_1981_2025 dataset='era5_yy'; p_era_mean_mm_tower_years window boundary dataset='fluxmet_yy'); spot_check_nine_sites.csv
US-UTV,era5_yy,data/extracted/AMF_US-UTV_FLUXNET_2023-2025_v1.3_r1/AMF_US-UTV_FLUXNET_ERA5_YY_1981-2025_v1.3_r1.csv,AMF_US-UTV_FLUXNET_ERA5_YY_1981-2025_v1.3_r1.csv,TRUE,2026-06-01T17:45:18,3589,table_1 (p_era_mean_mm_1981_2025 dataset='era5_yy'; p_era_mean_mm_tower_years window boundary dataset='fluxmet_yy'); spot_check_nine_sites.csv
US-UTV,fluxmet_yy,data/extracted/AMF_US-UTV_FLUXNET_2023-2025_v1.3_r1/AMF_US-UTV_FLUXNET_FLUXMET_YY_2023-2025_v1.3_r1.csv,AMF_US-UTV_FLUXNET_FLUXMET_YY_2023-2025_v1.3_r1.csv,TRUE,2026-06-01T17:45:18,12997,table_1 (p_era_mean_mm_1981_2025 dataset='era5_yy'; p_era_mean_mm_tower_years window boundary dataset='fluxmet_yy'); spot_check_nine_sites.csv
US-UTW,era5_yy,data/extracted/AMF_US-UTW_FLUXNET_2021-2024_v1.3_r1/AMF_US-UTW_FLUXNET_ERA5_YY_1981-2025_v1.3_r1.csv,AMF_US-UTW_FLUXNET_ERA5_YY_1981-2025_v1.3_r1.csv,TRUE,2026-06-01T17:45:18,3625,table_1 (p_era_mean_mm_1981_2025 dataset='era5_yy'; p_era_mean_mm_tower_years window boundary dataset='fluxmet_yy'); spot_check_nine_sites.csv
US-UTW,fluxmet_yy,data/extracted/AMF_US-UTW_FLUXNET_2021-2024_v1.3_r1/AMF_US-UTW_FLUXNET_FLUXMET_YY_2021-2024_v1.3_r1.csv,AMF_US-UTW_FLUXNET_FLUXMET_YY_2021-2024_v1.3_r1.csv,TRUE,2026-06-01T17:45:18,14640,table_1 (p_era_mean_mm_1981_2025 dataset='era5_yy'; p_era_mean_mm_tower_years window boundary dataset='fluxmet_yy'); spot_check_nine_sites.csv
US-Uaf,era5_yy,data/extracted/AMF_US-Uaf_FLUXNET_2003-2025_v1.3_r1/AMF_US-Uaf_FLUXNET_ERA5_YY_1981-2025_v1.3_r1.csv,AMF_US-Uaf_FLUXNET_ERA5_YY_1981-2025_v1.3_r1.csv,TRUE,2026-06-01T17:45:18,3690,table_1 (p_era_mean_mm_1981_2025 dataset='era5_yy'; p_era_mean_mm_tower_years window boundary dataset='fluxmet_yy'); spot_check_nine_sites.csv
US-Uaf,fluxmet_yy,data/extracted/AMF_US-Uaf_FLUXNET_2003-2025_v1.3_r1/AMF_US-Uaf_FLUXNET_FLUXMET_YY_2003-2025_v1.3_r1.csv,AMF_US-Uaf_FLUXNET_FLUXMET_YY_2003-2025_v1.3_r1.csv,TRUE,2026-06-01T17:45:18,47292,table_1 (p_era_mean_mm_1981_2025 dataset='era5_yy'; p_era_mean_mm_tower_years window boundary dataset='fluxmet_yy'); spot_check_nine_sites.csv
US-UiA,era5_yy,data/extracted/AMF_US-UiA_FLUXNET_2008-2024_v1.3_r1/AMF_US-UiA_FLUXNET_ERA5_YY_1981-2025_v1.3_r1.csv,AMF_US-UiA_FLUXNET_ERA5_YY_1981-2025_v1.3_r1.csv,TRUE,2026-06-01T17:45:18,3740,table_1 (p_era_mean_mm_1981_2025 dataset='era5_yy'; p_era_mean_mm_tower_years window boundary dataset='fluxmet_yy'); spot_check_nine_sites.csv
US-UiA,fluxmet_yy,data/extracted/AMF_US-UiA_FLUXNET_2008-2024_v1.3_r1/AMF_US-UiA_FLUXNET_FLUXMET_YY_2008-2024_v1.3_r1.csv,AMF_US-UiA_FLUXNET_FLUXMET_YY_2008-2024_v1.3_r1.csv,TRUE,2026-06-01T17:45:18,35043,table_1 (p_era_mean_mm_1981_2025 dataset='era5_yy'; p_era_mean_mm_tower_years window boundary dataset='fluxmet_yy'); spot_check_nine_sites.csv
US-UiB,era5_yy,data/extracted/AMF_US-UiB_FLUXNET_2008-2024_v1.3_r1/AMF_US-UiB_FLUXNET_ERA5_YY_1981-2025_v1.3_r1.csv,AMF_US-UiB_FLUXNET_ERA5_YY_1981-2025_v1.3_r1.csv,TRUE,2026-06-01T17:45:18,3745,table_1 (p_era_mean_mm_1981_2025 dataset='era5_yy'; p_era_mean_mm_tower_years window boundary dataset='fluxmet_yy'); spot_check_nine_sites.csv
US-UiB,fluxmet_yy,data/extracted/AMF_US-UiB_FLUXNET_2008-2024_v1.3_r1/AMF_US-UiB_FLUXNET_FLUXMET_YY_2008-2024_v1.3_r1.csv,AMF_US-UiB_FLUXNET_FLUXMET_YY_2008-2024_v1.3_r1.csv,TRUE,2026-06-01T17:45:18,39855,table_1 (p_era_mean_mm_1981_2025 dataset='era5_yy'; p_era_mean_mm_tower_years window boundary dataset='fluxmet_yy'); spot_check_nine_sites.csv
US-UiC,era5_yy,data/extracted/AMF_US-UiC_FLUXNET_2008-2024_v1.3_r1/AMF_US-UiC_FLUXNET_ERA5_YY_1981-2025_v1.3_r1.csv,AMF_US-UiC_FLUXNET_ERA5_YY_1981-2025_v1.3_r1.csv,TRUE,2026-06-01T17:45:18,3743,table_1 (p_era_mean_mm_1981_2025 dataset='era5_yy'; p_era_mean_mm_tower_years window boundary dataset='fluxmet_yy'); spot_check_nine_sites.csv
US-UiC,fluxmet_yy,data/extracted/AMF_US-UiC_FLUXNET_2008-2024_v1.3_r1/AMF_US-UiC_FLUXNET_FLUXMET_YY_2008-2024_v1.3_r1.csv,AMF_US-UiC_FLUXNET_FLUXMET_YY_2008-2024_v1.3_r1.csv,TRUE,2026-06-01T17:45:18,39947,table_1 (p_era_mean_mm_1981_2025 dataset='era5_yy'; p_era_mean_mm_tower_years window boundary dataset='fluxmet_yy'); spot_check_nine_sites.csv
US-UiD,era5_yy,data/extracted/AMF_US-UiD_FLUXNET_2008-2024_v1.3_r1/AMF_US-UiD_FLUXNET_ERA5_YY_1981-2025_v1.3_r1.csv,AMF_US-UiD_FLUXNET_ERA5_YY_1981-2025_v1.3_r1.csv,TRUE,2026-06-01T17:45:18,3718,table_1 (p_era_mean_mm_1981_2025 dataset='era5_yy'; p_era_mean_mm_tower_years window boundary dataset='fluxmet_yy'); spot_check_nine_sites.csv
US-UiD,fluxmet_yy,data/extracted/AMF_US-UiD_FLUXNET_2008-2024_v1.3_r1/AMF_US-UiD_FLUXNET_FLUXMET_YY_2008-2024_v1.3_r1.csv,AMF_US-UiD_FLUXNET_FLUXMET_YY_2008-2024_v1.3_r1.csv,TRUE,2026-06-01T17:45:18,36320,table_1 (p_era_mean_mm_1981_2025 dataset='era5_yy'; p_era_mean_mm_tower_years window boundary dataset='fluxmet_yy'); spot_check_nine_sites.csv
US-UiE,era5_yy,data/extracted/AMF_US-UiE_FLUXNET_2018-2024_v1.3_r1/AMF_US-UiE_FLUXNET_ERA5_YY_1981-2025_v1.3_r1.csv,AMF_US-UiE_FLUXNET_ERA5_YY_1981-2025_v1.3_r1.csv,TRUE,2026-06-01T17:45:18,3710,table_1 (p_era_mean_mm_1981_2025 dataset='era5_yy'; p_era_mean_mm_tower_years window boundary dataset='fluxmet_yy'); spot_check_nine_sites.csv
US-UiE,fluxmet_yy,data/extracted/AMF_US-UiE_FLUXNET_2018-2024_v1.3_r1/AMF_US-UiE_FLUXNET_FLUXMET_YY_2018-2024_v1.3_r1.csv,AMF_US-UiE_FLUXNET_FLUXMET_YY_2018-2024_v1.3_r1.csv,TRUE,2026-06-01T17:45:18,25580,table_1 (p_era_mean_mm_1981_2025 dataset='era5_yy'; p_era_mean_mm_tower_years window boundary dataset='fluxmet_yy'); spot_check_nine_sites.csv
US-UiF,era5_yy,data/extracted/AMF_US-UiF_FLUXNET_2018-2023_v1.3_r1/AMF_US-UiF_FLUXNET_ERA5_YY_1981-2025_v1.3_r1.csv,AMF_US-UiF_FLUXNET_ERA5_YY_1981-2025_v1.3_r1.csv,TRUE,2026-06-01T17:45:18,3689,table_1 (p_era_mean_mm_1981_2025 dataset='era5_yy'; p_era_mean_mm_tower_years window boundary dataset='fluxmet_yy'); spot_check_nine_sites.csv
US-UiF,fluxmet_yy,data/extracted/AMF_US-UiF_FLUXNET_2018-2023_v1.3_r1/AMF_US-UiF_FLUXNET_FLUXMET_YY_2018-2023_v1.3_r1.csv,AMF_US-UiF_FLUXNET_FLUXMET_YY_2018-2023_v1.3_r1.csv,TRUE,2026-06-01T17:45:18,22158,table_1 (p_era_mean_mm_1981_2025 dataset='era5_yy'; p_era_mean_mm_tower_years window boundary dataset='fluxmet_yy'); spot_check_nine_sites.csv
US-UiG,era5_yy,data/extracted/AMF_US-UiG_FLUXNET_2018-2023_v1.3_r1/AMF_US-UiG_FLUXNET_ERA5_YY_1981-2025_v1.3_r1.csv,AMF_US-UiG_FLUXNET_ERA5_YY_1981-2025_v1.3_r1.csv,TRUE,2026-06-01T17:45:18,3706,table_1 (p_era_mean_mm_1981_2025 dataset='era5_yy'; p_era_mean_mm_tower_years window boundary dataset='fluxmet_yy'); spot_check_nine_sites.csv
US-UiG,fluxmet_yy,data/extracted/AMF_US-UiG_FLUXNET_2018-2023_v1.3_r1/AMF_US-UiG_FLUXNET_FLUXMET_YY_2018-2023_v1.3_r1.csv,AMF_US-UiG_FLUXNET_FLUXMET_YY_2018-2023_v1.3_r1.csv,TRUE,2026-06-01T17:45:18,22553,table_1 (p_era_mean_mm_1981_2025 dataset='era5_yy'; p_era_mean_mm_tower_years window boundary dataset='fluxmet_yy'); spot_check_nine_sites.csv
US-VT1,era5_yy,data/extracted/AMF_US-VT1_FLUXNET_2023-2025_v1.3_r1/AMF_US-VT1_FLUXNET_ERA5_YY_1981-2025_v1.3_r1.csv,AMF_US-VT1_FLUXNET_ERA5_YY_1981-2025_v1.3_r1.csv,TRUE,2026-06-01T17:45:18,3676,table_1 (p_era_mean_mm_1981_2025 dataset='era5_yy'; p_era_mean_mm_tower_years window boundary dataset='fluxmet_yy'); spot_check_nine_sites.csv
US-VT1,fluxmet_yy,data/extracted/AMF_US-VT1_FLUXNET_2023-2025_v1.3_r1/AMF_US-VT1_FLUXNET_FLUXMET_YY_2023-2025_v1.3_r1.csv,AMF_US-VT1_FLUXNET_FLUXMET_YY_2023-2025_v1.3_r1.csv,TRUE,2026-06-01T17:45:18,12099,table_1 (p_era_mean_mm_1981_2025 dataset='era5_yy'; p_era_mean_mm_tower_years window boundary dataset='fluxmet_yy'); spot_check_nine_sites.csv
US-VT2,era5_yy,data/extracted/AMF_US-VT2_FLUXNET_2023-2025_v1.3_r1/AMF_US-VT2_FLUXNET_ERA5_YY_1981-2025_v1.3_r1.csv,AMF_US-VT2_FLUXNET_ERA5_YY_1981-2025_v1.3_r1.csv,TRUE,2026-06-01T17:45:18,3662,table_1 (p_era_mean_mm_1981_2025 dataset='era5_yy'; p_era_mean_mm_tower_years window boundary dataset='fluxmet_yy'); spot_check_nine_sites.csv
US-VT2,fluxmet_yy,data/extracted/AMF_US-VT2_FLUXNET_2023-2025_v1.3_r1/AMF_US-VT2_FLUXNET_FLUXMET_YY_2023-2025_v1.3_r1.csv,AMF_US-VT2_FLUXNET_FLUXMET_YY_2023-2025_v1.3_r1.csv,TRUE,2026-06-01T17:45:18,12087,table_1 (p_era_mean_mm_1981_2025 dataset='era5_yy'; p_era_mean_mm_tower_years window boundary dataset='fluxmet_yy'); spot_check_nine_sites.csv
US-Var,era5_yy,data/extracted/AMF_US-Var_FLUXNET_2000-2025_v1.3_r1/AMF_US-Var_FLUXNET_ERA5_YY_1981-2025_v1.3_r1.csv,AMF_US-Var_FLUXNET_ERA5_YY_1981-2025_v1.3_r1.csv,TRUE,2026-06-01T17:45:19,3734,table_1 (p_era_mean_mm_1981_2025 dataset='era5_yy'; p_era_mean_mm_tower_years window boundary dataset='fluxmet_yy'); spot_check_nine_sites.csv
US-Var,fluxmet_yy,data/extracted/AMF_US-Var_FLUXNET_2000-2025_v1.3_r1/AMF_US-Var_FLUXNET_FLUXMET_YY_2000-2025_v1.3_r1.csv,AMF_US-Var_FLUXNET_FLUXMET_YY_2000-2025_v1.3_r1.csv,TRUE,2026-06-01T17:45:19,75205,table_1 (p_era_mean_mm_1981_2025 dataset='era5_yy'; p_era_mean_mm_tower_years window boundary dataset='fluxmet_yy'); spot_check_nine_sites.csv
US-Vcm,era5_yy,data/extracted/AMF_US-Vcm_FLUXNET_2007-2025_v1.3_r1/AMF_US-Vcm_FLUXNET_ERA5_YY_1981-2025_v1.3_r1.csv,AMF_US-Vcm_FLUXNET_ERA5_YY_1981-2025_v1.3_r1.csv,TRUE,2026-06-01T17:45:19,3576,table_1 (p_era_mean_mm_1981_2025 dataset='era5_yy'; p_era_mean_mm_tower_years window boundary dataset='fluxmet_yy'); spot_check_nine_sites.csv
US-Vcm,fluxmet_yy,data/extracted/AMF_US-Vcm_FLUXNET_2007-2025_v1.3_r1/AMF_US-Vcm_FLUXNET_FLUXMET_YY_2007-2025_v1.3_r1.csv,AMF_US-Vcm_FLUXNET_FLUXMET_YY_2007-2025_v1.3_r1.csv,TRUE,2026-06-01T17:45:19,47205,table_1 (p_era_mean_mm_1981_2025 dataset='era5_yy'; p_era_mean_mm_tower_years window boundary dataset='fluxmet_yy'); spot_check_nine_sites.csv
US-Vcp,era5_yy,data/extracted/AMF_US-Vcp_FLUXNET_2007-2025_v1.3_r1/AMF_US-Vcp_FLUXNET_ERA5_YY_1981-2025_v1.3_r1.csv,AMF_US-Vcp_FLUXNET_ERA5_YY_1981-2025_v1.3_r1.csv,TRUE,2026-06-01T17:45:19,3580,table_1 (p_era_mean_mm_1981_2025 dataset='era5_yy'; p_era_mean_mm_tower_years window boundary dataset='fluxmet_yy'); spot_check_nine_sites.csv
US-Vcp,fluxmet_yy,data/extracted/AMF_US-Vcp_FLUXNET_2007-2025_v1.3_r1/AMF_US-Vcp_FLUXNET_FLUXMET_YY_2007-2025_v1.3_r1.csv,AMF_US-Vcp_FLUXNET_FLUXMET_YY_2007-2025_v1.3_r1.csv,TRUE,2026-06-01T17:45:19,54513,table_1 (p_era_mean_mm_1981_2025 dataset='era5_yy'; p_era_mean_mm_tower_years window boundary dataset='fluxmet_yy'); spot_check_nine_sites.csv
US-WCr,era5_yy,data/extracted/AMF_US-WCr_FLUXNET_1999-2025_v1.3_r1/AMF_US-WCr_FLUXNET_ERA5_YY_1981-2025_v1.3_r1.csv,AMF_US-WCr_FLUXNET_ERA5_YY_1981-2025_v1.3_r1.csv,TRUE,2026-06-01T17:51:23,3562,table_1 (p_era_mean_mm_1981_2025 dataset='era5_yy'; p_era_mean_mm_tower_years window boundary dataset='fluxmet_yy'); spot_check_nine_sites.csv
US-WCr,fluxmet_yy,data/extracted/AMF_US-WCr_FLUXNET_1999-2025_v1.3_r1/AMF_US-WCr_FLUXNET_FLUXMET_YY_1999-2025_v1.3_r1.csv,AMF_US-WCr_FLUXNET_FLUXMET_YY_1999-2025_v1.3_r1.csv,TRUE,2026-06-01T17:51:23,57855,table_1 (p_era_mean_mm_1981_2025 dataset='era5_yy'; p_era_mean_mm_tower_years window boundary dataset='fluxmet_yy'); spot_check_nine_sites.csv
US-WPT,era5_yy,data/extracted/AMF_US-WPT_FLUXNET_2011-2013_v1.3_r1/AMF_US-WPT_FLUXNET_ERA5_YY_1981-2025_v1.3_r1.csv,AMF_US-WPT_FLUXNET_ERA5_YY_1981-2025_v1.3_r1.csv,TRUE,2026-06-01T17:51:23,3677,table_1 (p_era_mean_mm_1981_2025 dataset='era5_yy'; p_era_mean_mm_tower_years window boundary dataset='fluxmet_yy'); spot_check_nine_sites.csv
US-WPT,fluxmet_yy,data/extracted/AMF_US-WPT_FLUXNET_2011-2013_v1.3_r1/AMF_US-WPT_FLUXNET_FLUXMET_YY_2011-2013_v1.3_r1.csv,AMF_US-WPT_FLUXNET_FLUXMET_YY_2011-2013_v1.3_r1.csv,TRUE,2026-06-01T17:51:23,12741,table_1 (p_era_mean_mm_1981_2025 dataset='era5_yy'; p_era_mean_mm_tower_years window boundary dataset='fluxmet_yy'); spot_check_nine_sites.csv
US-WT1,era5_yy,data/extracted/AMF_US-WT1_FLUXNET_2023-2024_v1.3_r1/AMF_US-WT1_FLUXNET_ERA5_YY_1981-2025_v1.3_r1.csv,AMF_US-WT1_FLUXNET_ERA5_YY_1981-2025_v1.3_r1.csv,TRUE,2026-06-01T17:51:23,3768,table_1 (p_era_mean_mm_1981_2025 dataset='era5_yy'; p_era_mean_mm_tower_years window boundary dataset='fluxmet_yy'); spot_check_nine_sites.csv
US-WT1,fluxmet_yy,data/extracted/AMF_US-WT1_FLUXNET_2023-2024_v1.3_r1/AMF_US-WT1_FLUXNET_FLUXMET_YY_2023-2024_v1.3_r1.csv,AMF_US-WT1_FLUXNET_FLUXMET_YY_2023-2024_v1.3_r1.csv,TRUE,2026-06-01T17:51:23,5527,table_1 (p_era_mean_mm_1981_2025 dataset='era5_yy'; p_era_mean_mm_tower_years window boundary dataset='fluxmet_yy'); spot_check_nine_sites.csv
US-Whs,era5_yy,data/extracted/AMF_US-Whs_FLUXNET_2007-2025_v1.3_r1/AMF_US-Whs_FLUXNET_ERA5_YY_1981-2025_v1.3_r1.csv,AMF_US-Whs_FLUXNET_ERA5_YY_1981-2025_v1.3_r1.csv,TRUE,2026-06-01T17:51:23,3764,table_1 (p_era_mean_mm_1981_2025 dataset='era5_yy'; p_era_mean_mm_tower_years window boundary dataset='fluxmet_yy'); spot_check_nine_sites.csv
US-Whs,fluxmet_yy,data/extracted/AMF_US-Whs_FLUXNET_2007-2025_v1.3_r1/AMF_US-Whs_FLUXNET_FLUXMET_YY_2007-2025_v1.3_r1.csv,AMF_US-Whs_FLUXNET_FLUXMET_YY_2007-2025_v1.3_r1.csv,TRUE,2026-06-01T17:51:23,42436,table_1 (p_era_mean_mm_1981_2025 dataset='era5_yy'; p_era_mean_mm_tower_years window boundary dataset='fluxmet_yy'); spot_check_nine_sites.csv
US-Wjs,era5_yy,data/extracted/AMF_US-Wjs_FLUXNET_2007-2025_v1.3_r1/AMF_US-Wjs_FLUXNET_ERA5_YY_1981-2025_v1.3_r1.csv,AMF_US-Wjs_FLUXNET_ERA5_YY_1981-2025_v1.3_r1.csv,TRUE,2026-06-01T17:51:23,3706,table_1 (p_era_mean_mm_1981_2025 dataset='era5_yy'; p_era_mean_mm_tower_years window boundary dataset='fluxmet_yy'); spot_check_nine_sites.csv
US-Wjs,fluxmet_yy,data/extracted/AMF_US-Wjs_FLUXNET_2007-2025_v1.3_r1/AMF_US-Wjs_FLUXNET_FLUXMET_YY_2007-2025_v1.3_r1.csv,AMF_US-Wjs_FLUXNET_FLUXMET_YY_2007-2025_v1.3_r1.csv,TRUE,2026-06-01T17:51:23,54811,table_1 (p_era_mean_mm_1981_2025 dataset='era5_yy'; p_era_mean_mm_tower_years window boundary dataset='fluxmet_yy'); spot_check_nine_sites.csv
US-Wkg,era5_yy,data/extracted/AMF_US-Wkg_FLUXNET_2004-2025_v1.3_r1/AMF_US-Wkg_FLUXNET_ERA5_YY_1981-2025_v1.3_r1.csv,AMF_US-Wkg_FLUXNET_ERA5_YY_1981-2025_v1.3_r1.csv,TRUE,2026-06-01T17:51:23,3756,table_1 (p_era_mean_mm_1981_2025 dataset='era5_yy'; p_era_mean_mm_tower_years window boundary dataset='fluxmet_yy'); spot_check_nine_sites.csv
US-Wkg,fluxmet_yy,data/extracted/AMF_US-Wkg_FLUXNET_2004-2025_v1.3_r1/AMF_US-Wkg_FLUXNET_FLUXMET_YY_2004-2025_v1.3_r1.csv,AMF_US-Wkg_FLUXNET_FLUXMET_YY_2004-2025_v1.3_r1.csv,TRUE,2026-06-01T17:51:23,65362,table_1 (p_era_mean_mm_1981_2025 dataset='era5_yy'; p_era_mean_mm_tower_years window boundary dataset='fluxmet_yy'); spot_check_nine_sites.csv
US-YK1,era5_yy,data/extracted/AMF_US-YK1_FLUXNET_2019-2025_v1.3_r1/AMF_US-YK1_FLUXNET_ERA5_YY_1981-2025_v1.3_r1.csv,AMF_US-YK1_FLUXNET_ERA5_YY_1981-2025_v1.3_r1.csv,TRUE,2026-06-01T17:51:23,3696,table_1 (p_era_mean_mm_1981_2025 dataset='era5_yy'; p_era_mean_mm_tower_years window boundary dataset='fluxmet_yy'); spot_check_nine_sites.csv
US-YK1,fluxmet_yy,data/extracted/AMF_US-YK1_FLUXNET_2019-2025_v1.3_r1/AMF_US-YK1_FLUXNET_FLUXMET_YY_2019-2025_v1.3_r1.csv,AMF_US-YK1_FLUXNET_FLUXMET_YY_2019-2025_v1.3_r1.csv,TRUE,2026-06-01T17:51:23,15162,table_1 (p_era_mean_mm_1981_2025 dataset='era5_yy'; p_era_mean_mm_tower_years window boundary dataset='fluxmet_yy'); spot_check_nine_sites.csv
US-YK2,era5_yy,data/extracted/AMF_US-YK2_FLUXNET_2019-2025_v1.3_r1/AMF_US-YK2_FLUXNET_ERA5_YY_1981-2025_v1.3_r1.csv,AMF_US-YK2_FLUXNET_ERA5_YY_1981-2025_v1.3_r1.csv,TRUE,2026-06-01T17:51:23,3722,table_1 (p_era_mean_mm_1981_2025 dataset='era5_yy'; p_era_mean_mm_tower_years window boundary dataset='fluxmet_yy'); spot_check_nine_sites.csv
US-YK2,fluxmet_yy,data/extracted/AMF_US-YK2_FLUXNET_2019-2025_v1.3_r1/AMF_US-YK2_FLUXNET_FLUXMET_YY_2019-2025_v1.3_r1.csv,AMF_US-YK2_FLUXNET_FLUXMET_YY_2019-2025_v1.3_r1.csv,TRUE,2026-06-01T17:51:23,21867,table_1 (p_era_mean_mm_1981_2025 dataset='era5_yy'; p_era_mean_mm_tower_years window boundary dataset='fluxmet_yy'); spot_check_nine_sites.csv
US-ZF1,era5_yy,data/extracted/AMF_US-ZF1_FLUXNET_2024-2025_v1.3_r1/AMF_US-ZF1_FLUXNET_ERA5_YY_1981-2025_v1.3_r1.csv,AMF_US-ZF1_FLUXNET_ERA5_YY_1981-2025_v1.3_r1.csv,TRUE,2026-09-01T09:58:29,3647,table_1 (p_era_mean_mm_1981_2025 dataset='era5_yy'; p_era_mean_mm_tower_years window boundary dataset='fluxmet_yy'); spot_check_nine_sites.csv
US-ZF1,fluxmet_yy,data/extracted/AMF_US-ZF1_FLUXNET_2024-2025_v1.3_r1/AMF_US-ZF1_FLUXNET_FLUXMET_YY_2024-2025_v1.3_r1.csv,AMF_US-ZF1_FLUXNET_FLUXMET_YY_2024-2025_v1.3_r1.csv,TRUE,2026-09-01T09:58:29,6481,table_1 (p_era_mean_mm_1981_2025 dataset='era5_yy'; p_era_mean_mm_tower_years window boundary dataset='fluxmet_yy'); spot_check_nine_sites.csv
US-ZF2,era5_yy,data/extracted/AMF_US-ZF2_FLUXNET_2024-2025_v1.3_r1/AMF_US-ZF2_FLUXNET_ERA5_YY_1981-2025_v1.3_r1.csv,AMF_US-ZF2_FLUXNET_ERA5_YY_1981-2025_v1.3_r1.csv,TRUE,2026-06-01T17:51:55,3635,table_1 (p_era_mean_mm_1981_2025 dataset='era5_yy'; p_era_mean_mm_tower_years window boundary dataset='fluxmet_yy'); spot_check_nine_sites.csv
US-ZF2,fluxmet_yy,data/extracted/AMF_US-ZF2_FLUXNET_2024-2025_v1.3_r1/AMF_US-ZF2_FLUXNET_FLUXMET_YY_2024-2025_v1.3_r1.csv,AMF_US-ZF2_FLUXNET_FLUXMET_YY_2024-2025_v1.3_r1.csv,TRUE,2026-06-01T17:51:55,6566,table_1 (p_era_mean_mm_1981_2025 dataset='era5_yy'; p_era_mean_mm_tower_years window boundary dataset='fluxmet_yy'); spot_check_nine_sites.csv
US-xAB,era5_yy,data/extracted/AMF_US-xAB_FLUXNET_2019-2024_v1.3_r1/AMF_US-xAB_FLUXNET_ERA5_YY_1981-2025_v1.3_r1.csv,AMF_US-xAB_FLUXNET_ERA5_YY_1981-2025_v1.3_r1.csv,TRUE,2026-06-01T17:51:23,3671,table_1 (p_era_mean_mm_1981_2025 dataset='era5_yy'; p_era_mean_mm_tower_years window boundary dataset='fluxmet_yy'); spot_check_nine_sites.csv
US-xAB,fluxmet_yy,data/extracted/AMF_US-xAB_FLUXNET_2019-2024_v1.3_r1/AMF_US-xAB_FLUXNET_FLUXMET_YY_2019-2024_v1.3_r1.csv,AMF_US-xAB_FLUXNET_FLUXMET_YY_2019-2024_v1.3_r1.csv,TRUE,2026-06-01T17:51:23,19767,table_1 (p_era_mean_mm_1981_2025 dataset='era5_yy'; p_era_mean_mm_tower_years window boundary dataset='fluxmet_yy'); spot_check_nine_sites.csv
US-xAE,era5_yy,data/extracted/AMF_US-xAE_FLUXNET_2019-2024_v1.3_r1/AMF_US-xAE_FLUXNET_ERA5_YY_1981-2024_v1.3_r1.csv,AMF_US-xAE_FLUXNET_ERA5_YY_1981-2024_v1.3_r1.csv,TRUE,2026-06-01T17:51:23,3650,table_1 (p_era_mean_mm_1981_2025 dataset='era5_yy'; p_era_mean_mm_tower_years window boundary dataset='fluxmet_yy'); spot_check_nine_sites.csv
US-xAE,fluxmet_yy,data/extracted/AMF_US-xAE_FLUXNET_2019-2024_v1.3_r1/AMF_US-xAE_FLUXNET_FLUXMET_YY_2019-2024_v1.3_r1.csv,AMF_US-xAE_FLUXNET_FLUXMET_YY_2019-2024_v1.3_r1.csv,TRUE,2026-06-01T17:51:23,22440,table_1 (p_era_mean_mm_1981_2025 dataset='era5_yy'; p_era_mean_mm_tower_years window boundary dataset='fluxmet_yy'); spot_check_nine_sites.csv
US-xBA,era5_yy,data/extracted/AMF_US-xBA_FLUXNET_2019-2024_v1.3_r1/AMF_US-xBA_FLUXNET_ERA5_YY_1981-2024_v1.3_r1.csv,AMF_US-xBA_FLUXNET_ERA5_YY_1981-2024_v1.3_r1.csv,TRUE,2026-06-01T17:51:23,3619,table_1 (p_era_mean_mm_1981_2025 dataset='era5_yy'; p_era_mean_mm_tower_years window boundary dataset='fluxmet_yy'); spot_check_nine_sites.csv
US-xBA,fluxmet_yy,data/extracted/AMF_US-xBA_FLUXNET_2019-2024_v1.3_r1/AMF_US-xBA_FLUXNET_FLUXMET_YY_2019-2024_v1.3_r1.csv,AMF_US-xBA_FLUXNET_FLUXMET_YY_2019-2024_v1.3_r1.csv,TRUE,2026-06-01T17:51:23,22230,table_1 (p_era_mean_mm_1981_2025 dataset='era5_yy'; p_era_mean_mm_tower_years window boundary dataset='fluxmet_yy'); spot_check_nine_sites.csv
US-xBL,era5_yy,data/extracted/AMF_US-xBL_FLUXNET_2019-2024_v1.3_r1/AMF_US-xBL_FLUXNET_ERA5_YY_1981-2025_v1.3_r1.csv,AMF_US-xBL_FLUXNET_ERA5_YY_1981-2025_v1.3_r1.csv,TRUE,2026-06-01T17:51:23,3734,table_1 (p_era_mean_mm_1981_2025 dataset='era5_yy'; p_era_mean_mm_tower_years window boundary dataset='fluxmet_yy'); spot_check_nine_sites.csv
US-xBL,fluxmet_yy,data/extracted/AMF_US-xBL_FLUXNET_2019-2024_v1.3_r1/AMF_US-xBL_FLUXNET_FLUXMET_YY_2019-2024_v1.3_r1.csv,AMF_US-xBL_FLUXNET_FLUXMET_YY_2019-2024_v1.3_r1.csv,TRUE,2026-06-01T17:51:23,22656,table_1 (p_era_mean_mm_1981_2025 dataset='era5_yy'; p_era_mean_mm_tower_years window boundary dataset='fluxmet_yy'); spot_check_nine_sites.csv
US-xBN,era5_yy,data/extracted/AMF_US-xBN_FLUXNET_2019-2024_v1.3_r1/AMF_US-xBN_FLUXNET_ERA5_YY_1981-2024_v1.3_r1.csv,AMF_US-xBN_FLUXNET_ERA5_YY_1981-2024_v1.3_r1.csv,TRUE,2026-06-01T17:51:23,3597,table_1 (p_era_mean_mm_1981_2025 dataset='era5_yy'; p_era_mean_mm_tower_years window boundary dataset='fluxmet_yy'); spot_check_nine_sites.csv
US-xBN,fluxmet_yy,data/extracted/AMF_US-xBN_FLUXNET_2019-2024_v1.3_r1/AMF_US-xBN_FLUXNET_FLUXMET_YY_2019-2024_v1.3_r1.csv,AMF_US-xBN_FLUXNET_FLUXMET_YY_2019-2024_v1.3_r1.csv,TRUE,2026-06-01T17:51:23,22966,table_1 (p_era_mean_mm_1981_2025 dataset='era5_yy'; p_era_mean_mm_tower_years window boundary dataset='fluxmet_yy'); spot_check_nine_sites.csv
US-xBR,era5_yy,data/extracted/AMF_US-xBR_FLUXNET_2019-2024_v1.3_r1/AMF_US-xBR_FLUXNET_ERA5_YY_1981-2024_v1.3_r1.csv,AMF_US-xBR_FLUXNET_ERA5_YY_1981-2024_v1.3_r1.csv,TRUE,2026-06-01T17:51:23,3533,table_1 (p_era_mean_mm_1981_2025 dataset='era5_yy'; p_era_mean_mm_tower_years window boundary dataset='fluxmet_yy'); spot_check_nine_sites.csv
US-xBR,fluxmet_yy,data/extracted/AMF_US-xBR_FLUXNET_2019-2024_v1.3_r1/AMF_US-xBR_FLUXNET_FLUXMET_YY_2019-2024_v1.3_r1.csv,AMF_US-xBR_FLUXNET_FLUXMET_YY_2019-2024_v1.3_r1.csv,TRUE,2026-06-01T17:51:23,22855,table_1 (p_era_mean_mm_1981_2025 dataset='era5_yy'; p_era_mean_mm_tower_years window boundary dataset='fluxmet_yy'); spot_check_nine_sites.csv
US-xCL,era5_yy,data/extracted/AMF_US-xCL_FLUXNET_2019-2024_v1.3_r1/AMF_US-xCL_FLUXNET_ERA5_YY_1981-2024_v1.3_r1.csv,AMF_US-xCL_FLUXNET_ERA5_YY_1981-2024_v1.3_r1.csv,TRUE,2026-06-01T17:51:23,3635,table_1 (p_era_mean_mm_1981_2025 dataset='era5_yy'; p_era_mean_mm_tower_years window boundary dataset='fluxmet_yy'); spot_check_nine_sites.csv
US-xCL,fluxmet_yy,data/extracted/AMF_US-xCL_FLUXNET_2019-2024_v1.3_r1/AMF_US-xCL_FLUXNET_FLUXMET_YY_2019-2024_v1.3_r1.csv,AMF_US-xCL_FLUXNET_FLUXMET_YY_2019-2024_v1.3_r1.csv,TRUE,2026-06-01T17:51:23,22953,table_1 (p_era_mean_mm_1981_2025 dataset='era5_yy'; p_era_mean_mm_tower_years window boundary dataset='fluxmet_yy'); spot_check_nine_sites.csv
US-xCP,era5_yy,data/extracted/AMF_US-xCP_FLUXNET_2019-2024_v1.3_r1/AMF_US-xCP_FLUXNET_ERA5_YY_1981-2025_v1.3_r1.csv,AMF_US-xCP_FLUXNET_ERA5_YY_1981-2025_v1.3_r1.csv,TRUE,2026-06-01T17:51:23,3619,table_1 (p_era_mean_mm_1981_2025 dataset='era5_yy'; p_era_mean_mm_tower_years window boundary dataset='fluxmet_yy'); spot_check_nine_sites.csv
US-xCP,fluxmet_yy,data/extracted/AMF_US-xCP_FLUXNET_2019-2024_v1.3_r1/AMF_US-xCP_FLUXNET_FLUXMET_YY_2019-2024_v1.3_r1.csv,AMF_US-xCP_FLUXNET_FLUXMET_YY_2019-2024_v1.3_r1.csv,TRUE,2026-06-01T17:51:23,22577,table_1 (p_era_mean_mm_1981_2025 dataset='era5_yy'; p_era_mean_mm_tower_years window boundary dataset='fluxmet_yy'); spot_check_nine_sites.csv
US-xDC,era5_yy,data/extracted/AMF_US-xDC_FLUXNET_2019-2024_v1.3_r1/AMF_US-xDC_FLUXNET_ERA5_YY_1981-2024_v1.3_r1.csv,AMF_US-xDC_FLUXNET_ERA5_YY_1981-2024_v1.3_r1.csv,TRUE,2026-06-01T17:51:23,3496,table_1 (p_era_mean_mm_1981_2025 dataset='era5_yy'; p_era_mean_mm_tower_years window boundary dataset='fluxmet_yy'); spot_check_nine_sites.csv
US-xDC,fluxmet_yy,data/extracted/AMF_US-xDC_FLUXNET_2019-2024_v1.3_r1/AMF_US-xDC_FLUXNET_FLUXMET_YY_2019-2024_v1.3_r1.csv,AMF_US-xDC_FLUXNET_FLUXMET_YY_2019-2024_v1.3_r1.csv,TRUE,2026-06-01T17:51:23,23140,table_1 (p_era_mean_mm_1981_2025 dataset='era5_yy'; p_era_mean_mm_tower_years window boundary dataset='fluxmet_yy'); spot_check_nine_sites.csv
US-xDJ,era5_yy,data/extracted/AMF_US-xDJ_FLUXNET_2019-2024_v1.3_r1/AMF_US-xDJ_FLUXNET_ERA5_YY_1981-2024_v1.3_r1.csv,AMF_US-xDJ_FLUXNET_ERA5_YY_1981-2024_v1.3_r1.csv,TRUE,2026-06-01T17:51:23,3594,table_1 (p_era_mean_mm_1981_2025 dataset='era5_yy'; p_era_mean_mm_tower_years window boundary dataset='fluxmet_yy'); spot_check_nine_sites.csv
US-xDJ,fluxmet_yy,data/extracted/AMF_US-xDJ_FLUXNET_2019-2024_v1.3_r1/AMF_US-xDJ_FLUXNET_FLUXMET_YY_2019-2024_v1.3_r1.csv,AMF_US-xDJ_FLUXNET_FLUXMET_YY_2019-2024_v1.3_r1.csv,TRUE,2026-06-01T17:51:23,22591,table_1 (p_era_mean_mm_1981_2025 dataset='era5_yy'; p_era_mean_mm_tower_years window boundary dataset='fluxmet_yy'); spot_check_nine_sites.csv
US-xDL,era5_yy,data/extracted/AMF_US-xDL_FLUXNET_2019-2024_v1.3_r1/AMF_US-xDL_FLUXNET_ERA5_YY_1981-2025_v1.3_r1.csv,AMF_US-xDL_FLUXNET_ERA5_YY_1981-2025_v1.3_r1.csv,TRUE,2026-06-01T17:51:23,3797,table_1 (p_era_mean_mm_1981_2025 dataset='era5_yy'; p_era_mean_mm_tower_years window boundary dataset='fluxmet_yy'); spot_check_nine_sites.csv
US-xDL,fluxmet_yy,data/extracted/AMF_US-xDL_FLUXNET_2019-2024_v1.3_r1/AMF_US-xDL_FLUXNET_FLUXMET_YY_2019-2024_v1.3_r1.csv,AMF_US-xDL_FLUXNET_FLUXMET_YY_2019-2024_v1.3_r1.csv,TRUE,2026-06-01T17:51:23,22609,table_1 (p_era_mean_mm_1981_2025 dataset='era5_yy'; p_era_mean_mm_tower_years window boundary dataset='fluxmet_yy'); spot_check_nine_sites.csv
US-xDS,era5_yy,data/extracted/AMF_US-xDS_FLUXNET_2019-2024_v1.3_r1/AMF_US-xDS_FLUXNET_ERA5_YY_1981-2024_v1.3_r1.csv,AMF_US-xDS_FLUXNET_ERA5_YY_1981-2024_v1.3_r1.csv,TRUE,2026-06-01T17:51:23,3706,table_1 (p_era_mean_mm_1981_2025 dataset='era5_yy'; p_era_mean_mm_tower_years window boundary dataset='fluxmet_yy'); spot_check_nine_sites.csv
US-xDS,fluxmet_yy,data/extracted/AMF_US-xDS_FLUXNET_2019-2024_v1.3_r1/AMF_US-xDS_FLUXNET_FLUXMET_YY_2019-2024_v1.3_r1.csv,AMF_US-xDS_FLUXNET_FLUXMET_YY_2019-2024_v1.3_r1.csv,TRUE,2026-06-01T17:51:23,22670,table_1 (p_era_mean_mm_1981_2025 dataset='era5_yy'; p_era_mean_mm_tower_years window boundary dataset='fluxmet_yy'); spot_check_nine_sites.csv
US-xGR,era5_yy,data/extracted/AMF_US-xGR_FLUXNET_2019-2024_v1.3_r1/AMF_US-xGR_FLUXNET_ERA5_YY_1981-2025_v1.3_r1.csv,AMF_US-xGR_FLUXNET_ERA5_YY_1981-2025_v1.3_r1.csv,TRUE,2026-06-01T17:51:23,3749,table_1 (p_era_mean_mm_1981_2025 dataset='era5_yy'; p_era_mean_mm_tower_years window boundary dataset='fluxmet_yy'); spot_check_nine_sites.csv
US-xGR,fluxmet_yy,data/extracted/AMF_US-xGR_FLUXNET_2019-2024_v1.3_r1/AMF_US-xGR_FLUXNET_FLUXMET_YY_2019-2024_v1.3_r1.csv,AMF_US-xGR_FLUXNET_FLUXMET_YY_2019-2024_v1.3_r1.csv,TRUE,2026-06-01T17:51:23,21252,table_1 (p_era_mean_mm_1981_2025 dataset='era5_yy'; p_era_mean_mm_tower_years window boundary dataset='fluxmet_yy'); spot_check_nine_sites.csv
US-xHA,era5_yy,data/extracted/AMF_US-xHA_FLUXNET_2019-2024_v1.3_r1/AMF_US-xHA_FLUXNET_ERA5_YY_1981-2025_v1.3_r1.csv,AMF_US-xHA_FLUXNET_ERA5_YY_1981-2025_v1.3_r1.csv,TRUE,2026-09-01T09:58:29,3624,table_1 (p_era_mean_mm_1981_2025 dataset='era5_yy'; p_era_mean_mm_tower_years window boundary dataset='fluxmet_yy'); spot_check_nine_sites.csv
US-xHA,fluxmet_yy,data/extracted/AMF_US-xHA_FLUXNET_2019-2024_v1.3_r1/AMF_US-xHA_FLUXNET_FLUXMET_YY_2019-2024_v1.3_r1.csv,AMF_US-xHA_FLUXNET_FLUXMET_YY_2019-2024_v1.3_r1.csv,TRUE,2026-09-01T09:58:29,22029,table_1 (p_era_mean_mm_1981_2025 dataset='era5_yy'; p_era_mean_mm_tower_years window boundary dataset='fluxmet_yy'); spot_check_nine_sites.csv
US-xHE,era5_yy,data/extracted/AMF_US-xHE_FLUXNET_2019-2024_v1.3_r1/AMF_US-xHE_FLUXNET_ERA5_YY_1981-2024_v1.3_r1.csv,AMF_US-xHE_FLUXNET_ERA5_YY_1981-2024_v1.3_r1.csv,TRUE,2026-06-01T17:51:23,3623,table_1 (p_era_mean_mm_1981_2025 dataset='era5_yy'; p_era_mean_mm_tower_years window boundary dataset='fluxmet_yy'); spot_check_nine_sites.csv
US-xHE,fluxmet_yy,data/extracted/AMF_US-xHE_FLUXNET_2019-2024_v1.3_r1/AMF_US-xHE_FLUXNET_FLUXMET_YY_2019-2024_v1.3_r1.csv,AMF_US-xHE_FLUXNET_FLUXMET_YY_2019-2024_v1.3_r1.csv,TRUE,2026-06-01T17:51:23,22604,table_1 (p_era_mean_mm_1981_2025 dataset='era5_yy'; p_era_mean_mm_tower_years window boundary dataset='fluxmet_yy'); spot_check_nine_sites.csv
US-xJE,era5_yy,data/extracted/AMF_US-xJE_FLUXNET_2019-2024_v1.3_r1/AMF_US-xJE_FLUXNET_ERA5_YY_1981-2024_v1.3_r1.csv,AMF_US-xJE_FLUXNET_ERA5_YY_1981-2024_v1.3_r1.csv,TRUE,2026-06-01T17:51:24,3707,table_1 (p_era_mean_mm_1981_2025 dataset='era5_yy'; p_era_mean_mm_tower_years window boundary dataset='fluxmet_yy'); spot_check_nine_sites.csv
US-xJE,fluxmet_yy,data/extracted/AMF_US-xJE_FLUXNET_2019-2024_v1.3_r1/AMF_US-xJE_FLUXNET_FLUXMET_YY_2019-2024_v1.3_r1.csv,AMF_US-xJE_FLUXNET_FLUXMET_YY_2019-2024_v1.3_r1.csv,TRUE,2026-06-01T17:51:24,22945,table_1 (p_era_mean_mm_1981_2025 dataset='era5_yy'; p_era_mean_mm_tower_years window boundary dataset='fluxmet_yy'); spot_check_nine_sites.csv
US-xJR,era5_yy,data/extracted/AMF_US-xJR_FLUXNET_2019-2024_v1.3_r1/AMF_US-xJR_FLUXNET_ERA5_YY_1981-2025_v1.3_r1.csv,AMF_US-xJR_FLUXNET_ERA5_YY_1981-2025_v1.3_r1.csv,TRUE,2026-06-01T17:51:24,3759,table_1 (p_era_mean_mm_1981_2025 dataset='era5_yy'; p_era_mean_mm_tower_years window boundary dataset='fluxmet_yy'); spot_check_nine_sites.csv
US-xJR,fluxmet_yy,data/extracted/AMF_US-xJR_FLUXNET_2019-2024_v1.3_r1/AMF_US-xJR_FLUXNET_FLUXMET_YY_2019-2024_v1.3_r1.csv,AMF_US-xJR_FLUXNET_FLUXMET_YY_2019-2024_v1.3_r1.csv,TRUE,2026-06-01T17:51:24,23395,table_1 (p_era_mean_mm_1981_2025 dataset='era5_yy'; p_era_mean_mm_tower_years window boundary dataset='fluxmet_yy'); spot_check_nine_sites.csv
US-xKA,era5_yy,data/extracted/AMF_US-xKA_FLUXNET_2019-2024_v1.3_r1/AMF_US-xKA_FLUXNET_ERA5_YY_1981-2025_v1.3_r1.csv,AMF_US-xKA_FLUXNET_ERA5_YY_1981-2025_v1.3_r1.csv,TRUE,2026-09-01T09:58:29,3713,table_1 (p_era_mean_mm_1981_2025 dataset='era5_yy'; p_era_mean_mm_tower_years window boundary dataset='fluxmet_yy'); spot_check_nine_sites.csv
US-xKA,fluxmet_yy,data/extracted/AMF_US-xKA_FLUXNET_2019-2024_v1.3_r1/AMF_US-xKA_FLUXNET_FLUXMET_YY_2019-2024_v1.3_r1.csv,AMF_US-xKA_FLUXNET_FLUXMET_YY_2019-2024_v1.3_r1.csv,TRUE,2026-09-01T09:58:29,22942,table_1 (p_era_mean_mm_1981_2025 dataset='era5_yy'; p_era_mean_mm_tower_years window boundary dataset='fluxmet_yy'); spot_check_nine_sites.csv
US-xKZ,era5_yy,data/extracted/AMF_US-xKZ_FLUXNET_2019-2024_v1.3_r1/AMF_US-xKZ_FLUXNET_ERA5_YY_1981-2025_v1.3_r1.csv,AMF_US-xKZ_FLUXNET_ERA5_YY_1981-2025_v1.3_r1.csv,TRUE,2026-06-01T17:51:24,3717,table_1 (p_era_mean_mm_1981_2025 dataset='era5_yy'; p_era_mean_mm_tower_years window boundary dataset='fluxmet_yy'); spot_check_nine_sites.csv
US-xKZ,fluxmet_yy,data/extracted/AMF_US-xKZ_FLUXNET_2019-2024_v1.3_r1/AMF_US-xKZ_FLUXNET_FLUXMET_YY_2019-2024_v1.3_r1.csv,AMF_US-xKZ_FLUXNET_FLUXMET_YY_2019-2024_v1.3_r1.csv,TRUE,2026-06-01T17:51:24,23274,table_1 (p_era_mean_mm_1981_2025 dataset='era5_yy'; p_era_mean_mm_tower_years window boundary dataset='fluxmet_yy'); spot_check_nine_sites.csv
US-xLE,era5_yy,data/extracted/AMF_US-xLE_FLUXNET_2019-2024_v1.3_r1/AMF_US-xLE_FLUXNET_ERA5_YY_1981-2025_v1.3_r1.csv,AMF_US-xLE_FLUXNET_ERA5_YY_1981-2025_v1.3_r1.csv,TRUE,2026-06-01T17:51:24,3794,table_1 (p_era_mean_mm_1981_2025 dataset='era5_yy'; p_era_mean_mm_tower_years window boundary dataset='fluxmet_yy'); spot_check_nine_sites.csv
US-xLE,fluxmet_yy,data/extracted/AMF_US-xLE_FLUXNET_2019-2024_v1.3_r1/AMF_US-xLE_FLUXNET_FLUXMET_YY_2019-2024_v1.3_r1.csv,AMF_US-xLE_FLUXNET_FLUXMET_YY_2019-2024_v1.3_r1.csv,TRUE,2026-06-01T17:51:24,16882,table_1 (p_era_mean_mm_1981_2025 dataset='era5_yy'; p_era_mean_mm_tower_years window boundary dataset='fluxmet_yy'); spot_check_nine_sites.csv
US-xMB,era5_yy,data/extracted/AMF_US-xMB_FLUXNET_2019-2024_v1.3_r1/AMF_US-xMB_FLUXNET_ERA5_YY_1981-2025_v1.3_r1.csv,AMF_US-xMB_FLUXNET_ERA5_YY_1981-2025_v1.3_r1.csv,TRUE,2026-06-01T17:51:24,3688,table_1 (p_era_mean_mm_1981_2025 dataset='era5_yy'; p_era_mean_mm_tower_years window boundary dataset='fluxmet_yy'); spot_check_nine_sites.csv
US-xMB,fluxmet_yy,data/extracted/AMF_US-xMB_FLUXNET_2019-2024_v1.3_r1/AMF_US-xMB_FLUXNET_FLUXMET_YY_2019-2024_v1.3_r1.csv,AMF_US-xMB_FLUXNET_FLUXMET_YY_2019-2024_v1.3_r1.csv,TRUE,2026-06-01T17:51:24,22817,table_1 (p_era_mean_mm_1981_2025 dataset='era5_yy'; p_era_mean_mm_tower_years window boundary dataset='fluxmet_yy'); spot_check_nine_sites.csv
US-xML,era5_yy,data/extracted/AMF_US-xML_FLUXNET_2019-2024_v1.3_r1/AMF_US-xML_FLUXNET_ERA5_YY_1981-2025_v1.3_r1.csv,AMF_US-xML_FLUXNET_ERA5_YY_1981-2025_v1.3_r1.csv,TRUE,2026-06-01T17:51:24,3629,table_1 (p_era_mean_mm_1981_2025 dataset='era5_yy'; p_era_mean_mm_tower_years window boundary dataset='fluxmet_yy'); spot_check_nine_sites.csv
US-xML,fluxmet_yy,data/extracted/AMF_US-xML_FLUXNET_2019-2024_v1.3_r1/AMF_US-xML_FLUXNET_FLUXMET_YY_2019-2024_v1.3_r1.csv,AMF_US-xML_FLUXNET_FLUXMET_YY_2019-2024_v1.3_r1.csv,TRUE,2026-06-01T17:51:24,22596,table_1 (p_era_mean_mm_1981_2025 dataset='era5_yy'; p_era_mean_mm_tower_years window boundary dataset='fluxmet_yy'); spot_check_nine_sites.csv
US-xNG,era5_yy,data/extracted/AMF_US-xNG_FLUXNET_2019-2024_v1.3_r1/AMF_US-xNG_FLUXNET_ERA5_YY_1981-2024_v1.3_r1.csv,AMF_US-xNG_FLUXNET_ERA5_YY_1981-2024_v1.3_r1.csv,TRUE,2026-06-01T17:51:24,3506,table_1 (p_era_mean_mm_1981_2025 dataset='era5_yy'; p_era_mean_mm_tower_years window boundary dataset='fluxmet_yy'); spot_check_nine_sites.csv
US-xNG,fluxmet_yy,data/extracted/AMF_US-xNG_FLUXNET_2019-2024_v1.3_r1/AMF_US-xNG_FLUXNET_FLUXMET_YY_2019-2024_v1.3_r1.csv,AMF_US-xNG_FLUXNET_FLUXMET_YY_2019-2024_v1.3_r1.csv,TRUE,2026-06-01T17:51:24,22622,table_1 (p_era_mean_mm_1981_2025 dataset='era5_yy'; p_era_mean_mm_tower_years window boundary dataset='fluxmet_yy'); spot_check_nine_sites.csv
US-xNQ,era5_yy,data/extracted/AMF_US-xNQ_FLUXNET_2019-2024_v1.3_r1/AMF_US-xNQ_FLUXNET_ERA5_YY_1981-2025_v1.3_r1.csv,AMF_US-xNQ_FLUXNET_ERA5_YY_1981-2025_v1.3_r1.csv,TRUE,2026-06-01T17:51:24,3641,table_1 (p_era_mean_mm_1981_2025 dataset='era5_yy'; p_era_mean_mm_tower_years window boundary dataset='fluxmet_yy'); spot_check_nine_sites.csv
US-xNQ,fluxmet_yy,data/extracted/AMF_US-xNQ_FLUXNET_2019-2024_v1.3_r1/AMF_US-xNQ_FLUXNET_FLUXMET_YY_2019-2024_v1.3_r1.csv,AMF_US-xNQ_FLUXNET_FLUXMET_YY_2019-2024_v1.3_r1.csv,TRUE,2026-06-01T17:51:24,22442,table_1 (p_era_mean_mm_1981_2025 dataset='era5_yy'; p_era_mean_mm_tower_years window boundary dataset='fluxmet_yy'); spot_check_nine_sites.csv
US-xNW,era5_yy,data/extracted/AMF_US-xNW_FLUXNET_2019-2024_v1.3_r1/AMF_US-xNW_FLUXNET_ERA5_YY_1981-2024_v1.3_r1.csv,AMF_US-xNW_FLUXNET_ERA5_YY_1981-2024_v1.3_r1.csv,TRUE,2026-06-01T17:51:24,3630,table_1 (p_era_mean_mm_1981_2025 dataset='era5_yy'; p_era_mean_mm_tower_years window boundary dataset='fluxmet_yy'); spot_check_nine_sites.csv
US-xNW,fluxmet_yy,data/extracted/AMF_US-xNW_FLUXNET_2019-2024_v1.3_r1/AMF_US-xNW_FLUXNET_FLUXMET_YY_2019-2024_v1.3_r1.csv,AMF_US-xNW_FLUXNET_FLUXMET_YY_2019-2024_v1.3_r1.csv,TRUE,2026-06-01T17:51:24,22086,table_1 (p_era_mean_mm_1981_2025 dataset='era5_yy'; p_era_mean_mm_tower_years window boundary dataset='fluxmet_yy'); spot_check_nine_sites.csv
US-xPU,era5_yy,data/extracted/AMF_US-xPU_FLUXNET_2019-2024_v1.3_r1/AMF_US-xPU_FLUXNET_ERA5_YY_1981-2024_v1.3_r1.csv,AMF_US-xPU_FLUXNET_ERA5_YY_1981-2024_v1.3_r1.csv,TRUE,2026-06-01T17:51:24,3677,table_1 (p_era_mean_mm_1981_2025 dataset='era5_yy'; p_era_mean_mm_tower_years window boundary dataset='fluxmet_yy'); spot_check_nine_sites.csv
US-xPU,fluxmet_yy,data/extracted/AMF_US-xPU_FLUXNET_2019-2024_v1.3_r1/AMF_US-xPU_FLUXNET_FLUXMET_YY_2019-2024_v1.3_r1.csv,AMF_US-xPU_FLUXNET_FLUXMET_YY_2019-2024_v1.3_r1.csv,TRUE,2026-06-01T17:51:24,19876,table_1 (p_era_mean_mm_1981_2025 dataset='era5_yy'; p_era_mean_mm_tower_years window boundary dataset='fluxmet_yy'); spot_check_nine_sites.csv
US-xRM,era5_yy,data/extracted/AMF_US-xRM_FLUXNET_2019-2024_v1.3_r1/AMF_US-xRM_FLUXNET_ERA5_YY_1981-2024_v1.3_r1.csv,AMF_US-xRM_FLUXNET_ERA5_YY_1981-2024_v1.3_r1.csv,TRUE,2026-06-01T17:51:24,3490,table_1 (p_era_mean_mm_1981_2025 dataset='era5_yy'; p_era_mean_mm_tower_years window boundary dataset='fluxmet_yy'); spot_check_nine_sites.csv
US-xRM,fluxmet_yy,data/extracted/AMF_US-xRM_FLUXNET_2019-2024_v1.3_r1/AMF_US-xRM_FLUXNET_FLUXMET_YY_2019-2024_v1.3_r1.csv,AMF_US-xRM_FLUXNET_FLUXMET_YY_2019-2024_v1.3_r1.csv,TRUE,2026-06-01T17:51:24,22454,table_1 (p_era_mean_mm_1981_2025 dataset='era5_yy'; p_era_mean_mm_tower_years window boundary dataset='fluxmet_yy'); spot_check_nine_sites.csv
US-xRN,era5_yy,data/extracted/AMF_US-xRN_FLUXNET_2019-2024_v1.3_r1/AMF_US-xRN_FLUXNET_ERA5_YY_1981-2025_v1.3_r1.csv,AMF_US-xRN_FLUXNET_ERA5_YY_1981-2025_v1.3_r1.csv,TRUE,2026-06-01T17:51:24,3752,table_1 (p_era_mean_mm_1981_2025 dataset='era5_yy'; p_era_mean_mm_tower_years window boundary dataset='fluxmet_yy'); spot_check_nine_sites.csv
US-xRN,fluxmet_yy,data/extracted/AMF_US-xRN_FLUXNET_2019-2024_v1.3_r1/AMF_US-xRN_FLUXNET_FLUXMET_YY_2019-2024_v1.3_r1.csv,AMF_US-xRN_FLUXNET_FLUXMET_YY_2019-2024_v1.3_r1.csv,TRUE,2026-06-01T17:51:24,20298,table_1 (p_era_mean_mm_1981_2025 dataset='era5_yy'; p_era_mean_mm_tower_years window boundary dataset='fluxmet_yy'); spot_check_nine_sites.csv
US-xSB,era5_yy,data/extracted/AMF_US-xSB_FLUXNET_2019-2024_v1.3_r1/AMF_US-xSB_FLUXNET_ERA5_YY_1981-2024_v1.3_r1.csv,AMF_US-xSB_FLUXNET_ERA5_YY_1981-2024_v1.3_r1.csv,TRUE,2026-06-01T17:51:24,3705,table_1 (p_era_mean_mm_1981_2025 dataset='era5_yy'; p_era_mean_mm_tower_years window boundary dataset='fluxmet_yy'); spot_check_nine_sites.csv
US-xSB,fluxmet_yy,data/extracted/AMF_US-xSB_FLUXNET_2019-2024_v1.3_r1/AMF_US-xSB_FLUXNET_FLUXMET_YY_2019-2024_v1.3_r1.csv,AMF_US-xSB_FLUXNET_FLUXMET_YY_2019-2024_v1.3_r1.csv,TRUE,2026-06-01T17:51:24,22644,table_1 (p_era_mean_mm_1981_2025 dataset='era5_yy'; p_era_mean_mm_tower_years window boundary dataset='fluxmet_yy'); spot_check_nine_sites.csv
US-xSC,era5_yy,data/extracted/AMF_US-xSC_FLUXNET_2019-2024_v1.3_r1/AMF_US-xSC_FLUXNET_ERA5_YY_1981-2025_v1.3_r1.csv,AMF_US-xSC_FLUXNET_ERA5_YY_1981-2025_v1.3_r1.csv,TRUE,2026-06-01T17:51:24,3735,table_1 (p_era_mean_mm_1981_2025 dataset='era5_yy'; p_era_mean_mm_tower_years window boundary dataset='fluxmet_yy'); spot_check_nine_sites.csv
US-xSC,fluxmet_yy,data/extracted/AMF_US-xSC_FLUXNET_2019-2024_v1.3_r1/AMF_US-xSC_FLUXNET_FLUXMET_YY_2019-2024_v1.3_r1.csv,AMF_US-xSC_FLUXNET_FLUXMET_YY_2019-2024_v1.3_r1.csv,TRUE,2026-06-01T17:51:24,22533,table_1 (p_era_mean_mm_1981_2025 dataset='era5_yy'; p_era_mean_mm_tower_years window boundary dataset='fluxmet_yy'); spot_check_nine_sites.csv
US-xSE,era5_yy,data/extracted/AMF_US-xSE_FLUXNET_2019-2024_v1.3_r1/AMF_US-xSE_FLUXNET_ERA5_YY_1981-2025_v1.3_r1.csv,AMF_US-xSE_FLUXNET_ERA5_YY_1981-2025_v1.3_r1.csv,TRUE,2026-06-01T17:51:24,3785,table_1 (p_era_mean_mm_1981_2025 dataset='era5_yy'; p_era_mean_mm_tower_years window boundary dataset='fluxmet_yy'); spot_check_nine_sites.csv
US-xSE,fluxmet_yy,data/extracted/AMF_US-xSE_FLUXNET_2019-2024_v1.3_r1/AMF_US-xSE_FLUXNET_FLUXMET_YY_2019-2024_v1.3_r1.csv,AMF_US-xSE_FLUXNET_FLUXMET_YY_2019-2024_v1.3_r1.csv,TRUE,2026-06-01T17:51:24,22990,table_1 (p_era_mean_mm_1981_2025 dataset='era5_yy'; p_era_mean_mm_tower_years window boundary dataset='fluxmet_yy'); spot_check_nine_sites.csv
US-xSJ,era5_yy,data/extracted/AMF_US-xSJ_FLUXNET_2019-2024_v1.3_r1/AMF_US-xSJ_FLUXNET_ERA5_YY_1981-2025_v1.3_r1.csv,AMF_US-xSJ_FLUXNET_ERA5_YY_1981-2025_v1.3_r1.csv,TRUE,2026-06-01T17:51:24,3740,table_1 (p_era_mean_mm_1981_2025 dataset='era5_yy'; p_era_mean_mm_tower_years window boundary dataset='fluxmet_yy'); spot_check_nine_sites.csv
US-xSJ,fluxmet_yy,data/extracted/AMF_US-xSJ_FLUXNET_2019-2024_v1.3_r1/AMF_US-xSJ_FLUXNET_FLUXMET_YY_2019-2024_v1.3_r1.csv,AMF_US-xSJ_FLUXNET_FLUXMET_YY_2019-2024_v1.3_r1.csv,TRUE,2026-06-01T17:51:24,22605,table_1 (p_era_mean_mm_1981_2025 dataset='era5_yy'; p_era_mean_mm_tower_years window boundary dataset='fluxmet_yy'); spot_check_nine_sites.csv
US-xSL,era5_yy,data/extracted/AMF_US-xSL_FLUXNET_2019-2024_v1.3_r1/AMF_US-xSL_FLUXNET_ERA5_YY_1981-2025_v1.3_r1.csv,AMF_US-xSL_FLUXNET_ERA5_YY_1981-2025_v1.3_r1.csv,TRUE,2026-06-01T17:51:24,3606,table_1 (p_era_mean_mm_1981_2025 dataset='era5_yy'; p_era_mean_mm_tower_years window boundary dataset='fluxmet_yy'); spot_check_nine_sites.csv
US-xSL,fluxmet_yy,data/extracted/AMF_US-xSL_FLUXNET_2019-2024_v1.3_r1/AMF_US-xSL_FLUXNET_FLUXMET_YY_2019-2024_v1.3_r1.csv,AMF_US-xSL_FLUXNET_FLUXMET_YY_2019-2024_v1.3_r1.csv,TRUE,2026-06-01T17:51:24,23154,table_1 (p_era_mean_mm_1981_2025 dataset='era5_yy'; p_era_mean_mm_tower_years window boundary dataset='fluxmet_yy'); spot_check_nine_sites.csv
US-xSP,era5_yy,data/extracted/AMF_US-xSP_FLUXNET_2019-2024_v1.3_r1/AMF_US-xSP_FLUXNET_ERA5_YY_1981-2025_v1.3_r1.csv,AMF_US-xSP_FLUXNET_ERA5_YY_1981-2025_v1.3_r1.csv,TRUE,2026-06-01T17:51:24,3728,table_1 (p_era_mean_mm_1981_2025 dataset='era5_yy'; p_era_mean_mm_tower_years window boundary dataset='fluxmet_yy'); spot_check_nine_sites.csv
US-xSP,fluxmet_yy,data/extracted/AMF_US-xSP_FLUXNET_2019-2024_v1.3_r1/AMF_US-xSP_FLUXNET_FLUXMET_YY_2019-2024_v1.3_r1.csv,AMF_US-xSP_FLUXNET_FLUXMET_YY_2019-2024_v1.3_r1.csv,TRUE,2026-06-01T17:51:24,22971,table_1 (p_era_mean_mm_1981_2025 dataset='era5_yy'; p_era_mean_mm_tower_years window boundary dataset='fluxmet_yy'); spot_check_nine_sites.csv
US-xSR,era5_yy,data/extracted/AMF_US-xSR_FLUXNET_2019-2024_v1.3_r1/AMF_US-xSR_FLUXNET_ERA5_YY_1981-2025_v1.3_r1.csv,AMF_US-xSR_FLUXNET_ERA5_YY_1981-2025_v1.3_r1.csv,TRUE,2026-06-01T17:51:24,3749,table_1 (p_era_mean_mm_1981_2025 dataset='era5_yy'; p_era_mean_mm_tower_years window boundary dataset='fluxmet_yy'); spot_check_nine_sites.csv
US-xSR,fluxmet_yy,data/extracted/AMF_US-xSR_FLUXNET_2019-2024_v1.3_r1/AMF_US-xSR_FLUXNET_FLUXMET_YY_2019-2024_v1.3_r1.csv,AMF_US-xSR_FLUXNET_FLUXMET_YY_2019-2024_v1.3_r1.csv,TRUE,2026-06-01T17:51:24,22649,table_1 (p_era_mean_mm_1981_2025 dataset='era5_yy'; p_era_mean_mm_tower_years window boundary dataset='fluxmet_yy'); spot_check_nine_sites.csv
US-xST,era5_yy,data/extracted/AMF_US-xST_FLUXNET_2019-2024_v1.3_r1/AMF_US-xST_FLUXNET_ERA5_YY_1981-2025_v1.3_r1.csv,AMF_US-xST_FLUXNET_ERA5_YY_1981-2025_v1.3_r1.csv,TRUE,2026-06-01T17:51:24,3563,table_1 (p_era_mean_mm_1981_2025 dataset='era5_yy'; p_era_mean_mm_tower_years window boundary dataset='fluxmet_yy'); spot_check_nine_sites.csv
US-xST,fluxmet_yy,data/extracted/AMF_US-xST_FLUXNET_2019-2024_v1.3_r1/AMF_US-xST_FLUXNET_FLUXMET_YY_2019-2024_v1.3_r1.csv,AMF_US-xST_FLUXNET_FLUXMET_YY_2019-2024_v1.3_r1.csv,TRUE,2026-06-01T17:51:24,22858,table_1 (p_era_mean_mm_1981_2025 dataset='era5_yy'; p_era_mean_mm_tower_years window boundary dataset='fluxmet_yy'); spot_check_nine_sites.csv
US-xTA,era5_yy,data/extracted/AMF_US-xTA_FLUXNET_2019-2024_v1.3_r1/AMF_US-xTA_FLUXNET_ERA5_YY_1981-2025_v1.3_r1.csv,AMF_US-xTA_FLUXNET_ERA5_YY_1981-2025_v1.3_r1.csv,TRUE,2026-09-01T09:58:29,3742,table_1 (p_era_mean_mm_1981_2025 dataset='era5_yy'; p_era_mean_mm_tower_years window boundary dataset='fluxmet_yy'); spot_check_nine_sites.csv
US-xTA,fluxmet_yy,data/extracted/AMF_US-xTA_FLUXNET_2019-2024_v1.3_r1/AMF_US-xTA_FLUXNET_FLUXMET_YY_2019-2024_v1.3_r1.csv,AMF_US-xTA_FLUXNET_FLUXMET_YY_2019-2024_v1.3_r1.csv,TRUE,2026-09-01T09:58:29,22813,table_1 (p_era_mean_mm_1981_2025 dataset='era5_yy'; p_era_mean_mm_tower_years window boundary dataset='fluxmet_yy'); spot_check_nine_sites.csv
US-xTE,era5_yy,data/extracted/AMF_US-xTE_FLUXNET_2019-2024_v1.3_r1/AMF_US-xTE_FLUXNET_ERA5_YY_1981-2025_v1.3_r1.csv,AMF_US-xTE_FLUXNET_ERA5_YY_1981-2025_v1.3_r1.csv,TRUE,2026-06-01T17:51:24,3612,table_1 (p_era_mean_mm_1981_2025 dataset='era5_yy'; p_era_mean_mm_tower_years window boundary dataset='fluxmet_yy'); spot_check_nine_sites.csv
US-xTE,fluxmet_yy,data/extracted/AMF_US-xTE_FLUXNET_2019-2024_v1.3_r1/AMF_US-xTE_FLUXNET_FLUXMET_YY_2019-2024_v1.3_r1.csv,AMF_US-xTE_FLUXNET_FLUXMET_YY_2019-2024_v1.3_r1.csv,TRUE,2026-06-01T17:51:24,21489,table_1 (p_era_mean_mm_1981_2025 dataset='era5_yy'; p_era_mean_mm_tower_years window boundary dataset='fluxmet_yy'); spot_check_nine_sites.csv
US-xTL,era5_yy,data/extracted/AMF_US-xTL_FLUXNET_2019-2024_v1.3_r1/AMF_US-xTL_FLUXNET_ERA5_YY_1981-2024_v1.3_r1.csv,AMF_US-xTL_FLUXNET_ERA5_YY_1981-2024_v1.3_r1.csv,TRUE,2026-06-01T17:51:24,3577,table_1 (p_era_mean_mm_1981_2025 dataset='era5_yy'; p_era_mean_mm_tower_years window boundary dataset='fluxmet_yy'); spot_check_nine_sites.csv
US-xTL,fluxmet_yy,data/extracted/AMF_US-xTL_FLUXNET_2019-2024_v1.3_r1/AMF_US-xTL_FLUXNET_FLUXMET_YY_2019-2024_v1.3_r1.csv,AMF_US-xTL_FLUXNET_FLUXMET_YY_2019-2024_v1.3_r1.csv,TRUE,2026-06-01T17:51:24,22432,table_1 (p_era_mean_mm_1981_2025 dataset='era5_yy'; p_era_mean_mm_tower_years window boundary dataset='fluxmet_yy'); spot_check_nine_sites.csv
US-xTR,era5_yy,data/extracted/AMF_US-xTR_FLUXNET_2019-2024_v1.3_r1/AMF_US-xTR_FLUXNET_ERA5_YY_1981-2025_v1.3_r1.csv,AMF_US-xTR_FLUXNET_ERA5_YY_1981-2025_v1.3_r1.csv,TRUE,2026-06-01T17:51:24,3572,table_1 (p_era_mean_mm_1981_2025 dataset='era5_yy'; p_era_mean_mm_tower_years window boundary dataset='fluxmet_yy'); spot_check_nine_sites.csv
US-xTR,fluxmet_yy,data/extracted/AMF_US-xTR_FLUXNET_2019-2024_v1.3_r1/AMF_US-xTR_FLUXNET_FLUXMET_YY_2019-2024_v1.3_r1.csv,AMF_US-xTR_FLUXNET_FLUXMET_YY_2019-2024_v1.3_r1.csv,TRUE,2026-06-01T17:51:24,22899,table_1 (p_era_mean_mm_1981_2025 dataset='era5_yy'; p_era_mean_mm_tower_years window boundary dataset='fluxmet_yy'); spot_check_nine_sites.csv
US-xUK,era5_yy,data/extracted/AMF_US-xUK_FLUXNET_2019-2024_v1.3_r1/AMF_US-xUK_FLUXNET_ERA5_YY_1981-2025_v1.3_r1.csv,AMF_US-xUK_FLUXNET_ERA5_YY_1981-2025_v1.3_r1.csv,TRUE,2026-06-01T17:51:24,3723,table_1 (p_era_mean_mm_1981_2025 dataset='era5_yy'; p_era_mean_mm_tower_years window boundary dataset='fluxmet_yy'); spot_check_nine_sites.csv
US-xUK,fluxmet_yy,data/extracted/AMF_US-xUK_FLUXNET_2019-2024_v1.3_r1/AMF_US-xUK_FLUXNET_FLUXMET_YY_2019-2024_v1.3_r1.csv,AMF_US-xUK_FLUXNET_FLUXMET_YY_2019-2024_v1.3_r1.csv,TRUE,2026-06-01T17:51:24,22923,table_1 (p_era_mean_mm_1981_2025 dataset='era5_yy'; p_era_mean_mm_tower_years window boundary dataset='fluxmet_yy'); spot_check_nine_sites.csv
US-xUN,era5_yy,data/extracted/AMF_US-xUN_FLUXNET_2019-2024_v1.3_r1/AMF_US-xUN_FLUXNET_ERA5_YY_1981-2025_v1.3_r1.csv,AMF_US-xUN_FLUXNET_ERA5_YY_1981-2025_v1.3_r1.csv,TRUE,2026-06-01T17:51:24,3578,table_1 (p_era_mean_mm_1981_2025 dataset='era5_yy'; p_era_mean_mm_tower_years window boundary dataset='fluxmet_yy'); spot_check_nine_sites.csv
US-xUN,fluxmet_yy,data/extracted/AMF_US-xUN_FLUXNET_2019-2024_v1.3_r1/AMF_US-xUN_FLUXNET_FLUXMET_YY_2019-2024_v1.3_r1.csv,AMF_US-xUN_FLUXNET_FLUXMET_YY_2019-2024_v1.3_r1.csv,TRUE,2026-06-01T17:51:24,23175,table_1 (p_era_mean_mm_1981_2025 dataset='era5_yy'; p_era_mean_mm_tower_years window boundary dataset='fluxmet_yy'); spot_check_nine_sites.csv
US-xWD,era5_yy,data/extracted/AMF_US-xWD_FLUXNET_2019-2024_v1.3_r1/AMF_US-xWD_FLUXNET_ERA5_YY_1981-2025_v1.3_r1.csv,AMF_US-xWD_FLUXNET_ERA5_YY_1981-2025_v1.3_r1.csv,TRUE,2026-06-01T17:51:24,3572,table_1 (p_era_mean_mm_1981_2025 dataset='era5_yy'; p_era_mean_mm_tower_years window boundary dataset='fluxmet_yy'); spot_check_nine_sites.csv
US-xWD,fluxmet_yy,data/extracted/AMF_US-xWD_FLUXNET_2019-2024_v1.3_r1/AMF_US-xWD_FLUXNET_FLUXMET_YY_2019-2024_v1.3_r1.csv,AMF_US-xWD_FLUXNET_FLUXMET_YY_2019-2024_v1.3_r1.csv,TRUE,2026-06-01T17:51:24,22872,table_1 (p_era_mean_mm_1981_2025 dataset='era5_yy'; p_era_mean_mm_tower_years window boundary dataset='fluxmet_yy'); spot_check_nine_sites.csv
US-xWR,era5_yy,data/extracted/AMF_US-xWR_FLUXNET_2019-2024_v1.3_r1/AMF_US-xWR_FLUXNET_ERA5_YY_1981-2024_v1.3_r1.csv,AMF_US-xWR_FLUXNET_ERA5_YY_1981-2024_v1.3_r1.csv,TRUE,2026-06-01T17:51:24,3567,table_1 (p_era_mean_mm_1981_2025 dataset='era5_yy'; p_era_mean_mm_tower_years window boundary dataset='fluxmet_yy'); spot_check_nine_sites.csv
US-xWR,fluxmet_yy,data/extracted/AMF_US-xWR_FLUXNET_2019-2024_v1.3_r1/AMF_US-xWR_FLUXNET_FLUXMET_YY_2019-2024_v1.3_r1.csv,AMF_US-xWR_FLUXNET_FLUXMET_YY_2019-2024_v1.3_r1.csv,TRUE,2026-06-01T17:51:24,23070,table_1 (p_era_mean_mm_1981_2025 dataset='era5_yy'; p_era_mean_mm_tower_years window boundary dataset='fluxmet_yy'); spot_check_nine_sites.csv
US-xYE,era5_yy,data/extracted/AMF_US-xYE_FLUXNET_2019-2024_v1.3_r1/AMF_US-xYE_FLUXNET_ERA5_YY_1981-2025_v1.3_r1.csv,AMF_US-xYE_FLUXNET_ERA5_YY_1981-2025_v1.3_r1.csv,TRUE,2026-06-01T17:51:24,3584,table_1 (p_era_mean_mm_1981_2025 dataset='era5_yy'; p_era_mean_mm_tower_years window boundary dataset='fluxmet_yy'); spot_check_nine_sites.csv
US-xYE,fluxmet_yy,data/extracted/AMF_US-xYE_FLUXNET_2019-2024_v1.3_r1/AMF_US-xYE_FLUXNET_FLUXMET_YY_2019-2024_v1.3_r1.csv,AMF_US-xYE_FLUXNET_FLUXMET_YY_2019-2024_v1.3_r1.csv,TRUE,2026-06-01T17:51:24,21914,table_1 (p_era_mean_mm_1981_2025 dataset='era5_yy'; p_era_mean_mm_tower_years window boundary dataset='fluxmet_yy'); spot_check_nine_sites.csv
VU-Coc,era5_yy,data/extracted/FLX_VU-Coc_FLUXNET_2001-2004_v1.3_r1/FLX_VU-Coc_FLUXNET_ERA5_YY_1981-2025_v1.3_r1.csv,FLX_VU-Coc_FLUXNET_ERA5_YY_1981-2025_v1.3_r1.csv,TRUE,2026-06-01T17:51:55,3789,table_1 (p_era_mean_mm_1981_2025 dataset='era5_yy'; p_era_mean_mm_tower_years window boundary dataset='fluxmet_yy'); spot_check_nine_sites.csv
VU-Coc,fluxmet_yy,data/extracted/FLX_VU-Coc_FLUXNET_2001-2004_v1.3_r1/FLX_VU-Coc_FLUXNET_FLUXMET_YY_2001-2004_v1.3_r1.csv,FLX_VU-Coc_FLUXNET_FLUXMET_YY_2001-2004_v1.3_r1.csv,TRUE,2026-06-01T17:51:55,14492,table_1 (p_era_mean_mm_1981_2025 dataset='era5_yy'; p_era_mean_mm_tower_years window boundary dataset='fluxmet_yy'); spot_check_nine_sites.csv
ZA-BfK,era5_yy,data/extracted/SAEON_ZA-BfK_FLUXNET_2020-2024_v1.3_r1/SAEON_ZA-BfK_FLUXNET_ERA5_YY_1981-2024_v1.3_r1.csv,SAEON_ZA-BfK_FLUXNET_ERA5_YY_1981-2024_v1.3_r1.csv,TRUE,2026-06-01T17:51:55,3673,table_1 (p_era_mean_mm_1981_2025 dataset='era5_yy'; p_era_mean_mm_tower_years window boundary dataset='fluxmet_yy'); spot_check_nine_sites.csv
ZA-BfK,fluxmet_yy,data/extracted/SAEON_ZA-BfK_FLUXNET_2020-2024_v1.3_r1/SAEON_ZA-BfK_FLUXNET_FLUXMET_YY_2020-2024_v1.3_r1.csv,SAEON_ZA-BfK_FLUXNET_FLUXMET_YY_2020-2024_v1.3_r1.csv,TRUE,2026-06-01T17:51:55,17631,table_1 (p_era_mean_mm_1981_2025 dataset='era5_yy'; p_era_mean_mm_tower_years window boundary dataset='fluxmet_yy'); spot_check_nine_sites.csv
ZA-BfS,era5_yy,data/extracted/SAEON_ZA-BfS_FLUXNET_2020-2024_v1.3_r1/SAEON_ZA-BfS_FLUXNET_ERA5_YY_1981-2024_v1.3_r1.csv,SAEON_ZA-BfS_FLUXNET_ERA5_YY_1981-2024_v1.3_r1.csv,TRUE,2026-06-01T17:51:55,3672,table_1 (p_era_mean_mm_1981_2025 dataset='era5_yy'; p_era_mean_mm_tower_years window boundary dataset='fluxmet_yy'); spot_check_nine_sites.csv
ZA-BfS,fluxmet_yy,data/extracted/SAEON_ZA-BfS_FLUXNET_2020-2024_v1.3_r1/SAEON_ZA-BfS_FLUXNET_FLUXMET_YY_2020-2024_v1.3_r1.csv,SAEON_ZA-BfS_FLUXNET_FLUXMET_YY_2020-2024_v1.3_r1.csv,TRUE,2026-06-01T17:51:55,17228,table_1 (p_era_mean_mm_1981_2025 dataset='era5_yy'; p_era_mean_mm_tower_years window boundary dataset='fluxmet_yy'); spot_check_nine_sites.csv
ZA-Jks,era5_yy,data/extracted/SAEON_ZA-Jks_FLUXNET_2024-2024_v1.3_r1/SAEON_ZA-Jks_FLUXNET_ERA5_YY_1981-2024_v1.3_r1.csv,SAEON_ZA-Jks_FLUXNET_ERA5_YY_1981-2024_v1.3_r1.csv,TRUE,2026-06-01T17:51:55,3710,table_1 (p_era_mean_mm_1981_2025 dataset='era5_yy'; p_era_mean_mm_tower_years window boundary dataset='fluxmet_yy'); spot_check_nine_sites.csv
ZA-Jks,fluxmet_yy,data/extracted/SAEON_ZA-Jks_FLUXNET_2024-2024_v1.3_r1/SAEON_ZA-Jks_FLUXNET_FLUXMET_YY_2024-2024_v1.3_r1.csv,SAEON_ZA-Jks_FLUXNET_FLUXMET_YY_2024-2024_v1.3_r1.csv,TRUE,2026-06-01T17:51:55,4441,table_1 (p_era_mean_mm_1981_2025 dataset='era5_yy'; p_era_mean_mm_tower_years window boundary dataset='fluxmet_yy'); spot_check_nine_sites.csv
ZA-Spk,era5_yy,data/extracted/SAEON_ZA-Spk_FLUXNET_2023-2024_v1.3_r1/SAEON_ZA-Spk_FLUXNET_ERA5_YY_1981-2024_v1.3_r1.csv,SAEON_ZA-Spk_FLUXNET_ERA5_YY_1981-2024_v1.3_r1.csv,TRUE,2026-06-01T17:51:55,3659,table_1 (p_era_mean_mm_1981_2025 dataset='era5_yy'; p_era_mean_mm_tower_years window boundary dataset='fluxmet_yy'); spot_check_nine_sites.csv
ZA-Spk,fluxmet_yy,data/extracted/SAEON_ZA-Spk_FLUXNET_2023-2024_v1.3_r1/SAEON_ZA-Spk_FLUXNET_FLUXMET_YY_2023-2024_v1.3_r1.csv,SAEON_ZA-Spk_FLUXNET_FLUXMET_YY_2023-2024_v1.3_r1.csv,TRUE,2026-06-01T17:51:55,6029,table_1 (p_era_mean_mm_1981_2025 dataset='era5_yy'; p_era_mean_mm_tower_years window boundary dataset='fluxmet_yy'); spot_check_nine_sites.csv
ZA-Uby,era5_yy,data/extracted/SAEON_ZA-Uby_FLUXNET_2023-2024_v1.3_r1/SAEON_ZA-Uby_FLUXNET_ERA5_YY_1981-2024_v1.3_r1.csv,SAEON_ZA-Uby_FLUXNET_ERA5_YY_1981-2024_v1.3_r1.csv,TRUE,2026-06-01T17:51:55,3715,table_1 (p_era_mean_mm_1981_2025 dataset='era5_yy'; p_era_mean_mm_tower_years window boundary dataset='fluxmet_yy'); spot_check_nine_sites.csv
ZA-Uby,fluxmet_yy,data/extracted/SAEON_ZA-Uby_FLUXNET_2023-2024_v1.3_r1/SAEON_ZA-Uby_FLUXNET_FLUXMET_YY_2023-2024_v1.3_r1.csv,SAEON_ZA-Uby_FLUXNET_FLUXMET_YY_2023-2024_v1.3_r1.csv,TRUE,2026-06-01T17:51:55,5951,table_1 (p_era_mean_mm_1981_2025 dataset='era5_yy'; p_era_mean_mm_tower_years window boundary dataset='fluxmet_yy'); spot_check_nine_sites.csv
ZM-Mon,era5_yy,data/extracted/EUF_ZM-Mon_FLUXNET_2007-2009_v1.3_r2/EUF_ZM-Mon_FLUXNET_ERA5_YY_1981-2026_v1.3_r2.csv,EUF_ZM-Mon_FLUXNET_ERA5_YY_1981-2026_v1.3_r2.csv,TRUE,2026-09-20T10:54:57,3825,table_1 (p_era_mean_mm_1981_2025 dataset='era5_yy'; p_era_mean_mm_tower_years window boundary dataset='fluxmet_yy'); spot_check_nine_sites.csv
ZM-Mon,fluxmet_yy,data/extracted/EUF_ZM-Mon_FLUXNET_2007-2009_v1.3_r2/EUF_ZM-Mon_FLUXNET_FLUXMET_YY_2007-2009_v1.3_r2.csv,EUF_ZM-Mon_FLUXNET_FLUXMET_YY_2007-2009_v1.3_r2.csv,TRUE,2026-09-20T10:54:57,12323,table_1 (p_era_mean_mm_1981_2025 dataset='era5_yy'; p_era_mean_mm_tower_years window boundary dataset='fluxmet_yy'); spot_check_nine_sites.csv
