site_id,n_years_era5,map_era5,n_years_pf_all,map_pf_allmonths,n_months_qc0,map_pf_qc0_monthly_mean,map_pf_qc0_annualized,n_months_total,n_qc0,frac_filled,bio12_mm,badm_map_mm,excluded,ratio_to_bio12,ratio_to_pf_allmonths,ratio_to_pf_qc0,ratio_to_badm_map,too_few_qc0_months,implausible_raw,data_hub,product_source_network,oneflux_code_version,fluxnet_product_name,product_id,ratio_badm_bio12,within_2pct,badm_round_100,badm_round_50,n_genuine_months,map_gauge,diff_badm,diff_bio12,closer_to
AR-Bal,30,422.36246666666665,2,432.52650000000006,20,1.1965,438.0882,24,20,0.16666666666666663,835,926,FALSE,0.5058233133732535,0.976500784730338,0.9641037276664074,0.4561149748020158,FALSE,FALSE,AmeriFlux,AMF,v1.3,AMF_AR-Bal_FLUXNET_2012-2013_v1.3_r1.zip,10.17190/AMF/2571144,1.1089820359281437,FALSE,FALSE,FALSE,1,8.148,917.852,826.852,bio12
AT-Neu,30,769.6289333333333,19,767.5662105263158,NA,NA,NA,228,0,1,997,852,FALSE,0.771944767636242,1.0026873548870827,NA,0.9033203442879498,TRUE,FALSE,ICOS,EUF,v1.3,EUF_AT-Neu_FLUXNET_2002-2020_v1.3_r1.zip,igjTOOy6rdzyQ7RPN590N98N,0.8545636910732196,FALSE,FALSE,FALSE,228,25.119999999999997,826.88,971.88,badm
AT-Nsd,30,490.758,3,493.217,6,1.2878333333333334,465.682,36,6,0.8333333333333334,576,500.2,FALSE,0.8520104166666667,0.9950143648738792,1.0538479047933995,0.981123550579768,TRUE,FALSE,ICOS,EUF,v1.3,EUF_AT-Nsd_FLUXNET_2018-2022_v1.3_r1.zip,2Itqw8Hspuyjolyphte0hHnO,0.8684027777777777,FALSE,FALSE,FALSE,30,16.306,483.894,559.694,badm
AT-PsM,30,1263.2589,5,1272.555,5,3.5002,1281.6624,60,5,0.9166666666666666,1165,1233,FALSE,1.0843424034334763,0.9926949326355246,0.9856409144873096,1.0245408759124088,TRUE,FALSE,ICOS,EUF,v1.3,EUF_AT-PsM_FLUXNET_2015-2019_v1.3_r1.zip,STpBN0N9Df49Aabujg7yoJar,1.0583690987124463,FALSE,FALSE,FALSE,54,41.67022222222222,1191.3297777777777,1123.3297777777777,bio12
AT-Zoe,30,1781.0322333333334,7,1739.8967142857143,NA,NA,NA,84,0,1,936,1645,FALSE,1.902812215099715,1.023642506310788,NA,1.0826943667679838,TRUE,FALSE,ICOS,EUF,v1.3,EUF_AT-Zoe_FLUXNET_2014-2024_v1.3_r1.zip,cp3qmc9PDJw4kLwCX34YIr1M,1.7574786324786325,FALSE,FALSE,FALSE,77,54.99958441558441,1590.0004155844156,881.0004155844156,bio12
BE-Bra,30,811.3813666666666,22,822.8568636363636,26,1.9376538461538464,708.1463076923077,264,26,0.9015151515151516,808,920.7,FALSE,1.0041848597359735,0.9860540788114904,1.145782104422431,0.8812657398356322,FALSE,FALSE,ICOS,ICOS,v1.3,ICOS_BE-Bra_FLUXNET_1999-2024_v1.3_r1.zip,LFEir6YGDlkpjoTnCuB1qWeS,1.139480198019802,FALSE,FALSE,FALSE,230,27.559147826086956,893.1408521739131,780.4408521739131,bio12
BE-Dor,30,643.6931333333333,10,618.0674,NA,NA,NA,120,0,1,849,827.9,FALSE,0.7581780133490381,1.0414610661124228,NA,0.7775010669565567,TRUE,FALSE,ICOS,ICOS,v1.3,ICOS_BE-Dor_FLUXNET_2011-2024_v1.3_r1.zip,geqYNPk-fvkZDGtnJI-sq1Je,0.9751472320376914,FALSE,FALSE,FALSE,109,19.754201834862386,808.1457981651376,829.2457981651376,badm
BE-Lcr,30,696.4490666666667,2,748.4449999999999,NA,NA,NA,24,0,1,782,861.3,FALSE,0.8905998294970162,0.9305280503800102,NA,0.808602190487248,TRUE,FALSE,ICOS,EUF,v1.3,EUF_BE-Lcr_FLUXNET_2019-2022_v1.3_r1.zip,oc2rvgUbNz-kUIeMsNmvNv8X,1.1014066496163681,FALSE,FALSE,FALSE,23,25.01582608695652,836.2841739130434,756.9841739130435,bio12
BE-Lon,30,675.7650333333333,17,718.4119411764706,6,2.0615,754.614,204,6,0.9705882352941176,800,742.6,FALSE,0.8447062916666667,0.940637250860142,0.8955108616237352,0.9099986982673488,TRUE,FALSE,ICOS,ICOS,v1.3,ICOS_BE-Lon_FLUXNET_2004-2024_v1.3_r1.zip,1u2xQ5XcQoX0j2wJiZcyDP3M,0.92825,FALSE,FALSE,FALSE,159,21.84709433962264,720.7529056603773,778.1529056603773,badm
BE-Maa,30,697.2788666666667,5,584.06,10,1.6425,598.5624,60,10,0.8333333333333334,757,839.1,FALSE,0.9211081461911051,1.1938480064833523,1.1649225989916283,0.83098422913439,TRUE,FALSE,ICOS,ICOS,v1.3,ICOS_BE-Maa_FLUXNET_2016-2025_v1.3_r1.zip,DwEiFNFPCZypbHKn5zK7Phsl,1.1084544253632762,FALSE,FALSE,FALSE,33,17.43018181818182,821.6698181818182,739.5698181818182,bio12
BE-Vie,30,918.7797333333332,25,900.50388,16,1.779625,649.98375,300,16,0.9466666666666668,1103,915.6,FALSE,0.8329825324871563,1.0202951411306893,1.4135426206167974,1.0034728411242173,FALSE,FALSE,ICOS,ICOS,v1.3,ICOS_BE-Vie_FLUXNET_1996-2025_v1.3_r1.zip,mYZAS5TMuYruvEj80RAUa5OO,0.8300997280145059,FALSE,FALSE,FALSE,276,30.190304347826086,885.4096956521739,1072.809695652174,badm
BJ-Bfg,30,1396.9521,10,1342.1749,NA,NA,NA,120,0,1,1173,1200,FALSE,1.1909225063938618,1.0408122667172512,NA,1.16412675,TRUE,FALSE,ICOS,FLX,v1.3,FLX_BJ-Bfg_FLUXNET_2008-2017_v1.3_r1.zip,3e0Uvz3eNFxHLxOGL6H7ciVC,1.0230179028132993,FALSE,TRUE,TRUE,120,43.883399999999995,1156.1166,1129.1166,bio12
BJ-Nhu,30,1349.8548666666666,10,1289.6695,NA,NA,NA,120,0,1,1205,1190,FALSE,1.120211507607192,1.0466672792267062,NA,1.1343318207282913,TRUE,FALSE,ICOS,FLX,v1.3,FLX_BJ-Nhu_FLUXNET_2008-2017_v1.3_r1.zip,lmKaXHkgzrf_23otyyDTLet5,0.9875518672199171,TRUE,FALSE,FALSE,120,42.2066,1147.7934,1162.7934,badm
BR-CST,30,661.4289333333334,2,435.1015,10,1.3694,493.788,24,10,0.5833333333333333,745,642,FALSE,0.887824071588367,1.5201715768236457,1.3394998123351185,1.0302631360332295,TRUE,FALSE,AmeriFlux,AMF,v1.3,AMF_BR-CST_FLUXNET_2014-2015_v1.3_r1.zip,10.17190/AMF/1902820,0.8617449664429531,FALSE,FALSE,FALSE,13,13.812923076923077,628.1870769230769,731.1870769230769,badm
BR-Ma2,30,2495.3513666666668,18,2548.848333333334,10,10.6303,3842.2896,216,10,0.9537037037037036,2352,2252,FALSE,1.0609487103174604,0.9790113181835718,0.6494438541713947,1.1080601095322675,TRUE,FALSE,AmeriFlux,AMF,v1.3,AMF_BR-Ma2_FLUXNET_1999-2016_v1.3_r1.zip,10.17190/AMF/3027671,0.9574829931972789,FALSE,FALSE,FALSE,174,78.44427586206896,2173.555724137931,2273.555724137931,badm
BR-Ma3,30,2134.5123,11,2119.0485454545455,11,6.674090909090909,2433.698181818182,132,11,0.9166666666666666,2395,2792,FALSE,0.8912368684759916,1.0072974989547194,0.8770653304286629,0.7645101361031518,TRUE,FALSE,AmeriFlux,AMF,v1.3,AMF_BR-Ma3_FLUXNET_2008-2018_v1.3_r1.zip,10.17190/AMF/3027359,1.1657620041753654,FALSE,FALSE,FALSE,102,71.43129411764706,2720.568705882353,2323.568705882353,bio12
BR-Npw,30,1433.2037,5,1480.2816,22,3.3889545454545456,1232.1703636363636,60,22,0.6333333333333333,1320,1486,FALSE,1.085760378787879,0.9681966593383312,1.16315384811752,0.9644708613728128,FALSE,FALSE,AmeriFlux,AMF,v1.3,AMF_BR-Npw_FLUXNET_2013-2017_v1.3_r1.zip,10.17190/AMF/1881563,1.1257575757575757,FALSE,FALSE,FALSE,34,54.3504705882353,1431.6495294117647,1265.6495294117647,bio12
BR-Sa1,30,2009.1521666666667,10,2164.2831,51,5.823843137254902,2120.4136470588237,120,51,0.575,1868,2074.79,FALSE,1.0755632583868666,0.9283222544530644,0.9475284077017306,0.968364107532168,FALSE,FALSE,AmeriFlux,AMF,v1.3,AMF_BR-Sa1_FLUXNET_2002-2011_v1.3_r1.zip,10.17190/AMF/3027310,1.1107012847965738,FALSE,FALSE,FALSE,17,59.62447058823529,2015.1655294117647,1808.3755294117648,bio12
BR-Sa3,30,1457.539266666667,5,1535.3479999999995,14,5.108928571428572,1865.8148571428571,60,14,0.7666666666666666,1852,2043.77,FALSE,0.7870082433405328,0.9493217607126638,0.7811810807952364,0.7131620811865653,FALSE,FALSE,AmeriFlux,AMF,v1.3,AMF_BR-Sa3_FLUXNET_2000-2004_v1.3_r1.zip,10.17190/AMF/3027311,1.103547516198704,FALSE,FALSE,FALSE,44,46.356545454545454,1997.4134545454544,1805.6434545454545,bio12
BR-Xpw,30,1431.8699666666666,4,1191.626,11,3.841818181818182,1381.74,48,11,0.7708333333333334,1341,1490,FALSE,1.0677628386776037,1.2016102087959366,1.0362803180530828,0.9609865548098434,TRUE,FALSE,AmeriFlux,AMF,v1.3,AMF_BR-Xpw_FLUXNET_2017-2022_v1.3_r1.zip,10.17190/AMF/3365275,1.1111111111111112,FALSE,FALSE,FALSE,36,34.99666666666667,1455.0033333333333,1306.0033333333333,bio12
CA-ARB,30,488.89663333333334,10,483.9614,37,0.7079189189189189,257.11427027027025,120,37,0.6916666666666667,625,700,FALSE,0.7822346133333333,1.010197576363184,1.9014760745073425,0.698423761904762,FALSE,FALSE,AmeriFlux,AMF,v1.3,AMF_CA-ARB_FLUXNET_2011-2024_v1.3_r1.zip,10.17190/AMF/1902821,1.12,FALSE,TRUE,TRUE,51,23.955058823529413,676.0449411764706,601.0449411764706,bio12
CA-ARF,30,488.89456666666666,10,483.9614,37,0.7079189189189189,257.11427027027025,120,37,0.6916666666666667,625,700,FALSE,0.7822313066666666,1.0101933060501658,1.9014680365767191,0.6984208095238095,FALSE,FALSE,AmeriFlux,AMF,v1.3,AMF_CA-ARF_FLUXNET_2011-2024_v1.3_r1.zip,10.17190/AMF/1902822,1.12,FALSE,TRUE,TRUE,51,23.955058823529413,676.0449411764706,601.0449411764706,bio12
CA-BOU,30,711.3454333333333,3,712.867,9,2.4165555555555556,879.7653333333333,36,9,0.75,1032,1011,FALSE,0.6892882105943152,0.9978655672563512,0.8085627000533475,0.7036057698648203,TRUE,FALSE,AmeriFlux,AMF,v1.3,AMF_CA-BOU_FLUXNET_2018-2020_v1.3_r1.zip,10.17190/AMF/2469435,0.9796511627906976,FALSE,FALSE,FALSE,21,19.881714285714285,991.1182857142857,1012.1182857142857,badm
CA-CF1,30,3649.1881,2,3710.235,19,9.080263157894738,3324.3391578947367,24,19,0.20833333333333337,417,452,FALSE,8.751050599520383,0.983546352185239,1.0977183514304798,8.073425,FALSE,FALSE,AmeriFlux,AMF,v1.3,AMF_CA-CF1_FLUXNET_2007-2008_v1.3_r1.zip,10.17190/AMF/2229375,1.0839328537170263,FALSE,FALSE,FALSE,3,178.60399999999998,273.396,238.39600000000002,bio12
CA-CF2,30,4963.8835,4,5143.8295,28,9.194178571428573,3367.709142857143,48,28,0.41666666666666663,417,452,TRUE,11.903797362110312,0.9650171141947844,1.4739644338135072,10.98204314159292,FALSE,FALSE,AmeriFlux,AMF,v1.3,AMF_CA-CF2_FLUXNET_2008-2011_v1.3_r1.zip,10.17190/AMF/3027323,1.0839328537170263,FALSE,FALSE,FALSE,12,309.191,142.80900000000003,107.80900000000003,bio12
CA-Ca1,30,1315.8228666666666,14,1338.2473571428573,5,4.1672,1525.3776,168,5,0.9702380952380952,1692,1369,FALSE,0.7776730890464932,0.9832433889321728,0.8626210760317096,0.9611562210859508,TRUE,FALSE,AmeriFlux,AMF,v1.3,AMF_CA-Ca1_FLUXNET_1997-2010_v1.3_r1.zip,10.17190/AMF/2007163,0.8091016548463357,FALSE,FALSE,FALSE,162,43.83555555555556,1325.1644444444444,1648.1644444444444,badm
CA-Ca2,30,1178.4454666666666,11,1145.5296363636364,6,2.9091666666666667,1060.088,132,6,0.9545454545454546,1587,1474,FALSE,0.7425617307288385,1.0287341586443088,1.111648718471171,0.7994881049298959,TRUE,FALSE,AmeriFlux,AMF,v1.3,AMF_CA-Ca2_FLUXNET_2000-2010_v1.3_r1.zip,10.17190/AMF/2007164,0.9287964713295526,FALSE,FALSE,FALSE,125,37.8384,1436.1616,1549.1616,badm
CA-Ca3,30,1772.5385666666666,20,1678.69205,120,4.753116666666666,1738.9254,240,120,0.5,1582,1676,FALSE,1.120441571849979,1.0559045458436922,1.0193298497259666,1.0576005767700876,FALSE,FALSE,AmeriFlux,AMF,v1.3,AMF_CA-Ca3_FLUXNET_2001-2024_v1.3_r1.zip,10.17190/AMF/3027312,1.0594184576485461,FALSE,FALSE,FALSE,114,52.087999999999994,1623.912,1529.912,bio12
CA-DBB,30,1139.3527,6,1161.129,NA,NA,NA,72,0,1,1469,1128,FALSE,0.7755974812797821,0.981245580809712,NA,1.01006445035461,TRUE,FALSE,AmeriFlux,AMF,v1.3,AMF_CA-DBB_FLUXNET_2015-2024_v1.3_r1.zip,10.17190/AMF/1881565,0.7678692988427501,FALSE,FALSE,FALSE,71,38.084788732394365,1089.9152112676056,1430.9152112676056,badm
CA-Gro,30,822.5417666666667,12,833.2484166666667,15,2.5515333333333334,937.708,144,15,0.8958333333333334,740,831,FALSE,1.111542927927928,0.987150710657416,0.8771832667170021,0.9898216205375052,FALSE,FALSE,AmeriFlux,AMF,v1.3,AMF_CA-Gro_FLUXNET_2003-2014_v1.3_r1.zip,10.17190/AMF/1902823,1.122972972972973,FALSE,FALSE,FALSE,85,25.76117647058824,805.2388235294118,714.2388235294118,bio12
CA-KLP,30,573.9364666666667,10,578.6197,47,1.066723404255319,389.4094468085106,120,47,0.6083333333333334,648,680,FALSE,0.8857044238683127,0.9919061979166396,1.4738637477094796,0.8440242156862745,FALSE,FALSE,AmeriFlux,AMF,v1.3,AMF_CA-KLP_FLUXNET_2011-2020_v1.3_r1.zip,10.17190/AMF/3027324,1.0493827160493827,FALSE,FALSE,FALSE,52,25.851000000000003,654.149,622.149,bio12
CA-LP1,30,537.0924333333334,14,538.5622142857143,NA,NA,NA,168,0,1,723,570,FALSE,0.7428664361456893,0.997270917057688,NA,0.9422674269005848,TRUE,FALSE,AmeriFlux,AMF,v1.3,AMF_CA-LP1_FLUXNET_2007-2024_v1.3_r1.zip,10.17190/AMF/1832155,0.7883817427385892,FALSE,FALSE,FALSE,168,17.66707142857143,552.3329285714286,705.3329285714286,badm
CA-LU1,30,384.5509333333333,1,617.74,7,0.855,313.00457142857147,12,7,0.41666666666666663,350,379,FALSE,1.0987169523809523,0.622512599691348,1.2285792874468893,1.0146462620932275,TRUE,FALSE,AmeriFlux,AMF,v1.3,AMF_CA-LU1_FLUXNET_2020-2023_v1.3_r1.zip,10.17190/AMF/3027376,1.082857142857143,FALSE,FALSE,FALSE,3,43.7,335.3,306.3,bio12
CA-LU2,30,358.3070666666667,1,532.659,8,1.01275,368.8335,12,8,0.33333333333333337,355,379,FALSE,1.0093156807511738,0.672676265052626,0.9714602026840476,0.9454012313104662,TRUE,FALSE,AmeriFlux,AMF,v1.3,AMF_CA-LU2_FLUXNET_2020-2023_v1.3_r1.zip,10.17190/AMF/3027377,1.0676056338028168,FALSE,FALSE,FALSE,1,46.236000000000004,332.764,308.764,bio12
CA-MA1,30,443.6125666666667,3,461.6126666666666,4,0.73525,264.057,36,4,0.8888888888888888,519,514,FALSE,0.8547448298008992,0.9610060526935282,1.6799879066514678,0.8630594682230869,TRUE,FALSE,AmeriFlux,AMF,v1.3,AMF_CA-MA1_FLUXNET_2009-2011_v1.3_r1.zip,10.17190/AMF/2007165,0.9903660886319846,TRUE,FALSE,FALSE,30,15.8272,498.1728,503.1728,badm
CA-MA2,30,462.4175666666667,3,480.2543333333333,5,0.8099999999999999,291.06960000000004,36,5,0.8611111111111112,518,514,FALSE,0.8926980051480052,0.962859748619308,1.588683829113953,0.8996450713359274,TRUE,FALSE,AmeriFlux,AMF,v1.3,AMF_CA-MA2_FLUXNET_2009-2011_v1.3_r1.zip,10.17190/AMF/2007166,0.9922779922779923,TRUE,FALSE,FALSE,26,17.549999999999997,496.45,500.45,badm
CA-MA3,30,473.8713333333333,3,480.475,5,0.808,290.5608,36,5,0.8611111111111112,519,514,FALSE,0.9130468850353244,0.9862559619820664,1.6308852857416878,0.921928664072633,TRUE,FALSE,AmeriFlux,AMF,v1.3,AMF_CA-MA3_FLUXNET_2009-2011_v1.3_r1.zip,10.17190/AMF/2007167,0.9903660886319846,TRUE,FALSE,FALSE,26,17.549999999999997,496.45,501.45,badm
CA-Man,30,328.0806333333333,15,324.87873333333334,12,0.46275,168.19,180,12,0.9333333333333332,509,520,FALSE,0.6445592010478061,1.0098556774312302,1.9506548149909824,0.6309242948717948,FALSE,FALSE,AmeriFlux,AMF,v1.3,AMF_CA-Man_FLUXNET_1994-2008_v1.3_r1.zip,10.17190/AMF/2571101,1.0216110019646365,FALSE,FALSE,FALSE,101,11.4769900990099,508.5230099009901,497.5230099009901,bio12
CA-Mer,30,882.9069999999999,23,884.8838695652174,71,2.0472957746478873,741.8722816901409,276,71,0.7427536231884058,943,943,FALSE,0.9362746553552492,0.997765955925732,1.1901064668281611,0.9362746553552492,FALSE,FALSE,AmeriFlux,AMF,v1.3,AMF_CA-Mer_FLUXNET_1998-2020_v1.3_r1.zip,10.17190/AMF/2571102,1,TRUE,FALSE,FALSE,159,31.784,911.216,911.216,tie
CA-Na1,30,1287.7088333333334,3,1302.4796666666666,7,3.2154285714285713,1168.8428571428572,36,7,0.8055555555555556,1147,1102.7,FALSE,1.1226755303690787,0.9886594518813986,1.101695429342003,1.1677780296847131,TRUE,FALSE,AmeriFlux,AMF,v1.3,AMF_CA-Na1_FLUXNET_2003-2005_v1.3_r1.zip,10.17190/AMF/3027672,0.9613775065387969,FALSE,FALSE,FALSE,24,36.1485,1066.5515,1110.8515,badm
CA-Ojp,30,494.6377,12,487.60275,NA,NA,NA,144,0,1,473,430.5,FALSE,1.045745665961945,1.014427625767082,NA,1.1489842044134726,TRUE,FALSE,AmeriFlux,AMF,v1.3,AMF_CA-Ojp_FLUXNET_1999-2010_v1.3_r1.zip,10.17190/AMF/3365260,0.9101479915433404,FALSE,FALSE,FALSE,143,15.960587412587412,414.5394125874126,457.0394125874126,badm
CA-PB1,30,344.5383,5,316.3214,38,0.7301315789473685,266.98168421052634,60,38,0.3666666666666667,525,490,FALSE,0.6562634285714286,1.089203259722548,1.2904941438915971,0.703139387755102,FALSE,FALSE,AmeriFlux,AMF,v1.3,AMF_CA-PB1_FLUXNET_2016-2024_v1.3_r1.zip,10.17190/AMF/3027379,0.9333333333333333,FALSE,FALSE,FALSE,19,13.056631578947368,476.94336842105264,511.94336842105264,badm
CA-PB2,30,475.45213333333334,4,443.4185,33,0.940969696969697,343.90618181818184,48,33,0.3125,524,490,FALSE,0.907351399491094,1.0722424376369804,1.3825053414849575,0.9703104761904762,FALSE,FALSE,AmeriFlux,AMF,v1.3,AMF_CA-PB2_FLUXNET_2017-2024_v1.3_r1.zip,10.17190/AMF/3027380,0.9351145038167938,FALSE,FALSE,FALSE,10,24.9372,465.0628,499.0628,badm
CA-Qfo,30,975.0215,8,947.185,15,2.4574666666666665,898.3304,96,15,0.84375,983,962.32,FALSE,0.991883519837233,1.0293886621937636,1.0853707054776285,1.013198831989359,FALSE,FALSE,AmeriFlux,AMF,v1.3,AMF_CA-Qfo_FLUXNET_2003-2010_v1.3_r1.zip,10.17190/AMF/2006960,0.9789623601220754,FALSE,FALSE,FALSE,75,32.44288,929.8771200000001,950.5571199999999,badm
CA-SCB,30,342.5516666666667,6,313.72683333333333,11,0.5349090909090909,193.9167272727273,72,11,0.8472222222222222,414,388,FALSE,0.8274194847020934,1.0918787628940465,1.766488489592221,0.8828651202749142,TRUE,FALSE,AmeriFlux,AMF,v1.3,AMF_CA-SCB_FLUXNET_2014-2019_v1.3_r1.zip,10.17190/AMF/2469439,0.9371980676328503,FALSE,FALSE,FALSE,41,12.716780487804877,375.2832195121951,401.2832195121951,badm
CA-SCC,30,269.28866666666664,8,252.340125,19,0.7738947368421052,284.0602105263158,96,19,0.8020833333333334,414,387.6,FALSE,0.6504557165861513,1.0671654643377333,0.9479985463916965,0.6947592019263845,FALSE,FALSE,AmeriFlux,AMF,v1.3,AMF_CA-SCC_FLUXNET_2013-2024_v1.3_r1.zip,10.17190/AMF/2469440,0.9362318840579711,FALSE,FALSE,FALSE,71,7.93030985915493,379.6696901408451,406.06969014084507,badm
CA-SF1,30,421.0691,4,445.8945,7,0.779,283.4417142857143,48,7,0.8541666666666666,494,470,FALSE,0.8523665991902833,0.9443244982837868,1.4855579781582708,0.8958917021276596,TRUE,FALSE,AmeriFlux,AMF,v1.3,AMF_CA-SF1_FLUXNET_2003-2006_v1.3_r1.zip,10.17190/AMF/1902831,0.951417004048583,FALSE,FALSE,FALSE,39,15.51476923076923,454.4852307692308,478.4852307692308,badm
CA-SF2,30,346.47696666666667,5,308.4858,11,0.5279090909090909,191.4632727272727,60,11,0.8166666666666667,486,470,FALSE,0.7129155692729767,1.123153696755788,1.8096262626838155,0.7371850354609929,TRUE,FALSE,AmeriFlux,AMF,v1.3,AMF_CA-SF2_FLUXNET_2001-2005_v1.3_r1.zip,10.17190/AMF/2006961,0.9670781893004116,FALSE,FALSE,FALSE,44,9.30109090909091,460.69890909090907,476.69890909090907,badm
CA-SF3,30,387.4114333333333,6,372.5536666666667,25,1.00756,367.31184,72,25,0.6527777777777778,481,470,FALSE,0.8054291753291754,1.0398808762227545,1.054720788018522,0.8242796453900709,FALSE,FALSE,AmeriFlux,AMF,v1.3,AMF_CA-SF3_FLUXNET_2001-2006_v1.3_r1.zip,10.17190/AMF/3027313,0.9771309771309772,FALSE,FALSE,FALSE,42,12.138285714285715,457.8617142857143,468.8617142857143,badm
CA-SJ2,30,499.2909,6,509.65433333333334,42,0.8400238095238095,307.25085714285717,72,42,0.41666666666666663,477,430.03,FALSE,1.0467314465408806,0.9796657603879232,1.6250268742711864,1.161060623677418,FALSE,FALSE,AmeriFlux,AMF,v1.3,AMF_CA-SJ2_FLUXNET_2003-2008_v1.3_r1.zip,10.17190/AMF/3365261,0.9015303983228511,FALSE,FALSE,FALSE,23,29.02904347826087,401.0009565217391,447.97095652173914,badm
CA-TP1,30,669.2239666666667,19,739.7672105263158,42,1.7565238095238096,641.0022857142857,228,42,0.8157894736842105,986,1036,FALSE,0.6787261325219743,0.9046412941045868,1.044027426393547,0.6459690797940798,FALSE,FALSE,AmeriFlux,AMF,v1.3,AMF_CA-TP1_FLUXNET_2002-2023_v1.3_r1.zip,10.17190/AMF/2006962,1.050709939148073,FALSE,FALSE,FALSE,162,24.1954074074074,1011.8045925925926,961.8045925925926,bio12
CA-TP3,30,1099.2175666666667,19,1113.4408421052633,71,2.940619718309859,1075.331323943662,228,71,0.6885964912280702,970,1036,FALSE,1.1332139862542956,0.9872258364335696,1.0222129144675192,1.061020817245817,FALSE,FALSE,AmeriFlux,AMF,v1.3,AMF_CA-TP3_FLUXNET_2002-2023_v1.3_r1.zip,10.17190/AMF/1881566,1.068041237113402,FALSE,FALSE,FALSE,156,37.03861538461538,998.9613846153846,932.9613846153846,bio12
CA-TP4,30,1099.2175666666667,19,1113.4408421052633,71,2.940619718309859,1075.331323943662,228,71,0.6885964912280702,976,1036,FALSE,1.126247506830601,0.9872258364335696,1.0222129144675192,1.061020817245817,FALSE,FALSE,AmeriFlux,AMF,v1.3,AMF_CA-TP4_FLUXNET_2002-2023_v1.3_r1.zip,10.17190/AMF/3365263,1.0614754098360655,FALSE,FALSE,FALSE,156,37.03861538461538,998.9613846153846,938.9613846153846,bio12
CA-TPA,30,1108.8337333333334,1,1126.6940000000002,NA,NA,NA,12,0,1,970,956,FALSE,1.143127560137457,0.9841480768809748,NA,1.1598679218967922,TRUE,FALSE,AmeriFlux,AMF,v1.3,AMF_CA-TPA_FLUXNET_2020-2023_v1.3_r1.zip,10.17190/AMF/3027362,0.9855670103092784,TRUE,FALSE,FALSE,12,36.864000000000004,919.136,933.136,badm
CA-TPD,30,931.4757333333332,9,905.1328888888888,10,2.5345,929.5344,108,10,0.9074074074074074,986,1036,FALSE,0.9447015551048006,1.0291038418422538,1.00208850079495,0.8991078507078507,TRUE,FALSE,AmeriFlux,AMF,v1.3,AMF_CA-TPD_FLUXNET_2012-2023_v1.3_r1.zip,10.17190/AMF/1881567,1.050709939148073,FALSE,FALSE,FALSE,94,29.856382978723406,1006.1436170212766,956.1436170212766,bio12
CA-TVC,30,104.27626666666669,1,138.468,NA,NA,NA,12,0,1,219,240.6,FALSE,0.47614733637747336,0.7530712270464416,NA,0.4334009420892214,TRUE,FALSE,AmeriFlux,AMF,v1.3,AMF_CA-TVC_FLUXNET_2017-2017_v1.3_r1.zip,10.17190/AMF/3365267,1.0986301369863014,FALSE,FALSE,FALSE,12,4.545,236.055,214.455,bio12
CD-Ygb,30,2433.6066,1,2387.007,9,6.505222222222222,2377.057333333333,12,9,0.25,1774,1811.7,FALSE,1.3718188275084555,1.01952218824662,1.0237896098986254,1.3432723960920685,TRUE,FALSE,ICOS,ICOS,v1.3,ICOS_CD-Ygb_FLUXNET_2020-2025_v1.3_r1.zip,4yxFg7HiX3wwcXY7t16U5Jec,1.021251409244645,FALSE,FALSE,FALSE,2,69.966,1741.7340000000002,1704.034,bio12
CG-Tch,30,1590.3380666666667,4,1650.947,6,3.9488333333333334,1407.4299999999998,48,6,0.875,1320,1150,FALSE,1.2048015656565656,0.96328838337431,1.1299589085543629,1.3829026666666666,TRUE,FALSE,ICOS,EUF,v1.3,EUF_CG-Tch_FLUXNET_2006-2009_v1.3_r1.zip,FCFD-_Unczb9xHrj6_dm8loj,0.8712121212121212,FALSE,FALSE,TRUE,42,55.429142857142864,1094.5708571428572,1264.5708571428572,badm
CH-Aws,30,1332.9461333333334,15,1430.5735333333332,68,3.4788676470588236,1272.2078823529412,180,68,0.6222222222222222,1158,918,FALSE,1.1510761082325849,0.9317564614993812,1.0477423947948328,1.45201103848947,FALSE,FALSE,ICOS,EUF,v1.3,EUF_CH-Aws_FLUXNET_2006-2024_v1.3_r2.zip,2c8FDF30wAcPfPTgr_PwL3qv,0.7927461139896373,FALSE,FALSE,FALSE,108,50.82944444444444,867.1705555555556,1107.1705555555557,badm
CH-Cha,30,1182.5493666666666,16,1156.14625,20,3.2844,1199.4438,192,20,0.8958333333333334,1194,1136,FALSE,0.990409854829704,1.0228371771016571,0.9859147770547204,1.0409765551643193,FALSE,FALSE,ICOS,EUF,v1.3,EUF_CH-Cha_FLUXNET_2005-2024_v1.3_r1.zip,_BRGI6F0aH0BpH6M9QscIcym,0.9514237855946399,FALSE,FALSE,FALSE,159,37.69177358490566,1098.3082264150944,1156.3082264150944,badm
CH-Crs,30,905.8019,2,887.8344999999999,NA,NA,NA,24,0,1,1016,957,FALSE,0.8915373031496063,1.0202373302681975,NA,0.9465014629049112,TRUE,FALSE,ICOS,EUF,v1.3,EUF_CH-Crs_FLUXNET_2015-2016_v1.3_r1.zip,imYdB4O0vIcmT-V5Xecz4Ww6,0.9419291338582677,FALSE,FALSE,FALSE,24,29.15,927.85,986.85,badm
CH-Dav,30,873.3136333333333,24,869.9184583333333,NA,NA,NA,288,0,1,1094,876,FALSE,0.7982757160268129,1.0039028658002094,NA,0.9969333713850836,TRUE,FALSE,ICOS,ICOS,v1.3,ICOS_CH-Dav_FLUXNET_1997-2025_v1.3_r1.zip,Pr9SZHBdwu6YbWLoOGhzjSJQ,0.8007312614259597,FALSE,FALSE,FALSE,286,28.44067132867133,847.5593286713287,1065.5593286713288,badm
CH-Frk,30,1197.6444666666666,2,1242.3069999999998,NA,NA,NA,24,0,1,1224,1450,FALSE,0.9784677015250544,0.96404871474335,NA,0.8259617011494252,TRUE,FALSE,ICOS,EUF,v1.3,EUF_CH-Frk_FLUXNET_2013-2014_v1.3_r1.zip,DyO-bck7H9h82Jj_OFEFlWHD,1.184640522875817,FALSE,FALSE,TRUE,24,40.7315,1409.2685,1183.2685,bio12
CH-Fru,30,1503.4292,16,1400.3293125,10,4.1008,1496.5836,192,10,0.9479166666666666,1398,1492,FALSE,1.0754143061516452,1.0736254583687437,1.004574151420609,1.0076603217158178,TRUE,FALSE,ICOS,EUF,v1.3,EUF_CH-Fru_FLUXNET_2005-2024_v1.3_r1.zip,xnRKIWdx6isC5GLqv_pHq5hU,1.067238912732475,FALSE,FALSE,FALSE,176,45.41925,1446.58075,1352.58075,bio12
CH-Lae,30,883.6265666666667,17,840.2864705882353,NA,NA,NA,204,0,1,1160,1100,FALSE,0.761747040229885,1.0515777625791018,NA,0.8032968787878788,TRUE,FALSE,ICOS,EUF,v1.3,EUF_CH-Lae_FLUXNET_2004-2024_v1.3_r1.zip,V_BAvTqbUIgSItmCcoHgP3Vy,0.9482758620689655,FALSE,TRUE,TRUE,203,27.512866995073892,1072.4871330049261,1132.4871330049261,badm
CH-Oe1,30,1175.8516666666667,10,1146.1089000000002,NA,NA,NA,120,0,1,1126,1100,FALSE,1.0442732386027236,1.0259510825425633,NA,1.0689560606060606,TRUE,FALSE,ICOS,EUF,v1.3,EUF_CH-Oe1_FLUXNET_2002-2011_v1.3_r1.zip,Yhvt49ceMFBoaJhA4RgbYQf4,0.9769094138543517,FALSE,TRUE,TRUE,120,37.5479,1062.4521,1088.4521,badm
CH-Oe2,30,1148.4836666666667,17,1128.2848823529412,30,2.9494666666666665,1077.2,204,30,0.8529411764705882,1126,1155,FALSE,1.0199677323860272,1.0179022023866904,1.066174959772249,0.994358152958153,FALSE,FALSE,ICOS,EUF,v1.3,EUF_CH-Oe2_FLUXNET_2004-2024_v1.3_r1.zip,nayPPdWP7UC3vBVNv1HnbxOJ,1.0257548845470692,FALSE,FALSE,FALSE,165,37.58167272727273,1117.4183272727273,1088.4183272727273,bio12
CH-Oe3,30,1160.512966666667,10,1131.1592,3,1.9643333333333337,691.36,120,3,0.975,1126,1100,FALSE,1.0306509473060983,1.025950163926233,1.6785943165162385,1.055011787878788,TRUE,FALSE,ICOS,EUF,v1.3,EUF_CH-Oe3_FLUXNET_2002-2011_v1.3_r2.zip,Jk2_wTjn37nJQ0Ex5QzdqT8D,0.9769094138543517,FALSE,TRUE,TRUE,117,37.38882051282051,1062.6111794871795,1088.6111794871795,badm
CH-Rh1,30,1677.0118333333332,3,1442.7083333333333,2,4.2225,1529.334,36,2,0.9444444444444444,1351,1407,FALSE,1.241311497656057,1.1624053140794224,1.0965634932155652,1.1919060649135276,TRUE,FALSE,ICOS,EUF,v1.3,EUF_CH-Rh1_FLUXNET_2018-2021_v1.3_r1.zip,dvdiSGaj5yT3Cv3bSaKktRf5,1.0414507772020725,FALSE,FALSE,FALSE,34,46.98282352941177,1360.0171764705883,1304.0171764705883,bio12
CH-Rh2,30,1677.0118333333332,3,1442.7083333333333,2,4.2225,1529.334,36,2,0.9444444444444444,1351,1407,FALSE,1.241311497656057,1.1624053140794224,1.0965634932155652,1.1919060649135276,TRUE,FALSE,ICOS,EUF,v1.3,EUF_CH-Rh2_FLUXNET_2018-2021_v1.3_r1.zip,s29xGnt-hLzMlal-qo4i1iwb,1.0414507772020725,FALSE,FALSE,FALSE,34,46.98282352941177,1360.0171764705883,1304.0171764705883,bio12
CH-Rtb,30,1436.3975666666668,12,1402.263,NA,NA,NA,144,0,1,1275,1434,FALSE,1.1265863267973857,1.0243424854443617,NA,1.0016719432821943,TRUE,FALSE,ICOS,EUF,v1.3,EUF_CH-Rtb_FLUXNET_2009-2022_v1.3_r1.zip,ZSw7OruD5oGCPKwcw5aAC563,1.1247058823529412,FALSE,FALSE,FALSE,144,45.935833333333335,1388.0641666666666,1229.0641666666666,bio12
CL-ACF,30,3172.8040666666666,3,2939.1706666666664,NA,NA,NA,36,0,1,1914,4500,FALSE,1.6576823754789272,1.0794895657641297,NA,0.7050675703703704,TRUE,FALSE,AmeriFlux,AMF,v1.3,AMF_CL-ACF_FLUXNET_2018-2020_v1.3_r1.zip,10.17190/AMF/2571129,2.3510971786833856,FALSE,TRUE,TRUE,35,98.01291428571429,4401.987085714286,1815.9870857142857,bio12
CL-SDF,30,1506.9242333333334,7,1452.8185714285712,19,3.384894736842105,1238.3393684210528,84,19,0.7738095238095238,2409,2110,FALSE,0.6255393247543932,1.037241857289558,1.2168911622786736,0.7141821011058452,FALSE,FALSE,AmeriFlux,AMF,v1.3,AMF_CL-SDF_FLUXNET_2014-2021_v1.3_r1.zip,10.17190/AMF/2469441,0.8758821087588211,FALSE,FALSE,FALSE,44,45.592636363636366,2064.4073636363637,2363.4073636363637,badm
CL-SDP,30,1421.9918333333333,7,1404.191142857143,NA,NA,NA,84,0,1,2354,2110,FALSE,0.6040746955536674,1.0126768286260308,NA,0.6739297788309636,TRUE,FALSE,AmeriFlux,AMF,v1.3,AMF_CL-SDP_FLUXNET_2014-2021_v1.3_r1.zip,10.17190/AMF/2571108,0.8963466440101954,FALSE,FALSE,FALSE,66,39.773272727272726,2070.226727272727,2314.226727272727,badm
CN-Lsh,30,453.5005,5,442.6564,4,0.66625,241.11300000000003,60,4,0.9333333333333332,587,724,FALSE,0.7725732538330494,1.024497782026872,1.8808629148988232,0.626381906077348,TRUE,FALSE,ICOS,JPF,v1.3,JPF_CN-Lsh_FLUXNET_2002-2006_v1.3_r1.zip,eEffx70YefN_2F5Yx_sowWVR,1.233390119250426,FALSE,FALSE,FALSE,51,13.047058823529412,710.9529411764706,573.9529411764706,bio12
CR-AqC,30,3000.089966666667,8,3054.10525,NA,NA,NA,96,0,1,3307,3207,FALSE,0.9071938211873803,0.9823138762708544,NA,0.9354817482590168,TRUE,FALSE,ICOS,FLX,v1.3,FLX_CR-AqC_FLUXNET_2009-2016_v1.3_r1.zip,yRjv2loTLxMX5_elU4L2aqKw,0.9697611127910493,FALSE,FALSE,FALSE,96,100.272125,3106.727875,3206.727875,badm
CZ-BK1,30,1223.8335333333334,17,1261.2171176470588,5,3.304,1191.9,204,5,0.9754901960784312,1013,1338.12,FALSE,1.2081278710102008,0.9703591207329404,1.026792124618956,0.914591765561634,TRUE,FALSE,ICOS,ICOS,v1.3,ICOS_CZ-BK1_FLUXNET_2004-2025_v1.3_r1.zip,HH11awh469XrSeL0fO6WxYA4,1.3209476801579465,FALSE,FALSE,FALSE,168,42.04414285714286,1296.075857142857,970.9558571428571,bio12
CZ-BK2,30,1092.0189,7,1094.557142857143,40,2.868675,1046.0445,84,40,0.5238095238095238,1003,1316,FALSE,1.0887526420737788,0.9976810321199702,1.043950711465908,0.8298015957446808,FALSE,FALSE,ICOS,EUF,v1.3,EUF_CZ-BK2_FLUXNET_2006-2012_v1.3_r1.zip,x40X4P6k4g30f_OFC6o4vHvJ,1.312063808574277,FALSE,FALSE,FALSE,40,35.5773,1280.4227,967.4227,bio12
CZ-KrP,30,604.5559666666667,7,626.7767142857143,3,1.5736666666666663,582.784,84,3,0.9642857142857144,576,620,FALSE,1.0495763310185184,0.9645475859064566,1.0373585525111648,0.9750902688172044,TRUE,FALSE,ICOS,EUF,v1.3,EUF_CZ-KrP_FLUXNET_2014-2023_v1.3_r2.zip,cqH_ifs_P83CsahNQXGTp3Im,1.0763888888888888,FALSE,FALSE,FALSE,77,20.50348051948052,599.4965194805195,555.4965194805195,bio12
CZ-LnG,30,500.80443333333335,2,542.561,12,1.3669166666666666,500.831,24,12,0.5,647,0,FALSE,0.7740408552292632,0.9230380239887004,0.999946954827743,Inf,FALSE,FALSE,ICOS,EUF,v1.3,EUF_CZ-LnG_FLUXNET_2019-2024_v1.3_r1.zip,cezPci33oJjpbkjDF47P8YIK,0,FALSE,TRUE,TRUE,11,20.295272727272728,20.295272727272728,626.7047272727273,badm
CZ-Lnz,30,518.4126,6,521.0946666666666,1,1.661,617.892,72,1,0.9861111111111112,647,518.031,FALSE,0.8012559505409582,0.9948530145514188,0.8390019615078362,1.0007366354523186,TRUE,FALSE,ICOS,ICOS,v1.3,ICOS_CZ-Lnz_FLUXNET_2015-2025_v1.3_r1.zip,qtH0gyWH-yg0lP-HmC2lXv24,0.8006661514683152,FALSE,FALSE,FALSE,64,16.1833125,501.84768749999995,630.8166875,badm
CZ-RAJ,30,660.3521000000001,9,664.8667777777778,NA,NA,NA,108,0,1,606,681,FALSE,1.0896899339933994,0.9932096505214664,NA,0.9696800293685756,TRUE,FALSE,ICOS,EUF,v1.3,EUF_CZ-RAJ_FLUXNET_2012-2024_v1.3_r1.zip,LlmTy3u9548FEMXEW59RiWpY,1.1237623762376239,FALSE,FALSE,FALSE,108,21.804222222222222,659.1957777777777,584.1957777777777,bio12
CZ-Stn,30,671.8468,11,667.8116363636364,5,1.6598,604.0152,132,5,0.9621212121212122,794,685,FALSE,0.8461546599496222,1.0060423679622237,1.1123011473883435,0.9807982481751826,TRUE,FALSE,ICOS,EUF,v1.3,EUF_CZ-Stn_FLUXNET_2010-2024_v1.3_r1.zip,CM9ZMyBcfqBoKkmLPUDwiyMo,0.8627204030226701,FALSE,FALSE,FALSE,114,21.263684210526314,663.7363157894737,772.7363157894737,badm
CZ-wet,30,571.4314666666667,15,576.3324,12,1.4981666666666666,548.249,180,12,0.9333333333333332,632,603,FALSE,0.9041637130801689,0.9914963425041984,1.0422845580505695,0.9476475400773908,FALSE,FALSE,ICOS,ICOS,v1.3,ICOS_CZ-wet_FLUXNET_2006-2025_v1.3_r1.zip,ezclJdsSs31JZaOdM4gbLbIn,0.9541139240506329,FALSE,FALSE,FALSE,167,18.934131736526947,584.065868263473,613.065868263473,badm
DE-Geb,30,611.8403,1,529.735,11,1.5238181818181815,555.5389090909091,12,11,0.08333333333333337,500,534,FALSE,1.2236806,1.1549931569558365,1.1013455403172807,1.145768352059925,TRUE,FALSE,ICOS,ICOS,v1.3,ICOS_DE-Geb_FLUXNET_2020-2024_v1.3_r1.zip,jFkfMT_3ZahqoODz-R82VeUG,1.068,FALSE,FALSE,FALSE,1,7.932,526.068,492.068,bio12
DE-GsB,30,516.6206666666667,6,500.5713333333333,NA,NA,NA,72,0,1,505,581,FALSE,1.0230112211221123,1.0320620304532022,NA,0.8891921973608721,TRUE,FALSE,ICOS,ICOS,v1.3,ICOS_DE-GsB_FLUXNET_2015-2025_v1.3_r1.zip,NY1UuClNrkeU0UUXUUoECmLZ,1.1504950495049504,FALSE,FALSE,FALSE,69,16.953043478260867,564.0469565217392,488.04695652173916,bio12
DE-Hai,30,729.2309333333334,21,717.236,10,2.0616,751.0440000000001,252,10,0.9603174603174603,865,744,FALSE,0.8430415414258189,1.0167238305569344,0.9709563398859896,0.9801491039426524,TRUE,FALSE,ICOS,ICOS,v1.3,ICOS_DE-Hai_FLUXNET_2000-2025_v1.3_r1.zip,VsQ1NTQTcEO5zRyfZjrBtkQa,0.8601156069364162,FALSE,FALSE,FALSE,234,23.305692307692308,720.6943076923077,841.6943076923077,badm
DE-Har,30,594.0937666666666,1,465.056,NA,NA,NA,12,0,1,797,641,FALSE,0.745412505227938,1.27746715807702,NA,0.9268233489339572,TRUE,FALSE,ICOS,ICOS,v1.3,ICOS_DE-Har_FLUXNET_2020-2025_v1.3_r1.zip,AG7-cp4Sxh0AESZmLri2F-At,0.8042659974905897,FALSE,FALSE,FALSE,10,14.162399999999998,626.8376,782.8376,badm
DE-HoH,30,494.7356666666667,6,468.0973333333334,NA,NA,NA,72,0,1,572,563,FALSE,0.8649224941724942,1.0569076801690815,NA,0.8787489638839551,TRUE,FALSE,ICOS,ICOS,v1.3,ICOS_DE-HoH_FLUXNET_2015-2025_v1.3_r1.zip,tfW10G3Do0hp0cimfI4XrgSd,0.9842657342657343,TRUE,FALSE,FALSE,59,15.337423728813558,547.6625762711865,556.6625762711865,badm
DE-Hte,30,607.5053,10,615.3076,NA,NA,NA,120,0,1,584,645,FALSE,1.040248801369863,0.987319675557396,NA,0.9418686821705426,TRUE,FALSE,ICOS,EUF,v1.3,EUF_DE-Hte_FLUXNET_2009-2018_v1.3_r2.zip,zbIc22jMQSru_HymYjw5kWC-,1.1044520547945205,FALSE,FALSE,FALSE,120,20.155099999999997,624.8449,563.8449,bio12
DE-Kli,30,785.4598666666667,3,584.976,2,0.8845000000000001,324.96,36,2,0.9444444444444444,826,756,FALSE,0.9509199354318,1.342721524757711,2.417097078614804,1.038968077601411,TRUE,FALSE,ICOS,ICOS,v1.3,ICOS_DE-Kli_FLUXNET_2018-2024_v1.3_r1.zip,ViYMPdxbY25optpqiQ7OVgXN,0.9152542372881356,FALSE,FALSE,FALSE,31,19.057548387096773,736.9424516129033,806.9424516129033,badm
DE-Lnf,30,572.2909333333333,19,586.9763684210526,43,1.7224883720930233,628.1575813953489,228,43,0.8114035087719298,849,0,FALSE,0.674076482135846,0.9749812158073372,0.911062685993669,Inf,FALSE,FALSE,ICOS,EUF,v1.3,EUF_DE-Lnf_FLUXNET_2002-2024_v1.3_r1.zip,Iy6uj-QptZzaR9BFnqiv4hF6,0,FALSE,TRUE,TRUE,175,19.08624,19.08624,829.91376,badm
DE-Msr,30,1160.6819666666668,1,1151.378,5,2.3644,855.78,12,5,0.5833333333333333,1146,1383,FALSE,1.0128114892379292,1.0080807229829534,1.356285454984537,0.8392494335984575,TRUE,FALSE,ICOS,ICOS,v1.3,ICOS_DE-Msr_FLUXNET_2020-2025_v1.3_r1.zip,PSOHmMVaU1pPQSoGDVJRPW6y,1.206806282722513,FALSE,FALSE,FALSE,7,44.537142857142854,1338.462857142857,1101.462857142857,bio12
DE-Obe,30,965.455,13,957.9663076923076,NA,NA,NA,156,0,1,809,981,FALSE,1.1933930778739184,1.0078172815135138,NA,0.9841539245667684,TRUE,FALSE,ICOS,EUF,v1.3,EUF_DE-Obe_FLUXNET_2008-2024_v1.3_r1.zip,mk-YBqXT0YwbluI9V726yD2d,1.2126081582200248,FALSE,FALSE,FALSE,134,31.56573134328358,949.4342686567164,777.4342686567164,bio12
DE-RuC,30,1153.0368666666666,8,1124.66275,13,2.8056923076923077,1024.6061538461538,96,13,0.8645833333333334,1131,1250,FALSE,1.0194844090775124,1.0252290001306317,1.125346419537313,0.9224294933333332,FALSE,FALSE,ICOS,EUF,v1.3,EUF_DE-RuC_FLUXNET_2013-2024_v1.3_r1.zip,MKtmPmXNZnCQc-p38RBQGATH,1.1052166224580018,FALSE,FALSE,TRUE,76,35.014736842105265,1214.9852631578947,1095.9852631578947,bio12
DE-RuM,30,507.6691333333333,9,497.09366666666665,8,1.4845,540.501,108,8,0.925925925925926,719,750,FALSE,0.7060766805748725,1.021274595465241,0.9392566032871972,0.6768921777777778,TRUE,FALSE,ICOS,EUF,v1.3,EUF_DE-RuM_FLUXNET_2011-2019_v1.3_r1.zip,u8eIM1nL0KdiWr-MLixNMsMS,1.043115438108484,FALSE,FALSE,TRUE,75,15.76848,734.23152,703.23152,bio12
DE-RuR,30,884.6440333333334,10,857.4574,7,2.0365714285714285,741.8022857142857,120,7,0.9416666666666668,1066,1033,FALSE,0.8298724515322077,1.0317061038056623,1.1925604037220032,0.8563833817360439,TRUE,FALSE,ICOS,ICOS,v1.3,ICOS_DE-RuR_FLUXNET_2011-2025_v1.3_r1.zip,Vs7FI6NOiRl_VH7Wkclfl_3t,0.9690431519699813,FALSE,FALSE,FALSE,109,27.97067889908257,1005.0293211009174,1038.0293211009175,badm
DE-RuS,30,571.5275666666666,10,551.9577,16,1.3615,498.08399999999995,120,16,0.8666666666666667,714,698,FALSE,0.800458776844071,1.0354553739655532,1.147452170048961,0.8188074021012416,FALSE,FALSE,ICOS,ICOS,v1.3,ICOS_DE-RuS_FLUXNET_2011-2024_v1.3_r1.zip,9m1zuO-nvw0zGnEdt0qo3Xzw,0.9775910364145658,FALSE,FALSE,FALSE,84,18.187571428571427,679.8124285714285,695.8124285714285,badm
DE-RuW,30,1095.6656,10,1043.6379,4,2.7895,1026.339,120,4,0.9666666666666668,1152,1250,FALSE,0.9510986111111112,1.0498522523952034,1.067547467259843,0.8765324800000001,TRUE,FALSE,ICOS,ICOS,v1.3,ICOS_DE-Kli_FLUXNET_2004-2025_v1.3_r1.zip,mlrCmtpUu7ZzEbkvYEK1DpMg,1.0850694444444444,FALSE,FALSE,TRUE,105,32.18788571428571,1217.8121142857142,1119.8121142857142,bio12
DE-Seh,30,513.2817333333334,4,559.646,6,1.4903333333333333,540.266,48,6,0.875,714,693,FALSE,0.7188819794584501,0.9171542963468576,0.9500537389606848,0.7406662818662819,TRUE,FALSE,ICOS,EUF,v1.3,EUF_DE-Seh_FLUXNET_2007-2010_v1.3_r1.zip,CpSdf06dlgeBWeO1tSHFwc2D,0.9705882352941176,FALSE,FALSE,FALSE,36,18.247999999999998,674.752,695.752,badm
DE-Tha,30,804.5215333333333,25,806.2805999999999,11,1.4802727272727274,537.9370909090909,300,11,0.9633333333333334,737,829,FALSE,1.0916167345092718,0.997818294689632,1.49556806349554,0.9704722959388822,TRUE,FALSE,ICOS,ICOS,v1.3,ICOS_DE-Tha_FLUXNET_1996-2025_v1.3_r1.zip,3LQRnWuwu9ngPJQCQu2r2DTy,1.12483039348711,FALSE,FALSE,FALSE,270,26.93328888888889,802.0667111111111,710.0667111111111,bio12
DK-Gds,30,918.4582666666666,1,1016.763,6,2.9135,1051.312,12,6,0.5,795,883,FALSE,1.1552934171907756,0.9033159808791889,0.8736305365739824,1.0401565873914684,TRUE,FALSE,ICOS,ICOS,v1.3,ICOS_DK-Gds_FLUXNET_2020-2022_v1.3_r1.zip,vDQDn0hIxnz9gRAIc3duWbUE,1.110691823899371,FALSE,FALSE,FALSE,5,30.7656,852.2344,764.2344,bio12
DK-Skj,30,779.0029666666667,1,1034.1530000000002,7,2.597,942.2348571428572,12,7,0.41666666666666663,813,809,FALSE,0.9581832308323084,0.7532763204928734,0.8267609298904954,0.9629208487845076,TRUE,FALSE,ICOS,ICOS,v1.3,ICOS_DK-Skj_FLUXNET_2020-2022_v1.3_r1.zip,JPkhq8xhlXF20Cijd7pHUd-T,0.995079950799508,TRUE,FALSE,FALSE,2,49.92,759.08,763.08,badm
DK-Sor,30,775.8816333333333,25,819.50636,13,1.617846153846154,589.3735384615385,300,13,0.9566666666666668,613,640,FALSE,1.2657122892876562,0.9467670675958308,1.3164514229102364,1.2123150520833332,FALSE,FALSE,ICOS,ICOS,v1.3,ICOS_DK-Sor_FLUXNET_1996-2024_v1.3_r1.zip,lwXfRUVQCnuq5OcIe-F6tpib,1.0440456769983686,FALSE,FALSE,FALSE,242,27.4959173553719,612.504082644628,585.504082644628,bio12
DK-Vng,30,886.9529,1,967.089,9,2.698888888888889,981.5026666666668,12,9,0.25,822,961,FALSE,1.0790181265206813,0.9171367888581092,0.903668354781172,0.9229478668054112,TRUE,FALSE,ICOS,ICOS,v1.3,ICOS_DK-Vng_FLUXNET_2020-2023_v1.3_r1.zip,SdbEo5oQOf__w-zjUCIB3EOL,1.1690997566909975,FALSE,FALSE,FALSE,2,23.814,937.186,798.186,bio12
ES-Agu,30,265.89203333333336,15,267.09246666666667,41,0.723390243902439,263.97804878048777,180,41,0.7722222222222223,254,0,FALSE,1.0468190288713912,0.9955055515106256,1.0072505443603652,Inf,FALSE,FALSE,ICOS,EUF,v1.3,EUF_ES-Agu_FLUXNET_2006-2024_v1.3_r1.zip,smUITWSfoJ6VoyqONgDBxTSn,0,FALSE,TRUE,TRUE,126,8.676571428571428,8.676571428571428,245.32342857142856,badm
ES-Amo,30,240.4131,13,250.38123076923077,35,0.7089428571428572,259.1094857142857,156,35,0.7756410256410257,219,0,FALSE,1.0977767123287672,0.9601881868756444,0.9278436848317402,Inf,FALSE,FALSE,ICOS,EUF,v1.3,EUF_ES-Amo_FLUXNET_2007-2019_v1.3_r1.zip,O6rek4-yeo_2LQrvCqM88Xvf,0,FALSE,TRUE,TRUE,115,8.241391304347827,8.241391304347827,210.75860869565219,badm
ES-HeB,30,226.37313333333333,2,276.7105,1,2.262,841.4639999999999,24,1,0.9583333333333334,339,332,FALSE,0.667767354965585,0.8180865320735329,0.2690229568149479,0.6818467871485944,TRUE,FALSE,ICOS,EUF,v1.3,EUF_ES-HeB_FLUXNET_2019-2024_v1.3_r1.zip,K1e9bqWUrsIlqHjlDzbl2VzM,0.9793510324483776,FALSE,FALSE,FALSE,21,8.454857142857144,323.5451428571429,330.5451428571429,badm
ES-Hen,30,196.6684,2,251.729,NA,NA,NA,24,0,1,329,332,FALSE,0.597776291793313,0.7812703343675141,NA,0.5923746987951807,TRUE,FALSE,ICOS,EUF,v1.3,EUF_ES-Hen_FLUXNET_2019-2024_v1.3_r1.zip,MFHVWXPN9W_gfpI8fA4UtBVf,1.0091185410334347,TRUE,FALSE,FALSE,24,8.2585,323.7415,320.7415,bio12
ES-LJu,30,540.1769666666667,17,591.0045294117647,30,1.5909,580.3844,204,30,0.8529411764705882,527,400,FALSE,1.025003731815307,0.9139980148786888,0.930722753173012,1.3504424166666666,FALSE,FALSE,ICOS,EUF,v1.3,EUF_ES-LJu_FLUXNET_2004-2024_v1.3_r1.zip,TWomFhgjVCGRurmVpcaHcRD5,0.7590132827324478,FALSE,TRUE,TRUE,146,19.251616438356166,380.74838356164383,507.74838356164383,badm
ES-LM1,30,695.5762,7,649.9458571428571,2,6.231,2202.804,84,2,0.9761904761904762,465,700,FALSE,1.4958627956989248,1.0702063754321514,0.3157685386443823,0.9936802857142856,TRUE,FALSE,ICOS,EUF,v1.3,EUF_ES-LM1_FLUXNET_2014-2024_v1.3_r1.zip,9c9e--DRFTTyhtl6c0lcA3O6,1.5053763440860215,FALSE,TRUE,TRUE,81,20.10088888888889,679.8991111111111,444.8991111111111,bio12
ES-LM2,30,673.2625666666667,7,615.299,2,6.031000000000001,2132.094,84,2,0.9761904761904762,465,700,FALSE,1.447876487455197,1.0942039019511922,0.31577527382313664,0.9618036666666666,TRUE,FALSE,ICOS,EUF,v1.3,EUF_ES-LM2_FLUXNET_2014-2024_v1.3_r1.zip,CgWe1iCQaO3oYYxgSMEe1BSq,1.5053763440860215,FALSE,TRUE,TRUE,81,18.986518518518515,681.0134814814814,446.0134814814815,bio12
ES-LMa,30,723.3152666666666,1,614.5530000000001,NA,NA,NA,12,0,1,465,670,FALSE,1.5555167025089605,1.1769778467710132,NA,1.0795750248756215,TRUE,FALSE,ICOS,ICOS,v1.3,ICOS_ES-LMa_FLUXNET_2020-2025_v1.3_r1.zip,WHuC_WF5n_uhQMHgTWaBSmrr,1.4408602150537635,FALSE,FALSE,FALSE,12,20.098,649.902,444.902,bio12
ES-Mcd,30,366.7046666666667,3,483.475,7,1.224,437.7891428571429,36,7,0.8055555555555556,427,470,FALSE,0.858793130366901,0.7584769981212405,0.837628508266428,0.780222695035461,TRUE,FALSE,ICOS,EUF,v1.3,EUF_ES-Mcd_FLUXNET_2018-2024_v1.3_r1.zip,jyX3FQLrXu_wjllntwoO10IQ,1.100702576112412,FALSE,FALSE,FALSE,19,19.169684210526313,450.8303157894737,407.8303157894737,bio12
ES-Pzb,30,502.4209,1,478.322,8,1.100125,404.1105,12,8,0.33333333333333337,571,500,FALSE,0.8798964973730298,1.0503821693336288,1.2432760346489389,1.0048418,TRUE,FALSE,ICOS,EUF,v1.3,EUF_ES-Pzb_FLUXNET_2020-2024_v1.3_r1.zip,7xwSGufRWY7Duyrf11N282pK,0.8756567425569177,FALSE,TRUE,TRUE,3,22.084,477.916,548.916,badm
ES-Yst,30,398.3828,2,448.321,2,2.1174999999999997,767.184,24,2,0.9166666666666666,451,530,FALSE,0.8833321507760532,0.8886106160541218,0.5192793384637844,0.7516656603773585,TRUE,FALSE,ICOS,EUF,v1.3,EUF_ES-Yst_FLUXNET_2019-2024_v1.3_r2.zip,sHycwsOK158vpmp0rDH1ujPO,1.1751662971175165,FALSE,FALSE,FALSE,14,16.87457142857143,513.1254285714285,434.1254285714286,bio12
FI-Hyy,30,688.5662333333333,24,684.7968333333333,100,1.80899,661.8611999999999,288,100,0.6527777777777778,663,711,FALSE,1.0385614379084966,1.0055044062947136,1.04034838925946,0.9684475855602438,FALSE,FALSE,ICOS,ICOS,v1.3,ICOS_FI-Hyy_FLUXNET_1997-2025_v1.3_r1.zip,oIJ9cFYf8Q0e9nfMRRS-90vM,1.0723981900452488,FALSE,FALSE,FALSE,185,23.032864864864866,687.9671351351351,639.9671351351351,bio12
FI-Ken,30,627.2816,3,644.474,NA,NA,NA,36,0,1,524,484,FALSE,1.197102290076336,0.9733233613768748,NA,1.2960363636363637,TRUE,FALSE,ICOS,ICOS,v1.3,ICOS_FI-Ken_FLUXNET_2018-2025_v1.3_r1.zip,Ri-8dhfYd2gnZiThyc9UXyZe,0.9236641221374046,FALSE,FALSE,FALSE,36,21.090333333333334,462.9096666666667,502.9096666666667,badm
FI-Let,30,567.3241666666667,12,556.746,18,1.2153888888888889,442.6113333333333,144,18,0.875,664,627,FALSE,0.8544038654618473,1.0189999868282245,1.2817660189451394,0.9048232323232324,FALSE,FALSE,ICOS,ICOS,v1.3,ICOS_FI-Let_FLUXNET_2010-2025_v1.3_r1.zip,lJA2M5NajEvo4LNStPxtuMhX,0.9442771084337349,FALSE,FALSE,FALSE,109,17.89893577981651,609.1010642201835,646.1010642201835,badm
FI-Qvd,30,678.2785,3,717.568,4,1.3245,477.801,36,4,0.8888888888888888,677,650,FALSE,1.0018884785819793,0.9452463041830182,1.419583676049234,1.0435053846153846,TRUE,FALSE,ICOS,EUF,v1.3,EUF_FI-Qvd_FLUXNET_2018-2023_v1.3_r1.zip,UuvYrldK3v4VzDgfH6nC0ed7,0.9601181683899557,FALSE,FALSE,TRUE,29,24.45806896551724,625.5419310344828,652.5419310344828,badm
FI-Rk2,30,544.0927,1,656.362,NA,NA,NA,12,0,1,643,644,FALSE,0.8461783825816486,0.8289521635926517,NA,0.8448644409937889,TRUE,FALSE,ICOS,EUF,v1.3,EUF_FI-Rk2_FLUXNET_2020-2023_v1.3_r1.zip,Agmj31O2_U5UxIfjk_idGdLg,1.0015552099533438,TRUE,FALSE,FALSE,9,21.190666666666665,622.8093333333334,621.8093333333334,bio12
FI-Sii,30,574.4364,3,550.4456666666667,NA,NA,NA,36,0,1,665,711,FALSE,0.863814135338346,1.0435841987432002,NA,0.8079274261603376,TRUE,FALSE,ICOS,ICOS,v1.3,ICOS_FI-Sii_FLUXNET_2018-2024_v1.3_r1.zip,mkbfyrZKqg3Djz0tW1rRap1c,1.069172932330827,FALSE,FALSE,FALSE,33,18.74036363636364,692.2596363636363,646.2596363636363,bio12
FI-Var,30,521.9297333333334,5,527.6828,NA,NA,NA,60,0,1,576,601,FALSE,0.9061280092592594,0.989097490638947,NA,0.8684354963948975,TRUE,FALSE,ICOS,ICOS,v1.3,ICOS_FI-Var_FLUXNET_2016-2025_v1.3_r1.zip,yu-qbz8ScXeQLBioQVflVJIq,1.0434027777777777,FALSE,FALSE,FALSE,60,17.309199999999997,583.6908,558.6908,bio12
FR-Aur,30,685.2822333333334,16,653.3489999999999,NA,NA,NA,192,0,1,830,668.5,FALSE,0.8256412449799198,1.0488762259272355,NA,1.0251043131388682,TRUE,FALSE,ICOS,ICOS,v1.3,ICOS_FR-Aur_FLUXNET_2005-2024_v1.3_r1.zip,R0Wn1kGceDx6Zq8pJq_typhu,0.805421686746988,FALSE,FALSE,FALSE,180,21.572533333333332,646.9274666666666,808.4274666666666,badm
FR-Bil,30,927.2640666666668,7,1010.5351428571428,6,3.4113333333333333,1230.392,84,6,0.9285714285714286,934,960.1,FALSE,0.992788079942898,0.9175970506527472,0.7536330426942525,0.9657994653334724,TRUE,FALSE,ICOS,ICOS,v1.3,ICOS_FR-Bil_FLUXNET_2014-2025_v1.3_r1.zip,OHrM-TP6a33pLElt40MWm6rD,1.0279443254817988,FALSE,FALSE,FALSE,69,33.38417391304348,926.7158260869566,900.6158260869565,bio12
FR-CLt,30,1523.7227666666668,2,1490.126,NA,NA,NA,24,0,1,1403,1312,FALSE,1.086046162984082,1.022546258951704,NA,1.1613740599593496,TRUE,FALSE,ICOS,ICOS,v1.3,ICOS_FR-CLt_FLUXNET_2019-2025_v1.3_r1.zip,Ioa3MKkE2Hh0vcxOxxeZ6vER,0.9351389878831077,FALSE,FALSE,FALSE,22,46.74545454545455,1265.2545454545455,1356.2545454545455,badm
FR-EM2,30,647.6893333333334,4,630.5425,2,1.9665,700.164,48,2,0.9583333333333334,666,680,FALSE,0.9725065065065066,1.0271937789020302,0.925053749312066,0.9524843137254904,TRUE,FALSE,ICOS,ICOS,v1.3,ICOS_FR-EM2_FLUXNET_2017-2025_v1.3_r1.zip,tqY53lt1dCh3HZXtN-rLGEp5,1.021021021021021,FALSE,FALSE,FALSE,44,20.757272727272728,659.2427272727273,645.2427272727273,bio12
FR-FBn,30,625.6768333333333,13,685.2694615384615,NA,NA,NA,156,0,1,691,700,FALSE,0.9054657501205982,0.913037671237618,NA,0.8938240476190475,TRUE,FALSE,ICOS,ICOS,v1.3,ICOS_FR-FBn_FLUXNET_2008-2024_v1.3_r1.zip,dw5JqZoWiNVw0JQS-QXykPY6,1.0130246020260492,TRUE,TRUE,TRUE,148,21.72616216216216,678.2738378378378,669.2738378378378,bio12
FR-Fon,30,499.1001333333333,2,619.1895,9,1.1854444444444443,433.384,24,9,0.625,627,678.99,FALSE,0.7960129718234981,0.8060539355614611,1.1516348857672023,0.7350625684227062,TRUE,FALSE,ICOS,ICOS,v1.3,ICOS_FR-Fon_FLUXNET_2019-2024_v1.3_r1.zip,vgMluaOupOEt-hzl3RWXI99X,1.0829186602870813,FALSE,FALSE,FALSE,9,19.802666666666667,659.1873333333333,607.1973333333333,bio12
FR-Gri,30,574.3015,17,583.4482352941177,4,1.4874999999999998,546.183,204,4,0.9803921568627452,626,597.38,FALSE,0.917414536741214,0.9843229703325664,1.0514818293502362,0.9613671364960328,TRUE,FALSE,ICOS,ICOS,v1.3,ICOS_FR-Gri_FLUXNET_2004-2025_v1.3_r1.zip,gsAnVUkxq-6VBt2qu1hewpGD,0.9542811501597444,FALSE,FALSE,FALSE,194,19.320494845360827,578.0595051546392,606.6795051546392,badm
FR-Hes,30,915.2581333333334,24,927.8220833333334,42,2.469190476190476,903.0968571428572,288,42,0.8541666666666666,776,889,FALSE,1.179456357388316,0.9864586646236504,1.0134661925731323,1.0295367079115112,FALSE,FALSE,ICOS,ICOS,v1.3,ICOS_FR-Hes_FLUXNET_1997-2025_v1.3_r1.zip,Di7uhs3hUdH1SvS0f0Wv5vjH,1.1456185567010309,FALSE,FALSE,FALSE,238,30.04033613445378,858.9596638655462,745.9596638655462,bio12
FR-LBr,30,1013.2421333333332,11,983.4321818181818,24,3.402875,1242.5504999999998,132,24,0.8181818181818181,909,900,FALSE,1.1146778144481115,1.030312157834858,0.8154534832454161,1.1258245925925925,FALSE,FALSE,ICOS,EUF,v1.3,EUF_FR-LBr_FLUXNET_1998-2008_v1.3_r1.zip,edFutLlMMA1D7S31ZC4pf2E2,0.9900990099009901,TRUE,TRUE,TRUE,106,30.65366037735849,869.3463396226415,878.3463396226415,badm
FR-LGt,30,676.7709333333333,4,673.62575,NA,NA,NA,48,0,1,705,699.75,FALSE,0.9599587706855792,1.0046690366770172,NA,0.9671610337025128,TRUE,FALSE,ICOS,ICOS,v1.3,ICOS_FR-LGt_FLUXNET_2017-2025_v1.3_r1.zip,UMboDXr3WG42YyPcyuL7LzHW,0.9925531914893617,TRUE,FALSE,FALSE,46,22.456434782608696,677.2935652173913,682.5435652173913,badm
FR-Mau,30,572.2459333333334,7,520.6894285714285,3,2.046333333333333,743.2760000000001,84,3,0.9642857142857144,776,600,FALSE,0.7374303264604811,1.099015846938464,0.7698969606624367,0.9537432222222224,TRUE,FALSE,ICOS,EUF,v1.3,EUF_FR-Mau_FLUXNET_2005-2011_v1.3_r1.zip,ebGKrL-UajXA0SkdfSt100r9,0.7731958762886598,FALSE,TRUE,TRUE,70,17.074114285714284,582.9258857142858,758.9258857142858,badm
FR-Mej,30,720.1868,2,805.683,NA,NA,NA,24,0,1,742,722,FALSE,0.9706021563342316,0.893883574557239,NA,0.9974886426592796,TRUE,FALSE,ICOS,ICOS,v1.3,ICOS_FR-Mej_FLUXNET_2019-2024_v1.3_r1.zip,89dJgrylR97XwCZTAHP5qw5a,0.9730458221024259,FALSE,FALSE,FALSE,23,26.897217391304345,695.1027826086956,715.1027826086956,badm
FR-Nzn,30,912.8696,5,909.0352,NA,NA,NA,60,0,1,918,655.6,FALSE,0.9944113289760348,1.004218098485075,NA,1.392418547895058,TRUE,FALSE,ICOS,EUF,v1.3,EUF_FR-Nzn_FLUXNET_2016-2024_v1.3_r1.zip,NySpPG4qsETA19sRa2e_ONBG,0.714161220043573,FALSE,FALSE,FALSE,59,29.87064406779661,625.7293559322034,888.1293559322033,badm
FR-Pue,30,930.8250333333332,21,915.4330476190476,NA,NA,NA,252,0,1,666,924,FALSE,1.3976351851851851,1.0168138847011463,NA,1.0073863997113996,TRUE,FALSE,ICOS,ICOS,v1.3,ICOS_FR-Pue_FLUXNET_2000-2025_v1.3_r1.zip,HaC9deo1SSLTZxUtYYJcdLAd,1.3873873873873874,FALSE,FALSE,FALSE,248,30.267580645161292,893.7324193548387,635.7324193548387,bio12
FR-Tou,30,616.5935333333333,3,703.4206666666665,NA,NA,NA,36,0,1,693,544,FALSE,0.8897453583453583,0.8765644265972663,NA,1.1334439950980393,TRUE,FALSE,ICOS,ICOS,v1.3,ICOS_FR-Tou_FLUXNET_2018-2024_v1.3_r1.zip,LZSDmUp2MspQPIyTfDwNXYhi,0.784992784992785,FALSE,FALSE,FALSE,36,23.070333333333334,520.9296666666667,669.9296666666667,badm
GF-Guy,30,2487.7836333333335,4,3039.48175,NA,NA,NA,48,0,1,2796,3101,FALSE,0.8897652479732953,0.8184894129840831,NA,0.8022520584757605,TRUE,FALSE,ICOS,ICOS,v1.3,ICOS_GF-Guy_FLUXNET_2017-2024_v1.3_r1.zip,3jDZZoDeBw29TRwEqPKQozcn,1.1090844062947067,FALSE,FALSE,FALSE,48,99.83275,3001.16725,2696.16725,bio12
GH-Ank,30,1861.9027,4,1904.737,25,5.6582,2062.72368,48,25,0.47916666666666663,1874,1900,FALSE,0.9935446638207044,0.9775116984654576,0.9026428105969094,0.9799487894736842,FALSE,FALSE,ICOS,EUF,v1.3,EUF_GH-Ank_FLUXNET_2011-2014_v1.3_r1.zip,KGeOFn8sIXSOmMXfGprQynOP,1.0138740661686232,TRUE,TRUE,TRUE,15,42.742399999999996,1857.2576,1831.2576,bio12
GL-NuF,30,861.8119,2,666.9665,3,1.3686666666666667,503.576,24,3,0.875,726,782,FALSE,1.1870687327823692,1.2921367115139966,1.711383981762435,1.102061253196931,TRUE,FALSE,ICOS,ICOS,v1.3,ICOS_GL-NuF_FLUXNET_2019-2024_v1.3_r1.zip,EfhStDGazgCMZH4SX2aNUPlt,1.0771349862258952,FALSE,FALSE,FALSE,12,22.334,759.666,703.666,bio12
ID-JOP,30,2024.7450666666664,7,1865.2654285714289,16,4.8179375,1754.1570000000002,84,16,0.8095238095238095,2569,2235,FALSE,0.788145218632412,1.0854997018935693,1.1542553298631002,0.9059262043251304,FALSE,FALSE,ICOS,FLX,v1.3,FLX_ID-JOP_FLUXNET_2014-2024_v1.3_r1.zip,PPguZ8g7dO0HMK1i3qLRsXdQ,0.8699883223043986,FALSE,FALSE,FALSE,47,58.97208510638298,2176.027914893617,2510.027914893617,badm
ID-PaB,30,2539.1999333333333,13,2626.6183076923076,3,8.743,3199.996,156,3,0.9807692307692308,2396,2640,FALSE,1.0597662493043962,0.9667182802682212,0.7935009710428804,0.9618181565656566,TRUE,FALSE,ICOS,JPF,v1.3,JPF_ID-PaB_FLUXNET_2004-2016_v1.3_r1.zip,MpLHCY-ecJkBO48pW8l-Tra-,1.1018363939899833,FALSE,FALSE,FALSE,152,85.7763947368421,2554.223605263158,2310.223605263158,bio12
ID-Pag,30,2590.3433666666665,15,2678.742133333333,18,7.6225,2786.7646666666665,180,18,0.9,2401,2663,FALSE,1.0788602110231846,0.966999896867017,0.9295163662904676,0.9727162473400924,FALSE,FALSE,ICOS,JPF,v1.3,JPF_ID-Pag_FLUXNET_2004-2018_v1.3_r1.zip,I6zVvSdiWHZ4d2Bal9dhQhoi,1.1091211995002082,FALSE,FALSE,FALSE,161,87.80921739130434,2575.190782608696,2313.190782608696,bio12
IE-CaC,30,507.0819,5,475.9826000000001,7,1.1641428571428571,428.2337142857143,60,7,0.8833333333333333,883,804,FALSE,0.5742716874292186,1.065337052236783,1.1841241898616108,0.630698880597015,TRUE,FALSE,ICOS,EUF,v1.3,EUF_IE-CaC_FLUXNET_2003-2007_v1.3_r1.zip,olP0y9DuPPJFn_A3uWTEjEFU,0.9105322763306908,FALSE,FALSE,FALSE,40,15.1443,788.8557,867.8557,badm
IE-CaN,30,507.0819,5,475.9826000000001,7,1.1641428571428571,428.2337142857143,60,7,0.8833333333333333,883,804,FALSE,0.5742716874292186,1.065337052236783,1.1841241898616108,0.630698880597015,TRUE,FALSE,ICOS,EUF,v1.3,EUF_IE-CaN_FLUXNET_2003-2007_v1.3_r1.zip,fqas87xDJV_zXM6w23MBsleq,0.9105322763306908,FALSE,FALSE,FALSE,40,15.1443,788.8557,867.8557,badm
IL-RmH,30,560.337,6,594.5219999999999,25,1.55112,559.35888,72,25,0.6527777777777778,561,516,FALSE,0.9988181818181818,0.9425000252303531,1.001748644805639,1.085924418604651,FALSE,FALSE,ICOS,EUF,v1.3,EUF_IL-RmH_FLUXNET_2015-2020_v1.3_r1.zip,BDfZZGumiN8Ci3FRoFGYGKdQ,0.9197860962566845,FALSE,FALSE,FALSE,44,21.325636363636363,494.67436363636364,539.6743636363636,badm
IL-Yat,30,241.56693333333337,21,236.60380952380953,47,0.5311702127659574,193.1548085106383,252,47,0.8134920634920635,300,275.6,FALSE,0.8052231111111111,1.0209765169018734,1.2506389832900726,0.8765128205128204,FALSE,FALSE,ICOS,EUF,v1.3,EUF_IL-Yat_FLUXNET_2000-2024_v1.3_r1.zip,ddBS_ZLjXuBI8SSQV2cskqda,0.9186666666666667,FALSE,FALSE,FALSE,192,7.605937500000001,267.99406250000004,292.3940625,badm
IT-BCi,30,952.5521666666668,17,1019.347294117647,46,2.6582391304347825,962.4680869565218,204,46,0.7745098039215687,1039,947.14,FALSE,0.916797080526147,0.9344726494724268,0.989697403556298,1.0057142203546114,FALSE,FALSE,ICOS,ICOS,v1.3,ICOS_IT-BCi_FLUXNET_2004-2025_v1.3_r1.zip,2LNryh4qBQqqtGj-L8ONRyxA,0.9115880654475457,FALSE,FALSE,FALSE,123,33.83853658536585,913.3014634146341,1005.1614634146341,badm
IT-BFt,30,593.8098666666667,2,737.185,NA,NA,NA,24,0,1,678,697,FALSE,0.8758257620452311,0.8055099692297955,NA,0.8519510282161646,TRUE,FALSE,ICOS,ICOS,v1.3,ICOS_IT-BFt_FLUXNET_2019-2024_v1.3_r1.zip,IUOlBlndAhz4kdSgYJUDyq-D,1.028023598820059,FALSE,FALSE,FALSE,24,24.069,672.931,653.931,bio12
IT-CA1,30,710.4101666666667,4,764.6959999999999,10,1.9415,707.9796,48,10,0.7916666666666666,332,766,FALSE,2.139789658634538,0.9290099159230162,1.0034331026863863,0.9274284160139252,TRUE,FALSE,ICOS,EUF,v1.3,EUF_IT-CA1_FLUXNET_2011-2014_v1.3_r1.zip,JaiQh6fJCspNapWnx20Mx_-J,2.3072289156626504,FALSE,FALSE,FALSE,23,18.97565217391304,747.0243478260869,313.02434782608697,bio12
IT-CA2,30,712.568,4,766.821,10,1.9474,710.1324,48,10,0.7916666666666666,332,766,FALSE,2.146289156626506,0.929249459782661,1.0034297829531509,0.9302454308093996,TRUE,FALSE,ICOS,EUF,v1.3,EUF_IT-CA2_FLUXNET_2011-2014_v1.3_r2.zip,4nX2fCUltlN4ejOTF1KYMSzf,2.3072289156626504,FALSE,FALSE,FALSE,24,19.183500000000002,746.8165,312.8165,bio12
IT-CA3,30,657.6251,4,708.37125,15,1.6432,600.4392,48,15,0.6875,332,766,FALSE,1.9807984939759036,0.9283622111992827,1.095240117567274,0.858518407310705,FALSE,FALSE,ICOS,EUF,v1.3,EUF_IT-CA3_FLUXNET_2011-2014_v1.3_r2.zip,MAXpa5PAn0L1aK-6zb-kcOs7,2.3072289156626504,FALSE,FALSE,FALSE,20,19.2426,746.7574,312.7574,bio12
IT-Cp2,30,732.0159,9,695.5790000000001,39,2.614871794871795,950.872923076923,108,39,0.6388888888888888,752,601,FALSE,0.9734253989361702,1.05238355384507,0.7698356764974176,1.2179965058236273,FALSE,FALSE,ICOS,ICOS,v1.3,ICOS_IT-Cp2_FLUXNET_2012-2025_v1.3_r1.zip,Oz2rJQyIT8nYjOwvl4nCxlsl,0.7992021276595744,FALSE,FALSE,FALSE,62,17.718387096774194,583.2816129032258,734.2816129032258,badm
IT-Lav,30,1093.9326666666666,18,1116.0519444444444,29,2.4224827586206894,880.7222068965518,216,29,0.8657407407407407,575,1291,FALSE,1.9024915942028984,0.980180781111592,1.242085935951832,0.8473529563645752,FALSE,FALSE,ICOS,EUF,v1.3,EUF_IT-Lav_FLUXNET_2003-2020_v1.3_r1.zip,XKQE9dtAKgDbkY1obJ-3Ym4s,2.245217391304348,FALSE,FALSE,FALSE,163,37.57406134969325,1253.4259386503068,537.4259386503068,bio12
IT-Lsn,30,997.6444666666666,5,1060.2716,7,3.916714285714286,1418.892,60,7,0.8833333333333333,970,1100,FALSE,1.0284994501718212,0.9409329332848928,0.7031151537020905,0.9069495151515152,TRUE,FALSE,ICOS,ICOS,v1.3,ICOS_IT-Lsn_FLUXNET_2016-2024_v1.3_r1.zip,wjxZGQl8gUxBPVKPVlu4-g5L,1.134020618556701,FALSE,TRUE,TRUE,49,32.847428571428566,1067.1525714285715,937.1525714285715,bio12
IT-MBo,30,24150.380833333333,18,27391.543777777773,8,69.3395,25559.4495,216,8,0.962962962962963,407,1365,TRUE,59.33754504504504,0.8816728633209081,0.9448709305469716,17.692586691086692,TRUE,TRUE,ICOS,ICOS,v1.3,ICOS_IT-MBo_FLUXNET_2003-2025_v1.3_r1.zip,enS2fTzGG_9PS5-51hqet8iH,3.3538083538083536,FALSE,FALSE,FALSE,188,552.9868085106384,812.0131914893616,145.9868085106384,bio12
IT-Ren,30,866.1938666666667,22,1132.142590909091,110,2.393072727272727,875.6279999999999,264,110,0.5833333333333333,684,970.8,FALSE,1.2663653021442496,0.7650925542613214,0.9892258660831618,0.8922474934761709,FALSE,FALSE,ICOS,ICOS,v1.3,ICOS_IT-Ren_FLUXNET_1999-2025_v1.3_r1.zip,pNTPZfSPE9VmxdZ-g9ijYCSc,1.419298245614035,FALSE,FALSE,FALSE,81,33.38340740740741,937.4165925925926,650.6165925925926,bio12
IT-SR2,30,974.5438,8,1086.39475,3,1.8033333333333332,661.7040000000001,96,3,0.96875,886,950,FALSE,1.0999365688487586,0.8970439152066964,1.4727790673775585,1.0258355789473683,TRUE,FALSE,ICOS,ICOS,v1.3,ICOS_IT-SR2_FLUXNET_2013-2025_v1.3_r1.zip,xmKHyUZQfcLwolbWA7E2YEYg,1.072234762979684,FALSE,FALSE,TRUE,83,36.018361445783135,913.9816385542168,849.9816385542168,bio12
IT-SRo,30,913.3800333333334,14,887.778,21,2.528285714285714,920.9108571428573,168,21,0.875,886,920,FALSE,1.0309029721595184,1.0288383282006688,0.9918224182600166,0.992804384057971,FALSE,FALSE,ICOS,EUF,v1.3,EUF_IT-SRo_FLUXNET_1999-2012_v1.3_r1.zip,I0dHiKkliSYYaY8YAFuTO2MB,1.0383747178329572,FALSE,FALSE,FALSE,126,27.452190476190477,892.5478095238095,858.5478095238095,bio12
IT-Tor,30,851.8813,13,838.8596923076923,5,2.1698,796.8096,156,5,0.967948717948718,1272,945,FALSE,0.6697180031446541,1.015522986515761,1.0691152566434945,0.9014616931216932,TRUE,FALSE,ICOS,ICOS,v1.3,ICOS_IT-Tor_FLUXNET_2008-2024_v1.3_r1.zip,jpLpilIX0DYcAXQubpEJEEBn,0.7429245283018868,FALSE,FALSE,FALSE,145,27.018620689655172,917.9813793103448,1244.981379310345,badm
IT-TrF,30,926.6391666666668,9,934.1703333333334,5,2.2876,840.3408000000001,108,5,0.9537037037037036,1092,885,FALSE,0.8485706654456655,0.9919381226335954,1.1026944861735462,1.0470499058380416,TRUE,FALSE,ICOS,ICOS,v1.3,ICOS_IT-TrF_FLUXNET_2012-2024_v1.3_r1.zip,YwbRGa_5X4xiWtFOUz2_TvxL,0.8104395604395604,FALSE,FALSE,FALSE,100,29.92248,855.07752,1062.07752,badm
JP-Fhk,30,1844.7290333333333,15,1864.8458666666663,NA,NA,NA,180,0,1,1693,1831,FALSE,1.089621401850758,0.9892126026644276,NA,1.0074981066812307,TRUE,FALSE,ICOS,JPF,v1.3,JPF_JP-Fhk_FLUXNET_2006-2023_v1.3_r1.zip,5HO9DkOtLv80oPgti-3L_1gg,1.0815121086828117,FALSE,FALSE,FALSE,170,59.193741176470596,1771.8062588235293,1633.8062588235293,bio12
JP-Fjy,30,1969.4295333333332,20,1990.00175,NA,NA,NA,240,0,1,1693,1954,FALSE,1.163277928726127,0.9896622117710868,NA,1.0078963834868644,TRUE,FALSE,ICOS,JPF,v1.3,JPF_JP-Fjy_FLUXNET_2001-2021_v1.3_r1.zip,rPUO8Mfj9nIziKi_4d2XRkCh,1.154164205552274,FALSE,FALSE,FALSE,237,64.78926582278481,1889.2107341772153,1628.2107341772153,bio12
JP-Khw,30,2291.236,21,2276.938619047619,140,6.381114285714285,2328.143314285714,252,140,0.4444444444444444,2127,2130,FALSE,1.0772148566055475,1.0062792122865225,0.9841473185695884,1.0756976525821595,FALSE,FALSE,ICOS,JPF,v1.3,JPF_JP-Khw_FLUXNET_2000-2021_v1.3_r1.zip,ws7GV5BLwsKMaGOsosxNThpD,1.001410437235543,TRUE,FALSE,FALSE,112,72.52992857142857,2057.4700714285714,2054.4700714285714,bio12
JP-NsC,30,3140.8003,12,3218.0740833333334,90,8.790244444444445,3218.0308000000005,144,90,0.375,1326,1561,FALSE,2.368627677224736,0.9759875685480516,0.9760006958292629,2.0120437540038436,FALSE,FALSE,ICOS,JPF,v1.3,JPF_JP-NsC_FLUXNET_2004-2015_v1.3_r1.zip,9MJ6Rbkq1nwFkdiq96CdBSn_,1.1772247360482655,FALSE,FALSE,FALSE,51,97.13929411764705,1463.860705882353,1228.860705882353,bio12
JP-NsM,30,3140.8003,12,3218.0740833333334,90,8.790244444444445,3218.0308000000005,144,90,0.375,1326,1561,FALSE,2.368627677224736,0.9759875685480516,0.9760006958292629,2.0120437540038436,FALSE,FALSE,ICOS,JPF,v1.3,JPF_JP-NsM_FLUXNET_2004-2015_v1.3_r1.zip,qug7pUfVBqZPbH4yxh0PKfgu,1.1772247360482655,FALSE,FALSE,FALSE,51,97.13929411764705,1463.860705882353,1228.860705882353,bio12
JP-Spp,30,1191.5768666666663,19,1214.3505789473684,82,3.1634756097560977,1158.8263902439026,228,82,0.6403508771929824,1239,1150,FALSE,0.9617246704331448,0.9812461799125236,1.0282617626751414,1.0361537971014492,FALSE,FALSE,ICOS,JPF,v1.3,JPF_JP-Spp_FLUXNET_2000-2018_v1.3_r1.zip,js_dXPMf2Ctz9mN3PGXCd2zb,0.9281678773204197,FALSE,FALSE,TRUE,145,40.88044137931034,1109.1195586206898,1198.1195586206898,badm
JP-Srk,30,2521.610866666667,7,2663.0537142857142,12,7.3935,2708.619,84,12,0.8571428571428572,1534,3000,FALSE,1.6438141242937854,0.9468869715769196,0.9309581254014192,0.8405369555555556,FALSE,FALSE,ICOS,JPF,v1.3,JPF_JP-Srk_FLUXNET_2010-2016_v1.3_r1.zip,eFz2nv5isK9K_5qkLLh6xxAF,1.955671447196871,FALSE,TRUE,TRUE,69,87.67669565217392,2912.3233043478263,1446.323304347826,bio12
JP-Ta2,30,1755.004233333333,11,1702.5023636363635,4,4.09225,1475.571,132,4,0.9696969696969696,1765,1722,FALSE,0.9943366761095372,1.0308380597985376,1.189372950087345,1.019166221447929,TRUE,FALSE,ICOS,JPF,v1.3,JPF_JP-Ta2_FLUXNET_2005-2015_v1.3_r1.zip,CmfB4bc3xT3z8lqsrgqLbIGm,0.9756373937677054,FALSE,FALSE,FALSE,118,55.22857627118644,1666.7714237288135,1709.7714237288135,badm
JP-Tef,30,926.4751666666666,20,905.94485,10,2.0214,731.8884,240,10,0.9583333333333334,1113,1200,FALSE,0.8324125486672656,1.0226617731384715,1.2658694504061911,0.7720626388888888,TRUE,FALSE,ICOS,JPF,v1.3,JPF_JP-Tef_FLUXNET_2001-2023_v1.3_r1.zip,U36jKvGfGICHSJO01Sk4jEZT,1.0781671159029649,FALSE,TRUE,TRUE,227,29.945709251101324,1170.0542907488987,1083.0542907488987,bio12
KE-Mkt,30,287.7273333333333,2,443.5445,NA,NA,NA,24,0,1,645,450,FALSE,0.44608888888888887,0.6487000364863803,NA,0.639394074074074,TRUE,FALSE,ICOS,FLX,v1.3,FLX_KE-Mkt_FLUXNET_2019-2024_v1.3_r1.zip,-dDx4tGmNR4X0U5IZ1WtSjW_,0.6976744186046512,FALSE,FALSE,TRUE,24,14.488,435.512,630.512,badm
KR-AdC,30,1130.5096,4,897.817,2,1.007,356.98199999999997,48,2,0.9583333333333334,1166,1191.4,FALSE,0.9695622641509436,1.2591759790692314,3.1668532306951054,0.9488917240221588,TRUE,FALSE,ICOS,KOF,v1.3,KOF_KR-AdC_FLUXNET_2015-2018_v1.3_r1.zip,m5QvlBnkK_hdAFCUpmGPzXTI,1.0217838765008578,FALSE,FALSE,FALSE,41,30.877756097560976,1160.5222439024392,1135.122243902439,bio12
KR-CRK,30,1473.6751666666669,6,1291.8723333333332,7,3.220285714285714,1180.688571428571,72,7,0.9027777777777778,1248,1180.9,FALSE,1.1808294604700855,1.140728173088311,1.248148921170294,1.2479254523386116,TRUE,FALSE,ICOS,KOF,v1.3,KOF_KR-CRK_FLUXNET_2015-2021_v1.3_r1.zip,H8OP2ngO7ZJkZ087BV4UNehk,0.9462339743589744,FALSE,FALSE,FALSE,61,43.30327868852459,1137.5967213114754,1204.6967213114754,badm
KR-CmF,30,887.1627,8,768.1028749999999,NA,NA,NA,96,0,1,1281,1315.9,FALSE,0.6925548009367681,1.1550050505929952,NA,0.6741870202902955,TRUE,FALSE,ICOS,KOF,v1.3,KOF_KR-CmF_FLUXNET_2012-2019_v1.3_r1.zip,9yCK9zGwG8buI8JKtUWmROLY,1.0272443403590945,FALSE,FALSE,FALSE,90,25.754800000000003,1290.1452000000002,1255.2452,bio12
KR-GmP,30,1183.7456,4,1222.6915,32,2.4380312500000003,889.718625,48,32,0.33333333333333337,1230,1089.9,FALSE,0.9623947967479676,0.9681474026767996,1.330471866878138,1.0861047802550692,FALSE,FALSE,ICOS,KOF,v1.3,KOF_KR-GmP_FLUXNET_2011-2014_v1.3_r1.zip,0TTeq3pvvIas1NLdD2HMvWMC,0.8860975609756099,FALSE,FALSE,FALSE,7,88.76914285714287,1001.1308571428572,1141.230857142857,badm
KR-GmR,30,855.4794666666667,3,755.7193333333333,1,1.086,403.9920000000001,36,1,0.9722222222222222,1230,1089.9,FALSE,0.6955117615176152,1.1320068561608851,2.1175653643306465,0.7849155580022631,TRUE,FALSE,ICOS,KOF,v1.3,KOF_KR-GmR_FLUXNET_2017-2019_v1.3_r1.zip,Ssyo985v7h7CTmNEtvwTbQsE,0.8860975609756099,FALSE,FALSE,FALSE,31,26.691870967741934,1063.208129032258,1203.308129032258,badm
KR-GmS,30,1091.9351333333334,3,964.7363333333334,NA,NA,NA,36,0,1,1217,1089.9,FALSE,0.8972351136674884,1.1318482528386855,NA,1.0018672661100407,TRUE,FALSE,ICOS,KOF,v1.3,KOF_KR-GmS_FLUXNET_2017-2019_v1.3_r1.zip,5Kb3vNI8mqBd_eETiy2wuWSK,0.8955628594905506,FALSE,FALSE,FALSE,35,28.73314285714286,1061.1668571428572,1188.2668571428571,badm
KR-HPK,30,917.2693,3,920.415,7,2.0365714285714285,744.048,36,7,0.8055555555555556,1301,1282,FALSE,0.7050494235203689,0.9965823025483068,1.2328093080016342,0.7154986739469579,TRUE,FALSE,ICOS,KOF,v1.3,KOF_KR-HPK_FLUXNET_2016-2018_v1.3_r1.zip,zfSFiNxBUci2ScUx6BSMynNA,0.9853958493466565,TRUE,FALSE,FALSE,26,32.28415384615385,1249.715846153846,1268.715846153846,badm
KR-HcM,30,1108.4790333333333,4,873.89075,NA,NA,NA,48,0,1,1297,1388.9,FALSE,0.8546484451297867,1.2684412019847255,NA,0.7980985192118463,TRUE,FALSE,ICOS,KOF,v1.3,KOF_KR-HcM_FLUXNET_2015-2018_v1.3_r1.zip,j9Kwyg7s5TpieDfvx4qg9WSR,1.0708558211256747,FALSE,FALSE,FALSE,48,28.487000000000002,1360.413,1268.513,bio12
KR-JjM,30,3410.1683666666668,4,3586.629,10,9.6218,3519.3576000000003,48,10,0.7916666666666666,1956,1989.6,FALSE,1.7434398602590322,0.9508004219746918,0.9689746693165442,1.7139969675646698,TRUE,FALSE,ICOS,KOF,v1.3,KOF_KR-JjM_FLUXNET_2015-2018_v1.3_r1.zip,Wq4UZR5CnT0upivSDf3D8uUc,1.0171779141104293,TRUE,FALSE,FALSE,33,105.84545454545454,1883.7545454545455,1850.1545454545455,bio12
KR-Kw1,30,1376.1622666666667,5,1207.864,6,3.843,1414.616,60,6,0.9,1301,1332,FALSE,1.0577726876761466,1.139335443946228,0.9728168398114164,1.0331548548548548,TRUE,FALSE,ICOS,KOF,v1.3,KOF_KR-Kw1_FLUXNET_2016-2020_v1.3_r1.zip,1RvfmPwtVEtfGXXUyFU-U7CT,1.0238278247501922,FALSE,FALSE,FALSE,44,41.82054545454545,1290.1794545454545,1259.1794545454545,bio12
KR-Kw2,30,1286.2524,5,1144.6056,8,3.52875,1299.5475,60,8,0.8666666666666667,1301,1332,FALSE,0.9886644119907764,1.123751622392901,0.9897694389777978,0.9656549549549548,TRUE,FALSE,ICOS,KOF,v1.3,KOF_KR-Kw2_FLUXNET_2016-2020_v1.3_r1.zip,n2qEvY4a79bHgLKrB0qipAJ_,1.0238278247501922,FALSE,FALSE,FALSE,48,36.05825,1295.94175,1264.94175,bio12
KR-PcD,30,808.1657,4,672.1975,4,1.89925,700.896,48,4,0.9166666666666666,1375,1182.9,FALSE,0.5877568727272727,1.2022741828108554,1.1530465290142904,0.6832071180995857,TRUE,FALSE,ICOS,KOF,v1.3,KOF_KR-PcD_FLUXNET_2015-2018_v1.3_r1.zip,4wKzVD2bJxwyGKiuPS3-bBLW,0.8602909090909091,FALSE,FALSE,FALSE,41,22.04078048780488,1160.8592195121953,1352.9592195121952,badm
KR-ScC,30,1278.1100666666666,4,1195.228,8,2.70775,995.5995,48,8,0.8333333333333334,1226,1258.2,FALSE,1.0425041326808049,1.069344147448576,1.2837592492429604,1.0158242462777511,TRUE,FALSE,ICOS,KOF,v1.3,KOF_KR-ScC_FLUXNET_2015-2018_v1.3_r1.zip,6dwzloq1r3LGTyJ3wGCMxk0C,1.0262642740619903,FALSE,FALSE,FALSE,39,40.36153846153846,1217.8384615384616,1185.6384615384616,bio12
KR-SmM,30,960.8168,6,865.2808333333332,NA,NA,NA,72,0,1,1262,1295.8,FALSE,0.7613445324881141,1.1104103581014642,NA,0.7414854144158048,TRUE,FALSE,ICOS,KOF,v1.3,KOF_KR-SmM_FLUXNET_2015-2021_v1.3_r1.zip,VK7v0BF3ASSyw7wQ9MoSmq5T,1.026782884310618,FALSE,FALSE,FALSE,64,27.294562499999998,1268.5054375,1234.7054375,bio12
KR-UAO,30,941.6040333333332,3,877.0146666666667,5,1.0416,374.3784,36,5,0.8611111111111112,1137,1011.2,FALSE,0.8281477865728525,1.0736468489314508,2.5151131404304663,0.9311748747362868,TRUE,FALSE,ICOS,KOF,v1.3,KOF_KR-UAO_FLUXNET_2017-2019_v1.3_r1.zip,_55n5cfT3PjNVp8hjP7P_GLa,0.8893579595426562,FALSE,FALSE,FALSE,29,28.36551724137931,982.8344827586208,1108.6344827586206,badm
KR-WdE,30,1398.0235666666665,4,1464.688,NA,NA,NA,48,0,1,1490,1531.5,FALSE,0.9382708501118568,0.9544855741746135,NA,0.91284594624006965,TRUE,FALSE,ICOS,KOF,v1.3,KOF_KR-WdE_FLUXNET_2015-2018_v1.3_r1.zip,eX7IFzdl2WPUmwGiAQ3UI6RD,1.0278523489932887,FALSE,FALSE,FALSE,42,49.349714285714285,1482.1502857142857,1440.6502857142857,bio12
MX-Aog,30,788.7901,3,721.52,NA,NA,NA,36,0,1,689,732,FALSE,1.144833236574746,1.093233867391063,NA,1.0775821038251368,TRUE,FALSE,AmeriFlux,AMF,v1.3,AMF_MX-Aog_FLUXNET_2016-2018_v1.3_r1.zip,10.17190/AMF/3027343,1.0624092888243832,FALSE,FALSE,FALSE,36,23.595666666666666,708.4043333333333,665.4043333333333,bio12
MX-Tes,30,599.7412333333333,5,639.5994,7,0.9314285714285714,340.236,60,7,0.8833333333333333,676,647,FALSE,0.8871911735700196,0.9376826077906472,1.762721267982616,0.9269570839773312,TRUE,FALSE,AmeriFlux,AMF,v1.3,AMF_MX-Tes_FLUXNET_2004-2008_v1.3_r1.zip,10.17190/AMF/1832156,0.9571005917159763,FALSE,FALSE,FALSE,49,20.869469387755103,626.1305306122449,655.1305306122449,badm
MY-LHP,30,2605.437266666667,11,2728.385181818182,10,6.6634,2430.4716,132,10,0.9242424242424242,3088,2751,FALSE,0.8437296848013818,0.9549374787801832,1.071988360887108,0.9470873379377196,TRUE,FALSE,ICOS,JPF,v1.3,JPF_MY-LHP_FLUXNET_2009-2019_v1.3_r1.zip,ug2smfKpeFuNSWo-g_LKn8R4,0.8908678756476683,FALSE,FALSE,FALSE,121,89.16852892561982,2661.8314710743803,2998.8314710743803,badm
NL-Hrw,30,858.1188,10,874.4562999999999,4,3.0335,1092.468,120,4,0.9666666666666668,800,848,FALSE,1.0726485,0.98131696232276,0.7854864398774151,1.0119325471698113,TRUE,FALSE,ICOS,EUF,v1.3,EUF_NL-Hrw_FLUXNET_2001-2010_v1.3_r2.zip,PQYUjF6JlyFnKvHTnv1BfTHn,1.06,FALSE,FALSE,FALSE,115,28.62041739130435,819.3795826086956,771.3795826086956,bio12
NL-Vkp,30,819.0740333333333,7,825.6927142857143,NA,NA,NA,84,0,1,798,848,FALSE,1.0264085630743525,0.9919840870121924,NA,0.9658891902515724,TRUE,FALSE,ICOS,EUF,v1.3,EUF_NL-Vkp_FLUXNET_2014-2024_v1.3_r1.zip,yIhmJsmZaC0uHAABPhF1WTWL,1.06265664160401,FALSE,FALSE,FALSE,84,27.090714285714284,820.9092857142857,770.9092857142857,bio12
NO-And,30,9318.330766666666,7,8593.799285714285,55,23.558836363636363,8600.359636363635,84,55,0.34523809523809523,1202,1060,TRUE,7.752355047143649,1.0843086342680577,1.0834815241059617,8.790878081761006,FALSE,FALSE,ICOS,EUF,v1.3,EUF_NO-And_FLUXNET_2008-2014_v1.3_r1.zip,KkqfRlPbN-GjF2nQXq4edZ6A,0.8818635607321131,FALSE,FALSE,FALSE,28,287.2838571428572,772.7161428571428,914.7161428571428,badm
PA-SPn,30,2166.4429666666665,3,2244.8763333333336,8,6.04875,2223.237,36,8,0.7777777777777778,2671,2350,FALSE,0.81109807812305,0.965061163725574,0.9744543504208802,0.9218906241134752,TRUE,FALSE,ICOS,EUF,v1.3,EUF_PA-SPn_FLUXNET_2007-2009_v1.3_r1.zip,S5_n_nsdmDH3A4K0uyIhcfyM,0.8798202920254586,FALSE,FALSE,TRUE,27,76.21777777777777,2273.782222222222,2594.782222222222,badm
PA-SPs,30,2220.400633333333,4,2387.0805,13,6.695692307692307,2454.183692307692,48,13,0.7291666666666667,2671,2350,FALSE,0.8312993760139772,0.9301741744081664,0.90474101033793,0.9448513333333332,FALSE,FALSE,ICOS,EUF,v1.3,EUF_PA-SPs_FLUXNET_2007-2010_v1.3_r1.zip,IgPrzHJAztMihbt5A6F8ftZP,0.8798202920254586,FALSE,FALSE,TRUE,33,81.61054545454546,2268.3894545454546,2589.3894545454546,badm
PR-xGU,30,673.1688333333334,2,706.636,NA,NA,NA,24,0,1,1027,1168,FALSE,0.6554711132749108,0.9526387465871162,NA,0.5763431792237443,TRUE,FALSE,AmeriFlux,AMF,v1.3,AMF_PR-xGU_FLUXNET_2019-2024_v1.3_r1.zip,10.17190/AMF/3365270,1.1372930866601754,FALSE,FALSE,FALSE,24,23.097,1144.903,1003.903,bio12
PR-xLA,30,964.7648333333332,2,1024.2225,NA,NA,NA,24,0,1,1047,1168,FALSE,0.9214563833174148,0.9419484861280956,NA,0.8259972888127853,TRUE,FALSE,AmeriFlux,AMF,v1.3,AMF_PR-xLA_FLUXNET_2019-2024_v1.3_r1.zip,10.17190/AMF/3010288,1.1155682903533906,FALSE,FALSE,FALSE,24,33.567,1134.433,1013.433,bio12
RU-Ch2,30,170.49943333333334,7,201.27828571428577,3,0.31533333333333335,116.456,84,3,0.9642857142857144,171,200,FALSE,0.9970727095516568,0.8470830955672837,1.4640674017082276,0.8524971666666668,TRUE,FALSE,ICOS,EUF,v1.3,EUF_RU-Ch2_FLUXNET_2014-2021_v1.3_r1.zip,3xSmQwrTa-Ufn-rKi86qwxkR,1.1695906432748537,FALSE,TRUE,TRUE,76,6.752526315789474,193.24747368421052,164.24747368421052,bio12
RU-Che,30,109.45376666666668,8,118.71375,6,0.19016666666666665,69.22399999999999,96,6,0.9375,171,197,FALSE,0.6400805068226121,0.9219973816568569,1.5811534535228633,0.5556028764805414,TRUE,FALSE,ICOS,EUF,v1.3,EUF_RU-Che_FLUXNET_2013-2021_v1.3_r1.zip,UMw2SbLULWP0FP70WzGnJ08C,1.152046783625731,FALSE,FALSE,FALSE,85,3.691623529411765,193.30837647058823,167.30837647058823,bio12
RU-Fy2,30,585.4687,6,579.4743333333333,4,1.2125,440.091,72,4,0.9444444444444444,695,711,FALSE,0.8424010071942446,1.0103444903800745,1.330335544239714,0.8234440225035162,TRUE,FALSE,ICOS,EUF,v1.3,EUF_RU-Fy2_FLUXNET_2015-2024_v1.3_r1.zip,Vh2pWjfw5HPNZJDA6XfQSvcP,1.023021582733813,FALSE,FALSE,FALSE,63,19.09466666666667,691.9053333333334,675.9053333333334,bio12
RU-Fy3,30,712.9970666666667,3,710.6089999999999,12,1.6438333333333333,600.056,36,12,0.6666666666666667,687,955,FALSE,1.037841436196021,1.0033605916427557,1.1882175441403249,0.7465937870855148,FALSE,FALSE,ICOS,EUF,v1.3,EUF_RU-Fy3_FLUXNET_2016-2018_v1.3_r1.zip,U-mck6ENkctdQRlTnynkSDWV,1.3901018922852983,FALSE,FALSE,FALSE,11,29.896363636363635,925.1036363636364,657.1036363636364,bio12
RU-Fy4,30,452.93016666666665,6,445.09333333333336,11,0.9580909090909092,347.76763636363637,72,11,0.8472222222222222,690,778,FALSE,0.6564205314009661,1.0176071685339405,1.3023930904055407,0.5821724507283633,TRUE,FALSE,ICOS,EUF,v1.3,EUF_RU-Fy4_FLUXNET_2015-2020_v1.3_r1.zip,hItM4WCQqnQ68mQo9OvhTd6F,1.127536231884058,FALSE,FALSE,FALSE,41,15.20839024390244,762.7916097560976,674.7916097560976,bio12
RU-Fyo,30,557.2262666666667,23,552.3423913043479,31,1.3959032258064517,508.8356129032258,276,31,0.8876811594202898,689,711,FALSE,0.8087463957426222,1.0088421157586431,1.0951007605134826,0.7837218940459447,FALSE,FALSE,ICOS,EUF,v1.3,EUF_RU-Fyo_FLUXNET_1998-2024_v1.3_r1.zip,GW1i5FQInU-IW_0iisGVDXW3,1.0319303338171262,FALSE,FALSE,FALSE,164,20.487146341463415,690.5128536585366,668.5128536585366,bio12
SD-Dem,30,320.2158,3,287.58799999999997,1,1.612,580.3199999999999,36,1,0.9722222222222222,291,320,FALSE,1.1003979381443298,1.1134532734328275,0.5517917700578991,1.000674375,TRUE,FALSE,ICOS,EUF,v1.3,EUF_SD-Dem_FLUXNET_2007-2009_v1.3_r1.zip,fVuGjYQ3WMlneX1PCnbxiEaR,1.0996563573883162,FALSE,FALSE,FALSE,32,8.503125,311.496875,282.496875,bio12
SE-Deg,30,551.8517,2,631.9875,18,1.5001666666666666,548.23,24,18,0.25,608,523,FALSE,0.9076508223684212,0.8732003401966021,1.0066061689436916,1.0551657743785852,FALSE,FALSE,ICOS,ICOS,v1.3,ICOS_SE-Deg_FLUXNET_2019-2024_v1.3_r1.zip,IiyJGdmPkDhdItxg1_8lgLFp,0.8601973684210527,FALSE,FALSE,FALSE,4,27.06,495.94,580.94,badm
SE-HfM,30,453.6553,1,704.154,3,1.1186666666666667,405.992,12,3,0.75,635,645,FALSE,0.7144177952755906,0.6442558019978585,1.1173996039330825,0.7033415503875969,TRUE,FALSE,ICOS,EUF,v1.3,EUF_SE-HfM_FLUXNET_2020-2023_v1.3_r1.zip,d2E6mfPz9El6AVmc8bV_2xnA,1.015748031496063,TRUE,FALSE,FALSE,9,26.250666666666667,618.7493333333333,608.7493333333333,bio12
SE-Hmr,30,543.2816666666666,1,697.4530000000001,3,1.3396666666666668,486.196,12,3,0.75,635,645,FALSE,0.8555616797900262,0.77895093528405,1.1174128677872024,0.8422971576227389,TRUE,FALSE,ICOS,EUF,v1.3,EUF_SE-Hmr_FLUXNET_2020-2023_v1.3_r1.zip,Z3YbTS2DrdSQ0M2ee0yvjl1R,1.015748031496063,TRUE,FALSE,FALSE,9,25.109333333333332,619.8906666666667,609.8906666666667,bio12
SE-Htm,30,866.0847,3,824.5733333333333,3,1.983,725.424,36,3,0.9166666666666666,864,707,FALSE,1.0024128472222222,1.0503428439758744,1.1939013597565011,1.225013719943423,TRUE,FALSE,ICOS,ICOS,v1.3,ICOS_SE-Htm_FLUXNET_2018-2024_v1.3_r1.zip,8hMY0lY7kERIfokXkEpev-03,0.8182870370370371,FALSE,FALSE,FALSE,29,29.09337931034483,677.9066206896551,834.9066206896551,badm
SE-Nor,30,544.4536666666667,3,587.1926666666667,13,1.3922307692307692,510.1707692307692,36,13,0.6388888888888888,599,586,FALSE,0.908937673900946,0.927214690465026,1.06719886654343,0.9291018202502844,FALSE,FALSE,ICOS,ICOS,v1.3,ICOS_SE-Nor_FLUXNET_2018-2024_v1.3_r1.zip,TQJ13O19n72qJ3MoGHnXCdRB,0.9782971619365609,FALSE,FALSE,FALSE,22,21.352363636363634,564.6476363636364,577.6476363636364,badm
SE-Srj,30,512.0480333333334,1,694.284,3,1.2626666666666666,458.2480000000001,12,3,0.75,608,645,FALSE,0.8421842653508772,0.7375195645201867,1.1174037493526068,0.7938729198966409,TRUE,FALSE,ICOS,EUF,v1.3,EUF_SE-Srj_FLUXNET_2020-2023_v1.3_r1.zip,SYMcSsHs0Hu8XkbwZd8W8lg7,1.0608552631578947,FALSE,FALSE,FALSE,9,25.284000000000002,619.716,582.716,bio12
SE-St1,30,205.1934,8,215.461375,26,0.5497307692307692,200.90492307692307,96,26,0.7291666666666667,379,303.3,FALSE,0.5414073878627969,0.9523442426745862,1.0213458030664333,0.676536102868447,FALSE,FALSE,ICOS,EUF,v1.3,EUF_SE-St1_FLUXNET_2012-2019_v1.3_r1.zip,QnQ0hNAqbtj_erSyXrx7UQOl,0.8002638522427441,FALSE,FALSE,FALSE,57,6.885052631578948,296.41494736842105,372.11494736842104,badm
SE-Svb,30,571.2178333333334,7,568.9691428571429,9,1.778,651.0946666666667,84,9,0.8928571428571429,622,614,FALSE,0.9183566452304396,1.0039522186825431,0.8773191712009109,0.93032220412595,TRUE,FALSE,ICOS,ICOS,v1.3,ICOS_SE-Svb_FLUXNET_2014-2025_v1.3_r1.zip,6APPPkAwbCF69Dx4gIGfRo8j,0.9871382636655949,TRUE,FALSE,FALSE,67,18.34423880597015,595.6557611940299,603.6557611940299,badm
SN-Dhr,30,379.9324,11,377.1026363636363,35,0.5195142857142857,189.84240000000003,132,35,0.7348484848484849,387,416,FALSE,0.9817374677002584,1.0075039614245362,2.001304239727268,0.9132990384615384,FALSE,FALSE,ICOS,EUF,v1.3,EUF_SN-Dhr_FLUXNET_2010-2022_v1.3_r1.zip,KdzlABR5BBUtxi1T7yzDK4_Z,1.074935400516796,FALSE,FALSE,FALSE,95,14.198652631578948,401.80134736842103,372.80134736842103,bio12
SN-Nkr,30,570.6594,3,522.7606666666667,1,0.001,0.372,36,1,0.9722222222222222,529,584.7,FALSE,1.0787512287334593,1.0916265059472725,1534.0306451612903,0.9759866598255516,TRUE,FALSE,ICOS,EUF,v1.3,EUF_SN-Nkr_FLUXNET_2018-2024_v1.3_r1.zip,X5l5NTHw0ymH6hudWtJMskZe,1.1052930056710777,FALSE,FALSE,FALSE,34,18.083294117647057,566.616705882353,510.91670588235297,bio12
TH-Kog,30,1857.194433333333,9,1890.973888888889,10,3.5796,1310.7012,108,10,0.9074074074074074,1104,1756,FALSE,1.6822413345410627,0.9821364770005344,1.4169472289590743,1.057627809415338,TRUE,FALSE,ICOS,JPF,v1.3,JPF_TH-Kog_FLUXNET_2005-2013_v1.3_r1.zip,UeiwpE7b8yxM3HJis9B-clmg,1.5905797101449275,FALSE,FALSE,FALSE,94,63.81459574468086,1692.185404255319,1040.185404255319,bio12
TH-Mae,30,1320.5501,12,1324.4561666666666,21,3.876619047619048,1423.1914285714286,144,21,0.8541666666666666,1122,1448,FALSE,1.1769608734402852,0.9970508146928732,0.927879464061656,0.9119821132596684,FALSE,FALSE,ICOS,JPF,v1.3,JPF_TH-Mae_FLUXNET_2005-2016_v1.3_r1.zip,xAfMteUmc_R9X2IXVuuRkSa3,1.2905525846702317,FALSE,FALSE,FALSE,122,43.11167213114754,1404.8883278688525,1078.8883278688525,bio12
UK-AMo,30,1007.6969,18,1034.5278888888888,10,2.642,965.0964,216,10,0.9537037037037036,843,960,FALSE,1.195369988137604,0.9740645088672224,1.0441411863105077,1.0496842708333334,TRUE,FALSE,ICOS,ICOS,v1.3,ICOS_UK-AMo_FLUXNET_2003-2024_v1.3_r1.zip,bUNge2BcADhYDR1h9NHDXbem,1.1387900355871887,FALSE,FALSE,FALSE,195,34.588492307692306,925.4115076923077,808.4115076923077,bio12
US-A32,30,796.7446,3,824.0236666666667,12,2.21275,813.81,36,12,0.6666666666666667,816,889,FALSE,0.9764026960784312,0.9668952873926356,0.9790302404738208,0.8962256467941507,FALSE,FALSE,AmeriFlux,AMF,v1.3,AMF_US-A32_FLUXNET_2015-2017_v1.3_r1.zip,10.17190/AMF/1881568,1.0894607843137254,FALSE,FALSE,FALSE,17,29.505176470588236,859.4948235294117,786.4948235294117,bio12
US-A74,30,334.8814,2,340.7205,3,0.18033333333333332,65.92,24,3,0.875,823,889,FALSE,0.4069032806804374,0.982862492864386,5.080118325242718,0.3766944881889764,TRUE,FALSE,AmeriFlux,AMF,v1.3,AMF_US-A74_FLUXNET_2016-2017_v1.3_r1.zip,10.17190/AMF/2006963,1.080194410692588,FALSE,FALSE,FALSE,17,11.971764705882354,877.0282352941176,811.0282352941176,bio12
US-ABa,30,1163.3433,3,1115.6509999999998,6,3.5865,1299.714,36,6,0.8333333333333334,1206,1371,FALSE,0.9646296019900498,1.0427484042948916,0.8950763783416967,0.8485363238512035,TRUE,FALSE,AmeriFlux,AMF,v1.3,AMF_US-ABa_FLUXNET_2013-2015_v1.3_r1.zip,10.17190/AMF/3365279,1.13681592039801,FALSE,FALSE,FALSE,30,35.3028,1335.6972,1170.6972,bio12
US-ABb,30,1387.2422333333334,3,1330.363,6,4.276666666666666,1549.8200000000002,36,6,0.8333333333333334,1206,1371,FALSE,1.1502837755666115,1.042754671719924,0.8950989362205503,1.011846997325553,TRUE,FALSE,AmeriFlux,AMF,v1.3,AMF_US-ABb_FLUXNET_2013-2015_v1.3_r1.zip,10.17190/AMF/3365280,1.13681592039801,FALSE,FALSE,FALSE,30,42.2044,1328.7956,1163.7956,bio12
US-ABc,30,1262.7893333333334,3,1211.1413333333337,7,3.759142857142857,1366.3337142857142,36,7,0.8055555555555556,1206,1371,FALSE,1.0470889994472083,1.0426440734689923,0.9242173563677952,0.9210717238025772,TRUE,FALSE,AmeriFlux,AMF,v1.3,AMF_US-ABc_FLUXNET_2013-2015_v1.3_r1.zip,10.17190/AMF/3365281,1.13681592039801,FALSE,FALSE,FALSE,27,38.985777777777784,1332.0142222222223,1167.0142222222223,bio12
US-ABd,30,1254.9155,3,1203.4493333333337,6,3.868833333333334,1402.03,36,6,0.8333333333333334,1213,1371,FALSE,1.0345552349546578,1.0427655450388715,0.8950703622604367,0.9153285922684172,TRUE,FALSE,AmeriFlux,AMF,v1.3,AMF_US-ABd_FLUXNET_2013-2015_v1.3_r1.zip,10.17190/AMF/3365282,1.1302555647155812,FALSE,FALSE,FALSE,30,38.1564,1332.8436,1174.8436,bio12
US-ADR,30,137.15643333333333,7,99.77128571428572,18,0.24861111111111112,91.138,84,18,0.7857142857142857,108,110,FALSE,1.269966975308642,1.3747084880323903,1.5049313495285537,1.2468766666666666,FALSE,FALSE,AmeriFlux,AMF,v1.3,AMF_US-ADR_FLUXNET_2011-2017_v1.3_r1.zip,10.17190/AMF/3027322,1.0185185185185186,TRUE,FALSE,FALSE,57,3.1446315789473687,106.85536842105263,104.85536842105263,bio12
US-ARM,30,633.0905666666666,18,642.5177222222222,14,1.8102142857142856,664.0362857142858,216,14,0.9351851851851852,859,843,FALSE,0.7370088086922778,0.9853277890562292,0.9533975481259556,0.7509971134835903,FALSE,FALSE,AmeriFlux,AMF,v1.3,AMF_US-ARM_FLUXNET_2003-2025_v1.3_r1.zip,10.17190/AMF/1854366,0.9813736903376019,TRUE,FALSE,FALSE,178,20.01997752808989,822.9800224719102,838.9800224719102,badm
US-Aud,30,411.84526666666665,19,386.7595789473684,5,0.2516,88.9032,228,5,0.9780701754385964,462,438.35,FALSE,0.8914399711399711,1.0648611930635905,4.63251341534013,0.93953522679746,TRUE,FALSE,AmeriFlux,AMF,v1.3,AMF_US-Aud_FLUXNET_2002-2024_v1.3_r1.zip,10.17190/AMF/3365264,0.9488095238095239,FALSE,FALSE,FALSE,222,12.916324324324325,425.4336756756757,449.0836756756757,badm
US-BZB,30,232.5947,10,264.8623,12,0.5565833333333333,203.40499999999997,120,12,0.9,294,274,FALSE,0.7911384353741497,0.8781721671978232,1.1435053218947422,0.8488857664233578,FALSE,FALSE,AmeriFlux,AMF,v1.3,AMF_US-BZB_FLUXNET_2011-2025_v1.3_r1.zip,10.17190/AMF/1881569,0.9319727891156463,FALSE,FALSE,FALSE,97,9.423092783505155,264.5769072164949,284.5769072164949,badm
US-BZF,30,220.65093333333337,10,261.17650000000003,16,0.4525,164.34375,120,16,0.8666666666666667,294,274,FALSE,0.7505133786848073,0.8448345595156276,1.3426183431577614,0.8052953771289538,FALSE,FALSE,AmeriFlux,AMF,v1.3,AMF_US-BZF_FLUXNET_2011-2025_v1.3_r1.zip,10.17190/AMF/1881570,0.9319727891156463,FALSE,FALSE,FALSE,97,9.294556701030928,264.70544329896904,284.70544329896904,badm
US-BZo,30,158.46103333333335,3,357.55100000000004,3,0.363,128.196,36,3,0.9166666666666666,294,274,FALSE,0.5389831065759637,0.44318442217567094,1.2360840691857262,0.5783249391727494,TRUE,FALSE,AmeriFlux,AMF,v1.3,AMF_US-BZo_FLUXNET_2018-2025_v1.3_r1.zip,10.17190/AMF/1881571,0.9319727891156463,FALSE,FALSE,FALSE,26,14.591999999999999,259.408,279.408,badm
US-Bar,30,1160.2874,17,1207.9295882352942,3,1.2186666666666666,442.64,204,3,0.9852941176470588,1233,1245.77,FALSE,0.9410278994322788,0.9605588035103136,2.6212890836797396,0.9313817157260168,TRUE,FALSE,AmeriFlux,AMF,v1.3,AMF_US-Bar_FLUXNET_2004-2023_v1.3_r1.zip,10.17190/AMF/2006969,1.0103568532035685,TRUE,FALSE,FALSE,199,39.95843216080402,1205.811567839196,1193.041567839196,bio12
US-Bi1,30,362.50073333333336,5,380.6626,7,1.3407142857142855,495.7011428571428,60,7,0.8833333333333333,386,338,FALSE,0.9391210708117445,0.9522888072884842,0.73128887951304,1.0724873767258385,TRUE,FALSE,AmeriFlux,AMF,v1.3,AMF_US-Bi1_FLUXNET_2016-2024_v1.3_r1.zip,10.17190/AMF/1871134,0.8756476683937824,FALSE,FALSE,FALSE,51,10.901176470588236,327.0988235294118,375.0988235294118,badm
US-Bi2,30,323.395,4,351.5065,3,4.060333333333333,1449.868,48,3,0.9375,379,338,FALSE,0.8532849604221635,0.9200256609763972,0.2230513398461101,0.9567899408284024,TRUE,FALSE,AmeriFlux,AMF,v1.3,AMF_US-Bi2_FLUXNET_2017-2025_v1.3_r1.zip,10.17190/AMF/1871135,0.8918205804749341,FALSE,FALSE,FALSE,44,9.062181818181818,328.93781818181816,369.93781818181816,badm
US-CF1,30,8.998866666666666,4,15.766999999999998,4,0.04775,17.133,48,4,0.9166666666666666,611,550,FALSE,0.01472809601745771,0.570740576309169,0.5252358995311193,0.01636157575757575,TRUE,FALSE,AmeriFlux,AMF,v1.3,AMF_US-CF1_FLUXNET_2017-2021_v1.3_r1.zip,10.17190/AMF/1832158,0.900163666121113,FALSE,FALSE,TRUE,28,0.492,549.508,610.508,badm
US-CF2,30,14.574033333333333,4,19.46675,4,0.07725,27.723,48,4,0.9166666666666666,583,550,FALSE,0.02499834190966266,0.7486628909978982,0.5257018841154757,0.02649824242424242,TRUE,FALSE,AmeriFlux,AMF,v1.3,AMF_US-CF2_FLUXNET_2017-2020_v1.3_r1.zip,10.17190/AMF/1881573,0.9433962264150944,FALSE,FALSE,TRUE,31,0.6038709677419355,549.396129032258,582.396129032258,badm
US-CF3,30,15.796166666666666,4,24.1615,6,0.07616666666666666,27.607999999999997,48,6,0.875,559,550,FALSE,0.02825790101371496,0.6537742551855914,0.5721590360282044,0.02872030303030303,TRUE,FALSE,AmeriFlux,AMF,v1.3,AMF_US-CF3_FLUXNET_2017-2021_v1.3_r1.zip,10.17190/AMF/1881574,0.9838998211091234,TRUE,FALSE,TRUE,24,0.7135,549.2865,558.2865,badm
US-CF4,30,23.586,4,32.04925,6,0.114,41.318,48,6,0.875,559,550,FALSE,0.04219320214669052,0.7359298579529943,0.5708407957790794,0.04288363636363637,TRUE,FALSE,AmeriFlux,AMF,v1.3,AMF_US-CF4_FLUXNET_2017-2021_v1.3_r1.zip,10.17190/AMF/1881575,0.9838998211091234,TRUE,FALSE,TRUE,24,0.9684999999999999,549.0315,558.0315,badm
US-CGG,30,525.0985333333333,2,434.00249999999994,6,3.3150000000000004,1183.06,24,6,0.75,507,419,FALSE,1.0356973044049966,1.20989748522954,0.44384776201826903,1.2532184566428002,TRUE,FALSE,AmeriFlux,AMF,v1.3,AMF_US-CGG_FLUXNET_2019-2024_v1.3_r1.zip,10.17190/AMF/2469446,0.8264299802761341,FALSE,FALSE,FALSE,15,6.6095999999999995,412.3904,500.3904,badm
US-CLF,30,603.9065333333333,4,686.4925000000001,6,1.6151666666666666,587.474,48,6,0.875,980,1050,FALSE,0.616231156462585,0.8796986614323292,1.0279715073915328,0.5751490793650793,TRUE,FALSE,AmeriFlux,AMF,v1.3,AMF_US-CLF_FLUXNET_2017-2020_v1.3_r1.zip,10.17190/AMF/3027355,1.0714285714285714,FALSE,FALSE,TRUE,40,22.4298,1027.5702000000001,957.5702,bio12
US-CMW,30,278.78473333333335,20,260.24525,NA,NA,NA,240,0,1,352,288,FALSE,0.7920020833333333,1.0712385080355291,NA,0.9680025462962965,TRUE,FALSE,AmeriFlux,AMF,v1.3,AMF_US-CMW_FLUXNET_2001-2021_v1.3_r1.zip,10.17190/AMF/3028957,0.8181818181818182,FALSE,FALSE,FALSE,238,8.480218487394957,279.51978151260505,343.51978151260505,badm
US-CRT,30,768.9276,3,810.9999999999999,NA,NA,NA,36,0,1,854,849,FALSE,0.900383606557377,0.94812281134402,NA,0.905686219081272,TRUE,FALSE,AmeriFlux,AMF,v1.3,AMF_US-CRT_FLUXNET_2011-2013_v1.3_r1.zip,10.17190/AMF/2006974,0.9941451990632318,TRUE,FALSE,FALSE,36,26.61466666666667,822.3853333333333,827.3853333333333,badm
US-CS1,30,721.6422,2,898.6875,14,2.404357142857143,878.6305714285714,24,14,0.41666666666666663,808,830,FALSE,0.8931215346534653,0.8029957020655122,0.8213260765860639,0.8694484337349397,FALSE,FALSE,AmeriFlux,AMF,v1.3,AMF_US-CS1_FLUXNET_2018-2019_v1.3_r1.zip,10.17190/AMF/1881576,1.0272277227722773,FALSE,FALSE,FALSE,8,30.7275,799.2725,777.2725,bio12
US-CS3,30,994.6649666666668,2,1220.1515,11,3.220727272727273,1169.0367272727271,24,11,0.5416666666666667,814,830,FALSE,1.2219471334971337,0.8151979214602996,0.850841503489068,1.1983915261044178,TRUE,FALSE,AmeriFlux,AMF,v1.3,AMF_US-CS3_FLUXNET_2019-2020_v1.3_r1.zip,10.17190/AMF/1881578,1.0196560196560196,TRUE,FALSE,FALSE,11,41.656363636363636,788.3436363636364,772.3436363636364,bio12
US-CS4,30,909.2061,1,1103.3049999999998,3,1.9323333333333332,711.396,12,3,0.75,814,830,FALSE,1.1169608108108109,0.824075029117062,1.278059055715804,1.0954290361445782,TRUE,FALSE,AmeriFlux,AMF,v1.3,AMF_US-CS4_FLUXNET_2020-2021_v1.3_r1.zip,10.17190/AMF/1881579,1.0196560196560196,TRUE,FALSE,FALSE,8,42.4845,787.5155,771.5155,bio12
US-CdM,30,175.45656666666667,2,188.771,5,1.167,419.1912,24,5,0.7916666666666666,297,348,FALSE,0.5907628507295174,0.929467803140666,0.4185597566615585,0.5041855363984674,TRUE,FALSE,AmeriFlux,AMF,v1.3,AMF_US-CdM_FLUXNET_2019-2024_v1.3_r1.zip,10.17190/AMF/2469445,1.1717171717171717,FALSE,FALSE,FALSE,17,4.528235294117646,343.4717647058824,292.4717647058824,bio12
US-Ced,30,1220.0666,10,1206.483,6,3.0458333333333334,1104.586,120,6,0.95,1147,1138,FALSE,1.06370235396687,1.011258840779356,1.104546499774576,1.0721147627416518,TRUE,FALSE,AmeriFlux,AMF,v1.3,AMF_US-Ced_FLUXNET_2005-2014_v1.3_r1.zip,10.17190/AMF/2006971,0.992153443766347,TRUE,FALSE,FALSE,113,39.78254867256638,1098.2174513274335,1107.2174513274335,badm
US-ChR,30,1399.8499,14,1391.7892857142856,NA,NA,NA,168,0,1,1241,1358.85,FALSE,1.1280015310233682,1.005791547879015,NA,1.030172498804136,TRUE,FALSE,AmeriFlux,AMF,v1.3,AMF_US-ChR_FLUXNET_2006-2019_v1.3_r1.zip,10.17190/AMF/3027315,1.0949637389202256,FALSE,FALSE,FALSE,162,45.7742962962963,1313.0757037037035,1195.2257037037036,bio12
US-Cms,30,77.05356666666667,7,71.47457142857144,31,0.15848387096774194,58.01264516129032,84,31,0.6309523809523809,107,274,FALSE,0.7201267912772585,1.078055665484761,1.3282201915192386,0.28121739659367395,FALSE,FALSE,AmeriFlux,AMF,v1.3,AMF_US-Cms_FLUXNET_1999-2005_v1.3_r1.zip,10.17190/AMF/2571114,2.560747663551402,FALSE,FALSE,FALSE,49,2.439428571428571,271.56057142857145,104.56057142857144,bio12
US-Cst,30,1141.0507666666667,5,1101.0608,25,2.79056,1021.55376,60,25,0.5833333333333333,1409,1410,FALSE,0.8098302105512184,1.0363194899561103,1.1169757396484612,0.8092558628841608,FALSE,FALSE,AmeriFlux,AMF,v1.3,AMF_US-Cst_FLUXNET_2013-2017_v1.3_r1.zip,10.17190/AMF/2469450,1.000709723207949,TRUE,FALSE,FALSE,30,38.04,1371.96,1370.96,bio12
US-DFC,30,745.6671,3,951.84,11,2.879909090909091,1050.756,36,11,0.6944444444444444,799,787,FALSE,0.9332504380475596,0.7833954236006052,0.7096481961559106,0.9474804320203304,TRUE,FALSE,AmeriFlux,AMF,v1.3,AMF_US-DFC_FLUXNET_2018-2024_v1.3_r1.zip,10.17190/AMF/2006975,0.9849812265331664,TRUE,FALSE,FALSE,14,31.96628571428571,755.0337142857143,767.0337142857143,badm
US-DS1,30,1578.2313333333334,2,1851.09,6,5.083,1871.432,24,6,0.75,392,432,FALSE,4.026100340136055,0.8525956778618723,0.8433281750730636,3.6533132716049384,TRUE,FALSE,AmeriFlux,AMF,v1.3,AMF_US-DS1_FLUXNET_2018-2019_v1.3_r1.zip,10.17190/AMF/2571132,1.1020408163265305,FALSE,FALSE,FALSE,15,59.601600000000005,372.3984,332.3984,bio12
US-DS2,30,1542.8013666666666,1,661.097,2,1.5395,572.418,12,2,0.8333333333333334,392,432,FALSE,3.935717772108843,2.3336989377756465,2.6952355912404338,3.571299459876543,TRUE,FALSE,AmeriFlux,AMF,v1.3,AMF_US-DS2_FLUXNET_2020-2023_v1.3_r1.zip,10.17190/AMF/2571148,1.1020408163265305,FALSE,FALSE,FALSE,8,20.4375,411.5625,371.5625,bio12
US-Dix,30,1139.0100666666667,4,1139.296,NA,NA,NA,48,0,1,1153,1126.63,FALSE,0.987866493206129,0.999749026299282,NA,1.0109885824686602,TRUE,FALSE,AmeriFlux,AMF,v1.3,AMF_US-Dix_FLUXNET_2005-2008_v1.3_r1.zip,10.17190/AMF/2007168,0.9771292281006072,FALSE,FALSE,FALSE,48,37.376999999999995,1089.2530000000002,1115.623,badm
US-Dk1,30,1138.042866666667,8,1054.074625,NA,NA,NA,96,0,1,1165,1169.75,FALSE,0.9768608297567954,1.0796606233326855,NA,0.972894094179668,TRUE,FALSE,AmeriFlux,AMF,v1.3,AMF_US-Dk1_FLUXNET_2001-2008_v1.3_r1.zip,10.17190/AMF/3027316,1.0040772532188842,TRUE,FALSE,FALSE,96,34.57025,1135.17975,1130.42975,bio12
US-Dk2,30,1137.5497666666668,8,1053.624625,NA,NA,NA,96,0,1,1165,1168.69,FALSE,0.9764375679542204,1.0796537397430956,NA,0.97335458219602,TRUE,FALSE,AmeriFlux,AMF,v1.3,AMF_US-Dk2_FLUXNET_2001-2008_v1.3_r1.zip,10.17190/AMF/3027317,1.003167381974249,TRUE,FALSE,FALSE,96,34.55525,1134.1347500000002,1130.44475,bio12
US-Dk3,30,1136.6637666666666,8,1052.81,NA,NA,NA,96,0,1,1165,1169.69,FALSE,0.975677052932761,1.0796475780688506,NA,0.9717649690658776,TRUE,FALSE,AmeriFlux,AMF,v1.3,AMF_US-Dk3_FLUXNET_2001-2008_v1.3_r1.zip,10.17190/AMF/3027318,1.0040257510729613,TRUE,FALSE,FALSE,96,34.5295,1135.1605,1130.4705,bio12
US-EvM,30,1184.8167,1,1515.605,4,1.27375,456.12,12,4,0.6666666666666667,1377,1200,FALSE,0.8604333333333334,0.7817450457078197,2.5975986582478297,0.98734725,TRUE,FALSE,AmeriFlux,AMF,v1.3,AMF_US-EvM_FLUXNET_2020-2023_v1.3_r1.zip,10.17190/AMF/2571136,0.8714596949891068,FALSE,TRUE,TRUE,8,66.783,1133.217,1310.217,badm
US-Fmf,30,543.0659666666667,6,580.0816666666667,7,1.6351428571428572,588.3377142857144,72,7,0.9027777777777778,561,546,FALSE,0.9680320261437908,0.9361888124947924,0.923051426893462,0.9946263125763126,TRUE,FALSE,AmeriFlux,AMF,v1.3,AMF_US-Fmf_FLUXNET_2005-2010_v1.3_r1.zip,10.17190/AMF/2007173,0.9732620320855615,FALSE,FALSE,FALSE,52,18.14376923076923,527.8562307692308,542.8562307692308,badm
US-Fuf,30,640.0857666666666,6,672.3383333333333,12,2.75325,992.483,72,12,0.8333333333333334,580,562,FALSE,1.1035961494252873,0.9520292610615192,0.6449337335416995,1.1389426453143534,FALSE,FALSE,AmeriFlux,AMF,v1.3,AMF_US-Fuf_FLUXNET_2005-2010_v1.3_r1.zip,10.17190/AMF/2007174,0.9689655172413794,FALSE,FALSE,FALSE,49,17.615020408163264,544.3849795918368,562.3849795918368,badm
US-Fwf,30,498.22723333333334,6,526.6806666666666,7,1.7045714285714286,614.4805714285715,72,7,0.9027777777777778,526,557,FALSE,0.9472000633713562,0.945975929753766,0.8108103925483482,0.8944833632555357,TRUE,FALSE,AmeriFlux,AMF,v1.3,AMF_US-Fwf_FLUXNET_2005-2010_v1.3_r1.zip,10.17190/AMF/2469452,1.05893536121673,FALSE,FALSE,FALSE,61,16.496262295081966,540.5037377049181,509.503737704918,bio12
US-GLE,30,1379.5923,16,1350.92075,48,3.559,1302.47575,192,48,0.75,510,1200,FALSE,2.7050829411764705,1.0212237098290184,1.0592076666302617,1.14966025,FALSE,FALSE,AmeriFlux,AMF,v1.3,AMF_US-GLE_FLUXNET_2005-2020_v1.3_r1.zip,10.17190/AMF/1871136,2.3529411764705883,FALSE,TRUE,TRUE,126,43.29190476190476,1156.7080952380952,466.7080952380952,bio12
US-HB1,30,647.0659333333333,3,748.6593333333333,NA,NA,NA,36,0,1,1372,1429,FALSE,0.4716224003887269,0.8642995612601726,NA,0.4528103102402613,TRUE,FALSE,AmeriFlux,AMF,v1.3,AMF_US-HB1_FLUXNET_2018-2024_v1.3_r1.zip,10.17190/AMF/1832160,1.0415451895043732,FALSE,FALSE,FALSE,36,24.512,1404.488,1347.488,bio12
US-HB2,30,1335.0056,3,1392.0503333333334,7,3.980571428571429,1456.2805714285714,36,7,0.8055555555555556,1370,1429,FALSE,0.9744566423357665,0.9590210698798964,0.9167227979223784,0.9342236529041288,TRUE,FALSE,AmeriFlux,AMF,v1.3,AMF_US-HB2_FLUXNET_2018-2024_v1.3_r1.zip,10.17190/AMF/2229377,1.043065693430657,FALSE,FALSE,FALSE,26,42.56169230769231,1386.4383076923077,1327.4383076923077,bio12
US-HB3,30,1842.267,2,1477.9604999999997,NA,NA,NA,24,0,1,1370,1429,FALSE,1.3447204379562043,1.2464927174982017,NA,1.2892001399580126,TRUE,FALSE,AmeriFlux,AMF,v1.3,AMF_US-HB3_FLUXNET_2019-2024_v1.3_r1.zip,10.17190/AMF/2229378,1.043065693430657,FALSE,FALSE,FALSE,24,48.528999999999996,1380.471,1321.471,bio12
US-HB4,30,658044.5751,1,2016.11,NA,NA,NA,12,0,1,1350,1429,TRUE,487.440426,326.39319040131744,NA,460.4930546536039,TRUE,TRUE,AmeriFlux,AMF,v1.3,AMF_US-HB4_FLUXNET_2020-2024_v1.3_r1.zip,10.17190/AMF/2571130,1.0585185185185184,FALSE,FALSE,FALSE,12,65.75399999999999,1363.246,1284.246,bio12
US-HRA,30,530.8393333333333,6,646.6501666666667,23,1.6924347826086956,618.9699130434783,72,23,0.6805555555555556,1289,1250,FALSE,0.4118226014998707,0.8209065128208168,0.857617344796605,0.42467146666666666,FALSE,FALSE,AmeriFlux,AMF,v1.3,AMF_US-HRA_FLUXNET_2015-2024_v1.3_r1.zip,10.17190/AMF/3027341,0.969743987587277,FALSE,FALSE,TRUE,11,16.997454545454545,1233.0025454545455,1272.0025454545455,badm
US-HRC,30,504.8086333333333,6,580.9175,38,1.5290526315789474,560.2863157894737,72,38,0.4722222222222222,1289,1250,FALSE,0.3916281096457202,0.8689850681608546,0.9009833349615736,0.4038469066666666,FALSE,FALSE,AmeriFlux,AMF,v1.3,AMF_US-HRC_FLUXNET_2015-2024_v1.3_r1.zip,10.17190/AMF/3027321,0.969743987587277,FALSE,FALSE,TRUE,7,17.334857142857143,1232.6651428571429,1271.6651428571429,badm
US-HWB,30,1033.7404666666666,4,1104.83425,10,3.5356,1284.8976,48,10,0.7916666666666666,1007,1006.35,FALSE,1.0265545845746442,0.9356520823523228,0.8045314013090744,1.027217634686408,TRUE,FALSE,AmeriFlux,AMF,v1.3,AMF_US-HWB_FLUXNET_2015-2018_v1.3_r1.zip,10.17190/AMF/1881582,0.9993545183714002,TRUE,FALSE,FALSE,35,32.67771428571429,973.6722857142857,974.3222857142857,badm
US-Ha1,30,1210.9178333333334,30,1208.5954,168,3.1804166666666664,1162.4762142857144,360,168,0.5333333333333333,1103,1071,FALSE,1.0978402840737385,1.0019215970318385,1.0416710625579415,1.1306422346716465,FALSE,FALSE,AmeriFlux,AMF,v1.3,AMF_US-Ha1_FLUXNET_1991-2025_v1.3_r1.zip,10.17190/AMF/1871137,0.970988213961922,FALSE,FALSE,FALSE,192,41.0053125,1029.9946875,1061.9946875,badm
US-Hn2,30,42.84546666666667,4,51.11125,13,0.11738461538461538,43.02738461538462,48,13,0.7291666666666667,167,197,FALSE,0.25655968063872253,0.8382785916342619,0.9957720426109072,0.21748967851099832,FALSE,FALSE,AmeriFlux,AMF,v1.3,AMF_US-Hn2_FLUXNET_2015-2018_v1.3_r1.zip,10.17190/AMF/1902832,1.1796407185628743,FALSE,FALSE,FALSE,33,1.6498181818181819,195.35018181818182,165.35018181818182,bio12
US-Hn3,30,13.158766666666668,2,15.457,20,0.04315,15.6288,24,20,0.16666666666666663,167,197,FALSE,0.07879500998003992,0.8513143990856353,0.8419563028938029,0.06679576988155668,FALSE,FALSE,AmeriFlux,AMF,v1.3,AMF_US-Hn3_FLUXNET_2017-2018_v1.3_r1.zip,10.17190/AMF/1881580,1.1796407185628743,FALSE,FALSE,FALSE,3,0.636,196.364,166.364,bio12
US-Ho2,30,796.8249,22,808.8375909090909,7,1.8615714285714289,681.3737142857143,264,7,0.9734848484848484,1062,1064,FALSE,0.7503059322033898,0.9851482039854388,1.169438860486882,0.7488955827067669,TRUE,FALSE,AmeriFlux,AMF,v1.3,AMF_US-Ho2_FLUXNET_1999-2025_v1.3_r1.zip,10.17190/AMF/1881581,1.0018832391713748,TRUE,FALSE,FALSE,226,26.0041592920354,1037.9958407079646,1035.9958407079646,bio12
US-Ho3,30,1118.2289666666666,18,1184.0871666666667,NA,NA,NA,216,0,1,1064,1072,FALSE,1.050967073934837,0.9443806149969532,NA,1.0431240360696517,TRUE,FALSE,AmeriFlux,AMF,v1.3,AMF_US-Ho3_FLUXNET_2003-2021_v1.3_r1.zip,10.17190/AMF/3365265,1.0075187969924813,TRUE,FALSE,FALSE,215,38.762120930232555,1033.2378790697674,1025.2378790697674,bio12
US-ICh,30,213.02486666666667,14,231.89164285714287,41,0.5815121951219512,213.29678048780488,168,41,0.7559523809523809,243,318,FALSE,0.8766455418381345,0.9186396889598168,0.9987251855348386,0.6698895178197065,FALSE,FALSE,AmeriFlux,AMF,v1.3,AMF_US-ICh_FLUXNET_2007-2025_v1.3_r1.zip,10.17190/AMF/2007175,1.308641975308642,FALSE,FALSE,FALSE,99,7.570424242424243,310.4295757575758,235.42957575757575,bio12
US-ICs,30,220.42793333333333,14,216.61785714285716,9,0.5053333333333333,185.63333333333333,168,9,0.9464285714285714,243,318,FALSE,0.9071108367626886,1.0175889293741995,1.1874372418746633,0.6931696016771488,TRUE,FALSE,AmeriFlux,AMF,v1.3,AMF_US-ICs_FLUXNET_2007-2025_v1.3_r1.zip,10.17190/AMF/1871138,1.308641975308642,FALSE,FALSE,FALSE,134,7.046955223880596,310.9530447761194,235.9530447761194,bio12
US-ICt,30,286.46073333333334,14,314.2487142857143,29,0.4412758620689655,160.99820689655172,168,29,0.8273809523809523,243,318,FALSE,1.178850754458162,0.911573286733908,1.7792790295943897,0.9008199161425576,FALSE,FALSE,AmeriFlux,AMF,v1.3,AMF_US-ICt_FLUXNET_2007-2025_v1.3_r1.zip,10.17190/AMF/1881583,1.308641975308642,FALSE,FALSE,FALSE,120,12.005500000000001,305.9945,230.9945,bio12
US-Jo1,30,243.9739,11,224.52427272727272,13,0.5706153846153846,205.82584615384613,132,13,0.9015151515151516,283,245.1,FALSE,0.8620985865724381,1.0866259448765814,1.1853414163430174,0.99540554875561,FALSE,FALSE,AmeriFlux,AMF,v1.3,AMF_US-Jo1_FLUXNET_2010-2022_v1.3_r1.zip,10.17190/AMF/1902833,0.8660777385159011,FALSE,FALSE,FALSE,106,6.910981132075472,238.18901886792452,276.08901886792455,badm
US-Jo2,30,332.1813,11,292.4633636363636,7,1.2015714285714283,439.596,132,7,0.946969696969697,298,282.3,FALSE,1.1147023489932886,1.1358048265252805,0.7556513253077827,1.1766960680127525,TRUE,FALSE,AmeriFlux,AMF,v1.3,AMF_US-Jo2_FLUXNET_2010-2020_v1.3_r1.zip,10.17190/AMF/1881584,0.9473154362416107,FALSE,FALSE,FALSE,125,9.2832,273.0168,288.7168,badm
US-KFS,30,599.5625333333334,13,608.9633076923077,21,1.9536190476190476,716.0131428571428,156,21,0.8653846153846154,996,1014,FALSE,0.6019704149933066,0.9845626588002504,0.8373624692709818,0.5912845496383958,FALSE,FALSE,AmeriFlux,AMF,v1.3,AMF_US-KFS_FLUXNET_2007-2019_v1.3_r1.zip,10.17190/AMF/1881585,1.0180722891566265,TRUE,FALSE,FALSE,106,17.901735849056603,996.0982641509434,978.0982641509434,bio12
US-KS1,30,1227.4967333333334,2,1243.6660000000002,11,3.3102727272727273,1215.3709090909092,24,11,0.5416666666666667,1229,1266,FALSE,0.9987768375372932,0.9869987065123056,1.0099770565114927,0.9695866771985256,TRUE,FALSE,AmeriFlux,AMF,v1.3,AMF_US-KS1_FLUXNET_2002-2003_v1.3_r1.zip,10.17190/AMF/2229379,1.030105777054516,FALSE,FALSE,FALSE,9,33.62266666666667,1232.3773333333334,1195.3773333333334,bio12
US-KS2,30,1240.940833333333,4,1144.13625,NA,NA,NA,48,0,1,1276,1294,FALSE,0.9725241640543364,1.084609314085917,NA,0.9589960072127768,TRUE,FALSE,AmeriFlux,AMF,v1.3,AMF_US-KS2_FLUXNET_2003-2006_v1.3_r1.zip,10.17190/AMF/2229380,1.0141065830721003,TRUE,FALSE,FALSE,47,37.13131914893617,1256.8686808510638,1238.8686808510638,bio12
US-KS3,30,274.10203333333334,1,314.801,3,0.38233333333333336,140.032,12,3,0.75,1290,1340,FALSE,0.2124821963824289,0.8707152560930027,1.9574242554082877,0.20455375621890548,TRUE,FALSE,AmeriFlux,AMF,v1.3,AMF_US-KS3_FLUXNET_2018-2018_v1.3_r1.zip,10.17190/AMF/1881586,1.0387596899224807,FALSE,FALSE,FALSE,8,11.4495,1328.5505,1278.5505,bio12
US-Kon,30,722.2409666666667,16,713.5673750000001,21,2.295952380952381,841.8657142857144,192,21,0.890625,892,867,FALSE,0.809687182361734,1.0121552525669586,0.8579051913041216,0.8330345636293734,FALSE,FALSE,AmeriFlux,AMF,v1.3,AMF_US-Kon_FLUXNET_2004-2019_v1.3_r1.zip,10.17190/AMF/2316062,0.9719730941704036,FALSE,FALSE,FALSE,151,21.819655629139074,845.1803443708609,870.1803443708609,badm
US-LA3,30,546.9458333333333,2,575.405,16,1.654875,604.3575000000001,24,16,0.33333333333333337,1557,1623,FALSE,0.3512818454292443,0.9505406336985832,0.9050037988001032,0.3369968165947833,FALSE,FALSE,AmeriFlux,AMF,v1.3,AMF_US-LA3_FLUXNET_2019-2023_v1.3_r1.zip,10.17190/AMF/2571117,1.0423892100192678,FALSE,FALSE,FALSE,3,7.736000000000001,1615.264,1549.264,bio12
US-LS1,30,311.8808666666667,5,290.1464,1,0.07,26.040000000000006,60,1,0.9833333333333332,359,288,FALSE,0.8687489322191273,1.0749086208433627,11.976991807475676,1.082919675925926,TRUE,FALSE,AmeriFlux,AMF,v1.3,AMF_US-LS1_FLUXNET_2003-2007_v1.3_r1.zip,10.17190/AMF/3027342,0.8022284122562674,FALSE,FALSE,FALSE,56,8.787857142857142,279.21214285714285,350.21214285714285,badm
US-Los,30,753.36,21,775.3243333333334,36,1.848111111111111,676.3420000000001,252,36,0.8571428571428572,834,828,FALSE,0.9033093525179856,0.9716707803572956,1.1138743416792094,0.9098550724637682,FALSE,FALSE,AmeriFlux,AMF,v1.3,AMF_US-Los_FLUXNET_2000-2025_v1.3_r1.zip,10.17190/AMF/3027319,0.9928057553956835,TRUE,FALSE,FALSE,216,25.942166666666665,802.0578333333333,808.0578333333333,badm
US-MMS,30,1103.896433333333,22,1097.4085,NA,NA,NA,264,0,1,1092,1032,FALSE,1.0108941697191698,1.0059120494631977,NA,1.0696670865633076,TRUE,FALSE,AmeriFlux,AMF,v1.3,AMF_US-MMS_FLUXNET_1999-2023_v1.3_r1.zip,10.17190/AMF/1854369,0.945054945054945,FALSE,FALSE,FALSE,252,36.313857142857145,995.6861428571428,1055.6861428571428,badm
US-MN1,30,456.3752333333333,4,347.52425,5,0.865,317.6184,48,5,0.8958333333333334,598,684.5,FALSE,0.7631692865105908,1.3132183821224943,1.4368664829661422,0.6667278792305819,TRUE,FALSE,AmeriFlux,AMF,v1.3,AMF_US-MN1_FLUXNET_2017-2024_v1.3_r1.zip,10.17190/AMF/2571145,1.144648829431438,FALSE,FALSE,FALSE,42,11.099714285714287,673.4002857142857,586.9002857142857,bio12
US-MN2,30,473.4106,4,342.75575,5,0.828,303.4176,48,5,0.8958333333333334,597,684.5,FALSE,0.7929825795644891,1.3811893746494406,1.5602608418232824,0.6916151935719503,TRUE,FALSE,AmeriFlux,AMF,v1.3,AMF_US-MN2_FLUXNET_2017-2024_v1.3_r1.zip,10.17190/AMF/2571146,1.1465661641541038,FALSE,FALSE,FALSE,41,11.022439024390245,673.4775609756098,585.9775609756098,bio12
US-MN3,30,501.7547666666667,1,404.388,3,0.363,134.02800000000002,12,3,0.75,598,684.5,FALSE,0.8390547937569677,1.2407756082442276,3.74365630067349,0.7330237643048454,TRUE,FALSE,AmeriFlux,AMF,v1.3,AMF_US-MN3_FLUXNET_2020-2024_v1.3_r1.zip,10.17190/AMF/2571147,1.144648829431438,FALSE,FALSE,FALSE,8,16.584000000000003,667.9159999999999,581.4159999999999,bio12
US-MOz,30,908.8695,17,899.613294117647,5,2.3824,876.2855999999999,204,5,0.9754901960784312,1013,986,FALSE,0.8972058242843041,1.0102890941506502,1.0371841098381624,0.9217743407707912,TRUE,FALSE,AmeriFlux,AMF,v1.3,AMF_US-MOz_FLUXNET_2004-2021_v1.3_r1.zip,10.17190/AMF/1854370,0.9733464955577492,FALSE,FALSE,FALSE,188,29.48291489361702,956.517085106383,983.517085106383,badm
US-Me1,30,166.06796666666668,2,160.96300000000002,13,0.4408461538461539,161.10923076923078,24,13,0.45833333333333337,608,704.61,FALSE,0.27313810307017544,1.0317151560710638,1.0307787199638403,0.23568778000123,FALSE,FALSE,AmeriFlux,AMF,v1.3,AMF_US-Me1_FLUXNET_2004-2005_v1.3_r1.zip,10.17190/AMF/1902834,1.1588980263157895,FALSE,FALSE,FALSE,9,4.5986666666666665,700.0113333333334,603.4013333333334,bio12
US-Me3,30,383.19306666666665,6,377.18333333333334,8,1.465,537.1155,72,8,0.8888888888888888,537,719,FALSE,0.713581129733085,1.0159331889885554,0.713427682996798,0.5329528048215113,TRUE,FALSE,AmeriFlux,AMF,v1.3,AMF_US-Me3_FLUXNET_2004-2009_v1.3_r1.zip,10.17190/AMF/1902835,1.3389199255121043,FALSE,FALSE,FALSE,53,11.764301886792452,707.2356981132075,525.2356981132075,bio12
US-Me5,30,479.1358,3,402.4526666666667,NA,NA,NA,36,0,1,821,590.81,FALSE,0.5836002436053593,1.1905395085798909,NA,0.8109811953081364,TRUE,FALSE,AmeriFlux,AMF,v1.3,AMF_US-Me5_FLUXNET_2000-2002_v1.3_r1.zip,10.17190/AMF/3365266,0.7196224116930572,FALSE,FALSE,FALSE,36,13.228000000000002,577.582,807.772,badm
US-Me6,30,322.80733333333336,11,306.74554545454544,2,1.981,736.932,132,2,0.9848484848484848,537,494,FALSE,0.601130974549969,1.0523619270655975,0.4380422255151538,0.6534561403508773,TRUE,FALSE,AmeriFlux,AMF,v1.3,AMF_US-Me6_FLUXNET_2010-2025_v1.3_r1.zip,10.17190/AMF/2204871,0.9199255121042831,FALSE,FALSE,FALSE,118,9.120508474576273,484.8794915254237,527.8794915254238,badm
US-Mo1,30,921.9112666666666,6,981.7786666666666,10,2.619,956.7516,72,10,0.8611111111111112,1014,981,FALSE,0.9091827087442472,0.9390214902476324,0.9635847660632776,0.939766836561332,TRUE,FALSE,AmeriFlux,AMF,v1.3,AMF_US-Mo1_FLUXNET_2015-2024_v1.3_r1.zip,10.17190/AMF/2229382,0.9674556213017751,FALSE,FALSE,FALSE,60,33.033,947.967,980.967,badm
US-Mo2,30,743.9494666666667,3,795.3380000000001,11,2.144636363636364,784.4956363636364,36,11,0.6944444444444444,1018,981,FALSE,0.7307951538965292,0.9353878057714664,0.9483156211232572,0.7583582738702005,TRUE,FALSE,AmeriFlux,AMF,v1.3,AMF_US-Mo2_FLUXNET_2018-2024_v1.3_r1.zip,10.17190/AMF/2229383,0.9636542239685658,FALSE,FALSE,FALSE,25,26.13456,954.86544,991.86544,badm
US-Mo3,30,937.9848666666668,5,957.4154,5,1.7748,650.0904,60,5,0.9166666666666666,1017,981,FALSE,0.922305670272042,0.9797052216484784,1.442852973473638,0.9561517499150528,TRUE,FALSE,AmeriFlux,AMF,v1.3,AMF_US-Mo3_FLUXNET_2016-2023_v1.3_r1.zip,10.17190/AMF/2229384,0.9646017699115044,FALSE,FALSE,FALSE,54,32.57644444444445,948.4235555555556,984.4235555555556,badm
US-Mpj,30,416.3135,13,352.1273076923077,NA,NA,NA,156,0,1,407,385,FALSE,1.0228832923832922,1.1822812116684198,NA,1.081333766233766,TRUE,FALSE,AmeriFlux,AMF,v1.3,AMF_US-Mpj_FLUXNET_2008-2025_v1.3_r1.zip,10.17190/AMF/1832161,0.9459459459459459,FALSE,FALSE,FALSE,149,11.067302013422818,373.9326979865772,395.9326979865772,badm
US-MtB,30,624.9588,12,565.1541666666667,10,1.0266,373.0296,144,10,0.9305555555555556,717,790,FALSE,0.8716301255230126,1.105820034356407,1.6753598105887575,0.7910870886075949,TRUE,FALSE,AmeriFlux,AMF,v1.3,AMF_US-MtB_FLUXNET_2009-2024_v1.3_r1.zip,10.17190/AMF/2571103,1.1018131101813111,FALSE,FALSE,FALSE,132,19.175,770.825,697.825,bio12
US-Myb,30,273.38203333333337,11,256.8328181818182,66,0.6686969696969697,242.5607272727273,132,66,0.5,356,338,FALSE,0.7679270599250937,1.0644357495614114,1.1270663491454314,0.8088225838264301,FALSE,FALSE,AmeriFlux,AMF,v1.3,AMF_US-Myb_FLUXNET_2010-2025_v1.3_r1.zip,10.17190/AMF/1871139,0.949438202247191,FALSE,FALSE,FALSE,58,8.436,329.564,347.564,badm
US-NC1,30,1132.5543,8,1074.235125,NA,NA,NA,96,0,1,1248,1320,FALSE,0.9074954326923076,1.0542890226196988,NA,0.8579956818181819,TRUE,FALSE,AmeriFlux,AMF,v1.3,AMF_US-NC1_FLUXNET_2005-2012_v1.3_r1.zip,10.17190/AMF/1902836,1.0576923076923077,FALSE,FALSE,FALSE,93,34.53793548387097,1285.462064516129,1213.462064516129,bio12
US-NC2,30,1239.1141,16,1276.769875,7,2.4657142857142857,894.0942857142857,192,7,0.9635416666666666,1252,1320,FALSE,0.9897077476038338,0.9705069991567588,1.3858875062713103,0.9387228030303032,TRUE,FALSE,AmeriFlux,AMF,v1.3,AMF_US-NC2_FLUXNET_2005-2025_v1.3_r1.zip,10.17190/AMF/3027320,1.0543130990415335,FALSE,FALSE,FALSE,165,42.34210909090909,1277.6578909090908,1209.6578909090908,bio12
US-NC3,30,1449.9727333333333,8,1614.565375,1,1.779,661.788,96,1,0.9895833333333334,1254,1320,FALSE,1.156278096757044,0.898057617105367,2.1909927852021087,1.098464191919192,TRUE,FALSE,AmeriFlux,AMF,v1.3,AMF_US-NC3_FLUXNET_2013-2021_v1.3_r1.zip,10.17190/AMF/2204872,1.0526315789473684,FALSE,FALSE,FALSE,81,52.139555555555546,1267.8604444444445,1201.8604444444445,bio12
US-NC4,30,889.0554333333333,12,975.3451666666668,4,2.67,986.676,144,4,0.9722222222222222,1327,1311,FALSE,0.6699739512685254,0.911529029637542,0.9010611723943152,0.6781505975082635,TRUE,FALSE,AmeriFlux,AMF,v1.3,AMF_US-NC4_FLUXNET_2009-2025_v1.3_r1.zip,10.17190/AMF/1902837,0.9879427279577996,TRUE,FALSE,FALSE,106,32.401245283018866,1278.5987547169811,1294.5987547169811,badm
US-NR1,30,709.2242,23,660.3161304347826,175,1.8317542857142857,670.8702171428572,276,175,0.3659420289855072,567,800,FALSE,1.250836331569665,1.07406765836996,1.057170495689147,0.88653025,FALSE,FALSE,AmeriFlux,AMF,v1.3,AMF_US-NR1_FLUXNET_1998-2025_v1.3_r1.zip,10.17190/AMF/1871141,1.4109347442680775,FALSE,TRUE,TRUE,87,19.357793103448277,780.6422068965517,547.6422068965517,bio12
US-ONA,30,733.493,5,1062.7374,NA,NA,NA,60,0,1,1285,1268,FALSE,0.570811673151751,0.6901921396574545,NA,0.5784645110410095,TRUE,FALSE,AmeriFlux,AMF,v1.3,AMF_US-ONA_FLUXNET_2016-2022_v1.3_r1.zip,10.17190/AMF/1832163,0.9867704280155642,TRUE,FALSE,FALSE,58,35.22641379310345,1232.7735862068967,1249.7735862068967,badm
US-OWC,30,564.5961666666667,6,604.0511666666666,41,1.6819268292682927,612.507512195122,72,41,0.4305555555555556,897,930,FALSE,0.6294271646228169,0.9346826855451263,0.921778354429076,0.6070926523297492,FALSE,FALSE,AmeriFlux,AMF,v1.3,AMF_US-OWC_FLUXNET_2015-2025_v1.3_r1.zip,10.17190/AMF/1871142,1.0367892976588629,FALSE,FALSE,FALSE,28,19.398,910.602,877.602,bio12
US-Oho,30,839.0880999999999,10,832.9545,NA,NA,NA,120,0,1,855,849,FALSE,0.9813895906432748,1.007363667523256,NA,0.9883252061248528,TRUE,FALSE,AmeriFlux,AMF,v1.3,AMF_US-Oho_FLUXNET_2004-2013_v1.3_r1.zip,10.17190/AMF/2229385,0.9929824561403509,TRUE,FALSE,FALSE,96,26.967750000000002,822.03225,828.03225,badm
US-Prr,30,375.2394,11,374.2210909090909,11,0.8206363636363636,300.4538181818182,132,11,0.9166666666666666,319,275,FALSE,1.1762990595611285,1.002721142970417,1.248908741685305,1.364506909090909,TRUE,FALSE,AmeriFlux,AMF,v1.3,AMF_US-Prr_FLUXNET_2010-2022_v1.3_r1.zip,10.17190/AMF/2571106,0.8620689655172413,FALSE,FALSE,FALSE,107,12.306616822429907,262.69338317757007,306.69338317757007,badm
US-RC1,30,510.87426666666664,6,511.4145,10,1.9683,719.6112,72,10,0.8611111111111112,611,550,FALSE,0.8361280960174576,0.9989436487754388,0.7099309553084591,0.928862303030303,TRUE,FALSE,AmeriFlux,AMF,v1.3,AMF_US-RC1_FLUXNET_2011-2016_v1.3_r1.zip,10.17190/AMF/3027328,0.900163666121113,FALSE,FALSE,TRUE,59,16.294983050847456,533.7050169491525,594.7050169491525,badm
US-RC2,30,441.5242666666667,5,443.0386,8,1.92075,705.8085,60,8,0.8666666666666667,611,550,FALSE,0.7226256410256411,0.9965819381576836,0.6255581601336151,0.802771393939394,TRUE,FALSE,AmeriFlux,AMF,v1.3,AMF_US-RC2_FLUXNET_2012-2016_v1.3_r1.zip,10.17190/AMF/3027327,0.900163666121113,FALSE,FALSE,TRUE,51,13.04635294117647,536.9536470588235,597.9536470588235,badm
US-RC3,30,258.66540000000003,5,255.4586,3,1.5553333333333337,574.872,60,3,0.95,260,280,FALSE,0.9948669230769231,1.012553110367003,0.4499530330230035,0.923805,TRUE,FALSE,AmeriFlux,AMF,v1.3,AMF_US-RC3_FLUXNET_2012-2016_v1.3_r1.zip,10.17190/AMF/3365268,1.0769230769230769,FALSE,FALSE,FALSE,57,7.835157894736842,272.1648421052632,252.16484210526315,bio12
US-RC4,30,634.6162666666667,5,636.832,9,2.7493333333333334,1008.0773333333332,60,9,0.85,678,680,FALSE,0.9360121927236972,0.996520694102474,0.6295313322522875,0.9332592156862743,TRUE,FALSE,AmeriFlux,AMF,v1.3,AMF_US-RC4_FLUXNET_2012-2016_v1.3_r1.zip,10.17190/AMF/3027329,1.0029498525073746,TRUE,FALSE,FALSE,50,19.104960000000002,660.89504,658.89504,bio12
US-RC5,30,136.2416,3,113.92166666666668,8,0.445125,163.7415,36,8,0.7777777777777778,190,230,FALSE,0.7170610526315789,1.1959235146957703,0.832052961527774,0.5923547826086957,TRUE,FALSE,AmeriFlux,AMF,v1.3,AMF_US-RC5_FLUXNET_2013-2015_v1.3_r1.zip,10.17190/AMF/3027330,1.2105263157894737,FALSE,FALSE,FALSE,27,3.3533333333333335,226.64666666666668,186.64666666666668,bio12
US-Ro1,30,812.8240000000001,13,789.1563846153846,8,2.7455,1005.477,156,8,0.9487179487179488,768,879,FALSE,1.0583645833333335,1.0299910332679505,0.8083964128468379,0.9247144482366326,TRUE,FALSE,AmeriFlux,AMF,v1.3,AMF_US-Ro1_FLUXNET_2004-2016_v1.3_r1.zip,10.17190/AMF/1881588,1.14453125,FALSE,FALSE,FALSE,147,25.28587755102041,853.7141224489795,742.7141224489795,bio12
US-Ro2,30,823.6855333333333,9,828.0791111111112,8,2.78225,1018.938,108,8,0.925925925925926,768,879,FALSE,1.072507204861111,0.9946942535817832,0.8083764991916419,0.9370711414486158,TRUE,FALSE,AmeriFlux,AMF,v1.3,AMF_US-Ro2_FLUXNET_2008-2016_v1.3_r1.zip,10.17190/AMF/2204876,1.14453125,FALSE,FALSE,FALSE,99,26.363757575757575,852.6362424242425,741.6362424242425,bio12
US-Ro3,30,805.9235333333334,4,719.9982500000001,NA,NA,NA,48,0,1,768,879,FALSE,1.0493796006944445,1.1193409613611327,NA,0.9168640879787636,TRUE,FALSE,AmeriFlux,AMF,v1.3,AMF_US-Ro3_FLUXNET_2004-2007_v1.3_r1.zip,10.17190/AMF/2469468,1.14453125,FALSE,FALSE,FALSE,48,23.605,855.395,744.395,bio12
US-Ro4,30,779.9887,7,947.0602857142856,12,2.4111666666666665,878.1599999999999,84,12,0.8571428571428572,766,879,FALSE,1.0182620104438642,0.8235892812374895,0.8882079575475996,0.8873591581342435,FALSE,FALSE,AmeriFlux,AMF,v1.3,AMF_US-Ro4_FLUXNET_2014-2025_v1.3_r1.zip,10.17190/AMF/1881589,1.1475195822454307,FALSE,FALSE,FALSE,72,31.39816666666667,847.6018333333334,734.6018333333334,bio12
US-Ro5,30,753.4834333333333,4,922.38125,NA,NA,NA,48,0,1,766,879,FALSE,0.9836598346388165,0.8168893647104528,NA,0.8572052711414486,TRUE,FALSE,AmeriFlux,AMF,v1.3,AMF_US-Ro5_FLUXNET_2017-2024_v1.3_r1.zip,10.17190/AMF/1818371,1.1475195822454307,FALSE,FALSE,FALSE,48,30.235,848.765,735.765,bio12
US-Ro6,30,753.4834333333333,4,922.38125,NA,NA,NA,48,0,1,766,879,FALSE,0.9836598346388165,0.8168893647104528,NA,0.8572052711414486,TRUE,FALSE,AmeriFlux,AMF,v1.3,AMF_US-Ro6_FLUXNET_2017-2024_v1.3_r1.zip,10.17190/AMF/1881590,1.1475195822454307,FALSE,FALSE,FALSE,48,30.235,848.765,735.765,bio12
US-Rpf,30,320.1290666666667,13,332.592,18,0.937,343.3313333333333,156,18,0.8846153846153846,321,450,FALSE,0.9972868120456906,0.9625278619650104,0.9324201888554692,0.711397925925926,FALSE,FALSE,AmeriFlux,AMF,v1.3,AMF_US-Rpf_FLUXNET_2008-2024_v1.3_r1.zip,10.17190/AMF/2229388,1.4018691588785046,FALSE,FALSE,TRUE,132,10.550636363636363,439.4493636363636,310.4493636363636,bio12
US-SHC,30,844.1197,4,996.70175,8,5.148875,1847.5815,48,8,0.8333333333333334,825,827,FALSE,1.023175393939394,0.8469130309041797,0.45687819454784534,1.020700967351874,TRUE,FALSE,AmeriFlux,AMF,v1.3,AMF_US-SHC_FLUXNET_2017-2020_v1.3_r1.zip,10.17190/AMF/2571110,1.0024242424242424,TRUE,FALSE,FALSE,39,27.964,799.0360000000001,797.0360000000001,bio12
US-SP1,30,1706.5929666666666,21,1654.6109523809523,91,4.394945054945055,1609.0550769230772,252,91,0.6388888888888888,1307,1309.77,FALSE,1.3057329507778628,1.0314164572710662,1.0606181175165903,1.3029714886328645,FALSE,FALSE,AmeriFlux,AMF,v1.3,AMF_US-SP1_FLUXNET_2000-2020_v1.3_r1.zip,10.17190/AMF/2469470,1.0021193573068095,TRUE,FALSE,FALSE,135,49.93688888888889,1259.833111111111,1257.063111111111,bio12
US-SRC,30,327.47316666666666,7,297.53242857142857,8,1.70425,624.1995000000001,84,8,0.9047619047619048,395,330,FALSE,0.8290459915611814,1.1006301674039212,0.5246290115046017,0.9923429292929292,TRUE,FALSE,AmeriFlux,AMF,v1.3,AMF_US-SRC_FLUXNET_2008-2014_v1.3_r1.zip,10.17190/AMF/1871145,0.8354430379746836,FALSE,FALSE,FALSE,68,7.714941176470587,322.2850588235294,387.2850588235294,badm
US-SRG,30,434.6741,13,411.3008461538462,2,0.762,272.18399999999997,156,2,0.9871794871794872,566,420,FALSE,0.7679754416961131,1.0568276337496547,1.5969862299033009,1.0349383333333333,TRUE,FALSE,AmeriFlux,AMF,v1.3,AMF_US-SRG_FLUXNET_2008-2025_v1.3_r1.zip,10.17190/AMF/2204877,0.7420494699646644,FALSE,FALSE,FALSE,145,13.602703448275864,406.39729655172414,552.3972965517241,badm
US-SRM,30,378.2395,17,350.10229411764703,NA,NA,NA,204,0,1,474,380,FALSE,0.7979736286919832,1.080368527584963,NA,0.995367105263158,TRUE,FALSE,AmeriFlux,AMF,v1.3,AMF_US-SRM_FLUXNET_2004-2025_v1.3_r1.zip,10.17190/AMF/2475756,0.8016877637130801,FALSE,FALSE,FALSE,203,11.51343842364532,368.4865615763547,462.4865615763547,badm
US-SRS,30,409.9934,8,403.030875,4,0.22625,79.44,96,4,0.9583333333333334,474,388,FALSE,0.8649649789029537,1.0172754134531257,5.161044813695871,1.0566840206185568,TRUE,FALSE,AmeriFlux,AMF,v1.3,AMF_US-SRS_FLUXNET_2011-2018_v1.3_r1.zip,10.17190/AMF/2204878,0.8185654008438819,FALSE,FALSE,FALSE,91,13.80632967032967,374.19367032967034,460.19367032967034,badm
US-SSH,30,934.9181666666668,5,1106.3652,NA,NA,NA,60,0,1,989,1050,FALSE,0.9453166498146276,0.8450357681773313,NA,0.890398253968254,TRUE,FALSE,AmeriFlux,AMF,v1.3,AMF_US-SSH_FLUXNET_2016-2021_v1.3_r1.zip,10.17190/AMF/2469471,1.0616784630940344,FALSE,FALSE,TRUE,60,36.342800000000004,1013.6572,952.6572,bio12
US-Sag,30,22.827066666666667,1,29.215,8,0.049875,18.295499999999997,12,8,0.33333333333333337,179,121,FALSE,0.12752551210428306,0.7813474813166752,1.247687500569357,0.1886534435261708,TRUE,FALSE,AmeriFlux,AMF,v1.3,AMF_US-Sag_FLUXNET_1996-1996_v1.3_r1.zip,10.17190/AMF/2571113,0.6759776536312849,FALSE,FALSE,FALSE,3,1.712,119.288,177.288,badm
US-Seg,30,252.56323333333333,14,229.2787142857143,19,0.6377894736842106,234.4642105263158,168,19,0.8869047619047619,255,273.304,FALSE,0.9904440522875816,1.1015555199712224,1.0771931151726293,0.924111002156329,FALSE,FALSE,AmeriFlux,AMF,v1.3,AMF_US-Seg_FLUXNET_2007-2025_v1.3_r1.zip,10.17190/AMF/1984572,1.0717803921568627,FALSE,FALSE,FALSE,136,7.299970588235294,266.0040294117647,247.70002941176472,bio12
US-Ses,30,253.19693333333333,14,215.72985714285716,13,0.5239230769230769,191.196,168,13,0.9226190476190476,248,275.082,FALSE,1.020955376344086,1.173675895801782,1.324279447966136,0.9204416622437432,FALSE,FALSE,AmeriFlux,AMF,v1.3,AMF_US-Ses_FLUXNET_2007-2025_v1.3_r1.zip,10.17190/AMF/1984573,1.1092016129032258,FALSE,FALSE,FALSE,145,7.065931034482759,268.0160689655172,240.93406896551724,bio12
US-Slt,30,1059.4663,16,1096.34725,72,3.1406666666666667,1147.9741666666666,192,72,0.625,1162,1138,FALSE,0.9117610154905336,0.9663601564194192,0.9229008202129984,0.930989718804921,FALSE,FALSE,AmeriFlux,AMF,v1.3,AMF_US-Slt_FLUXNET_2005-2022_v1.3_r1.zip,10.17190/AMF/2571104,0.9793459552495697,FALSE,FALSE,FALSE,120,34.918,1103.082,1127.082,badm
US-Sne,30,338.2771666666667,5,355.589,4,2.0145,743.967,60,4,0.9333333333333332,340,311,FALSE,0.9949328431372548,0.9513150481782808,0.45469377898034014,1.087707931404073,TRUE,FALSE,AmeriFlux,AMF,v1.3,AMF_US-Sne_FLUXNET_2016-2020_v1.3_r1.zip,10.17190/AMF/1871144,0.9147058823529411,FALSE,FALSE,FALSE,52,11.143153846153846,299.85684615384616,328.85684615384616,badm
US-StJ,30,564.8426,6,640.5518333333333,NA,NA,NA,72,0,1,1133,1121,FALSE,0.49853715798764336,0.8818062342599908,NA,0.5038738626226583,TRUE,FALSE,AmeriFlux,AMF,v1.3,AMF_US-StJ_FLUXNET_2015-2020_v1.3_r1.zip,10.17190/AMF/2229390,0.9894086496028244,TRUE,FALSE,FALSE,69,21.10330434782609,1099.896695652174,1111.896695652174,badm
US-TKs,30,216.66003333333333,3,273.61766666666665,1,0.212,78.864,36,1,0.9722222222222222,236,316,FALSE,0.918050988700565,0.7918349570507752,2.7472615303983225,0.6856330168776371,TRUE,FALSE,AmeriFlux,AMF,v1.3,AMF_US-TKs_FLUXNET_2018-2025_v1.3_r1.zip,10.17190/AMF/3027378,1.3389830508474576,FALSE,FALSE,FALSE,28,9.036857142857144,306.9631428571429,226.96314285714286,bio12
US-Tw3,30,265.85970000000003,6,232.09633333333332,58,0.6925172413793104,251.04703448275865,72,58,0.1944444444444444,370,421,FALSE,0.7185397297297298,1.1454713488221129,1.0590035470753936,0.6314957244655582,FALSE,FALSE,AmeriFlux,AMF,v1.3,AMF_US-Tw3_FLUXNET_2013-2018_v1.3_r1.zip,10.17190/AMF/1881594,1.1378378378378378,FALSE,FALSE,FALSE,11,5.359636363636364,415.64036363636365,364.64036363636365,bio12
US-Tw4,30,366.24593333333337,8,334.842375,10,0.2421,88.236,96,10,0.8958333333333334,370,421,FALSE,0.989853873873874,1.0937860936308714,4.1507540384121375,0.8699428345209819,TRUE,FALSE,AmeriFlux,AMF,v1.3,AMF_US-Tw4_FLUXNET_2013-2024_v1.3_r1.zip,10.17190/AMF/2204881,1.1378378378378378,FALSE,FALSE,FALSE,83,11.549927710843374,409.45007228915665,358.45007228915665,bio12
US-Twt,30,373.8043666666667,9,359.49733333333336,11,0.6706363636363637,234.5792727272727,108,11,0.8981481481481481,370,421,FALSE,1.0102820720720722,1.0397973281211172,1.5935097859275074,0.8878963578780681,TRUE,FALSE,AmeriFlux,AMF,v1.3,AMF_US-Twt_FLUXNET_2009-2017_v1.3_r1.zip,10.17190/AMF/2571105,1.1378378378378378,FALSE,FALSE,FALSE,95,12.200715789473684,408.7992842105263,357.7992842105263,bio12
US-UC1,30,1084.6863666666668,2,1086.9025,4,3.158,1128.156,24,4,0.8333333333333334,1010,1006.35,FALSE,1.073946897689769,0.9979610559978166,0.961468419852101,1.0778420695251818,TRUE,FALSE,AmeriFlux,AMF,v1.3,AMF_US-UC1_FLUXNET_2019-2024_v1.3_r1.zip,10.17190/AMF/2469472,0.9963861386138614,TRUE,FALSE,FALSE,19,33.77242105263158,972.5775789473685,976.2275789473684,badm
US-UC2,30,1036.5163666666667,2,1016.2795,4,3.01775,1078.0500000000002,24,4,0.8333333333333334,1009,1006.35,FALSE,1.02727092831186,1.0199126979011843,0.9614733701281634,1.0299760189463574,TRUE,FALSE,AmeriFlux,AMF,v1.3,AMF_US-UC2_FLUXNET_2019-2024_v1.3_r1.zip,10.17190/AMF/2469473,0.9973736372646185,TRUE,FALSE,FALSE,19,31.72421052631579,974.6257894736842,977.2757894736842,badm
US-Uaf,30,258.19873333333334,18,263.247,NA,NA,NA,216,0,1,301,263,FALSE,0.8578031007751938,0.9808230799717882,NA,0.9817442332065908,TRUE,FALSE,AmeriFlux,AMF,v1.3,AMF_US-Uaf_FLUXNET_2003-2025_v1.3_r1.zip,10.17190/AMF/3027325,0.8737541528239202,FALSE,FALSE,FALSE,210,8.477257142857143,254.52274285714284,292.5227428571429,badm
US-UiE,30,985.3755666666668,3,1074.1123333333333,5,3.2122,1149.2736,36,5,0.8611111111111112,1015,1021,FALSE,0.970813366174056,0.9173859531141528,0.8573898910291394,0.9651082925236696,TRUE,FALSE,AmeriFlux,AMF,v1.3,AMF_US-UiE_FLUXNET_2018-2024_v1.3_r1.zip,10.17190/AMF/3027347,1.005911330049261,TRUE,FALSE,FALSE,30,34.2992,986.7008,980.7008,bio12
US-UiF,30,954.1183333333332,3,1067.6633333333334,6,3.2848333333333333,1176.796,36,6,0.8333333333333334,1015,1021,FALSE,0.9400180623973728,0.8936509324100294,0.8107763226025014,0.9344939601697682,TRUE,FALSE,AmeriFlux,AMF,v1.3,AMF_US-UiF_FLUXNET_2018-2023_v1.3_r1.zip,10.17190/AMF/3027351,1.005911330049261,TRUE,FALSE,FALSE,30,34.2988,986.7012,980.7012,bio12
US-UiG,30,954.1183333333332,3,1067.6633333333334,6,3.2848333333333333,1176.796,36,6,0.8333333333333334,1015,1021,FALSE,0.9400180623973728,0.8936509324100294,0.8107763226025014,0.9344939601697682,TRUE,FALSE,AmeriFlux,AMF,v1.3,AMF_US-UiG_FLUXNET_2018-2023_v1.3_r1.zip,10.17190/AMF/3027352,1.005911330049261,TRUE,FALSE,FALSE,30,34.2988,986.7012,980.7012,bio12
US-Var,30,584.9927333333334,21,560.029380952381,NA,NA,NA,252,0,1,640,559,FALSE,0.9140511458333334,1.0445750762906405,NA,1.0464986285032798,TRUE,FALSE,AmeriFlux,AMF,v1.3,AMF_US-Var_FLUXNET_2000-2025_v1.3_r1.zip,10.17190/AMF/1993904,0.8734375,FALSE,FALSE,FALSE,250,18.602544,540.397456,621.397456,badm
US-Vcm,30,538.4859666666666,14,499.28171428571426,65,1.4602,536.0464615384616,168,65,0.6130952380952381,700,646,FALSE,0.7692656666666666,1.0785213062269643,1.004550921054872,0.8335696078431372,FALSE,FALSE,AmeriFlux,AMF,v1.3,AMF_US-Vcm_FLUXNET_2007-2025_v1.3_r1.zip,10.17190/AMF/2229391,0.9228571428571428,FALSE,FALSE,FALSE,87,15.07655172413793,630.923448275862,684.923448275862,badm
US-Vcp,30,505.1534,14,463.05357142857144,46,1.4029565217391304,515.3846086956522,168,46,0.7261904761904762,597,550,FALSE,0.8461530988274707,1.0909178357949942,0.980148400780641,0.9184607272727272,FALSE,FALSE,AmeriFlux,AMF,v1.3,AMF_US-Vcp_FLUXNET_2007-2025_v1.3_r1.zip,10.17190/AMF/2229392,0.9212730318257957,FALSE,FALSE,TRUE,101,14.570732673267328,535.4292673267327,582.4292673267327,badm
US-WCr,30,687.0006666666667,22,701.2119545454545,NA,NA,NA,264,0,1,818,787,FALSE,0.8398541157294214,0.9797332492883696,NA,0.8729360440491317,TRUE,FALSE,AmeriFlux,AMF,v1.3,AMF_US-WCr_FLUXNET_1999-2025_v1.3_r1.zip,10.17190/AMF/3028955,0.9621026894865525,FALSE,FALSE,FALSE,262,23.08442748091603,763.915572519084,794.915572519084,badm
US-WPT,30,812.0837,3,843.4626666666667,NA,NA,NA,36,0,1,882,849,FALSE,0.9207298185941044,0.9627974445025822,NA,0.9565179034157834,TRUE,FALSE,AmeriFlux,AMF,v1.3,AMF_US-WPT_FLUXNET_2011-2013_v1.3_r1.zip,10.17190/AMF/2229402,0.9625850340136054,FALSE,FALSE,FALSE,36,27.679666666666662,821.3203333333333,854.3203333333333,badm
US-Whs,30,310.37823333333336,14,294.7048571428571,5,0.4858,178.6968,168,5,0.9702380952380952,360,320,FALSE,0.8621617592592593,1.0531832978337328,1.7368986648520477,0.9699319791666668,TRUE,FALSE,AmeriFlux,AMF,v1.3,AMF_US-Whs_FLUXNET_2007-2025_v1.3_r1.zip,10.17190/AMF/1984574,0.8888888888888888,FALSE,FALSE,FALSE,161,9.530086956521739,310.46991304347824,350.46991304347824,badm
US-Wjs,30,375.6472,14,330.93235714285714,5,0.919,335.99760000000003,168,5,0.9702380952380952,344,361,FALSE,1.0919976744186046,1.1351177722335577,1.118005604801939,1.0405739612188365,TRUE,FALSE,AmeriFlux,AMF,v1.3,AMF_US-Wjs_FLUXNET_2007-2025_v1.3_r1.zip,10.17190/AMF/1871146,1.0494186046511629,FALSE,FALSE,FALSE,147,10.109469387755102,350.8905306122449,333.8905306122449,bio12
US-Wkg,30,334.9805666666667,17,314.810705882353,4,0.94825,344.028,204,4,0.9803921568627452,410,407,FALSE,0.8170257723577236,1.0640698057830706,0.9737014622840776,0.8230480753480753,TRUE,FALSE,AmeriFlux,AMF,v1.3,AMF_US-Wkg_FLUXNET_2004-2025_v1.3_r1.zip,10.17190/AMF/1984575,0.9926829268292683,TRUE,FALSE,FALSE,199,10.306552763819095,396.69344723618093,399.69344723618093,badm
US-xAB,30,2201.8873,2,2014.9255,NA,NA,NA,24,0,1,2372,2450.59,FALSE,0.9282830101180438,1.0927884430466537,NA,0.8985131335719152,TRUE,FALSE,AmeriFlux,AMF,v1.3,AMF_US-xAB_FLUXNET_2019-2024_v1.3_r1.zip,10.17190/AMF/2229403,1.0331323777403036,FALSE,FALSE,FALSE,24,66.42,2384.17,2305.58,bio12
US-xAE,30,790.6705000000001,2,877.8734999999999,12,1.7619166666666666,646.906,24,12,0.5,700,778.85,FALSE,1.1295292857142858,0.9006656426011266,1.22223398762726,1.0151768633241318,FALSE,FALSE,AmeriFlux,AMF,v1.3,AMF_US-xAE_FLUXNET_2019-2024_v1.3_r1.zip,10.17190/AMF/1985434,1.1126428571428573,FALSE,FALSE,FALSE,11,38.54290909090909,740.3070909090909,661.4570909090909,bio12
US-xBA,30,70.94716666666666,2,34.4865,5,0.1282,46.1904,24,5,0.7916666666666666,109,110,FALSE,0.6508914373088684,2.0572446222918144,1.5359721211911277,0.6449742424242424,TRUE,FALSE,AmeriFlux,AMF,v1.3,AMF_US-xBA_FLUXNET_2019-2024_v1.3_r1.zip,10.17190/AMF/2229404,1.0091743119266054,TRUE,FALSE,FALSE,18,0.9826666666666666,109.01733333333334,108.01733333333334,bio12
US-xBL,30,1093.0072666666667,2,1234.1085,NA,NA,NA,24,0,1,991,982.55,FALSE,1.102933669693912,0.8856654554009366,NA,1.1124189778297968,TRUE,FALSE,AmeriFlux,AMF,v1.3,AMF_US-xBL_FLUXNET_2019-2024_v1.3_r1.zip,10.17190/AMF/2229405,0.991473259334006,TRUE,FALSE,FALSE,14,45.42171428571429,937.1282857142857,945.5782857142857,badm
US-xBN,30,379.3319,2,458.5995,5,0.6292,227.7864,24,5,0.7916666666666666,329,275,FALSE,1.152984498480243,0.8271528861239491,1.6652965234096504,1.3793887272727272,TRUE,FALSE,AmeriFlux,AMF,v1.3,AMF_US-xBN_FLUXNET_2019-2024_v1.3_r1.zip,10.17190/AMF/2229406,0.8358662613981763,FALSE,FALSE,FALSE,10,21.9252,253.0748,307.0748,badm
US-xBR,30,1342.6421666666668,2,1300.7375,1,6.226,2316.072,24,1,0.9583333333333334,1233,1246,FALSE,1.0889230873208977,1.0322160825429163,0.5797065750402693,1.077561931514179,TRUE,FALSE,AmeriFlux,AMF,v1.3,AMF_US-xBR_FLUXNET_2019-2024_v1.3_r1.zip,10.17190/AMF/1881598,1.010543390105434,TRUE,FALSE,FALSE,22,40.773818181818186,1205.2261818181819,1192.2261818181819,bio12
US-xCL,30,947.5983333333334,2,943.354,6,2.6943333333333337,985.486,24,6,0.75,870,925.61,FALSE,1.0891934865900383,1.004499194717289,0.9615543329213538,1.023755505378435,TRUE,FALSE,AmeriFlux,AMF,v1.3,AMF_US-xCL_FLUXNET_2019-2024_v1.3_r1.zip,10.17190/AMF/1985435,1.063919540229885,FALSE,FALSE,FALSE,10,25.726799999999997,899.8832,844.2732,bio12
US-xCP,30,323.6106666666667,2,280.47299999999996,NA,NA,NA,24,0,1,367,320,FALSE,0.8817729336966396,1.1538032775585056,NA,1.0112833333333335,TRUE,FALSE,AmeriFlux,AMF,v1.3,AMF_US-xCP_FLUXNET_2019-2024_v1.3_r1.zip,10.17190/AMF/1985436,0.8719346049046321,FALSE,FALSE,FALSE,8,10.1595,309.8405,356.8405,badm
US-xDC,30,377.5992,2,418.9215,NA,NA,NA,24,0,1,438,489.74,FALSE,0.8620986301369863,0.901360278715702,NA,0.7710197247519092,TRUE,FALSE,AmeriFlux,AMF,v1.3,AMF_US-xDC_FLUXNET_2019-2024_v1.3_r1.zip,10.17190/AMF/1985437,1.1181278538812787,FALSE,FALSE,FALSE,23,12.348521739130433,477.3914782608696,425.65147826086957,bio12
US-xDJ,30,239.51666666666668,2,314.29100000000005,5,1.2588,463.2240000000001,24,5,0.7916666666666666,290,300,FALSE,0.8259195402298851,0.7620856679531601,0.5170644583757894,0.7983888888888889,TRUE,FALSE,AmeriFlux,AMF,v1.3,AMF_US-xDJ_FLUXNET_2019-2024_v1.3_r1.zip,10.17190/AMF/2229407,1.0344827586206897,FALSE,TRUE,TRUE,17,9.037411764705883,290.9625882352941,280.9625882352941,bio12
US-xDL,30,1300.6067,2,1517.5725000000002,NA,NA,NA,24,0,1,1402,1372,FALSE,0.9276795292439372,0.8570310149926939,NA,0.9479640670553936,TRUE,FALSE,AmeriFlux,AMF,v1.3,AMF_US-xDL_FLUXNET_2019-2024_v1.3_r1.zip,10.17190/AMF/1985438,0.978601997146933,FALSE,FALSE,FALSE,23,50.28678260869565,1321.7132173913044,1351.7132173913044,badm
US-xDS,30,1150.9070666666669,2,1371.67,NA,NA,NA,24,0,1,1221,1216.09,FALSE,0.94259383019383,0.8390553607403141,NA,0.9463995811713498,TRUE,FALSE,AmeriFlux,AMF,v1.3,AMF_US-xDS_FLUXNET_2019-2024_v1.3_r1.zip,10.17190/AMF/1985439,0.9959787059787059,TRUE,FALSE,FALSE,24,44.858999999999995,1171.231,1176.141,badm
US-xGR,30,1378.7163666666663,2,1617.9105,1,5.337,1921.3199999999997,24,1,0.9583333333333334,1367,1375,FALSE,1.008570860765667,0.8521586123995527,0.7175880991540539,1.002702812121212,TRUE,FALSE,AmeriFlux,AMF,v1.3,AMF_US-xGR_FLUXNET_2019-2024_v1.3_r1.zip,10.17190/AMF/1985440,1.005852231163131,TRUE,FALSE,FALSE,13,55.78338461538461,1319.2166153846154,1311.2166153846154,bio12
US-xHE,30,256.2087,2,355.9375,7,0.5352857142857143,195.25371428571427,24,7,0.7083333333333333,419,320,FALSE,0.6114766109785204,0.7198137313432836,1.3121834887355357,0.8006521875000001,TRUE,FALSE,AmeriFlux,AMF,v1.3,AMF_US-xHE_FLUXNET_2019-2024_v1.3_r1.zip,10.17190/AMF/1985442,0.7637231503579952,FALSE,FALSE,FALSE,15,13.899999999999999,306.1,405.1,badm
US-xJE,30,1203.044,2,1280.4019999999998,NA,NA,NA,24,0,1,1355,1307.97,FALSE,0.8878553505535056,0.9395830372023788,NA,0.919779505646154,TRUE,FALSE,AmeriFlux,AMF,v1.3,AMF_US-xJE_FLUXNET_2019-2024_v1.3_r1.zip,10.17190/AMF/1985443,0.9652915129151292,FALSE,FALSE,FALSE,24,42.035,1265.935,1312.965,badm
US-xJR,30,203.24796666666663,2,177.912,8,0.43925,160.9755,24,8,0.6666666666666667,273,271.33,FALSE,0.7444980463980464,1.1424072949922808,1.2626018659154137,0.7490803326822197,TRUE,FALSE,AmeriFlux,AMF,v1.3,AMF_US-xJR_FLUXNET_2019-2024_v1.3_r1.zip,10.17190/AMF/2229408,0.9938827838827838,TRUE,FALSE,FALSE,13,5.905846153846154,265.42415384615384,267.09415384615386,badm
US-xKZ,30,891.7298333333333,2,925.799,1,3.59,1335.48,24,1,0.9583333333333334,892,870.38,FALSE,0.9996971225710016,0.9632002554910228,0.6677223420293328,1.0245293243564113,TRUE,FALSE,AmeriFlux,AMF,v1.3,AMF_US-xKZ_FLUXNET_2019-2024_v1.3_r1.zip,10.17190/AMF/1985445,0.975762331838565,FALSE,FALSE,FALSE,20,31.71,838.67,860.29,badm
US-xLE,30,1463.2431,2,1645.2525,4,4.309,1574.439,24,4,0.8333333333333334,1513,1386.24,FALSE,0.9671137475214804,0.8893729685868885,0.9293742723598692,1.0555481734764542,TRUE,FALSE,AmeriFlux,AMF,v1.3,AMF_US-xLE_FLUXNET_2019-2024_v1.3_r1.zip,10.17190/AMF/3027333,0.9162194315928619,FALSE,FALSE,FALSE,17,51.014823529411764,1335.2251764705882,1461.9851764705882,badm
US-xMB,30,192.30396666666667,2,164.2035,1,0.386,143.592,24,1,0.9583333333333334,306,319.46,FALSE,0.6284443355119825,1.171131959225392,1.3392387226772149,0.6019657129739769,TRUE,FALSE,AmeriFlux,AMF,v1.3,AMF_US-xMB_FLUXNET_2019-2024_v1.3_r1.zip,10.17190/AMF/1985446,1.043986928104575,FALSE,FALSE,FALSE,10,4.053599999999999,315.40639999999996,301.9464,bio12
US-xML,30,1361.8994666666667,2,1745.7510000000002,2,4.4239999999999995,1620.216,24,2,0.9166666666666666,1122,1227.82,FALSE,1.2138141414141417,0.7801224038632466,0.8405666075798948,1.1092012401383482,TRUE,FALSE,AmeriFlux,AMF,v1.3,AMF_US-xML_FLUXNET_2019-2024_v1.3_r1.zip,10.17190/AMF/1985447,1.094313725490196,FALSE,FALSE,FALSE,9,49.882666666666665,1177.9373333333333,1072.1173333333334,bio12
US-xNG,30,336.91363333333334,2,100.90099999999998,10,0.4914,180.5424,24,10,0.5833333333333333,428,456.51,FALSE,0.7871813862928349,3.339051479503012,1.866119168313556,0.7380202697275708,TRUE,FALSE,AmeriFlux,AMF,v1.3,AMF_US-xNG_FLUXNET_2019-2024_v1.3_r1.zip,10.17190/AMF/1985448,1.0666121495327103,FALSE,FALSE,FALSE,14,1.4460000000000002,455.06399999999996,426.554,bio12
US-xNQ,30,233.8227,2,210.9705,2,0.33599999999999997,123.288,24,2,0.9166666666666666,297,288.31,FALSE,0.7872818181818182,1.1083194095857003,1.8965568425150865,0.8110114113280843,TRUE,FALSE,AmeriFlux,AMF,v1.3,AMF_US-xNQ_FLUXNET_2019-2024_v1.3_r1.zip,10.17190/AMF/1985449,0.9707407407407408,FALSE,FALSE,FALSE,21,7.509142857142857,280.8008571428571,289.4908571428571,badm
US-xNW,30,1610.8974333333333,2,1547.912,14,5.209714285714286,1903.680857142857,24,14,0.41666666666666663,623,1004.54,FALSE,2.585710165864098,1.0406905775866673,0.8462014141125797,1.6036170120984066,FALSE,FALSE,AmeriFlux,AMF,v1.3,AMF_US-xNW_FLUXNET_2019-2024_v1.3_r1.zip,10.17190/AMF/2571112,1.6124237560192616,FALSE,FALSE,FALSE,2,12.341999999999999,992.198,610.658,bio12
US-xPU,30,2372.7130666666667,2,2782.9260000000004,6,11.061833333333334,3856.228000000001,24,6,0.75,2155,2685,FALSE,1.1010269450889405,0.8525965356846235,0.615293770665704,0.8836920173805091,TRUE,FALSE,AmeriFlux,AMF,v1.3,AMF_US-xPU_FLUXNET_2019-2024_v1.3_r1.zip,10.17190/AMF/3010289,1.245939675174014,FALSE,FALSE,FALSE,15,72.3232,2612.6768,2082.6768,bio12
US-xRM,30,416.0914333333333,2,416.7435,1,0.345,128.33999999999995,24,1,0.9583333333333334,548,730.59,FALSE,0.7592909367396593,0.99843532852542,3.2421024881824327,0.5695279614193095,TRUE,FALSE,AmeriFlux,AMF,v1.3,AMF_US-xRM_FLUXNET_2019-2024_v1.3_r1.zip,10.17190/AMF/1985450,1.3331934306569344,FALSE,FALSE,FALSE,19,10.111578947368422,720.4784210526316,537.8884210526315,bio12
US-xRN,30,1545.3926666666666,2,1775.1169999999995,NA,NA,NA,24,0,1,1220,1340.32,FALSE,1.266715300546448,0.8705863707387552,NA,1.1530027655087345,TRUE,FALSE,AmeriFlux,AMF,v1.3,AMF_US-xRN_FLUXNET_2019-2024_v1.3_r1.zip,10.17190/AMF/2571119,1.098622950819672,FALSE,FALSE,FALSE,16,48.513,1291.807,1171.487,bio12
US-xSB,30,1101.3257666666666,2,1099.0415000000005,NA,NA,NA,24,0,1,1290,1302.09,FALSE,0.8537409043927648,1.0020784171177033,NA,0.8458138582330459,TRUE,FALSE,AmeriFlux,AMF,v1.3,AMF_US-xSB_FLUXNET_2019-2024_v1.3_r1.zip,10.17190/AMF/1985451,1.0093720930232557,TRUE,FALSE,FALSE,24,36.06,1266.03,1253.94,bio12
US-xSC,30,1040.1001666666666,2,1110.1445,NA,NA,NA,24,0,1,1027,1125.5,FALSE,1.0127557611165203,0.936905210688038,NA,0.9241227602547016,TRUE,FALSE,AmeriFlux,AMF,v1.3,AMF_US-xSC_FLUXNET_2019-2024_v1.3_r1.zip,10.17190/AMF/2229409,1.0959104186952289,FALSE,FALSE,FALSE,16,37.22625,1088.27375,989.77375,bio12
US-xSE,30,1121.9486333333334,2,1433.2804999999998,6,3.3965,1255.222,24,6,0.75,1104,1074.65,FALSE,1.0162578200483092,0.7827837142369086,0.8938248639151747,1.0440130585151757,TRUE,FALSE,AmeriFlux,AMF,v1.3,AMF_US-xSE_FLUXNET_2019-2024_v1.3_r1.zip,10.17190/AMF/1985452,0.9734148550724638,FALSE,FALSE,FALSE,8,59.85600000000001,1014.7940000000001,1044.144,badm
US-xSJ,30,421.1263666666667,2,375.0255000000001,NA,NA,NA,24,0,1,542,539.62,FALSE,0.7769859163591636,1.1229272853890375,NA,0.7804128213681233,TRUE,FALSE,AmeriFlux,AMF,v1.3,AMF_US-xSJ_FLUXNET_2019-2024_v1.3_r1.zip,10.17190/AMF/2229410,0.9956088560885609,TRUE,FALSE,FALSE,16,6.0120000000000005,533.608,535.988,badm
US-xSL,30,416.76616666666666,2,241.4995,4,0.6875,253.071,24,4,0.8333333333333334,429,432.67,FALSE,0.971482905982906,1.725743393533596,1.646834946187697,0.9632425790248148,TRUE,FALSE,AmeriFlux,AMF,v1.3,AMF_US-xSL_FLUXNET_2019-2024_v1.3_r1.zip,10.17190/AMF/2229411,1.0085547785547786,TRUE,FALSE,FALSE,16,8.60325,424.06675,420.39675,bio12
US-xSP,30,568.4881,2,599.471,NA,NA,NA,24,0,1,842,900.35,FALSE,0.6751640142517815,0.9483162655074224,NA,0.631407896928972,TRUE,FALSE,AmeriFlux,AMF,v1.3,AMF_US-xSP_FLUXNET_2019-2024_v1.3_r1.zip,10.17190/AMF/3028956,1.0692992874109264,FALSE,FALSE,FALSE,18,14.038000000000002,886.312,827.962,bio12
US-xSR,30,313.45043333333336,2,275.8435,2,0.318,117.228,24,2,0.9166666666666666,395,346,FALSE,0.7935454008438819,1.136334310336598,2.673852947532444,0.9059261078998074,TRUE,FALSE,AmeriFlux,AMF,v1.3,AMF_US-xSR_FLUXNET_2019-2024_v1.3_r1.zip,10.17190/AMF/1985453,0.8759493670886076,FALSE,FALSE,FALSE,17,10.893882352941176,335.1061176470588,384.1061176470588,badm
US-xST,30,727.1521333333334,2,847.355,5,2.5538,936.6264,24,5,0.7916666666666666,803,797.56,FALSE,0.905544375259444,0.8581434385037362,0.7763523784225316,0.9117209154588162,TRUE,FALSE,AmeriFlux,AMF,v1.3,AMF_US-xST_FLUXNET_2019-2024_v1.3_r1.zip,10.17190/AMF/1985454,0.993225404732254,TRUE,FALSE,FALSE,17,27.887999999999998,769.6719999999999,775.112,badm
US-xTE,30,555.1969,2,555.407,11,2.276727272727273,810.0916363636363,24,11,0.5416666666666667,831,1222.5,FALSE,0.6681069795427197,0.99962171884762,0.6853507369761087,0.4541487934560328,TRUE,FALSE,AmeriFlux,AMF,v1.3,AMF_US-xTE_FLUXNET_2019-2024_v1.3_r1.zip,10.17190/AMF/3027334,1.4711191335740073,FALSE,FALSE,FALSE,12,9.344999999999999,1213.155,821.655,bio12
US-xTL,30,367.4055333333333,2,398.899,NA,NA,NA,24,0,1,239,331,FALSE,1.5372616457461643,0.9210490207629836,NA,1.1099865055387714,TRUE,FALSE,AmeriFlux,AMF,v1.3,AMF_US-xTL_FLUXNET_2019-2024_v1.3_r1.zip,10.17190/AMF/2469475,1.3849372384937237,FALSE,FALSE,FALSE,6,10.866,320.134,228.13400000000001,bio12
US-xTR,30,682.6325,2,787.9545,8,2.78375,1019.5755,24,8,0.6666666666666667,803,797.56,FALSE,0.8501027397260275,0.8663349216230125,0.6695261900663562,0.8559011234264507,TRUE,FALSE,AmeriFlux,AMF,v1.3,AMF_US-xTR_FLUXNET_2019-2024_v1.3_r1.zip,10.17190/AMF/1985456,0.993225404732254,TRUE,FALSE,FALSE,14,23.280857142857144,774.2791428571428,779.7191428571429,badm
US-xUK,30,926.3591666666666,2,1037.5649999999998,NA,NA,NA,24,0,1,998,990.63,FALSE,0.9282155978623914,0.8928203694868917,NA,0.9351212528054538,TRUE,FALSE,AmeriFlux,AMF,v1.3,AMF_US-xUK_FLUXNET_2019-2024_v1.3_r1.zip,10.17190/AMF/1985457,0.9926152304609218,TRUE,FALSE,FALSE,22,30.64690909090909,959.983090909091,967.353090909091,badm
US-xUN,30,659.0398333333334,2,842.7845,NA,NA,NA,24,0,1,843,802.3,FALSE,0.7817791617240016,0.7819790626587619,NA,0.8214381569653912,TRUE,FALSE,AmeriFlux,AMF,v1.3,AMF_US-xUN_FLUXNET_2019-2024_v1.3_r1.zip,10.17190/AMF/1985458,0.9517200474495847,FALSE,FALSE,FALSE,22,28.069636363636363,774.2303636363636,814.9303636363636,badm
US-xWD,30,560.4637333333334,2,539.0805,2,0.973,342.51599999999996,24,2,0.9166666666666666,423,493.76,FALSE,1.324973364854216,1.039666122839415,1.6363140213401226,1.1350934327068485,TRUE,FALSE,AmeriFlux,AMF,v1.3,AMF_US-xWD_FLUXNET_2019-2024_v1.3_r1.zip,10.17190/AMF/2229412,1.1672813238770685,FALSE,FALSE,FALSE,18,17.732,476.028,405.26800000000003,bio12
US-xWR,30,2135.3224333333333,2,1926.2605,2,8.183,2862.87,24,2,0.9166666666666666,1966,2225.01,FALSE,1.086125347575449,1.108532534064491,0.7458677597422633,0.959691162436723,TRUE,FALSE,AmeriFlux,AMF,v1.3,AMF_US-xWR_FLUXNET_2019-2024_v1.3_r1.zip,10.17190/AMF/2571118,1.1317446592065108,FALSE,FALSE,FALSE,21,61.872,2163.1380000000004,1904.128,bio12
US-xYE,30,488.4209333333333,2,466.3615,2,1.9145,666.69,24,2,0.9166666666666666,590,493.44,FALSE,0.8278320903954802,1.0473011458564512,0.732605758798442,0.9898284154777344,TRUE,FALSE,AmeriFlux,AMF,v1.3,AMF_US-xYE_FLUXNET_2019-2024_v1.3_r1.zip,10.17190/AMF/1985459,0.8363389830508474,FALSE,FALSE,FALSE,10,12.888000000000002,480.552,577.112,badm
VU-Coc,30,2593.5981,4,2406.94075,11,7.0590909090909095,2553.3043636363636,48,11,0.7708333333333334,2897,2763,FALSE,0.8952703141180532,1.077549623936526,1.0157810157447311,0.9386891422366992,TRUE,FALSE,ICOS,FLX,v1.3,FLX_VU-Coc_FLUXNET_2001-2004_v1.3_r1.zip,PrWE9DMXpEen7ZyDmWcJ1EnX,0.9537452537107353,FALSE,FALSE,FALSE,35,80.27314285714286,2682.726857142857,2816.726857142857,badm
ZA-BfK,30,479.7237666666667,1,565.603,4,1.35325,481.443,12,4,0.6666666666666667,440,441,FALSE,1.090281287878788,0.8481634055453502,0.9964289992100138,1.0878089947089948,TRUE,FALSE,ICOS,SAEON,v1.3,SAEON_ZA-BfK_FLUXNET_2020-2024_v1.3_r1.zip,L3b447DFrFAeO56M1P7eueuq,1.0022727272727272,TRUE,FALSE,FALSE,5,21.374399999999998,419.6256,418.6256,bio12
ZA-BfS,30,393.1416,1,620.7079999999999,2,2.3065,821.8739999999999,12,2,0.8333333333333334,437,445,FALSE,0.899637528604119,0.6333760802180738,0.4783477759364575,0.8834642696629215,TRUE,FALSE,ICOS,SAEON,v1.3,SAEON_ZA-BfS_FLUXNET_2020-2024_v1.3_r1.zip,7D87eYcefMtCZ131SjGfAEvu,1.0183066361556063,TRUE,FALSE,FALSE,9,17.592,427.408,419.408,bio12
ZM-Mon,30,503.8849666666667,3,585.137,13,1.318,479.36215384615383,36,13,0.6388888888888888,877,945,FALSE,0.5745552641581148,0.8611401546418476,1.0511571733891685,0.5332116049382716,FALSE,FALSE,ICOS,EUF,v1.3,EUF_ZM-Mon_FLUXNET_2007-2009_v1.3_r1.zip,CjQxQ-dZrlyJEZPXAaFSepVI,1.0775370581527937,FALSE,FALSE,FALSE,21,23.023428571428575,921.9765714285714,853.9765714285714,bio12
