site_id,n_years_era5,map_era5,n_years_pf_all,map_pf_allmonths,n_months_qc0,map_pf_qc0_monthly_mean,map_pf_qc0_annualized,n_months_total,n_qc0,frac_filled,bio12_mm,badm_map_mm,excluded,ratio_to_bio12,ratio_to_pf_allmonths,ratio_to_pf_qc0,ratio_to_badm_map,too_few_qc0_months,implausible_raw,data_hub,product_source_network,oneflux_code_version,fluxnet_product_name,product_id,ratio_badm_bio12,within_2pct,badm_round_100,badm_round_50
AR-Bal,30,422.36246666666665,2,432.52650000000006,20,1.1965,438.0882,24,20,0.16666666666666663,835,926,FALSE,0.5058233133732535,0.976500784730338,0.9641037276664074,0.4561149748020158,FALSE,FALSE,AmeriFlux,AMF,v1.3,AMF_AR-Bal_FLUXNET_2012-2013_v1.3_r1.zip,10.17190/AMF/2571144,1.1089820359281437,FALSE,FALSE,FALSE
AR-CCa,30,3554.8036,9,3415.202222222222,108,9.36275,3415.202222222222,108,108,0,1018,1060,FALSE,3.491948526522594,1.040876460219372,1.040876460219372,3.3535883018867927,FALSE,FALSE,AmeriFlux,AMF,v1.3,AMF_AR-CCa_FLUXNET_2012-2020_v1.3_r1.zip,10.17190/AMF/2571134,1.0412573673870333,FALSE,FALSE,FALSE
AR-CCg,30,3460.358333333333,3,2971.9179999999997,36,8.14713888888889,2971.918,36,36,0,1004,1060,FALSE,3.446572045152722,1.1643518876810643,1.164351887681064,3.2644889937106916,FALSE,FALSE,AmeriFlux,AMF,v1.3,AMF_AR-CCg_FLUXNET_2018-2024_v1.3_r1.zip,10.17190/AMF/2469434,1.0557768924302788,FALSE,FALSE,FALSE
AR-TF2,30,3849.4612666666662,3,3784.8493333333336,36,10.376527777777778,3784.849333333333,36,36,0,596,530,FALSE,6.458827628635347,1.0170712035388814,1.0170712035388816,7.263134465408805,FALSE,FALSE,AmeriFlux,AMF,v1.3,AMF_AR-TF2_FLUXNET_2016-2018_v1.3_r1.zip,10.17190/AMF/2571120,0.889261744966443,FALSE,FALSE,FALSE
AT-Mmg,30,812.6036333333334,NA,NA,NA,NA,NA,NA,NA,NA,1150,768,FALSE,0.7066118550724638,NA,NA,1.0580776475694444,TRUE,FALSE,ICOS,EUF,v1.3,EUF_AT-Mmg_FLUXNET_2021-2024_v1.3_r1.zip,SR8Y7XJE2CuwVkPh9WO7iXKF,0.6678260869565218,FALSE,FALSE,FALSE
AT-Neu,30,769.6289333333333,19,767.5662105263158,NA,NA,NA,228,0,1,997,852,FALSE,0.771944767636242,1.0026873548870827,NA,0.9033203442879498,TRUE,FALSE,ICOS,EUF,v1.3,EUF_AT-Neu_FLUXNET_2002-2020_v1.3_r1.zip,igjTOOy6rdzyQ7RPN590N98N,0.8545636910732196,FALSE,FALSE,FALSE
AT-Nsd,30,490.758,3,493.217,6,1.2878333333333334,465.682,36,6,0.8333333333333334,576,500.2,FALSE,0.8520104166666667,0.9950143648738792,1.0538479047933995,0.981123550579768,TRUE,FALSE,ICOS,EUF,v1.3,EUF_AT-Nsd_FLUXNET_2018-2022_v1.3_r1.zip,2Itqw8Hspuyjolyphte0hHnO,0.8684027777777777,FALSE,FALSE,FALSE
AT-PsM,30,1263.2589,5,1272.555,5,3.5002,1281.6624,60,5,0.9166666666666666,1165,1233,FALSE,1.0843424034334763,0.9926949326355246,0.9856409144873096,1.0245408759124088,TRUE,FALSE,ICOS,EUF,v1.3,EUF_AT-PsM_FLUXNET_2015-2019_v1.3_r1.zip,STpBN0N9Df49Aabujg7yoJar,1.0583690987124463,FALSE,FALSE,FALSE
AT-Zoe,30,1781.0322333333334,7,1739.8967142857143,NA,NA,NA,84,0,1,936,1645,FALSE,1.902812215099715,1.023642506310788,NA,1.0826943667679838,TRUE,FALSE,ICOS,EUF,v1.3,EUF_AT-Zoe_FLUXNET_2014-2024_v1.3_r1.zip,cp3qmc9PDJw4kLwCX34YIr1M,1.7574786324786325,FALSE,FALSE,FALSE
BE-Bra,30,811.3813666666666,22,822.8568636363636,26,1.9376538461538464,708.1463076923077,264,26,0.9015151515151516,808,920.7,FALSE,1.0041848597359735,0.9860540788114904,1.145782104422431,0.8812657398356322,FALSE,FALSE,ICOS,ICOS,v1.3,ICOS_BE-Bra_FLUXNET_1999-2024_v1.3_r1.zip,LFEir6YGDlkpjoTnCuB1qWeS,1.139480198019802,FALSE,FALSE,FALSE
BE-Dor,30,643.6931333333333,10,618.0674,NA,NA,NA,120,0,1,849,827.9,FALSE,0.7581780133490381,1.0414610661124228,NA,0.7775010669565567,TRUE,FALSE,ICOS,ICOS,v1.3,ICOS_BE-Dor_FLUXNET_2011-2024_v1.3_r1.zip,geqYNPk-fvkZDGtnJI-sq1Je,0.9751472320376914,FALSE,FALSE,FALSE
BE-Lcr,30,696.4490666666667,2,748.4449999999999,NA,NA,NA,24,0,1,782,861.3,FALSE,0.8905998294970162,0.9305280503800102,NA,0.808602190487248,TRUE,FALSE,ICOS,EUF,v1.3,EUF_BE-Lcr_FLUXNET_2019-2022_v1.3_r1.zip,oc2rvgUbNz-kUIeMsNmvNv8X,1.1014066496163681,FALSE,FALSE,FALSE
BE-Lon,30,675.7650333333333,17,718.4119411764706,6,2.0615,754.614,204,6,0.9705882352941176,800,742.6,FALSE,0.8447062916666667,0.940637250860142,0.8955108616237352,0.9099986982673488,TRUE,FALSE,ICOS,ICOS,v1.3,ICOS_BE-Lon_FLUXNET_2004-2024_v1.3_r1.zip,1u2xQ5XcQoX0j2wJiZcyDP3M,0.92825,FALSE,FALSE,FALSE
BE-Maa,30,697.2788666666667,5,584.06,10,1.6425,598.5624,60,10,0.8333333333333334,757,839.1,FALSE,0.9211081461911051,1.1938480064833523,1.1649225989916283,0.83098422913439,TRUE,FALSE,ICOS,ICOS,v1.3,ICOS_BE-Maa_FLUXNET_2016-2025_v1.3_r1.zip,DwEiFNFPCZypbHKn5zK7Phsl,1.1084544253632762,FALSE,FALSE,FALSE
BE-Vie,30,918.7797333333332,25,900.50388,16,1.779625,649.98375,300,16,0.9466666666666668,1103,915.6,FALSE,0.8329825324871563,1.0202951411306893,1.4135426206167974,1.0034728411242173,FALSE,FALSE,ICOS,ICOS,v1.3,ICOS_BE-Vie_FLUXNET_1996-2025_v1.3_r1.zip,mYZAS5TMuYruvEj80RAUa5OO,0.8300997280145059,FALSE,FALSE,FALSE
BJ-Bfg,30,1396.9521,10,1342.1749,NA,NA,NA,120,0,1,1173,1200,FALSE,1.1909225063938618,1.0408122667172512,NA,1.16412675,TRUE,FALSE,ICOS,FLX,v1.3,FLX_BJ-Bfg_FLUXNET_2008-2017_v1.3_r1.zip,3e0Uvz3eNFxHLxOGL6H7ciVC,1.0230179028132993,FALSE,TRUE,TRUE
BJ-Db1,30,1404.9051333333332,NA,NA,NA,NA,NA,NA,NA,NA,1194,1440,FALSE,1.176637465103294,NA,NA,0.9756285648148147,TRUE,FALSE,ICOS,FLX,v1.3,FLX_BJ-Db1_FLUXNET_2022-2024_v1.3_r1.zip,bqZsKSML866fLpZmVsqJ1vC4,1.2060301507537687,FALSE,FALSE,FALSE
BJ-Nhu,30,1349.8548666666666,10,1289.6695,NA,NA,NA,120,0,1,1205,1190,FALSE,1.120211507607192,1.0466672792267062,NA,1.1343318207282913,TRUE,FALSE,ICOS,FLX,v1.3,FLX_BJ-Nhu_FLUXNET_2008-2017_v1.3_r1.zip,lmKaXHkgzrf_23otyyDTLet5,0.9875518672199171,TRUE,FALSE,FALSE
BR-CST,30,661.4289333333334,2,435.1015,10,1.3694,493.788,24,10,0.5833333333333333,745,642,FALSE,0.887824071588367,1.5201715768236457,1.3394998123351185,1.0302631360332295,TRUE,FALSE,AmeriFlux,AMF,v1.3,AMF_BR-CST_FLUXNET_2014-2015_v1.3_r1.zip,10.17190/AMF/1902820,0.8617449664429531,FALSE,FALSE,FALSE
BR-ITA,30,2457.0402,1,1954.4979999999996,10,4.6663,1691.0471999999995,12,10,0.16666666666666663,1279,1447,FALSE,1.921063487099296,1.2571208566087049,1.4529696155139846,1.698023635107118,TRUE,FALSE,AmeriFlux,AMF,v1.3,AMF_BR-ITA_FLUXNET_2020-2024_v1.3_r1.zip,10.17190/AMF/3027371,1.1313526192337764,FALSE,FALSE,FALSE
BR-Ma2,30,2495.3513666666668,18,2548.848333333334,10,10.6303,3842.2896,216,10,0.9537037037037036,2352,2252,FALSE,1.0609487103174604,0.9790113181835718,0.6494438541713947,1.1080601095322675,TRUE,FALSE,AmeriFlux,AMF,v1.3,AMF_BR-Ma2_FLUXNET_1999-2016_v1.3_r1.zip,10.17190/AMF/3027671,0.9574829931972789,FALSE,FALSE,FALSE
BR-Ma3,30,2134.5123,11,2119.0485454545455,11,6.674090909090909,2433.698181818182,132,11,0.9166666666666666,2395,2792,FALSE,0.8912368684759916,1.0072974989547194,0.8770653304286629,0.7645101361031518,TRUE,FALSE,AmeriFlux,AMF,v1.3,AMF_BR-Ma3_FLUXNET_2008-2018_v1.3_r1.zip,10.17190/AMF/3027359,1.1657620041753654,FALSE,FALSE,FALSE
BR-Npw,30,1433.2037,5,1480.2816,22,3.3889545454545456,1232.1703636363636,60,22,0.6333333333333333,1320,1486,FALSE,1.085760378787879,0.9681966593383312,1.16315384811752,0.9644708613728128,FALSE,FALSE,AmeriFlux,AMF,v1.3,AMF_BR-Npw_FLUXNET_2013-2017_v1.3_r1.zip,10.17190/AMF/1881563,1.1257575757575757,FALSE,FALSE,FALSE
BR-SM1,30,5637.838066666666,2,5781.648,24,15.75175,5781.647999999999,24,24,0,1473,1700,TRUE,3.8274528626386055,0.9751264806620304,0.9751264806620304,3.3163753333333332,FALSE,FALSE,AmeriFlux,AMF,v1.3,AMF_BR-SM1_FLUXNET_2015-2016_v1.3_r1.zip,10.17190/AMF/3027374,1.1541072640868975,FALSE,TRUE,TRUE
BR-Sa1,30,2009.1521666666667,10,2164.2831,51,5.823843137254902,2120.4136470588237,120,51,0.575,1868,2074.79,FALSE,1.0755632583868666,0.9283222544530644,0.9475284077017306,0.968364107532168,FALSE,FALSE,AmeriFlux,AMF,v1.3,AMF_BR-Sa1_FLUXNET_2002-2011_v1.3_r1.zip,10.17190/AMF/3027310,1.1107012847965738,FALSE,FALSE,FALSE
BR-Sa3,30,1457.539266666667,5,1535.3479999999995,14,5.108928571428572,1865.8148571428571,60,14,0.7666666666666666,1852,2043.77,FALSE,0.7870082433405328,0.9493217607126638,0.7811810807952364,0.7131620811865653,FALSE,FALSE,AmeriFlux,AMF,v1.3,AMF_BR-Sa3_FLUXNET_2000-2004_v1.3_r1.zip,10.17190/AMF/3027311,1.103547516198704,FALSE,FALSE,FALSE
BR-Xpw,30,1431.8699666666666,4,1191.626,11,3.841818181818182,1381.74,48,11,0.7708333333333334,1341,1490,FALSE,1.0677628386776037,1.2016102087959366,1.0362803180530828,0.9609865548098434,TRUE,FALSE,AmeriFlux,AMF,v1.3,AMF_BR-Xpw_FLUXNET_2017-2022_v1.3_r1.zip,10.17190/AMF/3365275,1.1111111111111112,FALSE,FALSE,FALSE
CA-ARB,30,488.89663333333334,10,483.9614,37,0.7079189189189189,257.11427027027025,120,37,0.6916666666666667,625,700,FALSE,0.7822346133333333,1.010197576363184,1.9014760745073425,0.698423761904762,FALSE,FALSE,AmeriFlux,AMF,v1.3,AMF_CA-ARB_FLUXNET_2011-2024_v1.3_r1.zip,10.17190/AMF/1902821,1.12,FALSE,TRUE,TRUE
CA-ARF,30,488.89456666666666,10,483.9614,37,0.7079189189189189,257.11427027027025,120,37,0.6916666666666667,625,700,FALSE,0.7822313066666666,1.0101933060501658,1.9014680365767191,0.6984208095238095,FALSE,FALSE,AmeriFlux,AMF,v1.3,AMF_CA-ARF_FLUXNET_2011-2024_v1.3_r1.zip,10.17190/AMF/1902822,1.12,FALSE,TRUE,TRUE
CA-BOU,30,711.3454333333333,3,712.867,9,2.4165555555555556,879.7653333333333,36,9,0.75,1032,1011,FALSE,0.6892882105943152,0.9978655672563512,0.8085627000533475,0.7036057698648203,TRUE,FALSE,AmeriFlux,AMF,v1.3,AMF_CA-BOU_FLUXNET_2018-2020_v1.3_r1.zip,10.17190/AMF/2469435,0.9796511627906976,FALSE,FALSE,FALSE
CA-CF1,30,3649.1881,2,3710.235,19,9.080263157894738,3324.3391578947367,24,19,0.20833333333333337,417,452,FALSE,8.751050599520383,0.983546352185239,1.0977183514304798,8.073425,FALSE,FALSE,AmeriFlux,AMF,v1.3,AMF_CA-CF1_FLUXNET_2007-2008_v1.3_r1.zip,10.17190/AMF/2229375,1.0839328537170263,FALSE,FALSE,FALSE
CA-CF2,30,4963.8835,4,5143.8295,28,9.194178571428573,3367.709142857143,48,28,0.41666666666666663,417,452,TRUE,11.903797362110312,0.9650171141947844,1.4739644338135072,10.98204314159292,FALSE,FALSE,AmeriFlux,AMF,v1.3,AMF_CA-CF2_FLUXNET_2008-2011_v1.3_r1.zip,10.17190/AMF/3027323,1.0839328537170263,FALSE,FALSE,FALSE
CA-Ca1,30,1315.8228666666666,14,1338.2473571428573,5,4.1672,1525.3776,168,5,0.9702380952380952,1692,1369,FALSE,0.7776730890464932,0.9832433889321728,0.8626210760317096,0.9611562210859508,TRUE,FALSE,AmeriFlux,AMF,v1.3,AMF_CA-Ca1_FLUXNET_1997-2010_v1.3_r1.zip,10.17190/AMF/2007163,0.8091016548463357,FALSE,FALSE,FALSE
CA-Ca2,30,1178.4454666666666,11,1145.5296363636364,6,2.9091666666666667,1060.088,132,6,0.9545454545454546,1587,1474,FALSE,0.7425617307288385,1.0287341586443088,1.111648718471171,0.7994881049298959,TRUE,FALSE,AmeriFlux,AMF,v1.3,AMF_CA-Ca2_FLUXNET_2000-2010_v1.3_r1.zip,10.17190/AMF/2007164,0.9287964713295526,FALSE,FALSE,FALSE
CA-Ca3,30,1772.5385666666666,20,1678.69205,120,4.753116666666666,1738.9254,240,120,0.5,1582,1676,FALSE,1.120441571849979,1.0559045458436922,1.0193298497259666,1.0576005767700876,FALSE,FALSE,AmeriFlux,AMF,v1.3,AMF_CA-Ca3_FLUXNET_2001-2024_v1.3_r1.zip,10.17190/AMF/3027312,1.0594184576485461,FALSE,FALSE,FALSE
CA-Cbo,30,3332.7779666666665,25,3352.79184,300,9.174873333333334,3352.79184,300,300,0,874,876.34,FALSE,3.8132471014492753,0.9940306841914368,0.9940306841914368,3.8030649823888742,FALSE,FALSE,AmeriFlux,AMF,v1.3,AMF_CA-Cbo_FLUXNET_1996-2024_v1.3_r1.zip,10.17190/AMF/1854365,1.0026773455377576,TRUE,FALSE,FALSE
CA-DBB,30,1139.3527,6,1161.129,NA,NA,NA,72,0,1,1469,1128,FALSE,0.7755974812797821,0.981245580809712,NA,1.01006445035461,TRUE,FALSE,AmeriFlux,AMF,v1.3,AMF_CA-DBB_FLUXNET_2015-2024_v1.3_r1.zip,10.17190/AMF/1881565,0.7678692988427501,FALSE,FALSE,FALSE
CA-DSM,30,1166.4762333333333,NA,NA,NA,NA,NA,NA,NA,NA,1464,1077.8,FALSE,0.796773383424408,NA,NA,1.0822752211294613,TRUE,FALSE,AmeriFlux,AMF,v1.3,AMF_CA-DSM_FLUXNET_2021-2024_v1.3_r1.zip,10.17190/AMF/2571137,0.7362021857923498,FALSE,FALSE,FALSE
CA-EM1,30,395.9318333333333,NA,NA,NA,NA,NA,NA,NA,NA,480,504.8,FALSE,0.824857986111111,NA,NA,0.784334059693608,TRUE,FALSE,AmeriFlux,AMF,v1.3,AMF_CA-EM1_FLUXNET_2021-2023_v1.3_r1.zip,10.17190/AMF/2469436,1.0516666666666667,FALSE,FALSE,FALSE
CA-EM2,30,298.75856666666664,NA,NA,NA,NA,NA,NA,NA,NA,480,473.4,FALSE,0.6224136805555555,NA,NA,0.6310911843402337,TRUE,FALSE,AmeriFlux,AMF,v1.3,AMF_CA-EM2_FLUXNET_2021-2023_v1.3_r1.zip,10.17190/AMF/2571141,0.98625,TRUE,FALSE,FALSE
CA-Gro,30,822.5417666666667,12,833.2484166666667,15,2.5515333333333334,937.708,144,15,0.8958333333333334,740,831,FALSE,1.111542927927928,0.987150710657416,0.8771832667170021,0.9898216205375052,FALSE,FALSE,AmeriFlux,AMF,v1.3,AMF_CA-Gro_FLUXNET_2003-2014_v1.3_r1.zip,10.17190/AMF/1902823,1.122972972972973,FALSE,FALSE,FALSE
CA-HPC,30,1114.4470666666666,1,1581.336,NA,NA,NA,12,0,1,238,240.6,FALSE,4.682550700280112,0.7047503292574548,NA,4.631949570518149,TRUE,FALSE,AmeriFlux,AMF,v1.3,AMF_CA-HPC_FLUXNET_2018-2018_v1.3_r1.zip,10.17190/AMF/2469437,1.0109243697478991,TRUE,FALSE,FALSE
CA-KLP,30,573.9364666666667,10,578.6197,47,1.066723404255319,389.4094468085106,120,47,0.6083333333333334,648,680,FALSE,0.8857044238683127,0.9919061979166396,1.4738637477094796,0.8440242156862745,FALSE,FALSE,AmeriFlux,AMF,v1.3,AMF_CA-KLP_FLUXNET_2011-2020_v1.3_r1.zip,10.17190/AMF/3027324,1.0493827160493827,FALSE,FALSE,FALSE
CA-LP1,30,537.0924333333334,14,538.5622142857143,NA,NA,NA,168,0,1,723,570,FALSE,0.7428664361456893,0.997270917057688,NA,0.9422674269005848,TRUE,FALSE,AmeriFlux,AMF,v1.3,AMF_CA-LP1_FLUXNET_2007-2024_v1.3_r1.zip,10.17190/AMF/1832155,0.7883817427385892,FALSE,FALSE,FALSE
CA-LU1,30,384.5509333333333,1,617.74,7,0.855,313.00457142857147,12,7,0.41666666666666663,350,379,FALSE,1.0987169523809523,0.622512599691348,1.2285792874468893,1.0146462620932275,TRUE,FALSE,AmeriFlux,AMF,v1.3,AMF_CA-LU1_FLUXNET_2020-2023_v1.3_r1.zip,10.17190/AMF/3027376,1.082857142857143,FALSE,FALSE,FALSE
CA-LU2,30,358.3070666666667,1,532.659,8,1.01275,368.8335,12,8,0.33333333333333337,355,379,FALSE,1.0093156807511738,0.672676265052626,0.9714602026840476,0.9454012313104662,TRUE,FALSE,AmeriFlux,AMF,v1.3,AMF_CA-LU2_FLUXNET_2020-2023_v1.3_r1.zip,10.17190/AMF/3027377,1.0676056338028168,FALSE,FALSE,FALSE
CA-MA1,30,443.6125666666667,3,461.6126666666666,4,0.73525,264.057,36,4,0.8888888888888888,519,514,FALSE,0.8547448298008992,0.9610060526935282,1.6799879066514678,0.8630594682230869,TRUE,FALSE,AmeriFlux,AMF,v1.3,AMF_CA-MA1_FLUXNET_2009-2011_v1.3_r1.zip,10.17190/AMF/2007165,0.9903660886319846,TRUE,FALSE,FALSE
CA-MA2,30,462.4175666666667,3,480.2543333333333,5,0.8099999999999999,291.06960000000004,36,5,0.8611111111111112,518,514,FALSE,0.8926980051480052,0.962859748619308,1.588683829113953,0.8996450713359274,TRUE,FALSE,AmeriFlux,AMF,v1.3,AMF_CA-MA2_FLUXNET_2009-2011_v1.3_r1.zip,10.17190/AMF/2007166,0.9922779922779923,TRUE,FALSE,FALSE
CA-MA3,30,473.8713333333333,3,480.475,5,0.808,290.5608,36,5,0.8611111111111112,519,514,FALSE,0.9130468850353244,0.9862559619820664,1.6308852857416878,0.921928664072633,TRUE,FALSE,AmeriFlux,AMF,v1.3,AMF_CA-MA3_FLUXNET_2009-2011_v1.3_r1.zip,10.17190/AMF/2007167,0.9903660886319846,TRUE,FALSE,FALSE
CA-Man,30,328.0806333333333,15,324.87873333333334,12,0.46275,168.19,180,12,0.9333333333333332,509,520,FALSE,0.6445592010478061,1.0098556774312302,1.9506548149909824,0.6309242948717948,FALSE,FALSE,AmeriFlux,AMF,v1.3,AMF_CA-Man_FLUXNET_1994-2008_v1.3_r1.zip,10.17190/AMF/2571101,1.0216110019646365,FALSE,FALSE,FALSE
CA-Mer,30,882.9069999999999,23,884.8838695652174,71,2.0472957746478873,741.8722816901409,276,71,0.7427536231884058,943,943,FALSE,0.9362746553552492,0.997765955925732,1.1901064668281611,0.9362746553552492,FALSE,FALSE,AmeriFlux,AMF,v1.3,AMF_CA-Mer_FLUXNET_1998-2020_v1.3_r1.zip,10.17190/AMF/2571102,1,TRUE,FALSE,FALSE
CA-Mtk,30,206.7714,NA,NA,NA,NA,NA,NA,NA,NA,197,173,FALSE,1.0496010152284263,NA,NA,1.1952104046242775,TRUE,FALSE,AmeriFlux,AMF,v1.3,AMF_CA-Mtk_FLUXNET_2024-2024_v1.3_r1.zip,10.17190/AMF/2571152,0.8781725888324873,FALSE,FALSE,FALSE
CA-Na1,30,1287.7088333333334,3,1302.4796666666666,7,3.2154285714285713,1168.8428571428572,36,7,0.8055555555555556,1147,1102.7,FALSE,1.1226755303690787,0.9886594518813986,1.101695429342003,1.1677780296847131,TRUE,FALSE,AmeriFlux,AMF,v1.3,AMF_CA-Na1_FLUXNET_2003-2005_v1.3_r1.zip,10.17190/AMF/3027672,0.9613775065387969,FALSE,FALSE,FALSE
CA-Ojp,30,494.6377,12,487.60275,NA,NA,NA,144,0,1,473,430.5,FALSE,1.045745665961945,1.014427625767082,NA,1.1489842044134726,TRUE,FALSE,AmeriFlux,AMF,v1.3,AMF_CA-Ojp_FLUXNET_1999-2010_v1.3_r1.zip,10.17190/AMF/3365260,0.9101479915433404,FALSE,FALSE,FALSE
CA-PB1,30,344.5383,5,316.3214,38,0.7301315789473685,266.98168421052634,60,38,0.3666666666666667,525,490,FALSE,0.6562634285714286,1.089203259722548,1.2904941438915971,0.703139387755102,FALSE,FALSE,AmeriFlux,AMF,v1.3,AMF_CA-PB1_FLUXNET_2016-2024_v1.3_r1.zip,10.17190/AMF/3027379,0.9333333333333333,FALSE,FALSE,FALSE
CA-PB2,30,475.45213333333334,4,443.4185,33,0.940969696969697,343.90618181818184,48,33,0.3125,524,490,FALSE,0.907351399491094,1.0722424376369804,1.3825053414849575,0.9703104761904762,FALSE,FALSE,AmeriFlux,AMF,v1.3,AMF_CA-PB2_FLUXNET_2017-2024_v1.3_r1.zip,10.17190/AMF/3027380,0.9351145038167938,FALSE,FALSE,FALSE
CA-Qfo,30,975.0215,8,947.185,15,2.4574666666666665,898.3304,96,15,0.84375,983,962.32,FALSE,0.991883519837233,1.0293886621937636,1.0853707054776285,1.013198831989359,FALSE,FALSE,AmeriFlux,AMF,v1.3,AMF_CA-Qfo_FLUXNET_2003-2010_v1.3_r1.zip,10.17190/AMF/2006960,0.9789623601220754,FALSE,FALSE,FALSE
CA-RBM,30,974.1024333333334,NA,NA,NA,NA,NA,NA,NA,NA,1180,1152,FALSE,0.8255105367231639,NA,NA,0.8455750289351852,TRUE,FALSE,AmeriFlux,AMF,v1.3,AMF_CA-RBM_FLUXNET_2022-2024_v1.3_r1.zip,10.17190/AMF/3027354,0.976271186440678,FALSE,FALSE,FALSE
CA-SCB,30,342.5516666666667,6,313.72683333333333,11,0.5349090909090909,193.9167272727273,72,11,0.8472222222222222,414,388,FALSE,0.8274194847020934,1.0918787628940465,1.766488489592221,0.8828651202749142,TRUE,FALSE,AmeriFlux,AMF,v1.3,AMF_CA-SCB_FLUXNET_2014-2019_v1.3_r1.zip,10.17190/AMF/2469439,0.9371980676328503,FALSE,FALSE,FALSE
CA-SCC,30,269.28866666666664,8,252.340125,19,0.7738947368421052,284.0602105263158,96,19,0.8020833333333334,414,387.6,FALSE,0.6504557165861513,1.0671654643377333,0.9479985463916965,0.6947592019263845,FALSE,FALSE,AmeriFlux,AMF,v1.3,AMF_CA-SCC_FLUXNET_2013-2024_v1.3_r1.zip,10.17190/AMF/2469440,0.9362318840579711,FALSE,FALSE,FALSE
CA-SF1,30,421.0691,4,445.8945,7,0.779,283.4417142857143,48,7,0.8541666666666666,494,470,FALSE,0.8523665991902833,0.9443244982837868,1.4855579781582708,0.8958917021276596,TRUE,FALSE,AmeriFlux,AMF,v1.3,AMF_CA-SF1_FLUXNET_2003-2006_v1.3_r1.zip,10.17190/AMF/1902831,0.951417004048583,FALSE,FALSE,FALSE
CA-SF2,30,346.47696666666667,5,308.4858,11,0.5279090909090909,191.4632727272727,60,11,0.8166666666666667,486,470,FALSE,0.7129155692729767,1.123153696755788,1.8096262626838155,0.7371850354609929,TRUE,FALSE,AmeriFlux,AMF,v1.3,AMF_CA-SF2_FLUXNET_2001-2005_v1.3_r1.zip,10.17190/AMF/2006961,0.9670781893004116,FALSE,FALSE,FALSE
CA-SF3,30,387.4114333333333,6,372.5536666666667,25,1.00756,367.31184,72,25,0.6527777777777778,481,470,FALSE,0.8054291753291754,1.0398808762227545,1.054720788018522,0.8242796453900709,FALSE,FALSE,AmeriFlux,AMF,v1.3,AMF_CA-SF3_FLUXNET_2001-2006_v1.3_r1.zip,10.17190/AMF/3027313,0.9771309771309772,FALSE,FALSE,FALSE
CA-SJ2,30,499.2909,6,509.65433333333334,42,0.8400238095238095,307.25085714285717,72,42,0.41666666666666663,477,430.03,FALSE,1.0467314465408806,0.9796657603879232,1.6250268742711864,1.161060623677418,FALSE,FALSE,AmeriFlux,AMF,v1.3,AMF_CA-SJ2_FLUXNET_2003-2008_v1.3_r1.zip,10.17190/AMF/3365261,0.9015303983228511,FALSE,FALSE,FALSE
CA-SMC,30,1656.6342333333332,1,1524.2010000000002,12,4.16475,1524.201,12,12,0,349,388,FALSE,4.746802960840497,1.0868869875648506,1.0868869875648508,4.2696758591065285,FALSE,FALSE,AmeriFlux,AMF,v1.3,AMF_CA-SMC_FLUXNET_2018-2018_v1.3_r1.zip,10.17190/AMF/2571111,1.1117478510028653,FALSE,FALSE,FALSE
CA-TP1,30,669.2239666666667,19,739.7672105263158,42,1.7565238095238096,641.0022857142857,228,42,0.8157894736842105,986,1036,FALSE,0.6787261325219743,0.9046412941045868,1.044027426393547,0.6459690797940798,FALSE,FALSE,AmeriFlux,AMF,v1.3,AMF_CA-TP1_FLUXNET_2002-2023_v1.3_r1.zip,10.17190/AMF/2006962,1.050709939148073,FALSE,FALSE,FALSE
CA-TP2,30,0,6,0,71,0,0,72,71,0.01388888888888884,970,1036,FALSE,0,NA,NA,0,FALSE,FALSE,AmeriFlux,AMF,v1.3,AMF_CA-TP2_FLUXNET_2002-2007_v1.3_r1.zip,10.17190/AMF/3365262,1.068041237113402,FALSE,FALSE,FALSE
CA-TP3,30,1099.2175666666667,19,1113.4408421052633,71,2.940619718309859,1075.331323943662,228,71,0.6885964912280702,970,1036,FALSE,1.1332139862542956,0.9872258364335696,1.0222129144675192,1.061020817245817,FALSE,FALSE,AmeriFlux,AMF,v1.3,AMF_CA-TP3_FLUXNET_2002-2023_v1.3_r1.zip,10.17190/AMF/1881566,1.068041237113402,FALSE,FALSE,FALSE
CA-TP4,30,1099.2175666666667,19,1113.4408421052633,71,2.940619718309859,1075.331323943662,228,71,0.6885964912280702,976,1036,FALSE,1.126247506830601,0.9872258364335696,1.0222129144675192,1.061020817245817,FALSE,FALSE,AmeriFlux,AMF,v1.3,AMF_CA-TP4_FLUXNET_2002-2023_v1.3_r1.zip,10.17190/AMF/3365263,1.0614754098360655,FALSE,FALSE,FALSE
CA-TPA,30,1108.8337333333334,1,1126.6940000000002,NA,NA,NA,12,0,1,970,956,FALSE,1.143127560137457,0.9841480768809748,NA,1.1598679218967922,TRUE,FALSE,AmeriFlux,AMF,v1.3,AMF_CA-TPA_FLUXNET_2020-2023_v1.3_r1.zip,10.17190/AMF/3027362,0.9855670103092784,TRUE,FALSE,FALSE
CA-TPD,30,931.4757333333332,9,905.1328888888888,10,2.5345,929.5344,108,10,0.9074074074074074,986,1036,FALSE,0.9447015551048006,1.0291038418422538,1.00208850079495,0.8991078507078507,TRUE,FALSE,AmeriFlux,AMF,v1.3,AMF_CA-TPD_FLUXNET_2012-2023_v1.3_r1.zip,10.17190/AMF/1881567,1.050709939148073,FALSE,FALSE,FALSE
CA-TVC,30,104.27626666666669,1,138.468,NA,NA,NA,12,0,1,219,240.6,FALSE,0.47614733637747336,0.7530712270464416,NA,0.4334009420892214,TRUE,FALSE,AmeriFlux,AMF,v1.3,AMF_CA-TVC_FLUXNET_2017-2017_v1.3_r1.zip,10.17190/AMF/3365267,1.0986301369863014,FALSE,FALSE,FALSE
CD-Ygb,30,2433.6066,1,2387.007,9,6.505222222222222,2377.057333333333,12,9,0.25,1774,1811.7,FALSE,1.3718188275084555,1.01952218824662,1.0237896098986254,1.3432723960920685,TRUE,FALSE,ICOS,ICOS,v1.3,ICOS_CD-Ygb_FLUXNET_2020-2025_v1.3_r1.zip,4yxFg7HiX3wwcXY7t16U5Jec,1.021251409244645,FALSE,FALSE,FALSE
CG-Tch,30,1590.3380666666667,4,1650.947,6,3.9488333333333334,1407.4299999999998,48,6,0.875,1320,1150,FALSE,1.2048015656565656,0.96328838337431,1.1299589085543629,1.3829026666666666,TRUE,FALSE,ICOS,EUF,v1.3,EUF_CG-Tch_FLUXNET_2006-2009_v1.3_r1.zip,FCFD-_Unczb9xHrj6_dm8loj,0.8712121212121212,FALSE,FALSE,TRUE
CH-Aws,30,1332.9461333333334,15,1430.5735333333332,68,3.4788676470588236,1272.2078823529412,180,68,0.6222222222222222,1158,918,FALSE,1.1510761082325849,0.9317564614993812,1.0477423947948328,1.45201103848947,FALSE,FALSE,ICOS,EUF,v1.3,EUF_CH-Aws_FLUXNET_2006-2024_v1.3_r2.zip,2c8FDF30wAcPfPTgr_PwL3qv,0.7927461139896373,FALSE,FALSE,FALSE
CH-Cha,30,1182.5493666666666,16,1156.14625,20,3.2844,1199.4438,192,20,0.8958333333333334,1194,1136,FALSE,0.990409854829704,1.0228371771016571,0.9859147770547204,1.0409765551643193,FALSE,FALSE,ICOS,EUF,v1.3,EUF_CH-Cha_FLUXNET_2005-2024_v1.3_r1.zip,_BRGI6F0aH0BpH6M9QscIcym,0.9514237855946399,FALSE,FALSE,FALSE
CH-Crs,30,905.8019,2,887.8344999999999,NA,NA,NA,24,0,1,1016,957,FALSE,0.8915373031496063,1.0202373302681975,NA,0.9465014629049112,TRUE,FALSE,ICOS,EUF,v1.3,EUF_CH-Crs_FLUXNET_2015-2016_v1.3_r1.zip,imYdB4O0vIcmT-V5Xecz4Ww6,0.9419291338582677,FALSE,FALSE,FALSE
CH-Dav,30,873.3136333333333,24,869.9184583333333,NA,NA,NA,288,0,1,1094,876,FALSE,0.7982757160268129,1.0039028658002094,NA,0.9969333713850836,TRUE,FALSE,ICOS,ICOS,v1.3,ICOS_CH-Dav_FLUXNET_1997-2025_v1.3_r1.zip,Pr9SZHBdwu6YbWLoOGhzjSJQ,0.8007312614259597,FALSE,FALSE,FALSE
CH-For,30,1072.3002333333334,NA,NA,NA,NA,NA,NA,NA,NA,1238,1151,FALSE,0.8661552773290253,NA,NA,0.9316248769186216,TRUE,FALSE,ICOS,EUF,v1.3,EUF_CH-For_FLUXNET_2024-2024_v1.3_r2.zip,J588sazh4YQmAe0rk3vLQAvD,0.9297253634894992,FALSE,FALSE,FALSE
CH-Frk,30,1197.6444666666666,2,1242.3069999999998,NA,NA,NA,24,0,1,1224,1450,FALSE,0.9784677015250544,0.96404871474335,NA,0.8259617011494252,TRUE,FALSE,ICOS,EUF,v1.3,EUF_CH-Frk_FLUXNET_2013-2014_v1.3_r1.zip,DyO-bck7H9h82Jj_OFEFlWHD,1.184640522875817,FALSE,FALSE,TRUE
CH-Fru,30,1503.4292,16,1400.3293125,10,4.1008,1496.5836,192,10,0.9479166666666666,1398,1492,FALSE,1.0754143061516452,1.0736254583687437,1.004574151420609,1.0076603217158178,TRUE,FALSE,ICOS,EUF,v1.3,EUF_CH-Fru_FLUXNET_2005-2024_v1.3_r1.zip,xnRKIWdx6isC5GLqv_pHq5hU,1.067238912732475,FALSE,FALSE,FALSE
CH-Lae,30,883.6265666666667,17,840.2864705882353,NA,NA,NA,204,0,1,1160,1100,FALSE,0.761747040229885,1.0515777625791018,NA,0.8032968787878788,TRUE,FALSE,ICOS,EUF,v1.3,EUF_CH-Lae_FLUXNET_2004-2024_v1.3_r1.zip,V_BAvTqbUIgSItmCcoHgP3Vy,0.9482758620689655,FALSE,TRUE,TRUE
CH-Oe1,30,1175.8516666666667,10,1146.1089000000002,NA,NA,NA,120,0,1,1126,1100,FALSE,1.0442732386027236,1.0259510825425633,NA,1.0689560606060606,TRUE,FALSE,ICOS,EUF,v1.3,EUF_CH-Oe1_FLUXNET_2002-2011_v1.3_r1.zip,Yhvt49ceMFBoaJhA4RgbYQf4,0.9769094138543517,FALSE,TRUE,TRUE
CH-Oe2,30,1148.4836666666667,17,1128.2848823529412,30,2.9494666666666665,1077.2,204,30,0.8529411764705882,1126,1155,FALSE,1.0199677323860272,1.0179022023866904,1.066174959772249,0.994358152958153,FALSE,FALSE,ICOS,EUF,v1.3,EUF_CH-Oe2_FLUXNET_2004-2024_v1.3_r1.zip,nayPPdWP7UC3vBVNv1HnbxOJ,1.0257548845470692,FALSE,FALSE,FALSE
CH-Oe3,30,1160.512966666667,10,1131.1592,3,1.9643333333333337,691.36,120,3,0.975,1126,1100,FALSE,1.0306509473060983,1.025950163926233,1.6785943165162385,1.055011787878788,TRUE,FALSE,ICOS,EUF,v1.3,EUF_CH-Oe3_FLUXNET_2002-2011_v1.3_r2.zip,Jk2_wTjn37nJQ0Ex5QzdqT8D,0.9769094138543517,FALSE,TRUE,TRUE
CH-Rh1,30,1677.0118333333332,3,1442.7083333333333,2,4.2225,1529.334,36,2,0.9444444444444444,1351,1407,FALSE,1.241311497656057,1.1624053140794224,1.0965634932155652,1.1919060649135276,TRUE,FALSE,ICOS,EUF,v1.3,EUF_CH-Rh1_FLUXNET_2018-2021_v1.3_r1.zip,dvdiSGaj5yT3Cv3bSaKktRf5,1.0414507772020725,FALSE,FALSE,FALSE
CH-Rh2,30,1677.0118333333332,3,1442.7083333333333,2,4.2225,1529.334,36,2,0.9444444444444444,1351,1407,FALSE,1.241311497656057,1.1624053140794224,1.0965634932155652,1.1919060649135276,TRUE,FALSE,ICOS,EUF,v1.3,EUF_CH-Rh2_FLUXNET_2018-2021_v1.3_r1.zip,s29xGnt-hLzMlal-qo4i1iwb,1.0414507772020725,FALSE,FALSE,FALSE
CH-Rtb,30,1436.3975666666668,12,1402.263,NA,NA,NA,144,0,1,1275,1434,FALSE,1.1265863267973857,1.0243424854443617,NA,1.0016719432821943,TRUE,FALSE,ICOS,EUF,v1.3,EUF_CH-Rtb_FLUXNET_2009-2022_v1.3_r1.zip,ZSw7OruD5oGCPKwcw5aAC563,1.1247058823529412,FALSE,FALSE,FALSE
CH-Tnk,30,1168.721633333333,NA,NA,NA,NA,NA,NA,NA,NA,1094,1169,FALSE,1.0683013101767216,NA,NA,0.999761876247505,TRUE,FALSE,ICOS,EUF,v1.3,EUF_CH-Tnk_FLUXNET_2024-2024_v1.3_r1.zip,mkSJOp0Dw6pVHTYytNO2XjZW,1.0685557586837295,FALSE,FALSE,FALSE
CL-ACF,30,3172.8040666666666,3,2939.1706666666664,NA,NA,NA,36,0,1,1914,4500,FALSE,1.6576823754789272,1.0794895657641297,NA,0.7050675703703704,TRUE,FALSE,AmeriFlux,AMF,v1.3,AMF_CL-ACF_FLUXNET_2018-2020_v1.3_r1.zip,10.17190/AMF/2571129,2.3510971786833856,FALSE,TRUE,TRUE
CL-SDF,30,1506.9242333333334,7,1452.8185714285712,19,3.384894736842105,1238.3393684210528,84,19,0.7738095238095238,2409,2110,FALSE,0.6255393247543932,1.037241857289558,1.2168911622786736,0.7141821011058452,FALSE,FALSE,AmeriFlux,AMF,v1.3,AMF_CL-SDF_FLUXNET_2014-2021_v1.3_r1.zip,10.17190/AMF/2469441,0.8758821087588211,FALSE,FALSE,FALSE
CL-SDP,30,1421.9918333333333,7,1404.191142857143,NA,NA,NA,84,0,1,2354,2110,FALSE,0.6040746955536674,1.0126768286260308,NA,0.6739297788309636,TRUE,FALSE,AmeriFlux,AMF,v1.3,AMF_CL-SDP_FLUXNET_2014-2021_v1.3_r1.zip,10.17190/AMF/2571108,0.8963466440101954,FALSE,FALSE,FALSE
CN-Aro,30,2471.6720666666665,8,2525.9155,96,6.8936979166666665,2525.9155,96,96,0,411,400,FALSE,6.013800648824006,0.9785252383409764,0.9785252383409764,6.179180166666666,FALSE,FALSE,ICOS,CNF,v1.3,CNF_CN-Aro_FLUXNET_2013-2024_v1.3_r2.zip,jxTNODjDo67lOrOxUacBPDO4,0.9732360097323601,FALSE,TRUE,TRUE
CN-Dmn,30,1534.9444,9,1480.4998888888888,108,4.039296296296296,1480.499888888889,108,108,0,222,130,FALSE,6.914163963963963,1.0367744108052392,1.036774410805239,11.807264615384614,FALSE,FALSE,ICOS,CNF,v1.3,CNF_CN-Dmn_FLUXNET_2012-2024_v1.3_r1.zip,rDvBU2EyWJDrd8bxJoMF69Lt,0.5855855855855856,FALSE,FALSE,FALSE
CN-Dsh,30,2499.131833333334,8,2637.78225,96,7.1899375,2637.78225,96,96,0,345,380,FALSE,7.24386038647343,0.9474367466584224,0.9474367466584224,6.576662719298246,FALSE,FALSE,ICOS,CNF,v1.3,CNF_CN-Dsh_FLUXNET_2013-2024_v1.3_r1.zip,CuNYBsqS22epRiBFdnFTFpHD,1.1014492753623188,FALSE,FALSE,FALSE
CN-HaM,30,3057.3432333333335,14,3047.521357142857,168,8.311148809523809,3047.521357142857,168,168,0,468,567,FALSE,6.532784686609687,1.0032229064342586,1.0032229064342586,5.392139741328631,FALSE,FALSE,ICOS,JPF,v1.3,JPF_CN-HaM_FLUXNET_2001-2014_v1.3_r1.zip,eHxCM4Gfk3Wo-yA1sym5lBRo,1.2115384615384615,FALSE,FALSE,FALSE
CN-HeD,30,151.21866666666665,2,118.222,24,0.324375,118.222,24,24,0,34,37,FALSE,4.447607843137255,1.2791076674956154,1.2791076674956154,4.086990990990991,FALSE,FALSE,ICOS,CNF,v1.3,CNF_CN-HeD_FLUXNET_2019-2024_v1.3_r1.zip,vYhdwdwjsWz9BbCqBCrlbO1M,1.088235294117647,FALSE,FALSE,FALSE
CN-HeM,30,152.75446666666667,8,142.973375,96,0.39047916666666665,142.97337499999998,96,96,0,41,37,FALSE,3.725718699186992,1.068411979969464,1.0684119799694642,4.128499099099099,FALSE,FALSE,ICOS,CNF,v1.3,CNF_CN-HeM_FLUXNET_2013-2024_v1.3_r1.zip,jF6IagFB3JTernoRBEid7jI1,0.9024390243902439,FALSE,FALSE,FALSE
CN-Huz,30,1534.9444,6,1560.133833333333,72,4.2579722222222225,1560.1338333333335,72,72,0,260,130,FALSE,5.903632307692307,0.983854312498618,0.9838543124986175,11.807264615384614,FALSE,FALSE,ICOS,CNF,v1.3,CNF_CN-Huz_FLUXNET_2015-2024_v1.3_r1.zip,1T6b8TLnKLGWf4tOzEuap3QT,0.5,FALSE,FALSE,FALSE
CN-Jng,30,2983.7575666666667,3,3073.6596666666665,36,8.384277777777777,3073.659666666667,36,36,0,481,400,FALSE,6.2032381843381845,0.9707507955500172,0.9707507955500168,7.459393916666667,FALSE,FALSE,ICOS,CNF,v1.3,CNF_CN-Jng_FLUXNET_2018-2024_v1.3_r1.zip,-j9SFp6fnVpcNTpZmfQG_mJm,0.8316008316008316,FALSE,TRUE,TRUE
CN-Lsh,30,453.5005,5,442.6564,4,0.66625,241.11300000000003,60,4,0.9333333333333332,587,724,FALSE,0.7725732538330494,1.024497782026872,1.8808629148988232,0.626381906077348,TRUE,FALSE,ICOS,JPF,v1.3,JPF_CN-Lsh_FLUXNET_2002-2006_v1.3_r1.zip,eEffx70YefN_2F5Yx_sowWVR,1.233390119250426,FALSE,FALSE,FALSE
CN-Sb1,30,2080.9931333333334,1,2111.822,12,5.746,2111.822,12,12,0,446,452,FALSE,4.665903886397609,0.9854017683939904,0.9854017683939904,4.603967109144543,FALSE,FALSE,ICOS,FLX,v1.3,FLX_CN-Sb1_FLUXNET_2020-2024_v1.3_r1.zip,HaDwZsk1Ot6vY7zDB1eLSeCg,1.0134529147982063,TRUE,FALSE,FALSE
CN-Sb2,30,2080.9931333333334,1,2111.822,12,5.746,2111.822,12,12,0,460,452,FALSE,4.523898115942029,0.9854017683939904,0.9854017683939904,4.603967109144543,FALSE,FALSE,ICOS,FLX,v1.3,FLX_CN-Sb2_FLUXNET_2020-2024_v1.3_r1.zip,wsgSpuYtd8ayCmJtInYU4yhz,0.9826086956521739,TRUE,FALSE,FALSE
CN-Sdq,30,152.75446666666667,8,142.973375,96,0.39047916666666665,142.97337499999998,96,96,0,41,37,FALSE,3.725718699186992,1.068411979969464,1.0684119799694642,4.128499099099099,FALSE,FALSE,ICOS,CNF,v1.3,CNF_CN-Sdq_FLUXNET_2013-2024_v1.3_r1.zip,3lCvpR-G0sl29NE-OD2rgvf7,0.9024390243902439,FALSE,FALSE,FALSE
CN-SnB,30,880.7532666666667,NA,NA,NA,NA,NA,NA,NA,NA,1021,1022,FALSE,0.86263787136794,NA,NA,0.8617938030006523,TRUE,FALSE,ICOS,FLX,v1.3,FLX_CN-SnB_FLUXNET_2021-2021_v1.3_r1.zip,tLlXyXLFaO-WvTNGORpwMidp,1.000979431929481,TRUE,FALSE,FALSE
CN-You,30,2649.448966666667,6,2721.2116666666666,72,7.422958333333333,2721.2116666666666,72,72,0,452,400,FALSE,5.861612758112095,0.973628402053742,0.973628402053742,6.623622416666667,FALSE,FALSE,ICOS,CNF,v1.3,CNF_CN-You_FLUXNET_2015-2024_v1.3_r1.zip,vRR8XgOrD3OP9aSNCJm9qe2P,0.8849557522123894,FALSE,TRUE,TRUE
CN-Zha,30,631.1700666666667,9,597.2601111111111,108,1.626990740740741,597.2601111111111,108,108,0,188,130,FALSE,3.3572875886524822,1.0567758584990237,1.0567758584990237,4.855154358974359,FALSE,FALSE,ICOS,CNF,v1.3,CNF_CN-Zha_FLUXNET_2012-2024_v1.3_r1.zip,tFBkzpRGg9Iwux3atrGwD_ur,0.6914893617021277,FALSE,FALSE,FALSE
CR-AqC,30,3000.089966666667,8,3054.10525,NA,NA,NA,96,0,1,3307,3207,FALSE,0.9071938211873803,0.9823138762708544,NA,0.9354817482590168,TRUE,FALSE,ICOS,FLX,v1.3,FLX_CR-AqC_FLUXNET_2009-2016_v1.3_r1.zip,yRjv2loTLxMX5_elU4L2aqKw,0.9697611127910493,FALSE,FALSE,FALSE
CZ-BK1,30,1223.8335333333334,17,1261.2171176470588,5,3.304,1191.9,204,5,0.9754901960784312,1013,1338.12,FALSE,1.2081278710102008,0.9703591207329404,1.026792124618956,0.914591765561634,TRUE,FALSE,ICOS,ICOS,v1.3,ICOS_CZ-BK1_FLUXNET_2004-2025_v1.3_r1.zip,HH11awh469XrSeL0fO6WxYA4,1.3209476801579465,FALSE,FALSE,FALSE
CZ-BK2,30,1092.0189,7,1094.557142857143,40,2.868675,1046.0445,84,40,0.5238095238095238,1003,1316,FALSE,1.0887526420737788,0.9976810321199702,1.043950711465908,0.8298015957446808,FALSE,FALSE,ICOS,EUF,v1.3,EUF_CZ-BK2_FLUXNET_2006-2012_v1.3_r1.zip,x40X4P6k4g30f_OFC6o4vHvJ,1.312063808574277,FALSE,FALSE,FALSE
CZ-KrP,30,604.5559666666667,7,626.7767142857143,3,1.5736666666666663,582.784,84,3,0.9642857142857144,576,620,FALSE,1.0495763310185184,0.9645475859064566,1.0373585525111648,0.9750902688172044,TRUE,FALSE,ICOS,EUF,v1.3,EUF_CZ-KrP_FLUXNET_2014-2023_v1.3_r2.zip,cqH_ifs_P83CsahNQXGTp3Im,1.0763888888888888,FALSE,FALSE,FALSE
CZ-LnG,30,500.80443333333335,2,542.561,12,1.3669166666666666,500.831,24,12,0.5,647,0,FALSE,0.7740408552292632,0.9230380239887004,0.999946954827743,Inf,FALSE,FALSE,ICOS,EUF,v1.3,EUF_CZ-LnG_FLUXNET_2019-2024_v1.3_r1.zip,cezPci33oJjpbkjDF47P8YIK,0,FALSE,TRUE,TRUE
CZ-Lnz,30,518.4126,6,521.0946666666666,1,1.661,617.892,72,1,0.9861111111111112,647,518.031,FALSE,0.8012559505409582,0.9948530145514188,0.8390019615078362,1.0007366354523186,TRUE,FALSE,ICOS,ICOS,v1.3,ICOS_CZ-Lnz_FLUXNET_2015-2025_v1.3_r1.zip,qtH0gyWH-yg0lP-HmC2lXv24,0.8006661514683152,FALSE,FALSE,FALSE
CZ-RAJ,30,660.3521000000001,9,664.8667777777778,NA,NA,NA,108,0,1,606,681,FALSE,1.0896899339933994,0.9932096505214664,NA,0.9696800293685756,TRUE,FALSE,ICOS,EUF,v1.3,EUF_CZ-RAJ_FLUXNET_2012-2024_v1.3_r1.zip,LlmTy3u9548FEMXEW59RiWpY,1.1237623762376239,FALSE,FALSE,FALSE
CZ-Stn,30,671.8468,11,667.8116363636364,5,1.6598,604.0152,132,5,0.9621212121212122,794,685,FALSE,0.8461546599496222,1.0060423679622237,1.1123011473883435,0.9807982481751826,TRUE,FALSE,ICOS,EUF,v1.3,EUF_CZ-Stn_FLUXNET_2010-2024_v1.3_r1.zip,CM9ZMyBcfqBoKkmLPUDwiyMo,0.8627204030226701,FALSE,FALSE,FALSE
CZ-wet,30,571.4314666666667,15,576.3324,12,1.4981666666666666,548.249,180,12,0.9333333333333332,632,603,FALSE,0.9041637130801689,0.9914963425041984,1.0422845580505695,0.9476475400773908,FALSE,FALSE,ICOS,ICOS,v1.3,ICOS_CZ-wet_FLUXNET_2006-2025_v1.3_r1.zip,ezclJdsSs31JZaOdM4gbLbIn,0.9541139240506329,FALSE,FALSE,FALSE
DE-Akm,30,2403.4020666666665,12,2435.146333333333,144,6.648916666666667,2435.146333333333,144,144,0,563,562,FALSE,4.26892018946122,0.9869641235797056,0.9869641235797056,4.276516132858838,FALSE,FALSE,ICOS,EUF,v1.3,EUF_DE-Akm_FLUXNET_2009-2024_v1.3_r2.zip,P8ryFkG8dw0RkoDJmqv06lnk,0.9982238010657194,TRUE,FALSE,FALSE
DE-Amv,30,750.4336333333333,NA,NA,NA,NA,NA,NA,NA,NA,773,835,FALSE,0.9708067701595516,NA,NA,0.8987229141716566,TRUE,FALSE,ICOS,ICOS,v1.3,ICOS_DE-Amv_FLUXNET_2023-2025_v1.3_r1.zip,D540Aaoeoyu95tgun4okCWUT,1.0802069857697283,FALSE,FALSE,FALSE
DE-Brs,30,669.0684,NA,NA,NA,NA,NA,NA,NA,NA,624,617.9,FALSE,1.072225,NA,NA,1.08281016345687,TRUE,FALSE,ICOS,ICOS,v1.3,ICOS_DE-Brs_FLUXNET_2023-2025_v1.3_r1.zip,6vn4QkbfvwSPJpiJvhtI7OcR,0.9902243589743589,TRUE,FALSE,FALSE
DE-Etn,30,4270.398866666666,NA,NA,NA,NA,NA,NA,NA,NA,1062,1190,FALSE,4.021091211550534,NA,NA,3.588570476190476,TRUE,FALSE,ICOS,EUF,v1.3,EUF_DE-Etn_FLUXNET_2024-2024_v1.3_r1.zip,timq13anOgu_cC9YrhwCaa1K,1.1205273069679849,FALSE,FALSE,FALSE
DE-Fen,30,1042.6085333333333,NA,NA,NA,NA,NA,NA,NA,NA,1131,1081,FALSE,0.921846625405246,NA,NA,0.9644852297255628,TRUE,FALSE,ICOS,ICOS,v1.3,ICOS_DE-Fen_FLUXNET_2023-2025_v1.3_r1.zip,eETzHZHUPeVJNjSa3fM24SeW,0.9557913351016799,FALSE,FALSE,FALSE
DE-Geb,30,611.8403,1,529.735,11,1.5238181818181815,555.5389090909091,12,11,0.08333333333333337,500,534,FALSE,1.2236806,1.1549931569558365,1.1013455403172807,1.145768352059925,TRUE,FALSE,ICOS,ICOS,v1.3,ICOS_DE-Geb_FLUXNET_2020-2024_v1.3_r1.zip,jFkfMT_3ZahqoODz-R82VeUG,1.068,FALSE,FALSE,FALSE
DE-GsB,30,516.6206666666667,6,500.5713333333333,NA,NA,NA,72,0,1,505,581,FALSE,1.0230112211221123,1.0320620304532022,NA,0.8891921973608721,TRUE,FALSE,ICOS,ICOS,v1.3,ICOS_DE-GsB_FLUXNET_2015-2025_v1.3_r1.zip,NY1UuClNrkeU0UUXUUoECmLZ,1.1504950495049504,FALSE,FALSE,FALSE
DE-Gwg,30,1172.6762,NA,NA,NA,NA,NA,NA,NA,NA,1331,1616,FALSE,0.8810489857250187,NA,NA,0.7256659653465346,TRUE,FALSE,ICOS,ICOS,v1.3,ICOS_DE-Gwg_FLUXNET_2023-2025_v1.3_r1.zip,S17epXE0dyBL-CiW8bGF9CNu,1.2141247182569497,FALSE,FALSE,FALSE
DE-Hai,30,729.2309333333334,21,717.236,10,2.0616,751.0440000000001,252,10,0.9603174603174603,865,744,FALSE,0.8430415414258189,1.0167238305569344,0.9709563398859896,0.9801491039426524,TRUE,FALSE,ICOS,ICOS,v1.3,ICOS_DE-Hai_FLUXNET_2000-2025_v1.3_r1.zip,VsQ1NTQTcEO5zRyfZjrBtkQa,0.8601156069364162,FALSE,FALSE,FALSE
DE-Har,30,594.0937666666666,1,465.056,NA,NA,NA,12,0,1,797,641,FALSE,0.745412505227938,1.27746715807702,NA,0.9268233489339572,TRUE,FALSE,ICOS,ICOS,v1.3,ICOS_DE-Har_FLUXNET_2020-2025_v1.3_r1.zip,AG7-cp4Sxh0AESZmLri2F-At,0.8042659974905897,FALSE,FALSE,FALSE
DE-HoH,30,494.7356666666667,6,468.0973333333334,NA,NA,NA,72,0,1,572,563,FALSE,0.8649224941724942,1.0569076801690815,NA,0.8787489638839551,TRUE,FALSE,ICOS,ICOS,v1.3,ICOS_DE-HoH_FLUXNET_2015-2025_v1.3_r1.zip,tfW10G3Do0hp0cimfI4XrgSd,0.9842657342657343,TRUE,FALSE,FALSE
DE-Hte,30,607.5053,10,615.3076,NA,NA,NA,120,0,1,584,645,FALSE,1.040248801369863,0.987319675557396,NA,0.9418686821705426,TRUE,FALSE,ICOS,EUF,v1.3,EUF_DE-Hte_FLUXNET_2009-2018_v1.3_r2.zip,zbIc22jMQSru_HymYjw5kWC-,1.1044520547945205,FALSE,FALSE,FALSE
DE-Hzd,30,3285.0614666666665,NA,NA,NA,NA,NA,NA,NA,NA,759,877,FALSE,4.328144224857268,NA,NA,3.7457941467122766,TRUE,FALSE,ICOS,ICOS,v1.3,ICOS_DE-Hzd_FLUXNET_2010-2025_v1.3_r1.zip,0bxipd79PBLdqj1HiB_ghXvT,1.155467720685112,FALSE,FALSE,FALSE
DE-Kli,30,785.4598666666667,3,584.976,2,0.8845000000000001,324.96,36,2,0.9444444444444444,826,756,FALSE,0.9509199354318,1.342721524757711,2.417097078614804,1.038968077601411,TRUE,FALSE,ICOS,ICOS,v1.3,ICOS_DE-Kli_FLUXNET_2018-2024_v1.3_r1.zip,ViYMPdxbY25optpqiQ7OVgXN,0.9152542372881356,FALSE,FALSE,FALSE
DE-Lkb,30,4786.6331666666665,5,4767.3366,60,13.012466666666668,4767.3366000000005,60,60,0,1332,1599,FALSE,3.593568443443443,1.0040476618887508,1.0040476618887506,2.993516677089848,FALSE,FALSE,ICOS,EUF,v1.3,EUF_DE-Lkb_FLUXNET_2009-2013_v1.3_r1.zip,VNA_ubq_zjZPgC8339cL7BwL,1.2004504504504505,FALSE,FALSE,FALSE
DE-Lnf,30,572.2909333333333,19,586.9763684210526,43,1.7224883720930233,628.1575813953489,228,43,0.8114035087719298,849,0,FALSE,0.674076482135846,0.9749812158073372,0.911062685993669,Inf,FALSE,FALSE,ICOS,EUF,v1.3,EUF_DE-Lnf_FLUXNET_2002-2024_v1.3_r1.zip,Iy6uj-QptZzaR9BFnqiv4hF6,0,FALSE,TRUE,TRUE
DE-Msr,30,1160.6819666666668,1,1151.378,5,2.3644,855.78,12,5,0.5833333333333333,1146,1383,FALSE,1.0128114892379292,1.0080807229829534,1.356285454984537,0.8392494335984575,TRUE,FALSE,ICOS,ICOS,v1.3,ICOS_DE-Msr_FLUXNET_2020-2025_v1.3_r1.zip,PSOHmMVaU1pPQSoGDVJRPW6y,1.206806282722513,FALSE,FALSE,FALSE
DE-Obe,30,965.455,13,957.9663076923076,NA,NA,NA,156,0,1,809,981,FALSE,1.1933930778739184,1.0078172815135138,NA,0.9841539245667684,TRUE,FALSE,ICOS,EUF,v1.3,EUF_DE-Obe_FLUXNET_2008-2024_v1.3_r1.zip,mk-YBqXT0YwbluI9V726yD2d,1.2126081582200248,FALSE,FALSE,FALSE
DE-Rns,30,492.0482,NA,NA,NA,NA,NA,NA,NA,NA,655,645,FALSE,0.7512186259541985,NA,NA,0.7628654263565892,TRUE,FALSE,ICOS,EUF,v1.3,EUF_DE-Rns_FLUXNET_2021-2024_v1.3_r2.zip,ZOfRvdcakFBnrRQoiDMUEyds,0.9847328244274809,TRUE,FALSE,FALSE
DE-RuC,30,1153.0368666666666,8,1124.66275,13,2.8056923076923077,1024.6061538461538,96,13,0.8645833333333334,1131,1250,FALSE,1.0194844090775124,1.0252290001306317,1.125346419537313,0.9224294933333332,FALSE,FALSE,ICOS,EUF,v1.3,EUF_DE-RuC_FLUXNET_2013-2024_v1.3_r1.zip,MKtmPmXNZnCQc-p38RBQGATH,1.1052166224580018,FALSE,FALSE,TRUE
DE-RuM,30,507.6691333333333,9,497.09366666666665,8,1.4845,540.501,108,8,0.925925925925926,719,750,FALSE,0.7060766805748725,1.021274595465241,0.9392566032871972,0.6768921777777778,TRUE,FALSE,ICOS,EUF,v1.3,EUF_DE-RuM_FLUXNET_2011-2019_v1.3_r1.zip,u8eIM1nL0KdiWr-MLixNMsMS,1.043115438108484,FALSE,FALSE,TRUE
DE-RuR,30,884.6440333333334,10,857.4574,7,2.0365714285714285,741.8022857142857,120,7,0.9416666666666668,1066,1033,FALSE,0.8298724515322077,1.0317061038056623,1.1925604037220032,0.8563833817360439,TRUE,FALSE,ICOS,ICOS,v1.3,ICOS_DE-RuR_FLUXNET_2011-2025_v1.3_r1.zip,Vs7FI6NOiRl_VH7Wkclfl_3t,0.9690431519699813,FALSE,FALSE,FALSE
DE-RuS,30,571.5275666666666,10,551.9577,16,1.3615,498.08399999999995,120,16,0.8666666666666667,714,698,FALSE,0.800458776844071,1.0354553739655532,1.147452170048961,0.8188074021012416,FALSE,FALSE,ICOS,ICOS,v1.3,ICOS_DE-RuS_FLUXNET_2011-2024_v1.3_r1.zip,9m1zuO-nvw0zGnEdt0qo3Xzw,0.9775910364145658,FALSE,FALSE,FALSE
DE-RuW,30,1095.6656,10,1043.6379,4,2.7895,1026.339,120,4,0.9666666666666668,1152,1250,FALSE,0.9510986111111112,1.0498522523952034,1.067547467259843,0.8765324800000001,TRUE,FALSE,ICOS,ICOS,v1.3,ICOS_DE-Kli_FLUXNET_2004-2025_v1.3_r1.zip,mlrCmtpUu7ZzEbkvYEK1DpMg,1.0850694444444444,FALSE,FALSE,TRUE
DE-SbM,30,3300.8578333333335,NA,NA,NA,NA,NA,NA,NA,NA,1500,1136,FALSE,2.2005718888888888,NA,NA,2.9056847124413148,TRUE,FALSE,ICOS,EUF,v1.3,EUF_DE-SbM_FLUXNET_2023-2024_v1.3_r1.zip,JeVgt8rDc-YmluX84aD3xarU,0.7573333333333333,FALSE,FALSE,FALSE
DE-Seh,30,513.2817333333334,4,559.646,6,1.4903333333333333,540.266,48,6,0.875,714,693,FALSE,0.7188819794584501,0.9171542963468576,0.9500537389606848,0.7406662818662819,TRUE,FALSE,ICOS,EUF,v1.3,EUF_DE-Seh_FLUXNET_2007-2010_v1.3_r1.zip,CpSdf06dlgeBWeO1tSHFwc2D,0.9705882352941176,FALSE,FALSE,FALSE
DE-SfS,30,5251.853666666667,11,5117.1810000000005,132,13.968818181818182,5117.1810000000005,132,132,0,1115,1127,TRUE,4.710182660687593,1.026317745388851,1.026317745388851,4.660029872818693,FALSE,FALSE,ICOS,EUF,v1.3,EUF_DE-SfS_FLUXNET_2010-2020_v1.3_r1.zip,3wyudmvcaouNNJhVUFGNapGm,1.010762331838565,TRUE,FALSE,FALSE
DE-Spw,30,2414.6585666666665,6,2613.9391666666666,72,7.126138888888889,2613.939166666667,72,72,0,553,558,FALSE,4.366471187462326,0.9237623420845996,0.9237623420845996,4.327345101553166,FALSE,FALSE,ICOS,EUF,v1.3,EUF_DE-Spw_FLUXNET_2010-2015_v1.3_r1.zip,gb2UwUz8CoKkqKzLApzvIDME,1.0090415913200723,TRUE,FALSE,FALSE
DE-Tha,30,804.5215333333333,25,806.2805999999999,11,1.4802727272727274,537.9370909090909,300,11,0.9633333333333334,737,829,FALSE,1.0916167345092718,0.997818294689632,1.49556806349554,0.9704722959388822,TRUE,FALSE,ICOS,ICOS,v1.3,ICOS_DE-Tha_FLUXNET_1996-2025_v1.3_r1.zip,3LQRnWuwu9ngPJQCQu2r2DTy,1.12483039348711,FALSE,FALSE,FALSE
DE-Zrk,30,2655.0587333333333,8,2561.820625,96,6.998385416666666,2561.820625,96,96,0,594,584,FALSE,4.469795847362514,1.0363952524323723,1.0363952524323723,4.546333447488585,FALSE,FALSE,ICOS,EUF,v1.3,EUF_DE-Zrk_FLUXNET_2013-2022_v1.3_r1.zip,2FbdCUZozMmOpJwWEN3plb49,0.9831649831649831,TRUE,FALSE,FALSE
DK-Gds,30,918.4582666666666,1,1016.763,6,2.9135,1051.312,12,6,0.5,795,883,FALSE,1.1552934171907756,0.9033159808791889,0.8736305365739824,1.0401565873914684,TRUE,FALSE,ICOS,ICOS,v1.3,ICOS_DK-Gds_FLUXNET_2020-2022_v1.3_r1.zip,vDQDn0hIxnz9gRAIc3duWbUE,1.110691823899371,FALSE,FALSE,FALSE
DK-RCW,30,451.0605,NA,NA,NA,NA,NA,NA,NA,NA,606,729.4,FALSE,0.7443242574257426,NA,NA,0.6183993693446669,TRUE,FALSE,ICOS,ICOS,v1.3,ICOS_DK-RCW_FLUXNET_2023-2025_v1.3_r1.zip,n7btzoKSWqU_0YyN9omZcsdh,1.2036303630363037,FALSE,FALSE,FALSE
DK-Skj,30,779.0029666666667,1,1034.1530000000002,7,2.597,942.2348571428572,12,7,0.41666666666666663,813,809,FALSE,0.9581832308323084,0.7532763204928734,0.8267609298904954,0.9629208487845076,TRUE,FALSE,ICOS,ICOS,v1.3,ICOS_DK-Skj_FLUXNET_2020-2022_v1.3_r1.zip,JPkhq8xhlXF20Cijd7pHUd-T,0.995079950799508,TRUE,FALSE,FALSE
DK-Sor,30,775.8816333333333,25,819.50636,13,1.617846153846154,589.3735384615385,300,13,0.9566666666666668,613,640,FALSE,1.2657122892876562,0.9467670675958308,1.3164514229102364,1.2123150520833332,FALSE,FALSE,ICOS,ICOS,v1.3,ICOS_DK-Sor_FLUXNET_1996-2024_v1.3_r1.zip,lwXfRUVQCnuq5OcIe-F6tpib,1.0440456769983686,FALSE,FALSE,FALSE
DK-Vng,30,886.9529,1,967.089,9,2.698888888888889,981.5026666666668,12,9,0.25,822,961,FALSE,1.0790181265206813,0.9171367888581092,0.903668354781172,0.9229478668054112,TRUE,FALSE,ICOS,ICOS,v1.3,ICOS_DK-Vng_FLUXNET_2020-2023_v1.3_r1.zip,SdbEo5oQOf__w-zjUCIB3EOL,1.1690997566909975,FALSE,FALSE,FALSE
EE-Pts,30,579.7667666666667,NA,NA,NA,NA,NA,NA,NA,NA,684,870.5,FALSE,0.847612231968811,NA,NA,0.6660158146659009,TRUE,FALSE,ICOS,EUF,v1.3,EUF_EE-Pts_FLUXNET_2022-2024_v1.3_r1.zip,j8jcyOzfXuBoZFKfMcbX5HQb,1.2726608187134503,FALSE,FALSE,FALSE
EE-Rng,30,697.6556666666667,NA,NA,NA,NA,NA,NA,NA,NA,647,107.1,FALSE,1.0782931478619269,NA,NA,6.514058512293807,TRUE,FALSE,ICOS,EUF,v1.3,EUF_EE-Rng_FLUXNET_2023-2024_v1.3_r1.zip,bokdUcMa7H-mSuOKeMR3mYiK,0.16553323029366304,FALSE,FALSE,FALSE
EE-Stg,30,2750.2968333333333,5,2762.335,60,7.563766666666667,2762.335,60,60,0,659,675,FALSE,4.17343980778958,0.9956420323144488,0.9956420323144488,4.0745138271604935,FALSE,FALSE,ICOS,EUF,v1.3,EUF_EE-Stg_FLUXNET_2016-2024_v1.3_r1.zip,C4Y455t1rGorFhBAkA5CiOXw,1.024279210925645,FALSE,FALSE,FALSE
ES-Agu,30,265.89203333333336,15,267.09246666666667,41,0.723390243902439,263.97804878048777,180,41,0.7722222222222223,254,0,FALSE,1.0468190288713912,0.9955055515106256,1.0072505443603652,Inf,FALSE,FALSE,ICOS,EUF,v1.3,EUF_ES-Agu_FLUXNET_2006-2024_v1.3_r1.zip,smUITWSfoJ6VoyqONgDBxTSn,0,FALSE,TRUE,TRUE
ES-Amo,30,240.4131,13,250.38123076923077,35,0.7089428571428572,259.1094857142857,156,35,0.7756410256410257,219,0,FALSE,1.0977767123287672,0.9601881868756444,0.9278436848317402,Inf,FALSE,FALSE,ICOS,EUF,v1.3,EUF_ES-Amo_FLUXNET_2007-2019_v1.3_r1.zip,O6rek4-yeo_2LQrvCqM88Xvf,0,FALSE,TRUE,TRUE
ES-Cnd,30,2141.2092333333335,7,2094.8314285714287,84,5.764714285714286,2094.8314285714287,84,84,0,368,474,FALSE,5.818503351449276,1.0221391583730115,1.0221391583730115,4.517319057665261,FALSE,FALSE,ICOS,EUF,v1.3,EUF_ES-Cnd_FLUXNET_2014-2021_v1.3_r1.zip,ak3chQKBZovcC1AIpPf0aaJw,1.2880434782608696,FALSE,FALSE,FALSE
ES-Crg,30,471.4329333333333,NA,NA,NA,NA,NA,NA,NA,NA,410,550,FALSE,1.1498364227642277,NA,NA,0.8571507878787878,TRUE,FALSE,ICOS,EUF,v1.3,EUF_ES-Crg_FLUXNET_2021-2024_v1.3_r1.zip,OuvCtRGBok2ZxUrKwXIP5LDY,1.3414634146341464,FALSE,FALSE,TRUE
ES-Dnn,30,1910.7018333333333,NA,NA,NA,NA,NA,NA,NA,NA,505,548.6,FALSE,3.78356798679868,NA,NA,3.4828688175963056,TRUE,FALSE,ICOS,EUF,v1.3,EUF_ES-Dnn_FLUXNET_2024-2024_v1.3_r1.zip,dnuv1IF5YfwR9HAxV7HJCIcx,1.0863366336633664,FALSE,FALSE,FALSE
ES-FtD,30,1910.7018333333333,NA,NA,NA,NA,NA,NA,NA,NA,511,548.6,FALSE,3.7391425309849966,NA,NA,3.4828688175963056,TRUE,FALSE,ICOS,EUF,v1.3,EUF_ES-FtD_FLUXNET_2021-2024_v1.3_r1.zip,XVdkuBOyHTuezFce92fJHego,1.0735812133072407,FALSE,FALSE,FALSE
ES-Gdn,30,2141.2092333333335,7,2094.8314285714287,84,5.764714285714286,2094.8314285714287,84,84,0,368,471,FALSE,5.818503351449276,1.0221391583730115,1.0221391583730115,4.546091790516631,FALSE,FALSE,ICOS,EUF,v1.3,EUF_ES-Gdn_FLUXNET_2014-2021_v1.3_r1.zip,EhJy8Xkd_vyJfhWOz3TNnFg-,1.2798913043478262,FALSE,FALSE,FALSE
ES-HdD,30,347.63956666666667,NA,NA,NA,NA,NA,NA,NA,NA,580,400,FALSE,0.5993785632183908,NA,NA,0.8690989166666667,TRUE,FALSE,ICOS,EUF,v1.3,EUF_ES-HdD_FLUXNET_2024-2024_v1.3_r1.zip,w-KQ8NQ2IIyy_hF0LeeyY5EY,0.6896551724137931,FALSE,TRUE,TRUE
ES-HeB,30,226.37313333333333,2,276.7105,1,2.262,841.4639999999999,24,1,0.9583333333333334,339,332,FALSE,0.667767354965585,0.8180865320735329,0.2690229568149479,0.6818467871485944,TRUE,FALSE,ICOS,EUF,v1.3,EUF_ES-HeB_FLUXNET_2019-2024_v1.3_r1.zip,K1e9bqWUrsIlqHjlDzbl2VzM,0.9793510324483776,FALSE,FALSE,FALSE
ES-Hen,30,196.6684,2,251.729,NA,NA,NA,24,0,1,329,332,FALSE,0.597776291793313,0.7812703343675141,NA,0.5923746987951807,TRUE,FALSE,ICOS,EUF,v1.3,EUF_ES-Hen_FLUXNET_2019-2024_v1.3_r1.zip,MFHVWXPN9W_gfpI8fA4UtBVf,1.0091185410334347,TRUE,FALSE,FALSE
ES-LJu,30,540.1769666666667,17,591.0045294117647,30,1.5909,580.3844,204,30,0.8529411764705882,527,400,FALSE,1.025003731815307,0.9139980148786888,0.930722753173012,1.3504424166666666,FALSE,FALSE,ICOS,EUF,v1.3,EUF_ES-LJu_FLUXNET_2004-2024_v1.3_r1.zip,TWomFhgjVCGRurmVpcaHcRD5,0.7590132827324478,FALSE,TRUE,TRUE
ES-LM1,30,695.5762,7,649.9458571428571,2,6.231,2202.804,84,2,0.9761904761904762,465,700,FALSE,1.4958627956989248,1.0702063754321514,0.3157685386443823,0.9936802857142856,TRUE,FALSE,ICOS,EUF,v1.3,EUF_ES-LM1_FLUXNET_2014-2024_v1.3_r1.zip,9c9e--DRFTTyhtl6c0lcA3O6,1.5053763440860215,FALSE,TRUE,TRUE
ES-LM2,30,673.2625666666667,7,615.299,2,6.031000000000001,2132.094,84,2,0.9761904761904762,465,700,FALSE,1.447876487455197,1.0942039019511922,0.31577527382313664,0.9618036666666666,TRUE,FALSE,ICOS,EUF,v1.3,EUF_ES-LM2_FLUXNET_2014-2024_v1.3_r1.zip,CgWe1iCQaO3oYYxgSMEe1BSq,1.5053763440860215,FALSE,TRUE,TRUE
ES-LMa,30,723.3152666666666,1,614.5530000000001,NA,NA,NA,12,0,1,465,670,FALSE,1.5555167025089605,1.1769778467710132,NA,1.0795750248756215,TRUE,FALSE,ICOS,ICOS,v1.3,ICOS_ES-LMa_FLUXNET_2020-2025_v1.3_r1.zip,WHuC_WF5n_uhQMHgTWaBSmrr,1.4408602150537635,FALSE,FALSE,FALSE
ES-Mcd,30,366.7046666666667,3,483.475,7,1.224,437.7891428571429,36,7,0.8055555555555556,427,470,FALSE,0.858793130366901,0.7584769981212405,0.837628508266428,0.780222695035461,TRUE,FALSE,ICOS,EUF,v1.3,EUF_ES-Mcd_FLUXNET_2018-2024_v1.3_r1.zip,jyX3FQLrXu_wjllntwoO10IQ,1.100702576112412,FALSE,FALSE,FALSE
ES-MtB,30,1910.7018333333333,NA,NA,NA,NA,NA,NA,NA,NA,500,548.6,FALSE,3.8214036666666664,NA,NA,3.4828688175963056,TRUE,FALSE,ICOS,EUF,v1.3,EUF_ES-MtB_FLUXNET_2021-2024_v1.3_r1.zip,fZRunEwzLwhz0ZYzshuo9-cS,1.0972,FALSE,FALSE,FALSE
ES-MtN,30,1910.7018333333333,NA,NA,NA,NA,NA,NA,NA,NA,507,548.6,FALSE,3.7686426692965154,NA,NA,3.4828688175963056,TRUE,FALSE,ICOS,EUF,v1.3,EUF_ES-MtN_FLUXNET_2024-2024_v1.3_r1.zip,lJTi2ztBm4QTcyuhsB4tcap1,1.0820512820512822,FALSE,FALSE,FALSE
ES-Mzn,30,2128.8712666666665,NA,NA,NA,NA,NA,NA,NA,NA,424,512,FALSE,5.020922798742138,NA,NA,4.157951692708333,TRUE,FALSE,ICOS,EUF,v1.3,EUF_ES-Mzn_FLUXNET_2023-2024_v1.3_r1.zip,HPlYEFEhMzxWYOTC7Ch8Ku5a,1.2075471698113207,FALSE,FALSE,FALSE
ES-Pzb,30,502.4209,1,478.322,8,1.100125,404.1105,12,8,0.33333333333333337,571,500,FALSE,0.8798964973730298,1.0503821693336288,1.2432760346489389,1.0048418,TRUE,FALSE,ICOS,EUF,v1.3,EUF_ES-Pzb_FLUXNET_2020-2024_v1.3_r1.zip,7xwSGufRWY7Duyrf11N282pK,0.8756567425569177,FALSE,TRUE,TRUE
ES-Srn,30,2009.6956666666667,NA,NA,NA,NA,NA,NA,NA,NA,421,476,FALSE,4.7736239113222485,NA,NA,4.222049719887956,TRUE,FALSE,ICOS,EUF,v1.3,EUF_ES-Srn_FLUXNET_2023-2024_v1.3_r1.zip,zeJEF_Ad4wJIKY-U5orJ3sKQ,1.1306413301662708,FALSE,FALSE,FALSE
ES-TzM,30,1359.1763666666666,1,1521.853,12,4.141666666666667,1521.853,12,12,0,403,314,FALSE,3.372646071133168,0.893106211090471,0.893106211090471,4.328587154989384,FALSE,FALSE,ICOS,EUF,v1.3,EUF_ES-TzM_FLUXNET_2020-2024_v1.3_r1.zip,gu5gauPM7ynjb6T28S4OY_sW,0.7791563275434243,FALSE,FALSE,FALSE
ES-VDA,30,771.4939,NA,NA,NA,NA,NA,NA,NA,NA,974,700,FALSE,0.7920881930184805,NA,NA,1.102134142857143,TRUE,FALSE,ICOS,EUF,v1.3,EUF_ES-VDA_FLUXNET_2022-2024_v1.3_r1.zip,mLCP7JnLuR2woC45y23wPdGC,0.7186858316221766,FALSE,TRUE,TRUE
ES-Yst,30,398.3828,2,448.321,2,2.1174999999999997,767.184,24,2,0.9166666666666666,451,530,FALSE,0.8833321507760532,0.8886106160541218,0.5192793384637844,0.7516656603773585,TRUE,FALSE,ICOS,EUF,v1.3,EUF_ES-Yst_FLUXNET_2019-2024_v1.3_r2.zip,sHycwsOK158vpmp0rDH1ujPO,1.1751662971175165,FALSE,FALSE,FALSE
FI-Ant,30,431.3066333333333,NA,NA,NA,NA,NA,NA,NA,NA,607,612,FALSE,0.7105545853926414,NA,NA,0.7047494008714597,TRUE,FALSE,ICOS,ICOS,v1.3,ICOS_FI-Ant_FLUXNET_2022-2022_v1.3_r1.zip,WfnJvocMuoIL6hVB8mRB3XxS,1.0082372322899507,TRUE,FALSE,FALSE
FI-Hyy,30,688.5662333333333,24,684.7968333333333,100,1.80899,661.8611999999999,288,100,0.6527777777777778,663,711,FALSE,1.0385614379084966,1.0055044062947136,1.04034838925946,0.9684475855602438,FALSE,FALSE,ICOS,ICOS,v1.3,ICOS_FI-Hyy_FLUXNET_1997-2025_v1.3_r1.zip,oIJ9cFYf8Q0e9nfMRRS-90vM,1.0723981900452488,FALSE,FALSE,FALSE
FI-Jok,30,2532.4077333333335,4,2361.8084999999996,48,6.451645833333333,2361.8085,48,48,0,612,627,FALSE,4.1379211328976035,1.0722324580224578,1.0722324580224576,4.038927804359384,FALSE,FALSE,ICOS,EUF,v1.3,EUF_FI-Jok_FLUXNET_2000-2003_v1.3_r1.zip,8PzFwQMtdQ_ly0Tahg8oE1Sz,1.0245098039215685,FALSE,FALSE,FALSE
FI-Ken,30,627.2816,3,644.474,NA,NA,NA,36,0,1,524,484,FALSE,1.197102290076336,0.9733233613768748,NA,1.2960363636363637,TRUE,FALSE,ICOS,ICOS,v1.3,ICOS_FI-Ken_FLUXNET_2018-2025_v1.3_r1.zip,Ri-8dhfYd2gnZiThyc9UXyZe,0.9236641221374046,FALSE,FALSE,FALSE
FI-Let,30,567.3241666666667,12,556.746,18,1.2153888888888889,442.6113333333333,144,18,0.875,664,627,FALSE,0.8544038654618473,1.0189999868282245,1.2817660189451394,0.9048232323232324,FALSE,FALSE,ICOS,ICOS,v1.3,ICOS_FI-Let_FLUXNET_2010-2025_v1.3_r1.zip,lJA2M5NajEvo4LNStPxtuMhX,0.9442771084337349,FALSE,FALSE,FALSE
FI-Nsv,30,2571.0564666666664,NA,NA,NA,NA,NA,NA,NA,NA,607,633,FALSE,4.235677869302581,NA,NA,4.061700579252237,TRUE,FALSE,ICOS,EUF,v1.3,EUF_FI-Nsv_FLUXNET_2021-2024_v1.3_r1.zip,cSm1qTXbblwvWpF9j1Oow7qX,1.042833607907743,FALSE,FALSE,FALSE
FI-Pap,30,449.95773333333335,NA,NA,NA,NA,NA,NA,NA,NA,607,612,FALSE,0.7412812740252609,NA,NA,0.735225054466231,TRUE,FALSE,ICOS,EUF,v1.3,EUF_FI-Pap_FLUXNET_2022-2022_v1.3_r1.zip,u2xUfhEZCOWwWb3gVywfqYw_,1.0082372322899507,TRUE,FALSE,FALSE
FI-Qvd,30,678.2785,3,717.568,4,1.3245,477.801,36,4,0.8888888888888888,677,650,FALSE,1.0018884785819793,0.9452463041830182,1.419583676049234,1.0435053846153846,TRUE,FALSE,ICOS,EUF,v1.3,EUF_FI-Qvd_FLUXNET_2018-2023_v1.3_r1.zip,UuvYrldK3v4VzDgfH6nC0ed7,0.9601181683899557,FALSE,FALSE,TRUE
FI-Rk2,30,544.0927,1,656.362,NA,NA,NA,12,0,1,643,644,FALSE,0.8461783825816486,0.8289521635926517,NA,0.8448644409937889,TRUE,FALSE,ICOS,EUF,v1.3,EUF_FI-Rk2_FLUXNET_2020-2023_v1.3_r1.zip,Agmj31O2_U5UxIfjk_idGdLg,1.0015552099533438,TRUE,FALSE,FALSE
FI-Ruk,30,2184.7618,1,2880.148,12,7.862083333333333,2880.148,12,12,0,518,553,FALSE,4.217686872586873,0.7585588657249558,0.7585588657249558,3.9507446654611216,FALSE,FALSE,ICOS,EUF,v1.3,EUF_FI-Ruk_FLUXNET_2020-2023_v1.3_r1.zip,TYPI56oF2JQVeXc0g4SU60It,1.0675675675675675,FALSE,FALSE,FALSE
FI-Sar,30,503.38806666666665,NA,NA,NA,NA,NA,NA,NA,NA,606,612,FALSE,0.8306733773377337,NA,NA,0.8225295206971677,TRUE,FALSE,ICOS,EUF,v1.3,EUF_FI-Sar_FLUXNET_2022-2022_v1.3_r1.zip,xUETR-0OEq8u2S5UUHl8sLm_,1.00990099009901,TRUE,FALSE,FALSE
FI-Sii,30,574.4364,3,550.4456666666667,NA,NA,NA,36,0,1,665,711,FALSE,0.863814135338346,1.0435841987432002,NA,0.8079274261603376,TRUE,FALSE,ICOS,ICOS,v1.3,ICOS_FI-Sii_FLUXNET_2018-2024_v1.3_r1.zip,mkbfyrZKqg3Djz0tW1rRap1c,1.069172932330827,FALSE,FALSE,FALSE
FI-Sod,30,496.3022,NA,NA,NA,NA,NA,NA,NA,NA,514,2424.3,FALSE,0.9655684824902724,NA,NA,0.2047197954048591,TRUE,FALSE,ICOS,ICOS,v1.3,ICOS_FI-Sod_FLUXNET_2023-2024_v1.3_r1.zip,TNkSnk2tWf7rkMpSQ2Dtf8FI,4.716536964980545,FALSE,FALSE,FALSE
FI-Var,30,521.9297333333334,5,527.6828,NA,NA,NA,60,0,1,576,601,FALSE,0.9061280092592594,0.989097490638947,NA,0.8684354963948975,TRUE,FALSE,ICOS,ICOS,v1.3,ICOS_FI-Var_FLUXNET_2016-2025_v1.3_r1.zip,yu-qbz8ScXeQLBioQVflVJIq,1.0434027777777777,FALSE,FALSE,FALSE
FR-Aur,30,685.2822333333334,16,653.3489999999999,NA,NA,NA,192,0,1,830,668.5,FALSE,0.8256412449799198,1.0488762259272355,NA,1.0251043131388682,TRUE,FALSE,ICOS,ICOS,v1.3,ICOS_FR-Aur_FLUXNET_2005-2024_v1.3_r1.zip,R0Wn1kGceDx6Zq8pJq_typhu,0.805421686746988,FALSE,FALSE,FALSE
FR-Bil,30,927.2640666666668,7,1010.5351428571428,6,3.4113333333333333,1230.392,84,6,0.9285714285714286,934,960.1,FALSE,0.992788079942898,0.9175970506527472,0.7536330426942525,0.9657994653334724,TRUE,FALSE,ICOS,ICOS,v1.3,ICOS_FR-Bil_FLUXNET_2014-2025_v1.3_r1.zip,OHrM-TP6a33pLElt40MWm6rD,1.0279443254817988,FALSE,FALSE,FALSE
FR-CLt,30,1523.7227666666668,2,1490.126,NA,NA,NA,24,0,1,1403,1312,FALSE,1.086046162984082,1.022546258951704,NA,1.1613740599593496,TRUE,FALSE,ICOS,ICOS,v1.3,ICOS_FR-CLt_FLUXNET_2019-2025_v1.3_r1.zip,Ioa3MKkE2Hh0vcxOxxeZ6vER,0.9351389878831077,FALSE,FALSE,FALSE
FR-EM2,30,647.6893333333334,4,630.5425,2,1.9665,700.164,48,2,0.9583333333333334,666,680,FALSE,0.9725065065065066,1.0271937789020302,0.925053749312066,0.9524843137254904,TRUE,FALSE,ICOS,ICOS,v1.3,ICOS_FR-EM2_FLUXNET_2017-2025_v1.3_r1.zip,tqY53lt1dCh3HZXtN-rLGEp5,1.021021021021021,FALSE,FALSE,FALSE
FR-FBn,30,625.6768333333333,13,685.2694615384615,NA,NA,NA,156,0,1,691,700,FALSE,0.9054657501205982,0.913037671237618,NA,0.8938240476190475,TRUE,FALSE,ICOS,ICOS,v1.3,ICOS_FR-FBn_FLUXNET_2008-2024_v1.3_r1.zip,dw5JqZoWiNVw0JQS-QXykPY6,1.0130246020260492,TRUE,TRUE,TRUE
FR-Fon,30,499.1001333333333,2,619.1895,9,1.1854444444444443,433.384,24,9,0.625,627,678.99,FALSE,0.7960129718234981,0.8060539355614611,1.1516348857672023,0.7350625684227062,TRUE,FALSE,ICOS,ICOS,v1.3,ICOS_FR-Fon_FLUXNET_2019-2024_v1.3_r1.zip,vgMluaOupOEt-hzl3RWXI99X,1.0829186602870813,FALSE,FALSE,FALSE
FR-Gri,30,574.3015,17,583.4482352941177,4,1.4874999999999998,546.183,204,4,0.9803921568627452,626,597.38,FALSE,0.917414536741214,0.9843229703325664,1.0514818293502362,0.9613671364960328,TRUE,FALSE,ICOS,ICOS,v1.3,ICOS_FR-Gri_FLUXNET_2004-2025_v1.3_r1.zip,gsAnVUkxq-6VBt2qu1hewpGD,0.9542811501597444,FALSE,FALSE,FALSE
FR-Hes,30,915.2581333333334,24,927.8220833333334,42,2.469190476190476,903.0968571428572,288,42,0.8541666666666666,776,889,FALSE,1.179456357388316,0.9864586646236504,1.0134661925731323,1.0295367079115112,FALSE,FALSE,ICOS,ICOS,v1.3,ICOS_FR-Hes_FLUXNET_1997-2025_v1.3_r1.zip,Di7uhs3hUdH1SvS0f0Wv5vjH,1.1456185567010309,FALSE,FALSE,FALSE
FR-LBr,30,1013.2421333333332,11,983.4321818181818,24,3.402875,1242.5504999999998,132,24,0.8181818181818181,909,900,FALSE,1.1146778144481115,1.030312157834858,0.8154534832454161,1.1258245925925925,FALSE,FALSE,ICOS,EUF,v1.3,EUF_FR-LBr_FLUXNET_1998-2008_v1.3_r1.zip,edFutLlMMA1D7S31ZC4pf2E2,0.9900990099009901,TRUE,TRUE,TRUE
FR-LGt,30,676.7709333333333,4,673.62575,NA,NA,NA,48,0,1,705,699.75,FALSE,0.9599587706855792,1.0046690366770172,NA,0.9671610337025128,TRUE,FALSE,ICOS,ICOS,v1.3,ICOS_FR-LGt_FLUXNET_2017-2025_v1.3_r1.zip,UMboDXr3WG42YyPcyuL7LzHW,0.9925531914893617,TRUE,FALSE,FALSE
FR-Lam,30,667.7423666666667,NA,NA,NA,NA,NA,NA,NA,NA,771,677,FALSE,0.8660731085170774,NA,NA,0.9863255046774988,TRUE,FALSE,ICOS,ICOS,v1.3,ICOS_FR-Lam_FLUXNET_2021-2024_v1.3_r1.zip,zwxh7ZEI7AWEJOF5ggdX2bpK,0.8780804150453956,FALSE,FALSE,FALSE
FR-Lqu,30,1311.602933333333,NA,NA,NA,NA,NA,NA,NA,NA,904,1081.6,FALSE,1.4508882005899706,NA,NA,1.2126506410256412,TRUE,FALSE,ICOS,ICOS,v1.3,ICOS_FR-Lqu_FLUXNET_2022-2024_v1.3_r1.zip,FT09cB-tv2MKDSSw1R_JXBJx,1.1964601769911503,FALSE,FALSE,FALSE
FR-Lus,30,771.5567,NA,NA,NA,NA,NA,NA,NA,NA,835,793,FALSE,0.92402,NA,NA,0.9729592686002522,TRUE,FALSE,ICOS,ICOS,v1.3,ICOS_FR-Lus_FLUXNET_2022-2024_v1.3_r1.zip,S_NN3abNF1zutV6hnPOuCupl,0.9497005988023952,FALSE,FALSE,FALSE
FR-Mau,30,572.2459333333334,7,520.6894285714285,3,2.046333333333333,743.2760000000001,84,3,0.9642857142857144,776,600,FALSE,0.7374303264604811,1.099015846938464,0.7698969606624367,0.9537432222222224,TRUE,FALSE,ICOS,EUF,v1.3,EUF_FR-Mau_FLUXNET_2005-2011_v1.3_r1.zip,ebGKrL-UajXA0SkdfSt100r9,0.7731958762886598,FALSE,TRUE,TRUE
FR-Mej,30,720.1868,2,805.683,NA,NA,NA,24,0,1,742,722,FALSE,0.9706021563342316,0.893883574557239,NA,0.9974886426592796,TRUE,FALSE,ICOS,ICOS,v1.3,ICOS_FR-Mej_FLUXNET_2019-2024_v1.3_r1.zip,89dJgrylR97XwCZTAHP5qw5a,0.9730458221024259,FALSE,FALSE,FALSE
FR-Nzn,30,912.8696,5,909.0352,NA,NA,NA,60,0,1,918,655.6,FALSE,0.9944113289760348,1.004218098485075,NA,1.392418547895058,TRUE,FALSE,ICOS,EUF,v1.3,EUF_FR-Nzn_FLUXNET_2016-2024_v1.3_r1.zip,NySpPG4qsETA19sRa2e_ONBG,0.714161220043573,FALSE,FALSE,FALSE
FR-Pue,30,930.8250333333332,21,915.4330476190476,NA,NA,NA,252,0,1,666,924,FALSE,1.3976351851851851,1.0168138847011463,NA,1.0073863997113996,TRUE,FALSE,ICOS,ICOS,v1.3,ICOS_FR-Pue_FLUXNET_2000-2025_v1.3_r1.zip,HaC9deo1SSLTZxUtYYJcdLAd,1.3873873873873874,FALSE,FALSE,FALSE
FR-Tou,30,616.5935333333333,3,703.4206666666665,NA,NA,NA,36,0,1,693,544,FALSE,0.8897453583453583,0.8765644265972663,NA,1.1334439950980393,TRUE,FALSE,ICOS,ICOS,v1.3,ICOS_FR-Tou_FLUXNET_2018-2024_v1.3_r1.zip,LZSDmUp2MspQPIyTfDwNXYhi,0.784992784992785,FALSE,FALSE,FALSE
GF-Guy,30,2487.7836333333335,4,3039.48175,NA,NA,NA,48,0,1,2796,3101,FALSE,0.8897652479732953,0.8184894129840831,NA,0.8022520584757605,TRUE,FALSE,ICOS,ICOS,v1.3,ICOS_GF-Guy_FLUXNET_2017-2024_v1.3_r1.zip,3jDZZoDeBw29TRwEqPKQozcn,1.1090844062947067,FALSE,FALSE,FALSE
GH-Ank,30,1861.9027,4,1904.737,25,5.6582,2062.72368,48,25,0.47916666666666663,1874,1900,FALSE,0.9935446638207044,0.9775116984654576,0.9026428105969094,0.9799487894736842,FALSE,FALSE,ICOS,EUF,v1.3,EUF_GH-Ank_FLUXNET_2011-2014_v1.3_r1.zip,KGeOFn8sIXSOmMXfGprQynOP,1.0138740661686232,TRUE,TRUE,TRUE
GL-NuF,30,861.8119,2,666.9665,3,1.3686666666666667,503.576,24,3,0.875,726,782,FALSE,1.1870687327823692,1.2921367115139966,1.711383981762435,1.102061253196931,TRUE,FALSE,ICOS,ICOS,v1.3,ICOS_GL-NuF_FLUXNET_2019-2024_v1.3_r1.zip,EfhStDGazgCMZH4SX2aNUPlt,1.0771349862258952,FALSE,FALSE,FALSE
GL-ZaF,30,780.7409666666666,NA,NA,NA,NA,NA,NA,NA,NA,248,253,FALSE,3.1481490591397847,NA,NA,3.0859326745718048,TRUE,FALSE,ICOS,ICOS,v1.3,ICOS_GL-ZaF_FLUXNET_2023-2024_v1.3_r1.zip,Lf3j25yaK_SzajN-sxvn-Mfj,1.0201612903225807,FALSE,FALSE,FALSE
GL-ZaH,30,677.7331666666666,1,897.585,12,2.436166666666667,897.585,12,12,0,248,253,FALSE,2.7327950268817203,0.7550629374005433,0.7550629374005433,2.6787872200263503,FALSE,FALSE,ICOS,ICOS,v1.3,ICOS_GL-ZaH_FLUXNET_2020-2024_v1.3_r1.zip,Zdiwv_V4gNbOfd5Bttpb-9q2,1.0201612903225807,FALSE,FALSE,FALSE
ID-JOP,30,2024.7450666666664,7,1865.2654285714289,16,4.8179375,1754.1570000000002,84,16,0.8095238095238095,2569,2235,FALSE,0.788145218632412,1.0854997018935693,1.1542553298631002,0.9059262043251304,FALSE,FALSE,ICOS,FLX,v1.3,FLX_ID-JOP_FLUXNET_2014-2024_v1.3_r1.zip,PPguZ8g7dO0HMK1i3qLRsXdQ,0.8699883223043986,FALSE,FALSE,FALSE
ID-PaB,30,2539.1999333333333,13,2626.6183076923076,3,8.743,3199.996,156,3,0.9807692307692308,2396,2640,FALSE,1.0597662493043962,0.9667182802682212,0.7935009710428804,0.9618181565656566,TRUE,FALSE,ICOS,JPF,v1.3,JPF_ID-PaB_FLUXNET_2004-2016_v1.3_r1.zip,MpLHCY-ecJkBO48pW8l-Tra-,1.1018363939899833,FALSE,FALSE,FALSE
ID-Pag,30,2590.3433666666665,15,2678.742133333333,18,7.6225,2786.7646666666665,180,18,0.9,2401,2663,FALSE,1.0788602110231846,0.966999896867017,0.9295163662904676,0.9727162473400924,FALSE,FALSE,ICOS,JPF,v1.3,JPF_ID-Pag_FLUXNET_2004-2018_v1.3_r1.zip,I6zVvSdiWHZ4d2Bal9dhQhoi,1.1091211995002082,FALSE,FALSE,FALSE
IE-CaC,30,507.0819,5,475.9826000000001,7,1.1641428571428571,428.2337142857143,60,7,0.8833333333333333,883,804,FALSE,0.5742716874292186,1.065337052236783,1.1841241898616108,0.630698880597015,TRUE,FALSE,ICOS,EUF,v1.3,EUF_IE-CaC_FLUXNET_2003-2007_v1.3_r1.zip,olP0y9DuPPJFn_A3uWTEjEFU,0.9105322763306908,FALSE,FALSE,FALSE
IE-CaN,30,507.0819,5,475.9826000000001,7,1.1641428571428571,428.2337142857143,60,7,0.8833333333333333,883,804,FALSE,0.5742716874292186,1.065337052236783,1.1841241898616108,0.630698880597015,TRUE,FALSE,ICOS,EUF,v1.3,EUF_IE-CaN_FLUXNET_2003-2007_v1.3_r1.zip,fqas87xDJV_zXM6w23MBsleq,0.9105322763306908,FALSE,FALSE,FALSE
IE-Cra,30,3474.463133333333,1,3975.8160000000007,12,10.908416666666668,3975.816,12,12,0,1026,883,FALSE,3.386416309291748,0.873899378978638,0.8738993789786382,3.934839335598338,FALSE,FALSE,ICOS,ICOS,v1.3,ICOS_IE-Cra_FLUXNET_2020-2024_v1.3_r1.zip,AwIT0Qy0HIwmIzj92q58ehk7,0.8606237816764133,FALSE,FALSE,FALSE
IE-Gwr,30,3274.024,1,2983.488,12,8.17625,2983.488,12,12,0,969,857.4,FALSE,3.378765737874097,1.09738132011927,1.09738132011927,3.8185491019360858,FALSE,FALSE,ICOS,EUF,v1.3,EUF_IE-Gwr_FLUXNET_2016-2016_v1.3_r1.zip,GDCw0QfMze-6S4E59YD2vQBI,0.884829721362229,FALSE,FALSE,FALSE
IL-RmH,30,560.337,6,594.5219999999999,25,1.55112,559.35888,72,25,0.6527777777777778,561,516,FALSE,0.9988181818181818,0.9425000252303531,1.001748644805639,1.085924418604651,FALSE,FALSE,ICOS,EUF,v1.3,EUF_IL-RmH_FLUXNET_2015-2020_v1.3_r1.zip,BDfZZGumiN8Ci3FRoFGYGKdQ,0.9197860962566845,FALSE,FALSE,FALSE
IL-Yat,30,241.56693333333337,21,236.60380952380953,47,0.5311702127659574,193.1548085106383,252,47,0.8134920634920635,300,275.6,FALSE,0.8052231111111111,1.0209765169018734,1.2506389832900726,0.8765128205128204,FALSE,FALSE,ICOS,EUF,v1.3,EUF_IL-Yat_FLUXNET_2000-2024_v1.3_r1.zip,ddBS_ZLjXuBI8SSQV2cskqda,0.9186666666666667,FALSE,FALSE,FALSE
IT-Arz,30,3927.6580333333336,5,4079.6906,60,11.1754,4079.6906,60,60,0,935,900,FALSE,4.200703778966132,0.9627342900300658,0.962734290030066,4.364064481481482,FALSE,FALSE,ICOS,EUF,v1.3,EUF_IT-Arz_FLUXNET_2016-2024_v1.3_r1.zip,xK4i981ZSwQZHJeKKfpx5eZo,0.9625668449197861,FALSE,TRUE,TRUE
IT-BCi,30,952.5521666666668,17,1019.347294117647,46,2.6582391304347825,962.4680869565218,204,46,0.7745098039215687,1039,947.14,FALSE,0.916797080526147,0.9344726494724268,0.989697403556298,1.0057142203546114,FALSE,FALSE,ICOS,ICOS,v1.3,ICOS_IT-BCi_FLUXNET_2004-2025_v1.3_r1.zip,2LNryh4qBQqqtGj-L8ONRyxA,0.9115880654475457,FALSE,FALSE,FALSE
IT-BFt,30,593.8098666666667,2,737.185,NA,NA,NA,24,0,1,678,697,FALSE,0.8758257620452311,0.8055099692297955,NA,0.8519510282161646,TRUE,FALSE,ICOS,ICOS,v1.3,ICOS_IT-BFt_FLUXNET_2019-2024_v1.3_r1.zip,IUOlBlndAhz4kdSgYJUDyq-D,1.028023598820059,FALSE,FALSE,FALSE
IT-CA1,30,710.4101666666667,4,764.6959999999999,10,1.9415,707.9796,48,10,0.7916666666666666,332,766,FALSE,2.139789658634538,0.9290099159230162,1.0034331026863863,0.9274284160139252,TRUE,FALSE,ICOS,EUF,v1.3,EUF_IT-CA1_FLUXNET_2011-2014_v1.3_r1.zip,JaiQh6fJCspNapWnx20Mx_-J,2.3072289156626504,FALSE,FALSE,FALSE
IT-CA2,30,712.568,4,766.821,10,1.9474,710.1324,48,10,0.7916666666666666,332,766,FALSE,2.146289156626506,0.929249459782661,1.0034297829531509,0.9302454308093996,TRUE,FALSE,ICOS,EUF,v1.3,EUF_IT-CA2_FLUXNET_2011-2014_v1.3_r2.zip,4nX2fCUltlN4ejOTF1KYMSzf,2.3072289156626504,FALSE,FALSE,FALSE
IT-CA3,30,657.6251,4,708.37125,15,1.6432,600.4392,48,15,0.6875,332,766,FALSE,1.9807984939759036,0.9283622111992827,1.095240117567274,0.858518407310705,FALSE,FALSE,ICOS,EUF,v1.3,EUF_IT-CA3_FLUXNET_2011-2014_v1.3_r2.zip,MAXpa5PAn0L1aK-6zb-kcOs7,2.3072289156626504,FALSE,FALSE,FALSE
IT-Cp2,30,732.0159,9,695.5790000000001,39,2.614871794871795,950.872923076923,108,39,0.6388888888888888,752,601,FALSE,0.9734253989361702,1.05238355384507,0.7698356764974176,1.2179965058236273,FALSE,FALSE,ICOS,ICOS,v1.3,ICOS_IT-Cp2_FLUXNET_2012-2025_v1.3_r1.zip,Oz2rJQyIT8nYjOwvl4nCxlsl,0.7992021276595744,FALSE,FALSE,FALSE
IT-Lav,30,1093.9326666666666,18,1116.0519444444444,29,2.4224827586206894,880.7222068965518,216,29,0.8657407407407407,575,1291,FALSE,1.9024915942028984,0.980180781111592,1.242085935951832,0.8473529563645752,FALSE,FALSE,ICOS,EUF,v1.3,EUF_IT-Lav_FLUXNET_2003-2020_v1.3_r1.zip,XKQE9dtAKgDbkY1obJ-3Ym4s,2.245217391304348,FALSE,FALSE,FALSE
IT-Lsn,30,997.6444666666666,5,1060.2716,7,3.916714285714286,1418.892,60,7,0.8833333333333333,970,1100,FALSE,1.0284994501718212,0.9409329332848928,0.7031151537020905,0.9069495151515152,TRUE,FALSE,ICOS,ICOS,v1.3,ICOS_IT-Lsn_FLUXNET_2016-2024_v1.3_r1.zip,wjxZGQl8gUxBPVKPVlu4-g5L,1.134020618556701,FALSE,TRUE,TRUE
IT-MBo,30,24150.380833333333,18,27391.543777777773,8,69.3395,25559.4495,216,8,0.962962962962963,407,1365,TRUE,59.33754504504504,0.8816728633209081,0.9448709305469716,17.692586691086692,TRUE,TRUE,ICOS,ICOS,v1.3,ICOS_IT-MBo_FLUXNET_2003-2025_v1.3_r1.zip,enS2fTzGG_9PS5-51hqet8iH,3.3538083538083536,FALSE,FALSE,FALSE
IT-Niv,30,915.4489666666668,2,916.5445,24,2.504541666666667,916.5445,24,24,0,1469,1138.7,FALSE,0.6231783299296574,0.9988047134281716,0.9988047134281716,0.8039421855332104,FALSE,FALSE,ICOS,ICOS,v1.3,ICOS_IT-Niv_FLUXNET_2019-2024_v1.3_r1.zip,KEdPYVMu2ozICBTFUa7oRkYX,0.7751531654186522,FALSE,FALSE,FALSE
IT-Noe,30,552.2558333333334,NA,NA,NA,NA,NA,NA,NA,NA,758,605,FALSE,0.7285697009674583,NA,NA,0.9128195592286502,TRUE,FALSE,ICOS,ICOS,v1.3,ICOS_IT-Noe_FLUXNET_2022-2024_v1.3_r2.zip,JclBQTcqbxNONZlGXsdcj9DJ,0.7981530343007915,FALSE,FALSE,FALSE
IT-Ren,30,866.1938666666667,22,1132.142590909091,110,2.393072727272727,875.6279999999999,264,110,0.5833333333333333,684,970.8,FALSE,1.2663653021442496,0.7650925542613214,0.9892258660831618,0.8922474934761709,FALSE,FALSE,ICOS,ICOS,v1.3,ICOS_IT-Ren_FLUXNET_1999-2025_v1.3_r1.zip,pNTPZfSPE9VmxdZ-g9ijYCSc,1.419298245614035,FALSE,FALSE,FALSE
IT-SR2,30,974.5438,8,1086.39475,3,1.8033333333333332,661.7040000000001,96,3,0.96875,886,950,FALSE,1.0999365688487586,0.8970439152066964,1.4727790673775585,1.0258355789473683,TRUE,FALSE,ICOS,ICOS,v1.3,ICOS_IT-SR2_FLUXNET_2013-2025_v1.3_r1.zip,xmKHyUZQfcLwolbWA7E2YEYg,1.072234762979684,FALSE,FALSE,TRUE
IT-SRo,30,913.3800333333334,14,887.778,21,2.528285714285714,920.9108571428573,168,21,0.875,886,920,FALSE,1.0309029721595184,1.0288383282006688,0.9918224182600166,0.992804384057971,FALSE,FALSE,ICOS,EUF,v1.3,EUF_IT-SRo_FLUXNET_1999-2012_v1.3_r1.zip,I0dHiKkliSYYaY8YAFuTO2MB,1.0383747178329572,FALSE,FALSE,FALSE
IT-Tor,30,851.8813,13,838.8596923076923,5,2.1698,796.8096,156,5,0.967948717948718,1272,945,FALSE,0.6697180031446541,1.015522986515761,1.0691152566434945,0.9014616931216932,TRUE,FALSE,ICOS,ICOS,v1.3,ICOS_IT-Tor_FLUXNET_2008-2024_v1.3_r1.zip,jpLpilIX0DYcAXQubpEJEEBn,0.7429245283018868,FALSE,FALSE,FALSE
IT-TrF,30,926.6391666666668,9,934.1703333333334,5,2.2876,840.3408000000001,108,5,0.9537037037037036,1092,885,FALSE,0.8485706654456655,0.9919381226335954,1.1026944861735462,1.0470499058380416,TRUE,FALSE,ICOS,ICOS,v1.3,ICOS_IT-TrF_FLUXNET_2012-2024_v1.3_r1.zip,YwbRGa_5X4xiWtFOUz2_TvxL,0.8104395604395604,FALSE,FALSE,FALSE
JP-Api,30,5371.734,21,5389.958333333333,252,14.72759523809524,5389.958333333334,252,252,0,1478,1869,TRUE,3.634461434370772,0.996618835952659,0.9966188359526588,2.8741219903691815,FALSE,FALSE,ICOS,JPF,v1.3,JPF_JP-Api_FLUXNET_2000-2022_v1.3_r2.zip,6FLIvFghC2kn5jdWiKfUjx9S,1.2645466847090663,FALSE,FALSE,FALSE
JP-BBY,30,4008.198666666666,7,4014.731142857143,84,10.958773809523809,4014.731142857143,84,84,0,1154,1170,FALSE,3.473309069901791,0.9983728733113054,0.9983728733113054,3.425810826210826,FALSE,FALSE,ICOS,JPF,v1.3,JPF_JP-BBY_FLUXNET_2014-2020_v1.3_r1.zip,pMEqkfODsJGzX9RKz9kSDRtA,1.0138648180242635,TRUE,FALSE,FALSE
JP-Fhk,30,1844.7290333333333,15,1864.8458666666663,NA,NA,NA,180,0,1,1693,1831,FALSE,1.089621401850758,0.9892126026644276,NA,1.0074981066812307,TRUE,FALSE,ICOS,JPF,v1.3,JPF_JP-Fhk_FLUXNET_2006-2023_v1.3_r1.zip,5HO9DkOtLv80oPgti-3L_1gg,1.0815121086828117,FALSE,FALSE,FALSE
JP-Fjy,30,1969.4295333333332,20,1990.00175,NA,NA,NA,240,0,1,1693,1954,FALSE,1.163277928726127,0.9896622117710868,NA,1.0078963834868644,TRUE,FALSE,ICOS,JPF,v1.3,JPF_JP-Fjy_FLUXNET_2001-2021_v1.3_r1.zip,rPUO8Mfj9nIziKi_4d2XRkCh,1.154164205552274,FALSE,FALSE,FALSE
JP-Fmt,30,5939.7142,7,5984.813,84,16.36345238095238,5984.813,84,84,0,1516,1643,TRUE,3.9180172823219,0.9924644596247202,0.9924644596247202,3.6151638466220337,FALSE,FALSE,ICOS,JPF,v1.3,JPF_JP-Fmt_FLUXNET_2014-2023_v1.3_r1.zip,eWDbJgVovrhZWWNoXdZwB1GA,1.08377308707124,FALSE,FALSE,FALSE
JP-Hc2,30,4683.106866666667,2,5811.468500000001,24,15.84525,5811.4685,24,24,0,1427,1037,FALSE,3.2817847699135716,0.8058388110796206,0.8058388110796207,4.516014336226294,FALSE,FALSE,ICOS,JPF,v1.3,JPF_JP-Hc2_FLUXNET_2003-2004_v1.3_r1.zip,Tjd4S1VJ4LO2w5OrXE1eWhYl,0.7266993693062369,FALSE,FALSE,FALSE
JP-Hc3,30,4683.106866666667,4,4058.605,48,11.11025,4058.605,48,48,0,1423,1037,FALSE,3.2910097446708835,1.1538710632512077,1.1538710632512077,4.516014336226294,FALSE,FALSE,ICOS,JPF,v1.3,JPF_JP-Hc3_FLUXNET_2005-2008_v1.3_r1.zip,7mRmcdv3o0cDwldpdIkzLgqj,0.7287420941672523,FALSE,FALSE,FALSE
JP-KaP,30,5287.457766666666,1,4037.053000000001,12,11.062083333333334,4037.053,12,12,0,1337,18,TRUE,3.954717850909997,1.3097320661053162,1.309732066105317,293.7476537037037,FALSE,FALSE,ICOS,JPF,v1.3,JPF_JP-KaP_FLUXNET_1997-1997_v1.3_r1.zip,7QrnIdeknEjsBsGnEAcpIxqx,0.013462976813762155,FALSE,FALSE,FALSE
JP-Khw,30,2291.236,21,2276.938619047619,140,6.381114285714285,2328.143314285714,252,140,0.4444444444444444,2127,2130,FALSE,1.0772148566055475,1.0062792122865225,0.9841473185695884,1.0756976525821595,FALSE,FALSE,ICOS,JPF,v1.3,JPF_JP-Khw_FLUXNET_2000-2021_v1.3_r1.zip,ws7GV5BLwsKMaGOsosxNThpD,1.001410437235543,TRUE,FALSE,FALSE
JP-Kzw,30,5583.8523,8,5463.0313750000005,96,14.91265625,5463.0313750000005,96,96,0,1589,1198,TRUE,3.5140668974197604,1.0221160957546211,1.0221160957546211,4.660978547579298,FALSE,FALSE,ICOS,JPF,v1.3,JPF_JP-Kzw_FLUXNET_2001-2008_v1.3_r1.zip,heCzGI50bl4F9zNueG7UvN3S,0.7539332913782253,FALSE,FALSE,FALSE
JP-Mse,30,5187.7739,8,5331.1407500000005,96,14.547739583333334,5331.1407500000005,96,96,0,1307,1200,TRUE,3.969222570772762,0.9731076599318822,0.9731076599318822,4.323144916666667,FALSE,FALSE,ICOS,JPF,v1.3,JPF_JP-Mse_FLUXNET_2002-2009_v1.3_r1.zip,496cflc8MbepzdjJvLU5v4cg,0.918133129303749,FALSE,TRUE,TRUE
JP-NsC,30,3140.8003,12,3218.0740833333334,90,8.790244444444445,3218.0308000000005,144,90,0.375,1326,1561,FALSE,2.368627677224736,0.9759875685480516,0.9760006958292629,2.0120437540038436,FALSE,FALSE,ICOS,JPF,v1.3,JPF_JP-NsC_FLUXNET_2004-2015_v1.3_r1.zip,9MJ6Rbkq1nwFkdiq96CdBSn_,1.1772247360482655,FALSE,FALSE,FALSE
JP-NsM,30,3140.8003,12,3218.0740833333334,90,8.790244444444445,3218.0308000000005,144,90,0.375,1326,1561,FALSE,2.368627677224736,0.9759875685480516,0.9760006958292629,2.0120437540038436,FALSE,FALSE,ICOS,JPF,v1.3,JPF_JP-NsM_FLUXNET_2004-2015_v1.3_r1.zip,qug7pUfVBqZPbH4yxh0PKfgu,1.1772247360482655,FALSE,FALSE,FALSE
JP-Nuf,30,5431.5632,2,5306.449,24,14.488291666666669,5306.4490000000005,24,24,0,1969,1595,TRUE,2.7585389537836464,1.0235777635854033,1.023577763585403,3.4053687774294668,FALSE,FALSE,ICOS,JPF,v1.3,JPF_JP-Nuf_FLUXNET_2000-2001_v1.3_r1.zip,rBNU9avgc7c4tNBrBRWVn22z,0.8100558659217877,FALSE,FALSE,FALSE
JP-Om2,30,5337.641,NA,NA,NA,NA,NA,NA,NA,NA,1372,1206.9,TRUE,3.89040889212828,NA,NA,4.422604192559449,TRUE,FALSE,ICOS,JPF,v1.3,JPF_JP-Om2_FLUXNET_2022-2025_v1.3_r1.zip,1LRw8IWf3BDKYACdAj8ouheV,0.87966472303207,FALSE,FALSE,FALSE
JP-SMF,30,5431.5632,13,5362.314230769231,156,14.663153846153849,5362.314230769231,156,156,0,2065,1615,TRUE,2.6302969491525423,1.012914008066408,1.012914008066408,3.363197027863777,FALSE,FALSE,ICOS,JPF,v1.3,JPF_JP-SMF_FLUXNET_2002-2014_v1.3_r1.zip,OJmZUckooZnjzhPVMCBvUM85,0.7820823244552058,FALSE,FALSE,FALSE
JP-Sb1,30,4275.823066666667,4,4125.77,48,11.293416666666666,4125.77,48,48,0,1125,1073,FALSE,3.800731614814815,1.0363697119971949,1.0363697119971949,3.9849236408822617,FALSE,FALSE,ICOS,JPF,v1.3,JPF_JP-Sb1_FLUXNET_2007-2010_v1.3_r1.zip,jOdJ40q12wURBzPC91Zd1Nrx,0.9537777777777777,FALSE,FALSE,FALSE
JP-Sb2,30,4275.823066666667,4,4125.77,48,11.293416666666666,4125.77,48,48,0,1125,1073,FALSE,3.800731614814815,1.0363697119971949,1.0363697119971949,3.9849236408822617,FALSE,FALSE,ICOS,JPF,v1.3,JPF_JP-Sb2_FLUXNET_2007-2010_v1.3_r1.zip,Pxix-JtRatuGLAPdOuOHUdzr,0.9537777777777777,FALSE,FALSE,FALSE
JP-Shn,30,6020.625366666666,7,6166.103428571429,84,16.847285714285714,6166.103428571429,84,84,0,1340,1606,TRUE,4.493004004975124,0.9764068080287672,0.9764068080287672,3.748832731423827,FALSE,FALSE,ICOS,JPF,v1.3,JPF_JP-Shn_FLUXNET_2014-2020_v1.3_r1.zip,2odGxi9yoGlFUuRSPP0IvuyH,1.1985074626865673,FALSE,FALSE,FALSE
JP-Spp,30,1191.5768666666663,19,1214.3505789473684,82,3.1634756097560977,1158.8263902439026,228,82,0.6403508771929824,1239,1150,FALSE,0.9617246704331448,0.9812461799125236,1.0282617626751414,1.0361537971014492,FALSE,FALSE,ICOS,JPF,v1.3,JPF_JP-Spp_FLUXNET_2000-2018_v1.3_r1.zip,js_dXPMf2Ctz9mN3PGXCd2zb,0.9281678773204197,FALSE,FALSE,TRUE
JP-Srk,30,2521.610866666667,7,2663.0537142857142,12,7.3935,2708.619,84,12,0.8571428571428572,1534,3000,FALSE,1.6438141242937854,0.9468869715769196,0.9309581254014192,0.8405369555555556,FALSE,FALSE,ICOS,JPF,v1.3,JPF_JP-Srk_FLUXNET_2010-2016_v1.3_r1.zip,eFz2nv5isK9K_5qkLLh6xxAF,1.955671447196871,FALSE,TRUE,TRUE
JP-Ta2,30,1755.004233333333,11,1702.5023636363635,4,4.09225,1475.571,132,4,0.9696969696969696,1765,1722,FALSE,0.9943366761095372,1.0308380597985376,1.189372950087345,1.019166221447929,TRUE,FALSE,ICOS,JPF,v1.3,JPF_JP-Ta2_FLUXNET_2005-2015_v1.3_r1.zip,CmfB4bc3xT3z8lqsrgqLbIGm,0.9756373937677054,FALSE,FALSE,FALSE
JP-Tak,30,8803.888466666667,23,8833.035347826088,276,24.14932608695652,8833.035347826086,276,276,0,1804,2275,TRUE,4.880204249815225,0.99670024176156,0.9967002417615602,3.8698410842490847,FALSE,FALSE,ICOS,JPF,v1.3,JPF_JP-Tak_FLUXNET_1998-2021_v1.3_r1.zip,3ISWj-Lz0wAZ7bHcl0axSoWX,1.2610864745011086,FALSE,FALSE,FALSE
JP-Tef,30,926.4751666666666,20,905.94485,10,2.0214,731.8884,240,10,0.9583333333333334,1113,1200,FALSE,0.8324125486672656,1.0226617731384715,1.2658694504061911,0.7720626388888888,TRUE,FALSE,ICOS,JPF,v1.3,JPF_JP-Tef_FLUXNET_2001-2023_v1.3_r1.zip,U36jKvGfGICHSJO01Sk4jEZT,1.0781671159029649,FALSE,TRUE,TRUE
JP-Tkb,30,5411.865833333333,2,5407.7605,24,14.768958333333334,5407.7605,24,24,0,1353,1507,TRUE,3.99990083764474,1.000759155908131,1.000759155908131,3.5911518469365182,FALSE,FALSE,ICOS,JPF,v1.3,JPF_JP-Tkb_FLUXNET_2018-2019_v1.3_r1.zip,DJQ3QbfTvEPAp9g4mpyX5ABJ,1.113821138211382,FALSE,FALSE,FALSE
JP-Tmd,30,4656.8277,16,4703.30025,192,12.849973958333331,4703.30025,192,192,0,1206,1276,FALSE,3.861382835820895,0.9901191615398144,0.9901191615398144,3.649551489028213,FALSE,FALSE,ICOS,JPF,v1.3,JPF_JP-Tmd_FLUXNET_2005-2023_v1.3_r1.zip,0o-e7G4yJgKYUrpjjLe7w0lt,1.0580431177446104,FALSE,FALSE,FALSE
JP-Tmk,30,4656.8277,3,4304.846,36,11.744055555555557,4304.846,36,36,0,1206,1043,FALSE,3.861382835820895,1.0817640631046963,1.0817640631046963,4.464839597315436,FALSE,FALSE,ICOS,JPF,v1.3,JPF_JP-Tmk_FLUXNET_2001-2003_v1.3_r1.zip,bCOHeAK5zPgbC1DQddUjFOlA,0.8648424543946932,FALSE,FALSE,FALSE
JP-Toc,30,4656.831833333334,4,4920.8515,48,13.452125,4920.851500000001,48,48,0,1189,1130,FALSE,3.9165953181945614,0.946346751844337,0.9463467518443368,4.1210901179941,FALSE,FALSE,ICOS,JPF,v1.3,JPF_JP-Toc_FLUXNET_2011-2014_v1.3_r1.zip,RweHalPjm2fLhREAqrL5xXXr,0.9503784693019344,FALSE,FALSE,FALSE
JP-Yms,30,4913.387,21,4981.978476190476,252,13.623777777777777,4981.978476190476,252,252,0,1502,1095,TRUE,3.2712296937416774,0.9862320809858406,0.9862320809858406,4.4871114155251135,FALSE,FALSE,ICOS,JPF,v1.3,JPF_JP-Yms_FLUXNET_2000-2023_v1.3_r1.zip,fI4RJEyaI5ASWeYLUEHZddaP,0.7290279627163782,FALSE,FALSE,FALSE
JP-Ynf,30,6652.8439,8,7171.626875000001,96,19.61128125,7171.626875,96,96,0,2150,2501.5,TRUE,3.094346,0.9276617448115632,0.9276617448115634,2.6595418348990605,FALSE,FALSE,ICOS,JPF,v1.3,JPF_JP-Ynf_FLUXNET_2013-2022_v1.3_r1.zip,Z6-dU8nagfkiCVVyjdnFCe5b,1.1634883720930234,FALSE,FALSE,FALSE
KE-Aq1,30,2703.4056,1,4151.182,12,11.330916666666669,4151.182,12,12,0,558,550,FALSE,4.844812903225806,0.6512375511360379,0.6512375511360379,4.91528290909091,FALSE,FALSE,ICOS,FLX,v1.3,FLX_KE-Aq1_FLUXNET_2019-2019_v1.3_r1.zip,i4EXIipasIDWP9d8IyG0XJjN,0.985663082437276,TRUE,FALSE,TRUE
KE-Aq2,30,2703.4056,NA,NA,NA,NA,NA,NA,NA,NA,564,550,FALSE,4.793272340425532,NA,NA,4.91528290909091,TRUE,FALSE,ICOS,FLX,v1.3,FLX_KE-Aq2_FLUXNET_2022-2024_v1.3_r1.zip,QFscsSwywYpuelYVvg63oaJu,0.975177304964539,FALSE,FALSE,TRUE
KE-Chk,30,436.16543333333334,NA,NA,NA,NA,NA,NA,NA,NA,700,500,FALSE,0.6230934761904762,NA,NA,0.8723308666666667,TRUE,FALSE,ICOS,FLX,v1.3,FLX_KE-Chk_FLUXNET_2022-2024_v1.3_r1.zip,NrkrMl1trwC3-wWAgM4sxHvE,0.7142857142857143,FALSE,TRUE,TRUE
KE-Kpt,30,3002.6111666666666,3,4018.044666666666,36,10.986944444444443,4018.044666666666,36,36,0,572,0,FALSE,5.249320221445221,0.7472816794636595,0.7472816794636595,Inf,FALSE,FALSE,ICOS,FLX,v1.3,FLX_KE-Kpt_FLUXNET_2018-2024_v1.3_r1.zip,NIXGBI6SVBOylbOHTxoujI4u,0,FALSE,TRUE,TRUE
KE-Mkt,30,287.7273333333333,2,443.5445,NA,NA,NA,24,0,1,645,450,FALSE,0.44608888888888887,0.6487000364863803,NA,0.639394074074074,TRUE,FALSE,ICOS,FLX,v1.3,FLX_KE-Mkt_FLUXNET_2019-2024_v1.3_r1.zip,-dDx4tGmNR4X0U5IZ1WtSjW_,0.6976744186046512,FALSE,FALSE,TRUE
KH-Kmp,30,6637.125233333333,4,6804.428,48,18.571833333333338,6804.428,48,48,0,1714,1500,TRUE,3.872301769739401,0.975412662656337,0.975412662656337,4.4247501555555555,FALSE,FALSE,ICOS,JPF,v1.3,JPF_KH-Kmp_FLUXNET_2011-2014_v1.3_r1.zip,7HZxy0gTRodMZnmJU6ak4vHi,0.8751458576429405,FALSE,TRUE,TRUE
KR-AdC,30,1130.5096,4,897.817,2,1.007,356.98199999999997,48,2,0.9583333333333334,1166,1191.4,FALSE,0.9695622641509436,1.2591759790692314,3.1668532306951054,0.9488917240221588,TRUE,FALSE,ICOS,KOF,v1.3,KOF_KR-AdC_FLUXNET_2015-2018_v1.3_r1.zip,m5QvlBnkK_hdAFCUpmGPzXTI,1.0217838765008578,FALSE,FALSE,FALSE
KR-CRK,30,1473.6751666666669,6,1291.8723333333332,7,3.220285714285714,1180.688571428571,72,7,0.9027777777777778,1248,1180.9,FALSE,1.1808294604700855,1.140728173088311,1.248148921170294,1.2479254523386116,TRUE,FALSE,ICOS,KOF,v1.3,KOF_KR-CRK_FLUXNET_2015-2021_v1.3_r1.zip,H8OP2ngO7ZJkZ087BV4UNehk,0.9462339743589744,FALSE,FALSE,FALSE
KR-CmF,30,887.1627,8,768.1028749999999,NA,NA,NA,96,0,1,1281,1315.9,FALSE,0.6925548009367681,1.1550050505929952,NA,0.6741870202902955,TRUE,FALSE,ICOS,KOF,v1.3,KOF_KR-CmF_FLUXNET_2012-2019_v1.3_r1.zip,9yCK9zGwG8buI8JKtUWmROLY,1.0272443403590945,FALSE,FALSE,FALSE
KR-GmP,30,1183.7456,4,1222.6915,32,2.4380312500000003,889.718625,48,32,0.33333333333333337,1230,1089.9,FALSE,0.9623947967479676,0.9681474026767996,1.330471866878138,1.0861047802550692,FALSE,FALSE,ICOS,KOF,v1.3,KOF_KR-GmP_FLUXNET_2011-2014_v1.3_r1.zip,0TTeq3pvvIas1NLdD2HMvWMC,0.8860975609756099,FALSE,FALSE,FALSE
KR-GmR,30,855.4794666666667,3,755.7193333333333,1,1.086,403.9920000000001,36,1,0.9722222222222222,1230,1089.9,FALSE,0.6955117615176152,1.1320068561608851,2.1175653643306465,0.7849155580022631,TRUE,FALSE,ICOS,KOF,v1.3,KOF_KR-GmR_FLUXNET_2017-2019_v1.3_r1.zip,Ssyo985v7h7CTmNEtvwTbQsE,0.8860975609756099,FALSE,FALSE,FALSE
KR-GmS,30,1091.9351333333334,3,964.7363333333334,NA,NA,NA,36,0,1,1217,1089.9,FALSE,0.8972351136674884,1.1318482528386855,NA,1.0018672661100407,TRUE,FALSE,ICOS,KOF,v1.3,KOF_KR-GmS_FLUXNET_2017-2019_v1.3_r1.zip,5Kb3vNI8mqBd_eETiy2wuWSK,0.8955628594905506,FALSE,FALSE,FALSE
KR-HPK,30,917.2693,3,920.415,7,2.0365714285714285,744.048,36,7,0.8055555555555556,1301,1282,FALSE,0.7050494235203689,0.9965823025483068,1.2328093080016342,0.7154986739469579,TRUE,FALSE,ICOS,KOF,v1.3,KOF_KR-HPK_FLUXNET_2016-2018_v1.3_r1.zip,zfSFiNxBUci2ScUx6BSMynNA,0.9853958493466565,TRUE,FALSE,FALSE
KR-HcM,30,1108.4790333333333,4,873.89075,NA,NA,NA,48,0,1,1297,1388.9,FALSE,0.8546484451297867,1.2684412019847255,NA,0.7980985192118463,TRUE,FALSE,ICOS,KOF,v1.3,KOF_KR-HcM_FLUXNET_2015-2018_v1.3_r1.zip,j9Kwyg7s5TpieDfvx4qg9WSR,1.0708558211256747,FALSE,FALSE,FALSE
KR-Hnm,30,4536.481366666667,4,4567.523999999999,48,12.487354166666666,4567.524,48,48,0,1307,1282,FALSE,3.4709115276715123,0.9932036189994112,0.9932036189994112,3.5385970098803954,FALSE,FALSE,ICOS,KOF,v1.3,KOF_KR-Hnm_FLUXNET_2016-2019_v1.3_r1.zip,6juxi14AX0CYmbd3rABrd8Qg,0.9808722264728386,TRUE,FALSE,FALSE
KR-JjM,30,3410.1683666666668,4,3586.629,10,9.6218,3519.3576000000003,48,10,0.7916666666666666,1956,1989.6,FALSE,1.7434398602590322,0.9508004219746918,0.9689746693165442,1.7139969675646698,TRUE,FALSE,ICOS,KOF,v1.3,KOF_KR-JjM_FLUXNET_2015-2018_v1.3_r1.zip,Wq4UZR5CnT0upivSDf3D8uUc,1.0171779141104293,TRUE,FALSE,FALSE
KR-Kw1,30,1376.1622666666667,5,1207.864,6,3.843,1414.616,60,6,0.9,1301,1332,FALSE,1.0577726876761466,1.139335443946228,0.9728168398114164,1.0331548548548548,TRUE,FALSE,ICOS,KOF,v1.3,KOF_KR-Kw1_FLUXNET_2016-2020_v1.3_r1.zip,1RvfmPwtVEtfGXXUyFU-U7CT,1.0238278247501922,FALSE,FALSE,FALSE
KR-Kw2,30,1286.2524,5,1144.6056,8,3.52875,1299.5475,60,8,0.8666666666666667,1301,1332,FALSE,0.9886644119907764,1.123751622392901,0.9897694389777978,0.9656549549549548,TRUE,FALSE,ICOS,KOF,v1.3,KOF_KR-Kw2_FLUXNET_2016-2020_v1.3_r1.zip,n2qEvY4a79bHgLKrB0qipAJ_,1.0238278247501922,FALSE,FALSE,FALSE
KR-Nj1,30,4503.488766666666,NA,NA,NA,NA,NA,NA,NA,NA,1306,1310.4,FALSE,3.4483068657478304,NA,NA,3.4367283017908012,TRUE,FALSE,ICOS,KOF,v1.3,KOF_KR-Nj1_FLUXNET_2023-2024_v1.3_r1.zip,ho-3zaqsi4UTaFuVjoKo6tcK,1.0033690658499235,TRUE,FALSE,FALSE
KR-Nj2,30,4503.488766666666,NA,NA,NA,NA,NA,NA,NA,NA,1306,1310.4,FALSE,3.4483068657478304,NA,NA,3.4367283017908012,TRUE,FALSE,ICOS,KOF,v1.3,KOF_KR-Nj2_FLUXNET_2023-2024_v1.3_r1.zip,o9_1GTQfYPO5QensOTM6NVIz,1.0033690658499235,TRUE,FALSE,FALSE
KR-PcD,30,808.1657,4,672.1975,4,1.89925,700.896,48,4,0.9166666666666666,1375,1182.9,FALSE,0.5877568727272727,1.2022741828108554,1.1530465290142904,0.6832071180995857,TRUE,FALSE,ICOS,KOF,v1.3,KOF_KR-PcD_FLUXNET_2015-2018_v1.3_r1.zip,4wKzVD2bJxwyGKiuPS3-bBLW,0.8602909090909091,FALSE,FALSE,FALSE
KR-ScC,30,1278.1100666666666,4,1195.228,8,2.70775,995.5995,48,8,0.8333333333333334,1226,1258.2,FALSE,1.0425041326808049,1.069344147448576,1.2837592492429604,1.0158242462777511,TRUE,FALSE,ICOS,KOF,v1.3,KOF_KR-ScC_FLUXNET_2015-2018_v1.3_r1.zip,6dwzloq1r3LGTyJ3wGCMxk0C,1.0262642740619903,FALSE,FALSE,FALSE
KR-SmM,30,960.8168,6,865.2808333333332,NA,NA,NA,72,0,1,1262,1295.8,FALSE,0.7613445324881141,1.1104103581014642,NA,0.7414854144158048,TRUE,FALSE,ICOS,KOF,v1.3,KOF_KR-SmM_FLUXNET_2015-2021_v1.3_r1.zip,VK7v0BF3ASSyw7wQ9MoSmq5T,1.026782884310618,FALSE,FALSE,FALSE
KR-TwB,30,4529.786033333333,NA,NA,NA,NA,NA,NA,NA,NA,1318,1313,FALSE,3.4368634547293877,NA,NA,3.449951282051282,TRUE,FALSE,ICOS,KOF,v1.3,KOF_KR-TwB_FLUXNET_2024-2024_v1.3_r1.zip,mgAw4w8tckxD-oe0sc6ng63R,0.996206373292868,TRUE,FALSE,FALSE
KR-TwC,30,4529.786033333333,NA,NA,NA,NA,NA,NA,NA,NA,1318,1313,FALSE,3.4368634547293877,NA,NA,3.449951282051282,TRUE,FALSE,ICOS,KOF,v1.3,KOF_KR-TwC_FLUXNET_2024-2024_v1.3_r1.zip,GrvLMNKKbTTAaT6auJyS_xJj,0.996206373292868,TRUE,FALSE,FALSE
KR-UAO,30,941.6040333333332,3,877.0146666666667,5,1.0416,374.3784,36,5,0.8611111111111112,1137,1011.2,FALSE,0.8281477865728525,1.0736468489314508,2.5151131404304663,0.9311748747362868,TRUE,FALSE,ICOS,KOF,v1.3,KOF_KR-UAO_FLUXNET_2017-2019_v1.3_r1.zip,_55n5cfT3PjNVp8hjP7P_GLa,0.8893579595426562,FALSE,FALSE,FALSE
KR-WdE,30,1398.0235666666665,4,1464.688,NA,NA,NA,48,0,1,1490,1531.5,FALSE,0.9382708501118568,0.9544855741746135,NA,0.91284594624006965,TRUE,FALSE,ICOS,KOF,v1.3,KOF_KR-WdE_FLUXNET_2015-2018_v1.3_r1.zip,eX7IFzdl2WPUmwGiAQ3UI6RD,1.0278523489932887,FALSE,FALSE,FALSE
ML-Kem,30,869.8877666666667,3,705.3126666666667,36,1.9148055555555556,705.3126666666667,36,36,0,306,302,FALSE,2.8427704793028323,1.2333363737500815,1.2333363737500815,2.880423068432671,FALSE,FALSE,ICOS,FLX,v1.3,FLX_ML-Kem_FLUXNET_2007-2009_v1.3_r1.zip,L1sLzW4BHbMbHpflq7z4oWu3,0.9869281045751634,TRUE,FALSE,FALSE
MN-Hst,30,1005.7275,6,883.4741666666667,72,2.4059583333333334,883.4741666666666,72,72,0,244,193.6,FALSE,4.121834016393443,1.1383779378570773,1.1383779378570775,5.1948734504132235,FALSE,FALSE,ICOS,JPF,v1.3,JPF_MN-Hst_FLUXNET_2015-2020_v1.3_r1.zip,13XztQKfZ_zocPMte-r5AtGa,0.7934426229508197,FALSE,FALSE,FALSE
MN-Kbu,30,1089.3188666666667,6,930.0415,72,2.535902777777778,930.0415,72,72,0,250,196,FALSE,4.357275466666667,1.1712583434896902,1.1712583434896904,5.5577493197278915,FALSE,FALSE,ICOS,JPF,v1.3,JPF_MN-Kbu_FLUXNET_2003-2008_v1.3_r1.zip,qboNh8q5SAEz1-NZO2ZA_s6V,0.784,FALSE,FALSE,FALSE
MN-Nkh,30,1332.8405,6,1215.1006666666665,72,3.3074166666666667,1215.1006666666667,72,72,0,268,165.7,FALSE,4.973285447761194,1.096897184375945,1.0968971843759447,8.04369643934822,FALSE,FALSE,ICOS,JPF,v1.3,JPF_MN-Nkh_FLUXNET_2015-2020_v1.3_r1.zip,wOMUKsoUO8-izEp_YKLHLZCH,0.6182835820895521,FALSE,FALSE,FALSE
MN-Udg,30,1504.4765,3,1329.1576666666667,36,3.622305555555556,1329.1576666666667,36,36,0,298,230,FALSE,5.048578859060402,1.13190220974537,1.13190220974537,6.541202173913043,FALSE,FALSE,ICOS,JPF,v1.3,JPF_MN-Udg_FLUXNET_2010-2012_v1.3_r1.zip,zPXpxhbjz_GLVPOMGg_bGCuF,0.7718120805369127,FALSE,FALSE,FALSE
MX-Aog,30,788.7901,3,721.52,NA,NA,NA,36,0,1,689,732,FALSE,1.144833236574746,1.093233867391063,NA,1.0775821038251368,TRUE,FALSE,AmeriFlux,AMF,v1.3,AMF_MX-Aog_FLUXNET_2016-2018_v1.3_r1.zip,10.17190/AMF/3027343,1.0624092888243832,FALSE,FALSE,FALSE
MX-PMm,30,4232.0490666666665,2,4241.9925,24,11.587958333333331,4241.9925,24,24,0,1269,1222,FALSE,3.334948043078539,0.9976559521655604,0.9976559521655604,3.4632152755046373,FALSE,FALSE,AmeriFlux,AMF,v1.3,AMF_MX-PMm_FLUXNET_2017-2018_v1.3_r1.zip,10.17190/AMF/3027673,0.9629629629629629,FALSE,FALSE,FALSE
MX-Tes,30,599.7412333333333,5,639.5994,7,0.9314285714285714,340.236,60,7,0.8833333333333333,676,647,FALSE,0.8871911735700196,0.9376826077906472,1.762721267982616,0.9269570839773312,TRUE,FALSE,AmeriFlux,AMF,v1.3,AMF_MX-Tes_FLUXNET_2004-2008_v1.3_r1.zip,10.17190/AMF/1832156,0.9571005917159763,FALSE,FALSE,FALSE
MY-LHP,30,2605.437266666667,11,2728.385181818182,10,6.6634,2430.4716,132,10,0.9242424242424242,3088,2751,FALSE,0.8437296848013818,0.9549374787801832,1.071988360887108,0.9470873379377196,TRUE,FALSE,ICOS,JPF,v1.3,JPF_MY-LHP_FLUXNET_2009-2019_v1.3_r1.zip,ug2smfKpeFuNSWo-g_LKn8R4,0.8908678756476683,FALSE,FALSE,FALSE
NL-Hrw,30,858.1188,10,874.4562999999999,4,3.0335,1092.468,120,4,0.9666666666666668,800,848,FALSE,1.0726485,0.98131696232276,0.7854864398774151,1.0119325471698113,TRUE,FALSE,ICOS,EUF,v1.3,EUF_NL-Hrw_FLUXNET_2001-2010_v1.3_r2.zip,PQYUjF6JlyFnKvHTnv1BfTHn,1.06,FALSE,FALSE,FALSE
NL-Loo,30,1033.0346333333334,24,1096.226375,16,3.7065,1354.227,288,16,0.9444444444444444,826,900,FALSE,1.2506472558514932,0.9423552077310068,0.7628223579454062,1.1478162592592591,FALSE,FALSE,ICOS,ICOS,v1.3,ICOS_NL-Loo_FLUXNET_1997-2025_v1.3_r1.zip,fnq1hhvNLYGhtdiC16YIM0YQ,1.089588377723971,FALSE,TRUE,TRUE
NL-Vkp,30,819.0740333333333,7,825.6927142857143,NA,NA,NA,84,0,1,798,848,FALSE,1.0264085630743525,0.9919840870121924,NA,0.9658891902515724,TRUE,FALSE,ICOS,EUF,v1.3,EUF_NL-Vkp_FLUXNET_2014-2024_v1.3_r1.zip,yIhmJsmZaC0uHAABPhF1WTWL,1.06265664160401,FALSE,FALSE,FALSE
NO-And,30,9318.330766666666,7,8593.799285714285,55,23.558836363636363,8600.359636363635,84,55,0.34523809523809523,1202,1060,TRUE,7.752355047143649,1.0843086342680577,1.0834815241059617,8.790878081761006,FALSE,FALSE,ICOS,EUF,v1.3,EUF_NO-And_FLUXNET_2008-2014_v1.3_r1.zip,KkqfRlPbN-GjF2nQXq4edZ6A,0.8818635607321131,FALSE,FALSE,FALSE
NO-Hur,30,852.9431333333333,NA,NA,NA,NA,NA,NA,NA,NA,765,845,FALSE,1.1149583442265796,NA,NA,1.009400157790927,TRUE,FALSE,ICOS,ICOS,v1.3,ICOS_NO-Hur_FLUXNET_2023-2024_v1.3_r2.zip,CDVyAitBD2Nv07IGEndbf0mk,1.1045751633986929,FALSE,FALSE,FALSE
NO-Ikr,30,2169.2926333333335,2,2374.879,24,6.487625,2374.879,24,24,0,429,417,FALSE,5.056626184926185,0.913432908932764,0.913432908932764,5.202140607513989,FALSE,FALSE,ICOS,EUF,v1.3,EUF_NO-Ikr_FLUXNET_2019-2022_v1.3_r1.zip,8LmO1TBatCif6_LoU8kHEcPy,0.972027972027972,FALSE,FALSE,FALSE
PA-SPn,30,2166.4429666666665,3,2244.8763333333336,8,6.04875,2223.237,36,8,0.7777777777777778,2671,2350,FALSE,0.81109807812305,0.965061163725574,0.9744543504208802,0.9218906241134752,TRUE,FALSE,ICOS,EUF,v1.3,EUF_PA-SPn_FLUXNET_2007-2009_v1.3_r1.zip,S5_n_nsdmDH3A4K0uyIhcfyM,0.8798202920254586,FALSE,FALSE,TRUE
PA-SPs,30,2220.400633333333,4,2387.0805,13,6.695692307692307,2454.183692307692,48,13,0.7291666666666667,2671,2350,FALSE,0.8312993760139772,0.9301741744081664,0.90474101033793,0.9448513333333332,FALSE,FALSE,ICOS,EUF,v1.3,EUF_PA-SPs_FLUXNET_2007-2010_v1.3_r1.zip,IgPrzHJAztMihbt5A6F8ftZP,0.8798202920254586,FALSE,FALSE,TRUE
PR-xGU,30,673.1688333333334,2,706.636,NA,NA,NA,24,0,1,1027,1168,FALSE,0.6554711132749108,0.9526387465871162,NA,0.5763431792237443,TRUE,FALSE,AmeriFlux,AMF,v1.3,AMF_PR-xGU_FLUXNET_2019-2024_v1.3_r1.zip,10.17190/AMF/3365270,1.1372930866601754,FALSE,FALSE,FALSE
PR-xLA,30,964.7648333333332,2,1024.2225,NA,NA,NA,24,0,1,1047,1168,FALSE,0.9214563833174148,0.9419484861280956,NA,0.8259972888127853,TRUE,FALSE,AmeriFlux,AMF,v1.3,AMF_PR-xLA_FLUXNET_2019-2024_v1.3_r1.zip,10.17190/AMF/3010288,1.1155682903533906,FALSE,FALSE,FALSE
RU-Ch2,30,170.49943333333334,7,201.27828571428577,3,0.31533333333333335,116.456,84,3,0.9642857142857144,171,200,FALSE,0.9970727095516568,0.8470830955672837,1.4640674017082276,0.8524971666666668,TRUE,FALSE,ICOS,EUF,v1.3,EUF_RU-Ch2_FLUXNET_2014-2021_v1.3_r1.zip,3xSmQwrTa-Ufn-rKi86qwxkR,1.1695906432748537,FALSE,TRUE,TRUE
RU-Che,30,109.45376666666668,8,118.71375,6,0.19016666666666665,69.22399999999999,96,6,0.9375,171,197,FALSE,0.6400805068226121,0.9219973816568569,1.5811534535228633,0.5556028764805414,TRUE,FALSE,ICOS,EUF,v1.3,EUF_RU-Che_FLUXNET_2013-2021_v1.3_r1.zip,UMw2SbLULWP0FP70WzGnJ08C,1.152046783625731,FALSE,FALSE,FALSE
RU-Ege,30,1349.8303666666666,9,1366.6536666666666,108,3.727046296296297,1366.6536666666666,108,108,0,324,312,FALSE,4.166143106995884,0.9876901511989992,0.9876901511989992,4.32637938034188,FALSE,FALSE,ICOS,JPF,v1.3,JPF_RU-Ege_FLUXNET_2010-2018_v1.3_r1.zip,b5nU8v8vNcUd71xRKtWQdbLl,0.9629629629629629,FALSE,FALSE,FALSE
RU-Fy2,30,585.4687,6,579.4743333333333,4,1.2125,440.091,72,4,0.9444444444444444,695,711,FALSE,0.8424010071942446,1.0103444903800745,1.330335544239714,0.8234440225035162,TRUE,FALSE,ICOS,EUF,v1.3,EUF_RU-Fy2_FLUXNET_2015-2024_v1.3_r1.zip,Vh2pWjfw5HPNZJDA6XfQSvcP,1.023021582733813,FALSE,FALSE,FALSE
RU-Fy3,30,712.9970666666667,3,710.6089999999999,12,1.6438333333333333,600.056,36,12,0.6666666666666667,687,955,FALSE,1.037841436196021,1.0033605916427557,1.1882175441403249,0.7465937870855148,FALSE,FALSE,ICOS,EUF,v1.3,EUF_RU-Fy3_FLUXNET_2016-2018_v1.3_r1.zip,U-mck6ENkctdQRlTnynkSDWV,1.3901018922852983,FALSE,FALSE,FALSE
RU-Fy4,30,452.93016666666665,6,445.09333333333336,11,0.9580909090909092,347.76763636363637,72,11,0.8472222222222222,690,778,FALSE,0.6564205314009661,1.0176071685339405,1.3023930904055407,0.5821724507283633,TRUE,FALSE,ICOS,EUF,v1.3,EUF_RU-Fy4_FLUXNET_2015-2020_v1.3_r1.zip,hItM4WCQqnQ68mQo9OvhTd6F,1.127536231884058,FALSE,FALSE,FALSE
RU-Fyo,30,557.2262666666667,23,552.3423913043479,31,1.3959032258064517,508.8356129032258,276,31,0.8876811594202898,689,711,FALSE,0.8087463957426222,1.0088421157586431,1.0951007605134826,0.7837218940459447,FALSE,FALSE,ICOS,EUF,v1.3,EUF_RU-Fyo_FLUXNET_1998-2024_v1.3_r1.zip,GW1i5FQInU-IW_0iisGVDXW3,1.0319303338171262,FALSE,FALSE,FALSE
RU-NeB,30,1069.2168666666666,2,1152.977,24,3.1450833333333335,1152.977,24,24,0,253,235,FALSE,4.226153623188406,0.9273531620029426,0.9273531620029424,4.5498590070921985,FALSE,FALSE,ICOS,JPF,v1.3,JPF_RU-NeB_FLUXNET_1999-2000_v1.3_r1.zip,62X8tlaZVNU1oh_okQKPco3F,0.9288537549407114,FALSE,FALSE,FALSE
RU-NeC,30,1069.2168666666666,6,1079.1725,72,2.9415416666666667,1079.1725,72,72,0,256,235,FALSE,4.176628385416667,0.9907747525689048,0.9907747525689048,4.5498590070921985,FALSE,FALSE,ICOS,JPF,v1.3,JPF_RU-NeC_FLUXNET_2001-2006_v1.3_r1.zip,BGkXJsSt5UVy1vDEw7Z30_7v,0.91796875,FALSE,FALSE,FALSE
RU-NeF,30,1069.2168666666666,7,1081.135142857143,84,2.946964285714286,1081.135142857143,84,84,0,253,235,FALSE,4.226153623188406,0.9889761457952616,0.9889761457952616,4.5498590070921985,FALSE,FALSE,ICOS,JPF,v1.3,JPF_RU-NeF_FLUXNET_2000-2006_v1.3_r1.zip,MTJpX3fgVsWfWNXaw59q41td,0.9288537549407114,FALSE,FALSE,FALSE
RU-Tur,30,1764.6893,1,1580.553,12,4.308916666666667,1580.553,12,12,0,380,317,FALSE,4.643919210526316,1.116501186610003,1.116501186610003,5.566843217665615,FALSE,FALSE,ICOS,JPF,v1.3,JPF_RU-Tur_FLUXNET_2004-2004_v1.3_r1.zip,Rd4_p0MUa-ttK6FzOMLontdl,0.8342105263157895,FALSE,FALSE,FALSE
SD-Dem,30,320.2158,3,287.58799999999997,1,1.612,580.3199999999999,36,1,0.9722222222222222,291,320,FALSE,1.1003979381443298,1.1134532734328275,0.5517917700578991,1.000674375,TRUE,FALSE,ICOS,EUF,v1.3,EUF_SD-Dem_FLUXNET_2007-2009_v1.3_r1.zip,fVuGjYQ3WMlneX1PCnbxiEaR,1.0996563573883162,FALSE,FALSE,FALSE
SE-Deg,30,551.8517,2,631.9875,18,1.5001666666666666,548.23,24,18,0.25,608,523,FALSE,0.9076508223684212,0.8732003401966021,1.0066061689436916,1.0551657743785852,FALSE,FALSE,ICOS,ICOS,v1.3,ICOS_SE-Deg_FLUXNET_2019-2024_v1.3_r1.zip,IiyJGdmPkDhdItxg1_8lgLFp,0.8601973684210527,FALSE,FALSE,FALSE
SE-HfM,30,453.6553,1,704.154,3,1.1186666666666667,405.992,12,3,0.75,635,645,FALSE,0.7144177952755906,0.6442558019978585,1.1173996039330825,0.7033415503875969,TRUE,FALSE,ICOS,EUF,v1.3,EUF_SE-HfM_FLUXNET_2020-2023_v1.3_r1.zip,d2E6mfPz9El6AVmc8bV_2xnA,1.015748031496063,TRUE,FALSE,FALSE
SE-Hmr,30,543.2816666666666,1,697.4530000000001,3,1.3396666666666668,486.196,12,3,0.75,635,645,FALSE,0.8555616797900262,0.77895093528405,1.1174128677872024,0.8422971576227389,TRUE,FALSE,ICOS,EUF,v1.3,EUF_SE-Hmr_FLUXNET_2020-2023_v1.3_r1.zip,Z3YbTS2DrdSQ0M2ee0yvjl1R,1.015748031496063,TRUE,FALSE,FALSE
SE-Htm,30,866.0847,3,824.5733333333333,3,1.983,725.424,36,3,0.9166666666666666,864,707,FALSE,1.0024128472222222,1.0503428439758744,1.1939013597565011,1.225013719943423,TRUE,FALSE,ICOS,ICOS,v1.3,ICOS_SE-Htm_FLUXNET_2018-2024_v1.3_r1.zip,8hMY0lY7kERIfokXkEpev-03,0.8182870370370371,FALSE,FALSE,FALSE
SE-Nor,30,544.4536666666667,3,587.1926666666667,13,1.3922307692307692,510.1707692307692,36,13,0.6388888888888888,599,586,FALSE,0.908937673900946,0.927214690465026,1.06719886654343,0.9291018202502844,FALSE,FALSE,ICOS,ICOS,v1.3,ICOS_SE-Nor_FLUXNET_2018-2024_v1.3_r1.zip,TQJ13O19n72qJ3MoGHnXCdRB,0.9782971619365609,FALSE,FALSE,FALSE
SE-Srj,30,512.0480333333334,1,694.284,3,1.2626666666666666,458.2480000000001,12,3,0.75,608,645,FALSE,0.8421842653508772,0.7375195645201867,1.1174037493526068,0.7938729198966409,TRUE,FALSE,ICOS,EUF,v1.3,EUF_SE-Srj_FLUXNET_2020-2023_v1.3_r1.zip,SYMcSsHs0Hu8XkbwZd8W8lg7,1.0608552631578947,FALSE,FALSE,FALSE
SE-St1,30,205.1934,8,215.461375,26,0.5497307692307692,200.90492307692307,96,26,0.7291666666666667,379,303.3,FALSE,0.5414073878627969,0.9523442426745862,1.0213458030664333,0.676536102868447,FALSE,FALSE,ICOS,EUF,v1.3,EUF_SE-St1_FLUXNET_2012-2019_v1.3_r1.zip,QnQ0hNAqbtj_erSyXrx7UQOl,0.8002638522427441,FALSE,FALSE,FALSE
SE-Sto,30,390.507,NA,NA,NA,NA,NA,NA,NA,NA,379,332,FALSE,1.0303614775725594,NA,NA,1.1762259036144578,TRUE,FALSE,ICOS,ICOS,v1.3,ICOS_SE-Sto_FLUXNET_2022-2024_v1.3_r1.zip,gROMoDY5jMLhMTRejjKXtC-s,0.8759894459102903,FALSE,FALSE,FALSE
SE-Svb,30,571.2178333333334,7,568.9691428571429,9,1.778,651.0946666666667,84,9,0.8928571428571429,622,614,FALSE,0.9183566452304396,1.0039522186825431,0.8773191712009109,0.93032220412595,TRUE,FALSE,ICOS,ICOS,v1.3,ICOS_SE-Svb_FLUXNET_2014-2025_v1.3_r1.zip,6APPPkAwbCF69Dx4gIGfRo8j,0.9871382636655949,TRUE,FALSE,FALSE
SE-Trb,30,2565.8849,NA,NA,NA,NA,NA,NA,NA,NA,630,635,FALSE,4.072833174603175,NA,NA,4.040763622047244,TRUE,FALSE,ICOS,EUF,v1.3,EUF_SE-Trb_FLUXNET_2021-2023_v1.3_r1.zip,zZioWvKJVU9_vq3xFG9pr7F7,1.007936507936508,TRUE,FALSE,FALSE
SN-Dhr,30,379.9324,11,377.1026363636363,35,0.5195142857142857,189.84240000000003,132,35,0.7348484848484849,387,416,FALSE,0.9817374677002584,1.0075039614245362,2.001304239727268,0.9132990384615384,FALSE,FALSE,ICOS,EUF,v1.3,EUF_SN-Dhr_FLUXNET_2010-2022_v1.3_r1.zip,KdzlABR5BBUtxi1T7yzDK4_Z,1.074935400516796,FALSE,FALSE,FALSE
SN-Nkr,30,570.6594,3,522.7606666666667,1,0.001,0.372,36,1,0.9722222222222222,529,584.7,FALSE,1.0787512287334593,1.0916265059472725,1534.0306451612903,0.9759866598255516,TRUE,FALSE,ICOS,EUF,v1.3,EUF_SN-Nkr_FLUXNET_2018-2024_v1.3_r1.zip,X5l5NTHw0ymH6hudWtJMskZe,1.1052930056710777,FALSE,FALSE,FALSE
TH-Kog,30,1857.194433333333,9,1890.973888888889,10,3.5796,1310.7012,108,10,0.9074074074074074,1104,1756,FALSE,1.6822413345410627,0.9821364770005344,1.4169472289590743,1.057627809415338,TRUE,FALSE,ICOS,JPF,v1.3,JPF_TH-Kog_FLUXNET_2005-2013_v1.3_r1.zip,UeiwpE7b8yxM3HJis9B-clmg,1.5905797101449275,FALSE,FALSE,FALSE
TH-Mae,30,1320.5501,12,1324.4561666666666,21,3.876619047619048,1423.1914285714286,144,21,0.8541666666666666,1122,1448,FALSE,1.1769608734402852,0.9970508146928732,0.927879464061656,0.9119821132596684,FALSE,FALSE,ICOS,JPF,v1.3,JPF_TH-Mae_FLUXNET_2005-2016_v1.3_r1.zip,xAfMteUmc_R9X2IXVuuRkSa3,1.2905525846702317,FALSE,FALSE,FALSE
UK-AMo,30,1007.6969,18,1034.5278888888888,10,2.642,965.0964,216,10,0.9537037037037036,843,960,FALSE,1.195369988137604,0.9740645088672224,1.0441411863105077,1.0496842708333334,TRUE,FALSE,ICOS,ICOS,v1.3,ICOS_UK-AMo_FLUXNET_2003-2024_v1.3_r1.zip,bUNge2BcADhYDR1h9NHDXbem,1.1387900355871887,FALSE,FALSE,FALSE
UK-Ags,30,1259.5997666666667,NA,NA,NA,NA,NA,NA,NA,NA,984,1301,FALSE,1.280081063685637,NA,NA,0.968178145016654,TRUE,FALSE,ICOS,EUF,v1.3,EUF_UK-Ags_FLUXNET_2023-2024_v1.3_r1.zip,84y7MrbQ3ZSBKr4Kv-0_fdiY,1.3221544715447155,FALSE,FALSE,FALSE
UK-BnB,30,1000.1563666666668,NA,NA,NA,NA,NA,NA,NA,NA,1138,1263.7,FALSE,0.8788720269478618,NA,NA,0.7914507926459339,TRUE,FALSE,ICOS,EUF,v1.3,EUF_UK-BnB_FLUXNET_2021-2024_v1.3_r1.zip,QBlY2INal0mc2mRsgN9Wr_CV,1.110456942003515,FALSE,FALSE,FALSE
UK-CCr,30,1243.8746,NA,NA,NA,NA,NA,NA,NA,NA,1482,1552,FALSE,0.8393215924426451,NA,NA,0.8014655927835053,TRUE,FALSE,ICOS,EUF,v1.3,EUF_UK-CCr_FLUXNET_2022-2024_v1.3_r1.zip,LrO8fItItMas7E62Hm_A032I,1.0472334682860998,FALSE,FALSE,FALSE
UK-Cvn,30,611.6592,NA,NA,NA,NA,NA,NA,NA,NA,551,833.4,FALSE,1.1100892921960073,NA,NA,0.733932325413967,TRUE,FALSE,ICOS,EUF,v1.3,EUF_UK-Cvn_FLUXNET_2023-2024_v1.3_r1.zip,37X3GrWRM7AEcdIt8WRasg1l,1.5125226860254084,FALSE,FALSE,FALSE
UK-GaB,30,979.9505333333332,NA,NA,NA,NA,NA,NA,NA,NA,1170,1502,FALSE,0.8375645584045583,NA,NA,0.6524304482911673,TRUE,FALSE,ICOS,EUF,v1.3,EUF_UK-GaB_FLUXNET_2022-2024_v1.3_r1.zip,3ur3ylHM5TMBuyVRXci8ohT_,1.2837606837606839,FALSE,FALSE,FALSE
UK-Gnn,30,1232.0132333333331,NA,NA,NA,NA,NA,NA,NA,NA,1449,1389,FALSE,0.8502506786289395,NA,NA,0.8869785697144229,TRUE,FALSE,ICOS,EUF,v1.3,EUF_UK-Gnn_FLUXNET_2022-2024_v1.3_r1.zip,rr5GFzsDarjbHdARWXryBopk,0.9585921325051759,FALSE,FALSE,FALSE
UK-Gwr,30,1531.2825666666663,NA,NA,NA,NA,NA,NA,NA,NA,1278,1274.5,FALSE,1.1981866718831506,NA,NA,1.201477102131555,TRUE,FALSE,ICOS,EUF,v1.3,EUF_UK-Gwr_FLUXNET_2022-2024_v1.3_r1.zip,kdw13mqVIM_fuCSUoFjwLTBX,0.9972613458528952,TRUE,FALSE,FALSE
UK-HgF,30,608.0013666666666,NA,NA,NA,NA,NA,NA,NA,NA,616,860.12,FALSE,0.9870152056277056,NA,NA,0.7068796989567346,TRUE,FALSE,ICOS,EUF,v1.3,EUF_UK-HgF_FLUXNET_2023-2024_v1.3_r1.zip,0bh_V0qcsU1jVRdLmTN38MrV,1.3962987012987014,FALSE,FALSE,FALSE
UK-HpF,30,624.1721333333332,NA,NA,NA,NA,NA,NA,NA,NA,581,832.4,FALSE,1.0743065978198507,NA,NA,0.749846387954509,TRUE,FALSE,ICOS,EUF,v1.3,EUF_UK-HpF_FLUXNET_2023-2024_v1.3_r1.zip,9XNveiBJ_2A4uYC0hHFDy3RS,1.4327022375215146,FALSE,FALSE,FALSE
US-A03,30,904.299,6,1018.0738333333334,72,2.7832916666666665,1018.0738333333334,72,72,0,146,115.1,FALSE,6.1938287671232874,0.8882450077703925,0.8882450077703925,7.856637706342311,FALSE,FALSE,AmeriFlux,AMF,v1.3,AMF_US-A03_FLUXNET_2015-2021_v1.3_r1.zip,10.17190/AMF/3365269,0.7883561643835616,FALSE,FALSE,FALSE
US-A10,30,914.8648666666668,10,997.0671,120,2.724858333333333,997.0671,120,120,0,107,115.1,FALSE,8.550138940809969,0.9175559665609936,0.9175559665609936,7.948434984071822,FALSE,FALSE,AmeriFlux,AMF,v1.3,AMF_US-A10_FLUXNET_2011-2022_v1.3_r1.zip,10.17190/AMF/3025776,1.0757009345794393,FALSE,FALSE,FALSE
US-A32,30,796.7446,3,824.0236666666667,12,2.21275,813.81,36,12,0.6666666666666667,816,889,FALSE,0.9764026960784312,0.9668952873926356,0.9790302404738208,0.8962256467941507,FALSE,FALSE,AmeriFlux,AMF,v1.3,AMF_US-A32_FLUXNET_2015-2017_v1.3_r1.zip,10.17190/AMF/1881568,1.0894607843137254,FALSE,FALSE,FALSE
US-A39,30,28.21343333333333,NA,NA,NA,NA,NA,NA,NA,NA,999,965,FALSE,0.02824167500834167,NA,NA,0.02923671848013816,TRUE,FALSE,AmeriFlux,AMF,v1.3,AMF_US-A39_FLUXNET_2024-2024_v1.3_r1.zip,10.17190/AMF/2571116,0.965965965965966,FALSE,FALSE,FALSE
US-A74,30,334.8814,2,340.7205,3,0.18033333333333332,65.92,24,3,0.875,823,889,FALSE,0.4069032806804374,0.982862492864386,5.080118325242718,0.3766944881889764,TRUE,FALSE,AmeriFlux,AMF,v1.3,AMF_US-A74_FLUXNET_2016-2017_v1.3_r1.zip,10.17190/AMF/2006963,1.080194410692588,FALSE,FALSE,FALSE
US-ABa,30,1163.3433,3,1115.6509999999998,6,3.5865,1299.714,36,6,0.8333333333333334,1206,1371,FALSE,0.9646296019900498,1.0427484042948916,0.8950763783416967,0.8485363238512035,TRUE,FALSE,AmeriFlux,AMF,v1.3,AMF_US-ABa_FLUXNET_2013-2015_v1.3_r1.zip,10.17190/AMF/3365279,1.13681592039801,FALSE,FALSE,FALSE
US-ABb,30,1387.2422333333334,3,1330.363,6,4.276666666666666,1549.8200000000002,36,6,0.8333333333333334,1206,1371,FALSE,1.1502837755666115,1.042754671719924,0.8950989362205503,1.011846997325553,TRUE,FALSE,AmeriFlux,AMF,v1.3,AMF_US-ABb_FLUXNET_2013-2015_v1.3_r1.zip,10.17190/AMF/3365280,1.13681592039801,FALSE,FALSE,FALSE
US-ABc,30,1262.7893333333334,3,1211.1413333333337,7,3.759142857142857,1366.3337142857142,36,7,0.8055555555555556,1206,1371,FALSE,1.0470889994472083,1.0426440734689923,0.9242173563677952,0.9210717238025772,TRUE,FALSE,AmeriFlux,AMF,v1.3,AMF_US-ABc_FLUXNET_2013-2015_v1.3_r1.zip,10.17190/AMF/3365281,1.13681592039801,FALSE,FALSE,FALSE
US-ABd,30,1254.9155,3,1203.4493333333337,6,3.868833333333334,1402.03,36,6,0.8333333333333334,1213,1371,FALSE,1.0345552349546578,1.0427655450388715,0.8950703622604367,0.9153285922684172,TRUE,FALSE,AmeriFlux,AMF,v1.3,AMF_US-ABd_FLUXNET_2013-2015_v1.3_r1.zip,10.17190/AMF/3365282,1.1302555647155812,FALSE,FALSE,FALSE
US-ABe,30,4224.1391,3,4050.997333333333,36,11.107694444444444,4050.9973333333337,36,36,0,1219,1371,FALSE,3.4652494667760463,1.0427405284229596,1.0427405284229596,3.081064259664479,FALSE,FALSE,AmeriFlux,AMF,v1.3,AMF_US-ABe_FLUXNET_2013-2015_v1.3_r1.zip,10.17190/AMF/3365278,1.1246923707957341,FALSE,FALSE,FALSE
US-ADR,30,137.15643333333333,7,99.77128571428572,18,0.24861111111111112,91.138,84,18,0.7857142857142857,108,110,FALSE,1.269966975308642,1.3747084880323903,1.5049313495285537,1.2468766666666666,FALSE,FALSE,AmeriFlux,AMF,v1.3,AMF_US-ADR_FLUXNET_2011-2017_v1.3_r1.zip,10.17190/AMF/3027322,1.0185185185185186,TRUE,FALSE,FALSE
US-ARM,30,633.0905666666666,18,642.5177222222222,14,1.8102142857142856,664.0362857142858,216,14,0.9351851851851852,859,843,FALSE,0.7370088086922778,0.9853277890562292,0.9533975481259556,0.7509971134835903,FALSE,FALSE,AmeriFlux,AMF,v1.3,AMF_US-ARM_FLUXNET_2003-2025_v1.3_r1.zip,10.17190/AMF/1854366,0.9813736903376019,TRUE,FALSE,FALSE
US-ASH,30,1028.2872666666667,1,1008.97,12,2.7296666666666667,1008.97,12,12,0,175,210,FALSE,5.8759272380952385,1.0191455312513422,1.0191455312513422,4.896606031746032,FALSE,FALSE,AmeriFlux,AMF,v1.3,AMF_US-ASH_FLUXNET_2016-2016_v1.3_r1.zip,10.17190/AMF/2469443,1.2,FALSE,FALSE,FALSE
US-ASM,30,1028.2872666666667,1,1008.97,12,2.7296666666666667,1008.97,12,12,0,175,210,FALSE,5.8759272380952385,1.0191455312513422,1.0191455312513422,4.896606031746032,FALSE,FALSE,AmeriFlux,AMF,v1.3,AMF_US-ASM_FLUXNET_2016-2016_v1.3_r1.zip,10.17190/AMF/2469444,1.2,FALSE,FALSE,FALSE
US-Aud,30,411.84526666666665,19,386.7595789473684,5,0.2516,88.9032,228,5,0.9780701754385964,462,438.35,FALSE,0.8914399711399711,1.0648611930635905,4.63251341534013,0.93953522679746,TRUE,FALSE,AmeriFlux,AMF,v1.3,AMF_US-Aud_FLUXNET_2002-2024_v1.3_r1.zip,10.17190/AMF/3365264,0.9488095238095239,FALSE,FALSE,FALSE
US-BRG,30,4220.8321,4,4770.3625,47,13.16927659574468,4801.646553191489,48,47,0.02083333333333337,1103,1200,FALSE,3.826683680870353,0.8848032198810886,0.8790384825793889,3.517360083333333,FALSE,FALSE,AmeriFlux,AMF,v1.3,AMF_US-BRG_FLUXNET_2017-2020_v1.3_r1.zip,10.17190/AMF/2006970,1.087941976427924,FALSE,TRUE,TRUE
US-BZB,30,232.5947,10,264.8623,12,0.5565833333333333,203.40499999999997,120,12,0.9,294,274,FALSE,0.7911384353741497,0.8781721671978232,1.1435053218947422,0.8488857664233578,FALSE,FALSE,AmeriFlux,AMF,v1.3,AMF_US-BZB_FLUXNET_2011-2025_v1.3_r1.zip,10.17190/AMF/1881569,0.9319727891156463,FALSE,FALSE,FALSE
US-BZF,30,220.65093333333337,10,261.17650000000003,16,0.4525,164.34375,120,16,0.8666666666666667,294,274,FALSE,0.7505133786848073,0.8448345595156276,1.3426183431577614,0.8052953771289538,FALSE,FALSE,AmeriFlux,AMF,v1.3,AMF_US-BZF_FLUXNET_2011-2025_v1.3_r1.zip,10.17190/AMF/1881570,0.9319727891156463,FALSE,FALSE,FALSE
US-BZo,30,158.46103333333335,3,357.55100000000004,3,0.363,128.196,36,3,0.9166666666666666,294,274,FALSE,0.5389831065759637,0.44318442217567094,1.2360840691857262,0.5783249391727494,TRUE,FALSE,AmeriFlux,AMF,v1.3,AMF_US-BZo_FLUXNET_2018-2025_v1.3_r1.zip,10.17190/AMF/1881571,0.9319727891156463,FALSE,FALSE,FALSE
US-Bar,30,1160.2874,17,1207.9295882352942,3,1.2186666666666666,442.64,204,3,0.9852941176470588,1233,1245.77,FALSE,0.9410278994322788,0.9605588035103136,2.6212890836797396,0.9313817157260168,TRUE,FALSE,AmeriFlux,AMF,v1.3,AMF_US-Bar_FLUXNET_2004-2023_v1.3_r1.zip,10.17190/AMF/2006969,1.0103568532035685,TRUE,FALSE,FALSE
US-Bi1,30,362.50073333333336,5,380.6626,7,1.3407142857142855,495.7011428571428,60,7,0.8833333333333333,386,338,FALSE,0.9391210708117445,0.9522888072884842,0.73128887951304,1.0724873767258385,TRUE,FALSE,AmeriFlux,AMF,v1.3,AMF_US-Bi1_FLUXNET_2016-2024_v1.3_r1.zip,10.17190/AMF/1871134,0.8756476683937824,FALSE,FALSE,FALSE
US-Bi2,30,323.395,4,351.5065,3,4.060333333333333,1449.868,48,3,0.9375,379,338,FALSE,0.8532849604221635,0.9200256609763972,0.2230513398461101,0.9567899408284024,TRUE,FALSE,AmeriFlux,AMF,v1.3,AMF_US-Bi2_FLUXNET_2017-2025_v1.3_r1.zip,10.17190/AMF/1871135,0.8918205804749341,FALSE,FALSE,FALSE
US-CF1,30,8.998866666666666,4,15.766999999999998,4,0.04775,17.133,48,4,0.9166666666666666,611,550,FALSE,0.01472809601745771,0.570740576309169,0.5252358995311193,0.01636157575757575,TRUE,FALSE,AmeriFlux,AMF,v1.3,AMF_US-CF1_FLUXNET_2017-2021_v1.3_r1.zip,10.17190/AMF/1832158,0.900163666121113,FALSE,FALSE,TRUE
US-CF2,30,14.574033333333333,4,19.46675,4,0.07725,27.723,48,4,0.9166666666666666,583,550,FALSE,0.02499834190966266,0.7486628909978982,0.5257018841154757,0.02649824242424242,TRUE,FALSE,AmeriFlux,AMF,v1.3,AMF_US-CF2_FLUXNET_2017-2020_v1.3_r1.zip,10.17190/AMF/1881573,0.9433962264150944,FALSE,FALSE,TRUE
US-CF3,30,15.796166666666666,4,24.1615,6,0.07616666666666666,27.607999999999997,48,6,0.875,559,550,FALSE,0.02825790101371496,0.6537742551855914,0.5721590360282044,0.02872030303030303,TRUE,FALSE,AmeriFlux,AMF,v1.3,AMF_US-CF3_FLUXNET_2017-2021_v1.3_r1.zip,10.17190/AMF/1881574,0.9838998211091234,TRUE,FALSE,TRUE
US-CF4,30,23.586,4,32.04925,6,0.114,41.318,48,6,0.875,559,550,FALSE,0.04219320214669052,0.7359298579529943,0.5708407957790794,0.04288363636363637,TRUE,FALSE,AmeriFlux,AMF,v1.3,AMF_US-CF4_FLUXNET_2017-2021_v1.3_r1.zip,10.17190/AMF/1881575,0.9838998211091234,TRUE,FALSE,TRUE
US-CGG,30,525.0985333333333,2,434.00249999999994,6,3.3150000000000004,1183.06,24,6,0.75,507,419,FALSE,1.0356973044049966,1.20989748522954,0.44384776201826903,1.2532184566428002,TRUE,FALSE,AmeriFlux,AMF,v1.3,AMF_US-CGG_FLUXNET_2019-2024_v1.3_r1.zip,10.17190/AMF/2469446,0.8264299802761341,FALSE,FALSE,FALSE
US-CLF,30,603.9065333333333,4,686.4925000000001,6,1.6151666666666666,587.474,48,6,0.875,980,1050,FALSE,0.616231156462585,0.8796986614323292,1.0279715073915328,0.5751490793650793,TRUE,FALSE,AmeriFlux,AMF,v1.3,AMF_US-CLF_FLUXNET_2017-2020_v1.3_r1.zip,10.17190/AMF/3027355,1.0714285714285714,FALSE,FALSE,TRUE
US-CMW,30,278.78473333333335,20,260.24525,NA,NA,NA,240,0,1,352,288,FALSE,0.7920020833333333,1.0712385080355291,NA,0.9680025462962965,TRUE,FALSE,AmeriFlux,AMF,v1.3,AMF_US-CMW_FLUXNET_2001-2021_v1.3_r1.zip,10.17190/AMF/3028957,0.8181818181818182,FALSE,FALSE,FALSE
US-CRK,30,1013.1134333333332,NA,NA,NA,NA,NA,NA,NA,NA,1080,1148,FALSE,0.9380679938271604,NA,NA,0.8825029907084785,TRUE,FALSE,AmeriFlux,AMF,v1.3,AMF_US-CRK_FLUXNET_2022-2025_v1.3_r1.zip,10.17190/AMF/2571140,1.0629629629629629,FALSE,FALSE,FALSE
US-CRT,30,768.9276,3,810.9999999999999,NA,NA,NA,36,0,1,854,849,FALSE,0.900383606557377,0.94812281134402,NA,0.905686219081272,TRUE,FALSE,AmeriFlux,AMF,v1.3,AMF_US-CRT_FLUXNET_2011-2013_v1.3_r1.zip,10.17190/AMF/2006974,0.9941451990632318,TRUE,FALSE,FALSE
US-CS1,30,721.6422,2,898.6875,14,2.404357142857143,878.6305714285714,24,14,0.41666666666666663,808,830,FALSE,0.8931215346534653,0.8029957020655122,0.8213260765860639,0.8694484337349397,FALSE,FALSE,AmeriFlux,AMF,v1.3,AMF_US-CS1_FLUXNET_2018-2019_v1.3_r1.zip,10.17190/AMF/1881576,1.0272277227722773,FALSE,FALSE,FALSE
US-CS2,30,3231.0546666666664,3,3884.349,36,10.632722222222222,3884.349,36,36,0,809,830,FALSE,3.99388710341986,0.8318136878706487,0.8318136878706488,3.892836947791164,FALSE,FALSE,AmeriFlux,AMF,v1.3,AMF_US-CS2_FLUXNET_2018-2022_v1.3_r1.zip,10.17190/AMF/1881577,1.0259579728059331,FALSE,FALSE,FALSE
US-CS3,30,994.6649666666668,2,1220.1515,11,3.220727272727273,1169.0367272727271,24,11,0.5416666666666667,814,830,FALSE,1.2219471334971337,0.8151979214602996,0.850841503489068,1.1983915261044178,TRUE,FALSE,AmeriFlux,AMF,v1.3,AMF_US-CS3_FLUXNET_2019-2020_v1.3_r1.zip,10.17190/AMF/1881578,1.0196560196560196,TRUE,FALSE,FALSE
US-CS4,30,909.2061,1,1103.3049999999998,3,1.9323333333333332,711.396,12,3,0.75,814,830,FALSE,1.1169608108108109,0.824075029117062,1.278059055715804,1.0954290361445782,TRUE,FALSE,AmeriFlux,AMF,v1.3,AMF_US-CS4_FLUXNET_2020-2021_v1.3_r1.zip,10.17190/AMF/1881579,1.0196560196560196,TRUE,FALSE,FALSE
US-CS5,30,1516.8692999999998,NA,NA,NA,NA,NA,NA,NA,NA,808,830,FALSE,1.8773134900990096,NA,NA,1.8275533734939755,TRUE,FALSE,AmeriFlux,AMF,v1.3,AMF_US-CS5_FLUXNET_2021-2021_v1.3_r1.zip,10.17190/AMF/2469447,1.0272277227722773,FALSE,FALSE,FALSE
US-CS6,30,829.1552333333333,NA,NA,NA,NA,NA,NA,NA,NA,818,830,FALSE,1.0136372045639772,NA,NA,0.9989822088353412,TRUE,FALSE,AmeriFlux,AMF,v1.3,AMF_US-CS6_FLUXNET_2022-2023_v1.3_r1.zip,10.17190/AMF/2469448,1.0146699266503667,TRUE,FALSE,FALSE
US-CS8,30,1571.122,NA,NA,NA,NA,NA,NA,NA,NA,822,830,FALSE,1.9113406326034064,NA,NA,1.8929180722891568,TRUE,FALSE,AmeriFlux,AMF,v1.3,AMF_US-CS8_FLUXNET_2023-2023_v1.3_r1.zip,10.17190/AMF/2469449,1.0097323600973236,TRUE,FALSE,FALSE
US-CdM,30,175.45656666666667,2,188.771,5,1.167,419.1912,24,5,0.7916666666666666,297,348,FALSE,0.5907628507295174,0.929467803140666,0.4185597566615585,0.5041855363984674,TRUE,FALSE,AmeriFlux,AMF,v1.3,AMF_US-CdM_FLUXNET_2019-2024_v1.3_r1.zip,10.17190/AMF/2469445,1.1717171717171717,FALSE,FALSE,FALSE
US-Ced,30,1220.0666,10,1206.483,6,3.0458333333333334,1104.586,120,6,0.95,1147,1138,FALSE,1.06370235396687,1.011258840779356,1.104546499774576,1.0721147627416518,TRUE,FALSE,AmeriFlux,AMF,v1.3,AMF_US-Ced_FLUXNET_2005-2014_v1.3_r1.zip,10.17190/AMF/2006971,0.992153443766347,TRUE,FALSE,FALSE
US-ChR,30,1399.8499,14,1391.7892857142856,NA,NA,NA,168,0,1,1241,1358.85,FALSE,1.1280015310233682,1.005791547879015,NA,1.030172498804136,TRUE,FALSE,AmeriFlux,AMF,v1.3,AMF_US-ChR_FLUXNET_2006-2019_v1.3_r1.zip,10.17190/AMF/3027315,1.0949637389202256,FALSE,FALSE,FALSE
US-Cms,30,77.05356666666667,7,71.47457142857144,31,0.15848387096774194,58.01264516129032,84,31,0.6309523809523809,107,274,FALSE,0.7201267912772585,1.078055665484761,1.3282201915192386,0.28121739659367395,FALSE,FALSE,AmeriFlux,AMF,v1.3,AMF_US-Cms_FLUXNET_1999-2005_v1.3_r1.zip,10.17190/AMF/2571114,2.560747663551402,FALSE,FALSE,FALSE
US-Cst,30,1141.0507666666667,5,1101.0608,25,2.79056,1021.55376,60,25,0.5833333333333333,1409,1410,FALSE,0.8098302105512184,1.0363194899561103,1.1169757396484612,0.8092558628841608,FALSE,FALSE,AmeriFlux,AMF,v1.3,AMF_US-Cst_FLUXNET_2013-2017_v1.3_r1.zip,10.17190/AMF/2469450,1.000709723207949,TRUE,FALSE,FALSE
US-Cwt,30,5593.431333333333,10,5811.3154,120,15.919866666666667,5811.3153999999995,120,120,0,1808,1800,TRUE,3.093712020648967,0.9625069280069246,0.9625069280069248,3.1074618518518515,FALSE,FALSE,AmeriFlux,AMF,v1.3,AMF_US-Cwt_FLUXNET_2011-2024_v1.3_r1.zip,10.17190/AMF/3027331,0.995575221238938,TRUE,TRUE,TRUE
US-DFC,30,745.6671,3,951.84,11,2.879909090909091,1050.756,36,11,0.6944444444444444,799,787,FALSE,0.9332504380475596,0.7833954236006052,0.7096481961559106,0.9474804320203304,TRUE,FALSE,AmeriFlux,AMF,v1.3,AMF_US-DFC_FLUXNET_2018-2024_v1.3_r1.zip,10.17190/AMF/2006975,0.9849812265331664,TRUE,FALSE,FALSE
US-DFK,30,3277.5183666666667,3,4042.7933333333335,36,11.068888888888887,4042.793333333333,36,36,0,799,787,FALSE,4.102025490196079,0.8107063845295085,0.8107063845295085,4.164572257518,FALSE,FALSE,AmeriFlux,AMF,v1.3,AMF_US-DFK_FLUXNET_2018-2020_v1.3_r1.zip,10.17190/AMF/2571122,0.9849812265331664,TRUE,FALSE,FALSE
US-DPW,30,3911.317466666667,4,3937.304,48,10.781,3937.304,48,48,0,1223,1142,FALSE,3.1981336603979287,0.9933999169651788,0.9933999169651788,3.424971511967309,FALSE,FALSE,AmeriFlux,AMF,v1.3,AMF_US-DPW_FLUXNET_2013-2016_v1.3_r1.zip,10.17190/AMF/2571121,0.9337694194603434,FALSE,FALSE,FALSE
US-DS1,30,1578.2313333333334,2,1851.09,6,5.083,1871.432,24,6,0.75,392,432,FALSE,4.026100340136055,0.8525956778618723,0.8433281750730636,3.6533132716049384,TRUE,FALSE,AmeriFlux,AMF,v1.3,AMF_US-DS1_FLUXNET_2018-2019_v1.3_r1.zip,10.17190/AMF/2571132,1.1020408163265305,FALSE,FALSE,FALSE
US-DS2,30,1542.8013666666666,1,661.097,2,1.5395,572.418,12,2,0.8333333333333334,392,432,FALSE,3.935717772108843,2.3336989377756465,2.6952355912404338,3.571299459876543,TRUE,FALSE,AmeriFlux,AMF,v1.3,AMF_US-DS2_FLUXNET_2020-2023_v1.3_r1.zip,10.17190/AMF/2571148,1.1020408163265305,FALSE,FALSE,FALSE
US-DS3,30,419.11136666666664,NA,NA,NA,NA,NA,NA,NA,NA,373,432,FALSE,1.123622966934763,NA,NA,0.9701652006172838,TRUE,FALSE,AmeriFlux,AMF,v1.3,AMF_US-DS3_FLUXNET_2021-2025_v1.3_r1.zip,10.17190/AMF/2229376,1.158176943699732,FALSE,FALSE,FALSE
US-Dix,30,1139.0100666666667,4,1139.296,NA,NA,NA,48,0,1,1153,1126.63,FALSE,0.987866493206129,0.999749026299282,NA,1.0109885824686602,TRUE,FALSE,AmeriFlux,AMF,v1.3,AMF_US-Dix_FLUXNET_2005-2008_v1.3_r1.zip,10.17190/AMF/2007168,0.9771292281006072,FALSE,FALSE,FALSE
US-Dk1,30,1138.042866666667,8,1054.074625,NA,NA,NA,96,0,1,1165,1169.75,FALSE,0.9768608297567954,1.0796606233326855,NA,0.972894094179668,TRUE,FALSE,AmeriFlux,AMF,v1.3,AMF_US-Dk1_FLUXNET_2001-2008_v1.3_r1.zip,10.17190/AMF/3027316,1.0040772532188842,TRUE,FALSE,FALSE
US-Dk2,30,1137.5497666666668,8,1053.624625,NA,NA,NA,96,0,1,1165,1168.69,FALSE,0.9764375679542204,1.0796537397430956,NA,0.97335458219602,TRUE,FALSE,AmeriFlux,AMF,v1.3,AMF_US-Dk2_FLUXNET_2001-2008_v1.3_r1.zip,10.17190/AMF/3027317,1.003167381974249,TRUE,FALSE,FALSE
US-Dk3,30,1136.6637666666666,8,1052.81,NA,NA,NA,96,0,1,1165,1169.69,FALSE,0.975677052932761,1.0796475780688506,NA,0.9717649690658776,TRUE,FALSE,AmeriFlux,AMF,v1.3,AMF_US-Dk3_FLUXNET_2001-2008_v1.3_r1.zip,10.17190/AMF/3027318,1.0040257510729613,TRUE,FALSE,FALSE
US-Dmg,30,357.4943666666667,NA,NA,NA,NA,NA,NA,NA,NA,334,365,FALSE,1.0703424151696608,NA,NA,0.9794366210045662,TRUE,FALSE,AmeriFlux,AMF,v1.3,AMF_US-Dmg_FLUXNET_2021-2025_v1.3_r1.zip,10.17190/AMF/2469451,1.092814371257485,FALSE,FALSE,FALSE
US-EA4,30,731.8793,NA,NA,NA,NA,NA,NA,NA,NA,854,836,FALSE,0.8570015222482434,NA,NA,0.8754537081339713,TRUE,FALSE,AmeriFlux,AMF,v1.3,AMF_US-EA4_FLUXNET_2021-2025_v1.3_r1.zip,10.17190/AMF/3027353,0.9789227166276346,FALSE,FALSE,FALSE
US-EA5,30,659.1300666666666,NA,NA,NA,NA,NA,NA,NA,NA,619,632,FALSE,1.064830479267636,NA,NA,1.0429273206751053,TRUE,FALSE,AmeriFlux,AMF,v1.3,AMF_US-EA5_FLUXNET_2021-2022_v1.3_r1.zip,10.17190/AMF/2571138,1.0210016155088852,FALSE,FALSE,FALSE
US-EA6,30,971.9215,NA,NA,NA,NA,NA,NA,NA,NA,668,703,FALSE,1.4549723053892216,NA,NA,1.3825341394025603,TRUE,FALSE,AmeriFlux,AMF,v1.3,AMF_US-EA6_FLUXNET_2023-2023_v1.3_r1.zip,10.17190/AMF/2571142,1.0523952095808384,FALSE,FALSE,FALSE
US-EKH,30,16.56,NA,NA,NA,NA,NA,NA,NA,NA,553,894,FALSE,0.02994575045207956,NA,NA,0.0185234899328859,TRUE,FALSE,AmeriFlux,AMF,v1.3,AMF_US-EKH_FLUXNET_2022-2024_v1.3_r1.zip,10.17190/AMF/3027348,1.616636528028933,FALSE,FALSE,FALSE
US-EKN,30,17.549833333333332,NA,NA,NA,NA,NA,NA,NA,NA,539,894,FALSE,0.0325599876314162,NA,NA,0.01963068605518269,TRUE,FALSE,AmeriFlux,AMF,v1.3,AMF_US-EKN_FLUXNET_2023-2024_v1.3_r1.zip,10.17190/AMF/3027358,1.6586270871985158,FALSE,FALSE,FALSE
US-EKP,30,13.200566666666669,NA,NA,NA,NA,NA,NA,NA,NA,539,894,FALSE,0.0244908472479901,NA,NA,0.01476573452647278,TRUE,FALSE,AmeriFlux,AMF,v1.3,AMF_US-EKP_FLUXNET_2022-2024_v1.3_r1.zip,10.17190/AMF/3027349,1.6586270871985158,FALSE,FALSE,FALSE
US-EML,30,2134.550333333333,13,2182.912384615385,156,5.958660256410257,2182.912384615385,156,156,0,424,378,FALSE,5.0343168238993705,0.9778451706889864,0.9778451706889864,5.646958553791887,FALSE,FALSE,AmeriFlux,AMF,v1.3,AMF_US-EML_FLUXNET_2008-2023_v1.3_r1.zip,10.17190/AMF/2007170,0.8915094339622641,FALSE,FALSE,FALSE
US-EvM,30,1184.8167,1,1515.605,4,1.27375,456.12,12,4,0.6666666666666667,1377,1200,FALSE,0.8604333333333334,0.7817450457078197,2.5975986582478297,0.98734725,TRUE,FALSE,AmeriFlux,AMF,v1.3,AMF_US-EvM_FLUXNET_2020-2023_v1.3_r1.zip,10.17190/AMF/2571136,0.8714596949891068,FALSE,TRUE,TRUE
US-Fmf,30,543.0659666666667,6,580.0816666666667,7,1.6351428571428572,588.3377142857144,72,7,0.9027777777777778,561,546,FALSE,0.9680320261437908,0.9361888124947924,0.923051426893462,0.9946263125763126,TRUE,FALSE,AmeriFlux,AMF,v1.3,AMF_US-Fmf_FLUXNET_2005-2010_v1.3_r1.zip,10.17190/AMF/2007173,0.9732620320855615,FALSE,FALSE,FALSE
US-Fuf,30,640.0857666666666,6,672.3383333333333,12,2.75325,992.483,72,12,0.8333333333333334,580,562,FALSE,1.1035961494252873,0.9520292610615192,0.6449337335416995,1.1389426453143534,FALSE,FALSE,AmeriFlux,AMF,v1.3,AMF_US-Fuf_FLUXNET_2005-2010_v1.3_r1.zip,10.17190/AMF/2007174,0.9689655172413794,FALSE,FALSE,FALSE
US-Fwf,30,498.22723333333334,6,526.6806666666666,7,1.7045714285714286,614.4805714285715,72,7,0.9027777777777778,526,557,FALSE,0.9472000633713562,0.945975929753766,0.8108103925483482,0.8944833632555357,TRUE,FALSE,AmeriFlux,AMF,v1.3,AMF_US-Fwf_FLUXNET_2005-2010_v1.3_r1.zip,10.17190/AMF/2469452,1.05893536121673,FALSE,FALSE,FALSE
US-GLE,30,1379.5923,16,1350.92075,48,3.559,1302.47575,192,48,0.75,510,1200,FALSE,2.7050829411764705,1.0212237098290184,1.0592076666302617,1.14966025,FALSE,FALSE,AmeriFlux,AMF,v1.3,AMF_US-GLE_FLUXNET_2005-2020_v1.3_r1.zip,10.17190/AMF/1871136,2.3529411764705883,FALSE,TRUE,TRUE
US-HB1,30,647.0659333333333,3,748.6593333333333,NA,NA,NA,36,0,1,1372,1429,FALSE,0.4716224003887269,0.8642995612601726,NA,0.4528103102402613,TRUE,FALSE,AmeriFlux,AMF,v1.3,AMF_US-HB1_FLUXNET_2018-2024_v1.3_r1.zip,10.17190/AMF/1832160,1.0415451895043732,FALSE,FALSE,FALSE
US-HB2,30,1335.0056,3,1392.0503333333334,7,3.980571428571429,1456.2805714285714,36,7,0.8055555555555556,1370,1429,FALSE,0.9744566423357665,0.9590210698798964,0.9167227979223784,0.9342236529041288,TRUE,FALSE,AmeriFlux,AMF,v1.3,AMF_US-HB2_FLUXNET_2018-2024_v1.3_r1.zip,10.17190/AMF/2229377,1.043065693430657,FALSE,FALSE,FALSE
US-HB3,30,1842.267,2,1477.9604999999997,NA,NA,NA,24,0,1,1370,1429,FALSE,1.3447204379562043,1.2464927174982017,NA,1.2892001399580126,TRUE,FALSE,AmeriFlux,AMF,v1.3,AMF_US-HB3_FLUXNET_2019-2024_v1.3_r1.zip,10.17190/AMF/2229378,1.043065693430657,FALSE,FALSE,FALSE
US-HB4,30,658044.5751,1,2016.11,NA,NA,NA,12,0,1,1350,1429,TRUE,487.440426,326.39319040131744,NA,460.4930546536039,TRUE,TRUE,AmeriFlux,AMF,v1.3,AMF_US-HB4_FLUXNET_2020-2024_v1.3_r1.zip,10.17190/AMF/2571130,1.0585185185185184,FALSE,FALSE,FALSE
US-HBK,30,4481.9504,5,4457.7108,60,12.204816666666666,4457.7108,60,60,0,1152,1400,FALSE,3.890581944444444,1.0054376789090935,1.0054376789090935,3.2013931428571425,FALSE,FALSE,AmeriFlux,AMF,v1.3,AMF_US-HBK_FLUXNET_2016-2024_v1.3_r1.zip,10.17190/AMF/3027326,1.2152777777777777,FALSE,TRUE,TRUE
US-HRA,30,530.8393333333333,6,646.6501666666667,23,1.6924347826086956,618.9699130434783,72,23,0.6805555555555556,1289,1250,FALSE,0.4118226014998707,0.8209065128208168,0.857617344796605,0.42467146666666666,FALSE,FALSE,AmeriFlux,AMF,v1.3,AMF_US-HRA_FLUXNET_2015-2024_v1.3_r1.zip,10.17190/AMF/3027341,0.969743987587277,FALSE,FALSE,TRUE
US-HRC,30,504.8086333333333,6,580.9175,38,1.5290526315789474,560.2863157894737,72,38,0.4722222222222222,1289,1250,FALSE,0.3916281096457202,0.8689850681608546,0.9009833349615736,0.4038469066666666,FALSE,FALSE,AmeriFlux,AMF,v1.3,AMF_US-HRC_FLUXNET_2015-2024_v1.3_r1.zip,10.17190/AMF/3027321,0.969743987587277,FALSE,FALSE,TRUE
US-HVs,30,1515.1631666666667,1,1669.291,12,4.5713333333333335,1669.2910000000002,12,12,0,196,217,FALSE,7.7304243197278915,0.9076686848887742,0.907668684888774,6.982318740399386,FALSE,FALSE,AmeriFlux,AMF,v1.3,AMF_US-HVs_FLUXNET_1995-1995_v1.3_r1.zip,10.17190/AMF/2571115,1.1071428571428572,FALSE,FALSE,FALSE
US-HWB,30,1033.7404666666666,4,1104.83425,10,3.5356,1284.8976,48,10,0.7916666666666666,1007,1006.35,FALSE,1.0265545845746442,0.9356520823523228,0.8045314013090744,1.027217634686408,TRUE,FALSE,AmeriFlux,AMF,v1.3,AMF_US-HWB_FLUXNET_2015-2018_v1.3_r1.zip,10.17190/AMF/1881582,0.9993545183714002,TRUE,FALSE,FALSE
US-Ha1,30,1210.9178333333334,30,1208.5954,168,3.1804166666666664,1162.4762142857144,360,168,0.5333333333333333,1103,1071,FALSE,1.0978402840737385,1.0019215970318385,1.0416710625579415,1.1306422346716465,FALSE,FALSE,AmeriFlux,AMF,v1.3,AMF_US-Ha1_FLUXNET_1991-2025_v1.3_r1.zip,10.17190/AMF/1871137,0.970988213961922,FALSE,FALSE,FALSE
US-Hn2,30,42.84546666666667,4,51.11125,13,0.11738461538461538,43.02738461538462,48,13,0.7291666666666667,167,197,FALSE,0.25655968063872253,0.8382785916342619,0.9957720426109072,0.21748967851099832,FALSE,FALSE,AmeriFlux,AMF,v1.3,AMF_US-Hn2_FLUXNET_2015-2018_v1.3_r1.zip,10.17190/AMF/1902832,1.1796407185628743,FALSE,FALSE,FALSE
US-Hn3,30,13.158766666666668,2,15.457,20,0.04315,15.6288,24,20,0.16666666666666663,167,197,FALSE,0.07879500998003992,0.8513143990856353,0.8419563028938029,0.06679576988155668,FALSE,FALSE,AmeriFlux,AMF,v1.3,AMF_US-Hn3_FLUXNET_2017-2018_v1.3_r1.zip,10.17190/AMF/1881580,1.1796407185628743,FALSE,FALSE,FALSE
US-Ho2,30,796.8249,22,808.8375909090909,7,1.8615714285714289,681.3737142857143,264,7,0.9734848484848484,1062,1064,FALSE,0.7503059322033898,0.9851482039854388,1.169438860486882,0.7488955827067669,TRUE,FALSE,AmeriFlux,AMF,v1.3,AMF_US-Ho2_FLUXNET_1999-2025_v1.3_r1.zip,10.17190/AMF/1881581,1.0018832391713748,TRUE,FALSE,FALSE
US-Ho3,30,1118.2289666666666,18,1184.0871666666667,NA,NA,NA,216,0,1,1064,1072,FALSE,1.050967073934837,0.9443806149969532,NA,1.0431240360696517,TRUE,FALSE,AmeriFlux,AMF,v1.3,AMF_US-Ho3_FLUXNET_2003-2021_v1.3_r1.zip,10.17190/AMF/3365265,1.0075187969924813,TRUE,FALSE,FALSE
US-Hsm,30,505.5593,NA,NA,NA,NA,NA,NA,NA,NA,546,450,FALSE,0.925932783882784,NA,NA,1.1234651111111111,TRUE,FALSE,AmeriFlux,AMF,v1.3,AMF_US-Hsm_FLUXNET_2021-2025_v1.3_r1.zip,10.17190/AMF/2571131,0.8241758241758241,FALSE,FALSE,TRUE
US-IAB,30,3589.859733333333,2,3525.6659999999997,24,9.637208333333334,3525.666,24,24,0,849,912,FALSE,4.228338908519827,1.0182075481152593,1.018207548115259,3.936249707602339,FALSE,FALSE,AmeriFlux,AMF,v1.3,AMF_US-IAB_FLUXNET_2019-2024_v1.3_r1.zip,10.17190/AMF/3027372,1.0742049469964665,FALSE,FALSE,FALSE
US-IAC,30,3589.859733333333,2,3525.6659999999997,24,9.637208333333334,3525.666,24,24,0,851,912,FALSE,4.218401566784175,1.0182075481152593,1.018207548115259,3.936249707602339,FALSE,FALSE,AmeriFlux,AMF,v1.3,AMF_US-IAC_FLUXNET_2019-2024_v1.3_r1.zip,10.17190/AMF/3027373,1.071680376028202,FALSE,FALSE,FALSE
US-IAM,30,3589.859733333333,2,3525.6659999999997,24,9.637208333333334,3525.666,24,24,0,851,912,FALSE,4.218401566784175,1.0182075481152593,1.018207548115259,3.936249707602339,FALSE,FALSE,AmeriFlux,AMF,v1.3,AMF_US-IAM_FLUXNET_2019-2024_v1.3_r1.zip,10.17190/AMF/3027366,1.071680376028202,FALSE,FALSE,FALSE
US-ICh,30,213.02486666666667,14,231.89164285714287,41,0.5815121951219512,213.29678048780488,168,41,0.7559523809523809,243,318,FALSE,0.8766455418381345,0.9186396889598168,0.9987251855348386,0.6698895178197065,FALSE,FALSE,AmeriFlux,AMF,v1.3,AMF_US-ICh_FLUXNET_2007-2025_v1.3_r1.zip,10.17190/AMF/2007175,1.308641975308642,FALSE,FALSE,FALSE
US-ICs,30,220.42793333333333,14,216.61785714285716,9,0.5053333333333333,185.63333333333333,168,9,0.9464285714285714,243,318,FALSE,0.9071108367626886,1.0175889293741995,1.1874372418746633,0.6931696016771488,TRUE,FALSE,AmeriFlux,AMF,v1.3,AMF_US-ICs_FLUXNET_2007-2025_v1.3_r1.zip,10.17190/AMF/1871138,1.308641975308642,FALSE,FALSE,FALSE
US-ICt,30,286.46073333333334,14,314.2487142857143,29,0.4412758620689655,160.99820689655172,168,29,0.8273809523809523,243,318,FALSE,1.178850754458162,0.911573286733908,1.7792790295943897,0.9008199161425576,FALSE,FALSE,AmeriFlux,AMF,v1.3,AMF_US-ICt_FLUXNET_2007-2025_v1.3_r1.zip,10.17190/AMF/1881583,1.308641975308642,FALSE,FALSE,FALSE
US-Jo1,30,243.9739,11,224.52427272727272,13,0.5706153846153846,205.82584615384613,132,13,0.9015151515151516,283,245.1,FALSE,0.8620985865724381,1.0866259448765814,1.1853414163430174,0.99540554875561,FALSE,FALSE,AmeriFlux,AMF,v1.3,AMF_US-Jo1_FLUXNET_2010-2022_v1.3_r1.zip,10.17190/AMF/1902833,0.8660777385159011,FALSE,FALSE,FALSE
US-Jo2,30,332.1813,11,292.4633636363636,7,1.2015714285714283,439.596,132,7,0.946969696969697,298,282.3,FALSE,1.1147023489932886,1.1358048265252805,0.7556513253077827,1.1766960680127525,TRUE,FALSE,AmeriFlux,AMF,v1.3,AMF_US-Jo2_FLUXNET_2010-2020_v1.3_r1.zip,10.17190/AMF/1881584,0.9473154362416107,FALSE,FALSE,FALSE
US-KFS,30,599.5625333333334,13,608.9633076923077,21,1.9536190476190476,716.0131428571428,156,21,0.8653846153846154,996,1014,FALSE,0.6019704149933066,0.9845626588002504,0.8373624692709818,0.5912845496383958,FALSE,FALSE,AmeriFlux,AMF,v1.3,AMF_US-KFS_FLUXNET_2007-2019_v1.3_r1.zip,10.17190/AMF/1881585,1.0180722891566265,TRUE,FALSE,FALSE
US-KPL,30,382.63723333333337,NA,NA,NA,NA,NA,NA,NA,NA,850,375.8,FALSE,0.4501614509803922,NA,NA,1.0181938087635267,TRUE,FALSE,AmeriFlux,AMF,v1.3,AMF_US-KPL_FLUXNET_2021-2024_v1.3_r1.zip,10.17190/AMF/2571133,0.44211764705882356,FALSE,FALSE,FALSE
US-KS1,30,1227.4967333333334,2,1243.6660000000002,11,3.3102727272727273,1215.3709090909092,24,11,0.5416666666666667,1229,1266,FALSE,0.9987768375372932,0.9869987065123056,1.0099770565114927,0.9695866771985256,TRUE,FALSE,AmeriFlux,AMF,v1.3,AMF_US-KS1_FLUXNET_2002-2003_v1.3_r1.zip,10.17190/AMF/2229379,1.030105777054516,FALSE,FALSE,FALSE
US-KS2,30,1240.940833333333,4,1144.13625,NA,NA,NA,48,0,1,1276,1294,FALSE,0.9725241640543364,1.084609314085917,NA,0.9589960072127768,TRUE,FALSE,AmeriFlux,AMF,v1.3,AMF_US-KS2_FLUXNET_2003-2006_v1.3_r1.zip,10.17190/AMF/2229380,1.0141065830721003,TRUE,FALSE,FALSE
US-KS3,30,274.10203333333334,1,314.801,3,0.38233333333333336,140.032,12,3,0.75,1290,1340,FALSE,0.2124821963824289,0.8707152560930027,1.9574242554082877,0.20455375621890548,TRUE,FALSE,AmeriFlux,AMF,v1.3,AMF_US-KS3_FLUXNET_2018-2018_v1.3_r1.zip,10.17190/AMF/1881586,1.0387596899224807,FALSE,FALSE,FALSE
US-Kon,30,722.2409666666667,16,713.5673750000001,21,2.295952380952381,841.8657142857144,192,21,0.890625,892,867,FALSE,0.809687182361734,1.0121552525669586,0.8579051913041216,0.8330345636293734,FALSE,FALSE,AmeriFlux,AMF,v1.3,AMF_US-Kon_FLUXNET_2004-2019_v1.3_r1.zip,10.17190/AMF/2316062,0.9719730941704036,FALSE,FALSE,FALSE
US-LA2,30,891.8103666666666,10,950.452,120,2.5978,950.452,120,120,0,1614,1655,FALSE,0.5525466955803386,0.9383013204945296,0.9383013204945296,0.538858227593152,FALSE,FALSE,AmeriFlux,AMF,v1.3,AMF_US-LA2_FLUXNET_2011-2023_v1.3_r1.zip,10.17190/AMF/3027332,1.0254027261462206,FALSE,FALSE,FALSE
US-LA3,30,546.9458333333333,2,575.405,16,1.654875,604.3575000000001,24,16,0.33333333333333337,1557,1623,FALSE,0.3512818454292443,0.9505406336985832,0.9050037988001032,0.3369968165947833,FALSE,FALSE,AmeriFlux,AMF,v1.3,AMF_US-LA3_FLUXNET_2019-2023_v1.3_r1.zip,10.17190/AMF/2571117,1.0423892100192678,FALSE,FALSE,FALSE
US-LS1,30,311.8808666666667,5,290.1464,1,0.07,26.040000000000006,60,1,0.9833333333333332,359,288,FALSE,0.8687489322191273,1.0749086208433627,11.976991807475676,1.082919675925926,TRUE,FALSE,AmeriFlux,AMF,v1.3,AMF_US-LS1_FLUXNET_2003-2007_v1.3_r1.zip,10.17190/AMF/3027342,0.8022284122562674,FALSE,FALSE,FALSE
US-Los,30,753.36,21,775.3243333333334,36,1.848111111111111,676.3420000000001,252,36,0.8571428571428572,834,828,FALSE,0.9033093525179856,0.9716707803572956,1.1138743416792094,0.9098550724637682,FALSE,FALSE,AmeriFlux,AMF,v1.3,AMF_US-Los_FLUXNET_2000-2025_v1.3_r1.zip,10.17190/AMF/3027319,0.9928057553956835,TRUE,FALSE,FALSE
US-MBP,30,2870.626166666667,12,2830.692,144,7.727319444444444,2830.692,144,144,0,695,780,FALSE,4.130397362110312,1.014107563333159,1.014107563333159,3.6802899572649577,FALSE,FALSE,AmeriFlux,AMF,v1.3,AMF_US-MBP_FLUXNET_2009-2024_v1.3_r1.zip,10.17190/AMF/3027340,1.1223021582733812,FALSE,FALSE,FALSE
US-MEF,30,419.4433,NA,NA,NA,NA,NA,NA,NA,NA,430,368.47,FALSE,0.975449534883721,NA,NA,1.138337720845659,TRUE,FALSE,AmeriFlux,AMF,v1.3,AMF_US-MEF_FLUXNET_2024-2025_v1.3_r1.zip,10.17190/AMF/3027364,0.8569069767441861,FALSE,FALSE,FALSE
US-MMS,30,1103.896433333333,22,1097.4085,NA,NA,NA,264,0,1,1092,1032,FALSE,1.0108941697191698,1.0059120494631977,NA,1.0696670865633076,TRUE,FALSE,AmeriFlux,AMF,v1.3,AMF_US-MMS_FLUXNET_1999-2023_v1.3_r1.zip,10.17190/AMF/1854369,0.945054945054945,FALSE,FALSE,FALSE
US-MN1,30,456.3752333333333,4,347.52425,5,0.865,317.6184,48,5,0.8958333333333334,598,684.5,FALSE,0.7631692865105908,1.3132183821224943,1.4368664829661422,0.6667278792305819,TRUE,FALSE,AmeriFlux,AMF,v1.3,AMF_US-MN1_FLUXNET_2017-2024_v1.3_r1.zip,10.17190/AMF/2571145,1.144648829431438,FALSE,FALSE,FALSE
US-MN2,30,473.4106,4,342.75575,5,0.828,303.4176,48,5,0.8958333333333334,597,684.5,FALSE,0.7929825795644891,1.3811893746494406,1.5602608418232824,0.6916151935719503,TRUE,FALSE,AmeriFlux,AMF,v1.3,AMF_US-MN2_FLUXNET_2017-2024_v1.3_r1.zip,10.17190/AMF/2571146,1.1465661641541038,FALSE,FALSE,FALSE
US-MN3,30,501.7547666666667,1,404.388,3,0.363,134.02800000000002,12,3,0.75,598,684.5,FALSE,0.8390547937569677,1.2407756082442276,3.74365630067349,0.7330237643048454,TRUE,FALSE,AmeriFlux,AMF,v1.3,AMF_US-MN3_FLUXNET_2020-2024_v1.3_r1.zip,10.17190/AMF/2571147,1.144648829431438,FALSE,FALSE,FALSE
US-MOz,30,908.8695,17,899.613294117647,5,2.3824,876.2855999999999,204,5,0.9754901960784312,1013,986,FALSE,0.8972058242843041,1.0102890941506502,1.0371841098381624,0.9217743407707912,TRUE,FALSE,AmeriFlux,AMF,v1.3,AMF_US-MOz_FLUXNET_2004-2021_v1.3_r1.zip,10.17190/AMF/1854370,0.9733464955577492,FALSE,FALSE,FALSE
US-MZA,30,504.2912,NA,NA,NA,NA,NA,NA,NA,NA,962,940,FALSE,0.5242112266112267,NA,NA,0.53648,TRUE,FALSE,AmeriFlux,AMF,v1.3,AMF_US-MZA_FLUXNET_2024-2025_v1.3_r1.zip,10.17190/AMF/3027375,0.9771309771309772,FALSE,FALSE,FALSE
US-Me1,30,166.06796666666668,2,160.96300000000002,13,0.4408461538461539,161.10923076923078,24,13,0.45833333333333337,608,704.61,FALSE,0.27313810307017544,1.0317151560710638,1.0307787199638403,0.23568778000123,FALSE,FALSE,AmeriFlux,AMF,v1.3,AMF_US-Me1_FLUXNET_2004-2005_v1.3_r1.zip,10.17190/AMF/1902834,1.1588980263157895,FALSE,FALSE,FALSE
US-Me3,30,383.19306666666665,6,377.18333333333334,8,1.465,537.1155,72,8,0.8888888888888888,537,719,FALSE,0.713581129733085,1.0159331889885554,0.713427682996798,0.5329528048215113,TRUE,FALSE,AmeriFlux,AMF,v1.3,AMF_US-Me3_FLUXNET_2004-2009_v1.3_r1.zip,10.17190/AMF/1902835,1.3389199255121043,FALSE,FALSE,FALSE
US-Me5,30,479.1358,3,402.4526666666667,NA,NA,NA,36,0,1,821,590.81,FALSE,0.5836002436053593,1.1905395085798909,NA,0.8109811953081364,TRUE,FALSE,AmeriFlux,AMF,v1.3,AMF_US-Me5_FLUXNET_2000-2002_v1.3_r1.zip,10.17190/AMF/3365266,0.7196224116930572,FALSE,FALSE,FALSE
US-Me6,30,322.80733333333336,11,306.74554545454544,2,1.981,736.932,132,2,0.9848484848484848,537,494,FALSE,0.601130974549969,1.0523619270655975,0.4380422255151538,0.6534561403508773,TRUE,FALSE,AmeriFlux,AMF,v1.3,AMF_US-Me6_FLUXNET_2010-2025_v1.3_r1.zip,10.17190/AMF/2204871,0.9199255121042831,FALSE,FALSE,FALSE
US-Me7,30,2553.5444666666667,NA,NA,NA,NA,NA,NA,NA,NA,821,523,FALSE,3.110285586682907,NA,NA,4.88249420012747,TRUE,FALSE,AmeriFlux,AMF,v1.3,AMF_US-Me7_FLUXNET_2022-2023_v1.3_r1.zip,10.17190/AMF/3027360,0.6370280146163215,FALSE,FALSE,FALSE
US-Mo1,30,921.9112666666666,6,981.7786666666666,10,2.619,956.7516,72,10,0.8611111111111112,1014,981,FALSE,0.9091827087442472,0.9390214902476324,0.9635847660632776,0.939766836561332,TRUE,FALSE,AmeriFlux,AMF,v1.3,AMF_US-Mo1_FLUXNET_2015-2024_v1.3_r1.zip,10.17190/AMF/2229382,0.9674556213017751,FALSE,FALSE,FALSE
US-Mo2,30,743.9494666666667,3,795.3380000000001,11,2.144636363636364,784.4956363636364,36,11,0.6944444444444444,1018,981,FALSE,0.7307951538965292,0.9353878057714664,0.9483156211232572,0.7583582738702005,TRUE,FALSE,AmeriFlux,AMF,v1.3,AMF_US-Mo2_FLUXNET_2018-2024_v1.3_r1.zip,10.17190/AMF/2229383,0.9636542239685658,FALSE,FALSE,FALSE
US-Mo3,30,937.9848666666668,5,957.4154,5,1.7748,650.0904,60,5,0.9166666666666666,1017,981,FALSE,0.922305670272042,0.9797052216484784,1.442852973473638,0.9561517499150528,TRUE,FALSE,AmeriFlux,AMF,v1.3,AMF_US-Mo3_FLUXNET_2016-2023_v1.3_r1.zip,10.17190/AMF/2229384,0.9646017699115044,FALSE,FALSE,FALSE
US-Mpj,30,416.3135,13,352.1273076923077,NA,NA,NA,156,0,1,407,385,FALSE,1.0228832923832922,1.1822812116684198,NA,1.081333766233766,TRUE,FALSE,AmeriFlux,AMF,v1.3,AMF_US-Mpj_FLUXNET_2008-2025_v1.3_r1.zip,10.17190/AMF/1832161,0.9459459459459459,FALSE,FALSE,FALSE
US-MtB,30,624.9588,12,565.1541666666667,10,1.0266,373.0296,144,10,0.9305555555555556,717,790,FALSE,0.8716301255230126,1.105820034356407,1.6753598105887575,0.7910870886075949,TRUE,FALSE,AmeriFlux,AMF,v1.3,AMF_US-MtB_FLUXNET_2009-2024_v1.3_r1.zip,10.17190/AMF/2571103,1.1018131101813111,FALSE,FALSE,FALSE
US-Myb,30,273.38203333333337,11,256.8328181818182,66,0.6686969696969697,242.5607272727273,132,66,0.5,356,338,FALSE,0.7679270599250937,1.0644357495614114,1.1270663491454314,0.8088225838264301,FALSE,FALSE,AmeriFlux,AMF,v1.3,AMF_US-Myb_FLUXNET_2010-2025_v1.3_r1.zip,10.17190/AMF/1871139,0.949438202247191,FALSE,FALSE,FALSE
US-NC1,30,1132.5543,8,1074.235125,NA,NA,NA,96,0,1,1248,1320,FALSE,0.9074954326923076,1.0542890226196988,NA,0.8579956818181819,TRUE,FALSE,AmeriFlux,AMF,v1.3,AMF_US-NC1_FLUXNET_2005-2012_v1.3_r1.zip,10.17190/AMF/1902836,1.0576923076923077,FALSE,FALSE,FALSE
US-NC2,30,1239.1141,16,1276.769875,7,2.4657142857142857,894.0942857142857,192,7,0.9635416666666666,1252,1320,FALSE,0.9897077476038338,0.9705069991567588,1.3858875062713103,0.9387228030303032,TRUE,FALSE,AmeriFlux,AMF,v1.3,AMF_US-NC2_FLUXNET_2005-2025_v1.3_r1.zip,10.17190/AMF/3027320,1.0543130990415335,FALSE,FALSE,FALSE
US-NC3,30,1449.9727333333333,8,1614.565375,1,1.779,661.788,96,1,0.9895833333333334,1254,1320,FALSE,1.156278096757044,0.898057617105367,2.1909927852021087,1.098464191919192,TRUE,FALSE,AmeriFlux,AMF,v1.3,AMF_US-NC3_FLUXNET_2013-2021_v1.3_r1.zip,10.17190/AMF/2204872,1.0526315789473684,FALSE,FALSE,FALSE
US-NC4,30,889.0554333333333,12,975.3451666666668,4,2.67,986.676,144,4,0.9722222222222222,1327,1311,FALSE,0.6699739512685254,0.911529029637542,0.9010611723943152,0.6781505975082635,TRUE,FALSE,AmeriFlux,AMF,v1.3,AMF_US-NC4_FLUXNET_2009-2025_v1.3_r1.zip,10.17190/AMF/1902837,0.9879427279577996,TRUE,FALSE,FALSE
US-NC5,30,636.7941,NA,NA,NA,NA,NA,NA,NA,NA,1142,1330,FALSE,0.557613047285464,NA,NA,0.4787925563909774,TRUE,FALSE,AmeriFlux,AMF,v1.3,AMF_US-NC5_FLUXNET_2025-2025_v1.3_r1.zip,10.17190/AMF/3365277,1.1646234676007006,FALSE,FALSE,FALSE
US-NGB,30,914.8648666666668,9,1016.1852222222224,108,2.775990740740741,1016.1852222222224,108,108,0,109,171,FALSE,8.393255657492356,0.9002934176370078,0.9002934176370078,5.35008693957115,FALSE,FALSE,AmeriFlux,AMF,v1.3,AMF_US-NGB_FLUXNET_2012-2023_v1.3_r1.zip,10.17190/AMF/1832162,1.5688073394495412,FALSE,FALSE,FALSE
US-NR1,30,709.2242,23,660.3161304347826,175,1.8317542857142857,670.8702171428572,276,175,0.3659420289855072,567,800,FALSE,1.250836331569665,1.07406765836996,1.057170495689147,0.88653025,FALSE,FALSE,AmeriFlux,AMF,v1.3,AMF_US-NR1_FLUXNET_1998-2025_v1.3_r1.zip,10.17190/AMF/1871141,1.4109347442680775,FALSE,TRUE,TRUE
US-NR3,30,2853.9561,14,2745.3819285714285,168,7.497303571428572,2745.381928571429,168,168,0,686,884,FALSE,4.160285860058309,1.039547929670051,1.0395479296700507,3.2284571266968323,FALSE,FALSE,AmeriFlux,AMF,v1.3,AMF_US-NR3_FLUXNET_2007-2024_v1.3_r1.zip,10.17190/AMF/3365271,1.2886297376093294,FALSE,FALSE,FALSE
US-Ne1,30,3120.004,20,3059.5754,240,8.36335,3059.5754,240,240,0,799,790.37,FALSE,3.904886107634543,1.0197506490606507,1.0197506490606507,3.9475233118665938,FALSE,FALSE,AmeriFlux,AMF,v1.3,AMF_US-Ne1_FLUXNET_2001-2024_v1.3_r1.zip,10.17190/AMF/1871140,0.9891989987484355,TRUE,FALSE,FALSE
US-Ne2,30,3120.004,20,3059.5754,240,8.36335,3059.5754,240,240,0,799,788.89,FALSE,3.904886107634543,1.0197506490606507,1.0197506490606507,3.954929077564679,FALSE,FALSE,AmeriFlux,AMF,v1.3,AMF_US-Ne2_FLUXNET_2001-2024_v1.3_r1.zip,10.17190/AMF/2574638,0.9873466833541927,TRUE,FALSE,FALSE
US-Ne3,30,3120.004,20,3059.5754,240,8.36335,3059.5754,240,240,0,797,783.68,FALSE,3.914685069008782,1.0197506490606507,1.0197506490606507,3.981221927317272,FALSE,FALSE,AmeriFlux,AMF,v1.3,AMF_US-Ne3_FLUXNET_2001-2024_v1.3_r1.zip,10.17190/AMF/3028954,0.9832873274780426,TRUE,FALSE,FALSE
US-ONA,30,733.493,5,1062.7374,NA,NA,NA,60,0,1,1285,1268,FALSE,0.570811673151751,0.6901921396574545,NA,0.5784645110410095,TRUE,FALSE,AmeriFlux,AMF,v1.3,AMF_US-ONA_FLUXNET_2016-2022_v1.3_r1.zip,10.17190/AMF/1832163,0.9867704280155642,TRUE,FALSE,FALSE
US-OPE,30,891.1683333333333,NA,NA,NA,NA,NA,NA,NA,NA,1127,1192,FALSE,0.7907438627624963,NA,NA,0.7476244407158836,TRUE,FALSE,AmeriFlux,AMF,v1.3,AMF_US-OPE_FLUXNET_2022-2022_v1.3_r1.zip,10.17190/AMF/3027345,1.0576752440106478,FALSE,FALSE,FALSE
US-OWC,30,564.5961666666667,6,604.0511666666666,41,1.6819268292682927,612.507512195122,72,41,0.4305555555555556,897,930,FALSE,0.6294271646228169,0.9346826855451263,0.921778354429076,0.6070926523297492,FALSE,FALSE,AmeriFlux,AMF,v1.3,AMF_US-OWC_FLUXNET_2015-2025_v1.3_r1.zip,10.17190/AMF/1871142,1.0367892976588629,FALSE,FALSE,FALSE
US-Oho,30,839.0880999999999,10,832.9545,NA,NA,NA,120,0,1,855,849,FALSE,0.9813895906432748,1.007363667523256,NA,0.9883252061248528,TRUE,FALSE,AmeriFlux,AMF,v1.3,AMF_US-Oho_FLUXNET_2004-2013_v1.3_r1.zip,10.17190/AMF/2229385,0.9929824561403509,TRUE,FALSE,FALSE
US-PAS,30,4443.1348333333335,NA,NA,NA,NA,NA,NA,NA,NA,1285,1268,FALSE,3.457692477302205,NA,NA,3.504049553101998,TRUE,FALSE,AmeriFlux,AMF,v1.3,AMF_US-PAS_FLUXNET_2021-2022_v1.3_r1.zip,10.17190/AMF/2571135,0.9867704280155642,TRUE,FALSE,FALSE
US-PFL,30,3162.7420666666667,1,3818.912,12,10.492583333333334,3818.912,12,12,0,825,823,FALSE,3.833626747474747,0.8281788285948108,0.828178828594811,3.8429429728635074,FALSE,FALSE,AmeriFlux,AMF,v1.3,AMF_US-PFL_FLUXNET_2019-2019_v1.3_r1.zip,10.17190/AMF/2469458,0.9975757575757576,TRUE,FALSE,FALSE
US-PFb,30,3162.7420666666667,1,3818.912,12,10.492583333333334,3818.912,12,12,0,829,823,FALSE,3.815129151588259,0.8281788285948108,0.828178828594811,3.8429429728635074,FALSE,FALSE,AmeriFlux,AMF,v1.3,AMF_US-PFb_FLUXNET_2019-2019_v1.3_r1.zip,10.17190/AMF/2469454,0.9927623642943305,TRUE,FALSE,FALSE
US-PFc,30,3162.7420666666667,1,3818.912,12,10.492583333333334,3818.912,12,12,0,829,823,FALSE,3.815129151588259,0.8281788285948108,0.828178828594811,3.8429429728635074,FALSE,FALSE,AmeriFlux,AMF,v1.3,AMF_US-PFc_FLUXNET_2019-2019_v1.3_r1.zip,10.17190/AMF/2469455,0.9927623642943305,TRUE,FALSE,FALSE
US-PFd,30,3162.7420666666667,1,3818.912,12,10.492583333333334,3818.912,12,12,0,829,823,FALSE,3.815129151588259,0.8281788285948108,0.828178828594811,3.8429429728635074,FALSE,FALSE,AmeriFlux,AMF,v1.3,AMF_US-PFd_FLUXNET_2019-2019_v1.3_r1.zip,10.17190/AMF/2469456,0.9927623642943305,TRUE,FALSE,FALSE
US-PFf,30,3162.7420666666667,1,3818.912,12,10.492583333333334,3818.912,12,12,0,825,823,FALSE,3.833626747474747,0.8281788285948108,0.828178828594811,3.8429429728635074,FALSE,FALSE,AmeriFlux,AMF,v1.3,AMF_US-PFf_FLUXNET_2019-2019_v1.3_r1.zip,10.17190/AMF/3027335,0.9975757575757576,TRUE,FALSE,FALSE
US-PFg,30,3162.7420666666667,1,3818.912,12,10.492583333333334,3818.912,12,12,0,828,823,FALSE,3.8197367954911434,0.8281788285948108,0.828178828594811,3.8429429728635074,FALSE,FALSE,AmeriFlux,AMF,v1.3,AMF_US-PFg_FLUXNET_2019-2019_v1.3_r1.zip,10.17190/AMF/2571124,0.9939613526570048,TRUE,FALSE,FALSE
US-PFh,30,3162.7420666666667,1,3818.912,12,10.492583333333334,3818.912,12,12,0,827,823,FALSE,3.824355582426441,0.8281788285948108,0.828178828594811,3.8429429728635074,FALSE,FALSE,AmeriFlux,AMF,v1.3,AMF_US-PFh_FLUXNET_2019-2019_v1.3_r1.zip,10.17190/AMF/2571125,0.9951632406287787,TRUE,FALSE,FALSE
US-PFi,30,3162.7420666666667,1,3818.912,12,10.492583333333334,3818.912,12,12,0,834,823,FALSE,3.792256674660272,0.8281788285948108,0.828178828594811,3.8429429728635074,FALSE,FALSE,AmeriFlux,AMF,v1.3,AMF_US-PFi_FLUXNET_2019-2019_v1.3_r1.zip,10.17190/AMF/2571126,0.986810551558753,TRUE,FALSE,FALSE
US-PFj,30,3162.7420666666667,1,3818.912,12,10.492583333333334,3818.912,12,12,0,834,823,FALSE,3.792256674660272,0.8281788285948108,0.828178828594811,3.8429429728635074,FALSE,FALSE,AmeriFlux,AMF,v1.3,AMF_US-PFj_FLUXNET_2019-2019_v1.3_r1.zip,10.17190/AMF/2571127,0.986810551558753,TRUE,FALSE,FALSE
US-PFk,30,3162.7420666666667,1,3818.912,12,10.492583333333334,3818.912,12,12,0,817,823,FALSE,3.871165320277438,0.8281788285948108,0.828178828594811,3.8429429728635074,FALSE,FALSE,AmeriFlux,AMF,v1.3,AMF_US-PFk_FLUXNET_2019-2019_v1.3_r1.zip,10.17190/AMF/2469457,1.00734394124847,TRUE,FALSE,FALSE
US-PFm,30,3162.7420666666667,1,3818.912,12,10.492583333333334,3818.912,12,12,0,825,823,FALSE,3.833626747474747,0.8281788285948108,0.828178828594811,3.8429429728635074,FALSE,FALSE,AmeriFlux,AMF,v1.3,AMF_US-PFm_FLUXNET_2019-2019_v1.3_r1.zip,10.17190/AMF/2469459,0.9975757575757576,TRUE,FALSE,FALSE
US-PFn,30,3162.7420666666667,1,3818.912,12,10.492583333333334,3818.912,12,12,0,824,823,FALSE,3.838279207119741,0.8281788285948108,0.828178828594811,3.8429429728635074,FALSE,FALSE,AmeriFlux,AMF,v1.3,AMF_US-PFn_FLUXNET_2019-2019_v1.3_r1.zip,10.17190/AMF/2469460,0.9987864077669902,TRUE,FALSE,FALSE
US-PFp,30,3162.7420666666667,1,3818.912,12,10.492583333333334,3818.912,12,12,0,824,823,FALSE,3.838279207119741,0.8281788285948108,0.828178828594811,3.8429429728635074,FALSE,FALSE,AmeriFlux,AMF,v1.3,AMF_US-PFp_FLUXNET_2019-2019_v1.3_r1.zip,10.17190/AMF/2469461,0.9987864077669902,TRUE,FALSE,FALSE
US-PFq,30,3162.7420666666667,1,3818.912,12,10.492583333333334,3818.912,12,12,0,827,823,FALSE,3.824355582426441,0.8281788285948108,0.828178828594811,3.8429429728635074,FALSE,FALSE,AmeriFlux,AMF,v1.3,AMF_US-PFq_FLUXNET_2019-2019_v1.3_r1.zip,10.17190/AMF/2469462,0.9951632406287787,TRUE,FALSE,FALSE
US-PFr,30,3162.7420666666667,1,3818.912,12,10.492583333333334,3818.912,12,12,0,827,823,FALSE,3.824355582426441,0.8281788285948108,0.828178828594811,3.8429429728635074,FALSE,FALSE,AmeriFlux,AMF,v1.3,AMF_US-PFr_FLUXNET_2019-2019_v1.3_r1.zip,10.17190/AMF/2571128,0.9951632406287787,TRUE,FALSE,FALSE
US-PFt,30,3162.7420666666667,1,3818.912,12,10.492583333333334,3818.912,12,12,0,827,823,FALSE,3.824355582426441,0.8281788285948108,0.828178828594811,3.8429429728635074,FALSE,FALSE,AmeriFlux,AMF,v1.3,AMF_US-PFt_FLUXNET_2019-2019_v1.3_r1.zip,10.17190/AMF/2469463,0.9951632406287787,TRUE,FALSE,FALSE
US-PLo,30,4001.626133333333,NA,NA,NA,NA,NA,NA,NA,NA,1098,1262,FALSE,3.644468245294475,NA,NA,3.170860644479662,TRUE,FALSE,AmeriFlux,AMF,v1.3,AMF_US-PLo_FLUXNET_2022-2023_v1.3_r1.zip,10.17190/AMF/3027350,1.1493624772313298,FALSE,FALSE,FALSE
US-PSH,30,900.7205,1,888.601,12,2.40175,888.601,12,12,0,171,191,FALSE,5.26737134502924,1.013638854784093,1.013638854784093,4.715814136125655,FALSE,FALSE,AmeriFlux,AMF,v1.3,AMF_US-PSH_FLUXNET_2016-2016_v1.3_r1.zip,10.17190/AMF/2469464,1.1169590643274854,FALSE,FALSE,FALSE
US-PSL,30,1206.1900666666666,1,1400.727,12,3.798666666666666,1400.727,12,12,0,226,311,FALSE,5.33712418879056,0.8611171674899296,0.8611171674899296,3.878424651661307,FALSE,FALSE,AmeriFlux,AMF,v1.3,AMF_US-PSL_FLUXNET_2016-2016_v1.3_r1.zip,10.17190/AMF/2469465,1.3761061946902655,FALSE,FALSE,FALSE
US-Prr,30,375.2394,11,374.2210909090909,11,0.8206363636363636,300.4538181818182,132,11,0.9166666666666666,319,275,FALSE,1.1762990595611285,1.002721142970417,1.248908741685305,1.364506909090909,TRUE,FALSE,AmeriFlux,AMF,v1.3,AMF_US-Prr_FLUXNET_2010-2022_v1.3_r1.zip,10.17190/AMF/2571106,0.8620689655172413,FALSE,FALSE,FALSE
US-RC1,30,510.87426666666664,6,511.4145,10,1.9683,719.6112,72,10,0.8611111111111112,611,550,FALSE,0.8361280960174576,0.9989436487754388,0.7099309553084591,0.928862303030303,TRUE,FALSE,AmeriFlux,AMF,v1.3,AMF_US-RC1_FLUXNET_2011-2016_v1.3_r1.zip,10.17190/AMF/3027328,0.900163666121113,FALSE,FALSE,TRUE
US-RC2,30,441.5242666666667,5,443.0386,8,1.92075,705.8085,60,8,0.8666666666666667,611,550,FALSE,0.7226256410256411,0.9965819381576836,0.6255581601336151,0.802771393939394,TRUE,FALSE,AmeriFlux,AMF,v1.3,AMF_US-RC2_FLUXNET_2012-2016_v1.3_r1.zip,10.17190/AMF/3027327,0.900163666121113,FALSE,FALSE,TRUE
US-RC3,30,258.66540000000003,5,255.4586,3,1.5553333333333337,574.872,60,3,0.95,260,280,FALSE,0.9948669230769231,1.012553110367003,0.4499530330230035,0.923805,TRUE,FALSE,AmeriFlux,AMF,v1.3,AMF_US-RC3_FLUXNET_2012-2016_v1.3_r1.zip,10.17190/AMF/3365268,1.0769230769230769,FALSE,FALSE,FALSE
US-RC4,30,634.6162666666667,5,636.832,9,2.7493333333333334,1008.0773333333332,60,9,0.85,678,680,FALSE,0.9360121927236972,0.996520694102474,0.6295313322522875,0.9332592156862743,TRUE,FALSE,AmeriFlux,AMF,v1.3,AMF_US-RC4_FLUXNET_2012-2016_v1.3_r1.zip,10.17190/AMF/3027329,1.0029498525073746,TRUE,FALSE,FALSE
US-RC5,30,136.2416,3,113.92166666666668,8,0.445125,163.7415,36,8,0.7777777777777778,190,230,FALSE,0.7170610526315789,1.1959235146957703,0.832052961527774,0.5923547826086957,TRUE,FALSE,AmeriFlux,AMF,v1.3,AMF_US-RC5_FLUXNET_2013-2015_v1.3_r1.zip,10.17190/AMF/3027330,1.2105263157894737,FALSE,FALSE,FALSE
US-RGA,30,1105.6634666666666,NA,NA,NA,NA,NA,NA,NA,NA,1291,1250,FALSE,0.8564395558998192,NA,NA,0.8845307733333333,TRUE,FALSE,AmeriFlux,AMF,v1.3,AMF_US-RGA_FLUXNET_2021-2024_v1.3_r1.zip,10.17190/AMF/2204873,0.9682416731216111,FALSE,FALSE,TRUE
US-RGB,30,438.8813,NA,NA,NA,NA,NA,NA,NA,NA,573,737,FALSE,0.7659359511343805,NA,NA,0.5954970149253731,TRUE,FALSE,AmeriFlux,AMF,v1.3,AMF_US-RGB_FLUXNET_2021-2024_v1.3_r1.zip,10.17190/AMF/2204874,1.2862129144851657,FALSE,FALSE,FALSE
US-RGF,30,276.97476666666665,NA,NA,NA,NA,NA,NA,NA,NA,287,31,FALSE,0.9650688734030196,NA,NA,8.934669892473117,TRUE,FALSE,AmeriFlux,AMF,v1.3,AMF_US-RGF_FLUXNET_2023-2024_v1.3_r1.zip,10.17190/AMF/2469466,0.10801393728222997,FALSE,FALSE,FALSE
US-RGW,30,1283.4840666666666,NA,NA,NA,NA,NA,NA,NA,NA,1340,1283,FALSE,0.9578239303482587,NA,NA,1.0003772928033254,TRUE,FALSE,AmeriFlux,AMF,v1.3,AMF_US-RGW_FLUXNET_2022-2024_v1.3_r1.zip,10.17190/AMF/2469467,0.9574626865671642,FALSE,FALSE,FALSE
US-RGo,30,381.3772333333333,NA,NA,NA,NA,NA,NA,NA,NA,560,610,FALSE,0.6810307738095238,NA,NA,0.6252085792349726,TRUE,FALSE,AmeriFlux,AMF,v1.3,AMF_US-RGo_FLUXNET_2021-2024_v1.3_r1.zip,10.17190/AMF/2204875,1.0892857142857142,FALSE,FALSE,FALSE
US-RRC,30,1228.6875666666667,NA,NA,NA,NA,NA,NA,NA,NA,1137,1117,FALSE,1.080639900322486,NA,NA,1.09998886899433,TRUE,FALSE,AmeriFlux,AMF,v1.3,AMF_US-RRC_FLUXNET_2022-2024_v1.3_r1.zip,10.17190/AMF/2469469,0.9824098504837291,TRUE,FALSE,FALSE
US-Rls,30,1305.950466666667,7,1311.5402857142858,84,3.5994404761904764,1311.5402857142858,84,84,0,375,333,FALSE,3.482534577777778,0.9957379738094932,0.9957379738094932,3.921773173173173,FALSE,FALSE,AmeriFlux,AMF,v1.3,AMF_US-Rls_FLUXNET_2014-2023_v1.3_r1.zip,10.17190/AMF/2229387,0.888,FALSE,FALSE,FALSE
US-Rms,30,1484.0106,7,1506.3335714285713,84,4.132892857142857,1506.3335714285713,84,84,0,448,800,FALSE,3.312523660714286,0.9851805922327014,0.9851805922327014,1.85501325,FALSE,FALSE,AmeriFlux,AMF,v1.3,AMF_US-Rms_FLUXNET_2014-2023_v1.3_r1.zip,10.17190/AMF/1881587,1.7857142857142858,FALSE,TRUE,TRUE
US-Ro1,30,812.8240000000001,13,789.1563846153846,8,2.7455,1005.477,156,8,0.9487179487179488,768,879,FALSE,1.0583645833333335,1.0299910332679505,0.8083964128468379,0.9247144482366326,TRUE,FALSE,AmeriFlux,AMF,v1.3,AMF_US-Ro1_FLUXNET_2004-2016_v1.3_r1.zip,10.17190/AMF/1881588,1.14453125,FALSE,FALSE,FALSE
US-Ro2,30,823.6855333333333,9,828.0791111111112,8,2.78225,1018.938,108,8,0.925925925925926,768,879,FALSE,1.072507204861111,0.9946942535817832,0.8083764991916419,0.9370711414486158,TRUE,FALSE,AmeriFlux,AMF,v1.3,AMF_US-Ro2_FLUXNET_2008-2016_v1.3_r1.zip,10.17190/AMF/2204876,1.14453125,FALSE,FALSE,FALSE
US-Ro3,30,805.9235333333334,4,719.9982500000001,NA,NA,NA,48,0,1,768,879,FALSE,1.0493796006944445,1.1193409613611327,NA,0.9168640879787636,TRUE,FALSE,AmeriFlux,AMF,v1.3,AMF_US-Ro3_FLUXNET_2004-2007_v1.3_r1.zip,10.17190/AMF/2469468,1.14453125,FALSE,FALSE,FALSE
US-Ro4,30,779.9887,7,947.0602857142856,12,2.4111666666666665,878.1599999999999,84,12,0.8571428571428572,766,879,FALSE,1.0182620104438642,0.8235892812374895,0.8882079575475996,0.8873591581342435,FALSE,FALSE,AmeriFlux,AMF,v1.3,AMF_US-Ro4_FLUXNET_2014-2025_v1.3_r1.zip,10.17190/AMF/1881589,1.1475195822454307,FALSE,FALSE,FALSE
US-Ro5,30,753.4834333333333,4,922.38125,NA,NA,NA,48,0,1,766,879,FALSE,0.9836598346388165,0.8168893647104528,NA,0.8572052711414486,TRUE,FALSE,AmeriFlux,AMF,v1.3,AMF_US-Ro5_FLUXNET_2017-2024_v1.3_r1.zip,10.17190/AMF/1818371,1.1475195822454307,FALSE,FALSE,FALSE
US-Ro6,30,753.4834333333333,4,922.38125,NA,NA,NA,48,0,1,766,879,FALSE,0.9836598346388165,0.8168893647104528,NA,0.8572052711414486,TRUE,FALSE,AmeriFlux,AMF,v1.3,AMF_US-Ro6_FLUXNET_2017-2024_v1.3_r1.zip,10.17190/AMF/1881590,1.1475195822454307,FALSE,FALSE,FALSE
US-Rpf,30,320.1290666666667,13,332.592,18,0.937,343.3313333333333,156,18,0.8846153846153846,321,450,FALSE,0.9972868120456906,0.9625278619650104,0.9324201888554692,0.711397925925926,FALSE,FALSE,AmeriFlux,AMF,v1.3,AMF_US-Rpf_FLUXNET_2008-2024_v1.3_r1.zip,10.17190/AMF/2229388,1.4018691588785046,FALSE,FALSE,TRUE
US-Rwe,30,1484.0106,5,1546.0078,60,4.236566666666667,1546.0078,60,60,0,463,800,FALSE,3.2052064794816415,0.9598985205637386,0.9598985205637386,1.85501325,FALSE,FALSE,AmeriFlux,AMF,v1.3,AMF_US-Rwe_FLUXNET_2003-2007_v1.3_r1.zip,10.17190/AMF/1871143,1.7278617710583153,FALSE,TRUE,TRUE
US-Rwf,30,1484.0106,7,1506.3335714285713,84,4.132892857142857,1506.3335714285713,84,84,0,449,505,FALSE,3.3051461024498887,0.9851805922327014,0.9851805922327014,2.9386348514851486,FALSE,FALSE,AmeriFlux,AMF,v1.3,AMF_US-Rwf_FLUXNET_2014-2023_v1.3_r1.zip,10.17190/AMF/1881591,1.1247216035634744,FALSE,FALSE,FALSE
US-Rws,30,1305.950466666667,7,1311.5402857142858,84,3.5994404761904764,1311.5402857142858,84,84,0,309,290,FALSE,4.226376914778856,0.9957379738094932,0.9957379738094932,4.503277471264368,FALSE,FALSE,AmeriFlux,AMF,v1.3,AMF_US-Rws_FLUXNET_2014-2023_v1.3_r1.zip,10.17190/AMF/1881592,0.9385113268608414,FALSE,FALSE,FALSE
US-SD1,30,960.3414666666666,NA,NA,NA,NA,NA,NA,NA,NA,970,946.16,FALSE,0.9900427491408934,NA,NA,1.014988444519602,TRUE,FALSE,AmeriFlux,AMF,v1.3,AMF_US-SD1_FLUXNET_2023-2025_v1.3_r1.zip,10.17190/AMF/3027381,0.9754226804123711,FALSE,FALSE,FALSE
US-SHC,30,844.1197,4,996.70175,8,5.148875,1847.5815,48,8,0.8333333333333334,825,827,FALSE,1.023175393939394,0.8469130309041797,0.45687819454784534,1.020700967351874,TRUE,FALSE,AmeriFlux,AMF,v1.3,AMF_US-SHC_FLUXNET_2017-2020_v1.3_r1.zip,10.17190/AMF/2571110,1.0024242424242424,TRUE,FALSE,FALSE
US-SP1,30,1706.5929666666666,21,1654.6109523809523,91,4.394945054945055,1609.0550769230772,252,91,0.6388888888888888,1307,1309.77,FALSE,1.3057329507778628,1.0314164572710662,1.0606181175165903,1.3029714886328645,FALSE,FALSE,AmeriFlux,AMF,v1.3,AMF_US-SP1_FLUXNET_2000-2020_v1.3_r1.zip,10.17190/AMF/2469470,1.0021193573068095,TRUE,FALSE,FALSE
US-SRC,30,327.47316666666666,7,297.53242857142857,8,1.70425,624.1995000000001,84,8,0.9047619047619048,395,330,FALSE,0.8290459915611814,1.1006301674039212,0.5246290115046017,0.9923429292929292,TRUE,FALSE,AmeriFlux,AMF,v1.3,AMF_US-SRC_FLUXNET_2008-2014_v1.3_r1.zip,10.17190/AMF/1871145,0.8354430379746836,FALSE,FALSE,FALSE
US-SRG,30,434.6741,13,411.3008461538462,2,0.762,272.18399999999997,156,2,0.9871794871794872,566,420,FALSE,0.7679754416961131,1.0568276337496547,1.5969862299033009,1.0349383333333333,TRUE,FALSE,AmeriFlux,AMF,v1.3,AMF_US-SRG_FLUXNET_2008-2025_v1.3_r1.zip,10.17190/AMF/2204877,0.7420494699646644,FALSE,FALSE,FALSE
US-SRM,30,378.2395,17,350.10229411764703,NA,NA,NA,204,0,1,474,380,FALSE,0.7979736286919832,1.080368527584963,NA,0.995367105263158,TRUE,FALSE,AmeriFlux,AMF,v1.3,AMF_US-SRM_FLUXNET_2004-2025_v1.3_r1.zip,10.17190/AMF/2475756,0.8016877637130801,FALSE,FALSE,FALSE
US-SRS,30,409.9934,8,403.030875,4,0.22625,79.44,96,4,0.9583333333333334,474,388,FALSE,0.8649649789029537,1.0172754134531257,5.161044813695871,1.0566840206185568,TRUE,FALSE,AmeriFlux,AMF,v1.3,AMF_US-SRS_FLUXNET_2011-2018_v1.3_r1.zip,10.17190/AMF/2204878,0.8185654008438819,FALSE,FALSE,FALSE
US-SSH,30,934.9181666666668,5,1106.3652,NA,NA,NA,60,0,1,989,1050,FALSE,0.9453166498146276,0.8450357681773313,NA,0.890398253968254,TRUE,FALSE,AmeriFlux,AMF,v1.3,AMF_US-SSH_FLUXNET_2016-2021_v1.3_r1.zip,10.17190/AMF/2469471,1.0616784630940344,FALSE,FALSE,TRUE
US-Sag,30,22.827066666666667,1,29.215,8,0.049875,18.295499999999997,12,8,0.33333333333333337,179,121,FALSE,0.12752551210428306,0.7813474813166752,1.247687500569357,0.1886534435261708,TRUE,FALSE,AmeriFlux,AMF,v1.3,AMF_US-Sag_FLUXNET_1996-1996_v1.3_r1.zip,10.17190/AMF/2571113,0.6759776536312849,FALSE,FALSE,FALSE
US-Seg,30,252.56323333333333,14,229.2787142857143,19,0.6377894736842106,234.4642105263158,168,19,0.8869047619047619,255,273.304,FALSE,0.9904440522875816,1.1015555199712224,1.0771931151726293,0.924111002156329,FALSE,FALSE,AmeriFlux,AMF,v1.3,AMF_US-Seg_FLUXNET_2007-2025_v1.3_r1.zip,10.17190/AMF/1984572,1.0717803921568627,FALSE,FALSE,FALSE
US-Ses,30,253.19693333333333,14,215.72985714285716,13,0.5239230769230769,191.196,168,13,0.9226190476190476,248,275.082,FALSE,1.020955376344086,1.173675895801782,1.324279447966136,0.9204416622437432,FALSE,FALSE,AmeriFlux,AMF,v1.3,AMF_US-Ses_FLUXNET_2007-2025_v1.3_r1.zip,10.17190/AMF/1984573,1.1092016129032258,FALSE,FALSE,FALSE
US-Slt,30,1059.4663,16,1096.34725,72,3.1406666666666667,1147.9741666666666,192,72,0.625,1162,1138,FALSE,0.9117610154905336,0.9663601564194192,0.9229008202129984,0.930989718804921,FALSE,FALSE,AmeriFlux,AMF,v1.3,AMF_US-Slt_FLUXNET_2005-2022_v1.3_r1.zip,10.17190/AMF/2571104,0.9793459552495697,FALSE,FALSE,FALSE
US-Sne,30,338.2771666666667,5,355.589,4,2.0145,743.967,60,4,0.9333333333333332,340,311,FALSE,0.9949328431372548,0.9513150481782808,0.45469377898034014,1.087707931404073,TRUE,FALSE,AmeriFlux,AMF,v1.3,AMF_US-Sne_FLUXNET_2016-2020_v1.3_r1.zip,10.17190/AMF/1871144,0.9147058823529411,FALSE,FALSE,FALSE
US-Srr,30,1963.2860333333333,4,1973.8805,48,5.4573125000000005,1973.8805,48,48,0,530,326,FALSE,3.704313270440251,0.99463267068768,0.9946326706876802,6.022349795501023,FALSE,FALSE,AmeriFlux,AMF,v1.3,AMF_US-Srr_FLUXNET_2014-2017_v1.3_r1.zip,10.17190/AMF/2229389,0.6150943396226415,FALSE,FALSE,FALSE
US-StJ,30,564.8426,6,640.5518333333333,NA,NA,NA,72,0,1,1133,1121,FALSE,0.49853715798764336,0.8818062342599908,NA,0.5038738626226583,TRUE,FALSE,AmeriFlux,AMF,v1.3,AMF_US-StJ_FLUXNET_2015-2020_v1.3_r1.zip,10.17190/AMF/2229390,0.9894086496028244,TRUE,FALSE,FALSE
US-Syv,30,3158.2599666666665,20,3175.6881,240,8.680029166666667,3175.6881,240,240,0,836,826,FALSE,3.777822926634769,0.9945120135276088,0.9945120135276088,3.823559281678773,FALSE,FALSE,AmeriFlux,AMF,v1.3,AMF_US-Syv_FLUXNET_2001-2025_v1.3_r1.zip,10.17190/AMF/2204879,0.9880382775119617,TRUE,FALSE,FALSE
US-TKs,30,216.66003333333333,3,273.61766666666665,1,0.212,78.864,36,1,0.9722222222222222,236,316,FALSE,0.918050988700565,0.7918349570507752,2.7472615303983225,0.6856330168776371,TRUE,FALSE,AmeriFlux,AMF,v1.3,AMF_US-TKs_FLUXNET_2018-2025_v1.3_r1.zip,10.17190/AMF/3027378,1.3389830508474576,FALSE,FALSE,FALSE
US-TLR,30,1.0004666666666666,NA,NA,NA,NA,NA,NA,NA,NA,1276,469.4,FALSE,7.840647857889236e-4,NA,NA,0.00213137338446243,TRUE,FALSE,AmeriFlux,AMF,v1.3,AMF_US-TLR_FLUXNET_2024-2024_v1.3_r1.zip,10.17190/AMF/3027363,0.3678683385579937,FALSE,FALSE,FALSE
US-TaS,30,3536.1759333333334,4,4573.9965,48,12.486875,4573.9965,48,48,0,1257,986.8,FALSE,2.813186900026518,0.7731042062085822,0.7731042062085822,3.58347784083232,FALSE,FALSE,AmeriFlux,AMF,v1.3,AMF_US-TaS_FLUXNET_2017-2023_v1.3_r1.zip,10.17190/AMF/3365274,0.7850437549721558,FALSE,FALSE,FALSE
US-Ton,30,607.5981333333333,20,578.5534,240,1.5922791666666667,578.5534,240,240,0,623,559,FALSE,0.9752779026217228,1.0502023379921943,1.0502023379921943,1.0869376267143709,FALSE,FALSE,AmeriFlux,AMF,v1.3,AMF_US-Ton_FLUXNET_2001-2025_v1.3_r1.zip,10.17190/AMF/2204880,0.8972712680577849,FALSE,FALSE,FALSE
US-Tw1,30,1717.7816666666663,10,1555.629,120,4.285516666666666,1555.629,120,120,0,370,421,FALSE,4.6426531531531525,1.1042360785680048,1.1042360785680048,4.080241488519398,FALSE,FALSE,AmeriFlux,AMF,v1.3,AMF_US-Tw1_FLUXNET_2011-2023_v1.3_r1.zip,10.17190/AMF/1832165,1.1378378378378378,FALSE,FALSE,FALSE
US-Tw2,30,1717.7816666666663,2,1179.8655,24,3.2242916666666668,1179.8655,24,24,0,370,421,FALSE,4.6426531531531525,1.4559131245609491,1.455913124560949,4.080241488519398,FALSE,FALSE,AmeriFlux,AMF,v1.3,AMF_US-Tw2_FLUXNET_2012-2013_v1.3_r1.zip,10.17190/AMF/1881593,1.1378378378378378,FALSE,FALSE,FALSE
US-Tw3,30,265.85970000000003,6,232.09633333333332,58,0.6925172413793104,251.04703448275865,72,58,0.1944444444444444,370,421,FALSE,0.7185397297297298,1.1454713488221129,1.0590035470753936,0.6314957244655582,FALSE,FALSE,AmeriFlux,AMF,v1.3,AMF_US-Tw3_FLUXNET_2013-2018_v1.3_r1.zip,10.17190/AMF/1881594,1.1378378378378378,FALSE,FALSE,FALSE
US-Tw4,30,366.24593333333337,8,334.842375,10,0.2421,88.236,96,10,0.8958333333333334,370,421,FALSE,0.989853873873874,1.0937860936308714,4.1507540384121375,0.8699428345209819,TRUE,FALSE,AmeriFlux,AMF,v1.3,AMF_US-Tw4_FLUXNET_2013-2024_v1.3_r1.zip,10.17190/AMF/2204881,1.1378378378378378,FALSE,FALSE,FALSE
US-Tw5,30,1717.7816666666663,2,1974.0335,24,5.4442916666666665,1974.0335,24,24,0,370,421,FALSE,4.6426531531531525,0.8701887109143116,0.8701887109143115,4.080241488519398,FALSE,FALSE,AmeriFlux,AMF,v1.3,AMF_US-Tw5_FLUXNET_2018-2019_v1.3_r1.zip,10.17190/AMF/1881595,1.1378378378378378,FALSE,FALSE,FALSE
US-Twt,30,373.8043666666667,9,359.49733333333336,11,0.6706363636363637,234.5792727272727,108,11,0.8981481481481481,370,421,FALSE,1.0102820720720722,1.0397973281211172,1.5935097859275074,0.8878963578780681,TRUE,FALSE,AmeriFlux,AMF,v1.3,AMF_US-Twt_FLUXNET_2009-2017_v1.3_r1.zip,10.17190/AMF/2571105,1.1378378378378378,FALSE,FALSE,FALSE
US-UC1,30,1084.6863666666668,2,1086.9025,4,3.158,1128.156,24,4,0.8333333333333334,1010,1006.35,FALSE,1.073946897689769,0.9979610559978166,0.961468419852101,1.0778420695251818,TRUE,FALSE,AmeriFlux,AMF,v1.3,AMF_US-UC1_FLUXNET_2019-2024_v1.3_r1.zip,10.17190/AMF/2469472,0.9963861386138614,TRUE,FALSE,FALSE
US-UC2,30,1036.5163666666667,2,1016.2795,4,3.01775,1078.0500000000002,24,4,0.8333333333333334,1009,1006.35,FALSE,1.02727092831186,1.0199126979011843,0.9614733701281634,1.0299760189463574,TRUE,FALSE,AmeriFlux,AMF,v1.3,AMF_US-UC2_FLUXNET_2019-2024_v1.3_r1.zip,10.17190/AMF/2469473,0.9973736372646185,TRUE,FALSE,FALSE
US-UMd,30,3229.198833333334,14,3326.909,168,9.092166666666667,3326.9089999999997,168,168,0,793,803,FALSE,4.072129676334594,0.9706303458655868,0.9706303458655868,4.021418223329182,FALSE,FALSE,AmeriFlux,AMF,v1.3,AMF_US-UMd_FLUXNET_2007-2025_v1.3_r1.zip,10.17190/AMF/1881597,1.0126103404791928,TRUE,FALSE,FALSE
US-UTB,30,42.33186666666666,NA,NA,NA,NA,NA,NA,NA,NA,165,138.59,FALSE,0.25655676767676766,NA,NA,0.3054467614305986,TRUE,FALSE,AmeriFlux,AMF,v1.3,AMF_US-UTB_FLUXNET_2021-2023_v1.3_r1.zip,10.17190/AMF/2469474,0.839939393939394,FALSE,FALSE,FALSE
US-UTD,30,67.7812,NA,NA,NA,NA,NA,NA,NA,NA,271,215.65,FALSE,0.2501151291512915,NA,NA,0.3143111523301646,TRUE,FALSE,AmeriFlux,AMF,v1.3,AMF_US-UTD_FLUXNET_2023-2024_v1.3_r1.zip,10.17190/AMF/2571139,0.7957564575645757,FALSE,FALSE,FALSE
US-UTE,30,228.46273333333335,NA,NA,NA,NA,NA,NA,NA,NA,225,258.318,FALSE,1.015389925925926,NA,NA,0.884424365833327,TRUE,FALSE,AmeriFlux,AMF,v1.3,AMF_US-UTE_FLUXNET_2024-2025_v1.3_r1.zip,10.17190/AMF/2571151,1.14808,FALSE,FALSE,FALSE
US-UTJ,30,824.7116,NA,NA,NA,NA,NA,NA,NA,NA,212,196.85,FALSE,3.8901490566037737,NA,NA,4.189543307086614,TRUE,FALSE,AmeriFlux,AMF,v1.3,AMF_US-UTJ_FLUXNET_2024-2025_v1.3_r1.zip,10.17190/AMF/2571150,0.9285377358490565,FALSE,FALSE,FALSE
US-UTL,30,98.10723333333334,NA,NA,NA,NA,NA,NA,NA,NA,211,177,FALSE,0.4649631911532386,NA,NA,0.5542781544256121,TRUE,FALSE,AmeriFlux,AMF,v1.3,AMF_US-UTL_FLUXNET_2024-2025_v1.3_r1.zip,10.17190/AMF/3365276,0.8388625592417062,FALSE,FALSE,FALSE
US-UTM,30,73.7891,NA,NA,NA,NA,NA,NA,NA,NA,236,240.03,FALSE,0.31266567796610173,NA,NA,0.30741615631379415,TRUE,FALSE,AmeriFlux,AMF,v1.3,AMF_US-UTM_FLUXNET_2022-2024_v1.3_r1.zip,10.17190/AMF/3365272,1.0170762711864407,TRUE,FALSE,FALSE
US-UTP,30,285.49806666666666,NA,NA,NA,NA,NA,NA,NA,NA,436,419,FALSE,0.6548120795107033,NA,NA,0.6813796340493238,TRUE,FALSE,AmeriFlux,AMF,v1.3,AMF_US-UTP_FLUXNET_2024-2024_v1.3_r1.zip,10.17190/AMF/2571149,0.9610091743119266,FALSE,FALSE,FALSE
US-UTV,30,128.37,NA,NA,NA,NA,NA,NA,NA,NA,206,177,FALSE,0.6231553398058253,NA,NA,0.7252542372881357,TRUE,FALSE,AmeriFlux,AMF,v1.3,AMF_US-UTV_FLUXNET_2023-2025_v1.3_r1.zip,10.17190/AMF/2571143,0.8592233009708737,FALSE,FALSE,FALSE
US-UTW,30,822.7638333333333,NA,NA,NA,NA,NA,NA,NA,NA,228,225.22,FALSE,3.6086133040935673,NA,NA,3.6531561732232185,TRUE,FALSE,AmeriFlux,AMF,v1.3,AMF_US-UTW_FLUXNET_2021-2024_v1.3_r1.zip,10.17190/AMF/3027344,0.9878070175438597,TRUE,FALSE,FALSE
US-Uaf,30,258.19873333333334,18,263.247,NA,NA,NA,216,0,1,301,263,FALSE,0.8578031007751938,0.9808230799717882,NA,0.9817442332065908,TRUE,FALSE,AmeriFlux,AMF,v1.3,AMF_US-Uaf_FLUXNET_2003-2025_v1.3_r1.zip,10.17190/AMF/3027325,0.8737541528239202,FALSE,FALSE,FALSE
US-UiA,30,3837.7169,13,3941.58276923077,156,10.799826923076925,3941.58276923077,156,156,0,1015,1051,FALSE,3.781001871921182,0.9736486900537572,0.9736486900537572,3.6514908658420553,FALSE,FALSE,AmeriFlux,AMF,v1.3,AMF_US-UiA_FLUXNET_2008-2024_v1.3_r1.zip,10.17190/AMF/3027336,1.0354679802955664,FALSE,FALSE,FALSE
US-UiB,30,3837.7169,13,3941.58276923077,156,10.799826923076925,3941.58276923077,156,156,0,1015,1051,FALSE,3.781001871921182,0.9736486900537572,0.9736486900537572,3.6514908658420553,FALSE,FALSE,AmeriFlux,AMF,v1.3,AMF_US-UiB_FLUXNET_2008-2024_v1.3_r1.zip,10.17190/AMF/3027337,1.0354679802955664,FALSE,FALSE,FALSE
US-UiC,30,3837.7169,13,3941.58276923077,156,10.799826923076925,3941.58276923077,156,156,0,1015,1051,FALSE,3.781001871921182,0.9736486900537572,0.9736486900537572,3.6514908658420553,FALSE,FALSE,AmeriFlux,AMF,v1.3,AMF_US-UiC_FLUXNET_2008-2024_v1.3_r1.zip,10.17190/AMF/3027338,1.0354679802955664,FALSE,FALSE,FALSE
US-UiD,30,3837.7169,13,3941.58276923077,156,10.799826923076925,3941.58276923077,156,156,0,1015,1051,FALSE,3.781001871921182,0.9736486900537572,0.9736486900537572,3.6514908658420553,FALSE,FALSE,AmeriFlux,AMF,v1.3,AMF_US-UiD_FLUXNET_2008-2024_v1.3_r1.zip,10.17190/AMF/3027339,1.0354679802955664,FALSE,FALSE,FALSE
US-UiE,30,985.3755666666668,3,1074.1123333333333,5,3.2122,1149.2736,36,5,0.8611111111111112,1015,1021,FALSE,0.970813366174056,0.9173859531141528,0.8573898910291394,0.9651082925236696,TRUE,FALSE,AmeriFlux,AMF,v1.3,AMF_US-UiE_FLUXNET_2018-2024_v1.3_r1.zip,10.17190/AMF/3027347,1.005911330049261,TRUE,FALSE,FALSE
US-UiF,30,954.1183333333332,3,1067.6633333333334,6,3.2848333333333333,1176.796,36,6,0.8333333333333334,1015,1021,FALSE,0.9400180623973728,0.8936509324100294,0.8107763226025014,0.9344939601697682,TRUE,FALSE,AmeriFlux,AMF,v1.3,AMF_US-UiF_FLUXNET_2018-2023_v1.3_r1.zip,10.17190/AMF/3027351,1.005911330049261,TRUE,FALSE,FALSE
US-UiG,30,954.1183333333332,3,1067.6633333333334,6,3.2848333333333333,1176.796,36,6,0.8333333333333334,1015,1021,FALSE,0.9400180623973728,0.8936509324100294,0.8107763226025014,0.9344939601697682,TRUE,FALSE,AmeriFlux,AMF,v1.3,AMF_US-UiG_FLUXNET_2018-2023_v1.3_r1.zip,10.17190/AMF/3027352,1.005911330049261,TRUE,FALSE,FALSE
US-VT1,30,812.4177,NA,NA,NA,NA,NA,NA,NA,NA,973,1068.37,FALSE,0.8349616649537512,NA,NA,0.760427286426987,TRUE,FALSE,AmeriFlux,AMF,v1.3,AMF_US-VT1_FLUXNET_2023-2025_v1.3_r1.zip,10.17190/AMF/3027369,1.098016443987667,FALSE,FALSE,FALSE
US-VT2,30,810.1182666666667,NA,NA,NA,NA,NA,NA,NA,NA,973,1068.37,FALSE,0.8325984241178487,NA,NA,0.7582750046020262,TRUE,FALSE,AmeriFlux,AMF,v1.3,AMF_US-VT2_FLUXNET_2023-2025_v1.3_r1.zip,10.17190/AMF/3027370,1.098016443987667,FALSE,FALSE,FALSE
US-Var,30,584.9927333333334,21,560.029380952381,NA,NA,NA,252,0,1,640,559,FALSE,0.9140511458333334,1.0445750762906405,NA,1.0464986285032798,TRUE,FALSE,AmeriFlux,AMF,v1.3,AMF_US-Var_FLUXNET_2000-2025_v1.3_r1.zip,10.17190/AMF/1993904,0.8734375,FALSE,FALSE,FALSE
US-Vcm,30,538.4859666666666,14,499.28171428571426,65,1.4602,536.0464615384616,168,65,0.6130952380952381,700,646,FALSE,0.7692656666666666,1.0785213062269643,1.004550921054872,0.8335696078431372,FALSE,FALSE,AmeriFlux,AMF,v1.3,AMF_US-Vcm_FLUXNET_2007-2025_v1.3_r1.zip,10.17190/AMF/2229391,0.9228571428571428,FALSE,FALSE,FALSE
US-Vcp,30,505.1534,14,463.05357142857144,46,1.4029565217391304,515.3846086956522,168,46,0.7261904761904762,597,550,FALSE,0.8461530988274707,1.0909178357949942,0.980148400780641,0.9184607272727272,FALSE,FALSE,AmeriFlux,AMF,v1.3,AMF_US-Vcp_FLUXNET_2007-2025_v1.3_r1.zip,10.17190/AMF/2229392,0.9212730318257957,FALSE,FALSE,TRUE
US-WCr,30,687.0006666666667,22,701.2119545454545,NA,NA,NA,264,0,1,818,787,FALSE,0.8398541157294214,0.9797332492883696,NA,0.8729360440491317,TRUE,FALSE,AmeriFlux,AMF,v1.3,AMF_US-WCr_FLUXNET_1999-2025_v1.3_r1.zip,10.17190/AMF/3028955,0.9621026894865525,FALSE,FALSE,FALSE
US-WPT,30,812.0837,3,843.4626666666667,NA,NA,NA,36,0,1,882,849,FALSE,0.9207298185941044,0.9627974445025822,NA,0.9565179034157834,TRUE,FALSE,AmeriFlux,AMF,v1.3,AMF_US-WPT_FLUXNET_2011-2013_v1.3_r1.zip,10.17190/AMF/2229402,0.9625850340136054,FALSE,FALSE,FALSE
US-WT1,30,1763.8166333333334,NA,NA,NA,NA,NA,NA,NA,NA,491,482,FALSE,3.5922945689069925,NA,NA,3.65937060857538,TRUE,FALSE,AmeriFlux,AMF,v1.3,AMF_US-WT1_FLUXNET_2023-2024_v1.3_r1.zip,10.17190/AMF/3027361,0.9816700610997964,TRUE,FALSE,FALSE
US-Whs,30,310.37823333333336,14,294.7048571428571,5,0.4858,178.6968,168,5,0.9702380952380952,360,320,FALSE,0.8621617592592593,1.0531832978337328,1.7368986648520477,0.9699319791666668,TRUE,FALSE,AmeriFlux,AMF,v1.3,AMF_US-Whs_FLUXNET_2007-2025_v1.3_r1.zip,10.17190/AMF/1984574,0.8888888888888888,FALSE,FALSE,FALSE
US-Wjs,30,375.6472,14,330.93235714285714,5,0.919,335.99760000000003,168,5,0.9702380952380952,344,361,FALSE,1.0919976744186046,1.1351177722335577,1.118005604801939,1.0405739612188365,TRUE,FALSE,AmeriFlux,AMF,v1.3,AMF_US-Wjs_FLUXNET_2007-2025_v1.3_r1.zip,10.17190/AMF/1871146,1.0494186046511629,FALSE,FALSE,FALSE
US-Wkg,30,334.9805666666667,17,314.810705882353,4,0.94825,344.028,204,4,0.9803921568627452,410,407,FALSE,0.8170257723577236,1.0640698057830706,0.9737014622840776,0.8230480753480753,TRUE,FALSE,AmeriFlux,AMF,v1.3,AMF_US-Wkg_FLUXNET_2004-2025_v1.3_r1.zip,10.17190/AMF/1984575,0.9926829268292683,TRUE,FALSE,FALSE
US-ZF2,30,457.0007,NA,NA,NA,NA,NA,NA,NA,NA,963,914,FALSE,0.47455939771547245,NA,NA,0.5000007658643326,TRUE,FALSE,AmeriFlux,AMF,v1.3,AMF_US-ZF2_FLUXNET_2024-2025_v1.3_r1.zip,10.17190/AMF/3027365,0.9491173416407062,FALSE,FALSE,FALSE
US-xAB,30,2201.8873,2,2014.9255,NA,NA,NA,24,0,1,2372,2450.59,FALSE,0.9282830101180438,1.0927884430466537,NA,0.8985131335719152,TRUE,FALSE,AmeriFlux,AMF,v1.3,AMF_US-xAB_FLUXNET_2019-2024_v1.3_r1.zip,10.17190/AMF/2229403,1.0331323777403036,FALSE,FALSE,FALSE
US-xAE,30,790.6705000000001,2,877.8734999999999,12,1.7619166666666666,646.906,24,12,0.5,700,778.85,FALSE,1.1295292857142858,0.9006656426011266,1.22223398762726,1.0151768633241318,FALSE,FALSE,AmeriFlux,AMF,v1.3,AMF_US-xAE_FLUXNET_2019-2024_v1.3_r1.zip,10.17190/AMF/1985434,1.1126428571428573,FALSE,FALSE,FALSE
US-xBA,30,70.94716666666666,2,34.4865,5,0.1282,46.1904,24,5,0.7916666666666666,109,110,FALSE,0.6508914373088684,2.0572446222918144,1.5359721211911277,0.6449742424242424,TRUE,FALSE,AmeriFlux,AMF,v1.3,AMF_US-xBA_FLUXNET_2019-2024_v1.3_r1.zip,10.17190/AMF/2229404,1.0091743119266054,TRUE,FALSE,FALSE
US-xBL,30,1093.0072666666667,2,1234.1085,NA,NA,NA,24,0,1,991,982.55,FALSE,1.102933669693912,0.8856654554009366,NA,1.1124189778297968,TRUE,FALSE,AmeriFlux,AMF,v1.3,AMF_US-xBL_FLUXNET_2019-2024_v1.3_r1.zip,10.17190/AMF/2229405,0.991473259334006,TRUE,FALSE,FALSE
US-xBN,30,379.3319,2,458.5995,5,0.6292,227.7864,24,5,0.7916666666666666,329,275,FALSE,1.152984498480243,0.8271528861239491,1.6652965234096504,1.3793887272727272,TRUE,FALSE,AmeriFlux,AMF,v1.3,AMF_US-xBN_FLUXNET_2019-2024_v1.3_r1.zip,10.17190/AMF/2229406,0.8358662613981763,FALSE,FALSE,FALSE
US-xBR,30,1342.6421666666668,2,1300.7375,1,6.226,2316.072,24,1,0.9583333333333334,1233,1246,FALSE,1.0889230873208977,1.0322160825429163,0.5797065750402693,1.077561931514179,TRUE,FALSE,AmeriFlux,AMF,v1.3,AMF_US-xBR_FLUXNET_2019-2024_v1.3_r1.zip,10.17190/AMF/1881598,1.010543390105434,TRUE,FALSE,FALSE
US-xCL,30,947.5983333333334,2,943.354,6,2.6943333333333337,985.486,24,6,0.75,870,925.61,FALSE,1.0891934865900383,1.004499194717289,0.9615543329213538,1.023755505378435,TRUE,FALSE,AmeriFlux,AMF,v1.3,AMF_US-xCL_FLUXNET_2019-2024_v1.3_r1.zip,10.17190/AMF/1985435,1.063919540229885,FALSE,FALSE,FALSE
US-xCP,30,323.6106666666667,2,280.47299999999996,NA,NA,NA,24,0,1,367,320,FALSE,0.8817729336966396,1.1538032775585056,NA,1.0112833333333335,TRUE,FALSE,AmeriFlux,AMF,v1.3,AMF_US-xCP_FLUXNET_2019-2024_v1.3_r1.zip,10.17190/AMF/1985436,0.8719346049046321,FALSE,FALSE,FALSE
US-xDC,30,377.5992,2,418.9215,NA,NA,NA,24,0,1,438,489.74,FALSE,0.8620986301369863,0.901360278715702,NA,0.7710197247519092,TRUE,FALSE,AmeriFlux,AMF,v1.3,AMF_US-xDC_FLUXNET_2019-2024_v1.3_r1.zip,10.17190/AMF/1985437,1.1181278538812787,FALSE,FALSE,FALSE
US-xDJ,30,239.51666666666668,2,314.29100000000005,5,1.2588,463.2240000000001,24,5,0.7916666666666666,290,300,FALSE,0.8259195402298851,0.7620856679531601,0.5170644583757894,0.7983888888888889,TRUE,FALSE,AmeriFlux,AMF,v1.3,AMF_US-xDJ_FLUXNET_2019-2024_v1.3_r1.zip,10.17190/AMF/2229407,1.0344827586206897,FALSE,TRUE,TRUE
US-xDL,30,1300.6067,2,1517.5725000000002,NA,NA,NA,24,0,1,1402,1372,FALSE,0.9276795292439372,0.8570310149926939,NA,0.9479640670553936,TRUE,FALSE,AmeriFlux,AMF,v1.3,AMF_US-xDL_FLUXNET_2019-2024_v1.3_r1.zip,10.17190/AMF/1985438,0.978601997146933,FALSE,FALSE,FALSE
US-xDS,30,1150.9070666666669,2,1371.67,NA,NA,NA,24,0,1,1221,1216.09,FALSE,0.94259383019383,0.8390553607403141,NA,0.9463995811713498,TRUE,FALSE,AmeriFlux,AMF,v1.3,AMF_US-xDS_FLUXNET_2019-2024_v1.3_r1.zip,10.17190/AMF/1985439,0.9959787059787059,TRUE,FALSE,FALSE
US-xGR,30,1378.7163666666663,2,1617.9105,1,5.337,1921.3199999999997,24,1,0.9583333333333334,1367,1375,FALSE,1.008570860765667,0.8521586123995527,0.7175880991540539,1.002702812121212,TRUE,FALSE,AmeriFlux,AMF,v1.3,AMF_US-xGR_FLUXNET_2019-2024_v1.3_r1.zip,10.17190/AMF/1985440,1.005852231163131,TRUE,FALSE,FALSE
US-xHE,30,256.2087,2,355.9375,7,0.5352857142857143,195.25371428571427,24,7,0.7083333333333333,419,320,FALSE,0.6114766109785204,0.7198137313432836,1.3121834887355357,0.8006521875000001,TRUE,FALSE,AmeriFlux,AMF,v1.3,AMF_US-xHE_FLUXNET_2019-2024_v1.3_r1.zip,10.17190/AMF/1985442,0.7637231503579952,FALSE,FALSE,FALSE
US-xJE,30,1203.044,2,1280.4019999999998,NA,NA,NA,24,0,1,1355,1307.97,FALSE,0.8878553505535056,0.9395830372023788,NA,0.919779505646154,TRUE,FALSE,AmeriFlux,AMF,v1.3,AMF_US-xJE_FLUXNET_2019-2024_v1.3_r1.zip,10.17190/AMF/1985443,0.9652915129151292,FALSE,FALSE,FALSE
US-xJR,30,203.24796666666663,2,177.912,8,0.43925,160.9755,24,8,0.6666666666666667,273,271.33,FALSE,0.7444980463980464,1.1424072949922808,1.2626018659154137,0.7490803326822197,TRUE,FALSE,AmeriFlux,AMF,v1.3,AMF_US-xJR_FLUXNET_2019-2024_v1.3_r1.zip,10.17190/AMF/2229408,0.9938827838827838,TRUE,FALSE,FALSE
US-xKZ,30,891.7298333333333,2,925.799,1,3.59,1335.48,24,1,0.9583333333333334,892,870.38,FALSE,0.9996971225710016,0.9632002554910228,0.6677223420293328,1.0245293243564113,TRUE,FALSE,AmeriFlux,AMF,v1.3,AMF_US-xKZ_FLUXNET_2019-2024_v1.3_r1.zip,10.17190/AMF/1985445,0.975762331838565,FALSE,FALSE,FALSE
US-xLE,30,1463.2431,2,1645.2525,4,4.309,1574.439,24,4,0.8333333333333334,1513,1386.24,FALSE,0.9671137475214804,0.8893729685868885,0.9293742723598692,1.0555481734764542,TRUE,FALSE,AmeriFlux,AMF,v1.3,AMF_US-xLE_FLUXNET_2019-2024_v1.3_r1.zip,10.17190/AMF/3027333,0.9162194315928619,FALSE,FALSE,FALSE
US-xMB,30,192.30396666666667,2,164.2035,1,0.386,143.592,24,1,0.9583333333333334,306,319.46,FALSE,0.6284443355119825,1.171131959225392,1.3392387226772149,0.6019657129739769,TRUE,FALSE,AmeriFlux,AMF,v1.3,AMF_US-xMB_FLUXNET_2019-2024_v1.3_r1.zip,10.17190/AMF/1985446,1.043986928104575,FALSE,FALSE,FALSE
US-xML,30,1361.8994666666667,2,1745.7510000000002,2,4.4239999999999995,1620.216,24,2,0.9166666666666666,1122,1227.82,FALSE,1.2138141414141417,0.7801224038632466,0.8405666075798948,1.1092012401383482,TRUE,FALSE,AmeriFlux,AMF,v1.3,AMF_US-xML_FLUXNET_2019-2024_v1.3_r1.zip,10.17190/AMF/1985447,1.094313725490196,FALSE,FALSE,FALSE
US-xNG,30,336.91363333333334,2,100.90099999999998,10,0.4914,180.5424,24,10,0.5833333333333333,428,456.51,FALSE,0.7871813862928349,3.339051479503012,1.866119168313556,0.7380202697275708,TRUE,FALSE,AmeriFlux,AMF,v1.3,AMF_US-xNG_FLUXNET_2019-2024_v1.3_r1.zip,10.17190/AMF/1985448,1.0666121495327103,FALSE,FALSE,FALSE
US-xNQ,30,233.8227,2,210.9705,2,0.33599999999999997,123.288,24,2,0.9166666666666666,297,288.31,FALSE,0.7872818181818182,1.1083194095857003,1.8965568425150865,0.8110114113280843,TRUE,FALSE,AmeriFlux,AMF,v1.3,AMF_US-xNQ_FLUXNET_2019-2024_v1.3_r1.zip,10.17190/AMF/1985449,0.9707407407407408,FALSE,FALSE,FALSE
US-xNW,30,1610.8974333333333,2,1547.912,14,5.209714285714286,1903.680857142857,24,14,0.41666666666666663,623,1004.54,FALSE,2.585710165864098,1.0406905775866673,0.8462014141125797,1.6036170120984066,FALSE,FALSE,AmeriFlux,AMF,v1.3,AMF_US-xNW_FLUXNET_2019-2024_v1.3_r1.zip,10.17190/AMF/2571112,1.6124237560192616,FALSE,FALSE,FALSE
US-xPU,30,2372.7130666666667,2,2782.9260000000004,6,11.061833333333334,3856.228000000001,24,6,0.75,2155,2685,FALSE,1.1010269450889405,0.8525965356846235,0.615293770665704,0.8836920173805091,TRUE,FALSE,AmeriFlux,AMF,v1.3,AMF_US-xPU_FLUXNET_2019-2024_v1.3_r1.zip,10.17190/AMF/3010289,1.245939675174014,FALSE,FALSE,FALSE
US-xRM,30,416.0914333333333,2,416.7435,1,0.345,128.33999999999995,24,1,0.9583333333333334,548,730.59,FALSE,0.7592909367396593,0.99843532852542,3.2421024881824327,0.5695279614193095,TRUE,FALSE,AmeriFlux,AMF,v1.3,AMF_US-xRM_FLUXNET_2019-2024_v1.3_r1.zip,10.17190/AMF/1985450,1.3331934306569344,FALSE,FALSE,FALSE
US-xRN,30,1545.3926666666666,2,1775.1169999999995,NA,NA,NA,24,0,1,1220,1340.32,FALSE,1.266715300546448,0.8705863707387552,NA,1.1530027655087345,TRUE,FALSE,AmeriFlux,AMF,v1.3,AMF_US-xRN_FLUXNET_2019-2024_v1.3_r1.zip,10.17190/AMF/2571119,1.098622950819672,FALSE,FALSE,FALSE
US-xSB,30,1101.3257666666666,2,1099.0415000000005,NA,NA,NA,24,0,1,1290,1302.09,FALSE,0.8537409043927648,1.0020784171177033,NA,0.8458138582330459,TRUE,FALSE,AmeriFlux,AMF,v1.3,AMF_US-xSB_FLUXNET_2019-2024_v1.3_r1.zip,10.17190/AMF/1985451,1.0093720930232557,TRUE,FALSE,FALSE
US-xSC,30,1040.1001666666666,2,1110.1445,NA,NA,NA,24,0,1,1027,1125.5,FALSE,1.0127557611165203,0.936905210688038,NA,0.9241227602547016,TRUE,FALSE,AmeriFlux,AMF,v1.3,AMF_US-xSC_FLUXNET_2019-2024_v1.3_r1.zip,10.17190/AMF/2229409,1.0959104186952289,FALSE,FALSE,FALSE
US-xSE,30,1121.9486333333334,2,1433.2804999999998,6,3.3965,1255.222,24,6,0.75,1104,1074.65,FALSE,1.0162578200483092,0.7827837142369086,0.8938248639151747,1.0440130585151757,TRUE,FALSE,AmeriFlux,AMF,v1.3,AMF_US-xSE_FLUXNET_2019-2024_v1.3_r1.zip,10.17190/AMF/1985452,0.9734148550724638,FALSE,FALSE,FALSE
US-xSJ,30,421.1263666666667,2,375.0255000000001,NA,NA,NA,24,0,1,542,539.62,FALSE,0.7769859163591636,1.1229272853890375,NA,0.7804128213681233,TRUE,FALSE,AmeriFlux,AMF,v1.3,AMF_US-xSJ_FLUXNET_2019-2024_v1.3_r1.zip,10.17190/AMF/2229410,0.9956088560885609,TRUE,FALSE,FALSE
US-xSL,30,416.76616666666666,2,241.4995,4,0.6875,253.071,24,4,0.8333333333333334,429,432.67,FALSE,0.971482905982906,1.725743393533596,1.646834946187697,0.9632425790248148,TRUE,FALSE,AmeriFlux,AMF,v1.3,AMF_US-xSL_FLUXNET_2019-2024_v1.3_r1.zip,10.17190/AMF/2229411,1.0085547785547786,TRUE,FALSE,FALSE
US-xSP,30,568.4881,2,599.471,NA,NA,NA,24,0,1,842,900.35,FALSE,0.6751640142517815,0.9483162655074224,NA,0.631407896928972,TRUE,FALSE,AmeriFlux,AMF,v1.3,AMF_US-xSP_FLUXNET_2019-2024_v1.3_r1.zip,10.17190/AMF/3028956,1.0692992874109264,FALSE,FALSE,FALSE
US-xSR,30,313.45043333333336,2,275.8435,2,0.318,117.228,24,2,0.9166666666666666,395,346,FALSE,0.7935454008438819,1.136334310336598,2.673852947532444,0.9059261078998074,TRUE,FALSE,AmeriFlux,AMF,v1.3,AMF_US-xSR_FLUXNET_2019-2024_v1.3_r1.zip,10.17190/AMF/1985453,0.8759493670886076,FALSE,FALSE,FALSE
US-xST,30,727.1521333333334,2,847.355,5,2.5538,936.6264,24,5,0.7916666666666666,803,797.56,FALSE,0.905544375259444,0.8581434385037362,0.7763523784225316,0.9117209154588162,TRUE,FALSE,AmeriFlux,AMF,v1.3,AMF_US-xST_FLUXNET_2019-2024_v1.3_r1.zip,10.17190/AMF/1985454,0.993225404732254,TRUE,FALSE,FALSE
US-xTE,30,555.1969,2,555.407,11,2.276727272727273,810.0916363636363,24,11,0.5416666666666667,831,1222.5,FALSE,0.6681069795427197,0.99962171884762,0.6853507369761087,0.4541487934560328,TRUE,FALSE,AmeriFlux,AMF,v1.3,AMF_US-xTE_FLUXNET_2019-2024_v1.3_r1.zip,10.17190/AMF/3027334,1.4711191335740073,FALSE,FALSE,FALSE
US-xTL,30,367.4055333333333,2,398.899,NA,NA,NA,24,0,1,239,331,FALSE,1.5372616457461643,0.9210490207629836,NA,1.1099865055387714,TRUE,FALSE,AmeriFlux,AMF,v1.3,AMF_US-xTL_FLUXNET_2019-2024_v1.3_r1.zip,10.17190/AMF/2469475,1.3849372384937237,FALSE,FALSE,FALSE
US-xTR,30,682.6325,2,787.9545,8,2.78375,1019.5755,24,8,0.6666666666666667,803,797.56,FALSE,0.8501027397260275,0.8663349216230125,0.6695261900663562,0.8559011234264507,TRUE,FALSE,AmeriFlux,AMF,v1.3,AMF_US-xTR_FLUXNET_2019-2024_v1.3_r1.zip,10.17190/AMF/1985456,0.993225404732254,TRUE,FALSE,FALSE
US-xUK,30,926.3591666666666,2,1037.5649999999998,NA,NA,NA,24,0,1,998,990.63,FALSE,0.9282155978623914,0.8928203694868917,NA,0.9351212528054538,TRUE,FALSE,AmeriFlux,AMF,v1.3,AMF_US-xUK_FLUXNET_2019-2024_v1.3_r1.zip,10.17190/AMF/1985457,0.9926152304609218,TRUE,FALSE,FALSE
US-xUN,30,659.0398333333334,2,842.7845,NA,NA,NA,24,0,1,843,802.3,FALSE,0.7817791617240016,0.7819790626587619,NA,0.8214381569653912,TRUE,FALSE,AmeriFlux,AMF,v1.3,AMF_US-xUN_FLUXNET_2019-2024_v1.3_r1.zip,10.17190/AMF/1985458,0.9517200474495847,FALSE,FALSE,FALSE
US-xWD,30,560.4637333333334,2,539.0805,2,0.973,342.51599999999996,24,2,0.9166666666666666,423,493.76,FALSE,1.324973364854216,1.039666122839415,1.6363140213401226,1.1350934327068485,TRUE,FALSE,AmeriFlux,AMF,v1.3,AMF_US-xWD_FLUXNET_2019-2024_v1.3_r1.zip,10.17190/AMF/2229412,1.1672813238770685,FALSE,FALSE,FALSE
US-xWR,30,2135.3224333333333,2,1926.2605,2,8.183,2862.87,24,2,0.9166666666666666,1966,2225.01,FALSE,1.086125347575449,1.108532534064491,0.7458677597422633,0.959691162436723,TRUE,FALSE,AmeriFlux,AMF,v1.3,AMF_US-xWR_FLUXNET_2019-2024_v1.3_r1.zip,10.17190/AMF/2571118,1.1317446592065108,FALSE,FALSE,FALSE
US-xYE,30,488.4209333333333,2,466.3615,2,1.9145,666.69,24,2,0.9166666666666666,590,493.44,FALSE,0.8278320903954802,1.0473011458564512,0.732605758798442,0.9898284154777344,TRUE,FALSE,AmeriFlux,AMF,v1.3,AMF_US-xYE_FLUXNET_2019-2024_v1.3_r1.zip,10.17190/AMF/1985459,0.8363389830508474,FALSE,FALSE,FALSE
VU-Coc,30,2593.5981,4,2406.94075,11,7.0590909090909095,2553.3043636363636,48,11,0.7708333333333334,2897,2763,FALSE,0.8952703141180532,1.077549623936526,1.0157810157447311,0.9386891422366992,TRUE,FALSE,ICOS,FLX,v1.3,FLX_VU-Coc_FLUXNET_2001-2004_v1.3_r1.zip,PrWE9DMXpEen7ZyDmWcJ1EnX,0.9537452537107353,FALSE,FALSE,FALSE
ZA-BfK,30,479.7237666666667,1,565.603,4,1.35325,481.443,12,4,0.6666666666666667,440,441,FALSE,1.090281287878788,0.8481634055453502,0.9964289992100138,1.0878089947089948,TRUE,FALSE,ICOS,SAEON,v1.3,SAEON_ZA-BfK_FLUXNET_2020-2024_v1.3_r1.zip,L3b447DFrFAeO56M1P7eueuq,1.0022727272727272,TRUE,FALSE,FALSE
ZA-BfS,30,393.1416,1,620.7079999999999,2,2.3065,821.8739999999999,12,2,0.8333333333333334,437,445,FALSE,0.899637528604119,0.6333760802180738,0.4783477759364575,0.8834642696629215,TRUE,FALSE,ICOS,SAEON,v1.3,SAEON_ZA-BfS_FLUXNET_2020-2024_v1.3_r1.zip,7D87eYcefMtCZ131SjGfAEvu,1.0183066361556063,TRUE,FALSE,FALSE
ZA-Jks,30,1747.7135,NA,NA,NA,NA,NA,NA,NA,NA,839,1029,FALSE,2.083091179976162,NA,NA,1.698458211856171,TRUE,FALSE,ICOS,SAEON,v1.3,SAEON_ZA-Jks_FLUXNET_2024-2024_v1.3_r1.zip,pJ8V89PtIUTciotXGRT7PLki,1.2264600715137068,FALSE,FALSE,FALSE
ZA-Spk,30,461.5525666666667,NA,NA,NA,NA,NA,NA,NA,NA,801,822,FALSE,0.5762204327923429,NA,NA,0.5614994728304947,TRUE,FALSE,ICOS,SAEON,v1.3,SAEON_ZA-Spk_FLUXNET_2023-2024_v1.3_r1.zip,9DBU3ZCobRStxNAcLBAZVtok,1.0262172284644195,FALSE,FALSE,FALSE
ZA-Uby,30,1091.3175333333334,NA,NA,NA,NA,NA,NA,NA,NA,793,872,FALSE,1.3761885666246323,NA,NA,1.2515109327217129,TRUE,FALSE,ICOS,SAEON,v1.3,SAEON_ZA-Uby_FLUXNET_2023-2024_v1.3_r1.zip,STLJfs_nkGgsI6sPzHNIgYE0,1.0996216897856241,FALSE,FALSE,FALSE
ZM-Mon,30,503.8849666666667,3,585.137,13,1.318,479.36215384615383,36,13,0.6388888888888888,877,945,FALSE,0.5745552641581148,0.8611401546418476,1.0511571733891685,0.5332116049382716,FALSE,FALSE,ICOS,EUF,v1.3,EUF_ZM-Mon_FLUXNET_2007-2009_v1.3_r1.zip,CjQxQ-dZrlyJEZPXAaFSepVI,1.0775370581527937,FALSE,FALSE,FALSE
